time_s,phase,phase_elapsed_s,cmd_x,cmd_y,cmd_yaw,gyro_x,gyro_y,gyro_z,accel_x,accel_y,accel_z,joint_vel_abs_max,action_abs_max,action_saturation_frac,target_delta_abs_max,left_contact,right_contact,min_voltage,sum_abs_current,obs_finite,action_finite,missed_deadline
0.00016450881958007812,stand_pre,0.00016450881958007812,0.0,0.0,0.0,-1.748601744341819,-0.006544984694978736,1.2522737383059315,-1.9000000000000001,-4.63,5.58,0.0,0.7608981728553772,0.0,0.09130778163671494,1.0,1.0,7.5,0.129,True,True,True
0.023105144500732422,stand_pre,0.023105144500732422,0.0,0.0,0.0,-1.5609788497524284,0.24870941840919197,1.7191493132144147,-2.25,-1.75,5.92,0.0,0.9029038548469543,0.0,0.03739662398584187,1.0,1.0,7.5,0.129,True,True,False
0.043631553649902344,stand_pre,0.043631553649902344,0.0,0.0,0.0,0.1461713248545251,0.013089969389957472,-0.004363323129985824,-0.19,-0.27,9.23,0.307,0.906055212020874,0.0,0.056801668368279934,1.0,1.0,7.5,0.129,True,True,False
0.06406044960021973,stand_pre,0.06406044960021973,0.0,0.0,0.0,0.14508049407202864,0.006544984694978736,-0.00545415391248228,-0.16,-0.25,9.18,0.9210000000000002,0.9648261666297913,0.07142857142857142,0.028576618060469627,1.0,1.0,7.5,0.129,True,True,False
0.08460879325866699,stand_pre,0.08460879325866699,0.0,0.0,0.0,0.00545415391248228,-0.00545415391248228,-0.00545415391248228,-0.03,-0.33,8.700000000000001,1.074,0.9702578186988831,0.07142857142857142,0.035215029492974274,1.0,1.0,7.5,0.129,True,True,False
0.10503959655761719,stand_pre,0.10503959655761719,0.0,0.0,0.0,0.11562806294462433,-0.07963064712224129,-0.09272061651219876,-0.26,1.59,8.67,0.9970000000000001,0.9852254390716553,0.07142857142857142,0.05885942839086056,1.0,1.0,7.5,0.129,True,True,False
0.12549042701721191,stand_pre,0.12549042701721191,0.0,0.0,0.0,0.1407171709420428,-0.20616701789183017,-0.8443030256522569,-0.26,1.59,8.67,0.844,0.9564815759658813,0.07142857142857142,0.08780856803059578,1.0,1.0,7.5,0.129,True,True,False
0.1459047794342041,stand_pre,0.1459047794342041,0.0,0.0,0.0,0.4308781590861001,-0.055632369907319255,-1.2140946609185554,-0.27,-0.62,6.91,0.614,0.8031794428825378,0.0,0.08401789097115397,1.0,1.0,7.5,0.129,True,True,False
0.16627192497253418,stand_pre,0.16627192497253418,0.0,0.0,0.0,0.6032294227205401,-0.25743606466916363,-1.4148075248979033,-0.27,-0.62,6.91,1.074,0.7244218587875366,0.0,0.04338230472058058,1.0,1.0,7.5,0.129,True,True,False
0.18668389320373535,stand_pre,0.18668389320373535,0.0,0.0,0.0,0.7406741013150936,-0.09272061651219876,-1.4398966328953218,-0.27,-0.62,6.91,0.9210000000000002,0.8947809338569641,0.0,0.032979756593704224,1.0,0.0,7.5,0.129,True,True,False
0.207258939743042,stand_pre,0.207258939743042,0.0,0.0,0.0,0.39051742013373125,-0.15162547876700738,-1.6144295580947547,-0.27,-0.62,6.91,1.074,0.8774052262306213,0.0,0.02303616050630808,1.0,0.0,7.3,0.6110000000000001,True,True,False
0.22761988639831543,stand_pre,0.22761988639831543,0.0,0.0,0.0,0.0272707695624114,-0.272707695624114,-1.5511613727099605,1.3,0.27,7.22,1.381,0.8683083057403564,0.0,0.021352493669837713,1.0,0.0,7.3,0.6110000000000001,True,True,False
0.24799418449401855,stand_pre,0.24799418449401855,0.0,0.0,0.0,-0.3392483733563978,-0.7788531787024695,-0.9228428419920017,1.6600000000000001,-1.47,7.53,1.6110000000000002,0.8872001767158508,0.0,0.028295546770095825,1.0,1.0,7.3,0.6110000000000001,True,True,False
0.268352746963501,stand_pre,0.268352746963501,0.0,0.0,0.0,-0.8508480103472357,-1.3940817400304708,-0.34470252726888007,0.45,0.92,5.79,1.995,0.8617095351219177,0.0,0.014665607362985611,1.0,1.0,7.3,0.6110000000000001,True,True,False
0.2887108325958252,stand_pre,0.2887108325958252,0.0,0.0,0.0,-1.3919000784654778,-1.5707963267948966,0.17671458676442586,1.96,0.05,7.890000000000001,0.9210000000000002,0.7991139888763428,0.0,0.028739966452121735,1.0,1.0,7.3,0.6110000000000001,True,True,False
0.3091554641723633,stand_pre,0.3091554641723633,0.0,0.0,0.0,-1.7933258064241737,-1.79441663720667,0.3392483733563978,1.96,0.05,7.890000000000001,0.614,0.7307255268096924,0.0,0.014187105000019073,1.0,1.0,7.3,0.6110000000000001,True,True,False
0.32968878746032715,stand_pre,0.32968878746032715,0.0,0.0,0.0,-0.6217735460229799,-0.13962634015954636,0.8912087492996045,-2.47,-1.3800000000000001,8.56,0.6899999999999998,0.8424515128135681,0.0,0.04881753399968147,1.0,1.0,7.3,0.6110000000000001,True,True,False
0.3500661849975586,stand_pre,0.3500661849975586,0.0,0.0,0.0,-0.37960911230876665,0.03599741582238305,1.3035427850832648,-2.47,-1.3800000000000001,8.56,0.537,0.8762624859809875,0.0,0.0133490189909935,1.0,1.0,7.3,0.6110000000000001,True,True,False
0.3704216480255127,stand_pre,0.3704216480255127,0.0,0.0,0.0,0.12435470920459599,-0.09926560120717749,1.351539339513109,-2.47,-1.3800000000000001,8.56,0.46,0.8539912104606628,0.0,0.012432950548827648,1.0,1.0,7.3,0.6110000000000001,True,True,False
0.39078259468078613,stand_pre,0.39078259468078613,0.0,0.0,0.0,-0.17889624832941878,0.18871372537188688,0.29888763440402893,1.56,-2.22,7.46,0.844,0.8587599992752075,0.0,0.031933894380927086,1.0,1.0,7.3,0.6110000000000001,True,True,False
0.4111521244049072,stand_pre,0.4111521244049072,0.0,0.0,0.0,0.025089107997418487,-0.31634092692397225,0.30325095753401476,2.42,-0.9400000000000001,8.52,0.537,0.8574756979942322,0.0,0.01989009976387024,1.0,1.0,7.4,0.207,True,True,False
0.4315056800842285,stand_pre,0.4315056800842285,0.0,0.0,0.0,0.050178215994836975,-0.09708393964218458,-0.06654067773228381,1.53,-0.89,8.71,0.614,0.8513689041137695,0.0,0.02040000446140766,1.0,1.0,7.4,0.207,True,True,False
0.45188117027282715,stand_pre,0.45188117027282715,0.0,0.0,0.0,0.1712604328519436,-0.08399397025222712,-0.3665191429188092,0.67,-0.64,9.17,0.6899999999999998,0.8920591473579407,0.0,0.011063236743211746,1.0,1.0,7.4,0.207,True,True,False
0.47223639488220215,stand_pre,0.47223639488220215,0.0,0.0,0.0,0.05999569303730508,-0.09817477042468103,-1.3809917706405133,0.79,-1.1400000000000001,8.94,0.46,0.9352079629898071,0.0,0.02716463804244995,1.0,1.0,7.4,0.207,True,True,False
0.49260663986206055,stand_pre,0.49260663986206055,0.0,0.0,0.0,-0.04363323129985824,-0.18435040224190105,-1.5184364492350666,0.79,-1.1400000000000001,8.94,0.384,0.9345728754997253,0.0,0.007391894236207008,1.0,1.0,7.4,0.207,True,True,False
0.5130643844604492,stand_pre,0.5130643844604492,0.0,0.0,0.0,-0.06435901616729091,-0.20616701789183017,-1.3755376167280309,0.79,-1.1400000000000001,8.94,0.46,0.933155357837677,0.0,0.005856305360794067,1.0,1.0,7.4,0.207,True,True,False
0.5334279537200928,stand_pre,0.5334279537200928,0.0,0.0,0.0,0.017453292519943295,-0.15707963267948966,-0.9359328113819593,0.81,-1.07,7.87,0.46,0.9342058300971985,0.0,0.012295503169298172,1.0,1.0,7.4,0.207,True,True,False
0.5538027286529541,stand_pre,0.5538027286529541,0.0,0.0,0.0,-0.04908738521234052,-0.4985096676008804,-0.3959715740462135,0.81,-1.07,7.87,0.384,0.9150370955467224,0.0,0.0158248208463192,1.0,1.0,7.4,0.207,True,True,False
0.5741701126098633,stand_pre,0.5741701126098633,0.0,0.0,0.0,-0.09490227807719166,-0.02399827721492203,0.22580197197676638,0.23,-2.0,8.9,0.46,0.8919714689254761,0.0,0.046839381800964475,1.0,1.0,7.4,0.207,True,True,False
0.5945510864257812,stand_pre,0.5945510864257812,0.0,0.0,0.0,0.06763150851478027,-0.01090830782496456,0.9206611804270088,1.34,-1.87,8.91,0.46,0.8127094507217407,0.0,0.02209104597568512,1.0,1.0,7.4,0.207,True,True,False
0.6149606704711914,stand_pre,0.6149606704711914,0.0,0.0,0.0,0.04690572364734761,-0.09053895494720585,1.1639164449237185,1.58,-1.86,8.790000000000001,0.46,0.8258599638938904,0.0,0.012944679707288742,1.0,1.0,7.5,0.17300000000000001,True,True,False
0.6353669166564941,stand_pre,0.6353669166564941,0.0,0.0,0.0,0.016362461737446838,-0.0719948316447661,1.1922780452686264,1.99,-0.6900000000000001,9.38,0.46,0.8645579218864441,0.0,0.010274916887283325,1.0,1.0,7.5,0.17300000000000001,True,True,False
0.6557223796844482,stand_pre,0.6557223796844482,0.0,0.0,0.0,0.002181661564992912,-0.032724923474893676,0.9533861039019025,0.56,-1.7,7.73,0.6899999999999998,0.8543158769607544,0.0,0.00601799413561821,1.0,1.0,7.5,0.17300000000000001,True,True,False
0.6761023998260498,stand_pre,0.6761023998260498,0.0,0.0,0.0,0.06217735460229799,-0.14726215563702155,0.9053895494720584,1.8800000000000001,-1.6300000000000001,6.62,0.46,0.8786120414733887,0.0,0.011212120298296213,1.0,1.0,7.5,0.17300000000000001,True,True,False
0.69647216796875,stand_pre,0.69647216796875,0.0,0.0,0.0,-0.038179077387375956,-0.545415391248228,0.6250460383704692,1.8800000000000001,-1.6300000000000001,6.62,0.384,0.8502118587493896,0.0,0.02522484725341201,1.0,1.0,7.5,0.17300000000000001,True,True,False
0.716935396194458,stand_pre,0.716935396194458,0.0,0.0,0.0,-0.11126473981463851,-0.13744467859455345,-0.1265363707695889,1.8800000000000001,-1.6300000000000001,6.62,0.23,0.8337438702583313,0.0,0.03116798587143421,1.0,1.0,7.5,0.17300000000000001,True,True,False
0.7373123168945312,stand_pre,0.7373123168945312,0.0,0.0,0.0,-0.10035643198967395,-0.04036073895236887,-0.6708609312353204,1.21,0.81,9.55,0.307,0.9056991934776306,0.0,0.016950763761997223,1.0,1.0,7.5,0.17300000000000001,True,True,False
0.757767915725708,stand_pre,0.757767915725708,0.0,0.0,0.0,-0.039269908169872414,-0.026179938779914945,-0.8464846872172498,1.04,-0.74,9.49,0.46,0.9149641394615173,0.0,0.011770214885473251,1.0,1.0,7.5,0.17300000000000001,True,True,False
0.7781810760498047,stand_pre,0.7781810760498047,0.0,0.0,0.0,-0.002181661564992912,0.10362892433716332,-0.9533861039019025,1.96,-0.32,8.540000000000001,0.384,0.9284923672676086,0.0,0.005788699578261003,1.0,1.0,7.5,0.17300000000000001,True,True,False
0.7985458374023438,stand_pre,0.7985458374023438,0.0,0.0,0.0,-0.030543261909900768,0.12980886311707826,-1.155189798663747,1.76,-0.9500000000000001,8.47,0.384,0.9352164268493652,0.0,0.007928788661956787,1.0,1.0,7.5,0.17300000000000001,True,True,False
0.8189120292663574,stand_pre,0.8189120292663574,0.0,0.0,0.0,0.008726646259971648,0.07853981633974483,-0.8715737952146683,1.7,-1.09,9.67,0.307,0.9365075826644897,0.0,0.008369993418455124,1.0,1.0,7.4,0.227,True,True,False
0.8392879962921143,stand_pre,0.8392879962921143,0.0,0.0,0.0,0.006544984694978736,0.24652775684419906,-0.433059820651093,2.43,-2.0,8.49,0.384,0.9125649333000183,0.0,0.018085788935422897,1.0,1.0,7.4,0.227,True,True,False
0.8597671985626221,stand_pre,0.8597671985626221,0.0,0.0,0.0,-0.04581489286485115,0.22689280275926285,0.24434609527920614,1.99,-1.71,9.19,0.384,0.8460389375686646,0.0,0.016271699219942093,1.0,1.0,7.4,0.227,True,True,False
0.8801298141479492,stand_pre,0.8801298141479492,0.0,0.0,0.0,-0.08399397025222712,0.21598449493429828,0.3883357585687383,2.2600000000000002,-1.6,9.35,0.23,0.8289214372634888,0.0,0.004934739321470261,1.0,1.0,7.4,0.227,True,True,False
0.9004902839660645,stand_pre,0.9004902839660645,0.0,0.0,0.0,-0.07635815477475191,0.19525871006686563,0.7450374244450795,2.17,-1.6600000000000001,9.01,0.307,0.8341710567474365,0.0,0.01186531552230008,1.0,1.0,7.4,0.227,True,True,False
0.9209589958190918,stand_pre,0.9209589958190918,0.0,0.0,0.0,0.002181661564992912,0.30325095753401476,0.8148505945248526,1.92,-1.9100000000000001,8.92,0.307,0.856351375579834,0.0,0.008011456578969955,1.0,1.0,7.4,0.227,True,True,False
0.9413192272186279,stand_pre,0.9413192272186279,0.0,0.0,0.0,-0.04036073895236887,0.26616271092913524,0.7144941625351786,1.85,-1.03,8.72,0.23,0.8481287360191345,0.0,0.005887710489332676,1.0,1.0,7.4,0.227,True,True,False
0.9618649482727051,stand_pre,0.9618649482727051,0.0,0.0,0.0,-0.061086523819801536,0.3119776037939864,0.5399612373357457,1.86,-1.32,9.02,0.307,0.840994656085968,0.0,0.004190109670162201,1.0,1.0,7.4,0.227,True,True,False
0.9822611808776855,stand_pre,0.9822611808776855,0.0,0.0,0.0,0.026179938779914945,0.36106498900632694,0.5181446216858165,1.25,-0.54,9.52,0.384,0.8215178847312927,0.0,0.004731984809041023,1.0,1.0,7.4,0.227,True,True,False
1.0026261806488037,stand_pre,1.0026261806488037,0.0,0.0,0.0,-0.0272707695624114,0.4385139745635753,0.14508049407202864,0.9400000000000001,0.48,9.43,0.46,0.831470787525177,0.0,0.012055505067110062,1.0,1.0,7.4,0.227,True,True,False
1.0230159759521484,stand_pre,1.0230159759521484,0.0,0.0,0.0,-0.02181661564992912,0.5290529295107811,-0.2519819107566813,0.85,-0.14,9.8,0.307,0.8781447410583496,0.0,0.00966624915599823,1.0,1.0,7.5,0.135,True,True,False
1.044172763824463,stand_pre,1.044172763824463,0.0,0.0,0.0,0.06326818538479445,0.5846852994181004,-0.35997415822383044,0.08,-0.92,9.58,0.307,0.8854205012321472,0.0,0.005104236304759979,1.0,1.0,7.5,0.135,True,True,False
1.064537525177002,stand_pre,1.064537525177002,0.0,0.0,0.0,0.1189005552921137,0.5639595145506677,-0.13962634015954636,1.02,-1.16,8.620000000000001,0.307,0.8701250553131104,0.0,0.009079564362764359,1.0,1.0,7.5,0.135,True,True,False
1.0849335193634033,stand_pre,1.0849335193634033,0.0,0.0,0.0,0.018544123302439753,0.6490443155853913,-0.1636246173744684,0.38,-1.6500000000000001,8.46,0.307,0.8677862882614136,0.0,0.0034347735345363617,1.0,1.0,7.5,0.135,True,True,False
1.1054036617279053,stand_pre,1.1054036617279053,0.0,0.0,0.0,0.050178215994836975,0.4341506514335895,0.04799655442984406,0.22,-2.37,9.26,0.307,0.8576903343200684,0.0,0.0074007548391819,1.0,1.0,7.5,0.135,True,True,False
1.1257784366607666,stand_pre,1.1257784366607666,0.0,0.0,0.0,0.07090400086226964,0.3272492347489368,0.40906154343617096,0.23,-2.05,8.700000000000001,0.46,0.8334599137306213,0.0,0.008443955332040787,1.0,1.0,7.5,0.135,True,True,False
1.1461493968963623,stand_pre,1.1461493968963623,0.0,0.0,0.0,0.055632369907319255,0.2454369260617026,0.5792311455056182,-0.27,-1.1400000000000001,8.59,0.23,0.8237469792366028,0.0,0.002765323966741562,1.0,1.0,7.5,0.135,True,True,False
1.166520357131958,stand_pre,1.166520357131958,0.0,0.0,0.0,0.050178215994836975,0.028361600344907856,0.5803219762881145,-0.27,-1.1400000000000001,8.59,0.153,0.8239006996154785,0.0,0.007370322942733765,1.0,1.0,7.5,0.135,True,True,False
1.1868796348571777,stand_pre,1.1868796348571777,0.0,0.0,0.0,0.04908738521234052,0.025089107997418487,0.5770494839406252,-0.42,-0.11,9.49,0.153,0.8241480588912964,0.0,0.0011064819991588593,1.0,1.0,7.5,0.135,True,True,False
1.2072415351867676,stand_pre,1.2072415351867676,0.0,0.0,0.0,0.02181661564992912,0.09490227807719166,0.3272492347489368,-0.41000000000000003,0.1,9.24,0.077,0.8401859402656555,0.0,0.004845362156629562,1.0,1.0,7.5,0.135,True,True,False
1.2276146411895752,stand_pre,1.2276146411895752,0.0,0.0,0.0,0.013089969389957472,0.1090830782496456,0.05781403147231216,0.26,0.09,9.35,0.077,0.8620166182518005,0.0,0.006494380533695221,1.0,1.0,7.5,0.11,True,True,False
1.2479817867279053,stand_pre,1.2479817867279053,0.0,0.0,0.0,0.050178215994836975,0.20180369476184434,-0.17780541754692233,0.33,-0.4,9.34,0.153,0.8778651356697083,0.0,0.005022559314966202,1.0,1.0,7.5,0.11,True,True,False
1.2683498859405518,stand_pre,1.2683498859405518,0.0,0.0,0.0,0.08290313946973066,0.1461713248545251,-0.2596177262341565,0.16,-0.92,8.620000000000001,0.153,0.8841889500617981,0.0,0.003119520843029022,1.0,1.0,7.5,0.11,True,True,False
1.288869857788086,stand_pre,1.288869857788086,0.0,0.0,0.0,0.02945243112740431,0.07417649320975901,-0.18435040224190105,-0.22,-1.34,8.88,0.153,0.8803815245628357,0.0,0.0023778118193149567,1.0,1.0,7.5,0.11,True,True,False
1.3092474937438965,stand_pre,1.3092474937438965,0.0,0.0,0.0,-0.016362461737446838,0.0545415391248228,-0.001090830782496456,-0.09,-0.8300000000000001,9.33,0.077,0.8738102316856384,0.0,0.004361700266599655,1.0,1.0,7.5,0.11,True,True,False
1.3297181129455566,stand_pre,1.3297181129455566,0.0,0.0,0.0,-0.04581489286485115,0.05126904677733343,0.050178215994836975,0.05,-0.81,9.26,0.153,0.8706509470939636,0.0,0.0018856227397918701,1.0,1.0,7.5,0.11,True,True,False
1.3501572608947754,stand_pre,1.3501572608947754,0.0,0.0,0.0,-0.00545415391248228,0.014180800172453928,0.12980886311707826,0.25,-0.66,9.34,0.077,0.8679470419883728,0.0,0.0023272819817066193,1.0,1.0,7.5,0.11,True,True,False
1.3705153465270996,stand_pre,1.3705153465270996,0.0,0.0,0.0,0.006544984694978736,0.022907446432425576,0.16035212502697901,0.08,-0.9400000000000001,8.96,0.077,0.8647804856300354,0.0,0.0017568618059158325,1.0,1.0,7.5,0.11,True,True,False
1.390876293182373,stand_pre,1.390876293182373,0.0,0.0,0.0,-0.030543261909900768,-0.011999138607461015,0.08508480103472356,0.04,-1.01,9.31,0.0,0.8724852800369263,0.0,0.0019936636090278625,1.0,1.0,7.5,0.11,True,True,False
1.4113585948944092,stand_pre,1.4113585948944092,0.0,0.0,0.0,-0.039269908169872414,-0.009817477042468103,0.055632369907319255,0.3,-0.71,9.17,0.0,0.875718891620636,0.0,0.001092500053346157,1.0,1.0,7.5,0.11,True,True,False
1.4317281246185303,stand_pre,1.4317281246185303,0.0,0.0,0.0,-0.016362461737446838,-0.037088246604879506,-0.022907446432425576,0.18,-1.26,9.34,0.0,0.8870790600776672,0.0,0.0025601647794246674,1.0,1.0,7.4,0.115,True,True,False
1.4520926475524902,stand_pre,1.4520926475524902,0.0,0.0,0.0,0.003272492347489368,-0.05999569303730508,-0.06872233929727672,0.09,-1.26,9.15,0.0,0.8958275318145752,0.0,0.002428390085697174,1.0,1.0,7.4,0.115,True,True,False
1.4724678993225098,stand_pre,1.4724678993225098,0.0,0.0,0.0,-0.00545415391248228,-0.07090400086226964,-0.039269908169872414,0.25,-0.92,9.3,0.0,0.8988592624664307,0.0,0.0008782036602497101,1.0,1.0,7.4,0.115,True,True,False
1.492825984954834,stand_pre,1.492825984954834,0.0,0.0,0.0,0.0,-0.07526732399225546,-0.04036073895236887,0.27,-0.86,9.32,0.0,0.9026240706443787,0.0,0.0008987654000520706,1.0,1.0,7.4,0.115,True,True,False
1.5131924152374268,stand_pre,1.5131924152374268,0.0,0.0,0.0,-0.009817477042468103,-0.07853981633974483,-0.016362461737446838,0.37,-0.73,9.19,0.077,0.9032600522041321,0.0,0.0010424274951219559,1.0,1.0,7.4,0.115,True,True,False
1.5335781574249268,stand_pre,1.5335781574249268,0.0,0.0,0.0,-0.028361600344907856,-0.08399397025222712,0.0,0.33,-0.6900000000000001,9.3,0.153,0.9040942192077637,0.0,0.0012564882636070251,1.0,1.0,7.4,0.115,True,True,False
1.5540339946746826,stand_pre,1.5540339946746826,0.0,0.0,0.0,-0.039269908169872414,-0.08072147790473774,0.011999138607461015,0.35000000000000003,-0.81,9.3,0.077,0.9032544493675232,0.0,0.0015699192881584167,1.0,1.0,7.4,0.115,True,True,False
1.5744645595550537,stand_pre,1.5744645595550537,0.0,0.0,0.0,-0.05235987755982989,-0.08399397025222712,0.003272492347489368,0.32,-1.01,9.27,0.077,0.9024733304977417,0.0,0.0010631456971168518,1.0,1.0,7.4,0.115,True,True,False
1.5948231220245361,stand_pre,1.5948231220245361,0.0,0.0,0.0,-0.050178215994836975,-0.08290313946973066,0.011999138607461015,0.47000000000000003,-1.17,9.24,0.077,0.899645209312439,0.0,0.0013909712433815002,1.0,1.0,7.4,0.115,True,True,False
1.6151952743530273,stand_pre,1.6151952743530273,0.0,0.0,0.0,-0.030543261909900768,-0.08835729338221293,-0.001090830782496456,0.44,-1.17,9.25,0.077,0.8993841409683228,0.0,0.001000184565782547,1.0,1.0,7.4,0.115,True,True,False
1.6356167793273926,stand_pre,1.6356167793273926,0.0,0.0,0.0,-0.020725784867432664,-0.08072147790473774,-0.039269908169872414,0.48,-1.28,9.24,0.0,0.8983398079872131,0.0,0.0015228688716888428,1.0,1.0,7.5,0.12200000000000001,True,True,False
1.6559772491455078,stand_pre,1.6559772491455078,0.0,0.0,0.0,-0.004363323129985824,-0.07526732399225546,-0.039269908169872414,0.56,-1.1400000000000001,9.22,0.0,0.8959898352622986,0.0,0.0009560286998748779,1.0,1.0,7.5,0.12200000000000001,True,True,False
1.6763474941253662,stand_pre,1.6763474941253662,0.0,0.0,0.0,0.003272492347489368,-0.06217735460229799,-0.03490658503988659,0.61,-0.98,9.25,0.0,0.8934062719345093,0.0,0.0007566623389720917,1.0,1.0,7.5,0.12200000000000001,True,True,False
1.696711540222168,stand_pre,1.696711540222168,0.0,0.0,0.0,0.004363323129985824,-0.04581489286485115,-0.018544123302439753,0.65,-0.88,9.31,0.077,0.8899433612823486,0.0,0.0006447061896324158,1.0,1.0,7.5,0.12200000000000001,True,True,False
1.7170774936676025,stand_pre,1.7170774936676025,0.0,0.0,0.0,0.001090830782496456,-0.026179938779914945,-0.007635815477475192,0.61,-0.84,9.25,0.0,0.8866634964942932,0.0,0.0006925798952579498,1.0,1.0,7.5,0.12200000000000001,True,True,False
1.7374513149261475,stand_pre,1.7374513149261475,0.0,0.0,0.0,-0.006544984694978736,-0.002181661564992912,-0.004363323129985824,0.63,-0.87,9.3,0.0,0.883330225944519,0.0,0.0006548166275024414,1.0,1.0,7.5,0.12200000000000001,True,True,False
1.7578496932983398,stand_pre,1.7578496932983398,0.0,0.0,0.0,-0.003272492347489368,0.016362461737446838,0.009817477042468103,0.64,-0.9400000000000001,9.290000000000001,0.0,0.879601240158081,0.0,0.00109206885099411,1.0,1.0,7.5,0.12200000000000001,True,True,False
1.77821683883667,stand_pre,1.77821683883667,0.0,0.0,0.0,-0.008726646259971648,0.03381575425739013,0.013089969389957472,0.6,-1.1400000000000001,9.25,0.0,0.876083254814148,0.0,0.0008832253515720367,1.0,1.0,7.5,0.12200000000000001,True,True,False
1.7986724376678467,stand_pre,1.7986724376678467,0.0,0.0,0.0,-0.002181661564992912,0.04363323129985824,0.02945243112740431,0.56,-1.17,9.290000000000001,0.0,0.872782289981842,0.0,0.0010430961847305298,1.0,1.0,7.5,0.12200000000000001,True,True,False
1.819035530090332,stand_pre,1.819035530090332,0.0,0.0,0.0,0.004363323129985824,0.05235987755982989,0.028361600344907856,0.51,-1.21,9.24,0.0,0.8709385991096497,0.0,0.0006296895444393158,1.0,1.0,7.5,0.12200000000000001,True,True,False
1.8393993377685547,stand_pre,1.8393993377685547,0.0,0.0,0.0,0.017453292519943295,0.05999569303730508,0.0272707695624114,0.48,-1.09,9.28,0.0,0.8711003661155701,0.0,0.0005163140594959259,1.0,1.0,7.5,0.107,True,True,False
1.8597569465637207,stand_pre,1.8597569465637207,0.0,0.0,0.0,0.02399827721492203,0.07090400086226964,0.025089107997418487,0.47000000000000003,-1.03,9.25,0.0,0.8708817362785339,0.0,0.0006717219948768616,1.0,1.0,7.5,0.107,True,True,False
1.880133867263794,stand_pre,1.880133867263794,0.0,0.0,0.0,0.026179938779914945,0.0719948316447661,0.019634954084936207,0.4,-0.92,9.28,0.0,0.8716917037963867,0.0,0.000593326985836029,1.0,1.0,7.5,0.107,True,True,False
1.9005606174468994,stand_pre,1.9005606174468994,0.0,0.0,0.0,0.02399827721492203,0.07417649320975901,0.019634954084936207,0.32,-0.91,9.25,0.077,0.8714801073074341,0.0,0.0007487088441848755,1.0,1.0,7.5,0.107,True,True,False
1.920924425125122,stand_pre,1.920924425125122,0.0,0.0,0.0,0.018544123302439753,0.06981317007977318,0.026179938779914945,0.3,-0.78,9.22,0.077,0.8720695972442627,0.0,0.0006311237812042236,1.0,1.0,7.5,0.107,True,True,False
1.9412899017333984,stand_pre,1.9412899017333984,0.0,0.0,0.0,0.01090830782496456,0.06217735460229799,0.014180800172453928,0.22,-0.78,9.26,0.153,0.8733946084976196,0.0,0.0010538846254348755,1.0,1.0,7.5,0.107,True,True,False
1.961766242980957,stand_pre,1.961766242980957,0.0,0.0,0.0,0.011999138607461015,0.0545415391248228,0.006544984694978736,0.22,-0.97,9.17,0.0,0.8774360418319702,0.0,0.001005515456199646,1.0,1.0,7.5,0.107,True,True,False
1.9821422100067139,stand_pre,1.9821422100067139,0.0,0.0,0.0,0.004363323129985824,0.03599741582238305,0.0,0.18,-1.09,9.18,0.077,0.8828939199447632,0.0,0.001125141978263855,1.0,1.0,7.5,0.107,True,True,False
2.0028960704803467,forward_005,0.0028960704803466797,0.05,0.0,0.0,0.0,0.011999138607461015,-0.006544984694978736,0.19,-1.1,9.200000000000001,0.0,0.826003909111023,0.0,0.04831639491021633,1.0,1.0,7.5,0.107,True,True,False
2.0232605934143066,forward_005,0.02326059341430664,0.05,0.0,0.0,-0.008726646259971648,-0.009817477042468103,0.003272492347489368,0.14,-0.9500000000000001,9.14,0.0,0.8254067301750183,0.0,0.007385605516901705,1.0,1.0,7.5,0.107,True,True,False
2.0436272621154785,forward_005,0.043627262115478516,0.05,0.0,0.0,-0.004363323129985824,-0.031634092692397225,-0.00545415391248228,0.19,-0.98,9.26,0.153,0.842873215675354,0.0,0.004932276904582977,1.0,1.0,7.5,0.15400000000000005,True,True,False
2.064819574356079,forward_005,0.0648195743560791,0.05,0.0,0.0,0.002181661564992912,-0.04363323129985824,-0.006544984694978736,0.23,-0.88,9.26,0.307,0.8347858786582947,0.0,0.008039966225624084,1.0,1.0,7.5,0.15400000000000005,True,True,False
2.085298538208008,forward_005,0.08529853820800781,0.05,0.0,0.0,0.002181661564992912,-0.015271630954950384,-0.06544984694978735,1.17,-0.6900000000000001,9.19,0.384,0.8405186533927917,0.0,0.0031340058194473386,1.0,1.0,7.5,0.15400000000000005,True,True,False
2.1056599617004395,forward_005,0.10565996170043945,0.05,0.0,0.0,0.0,0.015271630954950384,-0.10690141668465268,1.1,-0.88,9.36,0.46,0.8469842672348022,0.0,0.0025185401318594813,1.0,1.0,7.5,0.15400000000000005,True,True,False
2.126098394393921,forward_005,0.1260983943939209,0.05,0.0,0.0,0.03381575425739013,0.038179077387375956,-0.09599310885968812,0.72,-0.93,9.200000000000001,0.46,0.8485673666000366,0.0,0.004545742645859718,1.0,1.0,7.5,0.15400000000000005,True,True,False
2.146566152572632,forward_005,0.14656615257263184,0.05,0.0,0.0,0.055632369907319255,0.10253809355466686,-0.10581058590215622,0.85,-1.2,9.09,0.384,0.8542842268943787,0.0,0.003482827916741371,1.0,1.0,7.5,0.15400000000000005,True,True,False
2.166934013366699,forward_005,0.16693401336669922,0.05,0.0,0.0,0.06872233929727672,0.16144295580947549,-0.08835729338221293,0.72,-1.53,9.13,0.307,0.8536782264709473,0.0,0.0018349885940551758,1.0,1.0,7.5,0.15400000000000005,True,True,False
2.187296152114868,forward_005,0.18729615211486816,0.05,0.0,0.0,0.03599741582238305,0.2399827721492203,-0.06872233929727672,0.75,-1.58,9.22,0.384,0.8494715094566345,0.0,0.0027462393045425415,1.0,1.0,7.5,0.15400000000000005,True,True,False
2.2076754570007324,forward_005,0.20767545700073242,0.05,0.0,0.0,0.05126904677733343,0.26725354171163174,0.05781403147231216,0.65,-1.35,9.28,0.307,0.8296267986297607,0.0,0.004024073481559753,1.0,1.0,7.5,0.15400000000000005,True,True,False
2.2282779216766357,forward_005,0.22827792167663574,0.05,0.0,0.0,0.0545415391248228,0.2945243112740431,0.1538071403320003,0.17,-1.25,9.24,0.153,0.8075103163719177,0.0,0.005104340612888336,1.0,1.0,7.5,0.15400000000000005,True,True,False
2.2486376762390137,forward_005,0.24863767623901367,0.05,0.0,0.0,0.050178215994836975,0.3043417883165112,0.19198621771937624,-0.18,-1.04,9.51,0.153,0.7955453991889954,0.0,0.0043915510177612305,1.0,1.0,7.5,0.18500000000000003,True,True,False
2.2690112590789795,forward_005,0.2690112590789795,0.05,0.0,0.0,0.0545415391248228,0.30652344988150415,0.2748893571891069,0.12,-0.46,9.13,0.153,0.7685208916664124,0.0,0.006221413612365723,1.0,1.0,7.5,0.18500000000000003,True,True,False
2.289391279220581,forward_005,0.28939127922058105,0.05,0.0,0.0,0.05672320068981571,0.2683443724941282,0.17671458676442586,-0.23,-0.35000000000000003,9.39,0.077,0.7698779106140137,0.0,0.009415102191269398,1.0,1.0,7.5,0.18500000000000003,True,True,False
2.3098561763763428,forward_005,0.3098561763763428,0.05,0.0,0.0,0.07526732399225546,0.2825251726665821,0.07090400086226964,-0.8,-0.67,8.950000000000001,0.307,0.7603764533996582,0.0,0.01022552466019988,1.0,1.0,7.5,0.18500000000000003,True,True,False
2.3303654193878174,forward_005,0.3303654193878174,0.05,0.0,0.0,0.08835729338221293,0.23452861823673804,0.0916297857297023,-0.37,-0.4,9.38,0.23,0.7337004542350769,0.0,0.019090129993855953,1.0,1.0,7.5,0.18500000000000003,True,True,False
2.3507368564605713,forward_005,0.3507368564605713,0.05,0.0,0.0,0.08944812416470939,0.29888763440402893,-0.031634092692397225,-0.5,-0.41000000000000003,8.8,0.384,0.7167983651161194,0.0,0.014461195096373558,1.0,1.0,7.5,0.18500000000000003,True,True,False
2.371112108230591,forward_005,0.3711121082305908,0.05,0.0,0.0,0.17998707911191522,0.22143864884678055,-0.10253809355466686,-0.23,-0.41000000000000003,9.74,0.46,0.7500293254852295,0.0,0.029835310764610767,1.0,1.0,7.5,0.18500000000000003,True,True,False
2.3914918899536133,forward_005,0.3914918899536133,0.05,0.0,0.0,0.23125612588924865,0.31525009614147576,-0.12217304763960307,-0.32,-0.38,8.92,0.537,0.7319352626800537,0.0,0.01901978626847267,1.0,1.0,7.5,0.18500000000000003,True,True,False
2.411846160888672,forward_005,0.4118461608886719,0.05,0.0,0.0,0.2399827721492203,0.24107360293171676,-0.11126473981463851,0.18,-0.58,9.700000000000001,0.614,0.8343400955200195,0.0,0.022538721561431885,1.0,1.0,7.5,0.18500000000000003,True,True,False
2.432204484939575,forward_005,0.4322044849395752,0.05,0.0,0.0,0.1538071403320003,0.3763366199612773,-0.04690572364734761,-0.03,-0.66,9.47,0.537,0.8686662912368774,0.0,0.011982499156147242,1.0,1.0,7.5,0.18500000000000003,True,True,False
2.4525678157806396,forward_005,0.45256781578063965,0.05,0.0,0.0,0.06872233929727672,0.44505895925855404,0.11999138607461016,0.18,-1.02,9.66,0.614,0.8928896188735962,0.0,0.03337236633524299,1.0,1.0,7.5,0.156,True,True,False
2.472982883453369,forward_005,0.47298288345336914,0.05,0.0,0.0,0.015271630954950384,0.507236313860852,0.19744037163185854,0.44,-0.25,9.27,0.6899999999999998,0.8914953470230103,0.0,0.017856372520327568,1.0,1.0,7.5,0.156,True,True,False
2.4933536052703857,forward_005,0.49335360527038574,0.05,0.0,0.0,0.04145156973486533,0.5170537909033202,0.13962634015954636,0.32,-1.05,9.0,0.614,0.8801942467689514,0.0,0.010911688208580017,1.0,1.0,7.5,0.156,True,True,False
2.513733148574829,forward_005,0.5137331485748291,0.05,0.0,0.0,0.09272061651219876,0.5748678223756323,0.11453723216212788,-0.59,-1.23,9.200000000000001,0.46,0.8717578053474426,0.0,0.008645184338092804,1.0,1.0,7.5,0.156,True,True,False
2.5341718196868896,forward_005,0.5341718196868896,0.05,0.0,0.0,0.08399397025222712,0.631591023065448,0.06872233929727672,-1.31,-1.58,9.18,0.307,0.8679848909378052,0.0,0.01507609337568283,1.0,1.0,7.5,0.156,True,True,False
2.5545239448547363,forward_005,0.5545239448547363,0.05,0.0,0.0,0.15707963267948966,0.5966844380255614,-0.08944812416470939,-1.3,-1.36,9.71,0.384,0.8793143033981323,0.0,0.0159224271774292,1.0,1.0,7.5,0.156,True,True,False
2.5749006271362305,forward_005,0.5749006271362305,0.05,0.0,0.0,0.15817046346198613,0.5061454830783556,-0.19525871006686563,-1.6300000000000001,-1.1500000000000001,9.35,0.537,0.8912870287895203,0.0,0.01647977065294981,1.0,1.0,7.5,0.156,True,True,False
2.595262050628662,forward_005,0.5952620506286621,0.05,0.0,0.0,0.1559888018969932,0.5181446216858165,-0.18871372537188688,-1.77,-0.25,8.67,0.537,0.875949501991272,0.0,0.007519886363297701,1.0,1.0,7.5,0.156,True,True,False
2.615746021270752,forward_005,0.615746021270752,0.05,0.0,0.0,0.17453292519943295,0.41233403578366035,-0.026179938779914945,-2.23,-0.13,9.200000000000001,0.614,0.8902015089988708,0.0,0.0078100040555000305,1.0,1.0,7.5,0.156,True,True,False
2.63630747795105,forward_005,0.6363074779510498,0.05,0.0,0.0,0.061086523819801536,0.4537856055185257,0.03381575425739013,-1.84,0.19,8.86,0.614,0.8591811656951904,0.0,0.021540284156799316,1.0,1.0,7.5,0.156,True,True,False
2.656670570373535,forward_005,0.6566705703735352,0.05,0.0,0.0,-0.018544123302439753,0.4461497900410505,0.17235126363444003,-2.0300000000000002,0.15,8.25,0.46,0.8628593683242798,0.0,0.021876120939850807,1.0,1.0,7.3,0.8350000000000001,True,True,False
2.6770763397216797,forward_005,0.6770763397216797,0.05,0.0,0.0,-0.044724062082354694,0.4046982203061852,0.32615840396644036,-2.32,0.49,9.09,0.23,0.863900363445282,0.0,0.02532118675298989,1.0,1.0,7.3,0.8350000000000001,True,True,False
2.697448968887329,forward_005,0.6974489688873291,0.05,0.0,0.0,-0.20180369476184434,0.3196134192714616,0.45160394395353276,-2.02,0.58,8.540000000000001,0.46,0.8457919359207153,0.0,0.045213982462882996,1.0,1.0,7.3,0.8350000000000001,True,True,False
2.717895984649658,forward_005,0.7178959846496582,0.05,0.0,0.0,-0.29561514205653955,0.17235126363444003,0.37306412761378793,-2.25,0.15,8.91,0.767,0.7948415875434875,0.0,0.09349725022912025,1.0,1.0,7.3,0.8350000000000001,True,True,False
2.738262891769409,forward_005,0.7382628917694092,0.05,0.0,0.0,-0.3196134192714616,0.06763150851478027,0.210530341021816,-2.46,0.9500000000000001,9.38,0.9970000000000001,0.9518976807594299,0.07142857142857142,0.05927543714642525,1.0,1.0,7.3,0.8350000000000001,True,True,False
2.7587287425994873,forward_005,0.7587287425994873,0.05,0.0,0.0,-0.27052603405912107,-0.08944812416470939,-0.19962203319685143,-1.99,0.28,9.16,0.844,0.9730490446090698,0.07142857142857142,0.06341583095490932,0.0,1.0,7.3,0.8350000000000001,True,True,False
2.779087781906128,forward_005,0.7790877819061279,0.05,0.0,0.0,-0.18216874067690814,-0.20180369476184434,-0.36324665057131983,-2.1,-1.1300000000000001,8.23,1.304,0.9649255275726318,0.07142857142857142,0.07066570036113262,0.0,1.0,7.3,0.8350000000000001,True,True,False
2.7994468212127686,forward_005,0.7994468212127686,0.05,0.0,0.0,-0.009817477042468103,-0.37742745074377376,-0.34470252726888007,-1.23,-1.9000000000000001,8.82,1.765,0.8309520483016968,0.0,0.05087107978761196,0.0,1.0,7.3,0.8350000000000001,True,True,False
2.8197996616363525,forward_005,0.8197996616363525,0.05,0.0,0.0,0.39924406639370286,-0.5214171140333059,-0.23561944901923448,-1.1300000000000001,-3.38,7.4,1.304,0.9390465021133423,0.0,0.05011179391294718,0.0,1.0,7.3,0.8350000000000001,True,True,False
2.840212106704712,forward_005,0.8402121067047119,0.05,0.0,0.0,0.9893835197242855,-0.8235772407848243,-0.17016960206944712,-1.87,-3.67,7.36,1.304,0.9492171406745911,0.0,0.07690786384046078,1.0,1.0,7.3,0.8350000000000001,True,True,False
2.860583543777466,forward_005,0.8605835437774658,0.05,0.0,0.0,0.9817477042468103,-0.7864889941799448,-0.20616701789183017,-1.07,-4.55,6.07,1.151,0.9496991634368896,0.0,0.03512600250542164,1.0,1.0,7.0,1.7269999999999996,True,True,False
2.880985975265503,forward_005,0.8809859752655029,0.05,0.0,0.0,1.249001245958442,-0.8944812416470939,0.12217304763960307,-1.07,-4.55,6.07,0.9210000000000002,0.9487257599830627,0.0,0.0407642493955791,1.0,1.0,7.0,1.7269999999999996,True,True,False
2.9013664722442627,forward_005,0.9013664722442627,0.05,0.0,0.0,1.2860894925633215,-0.32834006553143325,0.3741549583962844,-1.07,-4.55,6.07,0.844,0.9141038656234741,0.0,0.0525953583419323,1.0,1.0,7.0,1.7269999999999996,True,True,False
2.9217281341552734,forward_005,0.9217281341552734,0.05,0.0,0.0,0.657770961845363,0.4243331743911214,-0.9195703496445123,-1.6600000000000001,4.38,8.09,1.074,0.8723702430725098,0.0,0.05535565735772252,1.0,1.0,7.0,1.7269999999999996,True,True,False
2.94234561920166,forward_005,0.9423456192016602,0.05,0.0,0.0,0.15707963267948966,-0.30652344988150415,-1.5871587885323435,-1.6600000000000001,4.38,8.09,0.9970000000000001,0.9048706293106079,0.0,0.05272654537111521,1.0,1.0,7.0,1.7269999999999996,True,True,False
2.962717056274414,forward_005,0.9627170562744141,0.05,0.0,0.0,-0.032724923474893676,-0.020725784867432664,-1.4453507868078042,-0.14,-0.41000000000000003,7.640000000000001,0.9210000000000002,0.8842923045158386,0.0,0.02312161587178707,1.0,0.0,7.0,1.7269999999999996,True,True,False
2.9830968379974365,forward_005,0.9830968379974365,0.05,0.0,0.0,-0.09926560120717749,-0.3239767424014474,-1.050470043544087,-0.06,0.24,5.82,1.151,0.9410532712936401,0.0,0.04110575281083584,1.0,0.0,7.0,1.7269999999999996,True,True,False
3.0036258697509766,forward_005,1.0036258697509766,0.05,0.0,0.0,0.04036073895236887,-0.7254024703601433,-0.37960911230876665,0.34,0.06,6.05,1.458,0.9778051376342773,0.14285714285714285,0.061079973354935646,1.0,0.0,7.0,1.7269999999999996,True,True,False
3.02398419380188,forward_005,1.0239841938018799,0.05,0.0,0.0,-0.10581058590215622,-0.8475755179997463,0.26725354171163174,0.34,0.63,9.48,1.6110000000000002,0.9733241200447083,0.14285714285714285,0.03669623285531998,1.0,0.0,7.0,1.7269999999999996,True,True,False
3.0446524620056152,forward_005,1.0446524620056152,0.05,0.0,0.0,-0.40906154343617096,-0.6119560689805118,0.9195703496445123,0.42,3.19,7.930000000000001,0.844,0.9728016257286072,0.14285714285714285,0.03748275025282055,1.0,1.0,7.0,1.7269999999999996,True,True,False
3.065020799636841,forward_005,1.0650207996368408,0.05,0.0,0.0,-0.7821256710499589,-0.7450374244450795,0.7461282552275759,0.39,4.29,8.0,0.767,0.9838147759437561,0.14285714285714285,0.02613595873117447,1.0,1.0,7.5,0.161,True,True,False
3.086423873901367,forward_005,1.0864238739013672,0.05,0.0,0.0,-0.9773843811168246,-0.6435901616729091,0.3665191429188092,0.34,5.7,9.1,0.767,0.987694501876831,0.14285714285714285,0.013925854116678238,1.0,1.0,7.5,0.161,True,True,False
3.1068930625915527,forward_005,1.1068930625915527,0.05,0.0,0.0,-1.2337296150034918,0.10144726277217041,-1.2359112765684845,0.34,5.7,9.1,0.844,0.9432475566864014,0.0,0.08554064342752099,1.0,1.0,7.5,0.161,True,True,False
3.12725567817688,forward_005,1.1272556781768799,0.05,0.0,0.0,-0.7275841319251362,0.8770279491271507,-1.923134669541252,0.34,5.7,9.1,0.9210000000000002,0.9075719118118286,0.0,0.043670715764164925,1.0,1.0,7.5,0.161,True,True,False
3.14762544631958,forward_005,1.14762544631958,0.05,0.0,0.0,-0.5017821599483697,0.8323038870447959,-2.504547476611863,0.85,-2.38,6.7,0.614,0.8662265539169312,0.0,0.03381664026528597,1.0,1.0,7.5,0.161,True,True,False
3.1680495738983154,forward_005,1.1680495738983154,0.05,0.0,0.0,-0.05890486225480862,0.8999353955595761,-2.0060378090109827,-0.22,-6.65,9.25,1.074,0.8169264793395996,0.0,0.029020782560110085,1.0,1.0,7.5,0.161,True,True,False
3.18841290473938,forward_005,1.1884129047393799,0.05,0.0,0.0,0.3327033886614191,1.313360262125733,-0.7570365630525404,-1.21,-7.0600000000000005,9.58,1.304,0.8054142594337463,0.0,0.050194598734378815,1.0,1.0,7.5,0.161,True,True,False
3.208789825439453,forward_005,1.2087898254394531,0.05,0.0,0.0,0.3883357585687383,1.1322823522313212,0.3272492347489368,-1.21,-7.0600000000000005,9.58,0.9970000000000001,0.8050116896629333,0.0,0.05811551958322525,1.0,1.0,7.5,0.161,True,True,False
3.2291646003723145,forward_005,1.2291646003723145,0.05,0.0,0.0,0.2301652951067522,1.1595531217937327,0.8093964406123704,-0.71,-0.98,8.53,0.537,0.7035461068153381,0.0,0.07252597622573376,1.0,1.0,7.5,0.161,True,True,False
3.2497286796569824,forward_005,1.2497286796569824,0.05,0.0,0.0,0.038179077387375956,0.9457502884244273,1.0101093045917182,-0.71,-0.98,8.53,0.614,0.8812218904495239,0.0,0.10775995440781116,1.0,1.0,7.5,0.161,True,True,False
3.270163059234619,forward_005,1.2701630592346191,0.05,0.0,0.0,-0.2378011105842274,0.8552113334772214,0.7395832705325971,-1.75,-0.24,8.86,1.304,0.9542355537414551,0.07142857142857142,0.07501824758946896,1.0,1.0,6.8,2.8189999999999995,True,True,False
3.290518045425415,forward_005,1.290518045425415,0.05,0.0,0.0,-0.30870511144649704,0.4603305902135044,0.43960480534607177,-1.31,1.58,7.1000000000000005,1.6110000000000002,0.7857552766799927,0.0,0.058919331058859825,0.0,1.0,6.8,2.8189999999999995,True,True,False
3.3109323978424072,forward_005,1.3109323978424072,0.05,0.0,0.0,-0.061086523819801536,0.19416787928436915,0.028361600344907856,-3.77,-0.42,8.950000000000001,1.688,0.8496999144554138,0.0,0.027407165616750717,0.0,1.0,6.8,2.8189999999999995,True,True,False
3.3312981128692627,forward_005,1.3312981128692627,0.05,0.0,0.0,0.17780541754692233,-0.06981317007977318,-0.18871372537188688,-2.06,-2.23,7.7700000000000005,1.227,0.7637245655059814,0.0,0.026988819241523743,0.0,1.0,6.8,2.8189999999999995,True,True,False
3.3517117500305176,forward_005,1.3517117500305176,0.05,0.0,0.0,0.6490443155853913,-0.346884188833873,-0.46796640569097964,-2.37,-3.31,8.13,1.458,0.8996701240539551,0.0,0.08104240894317627,0.0,1.0,6.8,2.8189999999999995,True,True,False
3.372088670730591,forward_005,1.3720886707305908,0.05,0.0,0.0,0.7352199474026113,-0.581412807070611,-0.3785182815262702,-1.97,-4.66,7.57,0.9970000000000001,0.7860966920852661,0.0,0.08931729570031166,1.0,1.0,6.8,2.8189999999999995,True,True,False
3.392470121383667,forward_005,1.392470121383667,0.05,0.0,0.0,0.856302164259718,-0.6664976081053346,-0.1090830782496456,-0.33,-6.8500000000000005,5.3,1.151,0.9402979612350464,0.0,0.08437694935128093,1.0,1.0,6.8,2.8189999999999995,True,True,False
3.412825345993042,forward_005,1.412825345993042,0.05,0.0,0.0,1.2228213071785272,-0.8137597637423561,0.6763150851478027,-0.62,-3.35,6.41,0.9970000000000001,0.9775251746177673,0.07142857142857142,0.09125160053372383,1.0,1.0,6.8,2.8189999999999995,True,True,False
3.4331789016723633,forward_005,1.4331789016723633,0.05,0.0,0.0,1.5500705419274639,-0.557414529855689,1.0624691821515482,-0.62,-3.35,6.41,0.9210000000000002,0.942625880241394,0.0,0.030416875146329403,1.0,1.0,6.8,2.8189999999999995,True,True,False
3.4535443782806396,forward_005,1.4535443782806396,0.05,0.0,0.0,0.6981317007977318,-0.3174317577064687,1.0897399517139594,-0.62,-3.35,6.41,1.304,0.9365940690040588,0.0,0.028560694307088852,1.0,1.0,6.8,2.8189999999999995,True,True,False
3.4739205837249756,forward_005,1.4739205837249756,0.05,0.0,0.0,0.2203478180642841,0.31306843457648287,0.13853550937704992,-0.62,-3.35,6.41,1.304,0.8852658867835999,0.0,0.0451681911945343,1.0,1.0,7.4,0.47900000000000004,True,True,False
3.494281530380249,forward_005,1.494281530380249,0.05,0.0,0.0,0.49414634447089456,0.4690572364734761,-0.6468626540203984,-0.62,-3.35,6.41,0.9210000000000002,0.9182815551757812,0.0,0.06402671709656715,1.0,1.0,7.4,0.47900000000000004,True,True,False
3.514650344848633,forward_005,1.5146503448486328,0.05,0.0,0.0,0.5170537909033202,0.3937899124812206,-0.9097528726020443,-0.62,-3.35,6.41,0.9210000000000002,0.8843227028846741,0.0,0.07643850613385439,1.0,1.0,7.4,0.47900000000000004,True,True,False
3.5351979732513428,forward_005,1.5351979732513428,0.05,0.0,0.0,0.29561514205653955,0.5094179754258449,-1.4649857408927405,1.45,2.13,7.890000000000001,0.6899999999999998,0.8073439598083496,0.0,0.0483686332590878,1.0,0.0,7.4,0.47900000000000004,True,True,False
3.5555646419525146,forward_005,1.5555646419525146,0.05,0.0,0.0,0.05781403147231216,0.3108867730114899,-1.4889840181076623,-0.6900000000000001,-0.5,4.53,0.767,0.9066872000694275,0.0,0.047055063769221306,1.0,0.0,7.4,0.47900000000000004,True,True,False
3.575941801071167,forward_005,1.575941801071167,0.05,0.0,0.0,-0.06981317007977318,-0.17998707911191522,-0.7090400086226963,0.31,0.39,7.51,1.458,0.910702645778656,0.0,0.06655916664749384,1.0,0.0,7.4,0.47900000000000004,True,True,False
3.596306800842285,forward_005,1.5963068008422852,0.05,0.0,0.0,-0.32506757318394386,0.04581489286485115,-0.1930770485018727,0.31,0.39,7.51,1.688,0.9265806674957275,0.0,0.03474075347185135,1.0,0.0,7.4,0.47900000000000004,True,True,False
3.616685152053833,forward_005,1.616685152053833,0.05,0.0,0.0,-0.56941366846315,-0.15817046346198613,0.2585268954516601,-3.7800000000000002,1.95,6.2,1.841,0.9563340544700623,0.07142857142857142,0.0543244406580925,1.0,0.0,7.4,0.47900000000000004,True,True,False
3.6370346546173096,forward_005,1.6370346546173096,0.05,0.0,0.0,-1.1115565673638885,-0.2781618495365963,-0.05345070834232634,-1.46,2.35,6.24,1.227,0.9292444586753845,0.0,0.04724311642348766,1.0,1.0,7.4,0.47900000000000004,True,True,False
3.6575541496276855,forward_005,1.6575541496276855,0.05,0.0,0.0,-1.5467980495799745,-0.15817046346198613,-0.3883357585687383,-1.06,4.62,6.37,1.151,0.8897225856781006,0.0,0.024566713720560074,1.0,1.0,7.4,0.47900000000000004,True,True,False
3.678082227706909,forward_005,1.6780822277069092,0.05,0.0,0.0,-1.576250480707379,-0.3785182815262702,-0.7341291166201148,-1.97,3.22,7.3,0.767,0.8989073038101196,0.0,0.033150536473840475,0.0,1.0,7.4,0.39100000000000007,True,True,False
3.698448896408081,forward_005,1.698448896408081,0.05,0.0,0.0,-1.7267851286918898,-0.2945243112740431,-1.3777192782930239,-1.97,3.22,7.3,0.537,0.8603025674819946,0.0,0.017567381262779236,0.0,1.0,7.4,0.39100000000000007,True,True,False
3.7188210487365723,forward_005,1.7188210487365723,0.05,0.0,0.0,-0.5486878835957173,0.5835944686356039,-0.7657632093125121,-2.98,-4.15,6.46,0.46,0.8315597176551819,0.0,0.05158140882849693,0.0,1.0,7.4,0.39100000000000007,True,True,False
3.739182949066162,forward_005,1.739182949066162,0.05,0.0,0.0,-0.16253378659197193,0.22580197197676638,0.06872233929727672,-3.74,-5.76,3.89,0.46,0.9162973761558533,0.0,0.036697592586278915,0.0,1.0,7.4,0.39100000000000007,True,True,False
3.7596044540405273,forward_005,1.7596044540405273,0.05,0.0,0.0,0.19634954084936207,0.17016960206944712,0.15489797111449674,-1.04,-1.97,6.0,0.384,0.9198009967803955,0.0,0.02709559234790504,0.0,1.0,7.4,0.39100000000000007,True,True,False
3.7799692153930664,forward_005,1.7799692153930664,0.05,0.0,0.0,0.007635815477475192,0.46142142099600086,0.16253378659197193,-1.04,-1.97,6.0,0.23,0.912670373916626,0.0,0.04085540771484375,0.0,1.0,7.4,0.39100000000000007,True,True,False
3.8004441261291504,forward_005,1.8004441261291504,0.05,0.0,0.0,-0.08508480103472356,0.38069994309126315,0.41233403578366035,-1.04,-1.97,6.0,0.767,0.9106671810150146,0.0,0.08216089196503162,0.0,1.0,7.4,0.39100000000000007,True,True,False
3.820812940597534,forward_005,1.8208129405975342,0.05,0.0,0.0,-0.26725354171163174,0.2694352032766246,0.12326387842209953,-0.85,-2.58,7.03,0.844,0.8535996675491333,0.0,0.08687529619783163,0.0,1.0,7.4,0.39100000000000007,True,True,False
3.8412816524505615,forward_005,1.8412816524505615,0.05,0.0,0.0,-0.1930770485018727,-0.0916297857297023,-0.1636246173744684,-1.6,-2.75,6.99,0.9210000000000002,0.8806077241897583,0.0,0.03961823508143425,0.0,1.0,7.4,0.39100000000000007,True,True,False
3.8616437911987305,forward_005,1.8616437911987305,0.05,0.0,0.0,-0.15489797111449674,-0.2279836335417593,-0.2378011105842274,-1.6,-2.75,6.99,0.844,0.9651299715042114,0.07142857142857142,0.06518482649698853,0.0,1.0,7.4,0.39100000000000007,True,True,False
3.882216453552246,forward_005,1.882216453552246,0.05,0.0,0.0,-0.09381144729469522,-0.11671889372712078,-0.21380283336930536,-2.6,-1.68,8.93,1.6110000000000002,0.9038739800453186,0.0,0.032506462186574936,0.0,1.0,7.1,1.3840000000000001,True,True,False
3.902575731277466,forward_005,1.9025757312774658,0.05,0.0,0.0,0.2781618495365963,-0.11017390903214205,-0.06326818538479445,-1.75,-1.34,7.8500000000000005,1.995,0.910398542881012,0.0,0.055157522670924664,0.0,1.0,7.1,1.3840000000000001,True,True,False
3.922940731048584,forward_005,1.922940731048584,0.05,0.0,0.0,0.980656873464314,-0.44833145160604343,-0.1538071403320003,-1.59,-5.32,7.97,1.458,0.9569718837738037,0.07142857142857142,0.06675873743370175,1.0,1.0,7.1,1.3840000000000001,True,True,False
3.9434566497802734,forward_005,1.9434566497802734,0.05,0.0,0.0,1.2937253080407969,-0.4985096676008804,-0.03381575425739013,-2.0300000000000002,-2.57,7.53,1.304,0.9498541355133057,0.0,0.061134289018809795,1.0,1.0,7.1,1.3840000000000001,True,True,False
3.963836908340454,forward_005,1.963836908340454,0.05,0.0,0.0,1.4780757102826978,-0.65558930028037,-0.014180800172453928,-1.18,-2.6,6.37,1.151,0.9381026029586792,0.0,0.04241547919809818,1.0,1.0,7.1,1.3840000000000001,True,True,False
3.9842100143432617,forward_005,1.9842100143432617,0.05,0.0,0.0,1.9842211933610534,-0.8530296719122286,0.12435470920459599,-1.18,-2.6,6.37,0.9970000000000001,0.9048280119895935,0.0,0.044614965096116066,1.0,1.0,7.1,1.3840000000000001,True,True,False
4.004586935043335,forward_005,2.004586935043335,0.05,0.0,0.0,1.5555246958399462,-0.4559672670835186,0.08835729338221293,-1.18,-2.6,6.37,1.227,0.9269106984138489,0.0,0.04167054407298565,1.0,1.0,7.1,1.3840000000000001,True,True,False
4.024948596954346,forward_005,2.0249485969543457,0.05,0.0,0.0,0.5377795757707527,0.22362031041177347,-1.5686146652299038,-2.34,6.1000000000000005,6.23,1.227,0.8047714233398438,0.0,0.061389096081256866,1.0,1.0,7.1,1.3840000000000001,True,True,False
4.045342922210693,forward_005,2.0453429222106934,0.05,0.0,0.0,0.07090400086226964,-0.878118779909647,-2.10530341021816,2.5300000000000002,3.16,8.8,0.9970000000000001,0.8735380172729492,0.0,0.05228676740080118,1.0,0.0,7.1,1.3840000000000001,True,True,False
4.065706729888916,forward_005,2.065706729888916,0.05,0.0,0.0,0.044724062082354694,-0.2007128639793479,-1.490074848890159,-0.62,-1.12,3.41,0.9210000000000002,0.9164019823074341,0.0,0.04300634190440178,1.0,0.0,7.1,1.3840000000000001,True,True,False
4.086235761642456,forward_005,2.086235761642456,0.05,0.0,0.0,-0.014180800172453928,-0.9610219193793778,-0.8737554567796613,1.06,0.93,8.35,0.9970000000000001,0.9429101347923279,0.0,0.06456228345632553,1.0,0.0,7.4,0.298,True,True,False
4.107585430145264,forward_005,2.1075854301452637,0.05,0.0,0.0,-0.1810779098944117,-0.743946593662583,-0.4036073895236887,1.06,0.93,8.35,1.6110000000000002,0.9233464002609253,0.0,0.04831657977774739,1.0,0.0,7.4,0.298,True,True,False
4.1280035972595215,forward_005,2.1280035972595215,0.05,0.0,0.0,-0.210530341021816,-0.7646723785300157,0.47669305195095124,-0.3,2.95,5.97,1.458,0.9729906916618347,0.14285714285714285,0.035326939076185226,1.0,0.0,7.4,0.298,True,True,False
4.148364305496216,forward_005,2.148364305496216,0.05,0.0,0.0,-0.543233729683235,-0.9053895494720584,0.272707695624114,0.29,1.69,6.88,1.534,0.9681496024131775,0.14285714285714285,0.02955482853576541,1.0,0.0,7.4,0.298,True,True,False
4.168726921081543,forward_005,2.168726921081543,0.05,0.0,0.0,-0.6970408700152354,-0.5170537909033202,-0.16035212502697901,0.29,1.69,6.88,0.9210000000000002,0.9692166447639465,0.14285714285714285,0.0206039696931839,1.0,0.0,7.4,0.298,True,True,False
4.189104795455933,forward_005,2.1891047954559326,0.05,0.0,0.0,-0.8453938564347534,-0.16035212502697901,-0.9588402578143848,-0.46,5.86,8.44,0.767,0.9726079702377319,0.14285714285714285,0.08288908947724849,1.0,1.0,7.4,0.298,True,True,False
4.209482192993164,forward_005,2.209482192993164,0.05,0.0,0.0,-0.9293878266869805,0.055632369907319255,-1.720240143996911,-0.46,5.86,8.44,1.074,0.9335357546806335,0.0,0.04739825055003166,1.0,1.0,7.4,0.298,True,True,False
4.2298424243927,forward_005,2.2298424243927,0.05,0.0,0.0,-1.5424347264499887,0.7592182246175333,-2.3649211364523164,-0.46,5.86,8.44,0.46,0.879033088684082,0.0,0.04994767688913271,0.0,1.0,7.4,0.298,True,True,False
4.25020170211792,forward_005,2.25020170211792,0.05,0.0,0.0,-0.7733990247899872,0.8170322560898455,-2.057306855788316,-0.46,5.86,8.44,1.074,0.8887767791748047,0.0,0.026306703686714172,1.0,1.0,7.4,0.298,True,True,False
4.270656585693359,forward_005,2.2706565856933594,0.05,0.0,0.0,-0.28361600344907856,1.22500296874352,-0.5945027764605685,-0.48,-6.58,3.56,1.841,0.8063990473747253,0.0,0.06528995558619499,1.0,1.0,7.4,0.298,True,True,False
4.291025161743164,forward_005,2.291025161743164,0.05,0.0,0.0,0.12980886311707826,0.8148505945248526,0.5170537909033202,-0.2,-4.3100000000000005,6.22,1.381,0.8248201608657837,0.0,0.027383520267903808,1.0,1.0,7.2,1.014,True,True,False
4.311386346817017,forward_005,2.3113863468170166,0.05,0.0,0.0,0.12871803233458182,1.3559026626430948,0.7254024703601433,-0.2,-4.3100000000000005,6.22,1.074,0.7501322627067566,0.0,0.06301549915224314,0.0,1.0,7.2,1.014,True,True,False
4.331750392913818,forward_005,2.3317503929138184,0.05,0.0,0.0,-0.21598449493429828,1.4289883250703572,0.7275841319251362,-0.2,-4.3100000000000005,6.22,0.844,0.7967972159385681,0.0,0.0682758092880249,0.0,1.0,7.2,1.014,True,True,False
4.352112054824829,forward_005,2.352112054824829,0.05,0.0,0.0,-0.5028729907308662,0.7744898555724837,0.8213955792198313,-0.2,-4.3100000000000005,6.22,1.151,0.8290625214576721,0.0,0.09820423647761345,1.0,1.0,7.2,1.014,True,True,False
4.372468948364258,forward_005,2.372468948364258,0.05,0.0,0.0,-0.5552328682906961,0.6981317007977318,0.5988660995905544,-3.58,-0.15,6.34,1.304,0.8449403643608093,0.0,0.07717941701412201,0.0,1.0,7.2,1.014,True,True,False
4.3928468227386475,forward_005,2.3928468227386475,0.05,0.0,0.0,-0.31852258848896514,-0.004363323129985824,0.433059820651093,-3.18,-0.35000000000000003,8.2,1.304,0.8863691091537476,0.0,0.043595610186457634,0.0,1.0,7.2,1.014,True,True,False
4.413201332092285,forward_005,2.413201332092285,0.05,0.0,0.0,-0.13744467859455345,0.08617563181722002,0.08726646259971647,-2.43,-0.33,7.94,1.6110000000000002,0.7493604421615601,0.0,0.023085348308086395,0.0,1.0,7.2,1.014,True,True,False
4.433725833892822,forward_005,2.4337258338928223,0.05,0.0,0.0,0.15271630954950383,-0.1461713248545251,-0.3097959422289935,-2.0100000000000002,-2.44,8.02,1.458,0.8043644428253174,0.0,0.048826729878783226,0.0,1.0,7.2,1.014,True,True,False
4.454109191894531,forward_005,2.4541091918945312,0.05,0.0,0.0,0.6544984694978736,-0.4243331743911214,-0.6632251157578453,-1.33,-5.22,6.82,1.765,0.8889413475990295,0.0,0.08341918420046568,0.0,1.0,7.2,1.014,True,True,False
4.474464654922485,forward_005,2.4744646549224854,0.05,0.0,0.0,0.8901179185171081,-0.5323254218582705,-0.2912518189265537,-0.78,-6.84,6.640000000000001,0.9970000000000001,0.9435859322547913,0.0,0.12638232856988907,1.0,1.0,7.2,1.014,True,True,False
4.494831323623657,forward_005,2.4948313236236572,0.05,0.0,0.0,1.2729995231733642,-0.7395832705325971,0.4701480672559725,-1.35,-5.0600000000000005,7.73,1.458,0.9713299870491028,0.07142857142857142,0.07430717349052429,1.0,1.0,7.0,1.689,True,True,False
4.515572786331177,forward_005,2.5155727863311768,0.05,0.0,0.0,1.4813482026301872,-0.6250460383704692,0.8759371183446542,-1.44,-2.1,4.04,1.151,0.9736468195915222,0.07142857142857142,0.06472526490688324,1.0,1.0,7.0,1.689,True,True,False
4.535944700241089,forward_005,2.535944700241089,0.05,0.0,0.0,1.4344424789828396,-0.5519603759432067,1.069014166846527,-1.81,3.81,9.22,1.6110000000000002,0.9498196244239807,0.0,0.04714903375133872,1.0,1.0,7.0,1.689,True,True,False
4.556306838989258,forward_005,2.556306838989258,0.05,0.0,0.0,0.3119776037939864,0.5726861608106394,-0.3785182815262702,-1.81,3.81,9.22,1.381,0.7672054767608643,0.0,0.051291344687342644,1.0,1.0,7.0,1.689,True,True,False
4.576689958572388,forward_005,2.5766899585723877,0.05,0.0,0.0,0.15707963267948966,0.12326387842209953,-1.5773413114898753,-1.81,3.81,9.22,1.151,0.8817218542098999,0.0,0.07945591583848,1.0,1.0,7.0,1.689,True,True,False
4.5970680713653564,forward_005,2.5970680713653564,0.05,0.0,0.0,0.6294093615004551,0.5039638215133626,-1.7496925751243153,-2.09,2.34,6.84,1.151,0.8701419830322266,0.0,0.07869536895304918,1.0,1.0,7.0,1.689,True,True,False
4.617422819137573,forward_005,2.6174228191375732,0.05,0.0,0.0,0.8617563181722002,0.39924406639370286,-1.746420082776826,-1.17,0.99,7.7,1.074,0.8348209857940674,0.0,0.04598209820687771,1.0,1.0,7.0,1.689,True,True,False
4.637782335281372,forward_005,2.637782335281372,0.05,0.0,0.0,0.37960911230876665,0.0719948316447661,-1.5391622341024993,1.06,-1.87,8.120000000000001,0.9970000000000001,0.870120644569397,0.0,0.06018868833780289,1.0,0.0,7.0,1.689,True,True,False
4.658153057098389,forward_005,2.6581530570983887,0.05,0.0,0.0,0.08726646259971647,-0.37306412761378793,-0.791943148092427,2.04,1.6,6.48,1.381,0.9417731761932373,0.0,0.04229354113340378,1.0,0.0,7.0,1.689,True,True,False
4.67851185798645,forward_005,2.67851185798645,0.05,0.0,0.0,-0.27707101875409984,-0.5083271446433485,-0.385063266221249,-1.05,-1.24,7.55,1.688,0.9758105874061584,0.21428571428571427,0.04507644101977348,1.0,0.0,7.0,1.689,True,True,False
4.698970317840576,forward_005,2.698970317840576,0.05,0.0,0.0,-0.693768377667746,-0.33488505022641196,-0.02945243112740431,-4.64,3.38,6.42,1.534,0.9650186896324158,0.14285714285714285,0.03165755420923233,1.0,0.0,7.5,0.222,True,True,False
4.71934962272644,forward_005,2.7193496227264404,0.05,0.0,0.0,-1.3057244466482578,-0.5094179754258449,-0.5715953300281429,-1.47,4.46,8.55,1.304,0.9515377879142761,0.07142857142857142,0.06298456527292728,1.0,1.0,7.5,0.222,True,True,False
4.739716529846191,forward_005,2.7397165298461914,0.05,0.0,0.0,-1.526072264712542,-0.4505131131710363,-1.1126473981463851,1.49,6.2700000000000005,5.94,0.767,0.9058011770248413,0.0,0.026594676077365875,1.0,1.0,7.5,0.222,True,True,False
4.760276794433594,forward_005,2.7602767944335938,0.05,0.0,0.0,-1.5129822953225844,-0.5868669609830933,-1.4431691252428112,0.63,2.05,8.19,0.6899999999999998,0.9131828546524048,0.0,0.013194426894187927,0.0,1.0,7.5,0.222,True,True,False
4.780649423599243,forward_005,2.780649423599243,0.05,0.0,0.0,-0.8410305333047675,-0.050178215994836975,-1.3624476473380736,0.63,2.05,8.19,0.537,0.872725784778595,0.0,0.01951208896934986,0.0,1.0,7.5,0.222,True,True,False
4.801014184951782,forward_005,2.8010141849517822,0.05,0.0,0.0,-0.08617563181722002,0.9141161957320301,-0.5115996369908379,-3.85,-2.89,7.640000000000001,0.6899999999999998,0.8133180141448975,0.0,0.0588994137942791,1.0,1.0,7.5,0.222,True,True,False
4.821483850479126,forward_005,2.821483850479126,0.05,0.0,0.0,0.17671458676442586,0.6446809924554054,-0.11780972450961724,-2.63,-6.1000000000000005,8.0,0.537,0.8731734752655029,0.0,0.021567922085523605,0.0,1.0,7.5,0.222,True,True,False
4.841905832290649,forward_005,2.8419058322906494,0.05,0.0,0.0,0.3272492347489368,0.8181230868723419,0.24980024919168842,-0.35000000000000003,-3.37,6.54,0.46,0.8412757515907288,0.0,0.028615802526474002,0.0,1.0,7.5,0.222,True,True,False
4.862256050109863,forward_005,2.8622560501098633,0.05,0.0,0.0,0.10471975511965978,0.8203047484373349,0.385063266221249,-0.35000000000000003,-3.37,6.54,0.46,0.9013325572013855,0.0,0.044327912910375744,0.0,1.0,7.5,0.222,True,True,False
4.8826165199279785,forward_005,2.8826165199279785,0.05,0.0,0.0,-0.06326818538479445,0.5235987755982988,0.5421428989007386,-2.18,-1.9000000000000001,8.790000000000001,0.46,0.8771198987960815,0.0,0.07735884370049462,0.0,1.0,7.5,0.222,True,True,False
4.903078317642212,forward_005,2.903078317642212,0.05,0.0,0.0,-0.20289452554434081,0.12980886311707826,0.11671889372712078,-1.11,-1.6,7.83,0.9970000000000001,0.9238477945327759,0.0,0.08360466826707125,0.0,1.0,7.0,1.566,True,True,False
4.923442602157593,forward_005,2.9234426021575928,0.05,0.0,0.0,-0.15707963267948966,0.06981317007977318,0.09708393964218458,-3.0700000000000003,-0.92,7.99,1.074,0.8355915546417236,0.0,0.04349614679813385,0.0,1.0,7.0,1.566,True,True,False
4.9438159465789795,forward_005,2.9438159465789795,0.05,0.0,0.0,-0.04690572364734761,0.09272061651219876,-0.03490658503988659,-3.77,0.77,9.43,1.074,0.9318482875823975,0.0,0.07283127261325717,0.0,1.0,7.0,1.566,True,True,False
4.964169263839722,forward_005,2.9641692638397217,0.05,0.0,0.0,0.055632369907319255,0.004363323129985824,-0.29888763440402893,-2.05,-1.45,9.02,1.688,0.8080487251281738,0.0,0.04061947017908096,0.0,1.0,7.0,1.566,True,True,False
4.984570264816284,forward_005,2.984570264816284,0.05,0.0,0.0,0.26398104936414235,-0.09381144729469522,-0.22580197197676638,-1.7,-2.33,7.26,1.6110000000000002,0.9316691160202026,0.0,0.04338513966649771,0.0,1.0,7.0,1.566,True,True,False
5.005045413970947,forward_005,3.0050454139709473,0.05,0.0,0.0,0.681769239060285,-0.36979163526629855,-0.13308135546456762,-1.46,-3.23,6.69,1.151,0.8950965404510498,0.0,0.041342951357364655,0.0,1.0,7.0,1.566,True,True,False
5.025506019592285,forward_005,3.025506019592285,0.05,0.0,0.0,0.9359328113819593,-0.7712173632249943,-0.2083486794568231,-1.84,-2.75,8.0,1.227,0.9394865036010742,0.0,0.08173903822898865,1.0,1.0,7.0,1.566,True,True,False
5.046002388000488,forward_005,3.0460023880004883,0.05,0.0,0.0,1.0428342280666119,-0.6643159465403417,-0.1832595714594046,-2.47,-3.0700000000000003,7.66,1.304,0.9290728569030762,0.0,0.04303489252924919,1.0,1.0,7.0,1.566,True,True,False
5.066455841064453,forward_005,3.066455841064453,0.05,0.0,0.0,1.6547902970471238,-0.6065019150680295,0.284706834231575,0.05,-3.27,9.620000000000001,1.227,0.9414664506912231,0.0,0.03984646499156952,1.0,1.0,7.0,1.566,True,True,False
5.086815357208252,forward_005,3.086815357208252,0.05,0.0,0.0,1.155189798663747,0.19962203319685143,-0.5890486225480862,0.05,-3.27,9.620000000000001,0.9970000000000001,0.8428594470024109,0.0,0.058806171640753746,1.0,1.0,7.0,1.566,True,True,False
5.107198476791382,forward_005,3.107198476791382,0.05,0.0,0.0,0.7515824091400581,0.1559888018969932,-1.3089969389957472,-1.19,5.05,8.61,1.151,0.8546267151832581,0.0,0.04997505806386471,1.0,1.0,7.3,0.591,True,True,False
5.1281774044036865,forward_005,3.1281774044036865,0.05,0.0,0.0,0.22689280275926285,-0.5170537909033202,-1.7987799603366559,-1.19,5.05,8.61,1.227,0.905541181564331,0.0,0.05179229099303484,1.0,1.0,7.3,0.591,True,True,False
5.148548126220703,forward_005,3.148548126220703,0.05,0.0,0.0,-0.02181661564992912,-0.10799224746714914,-1.4431691252428112,-0.47000000000000003,-0.45,5.2700000000000005,1.074,0.9087367057800293,0.0,0.02513665333390236,1.0,0.0,7.3,0.591,True,True,False
5.168899774551392,forward_005,3.1688997745513916,0.05,0.0,0.0,0.03490658503988659,-0.7363107781851078,-0.8355763793922852,0.79,-0.38,7.33,1.151,0.9411746859550476,0.0,0.04584387317299843,1.0,0.0,7.3,0.591,True,True,False
5.189284563064575,forward_005,3.189284563064575,0.05,0.0,0.0,0.07635815477475191,-0.8552113334772214,-0.17453292519943295,0.34,0.5700000000000001,7.92,1.688,0.958046019077301,0.07142857142857142,0.05021197535097599,1.0,0.0,7.3,0.591,True,True,False
5.209662437438965,forward_005,3.209662437438965,0.05,0.0,0.0,-0.2628902185816459,-0.8203047484373349,0.49414634447089456,0.08,-1.06,7.32,1.074,0.962693989276886,0.14285714285714285,0.041128940880298615,1.0,0.0,7.3,0.591,True,True,False
5.23012638092041,forward_005,3.23012638092041,0.05,0.0,0.0,-0.6806784082777885,-0.7024950239277177,0.4886921905584123,-0.67,1.98,5.74,0.9210000000000002,0.9716609120368958,0.14285714285714285,0.020019598305225372,1.0,0.0,7.3,0.591,True,True,False
5.250498056411743,forward_005,3.250498056411743,0.05,0.0,0.0,-0.9228428419920017,-0.6152285613280012,0.05235987755982989,-0.91,4.37,9.15,0.9210000000000002,0.9837822318077087,0.14285714285714285,0.02638732548803091,1.0,1.0,7.3,0.591,True,True,False
5.271044731140137,forward_005,3.2710447311401367,0.05,0.0,0.0,-1.0930124440614488,-0.3370667117914049,-0.6806784082777885,0.11,5.51,8.21,0.9970000000000001,0.9774391055107117,0.14285714285714285,0.034960903227329254,1.0,1.0,7.3,0.591,True,True,False
5.291412115097046,forward_005,3.291412115097046,0.05,0.0,0.0,-1.2599095537834066,0.07526732399225546,-1.5424347264499887,0.11,5.51,8.21,0.6899999999999998,0.9428943991661072,0.0,0.06651036441326141,1.0,1.0,7.3,0.591,True,True,False
5.311785697937012,forward_005,3.3117856979370117,0.05,0.0,0.0,-0.8508480103472357,0.8813912722571364,-1.720240143996911,0.11,5.51,8.21,0.46,0.9171462655067444,0.0,0.040659468970261514,1.0,1.0,7.3,0.5900000000000001,True,True,False
5.332154273986816,forward_005,3.3321542739868164,0.05,0.0,0.0,-0.5137812985558308,0.9653852425093635,-1.150826475533761,-0.91,-4.42,5.38,0.844,0.8062663674354553,0.0,0.05505254538729787,1.0,1.0,7.3,0.5900000000000001,True,True,False
5.352627754211426,forward_005,3.352627754211426,0.05,0.0,0.0,-0.20507618710933373,0.8213955792198313,-0.6152285613280012,-1.59,-7.78,4.0200000000000005,1.381,0.8301978707313538,0.0,0.02680142130702734,1.0,1.0,7.3,0.5900000000000001,True,True,False
5.3729918003082275,forward_005,3.3729918003082275,0.05,0.0,0.0,0.06872233929727672,0.9730210579868387,0.39924406639370286,-1.59,-7.78,4.0200000000000005,1.227,0.7381339073181152,0.0,0.0770834581926465,1.0,1.0,7.3,0.5900000000000001,True,True,False
5.393358945846558,forward_005,3.3933589458465576,0.05,0.0,0.0,-0.17016960206944712,1.2806353386508393,0.9479319499894202,-1.59,-7.78,4.0200000000000005,0.614,0.5730900764465332,0.0,0.07853361964225769,1.0,1.0,7.3,0.5900000000000001,True,True,False
5.413832187652588,forward_005,3.413832187652588,0.05,0.0,0.0,-0.3490658503988659,0.8901179185171081,1.117010721276371,-1.59,-7.78,4.0200000000000005,0.6899999999999998,0.8489839434623718,0.0,0.06146813929080963,1.0,1.0,7.3,0.5900000000000001,True,True,False
5.434201717376709,forward_005,3.434201717376709,0.05,0.0,0.0,-0.3327033886614191,0.7210391472301574,0.8323038870447959,-0.67,-1.42,6.72,1.227,0.92869633436203,0.0,0.07607925496995449,1.0,1.0,7.3,0.5900000000000001,True,True,False
5.454571723937988,forward_005,3.4545717239379883,0.05,0.0,0.0,-0.2519819107566813,0.4145156973486533,0.8639379797371931,-2.24,-0.26,6.59,1.6110000000000002,0.94257652759552,0.0,0.030946090817451477,0.0,1.0,7.3,0.5900000000000001,True,True,False
5.474928617477417,forward_005,3.474928617477417,0.05,0.0,0.0,0.05781403147231216,0.05999569303730508,0.41015237421866746,-3.25,0.54,9.700000000000001,1.688,0.9166333079338074,0.0,0.03151475638151169,0.0,1.0,7.3,0.5900000000000001,True,True,False
5.495453119277954,forward_005,3.495453119277954,0.05,0.0,0.0,0.2617993877991494,-0.04036073895236887,-0.18435040224190105,-3.47,0.44,8.06,1.458,0.7735413312911987,0.0,0.03903373051434755,0.0,1.0,7.3,0.5900000000000001,True,True,False
5.515819311141968,forward_005,3.5158193111419678,0.05,0.0,0.0,0.6839509006252779,-0.4756022211684548,-0.9239336727744982,-1.05,-4.34,8.16,1.304,0.9485162496566772,0.0,0.15376244112849236,0.0,1.0,7.2,0.9480000000000001,True,True,False
5.536174297332764,forward_005,3.5361742973327637,0.05,0.0,0.0,0.8410305333047675,-0.7024950239277177,-0.5912302841130791,-1.11,-8.49,6.24,0.614,0.8057252764701843,0.0,0.07191933318972588,1.0,1.0,7.2,0.9480000000000001,True,True,False
5.556596517562866,forward_005,3.556596517562866,0.05,0.0,0.0,1.3624476473380736,-1.1104657365813921,0.41996985126113556,-0.45,-2.88,8.950000000000001,0.9210000000000002,0.9229111075401306,0.0,0.1131177581846714,1.0,1.0,7.2,0.9480000000000001,True,True,False
5.576951026916504,forward_005,3.576951026916504,0.05,0.0,0.0,1.4769848795002014,-0.8410305333047675,0.8148505945248526,-0.9400000000000001,0.72,9.14,1.074,0.9311367273330688,0.0,0.10040025040507317,1.0,0.0,7.2,0.9480000000000001,True,True,False
5.597322225570679,forward_005,3.5973222255706787,0.05,0.0,0.0,0.8323038870447959,-0.657770961845363,1.0777408131064985,-0.9400000000000001,0.72,9.14,0.9970000000000001,0.9555524587631226,0.07142857142857142,0.049481453374028206,1.0,0.0,7.2,0.9480000000000001,True,True,False
5.617688417434692,forward_005,3.6176884174346924,0.05,0.0,0.0,0.24434609527920614,-0.3621558197888234,1.1682797680537043,0.65,4.91,8.55,1.381,0.8950328230857849,0.0,0.04483490623533726,1.0,0.0,7.2,0.9480000000000001,True,True,False
5.6382200717926025,forward_005,3.6382200717926025,0.05,0.0,0.0,0.030543261909900768,-0.2399827721492203,0.9926560120717749,-0.04,3.84,6.57,1.227,0.9364448189735413,0.0,0.04536787141114473,1.0,1.0,7.2,0.9480000000000001,True,True,False
5.658585071563721,forward_005,3.6585850715637207,0.05,0.0,0.0,-0.0272707695624114,0.3741549583962844,-0.11126473981463851,-2.91,5.3100000000000005,7.98,1.304,0.9225108027458191,0.0,0.051884062588214874,1.0,1.0,7.2,0.9480000000000001,True,True,False
5.6789422035217285,forward_005,3.6789422035217285,0.05,0.0,0.0,-0.47123889803846897,0.9730210579868387,-0.9337511498169663,-1.9100000000000001,6.04,9.38,0.767,0.8432289361953735,0.0,0.08290068246424198,1.0,1.0,7.2,0.9480000000000001,True,True,False
5.699313640594482,forward_005,3.6993136405944824,0.05,0.0,0.0,-0.09817477042468103,0.9021170571245691,-0.6861325621902709,-2.66,3.71,7.08,0.767,0.8869600296020508,0.0,0.08388700149953365,1.0,1.0,7.2,0.9480000000000001,True,True,False
5.71967625617981,forward_005,3.7196762561798096,0.05,0.0,0.0,0.14289883250703572,0.4374231437810788,-1.4868023565426696,1.93,-2.32,7.390000000000001,0.844,0.8662711977958679,0.0,0.06030773092061281,1.0,1.0,7.1,1.376,True,True,False
5.740034103393555,forward_005,3.7400341033935547,0.05,0.0,0.0,0.08617563181722002,0.4625122517784973,-0.9337511498169663,-0.68,-3.18,4.16,1.304,0.8562000393867493,0.0,0.03663824591785669,1.0,0.0,7.1,1.376,True,True,False
5.760419130325317,forward_005,3.7604191303253174,0.05,0.0,0.0,-0.2279836335417593,-0.09817477042468103,-0.25089107997418486,-0.68,-3.18,4.16,1.534,0.9643265008926392,0.14285714285714285,0.07649468816816807,1.0,0.0,7.1,1.376,True,True,False
5.780780792236328,forward_005,3.780780792236328,0.05,0.0,0.0,-0.6206827152404835,0.48978302134090873,0.34470252726888007,-0.68,-3.18,4.16,1.151,0.8603034615516663,0.0,0.05637002922594547,1.0,0.0,7.1,1.376,True,True,False
5.8011555671691895,forward_005,3.8011555671691895,0.05,0.0,0.0,-0.7417649320975901,0.31852258848896514,0.5366887449882564,-3.72,1.85,3.24,1.458,0.8648511171340942,0.0,0.06651098467409611,1.0,1.0,7.1,1.376,True,True,False
5.821530103683472,forward_005,3.8215301036834717,0.05,0.0,0.0,-1.4366241405478326,-0.5857761302005968,0.20616701789183017,-0.65,1.53,7.69,0.767,0.9615451097488403,0.07142857142857142,0.06475605443120003,1.0,1.0,7.1,1.376,True,True,False
5.841894149780273,forward_005,3.8418941497802734,0.05,0.0,0.0,-2.0420352248333655,0.08726646259971647,-0.1189005552921137,0.36,3.48,7.3500000000000005,0.384,0.8398610949516296,0.0,0.06479629036039114,0.0,1.0,7.1,1.376,True,True,False
5.862304210662842,forward_005,3.862304210662842,0.05,0.0,0.0,-1.1202832136238603,-0.29561514205653955,-0.5214171140333059,0.36,3.48,7.3500000000000005,0.46,0.9369389414787292,0.0,0.05053166899597272,0.0,1.0,7.1,1.376,True,True,False
5.8826611042022705,forward_005,3.8826611042022705,0.05,0.0,0.0,0.08726646259971647,0.2748893571891069,-0.1461713248545251,-3.61,-1.55,9.02,0.614,0.9178736805915833,0.0,0.04751653876155615,0.0,1.0,7.1,1.376,True,True,False
5.903023719787598,forward_005,3.9030237197875977,0.05,0.0,0.0,0.31525009614147576,-0.11453723216212788,0.07090400086226964,0.5700000000000001,-5.48,6.67,0.46,0.9377093315124512,0.0,0.04383166506886482,0.0,1.0,7.1,1.376,True,True,False
5.923489332199097,forward_005,3.9234893321990967,0.05,0.0,0.0,0.23234695667174513,0.20616701789183017,-0.32179508083645453,-1.9000000000000001,-2.58,8.290000000000001,0.767,0.9106777310371399,0.0,0.04316244646906853,0.0,1.0,7.4,0.29100000000000004,True,True,False
5.943850040435791,forward_005,3.943850040435791,0.05,0.0,0.0,0.39924406639370286,0.39051742013373125,-0.03381575425739013,-1.9000000000000001,-2.58,8.290000000000001,0.537,0.8946841955184937,0.0,0.04862475220579654,1.0,1.0,7.4,0.29100000000000004,True,True,False
5.964209079742432,forward_005,3.9642090797424316,0.05,0.0,0.0,0.3076142806640006,0.4265148359561143,0.3741549583962844,0.9400000000000001,-1.05,6.54,0.537,0.8050482273101807,0.0,0.049297016113996506,1.0,1.0,7.4,0.29100000000000004,True,True,False
5.9845871925354,forward_005,3.9845871925354004,0.05,0.0,0.0,0.03381575425739013,0.2301652951067522,0.20725784867432664,-1.54,-1.19,7.41,0.23,0.8593160510063171,0.0,0.027095064520835876,1.0,1.0,7.4,0.29100000000000004,True,True,False
6.0049707889556885,forward_005,4.0049707889556885,0.05,0.0,0.0,-0.08290313946973066,-0.037088246604879506,0.12980886311707826,-1.54,-1.19,7.41,0.46,0.9157800078392029,0.0,0.02143818326294422,1.0,1.0,7.4,0.29100000000000004,True,True,False
6.025338411331177,forward_005,4.025338411331177,0.05,0.0,0.0,0.1734420944169365,-0.05999569303730508,0.6632251157578453,-1.54,-1.19,7.41,0.46,0.8966204524040222,0.0,0.043840788304805756,1.0,1.0,7.4,0.29100000000000004,True,True,False
6.045720815658569,forward_005,4.045720815658569,0.05,0.0,0.0,0.10253809355466686,-0.008726646259971648,0.32288591161895097,-1.35,1.54,7.79,0.537,0.907856822013855,0.0,0.01897669956088066,1.0,1.0,7.4,0.29100000000000004,True,True,False
6.066177129745483,forward_005,4.066177129745483,0.05,0.0,0.0,0.1439896632895322,-0.12326387842209953,-0.13199052468207118,-1.82,2.11,8.6,0.844,0.9546489715576172,0.07142857142857142,0.040934305638074875,1.0,1.0,7.4,0.29100000000000004,True,True,False
6.086530685424805,forward_005,4.086530685424805,0.05,0.0,0.0,0.10581058590215622,-0.23889194136672387,-0.4701480672559725,-3.14,0.55,8.11,0.767,0.9773194789886475,0.14285714285714285,0.054058363661170006,1.0,1.0,7.4,0.29100000000000004,True,True,False
6.106895685195923,forward_005,4.106895685195923,0.05,0.0,0.0,0.04363323129985824,-0.28579766501407144,-0.607592745850526,-1.86,0.43,8.25,0.46,0.9671581387519836,0.14285714285714285,0.04893217980861664,1.0,1.0,7.4,0.29100000000000004,True,True,False
6.1272711753845215,forward_005,4.1272711753845215,0.05,0.0,0.0,-0.00545415391248228,-0.41233403578366035,-0.7461282552275759,-1.99,0.31,8.120000000000001,0.6899999999999998,0.9597361087799072,0.07142857142857142,0.052707475610077374,0.0,1.0,7.4,0.32900000000000007,True,True,False
6.148244380950928,forward_005,4.148244380950928,0.05,0.0,0.0,0.05345070834232634,-0.4526947747360292,-0.6283185307179586,-1.07,-2.08,8.28,0.9970000000000001,0.9616671800613403,0.14285714285714285,0.03425882197916508,0.0,1.0,7.4,0.32900000000000007,True,True,False
6.168610572814941,forward_005,4.168610572814941,0.05,0.0,0.0,0.3141592653589793,-0.5803219762881145,-0.11671889372712078,-0.62,-1.76,8.89,0.844,0.9687884449958801,0.07142857142857142,0.03547167684882879,1.0,1.0,7.4,0.32900000000000007,True,True,False
6.189029216766357,forward_005,4.189029216766357,0.05,0.0,0.0,0.459239759431008,-0.4919646829059016,-0.10362892433716332,-0.62,-1.76,8.89,1.151,0.9695932269096375,0.07142857142857142,0.020993411540985107,1.0,1.0,7.4,0.32900000000000007,True,True,False
6.209394931793213,forward_005,4.209394931793213,0.05,0.0,0.0,0.4537856055185257,-0.3370667117914049,-0.1265363707695889,-0.62,-1.76,8.89,0.9970000000000001,0.971811830997467,0.07142857142857142,0.016715362668037415,1.0,1.0,7.4,0.32900000000000007,True,True,False
6.229776620864868,forward_005,4.229776620864868,0.05,0.0,0.0,0.3665191429188092,0.1810779098944117,-0.4985096676008804,-0.62,-1.76,8.89,0.614,0.9668754935264587,0.07142857142857142,0.03342901496216655,1.0,1.0,7.4,0.32900000000000007,True,True,False
6.2501513957977295,forward_005,4.2501513957977295,0.05,0.0,0.0,0.2279836335417593,0.34143003492139073,-1.4006267247254494,-1.58,0.2,8.86,0.614,0.9412218928337097,0.0,0.0675535500049591,1.0,1.0,7.4,0.32900000000000007,True,True,False
6.270515441894531,forward_005,4.270515441894531,0.05,0.0,0.0,0.2901609881440573,0.12544553998709243,-1.44971410993779,-0.7000000000000001,-1.31,8.41,0.767,0.9269416928291321,0.0,0.04796038009226322,1.0,1.0,7.4,0.32900000000000007,True,True,False
6.290891170501709,forward_005,4.290891170501709,0.05,0.0,0.0,0.3861540970037454,-0.03490658503988659,-1.1311915214488248,-0.13,-1.8900000000000001,8.35,0.9210000000000002,0.9305144548416138,0.0,0.023563682101666927,1.0,1.0,7.4,0.32900000000000007,True,True,False
6.311548233032227,forward_005,4.311548233032227,0.05,0.0,0.0,0.2901609881440573,0.13744467859455345,-0.8028514559173916,-0.72,-2.19,6.41,1.074,0.9384542107582092,0.0,0.03725227154791355,1.0,1.0,7.4,0.32900000000000007,True,True,False
6.3319244384765625,forward_005,4.3319244384765625,0.05,0.0,0.0,0.13853550937704992,-0.4177881896961426,-0.23234695667174513,0.32,-1.06,9.02,1.304,0.9633049964904785,0.21428571428571427,0.07286756578832865,1.0,0.0,7.4,0.219,True,True,False
6.352284908294678,forward_005,4.352284908294678,0.05,0.0,0.0,-0.1090830782496456,-0.05672320068981571,0.9566585962493919,-0.34,-1.07,8.63,1.304,0.9479383826255798,0.0,0.09901251643896103,1.0,1.0,7.4,0.219,True,True,False
6.372649431228638,forward_005,4.372649431228638,0.05,0.0,0.0,-0.2748893571891069,-0.06981317007977318,1.2479104151759457,-0.96,3.63,7.79,1.074,0.9580047726631165,0.14285714285714285,0.030902143567800522,1.0,1.0,7.4,0.219,True,True,False
6.393003225326538,forward_005,4.393003225326538,0.05,0.0,0.0,-0.7188574856651645,-0.20398535632683726,1.1650072757062149,-0.96,3.63,7.79,0.6899999999999998,0.9824825525283813,0.14285714285714285,0.017550060525536537,1.0,1.0,7.4,0.219,True,True,False
6.4134204387664795,forward_005,4.4134204387664795,0.05,0.0,0.0,-1.2173671532660448,0.16798794050445423,0.32615840396644036,-0.96,3.63,7.79,0.6899999999999998,0.932637631893158,0.0,0.0506628081202507,1.0,1.0,7.4,0.219,True,True,False
6.433798313140869,forward_005,4.433798313140869,0.05,0.0,0.0,-0.6795875774952921,0.5759586531581288,-0.17562375598192942,-0.49,2.8000000000000003,6.3500000000000005,1.151,0.8545101284980774,0.0,0.03309938497841358,1.0,1.0,7.4,0.219,True,True,False
6.4541685581207275,forward_005,4.4541685581207275,0.05,0.0,0.0,-0.12544553998709243,0.5977752688080579,-0.3490658503988659,-0.85,-0.56,5.97,0.767,0.8523735404014587,0.0,0.023685160093009472,1.0,1.0,7.4,0.219,True,True,False
6.4745774269104,forward_005,4.4745774269104,0.05,0.0,0.0,0.24652775684419906,0.346884188833873,-1.1257373675363425,-1.43,-4.3100000000000005,9.71,0.307,0.8766270279884338,0.0,0.06382284872233868,0.0,1.0,7.4,0.219,True,True,False
6.495094537734985,forward_005,4.495094537734985,0.05,0.0,0.0,0.13199052468207118,0.9250245035569946,-1.1835513990086548,-1.43,-4.3100000000000005,9.71,0.46,0.7943543791770935,0.0,0.0340203121304512,0.0,1.0,7.4,0.219,True,True,False
6.515466928482056,forward_005,4.515466928482056,0.05,0.0,0.0,0.09381144729469522,1.0951941056264418,-0.5606870222031783,-1.43,-4.3100000000000005,9.71,0.537,0.8246314525604248,0.0,0.06467346288263798,1.0,1.0,7.4,0.219,True,True,False
6.535950660705566,forward_005,4.535950660705566,0.05,0.0,0.0,0.19634954084936207,0.5857761302005968,0.18871372537188688,-1.12,-2.29,7.41,0.9970000000000001,0.8498587608337402,0.0,0.02304750680923462,1.0,1.0,7.2,1.1230000000000002,True,True,False
6.5563201904296875,forward_005,4.5563201904296875,0.05,0.0,0.0,0.12435470920459599,0.6403176693254197,0.46796640569097964,-3.95,-2.63,8.69,0.767,0.8362218737602234,0.0,0.09681983105838299,1.0,1.0,7.2,1.1230000000000002,True,True,False
6.576687335968018,forward_005,4.576687335968018,0.05,0.0,0.0,-0.2923426497090502,0.657770961845363,1.0875582901489667,-4.4,0.13,8.88,0.844,0.9326266646385193,0.0,0.11645396053791046,1.0,1.0,7.2,1.1230000000000002,True,True,False
6.597044944763184,forward_005,4.597044944763184,0.05,0.0,0.0,-0.40251655874119224,0.6337726846304409,1.227184630308513,-2.4,2.23,7.69,1.304,0.9567431211471558,0.07142857142857142,0.08310478739440441,1.0,1.0,7.2,1.1230000000000002,True,True,False
6.617508888244629,forward_005,4.617508888244629,0.05,0.0,0.0,-0.41996985126113556,0.30652344988150415,0.6337726846304409,-1.93,1.7,7.48,1.304,0.8823286890983582,0.0,0.0947643294930458,0.0,1.0,7.2,1.1230000000000002,True,True,False
6.637873411178589,forward_005,4.637873411178589,0.05,0.0,0.0,-0.27598018797160334,0.03381575425739013,0.27598018797160334,-3.63,2.05,7.88,1.381,0.8506398797035217,0.0,0.04841502383351325,0.0,1.0,7.2,1.1230000000000002,True,True,False
6.658249855041504,forward_005,4.658249855041504,0.05,0.0,0.0,-0.1189005552921137,-0.16035212502697901,-0.05999569303730508,-3.22,-0.88,8.42,1.688,0.8675423860549927,0.0,0.0327713442966342,0.0,1.0,7.2,1.1230000000000002,True,True,False
6.6786277294158936,forward_005,4.6786277294158936,0.05,0.0,0.0,0.28034351110158917,-0.48651052899341934,-0.23452861823673804,-2.82,-2.07,8.51,1.6110000000000002,0.9079863429069519,0.0,0.08312845788896084,0.0,1.0,7.2,1.1230000000000002,True,True,False
6.699477672576904,forward_005,4.699477672576904,0.05,0.0,0.0,0.856302164259718,-0.7275841319251362,-0.830122225479803,-1.93,-6.19,9.41,0.9210000000000002,0.919772744178772,0.0,0.07873717555776238,0.0,1.0,7.2,1.1230000000000002,True,True,False
6.7198357582092285,forward_005,4.7198357582092285,0.05,0.0,0.0,0.96647607329186,-0.9490227807719167,-0.4734205596034619,-0.35000000000000003,-2.93,7.43,0.9210000000000002,0.9660565257072449,0.07142857142857142,0.062369175255298615,0.0,1.0,7.2,1.1230000000000002,True,True,False
6.740211486816406,forward_005,4.740211486816406,0.05,0.0,0.0,1.2860894925633215,-1.1093749057988957,0.4985096676008804,-1.98,-1.56,7.92,1.304,0.9905181527137756,0.07142857142857142,0.06183690996840596,1.0,1.0,7.3,0.9160000000000001,True,True,False
6.760563850402832,forward_005,4.760563850402832,0.05,0.0,0.0,1.475894048717705,-0.9293878266869805,0.6664976081053346,-2.59,-4.46,6.21,1.074,0.9427949786186218,0.0,0.06735168663726654,1.0,1.0,7.3,0.9160000000000001,True,True,False
6.780927658081055,forward_005,4.780927658081055,0.05,0.0,0.0,1.5544338650574498,-0.8715737952146683,0.9326603190344699,0.29,-2.08,8.83,1.227,0.9436801075935364,0.0,0.04847758635878563,1.0,1.0,7.3,0.9160000000000001,True,True,False
6.80129075050354,forward_005,4.80129075050354,0.05,0.0,0.0,0.8377580409572782,-0.1559888018969932,0.5606870222031783,0.29,-2.08,8.83,1.074,0.9269903898239136,0.0,0.10528599098324776,1.0,1.0,7.3,0.9160000000000001,True,True,False
6.821656227111816,forward_005,4.821656227111816,0.05,0.0,0.0,0.05781403147231216,0.3174317577064687,0.011999138607461015,2.24,6.55,9.35,1.227,0.8336573839187622,0.0,0.04502168204635382,1.0,1.0,7.3,0.9160000000000001,True,True,False
6.84208869934082,forward_005,4.84208869934082,0.05,0.0,0.0,-0.10035643198967395,-0.31634092692397225,-0.47778388273344774,2.24,6.55,9.35,0.844,0.9013456106185913,0.0,0.048687366768717766,1.0,0.0,7.3,0.9160000000000001,True,True,False
6.862450361251831,forward_005,4.862450361251831,0.05,0.0,0.0,0.0719948316447661,0.35779249665883756,-0.8966629032120869,-1.92,0.49,6.4,0.9210000000000002,0.90963214635849,0.0,0.0782507685944438,1.0,0.0,7.3,0.9160000000000001,True,True,False
6.882814168930054,forward_005,4.882814168930054,0.05,0.0,0.0,0.10253809355466686,-0.10144726277217041,-0.29343348049154666,-1.46,1.3800000000000001,7.86,0.9970000000000001,0.9466096758842468,0.0,0.099650414660573,1.0,0.0,7.3,0.9160000000000001,True,True,False
6.9031736850738525,forward_005,4.9031736850738525,0.05,0.0,0.0,-0.22471114119426994,-0.32179508083645453,-0.24434609527920614,-0.33,2.68,7.8,1.074,0.9730902910232544,0.14285714285714285,0.03923962917178869,1.0,0.0,7.3,0.9160000000000001,True,True,False
6.923553466796875,forward_005,4.923553466796875,0.05,0.0,0.0,-0.5301437602932776,0.2585268954516601,-0.459239759431008,-1.8,2.17,5.55,1.381,0.9131529331207275,0.0,0.05703339818865061,1.0,0.0,7.3,0.9160000000000001,True,True,False
6.94392728805542,forward_005,4.94392728805542,0.05,0.0,0.0,-0.5497787143782138,-0.07635815477475191,0.09817477042468103,-0.71,1.94,8.91,1.6110000000000002,0.9446014165878296,0.0,0.056621567113325,1.0,0.0,7.4,0.20600000000000002,True,True,False
6.9643120765686035,forward_005,4.9643120765686035,0.05,0.0,0.0,-0.7395832705325971,0.05672320068981571,0.1832595714594046,-1.9100000000000001,2.42,7.3100000000000005,1.151,0.9311846494674683,0.0,0.031621125526726246,1.0,0.0,7.4,0.20600000000000002,True,True,False
6.984673261642456,forward_005,4.984673261642456,0.05,0.0,0.0,-0.8999353955595761,0.06654067773228381,0.08617563181722002,-1.41,3.8200000000000003,8.3,0.537,0.9043686389923096,0.0,0.024682562798261642,1.0,1.0,7.4,0.20600000000000002,True,True,False
7.005037069320679,forward_005,5.005037069320679,0.05,0.0,0.0,-1.0853766285839737,0.2923426497090502,-0.2977968036215325,-1.61,5.09,9.700000000000001,0.614,0.8600692749023438,0.0,0.019907645881175995,1.0,1.0,7.4,0.20600000000000002,True,True,False
7.025419235229492,forward_005,5.025419235229492,0.05,0.0,0.0,-1.1846422297911512,0.16471544815696484,-0.8213955792198313,-1.61,5.09,9.700000000000001,0.614,0.9081580638885498,0.0,0.02813715860247612,0.0,1.0,7.4,0.20600000000000002,True,True,False
7.045794486999512,forward_005,5.045794486999512,0.05,0.0,0.0,-0.6479534848028948,0.45814892864851153,-0.6632251157578453,-1.61,5.09,9.700000000000001,0.46,0.8724004030227661,0.0,0.015461097122170031,0.0,1.0,7.4,0.20600000000000002,True,True,False
7.066179275512695,forward_005,5.066179275512695,0.05,0.0,0.0,-0.1461713248545251,0.5181446216858165,0.022907446432425576,-1.1500000000000001,-5.93,8.44,0.46,0.8755727410316467,0.0,0.0651149284094572,0.0,1.0,7.4,0.20600000000000002,True,True,False
7.086543321609497,forward_005,5.086543321609497,0.05,0.0,0.0,-0.06654067773228381,0.2083486794568231,-0.1090830782496456,-1.95,-5.5600000000000005,7.0600000000000005,0.6899999999999998,0.9431872963905334,0.0,0.03149984031915665,0.0,1.0,7.4,0.20600000000000002,True,True,False
7.106903314590454,forward_005,5.106903314590454,0.05,0.0,0.0,-0.2378011105842274,0.28907015736156083,0.14508049407202864,-4.0200000000000005,-2.22,8.55,0.537,0.9243221282958984,0.0,0.042098195757716894,0.0,1.0,7.4,0.20600000000000002,True,True,False
7.127362251281738,forward_005,5.127362251281738,0.05,0.0,0.0,-0.30870511144649704,0.2912518189265537,0.3108867730114899,-2.79,-5.55,9.23,0.537,0.8793250918388367,0.0,0.08544569741934538,0.0,1.0,7.4,0.20600000000000002,True,True,False
7.14775538444519,forward_005,5.14775538444519,0.05,0.0,0.0,-0.34033920413889424,0.24980024919168842,0.495237175253391,-1.06,-1.74,8.1,0.767,0.9062471389770508,0.0,0.08135370630770922,0.0,1.0,7.1,1.442,True,True,False
7.169094085693359,forward_005,5.169094085693359,0.05,0.0,0.0,-0.28907015736156083,-0.006544984694978736,0.12544553998709243,-1.85,-2.64,8.11,0.6899999999999998,0.9471423029899597,0.0,0.05604824796319008,0.0,1.0,7.1,1.442,True,True,False
7.189470052719116,forward_005,5.189470052719116,0.05,0.0,0.0,-0.1559888018969932,-0.26616271092913524,0.13199052468207118,-3.0100000000000002,-1.23,8.43,0.767,0.9292218685150146,0.0,0.043014831840991974,0.0,1.0,7.1,1.442,True,True,False
7.21007513999939,forward_005,5.21007513999939,0.05,0.0,0.0,-0.1090830782496456,-0.2792526803190927,0.05235987755982989,-2.49,-1.97,7.62,1.765,0.8637601733207703,0.0,0.043177283369004726,0.0,1.0,7.1,1.442,True,True,False
7.2304558753967285,forward_005,5.2304558753967285,0.05,0.0,0.0,0.24107360293171676,-0.38288160465625604,0.03599741582238305,-1.8,-0.91,6.98,1.841,0.8564352989196777,0.0,0.027649767696857452,0.0,1.0,7.1,1.442,True,True,False
7.250817537307739,forward_005,5.250817537307739,0.05,0.0,0.0,0.8792096106921435,-0.619591884457987,-0.14289883250703572,-2.36,-3.49,7.2,1.765,0.9688897728919983,0.07142857142857142,0.05678107216954231,1.0,1.0,7.1,1.442,True,True,False
7.27117657661438,forward_005,5.27117657661438,0.05,0.0,0.0,1.2402745996984705,-0.7330382858376184,-0.33597588100890846,-1.72,-3.63,7.16,1.458,0.9398829340934753,0.0,0.060497088357806206,1.0,1.0,7.1,1.442,True,True,False
7.291647434234619,forward_005,5.291647434234619,0.05,0.0,0.0,1.3973542323779602,-1.0602875205865552,-0.19962203319685143,-2.1,-3.04,7.94,0.844,0.9383475184440613,0.0,0.04093991429544985,1.0,1.0,7.1,1.442,True,True,False
7.312028884887695,forward_005,5.312028884887695,0.05,0.0,0.0,1.858775653373961,-1.0777408131064985,0.14726215563702155,-2.1,-3.04,7.94,0.9970000000000001,0.93599534034729,0.0,0.04006026964634657,1.0,1.0,7.1,1.442,True,True,False
7.332401990890503,forward_005,5.332401990890503,0.05,0.0,0.0,1.3537210010781018,-0.6185010536754906,0.07963064712224129,-2.1,-3.04,7.94,1.227,0.9518331289291382,0.07142857142857142,0.04875077027827501,1.0,1.0,7.1,1.442,True,True,False
7.3527607917785645,forward_005,5.3527607917785645,0.05,0.0,0.0,0.4439681284760576,-0.11671889372712078,-1.595885434792315,-0.99,5.11,7.05,1.227,0.8565381765365601,0.0,0.055951084941625595,1.0,1.0,7.4,0.369,True,True,False
7.37312126159668,forward_005,5.37312126159668,0.05,0.0,0.0,0.061086523819801536,-0.9424777960769379,-1.9165896848462731,3.15,0.8,7.0,0.9210000000000002,0.8543447256088257,0.0,0.03656707517802715,1.0,0.0,7.4,0.369,True,True,False
7.39351224899292,forward_005,5.39351224899292,0.05,0.0,0.0,-0.050178215994836975,-0.3937899124812206,-1.299179461953279,1.54,-1.85,5.3,0.9210000000000002,0.9197400212287903,0.0,0.035173311829566956,1.0,0.0,7.4,0.369,True,True,False
7.413887023925781,forward_005,5.413887023925781,0.05,0.0,0.0,-0.11235557059713497,-0.9512044423369096,-0.8879362569521152,0.21,1.01,8.52,1.151,0.9600114226341248,0.07142857142857142,0.05659619066864252,1.0,0.0,7.4,0.369,True,True,False
7.434267044067383,forward_005,5.434267044067383,0.05,0.0,0.0,-0.21925698728178766,-1.1464631524037752,-0.5039638215133626,-2.2800000000000002,0.62,7.44,1.688,0.9858950972557068,0.07142857142857142,0.03043833514675498,1.0,0.0,7.4,0.369,True,True,False
7.4546332359313965,forward_005,5.4546332359313965,0.05,0.0,0.0,-0.28907015736156083,-0.7668540400950086,0.358883327441334,1.18,1.82,5.61,1.458,0.957693874835968,0.07142857142857142,0.057159166783094406,1.0,0.0,7.4,0.369,True,True,False
7.474989175796509,forward_005,5.474989175796509,0.05,0.0,0.0,-0.5301437602932776,-1.00029182754925,0.5421428989007386,0.56,4.0600000000000005,8.63,1.458,0.9770656824111938,0.14285714285714285,0.015868552029132843,1.0,0.0,7.4,0.369,True,True,False
7.495352268218994,forward_005,5.495352268218994,0.05,0.0,0.0,-0.559596191420682,-1.0788316438889949,0.28361600344907856,0.56,4.0600000000000005,8.63,0.844,0.9814239144325256,0.14285714285714285,0.03134781867265701,1.0,1.0,7.4,0.369,True,True,False
7.5157248973846436,forward_005,5.5157248973846436,0.05,0.0,0.0,-0.7014041931452212,-0.5083271446433485,-0.34797501961636945,0.5700000000000001,5.54,8.15,0.6899999999999998,0.9729399085044861,0.14285714285714285,0.03619903326034546,1.0,1.0,7.4,0.369,True,True,False
7.536087989807129,forward_005,5.536087989807129,0.05,0.0,0.0,-0.8443030256522569,0.12326387842209953,-1.2522737383059315,0.5700000000000001,5.54,8.15,0.767,0.9431098103523254,0.0,0.07227076776325703,1.0,1.0,7.4,0.369,True,True,False
7.556447505950928,forward_005,5.556447505950928,0.05,0.0,0.0,-1.0755591515415055,0.2977968036215325,-1.784599160164202,0.5700000000000001,5.54,8.15,1.074,0.9162781238555908,0.0,0.06768564134836197,0.0,1.0,7.4,0.546,True,True,False
7.5768022537231445,forward_005,5.5768022537231445,0.05,0.0,0.0,-0.9337511498169663,0.5868669609830933,-2.3092887665449973,0.5700000000000001,5.54,8.15,0.537,0.8889169096946716,0.0,0.036696325056254864,0.0,1.0,7.4,0.546,True,True,False
7.59717583656311,forward_005,5.59717583656311,0.05,0.0,0.0,-0.5039638215133626,0.581412807070611,-2.0082194705759755,1.0,-9.17,6.59,1.304,0.8653885722160339,0.0,0.05284250155091286,1.0,1.0,7.4,0.546,True,True,False
7.617607355117798,forward_005,5.617607355117798,0.05,0.0,0.0,-0.014180800172453928,0.7712173632249943,-0.5225079448158024,-0.8200000000000001,-4.78,9.290000000000001,1.688,0.8473926186561584,0.0,0.030169259756803513,1.0,1.0,7.4,0.546,True,True,False
7.637990474700928,forward_005,5.637990474700928,0.05,0.0,0.0,0.3370667117914049,1.2086405070060733,0.1559888018969932,-0.8200000000000001,-4.78,9.290000000000001,1.6110000000000002,0.7936584949493408,0.0,0.051511212484911084,1.0,1.0,7.4,0.546,True,True,False
7.6583592891693115,forward_005,5.6583592891693115,0.05,0.0,0.0,0.22689280275926285,1.4038992170729387,0.6697701004528239,-0.35000000000000003,-5.22,7.5200000000000005,0.6899999999999998,0.7111473083496094,0.0,0.11112055554986,1.0,1.0,7.4,0.546,True,True,False
7.678721904754639,forward_005,5.678721904754639,0.05,0.0,0.0,-0.006544984694978736,1.0799224746714915,1.124646536753846,-1.09,-1.51,8.540000000000001,0.767,0.7933995723724365,0.0,0.08225378394126892,1.0,1.0,7.4,0.546,True,True,False
7.699089527130127,forward_005,5.699089527130127,0.05,0.0,0.0,-0.11562806294462433,0.7712173632249943,0.7548549014875475,-1.09,-1.51,8.540000000000001,1.227,0.9311931133270264,0.0,0.048756079748272896,1.0,1.0,7.4,0.546,True,True,False
7.719570636749268,forward_005,5.719570636749268,0.05,0.0,0.0,-0.1505346479845109,0.7068583470577035,0.2694352032766246,-1.27,-0.43,7.42,1.458,0.8265606164932251,0.0,0.03548266738653183,0.0,1.0,7.4,0.546,True,True,False
7.739948034286499,forward_005,5.739948034286499,0.05,0.0,0.0,-0.15707963267948966,0.3097959422289935,0.031634092692397225,-2.4,0.61,6.53,1.765,0.7524889707565308,0.0,0.03554169833660126,0.0,1.0,7.4,0.546,True,True,False
7.7603137493133545,forward_005,5.7603137493133545,0.05,0.0,0.0,0.015271630954950384,0.08399397025222712,-0.42215151282612845,-3.18,-2.0100000000000002,6.32,1.458,0.8249024748802185,0.0,0.04135847091674805,0.0,1.0,7.0,1.339,True,True,False
7.780677080154419,forward_005,5.780677080154419,0.05,0.0,0.0,0.5148721293383273,-0.3534291735288517,-0.7188574856651645,-2.71,-1.69,8.36,1.458,0.8332422375679016,0.0,0.0662495568394661,1.0,1.0,7.0,1.339,True,True,False
7.801044702529907,forward_005,5.801044702529907,0.05,0.0,0.0,0.9937468428542714,-0.5214171140333059,-0.6981317007977318,-1.22,-5.82,8.66,0.9210000000000002,0.9450737237930298,0.0,0.10559418797492981,1.0,1.0,7.0,1.339,True,True,False
7.821481227874756,forward_005,5.821481227874756,0.05,0.0,0.0,1.0101093045917182,-0.6326818538479445,-0.4505131131710363,0.05,-3.42,7.0,0.9970000000000001,0.9615161418914795,0.07142857142857142,0.09815560467541218,1.0,1.0,7.0,1.339,True,True,False
7.841858148574829,forward_005,5.841858148574829,0.05,0.0,0.0,1.2479104151759457,-0.8388488717397746,0.31634092692397225,0.22,-1.77,8.790000000000001,1.151,0.9657743573188782,0.07142857142857142,0.08838929980993271,1.0,1.0,7.0,1.339,True,True,False
7.86222243309021,forward_005,5.86222243309021,0.05,0.0,0.0,1.189005552921137,-0.6730425928003133,0.6654067773228381,0.22,-1.77,8.790000000000001,1.074,0.942700207233429,0.0,0.031018574256449938,1.0,1.0,7.0,1.339,True,True,False
7.882591724395752,forward_005,5.882591724395752,0.05,0.0,0.0,0.743946593662583,-0.533416252640767,0.8410305333047675,0.22,-1.77,8.790000000000001,0.9970000000000001,0.937298059463501,0.0,0.05396794527769089,1.0,1.0,7.0,1.339,True,True,False
7.902957201004028,forward_005,5.902957201004028,0.05,0.0,0.0,0.2977968036215325,-0.17016960206944712,0.39924406639370286,0.22,-1.77,8.790000000000001,1.534,0.96043860912323,0.07142857142857142,0.0707123726606369,1.0,1.0,7.0,1.339,True,True,False
7.923335313796997,forward_005,5.923335313796997,0.05,0.0,0.0,0.22143864884678055,0.46469391334349025,-0.6708609312353204,0.22,-1.77,8.790000000000001,1.227,0.9286656379699707,0.0,0.047899261116981506,1.0,1.0,7.0,1.339,True,True,False
7.943709850311279,forward_005,5.943709850311279,0.05,0.0,0.0,0.004363323129985824,0.2552544031041707,-0.8792096106921435,-2.85,2.5,5.93,0.9210000000000002,0.9296650290489197,0.0,0.10716033726930618,1.0,1.0,7.0,1.339,True,True,False
7.96407413482666,forward_005,5.96407413482666,0.05,0.0,0.0,-0.2181661564992912,0.07417649320975901,-1.2937253080407969,-0.06,-0.31,3.2600000000000002,0.844,0.9073514938354492,0.0,0.047075146809220314,1.0,0.0,7.2,0.721,True,True,False
7.984499931335449,forward_005,5.984499931335449,0.05,0.0,0.0,-0.27707101875409984,0.1407171709420428,-1.2740903539558606,-0.23,-0.66,5.43,0.9970000000000001,0.8779666423797607,0.0,0.019260773435235023,1.0,0.0,7.2,0.721,True,True,False
8.004860639572144,stop_after_005,0.004860639572143555,0.0,0.0,0.0,-0.5268712679457882,-0.4166973589136462,-0.17780541754692233,-0.23,-0.66,5.43,1.6110000000000002,0.9160013794898987,0.0,0.07425244525074959,1.0,0.0,7.2,0.721,True,True,False
8.025235652923584,stop_after_005,0.025235652923583984,0.0,0.0,0.0,-0.7821256710499589,-0.18435040224190105,0.6021385919380436,-0.28,0.74,7.8100000000000005,1.381,0.8216429948806763,0.0,0.05186841078102589,1.0,1.0,7.2,0.721,True,True,False
8.04570722579956,stop_after_005,0.04570722579956055,0.0,0.0,0.0,-1.1181015520588673,-0.33052172709642613,0.9926560120717749,-1.09,1.28,4.62,1.534,0.791447103023529,0.0,0.026378471637144685,1.0,1.0,7.2,0.721,True,True,False
8.066075325012207,stop_after_005,0.06607532501220703,0.0,0.0,0.0,-1.6427911584396626,-0.32288591161895097,0.5846852994181004,-1.09,1.28,4.62,0.9210000000000002,0.8135471940040588,0.0,0.01699240505695343,0.0,1.0,7.2,0.721,True,True,False
8.08644700050354,stop_after_005,0.08644700050354004,0.0,0.0,0.0,-1.5566155266224426,-0.05781403147231216,-0.17780541754692233,-1.09,1.28,4.62,0.9970000000000001,0.7839832901954651,0.0,0.01996595412492752,0.0,1.0,7.2,0.721,True,True,False
8.10682463645935,stop_after_005,0.10682463645935059,0.0,0.0,0.0,-0.44833145160604343,0.6490443155853913,0.25089107997418486,-2.9,-1.3800000000000001,8.38,0.767,0.8950453400611877,0.0,0.031399733386933804,0.0,1.0,7.2,0.721,True,True,False
8.12729525566101,stop_after_005,0.12729525566101074,0.0,0.0,0.0,-0.07417649320975901,0.33161255787892263,0.12326387842209953,-0.26,-3.5500000000000003,8.32,0.6899999999999998,0.8005149364471436,0.0,0.016875002533197403,0.0,1.0,7.2,0.721,True,True,False
8.147669315338135,stop_after_005,0.14766931533813477,0.0,0.0,0.0,0.21162117180431245,0.08072147790473774,-0.5508695451607103,-0.05,-3.74,9.76,0.537,0.8615509867668152,0.0,0.034190259873867035,0.0,1.0,7.2,0.721,True,True,False
8.168031454086304,stop_after_005,0.1680314540863037,0.0,0.0,0.0,0.4265148359561143,0.4188790204786391,-0.36324665057131983,-2.22,-3.56,8.13,0.614,0.8505309224128723,0.0,0.031201196834445,1.0,1.0,7.4,0.36200000000000004,True,True,False
8.189732551574707,stop_after_005,0.18973255157470703,0.0,0.0,0.0,0.5159629601208237,-0.007635815477475192,0.011999138607461015,-1.75,-3.92,8.77,0.537,0.8915087580680847,0.0,0.015965630067512393,1.0,1.0,7.4,0.36200000000000004,True,True,False
8.210482358932495,stop_after_005,0.21048235893249512,0.0,0.0,0.0,0.1308996938995747,0.09926560120717749,-0.24434609527920614,-2.72,-2.7,7.8,0.537,0.9057573080062866,0.0,0.024789992719888687,1.0,1.0,7.4,0.36200000000000004,True,True,False
8.230956077575684,stop_after_005,0.2309560775756836,0.0,0.0,0.0,-0.020725784867432664,0.2552544031041707,-0.39706240482870997,-1.26,-2.4,8.32,0.614,0.8977423906326294,0.0,0.011231265438254923,1.0,1.0,7.4,0.36200000000000004,True,True,False
8.251327753067017,stop_after_005,0.2513277530670166,0.0,0.0,0.0,0.20725784867432664,-0.06763150851478027,0.12217304763960307,-1.26,-2.4,8.32,0.614,0.8913811445236206,0.0,0.014547934755682947,1.0,1.0,7.4,0.36200000000000004,True,True,False
8.271715879440308,stop_after_005,0.2717158794403076,0.0,0.0,0.0,0.17562375598192942,-0.19525871006686563,0.45705809786601503,-1.1,0.72,8.18,0.6899999999999998,0.8865554928779602,0.0,0.007095764274708927,1.0,1.0,7.4,0.36200000000000004,True,True,False
8.29209041595459,stop_after_005,0.29209041595458984,0.0,0.0,0.0,0.14835298641951802,-0.385063266221249,0.45160394395353276,-1.18,0.65,8.99,0.46,0.8973789215087891,0.0,0.006531659746542573,1.0,1.0,7.4,0.36200000000000004,True,True,False
8.31247067451477,stop_after_005,0.3124706745147705,0.0,0.0,0.0,0.09708393964218458,-0.18216874067690814,0.2552544031041707,-1.18,0.65,8.99,0.46,0.8960175514221191,0.0,0.014330596895888448,1.0,1.0,7.4,0.36200000000000004,True,True,False
8.332825899124146,stop_after_005,0.3328258991241455,0.0,0.0,0.0,0.09272061651219876,-0.007635815477475192,-0.025089107997418487,-0.38,1.92,8.11,0.384,0.8904762864112854,0.0,0.0073446230962872505,1.0,1.0,7.4,0.36200000000000004,True,True,False
8.353245258331299,stop_after_005,0.35324525833129883,0.0,0.0,0.0,0.04254240051736178,-0.0818123086872342,-0.22143864884678055,0.18,1.05,9.51,0.307,0.8957776427268982,0.0,0.0065783485770225525,1.0,1.0,7.4,0.36200000000000004,True,True,False
8.37362027168274,stop_after_005,0.37362027168273926,0.0,0.0,0.0,-0.0818123086872342,0.07853981633974483,-0.5017821599483697,-0.96,-0.07,9.16,0.384,0.8963798880577087,0.0,0.006238734349608421,1.0,1.0,7.4,0.17900000000000002,True,True,False
8.39399003982544,stop_after_005,0.39399003982543945,0.0,0.0,0.0,-0.061086523819801536,-0.011999138607461015,-0.3741549583962844,-0.63,-0.64,9.72,0.307,0.8975798487663269,0.0,0.003953112289309502,1.0,1.0,7.4,0.17900000000000002,True,True,False
8.41444993019104,stop_after_005,0.41444993019104004,0.0,0.0,0.0,-0.04690572364734761,0.12762720155208535,-0.19962203319685143,-1.0,-1.11,8.78,0.384,0.8872273564338684,0.0,0.006820842623710632,1.0,1.0,7.4,0.17900000000000002,True,True,False
8.434810161590576,stop_after_005,0.43481016159057617,0.0,0.0,0.0,-0.06544984694978735,0.06544984694978735,-0.019634954084936207,-0.54,-2.11,9.33,0.307,0.8832944631576538,0.0,0.006825145334005356,1.0,1.0,7.4,0.17900000000000002,True,True,False
8.45518684387207,stop_after_005,0.4551868438720703,0.0,0.0,0.0,-0.0916297857297023,0.11235557059713497,0.28034351110158917,-0.54,-2.04,8.790000000000001,0.307,0.8620906472206116,0.0,0.01100432500243187,1.0,1.0,7.4,0.17900000000000002,True,True,False
8.475563287734985,stop_after_005,0.47556328773498535,0.0,0.0,0.0,-0.06763150851478027,-0.02399827721492203,0.45814892864851153,-0.73,-1.04,8.55,0.153,0.860410749912262,0.0,0.0031582526862621307,1.0,1.0,7.4,0.17900000000000002,True,True,False
8.495934963226318,stop_after_005,0.49593496322631836,0.0,0.0,0.0,-0.1090830782496456,-0.10690141668465268,0.38288160465625604,-1.44,-1.71,9.34,0.23,0.8723185062408447,0.0,0.0035348907113075256,1.0,1.0,7.4,0.17900000000000002,True,True,False
8.516739845275879,stop_after_005,0.5167398452758789,0.0,0.0,0.0,-0.14726215563702155,-0.1341721862470641,0.22362031041177347,-1.69,-0.77,9.3,0.307,0.8816114068031311,0.0,0.0030205271614249796,1.0,1.0,7.4,0.17900000000000002,True,True,False
8.537099123001099,stop_after_005,0.5370991230010986,0.0,0.0,0.0,-0.18653206380689397,-0.14835298641951802,0.05126904677733343,-0.7000000000000001,-0.42,8.94,0.23,0.8822250962257385,0.0,0.004625499394023791,1.0,1.0,7.4,0.17900000000000002,True,True,False
8.557462215423584,stop_after_005,0.557462215423584,0.0,0.0,0.0,-0.15707963267948966,-0.1908953869368798,-0.17998707911191522,-0.86,-0.3,9.09,0.153,0.9000317454338074,0.0,0.008188702166080475,1.0,1.0,7.4,0.17900000000000002,True,True,False
8.577897071838379,stop_after_005,0.5778970718383789,0.0,0.0,0.0,-0.02945243112740431,-0.2519819107566813,-0.23234695667174513,-0.86,-0.3,9.09,0.153,0.9119647741317749,0.0,0.005982503294944763,1.0,1.0,7.4,0.194,True,True,False
8.59827709197998,stop_after_005,0.5982770919799805,0.0,0.0,0.0,0.04363323129985824,-0.18762289458939044,-0.18980455615438332,-0.46,-0.9400000000000001,8.67,0.153,0.9111773371696472,0.0,0.0027744509279727936,1.0,1.0,7.4,0.194,True,True,False
8.618748188018799,stop_after_005,0.6187481880187988,0.0,0.0,0.0,0.025089107997418487,-0.24434609527920614,-0.09926560120717749,-0.68,-0.92,9.08,0.077,0.9174907803535461,0.0,0.003004893660545349,1.0,1.0,7.4,0.194,True,True,False
8.639105319976807,stop_after_005,0.6391053199768066,0.0,0.0,0.0,-0.04581489286485115,-0.22143864884678055,0.020725784867432664,-0.67,-0.55,9.48,0.23,0.9147540926933289,0.0,0.0028128623962402344,1.0,1.0,7.4,0.194,True,True,False
8.659460306167603,stop_after_005,0.6594603061676025,0.0,0.0,0.0,-0.07526732399225546,-0.1636246173744684,0.10799224746714914,-0.53,-0.78,8.9,0.23,0.9070814251899719,0.0,0.0059787556529045105,1.0,1.0,7.4,0.194,True,True,False
8.679823875427246,stop_after_005,0.6798238754272461,0.0,0.0,0.0,-0.10253809355466686,-0.18653206380689397,0.16144295580947549,-0.33,-1.3,9.31,0.153,0.9058991074562073,0.0,0.0016399621963500977,1.0,1.0,7.4,0.194,True,True,False
8.70019245147705,stop_after_005,0.7001924514770508,0.0,0.0,0.0,-0.14289883250703572,-0.15271630954950383,0.31634092692397225,-0.16,-0.8200000000000001,9.02,0.077,0.8947768211364746,0.0,0.006163163110613823,1.0,1.0,7.4,0.194,True,True,False
8.720565795898438,stop_after_005,0.7205657958984375,0.0,0.0,0.0,-0.1505346479845109,-0.22362031041177347,0.23125612588924865,-0.16,-0.8200000000000001,9.02,0.23,0.9009090065956116,0.0,0.002485979348421097,1.0,1.0,7.4,0.194,True,True,False
8.74092698097229,stop_after_005,0.74092698097229,0.0,0.0,0.0,-0.11999138607461016,-0.20289452554434081,0.1439896632895322,-0.64,-0.58,9.700000000000001,0.153,0.904930055141449,0.0,0.002382129430770874,1.0,1.0,7.4,0.194,True,True,False
8.761284828186035,stop_after_005,0.7612848281860352,0.0,0.0,0.0,-0.07635815477475191,-0.23125612588924865,0.04363323129985824,-0.14,-0.81,9.200000000000001,0.153,0.9078959822654724,0.0,0.0020537376403808594,1.0,1.0,7.4,0.194,True,True,False
8.781652450561523,stop_after_005,0.7816524505615234,0.0,0.0,0.0,-0.09817477042468103,-0.17671458676442586,-0.1090830782496456,-0.39,-1.1300000000000001,9.200000000000001,0.153,0.910284698009491,0.0,0.0038106292486190796,1.0,1.0,7.5,0.15600000000000003,True,True,False
8.802007913589478,stop_after_005,0.8020079135894775,0.0,0.0,0.0,-0.04799655442984406,-0.17889624832941878,-0.18980455615438332,-0.29,-1.28,9.43,0.077,0.9124943017959595,0.0,0.003195531666278839,1.0,1.0,7.5,0.15600000000000003,True,True,False
8.822388410568237,stop_after_005,0.8223884105682373,0.0,0.0,0.0,-0.031634092692397225,-0.15707963267948966,-0.15926129424448257,0.05,-1.58,8.91,0.077,0.9079813957214355,0.0,0.0017181150615215302,1.0,1.0,7.5,0.15600000000000003,True,True,False
8.84274959564209,stop_after_005,0.8427495956420898,0.0,0.0,0.0,-0.0545415391248228,-0.1407171709420428,-0.09708393964218458,-0.1,-1.1500000000000001,9.32,0.077,0.9056640267372131,0.0,0.0006171390414237976,1.0,1.0,7.5,0.15600000000000003,True,True,False
8.863108158111572,stop_after_005,0.8631081581115723,0.0,0.0,0.0,-0.02945243112740431,-0.10581058590215622,0.002181661564992912,0.23,-1.12,9.17,0.077,0.8989230990409851,0.0,0.003086075186729431,1.0,1.0,7.5,0.15600000000000003,True,True,False
8.883489608764648,stop_after_005,0.8834896087646484,0.0,0.0,0.0,-0.014180800172453928,-0.08508480103472356,0.05999569303730508,0.18,-1.26,9.23,0.077,0.893953263759613,0.0,0.0024826452136039734,1.0,1.0,7.5,0.15600000000000003,True,True,False
8.903850555419922,stop_after_005,0.9038505554199219,0.0,0.0,0.0,-0.030543261909900768,-0.08072147790473774,0.04799655442984406,0.05,-1.0,9.46,0.077,0.8924170732498169,0.0,0.0008060969412326813,1.0,1.0,7.5,0.15600000000000003,True,True,False
8.924216032028198,stop_after_005,0.9242160320281982,0.0,0.0,0.0,-0.025089107997418487,-0.04581489286485115,0.04254240051736178,0.06,-0.92,9.25,0.077,0.8888844847679138,0.0,0.0014904998242855072,1.0,1.0,7.5,0.15600000000000003,True,True,False
8.944575071334839,stop_after_005,0.9445750713348389,0.0,0.0,0.0,-0.004363323129985824,-0.02181661564992912,0.002181661564992912,0.05,-1.31,9.3,0.0,0.8873140811920166,0.0,0.0008735768496990204,1.0,1.0,7.5,0.15600000000000003,True,True,False
8.964952230453491,stop_after_005,0.9649522304534912,0.0,0.0,0.0,-0.003272492347489368,0.013089969389957472,-0.002181661564992912,0.05,-1.1,9.31,0.0,0.8847734928131104,0.0,0.000879727303981781,1.0,1.0,7.5,0.15600000000000003,True,True,False
8.98533034324646,stop_after_005,0.98533034324646,0.0,0.0,0.0,-0.00545415391248228,0.04581489286485115,0.013089969389957472,0.01,-1.18,9.21,0.0,0.8804692029953003,0.0,0.0016274191439151764,1.0,1.0,7.4,0.17500000000000002,True,True,False
9.00568962097168,stop_after_005,1.0056896209716797,0.0,0.0,0.0,0.022907446432425576,0.044724062082354694,-0.008726646259971648,-0.05,-1.37,9.36,0.0,0.8808127045631409,0.0,0.0008371137082576752,1.0,1.0,7.4,0.17500000000000002,True,True,False
9.026155471801758,stop_after_005,1.0261554718017578,0.0,0.0,0.0,0.02181661564992912,0.06217735460229799,0.039269908169872414,-0.05,-1.0,9.290000000000001,0.077,0.8766490817070007,0.0,0.0017350465059280396,1.0,1.0,7.4,0.17500000000000002,True,True,False
9.046511173248291,stop_after_005,1.046511173248291,0.0,0.0,0.0,0.017453292519943295,0.07090400086226964,0.037088246604879506,-0.1,-0.88,9.32,0.077,0.8749451041221619,0.0,0.0010210499167442322,1.0,1.0,7.4,0.17500000000000002,True,True,False
9.066876888275146,stop_after_005,1.0668768882751465,0.0,0.0,0.0,0.019634954084936207,0.07417649320975901,0.01090830782496456,-0.21,-0.96,9.28,0.153,0.8763777613639832,0.0,0.0010509230196475983,1.0,1.0,7.4,0.17500000000000002,True,True,False
9.087254285812378,stop_after_005,1.087254285812378,0.0,0.0,0.0,0.019634954084936207,0.09053895494720585,0.001090830782496456,-0.27,-0.84,9.26,0.077,0.8772831559181213,0.0,0.0010271109640598297,1.0,1.0,7.4,0.17500000000000002,True,True,False
9.107630252838135,stop_after_005,1.1076302528381348,0.0,0.0,0.0,0.02181661564992912,0.09053895494720585,-0.0272707695624114,-0.29,-1.09,9.23,0.077,0.880811870098114,0.0,0.001389816403388977,1.0,1.0,7.4,0.17500000000000002,True,True,False
9.12809944152832,stop_after_005,1.1280994415283203,0.0,0.0,0.0,0.017453292519943295,0.08399397025222712,-0.0272707695624114,-0.28,-1.1,9.16,0.0,0.8842559456825256,0.0,0.0009215883910655975,1.0,1.0,7.4,0.17500000000000002,True,True,False
9.148608207702637,stop_after_005,1.1486082077026367,0.0,0.0,0.0,0.014180800172453928,0.07090400086226964,0.001090830782496456,-0.39,-1.07,9.24,0.077,0.8879499435424805,0.0,0.0010477732867002487,1.0,1.0,7.4,0.17500000000000002,True,True,False
9.16899037361145,stop_after_005,1.1689903736114502,0.0,0.0,0.0,0.014180800172453928,0.04908738521234052,0.007635815477475192,-0.45,-1.07,9.22,0.077,0.8922130465507507,0.0,0.0007415786385536194,1.0,1.0,7.4,0.17500000000000002,True,True,False
9.189374685287476,stop_after_005,1.1893746852874756,0.0,0.0,0.0,0.007635815477475192,0.04690572364734761,0.008726646259971648,-0.47000000000000003,-0.92,9.23,0.077,0.894910991191864,0.0,0.0008280575275421143,1.0,1.0,7.4,0.21900000000000003,True,True,False
9.210365056991577,stop_after_005,1.2103650569915771,0.0,0.0,0.0,0.008726646259971648,0.0545415391248228,-0.014180800172453928,-0.25,-0.78,9.24,0.0,0.897025465965271,0.0,0.000807683914899826,1.0,1.0,7.4,0.21900000000000003,True,True,False
9.230736017227173,stop_after_005,1.2307360172271729,0.0,0.0,0.0,0.002181661564992912,0.044724062082354694,-0.05126904677733343,0.04,-1.16,9.07,0.077,0.8984118700027466,0.0,0.0006412342190742493,1.0,1.0,7.4,0.21900000000000003,True,True,False
9.25122857093811,stop_after_005,1.2512285709381104,0.0,0.0,0.0,0.003272492347489368,0.008726646259971648,-0.04908738521234052,0.02,-1.25,9.4,0.077,0.9021199345588684,0.0,0.0010627508163452148,1.0,1.0,7.4,0.21900000000000003,True,True,False
9.271595001220703,stop_after_005,1.2715950012207031,0.0,0.0,0.0,0.00545415391248228,0.0,0.0545415391248228,-0.44,-1.67,9.16,0.077,0.8994640707969666,0.0,0.002680603414773941,1.0,1.0,7.4,0.21900000000000003,True,True,False
9.291959524154663,stop_after_005,1.291959524154663,0.0,0.0,0.0,-0.015271630954950384,-0.013089969389957472,0.17016960206944712,-0.65,-1.43,9.370000000000001,0.153,0.8956336379051208,0.0,0.0022896230220794678,1.0,1.0,7.4,0.21900000000000003,True,True,False
9.312337398529053,stop_after_005,1.3123373985290527,0.0,0.0,0.0,0.006544984694978736,0.017453292519943295,0.2792526803190927,-0.35000000000000003,-1.37,9.24,0.077,0.8858268857002258,0.0,0.003260042518377304,1.0,1.0,7.4,0.21900000000000003,True,True,False
9.332958698272705,stop_after_005,1.332958698272705,0.0,0.0,0.0,0.04145156973486533,0.016362461737446838,0.37088246604879505,-0.44,-1.1300000000000001,8.96,0.153,0.8768724799156189,0.0,0.0023385509848594666,1.0,1.0,7.4,0.21900000000000003,True,True,False
9.353341579437256,stop_after_005,1.3533415794372559,0.0,0.0,0.0,0.05781403147231216,0.0,0.4919646829059016,-0.43,-1.03,9.27,0.23,0.8639150857925415,0.0,0.0026289671659469604,1.0,1.0,7.4,0.21900000000000003,True,True,False
9.373707056045532,stop_after_005,1.3737070560455322,0.0,0.0,0.0,0.06435901616729091,0.07308566242726255,0.6130468997630083,-1.1300000000000001,-0.24,9.18,0.23,0.8542009592056274,0.0,0.005273688584566116,1.0,1.0,7.4,0.21900000000000003,True,True,False
9.394065618515015,stop_after_005,1.3940656185150146,0.0,0.0,0.0,0.055632369907319255,0.1090830782496456,0.6021385919380436,-0.71,-1.1300000000000001,9.63,0.153,0.840087354183197,0.0,0.003376297652721405,1.0,1.0,7.5,0.24500000000000002,True,True,False
9.4144287109375,stop_after_005,1.4144287109375,0.0,0.0,0.0,0.00545415391248228,0.14508049407202864,0.6828600698427815,-0.7000000000000001,-1.32,9.09,0.23,0.8263804912567139,0.0,0.0026572297792881727,1.0,1.0,7.5,0.24500000000000002,True,True,False
9.434844017028809,stop_after_005,1.4348440170288086,0.0,0.0,0.0,-0.06872233929727672,0.13199052468207118,0.990474350506782,-0.99,-1.1400000000000001,8.93,0.23,0.8043569326400757,0.0,0.009223578264936805,1.0,1.0,7.5,0.24500000000000002,True,True,False
9.455214977264404,stop_after_005,1.4552149772644043,0.0,0.0,0.0,-0.13199052468207118,0.04363323129985824,1.0613783513690516,-1.11,-0.61,8.75,0.23,0.7982785701751709,0.0,0.004983820486813784,1.0,1.0,7.5,0.24500000000000002,True,True,False
9.475686073303223,stop_after_005,1.4756860733032227,0.0,0.0,0.0,-0.17998707911191522,-0.028361600344907856,1.0821041362364843,-0.89,-0.8,8.77,0.23,0.7972801923751831,0.0,0.004330022260546684,1.0,1.0,7.5,0.24500000000000002,True,True,False
9.496043682098389,stop_after_005,1.4960436820983887,0.0,0.0,0.0,-0.2007128639793479,-0.09381144729469522,1.08646745936647,-0.65,-0.87,9.43,0.153,0.7974750399589539,0.0,0.003935262560844421,1.0,1.0,7.5,0.24500000000000002,True,True,False
9.516424894332886,stop_after_005,1.5164248943328857,0.0,0.0,0.0,-0.16253378659197193,-0.15707963267948966,1.0951941056264418,-0.65,-0.86,8.99,0.23,0.800437867641449,0.0,0.004426850005984306,1.0,1.0,7.5,0.24500000000000002,True,True,False
9.536911249160767,stop_after_005,1.5369112491607666,0.0,0.0,0.0,-0.1538071403320003,-0.25743606466916363,1.038470904936626,-0.13,-1.37,8.98,0.153,0.7942779660224915,0.0,0.005980033427476883,1.0,1.0,7.5,0.24500000000000002,True,True,False
9.557388305664062,stop_after_005,1.5573883056640625,0.0,0.0,0.0,-0.08944812416470939,-0.2879793265790644,1.0613783513690516,-0.26,-1.27,9.11,0.23,0.7980769872665405,0.0,0.0031960289925336838,1.0,1.0,7.5,0.24500000000000002,True,True,False
9.577744007110596,stop_after_005,1.5777440071105957,0.0,0.0,0.0,-0.09926560120717749,-0.30325095753401476,1.0264717663291651,-0.5,-0.93,9.61,0.153,0.8030881285667419,0.0,0.002977997064590454,1.0,1.0,7.5,0.24500000000000002,True,True,False
9.598189353942871,stop_after_005,1.598189353942871,0.0,0.0,0.0,-0.10690141668465268,-0.29670597283903605,0.9588402578143848,-0.36,-0.9,9.16,0.153,0.7991474866867065,0.0,0.002058170735836029,1.0,1.0,7.4,0.279,True,True,False
9.618553400039673,stop_after_005,1.6185534000396729,0.0,0.0,0.0,-0.07526732399225546,-0.2999784651865254,0.9348419805994628,0.02,-1.33,9.38,0.23,0.7913438081741333,0.0,0.0031765922904014587,1.0,1.0,7.4,0.279,True,True,False
9.639027833938599,stop_after_005,1.6390278339385986,0.0,0.0,0.0,-0.04145156973486533,-0.20725784867432664,0.9872018581592926,-0.19,-1.34,9.1,0.153,0.7977761626243591,0.0,0.0059972964227199554,1.0,1.0,7.4,0.279,True,True,False
9.659380674362183,stop_after_005,1.6593806743621826,0.0,0.0,0.0,-0.02945243112740431,-0.19634954084936207,1.00029182754925,0.05,-1.62,9.43,0.153,0.7933353185653687,0.0,0.0018113665282726288,1.0,1.0,7.4,0.279,True,True,False
9.679866313934326,stop_after_005,1.6798663139343262,0.0,0.0,0.0,0.006544984694978736,-0.11780972450961724,1.1333731830138178,0.43,-1.3,9.64,0.077,0.7913066148757935,0.0,0.003901910036802292,1.0,1.0,7.4,0.279,True,True,False
9.700241088867188,stop_after_005,1.7002410888671875,0.0,0.0,0.0,0.02399827721492203,0.006544984694978736,1.2140946609185554,0.03,-1.26,9.49,0.153,0.7976127862930298,0.0,0.006816558539867401,1.0,1.0,7.4,0.279,True,True,False
9.720661401748657,stop_after_005,1.7206614017486572,0.0,0.0,0.0,0.003272492347489368,0.07744898555724837,1.2860894925633215,0.03,-1.26,9.49,0.077,0.8073276877403259,0.0,0.0029805079102516174,1.0,1.0,7.4,0.279,True,True,False
9.74104356765747,stop_after_005,1.7410435676574707,0.0,0.0,0.0,-0.019634954084936207,0.19416787928436915,1.2860894925633215,0.14,-1.17,9.05,0.077,0.8127049207687378,0.0,0.007251128554344177,1.0,1.0,7.4,0.279,True,True,False
9.761486291885376,stop_after_005,1.761486291885376,0.0,0.0,0.0,-0.001090830782496456,0.20398535632683726,1.3319043854281727,0.1,-1.1500000000000001,9.19,0.23,0.8137873411178589,0.0,0.0026999637484550476,1.0,1.0,7.4,0.279,True,True,False
9.781910181045532,stop_after_005,1.7819101810455322,0.0,0.0,0.0,-0.028361600344907856,0.1930770485018727,1.3199052468207118,-0.09,-1.11,9.09,0.23,0.8222853541374207,0.0,0.0036987140774726868,1.0,1.0,7.4,0.279,True,True,False
9.802282810211182,stop_after_005,1.8022828102111816,0.0,0.0,0.0,-0.05345070834232634,0.09381144729469522,1.2337296150034918,-0.08,-0.98,9.02,0.23,0.8264976739883423,0.0,0.00504070520401001,1.0,1.0,7.4,0.3630000000000001,True,True,False
9.822648525238037,stop_after_005,1.822648525238037,0.0,0.0,0.0,-0.06217735460229799,-0.01090830782496456,1.1726430911836903,-0.18,-1.05,8.73,0.077,0.8301811218261719,0.0,0.0030998028814792633,1.0,1.0,7.4,0.3630000000000001,True,True,False
9.843012571334839,stop_after_005,1.8430125713348389,0.0,0.0,0.0,-0.09599310885968812,-0.11453723216212788,1.064650843716541,-0.39,-0.8200000000000001,8.75,0.153,0.8333447575569153,0.0,0.00398491695523262,1.0,1.0,7.4,0.3630000000000001,True,True,False
9.863376140594482,stop_after_005,1.8633761405944824,0.0,0.0,0.0,-0.10690141668465268,-0.2279836335417593,0.9053895494720584,-0.8,-0.75,9.16,0.153,0.8417583703994751,0.0,0.0061216168105602264,1.0,1.0,7.4,0.3630000000000001,True,True,False
9.88374948501587,stop_after_005,1.8837494850158691,0.0,0.0,0.0,-0.11017390903214205,-0.32834006553143325,0.7134033317526822,-0.73,-1.0,9.47,0.23,0.8455839157104492,0.0,0.007619909942150116,1.0,1.0,7.4,0.3630000000000001,True,True,False
9.904120206832886,stop_after_005,1.9041202068328857,0.0,0.0,0.0,-0.08399397025222712,-0.36979163526629855,0.5497787143782138,-0.37,-0.84,9.58,0.153,0.8520759344100952,0.0,0.0074461400508880615,1.0,1.0,7.4,0.3630000000000001,True,True,False
9.924540042877197,stop_after_005,1.9245400428771973,0.0,0.0,0.0,-0.06435901616729091,-0.26616271092913524,0.37742745074377376,-0.19,-0.87,9.22,0.077,0.8602380156517029,0.0,0.004792314255610108,1.0,1.0,7.4,0.3630000000000001,True,True,False
9.945007801055908,stop_after_005,1.9450078010559082,0.0,0.0,0.0,-0.0545415391248228,-0.12871803233458182,0.23125612588924865,-0.03,-1.01,9.16,0.153,0.8663089275360107,0.0,0.0037869832012802362,1.0,1.0,7.4,0.3630000000000001,True,True,False
9.965391397476196,stop_after_005,1.9653913974761963,0.0,0.0,0.0,-0.04908738521234052,-0.06763150851478027,0.10144726277217041,-0.03,-1.01,9.16,0.23,0.8756681084632874,0.0,0.003482673317193985,1.0,1.0,7.4,0.3630000000000001,True,True,False
9.985835552215576,stop_after_005,1.9858355522155762,0.0,0.0,0.0,0.002181661564992912,-0.06326818538479445,0.026179938779914945,-0.01,-1.1400000000000001,9.18,0.23,0.8824657797813416,0.0,0.0026048794388771057,1.0,1.0,7.4,0.3630000000000001,True,True,False
10.006205558776855,forward_010,0.006205558776855469,0.1,0.0,0.0,0.016362461737446838,-0.02945243112740431,-0.003272492347489368,0.0,-1.08,9.25,0.23,0.8137087225914001,0.0,0.13757756352424622,1.0,1.0,7.4,0.3560000000000001,True,True,False
10.026571035385132,forward_010,0.026571035385131836,0.1,0.0,0.0,0.02945243112740431,-0.015271630954950384,-0.022907446432425576,-0.06,-0.9500000000000001,9.5,0.153,0.8693139553070068,0.0,0.0792442299425602,1.0,1.0,7.4,0.3560000000000001,True,True,False
10.046952486038208,forward_010,0.04695248603820801,0.1,0.0,0.0,0.02399827721492203,0.017453292519943295,-0.04036073895236887,0.26,-0.92,9.120000000000001,0.537,0.8973459005355835,0.0,0.0851349737495184,1.0,1.0,7.4,0.3560000000000001,True,True,False
10.067309617996216,forward_010,0.06730961799621582,0.1,0.0,0.0,0.026179938779914945,0.039269908169872414,-0.06654067773228381,0.11,-1.03,9.64,0.9970000000000001,0.852185070514679,0.0,0.1161559596657753,1.0,1.0,7.4,0.3560000000000001,True,True,False
10.087746620178223,forward_010,0.08774662017822266,0.1,0.0,0.0,0.19198621771937624,0.16035212502697901,-0.08508480103472356,0.11,-1.03,9.64,1.765,0.9171890020370483,0.0,0.05934719601646066,1.0,1.0,7.4,0.3560000000000001,True,True,False
10.108106851577759,forward_010,0.10810685157775879,0.1,0.0,0.0,0.6741334235828098,0.4799655442984406,-0.3490658503988659,1.57,0.89,9.63,1.995,0.9147008657455444,0.0,0.08600645326077938,1.0,1.0,7.4,0.3560000000000001,True,True,False
10.12847113609314,forward_010,0.12847113609313965,0.1,0.0,0.0,0.9937468428542714,0.605411084285533,-0.7199483164476609,1.57,0.89,9.63,1.688,0.8466793894767761,0.0,0.07873512216610834,1.0,1.0,7.4,0.3560000000000001,True,True,False
10.14883303642273,forward_010,0.1488330364227295,0.1,0.0,0.0,0.9752027195518317,0.9337511498169663,-1.0341075818066403,1.57,0.89,9.63,1.534,0.8896517753601074,0.0,0.10610495350556448,1.0,1.0,7.4,0.3560000000000001,True,True,False
10.169195413589478,forward_010,0.16919541358947754,0.1,0.0,0.0,1.160643952576229,1.215185491701052,-1.361356816555577,-2.64,-0.13,9.25,1.458,0.9547080993652344,0.07142857142857142,0.09359119646251202,1.0,1.0,7.4,0.3560000000000001,True,True,False
10.189558029174805,forward_010,0.1895580291748047,0.1,0.0,0.0,1.205368014658584,0.9850201965942997,-1.8696839611989255,-2.64,-0.13,9.25,0.6899999999999998,0.9682003855705261,0.14285714285714285,0.07451263256371021,1.0,1.0,7.4,0.3560000000000001,True,True,False
10.210086822509766,forward_010,0.21008682250976562,0.1,0.0,0.0,0.8879362569521152,1.0471975511965976,-1.9994928243160037,0.93,-1.41,8.18,1.304,0.8523612022399902,0.0,0.09008406242355704,1.0,0.0,7.1,1.117,True,True,False
10.231242179870605,forward_010,0.23124217987060547,0.1,0.0,0.0,0.30870511144649704,0.5214171140333059,-1.5904312808798329,1.11,-3.0500000000000003,4.88,1.304,0.8786343932151794,0.0,0.05611070152372122,1.0,0.0,7.1,1.117,True,True,False
10.251634120941162,forward_010,0.2516341209411621,0.1,0.0,0.0,-0.044724062082354694,-0.1439896632895322,-0.6010477611555473,-0.5,0.34,7.48,1.841,0.8299466371536255,0.0,0.13004519790410995,1.0,0.0,7.1,1.117,True,True,False
10.272005796432495,forward_010,0.2720057964324951,0.1,0.0,0.0,-0.35997415822383044,-0.23125612588924865,0.21598449493429828,-7.3100000000000005,5.1000000000000005,8.53,1.534,0.9536240100860596,0.07142857142857142,0.05345986207248643,1.0,1.0,7.1,1.117,True,True,False
10.29239559173584,forward_010,0.29239559173583984,0.1,0.0,0.0,-1.0733774899765127,-0.48323803664593,0.0719948316447661,-7.3100000000000005,5.1000000000000005,8.53,0.844,0.9557209014892578,0.07142857142857142,0.07618707587243989,1.0,1.0,7.1,1.117,True,True,False
10.312776327133179,forward_010,0.3127763271331787,0.1,0.0,0.0,-1.7660550368617622,-0.7199483164476609,-0.8115781021773633,-7.3100000000000005,5.1000000000000005,8.53,0.844,0.9663397669792175,0.07142857142857142,0.02779293805360794,1.0,1.0,7.1,1.117,True,True,False
10.333155393600464,forward_010,0.33315539360046387,0.1,0.0,0.0,-1.1780972450961724,-0.56941366846315,-1.4158983556804,0.81,-3.93,6.96,0.844,0.9144518375396729,0.0,0.058320824056863785,1.0,1.0,7.1,1.117,True,True,False
10.353519201278687,forward_010,0.3535192012786865,0.1,0.0,0.0,-0.4068798818711781,-0.011999138607461015,-0.21489366415180183,0.81,-3.93,6.96,1.304,0.9273946285247803,0.0,0.034975431859493256,1.0,1.0,7.1,1.117,True,True,False
10.373879194259644,forward_010,0.37387919425964355,0.1,0.0,0.0,-0.09926560120717749,-0.04254240051736178,-0.5617778529856748,0.16,-5.42,7.17,1.6110000000000002,0.9198494553565979,0.0,0.014460857957601547,1.0,1.0,7.1,1.117,True,True,False
10.394251585006714,forward_010,0.39425158500671387,0.1,0.0,0.0,-0.35779249665883756,0.2792526803190927,-0.533416252640767,0.16,-5.42,7.17,1.458,0.8460947275161743,0.0,0.03212530165910721,0.0,1.0,7.1,1.117,True,True,False
10.414766311645508,forward_010,0.4147663116455078,0.1,0.0,0.0,-0.07635815477475191,0.9937468428542714,0.6894050545377601,-1.07,-4.03,8.26,0.767,0.8870750069618225,0.0,0.10622535645961761,0.0,1.0,7.3,0.6310000000000001,True,True,False
10.435143947601318,forward_010,0.43514394760131836,0.1,0.0,0.0,-0.07963064712224129,0.4068798818711781,0.3817907738737596,-1.07,-4.03,8.26,0.6899999999999998,0.901224672794342,0.0,0.14149674400687218,0.0,1.0,7.3,0.6310000000000001,True,True,False
10.455529689788818,forward_010,0.45552968978881836,0.1,0.0,0.0,0.019634954084936207,0.5530512067257032,0.39051742013373125,0.39,-1.98,8.93,0.614,0.9741041660308838,0.07142857142857142,0.13531961664557457,1.0,1.0,7.3,0.6310000000000001,True,True,False
10.475892782211304,forward_010,0.4758927822113037,0.1,0.0,0.0,0.02181661564992912,0.6283185307179586,0.25089107997418486,-2.16,-0.32,7.66,1.381,0.9438058733940125,0.0,0.07317469641566277,0.0,1.0,7.3,0.6310000000000001,True,True,False
10.4962637424469,forward_010,0.4962637424468994,0.1,0.0,0.0,0.1712604328519436,0.15271630954950383,-0.23452861823673804,-2.84,-1.6600000000000001,8.6,1.841,0.950483500957489,0.07142857142857142,0.04950372129678726,0.0,1.0,7.3,0.6310000000000001,True,True,False
10.516619443893433,forward_010,0.5166194438934326,0.1,0.0,0.0,0.4559672670835186,0.08290313946973066,-0.2617993877991494,-1.99,-2.7600000000000002,9.17,1.918,0.9513971209526062,0.07142857142857142,0.026091881096363068,0.0,1.0,7.3,0.6310000000000001,True,True,False
10.536993265151978,forward_010,0.5369932651519775,0.1,0.0,0.0,0.9708393964218458,0.09599310885968812,-0.022907446432425576,-2.5,-1.1400000000000001,5.17,1.6110000000000002,0.9328603148460388,0.0,0.0428454652428627,0.0,1.0,7.3,0.6310000000000001,True,True,False
10.557379961013794,forward_010,0.557379961013794,0.1,0.0,0.0,1.421352509592882,-0.4134248665661568,-0.3839724354387525,-2.14,-5.15,8.98,1.841,0.9863210320472717,0.07142857142857142,0.08911587111651897,1.0,1.0,7.3,0.6310000000000001,True,True,False
10.577821493148804,forward_010,0.5778214931488037,0.1,0.0,0.0,1.4126258633329105,-0.4428772976935611,-0.44178646691106466,-0.39,-3.0500000000000003,6.79,1.227,0.9641551375389099,0.07142857142857142,0.06090911291539669,1.0,1.0,7.3,0.6310000000000001,True,True,False
10.598179340362549,forward_010,0.5981793403625488,0.1,0.0,0.0,1.670061928002074,-0.7112216701876893,-0.16035212502697901,-0.68,-4.28,6.12,0.9970000000000001,0.9623237252235413,0.07142857142857142,0.04419150948524475,1.0,1.0,7.3,0.6310000000000001,True,True,False
10.618551015853882,forward_010,0.6185510158538818,0.1,0.0,0.0,1.9874936857085428,-0.980656873464314,0.43524148221608594,-0.68,-4.28,6.12,1.304,0.9161599278450012,0.0,0.05238300375640392,1.0,1.0,7.2,0.792,True,True,False
10.639271020889282,forward_010,0.6392710208892822,0.1,0.0,0.0,1.0635600129340446,0.15271630954950383,-0.7264933011426397,-0.68,-4.28,6.12,1.304,0.8204282522201538,0.0,0.09149878658354282,1.0,1.0,7.2,0.792,True,True,False
10.659649848937988,forward_010,0.6596498489379883,0.1,0.0,0.0,0.6359543461954338,-0.20725784867432664,-1.4115350325504141,-0.66,7.43,5.94,1.381,0.828082799911499,0.0,0.04544909670948982,1.0,0.0,7.2,0.792,True,True,False
10.680007696151733,forward_010,0.6800076961517334,0.1,0.0,0.0,0.4908738521234052,-0.26725354171163174,-1.4628040793277475,-0.66,7.43,5.94,1.151,0.8276817798614502,0.0,0.04330736713018268,1.0,0.0,7.2,0.792,True,True,False
10.700401782989502,forward_010,0.700401782989502,0.1,0.0,0.0,0.15489797111449674,0.11780972450961724,-1.4726215563702156,0.31,0.39,6.36,1.458,0.815115749835968,0.0,0.029650903306901455,1.0,0.0,7.2,0.792,True,True,False
10.720773696899414,forward_010,0.7207736968994141,0.1,0.0,0.0,-0.07963064712224129,-0.6686792696703275,-1.0635600129340446,1.33,-1.49,6.58,1.6110000000000002,0.9338231682777405,0.0,0.05792219378054142,1.0,0.0,7.2,0.792,True,True,False
10.741142272949219,forward_010,0.7411422729492188,0.1,0.0,0.0,-0.1341721862470641,-0.7035858547102141,-0.2585268954516601,0.68,-0.56,7.87,1.841,0.9644455909729004,0.07142857142857142,0.061156373703852296,1.0,0.0,7.2,0.792,True,True,False
10.761518955230713,forward_010,0.7615189552307129,0.1,0.0,0.0,-0.39269908169872414,-0.6654067773228381,0.7090400086226963,-0.76,-1.43,5.32,1.688,0.9900766015052795,0.14285714285714285,0.04864216223359108,1.0,0.0,7.2,0.792,True,True,False
10.781880855560303,forward_010,0.7818808555603027,0.1,0.0,0.0,-0.6370451769779303,-0.8595746566072073,0.6872233929727672,0.39,3.18,9.31,0.9210000000000002,0.9817131757736206,0.07142857142857142,0.06522415392100811,1.0,0.0,7.2,0.792,True,True,False
10.802250385284424,forward_010,0.8022503852844238,0.1,0.0,0.0,-0.5279620987282847,-0.5748678223756323,0.30543261909900765,-0.76,7.97,9.790000000000001,0.9210000000000002,0.9946436285972595,0.14285714285714285,0.0375383123755455,1.0,0.0,7.2,0.792,True,True,False
10.822604179382324,forward_010,0.8226041793823242,0.1,0.0,0.0,-0.6141377305455047,-0.17780541754692233,-0.8464846872172498,-0.76,7.97,9.790000000000001,0.9970000000000001,0.9879329204559326,0.14285714285714285,0.08090432733297348,1.0,1.0,7.5,0.065,True,True,False
10.842985391616821,forward_010,0.8429853916168213,0.1,0.0,0.0,-0.8410305333047675,0.2650718801466388,-1.6907877128695068,-1.29,4.98,9.53,1.227,0.9551630020141602,0.14285714285714285,0.0528176948428154,1.0,1.0,7.5,0.065,True,True,False
10.863358974456787,forward_010,0.8633589744567871,0.1,0.0,0.0,-1.3559026626430948,0.9861110273767962,-2.462005076094501,-0.77,1.17,5.0,0.537,0.8891904950141907,0.0,0.05800146982073784,1.0,1.0,7.5,0.065,True,True,False
10.883728265762329,forward_010,0.8837282657623291,0.1,0.0,0.0,-1.5904312808798329,0.7766715171374766,-2.672535417116317,-0.77,1.17,5.0,1.304,0.792050838470459,0.0,0.020740360021591187,0.0,1.0,7.5,0.065,True,True,False
10.904093980789185,forward_010,0.9040939807891846,0.1,0.0,0.0,-0.7657632093125121,0.9152070265145266,-1.0351984125891367,-0.77,1.17,5.0,1.458,0.7864251732826233,0.0,0.05873371474444866,1.0,1.0,7.5,0.065,True,True,False
10.92446255683899,forward_010,0.9244625568389893,0.1,0.0,0.0,-0.09926560120717749,1.0471975511965976,0.6904958853202566,0.98,-3.34,5.71,1.918,0.808275580406189,0.0,0.10875233262777328,1.0,1.0,7.5,0.065,True,True,False
10.944827556610107,forward_010,0.9448275566101074,0.1,0.0,0.0,-0.1439896632895322,1.0624691821515482,1.3319043854281727,-5.15,5.04,9.58,1.151,0.8735679388046265,0.0,0.11027280800044537,1.0,1.0,7.5,0.065,True,True,False
10.965213060379028,forward_010,0.9652130603790283,0.1,0.0,0.0,-0.4505131131710363,1.4300791558528538,1.114829059711378,-5.15,5.04,9.58,0.767,0.9071852564811707,0.0,0.09244870021939278,1.0,1.0,7.5,0.065,True,True,False
10.985629320144653,forward_010,0.9856293201446533,0.1,0.0,0.0,-0.7810348402674625,0.8792096106921435,0.9239336727744982,-0.88,-1.0,9.24,1.304,0.8963267803192139,0.0,0.06563175469636917,1.0,1.0,7.5,0.065,True,True,False
11.006089210510254,forward_010,1.006089210510254,0.1,0.0,0.0,-0.7123125009701857,0.5781403147231217,1.349357677948116,0.53,-0.53,4.94,1.458,0.7632113099098206,0.0,0.04696032032370567,0.0,1.0,7.5,0.065,True,True,False
11.02645206451416,forward_010,1.0264520645141602,0.1,0.0,0.0,-0.8148505945248526,0.25743606466916363,0.8028514559173916,-4.2,-1.06,9.14,1.458,0.8368090987205505,0.0,0.029643863439559937,0.0,1.0,6.8,2.0349999999999997,True,True,False
11.046884059906006,forward_010,1.0468840599060059,0.1,0.0,0.0,-0.3916082509162277,-0.5715953300281429,1.0701049976290233,-4.2,-1.06,9.14,1.227,0.9764040112495422,0.07142857142857142,0.056017447263002396,0.0,1.0,6.8,2.0349999999999997,True,True,False
11.06724739074707,forward_010,1.0672473907470703,0.1,0.0,0.0,0.21925698728178766,-0.5355979142057599,0.3021601267515183,-2.66,-0.9,4.7700000000000005,1.304,0.9835137724876404,0.07142857142857142,0.08622765261679888,0.0,1.0,6.8,2.0349999999999997,True,True,False
11.08762264251709,forward_010,1.0876226425170898,0.1,0.0,0.0,0.30870511144649704,-1.0188359508516898,-0.1265363707695889,-0.79,-5.9,8.99,1.151,0.8831843137741089,0.0,0.08437736891210079,0.0,1.0,6.8,2.0349999999999997,True,True,False
11.107987642288208,forward_010,1.107987642288208,0.1,0.0,0.0,0.7341291166201148,-0.9272061651219876,0.6664976081053346,-0.49,-7.16,4.97,0.767,0.8940504193305969,0.0,0.07782026845961809,0.0,1.0,6.8,2.0349999999999997,True,True,False
11.128346681594849,forward_010,1.1283466815948486,0.1,0.0,0.0,1.1791880758786688,-1.2533645690884279,1.423534171157875,-1.52,-3.91,6.19,1.074,0.943720817565918,0.0,0.0953394069802016,1.0,1.0,6.8,2.0349999999999997,True,True,False
11.148816347122192,forward_010,1.1488163471221924,0.1,0.0,0.0,1.6253378659197193,-1.2500920767409385,1.5151639568875774,-2.23,-3.0500000000000003,5.2700000000000005,2.071,0.9644531607627869,0.07142857142857142,0.048890465404838324,1.0,1.0,6.8,2.0349999999999997,True,True,False
11.16918420791626,forward_010,1.1691842079162598,0.1,0.0,0.0,1.634064512179691,-1.1311915214488248,1.6667894356545847,2.46,-1.9100000000000001,6.54,1.304,0.9339473843574524,0.0,0.08781858440488577,1.0,1.0,6.8,2.0349999999999997,True,True,False
11.189554452896118,forward_010,1.1895544528961182,0.1,0.0,0.0,0.6512259771503842,0.11344640137963143,1.1519173063162575,2.46,-1.9100000000000001,6.54,1.458,0.8200685381889343,0.0,0.12262836843729019,1.0,1.0,6.8,2.0349999999999997,True,True,False
11.209997177124023,forward_010,1.2099971771240234,0.1,0.0,0.0,0.6512259771503842,0.11344640137963143,1.1519173063162575,2.46,-1.9100000000000001,6.54,1.688,0.8333614468574524,0.0,0.05474580718509969,1.0,1.0,6.8,2.0349999999999997,True,True,False
11.230376720428467,forward_010,1.2303767204284668,0.1,0.0,0.0,0.6512259771503842,0.11344640137963143,1.1519173063162575,2.46,-1.9100000000000001,6.54,1.304,0.9554479718208313,0.07142857142857142,0.04557273909449577,1.0,1.0,7.3,0.49400000000000005,True,True,False
11.251618146896362,forward_010,1.2516181468963623,0.1,0.0,0.0,0.6512259771503842,0.11344640137963143,1.1519173063162575,-1.83,-3.2600000000000002,3.0300000000000002,0.9210000000000002,0.9650333523750305,0.14285714285714285,0.0454824585467577,1.0,1.0,7.3,0.49400000000000005,True,True,False
11.27201223373413,forward_010,1.2720122337341309,0.1,0.0,0.0,0.6512259771503842,0.11344640137963143,1.1519173063162575,1.23,-1.45,6.61,0.9970000000000001,0.9580473303794861,0.07142857142857142,0.05398227367550135,1.0,0.0,7.3,0.49400000000000005,True,True,False
11.292368412017822,forward_010,1.2923684120178223,0.1,0.0,0.0,-0.32288591161895097,-0.27379852640661045,-0.8464846872172498,1.3800000000000001,0.52,5.2700000000000005,1.151,0.9033687710762024,0.0,0.09368621185421944,1.0,0.0,7.3,0.49400000000000005,True,True,False
11.312731266021729,forward_010,1.3127312660217285,0.1,0.0,0.0,-0.6283185307179586,-0.657770961845363,-0.4166973589136462,-0.53,1.05,9.33,1.381,0.9719964265823364,0.14285714285714285,0.04290138080250472,1.0,0.0,7.3,0.49400000000000005,True,True,False
11.333119630813599,forward_010,1.3331196308135986,0.1,0.0,0.0,-0.7777623479199731,-0.6337726846304409,0.09817477042468103,-0.41000000000000003,1.35,8.23,0.9210000000000002,0.988683819770813,0.14285714285714285,0.04389021918177605,1.0,1.0,7.3,0.49400000000000005,True,True,False
11.353492021560669,forward_010,1.353492021560669,0.1,0.0,0.0,-0.9981101659842572,-0.2301652951067522,0.0272707695624114,-0.2,3.83,7.930000000000001,0.767,0.9798922538757324,0.07142857142857142,0.08069008402526379,1.0,1.0,7.3,0.49400000000000005,True,True,False
11.373961210250854,forward_010,1.3739612102508545,0.1,0.0,0.0,-0.9522952731194061,-0.15926129424448257,-0.05126904677733343,-0.2,3.83,7.930000000000001,0.6899999999999998,0.9826967120170593,0.14285714285714285,0.018063407391309738,1.0,1.0,7.3,0.49400000000000005,True,True,False
11.39446759223938,forward_010,1.3944675922393799,0.1,0.0,0.0,-0.8104872713948668,0.3043417883165112,-0.022907446432425576,-0.2,3.83,7.930000000000001,0.614,0.9495105147361755,0.0,0.04428128898143768,1.0,1.0,7.3,0.49400000000000005,True,True,False
11.41483473777771,forward_010,1.41483473777771,0.1,0.0,0.0,-0.8104872713948668,0.3043417883165112,-0.022907446432425576,-1.09,-2.33,6.29,0.844,0.9209761023521423,0.0,0.02858279854990542,1.0,1.0,7.3,0.49400000000000005,True,True,False
11.435298204421997,forward_010,1.435298204421997,0.1,0.0,0.0,-0.30325095753401476,0.8028514559173916,0.13853550937704992,-1.29,-5.88,6.98,1.381,0.819945752620697,0.0,0.042463617166504264,1.0,1.0,7.3,0.4630000000000001,True,True,False
11.455666065216064,forward_010,1.4556660652160645,0.1,0.0,0.0,-0.10799224746714914,0.7581273938350369,0.32506757318394386,-1.29,-5.88,6.98,0.9970000000000001,0.7994382381439209,0.0,0.028287529945373535,1.0,1.0,7.3,0.4630000000000001,True,True,False
11.476033926010132,forward_010,1.4760339260101318,0.1,0.0,0.0,-0.07963064712224129,1.141008998491293,0.9632035809443706,-1.17,-4.49,9.42,0.537,0.6771703362464905,0.0,0.07663944782689214,1.0,1.0,7.3,0.4630000000000001,True,True,False
11.496391534805298,forward_010,1.4963915348052979,0.1,0.0,0.0,-0.0545415391248228,0.9119345341670372,0.8552113334772214,-2.04,-0.92,8.75,0.46,0.7889928817749023,0.0,0.060595962684601545,1.0,1.0,7.3,0.4630000000000001,True,True,False
11.516914367675781,forward_010,1.5169143676757812,0.1,0.0,0.0,-0.1734420944169365,0.7134033317526822,0.4341506514335895,-3.29,-1.79,9.43,0.9210000000000002,0.9100037813186646,0.0,0.12517690658569336,1.0,1.0,7.3,0.4630000000000001,True,True,False
11.537306785583496,forward_010,1.537306785583496,0.1,0.0,0.0,-0.19744037163185854,0.519235452468313,0.5628686837681712,-2.98,0.8300000000000001,8.77,1.458,0.9567683339118958,0.07142857142857142,0.03935308288782835,1.0,1.0,7.3,0.4630000000000001,True,True,False
11.557686567306519,forward_010,1.5576865673065186,0.1,0.0,0.0,-0.09926560120717749,0.2203478180642841,0.34579335805137656,-3.13,0.89,7.21,1.381,0.9094217419624329,0.0,0.051115965470671654,0.0,1.0,7.3,0.4630000000000001,True,True,False
11.57811188697815,forward_010,1.5781118869781494,0.1,0.0,0.0,0.21162117180431245,-0.10362892433716332,0.12326387842209953,-2.93,0.51,8.36,1.688,0.9218257069587708,0.0,0.019768616184592247,0.0,1.0,7.3,0.4630000000000001,True,True,False
11.598462104797363,forward_010,1.5984621047973633,0.1,0.0,0.0,0.4701480672559725,-0.22143864884678055,-0.04254240051736178,-2.97,-2.67,7.3,1.534,0.9503766298294067,0.07142857142857142,0.03544127196073532,0.0,1.0,7.3,0.4630000000000001,True,True,False
11.618823051452637,forward_010,1.6188230514526367,0.1,0.0,0.0,0.8868454261696187,-0.5094179754258449,-0.22471114119426994,-2.32,-1.3,7.95,1.074,0.9419188499450684,0.0,0.0617765411734581,0.0,1.0,7.3,0.4630000000000001,True,True,False
11.63919448852539,forward_010,1.6391944885253906,0.1,0.0,0.0,0.9413869652944415,-0.6850417314077744,-0.28034351110158917,-1.44,-4.48,7.49,1.151,0.9628004431724548,0.07142857142857142,0.09144989959895611,1.0,1.0,7.2,1.116,True,True,False
11.659738779067993,forward_010,1.6597387790679932,0.1,0.0,0.0,1.0810133054539879,-0.7603090554000298,-0.1538071403320003,-1.42,-5.28,5.91,1.6110000000000002,0.9809777736663818,0.07142857142857142,0.04780161939561367,1.0,1.0,7.2,1.116,True,True,False
11.68010687828064,forward_010,1.6801068782806396,0.1,0.0,0.0,1.3526301702956054,-0.9697485656393493,0.35997415822383044,-2.02,-3.88,7.54,1.381,0.9804205894470215,0.07142857142857142,0.07495446829125285,1.0,1.0,7.2,1.116,True,True,False
11.700473070144653,forward_010,1.7004730701446533,0.1,0.0,0.0,1.4180800172453927,-0.8693921336496754,0.5377795757707527,-2.02,-3.88,7.54,1.534,0.9681491255760193,0.07142857142857142,0.033578061033040285,1.0,1.0,7.2,1.116,True,True,False
11.720942497253418,forward_010,1.720942497253418,0.1,0.0,0.0,0.9032078879070655,-0.09272061651219876,-0.05890486225480862,-2.02,-3.88,7.54,1.304,0.9183288812637329,0.0,0.0366148017346859,1.0,1.0,7.2,1.116,True,True,False
11.741424798965454,forward_010,1.741424798965454,0.1,0.0,0.0,0.6381360077604268,0.44724062082354693,-1.038470904936626,-2.02,-3.88,7.54,1.6110000000000002,0.7987987995147705,0.0,0.10005813091993332,1.0,1.0,7.2,1.116,True,True,False
11.761784553527832,forward_010,1.761784553527832,0.1,0.0,0.0,0.9468411192069238,0.2694352032766246,-1.7158768208669253,-1.55,7.33,9.3,1.151,0.7261287569999695,0.0,0.045600526034832,1.0,1.0,7.2,1.116,True,True,False
11.78223967552185,forward_010,1.7822396755218506,0.1,0.0,0.0,0.9315694882519734,0.8093964406123704,-2.0703968251782734,-0.41000000000000003,0.17,8.11,1.151,0.9060365557670593,0.0,0.08538570627570152,1.0,1.0,7.2,1.116,True,True,False
11.802693367004395,forward_010,1.8026933670043945,0.1,0.0,0.0,0.33488505022641196,0.34470252726888007,-1.920953007976259,-0.25,-0.34,8.01,0.9970000000000001,0.9090408682823181,0.0,0.034034254029393196,1.0,0.0,7.2,1.116,True,True,False
11.823054313659668,forward_010,1.823054313659668,0.1,0.0,0.0,-0.11344640137963143,-0.22580197197676638,-1.3079061082132506,1.61,-0.31,5.51,2.071,0.8216449618339539,0.0,0.06439426355063915,1.0,0.0,7.2,1.116,True,True,False
11.84353256225586,forward_010,1.8435325622558594,0.1,0.0,0.0,-0.2203478180642841,-0.45814892864851153,-0.3687008044838021,-1.72,-1.17,6.95,1.995,0.9335825443267822,0.0,0.05678451247513294,1.0,0.0,7.4,0.14200000000000002,True,True,False
11.863933324813843,forward_010,1.8639333248138428,0.1,0.0,0.0,-0.4919646829059016,-0.4145156973486533,0.5715953300281429,-3.12,2.19,8.5,2.302,0.9769623279571533,0.14285714285714285,0.053743861615657806,1.0,0.0,7.4,0.14200000000000002,True,True,False
11.88430380821228,forward_010,1.8843038082122803,0.1,0.0,0.0,-1.2228213071785272,-0.4657847441259867,-0.009817477042468103,-3.16,2.52,8.45,1.458,0.937445342540741,0.0,0.07805325463414192,1.0,0.0,7.4,0.14200000000000002,True,True,False
11.904659748077393,forward_010,1.9046597480773926,0.1,0.0,0.0,-1.2882711541283145,-0.3981532356112064,0.04690572364734761,1.59,6.12,5.4,0.9970000000000001,0.9579688906669617,0.07142857142857142,0.029566138982772827,1.0,0.0,7.4,0.14200000000000002,True,True,False
11.925032138824463,forward_010,1.925032138824463,0.1,0.0,0.0,-1.2544553998709245,-0.5181446216858165,-0.4363323129985824,-1.6,3.2600000000000002,5.75,0.844,0.9721304774284363,0.07142857142857142,0.07706158980727196,1.0,1.0,7.4,0.14200000000000002,True,True,False
11.945394039154053,forward_010,1.9453940391540527,0.1,0.0,0.0,-1.337358539340655,-0.38942658935123475,-0.9326603190344699,-1.6,3.2600000000000002,5.75,0.767,0.9379563927650452,0.0,0.031057484447956085,1.0,1.0,7.4,0.14200000000000002,True,True,False
11.965811967849731,forward_010,1.9658119678497314,0.1,0.0,0.0,-1.6013395887047974,0.6065019150680295,-1.6286103582672087,-1.6,3.2600000000000002,5.75,0.46,0.8962657451629639,0.0,0.06479953043162823,0.0,1.0,7.4,0.14200000000000002,True,True,False
11.98959469795227,forward_010,1.9895946979522705,0.1,0.0,0.0,-0.5061454830783556,0.7079491778402,-1.050470043544087,-1.6,3.2600000000000002,5.75,0.767,0.8869117498397827,0.0,0.036340104416012764,1.0,1.0,7.4,0.14200000000000002,True,True,False
12.010047197341919,forward_010,2.010047197341919,0.1,0.0,0.0,-0.17889624832941878,0.346884188833873,-0.31525009614147576,0.8,-1.7,5.55,1.074,0.8738325834274292,0.0,0.030958935618400574,1.0,1.0,7.4,0.14200000000000002,True,True,False
12.030417203903198,forward_010,2.0304172039031982,0.1,0.0,0.0,0.3370667117914049,0.6370451769779303,0.35015668118136234,0.47000000000000003,-2.75,5.51,0.9970000000000001,0.8392044901847839,0.0,0.05520720034837723,0.0,1.0,7.4,0.14200000000000002,True,True,False
12.050779342651367,forward_010,2.050779342651367,0.1,0.0,0.0,0.18762289458939044,0.5475970528132209,0.6621342849753488,-3.64,-1.17,8.57,0.767,0.9077971577644348,0.0,0.04617774486541748,0.0,1.0,7.2,0.955,True,True,False
12.071183919906616,forward_010,2.071183919906616,0.1,0.0,0.0,-0.23343778745424157,0.4079707126536745,0.6206827152404835,-3.64,-1.17,8.57,0.6899999999999998,0.8461650609970093,0.0,0.12714245915412903,0.0,1.0,7.2,0.955,True,True,False
12.09169602394104,forward_010,2.09169602394104,0.1,0.0,0.0,-0.4854196982109229,0.2301652951067522,0.6239552075879728,0.92,-1.93,6.57,1.074,0.853829562664032,0.0,0.09019005484879017,1.0,1.0,7.2,0.955,True,True,False
12.112173795700073,forward_010,2.1121737957000732,0.1,0.0,0.0,-0.6359543461954338,0.008726646259971648,0.8606654873897037,-3.86,-0.67,8.1,0.844,0.9548755884170532,0.07142857142857142,0.04854571260511875,0.0,1.0,7.2,0.955,True,True,False
12.132553100585938,forward_010,2.1325531005859375,0.1,0.0,0.0,-0.7232208087951503,-0.3021601267515183,0.6130468997630083,-3.35,-0.05,9.32,0.844,0.9828435778617859,0.07142857142857142,0.06836540717631578,0.0,1.0,7.2,0.955,True,True,False
12.15291428565979,forward_010,2.15291428565979,0.1,0.0,0.0,-0.5203262832508095,-0.29888763440402893,0.3196134192714616,-3.35,-0.05,9.32,1.765,0.9550532698631287,0.07142857142857142,0.04489534581080079,0.0,1.0,7.2,0.955,True,True,False
12.173279523849487,forward_010,2.1732795238494873,0.1,0.0,0.0,0.06654067773228381,-0.48651052899341934,0.25743606466916363,-2.0300000000000002,1.16,7.01,1.688,0.9761784076690674,0.07142857142857142,0.06552690640091896,0.0,1.0,7.2,0.955,True,True,False
12.19377613067627,forward_010,2.1937761306762695,0.1,0.0,0.0,0.7308566242726255,-0.7603090554000298,-0.20180369476184434,-2.37,-2.09,8.370000000000001,1.688,0.9593051671981812,0.07142857142857142,0.044998277560807765,0.0,1.0,7.2,0.955,True,True,False
12.21413254737854,forward_010,2.21413254737854,0.1,0.0,0.0,0.8835729338221293,-0.8148505945248526,-0.4046982203061852,-1.46,-3.92,8.25,1.074,0.9191397428512573,0.0,0.051630279049277306,0.0,1.0,7.2,0.955,True,True,False
12.234509468078613,forward_010,2.2345094680786133,0.1,0.0,0.0,0.96647607329186,-0.8737554567796613,-0.08726646259971647,-1.1300000000000001,-1.6,7.32,1.534,0.964432418346405,0.07142857142857142,0.08298786822706461,1.0,1.0,7.2,0.955,True,True,False
12.254910230636597,forward_010,2.2549102306365967,0.1,0.0,0.0,1.296997800388286,-1.0559241974565694,0.4385139745635753,-2.5300000000000002,-2.7,7.47,1.227,0.958480179309845,0.07142857142857142,0.027081117033958435,1.0,1.0,6.8,2.56,True,True,False
12.276082277297974,forward_010,2.2760822772979736,0.1,0.0,0.0,1.6297011890497053,-0.904298718689562,0.5105088062083414,-2.5300000000000002,-2.7,7.47,0.9970000000000001,0.9490934610366821,0.0,0.05235814768821001,1.0,1.0,6.8,2.56,True,True,False
12.296459913253784,forward_010,2.296459913253784,0.1,0.0,0.0,1.0068368122442288,0.16907877128695067,0.10144726277217041,-2.5300000000000002,-2.7,7.47,1.6110000000000002,0.843988835811615,0.0,0.08287549111992121,1.0,1.0,6.8,2.56,True,True,False
12.316828489303589,forward_010,2.316828489303589,0.1,0.0,0.0,0.5268712679457882,-0.09708393964218458,-1.3559026626430948,1.35,6.890000000000001,5.49,1.304,0.83036208152771,0.0,0.04165132902562618,1.0,1.0,6.8,2.56,True,True,False
12.337295293807983,forward_010,2.3372952938079834,0.1,0.0,0.0,0.26398104936414235,-0.19525871006686563,-1.942769623626188,1.35,6.890000000000001,5.49,1.151,0.7950059175491333,0.0,0.0367870107293129,1.0,0.0,6.8,2.56,True,True,False
12.35766315460205,forward_010,2.357663154602051,0.1,0.0,0.0,-0.11017390903214205,-0.03381575425739013,-1.6613352817421025,-1.01,-1.1500000000000001,3.5300000000000002,0.9210000000000002,0.9092663526535034,0.0,0.07797042094171047,1.0,0.0,6.8,2.56,True,True,False
12.378097534179688,forward_010,2.3780975341796875,0.1,0.0,0.0,-0.017453292519943295,-0.8803004414746399,-0.9926560120717749,0.67,-0.37,5.83,1.227,0.9630425572395325,0.07142857142857142,0.09566621854901314,1.0,0.0,6.8,2.56,True,True,False
12.39847469329834,forward_010,2.39847469329834,0.1,0.0,0.0,-0.15162547876700738,-0.954476934684399,-0.26398104936414235,0.8,-0.13,7.390000000000001,1.458,0.9559451937675476,0.07142857142857142,0.06349364295601845,1.0,0.0,6.8,2.56,True,True,False
12.419009685516357,forward_010,2.4190096855163574,0.1,0.0,0.0,-0.27707101875409984,-0.8279405639148101,0.8017606251348951,-0.4,1.6500000000000001,7.3,1.688,0.9887465238571167,0.14285714285714285,0.06675499677658081,1.0,0.0,6.8,2.56,True,True,False
12.439372062683105,forward_010,2.4393720626831055,0.1,0.0,0.0,-0.8246680715673207,-1.0155634585042006,0.8443030256522569,-0.42,-0.04,6.42,1.841,0.9811640977859497,0.07142857142857142,0.0538921132683754,1.0,0.0,6.8,2.56,True,True,False
12.459758758544922,forward_010,2.459758758544922,0.1,0.0,0.0,-0.8312130562622995,-0.9697485656393493,0.6610434541928523,0.65,4.79,8.07,0.9210000000000002,0.9852308034896851,0.07142857142857142,0.021384719759225845,1.0,0.0,7.3,0.507,True,True,False
12.480124235153198,forward_010,2.4801242351531982,0.1,0.0,0.0,-1.0210176124166828,-0.6141377305455047,-0.002181661564992912,0.39,4.79,8.98,0.9210000000000002,0.989801287651062,0.14285714285714285,0.024782450171187513,1.0,1.0,7.3,0.507,True,True,False
12.50047755241394,forward_010,2.5004775524139404,0.1,0.0,0.0,-1.114829059711378,-0.15817046346198613,-1.1311915214488248,0.39,4.79,8.98,0.9970000000000001,0.9677512049674988,0.14285714285714285,0.04948408529162407,1.0,1.0,7.3,0.507,True,True,False
12.521034002304077,forward_010,2.521034002304077,0.1,0.0,0.0,-1.4311699866353502,0.8377580409572782,-1.9896753472735358,0.39,4.79,8.98,0.844,0.9142393469810486,0.0,0.10624925419688225,0.0,1.0,7.3,0.507,True,True,False
12.541520118713379,forward_010,2.541520118713379,0.1,0.0,0.0,-0.5137812985558308,0.5890486225480862,-2.493639168786898,0.39,4.79,8.98,0.9210000000000002,0.9390949606895447,0.0,0.031227845698595047,1.0,1.0,7.3,0.507,True,True,False
12.561943531036377,forward_010,2.561943531036377,0.1,0.0,0.0,-0.3174317577064687,0.19744037163185854,-2.6998061866787286,-0.42,-6.19,3.93,1.151,0.8994060158729553,0.0,0.04715335741639137,1.0,1.0,7.3,0.507,True,True,False
12.582314014434814,forward_010,2.5823140144348145,0.1,0.0,0.0,0.05781403147231216,0.4243331743911214,-1.8380498685065283,3.34,-5.01,9.01,1.381,0.922050952911377,0.0,0.04212504928000271,1.0,1.0,7.3,0.507,True,True,False
12.602676630020142,forward_010,2.6026766300201416,0.1,0.0,0.0,-0.007635815477475192,1.3864459245529954,-0.7275841319251362,3.34,-5.01,9.01,1.227,0.8672786355018616,0.0,0.038326386362314224,1.0,1.0,7.3,0.507,True,True,False
12.62303352355957,forward_010,2.6230335235595703,0.1,0.0,0.0,-0.04145156973486533,1.2664545384783854,0.05126904677733343,-3.31,-6.34,8.26,0.767,0.7606784701347351,0.0,0.10378865152597427,1.0,1.0,7.3,0.507,True,True,False
12.643403053283691,forward_010,2.6434030532836914,0.1,0.0,0.0,-0.038179077387375956,1.0428342280666119,0.5181446216858165,0.08,-2.0100000000000002,7.03,0.614,0.6555501818656921,0.0,0.061624301597476006,1.0,1.0,7.3,0.507,True,True,False
12.663769006729126,forward_010,2.663769006729126,0.1,0.0,0.0,0.05999569303730508,1.064650843716541,0.5203262832508095,0.08,-2.0100000000000002,7.03,0.6899999999999998,0.8962453007698059,0.0,0.08402888663113117,1.0,1.0,7.0,1.4020000000000001,True,True,False
12.684136629104614,forward_010,2.6841366291046143,0.1,0.0,0.0,0.008726646259971648,0.9457502884244273,0.5835944686356039,0.08,-2.0100000000000002,7.03,1.227,0.7959009408950806,0.0,0.028757333755493164,0.0,1.0,7.0,1.4020000000000001,True,True,False
12.704514503479004,forward_010,2.704514503479004,0.1,0.0,0.0,-0.06326818538479445,0.6119560689805118,0.24216443371421323,-3.84,-0.6,5.76,1.6110000000000002,0.891211211681366,0.0,0.05277740955352783,0.0,1.0,7.0,1.4020000000000001,True,True,False
12.724865674972534,forward_010,2.724865674972534,0.1,0.0,0.0,0.17235126363444003,-0.17889624832941878,-0.09272061651219876,-3.61,-2.29,8.540000000000001,1.381,0.9318972229957581,0.0,0.05428498424589634,0.0,1.0,7.0,1.4020000000000001,True,True,False
12.745280027389526,forward_010,2.7452800273895264,0.1,0.0,0.0,0.5105088062083414,-0.018544123302439753,-0.09599310885968812,-2.0100000000000002,-1.49,6.37,1.381,0.965124785900116,0.07142857142857142,0.0490582101047039,0.0,1.0,7.0,1.4020000000000001,True,True,False
12.76564645767212,forward_010,2.765646457672119,0.1,0.0,0.0,0.940296134511945,-0.41233403578366035,-0.272707695624114,-0.41000000000000003,-5.12,8.21,1.227,0.9703469276428223,0.07142857142857142,0.07738510705530643,1.0,1.0,7.0,1.4020000000000001,True,True,False
12.786088466644287,forward_010,2.786088466644287,0.1,0.0,0.0,0.8606654873897037,-0.4461497900410505,-0.3119776037939864,-1.72,-3.52,7.2,1.381,0.9724541306495667,0.07142857142857142,0.054663799703121185,1.0,1.0,7.0,1.4020000000000001,True,True,False
12.806452751159668,forward_010,2.806452751159668,0.1,0.0,0.0,1.0755591515415055,-0.5705044992456465,0.12217304763960307,-0.63,-2.94,7.24,1.074,0.9713620543479919,0.07142857142857142,0.06029071658849716,1.0,1.0,7.0,1.4020000000000001,True,True,False
12.826829195022583,forward_010,2.826829195022583,0.1,0.0,0.0,1.1279190291013355,-0.5519603759432067,0.421060682043632,0.11,-0.04,9.49,1.304,0.9356406331062317,0.0,0.06057235412299633,1.0,1.0,7.0,1.4020000000000001,True,True,False
12.847196102142334,forward_010,2.847196102142334,0.1,0.0,0.0,0.7504915783575618,-0.15707963267948966,0.1832595714594046,0.11,-0.04,9.49,1.227,0.9023725390434265,0.0,0.0809889177326113,1.0,1.0,7.0,1.4020000000000001,True,True,False
12.867674112319946,forward_010,2.8676741123199463,0.1,0.0,0.0,0.29670597283903605,0.3327033886614191,-0.7941248096574199,-0.64,7.36,8.63,1.227,0.872527539730072,0.0,0.0788205077406019,1.0,1.0,7.3,0.689,True,True,False
12.888042449951172,forward_010,2.888042449951172,0.1,0.0,0.0,0.46142142099600086,0.24652775684419906,-1.624247035137223,-0.64,7.36,8.63,1.304,0.8288277983665466,0.0,0.077701635658741,1.0,1.0,7.3,0.689,True,True,False
12.908416032791138,forward_010,2.9084160327911377,0.1,0.0,0.0,0.3621558197888234,0.543233729683235,-1.5653421728824144,-0.33,1.69,6.38,0.9970000000000001,0.9314944744110107,0.0,0.047610048204660416,1.0,1.0,7.3,0.689,True,True,False
12.92878770828247,forward_010,2.9287877082824707,0.1,0.0,0.0,0.10690141668465268,-0.08835729338221293,-1.4278974942878608,2.32,-1.32,6.04,1.074,0.8461969494819641,0.0,0.061003217939287424,1.0,0.0,7.3,0.689,True,True,False
12.94916844367981,forward_010,2.9491684436798096,0.1,0.0,0.0,-0.13308135546456762,-0.5279620987282847,-0.5988660995905544,1.3800000000000001,-1.62,5.7,1.458,0.9192644357681274,0.0,0.06680227653123438,1.0,0.0,7.3,0.689,True,True,False
12.969871997833252,forward_010,2.969871997833252,0.1,0.0,0.0,-0.4265148359561143,-0.7003133623627247,0.631591023065448,-0.44,-1.2,7.0200000000000005,1.841,0.9828453063964844,0.07142857142857142,0.05166185274720192,1.0,0.0,7.3,0.689,True,True,False
12.990242719650269,forward_010,2.9902427196502686,0.1,0.0,0.0,-0.8530296719122286,-0.5105088062083414,1.3089969389957472,-0.44,-1.2,7.0200000000000005,1.304,0.9734324216842651,0.07142857142857142,0.05026878509670496,1.0,1.0,7.3,0.689,True,True,False
13.010618925094604,forward_010,3.0106189250946045,0.1,0.0,0.0,-1.3919000784654778,-0.681769239060285,1.0013826583317467,-1.46,4.37,8.45,1.227,0.9931373000144958,0.14285714285714285,0.027225330471992493,1.0,1.0,7.3,0.689,True,True,False
13.030973672866821,forward_010,3.0309736728668213,0.1,0.0,0.0,-1.6613352817421025,-0.358883327441334,0.18980455615438332,-1.6400000000000001,3.86,7.3100000000000005,0.9210000000000002,0.9847742915153503,0.14285714285714285,0.05542918061837554,1.0,1.0,7.3,0.689,True,True,False
13.051342487335205,forward_010,3.051342487335205,0.1,0.0,0.0,-1.4562590946327687,-0.11780972450961724,-1.0657416744990376,-1.6400000000000001,3.86,7.3100000000000005,0.9210000000000002,0.9600486159324646,0.07142857142857142,0.09478224813938141,0.0,1.0,7.3,0.689,True,True,False
13.071702718734741,forward_010,3.071702718734741,0.1,0.0,0.0,-0.5715953300281429,0.9882926889417891,-1.2544553998709245,-1.6400000000000001,3.86,7.3100000000000005,1.227,0.9150744080543518,0.0,0.07731213420629501,1.0,1.0,7.2,1.052,True,True,False
13.092062950134277,forward_010,3.0920629501342773,0.1,0.0,0.0,-0.06872233929727672,0.7504915783575618,-1.8031432834666417,-1.69,-2.47,3.67,0.767,0.8674952983856201,0.0,0.02921890839934349,1.0,1.0,7.2,1.052,True,True,False
13.112444162368774,forward_010,3.1124441623687744,0.1,0.0,0.0,0.6828600698427815,0.4276056667386107,-1.4006267247254494,-1.69,-2.47,3.67,0.844,0.8552356362342834,0.0,0.02543170191347599,1.0,1.0,7.2,1.052,True,True,False
13.132819890975952,forward_010,3.132819890975952,0.1,0.0,0.0,0.3370667117914049,1.1671889372712079,-0.5475970528132209,-1.69,-2.47,3.67,1.458,0.8998960852622986,0.0,0.0787707008421421,1.0,1.0,7.2,1.052,True,True,False
13.15319538116455,forward_010,3.153195381164551,0.1,0.0,0.0,-0.06981317007977318,0.9097528726020443,0.5945027764605685,-1.69,-2.47,3.67,1.381,0.8569976091384888,0.0,0.10720693320035934,1.0,1.0,7.2,1.052,True,True,False
13.173560857772827,forward_010,3.173560857772827,0.1,0.0,0.0,-0.09272061651219876,1.0722866591940161,1.2719086923908676,-3.21,0.23,7.58,1.151,0.9547143578529358,0.07142857142857142,0.16129367426037788,1.0,1.0,7.2,1.052,True,True,False
13.193992853164673,forward_010,3.193992853164673,0.1,0.0,0.0,-0.24434609527920614,0.9206611804270088,1.0351984125891367,-3.21,0.23,7.58,1.227,0.9736529588699341,0.21428571428571427,0.07316832803189754,1.0,1.0,7.2,1.052,True,True,False
13.214359521865845,forward_010,3.2143595218658447,0.1,0.0,0.0,-0.6632251157578453,0.8399397025222711,1.1202832136238603,-0.78,2.38,8.49,1.6110000000000002,0.7801161408424377,0.0,0.057627913425676525,0.0,1.0,7.2,1.052,True,True,False
13.234718084335327,forward_010,3.234718084335327,0.1,0.0,0.0,-0.8857545953871222,0.48978302134090873,0.8704829644321719,-3.19,-0.32,6.68,1.841,0.6960278749465942,0.0,0.055694309994578355,0.0,1.0,7.2,1.052,True,True,False
13.255200862884521,forward_010,3.2552008628845215,0.1,0.0,0.0,-0.3567016658763411,-0.4134248665661568,0.7057675162752071,-2.42,0.04,9.790000000000001,1.765,0.9479933381080627,0.0,0.06785164587199688,0.0,1.0,7.2,1.052,True,True,False
13.275558710098267,forward_010,3.2755587100982666,0.1,0.0,0.0,0.28034351110158917,-0.7526732399225546,0.25743606466916363,-3.23,-3.74,6.7,0.9970000000000001,0.9844357967376709,0.07142857142857142,0.1106988713145256,0.0,1.0,7.1,0.9760000000000003,True,True,False
13.296626329421997,forward_010,3.296626329421997,0.1,0.0,0.0,0.4788747135159442,-0.9239336727744982,-0.02399827721492203,-3.0500000000000003,-3.0700000000000003,9.52,0.844,0.9704867601394653,0.07142857142857142,0.09083759784698486,0.0,1.0,7.1,0.9760000000000003,True,True,False
13.316991329193115,forward_010,3.3169913291931152,0.1,0.0,0.0,0.7853981633974483,-1.3668109704680593,0.7341291166201148,0.24,-6.29,4.99,0.9970000000000001,0.7530947327613831,0.0,0.12582546472549438,0.0,1.0,7.1,0.9760000000000003,True,True,False
13.337427377700806,forward_010,3.3374273777008057,0.1,0.0,0.0,1.2162763224835484,-1.1573714602287397,1.3864459245529954,-1.54,-5.62,5.5200000000000005,1.304,0.8768803477287292,0.0,0.09037647768855095,1.0,1.0,7.1,0.9760000000000003,True,True,False
13.357789278030396,forward_010,3.3577892780303955,0.1,0.0,0.0,1.5860679577498469,-1.0231992739816758,1.7955074679891665,-2.56,-2.69,4.54,2.225,0.94125896692276,0.0,0.056225848849862814,1.0,1.0,7.1,0.9760000000000003,True,True,False
13.378159999847412,forward_010,3.378159999847412,0.1,0.0,0.0,1.581704634619861,-0.8017606251348951,2.0180369476184437,-0.38,3.23,4.88,1.304,0.9074848294258118,0.0,0.08638977725058794,1.0,1.0,7.1,0.9760000000000003,True,True,False
13.39853286743164,forward_010,3.3985328674316406,0.1,0.0,0.0,0.3959715740462135,0.5225079448158024,0.7123125009701857,-0.38,3.23,4.88,1.688,0.7503573894500732,0.0,0.06782090524211526,1.0,1.0,7.1,0.9760000000000003,True,True,False
13.418902397155762,forward_010,3.4189023971557617,0.1,0.0,0.0,0.004363323129985824,0.32179508083645453,-0.9010262263420726,-0.38,3.23,4.88,1.841,0.8947526812553406,0.0,0.08455437794327736,1.0,1.0,7.1,0.9760000000000003,True,True,False
13.43926191329956,forward_010,3.4392619132995605,0.1,0.0,0.0,0.07308566242726255,0.5159629601208237,-1.5413438956674923,-0.38,3.23,4.88,1.151,0.9332866072654724,0.0,0.11154017969965935,1.0,1.0,7.1,0.9760000000000003,True,True,False
13.459625720977783,forward_010,3.459625720977783,0.1,0.0,0.0,0.18871372537188688,0.6752242543653062,-1.3035427850832648,-2.39,-3.0700000000000003,0.58,0.9210000000000002,0.9516084790229797,0.07142857142857142,0.1297500655055046,1.0,1.0,7.1,0.9760000000000003,True,True,False
13.479999303817749,forward_010,3.479999303817749,0.1,0.0,0.0,-0.14835298641951802,-0.44724062082354693,-1.0602875205865552,0.8300000000000001,-1.81,8.23,0.9970000000000001,0.7937549352645874,0.0,0.15137281268835068,1.0,0.0,7.0,1.149,True,True,False
13.500359773635864,forward_010,3.5003597736358643,0.1,0.0,0.0,-0.43196898986859655,-0.22362031041177347,-0.27598018797160334,1.01,-1.12,6.1000000000000005,1.841,0.8995269536972046,0.0,0.058213552460074425,1.0,0.0,7.0,1.149,True,True,False
13.520735263824463,forward_010,3.520735263824463,0.1,0.0,0.0,-0.6130468997630083,-0.7777623479199731,0.7014041931452212,1.01,-1.12,6.1000000000000005,1.995,0.9774332046508789,0.07142857142857142,0.07020717673003674,1.0,0.0,7.0,1.149,True,True,False
13.54109001159668,forward_010,3.5410900115966797,0.1,0.0,0.0,-0.9817477042468103,-0.5530512067257032,1.5697054960124002,-0.86,0.33,9.73,1.304,0.965661883354187,0.07142857142857142,0.06995837949216366,1.0,1.0,7.0,1.149,True,True,False
13.561453580856323,forward_010,3.5614535808563232,0.1,0.0,0.0,-1.6689710972195777,-0.6664976081053346,1.0482883819790942,-3.17,3.0700000000000003,6.37,0.767,0.9861409068107605,0.14285714285714285,0.03413128852844238,1.0,1.0,7.0,1.149,True,True,False
13.582015037536621,forward_010,3.582015037536621,0.1,0.0,0.0,-1.8838647613713795,-0.29670597283903605,0.45160394395353276,2.35,-1.12,8.06,0.844,0.910045325756073,0.0,0.08247153088450432,0.0,1.0,7.0,1.149,True,True,False
13.60237717628479,forward_010,3.60237717628479,0.1,0.0,0.0,-0.7526732399225546,0.03381575425739013,0.5399612373357457,2.35,-1.12,8.06,0.9970000000000001,0.9531650543212891,0.07142857142857142,0.07837330177426338,1.0,1.0,7.0,1.149,True,True,False
13.622754096984863,forward_010,3.6227540969848633,0.1,0.0,0.0,-0.09490227807719166,0.5639595145506677,0.09381144729469522,-1.26,-3.92,5.22,1.151,0.9237126111984253,0.0,0.044040363281965256,1.0,1.0,7.0,1.149,True,True,False
13.643110036849976,forward_010,3.6431100368499756,0.1,0.0,0.0,0.36324665057131983,0.038179077387375956,-0.3239767424014474,0.51,-1.97,2.74,0.6899999999999998,0.9652581214904785,0.07142857142857142,0.03839441854506731,1.0,1.0,7.0,1.149,True,True,False
13.663581132888794,forward_010,3.663581132888794,0.1,0.0,0.0,0.45814892864851153,0.3239767424014474,0.18216874067690814,0.51,-1.97,2.74,0.537,0.8897517919540405,0.0,0.03902676608413458,1.0,1.0,7.0,1.149,True,True,False
13.683949947357178,forward_010,3.6839499473571777,0.1,0.0,0.0,0.20180369476184434,0.5257804371632918,0.21380283336930536,0.51,-1.97,2.74,0.844,0.8274065852165222,0.0,0.034636106342077255,1.0,1.0,7.4,0.336,True,True,False
13.704308271408081,forward_010,3.704308271408081,0.1,0.0,0.0,-0.10362892433716332,0.3294308963139297,0.7494007475750653,-1.83,-2.11,8.790000000000001,0.844,0.8517023921012878,0.0,0.02486218512058258,1.0,1.0,7.4,0.336,True,True,False
13.724683046340942,forward_010,3.7246830463409424,0.1,0.0,0.0,-0.2585268954516601,0.4079707126536745,1.595885434792315,-0.49,-1.7,8.71,0.767,0.8951383233070374,0.0,0.05282574146986008,0.0,1.0,7.4,0.336,True,True,False
13.7452073097229,forward_010,3.7452073097229004,0.1,0.0,0.0,-0.23343778745424157,0.1407171709420428,2.0354902401383868,-0.49,-1.7,8.71,0.614,0.9508658051490784,0.07142857142857142,0.10565699322614819,0.0,1.0,7.4,0.336,True,True,False
13.765583276748657,forward_010,3.7655832767486572,0.1,0.0,0.0,-0.2617993877991494,0.17016960206944712,2.040944394050869,-3.21,3.77,9.6,0.767,0.9535111784934998,0.07142857142857142,0.05792241543531418,0.0,1.0,7.4,0.336,True,True,False
13.786029577255249,forward_010,3.786029577255249,0.1,0.0,0.0,-0.4276056667386107,0.06326818538479445,1.0930124440614488,-1.57,-0.53,8.06,0.767,0.9757671356201172,0.07142857142857142,0.03121892735362053,0.0,1.0,7.4,0.336,True,True,False
13.806406021118164,forward_010,3.806406021118164,0.1,0.0,0.0,-0.6392268385429232,0.18980455615438332,1.2457287536109527,-2.62,-0.15,7.55,0.9970000000000001,0.9469214677810669,0.0,0.025237323716282845,0.0,1.0,7.4,0.336,True,True,False
13.826780080795288,forward_010,3.826780080795288,0.1,0.0,0.0,-0.6926775468852495,0.1538071403320003,1.4071717094204281,-1.67,-2.97,6.87,1.841,0.8515971302986145,0.0,0.022240959107875827,0.0,1.0,7.4,0.336,True,True,False
13.847134828567505,forward_010,3.847134828567505,0.1,0.0,0.0,-0.44724062082354693,-0.1090830782496456,1.361356816555577,-1.32,-3.56,9.0,1.841,0.8540393114089966,0.0,0.0399944894015789,0.0,1.0,7.4,0.336,True,True,False
13.867607593536377,forward_010,3.867607593536377,0.1,0.0,0.0,0.22252947962927702,-0.4276056667386107,1.7878716525116913,-1.53,-3.46,5.32,1.534,0.957050621509552,0.07142857142857142,0.05324365571141243,1.0,1.0,7.4,0.336,True,True,False
13.887973308563232,forward_010,3.8879733085632324,0.1,0.0,0.0,0.7733990247899872,-0.25416357232167425,2.115120887260628,-0.44,-2.97,6.74,0.844,0.9747815728187561,0.07142857142857142,0.0853713471442461,1.0,1.0,7.0,1.54,True,True,False
13.908330202102661,forward_010,3.908330202102661,0.1,0.0,0.0,1.2424562612634633,-0.7155849933176751,2.3049254434150113,-1.49,-2.5100000000000002,4.99,0.614,0.9742090702056885,0.07142857142857142,0.0857228790409863,1.0,1.0,7.0,1.54,True,True,False
13.928725242614746,forward_010,3.928725242614746,0.1,0.0,0.0,1.461713248545251,-1.261000384565903,2.3431045208023873,-1.49,-2.5100000000000002,4.99,0.844,0.9614008665084839,0.07142857142857142,0.038965463638305664,1.0,1.0,7.0,1.54,True,True,False
13.949094295501709,forward_010,3.949094295501709,0.1,0.0,0.0,0.17235126363444003,-0.20289452554434081,1.210822168571066,-1.49,-2.5100000000000002,4.99,1.151,0.8719601631164551,0.0,0.06188904866576195,1.0,1.0,7.0,1.54,True,True,False
13.969515800476074,forward_010,3.969515800476074,0.1,0.0,0.0,-0.15489797111449674,-0.03381575425739013,0.385063266221249,-2.95,0.73,8.0,1.151,0.9087127447128296,0.0,0.10157325491309166,1.0,1.0,7.0,1.54,True,True,False
13.99124026298523,forward_010,3.9912402629852295,0.1,0.0,0.0,-0.028361600344907856,-0.27379852640661045,0.5792311455056182,-1.33,-0.93,6.26,1.227,0.91011643409729,0.0,0.05508585274219513,1.0,1.0,7.0,1.54,True,True,False
14.01160216331482,forward_010,4.011602163314819,0.1,0.0,0.0,0.23234695667174513,-0.3327033886614191,1.4060808786379317,1.04,-1.07,9.35,0.767,0.9619065523147583,0.07142857142857142,0.05972056742757559,1.0,1.0,7.0,1.54,True,True,False
14.032122135162354,forward_010,4.0321221351623535,0.1,0.0,0.0,-0.19962203319685143,0.13744467859455345,1.425715832722868,1.04,-1.07,9.35,1.304,0.9637569189071655,0.14285714285714285,0.064114635810256,1.0,0.0,7.0,1.54,True,True,False
14.05248761177063,forward_010,4.05248761177063,0.1,0.0,0.0,-0.6915867161027531,0.06435901616729091,1.7027868514769677,-0.29,0.93,6.47,1.534,0.9589978456497192,0.07142857142857142,0.02700991742312908,1.0,0.0,7.0,1.54,True,True,False
14.072972297668457,forward_010,4.072972297668457,0.1,0.0,0.0,-0.9424777960769379,-0.16144295580947549,1.8075066065966274,0.05,0.2,7.0200000000000005,1.458,0.9779199957847595,0.14285714285714285,0.06404872611165047,1.0,1.0,7.0,1.54,True,True,False
14.093348026275635,forward_010,4.093348026275635,0.1,0.0,0.0,-1.296997800388286,0.1407171709420428,2.1543907954305004,0.89,2.38,9.700000000000001,1.074,0.9758812785148621,0.21428571428571427,0.050017871893942356,1.0,1.0,7.4,0.233,True,True,False
14.113701343536377,forward_010,4.113701343536377,0.1,0.0,0.0,-1.631882850614698,0.36542831213631277,2.2405664272477206,0.84,2.73,9.02,0.767,0.9761115312576294,0.14285714285714285,0.034582349471747875,0.0,1.0,7.4,0.233,True,True,False
14.13412070274353,forward_010,4.13412070274353,0.1,0.0,0.0,-1.4246250019403714,0.5901394533305827,1.9122263617162873,0.84,2.73,9.02,1.227,0.9016852974891663,0.0,0.04282275401055813,1.0,1.0,7.4,0.233,True,True,False
14.154597282409668,forward_010,4.154597282409668,0.1,0.0,0.0,-0.7243116395776468,0.3108867730114899,1.7736908523392374,1.05,-2.33,8.34,1.151,0.9222765564918518,0.0,0.01987050846219062,1.0,1.0,7.4,0.233,True,True,False
14.175075769424438,forward_010,4.1750757694244385,0.1,0.0,0.0,-0.22689280275926285,-0.0916297857297023,1.8500490071139892,1.55,-2.83,4.59,0.9970000000000001,0.9557591676712036,0.07142857142857142,0.02757371962070465,1.0,1.0,7.4,0.233,True,True,False
14.195459365844727,forward_010,4.195459365844727,0.1,0.0,0.0,0.11126473981463851,0.6719517620178169,2.027854424660912,-1.16,0.26,7.66,0.844,0.8792636394500732,0.0,0.04920425591990352,0.0,1.0,7.4,0.233,True,True,False
14.2158362865448,forward_010,4.2158362865448,0.1,0.0,0.0,-0.22362031041177347,1.0842857978014773,1.983130362578557,-1.16,0.26,7.66,0.767,0.8120346665382385,0.0,0.03336925804615021,0.0,1.0,7.4,0.233,True,True,False
14.23635482788086,forward_010,4.236354827880859,0.1,0.0,0.0,-0.519235452468313,0.7166758241001716,1.7246034671268968,-1.16,0.26,7.66,0.537,0.8329599499702454,0.0,0.01541610062122345,0.0,1.0,7.4,0.233,True,True,False
14.256713390350342,forward_010,4.256713390350342,0.1,0.0,0.0,-0.21162117180431245,0.9424777960769379,1.8216874067690814,-0.25,0.87,5.8100000000000005,0.6899999999999998,0.8471568822860718,0.0,0.06282494496554136,0.0,1.0,7.4,0.233,True,True,False
14.27708649635315,forward_010,4.277086496353149,0.1,0.0,0.0,0.11671889372712078,1.1955505376161157,1.559888018969932,-0.25,0.87,5.8100000000000005,0.46,0.8403142690658569,0.0,0.0856317775323987,0.0,1.0,7.4,0.233,True,True,False
