time_s,phase,phase_elapsed_s,cmd_x,cmd_y,cmd_yaw,gyro_x,gyro_y,gyro_z,accel_x,accel_y,accel_z,joint_vel_abs_max,action_abs_max,action_saturation_frac,target_delta_abs_max,left_contact,right_contact,min_voltage,sum_abs_current,obs_finite,action_finite,missed_deadline
0.00018143653869628906,stand_pre,0.00018143653869628906,0.0,0.0,0.0,0.017453292519943295,0.18653206380689397,-0.14726215563702155,0.81,-0.19,10.0,0.0,0.938528299331665,0.0,0.11262339353561401,1.0,1.0,7.5,0.116,True,True,True
0.062074899673461914,stand_pre,0.062074899673461914,0.0,0.0,0.0,0.09926560120717749,0.284706834231575,-0.1559888018969932,0.81,-0.19,10.0,0.0,0.8308142423629761,0.0,0.08166185207664967,1.0,1.0,7.5,0.116,True,True,False
0.08262753486633301,stand_pre,0.08262753486633301,0.0,0.0,0.0,0.0,-0.001090830782496456,0.001090830782496456,1.42,-0.27,9.25,0.23,0.8494369387626648,0.0,0.03228491637855768,1.0,1.0,7.5,0.116,True,True,False
0.10320210456848145,stand_pre,0.10320210456848145,0.0,0.0,0.0,-0.003272492347489368,-0.001090830782496456,-0.001090830782496456,0.13,-0.25,9.24,1.074,0.8369351625442505,0.0,0.027381492778658867,1.0,1.0,7.5,0.116,True,True,False
0.12369108200073242,stand_pre,0.12369108200073242,0.0,0.0,0.0,-0.009817477042468103,-0.01090830782496456,-0.009817477042468103,-0.13,0.18,8.790000000000001,1.227,0.8386204242706299,0.0,0.010853336192667484,1.0,1.0,7.5,0.116,True,True,False
0.14419221878051758,stand_pre,0.14419221878051758,0.0,0.0,0.0,-0.28688849579656794,-0.19525871006686563,-0.05235987755982989,1.27,0.14,9.700000000000001,1.304,0.857151985168457,0.0,0.007015245035290718,1.0,1.0,7.5,0.116,True,True,False
0.16467785835266113,stand_pre,0.16467785835266113,0.0,0.0,0.0,-0.6904958853202566,-0.25634523388666713,-0.08072147790473774,1.43,0.6900000000000001,7.5,1.074,0.8699622750282288,0.0,0.006373394746333361,1.0,1.0,7.5,0.116,True,True,False
0.18506193161010742,stand_pre,0.18506193161010742,0.0,0.0,0.0,-0.8584838258247108,-0.5268712679457882,0.2977968036215325,0.88,-0.71,7.43,1.074,0.8343518972396851,0.0,0.01800028095021844,1.0,1.0,7.5,0.116,True,True,False
0.20543742179870605,stand_pre,0.20543742179870605,0.0,0.0,0.0,-0.9468411192069238,-0.5443245604657315,0.6741334235828098,0.88,-0.71,7.43,0.46,0.8162388801574707,0.0,0.013527393341064453,1.0,1.0,7.5,0.116,True,True,False
0.22582554817199707,stand_pre,0.22582554817199707,0.0,0.0,0.0,-0.5377795757707527,-0.20289452554434081,1.1104657365813921,0.88,-0.71,7.43,0.384,0.8533743023872375,0.0,0.014521043747663498,1.0,1.0,7.5,0.116,True,True,False
0.2462475299835205,stand_pre,0.2462475299835205,0.0,0.0,0.0,-0.31634092692397225,-0.08508480103472356,0.8279405639148101,-0.33,-0.55,9.32,0.384,0.8200482726097107,0.0,0.009259935468435287,1.0,1.0,7.5,0.194,True,True,False
0.2669641971588135,stand_pre,0.2669641971588135,0.0,0.0,0.0,-0.20289452554434081,0.05781403147231216,0.4036073895236887,0.06,-1.12,8.700000000000001,0.537,0.8141252398490906,0.0,0.015343306586146355,1.0,1.0,7.5,0.194,True,True,False
0.2873387336730957,stand_pre,0.2873387336730957,0.0,0.0,0.0,-0.18435040224190105,0.18544123302439752,-0.28907015736156083,1.1300000000000001,-1.34,9.450000000000001,0.6899999999999998,0.8773988485336304,0.0,0.02559531945735216,1.0,1.0,7.5,0.194,True,True,False
0.3077085018157959,stand_pre,0.3077085018157959,0.0,0.0,0.0,0.022907446432425576,0.4188790204786391,-0.533416252640767,0.45,-2.65,9.4,0.23,0.8876964449882507,0.0,0.011254426091909409,1.0,1.0,7.5,0.194,True,True,False
0.3280773162841797,stand_pre,0.3280773162841797,0.0,0.0,0.0,0.16798794050445423,0.4919646829059016,-0.5737769915931359,-0.35000000000000003,-3.52,8.63,0.307,0.8899456262588501,0.0,0.004690205678343773,1.0,1.0,7.5,0.194,True,True,False
0.34844160079956055,stand_pre,0.34844160079956055,0.0,0.0,0.0,0.2454369260617026,0.35124751196385884,-0.4625122517784973,-0.35000000000000003,-3.52,8.63,0.384,0.901075541973114,0.0,0.004491526633501053,1.0,1.0,7.5,0.194,True,True,False
0.3688027858734131,stand_pre,0.3688027858734131,0.0,0.0,0.0,0.2683443724941282,0.23234695667174513,-0.15162547876700738,-0.35000000000000003,-3.52,8.63,0.537,0.8838529586791992,0.0,0.00898745097219944,1.0,1.0,7.5,0.194,True,True,False
0.3892223834991455,stand_pre,0.3892223834991455,0.0,0.0,0.0,0.16144295580947549,-0.04254240051736178,0.03599741582238305,1.09,-0.24,8.4,0.384,0.8971464037895203,0.0,0.011722493916749954,1.0,1.0,7.5,0.194,True,True,False
0.409592866897583,stand_pre,0.409592866897583,0.0,0.0,0.0,0.07090400086226964,-0.19634954084936207,0.3076142806640006,-0.13,-0.75,8.75,0.23,0.8926195502281189,0.0,0.009236709884135053,1.0,1.0,7.5,0.194,True,True,False
0.42995285987854004,stand_pre,0.42995285987854004,0.0,0.0,0.0,-0.022907446432425576,-0.13744467859455345,0.6948592084502424,0.19,-0.14,8.78,0.307,0.8428492546081543,0.0,0.013927122578024864,1.0,1.0,7.5,0.194,True,True,False
0.4503176212310791,stand_pre,0.4503176212310791,0.0,0.0,0.0,-0.1832595714594046,0.18762289458939044,0.6992225315802283,-0.39,1.05,9.700000000000001,0.307,0.823365330696106,0.0,0.013154089450836182,1.0,1.0,7.5,0.17600000000000002,True,True,False
0.470674991607666,stand_pre,0.470674991607666,0.0,0.0,0.0,-0.16253378659197193,0.2999784651865254,0.5257804371632918,-1.07,1.09,8.48,0.23,0.8299841284751892,0.0,0.006929956376552582,1.0,1.0,7.5,0.17600000000000002,True,True,False
0.4910469055175781,stand_pre,0.4910469055175781,0.0,0.0,0.0,-0.09599310885968812,0.15707963267948966,0.15271630954950383,-1.07,1.09,8.48,0.384,0.8630998730659485,0.0,0.008643832057714462,1.0,1.0,7.5,0.17600000000000002,True,True,False
0.5115752220153809,stand_pre,0.5115752220153809,0.0,0.0,0.0,-0.15707963267948966,0.3916082509162277,-0.20616701789183017,-0.67,-1.36,8.5,0.384,0.8714351058006287,0.0,0.007586084306240082,1.0,1.0,7.5,0.17600000000000002,True,True,False
0.532045841217041,stand_pre,0.532045841217041,0.0,0.0,0.0,-0.0916297857297023,0.11017390903214205,-0.26070855701665296,-0.67,-1.36,8.5,0.307,0.8884623646736145,0.0,0.008789267390966415,1.0,1.0,7.5,0.17600000000000002,True,True,False
0.5524725914001465,stand_pre,0.5524725914001465,0.0,0.0,0.0,0.019634954084936207,0.16580627893946132,-0.22362031041177347,-0.99,-2.2800000000000002,9.35,0.307,0.8920290470123291,0.0,0.0019459351897239685,1.0,1.0,7.5,0.17600000000000002,True,True,False
0.5728380680084229,stand_pre,0.5728380680084229,0.0,0.0,0.0,0.014180800172453928,-0.017453292519943295,-0.2748893571891069,0.01,-2.21,9.6,0.153,0.8983544707298279,0.0,0.005553591996431351,1.0,1.0,7.5,0.17600000000000002,True,True,False
0.5932028293609619,stand_pre,0.5932028293609619,0.0,0.0,0.0,0.008726646259971648,0.03599741582238305,-0.13199052468207118,0.0,-2.16,9.22,0.23,0.8922373652458191,0.0,0.0028943121433258057,1.0,1.0,7.5,0.17600000000000002,True,True,False
0.6136131286621094,stand_pre,0.6136131286621094,0.0,0.0,0.0,0.02945243112740431,-0.044724062082354694,0.1559888018969932,0.35000000000000003,-0.71,9.06,0.153,0.8827626705169678,0.0,0.007582955062389374,1.0,1.0,7.5,0.17600000000000002,True,True,False
0.633976936340332,stand_pre,0.633976936340332,0.0,0.0,0.0,0.04363323129985824,-0.055632369907319255,0.25416357232167425,-0.44,-0.28,9.16,0.077,0.88257896900177,0.0,0.0016461247578263283,1.0,1.0,7.5,0.17600000000000002,True,True,False
0.6543505191802979,stand_pre,0.6543505191802979,0.0,0.0,0.0,-0.006544984694978736,-0.02945243112740431,0.2792526803190927,-0.27,-0.13,9.11,0.153,0.8723278045654297,0.0,0.0021255910396575928,1.0,1.0,7.5,0.134,True,True,False
0.674710750579834,stand_pre,0.674710750579834,0.0,0.0,0.0,-0.04908738521234052,-0.03381575425739013,0.21271200258680892,-0.1,0.15,9.26,0.153,0.8698136210441589,0.0,0.0012697987258434296,1.0,1.0,7.5,0.134,True,True,False
0.6950743198394775,stand_pre,0.6950743198394775,0.0,0.0,0.0,-0.0545415391248228,0.003272492347489368,0.039269908169872414,0.09,-0.46,9.620000000000001,0.23,0.8723225593566895,0.0,0.00267164409160614,1.0,1.0,7.5,0.134,True,True,False
0.7154474258422852,stand_pre,0.7154474258422852,0.0,0.0,0.0,-0.0545415391248228,0.037088246604879506,-0.06654067773228381,0.16,-0.9,8.97,0.153,0.8736695051193237,0.0,0.0015319958329200745,1.0,1.0,7.5,0.134,True,True,False
0.7358098030090332,stand_pre,0.7358098030090332,0.0,0.0,0.0,-0.04799655442984406,-0.00545415391248228,-0.1189005552921137,-0.24,-1.6500000000000001,9.42,0.077,0.8792319297790527,0.0,0.0025935769081115723,1.0,1.0,7.5,0.134,True,True,False
0.7561688423156738,stand_pre,0.7561688423156738,0.0,0.0,0.0,-0.015271630954950384,-0.015271630954950384,-0.07308566242726255,-0.35000000000000003,-1.85,9.17,0.0,0.8806341290473938,0.0,0.0009993240237236023,1.0,1.0,7.5,0.134,True,True,False
0.7765359878540039,stand_pre,0.7765359878540039,0.0,0.0,0.0,-0.002181661564992912,-0.05672320068981571,-0.014180800172453928,-0.01,-1.52,9.17,0.077,0.8810793161392212,0.0,0.002014458179473877,1.0,1.0,7.5,0.134,True,True,False
0.7969679832458496,stand_pre,0.7969679832458496,0.0,0.0,0.0,0.003272492347489368,-0.061086523819801536,0.025089107997418487,0.0,-1.34,9.19,0.077,0.8823912143707275,0.0,0.0012846142053604126,1.0,1.0,7.5,0.134,True,True,False
0.8173234462738037,stand_pre,0.8173234462738037,0.0,0.0,0.0,0.013089969389957472,-0.08399397025222712,0.04908738521234052,0.02,-0.56,9.42,0.0,0.8865184187889099,0.0,0.0009488724172115326,1.0,1.0,7.5,0.134,True,True,False
0.8378474712371826,stand_pre,0.8378474712371826,0.0,0.0,0.0,0.006544984694978736,-0.06435901616729091,-0.013089969389957472,0.08,-0.42,9.23,0.0,0.8906792402267456,0.0,0.0017386823892593384,1.0,1.0,7.5,0.134,True,True,False
0.8582968711853027,stand_pre,0.8582968711853027,0.0,0.0,0.0,-0.001090830782496456,-0.04908738521234052,-0.0272707695624114,0.14,-0.54,9.38,0.0,0.8930424451828003,0.0,0.0010093040764331818,1.0,1.0,7.5,0.16,True,True,False
0.8786799907684326,stand_pre,0.8786799907684326,0.0,0.0,0.0,-0.025089107997418487,-0.016362461737446838,-0.028361600344907856,0.18,-0.7000000000000001,9.19,0.077,0.8930671215057373,0.0,0.0015678033232688904,1.0,1.0,7.5,0.16,True,True,False
0.899137020111084,stand_pre,0.899137020111084,0.0,0.0,0.0,-0.028361600344907856,-0.016362461737446838,-0.017453292519943295,0.15,-1.03,9.36,0.0,0.8956398367881775,0.0,0.001062542200088501,1.0,1.0,7.5,0.16,True,True,False
0.9195177555084229,stand_pre,0.9195177555084229,0.0,0.0,0.0,-0.032724923474893676,-0.001090830782496456,0.02181661564992912,0.04,-1.25,9.17,0.077,0.8947954773902893,0.0,0.0020713917911052704,1.0,1.0,7.5,0.16,True,True,False
0.9398858547210693,stand_pre,0.9398858547210693,0.0,0.0,0.0,-0.025089107997418487,-0.007635815477475192,0.02945243112740431,0.04,-1.28,9.25,0.077,0.8969842791557312,0.0,0.0012522228062152863,1.0,1.0,7.5,0.16,True,True,False
0.9602706432342529,stand_pre,0.9602706432342529,0.0,0.0,0.0,-0.007635815477475192,-0.002181661564992912,0.015271630954950384,0.1,-1.21,9.23,0.077,0.8987076878547668,0.0,0.0013092346489429474,1.0,1.0,7.5,0.16,True,True,False
0.9807524681091309,stand_pre,0.9807524681091309,0.0,0.0,0.0,0.013089969389957472,-0.014180800172453928,0.009817477042468103,0.04,-1.4000000000000001,9.21,0.0,0.8998103141784668,0.0,0.0011205673217773438,1.0,1.0,7.5,0.16,True,True,False
1.0011115074157715,stand_pre,1.0011115074157715,0.0,0.0,0.0,0.00545415391248228,0.001090830782496456,0.032724923474893676,0.15,-0.79,9.25,0.0,0.8984012603759766,0.0,0.0019108355045318604,1.0,1.0,7.5,0.16,True,True,False
1.021484613418579,stand_pre,1.021484613418579,0.0,0.0,0.0,0.02181661564992912,0.003272492347489368,-0.032724923474893676,0.03,-0.8200000000000001,9.450000000000001,0.0,0.9012490510940552,0.0,0.001844450831413269,1.0,1.0,7.5,0.16,True,True,False
1.0418598651885986,stand_pre,1.0418598651885986,0.0,0.0,0.0,0.028361600344907856,0.02181661564992912,-0.032724923474893676,0.07,-0.91,9.25,0.0,0.8982883095741272,0.0,0.0011018477380275726,1.0,1.0,7.5,0.16,True,True,False
1.0623846054077148,stand_pre,1.0623846054077148,0.0,0.0,0.0,0.009817477042468103,0.025089107997418487,-0.007635815477475192,0.16,-0.91,9.23,0.0,0.8946258425712585,0.0,0.0011813901364803314,1.0,1.0,7.5,0.175,True,True,False
1.0833568572998047,stand_pre,1.0833568572998047,0.0,0.0,0.0,-0.006544984694978736,0.03599741582238305,0.032724923474893676,0.07,-0.88,9.36,0.0,0.8903983235359192,0.0,0.0008273273706436157,1.0,1.0,7.5,0.175,True,True,False
1.1037216186523438,stand_pre,1.1037216186523438,0.0,0.0,0.0,-0.009817477042468103,0.038179077387375956,0.015271630954950384,0.0,-0.88,9.22,0.0,0.8884596228599548,0.0,0.001210339367389679,1.0,1.0,7.5,0.175,True,True,False
1.1241419315338135,stand_pre,1.1241419315338135,0.0,0.0,0.0,-0.001090830782496456,0.038179077387375956,0.002181661564992912,-0.06,-1.19,9.290000000000001,0.0,0.8864700198173523,0.0,0.00100775808095932,1.0,1.0,7.5,0.175,True,True,False
1.1445064544677734,stand_pre,1.1445064544677734,0.0,0.0,0.0,-0.004363323129985824,0.037088246604879506,0.02181661564992912,0.02,-1.07,9.21,0.0,0.8834050893783569,0.0,0.0008322522044181824,1.0,1.0,7.5,0.175,True,True,False
1.1648707389831543,stand_pre,1.1648707389831543,0.0,0.0,0.0,0.003272492347489368,0.019634954084936207,0.002181661564992912,-0.08,-1.1,9.3,0.0,0.8842038512229919,0.0,0.0014237463474273682,1.0,1.0,7.5,0.175,True,True,False
1.1852374076843262,stand_pre,1.1852374076843262,0.0,0.0,0.0,0.015271630954950384,0.015271630954950384,-0.001090830782496456,-0.12,-1.06,9.24,0.0,0.8836692571640015,0.0,0.0008774548768997192,1.0,1.0,7.5,0.175,True,True,False
1.2057278156280518,stand_pre,1.2057278156280518,0.0,0.0,0.0,0.017453292519943295,0.006544984694978736,-0.01090830782496456,-0.05,-0.92,9.23,0.0,0.8830345869064331,0.0,0.0009119696915149689,1.0,1.0,7.5,0.175,True,True,False
1.2261111736297607,stand_pre,1.2261111736297607,0.0,0.0,0.0,0.009817477042468103,0.00545415391248228,-0.008726646259971648,-0.03,-0.89,9.28,0.0,0.8818303942680359,0.0,0.0006044581532478333,1.0,1.0,7.5,0.175,True,True,False
1.2464845180511475,stand_pre,1.2464845180511475,0.0,0.0,0.0,0.008726646259971648,-0.002181661564992912,0.002181661564992912,-0.01,-0.79,9.25,0.0,0.8802670836448669,0.0,0.0007627680897712708,1.0,1.0,7.5,0.175,True,True,False
1.2668557167053223,stand_pre,1.2668557167053223,0.0,0.0,0.0,-0.00545415391248228,0.002181661564992912,0.004363323129985824,-0.06,-0.8300000000000001,9.22,0.0,0.8785660266876221,0.0,0.0006881728768348694,1.0,1.0,7.5,0.154,True,True,False
1.2875986099243164,stand_pre,1.2875986099243164,0.0,0.0,0.0,-0.009817477042468103,0.002181661564992912,0.004363323129985824,-0.04,-0.84,9.25,0.0,0.8772596716880798,0.0,0.0006864368915557861,1.0,1.0,7.5,0.154,True,True,False
1.307971715927124,stand_pre,1.307971715927124,0.0,0.0,0.0,-0.014180800172453928,-0.001090830782496456,0.0,-0.04,-1.04,9.200000000000001,0.0,0.8767664432525635,0.0,0.0008180290460586548,1.0,1.0,7.5,0.154,True,True,False
1.3283836841583252,stand_pre,1.3283836841583252,0.0,0.0,0.0,-0.016362461737446838,-0.009817477042468103,0.00545415391248228,-0.04,-1.03,9.25,0.0,0.8777052164077759,0.0,0.0006728470325469971,1.0,1.0,7.5,0.154,True,True,False
1.348761796951294,stand_pre,1.348761796951294,0.0,0.0,0.0,-0.009817477042468103,-0.013089969389957472,-0.003272492347489368,-0.08,-1.06,9.25,0.0,0.8806228637695312,0.0,0.0009343624114990234,1.0,1.0,7.5,0.154,True,True,False
1.3691740036010742,stand_pre,1.3691740036010742,0.0,0.0,0.0,0.0,-0.018544123302439753,-0.009817477042468103,0.0,-1.06,9.22,0.0,0.8836105465888977,0.0,0.0008534230291843414,1.0,1.0,7.5,0.154,True,True,False
1.3895480632781982,stand_pre,1.3895480632781982,0.0,0.0,0.0,-0.002181661564992912,-0.022907446432425576,-0.009817477042468103,0.0,-1.03,9.23,0.0,0.8872572779655457,0.0,0.0009200423955917358,1.0,1.0,7.5,0.154,True,True,False
1.4099957942962646,stand_pre,1.4099957942962646,0.0,0.0,0.0,0.004363323129985824,-0.02399827721492203,-0.008726646259971648,0.0,-0.91,9.21,0.0,0.8911490440368652,0.0,0.0008293241262435913,1.0,1.0,7.5,0.154,True,True,False
1.4304606914520264,stand_pre,1.4304606914520264,0.0,0.0,0.0,0.003272492347489368,-0.022907446432425576,-0.003272492347489368,0.03,-0.87,9.23,0.0,0.8940111994743347,0.0,0.0007915645837783813,1.0,1.0,7.5,0.154,True,True,False
1.4508388042449951,stand_pre,1.4508388042449951,0.0,0.0,0.0,-0.003272492347489368,-0.017453292519943295,-0.004363323129985824,0.04,-0.85,9.26,0.0,0.8964466452598572,0.0,0.0009065307676792145,1.0,1.0,7.5,0.154,True,True,False
1.4711999893188477,stand_pre,1.4711999893188477,0.0,0.0,0.0,-0.006544984694978736,-0.009817477042468103,-0.003272492347489368,0.06,-0.9,9.25,0.0,0.8979277610778809,0.0,0.001231808215379715,1.0,1.0,7.5,0.18,True,True,False
1.491567611694336,stand_pre,1.491567611694336,0.0,0.0,0.0,-0.009817477042468103,-0.006544984694978736,0.0,0.07,-0.96,9.26,0.0,0.8990537524223328,0.0,0.0013671591877937317,1.0,1.0,7.5,0.18,True,True,False
1.5119271278381348,stand_pre,1.5119271278381348,0.0,0.0,0.0,-0.013089969389957472,-0.003272492347489368,-0.002181661564992912,0.02,-1.06,9.27,0.0,0.8999783396720886,0.0,0.0014775954186916351,1.0,1.0,7.5,0.18,True,True,False
1.532308578491211,stand_pre,1.532308578491211,0.0,0.0,0.0,-0.007635815477475192,0.001090830782496456,0.001090830782496456,0.02,-1.06,9.25,0.0,0.900124728679657,0.0,0.0014458894729614258,1.0,1.0,7.5,0.18,True,True,False
1.5526816844940186,stand_pre,1.5526816844940186,0.0,0.0,0.0,-0.001090830782496456,0.003272492347489368,0.002181661564992912,0.04,-1.05,9.26,0.0,0.8997593522071838,0.0,0.0011519044637680054,1.0,1.0,7.5,0.18,True,True,False
1.5730388164520264,stand_pre,1.5730388164520264,0.0,0.0,0.0,0.003272492347489368,0.003272492347489368,-0.002181661564992912,0.01,-1.03,9.23,0.0,0.8989605903625488,0.0,0.0008954480290412903,1.0,1.0,7.5,0.18,True,True,False
1.5935864448547363,stand_pre,1.5935864448547363,0.0,0.0,0.0,0.004363323129985824,0.003272492347489368,-0.001090830782496456,0.02,-0.96,9.25,0.0,0.8973513841629028,0.0,0.0010465718805789948,1.0,1.0,7.5,0.18,True,True,False
1.6141798496246338,stand_pre,1.6141798496246338,0.0,0.0,0.0,0.008726646259971648,0.004363323129985824,0.003272492347489368,0.03,-0.89,9.24,0.0,0.8952716588973999,0.0,0.0008390098810195923,1.0,1.0,7.5,0.18,True,True,False
1.634566307067871,stand_pre,1.634566307067871,0.0,0.0,0.0,0.004363323129985824,0.006544984694978736,0.0,0.01,-0.86,9.27,0.0,0.8931742310523987,0.0,0.001024451106786728,1.0,1.0,7.5,0.18,True,True,False
1.6549274921417236,stand_pre,1.6549274921417236,0.0,0.0,0.0,0.002181661564992912,0.006544984694978736,-0.001090830782496456,0.0,-0.91,9.23,0.0,0.8907833695411682,0.0,0.0010295063257217407,1.0,1.0,7.5,0.18,True,True,False
1.6752827167510986,stand_pre,1.6752827167510986,0.0,0.0,0.0,-0.00545415391248228,0.009817477042468103,0.001090830782496456,0.0,-0.9500000000000001,9.22,0.0,0.8882861733436584,0.0,0.0007967129349708557,1.0,1.0,7.5,0.155,True,True,False
1.6956419944763184,stand_pre,1.6956419944763184,0.0,0.0,0.0,-0.008726646259971648,0.009817477042468103,0.002181661564992912,0.0,-1.03,9.28,0.0,0.886352002620697,0.0,0.0008644759654998779,1.0,1.0,7.5,0.155,True,True,False
1.7160108089447021,stand_pre,1.7160108089447021,0.0,0.0,0.0,0.001090830782496456,0.00545415391248228,0.008726646259971648,0.0,-1.01,9.22,0.0,0.8848482370376587,0.0,0.000806022435426712,1.0,1.0,7.5,0.155,True,True,False
1.7363886833190918,stand_pre,1.7363886833190918,0.0,0.0,0.0,-0.001090830782496456,0.002181661564992912,0.001090830782496456,-0.02,-1.0,9.23,0.0,0.8839172720909119,0.0,0.0008574463427066803,1.0,1.0,7.5,0.155,True,True,False
1.7567532062530518,stand_pre,1.7567532062530518,0.0,0.0,0.0,0.00545415391248228,-0.001090830782496456,-0.003272492347489368,-0.02,-1.01,9.27,0.0,0.8829456567764282,0.0,0.0007633939385414124,1.0,1.0,7.5,0.155,True,True,False
1.777113914489746,stand_pre,1.777113914489746,0.0,0.0,0.0,0.003272492347489368,-0.002181661564992912,-0.004363323129985824,0.0,-0.98,9.21,0.0,0.8813933730125427,0.0,0.000612206757068634,1.0,1.0,7.5,0.155,True,True,False
1.7975993156433105,stand_pre,1.7975993156433105,0.0,0.0,0.0,0.003272492347489368,-0.00545415391248228,-0.001090830782496456,-0.01,-0.9400000000000001,9.26,0.0,0.8802172541618347,0.0,0.0005748085677623749,1.0,1.0,7.5,0.155,True,True,False
1.8181285858154297,stand_pre,1.8181285858154297,0.0,0.0,0.0,0.001090830782496456,-0.003272492347489368,0.001090830782496456,-0.02,-0.9,9.22,0.0,0.8787208795547485,0.0,0.0005470141768455505,1.0,1.0,7.5,0.155,True,True,False
1.8385038375854492,stand_pre,1.8385038375854492,0.0,0.0,0.0,-0.002181661564992912,-0.002181661564992912,0.008726646259971648,0.02,-0.87,9.22,0.0,0.8770259022712708,0.0,0.0008455812931060791,1.0,1.0,7.5,0.155,True,True,False
1.8589706420898438,stand_pre,1.8589706420898438,0.0,0.0,0.0,-0.00545415391248228,-0.006544984694978736,-0.00545415391248228,0.03,-0.9,9.27,0.0,0.8775071501731873,0.0,0.0007670298218727112,1.0,1.0,7.5,0.155,True,True,False
1.8793282508850098,stand_pre,1.8793282508850098,0.0,0.0,0.0,-0.003272492347489368,-0.001090830782496456,-0.001090830782496456,0.0,-0.97,9.24,0.0,0.8778406381607056,0.0,0.0009031444787979126,1.0,1.0,7.5,0.156,True,True,False
1.8996829986572266,stand_pre,1.8996829986572266,0.0,0.0,0.0,-0.006544984694978736,-0.004363323129985824,-0.002181661564992912,0.03,-1.02,9.24,0.0,0.8793277144432068,0.0,0.0007434114813804626,1.0,1.0,7.5,0.156,True,True,False
1.920072078704834,stand_pre,1.920072078704834,0.0,0.0,0.0,-0.001090830782496456,-0.004363323129985824,-0.00545415391248228,0.01,-1.05,9.23,0.0,0.8825469017028809,0.0,0.0009554922580718994,1.0,1.0,7.5,0.156,True,True,False
1.9404993057250977,stand_pre,1.9404993057250977,0.0,0.0,0.0,0.002181661564992912,-0.003272492347489368,0.002181661564992912,0.03,-1.0,9.23,0.0,0.8852879405021667,0.0,0.0008083507418632507,1.0,1.0,7.5,0.156,True,True,False
1.9608640670776367,stand_pre,1.9608640670776367,0.0,0.0,0.0,-0.003272492347489368,-0.00545415391248228,0.0,0.02,-1.01,9.26,0.0,0.8889694809913635,0.0,0.000842556357383728,1.0,1.0,7.5,0.156,True,True,False
1.9812157154083252,stand_pre,1.9812157154083252,0.0,0.0,0.0,-0.001090830782496456,-0.001090830782496456,0.003272492347489368,0.0,-0.88,9.26,0.0,0.8922967314720154,0.0,0.0008702687919139862,1.0,1.0,7.5,0.156,True,True,False
2.0015761852264404,forward_005,0.0015761852264404297,0.05,0.0,0.0,0.0,-0.00545415391248228,-0.003272492347489368,0.02,-0.92,9.25,0.0,0.8328098058700562,0.0,0.04857720248401165,1.0,1.0,7.5,0.156,True,True,False
2.0220084190368652,forward_005,0.022008419036865234,0.05,0.0,0.0,-0.002181661564992912,0.002181661564992912,0.0,0.0,-0.91,9.23,0.0,0.8349127173423767,0.0,0.004316853359341621,1.0,1.0,7.5,0.156,True,True,False
2.042383909225464,forward_005,0.04238390922546387,0.05,0.0,0.0,-0.001090830782496456,0.001090830782496456,-0.002181661564992912,0.02,-0.93,9.25,0.153,0.8512369394302368,0.0,0.00422118604183197,1.0,1.0,7.5,0.156,True,True,False
2.0627639293670654,forward_005,0.06276392936706543,0.05,0.0,0.0,-0.004363323129985824,0.004363323129985824,-0.004363323129985824,0.02,-0.99,9.24,0.23,0.8428928852081299,0.0,0.006970858201384544,1.0,1.0,7.5,0.156,True,True,False
2.083216905593872,forward_005,0.08321690559387207,0.05,0.0,0.0,0.004363323129985824,0.02945243112740431,-0.013089969389957472,0.36,-0.8200000000000001,9.4,0.307,0.8444916605949402,0.0,0.0015453193336725235,1.0,1.0,7.5,0.21200000000000002,True,True,False
2.1042909622192383,forward_005,0.10429096221923828,0.05,0.0,0.0,0.00545415391248228,0.07744898555724837,-0.028361600344907856,0.51,-0.97,9.25,0.384,0.8462989926338196,0.0,0.0024620015174150467,1.0,1.0,7.5,0.21200000000000002,True,True,False
2.1247470378875732,forward_005,0.12474703788757324,0.05,0.0,0.0,0.05890486225480862,0.1308996938995747,-0.02181661564992912,0.21,-0.74,9.21,0.307,0.8442999124526978,0.0,0.003154730424284935,1.0,1.0,7.5,0.21200000000000002,True,True,False
2.1451303958892822,forward_005,0.14513039588928223,0.05,0.0,0.0,0.06872233929727672,0.15707963267948966,-0.09490227807719166,0.11,-0.87,9.32,0.307,0.8545474410057068,0.0,0.005989864468574524,1.0,1.0,7.5,0.21200000000000002,True,True,False
2.1654961109161377,forward_005,0.1654961109161377,0.05,0.0,0.0,0.05672320068981571,0.21598449493429828,-0.09817477042468103,-0.12,-1.52,9.27,0.23,0.8521495461463928,0.0,0.002187967300415039,1.0,1.0,7.5,0.21200000000000002,True,True,False
2.1858608722686768,forward_005,0.18586087226867676,0.05,0.0,0.0,0.04254240051736178,0.210530341021816,0.011999138607461015,-0.1,-1.7,9.14,0.23,0.8361892700195312,0.0,0.0035649649798870087,1.0,1.0,7.5,0.21200000000000002,True,True,False
2.2062320709228516,forward_005,0.20623207092285156,0.05,0.0,0.0,0.050178215994836975,0.18216874067690814,0.14508049407202864,-0.25,-1.6,9.19,0.153,0.815142035484314,0.0,0.005426888354122639,1.0,1.0,7.5,0.21200000000000002,True,True,False
2.226606845855713,forward_005,0.2266068458557129,0.05,0.0,0.0,0.050178215994836975,0.17016960206944712,0.20289452554434081,-0.59,-1.18,8.89,0.23,0.7978675961494446,0.0,0.00472992891445756,1.0,1.0,7.5,0.21200000000000002,True,True,False
2.2470808029174805,forward_005,0.24708080291748047,0.05,0.0,0.0,0.05672320068981571,0.13526301702956053,0.19525871006686563,-0.33,-0.84,9.52,0.077,0.7921278476715088,0.0,0.00667886808514595,1.0,1.0,7.5,0.21200000000000002,True,True,False
2.293342113494873,forward_005,0.29334211349487305,0.05,0.0,0.0,0.04690572364734761,0.13962634015954636,0.11562806294462433,-0.66,-0.48,8.72,0.23,0.7839550375938416,0.0,0.008981568040326238,1.0,1.0,7.5,0.21200000000000002,True,True,False
2.3137879371643066,forward_005,0.31378793716430664,0.05,0.0,0.0,0.044724062082354694,0.12544553998709243,0.05235987755982989,-0.13,0.29,9.790000000000001,0.307,0.7778896689414978,0.0,0.012862909585237503,1.0,1.0,7.5,0.277,True,True,False
2.3341479301452637,forward_005,0.33414793014526367,0.05,0.0,0.0,0.09381144729469522,0.12435470920459599,-0.2279836335417593,-0.13,0.29,9.790000000000001,0.307,0.791336715221405,0.0,0.018526751548051834,1.0,1.0,7.5,0.277,True,True,False
2.35451340675354,forward_005,0.35451340675354004,0.05,0.0,0.0,0.07744898555724837,0.11344640137963143,-0.2519819107566813,-0.13,0.29,9.790000000000001,0.307,0.7647700905799866,0.0,0.021956948679871857,1.0,1.0,7.5,0.277,True,True,False
2.3748745918273926,forward_005,0.3748745918273926,0.05,0.0,0.0,0.09926560120717749,0.1832595714594046,-0.019634954084936207,-0.28,-0.75,9.21,0.384,0.735612154006958,0.0,0.012040968984365463,1.0,1.0,7.5,0.277,True,True,False
2.3952603340148926,forward_005,0.3952603340148926,0.05,0.0,0.0,0.10799224746714914,0.23343778745424157,0.05235987755982989,-0.6,-0.9400000000000001,9.4,0.384,0.7493295073509216,0.0,0.021259646862745285,1.0,1.0,7.5,0.277,True,True,False
2.4156086444854736,forward_005,0.41560864448547363,0.05,0.0,0.0,0.12762720155208535,0.26616271092913524,0.031634092692397225,-0.18,-1.16,9.450000000000001,0.46,0.8290464878082275,0.0,0.01947719231247902,1.0,1.0,7.5,0.277,True,True,False
2.436082124710083,forward_005,0.436082124710083,0.05,0.0,0.0,0.10144726277217041,0.28579766501407144,0.11780972450961724,0.43,-1.19,8.790000000000001,0.46,0.8698727488517761,0.0,0.023105437867343426,1.0,1.0,7.5,0.277,True,True,False
2.45646071434021,forward_005,0.45646071434020996,0.05,0.0,0.0,0.10035643198967395,0.27707101875409984,0.12871803233458182,-0.04,-0.6900000000000001,9.17,0.614,0.9160672426223755,0.0,0.011933036148548126,1.0,1.0,7.5,0.277,True,True,False
2.4769294261932373,forward_005,0.4769294261932373,0.05,0.0,0.0,0.0818123086872342,0.4079707126536745,0.001090830782496456,-0.1,-0.64,9.14,0.614,0.9251815676689148,0.0,0.017987757921218872,1.0,1.0,7.5,0.277,True,True,False
2.497305393218994,forward_005,0.49730539321899414,0.05,0.0,0.0,0.11344640137963143,0.5465062220307244,-0.18762289458939044,0.11,-1.36,9.67,0.6899999999999998,0.9070590734481812,0.0,0.020838000811636448,1.0,1.0,7.5,0.277,True,True,False
2.5179343223571777,forward_005,0.5179343223571777,0.05,0.0,0.0,0.2083486794568231,0.6610434541928523,-0.26616271092913524,-0.52,-2.07,8.93,0.537,0.8839693069458008,0.0,0.015957600437104702,1.0,1.0,7.5,0.356,True,True,False
2.538299798965454,forward_005,0.5382997989654541,0.05,0.0,0.0,0.2083486794568231,0.6119560689805118,-0.09599310885968812,-0.84,-1.36,9.44,0.46,0.8711071014404297,0.0,0.010711947456002235,1.0,1.0,7.5,0.356,True,True,False
2.5586631298065186,forward_005,0.5586631298065186,0.05,0.0,0.0,0.14944381720201447,0.6326818538479445,-0.10581058590215622,-1.58,-0.79,9.46,0.46,0.8654622435569763,0.0,0.012665730901062489,1.0,1.0,7.5,0.356,True,True,False
2.5790278911590576,forward_005,0.5790278911590576,0.05,0.0,0.0,0.17889624832941878,0.4690572364734761,0.0719948316447661,-1.12,-0.72,9.02,0.537,0.8841552734375,0.0,0.008657611906528473,1.0,1.0,7.5,0.356,True,True,False
2.599453926086426,forward_005,0.5994539260864258,0.05,0.0,0.0,0.11344640137963143,0.5050546522958591,0.272707695624114,-1.98,0.52,8.47,0.537,0.8606681823730469,0.0,0.00981149822473526,1.0,1.0,7.5,0.356,True,True,False
2.619800329208374,forward_005,0.619800329208374,0.05,0.0,0.0,0.006544984694978736,0.49414634447089456,0.17562375598192942,-2.92,0.96,8.94,0.614,0.8632916212081909,0.0,0.016119185835123062,1.0,1.0,7.5,0.356,True,True,False
2.6401588916778564,forward_005,0.6401588916778564,0.05,0.0,0.0,-0.05345070834232634,0.543233729683235,0.21162117180431245,-2.54,0.19,9.01,0.46,0.8407518267631531,0.0,0.02571706846356392,1.0,1.0,7.5,0.356,True,True,False
2.660649538040161,forward_005,0.6606495380401611,0.05,0.0,0.0,-0.09926560120717749,0.3981532356112064,0.26725354171163174,-1.96,0.17,8.47,0.384,0.8790705800056458,0.0,0.01587050594389439,1.0,1.0,7.5,0.356,True,True,False
2.68100643157959,forward_005,0.6810064315795898,0.05,0.0,0.0,-0.18871372537188688,0.2596177262341565,0.2901609881440573,-2.3000000000000003,0.2,8.76,0.307,0.8962022066116333,0.0,0.01826590672135353,1.0,1.0,7.5,0.356,True,True,False
2.701430082321167,forward_005,0.701430082321167,0.05,0.0,0.0,-0.2279836335417593,0.12108221685710661,0.21925698728178766,-2.63,0.11,9.36,0.537,0.9074060916900635,0.0,0.03351330244913697,1.0,1.0,7.5,0.356,True,True,False
2.7219972610473633,forward_005,0.7219972610473633,0.05,0.0,0.0,-0.2399827721492203,-0.007635815477475192,0.04908738521234052,-2.2800000000000002,0.02,9.14,0.6899999999999998,0.9084246754646301,0.0,0.053788775112479925,1.0,1.0,7.4,0.5950000000000001,True,True,False
2.742361307144165,forward_005,0.742361307144165,0.05,0.0,0.0,-0.22689280275926285,-0.14289883250703572,-0.07744898555724837,-2.4,-0.65,9.14,0.767,0.9020743370056152,0.0,0.05583323538303375,0.0,1.0,7.4,0.5950000000000001,True,True,False
2.7627406120300293,forward_005,0.7627406120300293,0.05,0.0,0.0,-0.22471114119426994,-0.16471544815696484,-0.11999138607461016,-1.8,-0.9400000000000001,8.31,0.614,0.9794912934303284,0.07142857142857142,0.11025686841458082,0.0,1.0,7.4,0.5950000000000001,True,True,False
2.783198356628418,forward_005,0.783198356628418,0.05,0.0,0.0,-0.24107360293171676,-0.2585268954516601,-0.2181661564992912,-1.6500000000000001,-0.93,8.48,0.844,0.9301272630691528,0.0,0.08959788549691439,0.0,1.0,7.4,0.5950000000000001,True,True,False
2.8035666942596436,forward_005,0.8035666942596436,0.05,0.0,0.0,0.10362892433716332,-0.4068798818711781,-0.27707101875409984,-0.8300000000000001,-2.24,7.92,0.9970000000000001,0.8724320530891418,0.0,0.051874056516680866,0.0,1.0,7.4,0.5950000000000001,True,True,False
2.823918581008911,forward_005,0.8239185810089111,0.05,0.0,0.0,0.30870511144649704,-0.48105637508093707,-0.17671458676442586,-0.55,-2.89,7.21,1.151,0.9333701133728027,0.0,0.03413941338658333,0.0,1.0,7.4,0.5950000000000001,True,True,False
2.8442792892456055,forward_005,0.8442792892456055,0.05,0.0,0.0,0.6883142237552637,-0.5377795757707527,-0.00545415391248228,-0.84,-2.08,9.3,1.534,0.9388741850852966,0.0,0.07340143248438835,1.0,1.0,7.4,0.5950000000000001,True,True,False
2.864670753479004,forward_005,0.8646707534790039,0.05,0.0,0.0,1.0537425358915764,-0.5977752688080579,-0.14835298641951802,-2.43,-2.88,8.88,1.381,0.9507280588150024,0.07142857142857142,0.03114581760019064,1.0,1.0,7.4,0.5950000000000001,True,True,False
2.885031223297119,forward_005,0.8850312232971191,0.05,0.0,0.0,1.2762720155208536,-0.4079707126536745,-0.1908953869368798,-2.43,-2.88,8.88,1.304,0.9309998750686646,0.0,0.03263720992254093,1.0,1.0,7.4,0.5950000000000001,True,True,False
2.9055018424987793,forward_005,0.9055018424987793,0.05,0.0,0.0,1.2195488148310378,0.21380283336930536,-0.47778388273344774,-2.43,-2.88,8.88,0.9970000000000001,0.8744481205940247,0.0,0.04252377059310675,1.0,1.0,7.4,0.5950000000000001,True,True,False
2.9259371757507324,forward_005,0.9259371757507324,0.05,0.0,0.0,0.8333947178272924,0.65558930028037,-1.160643952576229,-0.22,3.49,8.41,1.151,0.7939043641090393,0.0,0.0701857777312398,1.0,1.0,7.4,0.45399999999999996,True,True,False
2.946300506591797,forward_005,0.9463005065917969,0.05,0.0,0.0,0.45160394395353276,-0.11780972450961724,-1.9133171924987837,-0.22,3.49,8.41,0.9210000000000002,0.8497384786605835,0.0,0.045273417606949806,1.0,1.0,7.4,0.45399999999999996,True,True,False
2.9666619300842285,forward_005,0.9666619300842285,0.05,0.0,0.0,0.15926129424448257,0.12544553998709243,-1.7747816831217338,-0.28,-0.81,3.46,0.9210000000000002,0.8971005082130432,0.0,0.04431415302678943,1.0,1.0,7.4,0.45399999999999996,True,True,False
2.9870340824127197,forward_005,0.9870340824127197,0.05,0.0,0.0,0.26616271092913524,-0.681769239060285,-1.1682797680537043,0.47000000000000003,-0.39,9.4,0.9970000000000001,0.9522379636764526,0.07142857142857142,0.09301303327083588,1.0,0.0,7.4,0.45399999999999996,True,True,False
3.0076711177825928,forward_005,1.0076711177825928,0.05,0.0,0.0,0.17780541754692233,-0.6152285613280012,-0.42542400517361784,-0.07,-0.8200000000000001,9.21,1.304,0.9756002426147461,0.14285714285714285,0.05569496005773544,1.0,0.0,7.4,0.45399999999999996,True,True,False
3.0280253887176514,forward_005,1.0280253887176514,0.05,0.0,0.0,-0.08617563181722002,-0.48651052899341934,0.4494222823885399,-0.45,0.36,7.46,1.534,0.9786014556884766,0.07142857142857142,0.035711076110601425,1.0,0.0,7.4,0.45399999999999996,True,True,False
3.0483858585357666,forward_005,1.0483858585357666,0.05,0.0,0.0,-0.46142142099600086,-0.6283185307179586,0.7941248096574199,-1.54,1.75,7.0200000000000005,1.458,0.9791954755783081,0.14285714285714285,0.04594519641250372,1.0,1.0,7.4,0.45399999999999996,True,True,False
3.068755865097046,forward_005,1.068755865097046,0.05,0.0,0.0,-1.0941032748439454,-0.5421428989007386,0.4014257279586958,-1.0,4.12,8.620000000000001,1.074,0.9835907220840454,0.14285714285714285,0.021814479026943445,1.0,1.0,7.4,0.45399999999999996,True,True,False
3.0891330242156982,forward_005,1.0891330242156982,0.05,0.0,0.0,-1.4311699866353502,-0.38288160465625604,-0.31852258848896514,0.38,5.43,7.65,1.074,0.976694643497467,0.14285714285714285,0.032521285116672516,1.0,1.0,7.4,0.45399999999999996,True,True,False
3.109694242477417,forward_005,1.109694242477417,0.05,0.0,0.0,-1.4442599560253078,-0.23234695667174513,-1.1202832136238603,0.38,5.43,7.65,0.614,0.9463175535202026,0.0,0.05873574875295162,0.0,1.0,7.4,0.45399999999999996,True,True,False
3.130211591720581,forward_005,1.130211591720581,0.05,0.0,0.0,-0.6512259771503842,0.8399397025222711,-1.6536994662646272,0.38,5.43,7.65,0.9970000000000001,0.9004929065704346,0.0,0.04035176942124963,1.0,1.0,7.4,0.7450000000000001,True,True,False
3.1512393951416016,forward_005,1.1512393951416016,0.05,0.0,0.0,-0.2945243112740431,1.0177451200691934,-1.8795014382413937,-3.48,-6.15,4.23,0.767,0.8093733787536621,0.0,0.06774765020236373,1.0,1.0,7.4,0.7450000000000001,True,True,False
3.171600341796875,forward_005,1.171600341796875,0.05,0.0,0.0,0.31525009614147576,0.7363107781851078,-1.4388058021128254,-3.48,-6.15,4.23,1.074,0.8216489553451538,0.0,0.01689445506781339,1.0,1.0,7.4,0.7450000000000001,True,True,False
3.191965341567993,forward_005,1.1919653415679932,0.05,0.0,0.0,0.5465062220307244,1.4344424789828396,-0.631591023065448,-3.48,-6.15,4.23,1.151,0.8096166253089905,0.0,0.10391819290816784,1.0,1.0,7.4,0.7450000000000001,True,True,False
3.2124390602111816,forward_005,1.2124390602111816,0.05,0.0,0.0,0.2203478180642841,1.1835513990086548,0.6043202535030366,-1.82,-2.99,6.15,0.844,0.7706137895584106,0.0,0.06379718904645415,1.0,1.0,7.4,0.7450000000000001,True,True,False
3.2328028678894043,forward_005,1.2328028678894043,0.05,0.0,0.0,-0.026179938779914945,1.275181184738357,1.0101093045917182,-1.82,-2.99,6.15,0.537,0.9256525635719299,0.0,0.12907884642481804,1.0,1.0,7.4,0.7450000000000001,True,True,False
3.2531819343566895,forward_005,1.2531819343566895,0.05,0.0,0.0,-0.23343778745424157,0.830122225479803,0.5825036378531074,-1.82,-2.99,6.15,1.381,0.9759859442710876,0.07142857142857142,0.07489858567714691,1.0,1.0,7.4,0.7450000000000001,True,True,False
3.273566484451294,forward_005,1.273566484451294,0.05,0.0,0.0,-0.4603305902135044,0.6119560689805118,0.815941425307349,-2.5500000000000003,1.8,6.71,1.765,0.8974399566650391,0.0,0.05345933139324188,0.0,1.0,7.4,0.7450000000000001,True,True,False
3.293936014175415,forward_005,1.293936014175415,0.05,0.0,0.0,-0.44833145160604343,-0.004363323129985824,0.5901394533305827,-4.0,1.02,8.72,1.765,0.83867347240448,0.0,0.04786661174148321,0.0,1.0,7.4,0.7450000000000001,True,True,False
3.314312219619751,forward_005,1.314312219619751,0.05,0.0,0.0,-0.18653206380689397,-0.37088246604879505,0.30543261909900765,-3.08,-0.29,7.390000000000001,1.6110000000000002,0.8311251401901245,0.0,0.02342665009200573,0.0,1.0,7.4,0.7450000000000001,True,True,False
3.334676504135132,forward_005,1.3346765041351318,0.05,0.0,0.0,0.4014257279586958,-0.7221299780126539,-0.136353847812057,-2.54,-4.65,8.63,1.534,0.9197733998298645,0.0,0.05324571207165718,0.0,1.0,7.2,0.7660000000000001,True,True,False
3.3550405502319336,forward_005,1.3550405502319336,0.05,0.0,0.0,0.38942658935123475,-0.8693921336496754,-0.3959715740462135,-1.06,-4.3,7.2700000000000005,0.844,0.7324967980384827,0.0,0.11832281202077866,0.0,1.0,7.2,0.7660000000000001,True,True,False
3.3754019737243652,forward_005,1.3754019737243652,0.05,0.0,0.0,0.6414085001079161,-1.153008137098754,0.2716168648416175,-0.27,0.0,7.640000000000001,0.767,0.8769598007202148,0.0,0.059812458232045174,0.0,1.0,7.2,0.7660000000000001,True,True,False
3.395768642425537,forward_005,1.395768642425537,0.05,0.0,0.0,0.6414085001079161,-1.153008137098754,0.2716168648416175,-1.1400000000000001,-5.22,6.7700000000000005,0.9970000000000001,0.9564494490623474,0.07142857142857142,0.08862427994608879,1.0,1.0,7.2,0.7660000000000001,True,True,False
3.4161415100097656,forward_005,1.4161415100097656,0.05,0.0,0.0,1.4431691252428112,-0.8933904108645975,1.4933473412376481,-0.93,-2.5,4.94,0.844,0.963415801525116,0.07142857142857142,0.1200665757060051,1.0,0.0,7.2,0.7660000000000001,True,True,False
3.436508893966675,forward_005,1.4365088939666748,0.05,0.0,0.0,1.5947946040098187,-0.7483099167925688,1.9602229161461313,2.58,-0.35000000000000003,7.55,0.9210000000000002,0.9201629757881165,0.0,0.060123820789158344,1.0,0.0,7.2,0.7660000000000001,True,True,False
3.456873655319214,forward_005,1.4568736553192139,0.05,0.0,0.0,0.47451139038595835,0.05672320068981571,1.5795229730548683,2.58,-0.35000000000000003,7.55,1.381,0.9048075079917908,0.0,0.04560041497461498,1.0,0.0,7.2,0.7660000000000001,True,True,False
3.477274179458618,forward_005,1.4772741794586182,0.05,0.0,0.0,-0.001090830782496456,0.020725784867432664,0.6697701004528239,2.58,-0.35000000000000003,7.55,1.381,0.9314086437225342,0.0,0.053189544938504696,1.0,1.0,7.2,0.7660000000000001,True,True,False
3.4976553916931152,forward_005,1.4976553916931152,0.05,0.0,0.0,-0.26725354171163174,0.4068798818711781,0.019634954084936207,-2.16,5.99,2.16,0.9970000000000001,0.9343057870864868,0.0,0.10442613158375025,1.0,1.0,7.2,0.7660000000000001,True,True,False
3.518143653869629,forward_005,1.518143653869629,0.05,0.0,0.0,-0.4134248665661568,1.0591966898040588,-0.47778388273344774,-1.29,-0.84,8.51,0.6899999999999998,0.8246526122093201,0.0,0.07637452706694603,1.0,1.0,7.2,0.7660000000000001,True,True,False
3.538498640060425,forward_005,1.5384986400604248,0.05,0.0,0.0,-0.31525009614147576,0.4908738521234052,-0.03381575425739013,-1.29,-0.84,8.51,0.6899999999999998,0.8931675553321838,0.0,0.07510176673531532,1.0,0.0,7.2,0.896,True,True,False
3.558873414993286,forward_005,1.5588734149932861,0.05,0.0,0.0,0.06217735460229799,0.6032294227205401,-0.4265148359561143,0.41000000000000003,1.05,5.3,1.227,0.903474748134613,0.0,0.04125223297160119,1.0,0.0,7.2,0.896,True,True,False
3.579256772994995,forward_005,1.5792567729949951,0.05,0.0,0.0,-0.09490227807719166,0.4494222823885399,-0.5323254218582705,-0.93,-0.1,5.99,1.304,0.8772386312484741,0.0,0.021304994821548462,1.0,0.0,7.2,0.896,True,True,False
3.5999319553375244,forward_005,1.5999319553375244,0.05,0.0,0.0,-0.5508695451607103,0.22907446432425577,-0.1461713248545251,-0.93,-0.1,5.99,1.304,0.9334598779678345,0.0,0.04273996688425541,1.0,0.0,7.2,0.896,True,True,False
3.6203086376190186,forward_005,1.6203086376190186,0.05,0.0,0.0,-0.9872018581592926,0.4919646829059016,-0.04254240051736178,-2.65,2.7,5.1000000000000005,1.458,0.8448665738105774,0.0,0.043138887733221054,1.0,1.0,7.2,0.896,True,True,False
3.64068341255188,forward_005,1.6406834125518799,0.05,0.0,0.0,-1.3308135546456763,-0.19416787928436915,-0.43196898986859655,-1.79,0.41000000000000003,6.74,0.9970000000000001,0.9469258785247803,0.0,0.057738144882023335,1.0,1.0,7.2,0.896,True,True,False
3.6610443592071533,forward_005,1.6610443592071533,0.05,0.0,0.0,-1.5904312808798329,-0.27707101875409984,-0.05126904677733343,-2.96,2.08,9.18,0.307,0.9465755224227905,0.0,0.01778547279536724,1.0,1.0,7.2,0.896,True,True,False
3.6814322471618652,forward_005,1.6814322471618652,0.05,0.0,0.0,-1.4093533709854211,-0.1341721862470641,0.07635815477475191,-2.96,2.08,9.18,0.307,0.93373703956604,0.0,0.025730427354574203,0.0,1.0,7.2,0.896,True,True,False
3.7017977237701416,forward_005,1.7017977237701416,0.05,0.0,0.0,-0.5115996369908379,0.10471975511965978,0.533416252640767,-3.04,-0.01,9.13,0.307,0.9322292804718018,0.0,0.0325569249689579,0.0,1.0,7.2,0.896,True,True,False
3.722231864929199,forward_005,1.7222318649291992,0.05,0.0,0.0,-0.33161255787892263,0.07853981633974483,0.6119560689805118,-1.5,-3.0100000000000002,5.53,0.307,0.9185516834259033,0.0,0.025402376428246498,0.0,1.0,7.2,0.896,True,True,False
3.742600679397583,forward_005,1.742600679397583,0.05,0.0,0.0,-0.2203478180642841,-0.05345070834232634,0.39051742013373125,-1.97,-1.72,6.47,0.537,0.9419640898704529,0.0,0.015800757333636284,0.0,1.0,7.5,0.21399999999999997,True,True,False
3.7629687786102295,forward_005,1.7629687786102295,0.05,0.0,0.0,-0.4265148359561143,0.11017390903214205,0.008726646259971648,-2.94,-4.48,9.65,0.384,0.9171873927116394,0.0,0.01997624710202217,0.0,1.0,7.5,0.21399999999999997,True,True,False
3.78337025642395,forward_005,1.7833702564239502,0.05,0.0,0.0,-0.2912518189265537,0.18435040224190105,0.24434609527920614,-0.49,-4.04,8.41,0.23,0.8956799507141113,0.0,0.03001869097352028,0.0,1.0,7.5,0.21399999999999997,True,True,False
3.803743839263916,forward_005,1.803743839263916,0.05,0.0,0.0,-0.04363323129985824,0.3141592653589793,0.22580197197676638,-0.45,-2.19,7.0200000000000005,0.23,0.8836148381233215,0.0,0.027028381824493408,0.0,1.0,7.5,0.21399999999999997,True,True,False
3.824122190475464,forward_005,1.8241221904754639,0.05,0.0,0.0,0.17998707911191522,0.13199052468207118,-0.008726646259971648,-2.23,-3.2800000000000002,9.08,0.23,0.895808756351471,0.0,0.0534043344669044,1.0,1.0,7.5,0.21399999999999997,True,True,False
3.844487428665161,forward_005,1.8444874286651611,0.05,0.0,0.0,0.284706834231575,0.25743606466916363,-0.03599741582238305,-2.23,-3.2800000000000002,9.08,0.537,0.8036571741104126,0.0,0.05745990388095379,1.0,1.0,7.5,0.21399999999999997,True,True,False
3.8648598194122314,forward_005,1.8648598194122314,0.05,0.0,0.0,0.42978732830360367,0.27598018797160334,-0.09381144729469522,-2.22,-0.72,8.42,0.6899999999999998,0.8188127279281616,0.0,0.06452286243438721,1.0,1.0,7.5,0.21399999999999997,True,True,False
3.8853256702423096,forward_005,1.8853256702423096,0.05,0.0,0.0,0.4657847441259867,0.23452861823673804,-0.3861540970037454,-3.02,-0.53,9.200000000000001,0.767,0.9217538833618164,0.0,0.08077129954472184,1.0,1.0,7.5,0.21399999999999997,True,True,False
3.9056785106658936,forward_005,1.9056785106658936,0.05,0.0,0.0,0.3763366199612773,0.08399397025222712,-0.5225079448158024,-2.7,1.51,8.68,0.9970000000000001,0.8896609544754028,0.0,0.0621299147605896,1.0,1.0,7.5,0.21399999999999997,True,True,False
3.9262096881866455,forward_005,1.9262096881866455,0.05,0.0,0.0,0.3817907738737596,-0.013089969389957472,-0.4505131131710363,-1.94,0.12,8.23,1.688,0.8792338967323303,0.0,0.0373030174523592,0.0,1.0,7.5,0.21399999999999997,True,True,False
3.9467101097106934,forward_005,1.9467101097106934,0.05,0.0,0.0,0.557414529855689,-0.3621558197888234,-0.33161255787892263,-1.8800000000000001,0.23,6.94,1.765,0.9398626685142517,0.0,0.043425969779491425,1.0,1.0,7.3,1.097,True,True,False
3.967090368270874,forward_005,1.967090368270874,0.05,0.0,0.0,1.0733774899765127,-0.5585053606381855,-0.03381575425739013,-1.97,-1.83,5.25,1.534,0.9619999527931213,0.07142857142857142,0.03310166485607624,1.0,1.0,7.3,1.097,True,True,False
3.9874629974365234,forward_005,1.9874629974365234,0.05,0.0,0.0,1.2762720155208536,-0.8835729338221293,-0.16580627893946132,-1.97,-1.83,5.25,1.151,0.9615556001663208,0.07142857142857142,0.030094672925770283,1.0,1.0,7.3,1.097,True,True,False
4.007829904556274,forward_005,2.0078299045562744,0.05,0.0,0.0,1.0373800741541297,-0.5759586531581288,-0.31634092692397225,-1.97,-1.83,5.25,1.304,0.9639983177185059,0.07142857142857142,0.04864313267171383,1.0,1.0,7.3,1.097,True,True,False
4.028200387954712,forward_005,2.028200387954712,0.05,0.0,0.0,0.2617993877991494,0.272707695624114,-1.2239121379610236,-1.28,1.3900000000000001,7.29,0.6899999999999998,0.9267951846122742,0.0,0.07166003249585629,1.0,1.0,7.3,1.097,True,True,False
4.048730134963989,forward_005,2.0487301349639893,0.05,0.0,0.0,0.11126473981463851,-0.6752242543653062,-1.6209745427897335,-1.28,1.3900000000000001,7.29,0.6899999999999998,0.9552947282791138,0.07142857142857142,0.09816176816821098,1.0,1.0,7.3,1.097,True,True,False
4.069102764129639,forward_005,2.0691027641296387,0.05,0.0,0.0,0.22143864884678055,-0.519235452468313,-1.3439035240356338,1.68,1.04,9.27,0.767,0.9330518245697021,0.0,0.050680157262831926,1.0,0.0,7.3,1.097,True,True,False
4.089576721191406,forward_005,2.0895767211914062,0.05,0.0,0.0,0.17235126363444003,-0.5530512067257032,-0.8693921336496754,0.35000000000000003,-0.37,8.11,1.074,0.9512761831283569,0.07142857142857142,0.044783413875848055,1.0,0.0,7.3,1.097,True,True,False
4.110044479370117,forward_005,2.110044479370117,0.05,0.0,0.0,-0.02399827721492203,-0.9730210579868387,-0.4265148359561143,0.73,0.8200000000000001,8.26,1.381,0.9630221724510193,0.14285714285714285,0.03148169815540314,1.0,0.0,7.3,1.097,True,True,False
4.1304779052734375,forward_005,2.1304779052734375,0.05,0.0,0.0,-0.3076142806640006,-0.6599526234103559,-0.06544984694978735,-0.76,-0.64,7.04,1.151,0.978352427482605,0.14285714285714285,0.051555316895246506,1.0,1.0,7.3,1.097,True,True,False
4.150841236114502,forward_005,2.150841236114502,0.05,0.0,0.0,-0.4341506514335895,-0.7221299780126539,0.65558930028037,0.05,3.84,8.03,0.767,0.9794238805770874,0.14285714285714285,0.019027680158615112,1.0,1.0,7.5,0.122,True,True,False
4.1720616817474365,forward_005,2.1720616817474365,0.05,0.0,0.0,-0.8726646259971648,-0.7275841319251362,0.5126904677733343,0.35000000000000003,4.13,9.09,0.767,0.983163058757782,0.14285714285714285,0.022475173696875572,1.0,1.0,7.5,0.122,True,True,False
4.192492723464966,forward_005,2.192492723464966,0.05,0.0,0.0,-1.0755591515415055,-0.1439896632895322,-0.5094179754258449,0.35000000000000003,4.13,9.09,0.614,0.9684502482414246,0.14285714285714285,0.05015306547284126,1.0,1.0,7.5,0.122,True,True,False
4.212965726852417,forward_005,2.212965726852417,0.05,0.0,0.0,-0.6544984694978736,0.4046982203061852,-0.6185010536754906,-2.18,-1.28,8.42,0.537,0.9456786513328552,0.0,0.05000982619822025,1.0,1.0,7.5,0.122,True,True,False
4.233439922332764,forward_005,2.2334399223327637,0.05,0.0,0.0,-0.5399612373357457,0.507236313860852,-0.6621342849753488,0.65,-2.52,8.67,0.46,0.9075461030006409,0.0,0.03456034301780164,1.0,1.0,7.5,0.122,True,True,False
4.254001617431641,forward_005,2.2540016174316406,0.05,0.0,0.0,-0.41015237421866746,0.6272276999354622,-0.7941248096574199,0.65,-2.52,8.67,0.537,0.8569214344024658,0.0,0.027956267818808556,1.0,1.0,7.5,0.122,True,True,False
4.2743682861328125,forward_005,2.2743682861328125,0.05,0.0,0.0,-0.1810779098944117,0.8312130562622995,-0.43960480534607177,-1.48,-4.67,9.06,0.9970000000000001,0.811823844909668,0.0,0.02255016751587391,1.0,1.0,7.5,0.122,True,True,False
4.294731140136719,forward_005,2.2947311401367188,0.05,0.0,0.0,-0.08399397025222712,0.9708393964218458,-0.06872233929727672,-0.43,-3.69,8.47,0.9970000000000001,0.7794039249420166,0.0,0.038356978446245193,1.0,1.0,7.5,0.122,True,True,False
4.315192222595215,forward_005,2.315192222595215,0.05,0.0,0.0,0.2181661564992912,0.8639379797371931,0.7843073326149519,-0.43,-3.69,8.47,0.6899999999999998,0.7929344773292542,0.0,0.02028346061706543,1.0,1.0,7.5,0.122,True,True,False
4.335557222366333,forward_005,2.335557222366333,0.05,0.0,0.0,0.15817046346198613,0.8704829644321719,1.299179461953279,-1.07,-0.68,9.31,0.767,0.7566184997558594,0.0,0.041039651026949286,1.0,1.0,7.5,0.122,True,True,False
4.3559250831604,forward_005,2.3559250831604004,0.05,0.0,0.0,0.09381144729469522,0.806123948264881,1.2697270308258748,-2.93,1.52,8.93,0.767,0.8687688112258911,0.0,0.08336048037745059,1.0,1.0,7.2,1.3099999999999998,True,True,False
4.376274108886719,forward_005,2.3762741088867188,0.05,0.0,0.0,-0.04254240051736178,0.8443030256522569,0.5585053606381855,-3.18,1.85,8.52,0.9210000000000002,0.8732707500457764,0.0,0.06787585839629173,1.0,1.0,7.2,1.3099999999999998,True,True,False
4.396637678146362,forward_005,2.3966376781463623,0.05,0.0,0.0,0.1439896632895322,0.5617778529856748,0.22580197197676638,-1.53,1.9000000000000001,8.96,1.151,0.9460902214050293,0.0,0.05466166511178017,1.0,1.0,7.2,1.3099999999999998,True,True,False
4.417089223861694,forward_005,2.4170892238616943,0.05,0.0,0.0,0.1908953869368798,0.4603305902135044,-0.37306412761378793,-2.31,1.9000000000000001,6.78,1.381,0.8616105318069458,0.0,0.05245062056928873,0.0,1.0,7.2,1.3099999999999998,True,True,False
4.437451601028442,forward_005,2.4374516010284424,0.05,0.0,0.0,0.5115996369908379,-0.02399827721492203,-0.8192139176548384,-3.16,0.6900000000000001,8.03,1.688,0.7577357292175293,0.0,0.06324433069676161,0.0,1.0,7.2,1.3099999999999998,True,True,False
4.457837820053101,forward_005,2.4578378200531006,0.05,0.0,0.0,0.7908523173099306,-0.21380283336930536,-1.0733774899765127,-3.0300000000000002,-3.36,8.870000000000001,1.381,0.921332836151123,0.0,0.0676856879144907,0.0,1.0,7.2,1.3099999999999998,True,True,False
4.4783852100372314,forward_005,2.4783852100372314,0.05,0.0,0.0,1.337358539340655,-0.44833145160604343,-0.8628471489546967,-1.1500000000000001,-2.99,7.74,1.074,0.870890200138092,0.0,0.07952260226011276,1.0,1.0,7.2,1.3099999999999998,True,True,False
4.498750686645508,forward_005,2.498750686645508,0.05,0.0,0.0,1.3602659857730806,-0.5934119456780721,-0.8464846872172498,-1.02,-4.13,8.15,0.9210000000000002,0.9332802891731262,0.0,0.054279545322060585,1.0,1.0,7.2,1.3099999999999998,True,True,False
4.519120931625366,forward_005,2.519120931625366,0.05,0.0,0.0,1.3264502315156905,-0.5290529295107811,-0.4559672670835186,-0.71,-3.0500000000000003,6.04,1.151,0.9332709908485413,0.0,0.044058872386813164,1.0,1.0,7.2,1.3099999999999998,True,True,False
4.539492845535278,forward_005,2.5394928455352783,0.05,0.0,0.0,1.0951941056264418,-0.41560652813114973,-0.06654067773228381,-0.71,-3.0500000000000003,6.04,1.151,0.9610944986343384,0.07142857142857142,0.01427364768460393,1.0,1.0,7.2,1.3099999999999998,True,True,False
4.559972763061523,forward_005,2.5599727630615234,0.05,0.0,0.0,0.09490227807719166,-0.3621558197888234,-0.06872233929727672,-0.71,-3.0500000000000003,6.04,1.458,0.9734520316123962,0.07142857142857142,0.028098780661821365,1.0,1.0,7.4,0.40900000000000003,True,True,False
4.580322742462158,forward_005,2.580322742462158,0.05,0.0,0.0,-0.45487643630102215,-0.17562375598192942,0.003272492347489368,-0.71,-3.0500000000000003,6.04,0.9970000000000001,0.9718368053436279,0.07142857142857142,0.0248849707422778,1.0,1.0,7.4,0.40900000000000003,True,True,False
4.600949048995972,forward_005,2.6009490489959717,0.05,0.0,0.0,-0.5410520681182421,0.05235987755982989,-0.35779249665883756,-2.04,2.34,8.41,0.537,0.9697861075401306,0.07142857142857142,0.04702529136557132,1.0,1.0,7.4,0.40900000000000003,True,True,False
4.621306657791138,forward_005,2.6213066577911377,0.05,0.0,0.0,-0.1559888018969932,0.4341506514335895,-0.44505895925855404,-1.83,2.92,9.3,0.6899999999999998,0.9446846842765808,0.0,0.05774161219596863,1.0,1.0,7.4,0.40900000000000003,True,True,False
4.642018556594849,forward_005,2.6420185565948486,0.05,0.0,0.0,0.17453292519943295,0.39706240482870997,-0.5214171140333059,-1.2,2.74,8.32,0.46,0.9097554087638855,0.0,0.052220724523067474,1.0,1.0,7.4,0.40900000000000003,True,True,False
4.662394285202026,forward_005,2.6623942852020264,0.05,0.0,0.0,0.09272061651219876,0.5246896063807953,-1.0624691821515482,-0.2,0.1,6.34,0.844,0.920369565486908,0.0,0.0471647996455431,1.0,1.0,7.4,0.40900000000000003,True,True,False
4.682755470275879,forward_005,2.682755470275879,0.05,0.0,0.0,0.030543261909900768,0.557414529855689,-0.9337511498169663,-0.98,-0.32,7.94,1.074,0.9420607089996338,0.0,0.02256069052964449,1.0,1.0,7.4,0.40900000000000003,True,True,False
4.703115701675415,forward_005,2.703115701675415,0.05,0.0,0.0,-0.136353847812057,0.3861540970037454,-0.35997415822383044,-0.98,-0.32,7.94,1.458,0.9274170994758606,0.0,0.025562681257724762,1.0,1.0,7.4,0.40900000000000003,True,True,False
4.723514556884766,forward_005,2.7235145568847656,0.05,0.0,0.0,-0.49632800603588745,0.5355979142057599,0.33597588100890846,-1.41,-0.12,8.34,1.6110000000000002,0.8559980988502502,0.0,0.035988498479127884,1.0,1.0,7.4,0.40900000000000003,True,True,False
4.743881940841675,forward_005,2.743881940841675,0.05,0.0,0.0,-0.8410305333047675,0.4537856055185257,0.4657847441259867,-3.12,1.25,7.12,1.074,0.8697335720062256,0.0,0.01976054534316063,1.0,1.0,7.4,0.40900000000000003,True,True,False
4.764379024505615,forward_005,2.7643790245056152,0.05,0.0,0.0,-1.3580843242080878,0.39924406639370286,0.38288160465625604,-2.64,2.22,8.59,0.6899999999999998,0.8607001900672913,0.0,0.019907657988369465,1.0,1.0,7.2,1.086,True,True,False
4.784756660461426,forward_005,2.784756660461426,0.05,0.0,0.0,-1.6166112196597477,0.5290529295107811,0.21707532571679475,-2.64,2.22,8.59,0.46,0.8536770343780518,0.0,0.030125529505312443,0.0,1.0,7.2,1.086,True,True,False
4.8051276206970215,forward_005,2.8051276206970215,0.05,0.0,0.0,-1.0679233360640303,0.4690572364734761,0.6763150851478027,-3.73,2.83,8.540000000000001,0.537,0.8481847047805786,0.0,0.037568467669188976,0.0,1.0,7.2,1.086,True,True,False
4.825660943984985,forward_005,2.8256609439849854,0.05,0.0,0.0,-0.7079491778402,0.3097959422289935,0.5203262832508095,-1.18,-3.47,7.67,0.46,0.9067012667655945,0.0,0.021763823926448822,0.0,1.0,7.2,1.086,True,True,False
4.846120119094849,forward_005,2.8461201190948486,0.05,0.0,0.0,-0.5290529295107811,-0.11453723216212788,0.11671889372712078,-1.83,-2.35,7.11,0.384,0.9581751823425293,0.07142857142857142,0.04096920043230057,0.0,1.0,7.2,1.086,True,True,False
4.866481304168701,forward_005,2.866481304168701,0.05,0.0,0.0,-0.4908738521234052,-0.028361600344907856,0.3097959422289935,-4.0600000000000005,-2.7800000000000002,8.11,0.537,0.931857705116272,0.0,0.037060435861349106,0.0,1.0,7.2,1.086,True,True,False
4.886862754821777,forward_005,2.8868627548217773,0.05,0.0,0.0,-0.24980024919168842,-0.12980886311707826,0.7330382858376184,-2.5,-1.77,9.22,0.614,0.9522443413734436,0.07142857142857142,0.041261362785007805,0.0,1.0,7.2,1.086,True,True,False
4.907320976257324,forward_005,2.907320976257324,0.05,0.0,0.0,-0.30652344988150415,-0.06872233929727672,0.2716168648416175,-2.77,-4.67,8.120000000000001,0.307,0.9092721939086914,0.0,0.04305514693260193,0.0,1.0,7.2,1.086,True,True,False
4.9276838302612305,forward_005,2.9276838302612305,0.05,0.0,0.0,-0.5159629601208237,0.14180800172453928,0.009817477042468103,-2.22,-2.67,7.3100000000000005,0.46,0.8137707710266113,0.0,0.055106702260673046,1.0,1.0,7.2,1.086,True,True,False
4.948052644729614,forward_005,2.9480526447296143,0.05,0.0,0.0,-0.46142142099600086,-0.028361600344907856,0.6599526234103559,-2.17,-2.1,8.19,0.614,0.8936175107955933,0.0,0.07130135595798492,1.0,1.0,7.2,1.086,True,True,False
4.968411922454834,forward_005,2.968411922454834,0.05,0.0,0.0,-0.38942658935123475,-0.031634092692397225,0.6643159465403417,-3.24,-0.64,9.11,0.6899999999999998,0.9505600929260254,0.07142857142857142,0.0636766841635108,1.0,1.0,6.9,2.325,True,True,False
4.9887847900390625,forward_005,2.9887847900390625,0.05,0.0,0.0,-0.05781403147231216,-0.2628902185816459,0.272707695624114,-2.83,-0.37,8.06,1.534,0.9720697999000549,0.07142857142857142,0.06920632719993591,0.0,1.0,6.9,2.325,True,True,False
5.009148836135864,forward_005,3.0091488361358643,0.05,0.0,0.0,0.3916082509162277,-0.1832595714594046,-0.19416787928436915,-3.23,-0.27,7.59,1.841,0.9647471904754639,0.07142857142857142,0.047001378610730164,0.0,1.0,6.9,2.325,True,True,False
5.029527425765991,forward_005,3.029527425765991,0.05,0.0,0.0,0.681769239060285,-0.40251655874119224,-0.533416252640767,-1.3900000000000001,-0.8200000000000001,7.76,1.688,0.8814914226531982,0.0,0.06191684491932392,0.0,1.0,6.9,2.325,True,True,False
5.050005674362183,forward_005,3.0500056743621826,0.05,0.0,0.0,1.1137382289288815,-0.6566801310628665,-1.00029182754925,-2.43,-4.53,7.44,1.458,0.9579134583473206,0.14285714285714285,0.04284729529172182,0.0,1.0,6.9,2.325,True,True,False
5.070510149002075,forward_005,3.070510149002075,0.05,0.0,0.0,1.4344424789828396,-0.878118779909647,-1.0112001353742146,-1.47,-5.73,9.25,1.151,0.9435939788818359,0.0,0.07267112960107625,1.0,1.0,6.9,2.325,True,True,False
5.0908753871917725,forward_005,3.0908753871917725,0.05,0.0,0.0,1.595885434792315,-0.8497571795647392,-0.6872233929727672,-0.76,-4.28,5.15,0.9970000000000001,0.9514586925506592,0.07142857142857142,0.038436093367636204,1.0,1.0,6.9,2.325,True,True,False
5.111388444900513,forward_005,3.1113884449005127,0.05,0.0,0.0,2.012582793705961,-1.1355548445788106,-0.07635815477475191,-2.0,-2.69,7.45,0.9970000000000001,0.9524638652801514,0.07142857142857142,0.024336351081728935,1.0,1.0,6.9,2.325,True,True,False
5.131753206253052,forward_005,3.1317532062530518,0.05,0.0,0.0,1.435533309765336,-0.8148505945248526,0.26725354171163174,-2.0,-2.69,7.45,1.381,0.9609823226928711,0.07142857142857142,0.05788092128932476,1.0,1.0,6.9,2.325,True,True,False
5.152164936065674,forward_005,3.152164936065674,0.05,0.0,0.0,0.29561514205653955,0.09708393964218458,-0.459239759431008,-2.0,-2.69,7.45,1.227,0.9636387825012207,0.07142857142857142,0.06764752231538296,1.0,1.0,6.9,2.325,True,True,False
5.172526836395264,forward_005,3.1725268363952637,0.05,0.0,0.0,-0.007635815477475192,-0.7275841319251362,-0.7068583470577035,0.36,3.8000000000000003,8.0,0.9210000000000002,0.9518933892250061,0.07142857142857142,0.03733654133975506,1.0,0.0,7.4,0.3350000000000001,True,True,False
5.19327974319458,forward_005,3.19327974319458,0.05,0.0,0.0,0.08617563181722002,-0.5999569303730508,-0.37960911230876665,0.92,0.2,6.140000000000001,0.9970000000000001,0.9574489593505859,0.07142857142857142,0.022795788943767548,1.0,0.0,7.4,0.3350000000000001,True,True,False
5.2136476039886475,forward_005,3.2136476039886475,0.05,0.0,0.0,-0.10144726277217041,-0.6959500392327389,0.1407171709420428,1.1300000000000001,1.25,7.5600000000000005,0.9970000000000001,0.9682751893997192,0.07142857142857142,0.031834233552217484,1.0,0.0,7.4,0.3350000000000001,True,True,False
5.234151840209961,forward_005,3.234151840209961,0.05,0.0,0.0,-0.23889194136672387,-0.44833145160604343,0.18435040224190105,-0.36,1.6400000000000001,7.19,1.304,0.9734693765640259,0.14285714285714285,0.024090245366096497,1.0,0.0,7.4,0.3350000000000001,True,True,False
5.254512071609497,forward_005,3.254512071609497,0.05,0.0,0.0,-0.35124751196385884,-0.4374231437810788,0.16035212502697901,-0.1,2.31,6.78,0.844,0.9736185073852539,0.14285714285714285,0.02289468329399824,1.0,0.0,7.4,0.3350000000000001,True,True,False
5.274874448776245,forward_005,3.274874448776245,0.05,0.0,0.0,-0.29670597283903605,-0.5279620987282847,0.41233403578366035,-0.1,2.31,6.78,0.9210000000000002,0.9829563498497009,0.14285714285714285,0.015938550233840942,1.0,0.0,7.4,0.3350000000000001,True,True,False
5.295243501663208,forward_005,3.295243501663208,0.05,0.0,0.0,-0.31525009614147576,-0.28907015736156083,0.33161255787892263,-0.87,4.22,7.9,0.6899999999999998,0.9875258207321167,0.14285714285714285,0.024949599523097277,1.0,0.0,7.4,0.3350000000000001,True,True,False
5.3156187534332275,forward_005,3.3156187534332275,0.05,0.0,0.0,-0.5879577917655898,0.08944812416470939,-0.49632800603588745,-0.87,4.22,7.9,0.614,0.9747150540351868,0.14285714285714285,0.060438268817961216,1.0,1.0,7.4,0.3350000000000001,True,True,False
5.336135387420654,forward_005,3.3361353874206543,0.05,0.0,0.0,-0.8344855486097889,0.44505895925855404,-0.8246680715673207,0.54,2.81,6.88,1.304,0.9263289570808411,0.0,0.041619542986154556,1.0,1.0,7.4,0.3350000000000001,True,True,False
5.356524467468262,forward_005,3.3565244674682617,0.05,0.0,0.0,-1.1453723216212788,0.5606870222031783,-1.0428342280666119,-0.23,0.77,8.35,0.767,0.8763229250907898,0.0,0.02517090179026127,1.0,1.0,7.4,0.3350000000000001,True,True,False
5.376891374588013,forward_005,3.3768913745880127,0.05,0.0,0.0,-0.9533861039019025,0.7723081940074908,-0.6348635154129374,-0.23,0.77,8.35,1.151,0.8010268807411194,0.0,0.028686925768852227,1.0,1.0,7.4,0.49900000000000005,True,True,False
5.39730167388916,forward_005,3.39730167388916,0.05,0.0,0.0,-0.5377795757707527,1.004655150679236,-0.21707532571679475,-0.23,0.77,8.35,1.227,0.7559297680854797,0.0,0.03644729685038328,1.0,1.0,7.4,0.49900000000000005,True,True,False
5.417667627334595,forward_005,3.4176676273345947,0.05,0.0,0.0,-0.16798794050445423,0.9053895494720584,0.6239552075879728,-0.96,-4.8,7.96,0.844,0.7585984468460083,0.0,0.03678361140191555,1.0,1.0,7.4,0.49900000000000005,True,True,False
5.438186407089233,forward_005,3.4381864070892334,0.05,0.0,0.0,-0.26070855701665296,0.8813912722571364,1.2337296150034918,-0.96,-4.8,7.96,0.767,0.8576859831809998,0.0,0.08047537319362164,0.0,1.0,7.4,0.49900000000000005,True,True,False
5.458562850952148,forward_005,3.4585628509521484,0.05,0.0,0.0,-0.4657847441259867,1.0657416744990376,1.1366456753613072,-0.96,-4.8,7.96,0.9970000000000001,0.8842273354530334,0.0,0.05599193647503853,0.0,1.0,7.4,0.49900000000000005,True,True,False
5.478922605514526,forward_005,3.4789226055145264,0.05,0.0,0.0,-0.4799655442984406,0.6795875774952921,0.8715737952146683,-2.44,-1.52,9.52,1.227,0.858568012714386,0.0,0.05795279238373041,0.0,1.0,7.4,0.49900000000000005,True,True,False
5.49932861328125,forward_005,3.49932861328125,0.05,0.0,0.0,-0.32179508083645453,0.6948592084502424,0.7275841319251362,-1.01,-0.39,5.84,1.304,0.7340614795684814,0.0,0.025981292128562927,0.0,1.0,7.4,0.49900000000000005,True,True,False
5.519695520401001,forward_005,3.519695520401001,0.05,0.0,0.0,-0.08290313946973066,0.3327033886614191,0.3665191429188092,-2.18,-0.02,8.24,1.381,0.8353854417800903,0.0,0.03734486363828182,0.0,1.0,7.4,0.49900000000000005,True,True,False
5.540071487426758,forward_005,3.540071487426758,0.05,0.0,0.0,0.23452861823673804,0.02181661564992912,-0.09272061651219876,-3.2600000000000002,-1.69,8.78,1.534,0.8834297060966492,0.0,0.05575826019048691,0.0,1.0,7.4,0.49900000000000005,True,True,False
5.5605788230896,forward_005,3.5605788230895996,0.05,0.0,0.0,0.5868669609830933,-0.3436116964863836,-0.4188790204786391,-2.6,-2.5,8.19,1.074,0.8303960561752319,0.0,0.054471805691719055,0.0,1.0,7.4,0.49900000000000005,True,True,False
5.581054210662842,forward_005,3.581054210662842,0.05,0.0,0.0,0.9337511498169663,-0.5312345910757741,-0.2825251726665821,-1.6,-5.3,8.22,1.151,0.8753952383995056,0.0,0.07779551483690739,0.0,1.0,7.4,0.5860000000000001,True,True,False
5.6015944480896,forward_005,3.6015944480895996,0.05,0.0,0.0,1.0450158896316049,-0.5323254218582705,0.032724923474893676,-0.9400000000000001,-4.29,6.22,1.151,0.9771855473518372,0.07142857142857142,0.10257158800959587,1.0,1.0,7.4,0.5860000000000001,True,True,False
5.6221020221710205,forward_005,3.6221020221710205,0.05,0.0,0.0,1.327541062298187,-0.5563236990731926,0.5966844380255614,-1.71,-2.87,6.54,1.151,0.9858508110046387,0.07142857142857142,0.0833900235593319,1.0,1.0,7.4,0.5860000000000001,True,True,False
5.642483949661255,forward_005,3.642483949661255,0.05,0.0,0.0,1.3548118318605984,-0.3948807432637171,0.8115781021773633,-2.72,-3.94,5.4,1.6110000000000002,0.9471067786216736,0.0,0.033469025045633316,1.0,1.0,7.4,0.5860000000000001,True,True,False
5.662865161895752,forward_005,3.662865161895752,0.05,0.0,0.0,1.2304571226560024,-0.20943951023931956,0.8355763793922852,-2.72,-3.94,5.4,1.381,0.935309886932373,0.0,0.029484910890460014,1.0,1.0,7.4,0.5860000000000001,True,True,False
5.683302879333496,forward_005,3.683302879333496,0.05,0.0,0.0,0.5628686837681712,0.7003133623627247,-0.5290529295107811,-2.72,-3.94,5.4,1.458,0.8442268967628479,0.0,0.03788594342768192,1.0,1.0,7.4,0.5860000000000001,True,True,False
5.703673839569092,forward_005,3.703673839569092,0.05,0.0,0.0,0.6424993308904126,0.3043417883165112,-1.0188359508516898,-2.72,-3.94,5.4,0.9970000000000001,0.8540134429931641,0.0,0.07238298328593373,1.0,0.0,7.4,0.5860000000000001,True,True,False
5.724045991897583,forward_005,3.724045991897583,0.05,0.0,0.0,0.9522952731194061,0.9752027195518317,-1.7878716525116913,-1.09,-0.6900000000000001,5.26,0.767,0.9061225652694702,0.0,0.08162669464945793,1.0,0.0,7.4,0.5860000000000001,True,True,False
5.744516611099243,forward_005,3.744516611099243,0.05,0.0,0.0,0.9304786574694769,0.5868669609830933,-1.3504485087306124,-1.37,0.77,6.33,0.6899999999999998,0.9439974427223206,0.0,0.06902024336159229,1.0,0.0,7.4,0.5860000000000001,True,True,False
5.764906167984009,forward_005,3.764906167984009,0.05,0.0,0.0,0.6152285613280012,0.24325526449670967,-1.335176877775662,0.9400000000000001,1.36,7.69,1.6110000000000002,0.8283467292785645,0.0,0.04527496173977852,1.0,0.0,7.4,0.5860000000000001,True,True,False
5.785281419754028,forward_005,3.7852814197540283,0.05,0.0,0.0,0.3643374813538163,0.08835729338221293,-1.0057459814617324,-0.48,2.13,7.5200000000000005,1.918,0.8876294493675232,0.0,0.051541125401854515,1.0,0.0,7.2,1.101,True,True,False
5.805645704269409,forward_005,3.805645704269409,0.05,0.0,0.0,0.13853550937704992,0.050178215994836975,-0.6326818538479445,-0.48,2.13,7.5200000000000005,1.765,0.9496799111366272,0.0,0.03580911457538605,1.0,0.0,7.2,1.101,True,True,False
5.826023101806641,forward_005,3.8260231018066406,0.05,0.0,0.0,-0.022907446432425576,0.32288591161895097,-0.3337942194439155,-3.92,1.6300000000000001,7.21,1.995,0.9212942123413086,0.0,0.055462658405303955,1.0,0.0,7.2,1.101,True,True,False
5.846386194229126,forward_005,3.846386194229126,0.05,0.0,0.0,-0.4537856055185257,-0.022907446432425576,-0.5541420375081997,-2.4,3.9,8.21,1.6110000000000002,0.9487731456756592,0.0,0.04751334711909294,1.0,0.0,7.2,1.101,True,True,False
5.866745233535767,forward_005,3.8667452335357666,0.05,0.0,0.0,-0.6719517620178169,-0.17780541754692233,-0.5028729907308662,-1.48,4.2700000000000005,6.53,1.6110000000000002,0.9393439888954163,0.0,0.03336237370967865,1.0,0.0,7.2,1.101,True,True,False
5.887108564376831,forward_005,3.887108564376831,0.05,0.0,0.0,-1.05265170510908,-0.47123889803846897,-0.5530512067257032,-1.67,3.5700000000000003,7.2,1.688,0.9568552374839783,0.07142857142857142,0.03986075147986412,1.0,0.0,7.2,1.101,True,True,False
5.907492160797119,forward_005,3.907492160797119,0.05,0.0,0.0,-1.4344424789828396,-0.6850417314077744,-0.9457502884244273,-2.74,3.64,7.51,0.9970000000000001,0.9325499534606934,0.0,0.030355088412761688,1.0,1.0,7.2,1.101,True,True,False
5.9278645515441895,forward_005,3.9278645515441895,0.05,0.0,0.0,-1.978767039448571,-0.8028514559173916,-1.8271415606815637,-2.12,2.58,6.68,0.767,0.8794460296630859,0.0,0.02084089070558548,0.0,1.0,7.2,1.101,True,True,False
5.948265552520752,forward_005,3.948265552520752,0.05,0.0,0.0,-2.027854424660912,-0.8268497331323136,-2.0398535632683727,0.76,1.17,7.34,0.9970000000000001,0.8771330118179321,0.0,0.025346951559185982,0.0,1.0,7.2,1.101,True,True,False
5.968624114990234,forward_005,3.9686241149902344,0.05,0.0,0.0,-0.5945027764605685,-0.21380283336930536,-1.6329736813971947,0.76,1.17,7.34,0.537,0.8899228572845459,0.0,0.0218456806614995,0.0,1.0,7.2,1.101,True,True,False
5.989102125167847,forward_005,3.9891021251678467,0.05,0.0,0.0,-0.5945027764605685,-0.21380283336930536,-1.6329736813971947,-3.18,-2.4,3.14,0.614,0.9124109148979187,0.0,0.03455304354429245,0.0,1.0,7.3,0.507,True,True,False
6.009475231170654,forward_005,4.009475231170654,0.05,0.0,0.0,-0.5945027764605685,-0.21380283336930536,-1.6329736813971947,-0.05,-6.3500000000000005,4.19,0.537,0.8783908486366272,0.0,0.0299394428730011,0.0,1.0,7.3,0.507,True,True,False
6.0298566818237305,forward_005,4.0298566818237305,0.05,0.0,0.0,-0.3043417883165112,0.34470252726888007,0.14835298641951802,-2.47,1.25,4.25,0.6899999999999998,0.9324127435684204,0.0,0.052006836980581284,0.0,1.0,7.3,0.507,True,True,False
6.050275564193726,forward_005,4.050275564193726,0.05,0.0,0.0,0.10035643198967395,0.2203478180642841,0.4406956361285682,-2.47,1.25,4.25,0.537,0.9501956701278687,0.07142857142857142,0.07122994307428598,0.0,1.0,7.3,0.507,True,True,False
6.07074499130249,forward_005,4.07074499130249,0.05,0.0,0.0,0.2301652951067522,0.05672320068981571,0.49741883681838395,-2.47,1.25,4.25,0.614,0.9523363709449768,0.07142857142857142,0.09185316972434521,0.0,1.0,7.3,0.507,True,True,False
6.091107130050659,forward_005,4.091107130050659,0.05,0.0,0.0,0.35997415822383044,-0.05235987755982989,-0.002181661564992912,-2.16,-4.7,6.17,0.767,0.9279314875602722,0.0,0.06048457324504852,0.0,1.0,7.3,0.507,True,True,False
6.111466646194458,forward_005,4.111466646194458,0.05,0.0,0.0,0.36106498900632694,-0.30652344988150415,-0.04799655442984406,-3.12,-0.8200000000000001,8.700000000000001,1.304,0.9167037606239319,0.0,0.03958279266953468,0.0,1.0,7.3,0.507,True,True,False
6.1318519115448,forward_005,4.1318519115448,0.05,0.0,0.0,0.14726215563702155,-0.19744037163185854,-0.4286964975211072,-3.13,-2.02,7.88,1.765,0.8546327948570251,0.0,0.038147687911987305,0.0,1.0,7.3,0.507,True,True,False
6.152210712432861,forward_005,4.152210712432861,0.05,0.0,0.0,0.40906154343617096,-0.26616271092913524,-0.32070425005395803,-1.9100000000000001,-1.51,7.91,1.534,0.9081273674964905,0.0,0.0360812172293663,0.0,1.0,7.3,0.507,True,True,False
6.1725852489471436,forward_005,4.1725852489471436,0.05,0.0,0.0,0.6774059159302992,-0.4341506514335895,-0.5083271446433485,-1.52,-4.18,7.79,1.995,0.9282665848731995,0.0,0.03901085443794727,0.0,1.0,7.3,0.507,True,True,False
6.193041086196899,forward_005,4.193041086196899,0.05,0.0,0.0,0.8388488717397746,-0.5181446216858165,-0.6206827152404835,-2.99,-3.97,8.02,1.995,0.9352405667304993,0.0,0.05769417621195316,1.0,1.0,7.2,1.2590000000000001,True,True,False
6.214030742645264,forward_005,4.214030742645264,0.05,0.0,0.0,1.1944597068336194,-0.6861325621902709,-0.4559672670835186,-1.52,-2.57,7.13,0.767,0.9352476000785828,0.0,0.049963635858148336,1.0,1.0,7.2,1.2590000000000001,True,True,False
6.234431028366089,forward_005,4.234431028366089,0.05,0.0,0.0,1.7911441448591807,-0.767944870877505,-0.032724923474893676,-1.52,-2.57,7.13,0.9210000000000002,0.9244149327278137,0.0,0.0514327110722661,1.0,1.0,7.2,1.2590000000000001,True,True,False
6.25489354133606,forward_005,4.25489354133606,0.05,0.0,0.0,1.4082625402029247,-0.8901179185171081,0.5203262832508095,-1.52,-2.57,7.13,1.304,0.9593532681465149,0.07142857142857142,0.043672903440892696,1.0,1.0,7.2,1.2590000000000001,True,True,False
6.275405645370483,forward_005,4.275405645370483,0.05,0.0,0.0,0.28907015736156083,0.03599741582238305,-0.7112216701876893,-1.12,5.76,4.57,1.151,0.8931179642677307,0.0,0.07011077553033829,1.0,1.0,7.2,1.2590000000000001,True,True,False
6.295767307281494,forward_005,4.295767307281494,0.05,0.0,0.0,0.14726215563702155,-0.9141161957320301,-0.8715737952146683,0.36,-2.85,9.4,0.844,0.948132336139679,0.0,0.07440006732940674,1.0,0.0,7.2,1.2590000000000001,True,True,False
6.316164970397949,forward_005,4.316164970397949,0.05,0.0,0.0,0.20180369476184434,-0.5105088062083414,-0.45487643630102215,-0.15,1.21,3.49,0.9970000000000001,0.9532022476196289,0.07142857142857142,0.03145001828670502,1.0,0.0,7.2,1.2590000000000001,True,True,False
6.336534261703491,forward_005,4.336534261703491,0.05,0.0,0.0,0.20616701789183017,-0.5279620987282847,-0.001090830782496456,0.85,1.99,9.19,1.227,0.956825852394104,0.07142857142857142,0.045266011729836464,1.0,0.0,7.2,1.2590000000000001,True,True,False
6.357045412063599,forward_005,4.357045412063599,0.05,0.0,0.0,-0.04581489286485115,-0.6435901616729091,0.017453292519943295,0.01,0.2,9.540000000000001,1.765,0.9761201739311218,0.14285714285714285,0.031302571296691895,1.0,0.0,7.2,1.2590000000000001,True,True,False
6.37756609916687,forward_005,4.37756609916687,0.05,0.0,0.0,-0.11671889372712078,-0.43196898986859655,0.5846852994181004,0.22,1.2,4.78,1.151,0.9707676768302917,0.14285714285714285,0.051524598617106676,1.0,0.0,7.2,1.2590000000000001,True,True,False
6.397940635681152,forward_005,4.397940635681152,0.05,0.0,0.0,-0.14835298641951802,-0.5257804371632918,0.6250460383704692,-0.76,3.34,8.06,1.381,0.9874749779701233,0.14285714285714285,0.01600576937198639,1.0,0.0,7.5,0.17300000000000001,True,True,False
6.418304681777954,forward_005,4.418304681777954,0.05,0.0,0.0,-0.35452000431134817,0.14180800172453928,0.22362031041177347,-1.3,5.6000000000000005,8.63,0.6899999999999998,0.9818551540374756,0.14285714285714285,0.0625850223004818,1.0,0.0,7.5,0.17300000000000001,True,True,False
6.438672304153442,forward_005,4.438672304153442,0.05,0.0,0.0,-0.5214171140333059,-0.030543261909900768,-0.65558930028037,-1.3,5.6000000000000005,8.63,0.9210000000000002,0.9786583781242371,0.14285714285714285,0.039200580678880215,1.0,1.0,7.5,0.17300000000000001,True,True,False
6.459043502807617,forward_005,4.459043502807617,0.05,0.0,0.0,-1.102829921103917,0.5835944686356039,-1.4726215563702156,-0.47000000000000003,2.74,7.65,1.074,0.9281145930290222,0.0,0.06665809662081301,1.0,1.0,7.5,0.17300000000000001,True,True,False
6.479410886764526,forward_005,4.479410886764526,0.05,0.0,0.0,-1.4475324483727972,0.9653852425093635,-1.8402315300715213,-0.49,0.46,6.67,0.767,0.7733503580093384,0.0,0.033092720434069633,1.0,1.0,7.5,0.17300000000000001,True,True,False
6.4997687339782715,forward_005,4.4997687339782715,0.05,0.0,0.0,-1.119192382841364,0.9501136115544131,-1.2162763224835484,-0.49,0.46,6.67,1.304,0.7743312120437622,0.0,0.019561786437407136,0.0,1.0,7.5,0.17300000000000001,True,True,False
6.520128488540649,forward_005,4.520128488540649,0.05,0.0,0.0,-0.23561944901923448,1.5860679577498469,0.04581489286485115,-2.1,-3.74,6.5600000000000005,1.227,0.6739813685417175,0.0,0.08151515573263168,1.0,1.0,7.5,0.17300000000000001,True,True,False
6.540498733520508,forward_005,4.540498733520508,0.05,0.0,0.0,0.02181661564992912,0.9010262263420726,0.8966629032120869,0.47000000000000003,-6.3500000000000005,7.36,1.151,0.6360873579978943,0.0,0.06720166560262442,1.0,1.0,7.5,0.17300000000000001,True,True,False
6.5608625411987305,forward_005,4.5608625411987305,0.05,0.0,0.0,-0.11562806294462433,1.1846422297911512,1.251182907523435,0.47000000000000003,-6.3500000000000005,7.36,0.767,0.8463680148124695,0.0,0.05248152278363705,0.0,1.0,7.5,0.17300000000000001,True,True,False
6.581265211105347,forward_005,4.581265211105347,0.05,0.0,0.0,-0.44505895925855404,1.1660981064887115,0.5628686837681712,0.47000000000000003,-6.3500000000000005,7.36,1.304,0.7242087721824646,0.0,0.03905843198299408,0.0,1.0,7.5,0.17300000000000001,True,True,False
6.601910829544067,forward_005,4.601910829544067,0.05,0.0,0.0,-0.45487643630102215,0.755945732270044,0.8115781021773633,-1.51,-0.52,8.44,1.6110000000000002,0.892163872718811,0.0,0.05571126565337181,0.0,1.0,6.9,2.002,True,True,False
6.622276782989502,forward_005,4.622276782989502,0.05,0.0,0.0,-0.27598018797160334,0.38288160465625604,0.4079707126536745,-1.69,0.06,5.5600000000000005,1.151,0.740790605545044,0.0,0.025980541948229074,0.0,1.0,6.9,2.002,True,True,False
6.6426427364349365,forward_005,4.6426427364349365,0.05,0.0,0.0,0.1832595714594046,-0.24107360293171676,0.008726646259971648,-3.12,-2.77,7.76,0.767,0.9051527380943298,0.0,0.08604708686470985,0.0,1.0,6.9,2.002,True,True,False
6.663013219833374,forward_005,4.663013219833374,0.05,0.0,0.0,0.5039638215133626,-0.21380283336930536,-0.013089969389957472,-2.81,-3.7,7.63,0.537,0.944363534450531,0.0,0.06619099527597427,0.0,1.0,6.9,2.002,True,True,False
6.683398723602295,forward_005,4.683398723602295,0.05,0.0,0.0,0.5639595145506677,-0.3916082509162277,0.05999569303730508,-2.52,-5.96,7.13,0.844,0.9257509708404541,0.0,0.11807881295681,0.0,1.0,6.9,2.002,True,True,False
6.703794002532959,forward_005,4.703794002532959,0.05,0.0,0.0,0.8410305333047675,-0.7832165018324554,0.7057675162752071,-0.86,-3.25,8.15,1.227,0.9507864117622375,0.07142857142857142,0.11428679525852203,1.0,1.0,6.9,2.002,True,True,False
6.724204778671265,forward_005,4.724204778671265,0.05,0.0,0.0,1.2479104151759457,-0.5803219762881145,1.2642728769133924,-1.02,-4.16,6.47,1.151,0.9869087338447571,0.07142857142857142,0.042357075959444046,1.0,1.0,6.9,2.002,True,True,False
6.744571924209595,forward_005,4.744571924209595,0.05,0.0,0.0,1.117010721276371,-0.32070425005395803,0.6686792696703275,-1.02,-4.16,6.47,1.688,0.9667910933494568,0.07142857142857142,0.06405121926218271,1.0,1.0,6.9,2.002,True,True,False
6.7649476528167725,forward_005,4.7649476528167725,0.05,0.0,0.0,0.8410305333047675,0.22471114119426994,-0.007635815477475192,-1.02,-4.16,6.47,1.995,0.9286125898361206,0.0,0.04265722632408142,1.0,1.0,6.9,2.002,True,True,False
6.785322189331055,forward_005,4.785322189331055,0.05,0.0,0.0,0.8170322560898455,0.19853120241435498,-0.8028514559173916,-1.51,3.37,8.620000000000001,1.688,0.8395326137542725,0.0,0.11218246072530746,1.0,1.0,6.9,2.002,True,True,False
6.805683612823486,forward_005,4.805683612823486,0.05,0.0,0.0,1.119192382841364,0.2585268954516601,-1.806415775814131,-1.51,3.37,8.620000000000001,1.534,0.8534036874771118,0.0,0.0724426256492734,1.0,1.0,7.1,1.449,True,True,False
6.826039552688599,forward_005,4.826039552688599,0.05,0.0,0.0,1.3929909092479742,0.35452000431134817,-2.0987584255231813,-1.51,3.37,8.620000000000001,0.9970000000000001,0.8914244174957275,0.0,0.058152465149760246,1.0,1.0,7.1,1.449,True,True,False
6.8464131355285645,forward_005,4.8464131355285645,0.05,0.0,0.0,1.088649120931463,0.25634523388666713,-2.232930611770245,-0.17,1.17,7.79,1.151,0.8589501976966858,0.0,0.050209036096930504,1.0,0.0,7.1,1.449,True,True,False
6.86687159538269,forward_005,4.86687159538269,0.05,0.0,0.0,0.7210391472301574,0.21489366415180183,-2.4074635369696784,1.78,-0.42,5.8500000000000005,1.688,0.8521803021430969,0.0,0.01654738560318947,1.0,0.0,7.1,1.449,True,True,False
6.887265205383301,forward_005,4.887265205383301,0.05,0.0,0.0,0.3785182815262702,-0.5388704065532492,-1.7278759594743862,-0.2,-0.3,9.66,1.765,0.9282608032226562,0.0,0.13379551842808723,1.0,0.0,7.1,1.449,True,True,False
6.907626390457153,forward_005,4.907626390457153,0.05,0.0,0.0,-0.07963064712224129,-0.3534291735288517,-0.8126689329598596,-5.15,4.2,6.65,1.534,0.9275738596916199,0.0,0.06154611520469189,1.0,0.0,7.1,1.449,True,True,False
6.928039312362671,forward_005,4.928039312362671,0.05,0.0,0.0,-0.6239552075879728,-0.5661411761156606,-0.6326818538479445,-3.08,1.45,7.11,1.841,0.9505559802055359,0.07142857142857142,0.03286805748939514,1.0,0.0,7.1,1.449,True,True,False
6.948394536972046,forward_005,4.948394536972046,0.05,0.0,0.0,-1.1235557059713497,-0.8759371183446542,-0.8933904108645975,-1.98,6.24,7.23,1.227,0.9403910040855408,0.0,0.0812344178557396,1.0,0.0,7.1,1.449,True,True,False
6.968758583068848,forward_005,4.968758583068848,0.05,0.0,0.0,-1.08646745936647,-0.7712173632249943,-1.050470043544087,-1.98,3.88,8.75,1.227,0.9494702816009521,0.0,0.029981551691889763,1.0,0.0,7.1,1.449,True,True,False
6.989145755767822,forward_005,4.989145755767822,0.05,0.0,0.0,-0.9915651812892785,-0.980656873464314,-1.1431906600562858,-2.73,4.07,6.76,0.9210000000000002,0.943343460559845,0.0,0.02209216170012951,1.0,1.0,7.1,1.449,True,True,False
7.0095062255859375,forward_005,5.0095062255859375,0.05,0.0,0.0,-1.315541923690726,-0.9173886880795195,-1.822778237551578,-1.17,1.48,5.0600000000000005,0.9210000000000002,0.9033357501029968,0.0,0.020879067480564117,1.0,1.0,7.5,0.22000000000000003,True,True,False
7.029867172241211,forward_005,5.029867172241211,0.05,0.0,0.0,-1.50207398749762,-0.9086620418195478,-2.031126917008401,-1.17,1.48,5.0600000000000005,0.9210000000000002,0.875952422618866,0.0,0.01625654101371765,0.0,1.0,7.5,0.22000000000000003,True,True,False
7.050295114517212,forward_005,5.050295114517212,0.05,0.0,0.0,-0.6697701004528239,0.5770494839406252,-1.174824752748683,-1.17,1.48,5.0600000000000005,0.767,0.8076220154762268,0.0,0.06783680990338326,0.0,1.0,7.5,0.22000000000000003,True,True,False
7.0706846714019775,forward_005,5.0706846714019775,0.05,0.0,0.0,-0.5825036378531074,0.6021385919380436,0.5268712679457882,-2.58,-4.42,3.67,0.614,0.8011577725410461,0.0,0.0673494003713131,0.0,1.0,7.5,0.22000000000000003,True,True,False
7.091171741485596,forward_005,5.091171741485596,0.05,0.0,0.0,0.06544984694978735,0.16253378659197193,0.44833145160604343,2.46,-2.98,6.91,0.6899999999999998,0.8842993378639221,0.0,0.055233364924788475,0.0,1.0,7.5,0.22000000000000003,True,True,False
7.1116602420806885,forward_005,5.1116602420806885,0.05,0.0,0.0,0.15926129424448257,0.815941425307349,0.1538071403320003,-2.37,-3.12,6.87,0.614,0.8896386623382568,0.0,0.11723671108484268,0.0,1.0,7.5,0.22000000000000003,True,True,False
7.132038593292236,forward_005,5.132038593292236,0.05,0.0,0.0,0.21598449493429828,0.5246896063807953,0.770126532442498,-2.37,-3.12,6.87,0.844,0.9268916249275208,0.0,0.14999734237790108,0.0,1.0,7.5,0.22000000000000003,True,True,False
7.1524200439453125,forward_005,5.1524200439453125,0.05,0.0,0.0,-0.001090830782496456,0.5345070834232635,0.15162547876700738,-2.37,-3.12,6.87,0.9210000000000002,0.8793750405311584,0.0,0.03895977884531021,0.0,1.0,7.5,0.22000000000000003,True,True,False
7.172805070877075,forward_005,5.172805070877075,0.05,0.0,0.0,-0.04254240051736178,0.2650718801466388,-0.23671027980173096,-1.77,-2.2600000000000002,8.33,1.304,0.9138011336326599,0.0,0.0875217467546463,0.0,1.0,7.5,0.22000000000000003,True,True,False
7.19316291809082,forward_005,5.19316291809082,0.05,0.0,0.0,0.1341721862470641,0.17016960206944712,-0.2781618495365963,-2.52,0.2,6.7,1.765,0.9215214252471924,0.0,0.03159569948911667,0.0,1.0,7.5,0.22000000000000003,True,True,False
7.213536500930786,forward_005,5.213536500930786,0.05,0.0,0.0,0.3021601267515183,-0.18544123302439752,-0.37960911230876665,-3.29,-4.63,8.78,1.995,0.9077110886573792,0.0,0.049680272582918406,0.0,1.0,7.2,0.9410000000000002,True,True,False
7.234141826629639,forward_005,5.234141826629639,0.05,0.0,0.0,0.8955720724295904,-0.39051742013373125,-0.04799655442984406,-2.3000000000000003,2.23,6.72,1.6110000000000002,0.8810087442398071,0.0,0.0628891414962709,0.0,1.0,7.2,0.9410000000000002,True,True,False
7.254528045654297,forward_005,5.254528045654297,0.05,0.0,0.0,1.114829059711378,-0.6141377305455047,-0.6730425928003133,-1.48,-4.64,6.86,1.304,0.9004806280136108,0.0,0.06765421712771058,0.0,1.0,7.2,0.9410000000000002,True,True,False
7.2751710414886475,forward_005,5.2751710414886475,0.05,0.0,0.0,1.1944597068336194,-0.7395832705325971,-0.26725354171163174,-1.16,-7.36,5.03,1.074,0.9502138495445251,0.07142857142857142,0.04228879511356354,1.0,1.0,7.2,0.9410000000000002,True,True,False
7.295551776885986,forward_005,5.295551776885986,0.05,0.0,0.0,1.4366241405478326,-0.9195703496445123,0.1712604328519436,-1.76,-2.72,6.43,1.074,0.9584600329399109,0.14285714285714285,0.03604454919695854,1.0,1.0,7.2,0.9410000000000002,True,True,False
7.315922021865845,forward_005,5.315922021865845,0.05,0.0,0.0,1.5522522034924569,-0.7755806863549802,0.7090400086226963,-1.76,-2.72,6.43,0.844,0.9423748254776001,0.0,0.02859070524573326,1.0,1.0,7.2,0.9410000000000002,True,True,False
7.336288690567017,forward_005,5.336288690567017,0.05,0.0,0.0,0.38288160465625604,0.38942658935123475,-0.1832595714594046,-1.76,-2.72,6.43,1.458,0.9180889129638672,0.0,0.06449220515787601,1.0,1.0,7.2,0.9410000000000002,True,True,False
7.356651067733765,forward_005,5.356651067733765,0.05,0.0,0.0,0.032724923474893676,-0.17562375598192942,-1.0941032748439454,0.15,8.09,7.07,1.458,0.8979545831680298,0.0,0.0471761617809534,1.0,1.0,7.2,0.9410000000000002,True,True,False
7.377026319503784,forward_005,5.377026319503784,0.05,0.0,0.0,0.05781403147231216,0.06872233929727672,-1.3188144160382154,1.07,-2.73,8.02,0.9970000000000001,0.9237678050994873,0.0,0.02765219192951917,1.0,0.0,7.2,0.9410000000000002,True,True,False
7.397514820098877,forward_005,5.397514820098877,0.05,0.0,0.0,0.07526732399225546,0.019634954084936207,-0.5225079448158024,0.0,1.78,3.43,0.767,0.9197936654090881,0.0,0.039714645594358444,1.0,0.0,7.2,0.9410000000000002,True,True,False
7.417890548706055,forward_005,5.417890548706055,0.05,0.0,0.0,0.1538071403320003,-0.3643374813538163,-0.2999784651865254,0.9400000000000001,-0.41000000000000003,7.67,1.074,0.9466750025749207,0.0,0.05113681219518185,1.0,0.0,7.4,0.298,True,True,False
7.4382569789886475,forward_005,5.4382569789886475,0.05,0.0,0.0,0.02181661564992912,-0.5639595145506677,0.2683443724941282,0.28,1.27,8.99,1.458,0.9748998880386353,0.14285714285714285,0.03484543412923813,1.0,0.0,7.4,0.298,True,True,False
7.458629608154297,forward_005,5.458629608154297,0.05,0.0,0.0,-0.0719948316447661,-0.33597588100890846,0.8312130562622995,-0.62,2.32,7.53,1.304,0.9675458669662476,0.14285714285714285,0.03469900228083134,1.0,0.0,7.4,0.298,True,True,False
7.479104042053223,forward_005,5.479104042053223,0.05,0.0,0.0,-0.5759586531581288,-0.5039638215133626,0.5225079448158024,-0.38,0.7000000000000001,7.55,1.6110000000000002,0.9700437188148499,0.14285714285714285,0.02961132209748029,1.0,0.0,7.4,0.298,True,True,False
7.499520540237427,forward_005,5.499520540237427,0.05,0.0,0.0,-0.7963064712224128,-0.2530727415391778,0.2748893571891069,-1.6300000000000001,4.62,8.71,0.844,0.9866970181465149,0.14285714285714285,0.04760294035077095,1.0,0.0,7.4,0.298,True,True,False
7.519898414611816,forward_005,5.519898414611816,0.05,0.0,0.0,-1.0842857978014773,0.1461713248545251,-0.4788747135159442,-0.12,5.33,7.84,0.844,0.953971266746521,0.07142857142857142,0.04189997911453247,1.0,1.0,7.4,0.298,True,True,False
7.54026985168457,forward_005,5.54026985168457,0.05,0.0,0.0,-1.1333731830138178,0.4036073895236887,-1.3689926320330523,-0.12,5.33,7.84,1.074,0.9264354705810547,0.0,0.046875118277966976,1.0,1.0,7.4,0.298,True,True,False
7.560648441314697,forward_005,5.560648441314697,0.05,0.0,0.0,-1.3319043854281727,0.8584838258247108,-1.7442384212118331,-1.6500000000000001,-1.25,9.51,0.9970000000000001,0.8249644041061401,0.0,0.026012538764916826,1.0,1.0,7.4,0.298,True,True,False
7.581028699874878,forward_005,5.581028699874878,0.05,0.0,0.0,-0.7483099167925688,1.114829059711378,-0.9381144729469522,-1.6500000000000001,-1.25,9.51,1.151,0.7948523759841919,0.0,0.021655187010765076,0.0,1.0,7.4,0.298,True,True,False
7.60145378112793,forward_005,5.60145378112793,0.05,0.0,0.0,-0.11235557059713497,1.3537210010781018,-0.19853120241435498,-3.08,-4.44,7.890000000000001,1.151,0.7210667729377747,0.0,0.05703300517052412,1.0,1.0,7.4,0.298,True,True,False
7.621819734573364,forward_005,5.621819734573364,0.05,0.0,0.0,-0.0719948316447661,0.7079491778402,0.6261368691529657,0.6900000000000001,-6.2700000000000005,6.16,0.844,0.8142202496528625,0.0,0.02778637409210205,1.0,1.0,7.1,1.4429999999999998,True,True,False
7.64220118522644,forward_005,5.64220118522644,0.05,0.0,0.0,-0.20616701789183017,1.1791880758786688,1.2064588454410803,-0.64,0.23,9.040000000000001,0.6899999999999998,0.8263964056968689,0.0,0.07133871130645275,0.0,1.0,7.1,1.4429999999999998,True,True,False
7.662582159042358,forward_005,5.662582159042358,0.05,0.0,0.0,-0.47669305195095124,0.6752242543653062,0.7024950239277177,-0.64,0.23,9.040000000000001,0.844,0.8801906108856201,0.0,0.08129910379648209,0.0,1.0,7.1,1.4429999999999998,True,True,False
7.6829540729522705,forward_005,5.6829540729522705,0.05,0.0,0.0,-0.5737769915931359,0.5846852994181004,0.7134033317526822,-0.64,0.23,9.040000000000001,1.151,0.7798129320144653,0.0,0.1272389329969883,1.0,1.0,7.1,1.4429999999999998,True,True,False
7.703325033187866,forward_005,5.703325033187866,0.05,0.0,0.0,-0.4374231437810788,0.35124751196385884,0.4603305902135044,-1.98,-1.01,5.54,1.227,0.7529529929161072,0.0,0.025497730763163418,0.0,1.0,7.1,1.4429999999999998,True,True,False
7.723687171936035,forward_005,5.723687171936035,0.05,0.0,0.0,0.14180800172453928,-0.1265363707695889,0.04908738521234052,-2.59,-2.44,9.17,1.227,0.9397541880607605,0.0,0.060760366497561336,0.0,1.0,7.1,1.4429999999999998,True,True,False
7.74405574798584,forward_005,5.74405574798584,0.05,0.0,0.0,0.4505131131710363,-0.17889624832941878,-0.007635815477475192,-3.18,-2.96,7.04,1.151,0.9795955419540405,0.07142857142857142,0.05108592286705971,0.0,1.0,7.1,1.4429999999999998,True,True,False
7.764429092407227,forward_005,5.764429092407227,0.05,0.0,0.0,0.7286749627076325,-0.5563236990731926,-0.001090830782496456,-3.27,-4.0,7.2,1.151,0.9484240412712097,0.0,0.07535384898073971,0.0,1.0,7.1,1.4429999999999998,True,True,False
7.784837484359741,forward_005,5.784837484359741,0.05,0.0,0.0,1.0559241974565694,-0.6228643768054763,0.11453723216212788,-0.65,-3.52,7.19,1.227,0.9537879824638367,0.07142857142857142,0.04829254001379013,0.0,1.0,7.1,1.4429999999999998,True,True,False
7.805279970169067,forward_005,5.805279970169067,0.05,0.0,0.0,1.351539339513109,-0.6894050545377601,0.3741549583962844,-1.4000000000000001,-2.96,5.5,1.074,0.9820936322212219,0.07142857142857142,0.05872424691915512,1.0,1.0,7.1,1.4429999999999998,True,True,False
7.825727224349976,forward_005,5.825727224349976,0.05,0.0,0.0,1.6766069126970529,-1.0122909661567112,0.6370451769779303,-1.42,-2.7800000000000002,6.74,1.151,0.9684132933616638,0.07142857142857142,0.04377071559429169,1.0,1.0,7.0,1.6620000000000001,True,True,False
7.8461010456085205,forward_005,5.8461010456085205,0.05,0.0,0.0,1.6755160819145565,-1.0591966898040588,0.5465062220307244,-1.42,-2.7800000000000002,6.74,1.151,0.9424015283584595,0.0,0.037335853575314104,1.0,1.0,7.0,1.6620000000000001,True,True,False
7.866463899612427,forward_005,5.866463899612427,0.05,0.0,0.0,0.6163193921104976,0.49414634447089456,-0.7755806863549802,-1.42,-2.7800000000000002,6.74,1.151,0.772017240524292,0.0,0.08211125805974007,1.0,1.0,7.0,1.6620000000000001,True,True,False
7.886880874633789,forward_005,5.886880874633789,0.05,0.0,0.0,0.519235452468313,-0.3567016658763411,-1.7606008829492799,0.29,8.31,6.99,1.304,0.8337295055389404,0.0,0.02629875543061644,1.0,0.0,7.0,1.6620000000000001,True,True,False
7.907240390777588,forward_005,5.907240390777588,0.05,0.0,0.0,0.6643159465403417,-0.01090830782496456,-1.8173240836390956,0.29,8.31,6.99,1.227,0.7515525817871094,0.0,0.05063544772565365,1.0,0.0,7.0,1.6620000000000001,True,True,False
7.927593231201172,forward_005,5.927593231201172,0.05,0.0,0.0,0.36979163526629855,0.03599741582238305,-1.5206181108000596,0.36,-2.5300000000000002,2.86,0.9210000000000002,0.867122232913971,0.0,0.043847805354744196,1.0,0.0,7.0,1.6620000000000001,True,True,False
7.9480743408203125,forward_005,5.9480743408203125,0.05,0.0,0.0,0.20289452554434081,-0.8497571795647392,-0.7003133623627247,0.01,0.93,9.23,0.844,0.9167059659957886,0.0,0.07792159169912338,1.0,0.0,7.0,1.6620000000000001,True,True,False
7.9684364795684814,forward_005,5.9684364795684814,0.05,0.0,0.0,0.026179938779914945,-0.4036073895236887,-0.014180800172453928,-0.92,0.62,7.05,1.227,0.9572480916976929,0.07142857142857142,0.06378125585615635,1.0,0.0,7.0,1.6620000000000001,True,True,False
7.988811016082764,forward_005,5.988811016082764,0.05,0.0,0.0,-0.1908953869368798,-0.7624907169650227,0.29561514205653955,-1.4000000000000001,2.56,6.03,1.6110000000000002,0.9809871912002563,0.14285714285714285,0.03264595940709114,1.0,0.0,7.0,1.6620000000000001,True,True,False
8.009176015853882,stop_after_005,0.009176015853881836,0.0,0.0,0.0,-0.35779249665883756,-0.717766654882668,-0.2694352032766246,0.07,2.5,8.41,1.458,0.9219546914100647,0.0,0.06573497503995895,1.0,0.0,7.0,1.6620000000000001,True,True,False
8.029539346694946,stop_after_005,0.02953934669494629,0.0,0.0,0.0,-0.3937899124812206,-0.24652775684419906,-0.7592182246175333,-1.11,5.37,9.53,1.074,0.8808084726333618,0.0,0.030491954181343317,1.0,0.0,7.4,0.375,True,True,False
8.04990005493164,stop_after_005,0.049900054931640625,0.0,0.0,0.0,-0.46469391334349025,0.5181446216858165,-1.5642513420999178,-1.47,3.54,8.5,0.767,0.9009605646133423,0.0,0.04061346338130534,1.0,0.0,7.4,0.375,True,True,False
8.07033109664917,stop_after_005,0.07033109664916992,0.0,0.0,0.0,-0.6795875774952921,0.6163193921104976,-1.784599160164202,-2.23,0.43,7.88,0.9210000000000002,0.8865708708763123,0.0,0.029871957376599312,1.0,1.0,7.4,0.375,True,True,False
8.090780973434448,stop_after_005,0.09078097343444824,0.0,0.0,0.0,-1.2729995231733642,0.41233403578366035,-2.043126055615862,-1.2,2.42,8.02,1.074,0.8306751251220703,0.0,0.01477793138474226,1.0,1.0,7.4,0.375,True,True,False
8.111146211624146,stop_after_005,0.11114621162414551,0.0,0.0,0.0,-1.4889840181076623,0.4461497900410505,-1.5347989109725135,-1.2,2.42,8.02,0.9970000000000001,0.7757206559181213,0.0,0.024031927809119225,1.0,1.0,7.4,0.375,True,True,False
8.13153862953186,stop_after_005,0.13153862953186035,0.0,0.0,0.0,-0.6457718232379019,0.49960049838337683,0.3294308963139297,-1.2,2.42,8.02,0.9210000000000002,0.793509304523468,0.0,0.03538781777024269,0.0,1.0,7.4,0.375,True,True,False
8.151963233947754,stop_after_005,0.1519632339477539,0.0,0.0,0.0,-0.1505346479845109,0.5683228376806536,1.4453507868078042,-1.6600000000000001,-1.1300000000000001,8.93,0.767,0.6927196979522705,0.0,0.04120366461575031,0.0,1.0,7.4,0.375,True,True,False
8.172329187393188,stop_after_005,0.17232918739318848,0.0,0.0,0.0,-0.5541420375081997,0.48651052899341934,0.8606654873897037,-0.61,-0.8,7.7700000000000005,0.614,0.7166555523872375,0.0,0.03263280540704727,0.0,1.0,7.4,0.375,True,True,False
8.19268536567688,stop_after_005,0.19268536567687988,0.0,0.0,0.0,-0.7613998861825263,0.39051742013373125,0.7483099167925688,-2.47,-2.2600000000000002,7.3100000000000005,0.6899999999999998,0.7694475054740906,0.0,0.024493765318766236,0.0,1.0,7.4,0.375,True,True,False
8.213132619857788,stop_after_005,0.21313261985778809,0.0,0.0,0.0,-0.7613998861825263,-0.06217735460229799,0.6021385919380436,-2.75,-2.02,8.8,0.537,0.8193439245223999,0.0,0.01539766974747181,0.0,1.0,7.4,0.375,True,True,False
8.233497858047485,stop_after_005,0.23349785804748535,0.0,0.0,0.0,-0.4821472058634335,-0.11126473981463851,0.3239767424014474,-2.74,-1.72,7.62,0.537,0.7980105876922607,0.0,0.024946405552327633,0.0,1.0,7.4,0.4730000000000001,True,True,False
8.25517201423645,stop_after_005,0.2551720142364502,0.0,0.0,0.0,-0.1407171709420428,-0.17889624832941878,0.25089107997418486,-2.5100000000000002,-0.81,8.99,0.384,0.8673473596572876,0.0,0.016312647610902786,0.0,1.0,7.4,0.4730000000000001,True,True,False
8.275531768798828,stop_after_005,0.2755317687988281,0.0,0.0,0.0,0.14289883250703572,-0.07635815477475191,0.09599310885968812,-2.09,-1.26,7.17,0.46,0.8903985023498535,0.0,0.022811181377619505,0.0,1.0,7.4,0.4730000000000001,True,True,False
8.295901775360107,stop_after_005,0.2959017753601074,0.0,0.0,0.0,0.2792526803190927,-0.16035212502697901,-0.3010692959690218,-2.5100000000000002,-0.67,8.84,0.384,0.9247086644172668,0.0,0.026343407458625734,1.0,1.0,7.4,0.4730000000000001,True,True,False
8.3162682056427,stop_after_005,0.3162682056427002,0.0,0.0,0.0,0.4188790204786391,-0.0916297857297023,-0.5857761302005968,-3.86,-1.01,8.35,0.537,0.9108278155326843,0.0,0.010696325451135635,1.0,1.0,7.4,0.4730000000000001,True,True,False
8.336652517318726,stop_after_005,0.3366525173187256,0.0,0.0,0.0,0.5901394533305827,-0.2945243112740431,-0.6370451769779303,-2.71,-0.6,7.99,0.537,0.9243456125259399,0.0,0.011397204361855984,1.0,1.0,7.4,0.4730000000000001,True,True,False
8.357019424438477,stop_after_005,0.35701942443847656,0.0,0.0,0.0,0.607592745850526,-0.3981532356112064,-0.6348635154129374,-2.71,-0.6,7.99,0.46,0.9237159490585327,0.0,0.006522534880787134,1.0,1.0,7.4,0.4730000000000001,True,True,False
8.377384901046753,stop_after_005,0.37738490104675293,0.0,0.0,0.0,0.22252947962927702,-0.6239552075879728,-0.45705809786601503,-2.71,-0.6,7.99,0.384,0.9323592185974121,0.0,0.014242950826883316,1.0,1.0,7.4,0.4730000000000001,True,True,False
8.397748231887817,stop_after_005,0.3977482318878174,0.0,0.0,0.0,-0.00545415391248228,-0.6839509006252779,0.11235557059713497,-0.03,-0.41000000000000003,8.370000000000001,0.307,0.9178594946861267,0.0,0.010472599416971207,1.0,1.0,7.4,0.4730000000000001,True,True,False
8.418125629425049,stop_after_005,0.41812562942504883,0.0,0.0,0.0,0.009817477042468103,-0.6435901616729091,0.4908738521234052,-0.97,0.28,6.640000000000001,0.23,0.9198870658874512,0.0,0.01221109926700592,1.0,1.0,7.4,0.4730000000000001,True,True,False
8.438490867614746,stop_after_005,0.4384908676147461,0.0,0.0,0.0,-0.10581058590215622,-0.39924406639370286,0.533416252640767,-0.97,0.28,6.640000000000001,0.23,0.904037356376648,0.0,0.017647685250267386,1.0,1.0,7.5,0.246,True,True,False
8.458853483200073,stop_after_005,0.45885348320007324,0.0,0.0,0.0,-0.3436116964863836,-0.34033920413889424,0.4265148359561143,-0.35000000000000003,1.61,9.36,0.153,0.8822590708732605,0.0,0.006111636757850647,1.0,1.0,7.5,0.246,True,True,False
8.479225397109985,stop_after_005,0.47922539710998535,0.0,0.0,0.0,-0.3534291735288517,-0.34470252726888007,0.38942658935123475,-0.18,1.28,9.25,0.23,0.8696995377540588,0.0,0.0027761459350585938,1.0,1.0,7.5,0.246,True,True,False
8.499619722366333,stop_after_005,0.499619722366333,0.0,0.0,0.0,-0.35997415822383044,-0.3687008044838021,0.21925698728178766,-0.18,1.28,9.25,0.23,0.8767662048339844,0.0,0.0039845979772508144,1.0,1.0,7.5,0.246,True,True,False
8.519988775253296,stop_after_005,0.5199887752532959,0.0,0.0,0.0,-0.35015668118136234,-0.4406956361285682,0.05890486225480862,-0.18,1.28,9.25,0.307,0.8931426405906677,0.0,0.0056810639798641205,1.0,1.0,7.5,0.246,True,True,False
8.540451765060425,stop_after_005,0.5404517650604248,0.0,0.0,0.0,-0.2999784651865254,-0.3272492347489368,0.05890486225480862,-1.43,-1.8,8.49,0.307,0.8979193568229675,0.0,0.008579108864068985,1.0,1.0,7.5,0.246,True,True,False
8.560918807983398,stop_after_005,0.5609188079833984,0.0,0.0,0.0,-0.2279836335417593,-0.4559672670835186,-0.0272707695624114,-0.38,-2.68,9.3,0.23,0.9049574136734009,0.0,0.008155501069268212,1.0,1.0,7.5,0.246,True,True,False
8.581289529800415,stop_after_005,0.581289529800415,0.0,0.0,0.0,-0.1461713248545251,-0.4166973589136462,-0.05126904677733343,-0.4,-2.62,9.040000000000001,0.153,0.9116178154945374,0.0,0.0026130899786949158,1.0,1.0,7.5,0.246,True,True,False
8.601697206497192,stop_after_005,0.6016972064971924,0.0,0.0,0.0,-0.09708393964218458,-0.559596191420682,-0.01090830782496456,-0.17,-1.8800000000000001,9.28,0.153,0.9199462532997131,0.0,0.009905300801619887,1.0,1.0,7.5,0.246,True,True,False
8.622148513793945,stop_after_005,0.6221485137939453,0.0,0.0,0.0,-0.038179077387375956,-0.5737769915931359,-0.007635815477475192,-0.15,-1.49,9.28,0.153,0.9259911179542542,0.0,0.004110637120902538,1.0,1.0,7.5,0.246,True,True,False
8.64252758026123,stop_after_005,0.6425275802612305,0.0,0.0,0.0,0.017453292519943295,-0.4537856055185257,-0.044724062082354694,0.15,-0.89,9.36,0.23,0.925392746925354,0.0,0.00835964223369956,1.0,1.0,7.5,0.12200000000000001,True,True,False
8.663263320922852,stop_after_005,0.6632633209228516,0.0,0.0,0.0,0.03381575425739013,-0.3294308963139297,-0.09272061651219876,0.4,-0.54,9.31,0.23,0.9225256443023682,0.0,0.008888842072337866,1.0,1.0,7.5,0.12200000000000001,True,True,False
8.68362545967102,stop_after_005,0.6836254596710205,0.0,0.0,0.0,-0.003272492347489368,-0.22362031041177347,-0.07853981633974483,0.72,-0.15,9.5,0.153,0.9155721664428711,0.0,0.007918988354504108,1.0,1.0,7.5,0.12200000000000001,True,True,False
8.703987121582031,stop_after_005,0.7039871215820312,0.0,0.0,0.0,-0.03381575425739013,-0.20398535632683726,-0.0719948316447661,0.41000000000000003,-0.33,9.13,0.153,0.914363443851471,0.0,0.003127824515104294,1.0,1.0,7.5,0.12200000000000001,True,True,False
8.724390745162964,stop_after_005,0.7243907451629639,0.0,0.0,0.0,-0.04908738521234052,-0.18762289458939044,-0.0719948316447661,0.07,-0.79,9.56,0.153,0.914772093296051,0.0,0.0023833783343434334,1.0,1.0,7.5,0.12200000000000001,True,True,False
8.74476671218872,stop_after_005,0.7447667121887207,0.0,0.0,0.0,-0.05235987755982989,-0.06872233929727672,-0.001090830782496456,0.24,-1.08,9.370000000000001,0.077,0.9042491316795349,0.0,0.008404377847909927,1.0,1.0,7.5,0.12200000000000001,True,True,False
8.765162229537964,stop_after_005,0.7651622295379639,0.0,0.0,0.0,-0.061086523819801536,-0.04363323129985824,0.04145156973486533,0.61,-1.44,9.31,0.153,0.8971076607704163,0.0,0.003542637452483177,1.0,1.0,7.5,0.12200000000000001,True,True,False
8.785643100738525,stop_after_005,0.7856431007385254,0.0,0.0,0.0,-0.05345070834232634,0.001090830782496456,0.030543261909900768,0.24,-1.5,9.17,0.153,0.8940629363059998,0.0,0.0035319533199071884,1.0,1.0,7.5,0.12200000000000001,True,True,False
8.806150674819946,stop_after_005,0.8061506748199463,0.0,0.0,0.0,-0.05235987755982989,-0.015271630954950384,0.025089107997418487,-0.3,-2.06,9.290000000000001,0.23,0.8943248987197876,0.0,0.0012083575129508972,1.0,1.0,7.5,0.12200000000000001,True,True,False
8.82652473449707,stop_after_005,0.8265247344970703,0.0,0.0,0.0,-0.050178215994836975,-0.04799655442984406,0.11126473981463851,0.04,-0.9,9.33,0.23,0.8902590870857239,0.0,0.0037836357951164246,1.0,1.0,7.5,0.12200000000000001,True,True,False
8.846931219100952,stop_after_005,0.8469312191009521,0.0,0.0,0.0,-0.03381575425739013,0.02945243112740431,0.015271630954950384,0.02,-0.6900000000000001,9.16,0.23,0.8914445042610168,0.0,0.0026201382279396057,1.0,1.0,7.5,0.18100000000000002,True,True,False
8.867302179336548,stop_after_005,0.8673021793365479,0.0,0.0,0.0,0.044724062082354694,0.10362892433716332,-0.001090830782496456,0.14,-1.11,9.15,0.307,0.8869766592979431,0.0,0.0015487149357795715,1.0,1.0,7.5,0.18100000000000002,True,True,False
8.88770842552185,stop_after_005,0.8877084255218506,0.0,0.0,0.0,0.016362461737446838,0.11999138607461016,0.01090830782496456,0.13,-1.04,9.450000000000001,0.23,0.8837652802467346,0.0,0.0009131059050559998,1.0,1.0,7.5,0.18100000000000002,True,True,False
8.908211469650269,stop_after_005,0.9082114696502686,0.0,0.0,0.0,0.007635815477475192,0.15271630954950383,0.022907446432425576,-0.12,-1.11,9.26,0.23,0.8814927935600281,0.0,0.0005320608615875244,1.0,1.0,7.5,0.18100000000000002,True,True,False
8.92860460281372,stop_after_005,0.9286046028137207,0.0,0.0,0.0,0.019634954084936207,0.13526301702956053,0.05126904677733343,-0.25,-1.07,9.36,0.23,0.8801724314689636,0.0,0.0013374313712120056,1.0,1.0,7.5,0.18100000000000002,True,True,False
8.948966979980469,stop_after_005,0.9489669799804688,0.0,0.0,0.0,0.022907446432425576,0.15489797111449674,0.02181661564992912,-0.08,-1.26,9.32,0.153,0.8786843419075012,0.0,0.0005612373352050781,1.0,1.0,7.5,0.18100000000000002,True,True,False
8.96949553489685,stop_after_005,0.9694955348968506,0.0,0.0,0.0,0.02181661564992912,0.17016960206944712,0.02181661564992912,-0.07,-1.17,9.28,0.077,0.8761535882949829,0.0,0.0008682645857334137,1.0,1.0,7.5,0.18100000000000002,True,True,False
8.98986005783081,stop_after_005,0.9898600578308105,0.0,0.0,0.0,0.03490658503988659,0.1810779098944117,0.038179077387375956,-0.41000000000000003,-1.07,9.14,0.077,0.8746227622032166,0.0,0.0011111348867416382,1.0,1.0,7.5,0.18100000000000002,True,True,False
9.010321378707886,stop_after_005,1.0103213787078857,0.0,0.0,0.0,0.04908738521234052,0.1407171709420428,0.009817477042468103,-0.61,-1.06,9.35,0.0,0.8784825801849365,0.0,0.0016411393880844116,1.0,1.0,7.5,0.18100000000000002,True,True,False
9.030693054199219,stop_after_005,1.0306930541992188,0.0,0.0,0.0,0.05126904677733343,0.14289883250703572,-0.011999138607461015,-0.86,-1.01,8.92,0.0,0.879433274269104,0.0,0.0010878071188926697,1.0,1.0,7.5,0.18100000000000002,True,True,False
9.051088571548462,stop_after_005,1.051088571548462,0.0,0.0,0.0,0.044724062082354694,0.07963064712224129,-0.006544984694978736,-0.63,-0.96,9.26,0.0,0.8821932077407837,0.0,0.001857161521911621,1.0,1.0,7.5,0.19300000000000003,True,True,False
9.0714590549469,stop_after_005,1.0714590549468994,0.0,0.0,0.0,0.032724923474893676,0.07308566242726255,-0.00545415391248228,-0.65,-0.76,9.05,0.0,0.8839025497436523,0.0,0.0007275044918060303,1.0,1.0,7.5,0.19300000000000003,True,True,False
9.091827154159546,stop_after_005,1.091827154159546,0.0,0.0,0.0,0.02181661564992912,0.022907446432425576,-0.008726646259971648,-0.56,-0.74,9.200000000000001,0.0,0.8883227109909058,0.0,0.0016068033874034882,1.0,1.0,7.5,0.19300000000000003,True,True,False
9.112192153930664,stop_after_005,1.112192153930664,0.0,0.0,0.0,0.006544984694978736,0.004363323129985824,0.0,-0.63,-0.72,9.11,0.0,0.8912481665611267,0.0,0.0009995698928833008,1.0,1.0,7.5,0.19300000000000003,True,True,False
9.132713317871094,stop_after_005,1.1327133178710938,0.0,0.0,0.0,-0.016362461737446838,-0.037088246604879506,0.003272492347489368,-0.74,-0.77,9.19,0.0,0.8961042761802673,0.0,0.0013136453926563263,1.0,1.0,7.5,0.19300000000000003,True,True,False
9.153170585632324,stop_after_005,1.1531705856323242,0.0,0.0,0.0,-0.02399827721492203,-0.050178215994836975,0.00545415391248228,-0.61,-0.86,9.07,0.0,0.8978588581085205,0.0,0.0007936470210552216,1.0,1.0,7.5,0.19300000000000003,True,True,False
9.173533201217651,stop_after_005,1.1735332012176514,0.0,0.0,0.0,-0.032724923474893676,-0.07853981633974483,0.003272492347489368,-0.46,-1.04,9.24,0.0,0.9011600017547607,0.0,0.0006967112421989441,1.0,1.0,7.5,0.19300000000000003,True,True,False
9.194031715393066,stop_after_005,1.1940317153930664,0.0,0.0,0.0,-0.04036073895236887,-0.09926560120717749,0.008726646259971648,-0.4,-1.08,9.16,0.0,0.9032477736473083,0.0,0.0006146766245365143,1.0,1.0,7.5,0.19300000000000003,True,True,False
9.214474201202393,stop_after_005,1.2144742012023926,0.0,0.0,0.0,-0.03381575425739013,-0.12217304763960307,0.01090830782496456,-0.36,-1.11,9.24,0.0,0.9062083959579468,0.0,0.00044812262058258057,1.0,1.0,7.5,0.19300000000000003,True,True,False
9.234846115112305,stop_after_005,1.2348461151123047,0.0,0.0,0.0,-0.025089107997418487,-0.11453723216212788,-0.013089969389957472,-0.36,-1.1,9.200000000000001,0.0,0.90799480676651,0.0,0.0012528710067272186,1.0,1.0,7.5,0.19300000000000003,True,True,False
9.255319118499756,stop_after_005,1.2553191184997559,0.0,0.0,0.0,-0.02181661564992912,-0.10690141668465268,-0.032724923474893676,-0.15,-1.12,9.23,0.0,0.9087797403335571,0.0,0.001223292201757431,1.0,1.0,7.5,0.18100000000000002,True,True,False
9.276342153549194,stop_after_005,1.2763421535491943,0.0,0.0,0.0,-0.013089969389957472,-0.09053895494720585,-0.014180800172453928,-0.04,-1.03,9.32,0.0,0.9082245826721191,0.0,0.0019477605819702148,1.0,1.0,7.5,0.18100000000000002,True,True,False
9.296834468841553,stop_after_005,1.2968344688415527,0.0,0.0,0.0,-0.013089969389957472,-0.07744898555724837,0.003272492347489368,-0.05,-0.96,9.24,0.0,0.9067917466163635,0.0,0.0018569231033325195,1.0,1.0,7.5,0.18100000000000002,True,True,False
9.317197799682617,stop_after_005,1.3171977996826172,0.0,0.0,0.0,-0.016362461737446838,-0.05890486225480862,0.006544984694978736,-0.06,-0.9400000000000001,9.36,0.0,0.9050441980361938,0.0,0.0014037080109119415,1.0,1.0,7.5,0.18100000000000002,True,True,False
9.337673902511597,stop_after_005,1.3376739025115967,0.0,0.0,0.0,-0.016362461737446838,-0.044724062082354694,0.006544984694978736,-0.03,-0.96,9.28,0.0,0.9024612307548523,0.0,0.001080583781003952,1.0,1.0,7.5,0.18100000000000002,True,True,False
9.358028650283813,stop_after_005,1.3580286502838135,0.0,0.0,0.0,-0.015271630954950384,-0.011999138607461015,0.004363323129985824,-0.01,-1.09,9.3,0.0,0.8991258144378662,0.0,0.0009435079991817474,1.0,1.0,7.5,0.18100000000000002,True,True,False
9.378496170043945,stop_after_005,1.3784961700439453,0.0,0.0,0.0,-0.013089969389957472,0.006544984694978736,0.007635815477475192,-0.06,-1.17,9.25,0.0,0.8960875868797302,0.0,0.0007861927151679993,1.0,1.0,7.5,0.18100000000000002,True,True,False
9.399189710617065,stop_after_005,1.3991897106170654,0.0,0.0,0.0,-0.003272492347489368,0.015271630954950384,0.008726646259971648,-0.15,-1.19,9.25,0.0,0.8939586877822876,0.0,0.0009008459746837616,1.0,1.0,7.5,0.18100000000000002,True,True,False
9.41965126991272,stop_after_005,1.4196512699127197,0.0,0.0,0.0,0.00545415391248228,0.032724923474893676,0.00545415391248228,-0.13,-1.1400000000000001,9.31,0.0,0.8918934464454651,0.0,0.000690951943397522,1.0,1.0,7.5,0.18100000000000002,True,True,False
9.440126657485962,stop_after_005,1.440126657485962,0.0,0.0,0.0,0.009817477042468103,0.04145156973486533,-0.001090830782496456,-0.13,-1.1400000000000001,9.26,0.0,0.8902879953384399,0.0,0.0007382147014141083,1.0,1.0,7.5,0.18100000000000002,True,True,False
9.460491180419922,stop_after_005,1.4604911804199219,0.0,0.0,0.0,0.016362461737446838,0.04145156973486533,0.0,-0.14,-1.03,9.25,0.0,0.8892824053764343,0.0,0.000856257975101471,1.0,1.0,7.5,0.162,True,True,False
9.480843782424927,stop_after_005,1.4808437824249268,0.0,0.0,0.0,0.019634954084936207,0.04799655442984406,0.001090830782496456,-0.23,-1.0,9.25,0.0,0.8882542848587036,0.0,0.0006147176027297974,1.0,1.0,7.5,0.162,True,True,False
9.501461267471313,stop_after_005,1.5014612674713135,0.0,0.0,0.0,0.015271630954950384,0.050178215994836975,0.001090830782496456,-0.3,-0.9400000000000001,9.23,0.0,0.8872001767158508,0.0,0.000620529055595398,1.0,1.0,7.5,0.162,True,True,False
9.521825790405273,stop_after_005,1.5218257904052734,0.0,0.0,0.0,0.013089969389957472,0.0545415391248228,0.004363323129985824,-0.28,-0.93,9.23,0.0,0.8855457305908203,0.0,0.0007838830351829529,1.0,1.0,7.5,0.162,True,True,False
9.542248249053955,stop_after_005,1.542248249053955,0.0,0.0,0.0,0.009817477042468103,0.050178215994836975,0.007635815477475192,-0.32,-0.96,9.22,0.0,0.8842905759811401,0.0,0.0007007606327533722,1.0,1.0,7.5,0.162,True,True,False
9.562637567520142,stop_after_005,1.5626375675201416,0.0,0.0,0.0,0.00545415391248228,0.04254240051736178,0.008726646259971648,-0.4,-1.01,9.200000000000001,0.0,0.8835626244544983,0.0,0.0005768761038780212,1.0,1.0,7.5,0.162,True,True,False
9.582993745803833,stop_after_005,1.582993745803833,0.0,0.0,0.0,0.006544984694978736,0.03490658503988659,0.006544984694978736,-0.46,-1.05,9.200000000000001,0.0,0.8835239410400391,0.0,0.0005998462438583374,1.0,1.0,7.5,0.162,True,True,False
9.603466510772705,stop_after_005,1.603466510772705,0.0,0.0,0.0,-0.001090830782496456,0.026179938779914945,0.004363323129985824,-0.44,-1.03,9.15,0.0,0.8835631608963013,0.0,0.0006271414458751678,1.0,1.0,7.5,0.162,True,True,False
9.623820066452026,stop_after_005,1.6238200664520264,0.0,0.0,0.0,0.002181661564992912,0.006544984694978736,0.001090830782496456,-0.42,-0.98,9.200000000000001,0.0,0.8858315348625183,0.0,0.0008730627596378326,1.0,1.0,7.5,0.162,True,True,False
9.644192457199097,stop_after_005,1.6441924571990967,0.0,0.0,0.0,-0.002181661564992912,-0.013089969389957472,-0.002181661564992912,-0.4,-0.98,9.23,0.0,0.8886151313781738,0.0,0.000902373343706131,1.0,1.0,7.5,0.162,True,True,False
9.664551496505737,stop_after_005,1.6645514965057373,0.0,0.0,0.0,-0.006544984694978736,-0.028361600344907856,-0.006544984694978736,-0.45,-1.05,9.23,0.0,0.8920561671257019,0.0,0.0010794997215270996,1.0,1.0,7.5,0.19499999999999998,True,True,False
9.684911489486694,stop_after_005,1.6849114894866943,0.0,0.0,0.0,-0.003272492347489368,-0.04799655442984406,-0.009817477042468103,-0.59,-1.18,9.41,0.0,0.8970945477485657,0.0,0.0013476647436618805,1.0,1.0,7.5,0.19499999999999998,True,True,False
9.705289125442505,stop_after_005,1.7052891254425049,0.0,0.0,0.0,-0.017453292519943295,-0.03599741582238305,0.02181661564992912,-0.15,-0.8,9.36,0.0,0.895588755607605,0.0,0.0014406666159629822,1.0,1.0,7.5,0.19499999999999998,True,True,False
9.725670337677002,stop_after_005,1.725670337677002,0.0,0.0,0.0,-0.015271630954950384,-0.08290313946973066,-0.006544984694978736,-0.1,-0.81,9.44,0.077,0.9024310111999512,0.0,0.0017107538878917694,1.0,1.0,7.5,0.19499999999999998,True,True,False
9.74619460105896,stop_after_005,1.74619460105896,0.0,0.0,0.0,0.001090830782496456,-0.07417649320975901,-0.019634954084936207,-0.3,-1.02,9.17,0.0,0.9040507078170776,0.0,0.001691225916147232,1.0,1.0,7.5,0.19499999999999998,True,True,False
9.766680717468262,stop_after_005,1.7666807174682617,0.0,0.0,0.0,-0.01090830782496456,-0.06217735460229799,-0.016362461737446838,-0.36,-1.04,9.450000000000001,0.0,0.9055874347686768,0.0,0.001283116638660431,1.0,1.0,7.5,0.19499999999999998,True,True,False
9.787076234817505,stop_after_005,1.7870762348175049,0.0,0.0,0.0,-0.025089107997418487,-0.05345070834232634,-0.05999569303730508,0.08,-1.1500000000000001,9.31,0.0,0.9061344265937805,0.0,0.0009390600025653839,1.0,1.0,7.5,0.19499999999999998,True,True,False
9.807541608810425,stop_after_005,1.8075416088104248,0.0,0.0,0.0,-0.004363323129985824,-0.04145156973486533,-0.032724923474893676,0.0,-1.1500000000000001,9.18,0.0,0.9059557318687439,0.0,0.001926623284816742,1.0,1.0,7.5,0.19499999999999998,True,True,False
9.827940940856934,stop_after_005,1.8279409408569336,0.0,0.0,0.0,0.00545415391248228,-0.039269908169872414,-0.00545415391248228,-0.3,-1.1,9.51,0.0,0.9071467518806458,0.0,0.001811794936656952,1.0,1.0,7.5,0.19499999999999998,True,True,False
9.848427772521973,stop_after_005,1.8484277725219727,0.0,0.0,0.0,-0.006544984694978736,-0.03599741582238305,0.017453292519943295,-0.17,-0.8300000000000001,9.11,0.0,0.9048193097114563,0.0,0.00234309583902359,1.0,1.0,7.5,0.19499999999999998,True,True,False
9.868815898895264,stop_after_005,1.8688158988952637,0.0,0.0,0.0,-0.003272492347489368,-0.007635815477475192,0.004363323129985824,-0.04,-1.07,9.31,0.0,0.9028693437576294,0.0,0.0016129501163959503,1.0,1.0,7.5,0.19300000000000003,True,True,False
9.889169931411743,stop_after_005,1.8891699314117432,0.0,0.0,0.0,-0.003272492347489368,0.016362461737446838,-0.002181661564992912,0.04,-1.07,9.200000000000001,0.0,0.8999897241592407,0.0,0.0011265352368354797,1.0,1.0,7.5,0.19300000000000003,True,True,False
9.909555912017822,stop_after_005,1.9095559120178223,0.0,0.0,0.0,-0.003272492347489368,0.025089107997418487,0.011999138607461015,-0.1,-1.08,9.3,0.0,0.8973239660263062,0.0,0.0005590096116065979,1.0,1.0,7.5,0.19300000000000003,True,True,False
9.929930448532104,stop_after_005,1.9299304485321045,0.0,0.0,0.0,-0.001090830782496456,0.04581489286485115,0.022907446432425576,-0.25,-1.11,9.27,0.0,0.8942088484764099,0.0,0.0006221048533916473,1.0,1.0,7.5,0.19300000000000003,True,True,False
9.950303316116333,stop_after_005,1.950303316116333,0.0,0.0,0.0,-0.001090830782496456,0.05890486225480862,0.02181661564992912,-0.11,-1.1400000000000001,9.19,0.0,0.8913012742996216,0.0,0.0007533542811870575,1.0,1.0,7.5,0.19300000000000003,True,True,False
9.970754384994507,stop_after_005,1.9707543849945068,0.0,0.0,0.0,0.00545415391248228,0.06217735460229799,0.025089107997418487,-0.12,-1.1,9.28,0.0,0.8893641233444214,0.0,0.0008661486208438873,1.0,1.0,7.5,0.19300000000000003,True,True,False
9.991130828857422,stop_after_005,1.9911308288574219,0.0,0.0,0.0,0.01090830782496456,0.05672320068981571,0.02399827721492203,-0.33,-1.04,9.18,0.0,0.8885558843612671,0.0,0.0012400373816490173,1.0,1.0,7.5,0.19300000000000003,True,True,False
10.011495113372803,forward_010,0.011495113372802734,0.1,0.0,0.0,0.016362461737446838,0.05345070834232634,0.001090830782496456,-0.42,-1.06,9.22,0.0,0.8075504899024963,0.0,0.14520010724663734,1.0,1.0,7.5,0.19300000000000003,True,True,False
10.031868696212769,forward_010,0.031868696212768555,0.1,0.0,0.0,0.018544123302439753,0.05345070834232634,-0.017453292519943295,-0.34,-1.11,9.21,0.0,0.8464774489402771,0.0,0.08049916476011276,1.0,1.0,7.5,0.19300000000000003,True,True,False
10.052242755889893,forward_010,0.05224275588989258,0.1,0.0,0.0,0.02181661564992912,0.04690572364734761,-0.00545415391248228,-0.28,-1.04,9.200000000000001,0.153,0.9050992131233215,0.0,0.0915890708565712,1.0,1.0,7.5,0.19300000000000003,True,True,False
10.072608232498169,forward_010,0.07260823249816895,0.1,0.0,0.0,0.06654067773228381,0.06763150851478027,-0.016362461737446838,0.48,0.2,9.540000000000001,0.9210000000000002,0.8625002503395081,0.0,0.12655451521277428,1.0,1.0,6.8,2.061,True,True,False
10.092963218688965,forward_010,0.09296321868896484,0.1,0.0,0.0,0.41015237421866746,0.36760997370130566,-0.15271630954950383,1.23,0.13,9.53,1.841,0.9160904884338379,0.0,0.04908292135223746,1.0,1.0,6.8,2.061,True,True,False
10.113316774368286,forward_010,0.11331677436828613,0.1,0.0,0.0,0.8530296719122286,0.495237175253391,-0.5290529295107811,1.23,0.13,9.53,1.765,0.9071829319000244,0.0,0.07785157486796379,1.0,1.0,6.8,2.061,True,True,False
10.133809566497803,forward_010,0.13380956649780273,0.1,0.0,0.0,1.0035643198967394,0.5977752688080579,-0.9926560120717749,-0.81,-1.69,9.15,1.688,0.8745594024658203,0.0,0.07540796813555062,1.0,1.0,6.8,2.061,True,True,False
10.154353618621826,forward_010,0.15435361862182617,0.1,0.0,0.0,0.8988445647770797,0.779944009484966,-1.473712387152712,-0.79,-1.73,9.33,1.458,0.8788739442825317,0.0,0.10186543199233711,1.0,1.0,6.8,2.061,True,True,False
10.174720287322998,forward_010,0.17472028732299805,0.1,0.0,0.0,1.0602875205865552,0.8704829644321719,-1.88059226902389,-0.79,-1.73,9.33,1.458,0.9691437482833862,0.07142857142857142,0.08647988922894001,1.0,1.0,6.8,2.061,True,True,False
10.195074081420898,forward_010,0.19507408142089844,0.1,0.0,0.0,0.9032078879070655,0.8028514559173916,-1.9045905462388122,-0.56,-2.7,9.540000000000001,0.6899999999999998,0.9699175953865051,0.07142857142857142,0.08563180267810822,1.0,1.0,6.8,2.061,True,True,False
10.215424299240112,forward_010,0.2154242992401123,0.1,0.0,0.0,0.4985096676008804,0.5497787143782138,-1.6733344203495635,1.56,-2.32,4.74,1.304,0.8349621891975403,0.0,0.058514462783932686,1.0,0.0,6.8,2.061,True,True,False
10.235793113708496,forward_010,0.2357931137084961,0.1,0.0,0.0,0.08290313946973066,-0.23343778745424157,-1.1126473981463851,1.0,-1.7,7.96,1.688,0.8022818565368652,0.0,0.11492807418107986,1.0,0.0,6.8,2.061,True,True,False
10.256153345108032,forward_010,0.2561533451080322,0.1,0.0,0.0,-0.18544123302439752,-0.38942658935123475,-0.013089969389957472,-1.49,0.01,7.54,2.148,0.9531807899475098,0.07142857142857142,0.06115899980068207,1.0,0.0,6.8,2.061,True,True,False
10.27651858329773,forward_010,0.2765185832977295,0.1,0.0,0.0,-0.7875798249624412,-0.5650503453331642,0.6032294227205401,-3.3000000000000003,3.64,6.32,1.458,0.925939679145813,0.0,0.053219106048345566,1.0,1.0,7.4,0.5710000000000001,True,True,False
10.29859733581543,forward_010,0.2985973358154297,0.1,0.0,0.0,-1.5369805725375065,-0.6992225315802283,-0.9075712110370514,1.85,5.7700000000000005,8.26,0.844,0.8709291219711304,0.0,0.0602917205542326,1.0,1.0,7.4,0.5710000000000001,True,True,False
10.318966150283813,forward_010,0.3189661502838135,0.1,0.0,0.0,-1.2926344772583003,-0.7504915783575618,-1.3809917706405133,1.85,5.7700000000000005,8.26,1.074,0.8867394328117371,0.0,0.03007926419377327,1.0,1.0,7.4,0.5710000000000001,True,True,False
10.339336395263672,forward_010,0.3393363952636719,0.1,0.0,0.0,-0.11671889372712078,0.40906154343617096,-0.5017821599483697,1.85,5.7700000000000005,8.26,1.381,0.8300866484642029,0.0,0.06252977810800076,1.0,1.0,7.4,0.5710000000000001,True,True,False
10.359816789627075,forward_010,0.3598167896270752,0.1,0.0,0.0,0.04145156973486533,0.29888763440402893,-0.3141592653589793,-1.46,-3.35,7.3100000000000005,1.074,0.898507833480835,0.0,0.05148174613714218,1.0,1.0,7.4,0.5710000000000001,True,True,False
10.380266427993774,forward_010,0.3802664279937744,0.1,0.0,0.0,-0.017453292519943295,0.2519819107566813,-0.6370451769779303,-0.48,-0.27,8.39,0.614,0.8544725179672241,0.0,0.031573353335261345,1.0,1.0,7.4,0.5710000000000001,True,True,False
10.4006667137146,forward_010,0.4006667137145996,0.1,0.0,0.0,0.18762289458939044,0.6872233929727672,-0.7406741013150936,-0.48,-0.27,8.39,0.307,0.8228453397750854,0.0,0.03753693960607052,1.0,1.0,7.4,0.5710000000000001,True,True,False
10.421034336090088,forward_010,0.4210343360900879,0.1,0.0,0.0,0.35124751196385884,0.7930339788749234,0.05672320068981571,-1.68,-1.03,8.81,0.46,0.8894880414009094,0.0,0.05119193997234106,1.0,1.0,7.4,0.5710000000000001,True,True,False
10.44155478477478,forward_010,0.4415547847747803,0.1,0.0,0.0,0.10799224746714914,0.545415391248228,0.6217735460229799,1.3800000000000001,-1.16,9.58,0.307,0.7805169224739075,0.0,0.06466258596628904,1.0,1.0,7.4,0.5710000000000001,True,True,False
10.461924076080322,forward_010,0.46192407608032227,0.1,0.0,0.0,-0.038179077387375956,0.6424993308904126,0.3534291735288517,1.3800000000000001,-1.16,9.58,0.46,0.7321727871894836,0.0,0.09487800672650337,1.0,1.0,7.4,0.5710000000000001,True,True,False
10.482346773147583,forward_010,0.482346773147583,0.1,0.0,0.0,-0.038179077387375956,0.5115996369908379,0.2694352032766246,-2.75,2.02,9.27,0.844,0.969818651676178,0.07142857142857142,0.044999245554208755,1.0,1.0,7.0,1.4540000000000002,True,True,False
10.50271224975586,forward_010,0.5027122497558594,0.1,0.0,0.0,-0.05781403147231216,0.3643374813538163,-0.2792526803190927,-1.18,1.16,7.73,0.9210000000000002,0.9807478189468384,0.07142857142857142,0.08792819641530514,0.0,1.0,7.0,1.4540000000000002,True,True,False
10.523085117340088,forward_010,0.5230851173400879,0.1,0.0,0.0,0.15707963267948966,0.07635815477475191,-0.4603305902135044,-1.75,0.46,7.1000000000000005,1.458,0.9584352970123291,0.07142857142857142,0.09104561060667038,0.0,1.0,7.0,1.4540000000000002,True,True,False
10.543541669845581,forward_010,0.543541669845581,0.1,0.0,0.0,0.7166758241001716,-0.21380283336930536,-0.39924406639370286,-2.71,-2.5100000000000002,8.2,1.765,0.9265108704566956,0.0,0.0839336235076189,0.0,1.0,7.0,1.4540000000000002,True,True,False
10.563908100128174,forward_010,0.5639081001281738,0.1,0.0,0.0,1.1279190291013355,-0.2181661564992912,-0.3174317577064687,-2.07,-1.82,7.8500000000000005,1.688,0.9233832955360413,0.0,0.05757893808186054,0.0,1.0,7.0,1.4540000000000002,True,True,False
10.58428168296814,forward_010,0.5842816829681396,0.1,0.0,0.0,1.1279190291013355,-0.2181661564992912,-0.3174317577064687,-1.24,-4.83,6.17,1.304,0.9673551321029663,0.07142857142857142,0.06694239482749254,1.0,1.0,7.0,1.4540000000000002,True,True,False
10.604681968688965,forward_010,0.6046819686889648,0.1,0.0,0.0,1.1213740444063567,-0.45814892864851153,-0.19744037163185854,-1.69,-1.92,8.92,1.304,0.9501987099647522,0.07142857142857142,0.037604983896017075,1.0,1.0,7.0,1.4540000000000002,True,True,False
10.625038146972656,forward_010,0.6250381469726562,0.1,0.0,0.0,1.102829921103917,-0.3141592653589793,0.1559888018969932,-1.69,-1.92,8.92,1.227,0.9111176133155823,0.0,0.03438868746161461,1.0,1.0,7.0,1.4540000000000002,True,True,False
10.645521640777588,forward_010,0.6455216407775879,0.1,0.0,0.0,0.40251655874119224,0.36324665057131983,-0.667588438887831,-2.71,4.3500000000000005,8.09,0.9970000000000001,0.9087974429130554,0.0,0.11137184500694275,1.0,1.0,7.0,1.4540000000000002,True,True,False
10.665886640548706,forward_010,0.665886640548706,0.1,0.0,0.0,0.29670597283903605,-0.3294308963139297,-1.2042771838760873,1.32,2.2800000000000002,8.97,1.227,0.9220231771469116,0.0,0.03349209297448397,1.0,1.0,7.0,1.4540000000000002,True,True,False
10.686299800872803,forward_010,0.6862998008728027,0.1,0.0,0.0,0.2399827721492203,-0.09053895494720585,-0.6610434541928523,0.79,-0.9500000000000001,6.42,1.304,0.9309828281402588,0.0,0.0534211415797472,1.0,0.0,7.4,0.29200000000000004,True,True,False
10.70687484741211,forward_010,0.7068748474121094,0.1,0.0,0.0,-0.014180800172453928,-0.29343348049154666,0.35015668118136234,-1.52,0.09,6.8,1.074,0.986611545085907,0.14285714285714285,0.042107427201699466,1.0,0.0,7.4,0.29200000000000004,True,True,False
10.727246522903442,forward_010,0.7272465229034424,0.1,0.0,0.0,-0.2585268954516601,-0.37088246604879505,0.6959500392327389,-2.29,-1.03,6.5600000000000005,1.151,0.9887903928756714,0.14285714285714285,0.024122517555952072,1.0,0.0,7.4,0.29200000000000004,True,True,False
10.747729063034058,forward_010,0.7477290630340576,0.1,0.0,0.0,-0.3763366199612773,-0.6534076387153771,1.4398966328953218,-0.27,1.09,7.65,1.227,0.9838091731071472,0.14285714285714285,0.04512461100239307,1.0,0.0,7.4,0.29200000000000004,True,True,False
10.768092632293701,forward_010,0.7680926322937012,0.1,0.0,0.0,-0.6086835766330224,-0.4908738521234052,1.8096882681616204,-0.8200000000000001,2.81,9.8,1.381,0.9886484742164612,0.14285714285714285,0.03694885969161987,1.0,0.0,7.4,0.29200000000000004,True,True,False
10.788481950759888,forward_010,0.7884819507598877,0.1,0.0,0.0,-0.7777623479199731,-0.0719948316447661,1.7246034671268968,-1.47,2.72,9.53,1.458,0.984095573425293,0.14285714285714285,0.054265350103378296,1.0,0.0,7.4,0.29200000000000004,True,True,False
10.808956861495972,forward_010,0.8089568614959717,0.1,0.0,0.0,-0.8039422866998881,0.13199052468207118,1.6177020504422441,-0.31,0.24,9.15,0.767,0.9865961074829102,0.21428571428571427,0.04747632518410683,1.0,1.0,7.4,0.29200000000000004,True,True,False
10.829439878463745,forward_010,0.8294398784637451,0.1,0.0,0.0,-1.0624691821515482,0.507236313860852,1.509709802975095,-0.54,0.0,8.91,0.767,0.9646333456039429,0.14285714285714285,0.04673824831843376,1.0,1.0,7.4,0.29200000000000004,True,True,False
10.849795818328857,forward_010,0.8497958183288574,0.1,0.0,0.0,-1.2315479534384988,0.8453938564347534,1.8325957145940461,-2.0100000000000002,-1.04,9.01,0.9970000000000001,0.918655514717102,0.0,0.0575345354154706,1.0,1.0,7.4,0.29200000000000004,True,True,False
10.870202541351318,forward_010,0.8702025413513184,0.1,0.0,0.0,-1.1355548445788106,1.0133817969392076,2.360557813322331,-0.75,-0.13,8.42,1.227,0.9241077303886414,0.0,0.03579512983560562,1.0,1.0,7.4,0.29200000000000004,True,True,False
10.89056944847107,forward_010,0.8905694484710693,0.1,0.0,0.0,-0.8835729338221293,0.21380283336930536,2.3409228592373945,-0.75,-0.13,8.42,1.458,0.9277773499488831,0.0,0.05237464793026447,0.0,1.0,7.4,0.514,True,True,False
10.910933494567871,forward_010,0.9109334945678711,0.1,0.0,0.0,-0.6512259771503842,0.928296995904484,2.7903451416259344,0.0,-1.37,8.82,1.074,0.8715389370918274,0.0,0.057472024112939835,0.0,1.0,7.4,0.514,True,True,False
10.931412935256958,forward_010,0.931412935256958,0.1,0.0,0.0,-0.6599526234103559,0.5312345910757741,2.636538001293934,0.0,-1.37,8.82,0.9210000000000002,0.8644188642501831,0.0,0.031976346392184496,0.0,1.0,7.4,0.514,True,True,False
10.951768636703491,forward_010,0.9517686367034912,0.1,0.0,0.0,-0.9708393964218458,0.5366887449882564,1.523890603147549,-1.33,-2.0100000000000002,8.1,1.227,0.7704062461853027,0.0,0.04806934390217066,0.0,1.0,7.4,0.514,True,True,False
10.972184658050537,forward_010,0.9721846580505371,0.1,0.0,0.0,-1.1104657365813921,0.4559672670835186,1.722421805561904,-1.61,0.89,8.61,0.9210000000000002,0.8724568486213684,0.0,0.0761297158896923,0.0,1.0,7.4,0.514,True,True,False
10.992546081542969,forward_010,0.9925460815429688,0.1,0.0,0.0,-1.0221084431991792,0.2454369260617026,1.6166112196597477,-2.11,-2.22,9.3,0.9210000000000002,0.8633089661598206,0.0,0.024046607315540314,0.0,1.0,7.4,0.514,True,True,False
11.013022899627686,forward_010,1.0130228996276855,0.1,0.0,0.0,-0.779944009484966,0.05126904677733343,1.471530725587719,-1.7,-1.25,7.69,0.9210000000000002,0.8620806932449341,0.0,0.032302141189575195,0.0,1.0,7.4,0.514,True,True,False
11.033395051956177,forward_010,1.0333950519561768,0.1,0.0,0.0,-0.4177881896961426,-0.3010692959690218,1.3122694313432366,-2.96,-2.77,7.55,1.458,0.9288854598999023,0.0,0.037111952900886536,0.0,1.0,7.4,0.514,True,True,False
11.0538649559021,forward_010,1.0538649559020996,0.1,0.0,0.0,-0.04908738521234052,-0.5126904677733343,1.1682797680537043,-3.69,-1.35,8.08,1.381,0.9717215299606323,0.07142857142857142,0.08751995861530304,0.0,1.0,7.4,0.514,True,True,False
11.074440717697144,forward_010,1.0744407176971436,0.1,0.0,0.0,0.32070425005395803,-0.8017606251348951,0.9424777960769379,-1.35,-3.25,7.7,1.458,0.9376070499420166,0.0,0.060416167601943016,0.0,1.0,7.4,0.514,True,True,False
11.094838380813599,forward_010,1.0948383808135986,0.1,0.0,0.0,0.4788747135159442,-0.9937468428542714,0.9424777960769379,-1.16,-5.15,6.69,1.304,0.9301550984382629,0.0,0.07120228931307793,0.0,1.0,7.1,1.6949999999999998,True,True,False
11.115199565887451,forward_010,1.1151995658874512,0.1,0.0,0.0,0.7155849933176751,-1.4508049407202865,1.4148075248979033,-1.9100000000000001,-1.9000000000000001,6.91,1.151,0.9485033750534058,0.0,0.06507261283695698,0.0,1.0,7.1,1.6949999999999998,True,True,False
11.13561487197876,forward_010,1.1356148719787598,0.1,0.0,0.0,1.0079276430267252,-1.4475324483727972,1.3308135546456763,-2.32,0.0,7.79,1.918,0.9645682573318481,0.07142857142857142,0.07887626066803932,0.0,1.0,7.1,1.6949999999999998,True,True,False
11.156086683273315,forward_010,1.1560866832733154,0.1,0.0,0.0,1.2500920767409385,-1.2479104151759457,0.928296995904484,-1.03,-1.98,7.05,2.455,0.9623655080795288,0.07142857142857142,0.06745462119579315,0.0,1.0,7.1,1.6949999999999998,True,True,False
11.176453351974487,forward_010,1.1764533519744873,0.1,0.0,0.0,1.5369805725375065,-1.2937253080407969,1.1202832136238603,-0.93,-1.8800000000000001,9.11,1.995,0.9516481161117554,0.07142857142857142,0.057454150170087814,1.0,1.0,7.1,1.6949999999999998,True,True,False
11.196829080581665,forward_010,1.196829080581665,0.1,0.0,0.0,1.9264071618887413,-1.3886275861179884,1.3580843242080878,-0.93,-1.8800000000000001,9.11,1.074,0.9516109824180603,0.07142857142857142,0.042778302915394306,1.0,1.0,7.1,1.6949999999999998,True,True,False
11.217194080352783,forward_010,1.2171940803527832,0.1,0.0,0.0,1.3809917706405133,-1.5064373106276057,1.385355093770499,-0.93,-1.8800000000000001,9.11,1.534,0.9562525749206543,0.07142857142857142,0.03753374423831701,1.0,0.0,7.1,1.6949999999999998,True,True,False
11.2375648021698,forward_010,1.2375648021697998,0.1,0.0,0.0,1.3809917706405133,-1.5064373106276057,1.385355093770499,-0.93,-1.8800000000000001,9.11,1.841,0.9773337841033936,0.14285714285714285,0.027163310907781117,1.0,0.0,7.1,1.6949999999999998,True,True,False
11.25804615020752,forward_010,1.2580461502075195,0.1,0.0,0.0,1.3809917706405133,-1.5064373106276057,1.385355093770499,0.71,1.2,3.5300000000000002,1.765,0.9842395186424255,0.14285714285714285,0.02751828357577324,1.0,0.0,7.1,1.6949999999999998,True,True,False
11.278418064117432,forward_010,1.2784180641174316,0.1,0.0,0.0,1.3809917706405133,-1.5064373106276057,1.385355093770499,1.37,0.07,6.41,1.458,0.9890173673629761,0.14285714285714285,0.028612885624170303,1.0,0.0,7.1,1.6949999999999998,True,True,False
11.298787355422974,forward_010,1.2987873554229736,0.1,0.0,0.0,1.3809917706405133,-1.5064373106276057,1.385355093770499,1.6400000000000001,0.32,6.87,1.381,0.9882358312606812,0.14285714285714285,0.044246555073186755,1.0,1.0,7.4,0.441,True,True,False
11.319803953170776,forward_010,1.3198039531707764,0.1,0.0,0.0,1.3809917706405133,-1.5064373106276057,1.385355093770499,0.24,1.47,8.41,1.458,0.9881486296653748,0.14285714285714285,0.05056698527187109,1.0,1.0,7.4,0.441,True,True,False
11.34018611907959,forward_010,1.3401861190795898,0.1,0.0,0.0,1.3809917706405133,-1.5064373106276057,1.385355093770499,2.34,2.33,9.6,1.381,0.9587684273719788,0.07142857142857142,0.08724424242973328,1.0,1.0,7.4,0.441,True,True,False
11.360554695129395,forward_010,1.3605546951293945,0.1,0.0,0.0,1.3809917706405133,-1.5064373106276057,1.385355093770499,2.34,2.33,9.6,1.074,0.9403200149536133,0.0,0.05904488544911146,1.0,1.0,7.4,0.441,True,True,False
11.380943775177002,forward_010,1.380943775177002,0.1,0.0,0.0,-0.38942658935123475,-0.7941248096574199,0.7853981633974483,-0.09,-2.43,7.28,1.304,0.8029388189315796,0.0,0.13408677279949188,1.0,1.0,7.4,0.441,True,True,False
11.401322603225708,forward_010,1.401322603225708,0.1,0.0,0.0,-0.02399827721492203,-0.6850417314077744,1.4453507868078042,1.18,-2.47,8.44,1.688,0.6376647353172302,0.0,0.1367025151848793,1.0,1.0,7.4,0.441,True,True,False
11.421730041503906,forward_010,1.4217300415039062,0.1,0.0,0.0,0.19853120241435498,-0.13744467859455345,1.6733344203495635,1.18,-2.47,8.44,1.6110000000000002,0.767598569393158,0.0,0.09826002921909094,1.0,1.0,7.4,0.441,True,True,False
11.442281007766724,forward_010,1.4422810077667236,0.1,0.0,0.0,0.39051742013373125,0.4930555136883981,2.087850117698217,1.18,-2.47,8.44,1.841,0.9404060244560242,0.0,0.12162001430988312,0.0,1.0,7.4,0.441,True,True,False
11.462770462036133,forward_010,1.4627704620361328,0.1,0.0,0.0,0.46142142099600086,1.1039207518864134,2.2242039655102737,1.18,-2.47,8.44,1.918,0.9041170477867126,0.0,0.05500184744596481,0.0,1.0,7.4,0.441,True,True,False
11.483133316040039,forward_010,1.483133316040039,0.1,0.0,0.0,0.5705044992456465,0.9893835197242855,1.1377365061438036,1.18,-2.47,8.44,1.765,0.7866207957267761,0.0,0.033741963328793645,1.0,1.0,7.4,0.441,True,True,False
11.503521203994751,forward_010,1.503521203994751,0.1,0.0,0.0,0.5083271446433485,-0.3174317577064687,-0.21380283336930536,7.04,2.57,4.94,1.381,0.8869250416755676,0.0,0.07119560986757278,1.0,1.0,7.3,0.687,True,True,False
11.523884057998657,forward_010,1.5238840579986572,0.1,0.0,0.0,0.7232208087951503,-0.16580627893946132,-0.9588402578143848,6.69,1.96,8.17,0.767,0.973263144493103,0.14285714285714285,0.09300719946622849,1.0,1.0,7.3,0.687,True,True,False
11.544252872467041,forward_010,1.544252872467041,0.1,0.0,0.0,0.22580197197676638,-0.5290529295107811,-1.00029182754925,6.69,1.96,8.17,0.9210000000000002,0.9929087162017822,0.2857142857142857,0.03275809809565544,1.0,1.0,7.3,0.687,True,True,False
11.564625024795532,forward_010,1.5646250247955322,0.1,0.0,0.0,0.136353847812057,-0.5868669609830933,-0.7472190860100724,0.7000000000000001,0.43,5.63,1.381,0.993948221206665,0.21428571428571427,0.08863271400332451,1.0,1.0,7.3,0.687,True,True,False
11.5850191116333,forward_010,1.5850191116333008,0.1,0.0,0.0,-0.25416357232167425,-0.8115781021773633,-0.8988445647770797,1.72,-1.61,7.61,1.304,0.9922227263450623,0.21428571428571427,0.09236030234023929,1.0,1.0,7.3,0.687,True,True,False
11.605510234832764,forward_010,1.6055102348327637,0.1,0.0,0.0,0.06435901616729091,-1.0635600129340446,-0.5792311455056182,1.72,-1.61,7.61,1.381,0.9216412901878357,0.0,0.11241617426276207,1.0,1.0,7.3,0.687,True,True,False
11.625868558883667,forward_010,1.625868558883667,0.1,0.0,0.0,-0.038179077387375956,-0.8137597637423561,-0.2879793265790644,3.64,0.9,7.79,1.304,0.9154390692710876,0.0,0.13411446288228035,1.0,1.0,7.3,0.687,True,True,False
11.646313667297363,forward_010,1.6463136672973633,0.1,0.0,0.0,-0.4243331743911214,-0.6544984694978736,-0.34143003492139073,1.87,-0.46,5.37,0.9210000000000002,0.895076334476471,0.0,0.07886117976158857,1.0,1.0,7.3,0.687,True,True,False
11.666794061660767,forward_010,1.6667940616607666,0.1,0.0,0.0,-0.6228643768054763,-0.6643159465403417,-0.7570365630525404,-0.4,1.78,7.5600000000000005,1.841,0.7720929384231567,0.0,0.10272487252950668,1.0,1.0,7.3,0.687,True,True,False
11.68730115890503,forward_010,1.6873011589050293,0.1,0.0,0.0,-0.04908738521234052,-0.4854196982109229,0.016362461737446838,-0.37,-0.18,6.0600000000000005,1.688,0.9220454096794128,0.0,0.06158949434757233,1.0,1.0,7.3,0.687,True,True,False
11.70775818824768,forward_010,1.7077581882476807,0.1,0.0,0.0,0.12326387842209953,-0.16798794050445423,0.4112432050011639,-0.37,-0.18,6.0600000000000005,1.918,0.9130062460899353,0.0,0.06177820637822151,1.0,1.0,7.1,1.7870000000000001,True,True,False
11.728145837783813,forward_010,1.7281458377838135,0.1,0.0,0.0,0.65558930028037,1.0013826583317467,0.20398535632683726,-0.37,-0.18,6.0600000000000005,1.227,0.815506100654602,0.0,0.05221569165587425,1.0,1.0,7.1,1.7870000000000001,True,True,False
11.748627424240112,forward_010,1.7486274242401123,0.1,0.0,0.0,0.6185010536754906,1.5337080801900171,-0.19525871006686563,2.58,-0.8200000000000001,7.7,1.534,0.8135837316513062,0.0,0.07224366575337626,1.0,1.0,7.1,1.7870000000000001,True,True,False
11.769102334976196,forward_010,1.7691023349761963,0.1,0.0,0.0,0.6894050545377601,0.8824821030396329,-0.9446594576419308,2.32,1.79,0.51,1.458,0.8572290539741516,0.0,0.09730015188597463,1.0,1.0,7.1,1.7870000000000001,True,True,False
11.789587259292603,forward_010,1.7895872592926025,0.1,0.0,0.0,0.7374016089676042,0.4505131131710363,-1.8631389765039468,2.32,1.79,0.51,1.074,0.8286653161048889,0.0,0.058921562507748604,1.0,1.0,7.1,1.7870000000000001,True,True,False
11.809942722320557,forward_010,1.8099427223205566,0.1,0.0,0.0,-0.12435470920459599,0.4374231437810788,-2.3081979357625007,4.3,-1.41,8.24,0.844,0.8493096232414246,0.0,0.07621337473392487,1.0,0.0,7.1,1.7870000000000001,True,True,False
11.830418109893799,forward_010,1.8304181098937988,0.1,0.0,0.0,-0.5148721293383273,-0.14180800172453928,-1.5500705419274639,3.96,-0.68,6.21,0.9970000000000001,0.9409928321838379,0.0,0.058521145139820874,1.0,0.0,7.1,1.7870000000000001,True,True,False
11.850789546966553,forward_010,1.8507895469665527,0.1,0.0,0.0,-0.6894050545377601,-0.17889624832941878,-0.7352199474026113,-0.26,-3.3000000000000003,7.04,0.767,0.8994662165641785,0.0,0.07402531243860722,1.0,0.0,7.1,1.7870000000000001,True,True,False
11.871152877807617,forward_010,1.8711528778076172,0.1,0.0,0.0,-0.7243116395776468,-0.6599526234103559,0.15489797111449674,0.06,0.2,4.93,0.9210000000000002,0.9354673027992249,0.0,0.06598992832005024,1.0,0.0,7.1,1.7870000000000001,True,True,False
11.89163589477539,forward_010,1.8916358947753906,0.1,0.0,0.0,-0.6141377305455047,-0.7504915783575618,0.33161255787892263,0.98,4.91,7.55,1.304,0.9802665114402771,0.14285714285714285,0.03559245355427265,1.0,1.0,7.1,1.7870000000000001,True,True,False
11.9120934009552,forward_010,1.9120934009552002,0.1,0.0,0.0,-0.6883142237552637,-0.4930555136883981,-0.21489366415180183,0.98,4.91,7.55,0.614,0.9766351580619812,0.14285714285714285,0.042109787464141846,1.0,1.0,7.5,0.136,True,True,False
11.93246078491211,forward_010,1.9324607849121094,0.1,0.0,0.0,-0.6512259771503842,0.5366887449882564,-0.6086835766330224,-0.47000000000000003,-0.03,9.58,0.614,0.9373266696929932,0.0,0.06585546024143696,1.0,1.0,7.5,0.136,True,True,False
11.952988624572754,forward_010,1.952988624572754,0.1,0.0,0.0,-0.5977752688080579,0.5563236990731926,-0.605411084285533,-0.42,-1.62,7.73,0.537,0.9288332462310791,0.0,0.017914745956659317,1.0,1.0,7.5,0.136,True,True,False
11.973344326019287,forward_010,1.973344326019287,0.1,0.0,0.0,-0.3010692959690218,0.46142142099600086,-0.31634092692397225,-0.42,-1.62,7.73,0.537,0.9247621297836304,0.0,0.013226482551544905,1.0,1.0,7.5,0.136,True,True,False
11.993701457977295,forward_010,1.993701457977295,0.1,0.0,0.0,-0.04581489286485115,0.8432121948697605,0.40251655874119224,1.25,-2.05,9.64,0.9970000000000001,0.8449426293373108,0.0,0.0438748300075531,1.0,1.0,7.5,0.136,True,True,False
12.014168500900269,forward_010,2.0141685009002686,0.1,0.0,0.0,-0.10035643198967395,0.8072147790473774,0.8475755179997463,1.45,-0.39,8.96,1.304,0.8302302360534668,0.0,0.01717713475227356,1.0,1.0,7.5,0.136,True,True,False
12.034533977508545,forward_010,2.034533977508545,0.1,0.0,0.0,-0.009817477042468103,0.9064803802545549,0.8966629032120869,2.5300000000000002,-0.02,8.78,1.074,0.8138942122459412,0.0,0.012133650481700897,1.0,1.0,7.5,0.136,True,True,False
12.054945230484009,forward_010,2.054945230484009,0.1,0.0,0.0,-0.04036073895236887,0.7374016089676042,0.7875798249624412,2.0300000000000002,-0.78,9.33,0.614,0.8552967309951782,0.0,0.014205627143383026,1.0,1.0,7.5,0.136,True,True,False
12.075308322906494,forward_010,2.075308322906494,0.1,0.0,0.0,-0.044724062082354694,0.7352199474026113,0.7843073326149519,2.39,-0.63,8.55,0.767,0.8740655183792114,0.0,0.0063062869012355804,1.0,1.0,7.5,0.136,True,True,False
12.095679998397827,forward_010,2.095679998397827,0.1,0.0,0.0,-0.026179938779914945,0.7144941625351786,0.6250460383704692,2.34,-0.02,8.02,0.6899999999999998,0.8895265460014343,0.0,0.01419048011302948,1.0,1.0,7.5,0.136,True,True,False
12.116043329238892,forward_010,2.1160433292388916,0.1,0.0,0.0,-0.039269908169872414,0.5552328682906961,0.3272492347489368,1.54,-0.98,8.85,0.614,0.9056465029716492,0.0,0.03354480490088463,1.0,1.0,7.5,0.194,True,True,False
12.136413097381592,forward_010,2.136413097381592,0.1,0.0,0.0,-0.025089107997418487,0.5803219762881145,0.2203478180642841,0.92,-0.79,9.39,0.307,0.8639527559280396,0.0,0.05836887937039137,1.0,1.0,7.5,0.194,True,True,False
12.156779050827026,forward_010,2.1567790508270264,0.1,0.0,0.0,-0.003272492347489368,0.856302164259718,0.08508480103472356,0.32,-0.86,8.89,0.6899999999999998,0.7176310420036316,0.0,0.06416018027812243,1.0,1.0,7.5,0.194,True,True,False
12.177345991134644,forward_010,2.1773459911346436,0.1,0.0,0.0,0.08726646259971647,0.9435686268594344,-0.001090830782496456,0.65,-1.1,8.9,0.9210000000000002,0.6525030732154846,0.0,0.05513135390356183,1.0,1.0,7.5,0.194,True,True,False
12.197712421417236,forward_010,2.1977124214172363,0.1,0.0,0.0,0.16798794050445423,1.0122909661567112,0.02181661564992912,-1.27,-0.68,9.78,0.9210000000000002,0.8111723065376282,0.0,0.034606412053108215,1.0,1.0,7.5,0.194,True,True,False
12.218066930770874,forward_010,2.218066930770874,0.1,0.0,0.0,0.27707101875409984,1.0319259202416473,0.05126904677733343,-2.4,0.78,8.57,0.9210000000000002,0.8185817003250122,0.0,0.056976231746375554,0.0,1.0,7.5,0.194,True,True,False
12.238534927368164,forward_010,2.238534927368164,0.1,0.0,0.0,0.4603305902135044,0.8290313946973066,-0.3043417883165112,-1.2,-1.35,9.19,1.304,0.8471398949623108,0.0,0.0655480045825243,1.0,1.0,7.5,0.194,True,True,False
12.25901985168457,forward_010,2.2590198516845703,0.1,0.0,0.0,0.6970408700152354,0.7570365630525404,-0.18871372537188688,-0.1,-2.62,8.22,1.458,0.930339515209198,0.0,0.0627394262701273,1.0,1.0,7.5,0.194,True,True,False
12.279535293579102,forward_010,2.2795352935791016,0.1,0.0,0.0,1.1071932442339028,0.8268497331323136,0.11671889372712078,-2.7600000000000002,-2.3000000000000003,8.57,1.458,0.9549038410186768,0.07142857142857142,0.04940359480679035,1.0,1.0,7.5,0.194,True,True,False
12.299898147583008,forward_010,2.299898147583008,0.1,0.0,0.0,1.0122909661567112,0.6904958853202566,0.1908953869368798,-2.7600000000000002,-2.3000000000000003,8.57,1.304,0.9501495957374573,0.07142857142857142,0.02020044717937708,1.0,1.0,7.5,0.194,True,True,False
12.320269107818604,forward_010,2.3202691078186035,0.1,0.0,0.0,0.779944009484966,1.0657416744990376,-0.4461497900410505,-2.7600000000000002,-2.3000000000000003,8.57,0.9970000000000001,0.8242700695991516,0.0,0.04616131633520126,1.0,1.0,7.2,0.8540000000000001,True,True,False
12.341521501541138,forward_010,2.3415215015411377,0.1,0.0,0.0,0.779944009484966,1.0657416744990376,-0.4461497900410505,-2.7600000000000002,-2.3000000000000003,8.57,0.844,0.7175183296203613,0.0,0.10642898082733154,1.0,1.0,7.2,0.8540000000000001,True,True,False
12.361908197402954,forward_010,2.361908197402954,0.1,0.0,0.0,0.27052603405912107,0.7515824091400581,-1.2620912153483996,-2.7600000000000002,-2.3000000000000003,8.57,0.6899999999999998,0.9428207278251648,0.0,0.11014734581112862,1.0,1.0,7.2,0.8540000000000001,True,True,False
12.382282972335815,forward_010,2.3822829723358154,0.1,0.0,0.0,0.5345070834232635,0.6370451769779303,-1.150826475533761,0.25,1.1400000000000001,6.79,0.844,0.9157922267913818,0.0,0.044850435107946396,1.0,1.0,7.2,0.8540000000000001,True,True,False
12.402650356292725,forward_010,2.4026503562927246,0.1,0.0,0.0,0.6217735460229799,0.40033489717619936,-0.7526732399225546,-2.04,-0.43,7.28,1.151,0.8887125253677368,0.0,0.029681537300348282,1.0,0.0,7.2,0.8540000000000001,True,True,False
12.423008441925049,forward_010,2.423008441925049,0.1,0.0,0.0,0.15817046346198613,0.13962634015954636,-0.4537856055185257,-1.45,-1.17,8.72,1.304,0.8890320658683777,0.0,0.07755156140774488,1.0,0.0,7.2,0.8540000000000001,True,True,False
12.44338345527649,forward_010,2.4433834552764893,0.1,0.0,0.0,-0.47669305195095124,0.1090830782496456,-0.1832595714594046,-1.75,0.51,8.17,1.688,0.9158574938774109,0.0,0.01948624663054943,1.0,0.0,7.2,0.8540000000000001,True,True,False
12.46375846862793,forward_010,2.4637584686279297,0.1,0.0,0.0,-0.7199483164476609,-0.14289883250703572,0.46469391334349025,-3.2600000000000002,0.9500000000000001,9.200000000000001,1.534,0.9705862998962402,0.14285714285714285,0.03624451346695423,1.0,0.0,7.2,0.8540000000000001,True,True,False
12.484117984771729,forward_010,2.4841179847717285,0.1,0.0,0.0,-1.1857330605736476,-0.039269908169872414,0.7046766854927106,-2.6,1.55,5.05,1.6110000000000002,0.928378164768219,0.0,0.04907908383756876,1.0,1.0,7.2,0.8540000000000001,True,True,False
12.50448751449585,forward_010,2.5044875144958496,0.1,0.0,0.0,-1.574068819142386,-0.37088246604879505,0.5235987755982988,-1.31,2.7800000000000002,7.74,1.381,0.9511131048202515,0.07142857142857142,0.023097455501556396,1.0,1.0,7.2,0.8540000000000001,True,True,False
12.525033712387085,forward_010,2.525033712387085,0.1,0.0,0.0,-1.6809702358270386,-0.4723297288209654,0.05126904677733343,-2.81,2.7800000000000002,7.25,1.151,0.9444887638092041,0.0,0.030282137915492058,0.0,1.0,7.4,0.38900000000000007,True,True,False
12.545460224151611,forward_010,2.5454602241516113,0.1,0.0,0.0,-1.5827954654023577,-0.7406741013150936,-0.24216443371421323,-2.81,2.7800000000000002,7.25,0.844,0.9375232458114624,0.0,0.031169996596872807,0.0,1.0,7.4,0.38900000000000007,True,True,False
12.565824031829834,forward_010,2.565824031829834,0.1,0.0,0.0,-0.7450374244450795,-0.10144726277217041,-0.11780972450961724,-2.84,0.53,8.06,0.537,0.8998902440071106,0.0,0.021755056455731392,0.0,1.0,7.4,0.38900000000000007,True,True,False
12.586296796798706,forward_010,2.586296796798706,0.1,0.0,0.0,-0.3948807432637171,-0.2977968036215325,-0.27598018797160334,0.45,-3.93,8.19,0.537,0.9258757829666138,0.0,0.06105177057906985,0.0,1.0,7.4,0.38900000000000007,True,True,False
12.606673002243042,forward_010,2.606673002243042,0.1,0.0,0.0,-0.020725784867432664,-0.13962634015954636,-0.19634954084936207,-0.26,-2.61,8.59,0.46,0.9093493819236755,0.0,0.02839545998722315,0.0,1.0,7.4,0.38900000000000007,True,True,False
12.627038717269897,forward_010,2.6270387172698975,0.1,0.0,0.0,0.2748893571891069,0.26616271092913524,-0.47669305195095124,-0.26,-2.61,8.59,0.537,0.8866929411888123,0.0,0.040543943643569946,0.0,1.0,7.4,0.38900000000000007,True,True,False
12.647405624389648,forward_010,2.6474056243896484,0.1,0.0,0.0,0.39051742013373125,0.1734420944169365,-0.36324665057131983,-0.44,-4.15,9.38,0.614,0.9245724081993103,0.0,0.021382763981819153,1.0,1.0,7.4,0.38900000000000007,True,True,False
12.667780637741089,forward_010,2.667780637741089,0.1,0.0,0.0,0.5421428989007386,0.2781618495365963,-0.34579335805137656,-0.71,-2.38,8.540000000000001,0.6899999999999998,0.9199029803276062,0.0,0.06920788437128067,1.0,1.0,7.4,0.38900000000000007,True,True,False
12.688136339187622,forward_010,2.688136339187622,0.1,0.0,0.0,0.4756022211684548,0.284706834231575,-0.4854196982109229,-0.71,-2.38,8.540000000000001,0.614,0.9364926218986511,0.0,0.07221540529280901,1.0,1.0,7.4,0.38900000000000007,True,True,False
12.708682298660278,forward_010,2.7086822986602783,0.1,0.0,0.0,0.29343348049154666,0.1341721862470641,-0.6534076387153771,-1.94,-2.4,9.68,0.614,0.9734664559364319,0.07142857142857142,0.09004759415984154,1.0,1.0,7.4,0.38900000000000007,True,True,False
12.72905707359314,forward_010,2.7290570735931396,0.1,0.0,0.0,0.30652344988150415,0.07744898555724837,-0.4406956361285682,-0.39,0.74,7.78,0.844,0.944246232509613,0.0,0.06665345840156078,1.0,1.0,7.4,0.37000000000000005,True,True,False
12.749430418014526,forward_010,2.7494304180145264,0.1,0.0,0.0,0.39924406639370286,0.16144295580947549,-0.30870511144649704,-1.27,1.1300000000000001,7.3,1.304,0.9225092530250549,0.0,0.042388916015625,1.0,1.0,7.4,0.37000000000000005,True,True,False
12.76985502243042,forward_010,2.76985502243042,0.1,0.0,0.0,0.31525009614147576,-0.07417649320975901,-0.23343778745424157,-1.56,0.48,8.53,1.304,0.9308434724807739,0.0,0.031127426773309708,1.0,1.0,7.4,0.37000000000000005,True,True,False
12.790363550186157,forward_010,2.7903635501861572,0.1,0.0,0.0,0.5257804371632918,0.004363323129985824,-0.06981317007977318,-0.78,0.29,5.11,1.534,0.9260256886482239,0.0,0.03426379710435867,1.0,1.0,7.4,0.37000000000000005,True,True,False
12.810724973678589,forward_010,2.810724973678589,0.1,0.0,0.0,0.9632035809443706,-0.33597588100890846,-0.2279836335417593,-0.78,0.29,5.11,1.381,0.9469577670097351,0.0,0.034569292329251766,1.0,1.0,7.4,0.37000000000000005,True,True,False
12.831097602844238,forward_010,2.8310976028442383,0.1,0.0,0.0,0.9948376736367679,0.29670597283903605,-0.5399612373357457,-0.78,0.29,5.11,1.074,0.9305515289306641,0.0,0.05730908364057541,1.0,1.0,7.4,0.37000000000000005,True,True,False
12.851457595825195,forward_010,2.8514575958251953,0.1,0.0,0.0,0.5519603759432067,0.6446809924554054,-1.1104657365813921,-2.57,-0.56,8.59,0.9210000000000002,0.9266306757926941,0.0,0.0654432512819767,1.0,1.0,7.4,0.37000000000000005,True,True,False
12.87183403968811,forward_010,2.8718340396881104,0.1,0.0,0.0,0.5246896063807953,0.13526301702956053,-1.686424389739521,-2.07,0.65,5.94,0.614,0.9239588379859924,0.0,0.08518308028578758,1.0,1.0,7.4,0.37000000000000005,True,True,False
12.892252683639526,forward_010,2.8922526836395264,0.1,0.0,0.0,0.46687557490848314,-0.04145156973486533,-1.5664330036649108,-2.07,0.65,5.94,0.9970000000000001,0.9276328682899475,0.0,0.027735962765291333,1.0,1.0,7.4,0.37000000000000005,True,True,False
12.912603855133057,forward_010,2.9126038551330566,0.1,0.0,0.0,0.38724492778624187,0.10471975511965978,-0.8803004414746399,0.77,-0.59,5.14,1.227,0.9426501989364624,0.0,0.1057775653898716,1.0,0.0,7.4,0.37000000000000005,True,True,False
12.93300461769104,forward_010,2.93300461769104,0.1,0.0,0.0,0.08944812416470939,-0.5726861608106394,-0.1308996938995747,0.62,-0.84,8.32,1.227,0.977862536907196,0.07142857142857142,0.05344861000776291,1.0,0.0,7.5,0.29900000000000004,True,True,False
12.953394174575806,forward_010,2.9533941745758057,0.1,0.0,0.0,-0.1930770485018727,-0.2585268954516601,0.4505131131710363,-0.39,-0.52,8.540000000000001,1.765,0.9749206900596619,0.14285714285714285,0.06994247960392386,1.0,0.0,7.5,0.29900000000000004,True,True,False
12.973754167556763,forward_010,2.9737541675567627,0.1,0.0,0.0,-0.5214171140333059,-0.27052603405912107,1.0842857978014773,-1.21,0.79,6.47,1.151,0.9763738512992859,0.14285714285714285,0.07408713921904564,1.0,1.0,7.5,0.29900000000000004,True,True,False
12.994235277175903,forward_010,2.9942352771759033,0.1,0.0,0.0,-1.0112001353742146,-0.4657847441259867,0.779944009484966,-2.73,3.93,7.53,0.6899999999999998,0.9957364797592163,0.21428571428571427,0.03480915352702141,1.0,1.0,7.5,0.29900000000000004,True,True,False
13.014743566513062,forward_010,3.0147435665130615,0.1,0.0,0.0,-1.3286318930806833,-0.28361600344907856,-0.3981532356112064,0.3,7.13,8.59,0.844,0.9831530451774597,0.14285714285714285,0.07328890264034271,1.0,1.0,7.5,0.29900000000000004,True,True,False
13.035109519958496,forward_010,3.035109519958496,0.1,0.0,0.0,-0.8279405639148101,0.31634092692397225,-1.3231777391682011,0.3,7.13,8.59,1.151,0.9449504017829895,0.0,0.08868415094912052,1.0,1.0,7.5,0.29900000000000004,True,True,False
13.055473804473877,forward_010,3.055473804473877,0.1,0.0,0.0,-0.2716168648416175,0.9817477042468103,-1.5642513420999178,-0.55,-0.66,6.21,0.9970000000000001,0.9118281602859497,0.0,0.07264860440045595,1.0,1.0,7.5,0.29900000000000004,True,True,False
13.075845718383789,forward_010,3.075845718383789,0.1,0.0,0.0,0.2378011105842274,0.5628686837681712,-1.682061066609535,-3.17,-5.83,4.86,0.9970000000000001,0.9144904613494873,0.0,0.03176169842481613,1.0,1.0,7.5,0.29900000000000004,True,True,False
13.096221208572388,forward_010,3.0962212085723877,0.1,0.0,0.0,0.6992225315802283,0.8552113334772214,-1.00029182754925,-3.17,-5.83,4.86,1.534,0.8750889897346497,0.0,0.06030905223451555,1.0,1.0,7.5,0.29900000000000004,True,True,False
13.116620540618896,forward_010,3.1166205406188965,0.1,0.0,0.0,-0.003272492347489368,1.3831734322055063,-0.26398104936414235,-3.8000000000000003,-7.8,9.68,1.534,0.8801762461662292,0.0,0.13898004963994026,1.0,1.0,7.5,0.29900000000000004,True,True,False
13.136988639831543,forward_010,3.136988639831543,0.1,0.0,0.0,-0.17453292519943295,1.004655150679236,1.1802789066611654,0.22,-0.71,7.74,1.151,0.7680427432060242,0.0,0.08917570067569613,1.0,1.0,6.8,2.325,True,True,False
13.157394409179688,forward_010,3.1573944091796875,0.1,0.0,0.0,-0.4756022211684548,1.4104442017679175,1.0242901047641721,-4.97,-1.22,8.58,0.614,0.9667707681655884,0.07142857142857142,0.13923444412648678,1.0,1.0,6.8,2.325,True,True,False
13.177866697311401,forward_010,3.1778666973114014,0.1,0.0,0.0,-0.7134033317526822,0.5988660995905544,1.4169891864628963,-4.97,-1.22,8.58,1.151,0.9710078239440918,0.14285714285714285,0.04759021382778883,1.0,1.0,6.8,2.325,True,True,False
13.198308944702148,forward_010,3.1983089447021484,0.1,0.0,0.0,-1.0679233360640303,0.6654067773228381,1.337358539340655,-0.4,1.93,4.43,1.6110000000000002,0.7272729873657227,0.0,0.08363941311836243,0.0,1.0,6.8,2.325,True,True,False
13.218804121017456,forward_010,3.218804121017456,0.1,0.0,0.0,-0.9021170571245691,-0.3327033886614191,1.0461067204141012,-4.97,-0.58,9.55,1.688,0.850784182548523,0.0,0.07213669829070568,0.0,1.0,6.8,2.325,True,True,False
13.239167213439941,forward_010,3.2391672134399414,0.1,0.0,0.0,-0.28361600344907856,-0.6305001922829515,0.878118779909647,-2.7800000000000002,-0.01,8.620000000000001,1.381,0.9764192700386047,0.07142857142857142,0.052861847914755344,0.0,1.0,6.8,2.325,True,True,False
13.259596347808838,forward_010,3.259596347808838,0.1,0.0,0.0,0.18653206380689397,-0.9577494270318884,0.4461497900410505,-2.0300000000000002,-3.87,8.58,0.9210000000000002,0.9876116514205933,0.07142857142857142,0.1521117202937603,0.0,1.0,6.8,2.325,True,True,False
13.279957056045532,forward_010,3.2799570560455322,0.1,0.0,0.0,0.21162117180431245,-1.160643952576229,-0.04799655442984406,-1.93,-5.1000000000000005,8.58,0.9210000000000002,0.8905603885650635,0.0,0.08868894446641207,0.0,1.0,6.8,2.325,True,True,False
13.300360202789307,forward_010,3.3003602027893066,0.1,0.0,0.0,0.6501351463678877,-1.239183768915974,0.6708609312353204,0.18,-1.11,7.28,0.844,0.9018577337265015,0.0,0.08279611985199153,0.0,1.0,6.8,2.325,True,True,False
13.320734024047852,forward_010,3.3207340240478516,0.1,0.0,0.0,0.9752027195518317,-1.279544507868343,1.3919000784654778,-1.24,-5.3,4.32,1.304,0.9108964204788208,0.0,0.08328667283058167,1.0,1.0,6.8,2.325,True,True,False
13.341094970703125,forward_010,3.341094970703125,0.1,0.0,0.0,1.5195272800175632,-1.1802789066611654,1.858775653373961,-1.52,-3.18,3.85,1.6110000000000002,0.9510374069213867,0.07142857142857142,0.06692993454635143,1.0,1.0,7.1,1.885,True,True,False
13.362486839294434,forward_010,3.3624868392944336,0.1,0.0,0.0,1.662426112524599,-0.7461282552275759,2.073669317525763,-2.0100000000000002,2.13,3.59,1.841,0.9077491164207458,0.0,0.05919584631919861,1.0,1.0,7.1,1.885,True,True,False
13.382856130599976,forward_010,3.3828561305999756,0.1,0.0,0.0,0.5639595145506677,0.5705044992456465,1.076649982324002,-2.0100000000000002,2.13,3.59,1.841,0.6852675080299377,0.0,0.06929600611329079,1.0,1.0,7.1,1.885,True,True,False
13.403237104415894,forward_010,3.4032371044158936,0.1,0.0,0.0,0.3687008044838021,0.954476934684399,-0.3752457891787809,-2.0100000000000002,2.13,3.59,1.765,0.7860790491104126,0.0,0.10598709434270859,1.0,1.0,7.1,1.885,True,True,False
13.423614978790283,forward_010,3.423614978790283,0.1,0.0,0.0,0.421060682043632,0.29888763440402893,-1.2937253080407969,-2.0100000000000002,2.13,3.59,0.844,0.9442725777626038,0.0,0.060009874403476715,1.0,1.0,7.1,1.885,True,True,False
13.444005966186523,forward_010,3.4440059661865234,0.1,0.0,0.0,0.41560652813114973,0.6305001922829515,-1.5926129424448257,-3.2,-3.25,5.0,0.844,0.9455648064613342,0.0,0.1419762372970581,1.0,1.0,7.1,1.885,True,True,False
13.464381217956543,forward_010,3.464381217956543,0.1,0.0,0.0,-0.01090830782496456,-0.4374231437810788,-1.3864459245529954,0.87,0.38,8.75,1.151,0.8249862194061279,0.0,0.14739780873060226,1.0,0.0,7.1,1.885,True,True,False
13.48475432395935,forward_010,3.4847543239593506,0.1,0.0,0.0,-0.35452000431134817,-0.358883327441334,-0.9468411192069238,1.41,-0.68,4.16,1.688,0.9034622311592102,0.0,0.06252904701977968,1.0,0.0,7.1,1.885,True,True,False
13.50516390800476,forward_010,3.5051639080047607,0.1,0.0,0.0,-0.2748893571891069,-0.5748678223756323,0.17780541754692233,-0.6,-1.04,8.47,1.995,0.9784767031669617,0.07142857142857142,0.10408437252044678,1.0,0.0,7.1,1.885,True,True,False
13.52554702758789,forward_010,3.5255470275878906,0.1,0.0,0.0,-0.7897614865274342,-0.7046766854927106,1.090830782496456,-0.92,1.95,9.28,1.227,0.9730141162872314,0.07142857142857142,0.03272254765033722,1.0,1.0,7.1,1.885,True,True,False
13.545909643173218,forward_010,3.5459096431732178,0.1,0.0,0.0,-1.3864459245529954,-0.7875798249624412,0.6446809924554054,-3.02,5.63,8.57,1.074,0.9897002577781677,0.14285714285714285,0.030577875673770905,1.0,1.0,7.4,0.6120000000000001,True,True,False
13.56627631187439,forward_010,3.5662763118743896,0.1,0.0,0.0,-1.8773197766764007,-0.5508695451607103,-0.13199052468207118,-0.91,2.5100000000000002,4.22,0.844,0.9731992483139038,0.14285714285714285,0.04015273880213499,1.0,1.0,7.4,0.6120000000000001,True,True,False
13.586646318435669,forward_010,3.586646318435669,0.1,0.0,0.0,-1.712604328519436,-0.9501136115544131,-0.7057675162752071,-0.91,2.5100000000000002,4.22,0.844,0.9806304574012756,0.14285714285714285,0.02578466385602951,0.0,1.0,7.4,0.6120000000000001,True,True,False
13.607023000717163,forward_010,3.607023000717163,0.1,0.0,0.0,-0.5759586531581288,0.8410305333047675,-0.7526732399225546,-0.91,2.5100000000000002,4.22,1.151,0.8810176253318787,0.0,0.11083644814789295,1.0,1.0,7.4,0.6120000000000001,True,True,False
13.627402782440186,forward_010,3.6274027824401855,0.1,0.0,0.0,-0.1308996938995747,0.4068798818711781,-1.6875152205220174,-0.93,-2.25,4.61,0.9210000000000002,0.902350127696991,0.0,0.037885745987296104,1.0,1.0,7.4,0.6120000000000001,True,True,False
13.647763967514038,forward_010,3.647763967514038,0.1,0.0,0.0,0.5792311455056182,-0.05890486225480862,-1.9253163311062447,0.08,-0.99,1.6500000000000001,0.6899999999999998,0.929614245891571,0.0,0.020457208156585693,1.0,1.0,7.4,0.6120000000000001,True,True,False
13.668126344680786,forward_010,3.668126344680786,0.1,0.0,0.0,0.5410520681182421,1.0995574287564276,-1.3166327544732224,0.08,-0.99,1.6500000000000001,1.227,0.8863640427589417,0.0,0.08235197328031063,1.0,1.0,7.4,0.6120000000000001,True,True,False
13.688496828079224,forward_010,3.6884968280792236,0.1,0.0,0.0,0.19962203319685143,0.928296995904484,-0.38724492778624187,-0.6900000000000001,-4.36,7.55,1.6110000000000002,0.8853134512901306,0.0,0.06131310574710369,1.0,1.0,7.4,0.6120000000000001,True,True,False
13.708866834640503,forward_010,3.708866834640503,0.1,0.0,0.0,-0.13962634015954636,0.37960911230876665,0.32070425005395803,-0.23,-1.3800000000000001,7.62,1.458,0.8751667737960815,0.0,0.03130050376057625,1.0,1.0,7.4,0.6120000000000001,True,True,False
13.729233503341675,forward_010,3.729233503341675,0.1,0.0,0.0,-0.09490227807719166,0.7843073326149519,0.7581273938350369,-0.23,-1.3800000000000001,7.62,0.6899999999999998,0.8587062954902649,0.0,0.14262475818395615,1.0,1.0,7.4,0.6120000000000001,True,True,False
13.749678611755371,forward_010,3.749678611755371,0.1,0.0,0.0,-0.41996985126113556,0.8759371183446542,1.054833366674073,-0.23,-1.3800000000000001,7.62,1.151,0.973969042301178,0.14285714285714285,0.10386904701590538,1.0,1.0,6.9,1.787,True,True,False
13.770042657852173,forward_010,3.770042657852173,0.1,0.0,0.0,-0.7417649320975901,0.5890486225480862,0.866119641302186,-0.93,0.45,7.79,1.151,0.9713937044143677,0.14285714285714285,0.04624202847480774,1.0,1.0,6.9,1.787,True,True,False
13.79041838645935,forward_010,3.7904183864593506,0.1,0.0,0.0,-0.7134033317526822,0.6130468997630083,0.6828600698427815,-2.14,0.29,3.46,1.458,0.8120568990707397,0.0,0.09298627451062202,0.0,1.0,6.9,1.787,True,True,False
13.811001062393188,forward_010,3.8110010623931885,0.1,0.0,0.0,-0.2879793265790644,-0.31634092692397225,0.40906154343617096,-4.64,1.26,8.58,1.688,0.8307247161865234,0.0,0.06703250110149384,0.0,1.0,6.9,1.787,True,True,False
13.831368446350098,forward_010,3.8313684463500977,0.1,0.0,0.0,0.13526301702956053,-0.3239767424014474,0.25634523388666713,-4.64,1.26,8.58,1.995,0.9049227833747864,0.0,0.08045787177979946,0.0,1.0,6.9,1.787,True,True,False
13.851746559143066,forward_010,3.8517465591430664,0.1,0.0,0.0,0.5934119456780721,-0.459239759431008,-0.4068798818711781,-2.52,-1.03,6.67,1.458,0.9348455667495728,0.0,0.13526464998722076,0.0,1.0,6.9,1.787,True,True,False
13.872112274169922,forward_010,3.872112274169922,0.1,0.0,0.0,0.9152070265145266,-0.7941248096574199,-0.5006913291658733,-0.5700000000000001,-7.34,8.22,0.9210000000000002,0.8005164265632629,0.0,0.08053458610083908,0.0,1.0,6.9,1.787,True,True,False
13.892468929290771,forward_010,3.8924689292907715,0.1,0.0,0.0,1.349357677948116,-1.2424562612634633,0.8595746566072073,0.96,-4.22,6.87,1.151,0.9182407855987549,0.0,0.10232488811016083,1.0,1.0,6.9,1.787,True,True,False
13.91284441947937,forward_010,3.91284441947937,0.1,0.0,0.0,1.6591536201771095,-1.246819584393449,1.124646536753846,-2.3000000000000003,-2.88,6.33,1.6110000000000002,0.9585728049278259,0.07142857142857142,0.05536436103284359,1.0,1.0,6.9,1.787,True,True,False
13.933374404907227,forward_010,3.9333744049072266,0.1,0.0,0.0,1.7246034671268968,-1.0679233360640303,1.4104442017679175,-2.16,-3.69,4.98,1.227,0.9628996253013611,0.07142857142857142,0.031002860516309738,1.0,1.0,6.9,1.787,True,True,False
13.953843593597412,forward_010,3.953843593597412,0.1,0.0,0.0,1.2173671532660448,-0.9152070265145266,1.5326172494075205,-2.16,-3.69,4.98,0.9970000000000001,0.9296880960464478,0.0,0.03337053582072258,1.0,1.0,7.2,0.812,True,True,False
13.974210023880005,forward_010,3.974210023880005,0.1,0.0,0.0,-0.050178215994836975,0.4908738521234052,-0.17235126363444003,-2.16,-3.69,4.98,1.765,0.8173912763595581,0.0,0.04750682134181261,1.0,1.0,7.2,0.812,True,True,False
13.99474811553955,forward_010,3.994748115539551,0.1,0.0,0.0,-0.13962634015954636,0.09926560120717749,-1.0559241974565694,-2.16,-3.69,4.98,1.458,0.9436442852020264,0.0,0.10342357493937016,1.0,1.0,7.2,0.812,True,True,False
14.01512861251831,forward_010,4.0151286125183105,0.1,0.0,0.0,-0.04363323129985824,0.41015237421866746,-1.4813482026301872,1.12,-1.73,7.61,0.9970000000000001,0.8477885127067566,0.0,0.0881754532456398,1.0,1.0,7.2,0.812,True,True,False
14.03548288345337,forward_010,4.035482883453369,0.1,0.0,0.0,0.08726646259971647,0.44724062082354693,-1.3177235852557188,-1.87,0.12,4.3,0.844,0.9472048282623291,0.0,0.07651851326227188,1.0,1.0,7.2,0.812,True,True,False
14.056030988693237,forward_010,4.056030988693237,0.1,0.0,0.0,-0.1505346479845109,0.11671889372712078,-1.249001245958442,-0.37,-1.8,6.5,0.9210000000000002,0.8502388596534729,0.0,0.04605470225214958,1.0,0.0,7.2,0.812,True,True,False
14.076414108276367,forward_010,4.076414108276367,0.1,0.0,0.0,-0.18871372537188688,-0.1189005552921137,-0.459239759431008,-0.05,0.47000000000000003,8.21,1.6110000000000002,0.8906875848770142,0.0,0.05291318264789879,1.0,0.0,7.2,0.812,True,True,False
14.096887111663818,forward_010,4.096887111663818,0.1,0.0,0.0,-0.4177881896961426,-0.12980886311707826,0.1505346479845109,-0.17,0.39,9.120000000000001,2.148,0.9351562857627869,0.0,0.061375885794404894,1.0,0.0,7.2,0.812,True,True,False
14.117263793945312,forward_010,4.1172637939453125,0.1,0.0,0.0,-0.7057675162752071,-0.21162117180431245,1.064650843716541,0.01,-0.13,9.18,1.6110000000000002,0.9361396431922913,0.0,0.07220164686441422,1.0,1.0,7.2,0.812,True,True,False
14.137619495391846,forward_010,4.137619495391846,0.1,0.0,0.0,-1.3460851856006266,-0.3643374813538163,1.3919000784654778,-0.12,0.06,5.43,0.9970000000000001,0.9714967608451843,0.07142857142857142,0.0336894728243351,1.0,1.0,7.2,0.812,True,True,False
14.158126592636108,forward_010,4.158126592636108,0.1,0.0,0.0,-1.7256942979093934,-0.35452000431134817,0.9359328113819593,-0.64,6.32,8.1,1.074,0.9697199463844299,0.07142857142857142,0.02679784595966339,1.0,1.0,7.4,0.493,True,True,False
14.178489685058594,forward_010,4.178489685058594,0.1,0.0,0.0,-1.714785990084429,-0.04363323129985824,-0.3916082509162277,-0.64,6.32,8.1,0.9970000000000001,0.9209691286087036,0.0,0.05567676853388548,0.0,1.0,7.4,0.493,True,True,False
14.198876142501831,forward_010,4.198876142501831,0.1,0.0,0.0,-0.7788531787024695,0.9337511498169663,-0.6141377305455047,-2.07,2.82,9.0,0.9970000000000001,0.8249655961990356,0.0,0.0441293241456151,1.0,1.0,7.4,0.493,True,True,False
14.219248294830322,forward_010,4.219248294830322,0.1,0.0,0.0,0.15707963267948966,0.48105637508093707,-1.1824605682261582,-0.04,-3.91,3.04,0.9210000000000002,0.8807370662689209,0.0,0.029391039162874222,1.0,1.0,7.4,0.493,True,True,False
14.239647150039673,forward_010,4.239647150039673,0.1,0.0,0.0,0.7374016089676042,0.7603090554000298,-0.856302164259718,0.45,-2.59,9.08,0.614,0.7710694074630737,0.0,0.04612856451421976,0.0,1.0,7.4,0.493,True,True,False
14.259996891021729,forward_010,4.2599968910217285,0.1,0.0,0.0,0.40578905108868163,1.3460851856006266,-0.06981317007977318,-3.36,-9.17,9.700000000000001,0.6899999999999998,0.772828996181488,0.0,0.09263167157769203,1.0,1.0,7.4,0.493,True,True,False
14.280381917953491,forward_010,4.280381917953491,0.1,0.0,0.0,0.12217304763960307,0.7166758241001716,0.6697701004528239,-2.13,-2.06,7.3,0.6899999999999998,0.806420087814331,0.0,0.10895707830786705,1.0,1.0,7.4,0.493,True,True,False
14.30076003074646,forward_010,4.30076003074646,0.1,0.0,0.0,-0.11453723216212788,0.7635815477475192,0.1930770485018727,-1.02,-2.14,5.73,0.844,0.9608935713768005,0.07142857142857142,0.06975659355521202,1.0,1.0,7.4,0.493,True,True,False
14.321138143539429,forward_010,4.321138143539429,0.1,0.0,0.0,-0.21271200258680892,0.28688849579656794,0.8093964406123704,-3.63,-3.19,8.69,1.458,0.9323818683624268,0.0,0.02719692885875702,0.0,1.0,7.4,0.493,True,True,False
14.341525316238403,forward_010,4.341525316238403,0.1,0.0,0.0,-0.4537856055185257,0.24870941840919197,0.5323254218582705,-4.24,1.47,8.24,1.6110000000000002,0.9066861271858215,0.0,0.043729912489652634,0.0,1.0,7.4,0.493,True,True,False
14.361889839172363,forward_010,4.361889839172363,0.1,0.0,0.0,-0.13744467859455345,-0.20180369476184434,0.17235126363444003,-1.59,2.2,6.9,1.534,0.8360375761985779,0.0,0.05466784909367561,0.0,1.0,7.0,1.488,True,True,False
14.382991313934326,forward_010,4.382991313934326,0.1,0.0,0.0,0.4243331743911214,-0.4821472058634335,-0.19198621771937624,-1.73,-4.46,7.0600000000000005,1.534,0.9455907344818115,0.0,0.1083388440310955,0.0,1.0,7.0,1.488,True,True,False
14.403357028961182,forward_010,4.403357028961182,0.1,0.0,0.0,0.5508695451607103,-0.7112216701876893,-0.09599310885968812,-2.5500000000000003,-5.33,9.68,1.6110000000000002,0.957901120185852,0.07142857142857142,0.07196862902492285,0.0,1.0,7.0,1.488,True,True,False
14.423771619796753,forward_010,4.423771619796753,0.1,0.0,0.0,0.6664976081053346,-0.6708609312353204,0.10690141668465268,-0.61,-5.92,5.94,1.151,0.9007365703582764,0.0,0.07362030632793903,0.0,1.0,7.0,1.488,True,True,False
14.444254398345947,forward_010,4.444254398345947,0.1,0.0,0.0,0.8792096106921435,-0.7504915783575618,0.5323254218582705,-0.25,-3.23,6.8,1.995,0.9718955159187317,0.07142857142857142,0.07614005543291569,1.0,1.0,7.0,1.488,True,True,False
14.464668989181519,forward_010,4.4646689891815186,0.1,0.0,0.0,1.1159198904938745,-0.8475755179997463,1.0199267816341864,-1.53,-1.86,3.88,1.458,0.9608609676361084,0.07142857142857142,0.05769199691712856,1.0,1.0,7.0,1.488,True,True,False
14.485156536102295,forward_010,4.485156536102295,0.1,0.0,0.0,1.2664545384783854,-0.8344855486097889,1.126828198318839,-1.53,-1.86,3.88,1.458,0.92597496509552,0.0,0.05454882048070431,1.0,1.0,7.0,1.488,True,True,False
14.505532264709473,forward_010,4.505532264709473,0.1,0.0,0.0,0.5399612373357457,0.6861325621902709,0.3272492347489368,-1.53,-1.86,3.88,1.458,0.7168005108833313,0.0,0.053168857470154755,1.0,1.0,7.0,1.488,True,True,False
14.526113986968994,forward_010,4.526113986968994,0.1,0.0,0.0,0.5650503453331642,1.0221084431991792,-0.26725354171163174,-0.86,9.34,9.66,1.151,0.8310976028442383,0.0,0.1262354776263237,1.0,1.0,7.0,1.488,True,True,False
14.546499252319336,forward_010,4.546499252319336,0.1,0.0,0.0,0.6915867161027531,-0.2083486794568231,-1.3319043854281727,-0.86,9.34,9.66,1.227,0.81874680519104,0.0,0.06455495208501816,1.0,1.0,7.0,1.488,True,True,False
14.56699800491333,forward_010,4.56699800491333,0.1,0.0,0.0,0.5410520681182421,1.1377365061438036,-1.9558595930161455,-0.65,-0.33,2.24,0.9970000000000001,0.9326621294021606,0.0,0.15783525258302689,1.0,0.0,7.3,0.722,True,True,False
14.58736252784729,forward_010,4.58736252784729,0.1,0.0,0.0,0.22471114119426994,-0.09926560120717749,-1.4049900478554354,2.82,1.43,7.28,1.227,0.7720468640327454,0.0,0.13634967058897018,1.0,0.0,7.3,0.722,True,True,False
14.607730388641357,forward_010,4.607730388641357,0.1,0.0,0.0,0.1090830782496456,-0.6457718232379019,-0.6501351463678877,-0.28,-0.36,7.04,1.534,0.9264046549797058,0.0,0.06490446999669075,1.0,0.0,7.3,0.722,True,True,False
14.628110647201538,forward_010,4.628110647201538,0.1,0.0,0.0,-0.26070855701665296,-0.8901179185171081,0.3392483733563978,-0.28,-0.36,7.04,1.765,0.9859488010406494,0.07142857142857142,0.0643996112048626,1.0,0.0,7.3,0.722,True,True,False
14.648487567901611,forward_010,4.648487567901611,0.1,0.0,0.0,-0.358883327441334,-0.7363107781851078,0.9064803802545549,-2.11,2.93,6.99,1.534,0.9827600717544556,0.14285714285714285,0.032963367179036134,1.0,0.0,7.3,0.722,True,True,False
14.668882846832275,forward_010,4.668882846832275,0.1,0.0,0.0,-0.9381144729469522,-0.5006913291658733,0.8137597637423561,-2.98,4.57,6.33,0.9970000000000001,0.992806613445282,0.14285714285714285,0.055352671071887016,1.0,1.0,7.3,0.722,True,True,False
14.689261674880981,forward_010,4.6892616748809814,0.1,0.0,0.0,-1.3231777391682011,-0.5486878835957173,-0.3981532356112064,1.19,4.72,7.5600000000000005,1.151,0.9727259874343872,0.07142857142857142,0.09150255098938942,1.0,1.0,7.3,0.722,True,True,False
14.709644317626953,forward_010,4.709644317626953,0.1,0.0,0.0,-1.3308135546456763,-0.7254024703601433,-0.6326818538479445,2.52,7.05,8.9,0.9210000000000002,0.9702983498573303,0.07142857142857142,0.029382195323705673,1.0,1.0,7.3,0.722,True,True,False
14.730015516281128,forward_010,4.730015516281128,0.1,0.0,0.0,-1.457349925415265,0.5945027764605685,-1.710422666954443,2.52,7.05,8.9,0.767,0.8970280885696411,0.0,0.12888580188155174,0.0,1.0,7.3,0.722,True,True,False
14.750436305999756,forward_010,4.750436305999756,0.1,0.0,0.0,-0.7646723785300157,1.0210176124166828,-1.8555031610264716,2.52,7.05,8.9,0.767,0.8370225429534912,0.0,0.02584793046116829,1.0,1.0,7.3,0.722,True,True,False
14.770806789398193,forward_010,4.770806789398193,0.1,0.0,0.0,-0.19198621771937624,0.5355979142057599,-2.231839780987749,1.24,-4.6000000000000005,6.8100000000000005,0.9210000000000002,0.8924204707145691,0.0,0.045409947633743286,1.0,1.0,7.4,0.49700000000000005,True,True,False
14.791213750839233,forward_010,4.791213750839233,0.1,0.0,0.0,0.4374231437810788,0.6654067773228381,-1.997311162751011,-0.18,-6.71,8.790000000000001,1.074,0.8357006907463074,0.0,0.029966183006763458,1.0,1.0,7.4,0.49700000000000005,True,True,False
14.81162977218628,forward_010,4.811629772186279,0.1,0.0,0.0,0.5705044992456465,0.7744898555724837,-0.8279405639148101,-0.18,-6.71,8.790000000000001,0.9970000000000001,0.8717281222343445,0.0,0.020769063383340836,1.0,1.0,7.4,0.49700000000000005,True,True,False
14.832072257995605,forward_010,4.8320722579956055,0.1,0.0,0.0,0.5999569303730508,0.940296134511945,0.07853981633974483,-3.84,-1.28,7.37,0.614,0.8922416567802429,0.0,0.09402900096029043,1.0,1.0,7.4,0.49700000000000005,True,True,False
14.852494955062866,forward_010,4.852494955062866,0.1,0.0,0.0,0.35779249665883756,0.7668540400950086,-0.30325095753401476,-1.8,-1.92,6.7700000000000005,0.23,0.8624129295349121,0.0,0.03805716335773468,1.0,1.0,7.4,0.49700000000000005,True,True,False
14.87294888496399,forward_010,4.872948884963989,0.1,0.0,0.0,0.05890486225480862,0.3643374813538163,-0.25743606466916363,-1.8,-1.92,6.7700000000000005,0.384,0.8379914164543152,0.0,0.14556807279586792,1.0,1.0,7.4,0.49700000000000005,True,True,False
14.89334774017334,forward_010,4.89334774017334,0.1,0.0,0.0,-0.284706834231575,0.32506757318394386,0.5639595145506677,-2.66,-0.97,8.53,0.767,0.9787209033966064,0.07142857142857142,0.08626140654087067,1.0,1.0,7.4,0.49700000000000005,True,True,False
14.91370677947998,forward_010,4.9137067794799805,0.1,0.0,0.0,-0.5563236990731926,-0.08290313946973066,0.6926775468852495,-4.63,0.46,9.22,1.074,0.9849516749382019,0.07142857142857142,0.07378189824521542,0.0,1.0,7.4,0.49700000000000005,True,True,False
14.934220314025879,forward_010,4.934220314025879,0.1,0.0,0.0,-0.5399612373357457,-0.21380283336930536,0.5126904677733343,-2.9,0.02,9.200000000000001,1.304,0.9581793546676636,0.07142857142857142,0.0828090300783515,0.0,1.0,7.4,0.49700000000000005,True,True,False
14.954647779464722,forward_010,4.954647779464722,0.1,0.0,0.0,-0.24107360293171676,-0.22362031041177347,0.6381360077604268,-1.23,-0.58,8.15,1.534,0.8504961729049683,0.0,0.042832973413169384,0.0,1.0,7.4,0.49700000000000005,True,True,False
14.97501277923584,forward_010,4.97501277923584,0.1,0.0,0.0,0.17780541754692233,-0.26725354171163174,0.5268712679457882,-0.03,-0.3,5.62,1.534,0.8939322233200073,0.0,0.05039089545607567,0.0,1.0,7.1,1.559,True,True,False
14.995372533798218,forward_010,4.995372533798218,0.1,0.0,0.0,0.47669305195095124,-0.7886706557449377,0.028361600344907856,-2.0,-2.68,8.26,1.918,0.939484179019928,0.0,0.033098459243774414,0.0,1.0,7.1,1.559,True,True,False
15.015751123428345,forward_010,5.015751123428345,0.1,0.0,0.0,0.4657847441259867,-0.6664976081053346,-0.32288591161895097,-2.59,-2.88,7.2,1.458,0.943572998046875,0.0,0.11085749417543411,1.0,1.0,7.1,1.559,True,True,False
15.036149263381958,forward_010,5.036149263381958,0.1,0.0,0.0,0.7494007475750653,-1.0471975511965976,-0.16144295580947549,-1.97,-4.46,9.72,1.151,0.9296783208847046,0.0,0.03584259748458862,1.0,1.0,7.1,1.559,True,True,False
15.056589126586914,forward_010,5.056589126586914,0.1,0.0,0.0,1.3668109704680593,-1.0319259202416473,0.46469391334349025,-1.97,-4.46,9.72,0.9210000000000002,0.9433143138885498,0.0,0.05970872694160789,1.0,1.0,7.1,1.559,True,True,False
15.076973915100098,forward_010,5.076973915100098,0.1,0.0,0.0,1.7256942979093934,-1.0275625971116615,1.1900963837036334,-1.97,-4.46,9.72,1.227,0.9386953711509705,0.0,0.06123662460595369,1.0,1.0,7.1,1.559,True,True,False
15.097419261932373,forward_010,5.097419261932373,0.1,0.0,0.0,0.6370451769779303,-0.08835729338221293,-0.050178215994836975,-1.97,-4.46,9.72,1.458,0.9396268725395203,0.0,0.07988409604877234,1.0,1.0,7.1,1.559,True,True,False
15.1178879737854,forward_010,5.1178879737854,0.1,0.0,0.0,0.15162547876700738,-0.5105088062083414,-1.0319259202416473,-1.97,-4.46,9.72,1.151,0.9703839421272278,0.07142857142857142,0.06333755701780319,1.0,1.0,7.1,1.559,True,True,False
15.138280391693115,forward_010,5.138280391693115,0.1,0.0,0.0,-0.10581058590215622,-0.7603090554000298,-1.1737339219661866,0.38,-1.03,4.8100000000000005,1.151,0.9406010508537292,0.0,0.02770212199538946,1.0,0.0,7.1,1.559,True,True,False
15.158651351928711,forward_010,5.158651351928711,0.1,0.0,0.0,-0.4166973589136462,-0.4385139745635753,-1.100648259538924,0.87,-0.74,4.46,1.534,0.9549498558044434,0.07142857142857142,0.03767561540007591,1.0,0.0,7.1,1.559,True,True,False
15.179021120071411,forward_010,5.179021120071411,0.1,0.0,0.0,-0.421060682043632,-1.1900963837036334,-0.667588438887831,0.39,0.49,8.950000000000001,1.381,0.9890685081481934,0.07142857142857142,0.07574361935257912,1.0,0.0,7.5,0.143,True,True,False
15.19938349723816,forward_010,5.199383497238159,0.1,0.0,0.0,-0.4505131131710363,-1.2020955223110945,-0.16907877128695067,-0.08,1.16,8.34,1.688,0.9902394413948059,0.07142857142857142,0.01998867094516754,1.0,0.0,7.5,0.143,True,True,False
15.219778299331665,forward_010,5.219778299331665,0.1,0.0,0.0,-0.5235987755982988,-0.9468411192069238,0.6894050545377601,0.9,3.97,9.44,1.304,0.9917853474617004,0.14285714285714285,0.047076440416276455,1.0,0.0,7.5,0.143,True,True,False
15.240156888961792,forward_010,5.240156888961792,0.1,0.0,0.0,-0.6795875774952921,-1.0035643198967394,0.6599526234103559,0.23,3.92,9.64,0.537,0.9925388693809509,0.14285714285714285,0.02178683504462242,1.0,1.0,7.5,0.143,True,True,False
15.260607957839966,forward_010,5.260607957839966,0.1,0.0,0.0,-0.7461282552275759,-0.8955720724295904,0.3959715740462135,1.12,5.15,6.72,0.614,0.9859406352043152,0.14285714285714285,0.01849658414721489,1.0,1.0,7.5,0.143,True,True,False
15.280971050262451,forward_010,5.280971050262451,0.1,0.0,0.0,-1.0471975511965976,-0.6141377305455047,-0.65558930028037,1.12,5.15,6.72,0.6899999999999998,0.9745662808418274,0.14285714285714285,0.022601500153541565,0.0,1.0,7.5,0.143,True,True,False
15.30134630203247,forward_010,5.301346302032471,0.1,0.0,0.0,-1.2675453692608818,-0.32179508083645453,-1.0777408131064985,1.12,5.15,6.72,0.767,0.9618976712226868,0.14285714285714285,0.02836623042821884,0.0,1.0,7.5,0.143,True,True,False
15.32171368598938,forward_010,5.32171368598938,0.1,0.0,0.0,-0.6021385919380436,0.14289883250703572,-1.750783405906812,1.12,5.15,6.72,0.844,0.9525094032287598,0.07142857142857142,0.03452097624540329,1.0,1.0,7.5,0.143,True,True,False
15.342252016067505,forward_010,5.342252016067505,0.1,0.0,0.0,-0.21162117180431245,-0.04363323129985824,-2.1303925182155785,1.58,-2.18,4.65,0.767,0.9601527452468872,0.14285714285714285,0.051759831607341766,1.0,1.0,7.5,0.143,True,True,False
15.362624645233154,forward_010,5.362624645233154,0.1,0.0,0.0,0.3021601267515183,-0.3687008044838021,-1.9624045777111243,1.58,-2.18,4.65,0.767,0.9781582355499268,0.14285714285714285,0.020189493894577026,1.0,1.0,7.5,0.143,True,True,False
15.383152961730957,forward_010,5.383152961730957,0.1,0.0,0.0,0.20725784867432664,0.30652344988150415,-1.5969762655748114,1.58,-2.18,4.65,0.6899999999999998,0.9730652570724487,0.07142857142857142,0.03662615595385432,1.0,1.0,7.5,0.111,True,True,False
15.404228448867798,forward_010,5.404228448867798,0.1,0.0,0.0,-0.28579766501407144,0.4036073895236887,-0.6272276999354622,-0.22,-3.58,8.28,0.614,0.9610586166381836,0.07142857142857142,0.04810507036745548,1.0,1.0,7.5,0.111,True,True,False
15.424711227416992,forward_010,5.424711227416992,0.1,0.0,0.0,0.1908953869368798,0.5705044992456465,0.35779249665883756,1.61,-3.2,8.57,0.537,0.9314766526222229,0.0,0.03259461000561714,1.0,1.0,7.5,0.111,True,True,False
15.445072412490845,forward_010,5.445072412490845,0.1,0.0,0.0,0.2748893571891069,0.20398535632683726,0.6686792696703275,1.61,-3.2,8.57,0.537,0.955367386341095,0.07142857142857142,0.04915936663746834,1.0,1.0,7.5,0.111,True,True,False
15.465436935424805,forward_010,5.465436935424805,0.1,0.0,0.0,0.35561083509384467,0.6348635154129374,0.96647607329186,1.24,-1.58,8.23,0.46,0.8962714672088623,0.0,0.04206172004342079,1.0,1.0,7.5,0.111,True,True,False
15.485832452774048,forward_010,5.485832452774048,0.1,0.0,0.0,0.2814343418840856,0.7254024703601433,0.9937468428542714,1.47,0.45,6.87,0.537,0.877687394618988,0.0,0.05081496783532202,1.0,1.0,7.5,0.111,True,True,False
15.506266593933105,forward_010,5.5062665939331055,0.1,0.0,0.0,0.22471114119426994,0.5017821599483697,0.6250460383704692,1.11,0.16,9.66,0.844,0.9317843914031982,0.0,0.03861287236213684,1.0,1.0,7.5,0.111,True,True,False
15.526648998260498,forward_010,5.526648998260498,0.1,0.0,0.0,0.16689710972195776,0.5541420375081997,0.4537856055185257,1.11,0.16,9.66,0.9970000000000001,0.9206769466400146,0.0,0.0371928084641695,1.0,1.0,7.5,0.111,True,True,False
15.547108888626099,forward_010,5.547108888626099,0.1,0.0,0.0,0.36324665057131983,1.3526301702956054,-0.17780541754692233,-1.27,1.74,9.15,1.151,0.8933926224708557,0.0,0.0800508875399828,1.0,1.0,7.5,0.111,True,True,False
15.567468881607056,forward_010,5.567468881607056,0.1,0.0,0.0,0.5388704065532492,1.2740903539558606,-0.6643159465403417,-1.27,1.74,9.15,1.534,0.9287806153297424,0.0,0.040653906762599945,1.0,1.0,7.5,0.111,True,True,False
15.587828159332275,forward_010,5.587828159332275,0.1,0.0,0.0,0.6686792696703275,1.3340860469931657,-1.3395402009056478,-1.27,1.74,9.15,1.6110000000000002,0.8542658686637878,0.0,0.057682350277900696,1.0,1.0,7.0,1.4609999999999996,True,True,False
15.60883355140686,forward_010,5.60883355140686,0.1,0.0,0.0,0.8137597637423561,1.7049685130419607,-1.662426112524599,-1.27,1.74,9.15,1.6110000000000002,0.8232088685035706,0.0,0.14443092793226242,1.0,1.0,7.0,1.4609999999999996,True,True,False
15.629208087921143,forward_010,5.629208087921143,0.1,0.0,0.0,1.1093749057988957,1.1824605682261582,-1.574068819142386,-0.33,-0.78,9.370000000000001,1.458,0.9000751972198486,0.0,0.0559318233281374,1.0,1.0,7.0,1.4609999999999996,True,True,False
15.649576902389526,forward_010,5.649576902389526,0.1,0.0,0.0,1.275181184738357,1.2697270308258748,-1.2697270308258748,-1.16,0.19,7.68,0.9970000000000001,0.9275638461112976,0.0,0.07156288716942072,1.0,1.0,7.0,1.4609999999999996,True,True,False
15.66994309425354,forward_010,5.66994309425354,0.1,0.0,0.0,1.275181184738357,1.2697270308258748,-1.2697270308258748,1.48,-2.31,7.29,1.074,0.8485055565834045,0.0,0.06271789036691189,1.0,0.0,7.0,1.4609999999999996,True,True,False
15.690308570861816,forward_010,5.690308570861816,0.1,0.0,0.0,0.35779249665883756,0.41233403578366035,-1.1137382289288815,-2.71,1.32,9.09,1.458,0.8534725904464722,0.0,0.06090117059648037,1.0,0.0,7.0,1.4609999999999996,True,True,False
15.710670948028564,forward_010,5.7106709480285645,0.1,0.0,0.0,-0.2454369260617026,0.5312345910757741,-0.44178646691106466,-5.34,1.87,6.49,1.381,0.9233078956604004,0.0,0.059101701714098454,1.0,0.0,7.0,1.4609999999999996,True,True,False
15.731139898300171,forward_010,5.731139898300171,0.1,0.0,0.0,-0.2454369260617026,0.5312345910757741,-0.44178646691106466,-3.15,4.16,8.25,1.381,0.9610487818717957,0.07142857142857142,0.041147857904434204,1.0,0.0,7.0,1.4609999999999996,True,True,False
15.751605033874512,forward_010,5.751605033874512,0.1,0.0,0.0,-1.2566370614359172,0.003272492347489368,-1.2457287536109527,0.36,5.48,4.67,1.151,0.9507111310958862,0.07142857142857142,0.04933159053325653,1.0,0.0,7.0,1.4609999999999996,True,True,False
15.771970272064209,forward_010,5.771970272064209,0.1,0.0,0.0,-1.2195488148310378,-0.2530727415391778,-1.2337296150034918,-3.12,3.0500000000000003,8.11,1.304,0.9602497816085815,0.14285714285714285,0.06841034814715385,1.0,0.0,7.0,1.4609999999999996,True,True,False
15.792346715927124,forward_010,5.792346715927124,0.1,0.0,0.0,-1.562069680534925,-0.2552544031041707,-1.1562806294462433,-3.41,2.2600000000000002,9.33,1.534,0.9693983793258667,0.07142857142857142,0.01382124051451683,1.0,1.0,7.1,1.11,True,True,False
15.812707662582397,forward_010,5.8127076625823975,0.1,0.0,0.0,-1.7835083293817056,-0.11453723216212788,-1.6067937426172796,-3.5700000000000003,-0.25,7.46,1.304,0.9556735754013062,0.07142857142857142,0.019548851996660233,1.0,1.0,7.1,1.11,True,True,False
15.833065271377563,forward_010,5.8330652713775635,0.1,0.0,0.0,-1.387536755335492,-0.4701480672559725,-1.2380929381334775,-3.5700000000000003,-0.25,7.46,1.074,0.9391234517097473,0.0,0.023097950965166092,0.0,1.0,7.1,1.11,True,True,False
15.853545427322388,forward_010,5.853545427322388,0.1,0.0,0.0,-0.8508480103472357,0.8759371183446542,0.7232208087951503,-3.61,-3.7600000000000002,4.2,0.844,0.8553284406661987,0.0,0.09046998620033264,0.0,1.0,7.1,1.11,True,True,False
15.874021768569946,forward_010,5.874021768569946,0.1,0.0,0.0,-0.9239336727744982,0.21925698728178766,1.4562590946327687,-1.0,-5.29,8.1,0.9210000000000002,0.7814556956291199,0.0,0.0981405102647841,0.0,1.0,7.1,1.11,True,True,False
15.894529104232788,forward_010,5.894529104232788,0.1,0.0,0.0,-0.940296134511945,0.5890486225480862,1.2664545384783854,-1.79,-6.28,5.7,0.767,0.8774667978286743,0.0,0.0782456062734127,0.0,1.0,7.1,1.11,True,True,False
15.914899349212646,forward_010,5.9148993492126465,0.1,0.0,0.0,-0.8650288105196896,0.44724062082354693,1.5446163880149817,-1.79,-6.28,5.7,1.304,0.9117497801780701,0.0,0.0710695181041956,0.0,1.0,7.1,1.11,True,True,False
15.935281991958618,forward_010,5.935281991958618,0.1,0.0,0.0,-0.385063266221249,0.33597588100890846,1.425715832722868,-1.41,-3.54,7.87,1.841,0.8601287007331848,0.0,0.06251508835703135,0.0,1.0,7.1,1.11,True,True,False
15.955657958984375,forward_010,5.955657958984375,0.1,0.0,0.0,-0.02945243112740431,-0.018544123302439753,1.1388273369263,-4.13,1.2,8.1,2.071,0.885560154914856,0.0,0.053728193044662476,0.0,1.0,7.1,1.11,True,True,False
15.976138591766357,forward_010,5.976138591766357,0.1,0.0,0.0,0.2378011105842274,-0.1832595714594046,-0.04254240051736178,-4.72,-6.51,7.92,2.455,0.8621683120727539,0.0,0.046109740738756955,0.0,1.0,7.1,1.11,True,True,False
15.996509790420532,forward_010,5.996509790420532,0.1,0.0,0.0,0.3916082509162277,-0.7853981633974483,-0.20398535632683726,0.14,-7.28,9.01,1.765,0.8856188654899597,0.0,0.08928019367158413,0.0,1.0,6.9,1.6970000000000003,True,True,False
16.017077445983887,forward_010,6.017077445983887,0.1,0.0,0.0,0.7221299780126539,-1.0493792127615906,0.4406956361285682,-2.31,-4.99,8.57,1.151,0.94827800989151,0.0,0.09390370547771454,0.0,1.0,6.9,1.6970000000000003,True,True,False
16.03755474090576,forward_010,6.037554740905762,0.1,0.0,0.0,1.124646536753846,-1.2260937995260166,1.50207398749762,-2.95,-5.33,7.12,1.151,0.958775520324707,0.07142857142857142,0.07758023077622056,0.0,1.0,6.9,1.6970000000000003,True,True,False
16.057925939559937,forward_010,6.0579259395599365,0.1,0.0,0.0,1.3842642629880026,-1.100648259538924,1.786780821729195,-1.24,-0.46,4.4,1.458,0.883081316947937,0.0,0.06302425893954933,0.0,1.0,6.9,1.6970000000000003,True,True,False
16.078301668167114,forward_010,6.078301668167114,0.1,0.0,0.0,1.667880266437081,-1.074468320759009,1.9318613158012234,-1.68,-0.92,4.64,1.995,0.9367311000823975,0.0,0.04619107395410538,0.0,1.0,6.9,1.6970000000000003,True,True,False
16.09869074821472,forward_010,6.098690748214722,0.1,0.0,0.0,1.6536994662646272,-0.6686792696703275,1.8675022996339325,-1.5,-2.38,7.74,1.6110000000000002,0.971332311630249,0.07142857142857142,0.09622412081807852,1.0,1.0,6.9,1.6970000000000003,True,True,False
16.11905288696289,forward_010,6.119052886962891,0.1,0.0,0.0,1.6929693744344996,-0.6174102228929941,1.9034997154563156,-2.37,-2.85,8.81,1.304,0.9684135913848877,0.07142857142857142,0.02239434700459242,1.0,1.0,6.9,1.6970000000000003,True,True,False
16.139512538909912,forward_010,6.139512538909912,0.1,0.0,0.0,1.748601744341819,-0.4930555136883981,1.9493146083211668,-2.37,-2.85,8.81,1.151,0.960345983505249,0.07142857142857142,0.0257461778819561,1.0,0.0,6.9,1.6970000000000003,True,True,False
16.159876108169556,forward_010,6.159876108169556,0.1,0.0,0.0,0.8966629032120869,0.47669305195095124,0.7526732399225546,-1.53,8.71,3.81,1.227,0.7156690955162048,0.0,0.08698190795257688,1.0,0.0,6.9,1.6970000000000003,True,True,False
16.180344820022583,forward_010,6.180344820022583,0.1,0.0,0.0,0.6915867161027531,0.17889624832941878,-0.743946593662583,-1.53,8.71,3.81,1.458,0.8322450518608093,0.0,0.09822795235959347,1.0,0.0,6.9,1.6970000000000003,True,True,False
16.20072340965271,forward_010,6.20072340965271,0.1,0.0,0.0,0.7384924397501007,0.4985096676008804,-0.8879362569521152,-0.48,-0.38,4.97,1.074,0.8820951581001282,0.0,0.043122850358486176,1.0,0.0,6.9,2.359,True,True,False
16.22112202644348,forward_010,6.2211220264434814,0.1,0.0,0.0,0.631591023065448,0.5945027764605685,0.038179077387375956,-0.31,-1.35,6.44,0.767,0.8930506110191345,0.0,0.06895601889118552,1.0,0.0,6.9,2.359,True,True,False
16.241493701934814,forward_010,6.2414937019348145,0.1,0.0,0.0,0.19198621771937624,-0.36979163526629855,0.3272492347489368,-0.31,-1.35,6.44,1.841,0.9506343603134155,0.07142857142857142,0.09317058324813843,1.0,0.0,6.9,2.359,True,True,False
16.261956691741943,forward_010,6.261956691741943,0.1,0.0,0.0,-0.055632369907319255,-0.3567016658763411,1.526072264712542,-0.7000000000000001,-1.06,6.26,2.225,0.9872598648071289,0.07142857142857142,0.10021021217107773,1.0,0.0,6.9,2.359,True,True,False
16.282366514205933,forward_010,6.282366514205933,0.1,0.0,0.0,-0.3239767424014474,-0.6185010536754906,2.1042125794356634,-2.43,6.21,7.8,2.071,0.9810622334480286,0.14285714285714285,0.04703146847896278,1.0,0.0,6.9,2.359,True,True,False
16.302747011184692,forward_010,6.302747011184692,0.1,0.0,0.0,-0.6730425928003133,-0.19634954084936207,1.1857330605736476,-2.83,4.7700000000000005,5.6000000000000005,1.458,0.9625977873802185,0.14285714285714285,0.05826469697058201,1.0,0.0,6.9,2.359,True,True,False
16.323151350021362,forward_010,6.323151350021362,0.1,0.0,0.0,-0.8988445647770797,-0.543233729683235,0.11453723216212788,-2.83,4.7700000000000005,5.6000000000000005,1.227,0.9881501197814941,0.14285714285714285,0.07798113115131855,1.0,0.0,6.9,2.359,True,True,False
16.343512773513794,forward_010,6.343512773513794,0.1,0.0,0.0,-1.0657416744990376,0.21271200258680892,-0.34470252726888007,-0.59,5.15,9.34,1.074,0.9579036235809326,0.07142857142857142,0.07809440791606903,1.0,0.0,6.9,2.359,True,True,False
16.363903522491455,forward_010,6.363903522491455,0.1,0.0,0.0,-1.1671889372712079,1.0962849364089382,-1.1061024134514064,-3.81,3.2600000000000002,6.66,0.9970000000000001,0.9027543067932129,0.0,0.07580271549522877,1.0,0.0,6.9,2.359,True,True,False
16.384278297424316,forward_010,6.384278297424316,0.1,0.0,0.0,-1.066832505281534,0.8988445647770797,-1.4409874636778184,-3.81,3.2600000000000002,6.66,0.537,0.8960501551628113,0.0,0.03492099791765213,1.0,0.0,6.9,2.359,True,True,False
16.404674768447876,forward_010,6.404674768447876,0.1,0.0,0.0,-1.074468320759009,1.090830782496456,-0.9152070265145266,-3.81,3.2600000000000002,6.66,1.6110000000000002,0.8773958086967468,0.0,0.061404308304190636,1.0,1.0,7.3,0.975,True,True,False
16.425694704055786,forward_010,6.425694704055786,0.1,0.0,0.0,-1.074468320759009,1.090830782496456,-0.9152070265145266,-3.81,3.2600000000000002,6.66,1.995,0.9352185130119324,0.0,0.05217188224196434,1.0,1.0,7.3,0.975,True,True,False
16.44609260559082,forward_010,6.44609260559082,0.1,0.0,0.0,-1.0591966898040588,0.8399397025222711,0.7570365630525404,-0.47000000000000003,-2.2800000000000002,6.69,1.6110000000000002,0.7777723073959351,0.0,0.11435437947511673,1.0,1.0,7.3,0.975,True,True,False
16.46660804748535,forward_010,6.466608047485352,0.1,0.0,0.0,-1.3482668471656196,0.7352199474026113,1.1104657365813921,-0.47000000000000003,-2.2800000000000002,6.69,0.9970000000000001,0.89422607421875,0.0,0.1059259045869112,1.0,1.0,7.3,0.975,True,True,False
16.487090587615967,forward_010,6.487090587615967,0.1,0.0,0.0,-1.3744467859455345,0.35015668118136234,1.2228213071785272,-0.47000000000000003,-2.2800000000000002,6.69,0.614,0.8473191857337952,0.0,0.03986463788896799,0.0,1.0,7.3,0.975,True,True,False
16.507535457611084,forward_010,6.507535457611084,0.1,0.0,0.0,-1.3144510929082294,0.3741549583962844,1.2479104151759457,-1.4000000000000001,-1.27,8.17,1.458,0.7195326685905457,0.0,0.043264348059892654,0.0,1.0,7.3,0.975,True,True,False
16.528013706207275,forward_010,6.528013706207275,0.1,0.0,0.0,-1.1442814908387824,-0.22580197197676638,0.7875798249624412,-1.75,-2.59,6.42,1.6110000000000002,0.7582277059555054,0.0,0.054808005690574646,0.0,1.0,7.3,0.975,True,True,False
16.548529386520386,forward_010,6.548529386520386,0.1,0.0,0.0,-0.4919646829059016,-0.5890486225480862,0.6992225315802283,-3.04,-3.3000000000000003,7.140000000000001,1.458,0.9295239448547363,0.0,0.0707843373529613,0.0,1.0,7.3,0.975,True,True,False
16.569008588790894,forward_010,6.5690085887908936,0.1,0.0,0.0,0.055632369907319255,-0.9326603190344699,0.35452000431134817,-3.13,-1.57,9.450000000000001,1.074,0.9747438430786133,0.07142857142857142,0.13015368022024632,0.0,1.0,7.3,0.975,True,True,False
16.589377641677856,forward_010,6.5893776416778564,0.1,0.0,0.0,0.37088246604879505,-0.9359328113819593,0.016362461737446838,-2.59,-3.34,7.92,1.227,0.9339102506637573,0.0,0.07585923001170158,0.0,1.0,7.3,0.975,True,True,False
16.60983443260193,forward_010,6.609834432601929,0.1,0.0,0.0,0.7941248096574199,-1.301361123518272,0.681769239060285,-1.01,-1.77,7.59,1.381,0.9251919388771057,0.0,0.07020291313529015,0.0,1.0,7.2,1.2530000000000001,True,True,False
16.630200147628784,forward_010,6.630200147628784,0.1,0.0,0.0,1.1999138607461015,-1.4889840181076623,1.0537425358915764,-2.6,0.27,5.8100000000000005,1.688,0.9370018839836121,0.0,0.0939779169857502,1.0,1.0,7.2,1.2530000000000001,True,True,False
16.650628566741943,forward_010,6.650628566741943,0.1,0.0,0.0,1.4028083862904424,-1.5904312808798329,0.8944812416470939,-2.75,1.68,5.75,2.071,0.9601802229881287,0.14285714285714285,0.09780032373964787,1.0,1.0,7.2,1.2530000000000001,True,True,False
16.67112970352173,forward_010,6.6711297035217285,0.1,0.0,0.0,1.7169676516494217,-1.2184579840485412,0.6719517620178169,-3.35,4.17,8.44,1.765,0.9549285769462585,0.07142857142857142,0.06002768129110336,1.0,1.0,7.2,1.2530000000000001,True,True,False
16.69150185585022,forward_010,6.69150185585022,0.1,0.0,0.0,1.8031432834666417,-0.5857761302005968,0.5366887449882564,-3.35,4.17,8.44,1.765,0.9209633469581604,0.0,0.04870619811117649,1.0,1.0,7.2,1.2530000000000001,True,True,False
16.71186399459839,forward_010,6.711863994598389,0.1,0.0,0.0,0.7221299780126539,0.07090400086226964,-0.4276056667386107,-3.35,4.17,8.44,1.458,0.8784822225570679,0.0,0.08219344355165958,1.0,1.0,7.2,1.2530000000000001,True,True,False
16.732251405715942,forward_010,6.732251405715942,0.1,0.0,0.0,-0.06763150851478027,-0.2530727415391778,-0.7592182246175333,-0.64,-0.21,9.05,1.458,0.9287887215614319,0.0,0.04057139763608575,1.0,1.0,7.2,1.2530000000000001,True,True,False
16.752615213394165,forward_010,6.752615213394165,0.1,0.0,0.0,-0.2999784651865254,-0.07526732399225546,0.03381575425739013,-3.09,-0.5,6.09,1.381,0.9369093775749207,0.0,0.09168349765241146,0.0,0.0,7.2,1.2530000000000001,True,True,False
16.772979497909546,forward_010,6.772979497909546,0.1,0.0,0.0,-0.7832165018324554,-0.7363107781851078,0.6305001922829515,-3.09,-0.5,6.09,1.227,0.9838693141937256,0.14285714285714285,0.08963658474385738,0.0,0.0,7.2,1.2530000000000001,True,True,False
16.7933452129364,forward_010,6.793345212936401,0.1,0.0,0.0,-0.9621127501618741,-0.8453938564347534,0.6359543461954338,-0.74,1.48,7.24,1.074,0.9570620059967041,0.07142857142857142,0.02136490307748318,0.0,0.0,7.2,1.2530000000000001,True,True,False
16.813810110092163,forward_010,6.813810110092163,0.1,0.0,0.0,-0.8399397025222711,-0.6370451769779303,0.7406741013150936,-2.29,2.79,9.33,1.688,0.9827000498771667,0.14285714285714285,0.03825252130627632,0.0,0.0,7.5,0.117,True,True,False
16.83417820930481,forward_010,6.83417820930481,0.1,0.0,0.0,-0.7592182246175333,-0.06654067773228381,0.6152285613280012,-3.08,-0.3,8.35,1.227,0.9833971261978149,0.21428571428571427,0.05170460045337677,1.0,0.0,7.5,0.117,True,True,False
16.85464859008789,forward_010,6.854648590087891,0.1,0.0,0.0,-0.5115996369908379,0.44724062082354693,0.6730425928003133,-3.34,0.53,7.23,1.381,0.9591984748840332,0.07142857142857142,0.059983137995004654,1.0,0.0,7.5,0.117,True,True,False
16.875121593475342,forward_010,6.875121593475342,0.1,0.0,0.0,-0.33161255787892263,0.5366887449882564,0.5606870222031783,-0.66,2.15,6.54,1.227,0.9421457648277283,0.0,0.07808035239577293,1.0,0.0,7.5,0.117,True,True,False
16.8954815864563,forward_010,6.895481586456299,0.1,0.0,0.0,-0.10471975511965978,0.26616271092913524,0.23343778745424157,-0.66,2.15,6.54,0.537,0.9440473318099976,0.0,0.04276766907423735,0.0,0.0,7.5,0.117,True,True,False
16.915847301483154,forward_010,6.915847301483154,0.1,0.0,0.0,-0.4526947747360292,0.5901394533305827,0.5486878835957173,-1.51,-1.29,9.700000000000001,0.6899999999999998,0.8863223195075989,0.0,0.04487157240509987,0.0,0.0,7.5,0.117,True,True,False
16.936321020126343,forward_010,6.936321020126343,0.1,0.0,0.0,-0.5890486225480862,0.3752457891787809,0.6523168079328807,-1.51,-1.29,9.700000000000001,1.074,0.8925526142120361,0.0,0.022635310888290405,0.0,0.0,7.5,0.117,True,True,False
16.956695318222046,forward_010,6.956695318222046,0.1,0.0,0.0,-0.5345070834232635,0.36760997370130566,0.5323254218582705,-1.51,-1.29,9.700000000000001,1.918,0.8692973852157593,0.0,0.015429273247718811,0.0,0.0,7.5,0.117,True,True,False
16.977082014083862,forward_010,6.977082014083862,0.1,0.0,0.0,-0.5148721293383273,0.5890486225480862,0.4854196982109229,-1.51,-1.29,9.700000000000001,1.381,0.8520601987838745,0.0,0.03374250419437885,0.0,0.0,7.5,0.117,True,True,False
16.99759793281555,forward_010,6.997597932815552,0.1,0.0,0.0,-0.30652344988150415,0.8410305333047675,0.4145156973486533,-1.6400000000000001,-1.33,9.03,0.9970000000000001,0.8420712351799011,0.0,0.03414313681423664,0.0,0.0,7.5,0.117,True,True,False
17.018062829971313,forward_010,7.0180628299713135,0.1,0.0,0.0,-0.09599310885968812,0.806123948264881,0.12326387842209953,-1.61,-2.5500000000000003,8.620000000000001,0.9210000000000002,0.8402174711227417,0.0,0.04466724072699435,0.0,0.0,7.5,0.357,True,True,False
17.038426876068115,forward_010,7.038426876068115,0.1,0.0,0.0,0.20943951023931956,0.6654067773228381,0.038179077387375956,-2.43,-1.1500000000000001,8.83,0.844,0.9320403337478638,0.0,0.1148148737847805,0.0,0.0,7.5,0.357,True,True,False
17.05885338783264,forward_010,7.058853387832642,0.1,0.0,0.0,0.30652344988150415,0.44833145160604343,-0.06544984694978735,-2.13,-0.9400000000000001,8.370000000000001,0.844,0.9510859251022339,0.07142857142857142,0.103465192951262,0.0,0.0,7.5,0.357,True,True,False
17.079317569732666,forward_010,7.079317569732666,0.1,0.0,0.0,0.29888763440402893,-0.0545415391248228,0.14508049407202864,-2.58,-2.22,7.98,1.534,0.9676423668861389,0.07142857142857142,0.11720851808786392,0.0,0.0,7.5,0.357,True,True,False
17.09968328475952,forward_010,7.0996832847595215,0.1,0.0,0.0,0.06872233929727672,-0.5541420375081997,0.11017390903214205,-2.98,2.36,9.39,1.995,0.8856407999992371,0.0,0.0684698335826397,0.0,0.0,7.5,0.357,True,True,False
17.12005853652954,forward_010,7.120058536529541,0.1,0.0,0.0,0.1734420944169365,-0.9512044423369096,0.011999138607461015,-1.31,1.83,7.8500000000000005,2.302,0.7573465704917908,0.0,0.04277053661644459,0.0,0.0,7.5,0.357,True,True,False
17.140536546707153,forward_010,7.140536546707153,0.1,0.0,0.0,0.385063266221249,-0.8868454261696187,-0.1439896632895322,-1.33,-2.19,7.76,1.995,0.8272653818130493,0.0,0.031992645002901554,0.0,0.0,7.5,0.357,True,True,False
17.160909414291382,forward_010,7.160909414291382,0.1,0.0,0.0,0.3948807432637171,-0.08944812416470939,-0.030543261909900768,-2.97,-1.59,8.1,2.378,0.8334786295890808,0.0,0.06058975541964173,0.0,0.0,7.5,0.357,True,True,False
17.181360483169556,forward_010,7.181360483169556,0.1,0.0,0.0,0.5039638215133626,0.09926560120717749,0.12980886311707826,-1.69,0.35000000000000003,8.64,1.841,0.8780321478843689,0.0,0.0682054553180933,0.0,1.0,7.5,0.357,True,True,False
17.201733350753784,forward_010,7.201733350753784,0.1,0.0,0.0,0.5541420375081997,0.2901609881440573,0.3752457891787809,0.64,-2.04,8.02,0.9970000000000001,0.9127494692802429,0.0,0.03678595367819071,0.0,0.0,7.5,0.357,True,True,False
17.222209215164185,forward_010,7.222209215164185,0.1,0.0,0.0,0.4886921905584123,0.16798794050445423,0.5901394533305827,-1.56,0.81,8.8,0.844,0.9491724967956543,0.0,0.06168493255972862,0.0,0.0,7.5,0.122,True,True,False
17.2425856590271,forward_010,7.2425856590271,0.1,0.0,0.0,0.4286964975211072,0.1189005552921137,0.32506757318394386,0.54,1.21,6.67,0.844,0.9263141751289368,0.0,0.048102207481861115,0.0,0.0,7.5,0.122,True,True,False
17.263030290603638,forward_010,7.263030290603638,0.1,0.0,0.0,0.3916082509162277,0.14180800172453928,0.038179077387375956,0.02,0.24,7.2,0.844,0.915607750415802,0.0,0.009687021374702454,0.0,0.0,7.5,0.122,True,True,False
17.28339982032776,forward_010,7.283399820327759,0.1,0.0,0.0,0.39269908169872414,0.20616701789183017,-0.08617563181722002,-1.8900000000000001,-0.11,8.16,0.6899999999999998,0.9324413537979126,0.0,0.07871349528431892,1.0,0.0,7.5,0.122,True,True,False
17.303910970687866,forward_010,7.303910970687866,0.1,0.0,0.0,0.559596191420682,0.30652344988150415,-0.18871372537188688,-2.04,0.55,8.27,0.844,0.9261869192123413,0.0,0.029343167319893837,1.0,0.0,7.5,0.122,True,True,False
17.324479579925537,forward_010,7.324479579925537,0.1,0.0,0.0,0.693768377667746,0.22362031041177347,-0.27379852640661045,-2.04,0.55,8.27,0.9210000000000002,0.9069570302963257,0.0,0.14269725233316422,0.0,1.0,7.5,0.122,True,True,False
17.344868421554565,forward_010,7.344868421554565,0.1,0.0,0.0,-0.4243331743911214,-0.2716168648416175,0.018544123302439753,-2.04,0.55,8.27,0.6899999999999998,0.970225989818573,0.14285714285714285,0.0993596687912941,0.0,1.0,7.5,0.122,True,True,False
17.36526584625244,forward_010,7.365265846252441,0.1,0.0,0.0,-0.791943148092427,-0.9828385350293068,0.3643374813538163,-0.02,1.53,9.700000000000001,1.227,0.9379104375839233,0.0,0.052231633104383945,0.0,0.0,7.5,0.122,True,True,False
17.3856258392334,forward_010,7.385625839233398,0.1,0.0,0.0,-0.9621127501618741,-1.0482883819790942,0.0,-3.83,-1.1400000000000001,4.44,1.765,0.9844428300857544,0.14285714285714285,0.03768966905772686,0.0,0.0,7.5,0.122,True,True,False
17.40599489212036,forward_010,7.405994892120361,0.1,0.0,0.0,-0.7821256710499589,-1.0602875205865552,-0.3108867730114899,-3.83,-1.1400000000000001,4.44,1.227,0.9896571040153503,0.14285714285714285,0.023780906572937965,0.0,0.0,7.5,0.122,True,True,False
17.426372528076172,forward_010,7.426372528076172,0.1,0.0,0.0,-0.9370236421644557,-0.5028729907308662,-0.28579766501407144,0.54,-2.05,9.15,1.765,0.947136640548706,0.0,0.039853623136878014,0.0,0.0,7.5,0.044,True,True,False
17.447566986083984,forward_010,7.447566986083984,0.1,0.0,0.0,-0.7766715171374766,0.04036073895236887,0.05126904677733343,0.77,1.57,8.58,1.458,0.962912380695343,0.07142857142857142,0.08125564828515053,0.0,0.0,7.5,0.044,True,True,False
17.46794843673706,forward_010,7.4679484367370605,0.1,0.0,0.0,-0.33161255787892263,-0.11017390903214205,0.2694352032766246,2.69,0.4,8.86,1.227,0.9535303711891174,0.07142857142857142,0.11214176937937737,0.0,0.0,7.5,0.044,True,True,False
17.488322257995605,forward_010,7.4883222579956055,0.1,0.0,0.0,-0.02399827721492203,0.004363323129985824,0.19853120241435498,2.21,1.16,9.59,0.614,0.8921594619750977,0.0,0.04319723602384328,0.0,0.0,7.5,0.044,True,True,False
17.508681535720825,forward_010,7.508681535720825,0.1,0.0,0.0,0.29561514205653955,0.2530727415391778,0.49960049838337683,1.45,-0.9,8.370000000000001,1.074,0.9541423320770264,0.07142857142857142,0.034378426149487495,0.0,0.0,7.5,0.044,True,True,False
17.529064893722534,forward_010,7.529064893722534,0.1,0.0,0.0,0.5628686837681712,0.4079707126536745,0.631591023065448,0.52,-1.3900000000000001,7.96,0.9970000000000001,0.9574419856071472,0.07142857142857142,0.03186145797371864,1.0,0.0,7.5,0.044,True,True,False
17.549438953399658,forward_010,7.549438953399658,0.1,0.0,0.0,0.8999353955595761,0.40033489717619936,0.791943148092427,0.52,-1.3900000000000001,7.96,0.844,0.9566659331321716,0.07142857142857142,0.012311124010011554,1.0,0.0,7.5,0.044,True,True,False
17.569803714752197,forward_010,7.569803714752197,0.1,0.0,0.0,-0.19853120241435498,0.37306412761378793,0.559596191420682,0.52,-1.3900000000000001,7.96,0.844,0.9332517981529236,0.0,0.03709520027041435,0.0,0.0,7.5,0.044,True,True,False
17.59017276763916,forward_010,7.59017276763916,0.1,0.0,0.0,-0.9021170571245691,-0.13526301702956053,0.6250460383704692,2.75,-2.22,9.540000000000001,0.767,0.8819490671157837,0.0,0.07540620560757816,0.0,0.0,7.5,0.044,True,True,False
17.610544443130493,forward_010,7.610544443130493,0.1,0.0,0.0,-1.0657416744990376,0.28361600344907856,1.00029182754925,1.3,2.75,7.09,1.304,0.7752176523208618,0.0,0.0479234904050827,0.0,0.0,7.5,0.044,True,True,False
17.63093614578247,forward_010,7.630936145782471,0.1,0.0,0.0,-1.1900963837036334,0.5061454830783556,0.8344855486097889,1.32,1.9000000000000001,5.93,0.767,0.813086211681366,0.0,0.019279181957244873,0.0,1.0,7.5,0.20700000000000002,True,True,False
17.651568174362183,forward_010,7.651568174362183,0.1,0.0,0.0,-0.7199483164476609,0.6544984694978736,0.6228643768054763,-0.43,-1.56,8.38,0.537,0.7660055756568909,0.0,0.059867507545277476,0.0,1.0,7.5,0.20700000000000002,True,True,False
17.672053575515747,forward_010,7.672053575515747,0.1,0.0,0.0,-0.22580197197676638,0.6904958853202566,0.21925698728178766,-0.43,-1.56,8.38,0.537,0.7978559136390686,0.0,0.04079279419966042,0.0,1.0,7.5,0.20700000000000002,True,True,False
17.692533254623413,forward_010,7.692533254623413,0.1,0.0,0.0,0.38724492778624187,0.18216874067690814,0.20507618710933373,-0.43,-1.56,8.38,0.767,0.9781987071037292,0.14285714285714285,0.15863167494535446,0.0,1.0,7.5,0.20700000000000002,True,True,False
17.713011026382446,forward_010,7.713011026382446,0.1,0.0,0.0,0.6883142237552637,0.10471975511965978,0.10362892433716332,0.66,-4.39,7.46,1.074,0.953372597694397,0.07142857142857142,0.11230121552944183,0.0,1.0,7.5,0.20700000000000002,True,True,False
17.73336672782898,forward_010,7.7333667278289795,0.1,0.0,0.0,0.7406741013150936,0.04799655442984406,0.18762289458939044,-0.74,-1.74,7.32,1.381,0.9217360615730286,0.0,0.042858950793743134,1.0,1.0,7.5,0.20700000000000002,True,True,False
17.753726959228516,forward_010,7.753726959228516,0.1,0.0,0.0,0.9686577348568529,0.07744898555724837,0.19416787928436915,-0.65,-0.32,9.120000000000001,1.381,0.9246439933776855,0.0,0.06540359303471632,1.0,1.0,7.5,0.20700000000000002,True,True,False
17.774153232574463,forward_010,7.774153232574463,0.1,0.0,0.0,1.0962849364089382,0.13962634015954636,-0.06217735460229799,-0.65,-0.32,9.120000000000001,1.534,0.9077485203742981,0.0,0.04997924529016018,1.0,1.0,7.5,0.20700000000000002,True,True,False
17.794673442840576,forward_010,7.794673442840576,0.1,0.0,0.0,0.9882926889417891,0.11235557059713497,-0.4385139745635753,-0.65,-0.32,9.120000000000001,1.381,0.9067378640174866,0.0,0.04157337173819542,1.0,1.0,7.5,0.20700000000000002,True,True,False
17.815144300460815,forward_010,7.815144300460815,0.1,0.0,0.0,0.4505131131710363,0.3883357585687383,-0.7341291166201148,-0.65,-0.32,9.120000000000001,1.074,0.9309083819389343,0.0,0.0847967155277729,1.0,1.0,7.5,0.20700000000000002,True,True,False
17.835516691207886,forward_010,7.835516691207886,0.1,0.0,0.0,0.2945243112740431,0.31306843457648287,-0.6414085001079161,-0.86,-0.7000000000000001,8.57,1.074,0.9326719045639038,0.0,0.042907582595944405,1.0,1.0,7.4,0.499,True,True,False
17.855880975723267,forward_010,7.855880975723267,0.1,0.0,0.0,0.23889194136672387,0.18980455615438332,-0.30325095753401476,-0.59,0.05,6.84,0.6899999999999998,0.9635363221168518,0.07142857142857142,0.03541301836958155,1.0,0.0,7.4,0.499,True,True,False
17.876242637634277,forward_010,7.876242637634277,0.1,0.0,0.0,0.061086523819801536,-0.10581058590215622,-0.014180800172453928,-0.43,0.37,6.7700000000000005,0.844,0.9830455780029297,0.07142857142857142,0.057519879192113876,1.0,0.0,7.4,0.499,True,True,False
17.896728515625,forward_010,7.896728515625,0.1,0.0,0.0,-0.14726215563702155,-0.09490227807719166,0.10253809355466686,-0.9,2.24,6.3100000000000005,1.151,0.9784789681434631,0.07142857142857142,0.027804716490209103,1.0,0.0,7.4,0.499,True,True,False
17.917211294174194,forward_010,7.917211294174194,0.1,0.0,0.0,-0.20725784867432664,-0.16798794050445423,0.2945243112740431,-2.42,1.34,7.91,1.151,0.9861122369766235,0.14285714285714285,0.01766062155365944,1.0,0.0,7.4,0.499,True,True,False
17.93757462501526,forward_010,7.937574625015259,0.1,0.0,0.0,-0.35124751196385884,0.03599741582238305,0.3108867730114899,-2.08,2.2800000000000002,7.83,0.9970000000000001,0.9841971397399902,0.14285714285714285,0.036284781992435455,1.0,0.0,7.4,0.499,True,True,False
17.95793652534485,forward_010,7.957936525344849,0.1,0.0,0.0,-0.3937899124812206,-0.030543261909900768,0.22580197197676638,-2.08,2.2800000000000002,7.83,0.6899999999999998,0.9876804947853088,0.14285714285714285,0.0349283458199352,1.0,0.0,7.4,0.499,True,True,False
17.9783992767334,forward_010,7.978399276733398,0.1,0.0,0.0,-0.5421428989007386,0.1810779098944117,-0.23671027980173096,-2.08,2.2800000000000002,7.83,0.767,0.9732538461685181,0.14285714285714285,0.062031758949160576,1.0,1.0,7.4,0.499,True,True,False
17.9988534450531,forward_010,7.998853445053101,0.1,0.0,0.0,-0.7755806863549802,0.5410520681182421,-0.39051742013373125,-1.43,0.8300000000000001,7.72,1.074,0.9118425846099854,0.0,0.06144231464713812,1.0,1.0,7.4,0.499,True,True,False
18.01925802230835,stop_after_010,0.01925802230834961,0.0,0.0,0.0,-1.076649982324002,0.693768377667746,-0.3785182815262702,-1.43,0.8300000000000001,7.72,1.227,0.9064283967018127,0.0,0.07763765007257462,1.0,1.0,7.4,0.499,True,True,False
18.03961753845215,stop_after_010,0.03961753845214844,0.0,0.0,0.0,-1.0897399517139594,0.9152070265145266,0.25416357232167425,-1.43,0.8300000000000001,7.72,1.304,0.7714715003967285,0.0,0.04571832902729511,1.0,1.0,7.2,1.34,True,True,False
18.059974193572998,stop_after_010,0.05997419357299805,0.0,0.0,0.0,-0.631591023065448,0.7254024703601433,0.9075712110370514,-1.43,0.8300000000000001,7.72,0.9210000000000002,0.6731242537498474,0.0,0.027159176766872406,1.0,1.0,7.2,1.34,True,True,False
18.080341815948486,stop_after_010,0.08034181594848633,0.0,0.0,0.0,-0.4908738521234052,0.40906154343617096,1.5042556490626129,-1.43,0.8300000000000001,7.72,0.767,0.8043848276138306,0.0,0.06789849698543549,0.0,1.0,7.2,1.34,True,True,False
18.1006977558136,stop_after_010,0.10069775581359863,0.0,0.0,0.0,-0.5661411761156606,0.5563236990731926,1.0897399517139594,-5.08,-3.48,9.32,0.767,0.7272729277610779,0.0,0.03365989122539759,0.0,1.0,7.2,1.34,True,True,False
18.12105131149292,stop_after_010,0.12105131149291992,0.0,0.0,0.0,-0.5792311455056182,0.028361600344907856,0.5279620987282847,-5.08,-3.48,9.32,0.767,0.8735791444778442,0.0,0.03785093128681183,0.0,1.0,7.2,1.34,True,True,False
18.141419410705566,stop_after_010,0.1414194107055664,0.0,0.0,0.0,-0.31852258848896514,0.03599741582238305,0.28579766501407144,-1.06,-1.18,5.18,0.6899999999999998,0.7511464357376099,0.0,0.03896456118673086,0.0,1.0,7.2,1.34,True,True,False
18.161784172058105,stop_after_010,0.16178417205810547,0.0,0.0,0.0,0.04145156973486533,-0.4177881896961426,-0.015271630954950384,-2.34,-2.2,8.040000000000001,0.614,0.8678520917892456,0.0,0.035638924688100815,0.0,1.0,7.2,1.34,True,True,False
18.18221402168274,stop_after_010,0.18221402168273926,0.0,0.0,0.0,0.2585268954516601,-0.4756022211684548,-0.3239767424014474,-2.98,-1.96,8.11,0.46,0.8850536346435547,0.0,0.016247481107711792,0.0,1.0,7.2,1.34,True,True,False
18.202619075775146,stop_after_010,0.20261907577514648,0.0,0.0,0.0,0.3327033886614191,-0.3763366199612773,-0.495237175253391,-2.98,-1.96,8.11,0.46,0.9073783755302429,0.0,0.016443248838186264,0.0,1.0,7.2,1.34,True,True,False
18.22299075126648,stop_after_010,0.2229907512664795,0.0,0.0,0.0,0.3948807432637171,-0.13526301702956053,-0.4243331743911214,-2.0300000000000002,-1.35,7.83,0.844,0.9054870009422302,0.0,0.056406429037451744,1.0,1.0,7.2,1.34,True,True,False
18.24335527420044,stop_after_010,0.24335527420043945,0.0,0.0,0.0,0.519235452468313,-0.3534291735288517,-0.3141592653589793,-1.17,-1.12,8.39,0.46,0.9209328889846802,0.0,0.015978571958839893,1.0,1.0,7.4,0.494,True,True,False
18.26371717453003,stop_after_010,0.2637171745300293,0.0,0.0,0.0,0.44505895925855404,-0.2748893571891069,-0.16580627893946132,-2.37,-0.91,9.65,0.46,0.928644061088562,0.0,0.008984014391899109,1.0,1.0,7.4,0.494,True,True,False
18.28407382965088,stop_after_010,0.2840738296508789,0.0,0.0,0.0,0.16907877128695067,-0.3010692959690218,-0.002181661564992912,-2.37,-0.91,9.65,0.46,0.928538978099823,0.0,0.004649236798286438,1.0,1.0,7.4,0.494,True,True,False
18.304532527923584,stop_after_010,0.304532527923584,0.0,0.0,0.0,0.09599310885968812,-0.30870511144649704,0.14835298641951802,-0.75,-0.26,7.86,0.46,0.9122315645217896,0.0,0.009583394974470139,1.0,1.0,7.4,0.494,True,True,False
18.324904441833496,stop_after_010,0.3249044418334961,0.0,0.0,0.0,0.10690141668465268,-0.38069994309126315,0.37306412761378793,-1.1400000000000001,0.47000000000000003,8.57,0.46,0.9129960536956787,0.0,0.006312515586614609,1.0,1.0,7.4,0.494,True,True,False
18.34527349472046,stop_after_010,0.345273494720459,0.0,0.0,0.0,-0.050178215994836975,-0.2596177262341565,0.3741549583962844,-1.74,1.62,9.44,0.384,0.9069377183914185,0.0,0.0095234839245677,1.0,1.0,7.4,0.494,True,True,False
18.365635633468628,stop_after_010,0.36563563346862793,0.0,0.0,0.0,-0.15271630954950383,-0.1341721862470641,0.12217304763960307,-1.59,2.3000000000000003,8.96,0.307,0.8963502049446106,0.0,0.00776431430131197,1.0,1.0,7.4,0.494,True,True,False
18.38599920272827,stop_after_010,0.3859992027282715,0.0,0.0,0.0,-0.10471975511965978,-0.0818123086872342,-0.1308996938995747,-1.11,0.04,9.08,0.23,0.8928017020225525,0.0,0.0045433370396494865,1.0,1.0,7.4,0.494,True,True,False
18.406376361846924,stop_after_010,0.40637636184692383,0.0,0.0,0.0,-0.10581058590215622,-0.1461713248545251,-0.06654067773228381,-1.52,-0.8,9.450000000000001,0.307,0.8979229927062988,0.0,0.003115735074970871,1.0,1.0,7.4,0.494,True,True,False
18.426837682724,stop_after_010,0.426837682723999,0.0,0.0,0.0,-0.17235126363444003,-0.1407171709420428,-0.04145156973486533,-1.6300000000000001,-1.04,8.48,0.23,0.894468367099762,0.0,0.0034801852889358997,1.0,1.0,7.4,0.494,True,True,False
18.447193145751953,stop_after_010,0.4471931457519531,0.0,0.0,0.0,-0.15162547876700738,-0.14180800172453928,0.08290313946973066,-1.71,-1.5,9.120000000000001,0.307,0.8939324617385864,0.0,0.00397481769323349,1.0,1.0,7.4,0.402,True,True,False
18.468528985977173,stop_after_010,0.46852898597717285,0.0,0.0,0.0,-0.18216874067690814,-0.14944381720201447,0.16580627893946132,-0.86,-0.96,9.19,0.23,0.8821550607681274,0.0,0.005459442734718323,1.0,1.0,7.4,0.402,True,True,False
18.48902153968811,stop_after_010,0.48902153968811035,0.0,0.0,0.0,-0.1908953869368798,-0.1712604328519436,0.14180800172453928,-1.07,-0.27,9.5,0.153,0.8899092674255371,0.0,0.002019725739955902,1.0,1.0,7.4,0.402,True,True,False
18.509387493133545,stop_after_010,0.5093874931335449,0.0,0.0,0.0,-0.08944812416470939,-0.20616701789183017,0.038179077387375956,-1.11,-0.6900000000000001,9.36,0.153,0.8995060920715332,0.0,0.003217402845621109,1.0,1.0,7.4,0.402,True,True,False
18.529757976531982,stop_after_010,0.5297579765319824,0.0,0.0,0.0,-0.08399397025222712,-0.19198621771937624,-0.001090830782496456,-1.09,-0.84,9.05,0.153,0.9007648229598999,0.0,0.002775438129901886,1.0,1.0,7.4,0.402,True,True,False
18.550189971923828,stop_after_010,0.5501899719238281,0.0,0.0,0.0,-0.09053895494720585,-0.16035212502697901,-0.05126904677733343,-0.76,-1.77,9.3,0.153,0.899439811706543,0.0,0.0028554126620292664,1.0,1.0,7.4,0.402,True,True,False
18.570560693740845,stop_after_010,0.5705606937408447,0.0,0.0,0.0,-0.09272061651219876,-0.14180800172453928,0.09381144729469522,-1.01,-1.23,8.94,0.077,0.8958320617675781,0.0,0.004196226596832275,1.0,1.0,7.4,0.402,True,True,False
18.590962648391724,stop_after_010,0.5909626483917236,0.0,0.0,0.0,-0.10144726277217041,-0.18216874067690814,0.12217304763960307,-1.52,-1.24,8.92,0.077,0.9005475640296936,0.0,0.0013079458149150014,1.0,1.0,7.4,0.402,True,True,False
18.611387014389038,stop_after_010,0.6113870143890381,0.0,0.0,0.0,-0.09381144729469522,-0.22252947962927702,0.16144295580947549,-1.4000000000000001,-0.73,9.41,0.077,0.9044367671012878,0.0,0.0024227872490882874,1.0,1.0,7.4,0.402,True,True,False
18.631783485412598,stop_after_010,0.6317834854125977,0.0,0.0,0.0,-0.09708393964218458,-0.2007128639793479,0.16580627893946132,-0.96,-0.38,8.75,0.153,0.9006893634796143,0.0,0.005191020667552948,1.0,1.0,7.4,0.402,True,True,False
18.652254343032837,stop_after_010,0.6522543430328369,0.0,0.0,0.0,-0.12217304763960307,-0.22907446432425577,0.0719948316447661,-0.87,-0.22,9.0,0.153,0.9066622853279114,0.0,0.002811536192893982,1.0,1.0,7.4,0.309,True,True,False
18.67262291908264,stop_after_010,0.6726229190826416,0.0,0.0,0.0,-0.07853981633974483,-0.23343778745424157,-0.001090830782496456,-0.9500000000000001,-0.3,9.56,0.153,0.911078691482544,0.0,0.002577211707830429,1.0,1.0,7.4,0.309,True,True,False
18.692989587783813,stop_after_010,0.6929895877838135,0.0,0.0,0.0,-0.06217735460229799,-0.2399827721492203,-0.03599741582238305,-0.87,-0.56,8.93,0.077,0.9113240242004395,0.0,0.001345306634902954,1.0,1.0,7.4,0.309,True,True,False
18.71339178085327,stop_after_010,0.7133917808532715,0.0,0.0,0.0,-0.06326818538479445,-0.26398104936414235,-0.01090830782496456,-0.97,-1.1300000000000001,9.28,0.153,0.9128095507621765,0.0,0.0016207806766033173,1.0,1.0,7.4,0.309,True,True,False
18.733881950378418,stop_after_010,0.733881950378418,0.0,0.0,0.0,-0.08617563181722002,-0.2596177262341565,0.11780972450961724,-0.91,-0.85,8.99,0.153,0.9067538380622864,0.0,0.0035034269094467163,1.0,1.0,7.4,0.309,True,True,False
18.754421949386597,stop_after_010,0.7544219493865967,0.0,0.0,0.0,-0.12762720155208535,-0.25416357232167425,0.09817477042468103,-0.78,-0.93,9.28,0.077,0.9062420725822449,0.0,0.0013923533260822296,1.0,1.0,7.4,0.309,True,True,False
18.77479386329651,stop_after_010,0.7747938632965088,0.0,0.0,0.0,-0.12217304763960307,-0.25743606466916363,0.14289883250703572,-0.45,-0.53,9.700000000000001,0.153,0.901850700378418,0.0,0.0023400187492370605,1.0,1.0,7.4,0.309,True,True,False
18.795204639434814,stop_after_010,0.7952046394348145,0.0,0.0,0.0,-0.11780972450961724,-0.23125612588924865,0.11562806294462433,-0.01,-0.62,8.98,0.23,0.8964475989341736,0.0,0.001213129609823227,1.0,1.0,7.4,0.309,True,True,False
18.815582036972046,stop_after_010,0.8155820369720459,0.0,0.0,0.0,-0.10690141668465268,-0.2748893571891069,0.09490227807719166,-0.51,-1.23,9.290000000000001,0.23,0.9000428318977356,0.0,0.003914127126336098,1.0,1.0,7.4,0.309,True,True,False
18.83605647087097,stop_after_010,0.8360564708709717,0.0,0.0,0.0,-0.10799224746714914,-0.22689280275926285,0.16689710972195776,-0.55,-1.32,9.39,0.153,0.8936765193939209,0.0,0.0028857849538326263,1.0,1.0,7.4,0.309,True,True,False
18.85642647743225,stop_after_010,0.856426477432251,0.0,0.0,0.0,-0.10799224746714914,-0.22689280275926285,0.16689710972195776,-0.55,-1.32,9.39,0.153,0.8931310176849365,0.0,0.0006077922880649567,1.0,1.0,7.5,0.21800000000000005,True,True,False
18.876864671707153,stop_after_010,0.8768646717071533,0.0,0.0,0.0,-0.07744898555724837,-0.10690141668465268,0.11344640137963143,-0.24,-0.9,9.19,0.0,0.8871935606002808,0.0,0.0035841576755046844,1.0,1.0,7.5,0.21800000000000005,True,True,False
18.897348880767822,stop_after_010,0.8973488807678223,0.0,0.0,0.0,-0.03599741582238305,-0.07090400086226964,0.028361600344907856,-0.29,-1.31,9.39,0.153,0.8859655857086182,0.0,0.0013861171901226044,1.0,1.0,7.5,0.21800000000000005,True,True,False
18.917874097824097,stop_after_010,0.9178740978240967,0.0,0.0,0.0,-0.015271630954950384,-0.06217735460229799,0.009817477042468103,0.0,-0.92,9.25,0.0,0.8825762271881104,0.0,0.0012698061764240265,1.0,1.0,7.5,0.21800000000000005,True,True,False
18.93830370903015,stop_after_010,0.9383037090301514,0.0,0.0,0.0,-0.002181661564992912,-0.031634092692397225,-0.055632369907319255,-0.08,-0.91,9.27,0.077,0.8829210996627808,0.0,0.001311788335442543,1.0,1.0,7.5,0.21800000000000005,True,True,False
18.958869457244873,stop_after_010,0.958869457244873,0.0,0.0,0.0,0.030543261909900768,-0.0272707695624114,-0.06654067773228381,-0.23,-1.25,9.4,0.077,0.8844414353370667,0.0,0.0012353044003248215,1.0,1.0,7.5,0.21800000000000005,True,True,False
18.97924494743347,stop_after_010,0.9792449474334717,0.0,0.0,0.0,0.032724923474893676,-0.001090830782496456,0.00545415391248228,-0.16,-1.07,9.25,0.077,0.8789620399475098,0.0,0.002703070640563965,1.0,1.0,7.5,0.21800000000000005,True,True,False
18.999752283096313,stop_after_010,0.9997522830963135,0.0,0.0,0.0,0.006544984694978736,0.028361600344907856,0.019634954084936207,-0.3,-0.5700000000000001,9.450000000000001,0.0,0.8786152601242065,0.0,0.0016944073140621185,1.0,1.0,7.5,0.21800000000000005,True,True,False
19.020124673843384,stop_after_010,1.0201246738433838,0.0,0.0,0.0,0.017453292519943295,0.05126904677733343,0.016362461737446838,-0.44,-0.76,9.21,0.153,0.8781934380531311,0.0,0.0014400780200958252,1.0,1.0,7.5,0.21800000000000005,True,True,False
19.040512800216675,stop_after_010,1.0405128002166748,0.0,0.0,0.0,0.013089969389957472,0.05999569303730508,-0.004363323129985824,-0.45,-0.85,9.14,0.077,0.8795086145401001,0.0,0.0012249723076820374,1.0,1.0,7.5,0.21800000000000005,True,True,False
19.060869216918945,stop_after_010,1.0608692169189453,0.0,0.0,0.0,0.001090830782496456,0.06654067773228381,0.01090830782496456,-0.66,-0.98,9.21,0.077,0.8820731043815613,0.0,0.0015922188758850098,1.0,1.0,7.4,0.304,True,True,False
19.081265211105347,stop_after_010,1.0812652111053467,0.0,0.0,0.0,-0.003272492347489368,0.030543261909900768,-0.004363323129985824,-0.62,-1.01,9.08,0.0,0.8878738880157471,0.0,0.0013254545629024506,1.0,1.0,7.4,0.304,True,True,False
19.10173010826111,stop_after_010,1.1017301082611084,0.0,0.0,0.0,0.004363323129985824,0.015271630954950384,0.002181661564992912,-0.78,-1.07,9.200000000000001,0.0,0.8934204578399658,0.0,0.001050010323524475,1.0,1.0,7.4,0.304,True,True,False
19.122093677520752,stop_after_010,1.122093677520752,0.0,0.0,0.0,0.003272492347489368,-0.006544984694978736,-0.00545415391248228,-0.66,-0.85,9.11,0.0,0.8972223997116089,0.0,0.0007225349545478821,1.0,1.0,7.4,0.304,True,True,False
19.14255666732788,stop_after_010,1.1425566673278809,0.0,0.0,0.0,0.007635815477475192,-0.02399827721492203,-0.032724923474893676,-0.66,-1.03,9.15,0.0,0.9017525315284729,0.0,0.001171015202999115,1.0,1.0,7.4,0.304,True,True,False
19.162935972213745,stop_after_010,1.1629359722137451,0.0,0.0,0.0,0.00545415391248228,-0.037088246604879506,-0.001090830782496456,-0.6,-0.93,9.13,0.0,0.9024458527565002,0.0,0.0013544298708438873,1.0,1.0,7.4,0.304,True,True,False
19.183303594589233,stop_after_010,1.1833035945892334,0.0,0.0,0.0,-0.008726646259971648,-0.05235987755982989,0.002181661564992912,-0.51,-0.81,9.13,0.0,0.9041812419891357,0.0,0.0011873003095388412,1.0,1.0,7.4,0.304,True,True,False
19.203662872314453,stop_after_010,1.2036628723144531,0.0,0.0,0.0,-0.013089969389957472,-0.04254240051736178,0.002181661564992912,-0.46,-0.74,9.27,0.0,0.9044830799102783,0.0,0.0019084904342889786,1.0,1.0,7.4,0.304,True,True,False
19.22417640686035,stop_after_010,1.2241764068603516,0.0,0.0,0.0,-0.011999138607461015,-0.050178215994836975,-0.013089969389957472,-0.39,-0.8200000000000001,9.22,0.0,0.904627799987793,0.0,0.0010660048574209213,1.0,1.0,7.4,0.304,True,True,False
19.24465274810791,stop_after_010,1.2446527481079102,0.0,0.0,0.0,-0.022907446432425576,-0.03599741582238305,-0.01090830782496456,-0.45,-0.99,9.23,0.0,0.9025623798370361,0.0,0.0015819929540157318,1.0,1.0,7.4,0.304,True,True,False
19.265056133270264,stop_after_010,1.2650561332702637,0.0,0.0,0.0,-0.015271630954950384,-0.032724923474893676,-0.00545415391248228,-0.46,-1.09,9.31,0.0,0.9011661410331726,0.0,0.0008586682379245758,1.0,1.0,7.4,0.264,True,True,False
19.28541612625122,stop_after_010,1.2854161262512207,0.0,0.0,0.0,-0.011999138607461015,-0.026179938779914945,-0.003272492347489368,-0.35000000000000003,-1.1300000000000001,9.200000000000001,0.0,0.8987208008766174,0.0,0.0011454448103904724,1.0,1.0,7.4,0.264,True,True,False
19.305899143218994,stop_after_010,1.3058991432189941,0.0,0.0,0.0,-0.006544984694978736,-0.0272707695624114,0.009817477042468103,-0.4,-1.1,9.27,0.0,0.8968620896339417,0.0,0.0010601691901683807,1.0,1.0,7.4,0.264,True,True,False
19.326258182525635,stop_after_010,1.3262581825256348,0.0,0.0,0.0,-0.001090830782496456,-0.02945243112740431,0.001090830782496456,-0.55,-1.0,9.17,0.153,0.8961325883865356,0.0,0.001448843628168106,1.0,1.0,7.4,0.264,True,True,False
19.346723556518555,stop_after_010,1.3467235565185547,0.0,0.0,0.0,0.004363323129985824,-0.0545415391248228,-0.011999138607461015,-0.5,-0.93,9.38,0.23,0.8966296315193176,0.0,0.0018477477133274078,1.0,1.0,7.4,0.264,True,True,False
19.367090463638306,stop_after_010,1.3670904636383057,0.0,0.0,0.0,-0.006544984694978736,-0.03490658503988659,-0.025089107997418487,-0.29,-0.79,9.26,0.23,0.8947045803070068,0.0,0.0005606524646282196,1.0,1.0,7.4,0.264,True,True,False
19.387477159500122,stop_after_010,1.387477159500122,0.0,0.0,0.0,-0.008726646259971648,-0.025089107997418487,0.002181661564992912,-0.03,-0.8200000000000001,9.16,0.153,0.8910631537437439,0.0,0.0012444406747817993,1.0,1.0,7.4,0.264,True,True,False
19.40787649154663,stop_after_010,1.4078764915466309,0.0,0.0,0.0,-0.013089969389957472,0.015271630954950384,0.02181661564992912,-0.27,-0.9,9.35,0.077,0.8885863423347473,0.0,0.0009913183748722076,1.0,1.0,7.4,0.264,True,True,False
19.428266763687134,stop_after_010,1.4282667636871338,0.0,0.0,0.0,-0.014180800172453928,0.05672320068981571,0.009817477042468103,-0.35000000000000003,-0.99,9.200000000000001,0.0,0.8854435682296753,0.0,0.0009009800851345062,1.0,1.0,7.4,0.264,True,True,False
19.44878649711609,stop_after_010,1.4487864971160889,0.0,0.0,0.0,-0.003272492347489368,0.04254240051736178,0.030543261909900768,-0.38,-1.22,9.15,0.077,0.882737398147583,0.0,0.0015855208039283752,1.0,1.0,7.4,0.264,True,True,False
19.469151735305786,stop_after_010,1.4691517353057861,0.0,0.0,0.0,-0.003272492347489368,0.08835729338221293,0.015271630954950384,-0.5,-1.1300000000000001,9.16,0.0,0.8800221085548401,0.0,0.001062389463186264,1.0,1.0,7.5,0.23900000000000005,True,True,False
19.490148305892944,stop_after_010,1.4901483058929443,0.0,0.0,0.0,0.019634954084936207,0.044724062082354694,0.01090830782496456,-0.55,-1.09,9.38,0.0,0.8821784853935242,0.0,0.0016196705400943756,1.0,1.0,7.5,0.23900000000000005,True,True,False
19.510523796081543,stop_after_010,1.510523796081543,0.0,0.0,0.0,0.02399827721492203,0.03490658503988659,-0.007635815477475192,-0.67,-0.99,8.950000000000001,0.0,0.882643461227417,0.0,0.00072517991065979,1.0,1.0,7.5,0.23900000000000005,True,True,False
19.530892848968506,stop_after_010,1.5308928489685059,0.0,0.0,0.0,0.025089107997418487,0.025089107997418487,-0.014180800172453928,-0.63,-0.92,9.33,0.0,0.8845645189285278,0.0,0.0009785573929548264,1.0,1.0,7.5,0.23900000000000005,True,True,False
19.551366567611694,stop_after_010,1.5513665676116943,0.0,0.0,0.0,0.020725784867432664,0.009817477042468103,-0.016362461737446838,-0.59,-0.72,9.19,0.0,0.8864460587501526,0.0,0.0008589867502450943,1.0,1.0,7.5,0.23900000000000005,True,True,False
19.571736574172974,stop_after_010,1.5717365741729736,0.0,0.0,0.0,0.008726646259971648,0.00545415391248228,-0.030543261909900768,-0.5700000000000001,-0.65,9.24,0.077,0.8885545134544373,0.0,0.0010062195360660553,1.0,1.0,7.5,0.23900000000000005,True,True,False
19.592138051986694,stop_after_010,1.5921380519866943,0.0,0.0,0.0,0.0,-0.013089969389957472,-0.04581489286485115,-0.54,-0.8300000000000001,9.24,0.077,0.8919515609741211,0.0,0.0013510361313819885,1.0,1.0,7.5,0.23900000000000005,True,True,False
19.612570762634277,stop_after_010,1.6125707626342773,0.0,0.0,0.0,-0.013089969389957472,-0.009817477042468103,-0.037088246604879506,-0.54,-0.9,9.16,0.0,0.8929896354675293,0.0,0.0012003183364868164,1.0,1.0,7.5,0.23900000000000005,True,True,False
19.633013010025024,stop_after_010,1.6330130100250244,0.0,0.0,0.0,-0.014180800172453928,-0.028361600344907856,-0.013089969389957472,-0.53,-1.1300000000000001,9.27,0.077,0.8955587148666382,0.0,0.0010444186627864838,1.0,1.0,7.5,0.23900000000000005,True,True,False
19.653489112854004,stop_after_010,1.653489112854004,0.0,0.0,0.0,-0.014180800172453928,-0.03381575425739013,0.013089969389957472,-0.49,-1.1,9.19,0.0,0.8968561887741089,0.0,0.0011490844190120697,1.0,1.0,7.5,0.23900000000000005,True,True,False
19.673962593078613,stop_after_010,1.6739625930786133,0.0,0.0,0.0,-0.008726646259971648,-0.03381575425739013,0.018544123302439753,-0.53,-1.1300000000000001,9.22,0.0,0.8990241885185242,0.0,0.0011412166059017181,1.0,1.0,7.5,0.23199999999999998,True,True,False
19.694377422332764,stop_after_010,1.6943774223327637,0.0,0.0,0.0,-0.003272492347489368,-0.03599741582238305,0.026179938779914945,-0.53,-1.08,9.27,0.0,0.9006391167640686,0.0,0.001088108867406845,1.0,1.0,7.5,0.23199999999999998,True,True,False
19.714770078659058,stop_after_010,1.7147700786590576,0.0,0.0,0.0,-0.003272492347489368,-0.019634954084936207,0.017453292519943295,-0.37,-0.9,9.17,0.0,0.9008198976516724,0.0,0.001743454486131668,1.0,1.0,7.5,0.23199999999999998,True,True,False
19.735143184661865,stop_after_010,1.7351431846618652,0.0,0.0,0.0,-0.001090830782496456,-0.032724923474893676,-0.015271630954950384,-0.4,-0.91,9.41,0.0,0.9042577147483826,0.0,0.0012018606066703796,1.0,1.0,7.5,0.23199999999999998,True,True,False
19.755539178848267,stop_after_010,1.7555391788482666,0.0,0.0,0.0,0.003272492347489368,-0.014180800172453928,-0.016362461737446838,-0.41000000000000003,-0.8200000000000001,9.17,0.077,0.903014063835144,0.0,0.0019290558993816376,1.0,1.0,7.5,0.23199999999999998,True,True,False
19.77605128288269,stop_after_010,1.7760512828826904,0.0,0.0,0.0,-0.002181661564992912,-0.017453292519943295,-0.016362461737446838,-0.41000000000000003,-0.92,9.35,0.0,0.9034317135810852,0.0,0.0010211393237113953,1.0,1.0,7.5,0.23199999999999998,True,True,False
19.796419620513916,stop_after_010,1.796419620513916,0.0,0.0,0.0,-0.008726646259971648,0.002181661564992912,-0.006544984694978736,-0.38,-1.04,9.28,0.077,0.900820791721344,0.0,0.0014396458864212036,1.0,1.0,7.5,0.23199999999999998,True,True,False
19.81689691543579,stop_after_010,1.816896915435791,0.0,0.0,0.0,0.002181661564992912,-0.004363323129985824,0.03381575425739013,-0.5,-1.09,9.290000000000001,0.077,0.8984249234199524,0.0,0.00132649764418602,1.0,1.0,7.5,0.23199999999999998,True,True,False
19.837328910827637,stop_after_010,1.8373289108276367,0.0,0.0,0.0,-0.006544984694978736,-0.006544984694978736,0.032724923474893676,-0.46,-0.9400000000000001,9.13,0.0,0.896615207195282,0.0,0.0011496618390083313,1.0,1.0,7.5,0.23199999999999998,True,True,False
19.857810735702515,stop_after_010,1.8578107357025146,0.0,0.0,0.0,-0.001090830782496456,-0.020725784867432664,0.006544984694978736,-0.43,-0.92,9.32,0.0,0.8966266512870789,0.0,0.0018377788364887238,1.0,1.0,7.5,0.23199999999999998,True,True,False
19.87830376625061,stop_after_010,1.8783037662506104,0.0,0.0,0.0,0.002181661564992912,-0.014180800172453928,-0.00545415391248228,-0.45,-0.86,9.17,0.0,0.8948862552642822,0.0,0.001354314386844635,1.0,1.0,7.5,0.22599999999999998,True,True,False
19.89866805076599,stop_after_010,1.8986680507659912,0.0,0.0,0.0,0.001090830782496456,-0.013089969389957472,-0.03490658503988659,-0.47000000000000003,-1.09,9.19,0.0,0.894374430179596,0.0,0.0015998296439647675,1.0,1.0,7.5,0.22599999999999998,True,True,False
19.91914176940918,stop_after_010,1.9191417694091797,0.0,0.0,0.0,0.003272492347489368,-0.018544123302439753,-0.00545415391248228,-0.35000000000000003,-0.96,9.26,0.0,0.8924860954284668,0.0,0.0008901134133338928,1.0,1.0,7.5,0.22599999999999998,True,True,False
19.939838647842407,stop_after_010,1.9398386478424072,0.0,0.0,0.0,-0.007635815477475192,-0.01090830782496456,0.00545415391248228,-0.41000000000000003,-0.89,9.23,0.0,0.890964925289154,0.0,0.0005123652517795563,1.0,1.0,7.5,0.22599999999999998,True,True,False
19.960218906402588,stop_after_010,1.960218906402588,0.0,0.0,0.0,0.0,-0.015271630954950384,0.0,-0.4,-0.9400000000000001,9.31,0.0,0.8905293345451355,0.0,0.001052718609571457,1.0,1.0,7.5,0.22599999999999998,True,True,False
19.980680465698242,stop_after_010,1.9806804656982422,0.0,0.0,0.0,-0.003272492347489368,0.001090830782496456,0.001090830782496456,-0.37,-0.92,9.21,0.0,0.8880775570869446,0.0,0.000937584787607193,1.0,1.0,7.5,0.22599999999999998,True,True,False
20.00104308128357,forward_015,0.001043081283569336,0.15,0.0,0.0,-0.006544984694978736,0.001090830782496456,-0.014180800172453928,-0.39,-1.0,9.27,0.0,0.857883632183075,0.0,0.1633620783686638,1.0,1.0,7.5,0.22599999999999998,True,True,False
20.0215322971344,forward_015,0.021532297134399414,0.15,0.0,0.0,-0.001090830782496456,0.00545415391248228,-0.009817477042468103,-0.41000000000000003,-0.98,9.200000000000001,0.0,0.8708318471908569,0.0,0.06117302365601063,1.0,1.0,7.5,0.22599999999999998,True,True,False
20.04202914237976,forward_015,0.04202914237976074,0.15,0.0,0.0,-0.004363323129985824,0.003272492347489368,-0.020725784867432664,-0.36,-1.07,9.23,0.307,0.9231849908828735,0.0,0.040937491692602634,1.0,1.0,7.5,0.22599999999999998,True,True,False
20.062549352645874,forward_015,0.06254935264587402,0.15,0.0,0.0,0.06217735460229799,0.04799655442984406,-0.05235987755982989,-0.36,-1.07,9.23,0.844,0.9375482797622681,0.0,0.06154272332787513,1.0,1.0,7.5,0.22599999999999998,True,True,False
20.08292531967163,forward_015,0.08292531967163086,0.15,0.0,0.0,0.39924406639370286,0.3981532356112064,-0.21271200258680892,-0.36,-1.07,9.23,1.074,0.9419753551483154,0.0,0.03373344708234071,1.0,1.0,7.2,0.748,True,True,False
20.103291034698486,forward_015,0.10329103469848633,0.15,0.0,0.0,0.6774059159302992,0.6294093615004551,-0.9315694882519734,-0.36,-1.07,9.23,1.918,0.9344362020492554,0.0,0.04805154073983431,1.0,1.0,7.2,0.748,True,True,False
20.123762607574463,forward_015,0.12376260757446289,0.15,0.0,0.0,0.6348635154129374,1.0613783513690516,-1.373355955163038,-0.55,-0.2,8.34,1.304,0.9532262682914734,0.07142857142857142,0.07952993549406528,1.0,1.0,7.2,0.748,True,True,False
20.144143104553223,forward_015,0.14414310455322266,0.15,0.0,0.0,0.6501351463678877,0.9970193352017608,-1.858775653373961,-1.27,-1.35,7.82,1.151,0.9912851452827454,0.07142857142857142,0.12076223269104958,1.0,1.0,7.2,0.748,True,True,False
20.164639711380005,forward_015,0.16463971138000488,0.15,0.0,0.0,0.5366887449882564,1.0253809355466685,-2.0005836550985,-1.27,-1.35,7.82,1.227,0.9887030124664307,0.07142857142857142,0.09869593754410744,1.0,1.0,7.2,0.748,True,True,False
20.185017347335815,forward_015,0.18501734733581543,0.15,0.0,0.0,0.2792526803190927,0.9064803802545549,-1.6547902970471238,-1.31,-1.49,9.22,0.9210000000000002,0.9783286452293396,0.07142857142857142,0.05940586607903242,1.0,1.0,7.2,0.748,True,True,False
20.20537829399109,forward_015,0.20537829399108887,0.15,0.0,0.0,0.0719948316447661,0.07635815477475191,-0.8530296719122286,2.19,-2.29,6.640000000000001,1.841,0.7774379253387451,0.0,0.11352670192718506,1.0,0.0,7.2,0.748,True,True,False
20.225746870040894,forward_015,0.22574687004089355,0.15,0.0,0.0,0.15926129424448257,-0.14835298641951802,-0.23561944901923448,0.6900000000000001,-1.85,6.68,2.225,0.9342392086982727,0.0,0.08134014159440994,1.0,0.0,7.2,0.748,True,True,False
20.246112823486328,forward_015,0.24611282348632812,0.15,0.0,0.0,-0.2999784651865254,-0.032724923474893676,0.7341291166201148,-5.74,4.97,8.22,1.458,0.9219217300415039,0.0,0.1054269347951049,1.0,1.0,7.2,0.748,True,True,False
20.266480445861816,forward_015,0.2664804458618164,0.15,0.0,0.0,-1.1802789066611654,-0.5846852994181004,-0.16035212502697901,-5.74,4.97,8.22,0.9970000000000001,0.9531770348548889,0.07142857142857142,0.08027921197935939,1.0,1.0,7.2,0.748,True,True,False
20.2868435382843,forward_015,0.28684353828430176,0.15,0.0,0.0,-0.9195703496445123,0.21162117180431245,-0.9053895494720584,-5.74,4.97,8.22,0.6899999999999998,0.9575792551040649,0.07142857142857142,0.05732344416901469,1.0,1.0,7.3,0.45399999999999996,True,True,False
20.307213306427002,forward_015,0.30721330642700195,0.15,0.0,0.0,-0.5126904677733343,0.44505895925855404,-0.29561514205653955,-0.96,-0.65,9.78,0.767,0.9311914443969727,0.0,0.045016463845968246,1.0,1.0,7.3,0.45399999999999996,True,True,False
20.32768988609314,forward_015,0.32768988609313965,0.15,0.0,0.0,0.04036073895236887,0.20507618710933373,0.3665191429188092,-0.96,-0.65,9.78,0.537,0.9000352621078491,0.0,0.05085020512342453,0.0,1.0,7.3,0.45399999999999996,True,True,False
20.348052740097046,forward_015,0.3480527400970459,0.15,0.0,0.0,-0.17889624832941878,0.47669305195095124,-0.5726861608106394,-2.96,-5.46,8.91,0.537,0.9160510897636414,0.0,0.07581985672004521,0.0,1.0,7.3,0.45399999999999996,True,True,False
20.368526935577393,forward_015,0.3685269355773926,0.15,0.0,0.0,-0.33597588100890846,0.6261368691529657,-0.07853981633974483,-1.4000000000000001,-3.29,9.1,0.384,0.7640351057052612,0.0,0.15590828657150269,0.0,1.0,7.3,0.45399999999999996,True,True,False
20.38887596130371,forward_015,0.38887596130371094,0.15,0.0,0.0,-0.42215151282612845,0.6010477611555473,0.5475970528132209,-0.22,-2.4,7.78,0.767,0.929469645023346,0.0,0.06672061048448086,0.0,1.0,7.3,0.45399999999999996,True,True,False
20.409267902374268,forward_015,0.4092679023742676,0.15,0.0,0.0,-0.5115996369908379,0.40578905108868163,0.35997415822383044,-2.17,-2.71,7.79,0.844,0.9523584842681885,0.07142857142857142,0.04239770525600761,0.0,1.0,7.3,0.45399999999999996,True,True,False
20.429749727249146,forward_015,0.4297497272491455,0.15,0.0,0.0,-0.22143864884678055,0.26070855701665296,0.21489366415180183,-2.08,-2.57,9.13,1.304,0.9768887162208557,0.07142857142857142,0.03579949773848057,0.0,1.0,7.3,0.45399999999999996,True,True,False
20.45013666152954,forward_015,0.450136661529541,0.15,0.0,0.0,0.2923426497090502,-0.019634954084936207,0.6359543461954338,-1.72,-1.82,8.1,1.688,0.980807900428772,0.07142857142857142,0.051689790561795235,0.0,1.0,7.3,0.45399999999999996,True,True,False
20.470500946044922,forward_015,0.4705009460449219,0.15,0.0,0.0,0.8290313946973066,-0.015271630954950384,0.4908738521234052,-3.15,-1.84,7.97,1.841,0.9864075779914856,0.07142857142857142,0.05128836818039417,0.0,1.0,7.3,0.45399999999999996,True,True,False
20.49089503288269,forward_015,0.49089503288269043,0.15,0.0,0.0,1.064650843716541,-0.1712604328519436,-0.3327033886614191,-1.24,-5.88,7.76,1.995,0.9615587592124939,0.07142857142857142,0.04528992157429457,0.0,1.0,7.2,1.3829999999999998,True,True,False
20.512189388275146,forward_015,0.5121893882751465,0.15,0.0,0.0,1.064650843716541,-0.1712604328519436,-0.3327033886614191,-1.24,-5.88,7.76,1.227,0.9707615971565247,0.07142857142857142,0.052735913544893265,0.0,1.0,7.2,1.3829999999999998,True,True,False
20.532677173614502,forward_015,0.532677173614502,0.15,0.0,0.0,1.4028083862904424,-0.4276056667386107,0.14180800172453928,-0.46,-4.71,5.91,1.304,0.972195029258728,0.07142857142857142,0.06932294368743896,1.0,1.0,7.2,1.3829999999999998,True,True,False
20.553046703338623,forward_015,0.553046703338623,0.15,0.0,0.0,1.6471544815696486,-0.6479534848028948,0.37960911230876665,-2.33,-3.81,7.140000000000001,1.304,0.9622313976287842,0.07142857142857142,0.03561278060078621,1.0,1.0,7.2,1.3829999999999998,True,True,False
20.573530197143555,forward_015,0.5735301971435547,0.15,0.0,0.0,1.7758725139042304,-0.7374016089676042,0.36979163526629855,-1.6500000000000001,-3.5700000000000003,8.39,1.074,0.949566125869751,0.0,0.034842804074287415,1.0,1.0,7.2,1.3829999999999998,True,True,False
20.593892097473145,forward_015,0.5938920974731445,0.15,0.0,0.0,1.7791450062517198,-0.7123125009701857,0.7395832705325971,-1.6500000000000001,-3.5700000000000003,8.39,1.227,0.9319857358932495,0.0,0.07531905733048916,1.0,1.0,7.2,1.3829999999999998,True,True,False
20.61426329612732,forward_015,0.6142632961273193,0.15,0.0,0.0,0.5552328682906961,0.9392053037294485,-0.6424993308904126,-3.34,5.47,6.44,1.227,0.8907741904258728,0.0,0.08869742043316364,1.0,0.0,7.2,1.3829999999999998,True,True,False
20.63463306427002,forward_015,0.6346330642700195,0.15,0.0,0.0,0.4232423436086249,-0.30870511144649704,-1.1682797680537043,-3.34,5.47,6.44,0.9210000000000002,0.9463817477226257,0.0,0.09924205020070076,1.0,0.0,7.2,1.3829999999999998,True,True,False
20.655003309249878,forward_015,0.6550033092498779,0.15,0.0,0.0,0.6010477611555473,0.3327033886614191,-1.3668109704680593,-0.19,-2.75,1.99,1.074,0.9164335131645203,0.0,0.057985357474535704,1.0,0.0,7.2,1.3829999999999998,True,True,False
20.67540669441223,forward_015,0.6754066944122314,0.15,0.0,0.0,0.48432886742842646,0.10471975511965978,-0.6926775468852495,0.32,0.76,3.43,1.918,0.8417726159095764,0.0,0.038534932769834995,1.0,0.0,7.2,1.3829999999999998,True,True,False
20.69590187072754,forward_015,0.6959018707275391,0.15,0.0,0.0,0.18216874067690814,-0.545415391248228,-0.2683443724941282,0.32,0.76,3.43,1.918,0.9641991257667542,0.07142857142857142,0.06685479544103146,1.0,0.0,7.5,0.161,True,True,False
20.716269493103027,forward_015,0.7162694931030273,0.15,0.0,0.0,-0.13526301702956053,-0.02945243112740431,0.33488505022641196,-1.36,0.34,6.29,2.302,0.9704351425170898,0.07142857142857142,0.06577200442552567,1.0,0.0,7.5,0.161,True,True,False
20.736643314361572,forward_015,0.7366433143615723,0.15,0.0,0.0,-0.24980024919168842,-0.37960911230876665,1.160643952576229,-1.3800000000000001,4.17,7.75,1.841,0.9928006529808044,0.14285714285714285,0.06354554742574692,1.0,0.0,7.5,0.161,True,True,False
20.757025003433228,forward_015,0.7570250034332275,0.15,0.0,0.0,-0.3665191429188092,-0.2476185876266955,0.7657632093125121,-2.22,5.59,8.31,0.9210000000000002,0.9902886748313904,0.14285714285714285,0.04399364721029997,1.0,0.0,7.5,0.161,True,True,False
20.777398586273193,forward_015,0.7773985862731934,0.15,0.0,0.0,-0.5552328682906961,-0.018544123302439753,0.02945243112740431,-1.31,6.41,7.46,1.151,0.9883690476417542,0.14285714285714285,0.0899110957980156,1.0,0.0,7.5,0.161,True,True,False
20.797959089279175,forward_015,0.7979590892791748,0.15,0.0,0.0,-0.619591884457987,-0.09490227807719166,-0.9850201965942997,-1.31,6.41,7.46,1.458,0.984009861946106,0.14285714285714285,0.03975860774517059,1.0,1.0,7.5,0.161,True,True,False
20.81844997406006,forward_015,0.8184499740600586,0.15,0.0,0.0,-1.0711958284115197,0.8846637646046258,-1.7638733752967692,-2.58,2.21,6.88,1.381,0.9337018728256226,0.0,0.10410111211240292,1.0,1.0,7.5,0.161,True,True,False
20.838821411132812,forward_015,0.8388214111328125,0.15,0.0,0.0,-1.371174293598045,1.004655150679236,-2.3081979357625007,-1.58,2.42,4.04,0.6899999999999998,0.8393718600273132,0.0,0.037402751855552197,1.0,1.0,7.5,0.161,True,True,False
20.859194040298462,forward_015,0.8591940402984619,0.15,0.0,0.0,-1.6067937426172796,0.6752242543653062,-2.6125397240790122,-1.58,2.42,4.04,1.534,0.8639072775840759,0.0,0.024824079126119614,0.0,1.0,7.5,0.161,True,True,False
20.879561185836792,forward_015,0.879561185836792,0.15,0.0,0.0,-1.6067937426172796,0.6752242543653062,-2.6125397240790122,-1.58,2.42,4.04,1.304,0.85181725025177,0.0,0.05503744073212147,1.0,1.0,7.5,0.161,True,True,False
20.90011215209961,forward_015,0.9001121520996094,0.15,0.0,0.0,-1.6067937426172796,0.6752242543653062,-2.6125397240790122,-3.59,-1.81,5.75,1.304,0.8522440791130066,0.0,0.021084614098072052,1.0,1.0,7.1,1.521,True,True,False
20.920477151870728,forward_015,0.9204771518707275,0.15,0.0,0.0,-1.6067937426172796,0.6752242543653062,-2.6125397240790122,-4.67,-1.16,7.72,0.9970000000000001,0.9088117480278015,0.0,0.03299684077501297,1.0,1.0,7.1,1.521,True,True,False
20.940848350524902,forward_015,0.9408483505249023,0.15,0.0,0.0,-1.6067937426172796,0.6752242543653062,-2.6125397240790122,-4.67,-1.16,7.72,0.844,0.8716743588447571,0.0,0.04059372469782829,0.0,1.0,7.1,1.521,True,True,False
20.961222887039185,forward_015,0.9612228870391846,0.15,0.0,0.0,-1.6067937426172796,0.6752242543653062,-2.6125397240790122,-3.62,-1.3800000000000001,6.83,0.767,0.7764065861701965,0.0,0.034781016409397125,0.0,1.0,7.1,1.521,True,True,False
20.981804609298706,forward_015,0.981804609298706,0.15,0.0,0.0,-1.6067937426172796,0.6752242543653062,-2.6125397240790122,-3.62,-1.3800000000000001,6.83,0.6899999999999998,0.8002537488937378,0.0,0.04011894483119249,0.0,1.0,7.1,1.521,True,True,False
21.002191305160522,forward_015,1.0021913051605225,0.15,0.0,0.0,-1.6067937426172796,0.6752242543653062,-2.6125397240790122,-3.0300000000000002,-0.75,7.71,0.9210000000000002,0.8546029329299927,0.0,0.031156217679381364,0.0,1.0,7.1,1.521,True,True,False
21.02255892753601,forward_015,1.0225589275360107,0.15,0.0,0.0,-1.6067937426172796,0.6752242543653062,-2.6125397240790122,-2.81,-1.1300000000000001,6.8500000000000005,0.537,0.8675999641418457,0.0,0.02836170420050621,0.0,1.0,7.1,1.521,True,True,False
21.042941331863403,forward_015,1.0429413318634033,0.15,0.0,0.0,-1.6067937426172796,0.6752242543653062,-2.6125397240790122,-2.91,-2.22,9.0,0.767,0.8761003613471985,0.0,0.030068823834881186,0.0,1.0,7.1,1.521,True,True,False
21.063312768936157,forward_015,1.0633127689361572,0.15,0.0,0.0,-1.6067937426172796,0.6752242543653062,-2.6125397240790122,-3.8000000000000003,-2.21,5.55,0.9970000000000001,0.8421991467475891,0.0,0.05203360156156123,0.0,1.0,7.1,1.521,True,True,False
21.083677530288696,forward_015,1.0836775302886963,0.15,0.0,0.0,-1.6067937426172796,0.6752242543653062,-2.6125397240790122,-2.45,-3.3200000000000003,7.54,1.074,0.8387064933776855,0.0,0.01720442622900009,0.0,1.0,7.1,1.521,True,True,False
21.104052782058716,forward_015,1.1040527820587158,0.15,0.0,0.0,-1.6067937426172796,0.6752242543653062,-2.6125397240790122,-2.69,-3.41,6.96,0.767,0.8194228410720825,0.0,0.041027769446372986,1.0,1.0,7.2,0.9100000000000001,True,True,False
21.12449336051941,forward_015,1.1244933605194092,0.15,0.0,0.0,-1.6067937426172796,0.6752242543653062,-2.6125397240790122,-2.71,-3.22,7.09,0.6899999999999998,0.8469095230102539,0.0,0.0223888186737895,1.0,1.0,7.2,0.9100000000000001,True,True,False
21.144862174987793,forward_015,1.144862174987793,0.15,0.0,0.0,-1.6067937426172796,0.6752242543653062,-2.6125397240790122,-2.71,-3.22,7.09,0.844,0.8685353994369507,0.0,0.015351768583059311,1.0,1.0,7.2,0.9100000000000001,True,True,False
21.165228605270386,forward_015,1.1652286052703857,0.15,0.0,0.0,-1.6067937426172796,0.6752242543653062,-2.6125397240790122,-2.71,-3.22,7.09,0.9970000000000001,0.8803876638412476,0.0,0.02590610273182392,1.0,1.0,7.2,0.9100000000000001,True,True,False
21.185597896575928,forward_015,1.1855978965759277,0.15,0.0,0.0,-1.6067937426172796,0.6752242543653062,-2.6125397240790122,-1.6300000000000001,2.13,5.84,0.9210000000000002,0.7957575917243958,0.0,0.07983632758259773,1.0,1.0,7.2,0.9100000000000001,True,True,False
21.20620322227478,forward_015,1.2062032222747803,0.15,0.0,0.0,-1.6067937426172796,0.6752242543653062,-2.6125397240790122,-0.37,2.42,6.5200000000000005,0.614,0.7672709226608276,0.0,0.02628069370985031,1.0,1.0,7.2,0.9100000000000001,True,True,False
21.226691007614136,forward_015,1.2266910076141357,0.15,0.0,0.0,-1.6067937426172796,0.6752242543653062,-2.6125397240790122,-4.12,3.3200000000000003,8.14,0.537,0.851115882396698,0.0,0.043251898139715195,1.0,1.0,7.2,0.9100000000000001,True,True,False
21.24709129333496,forward_015,1.247091293334961,0.15,0.0,0.0,-1.6067937426172796,0.6752242543653062,-2.6125397240790122,-4.12,3.3200000000000003,8.14,0.767,0.8316180109977722,0.0,0.03862154111266136,1.0,0.0,7.2,0.9100000000000001,True,True,False
21.267453908920288,forward_015,1.267453908920288,0.15,0.0,0.0,-1.6067937426172796,0.6752242543653062,-2.6125397240790122,-2.66,2.06,7.2700000000000005,1.304,0.7306207418441772,0.0,0.047208729200065136,1.0,0.0,7.2,0.9100000000000001,True,True,False
21.28788995742798,forward_015,1.2878899574279785,0.15,0.0,0.0,0.22362031041177347,-0.4886921905584123,-1.4682582332402296,-1.12,0.27,8.8,1.458,0.8452697396278381,0.0,0.13150901347398758,1.0,0.0,7.2,0.9100000000000001,True,True,False
21.308391094207764,forward_015,1.3083910942077637,0.15,0.0,0.0,-0.31852258848896514,-0.5443245604657315,-0.7374016089676042,-0.53,-1.07,8.32,1.074,0.9033665060997009,0.0,0.17646482586860657,1.0,1.0,7.1,1.2069999999999999,True,True,False
21.32877254486084,forward_015,1.3287725448608398,0.15,0.0,0.0,-0.8552113334772214,-1.0090184738092218,-0.25416357232167425,-1.46,2.5,7.92,0.844,0.9845777153968811,0.07142857142857142,0.04894549027085304,1.0,1.0,7.1,1.2069999999999999,True,True,False
21.349159479141235,forward_015,1.3491594791412354,0.15,0.0,0.0,-1.279544507868343,-1.241365430480967,-0.24980024919168842,-2.07,3.5100000000000002,6.57,1.304,0.9898264408111572,0.07142857142857142,0.05678015761077403,1.0,1.0,7.1,1.2069999999999999,True,True,False
21.369569301605225,forward_015,1.3695693016052246,0.15,0.0,0.0,-1.3580843242080878,-1.1388273369263,-0.6861325621902709,-2.07,3.5100000000000002,6.57,1.534,0.9817107915878296,0.14285714285714285,0.046106175519526005,0.0,1.0,7.1,1.2069999999999999,True,True,False
21.390012502670288,forward_015,1.390012502670288,0.15,0.0,0.0,-0.9097528726020443,-0.9250245035569946,-1.2119129993535627,-2.07,3.5100000000000002,6.57,1.381,0.9785972833633423,0.14285714285714285,0.03414159640669823,1.0,1.0,7.1,1.2069999999999999,True,True,False
21.410555839538574,forward_015,1.4105558395385742,0.15,0.0,0.0,-0.44833145160604343,0.04581489286485115,-1.385355093770499,0.4,-4.2700000000000005,7.32,1.151,0.9695788025856018,0.14285714285714285,0.05731658125296235,1.0,1.0,7.1,1.2069999999999999,True,True,False
21.430925846099854,forward_015,1.4309258460998535,0.15,0.0,0.0,0.2792526803190927,-0.37742745074377376,-1.4082625402029247,2.2600000000000002,0.81,9.73,0.9210000000000002,0.9775329232215881,0.14285714285714285,0.052004650235176086,1.0,1.0,7.1,1.2069999999999999,True,True,False
21.45142960548401,forward_015,1.4514296054840088,0.15,0.0,0.0,0.990474350506782,-0.48651052899341934,-1.1693705988362009,3.2800000000000002,-1.3900000000000001,9.28,0.767,0.9686287045478821,0.07142857142857142,0.06487537734210491,1.0,1.0,7.1,1.2069999999999999,True,True,False
21.471800565719604,forward_015,1.4718005657196045,0.15,0.0,0.0,0.5475970528132209,-0.06326818538479445,-1.3504485087306124,1.54,-7.0200000000000005,9.120000000000001,0.6899999999999998,0.9680845141410828,0.07142857142857142,0.06585562974214554,1.0,1.0,7.1,1.2069999999999999,True,True,False
21.49220037460327,forward_015,1.4922003746032715,0.15,0.0,0.0,-0.04690572364734761,-0.1712604328519436,-0.8770279491271507,-0.23,-0.48,9.67,0.537,0.9733273386955261,0.07142857142857142,0.03785961866378784,1.0,1.0,7.1,1.2069999999999999,True,True,False
21.512573719024658,forward_015,1.5125737190246582,0.15,0.0,0.0,-0.04254240051736178,0.4079707126536745,0.09053895494720585,-0.84,-3.41,8.03,0.614,0.9671246409416199,0.14285714285714285,0.06677562050754204,1.0,1.0,7.5,0.127,True,True,False
21.53356695175171,forward_015,1.533566951751709,0.15,0.0,0.0,0.06872233929727672,0.10144726277217041,0.4657847441259867,-0.84,-3.41,8.03,0.6899999999999998,0.9692770838737488,0.14285714285714285,0.06841166317462921,1.0,1.0,7.5,0.127,True,True,False
21.553934574127197,forward_015,1.5539345741271973,0.15,0.0,0.0,-0.09381144729469522,-0.23234695667174513,0.8443030256522569,-0.84,-3.41,8.03,0.384,0.9871339797973633,0.07142857142857142,0.11151468381285667,1.0,1.0,7.5,0.127,True,True,False
21.574315309524536,forward_015,1.5743153095245361,0.15,0.0,0.0,0.10799224746714914,0.346884188833873,0.7995789635699022,-0.15,1.0,8.44,0.614,0.957123875617981,0.14285714285714285,0.10524525493383408,1.0,1.0,7.5,0.127,True,True,False
21.59468412399292,forward_015,1.59468412399292,0.15,0.0,0.0,0.04581489286485115,0.4930555136883981,0.3043417883165112,-0.15,1.0,8.44,1.151,0.9531537890434265,0.07142857142857142,0.026696860790252686,1.0,1.0,7.5,0.127,True,True,False
21.61508584022522,forward_015,1.6150858402252197,0.15,0.0,0.0,0.020725784867432664,0.8072147790473774,-0.3763366199612773,-2.74,0.54,7.22,1.688,0.945114254951477,0.0,0.06284523941576481,1.0,1.0,7.5,0.127,True,True,False
21.6354558467865,forward_015,1.635455846786499,0.15,0.0,0.0,0.4166973589136462,0.6926775468852495,-0.7450374244450795,0.39,1.8900000000000001,9.620000000000001,1.765,0.9469005465507507,0.0,0.08701949287205935,1.0,1.0,7.5,0.127,True,True,False
21.65582847595215,forward_015,1.6558284759521484,0.15,0.0,0.0,0.7515824091400581,0.9108437033845407,-1.3166327544732224,0.39,1.8900000000000001,9.620000000000001,1.6110000000000002,0.8682944178581238,0.0,0.061339378356933594,1.0,1.0,7.5,0.127,True,True,False
21.676270246505737,forward_015,1.6762702465057373,0.15,0.0,0.0,0.9632035809443706,1.2348204457859882,-1.335176877775662,0.39,1.8900000000000001,9.620000000000001,1.304,0.7983627319335938,0.0,0.14466385543346405,1.0,1.0,7.5,0.127,True,True,False
21.696642875671387,forward_015,1.6966428756713867,0.15,0.0,0.0,1.0177451200691934,1.239183768915974,-1.5206181108000596,-1.41,-1.48,8.85,0.844,0.9402321577072144,0.0,0.08519595116376877,1.0,1.0,7.5,0.127,True,True,False
21.717174768447876,forward_015,1.717174768447876,0.15,0.0,0.0,1.119192382841364,0.8181230868723419,-1.8173240836390956,-0.78,-3.16,9.43,1.074,0.9574308395385742,0.07142857142857142,0.05905117467045784,1.0,1.0,7.1,1.4369999999999998,True,True,False
21.73753333091736,forward_015,1.7375333309173584,0.15,0.0,0.0,0.8726646259971648,0.6381360077604268,-1.5675238344474072,-1.27,-2.46,8.26,1.151,0.9178858995437622,0.0,0.03872053697705269,1.0,0.0,7.1,1.4369999999999998,True,True,False
21.757899284362793,forward_015,1.757899284362793,0.15,0.0,0.0,0.6272276999354622,0.09926560120717749,-0.9457502884244273,1.02,-3.21,7.95,1.6110000000000002,0.8086041808128357,0.0,0.12397205084562302,1.0,0.0,7.1,1.4369999999999998,True,True,False
21.778324842453003,forward_015,1.778324842453003,0.15,0.0,0.0,0.2977968036215325,-0.08399397025222712,-0.12762720155208535,-4.63,2.11,6.78,2.071,0.97649085521698,0.14285714285714285,0.059460206888616085,1.0,0.0,7.1,1.4369999999999998,True,True,False
21.79870295524597,forward_015,1.7987029552459717,0.15,0.0,0.0,-0.031634092692397225,-0.09599310885968812,0.3752457891787809,-7.09,3.27,9.290000000000001,1.304,0.9856679439544678,0.21428571428571427,0.04444809374399483,1.0,0.0,7.1,1.4369999999999998,True,True,False
21.81906747817993,forward_015,1.8190674781799316,0.15,0.0,0.0,-0.8235772407848243,-0.15817046346198613,0.08617563181722002,-7.09,3.27,9.290000000000001,0.9210000000000002,0.976983904838562,0.14285714285714285,0.12466408684849739,1.0,1.0,7.1,1.4369999999999998,True,True,False
21.839437246322632,forward_015,1.8394372463226318,0.15,0.0,0.0,-1.3569934934255912,-0.31306843457648287,-0.34143003492139073,2.87,7.32,3.5700000000000003,1.151,0.9671489596366882,0.07142857142857142,0.07789668068289757,1.0,1.0,7.1,1.4369999999999998,True,True,False
21.859813690185547,forward_015,1.8598136901855469,0.15,0.0,0.0,-1.1650072757062149,-0.23561944901923448,-0.892299580082101,2.73,4.74,1.8,0.9210000000000002,0.9531368017196655,0.07142857142857142,0.0359156122431159,1.0,1.0,7.1,1.4369999999999998,True,True,False
21.880176544189453,forward_015,1.8801765441894531,0.15,0.0,0.0,-1.102829921103917,-0.5508695451607103,-0.9632035809443706,2.73,4.74,1.8,0.6899999999999998,0.9696319699287415,0.07142857142857142,0.031417339108884335,1.0,1.0,7.1,1.4369999999999998,True,True,False
21.900577306747437,forward_015,1.9005773067474365,0.15,0.0,0.0,-0.38069994309126315,0.41015237421866746,0.4232423436086249,2.73,4.74,1.8,0.9970000000000001,0.9300274848937988,0.0,0.033143043518066406,1.0,1.0,7.1,1.4369999999999998,True,True,False
21.92095923423767,forward_015,1.920959234237671,0.15,0.0,0.0,-0.06326818538479445,0.38288160465625604,-0.13853550937704992,-1.24,-3.95,8.11,0.767,0.9484215974807739,0.0,0.04951074789278209,1.0,1.0,7.4,0.5760000000000001,True,True,False
21.94132709503174,forward_015,1.9413270950317383,0.15,0.0,0.0,0.17998707911191522,-0.23125612588924865,0.3937899124812206,0.16,-0.51,7.43,0.6899999999999998,0.9676663279533386,0.07142857142857142,0.05205360520631075,1.0,1.0,7.4,0.5760000000000001,True,True,False
21.961760997772217,forward_015,1.9617609977722168,0.15,0.0,0.0,0.04254240051736178,0.4930555136883981,0.7635815477475192,0.16,-0.51,7.43,0.767,0.8811290264129639,0.0,0.0641037980094552,1.0,1.0,7.4,0.5760000000000001,True,True,False
21.9822838306427,forward_015,1.9822838306427002,0.15,0.0,0.0,-0.18544123302439752,0.18216874067690814,0.48323803664593,0.16,-0.51,7.43,0.46,0.928587794303894,0.0,0.01912093162536621,1.0,1.0,7.4,0.5760000000000001,True,True,False
22.00276017189026,forward_015,2.002760171890259,0.15,0.0,0.0,-0.17671458676442586,0.3108867730114899,0.46687557490848314,-1.1400000000000001,-0.6900000000000001,6.5600000000000005,0.307,0.9290042519569397,0.0,0.044415127485990524,1.0,1.0,7.4,0.5760000000000001,True,True,False
22.023134469985962,forward_015,2.023134469985962,0.15,0.0,0.0,-0.20616701789183017,0.04254240051736178,0.46796640569097964,-3.04,-0.01,8.57,0.307,0.9703264236450195,0.07142857142857142,0.04360183118842542,1.0,1.0,7.4,0.5760000000000001,True,True,False
22.043542861938477,forward_015,2.0435428619384766,0.15,0.0,0.0,-0.25416357232167425,0.15707963267948966,0.44178646691106466,-3.04,-0.01,8.57,0.307,0.9690374732017517,0.07142857142857142,0.05954619706608355,1.0,1.0,7.4,0.5760000000000001,True,True,False
22.063933849334717,forward_015,2.063933849334717,0.15,0.0,0.0,-0.12326387842209953,0.06763150851478027,0.14835298641951802,-1.6500000000000001,2.39,8.82,0.614,0.9830622673034668,0.14285714285714285,0.08505016379058361,1.0,1.0,7.4,0.5760000000000001,True,True,False
22.084343433380127,forward_015,2.084343433380127,0.15,0.0,0.0,-0.039269908169872414,-0.13744467859455345,-0.33597588100890846,-1.24,0.03,8.49,0.767,0.9861647486686707,0.14285714285714285,0.0721869021654129,1.0,1.0,7.4,0.5760000000000001,True,True,False
22.104718685150146,forward_015,2.1047186851501465,0.15,0.0,0.0,-0.07744898555724837,-0.13526301702956053,-0.37088246604879505,-2.79,0.54,9.56,0.9210000000000002,0.9787463545799255,0.14285714285714285,0.03478313656523824,0.0,1.0,7.4,0.5760000000000001,True,True,False
22.125096797943115,forward_015,2.1250967979431152,0.15,0.0,0.0,-0.10690141668465268,-0.23125612588924865,-0.44505895925855404,-1.86,-0.08,8.26,1.074,0.9770150184631348,0.14285714285714285,0.027431960683315992,0.0,1.0,7.2,0.8830000000000001,True,True,False
22.14545512199402,forward_015,2.1454551219940186,0.15,0.0,0.0,0.15707963267948966,-0.2901609881440573,-0.3523383427463553,-0.24,-2.11,7.03,1.227,0.9751502871513367,0.14285714285714285,0.0402265265583992,1.0,1.0,7.2,0.8830000000000001,True,True,False
22.165945529937744,forward_015,2.165945529937744,0.15,0.0,0.0,0.6686792696703275,-0.2519819107566813,-0.04799655442984406,-1.94,-2.37,8.57,1.765,0.9822345972061157,0.21428571428571427,0.04091441258788109,1.0,1.0,7.2,0.8830000000000001,True,True,False
22.186322927474976,forward_015,2.1863229274749756,0.15,0.0,0.0,1.014472627721704,-0.07744898555724837,-0.17889624832941878,-3.74,-3.62,9.3,1.151,0.9795066118240356,0.2857142857142857,0.04810972511768341,1.0,1.0,7.2,0.8830000000000001,True,True,False
22.20669960975647,forward_015,2.2066996097564697,0.15,0.0,0.0,1.2457287536109527,-0.1341721862470641,-0.2399827721492203,-3.74,-3.62,9.3,0.9210000000000002,0.9771595597267151,0.14285714285714285,0.02843162789940834,1.0,1.0,7.2,0.8830000000000001,True,True,False
22.227060794830322,forward_015,2.2270607948303223,0.15,0.0,0.0,0.7472190860100724,0.2454369260617026,-0.26070855701665296,-3.74,-3.62,9.3,0.844,0.9717257022857666,0.14285714285714285,0.01057451777160168,1.0,1.0,7.2,0.8830000000000001,True,True,False
22.247443437576294,forward_015,2.247443437576294,0.15,0.0,0.0,0.3337942194439155,0.08835729338221293,-0.9621127501618741,-1.6600000000000001,0.27,4.08,1.151,0.9571062326431274,0.07142857142857142,0.09958929196000099,1.0,1.0,7.2,0.8830000000000001,True,True,False
22.26781177520752,forward_015,2.2678117752075195,0.15,0.0,0.0,0.3763366199612773,-0.17671458676442586,-1.162825614141222,-1.6600000000000001,0.27,4.08,1.074,0.9847993850708008,0.14285714285714285,0.09075449779629707,1.0,1.0,7.2,0.8830000000000001,True,True,False
22.288183212280273,forward_015,2.2881832122802734,0.15,0.0,0.0,0.9021170571245691,0.4046982203061852,-0.8268497331323136,-2.2800000000000002,0.62,7.83,0.767,0.9719640016555786,0.07142857142857142,0.08096802607178688,1.0,1.0,7.2,0.8830000000000001,True,True,False
22.308550357818604,forward_015,2.3085503578186035,0.15,0.0,0.0,0.8890270877346116,-0.07308566242726255,-1.2326387842209952,-2.2800000000000002,0.62,7.83,0.9210000000000002,0.9560557007789612,0.14285714285714285,0.046336542814970016,1.0,1.0,7.2,0.8830000000000001,True,True,False
22.3289315700531,forward_015,2.3289315700531006,0.15,0.0,0.0,0.7395832705325971,0.1461713248545251,-1.5827954654023577,-0.49,-0.81,6.5600000000000005,1.458,0.8992230296134949,0.0,0.043415240943431854,1.0,0.0,7.3,0.595,True,True,False
22.349313497543335,forward_015,2.349313497543335,0.15,0.0,0.0,0.5443245604657315,-0.04690572364734761,-1.387536755335492,-0.93,-0.87,7.32,1.458,0.9518882632255554,0.07142857142857142,0.026920286938548088,1.0,0.0,7.3,0.595,True,True,False
22.369693994522095,forward_015,2.3696939945220947,0.15,0.0,0.0,0.15489797111449674,0.07963064712224129,-1.0722866591940161,-0.93,-0.01,8.52,1.765,0.9414623379707336,0.0,0.021094607189297676,1.0,0.0,7.3,0.595,True,True,False
22.39015245437622,forward_015,2.3901524543762207,0.15,0.0,0.0,0.08290313946973066,0.05235987755982989,0.10144726277217041,-2.17,0.67,5.83,1.841,0.9612862467765808,0.07142857142857142,0.034985486418008804,1.0,0.0,7.3,0.595,True,True,False
22.410518884658813,forward_015,2.4105188846588135,0.15,0.0,0.0,-0.5672320068981571,-0.04145156973486533,0.5443245604657315,-2.48,2.83,5.36,1.227,0.9262139201164246,0.0,0.037715960294008255,1.0,1.0,7.3,0.595,True,True,False
22.43089270591736,forward_015,2.4308927059173584,0.15,0.0,0.0,-0.9392053037294485,-0.1908953869368798,-0.06435901616729091,-2.75,6.97,7.94,0.844,0.933629035949707,0.0,0.031322550028562546,1.0,1.0,7.3,0.595,True,True,False
22.451265335083008,forward_015,2.451265335083008,0.15,0.0,0.0,-1.2140946609185554,0.17998707911191522,-1.1082840750163994,-1.09,5.21,8.0,0.537,0.9534857869148254,0.07142857142857142,0.042939607286825776,1.0,1.0,7.3,0.595,True,True,False
22.471741437911987,forward_015,2.4717414379119873,0.15,0.0,0.0,-1.3417218624706408,0.05235987755982989,-1.5086189721925987,-1.09,5.21,8.0,0.6899999999999998,0.943037748336792,0.0,0.015175972133874893,1.0,1.0,7.3,0.595,True,True,False
22.492112398147583,forward_015,2.492112398147583,0.15,0.0,0.0,-0.6261368691529657,0.7515824091400581,-0.7188574856651645,-6.2700000000000005,-4.7,9.15,0.537,0.9413828253746033,0.0,0.052862102165818214,0.0,1.0,7.3,0.595,True,True,False
22.512630939483643,forward_015,2.5126309394836426,0.15,0.0,0.0,-0.28034351110158917,0.657770961845363,0.14289883250703572,-0.87,-2.74,8.92,0.844,0.8902388215065002,0.0,0.04790262132883072,0.0,1.0,7.3,0.595,True,True,False
22.533010482788086,forward_015,2.533010482788086,0.15,0.0,0.0,-0.34033920413889424,0.11235557059713497,0.33052172709642613,-1.11,-4.17,8.21,0.844,0.8801551461219788,0.0,0.04087214916944504,0.0,1.0,7.2,1.02,True,True,False
22.554338693618774,forward_015,2.5543386936187744,0.15,0.0,0.0,-0.9795660426818175,0.7166758241001716,0.6261368691529657,-4.79,-4.41,7.87,0.9970000000000001,0.8361161947250366,0.0,0.12837816029787064,0.0,1.0,7.2,1.02,True,True,False
22.574716806411743,forward_015,2.574716806411743,0.15,0.0,0.0,-1.1377365061438036,0.22471114119426994,1.4671674024577332,-1.21,-1.3,8.620000000000001,0.767,0.9307426810264587,0.0,0.09666519484017044,0.0,1.0,7.2,1.02,True,True,False
22.595081567764282,forward_015,2.5950815677642822,0.15,0.0,0.0,-0.9293878266869805,0.02399827721492203,1.1061024134514064,-1.21,-1.3,8.620000000000001,0.844,0.8963888883590698,0.0,0.05147761106491089,0.0,1.0,7.2,1.02,True,True,False
22.615447759628296,forward_015,2.615447759628296,0.15,0.0,0.0,-0.7057675162752071,-0.28579766501407144,0.9926560120717749,-2.1,-0.66,9.21,1.227,0.9385517239570618,0.0,0.056077634915709496,0.0,1.0,7.2,1.02,True,True,False
22.63580870628357,forward_015,2.6358087062835693,0.15,0.0,0.0,-0.6435901616729091,-0.18216874067690814,0.8770279491271507,-3.5500000000000003,0.64,5.74,1.458,0.9702813625335693,0.07142857142857142,0.04553699470125139,0.0,1.0,7.2,1.02,True,True,False
22.656375646591187,forward_015,2.6563756465911865,0.15,0.0,0.0,-0.14944381720201447,-0.5879577917655898,0.3327033886614191,-3.5500000000000003,0.64,5.74,1.995,0.9830262660980225,0.14285714285714285,0.11313733644783497,0.0,1.0,7.2,1.02,True,True,False
22.67674946784973,forward_015,2.6767494678497314,0.15,0.0,0.0,0.4930555136883981,-0.385063266221249,-0.1908953869368798,-4.21,-1.49,6.88,2.071,0.9681883454322815,0.07142857142857142,0.0743973609060049,0.0,1.0,7.2,1.02,True,True,False
22.697115182876587,forward_015,2.697115182876587,0.15,0.0,0.0,0.9730210579868387,-0.7897614865274342,0.0,-0.37,-4.51,8.34,1.304,0.9341447353363037,0.0,0.05389534309506416,0.0,1.0,7.2,1.02,True,True,False
22.71749448776245,forward_015,2.717494487762451,0.15,0.0,0.0,1.2566370614359172,-0.8715737952146683,0.6850417314077744,-2.97,-4.34,7.140000000000001,1.304,0.9541812539100647,0.07142857142857142,0.04467115458101034,0.0,1.0,7.2,1.02,True,True,False
22.737873792648315,forward_015,2.7378737926483154,0.15,0.0,0.0,1.5162547876700738,-1.1420998292737894,1.0831949670189809,-3.42,-4.59,7.88,1.381,0.9778479933738708,0.14285714285714285,0.08551459573209286,1.0,1.0,7.0,1.974,True,True,False
22.758264303207397,forward_015,2.7582643032073975,0.15,0.0,0.0,1.6918785436520032,-0.9588402578143848,1.3002702927357754,-2.37,-2.9,5.48,1.227,0.95635586977005,0.07142857142857142,0.045288700610399246,1.0,1.0,7.0,1.974,True,True,False
22.77864360809326,forward_015,2.7786436080932617,0.15,0.0,0.0,1.8129607605091098,-1.0591966898040588,1.162825614141222,-2.29,-2.15,5.8500000000000005,1.151,0.9514646530151367,0.07142857142857142,0.04298260062932968,1.0,1.0,7.0,1.974,True,True,False
22.79901909828186,forward_015,2.7990190982818604,0.15,0.0,0.0,1.6896968820870102,-0.9206611804270088,1.3144510929082294,-2.29,-2.15,5.8500000000000005,1.381,0.9520490765571594,0.07142857142857142,0.06766646541655064,1.0,1.0,7.0,1.974,True,True,False
22.819436073303223,forward_015,2.8194360733032227,0.15,0.0,0.0,0.6326818538479445,0.5628686837681712,-0.459239759431008,-2.29,-2.15,5.8500000000000005,1.304,0.8633784651756287,0.0,0.06598540209233761,1.0,0.0,7.0,1.974,True,True,False
22.839808464050293,forward_015,2.839808464050293,0.15,0.0,0.0,0.5181446216858165,-0.7221299780126539,-1.8511398378964858,0.46,2.88,9.0,1.458,0.88180011510849,0.0,0.05820741504430771,1.0,0.0,7.0,1.974,True,True,False
22.86018705368042,forward_015,2.86018705368042,0.15,0.0,0.0,0.5977752688080579,0.21162117180431245,-1.6896968820870102,0.36,-0.45,3.3200000000000003,0.9210000000000002,0.9540092945098877,0.07142857142857142,0.08698171004652977,1.0,0.0,7.0,1.974,True,True,False
22.88054895401001,forward_015,2.8805489540100098,0.15,0.0,0.0,0.2879793265790644,-0.31525009614147576,-1.3755376167280309,1.25,0.98,6.5,1.381,0.9445709586143494,0.0,0.056996945291757584,1.0,0.0,7.0,1.974,True,True,False
22.900907278060913,forward_015,2.900907278060913,0.15,0.0,0.0,0.006544984694978736,-0.9217520112095053,-1.0733774899765127,0.9400000000000001,-0.29,8.6,1.6110000000000002,0.9778519868850708,0.07142857142857142,0.08258273638784885,1.0,0.0,7.0,1.974,True,True,False
22.921282052993774,forward_015,2.9212820529937744,0.15,0.0,0.0,-0.4505131131710363,-0.9424777960769379,0.44833145160604343,0.87,2.38,7.4,1.918,0.9905095100402832,0.07142857142857142,0.07111647259443998,1.0,0.0,7.0,1.974,True,True,False
22.941688299179077,forward_015,2.941688299179077,0.15,0.0,0.0,-0.4166973589136462,-0.9272061651219876,0.5115996369908379,0.87,2.38,7.4,1.6110000000000002,0.9905149936676025,0.07142857142857142,0.043392326682806015,1.0,0.0,7.3,0.681,True,True,False
22.962053537368774,forward_015,2.9620535373687744,0.15,0.0,0.0,-0.4603305902135044,-0.4145156973486533,0.17671458676442586,-1.3800000000000001,6.2700000000000005,7.65,0.767,0.996647834777832,0.14285714285714285,0.08782501146197319,1.0,0.0,7.3,0.681,True,True,False
22.982481956481934,forward_015,2.9824819564819336,0.15,0.0,0.0,-0.5257804371632918,-0.18980455615438332,-0.8737554567796613,-1.3800000000000001,6.2700000000000005,7.65,0.844,0.9894625544548035,0.14285714285714285,0.03352300450205803,1.0,0.0,7.3,0.681,True,True,False
23.002856254577637,forward_015,3.0028562545776367,0.15,0.0,0.0,-0.9064803802545549,0.2825251726665821,-1.9984019935335073,-1.3800000000000001,6.2700000000000005,7.65,0.9210000000000002,0.952753484249115,0.14285714285714285,0.07742318883538246,1.0,1.0,7.3,0.681,True,True,False
23.0232253074646,forward_015,3.0232253074645996,0.15,0.0,0.0,-1.3929909092479742,0.9381144729469522,-2.4510967682695366,-0.79,0.66,4.72,0.9210000000000002,0.9025336503982544,0.0,0.05189549922943115,1.0,1.0,7.3,0.681,True,True,False
23.043630599975586,forward_015,3.043630599975586,0.15,0.0,0.0,-1.5642513420999178,0.8944812416470939,-2.4630959068769975,-0.79,0.66,4.72,0.767,0.7670480608940125,0.0,0.029584787786006927,1.0,1.0,7.3,0.681,True,True,False
23.063994646072388,forward_015,3.0639946460723877,0.15,0.0,0.0,-0.5759586531581288,1.301361123518272,-0.595593607243065,-1.56,-8.01,6.79,1.458,0.9151988625526428,0.0,0.044338809326291084,0.0,1.0,7.3,0.681,True,True,False
23.084362268447876,forward_015,3.084362268447876,0.15,0.0,0.0,-0.5759586531581288,1.301361123518272,-0.595593607243065,-0.5700000000000001,-6.91,6.48,1.765,0.6693878769874573,0.0,0.0709582269191742,1.0,1.0,7.3,0.681,True,True,False
23.104719400405884,forward_015,3.104719400405884,0.15,0.0,0.0,-0.5759586531581288,1.301361123518272,-0.595593607243065,-4.0,0.8200000000000001,8.28,1.074,0.9010357856750488,0.0,0.05687570013105869,0.0,1.0,7.3,0.681,True,True,False
23.125185251235962,forward_015,3.125185251235962,0.15,0.0,0.0,-1.0461067204141012,1.0821041362364843,0.4799655442984406,-4.0,0.8200000000000001,8.28,0.9970000000000001,0.8662072420120239,0.0,0.16082701832056046,0.0,1.0,7.3,0.681,True,True,False
23.145546913146973,forward_015,3.1455469131469727,0.15,0.0,0.0,-0.9413869652944415,0.6992225315802283,1.1999138607461015,-0.9500000000000001,-0.23,6.3,1.304,0.7254985570907593,0.0,0.04311832692474127,0.0,1.0,6.7,2.2089999999999996,True,True,False
23.166298389434814,forward_015,3.1662983894348145,0.15,0.0,0.0,-0.4799655442984406,-0.18980455615438332,1.0351984125891367,-2.46,-1.92,7.8500000000000005,1.151,0.9306245446205139,0.0,0.05296091362833977,0.0,1.0,6.7,2.2089999999999996,True,True,False
23.18666362762451,forward_015,3.1866636276245117,0.15,0.0,0.0,-0.04363323129985824,-0.40906154343617096,1.1159198904938745,-3.09,-3.7,8.68,0.844,0.9838080406188965,0.07142857142857142,0.07443194463849068,0.0,1.0,6.7,2.2089999999999996,True,True,False
23.20713233947754,forward_015,3.207132339477539,0.15,0.0,0.0,0.25416357232167425,-0.2399827721492203,1.0788316438889949,-2.8000000000000003,-1.3900000000000001,6.61,1.534,0.993101954460144,0.07142857142857142,0.04415439814329147,0.0,1.0,6.7,2.2089999999999996,True,True,False
23.22752356529236,forward_015,3.2275235652923584,0.15,0.0,0.0,0.4308781590861001,-0.3665191429188092,0.5137812985558308,-1.26,-3.29,6.04,1.995,0.981454610824585,0.07142857142857142,0.04375641420483589,0.0,1.0,6.7,2.2089999999999996,True,True,False
23.24801540374756,forward_015,3.2480154037475586,0.15,0.0,0.0,0.6915867161027531,-0.48323803664593,0.6806784082777885,-1.43,-5.66,6.05,1.6110000000000002,0.9555079340934753,0.14285714285714285,0.0380934476852417,0.0,1.0,6.7,2.2089999999999996,True,True,False
23.268390417099,forward_015,3.268390417098999,0.15,0.0,0.0,1.0330167510241437,-0.8432121948697605,1.0951941056264418,-2.25,-3.31,6.88,1.381,0.9683119058609009,0.07142857142857142,0.053045304492115974,0.0,1.0,6.7,2.2089999999999996,True,True,False
23.288756608963013,forward_015,3.2887566089630127,0.15,0.0,0.0,1.1835513990086548,-0.8999353955595761,1.0101093045917182,-1.78,-3.33,7.43,1.995,0.9832925200462341,0.14285714285714285,0.09833464189432561,1.0,1.0,6.7,2.2089999999999996,True,True,False
23.30926012992859,forward_015,3.309260129928589,0.15,0.0,0.0,1.4158983556804,-0.8672104720846825,0.9621127501618741,-2.15,-3.93,7.42,1.534,0.9761624932289124,0.07142857142857142,0.05082760378718376,1.0,1.0,6.7,2.2089999999999996,True,True,False
23.329625129699707,forward_015,3.329625129699707,0.15,0.0,0.0,1.7453292519943295,-0.8912087492996045,1.3864459245529954,0.65,-3.63,9.18,1.304,0.9438558220863342,0.0,0.047294970601797104,1.0,1.0,6.7,2.2089999999999996,True,True,False
23.35001540184021,forward_015,3.35001540184021,0.15,0.0,0.0,0.9697485656393493,0.2007128639793479,0.9686577348568529,0.65,-3.63,9.18,1.151,0.8441962599754333,0.0,0.10943087190389633,1.0,1.0,7.2,0.9280000000000002,True,True,False
23.370384454727173,forward_015,3.370384454727173,0.15,0.0,0.0,0.6992225315802283,0.3108867730114899,-0.9599310885968813,0.65,-3.63,9.18,1.381,0.7883740663528442,0.0,0.046196072493330576,1.0,0.0,7.2,0.9280000000000002,True,True,False
23.390766620635986,forward_015,3.3907666206359863,0.15,0.0,0.0,0.6981317007977318,-0.007635815477475192,-1.3046336158657614,0.65,-3.63,9.18,1.458,0.9388433694839478,0.0,0.09148125536739826,1.0,0.0,7.2,0.9280000000000002,True,True,False
23.411184072494507,forward_015,3.411184072494507,0.15,0.0,0.0,0.3327033886614191,0.7210391472301574,-1.2620912153483996,2.49,0.0,6.6000000000000005,1.074,0.9129259586334229,0.0,0.050945550203323364,1.0,0.0,7.2,0.9280000000000002,True,True,False
23.431650638580322,forward_015,3.4316506385803223,0.15,0.0,0.0,-0.06217735460229799,-0.42542400517361784,-0.6239552075879728,-0.04,-0.54,7.43,1.381,0.8726010918617249,0.0,0.07555905543267727,1.0,0.0,7.2,0.9280000000000002,True,True,False
23.45204496383667,forward_015,3.45204496383667,0.15,0.0,0.0,-0.3741549583962844,-0.23125612588924865,0.20725784867432664,-1.05,-0.87,3.99,1.918,0.89410799741745,0.0,0.05704279523342848,1.0,0.0,7.2,0.9280000000000002,True,True,False
23.472404956817627,forward_015,3.472404956817627,0.15,0.0,0.0,-0.5312345910757741,-0.842121364087264,0.940296134511945,-0.19,3.0100000000000002,9.27,2.148,0.9849275946617126,0.07142857142857142,0.0882672150619328,1.0,0.0,7.2,0.9280000000000002,True,True,False
23.49278163909912,forward_015,3.492781639099121,0.15,0.0,0.0,-0.5061454830783556,-0.6119560689805118,1.004655150679236,-1.68,6.55,8.56,1.534,0.9908849000930786,0.07142857142857142,0.06956855393946171,1.0,0.0,7.2,0.9280000000000002,True,True,False
23.513147830963135,forward_015,3.5131478309631348,0.15,0.0,0.0,-0.605411084285533,-0.22689280275926285,0.4177881896961426,-1.68,6.55,8.56,0.9210000000000002,0.9842483997344971,0.07142857142857142,0.05735534185077995,1.0,0.0,7.2,0.9280000000000002,True,True,False
23.533571004867554,forward_015,3.5335710048675537,0.15,0.0,0.0,-0.605411084285533,0.08399397025222712,-0.4723297288209654,-0.41000000000000003,4.3500000000000005,7.6000000000000005,0.9970000000000001,0.9878901243209839,0.14285714285714285,0.06514725461602211,1.0,0.0,7.2,0.9280000000000002,True,True,False
23.55410099029541,forward_015,3.55410099029541,0.15,0.0,0.0,-0.7624907169650227,0.5388704065532492,-1.6438819892221592,-1.44,0.62,5.98,1.458,0.9375709891319275,0.0,0.11129589378833771,1.0,1.0,7.3,0.683,True,True,False
23.575401782989502,forward_015,3.575401782989502,0.15,0.0,0.0,-1.261000384565903,1.1802789066611654,-2.121665871955607,-0.36,1.46,4.05,0.9210000000000002,0.8763468861579895,0.0,0.06272054556757212,1.0,1.0,7.3,0.683,True,True,False
23.59576678276062,forward_015,3.59576678276062,0.15,0.0,0.0,-1.261000384565903,1.1802789066611654,-2.121665871955607,-0.36,1.46,4.05,1.458,0.9218377470970154,0.0,0.037282709032297134,0.0,1.0,7.3,0.683,True,True,False
23.616140365600586,forward_015,3.616140365600586,0.15,0.0,0.0,-1.3482668471656196,1.1922780452686264,-1.598067096357308,-0.36,1.46,4.05,1.381,0.965543806552887,0.07142857142857142,0.04896475002169609,0.0,1.0,7.3,0.683,True,True,False
23.636503219604492,forward_015,3.636503219604492,0.15,0.0,0.0,-1.3482668471656196,1.1922780452686264,-1.598067096357308,-0.36,1.46,4.05,1.304,0.9194846153259277,0.0,0.05910254846094176,1.0,1.0,7.3,0.683,True,True,False
23.656864643096924,forward_015,3.656864643096924,0.15,0.0,0.0,-1.3482668471656196,1.1922780452686264,-1.598067096357308,-3.5,-1.01,6.74,1.151,0.8843798041343689,0.0,0.0598091222345829,1.0,1.0,7.3,0.683,True,True,False
23.677226066589355,forward_015,3.6772260665893555,0.15,0.0,0.0,-1.3482668471656196,1.1922780452686264,-1.598067096357308,-3.5,-1.01,6.74,0.844,0.8981567621231079,0.0,0.06848159432411194,1.0,1.0,7.3,0.683,True,True,False
23.697601556777954,forward_015,3.697601556777954,0.15,0.0,0.0,-1.3482668471656196,1.1922780452686264,-1.598067096357308,-3.5,-1.01,6.74,0.9210000000000002,0.831885814666748,0.0,0.021760571282356977,0.0,1.0,7.3,0.683,True,True,False
23.718053102493286,forward_015,3.718053102493286,0.15,0.0,0.0,-1.3482668471656196,1.1922780452686264,-1.598067096357308,-3.25,-1.16,7.890000000000001,1.074,0.7740820050239563,0.0,0.04350145347416401,0.0,1.0,7.3,0.683,True,True,False
23.73842978477478,forward_015,3.7384297847747803,0.15,0.0,0.0,-1.3482668471656196,1.1922780452686264,-1.598067096357308,-1.51,-1.19,8.4,1.151,0.7104763388633728,0.0,0.03240804374217987,0.0,1.0,7.3,0.683,True,True,False
23.758795499801636,forward_015,3.7587954998016357,0.15,0.0,0.0,-1.3482668471656196,1.1922780452686264,-1.598067096357308,-0.9400000000000001,-2.93,6.57,0.9210000000000002,0.7465295195579529,0.0,0.020690448582172394,0.0,1.0,7.1,1.359,True,True,False
23.7791645526886,forward_015,3.7791645526885986,0.15,0.0,0.0,-1.3482668471656196,1.1922780452686264,-1.598067096357308,-2.38,-0.81,8.48,0.844,0.6948375701904297,0.0,0.04162226850166917,0.0,1.0,7.1,1.359,True,True,False
23.79953408241272,forward_015,3.7995340824127197,0.15,0.0,0.0,-1.3482668471656196,1.1922780452686264,-1.598067096357308,-3.61,-2.73,6.04,1.074,0.624961793422699,0.0,0.0433695106767118,0.0,1.0,7.1,1.359,True,True,False
23.819916486740112,forward_015,3.8199164867401123,0.15,0.0,0.0,-1.3482668471656196,1.1922780452686264,-1.598067096357308,-1.75,-5.5,7.79,1.304,0.6184743642807007,0.0,0.05704865604639053,1.0,1.0,7.1,1.359,True,True,False
23.840357780456543,forward_015,3.840357780456543,0.15,0.0,0.0,-1.3482668471656196,1.1922780452686264,-1.598067096357308,-3.08,-3.92,6.05,0.767,0.609622597694397,0.0,0.02441586647182703,1.0,1.0,7.1,1.359,True,True,False
23.86088800430298,forward_015,3.8608880043029785,0.15,0.0,0.0,-1.3482668471656196,1.1922780452686264,-1.598067096357308,-2.0300000000000002,-3.67,7.33,0.46,0.6025192737579346,0.0,0.027577785775065422,1.0,1.0,7.1,1.359,True,True,False
23.881263971328735,forward_015,3.8812639713287354,0.15,0.0,0.0,-1.3482668471656196,1.1922780452686264,-1.598067096357308,-2.0300000000000002,-3.67,7.33,0.6899999999999998,0.6003539562225342,0.0,0.028069138526916504,1.0,1.0,7.1,1.359,True,True,False
23.9016375541687,forward_015,3.901637554168701,0.15,0.0,0.0,0.421060682043632,-0.2378011105842274,-0.06544984694978735,-3.42,0.1,8.17,0.6899999999999998,0.9637556076049805,0.07142857142857142,0.1362008899450302,1.0,1.0,7.1,1.359,True,True,False
23.922088623046875,forward_015,3.922088623046875,0.15,0.0,0.0,0.4526947747360292,-0.3861540970037454,-0.07635815477475191,-3.42,0.1,8.17,0.614,0.8044220209121704,0.0,0.1158886980265379,1.0,1.0,7.1,1.359,True,True,False
23.942468643188477,forward_015,3.9424686431884766,0.15,0.0,0.0,0.7570365630525404,-0.6163193921104976,-0.4406956361285682,-3.5700000000000003,3.6,7.8,0.614,0.933851957321167,0.0,0.11559533327817917,1.0,1.0,7.1,1.359,True,True,False
23.962991952896118,forward_015,3.962991952896118,0.15,0.0,0.0,1.1464631524037752,-0.7613998861825263,-0.8050331174823845,-3.4,-0.29,9.24,1.227,0.9706212878227234,0.14285714285714285,0.0528414910659194,1.0,1.0,7.3,0.5980000000000001,True,True,False
23.983360052108765,forward_015,3.9833600521087646,0.15,0.0,0.0,0.9773843811168246,-0.7995789635699022,-1.3242685699506975,-0.28,1.7,6.17,1.074,0.9467448592185974,0.0,0.044011298567056656,1.0,1.0,7.3,0.5980000000000001,True,True,False
24.003729343414307,forward_015,4.003729343414307,0.15,0.0,0.0,0.5028729907308662,-0.2748893571891069,-1.7311484518218756,-0.28,1.7,6.17,1.534,0.9864986538887024,0.21428571428571427,0.12174914591014385,1.0,1.0,7.3,0.5980000000000001,True,True,False
24.024165868759155,forward_015,4.024165868759155,0.15,0.0,0.0,0.05126904677733343,-0.26725354171163174,-1.626428696702216,-0.28,1.7,6.17,1.381,0.9870234727859497,0.14285714285714285,0.05104594863951206,1.0,1.0,7.3,0.5980000000000001,True,True,False
24.04454016685486,forward_015,4.044540166854858,0.15,0.0,0.0,-0.26070855701665296,-0.358883327441334,-1.473712387152712,0.23,2.71,7.78,0.9970000000000001,0.9764280915260315,0.07142857142857142,0.04286327492445707,1.0,1.0,7.3,0.5980000000000001,True,True,False
24.06490135192871,forward_015,4.064901351928711,0.15,0.0,0.0,-0.4188790204786391,-0.2977968036215325,-1.1377365061438036,1.1400000000000001,-0.71,7.140000000000001,1.227,0.9804720878601074,0.07142857142857142,0.036619722843170166,1.0,0.0,7.3,0.5980000000000001,True,True,False
24.08526110649109,forward_015,4.085261106491089,0.15,0.0,0.0,-0.3763366199612773,-0.34579335805137656,-0.3119776037939864,0.66,1.2,7.55,2.225,0.9882513284683228,0.07142857142857142,0.026117101311683655,1.0,0.0,7.3,0.5980000000000001,True,True,False
24.10566759109497,forward_015,4.105667591094971,0.15,0.0,0.0,-0.46687557490848314,-0.40578905108868163,0.2628902185816459,0.66,1.2,7.55,1.995,0.9896153807640076,0.07142857142857142,0.035672410391271114,1.0,1.0,7.3,0.5980000000000001,True,True,False
24.126100540161133,forward_015,4.126100540161133,0.15,0.0,0.0,-0.6981317007977318,-0.08944812416470939,0.9413869652944415,-1.52,1.29,5.99,0.9970000000000001,0.9711208939552307,0.07142857142857142,0.034188348799943924,1.0,1.0,7.3,0.5980000000000001,True,True,False
24.146466970443726,forward_015,4.146466970443726,0.15,0.0,0.0,-1.0242901047641721,-0.4406956361285682,0.767944870877505,-0.13,2.88,8.47,0.767,0.9789881110191345,0.14285714285714285,0.04461570084095001,1.0,1.0,7.3,0.5980000000000001,True,True,False
24.166953563690186,forward_015,4.1669535636901855,0.15,0.0,0.0,-0.9479319499894202,-0.28907015736156083,0.08944812416470939,-0.13,2.88,8.47,0.537,0.9586928486824036,0.07142857142857142,0.030555509962141514,0.0,1.0,7.4,0.3320000000000001,True,True,False
24.18732237815857,forward_015,4.187322378158569,0.15,0.0,0.0,-0.6152285613280012,1.0035643198967394,-0.2901609881440573,-0.13,2.88,8.47,0.9210000000000002,0.8689354658126831,0.0,0.0882263146340847,1.0,1.0,7.4,0.3320000000000001,True,True,False
24.207688808441162,forward_015,4.207688808441162,0.15,0.0,0.0,-0.42978732830360367,0.7199483164476609,-0.3327033886614191,-1.53,-0.68,7.17,0.46,0.8598268628120422,0.0,0.025781653821468353,0.0,1.0,7.4,0.3320000000000001,True,True,False
24.22817039489746,forward_015,4.228170394897461,0.15,0.0,0.0,0.014180800172453928,0.6730425928003133,-0.6523168079328807,1.0,-2.73,8.96,0.384,0.8606462478637695,0.0,0.040601540356874466,0.0,1.0,7.4,0.3320000000000001,True,True,False
24.248533487319946,forward_015,4.248533487319946,0.15,0.0,0.0,0.22362031041177347,0.8213955792198313,-0.6359543461954338,0.51,-3.41,7.5600000000000005,0.6899999999999998,0.8815551400184631,0.0,0.07000472024083138,0.0,1.0,7.4,0.3320000000000001,True,True,False
24.26889204978943,forward_015,4.268892049789429,0.15,0.0,0.0,0.11344640137963143,0.8857545953871222,-0.20180369476184434,0.51,-3.41,7.5600000000000005,0.537,0.8081071972846985,0.0,0.11168170347809792,0.0,1.0,7.4,0.3320000000000001,True,True,False
24.289352655410767,forward_015,4.289352655410767,0.15,0.0,0.0,-0.17453292519943295,0.8573929950422144,0.11780972450961724,0.51,-3.41,7.5600000000000005,0.9970000000000001,0.88118976354599,0.0,0.0595133937895298,0.0,1.0,7.4,0.3320000000000001,True,True,False
24.309717655181885,forward_015,4.309717655181885,0.15,0.0,0.0,-0.41015237421866746,0.7101308394051928,0.13526301702956053,-1.86,-3.41,7.08,0.9970000000000001,0.9276630282402039,0.0,0.060997588094323874,0.0,1.0,7.4,0.3320000000000001,True,True,False
24.330171823501587,forward_015,4.330171823501587,0.15,0.0,0.0,-0.29343348049154666,0.2814343418840856,0.8813912722571364,-2.94,-0.03,8.870000000000001,1.304,0.9529014229774475,0.07142857142857142,0.04510338790714741,0.0,1.0,7.4,0.3320000000000001,True,True,False
24.350544929504395,forward_015,4.3505449295043945,0.15,0.0,0.0,-0.2617993877991494,0.038179077387375956,1.0035643198967394,-3.17,-1.1400000000000001,9.46,1.534,0.9485707879066467,0.0,0.0836527687497437,0.0,1.0,7.4,0.3320000000000001,True,True,False
24.37090277671814,forward_015,4.37090277671814,0.15,0.0,0.0,0.15707963267948966,-0.22362031041177347,1.1584622910112363,-0.6900000000000001,-1.61,6.7,1.304,0.9307289123535156,0.0,0.05768123269081116,0.0,1.0,7.0,1.727,True,True,False
24.391269207000732,forward_015,4.391269207000732,0.15,0.0,0.0,0.4701480672559725,-0.2617993877991494,0.6163193921104976,-0.8,0.51,8.290000000000001,1.841,0.9496781229972839,0.0,0.05082285217940807,0.0,1.0,7.0,1.727,True,True,False
24.411645889282227,forward_015,4.411645889282227,0.15,0.0,0.0,0.6435901616729091,-0.4461497900410505,0.1308996938995747,-1.24,-3.3200000000000003,7.05,1.841,0.9520183801651001,0.07142857142857142,0.054725535213947296,0.0,1.0,7.0,1.727,True,True,False
24.432044982910156,forward_015,4.432044982910156,0.15,0.0,0.0,0.9086620418195478,-0.7035858547102141,0.1308996938995747,-1.87,-4.42,7.94,1.765,0.9423004388809204,0.0,0.04443098418414593,1.0,1.0,7.0,1.727,True,True,False
24.452414512634277,forward_015,4.452414512634277,0.15,0.0,0.0,1.2402745996984705,-0.8148505945248526,0.43524148221608594,-3.29,-4.75,7.930000000000001,0.767,0.9462053179740906,0.0,0.03769422695040703,1.0,1.0,7.0,1.727,True,True,False
24.472875595092773,forward_015,4.472875595092773,0.15,0.0,0.0,1.5173456184525702,-0.918479518862016,0.7843073326149519,-3.29,-4.75,7.930000000000001,1.151,0.9402367472648621,0.0,0.044484495650976896,1.0,1.0,7.0,1.727,True,True,False
24.493359565734863,forward_015,4.493359565734863,0.15,0.0,0.0,0.8879362569521152,-0.35779249665883756,0.8050331174823845,-3.29,-4.75,7.930000000000001,1.227,0.9703379273414612,0.14285714285714285,0.07137871999293566,1.0,1.0,7.0,1.727,True,True,False
24.513747930526733,forward_015,4.513747930526733,0.15,0.0,0.0,0.2007128639793479,0.2650718801466388,-0.6272276999354622,0.6900000000000001,5.15,6.66,0.9970000000000001,0.944829523563385,0.0,0.12035295739769936,1.0,1.0,7.0,1.727,True,True,False
24.53411555290222,forward_015,4.534115552902222,0.15,0.0,0.0,0.009817477042468103,-0.6141377305455047,-1.349357677948116,1.37,0.21,6.42,1.227,0.9518471360206604,0.07142857142857142,0.047457268461585045,1.0,0.0,7.0,1.727,True,True,False
24.554485082626343,forward_015,4.554485082626343,0.15,0.0,0.0,0.14508049407202864,0.3196134192714616,-0.9872018581592926,-1.27,0.0,2.6,1.227,0.9842455387115479,0.07142857142857142,0.11149198189377785,1.0,0.0,7.0,1.727,True,True,False
24.574851989746094,forward_015,4.574851989746094,0.15,0.0,0.0,0.07635815477475191,-0.6948592084502424,-0.5639595145506677,-0.26,3.45,8.77,1.6110000000000002,0.9931451678276062,0.07142857142857142,0.13178230077028275,1.0,0.0,7.2,0.8620000000000001,True,True,False
24.596071243286133,forward_015,4.596071243286133,0.15,0.0,0.0,-0.22471114119426994,-0.2912518189265537,-0.42978732830360367,-0.26,3.45,8.77,1.6110000000000002,0.9777640700340271,0.07142857142857142,0.07981663942337036,1.0,0.0,7.2,0.8620000000000001,True,True,False
24.6166512966156,forward_015,4.616651296615601,0.15,0.0,0.0,-0.385063266221249,-0.2596177262341565,0.7003133623627247,-0.47000000000000003,1.55,6.0600000000000005,1.995,0.9868721961975098,0.07142857142857142,0.08058453537523746,1.0,0.0,7.2,0.8620000000000001,True,True,False
24.63701891899109,forward_015,4.637018918991089,0.15,0.0,0.0,-0.519235452468313,-0.6784967467127956,0.9490227807719167,0.27,2.17,7.22,1.995,0.9891111850738525,0.07142857142857142,0.07490550726652145,1.0,0.0,7.2,0.8620000000000001,True,True,False
24.657466173171997,forward_015,4.657466173171997,0.15,0.0,0.0,-0.7275841319251362,-0.3119776037939864,0.5945027764605685,0.27,2.17,7.22,0.844,0.9932326078414917,0.14285714285714285,0.05132327135652304,1.0,1.0,7.2,0.8620000000000001,True,True,False
24.677835941314697,forward_015,4.677835941314697,0.15,0.0,0.0,-1.038470904936626,0.1341721862470641,0.16580627893946132,-2.54,6.83,7.21,0.9970000000000001,0.9757819175720215,0.14285714285714285,0.09226514212787151,1.0,1.0,7.2,0.8620000000000001,True,True,False
24.69835877418518,forward_015,4.698358774185181,0.15,0.0,0.0,-1.5140731261050808,0.40578905108868163,-1.3897184169004848,-1.77,6.23,6.41,1.227,0.9583991765975952,0.07142857142857142,0.08153304643929005,0.0,1.0,7.2,0.8620000000000001,True,True,False
24.71884512901306,forward_015,4.7188451290130615,0.15,0.0,0.0,-1.174824752748683,0.990474350506782,-2.3463770131498767,-1.77,6.23,6.41,0.9210000000000002,0.9409468173980713,0.0,0.06775419041514397,0.0,1.0,7.2,0.8620000000000001,True,True,False
24.73921275138855,forward_015,4.73921275138855,0.15,0.0,0.0,0.09490227807719166,1.203186353093591,-2.1751165802979333,-1.85,-1.1500000000000001,8.67,0.844,0.8296356201171875,0.0,0.05391399376094341,1.0,1.0,7.2,0.8620000000000001,True,True,False
24.759580373764038,forward_015,4.759580373764038,0.15,0.0,0.0,0.16689710972195776,0.6348635154129374,-1.4813482026301872,1.12,-4.79,9.27,1.381,0.8374846577644348,0.0,0.05707997642457485,1.0,1.0,7.2,0.8620000000000001,True,True,False
24.77994680404663,forward_015,4.779946804046631,0.15,0.0,0.0,0.6010477611555473,1.2729995231733642,-0.6719517620178169,1.12,-4.79,9.27,1.381,0.73931884765625,0.0,0.06918077170848846,1.0,1.0,7.2,0.9930000000000001,True,True,False
24.80031132698059,forward_015,4.800311326980591,0.15,0.0,0.0,0.008726646259971648,1.3689926320330523,-0.05672320068981571,-7.82,-3.52,9.3,0.614,0.9247671961784363,0.0,0.09133017715066671,0.0,1.0,7.2,0.9930000000000001,True,True,False
24.820685625076294,forward_015,4.820685625076294,0.15,0.0,0.0,-0.4494222823885399,0.5868669609830933,-0.2825251726665821,-7.82,-3.52,9.3,1.151,0.9210315942764282,0.0,0.06924547534435987,0.0,1.0,7.2,0.9930000000000001,True,True,False
24.841089963912964,forward_015,4.841089963912964,0.15,0.0,0.0,-0.6086835766330224,0.37306412761378793,0.1265363707695889,-1.49,-4.5200000000000005,6.66,1.227,0.8939654231071472,0.0,0.044220179319381714,0.0,1.0,7.2,0.9930000000000001,True,True,False
24.861462354660034,forward_015,4.861462354660034,0.15,0.0,0.0,-0.433059820651093,0.22252947962927702,1.2326387842209952,-3.66,-1.59,8.56,1.304,0.9622841477394104,0.07142857142857142,0.04466865956783295,0.0,1.0,7.2,0.9930000000000001,True,True,False
24.881914615631104,forward_015,4.8819146156311035,0.15,0.0,0.0,-0.3436116964863836,-0.23889194136672387,0.978475211899321,-3.66,-1.59,8.56,1.227,0.9581412672996521,0.07142857142857142,0.09321796149015427,0.0,1.0,7.2,0.9930000000000001,True,True,False
24.902288913726807,forward_015,4.902288913726807,0.15,0.0,0.0,-0.15926129424448257,-0.15489797111449674,0.7897614865274342,-0.78,-1.75,6.4,1.381,0.8716451525688171,0.0,0.02910621277987957,0.0,1.0,7.2,0.9930000000000001,True,True,False
24.92270278930664,forward_015,4.922702789306641,0.15,0.0,0.0,0.17780541754692233,-0.2628902185816459,0.5868669609830933,-2.25,-3.2600000000000002,5.73,1.458,0.9256018400192261,0.0,0.04344464279711246,0.0,1.0,7.2,0.9930000000000001,True,True,False
24.943071842193604,forward_015,4.9430718421936035,0.15,0.0,0.0,0.3425208657038872,-0.47778388273344774,0.3490658503988659,-1.8,-3.33,6.99,1.918,0.9468838572502136,0.0,0.053034111857414246,0.0,1.0,7.2,0.9930000000000001,True,True,False
24.96348547935486,forward_015,4.963485479354858,0.15,0.0,0.0,0.619591884457987,-0.7712173632249943,0.47123889803846897,-2.38,-3.9,8.15,1.841,0.9431135654449463,0.0,0.0386426355689764,0.0,1.0,7.2,0.9930000000000001,True,True,False
24.983851194381714,forward_015,4.983851194381714,0.15,0.0,0.0,0.9501136115544131,-0.8137597637423561,0.693768377667746,-2.94,-3.65,6.9,1.6110000000000002,0.9644462466239929,0.07142857142857142,0.05162152647972107,1.0,1.0,7.0,1.663,True,True,False
25.004211902618408,forward_015,5.004211902618408,0.15,0.0,0.0,1.3231777391682011,-1.0188359508516898,0.9250245035569946,-1.94,-4.13,7.73,1.074,0.9580631256103516,0.07142857142857142,0.04155148193240166,1.0,1.0,7.0,1.663,True,True,False
25.02458143234253,forward_015,5.024581432342529,0.15,0.0,0.0,1.6809702358270386,-1.069014166846527,1.784599160164202,1.3,-3.21,9.450000000000001,1.151,0.9545326232910156,0.07142857142857142,0.0708311628550291,1.0,1.0,7.0,1.663,True,True,False
25.044978380203247,forward_015,5.044978380203247,0.15,0.0,0.0,0.5268712679457882,0.27707101875409984,0.770126532442498,1.3,-3.21,9.450000000000001,1.227,0.9426895976066589,0.0,0.08848724327981472,1.0,1.0,7.0,1.663,True,True,False
25.065342903137207,forward_015,5.065342903137207,0.15,0.0,0.0,0.2552544031041707,-0.4232423436086249,-0.6228643768054763,-1.31,8.69,2.98,1.304,0.9702637791633606,0.07142857142857142,0.11026102676987648,1.0,0.0,7.0,1.663,True,True,False
25.085873126983643,forward_015,5.085873126983643,0.15,0.0,0.0,0.18216874067690814,-0.1636246173744684,-0.7330382858376184,-1.51,6.4,9.700000000000001,1.381,0.9518870711326599,0.07142857142857142,0.028638193383812904,1.0,0.0,7.0,1.663,True,True,False
25.106252431869507,forward_015,5.106252431869507,0.15,0.0,0.0,0.050178215994836975,0.09708393964218458,-0.5443245604657315,-0.89,-0.27,2.35,1.458,0.963039219379425,0.07142857142857142,0.039331356063485146,1.0,0.0,7.0,1.663,True,True,False
25.12668013572693,forward_015,5.126680135726929,0.15,0.0,0.0,-0.31306843457648287,-0.47451139038595835,-0.3010692959690218,1.6300000000000001,0.89,8.34,1.688,0.9797219038009644,0.07142857142857142,0.0959758535027504,1.0,0.0,7.0,1.663,True,True,False
25.147058963775635,forward_015,5.147058963775635,0.15,0.0,0.0,-0.4428772976935611,-0.2879793265790644,0.34579335805137656,0.13,0.68,7.26,2.225,0.9845162034034729,0.07142857142857142,0.03872309811413288,1.0,0.0,7.0,1.663,True,True,False
25.167461395263672,forward_015,5.167461395263672,0.15,0.0,0.0,-0.25416357232167425,-0.385063266221249,1.2260937995260166,-1.3,1.1500000000000001,5.41,1.534,0.9953022003173828,0.14285714285714285,0.058785004541277885,1.0,0.0,7.0,1.663,True,True,False
25.18784189224243,forward_015,5.187841892242432,0.15,0.0,0.0,-0.5094179754258449,-0.4657847441259867,1.1453723216212788,-1.3,1.1500000000000001,5.41,1.227,0.9938294291496277,0.14285714285714285,0.04475819692015648,1.0,0.0,7.3,0.7590000000000001,True,True,False
25.208204984664917,forward_015,5.208204984664917,0.15,0.0,0.0,-0.6774059159302992,-0.5835944686356039,0.8181230868723419,-1.3,1.1500000000000001,5.41,0.9210000000000002,0.9959017038345337,0.14285714285714285,0.03255037544295192,1.0,0.0,7.3,0.7590000000000001,True,True,False
25.22864580154419,forward_015,5.2286458015441895,0.15,0.0,0.0,-0.9326603190344699,-0.06326818538479445,-0.4341506514335895,-0.16,5.2,8.99,1.074,0.9889264702796936,0.14285714285714285,0.08816227037459612,1.0,1.0,7.3,0.7590000000000001,True,True,False
25.249051809310913,forward_015,5.249051809310913,0.15,0.0,0.0,-1.3319043854281727,0.619591884457987,-1.4540774330677757,-0.46,3.58,7.19,1.227,0.9401158690452576,0.0,0.0926353745162487,1.0,1.0,7.3,0.7590000000000001,True,True,False
25.26942229270935,forward_015,5.269422292709351,0.15,0.0,0.0,-1.559888018969932,0.9708393964218458,-2.0202186091834364,-1.98,2.45,8.08,1.227,0.8852242827415466,0.0,0.0826562587171793,0.0,1.0,7.3,0.7590000000000001,True,True,False
25.289976596832275,forward_015,5.289976596832275,0.15,0.0,0.0,-0.21598449493429828,1.1660981064887115,-2.091122610045706,-1.98,2.45,8.08,0.614,0.9197054505348206,0.0,0.08970990683883429,0.0,1.0,7.3,0.7590000000000001,True,True,False
25.310347080230713,forward_015,5.310347080230713,0.15,0.0,0.0,-0.017453292519943295,0.978475211899321,-1.7191493132144147,-3.0500000000000003,-6.47,4.11,1.534,0.8595531582832336,0.0,0.04969006031751633,1.0,1.0,7.3,0.7590000000000001,True,True,False
25.330844402313232,forward_015,5.330844402313232,0.15,0.0,0.0,0.29343348049154666,0.9272061651219876,-0.48323803664593,1.53,-4.05,4.15,1.765,0.7966958284378052,0.0,0.08176581491716206,1.0,1.0,7.3,0.7590000000000001,True,True,False
25.351216316223145,forward_015,5.3512163162231445,0.15,0.0,0.0,0.16580627893946132,1.3569934934255912,0.13744467859455345,-1.22,-4.76,7.22,0.9210000000000002,0.8187708854675293,0.0,0.13449327647686005,1.0,1.0,7.3,0.7590000000000001,True,True,False
25.371623277664185,forward_015,5.371623277664185,0.15,0.0,0.0,-0.10144726277217041,1.1399181677087964,0.0,-1.22,-4.76,7.22,0.9210000000000002,0.9289081692695618,0.0,0.05476352572441101,1.0,1.0,7.3,0.7590000000000001,True,True,False
25.39216423034668,forward_015,5.39216423034668,0.15,0.0,0.0,-0.5497787143782138,0.22252947962927702,0.16035212502697901,1.17,-0.84,9.41,1.304,0.7515924572944641,0.0,0.10931113362312317,0.0,1.0,6.6,2.578,True,True,False
25.41255211830139,forward_015,5.412552118301392,0.15,0.0,0.0,-0.5683228376806536,0.5006913291658733,0.5475970528132209,1.1400000000000001,-2.5,6.67,1.227,0.6648105978965759,0.0,0.05765308067202568,0.0,1.0,6.6,2.578,True,True,False
25.432948112487793,forward_015,5.432948112487793,0.15,0.0,0.0,-0.16035212502697901,-0.5585053606381855,1.3035427850832648,1.1400000000000001,-2.5,6.67,1.304,0.902965784072876,0.0,0.12294357642531395,0.0,1.0,6.6,2.578,True,True,False
25.453307151794434,forward_015,5.453307151794434,0.15,0.0,0.0,0.07963064712224129,-0.47778388273344774,0.7352199474026113,-2.38,-0.75,9.36,0.844,0.9714646339416504,0.14285714285714285,0.12510486505925655,0.0,1.0,6.6,2.578,True,True,False
25.47377300262451,forward_015,5.473773002624512,0.15,0.0,0.0,0.24870941840919197,-0.6403176693254197,0.26070855701665296,-1.6300000000000001,-5.59,7.94,0.844,0.9723742008209229,0.07142857142857142,0.13026154041290283,0.0,1.0,6.6,2.578,True,True,False
25.494580030441284,forward_015,5.494580030441284,0.15,0.0,0.0,0.4363323129985824,-0.6348635154129374,0.8006697943523987,-0.18,-3.44,4.76,1.304,0.9218088984489441,0.0,0.051618337631225586,0.0,1.0,6.6,2.578,True,True,False
25.514952182769775,forward_015,5.514952182769775,0.15,0.0,0.0,0.7308566242726255,-0.978475211899321,1.1017390903214206,-1.71,-2.7600000000000002,5.12,1.995,0.9495404958724976,0.0,0.036987751722335815,0.0,1.0,6.6,2.578,True,True,False
25.535417795181274,forward_015,5.535417795181274,0.15,0.0,0.0,1.102829921103917,-1.0351984125891367,0.8693921336496754,-2.92,-4.5200000000000005,7.37,1.765,0.9667501449584961,0.07142857142857142,0.041443228954449296,1.0,1.0,6.6,2.578,True,True,False
25.55579924583435,forward_015,5.555799245834351,0.15,0.0,0.0,1.3242685699506975,-0.5465062220307244,1.3286318930806833,-3.67,-4.59,6.84,1.227,0.9345885515213013,0.0,0.03834313247352838,1.0,1.0,6.6,2.578,True,True,False
25.576284885406494,forward_015,5.576284885406494,0.15,0.0,0.0,1.2708178616083712,-0.7210391472301574,1.6427911584396626,-3.67,-4.59,6.84,0.9970000000000001,0.9584155678749084,0.07142857142857142,0.03498138301074505,1.0,1.0,6.6,2.578,True,True,False
25.596651792526245,forward_015,5.596651792526245,0.15,0.0,0.0,0.17889624832941878,0.8366672101747817,0.3523383427463553,-3.67,-4.59,6.84,1.304,0.7766639590263367,0.0,0.09111601859331131,1.0,1.0,7.4,0.30200000000000005,True,True,False
25.61796522140503,forward_015,5.617965221405029,0.15,0.0,0.0,0.05672320068981571,-0.1810779098944117,-0.9413869652944415,-0.24,5.72,4.37,1.074,0.9584866166114807,0.07142857142857142,0.1098499521613121,1.0,1.0,7.4,0.30200000000000005,True,True,False
25.63833785057068,forward_015,5.638337850570679,0.15,0.0,0.0,0.27052603405912107,0.11999138607461016,-1.0897399517139594,-0.89,-0.53,0.23,0.767,0.9689328074455261,0.07142857142857142,0.05434549041092396,1.0,0.0,7.4,0.30200000000000005,True,True,False
25.658718824386597,forward_015,5.658718824386597,0.15,0.0,0.0,0.42215151282612845,0.016362461737446838,-0.6326818538479445,-0.62,-0.01,-0.01,1.381,0.9363917708396912,0.0,0.029469077941030264,1.0,0.0,7.4,0.30200000000000005,True,True,False
25.679085969924927,forward_015,5.679085969924927,0.15,0.0,0.0,0.25416357232167425,-0.3763366199612773,-0.7341291166201148,1.02,2.11,9.06,1.765,0.949862003326416,0.0,0.07472323998808861,1.0,0.0,7.4,0.30200000000000005,True,True,False
25.699620962142944,forward_015,5.699620962142944,0.15,0.0,0.0,0.03599741582238305,-0.44178646691106466,-0.4286964975211072,-0.58,0.22,7.16,2.302,0.9695950746536255,0.07142857142857142,0.048456231132149696,1.0,0.0,7.4,0.30200000000000005,True,True,False
25.719988584518433,forward_015,5.719988584518433,0.15,0.0,0.0,-0.06872233929727672,-0.4505131131710363,0.04363323129985824,-0.6900000000000001,1.81,4.64,1.534,0.9895667433738708,0.07142857142857142,0.052817849442362785,1.0,0.0,7.4,0.30200000000000005,True,True,False
25.740354299545288,forward_015,5.740354299545288,0.15,0.0,0.0,-0.5705044992456465,-0.5726861608106394,1.0951941056264418,0.66,3.95,8.49,1.074,0.9889112114906311,0.07142857142857142,0.08430652506649494,1.0,0.0,7.4,0.30200000000000005,True,True,False
25.760721683502197,forward_015,5.760721683502197,0.15,0.0,0.0,-0.9468411192069238,-0.7079491778402,0.6970408700152354,0.66,3.95,8.49,1.151,0.9933229684829712,0.07142857142857142,0.03339462727308273,1.0,1.0,7.4,0.30200000000000005,True,True,False
25.781095504760742,forward_015,5.781095504760742,0.15,0.0,0.0,-1.2457287536109527,-0.5945027764605685,0.31634092692397225,-2.47,4.94,8.69,0.6899999999999998,0.9936494827270508,0.14285714285714285,0.07845061365514994,1.0,1.0,7.4,0.30200000000000005,True,True,False
25.801459789276123,forward_015,5.801459789276123,0.15,0.0,0.0,-1.6438819892221592,-0.07526732399225546,-1.0221084431991792,-1.16,4.92,8.08,1.151,0.9722621440887451,0.07142857142857142,0.06611909344792366,0.0,1.0,7.4,0.22,True,True,False
25.821831226348877,forward_015,5.821831226348877,0.15,0.0,0.0,-1.8544123302439752,0.6621342849753488,-2.0365810709208834,-1.16,4.92,8.08,0.9210000000000002,0.9219450354576111,0.0,0.05738518387079239,0.0,1.0,7.4,0.22,True,True,False
25.84229040145874,forward_015,5.84229040145874,0.15,0.0,0.0,-1.8544123302439752,0.6621342849753488,-2.0365810709208834,-0.6900000000000001,-9.450000000000001,6.3100000000000005,0.614,0.841586172580719,0.0,0.1040902640670538,1.0,1.0,7.4,0.22,True,True,False
25.8626549243927,forward_015,5.8626549243927,0.15,0.0,0.0,-1.8544123302439752,0.6621342849753488,-2.0365810709208834,0.96,-1.73,3.94,1.304,0.7421481013298035,0.0,0.04474409483373165,1.0,1.0,7.4,0.22,True,True,False
25.88313603401184,forward_015,5.883136034011841,0.15,0.0,0.0,-1.8544123302439752,0.6621342849753488,-2.0365810709208834,-0.87,-4.37,5.33,0.9970000000000001,0.7531142830848694,0.0,0.049601164064370096,1.0,1.0,7.4,0.22,True,True,False
25.90348482131958,forward_015,5.90348482131958,0.15,0.0,0.0,-1.8544123302439752,0.6621342849753488,-2.0365810709208834,-0.87,-4.37,5.33,0.9210000000000002,0.8159844875335693,0.0,0.05703871953301132,1.0,1.0,7.4,0.22,True,True,False
25.92385482788086,forward_015,5.923854827880859,0.15,0.0,0.0,0.01090830782496456,0.9599310885968813,-0.08399397025222712,-3.0500000000000003,-1.22,9.0,1.151,0.8510874509811401,0.0,0.10842567915096879,1.0,1.0,7.4,0.22,True,True,False
25.944222688674927,forward_015,5.944222688674927,0.15,0.0,0.0,-0.1308996938995747,0.35997415822383044,-0.21707532571679475,-3.0500000000000003,-1.22,9.0,1.304,0.8683671355247498,0.0,0.05726861208677292,1.0,1.0,7.4,0.22,True,True,False
25.964669227600098,forward_015,5.964669227600098,0.15,0.0,0.0,-0.02181661564992912,0.4886921905584123,0.7406741013150936,-2.56,-2.93,7.48,0.9970000000000001,0.8382102847099304,0.0,0.04669104983622674,0.0,1.0,7.4,0.22,True,True,False
25.985052347183228,forward_015,5.9850523471832275,0.15,0.0,0.0,0.0272707695624114,-0.08072147790473774,1.227184630308513,-2.56,-2.93,7.48,0.6899999999999998,0.9356362223625183,0.0,0.12779225409030914,0.0,1.0,7.4,0.22,True,True,False
26.005422830581665,forward_015,6.005422830581665,0.15,0.0,0.0,0.30543261909900765,-0.4014257279586958,1.0875582901489667,-2.61,-0.11,7.91,1.227,0.950251042842865,0.07142857142857142,0.06739943474531174,0.0,1.0,7.0,1.662,True,True,False
26.02579617500305,forward_015,6.025796175003052,0.15,0.0,0.0,0.5377795757707527,-0.45705809786601503,0.5737769915931359,-2.6,0.02,7.01,1.151,0.9590257406234741,0.07142857142857142,0.05455232411623001,0.0,1.0,7.0,1.662,True,True,False
26.046173095703125,forward_015,6.046173095703125,0.15,0.0,0.0,0.6305001922829515,-0.4559672670835186,-0.08835729338221293,-1.85,-1.9100000000000001,4.5200000000000005,1.151,0.9430041909217834,0.0,0.0818456094712019,0.0,1.0,7.0,1.662,True,True,False
26.066614866256714,forward_015,6.066614866256714,0.15,0.0,0.0,0.7395832705325971,-0.7788531787024695,-0.20289452554434081,-2.35,-2.85,8.77,1.995,0.9671827554702759,0.14285714285714285,0.09568341821432114,1.0,1.0,7.0,1.662,True,True,False
26.086979627609253,forward_015,6.086979627609253,0.15,0.0,0.0,0.940296134511945,-0.7526732399225546,-0.21162117180431245,-3.67,-3.0500000000000003,8.88,2.225,0.9439975619316101,0.0,0.029905088245868683,1.0,1.0,7.0,1.662,True,True,False
26.107479333877563,forward_015,6.1074793338775635,0.15,0.0,0.0,1.1759155835311796,-0.5126904677733343,-0.18216874067690814,-2.04,-1.56,8.14,1.6110000000000002,0.9197266101837158,0.0,0.05287683755159378,1.0,1.0,7.0,1.662,True,True,False
26.127858877182007,forward_015,6.127858877182007,0.15,0.0,0.0,1.227184630308513,-0.6468626540203984,0.017453292519943295,-2.04,-1.56,8.14,1.534,0.9490929245948792,0.0,0.08646701090037823,1.0,1.0,7.0,1.662,True,True,False
26.148298501968384,forward_015,6.148298501968384,0.15,0.0,0.0,0.6032294227205401,0.4286964975211072,-0.729765793490129,-2.25,4.33,6.53,1.304,0.9342076778411865,0.0,0.09290408529341221,1.0,1.0,7.0,1.662,True,True,False
26.16878032684326,forward_015,6.168780326843262,0.15,0.0,0.0,0.136353847812057,-0.2476185876266955,-1.3340860469931657,-2.25,4.33,6.53,1.074,0.9522642493247986,0.14285714285714285,0.06920638866722584,1.0,0.0,7.0,1.662,True,True,False
26.189328908920288,forward_015,6.189328908920288,0.15,0.0,0.0,0.013089969389957472,-0.03599741582238305,-1.3973542323779602,0.1,-0.93,4.05,1.381,0.923646092414856,0.0,0.022022223100066185,1.0,0.0,7.0,1.662,True,True,False
26.209696769714355,forward_015,6.2096967697143555,0.15,0.0,0.0,-0.24216443371421323,-0.32615840396644036,-0.8595746566072073,-0.46,-0.23,4.8500000000000005,1.534,0.9649254083633423,0.07142857142857142,0.03579596895724535,1.0,0.0,7.4,0.28400000000000003,True,True,False
26.23007082939148,forward_015,6.2300708293914795,0.15,0.0,0.0,-0.2617993877991494,-0.6795875774952921,-0.17562375598192942,0.54,1.61,7.51,1.765,0.9856993556022644,0.07142857142857142,0.08002790436148643,1.0,0.0,7.4,0.28400000000000003,True,True,False
26.250443935394287,forward_015,6.250443935394287,0.15,0.0,0.0,-0.43196898986859655,-0.4854196982109229,0.433059820651093,-1.52,0.33,9.51,2.302,0.9898706674575806,0.07142857142857142,0.053242649883031845,1.0,0.0,7.4,0.28400000000000003,True,True,False
26.270808458328247,forward_015,6.270808458328247,0.15,0.0,0.0,-0.5279620987282847,-0.4112432050011639,1.2348204457859882,-0.75,4.54,7.49,1.304,0.9885996580123901,0.07142857142857142,0.04702869057655334,1.0,0.0,7.4,0.28400000000000003,True,True,False
26.291245460510254,forward_015,6.291245460510254,0.15,0.0,0.0,-0.6228643768054763,-0.5868669609830933,0.918479518862016,-0.75,4.54,7.49,0.6899999999999998,0.9954994916915894,0.14285714285714285,0.03246472775936127,1.0,0.0,7.4,0.28400000000000003,True,True,False
26.311661958694458,forward_015,6.311661958694458,0.15,0.0,0.0,-0.6697701004528239,-0.48978302134090873,0.41996985126113556,-1.35,7.21,8.85,0.9970000000000001,0.9979665279388428,0.14285714285714285,0.035707902163267136,1.0,1.0,7.4,0.28400000000000003,True,True,False
26.332027912139893,forward_015,6.332027912139893,0.15,0.0,0.0,-0.8170322560898455,-0.00545415391248228,-0.5541420375081997,-1.35,7.21,8.85,0.9970000000000001,0.9862778186798096,0.14285714285714285,0.09208705881610513,1.0,1.0,7.4,0.28400000000000003,True,True,False
26.352428674697876,forward_015,6.352428674697876,0.15,0.0,0.0,-1.2915436464758039,0.6686792696703275,-1.3668109704680593,-1.35,7.21,8.85,0.6899999999999998,0.9333155155181885,0.0,0.08555498346686363,1.0,1.0,7.4,0.28400000000000003,True,True,False
26.372804164886475,forward_015,6.372804164886475,0.15,0.0,0.0,-1.3799009398580169,1.076649982324002,-1.2904528156933075,-1.35,7.21,8.85,0.767,0.8896129727363586,0.0,0.04235349968075752,1.0,1.0,7.4,0.28400000000000003,True,True,False
26.393211364746094,forward_015,6.393211364746094,0.15,0.0,0.0,-0.07635815477475191,0.8486663487822428,-0.8377580409572782,-1.35,7.21,8.85,0.9210000000000002,0.9020716547966003,0.0,0.03236660361289978,1.0,1.0,7.4,0.28400000000000003,True,True,False
26.41358184814453,forward_015,6.413581848144531,0.15,0.0,0.0,-0.055632369907319255,0.26616271092913524,-0.7995789635699022,5.71,-5.86,6.95,0.9970000000000001,0.9415756464004517,0.0,0.13951001316308975,1.0,1.0,7.3,0.791,True,True,False
26.43396258354187,forward_015,6.43396258354187,0.15,0.0,0.0,0.16035212502697901,0.878118779909647,0.14726215563702155,5.71,-5.86,6.95,1.227,0.8095093369483948,0.0,0.053835800848901265,1.0,1.0,7.3,0.791,True,True,False
26.45438838005066,forward_015,6.454388380050659,0.15,0.0,0.0,-0.2901609881440573,0.5552328682906961,0.8323038870447959,5.71,-5.86,6.95,0.9210000000000002,0.7595425248146057,0.0,0.09488924778997898,1.0,1.0,7.3,0.791,True,True,False
26.4748637676239,forward_015,6.474863767623901,0.15,0.0,0.0,-0.36324665057131983,0.6599526234103559,1.261000384565903,-3.71,0.88,5.6000000000000005,0.6899999999999998,0.9147419333457947,0.0,0.13485293462872505,1.0,1.0,7.3,0.791,True,True,False
26.49523687362671,forward_015,6.495236873626709,0.15,0.0,0.0,-0.6305001922829515,0.1810779098944117,0.9730210579868387,-0.11,-0.31,9.5,0.844,0.9132078886032104,0.0,0.1099274717271328,0.0,1.0,7.3,0.791,True,True,False
26.54746413230896,forward_015,6.54746413230896,0.15,0.0,0.0,-0.5541420375081997,0.49741883681838395,1.2620912153483996,-2.13,2.05,5.83,1.458,0.9591187834739685,0.07142857142857142,0.12165543809533119,0.0,1.0,7.3,0.791,True,True,False
26.56782627105713,forward_015,6.567826271057129,0.15,0.0,0.0,0.5879577917655898,-0.6086835766330224,0.1341721862470641,-3.4,-4.1,8.39,1.6110000000000002,0.9740462899208069,0.07142857142857142,0.1564859189093113,0.0,1.0,7.3,0.791,True,True,False
26.588350534439087,forward_015,6.588350534439087,0.15,0.0,0.0,0.7254024703601433,-0.49632800603588745,0.6403176693254197,-1.94,-1.07,6.57,1.304,0.9627894163131714,0.07142857142857142,0.10074703581631184,0.0,1.0,7.3,0.791,True,True,False
26.60882544517517,forward_015,6.608825445175171,0.15,0.0,0.0,0.8977537339945832,-0.7221299780126539,0.9162978572970231,-2.59,0.35000000000000003,7.5,1.227,0.9679868817329407,0.07142857142857142,0.04140821751207113,1.0,1.0,7.3,0.791,True,True,False
26.629196882247925,forward_015,6.629196882247925,0.15,0.0,0.0,1.3602659857730806,-0.6806784082777885,0.6141377305455047,-2.59,0.35000000000000003,7.5,1.6110000000000002,0.97759610414505,0.07142857142857142,0.08265044074505568,1.0,1.0,7.3,0.791,True,True,False
26.64975142478943,forward_015,6.649751424789429,0.15,0.0,0.0,1.3329952162106693,-0.7057675162752071,0.2476185876266955,-2.59,0.35000000000000003,7.5,1.765,0.9560245871543884,0.07142857142857142,0.03095318377017975,1.0,1.0,7.1,1.384,True,True,False
26.670791387557983,forward_015,6.670791387557983,0.15,0.0,0.0,0.6403176693254197,-0.44505895925855404,-1.0133817969392076,-2.59,0.35000000000000003,7.5,1.458,0.9299669861793518,0.0,0.058900851756334305,1.0,1.0,7.1,1.384,True,True,False
26.691172122955322,forward_015,6.691172122955322,0.15,0.0,0.0,0.49414634447089456,-0.3665191429188092,-1.5326172494075205,-2.59,0.35000000000000003,7.5,1.227,0.9411033987998962,0.0,0.08934410661458969,1.0,1.0,7.1,1.384,True,True,False
26.711642026901245,forward_015,6.711642026901245,0.15,0.0,0.0,0.543233729683235,-0.5530512067257032,-1.6220653735722301,-2.59,0.35000000000000003,7.5,1.227,0.9719493389129639,0.14285714285714285,0.042927635833621025,1.0,1.0,7.1,1.384,True,True,False
26.732012271881104,forward_015,6.7320122718811035,0.15,0.0,0.0,0.2879793265790644,-0.5508695451607103,-1.1486448139687682,0.07,-3.0700000000000003,7.82,0.9970000000000001,0.9368461966514587,0.0,0.03110835561528802,1.0,0.0,7.1,1.384,True,True,False
26.75248384475708,forward_015,6.75248384475708,0.15,0.0,0.0,-0.20180369476184434,-0.6152285613280012,0.017453292519943295,-1.86,0.29,6.04,1.227,0.9950852394104004,0.14285714285714285,0.04923519678413868,1.0,0.0,7.1,1.384,True,True,False
26.772839069366455,forward_015,6.772839069366455,0.15,0.0,0.0,-0.6599526234103559,-0.5748678223756323,0.7101308394051928,-2.25,1.93,4.75,1.6110000000000002,0.9960400462150574,0.14285714285714285,0.039255186915397644,1.0,0.0,7.1,1.384,True,True,False
26.793343782424927,forward_015,6.793343782424927,0.15,0.0,0.0,-1.0101093045917182,-0.6512259771503842,1.3449943548181302,0.29,2.72,9.63,1.458,0.9918126463890076,0.07142857142857142,0.06475471518933773,1.0,0.0,7.1,1.384,True,True,False
26.81371259689331,forward_015,6.8137125968933105,0.15,0.0,0.0,-1.437714971330329,-0.5672320068981571,1.509709802975095,0.29,2.72,9.63,1.458,0.9964238405227661,0.14285714285714285,0.058928301092237234,1.0,1.0,7.1,1.384,True,True,False
26.83413863182068,forward_015,6.834138631820679,0.15,0.0,0.0,-1.6591536201771095,-0.11126473981463851,1.4071717094204281,0.38,2.02,9.22,1.151,0.9938486814498901,0.14285714285714285,0.020681459456682205,1.0,1.0,7.1,1.384,True,True,False
26.854510068893433,forward_015,6.854510068893433,0.15,0.0,0.0,-1.7071501746069535,0.10035643198967395,1.327541062298187,0.38,2.02,9.22,0.9970000000000001,0.9879378080368042,0.21428571428571427,0.06309177586808801,0.0,1.0,7.5,0.17400000000000004,True,True,False
26.87487769126892,forward_015,6.874877691268921,0.15,0.0,0.0,-0.5934119456780721,-0.3108867730114899,1.0515608743265836,0.38,2.02,9.22,0.767,0.9956998825073242,0.14285714285714285,0.04902856424450874,0.0,1.0,7.5,0.17400000000000004,True,True,False
26.89524817466736,forward_015,6.895248174667358,0.15,0.0,0.0,-0.24980024919168842,-0.41560652813114973,0.856302164259718,1.5,-2.36,6.79,0.6899999999999998,0.9943097233772278,0.14285714285714285,0.059854552149772644,1.0,1.0,7.5,0.17400000000000004,True,True,False
26.91560411453247,forward_015,6.915604114532471,0.15,0.0,0.0,0.34797501961636945,-0.2301652951067522,1.2599095537834066,-0.25,-0.89,6.05,0.767,0.9975879788398743,0.14285714285714285,0.06412301957607269,1.0,1.0,7.5,0.17400000000000004,True,True,False
26.935974836349487,forward_015,6.935974836349487,0.15,0.0,0.0,0.5039638215133626,0.2552544031041707,1.5042556490626129,-0.25,-0.89,6.05,0.614,0.9886429309844971,0.14285714285714285,0.02681674063205719,1.0,1.0,7.5,0.17400000000000004,True,True,False
26.95647358894348,forward_015,6.9564735889434814,0.15,0.0,0.0,0.17235126363444003,0.4112432050011639,1.1366456753613072,-0.25,-0.89,6.05,0.767,0.9771912097930908,0.14285714285714285,0.06475571589544415,1.0,1.0,7.5,0.17400000000000004,True,True,False
26.97683811187744,forward_015,6.976838111877441,0.15,0.0,0.0,0.18653206380689397,0.0,1.2642728769133924,0.58,0.18,7.5200000000000005,0.9970000000000001,0.9923379421234131,0.14285714285714285,0.03705742582678795,1.0,1.0,7.5,0.17400000000000004,True,True,False
26.99719786643982,forward_015,6.997197866439819,0.15,0.0,0.0,0.33488505022641196,0.44833145160604343,1.5304355878425278,1.77,-1.4000000000000001,7.29,0.614,0.9449730515480042,0.0,0.04225702956318855,1.0,1.0,7.5,0.17400000000000004,True,True,False
27.01759624481201,forward_015,7.017596244812012,0.15,0.0,0.0,0.1189005552921137,1.2173671532660448,1.9482237775386704,-2.39,-1.44,9.6,0.614,0.890033483505249,0.0,0.08855485916137695,1.0,1.0,7.5,0.17400000000000004,True,True,False
27.03796410560608,forward_015,7.037964105606079,0.15,0.0,0.0,-0.45705809786601503,1.3504485087306124,2.040944394050869,-2.39,-1.44,9.6,0.614,0.8378809094429016,0.0,0.08894146233797073,1.0,1.0,7.5,0.17400000000000004,True,True,False
27.0583279132843,forward_015,7.058327913284302,0.15,0.0,0.0,-0.5214171140333059,1.0417433972841155,2.0562160250058197,-0.9400000000000001,0.13,7.11,0.844,0.7977209687232971,0.0,0.07549663633108139,1.0,1.0,7.1,1.428,True,True,False
27.07869029045105,forward_015,7.07869029045105,0.15,0.0,0.0,-0.27707101875409984,0.6239552075879728,2.0649426712657912,1.46,-0.75,9.56,1.074,0.9445475935935974,0.0,0.04252845048904419,1.0,1.0,7.1,1.428,True,True,False
27.09907579421997,forward_015,7.099075794219971,0.15,0.0,0.0,-0.25416357232167425,0.9479319499894202,2.3147429204574794,1.46,-0.75,9.56,1.381,0.8756216764450073,0.0,0.055820757523179054,0.0,1.0,7.1,1.428,True,True,False
27.119549989700317,forward_015,7.119549989700317,0.15,0.0,0.0,-0.4690572364734761,0.7046766854927106,1.6766069126970529,-1.9000000000000001,-1.03,8.99,1.381,0.7937247157096863,0.0,0.04275341518223286,0.0,1.0,7.1,1.428,True,True,False
27.139907836914062,forward_015,7.1399078369140625,0.15,0.0,0.0,-0.29888763440402893,0.22362031041177347,1.5500705419274639,-1.9000000000000001,-1.03,8.99,1.304,0.784875750541687,0.0,0.051584976725280285,0.0,1.0,7.1,1.428,True,True,False
27.160279750823975,forward_015,7.160279750823975,0.15,0.0,0.0,0.05235987755982989,0.1407171709420428,1.2675453692608818,-1.54,-1.59,7.12,1.151,0.8599585890769958,0.0,0.036305658519268036,0.0,1.0,7.1,1.428,True,True,False
27.18075919151306,forward_015,7.1807591915130615,0.15,0.0,0.0,0.4308781590861001,-0.7515824091400581,1.3755376167280309,-1.96,-2.57,6.51,0.9970000000000001,0.9647759795188904,0.07142857142857142,0.13471511751413345,0.0,1.0,7.1,1.428,True,True,False
27.201130151748657,forward_015,7.201130151748657,0.15,0.0,0.0,0.5825036378531074,-0.866119641302186,1.5915221116623293,-1.98,-0.8200000000000001,6.25,0.6899999999999998,0.9338536262512207,0.0,0.08171317167580128,0.0,1.0,7.1,1.428,True,True,False
27.221604585647583,forward_015,7.221604585647583,0.15,0.0,0.0,0.6294093615004551,-1.3046336158657614,1.8380498685065283,-1.46,0.73,5.3500000000000005,1.227,0.9565550088882446,0.07142857142857142,0.07655973359942436,1.0,1.0,7.1,1.428,True,True,False
27.241991758346558,forward_015,7.241991758346558,0.15,0.0,0.0,0.7646723785300157,-1.1431906600562858,1.6918785436520032,-1.31,1.55,6.5,1.458,0.9600023031234741,0.07142857142857142,0.06093689287081361,1.0,1.0,7.1,1.428,True,True,False
27.26235580444336,forward_015,7.262355804443359,0.15,0.0,0.0,0.7024950239277177,-0.9522952731194061,1.6057029118347832,-1.31,1.55,6.5,1.074,0.9418440461158752,0.0,0.0704446763265878,1.0,1.0,7.1,1.2330000000000003,True,True,False
27.282724380493164,forward_015,7.282724380493164,0.15,0.0,0.0,-0.08726646259971647,0.2879793265790644,0.3937899124812206,-1.31,1.55,6.5,1.304,0.9619409441947937,0.14285714285714285,0.10657246108166873,1.0,1.0,7.1,1.2330000000000003,True,True,False
27.303102731704712,forward_015,7.303102731704712,0.15,0.0,0.0,-0.2694352032766246,0.19962203319685143,-0.39269908169872414,-1.31,1.55,6.5,0.844,0.9864633679389954,0.14285714285714285,0.11202280595898628,1.0,1.0,7.1,1.2330000000000003,True,True,False
27.323496341705322,forward_015,7.323496341705322,0.15,0.0,0.0,-0.22580197197676638,0.025089107997418487,-0.6108652381980153,1.22,-1.31,7.19,0.844,0.9629968404769897,0.07142857142857142,0.046674241311848164,1.0,1.0,7.1,1.2330000000000003,True,True,False
27.344026565551758,forward_015,7.344026565551758,0.15,0.0,0.0,-0.27598018797160334,0.002181661564992912,-0.4908738521234052,0.34,-1.45,6.68,1.074,0.9469284415245056,0.0,0.03794378787279129,1.0,1.0,7.1,1.2330000000000003,True,True,False
27.364429473876953,forward_015,7.364429473876953,0.15,0.0,0.0,-0.9708393964218458,-0.29343348049154666,0.11671889372712078,0.33,-0.49,7.8100000000000005,1.534,0.9828317165374756,0.07142857142857142,0.04505932703614235,1.0,1.0,7.1,1.2330000000000003,True,True,False
27.38479495048523,forward_015,7.3847949504852295,0.15,0.0,0.0,-1.1999138607461015,0.04254240051736178,0.18216874067690814,-1.77,0.73,8.4,1.534,0.955711305141449,0.07142857142857142,0.048417161218822,1.0,1.0,7.1,1.2330000000000003,True,True,False
27.405200958251953,forward_015,7.405200958251953,0.15,0.0,0.0,-1.3886275861179884,-0.19853120241435498,0.9959285044192643,-1.77,0.73,8.4,1.381,0.9737450480461121,0.14285714285714285,0.02842734381556511,1.0,1.0,7.1,1.2330000000000003,True,True,False
27.42569899559021,forward_015,7.42569899559021,0.15,0.0,0.0,-1.0941032748439454,-0.0272707695624114,0.9948376736367679,-1.77,0.73,8.4,1.074,0.9635940194129944,0.07142857142857142,0.013554418459534645,1.0,1.0,7.1,1.2330000000000003,True,True,False
27.446082592010498,forward_015,7.446082592010498,0.15,0.0,0.0,-0.5683228376806536,0.8650288105196896,1.5009831567151235,0.71,-2.73,6.44,0.9210000000000002,0.8213136196136475,0.0,0.05036798492074013,1.0,1.0,7.1,1.2330000000000003,True,True,False
27.466543436050415,forward_015,7.466543436050415,0.15,0.0,0.0,-0.18871372537188688,0.30325095753401476,1.6449728200046556,0.51,-0.48,9.1,0.9210000000000002,0.9267238974571228,0.0,0.042315565049648285,1.0,1.0,7.3,0.654,True,True,False
27.486910820007324,forward_015,7.486910820007324,0.15,0.0,0.0,0.1538071403320003,0.5781403147231217,1.1824605682261582,0.51,-0.48,9.1,0.6899999999999998,0.8539657592773438,0.0,0.03211613930761814,1.0,1.0,7.3,0.654,True,True,False
27.50727415084839,forward_015,7.507274150848389,0.15,0.0,0.0,-0.22143864884678055,0.8246680715673207,0.3567016658763411,-2.38,-2.2,8.96,0.46,0.8154947757720947,0.0,0.045452577993273735,0.0,1.0,7.3,0.654,True,True,False
27.527766704559326,forward_015,7.527766704559326,0.15,0.0,0.0,-0.26398104936414235,0.5890486225480862,-0.21380283336930536,-2.38,-2.2,8.96,0.537,0.8677104711532593,0.0,0.03121168166399002,0.0,1.0,7.3,0.654,True,True,False
27.548125743865967,forward_015,7.548125743865967,0.15,0.0,0.0,-0.09490227807719166,0.9359328113819593,-0.2596177262341565,-2.2,-2.0100000000000002,5.94,0.384,0.8910515308380127,0.0,0.06570539902895689,1.0,1.0,7.3,0.654,True,True,False
27.568488359451294,forward_015,7.568488359451294,0.15,0.0,0.0,0.011999138607461015,0.8148505945248526,0.12544553998709243,-2.2,-2.0100000000000002,5.94,0.307,0.9066328406333923,0.0,0.08619618881493807,0.0,1.0,7.3,0.654,True,True,False
27.58885884284973,forward_015,7.5888588428497314,0.15,0.0,0.0,-0.13853550937704992,0.7014041931452212,-0.15817046346198613,-2.0100000000000002,-2.0300000000000002,8.84,0.614,0.9722362160682678,0.07142857142857142,0.1284194802865386,1.0,1.0,7.3,0.654,True,True,False
27.609286308288574,forward_015,7.609286308288574,0.15,0.0,0.0,-0.2083486794568231,0.4286964975211072,0.05672320068981571,-2.59,-0.41000000000000003,8.07,0.9210000000000002,0.944655179977417,0.0,0.0492503228597343,1.0,1.0,7.3,0.654,True,True,False
27.629645824432373,forward_015,7.629645824432373,0.15,0.0,0.0,-0.08399397025222712,0.20180369476184434,0.2279836335417593,-3.08,-1.6600000000000001,8.290000000000001,1.458,0.9592522382736206,0.07142857142857142,0.05834605637937784,0.0,1.0,7.3,0.654,True,True,False
27.65013313293457,forward_015,7.65013313293457,0.15,0.0,0.0,0.27707101875409984,-0.11017390903214205,0.36324665057131983,-3.08,-1.6600000000000001,8.290000000000001,1.765,0.9617879390716553,0.07142857142857142,0.05467223934829235,0.0,1.0,7.3,0.654,True,True,False
27.67049479484558,forward_015,7.670494794845581,0.15,0.0,0.0,0.27707101875409984,-0.11017390903214205,0.36324665057131983,-3.08,-1.6600000000000001,8.290000000000001,1.765,0.9520643949508667,0.07142857142857142,0.05653682164847851,0.0,1.0,7.0,1.3900000000000001,True,True,False
27.692354440689087,forward_015,7.692354440689087,0.15,0.0,0.0,1.0733774899765127,-0.20289452554434081,-0.13744467859455345,-1.09,-2.35,6.53,1.6110000000000002,0.9623653888702393,0.07142857142857142,0.05352659896016121,0.0,1.0,7.0,1.3900000000000001,True,True,False
27.712860822677612,forward_015,7.712860822677612,0.15,0.0,0.0,1.1126473981463851,-0.5355979142057599,-0.30652344988150415,-1.6300000000000001,-2.92,5.96,1.227,0.9626379013061523,0.07142857142857142,0.06414801627397537,0.0,1.0,7.0,1.3900000000000001,True,True,False
27.73334765434265,forward_015,7.733347654342651,0.15,0.0,0.0,1.387536755335492,-0.7832165018324554,-0.10362892433716332,-2.7800000000000002,-3.42,6.99,1.381,0.980440080165863,0.07142857142857142,0.06217841128818691,1.0,1.0,7.0,1.3900000000000001,True,True,False
27.753844022750854,forward_015,7.7538440227508545,0.15,0.0,0.0,1.485711525760173,-0.8530296719122286,0.136353847812057,-3.2600000000000002,-3.11,7.59,0.9210000000000002,0.9698041677474976,0.07142857142857142,0.029870115220546722,1.0,1.0,7.0,1.3900000000000001,True,True,False
27.77439570426941,forward_015,7.774395704269409,0.15,0.0,0.0,1.6711527587845705,-0.8639379797371931,0.37960911230876665,-3.2600000000000002,-3.11,7.59,1.074,0.9566761255264282,0.07142857142857142,0.03828269988298416,1.0,1.0,7.0,1.3900000000000001,True,True,False
27.79486846923828,forward_015,7.794868469238281,0.15,0.0,0.0,0.8017606251348951,0.30870511144649704,-0.0545415391248228,-3.2600000000000002,-3.11,7.59,1.151,0.8828927874565125,0.0,0.09257938899099827,1.0,1.0,7.0,1.3900000000000001,True,True,False
27.815235376358032,forward_015,7.815235376358032,0.15,0.0,0.0,0.3621558197888234,0.24216443371421323,-1.0613783513690516,-3.2600000000000002,-3.11,7.59,1.151,0.9500682353973389,0.07142857142857142,0.08045182190835476,1.0,1.0,7.0,1.3900000000000001,True,True,False
27.83560061454773,forward_015,7.8356006145477295,0.15,0.0,0.0,0.44505895925855404,-0.3174317577064687,-1.3679018012505557,-3.2600000000000002,-3.11,7.59,0.9970000000000001,0.9771760702133179,0.14285714285714285,0.09184585884213448,1.0,0.0,7.0,1.3900000000000001,True,True,False
27.855979442596436,forward_015,7.8559794425964355,0.15,0.0,0.0,0.39051742013373125,0.4374231437810788,-0.9839293658118032,-0.72,-1.25,3.54,1.151,0.9287053346633911,0.0,0.0547683434560895,1.0,0.0,7.0,1.3900000000000001,True,True,False
27.87645959854126,forward_015,7.87645959854126,0.15,0.0,0.0,0.18216874067690814,-0.5126904677733343,0.003272492347489368,0.6900000000000001,1.12,9.18,1.765,0.9748104214668274,0.07142857142857142,0.10884838923811913,1.0,0.0,7.3,0.584,True,True,False
27.89682698249817,forward_015,7.896826982498169,0.15,0.0,0.0,-0.43960480534607177,-0.26616271092913524,0.8268497331323136,-0.91,-1.18,9.69,1.918,0.979545533657074,0.07142857142857142,0.07659078948199749,1.0,0.0,7.3,0.584,True,True,False
27.917187213897705,forward_015,7.917187213897705,0.15,0.0,0.0,-0.43960480534607177,-0.26616271092913524,0.8268497331323136,-0.91,-1.18,9.69,2.225,0.9701843857765198,0.07142857142857142,0.07006782200187445,1.0,0.0,7.3,0.584,True,True,False
27.937555074691772,forward_015,7.9375550746917725,0.15,0.0,0.0,-0.9522952731194061,-0.42215151282612845,1.3864459245529954,-1.6500000000000001,4.66,7.92,1.458,0.9926636219024658,0.14285714285714285,0.03694412112236023,1.0,0.0,7.3,0.584,True,True,False
27.958049058914185,forward_015,7.958049058914185,0.15,0.0,0.0,-1.0515608743265836,-0.32288591161895097,0.4243331743911214,-1.6500000000000001,4.66,7.92,1.227,0.9925065040588379,0.14285714285714285,0.06861290521919727,1.0,0.0,7.3,0.584,True,True,False
27.978481769561768,forward_015,7.978481769561768,0.15,0.0,0.0,-1.2937253080407969,0.25743606466916363,-1.203186353093591,-2.69,4.7700000000000005,9.69,1.534,0.9731311798095703,0.07142857142857142,0.11996008828282356,1.0,1.0,7.3,0.584,True,True,False
27.998916625976562,forward_015,7.9989166259765625,0.15,0.0,0.0,-1.6286103582672087,0.9293878266869805,-1.8511398378964858,-0.6900000000000001,1.8800000000000001,7.3500000000000005,0.9970000000000001,0.8909122943878174,0.0,0.057889681309461594,1.0,1.0,7.3,0.584,True,True,False
28.019360065460205,forward_015,8.019360065460205,0.15,0.0,0.0,-1.451895771502783,1.119192382841364,-1.718058482431918,-3.93,-4.39,9.08,0.844,0.8713655471801758,0.0,0.035226382315158844,1.0,1.0,7.3,0.584,True,True,False
28.039873361587524,forward_015,8.039873361587524,0.15,0.0,0.0,-0.29561514205653955,1.1181015520588673,-0.5901394533305827,-3.93,-4.39,9.08,1.227,0.9273619055747986,0.0,0.052639205008745193,1.0,1.0,7.3,0.584,True,True,False
28.060363292694092,forward_015,8.060363292694092,0.15,0.0,0.0,-0.11453723216212788,0.4363323129985824,0.3883357585687383,-3.93,-4.39,9.08,1.688,0.9164726734161377,0.0,0.039718810468912125,1.0,1.0,7.3,0.584,True,True,False
28.080721378326416,forward_015,8.080721378326416,0.15,0.0,0.0,-0.4134248665661568,1.036289243371633,1.2849986617808251,-3.94,0.4,3.84,1.151,0.901160717010498,0.0,0.16988066583871841,1.0,1.0,7.2,0.9930000000000001,True,True,False
28.10109305381775,forward_015,8.101093053817749,0.15,0.0,0.0,-0.9141161957320301,0.5137812985558308,0.4494222823885399,-3.94,0.4,3.84,0.537,0.859197199344635,0.0,0.11207736097276211,0.0,1.0,7.2,0.9930000000000001,True,True,False
28.12158513069153,forward_015,8.121585130691528,0.15,0.0,0.0,-0.9653852425093635,0.2083486794568231,0.767944870877505,-1.58,-0.46,2.36,0.844,0.821953296661377,0.0,0.046229323372244835,0.0,1.0,7.2,0.9930000000000001,True,True,False
28.1419517993927,forward_015,8.1419517993927,0.15,0.0,0.0,-0.9217520112095053,0.35124751196385884,0.9501136115544131,-4.37,-3.29,5.68,1.304,0.8177364468574524,0.0,0.07877536211162806,0.0,1.0,7.2,0.9930000000000001,True,True,False
28.16231369972229,forward_015,8.16231369972229,0.15,0.0,0.0,-0.49960049838337683,-0.6392268385429232,0.8748462875621577,-4.37,-3.29,5.68,1.6110000000000002,0.9657415747642517,0.07142857142857142,0.10907714907079935,0.0,1.0,7.2,0.9930000000000001,True,True,False
28.182717084884644,forward_015,8.182717084884644,0.15,0.0,0.0,-0.018544123302439753,-0.4701480672559725,0.8617563181722002,-2.65,-4.17,6.04,1.534,0.9884498715400696,0.07142857142857142,0.0944954501464963,0.0,1.0,7.2,0.9930000000000001,True,True,False
28.20318293571472,forward_015,8.203182935714722,0.15,0.0,0.0,0.30870511144649704,-0.5388704065532492,0.3327033886614191,-1.02,-4.46,7.59,1.765,0.9678568840026855,0.07142857142857142,0.04034028947353363,0.0,1.0,7.2,0.9930000000000001,True,True,False
28.22354245185852,forward_015,8.22354245185852,0.15,0.0,0.0,0.5934119456780721,-0.842121364087264,0.2585268954516601,-1.48,-5.2,5.29,1.765,0.9373173117637634,0.0,0.053856427781283855,0.0,1.0,7.2,0.9930000000000001,True,True,False
28.24390196800232,forward_015,8.24390196800232,0.15,0.0,0.0,0.9097528726020443,-0.7286749627076325,0.842121364087264,-2.75,-4.6000000000000005,5.98,1.534,0.9378547072410583,0.0,0.04115899745374917,0.0,1.0,7.2,0.9930000000000001,True,True,False
28.264264583587646,forward_015,8.264264583587646,0.15,0.0,0.0,1.2860894925633215,-0.9915651812892785,1.1355548445788106,-2.75,-3.71,5.5,1.074,0.9558644890785217,0.07142857142857142,0.05069821700453758,0.0,1.0,7.2,0.9930000000000001,True,True,False
28.28473925590515,forward_015,8.284739255905151,0.15,0.0,0.0,1.423534171157875,-1.0035643198967394,1.2522737383059315,-1.54,-2.7800000000000002,7.3,1.6110000000000002,0.9731961488723755,0.07142857142857142,0.08780645579099655,1.0,1.0,7.0,1.825,True,True,False
28.30510425567627,forward_015,8.30510425567627,0.15,0.0,0.0,1.7420567596468401,-1.0450158896316049,1.4388058021128254,-1.54,-2.7800000000000002,7.3,0.844,0.9481518268585205,0.0,0.03592568635940552,1.0,1.0,7.0,1.825,True,True,False
28.325460195541382,forward_015,8.325460195541382,0.15,0.0,0.0,1.1540989678812503,-0.5868669609830933,1.2686362000433782,-1.54,-2.7800000000000002,7.3,1.074,0.9384526610374451,0.0,0.05384459812194109,1.0,1.0,7.0,1.825,True,True,False
28.34581708908081,forward_015,8.34581708908081,0.15,0.0,0.0,0.6294093615004551,-0.1090830782496456,-0.6348635154129374,0.87,9.35,5.54,1.381,0.8269866704940796,0.0,0.07703289669007063,1.0,0.0,7.0,1.825,True,True,False
28.366431951522827,forward_015,8.366431951522827,0.15,0.0,0.0,0.421060682043632,-0.7264933011426397,-1.3700834628155487,0.87,9.35,5.54,1.765,0.8584287762641907,0.0,0.03882611039443873,1.0,0.0,7.0,1.825,True,True,False
28.38689684867859,forward_015,8.386896848678589,0.15,0.0,0.0,0.09817477042468103,0.09599310885968812,-0.9741118887693352,-1.51,-2.14,2.18,0.9970000000000001,0.9705694913864136,0.07142857142857142,0.10660514328628778,1.0,0.0,7.0,1.825,True,True,False
28.40727400779724,forward_015,8.407274007797241,0.15,0.0,0.0,-0.21489366415180183,-0.507236313860852,-0.4603305902135044,0.32,-0.05,4.74,1.227,0.9709426760673523,0.07142857142857142,0.09476107358932495,1.0,0.0,7.0,1.825,True,True,False
28.427740335464478,forward_015,8.427740335464478,0.15,0.0,0.0,-0.5181446216858165,-0.8639379797371931,0.3239767424014474,0.8,-0.11,7.72,1.381,0.9617846608161926,0.07142857142857142,0.07776846177875996,1.0,0.0,7.0,1.825,True,True,False
28.448135137557983,forward_015,8.448135137557983,0.15,0.0,0.0,-0.7275841319251362,-0.7766715171374766,1.2860894925633215,-0.51,0.01,5.13,1.688,0.9930881261825562,0.07142857142857142,0.08385332860052586,1.0,0.0,7.0,1.825,True,True,False
28.46850562095642,forward_015,8.468505620956421,0.15,0.0,0.0,-1.0351984125891367,-0.9479319499894202,1.5009831567151235,0.62,4.3,8.6,1.6110000000000002,0.9876832365989685,0.14285714285714285,0.061768120154738426,1.0,0.0,7.0,1.825,True,True,False
28.488871335983276,forward_015,8.488871335983276,0.15,0.0,0.0,-0.9490227807719167,-0.6512259771503842,1.349357677948116,0.8200000000000001,7.17,9.67,1.151,0.9939614534378052,0.14285714285714285,0.034497763961553574,1.0,0.0,7.4,0.424,True,True,False
28.509268522262573,forward_015,8.509268522262573,0.15,0.0,0.0,-1.1846422297911512,-0.1908953869368798,0.22252947962927702,0.8200000000000001,7.17,9.67,0.9210000000000002,0.9916330575942993,0.14285714285714285,0.03485924191772937,1.0,1.0,7.4,0.424,True,True,False
28.529677391052246,forward_015,8.529677391052246,0.15,0.0,0.0,-1.2817261694333357,0.3534291735288517,-0.7057675162752071,0.8200000000000001,7.17,9.67,0.844,0.9679737687110901,0.07142857142857142,0.09307536855340004,1.0,1.0,7.4,0.424,True,True,False
28.550045013427734,forward_015,8.550045013427734,0.15,0.0,0.0,-1.3439035240356338,0.6588617926278594,-1.3526301702956054,0.8200000000000001,7.17,9.67,0.6899999999999998,0.9505139589309692,0.07142857142857142,0.07382189482450485,0.0,1.0,7.4,0.424,True,True,False
28.570417404174805,forward_015,8.570417404174805,0.15,0.0,0.0,-0.40578905108868163,0.5170537909033202,-1.6951510359994926,0.8200000000000001,7.17,9.67,0.767,0.9390284419059753,0.0,0.02839009161107242,0.0,1.0,7.4,0.424,True,True,False
28.590784072875977,forward_015,8.590784072875977,0.15,0.0,0.0,-0.3817907738737596,0.09053895494720585,-1.5347989109725135,0.8200000000000001,7.17,9.67,1.534,0.9485343098640442,0.0,0.0323093356564641,1.0,1.0,7.4,0.424,True,True,False
28.611311197280884,forward_015,8.611311197280884,0.15,0.0,0.0,-0.019634954084936207,1.0079276430267252,0.0916297857297023,-1.6,-5.04,9.48,1.918,0.8642990589141846,0.0,0.04299718886613846,1.0,1.0,7.4,0.424,True,True,False
28.631694793701172,forward_015,8.631694793701172,0.15,0.0,0.0,-0.07744898555724837,1.4726215563702156,0.6741334235828098,-1.6,-5.04,9.48,1.765,0.7726190090179443,0.0,0.06893777381628752,0.0,1.0,7.4,0.424,True,True,False
28.652063369750977,forward_015,8.652063369750977,0.15,0.0,0.0,-0.018544123302439753,1.2664545384783854,1.1922780452686264,-1.55,-0.65,8.96,1.381,0.8706635236740112,0.0,0.09899730980396271,1.0,1.0,7.4,0.424,True,True,False
28.672444343566895,forward_015,8.672444343566895,0.15,0.0,0.0,-0.27379852640661045,1.1388273369263,0.9206611804270088,1.07,-3.23,8.56,0.844,0.8808593153953552,0.0,0.12140587158501148,1.0,1.0,7.4,0.424,True,True,False
28.692814111709595,forward_015,8.692814111709595,0.15,0.0,0.0,-0.35015668118136234,0.729765793490129,0.65558930028037,2.0100000000000002,0.2,9.08,1.381,0.922503650188446,0.0,0.041044148965738714,1.0,1.0,6.8,2.249,True,True,False
28.71378254890442,forward_015,8.713782548904419,0.15,0.0,0.0,-0.35015668118136234,0.729765793490129,0.65558930028037,2.0100000000000002,0.2,9.08,1.995,0.7691469788551331,0.0,0.06445646053180099,0.0,1.0,6.8,2.249,True,True,False
28.73429846763611,forward_015,8.734298467636108,0.15,0.0,0.0,-0.20180369476184434,-0.2519819107566813,-0.07963064712224129,-2.34,-0.77,9.69,1.995,0.8352360725402832,0.0,0.07279752800241113,0.0,1.0,6.8,2.249,True,True,False
28.754737615585327,forward_015,8.754737615585327,0.15,0.0,0.0,0.44833145160604343,-0.5235987755982988,-0.3643374813538163,-3.21,-1.1,9.02,1.765,0.9110778570175171,0.0,0.11679436638951302,0.0,1.0,6.8,2.249,True,True,False
28.77510929107666,forward_015,8.77510929107666,0.15,0.0,0.0,0.878118779909647,-0.6119560689805118,-0.7101308394051928,-2.7600000000000002,-4.0200000000000005,6.49,1.458,0.8743739724159241,0.0,0.07656241953372955,0.0,1.0,6.8,2.249,True,True,False
28.7959623336792,forward_015,8.7959623336792,0.15,0.0,0.0,0.9872018581592926,-0.7668540400950086,-0.717766654882668,-0.6900000000000001,-5.39,9.1,0.9970000000000001,0.966530978679657,0.07142857142857142,0.0883975550532341,1.0,1.0,6.8,2.249,True,True,False
28.816333532333374,forward_015,8.816333532333374,0.15,0.0,0.0,1.0482883819790942,-0.9599310885968813,0.1712604328519436,-0.61,-1.34,6.24,1.458,0.9616603255271912,0.21428571428571427,0.07461410644464195,1.0,1.0,6.8,2.249,True,True,False
28.836699962615967,forward_015,8.836699962615967,0.15,0.0,0.0,1.2239121379610236,-0.8213955792198313,0.791943148092427,-1.6500000000000001,-2.5300000000000002,4.43,1.074,0.9731273055076599,0.14285714285714285,0.0314627792686224,1.0,1.0,6.8,2.249,True,True,False
28.857186317443848,forward_015,8.857186317443848,0.15,0.0,0.0,1.3308135546456763,-0.7112216701876893,1.1540989678812503,-1.6500000000000001,-2.5300000000000002,4.43,1.227,0.9574379324913025,0.07142857142857142,0.026738930493593216,1.0,1.0,6.8,2.249,True,True,False
28.877678632736206,forward_015,8.877678632736206,0.15,0.0,0.0,0.38942658935123475,0.13199052468207118,0.8213955792198313,-1.6500000000000001,-2.5300000000000002,4.43,1.688,0.9323716163635254,0.0,0.04702250752598047,1.0,1.0,6.8,2.249,True,True,False
28.898117065429688,forward_015,8.898117065429688,0.15,0.0,0.0,0.06872233929727672,0.6741334235828098,-0.2879793265790644,-1.6500000000000001,-2.5300000000000002,4.43,1.151,0.9082489013671875,0.0,0.035260917618870735,1.0,1.0,7.4,0.29600000000000004,True,True,False
28.91847515106201,forward_015,8.918475151062012,0.15,0.0,0.0,0.04908738521234052,0.6643159465403417,-1.4988014951501305,-1.68,-4.22,9.39,0.9970000000000001,0.909005343914032,0.0,0.09699836187064648,1.0,1.0,7.4,0.29600000000000004,True,True,False
28.93884015083313,forward_015,8.93884015083313,0.15,0.0,0.0,0.02181661564992912,0.8748462875621577,-0.9839293658118032,1.83,1.6300000000000001,5.18,0.6899999999999998,0.9254305362701416,0.0,0.1270214579999447,1.0,1.0,7.4,0.29600000000000004,True,True,False
28.959222555160522,forward_015,8.959222555160522,0.15,0.0,0.0,0.09053895494720585,0.22689280275926285,-1.263182046130896,1.9100000000000001,-1.1400000000000001,7.08,0.537,0.9260801076889038,0.0,0.04544402752071619,1.0,1.0,7.4,0.29600000000000004,True,True,False
28.979604244232178,forward_015,8.979604244232178,0.15,0.0,0.0,0.13199052468207118,0.10144726277217041,-1.0733774899765127,-1.62,-0.11,7.930000000000001,0.844,0.8652880191802979,0.0,0.050286851823329926,1.0,0.0,7.4,0.29600000000000004,True,True,False
28.999977827072144,forward_015,8.999977827072144,0.15,0.0,0.0,0.12435470920459599,0.16689710972195776,-0.5966844380255614,-1.62,-0.11,7.930000000000001,1.381,0.9004920721054077,0.0,0.05886658653616905,1.0,0.0,7.4,0.29600000000000004,True,True,False
29.02035427093506,forward_015,9.020354270935059,0.15,0.0,0.0,-0.26725354171163174,0.3916082509162277,-0.1439896632895322,-1.02,0.51,7.3500000000000005,1.688,0.8571423292160034,0.0,0.0238796379417181,1.0,0.0,7.4,0.29600000000000004,True,True,False
29.04071068763733,forward_015,9.040710687637329,0.15,0.0,0.0,-0.5781403147231217,-0.09053895494720585,0.37088246604879505,0.45,-1.41,8.83,2.071,0.9186953902244568,0.0,0.04856642708182335,1.0,1.0,7.4,0.29600000000000004,True,True,False
29.06107807159424,forward_015,9.061078071594238,0.15,0.0,0.0,-0.8944812416470939,-0.15162547876700738,1.1595531217937327,1.09,-0.17,4.8500000000000005,1.458,0.9517220258712769,0.07142857142857142,0.03893323056399822,1.0,1.0,7.4,0.29600000000000004,True,True,False
29.081449508666992,forward_015,9.081449508666992,0.15,0.0,0.0,-1.3831734322055063,-0.36979163526629855,1.2326387842209952,-0.11,4.16,8.91,0.9210000000000002,0.9567745327949524,0.07142857142857142,0.028126176446676254,1.0,1.0,7.4,0.29600000000000004,True,True,False
29.101820945739746,forward_015,9.101820945739746,0.15,0.0,0.0,-1.3831734322055063,-0.36979163526629855,1.2326387842209952,-0.11,4.16,8.91,1.151,0.9688913226127625,0.07142857142857142,0.03654807759448886,0.0,1.0,7.4,0.35100000000000003,True,True,False
29.12218451499939,forward_015,9.12218451499939,0.15,0.0,0.0,-0.878118779909647,0.9948376736367679,0.09381144729469522,-0.11,4.16,8.91,0.767,0.8302276134490967,0.0,0.07182538136839867,0.0,1.0,7.4,0.35100000000000003,True,True,False
29.142635822296143,forward_015,9.142635822296143,0.15,0.0,0.0,-0.6272276999354622,0.9424777960769379,-0.017453292519943295,-1.41,-2.6,6.32,0.767,0.8434280753135681,0.0,0.04133757948875427,0.0,1.0,7.4,0.35100000000000003,True,True,False
29.163011074066162,forward_015,9.163011074066162,0.15,0.0,0.0,-0.2748893571891069,0.4145156973486533,-0.49741883681838395,-1.41,-2.6,6.32,0.6899999999999998,0.847296416759491,0.0,0.02985069900751114,0.0,1.0,7.4,0.35100000000000003,True,True,False
29.183472394943237,forward_015,9.183472394943237,0.15,0.0,0.0,0.16798794050445423,1.249001245958442,-0.19416787928436915,-2.99,-4.0200000000000005,8.59,0.614,0.9219518303871155,0.0,0.073185158893466,0.0,1.0,7.4,0.35100000000000003,True,True,False
29.20384645462036,forward_015,9.203846454620361,0.15,0.0,0.0,0.19634954084936207,1.0417433972841155,0.020725784867432664,-3.48,-2.35,8.82,0.537,0.9092866778373718,0.0,0.06486868672072887,0.0,1.0,7.4,0.35100000000000003,True,True,False
29.224209308624268,forward_015,9.224209308624268,0.15,0.0,0.0,0.11453723216212788,0.8988445647770797,-0.04363323129985824,-0.84,-2.82,7.140000000000001,0.46,0.8069198131561279,0.0,0.18935444951057434,1.0,1.0,7.4,0.35100000000000003,True,True,False
29.244576930999756,forward_015,9.244576930999756,0.15,0.0,0.0,-0.16798794050445423,0.4756022211684548,0.11562806294462433,-2.86,-1.73,8.39,0.844,0.9369064569473267,0.0,0.06535820104181767,1.0,1.0,7.4,0.35100000000000003,True,True,False
29.26495099067688,forward_015,9.26495099067688,0.15,0.0,0.0,-0.2825251726665821,0.14180800172453928,0.36979163526629855,-4.49,-1.74,8.55,1.074,0.9711616039276123,0.07142857142857142,0.07583028264343739,0.0,1.0,7.4,0.35100000000000003,True,True,False
29.285320281982422,forward_015,9.285320281982422,0.15,0.0,0.0,-0.30325095753401476,-0.26725354171163174,0.4406956361285682,-4.49,-1.74,8.55,1.841,0.9666149616241455,0.07142857142857142,0.047549786046147346,0.0,1.0,7.4,0.35100000000000003,True,True,False
29.305856227874756,forward_015,9.305856227874756,0.15,0.0,0.0,0.001090830782496456,-0.28034351110158917,0.5388704065532492,-1.46,-0.96,8.32,1.841,0.9501208662986755,0.07142857142857142,0.07676622830331326,0.0,1.0,7.1,1.28,True,True,False
29.32621669769287,forward_015,9.326216697692871,0.15,0.0,0.0,0.6294093615004551,-0.6566801310628665,0.32288591161895097,-1.26,-4.16,5.67,1.841,0.9775051474571228,0.07142857142857142,0.0678949928842485,0.0,1.0,7.1,1.28,True,True,False
29.346595764160156,forward_015,9.346595764160156,0.15,0.0,0.0,0.7254024703601433,-0.7995789635699022,0.03490658503988659,-2.5,-3.66,9.78,1.304,0.9261357188224792,0.0,0.0727528240531683,0.0,1.0,7.1,1.28,True,True,False
29.36696195602417,forward_015,9.36696195602417,0.15,0.0,0.0,0.8213955792198313,-0.755945732270044,0.05999569303730508,-1.9100000000000001,-3.79,5.71,1.6110000000000002,0.9442642331123352,0.0,0.09305961057543755,0.0,1.0,7.1,1.28,True,True,False
29.387335062026978,forward_015,9.387335062026978,0.15,0.0,0.0,1.2119129993535627,-1.0068368122442288,0.42215151282612845,-1.52,-2.82,5.47,1.304,0.9704099297523499,0.07142857142857142,0.1021223645657301,1.0,1.0,7.1,1.28,True,True,False
29.407705545425415,forward_015,9.407705545425415,0.15,0.0,0.0,1.3449943548181302,-1.0755591515415055,0.5857761302005968,-2.1,-4.29,7.09,1.304,0.9484379887580872,0.0,0.03234846144914627,1.0,1.0,7.1,1.28,True,True,False
29.428184032440186,forward_015,9.428184032440186,0.15,0.0,0.0,1.6875152205220174,-0.9337511498169663,1.102829921103917,-1.29,-2.23,8.78,1.381,0.9522766470909119,0.07142857142857142,0.04066900908946991,1.0,1.0,7.1,1.28,True,True,False
29.448554277420044,forward_015,9.448554277420044,0.15,0.0,0.0,1.1061024134514064,-0.32179508083645453,0.9981101659842572,-1.29,-2.23,8.78,1.151,0.9334502220153809,0.0,0.09992022067308426,1.0,1.0,7.1,1.28,True,True,False
29.468928813934326,forward_015,9.468928813934326,0.15,0.0,0.0,0.559596191420682,0.5661411761156606,-0.47123889803846897,-0.6900000000000001,6.4,3.59,1.918,0.8781094551086426,0.0,0.07313426956534386,1.0,1.0,7.1,1.28,True,True,False
29.4893958568573,forward_015,9.4893958568573,0.15,0.0,0.0,0.44724062082354693,-0.5039638215133626,-1.5293447570600314,-0.6900000000000001,6.4,3.59,1.381,0.9416388273239136,0.0,0.06673991866409779,1.0,0.0,7.1,1.28,True,True,False
29.509915590286255,forward_015,9.509915590286255,0.15,0.0,0.0,0.055632369907319255,0.5235987755982988,-1.5086189721925987,0.0,-2.49,2.07,1.151,0.9606762528419495,0.07142857142857142,0.10102899186313152,1.0,0.0,7.3,0.921,True,True,False
29.530285835266113,forward_015,9.530285835266113,0.15,0.0,0.0,-0.16689710972195776,-0.6795875774952921,-0.8246680715673207,-0.09,1.42,4.5600000000000005,1.458,0.9737898707389832,0.07142857142857142,0.11386895924806595,1.0,0.0,7.3,0.921,True,True,False
29.550782442092896,forward_015,9.550782442092896,0.15,0.0,0.0,-0.3665191429188092,-0.8573929950422144,-0.49960049838337683,1.34,-0.3,8.24,1.765,0.9703006148338318,0.07142857142857142,0.12459340319037437,1.0,0.0,7.3,0.921,True,True,False
29.571215867996216,forward_015,9.571215867996216,0.15,0.0,0.0,-0.3719732968312915,-0.7483099167925688,0.6119560689805118,0.9400000000000001,2.11,8.27,2.455,0.9871699810028076,0.07142857142857142,0.06115781515836716,1.0,0.0,7.3,0.921,True,True,False
29.591590404510498,forward_015,9.591590404510498,0.15,0.0,0.0,-0.23125612588924865,-1.0297442586766545,1.3864459245529954,0.9400000000000001,2.11,8.27,1.534,0.9879506230354309,0.07142857142857142,0.061509916558861726,1.0,0.0,7.3,0.921,True,True,False
29.612155199050903,forward_015,9.612155199050903,0.15,0.0,0.0,-0.23343778745424157,-0.9326603190344699,1.1399181677087964,0.9400000000000001,2.11,8.27,0.844,0.9903401136398315,0.07142857142857142,0.024661436676979065,1.0,0.0,7.3,0.921,True,True,False
29.632535219192505,forward_015,9.632535219192505,0.15,0.0,0.0,-0.4537856055185257,-0.6806784082777885,0.7024950239277177,-0.73,6.99,7.6000000000000005,1.151,0.9980341196060181,0.14285714285714285,0.03778080549091101,1.0,0.0,7.3,0.921,True,True,False
29.652924299240112,forward_015,9.652924299240112,0.15,0.0,0.0,-0.8181230868723419,-0.36106498900632694,-0.6424993308904126,0.34,4.39,9.8,1.6110000000000002,0.9923492074012756,0.14285714285714285,0.060321636497974396,1.0,1.0,7.3,0.921,True,True,False
29.6733295917511,forward_015,9.673329591751099,0.15,0.0,0.0,-1.2740903539558606,0.4854196982109229,-1.7747816831217338,-0.9,2.39,6.53,1.304,0.9623068571090698,0.07142857142857142,0.13183949515223503,1.0,1.0,7.3,0.921,True,True,False
29.693744659423828,forward_015,9.693744659423828,0.15,0.0,0.0,-1.7976891295541595,0.8344855486097889,-2.4532784298345294,-0.9,2.39,6.53,0.844,0.8842375874519348,0.0,0.0938811432570219,0.0,1.0,7.3,0.921,True,True,False
29.714287042617798,forward_015,9.714287042617798,0.15,0.0,0.0,-0.9108437033845407,0.6686792696703275,-2.5961772623415653,-0.9,2.39,6.53,0.767,0.8973464965820312,0.0,0.03261224180459976,1.0,1.0,7.3,0.9150000000000001,True,True,False
29.735332489013672,forward_015,9.735332489013672,0.15,0.0,0.0,-0.04690572364734761,0.9195703496445123,-1.634064512179691,0.33,-7.96,3.59,1.304,0.8570113778114319,0.0,0.06675075739622116,1.0,1.0,7.3,0.9150000000000001,True,True,False
29.755700826644897,forward_015,9.755700826644897,0.15,0.0,0.0,0.22143864884678055,0.49741883681838395,-0.5377795757707527,1.03,-3.54,6.140000000000001,1.918,0.8908276557922363,0.0,0.025309234857559204,1.0,1.0,7.3,0.9150000000000001,True,True,False
29.776067972183228,forward_015,9.776067972183228,0.15,0.0,0.0,0.03599741582238305,0.9730210579868387,-0.10690141668465268,1.03,-3.54,6.140000000000001,1.688,0.7488951086997986,0.0,0.08227977063506842,1.0,1.0,7.3,0.9150000000000001,True,True,False
29.79644465446472,forward_015,9.796444654464722,0.15,0.0,0.0,0.04036073895236887,0.9533861039019025,0.32179508083645453,1.03,-3.54,6.140000000000001,0.614,0.8097466230392456,0.0,0.11917232722043991,1.0,1.0,7.3,0.9150000000000001,True,True,False
29.8168306350708,forward_015,9.8168306350708,0.15,0.0,0.0,-0.019634954084936207,0.5203262832508095,0.5563236990731926,-3.42,-0.31,7.61,0.767,0.974039614200592,0.07142857142857142,0.05931753944605589,1.0,1.0,7.3,0.9150000000000001,True,True,False
29.837204933166504,forward_015,9.837204933166504,0.15,0.0,0.0,-0.23452861823673804,0.3272492347489368,0.45160394395353276,-3.42,-0.31,7.61,0.9970000000000001,0.9846543073654175,0.07142857142857142,0.07121304050087929,0.0,1.0,7.3,0.9150000000000001,True,True,False
29.857739210128784,forward_015,9.857739210128784,0.15,0.0,0.0,-0.2399827721492203,0.5235987755982988,0.5170537909033202,-1.51,-1.3,7.79,0.9970000000000001,0.9429598450660706,0.0,0.06852838024497032,0.0,1.0,7.3,0.9150000000000001,True,True,False
29.878195762634277,forward_015,9.878195762634277,0.15,0.0,0.0,0.10253809355466686,-0.4505131131710363,0.4505131131710363,-1.51,-1.3,7.79,1.227,0.9091378450393677,0.0,0.14057663828134537,0.0,1.0,7.3,0.9150000000000001,True,True,False
29.89868140220642,forward_015,9.898681402206421,0.15,0.0,0.0,0.41560652813114973,-0.17780541754692233,0.05345070834232634,-2.0100000000000002,-1.12,7.0600000000000005,1.534,0.9188960194587708,0.0,0.0921506155282259,0.0,1.0,7.3,0.9150000000000001,True,True,False
29.919053077697754,forward_015,9.919053077697754,0.15,0.0,0.0,0.6872233929727672,-0.4145156973486533,-0.5345070834232635,-2.35,-2.14,7.37,1.458,0.9211834073066711,0.0,0.05484463274478912,0.0,1.0,7.2,0.9799999999999999,True,True,False
29.939424514770508,forward_015,9.939424514770508,0.15,0.0,0.0,0.7810348402674625,-0.5497787143782138,-0.4166973589136462,-1.46,-3.37,6.2,0.9970000000000001,0.9566470980644226,0.07142857142857142,0.10321161337196827,1.0,1.0,7.2,0.9799999999999999,True,True,False
29.959786415100098,forward_015,9.959786415100098,0.15,0.0,0.0,0.9304786574694769,-0.7472190860100724,0.20725784867432664,-1.96,-3.22,6.44,1.227,0.9540261030197144,0.07142857142857142,0.027432776987552643,1.0,1.0,7.2,0.9799999999999999,True,True,False
29.980164051055908,forward_015,9.980164051055908,0.15,0.0,0.0,1.0079276430267252,-0.7417649320975901,0.2399827721492203,-2.3000000000000003,-1.1,6.0600000000000005,1.381,0.9491835832595825,0.0,0.043113160878419876,1.0,1.0,7.2,0.9799999999999999,True,True,False
30.000614404678345,stand_post,0.0006144046783447266,0.0,0.0,0.0,1.3122694313432366,-0.6883142237552637,0.3370667117914049,-2.3000000000000003,-1.1,6.0600000000000005,0.9970000000000001,0.8375263810157776,0.0,0.07174598192796111,1.0,1.0,7.2,0.9799999999999999,True,True,False
30.020982027053833,stand_post,0.020982027053833008,0.0,0.0,0.0,0.5639595145506677,0.7995789635699022,-0.29888763440402893,-2.3000000000000003,-1.1,6.0600000000000005,1.227,0.7180298566818237,0.0,0.07885714108124375,1.0,1.0,7.2,0.9799999999999999,True,True,False
30.041354179382324,stand_post,0.04135417938232422,0.0,0.0,0.0,0.272707695624114,-0.3076142806640006,-1.1420998292737894,-2.3000000000000003,-1.1,6.0600000000000005,0.9210000000000002,0.7969813942909241,0.0,0.07343342248350382,1.0,1.0,7.2,0.9799999999999999,True,True,False
30.061721801757812,stand_post,0.0617218017578125,0.0,0.0,0.0,0.3076142806640006,-0.0818123086872342,-1.5806138038373647,-2.3000000000000003,-1.1,6.0600000000000005,1.227,0.9134390354156494,0.0,0.02849891036748886,1.0,0.0,7.2,0.9799999999999999,True,True,False
30.082170009613037,stand_post,0.08217000961303711,0.0,0.0,0.0,-0.12980886311707826,-0.17562375598192942,-1.1355548445788106,-1.37,-2.0300000000000002,3.46,1.6110000000000002,0.9083040952682495,0.0,0.04294246865902096,1.0,0.0,7.2,0.9799999999999999,True,True,False
30.102627992630005,stand_post,0.10262799263000488,0.0,0.0,0.0,-0.16471544815696484,-1.1104657365813921,-0.34797501961636945,1.33,1.73,7.38,1.765,0.8888267278671265,0.0,0.03831278694997309,1.0,0.0,7.2,0.9799999999999999,True,True,False
30.122992038726807,stand_post,0.12299203872680664,0.0,0.0,0.0,-0.5246896063807953,-1.1061024134514064,0.22252947962927702,-0.34,-0.03,7.42,2.225,0.8721579313278198,0.0,0.01909424178302288,1.0,0.0,7.5,0.187,True,True,False
30.143357515335083,stand_post,0.143357515335083,0.0,0.0,0.0,-0.9577494270318884,-1.3079061082132506,1.0624691821515482,0.87,1.12,6.61,1.688,0.8452639579772949,0.0,0.02589244395494461,1.0,0.0,7.5,0.187,True,True,False
30.163724184036255,stand_post,0.16372418403625488,0.0,0.0,0.0,-1.3755376167280309,-1.3940817400304708,0.8813912722571364,0.3,3.38,6.75,1.534,0.8587186932563782,0.0,0.017778261099010706,1.0,1.0,7.5,0.187,True,True,False
30.18409299850464,stand_post,0.18409299850463867,0.0,0.0,0.0,-1.4289883250703572,-0.9446594576419308,-0.04690572364734761,0.3,3.38,6.75,1.151,0.8352605700492859,0.0,0.020998504012823105,1.0,1.0,7.5,0.187,True,True,False
30.2044620513916,stand_post,0.20446205139160156,0.0,0.0,0.0,-1.4606224177627545,-0.6926775468852495,-0.36979163526629855,0.3,3.38,6.75,0.767,0.8373319506645203,0.0,0.008737966418266298,1.0,1.0,7.5,0.187,True,True,False
30.22490692138672,stand_post,0.22490692138671875,0.0,0.0,0.0,-0.5835944686356039,0.4854196982109229,-1.4311699866353502,0.3,3.38,6.75,0.6899999999999998,0.8967453241348267,0.0,0.05452143959701061,1.0,1.0,7.5,0.187,True,True,False
30.245279788970947,stand_post,0.24527978897094727,0.0,0.0,0.0,-0.09817477042468103,0.5115996369908379,-1.8467765147664998,0.25,-3.59,6.7,0.844,0.9133229851722717,0.0,0.015383109450340271,1.0,1.0,7.5,0.187,True,True,False
30.26585054397583,stand_post,0.2658505439758301,0.0,0.0,0.0,0.10253809355466686,0.5257804371632918,-1.6787885742620456,0.1,-5.2,7.03,0.537,0.9216058254241943,0.0,0.01108796102926135,1.0,1.0,7.5,0.187,True,True,False
30.286219358444214,stand_post,0.28621935844421387,0.0,0.0,0.0,-0.11780972450961724,0.8410305333047675,-1.0777408131064985,0.1,-5.2,7.03,0.614,0.912253201007843,0.0,0.012462874117773026,1.0,1.0,7.5,0.187,True,True,False
30.306676864624023,stand_post,0.30667686462402344,0.0,0.0,0.0,-0.11017390903214205,0.7428557628800865,-0.7221299780126539,0.13,-7.140000000000001,9.19,0.614,0.8917284607887268,0.0,0.00671166367828846,1.0,1.0,7.5,0.187,True,True,False
30.327043771743774,stand_post,0.3270437717437744,0.0,0.0,0.0,0.2552544031041707,0.421060682043632,0.3294308963139297,-1.41,-2.87,7.13,0.614,0.8315879702568054,0.0,0.023613394470885396,1.0,1.0,7.4,0.20800000000000002,True,True,False
30.347412586212158,stand_post,0.3474125862121582,0.0,0.0,0.0,0.07090400086226964,0.04254240051736178,0.5039638215133626,0.76,-3.24,9.58,0.614,0.8457182049751282,0.0,0.00847422331571579,1.0,1.0,7.4,0.20800000000000002,True,True,False
30.36777400970459,stand_post,0.36777400970458984,0.0,0.0,0.0,-0.08617563181722002,-0.1189005552921137,0.7515824091400581,0.96,-1.26,8.700000000000001,0.614,0.8269262313842773,0.0,0.007726892828941345,1.0,1.0,7.4,0.20800000000000002,True,True,False
30.388156414031982,stand_post,0.3881564140319824,0.0,0.0,0.0,-0.06326818538479445,-0.4232423436086249,0.7406741013150936,-0.59,0.67,8.5,0.384,0.8366001844406128,0.0,0.013725228607654572,1.0,1.0,7.4,0.20800000000000002,True,True,False
30.40852642059326,stand_post,0.4085264205932617,0.0,0.0,0.0,0.0719948316447661,-0.385063266221249,0.4505131131710363,-0.59,0.67,8.5,0.384,0.8585806488990784,0.0,0.006740730255842209,1.0,1.0,7.4,0.20800000000000002,True,True,False
30.428969144821167,stand_post,0.428969144821167,0.0,0.0,0.0,-0.001090830782496456,0.07417649320975901,-0.1734420944169365,-1.05,0.89,9.11,0.614,0.8859037160873413,0.0,0.018000422045588493,1.0,1.0,7.4,0.20800000000000002,True,True,False
30.449448585510254,stand_post,0.4494485855102539,0.0,0.0,0.0,-0.08726646259971647,-0.031634092692397225,-0.5628686837681712,-0.77,1.43,8.790000000000001,0.384,0.8986009359359741,0.0,0.012633880600333214,1.0,1.0,7.4,0.20800000000000002,True,True,False
30.469893217086792,stand_post,0.469893217086792,0.0,0.0,0.0,-0.08726646259971647,-0.031634092692397225,-0.5628686837681712,-0.77,1.43,8.790000000000001,0.23,0.8993170261383057,0.0,0.002654006704688072,1.0,1.0,7.4,0.20800000000000002,True,True,False
30.490407466888428,stand_post,0.49040746688842773,0.0,0.0,0.0,-0.013089969389957472,0.25634523388666713,-0.693768377667746,0.79,-0.36,8.75,0.23,0.9163724780082703,0.0,0.012170329689979553,1.0,1.0,7.4,0.20800000000000002,True,True,False
30.51089596748352,stand_post,0.5108959674835205,0.0,0.0,0.0,-0.025089107997418487,0.05890486225480862,-0.5050546522958591,-0.46,-2.08,9.56,0.307,0.9022096991539001,0.0,0.00875622034072876,1.0,1.0,7.4,0.20800000000000002,True,True,False
30.5314040184021,stand_post,0.5314040184020996,0.0,0.0,0.0,0.04581489286485115,0.1734420944169365,-0.18653206380689397,-0.73,-2.41,9.31,0.384,0.8846706748008728,0.0,0.009733390063047409,1.0,1.0,7.4,0.166,True,True,False
30.551777362823486,stand_post,0.5517773628234863,0.0,0.0,0.0,0.08508480103472356,0.08944812416470939,0.17016960206944712,-0.33,-2.2800000000000002,8.38,0.307,0.8727336525917053,0.0,0.01182999461889267,1.0,1.0,7.4,0.166,True,True,False
30.572216987609863,stand_post,0.5722169876098633,0.0,0.0,0.0,-0.015271630954950384,-0.10471975511965978,0.38942658935123475,0.0,-2.36,9.17,0.537,0.8698906898498535,0.0,0.005583140533417463,1.0,1.0,7.4,0.166,True,True,False
30.592591285705566,stand_post,0.5925912857055664,0.0,0.0,0.0,-0.044724062082354694,-0.10253809355466686,0.6174102228929941,0.0,-0.63,8.19,0.153,0.8413965702056885,0.0,0.005851898342370987,1.0,1.0,7.4,0.166,True,True,False
30.61314821243286,stand_post,0.6131482124328613,0.0,0.0,0.0,-0.04145156973486533,-0.2748893571891069,0.46796640569097964,0.16,-1.01,8.49,0.307,0.8523843884468079,0.0,0.00852198526263237,1.0,1.0,7.4,0.166,True,True,False
30.633505821228027,stand_post,0.6335058212280273,0.0,0.0,0.0,-0.015271630954950384,-0.2792526803190927,0.31852258848896514,-0.64,-0.78,9.58,0.307,0.8745097517967224,0.0,0.0038616210222244263,1.0,1.0,7.4,0.166,True,True,False
30.653882265090942,stand_post,0.6538822650909424,0.0,0.0,0.0,-0.06872233929727672,-0.07308566242726255,0.11671889372712078,-0.74,0.53,9.25,0.307,0.876459002494812,0.0,0.007531104842200875,1.0,1.0,7.4,0.166,True,True,False
30.67434024810791,stand_post,0.6743402481079102,0.0,0.0,0.0,-0.10253809355466686,-0.050178215994836975,-0.31634092692397225,-0.74,0.53,9.25,0.23,0.9009302258491516,0.0,0.012513797730207443,1.0,1.0,7.4,0.166,True,True,False
30.69482183456421,stand_post,0.694821834564209,0.0,0.0,0.0,-0.08072147790473774,0.08399397025222712,-0.48323803664593,0.49,-0.56,9.23,0.153,0.9077651500701904,0.0,0.005342498421669006,1.0,1.0,7.4,0.166,True,True,False
30.715328693389893,stand_post,0.7153286933898926,0.0,0.0,0.0,-0.032724923474893676,0.039269908169872414,-0.4265148359561143,0.01,-1.4000000000000001,9.15,0.153,0.9064748883247375,0.0,0.0028086798265576363,1.0,1.0,7.4,0.166,True,True,False
30.735695838928223,stand_post,0.7356958389282227,0.0,0.0,0.0,0.0272707695624114,0.004363323129985824,-0.16144295580947549,-0.22,-1.28,9.17,0.23,0.9055325984954834,0.0,0.006278552114963533,1.0,1.0,7.5,0.15,True,True,False
30.75669264793396,stand_post,0.75669264793396,0.0,0.0,0.0,0.008726646259971648,-0.007635815477475192,-0.017453292519943295,-0.11,-1.92,9.33,0.307,0.9027345180511475,0.0,0.003602217882871628,1.0,1.0,7.5,0.15,True,True,False
30.777068853378296,stand_post,0.7770688533782959,0.0,0.0,0.0,-0.007635815477475192,-0.031634092692397225,0.23234695667174513,0.01,-2.0300000000000002,9.0,0.384,0.8918857574462891,0.0,0.006749488413333893,1.0,1.0,7.5,0.15,True,True,False
30.79751181602478,stand_post,0.7975118160247803,0.0,0.0,0.0,-0.028361600344907856,-0.05235987755982989,0.3665191429188092,0.35000000000000003,-1.49,9.17,0.077,0.8832985162734985,0.0,0.003569692373275757,1.0,1.0,7.5,0.15,True,True,False
30.817890644073486,stand_post,0.8178906440734863,0.0,0.0,0.0,-0.05999569303730508,-0.0545415391248228,0.24870941840919197,0.06,-0.6900000000000001,8.99,0.153,0.8887034058570862,0.0,0.002422608435153961,1.0,1.0,7.5,0.15,True,True,False
30.838276386260986,stand_post,0.8382763862609863,0.0,0.0,0.0,0.013089969389957472,-0.0719948316447661,0.04036073895236887,-0.1,-0.44,9.57,0.23,0.9004714488983154,0.0,0.004365772008895874,1.0,1.0,7.5,0.15,True,True,False
30.858713626861572,stand_post,0.8587136268615723,0.0,0.0,0.0,0.025089107997418487,0.019634954084936207,-0.13199052468207118,0.22,-0.32,9.05,0.23,0.9015587568283081,0.0,0.002585090696811676,1.0,1.0,7.5,0.15,True,True,False
30.879085540771484,stand_post,0.8790855407714844,0.0,0.0,0.0,0.020725784867432664,0.032724923474893676,-0.31852258848896514,0.17,-0.6900000000000001,9.53,0.153,0.9083021283149719,0.0,0.005308229476213455,1.0,1.0,7.5,0.15,True,True,False
30.899460554122925,stand_post,0.8994605541229248,0.0,0.0,0.0,0.038179077387375956,0.061086523819801536,-0.2181661564992912,-0.05,-1.45,9.13,0.153,0.9021649360656738,0.0,0.002173207700252533,1.0,1.0,7.5,0.15,True,True,False
30.91983652114868,stand_post,0.9198365211486816,0.0,0.0,0.0,-0.001090830782496456,0.031634092692397225,-0.11126473981463851,-0.08,-1.2,8.93,0.077,0.8980159163475037,0.0,0.0021694600582122803,1.0,1.0,7.5,0.15,True,True,False
30.940303802490234,stand_post,0.9403038024902344,0.0,0.0,0.0,-0.009817477042468103,-0.015271630954950384,0.037088246604879506,-0.19,-1.71,9.59,0.153,0.8931193351745605,0.0,0.00264822319149971,1.0,1.0,7.5,0.181,True,True,False
30.960676670074463,stand_post,0.9606766700744629,0.0,0.0,0.0,-0.011999138607461015,0.02945243112740431,0.2007128639793479,0.56,-1.16,9.03,0.23,0.8769273161888123,0.0,0.006204254925251007,1.0,1.0,7.5,0.181,True,True,False
30.981177806854248,stand_post,0.981177806854248,0.0,0.0,0.0,-0.020725784867432664,0.022907446432425576,0.14726215563702155,0.39,-0.52,9.51,0.0,0.8784816861152649,0.0,0.0016440749168395996,1.0,1.0,7.5,0.181,True,True,False
31.001548528671265,stand_post,1.0015485286712646,0.0,0.0,0.0,0.007635815477475192,0.009817477042468103,0.019634954084936207,-0.44,-1.27,9.47,0.0,0.8842498064041138,0.0,0.003809526562690735,1.0,1.0,7.5,0.181,True,True,False
31.021982669830322,stand_post,1.0219826698303223,0.0,0.0,0.0,0.019634954084936207,0.039269908169872414,0.04690572364734761,-0.1,-0.62,9.02,0.077,0.8785867094993591,0.0,0.0023836083710193634,1.0,1.0,7.5,0.181,True,True,False
31.042359828948975,stand_post,1.0423598289489746,0.0,0.0,0.0,-0.00545415391248228,0.05890486225480862,-0.09599310885968812,-0.35000000000000003,-1.26,9.49,0.153,0.8837093710899353,0.0,0.0038785412907600403,1.0,1.0,7.5,0.181,True,True,False
31.062849283218384,stand_post,1.0628492832183838,0.0,0.0,0.0,0.04363323129985824,0.03381575425739013,-0.05345070834232634,-0.21,-1.34,9.56,0.077,0.8829882144927979,0.0,0.0014059320092201233,1.0,1.0,7.5,0.181,True,True,False
31.08322310447693,stand_post,1.0832231044769287,0.0,0.0,0.0,0.025089107997418487,0.013089969389957472,0.02399827721492203,-0.26,-0.9400000000000001,8.950000000000001,0.0,0.8788384795188904,0.0,0.002591390162706375,1.0,1.0,7.5,0.181,True,True,False
31.103596210479736,stand_post,1.1035962104797363,0.0,0.0,0.0,-0.020725784867432664,-0.032724923474893676,0.00545415391248228,-0.34,-0.9400000000000001,9.55,0.0,0.8821231126785278,0.0,0.002095114439725876,1.0,1.0,7.5,0.181,True,True,False
31.12397003173828,stand_post,1.1239700317382812,0.0,0.0,0.0,0.001090830782496456,-0.02945243112740431,0.025089107997418487,-0.13,-0.55,8.96,0.077,0.8779354095458984,0.0,0.0014696381986141205,1.0,1.0,7.5,0.181,True,True,False
31.14441728591919,stand_post,1.1444172859191895,0.0,0.0,0.0,-0.016362461737446838,-0.04908738521234052,-0.04799655442984406,-0.14,-1.1400000000000001,9.39,0.0,0.8817393779754639,0.0,0.002006150782108307,1.0,1.0,7.5,0.135,True,True,False
31.164786100387573,stand_post,1.1647861003875732,0.0,0.0,0.0,-0.02399827721492203,-0.04908738521234052,-0.013089969389957472,-0.12,-1.1300000000000001,9.200000000000001,0.0,0.8805188536643982,0.0,0.001520685851573944,1.0,1.0,7.5,0.135,True,True,False
31.185288190841675,stand_post,1.1852881908416748,0.0,0.0,0.0,-0.0272707695624114,-0.06654067773228381,-0.00545415391248228,-0.1,-0.96,9.28,0.0,0.8834972977638245,0.0,0.0008559301495552063,1.0,1.0,7.5,0.135,True,True,False
31.205662488937378,stand_post,1.205662488937378,0.0,0.0,0.0,-0.015271630954950384,-0.06544984694978735,-0.03381575425739013,-0.1,-1.08,9.27,0.077,0.8881295323371887,0.0,0.0017026811838150024,1.0,1.0,7.5,0.135,True,True,False
31.22609233856201,stand_post,1.2260923385620117,0.0,0.0,0.0,-0.009817477042468103,-0.0719948316447661,-0.03381575425739013,0.05,-1.1300000000000001,9.15,0.0,0.890093982219696,0.0,0.0007750876247882843,1.0,1.0,7.5,0.135,True,True,False
31.246506690979004,stand_post,1.246506690979004,0.0,0.0,0.0,-0.013089969389957472,-0.08726646259971647,0.00545415391248228,0.02,-1.09,9.31,0.0,0.8933262825012207,0.0,0.0012422483414411545,1.0,1.0,7.5,0.135,True,True,False
31.266881942749023,stand_post,1.2668819427490234,0.0,0.0,0.0,-0.017453292519943295,-0.0818123086872342,0.04363323129985824,-0.01,-0.96,9.27,0.077,0.8946163654327393,0.0,0.0010992959141731262,1.0,1.0,7.5,0.135,True,True,False
31.287287712097168,stand_post,1.287287712097168,0.0,0.0,0.0,-0.0272707695624114,-0.0818123086872342,0.03599741582238305,-0.05,-0.87,9.27,0.077,0.8978444337844849,0.0,0.0008546113967895508,1.0,1.0,7.5,0.135,True,True,False
31.307653665542603,stand_post,1.3076536655426025,0.0,0.0,0.0,-0.02399827721492203,-0.07963064712224129,0.013089969389957472,0.05,-0.89,9.290000000000001,0.077,0.9001522660255432,0.0,0.000916777178645134,1.0,1.0,7.5,0.135,True,True,False
31.328131675720215,stand_post,1.3281316757202148,0.0,0.0,0.0,-0.017453292519943295,-0.08617563181722002,0.02181661564992912,0.25,-1.02,9.25,0.153,0.9012097120285034,0.0,0.001071712002158165,1.0,1.0,7.5,0.135,True,True,False
31.348501205444336,stand_post,1.348501205444336,0.0,0.0,0.0,-0.04145156973486533,-0.10144726277217041,0.07526732399225546,0.38,-1.28,9.36,0.153,0.8994588255882263,0.0,0.0013211816549301147,1.0,1.0,7.5,0.10100000000000002,True,True,False
31.36891222000122,stand_post,1.3689122200012207,0.0,0.0,0.0,-0.05235987755982989,-0.09490227807719166,0.13199052468207118,-0.31,-0.92,9.17,0.307,0.8996406197547913,0.0,0.002751694992184639,1.0,1.0,7.5,0.10100000000000002,True,True,False
31.38928484916687,stand_post,1.3892848491668701,0.0,0.0,0.0,-0.020725784867432664,-0.09053895494720585,0.22362031041177347,-0.31,-0.92,9.17,0.307,0.8936319947242737,0.0,0.002597808837890625,1.0,1.0,7.5,0.10100000000000002,True,True,False
31.409684896469116,stand_post,1.4096848964691162,0.0,0.0,0.0,-0.02399827721492203,0.10035643198967395,0.14835298641951802,-0.31,-0.92,9.17,0.153,0.8868057727813721,0.0,0.006365150213241577,1.0,1.0,7.5,0.10100000000000002,True,True,False
31.43021869659424,stand_post,1.4302186965942383,0.0,0.0,0.0,0.011999138607461015,0.11017390903214205,0.05781403147231216,-0.51,0.71,8.65,0.077,0.892042338848114,0.0,0.0034252330660820007,1.0,1.0,7.5,0.10100000000000002,True,True,False
31.450620651245117,stand_post,1.4506206512451172,0.0,0.0,0.0,-0.04908738521234052,0.07635815477475191,-0.04581489286485115,-0.4,-0.24,8.2,0.153,0.891667366027832,0.0,0.00277874618768692,1.0,1.0,7.5,0.10100000000000002,True,True,False
31.47099804878235,stand_post,1.4709980487823486,0.0,0.0,0.0,-0.08399397025222712,-0.017453292519943295,0.008726646259971648,-0.87,0.26,9.4,0.077,0.8936980366706848,0.0,0.0029515251517295837,1.0,1.0,7.5,0.10100000000000002,True,True,False
31.491400003433228,stand_post,1.4914000034332275,0.0,0.0,0.0,-0.05235987755982989,-0.13962634015954636,0.0272707695624114,-1.37,0.58,9.17,0.153,0.9001895189285278,0.0,0.005117654800415039,1.0,1.0,7.5,0.10100000000000002,True,True,False
31.511839389801025,stand_post,1.5118393898010254,0.0,0.0,0.0,-0.06217735460229799,-0.33161255787892263,-0.0818123086872342,-1.1300000000000001,0.07,8.34,0.077,0.9134746193885803,0.0,0.016413746401667595,0.0,1.0,7.5,0.10100000000000002,True,True,False
31.5322368144989,stand_post,1.5322368144989014,0.0,0.0,0.0,-0.039269908169872414,-0.44724062082354693,0.007635815477475192,-1.1300000000000001,0.07,8.34,0.153,0.9118427038192749,0.0,0.0085663553327322,0.0,1.0,7.5,0.10100000000000002,True,True,False
31.552726984024048,stand_post,1.5527269840240479,0.0,0.0,0.0,-0.05890486225480862,-0.4657847441259867,0.20943951023931956,-1.1300000000000001,0.07,8.34,0.307,0.9161419868469238,0.0,0.009444115683436394,0.0,0.0,7.5,0.064,True,True,False
31.573095083236694,stand_post,1.5730950832366943,0.0,0.0,0.0,-0.12217304763960307,-0.4265148359561143,0.4014257279586958,-0.54,-0.85,9.6,0.307,0.8986361026763916,0.0,0.005821507424116135,0.0,0.0,7.5,0.064,True,True,False
31.593464374542236,stand_post,1.5934643745422363,0.0,0.0,0.0,-0.11999138607461016,-0.3272492347489368,0.5345070834232635,-1.74,0.3,9.76,0.307,0.9113820195198059,0.0,0.016740446910262108,0.0,0.0,7.5,0.064,True,True,False
31.61397910118103,stand_post,1.6139791011810303,0.0,0.0,0.0,-0.12762720155208535,-0.2279836335417593,0.4232423436086249,-1.74,0.3,9.76,0.307,0.8995251655578613,0.0,0.004921609535813332,0.0,0.0,7.5,0.064,True,True,False
31.634434461593628,stand_post,1.634434461593628,0.0,0.0,0.0,-0.05999569303730508,-0.06981317007977318,0.21162117180431245,-1.74,0.3,9.76,0.614,0.895206868648529,0.0,0.006758846342563631,0.0,0.0,7.5,0.064,True,True,False
31.654930591583252,stand_post,1.654930591583252,0.0,0.0,0.0,0.018544123302439753,0.04145156973486533,0.05126904677733343,-1.74,0.3,9.76,0.23,0.8892382979393005,0.0,0.006691509886877611,0.0,0.0,7.5,0.064,True,True,False
31.675301790237427,stand_post,1.6753017902374268,0.0,0.0,0.0,0.07853981633974483,0.3097959422289935,-0.2552544031041707,-1.74,0.3,9.76,0.153,0.8884601593017578,0.0,0.007752048899419606,0.0,0.0,7.5,0.064,True,True,False
31.69582748413086,stand_post,1.6958274841308594,0.0,0.0,0.0,0.14944381720201447,0.5181446216858165,-0.17671458676442586,-1.74,0.3,9.76,0.153,0.8903000354766846,0.0,0.006051413714885712,0.0,0.0,7.5,0.064,True,True,False
31.716242790222168,stand_post,1.716242790222168,0.0,0.0,0.0,0.17235126363444003,0.6610434541928523,-0.26616271092913524,-1.74,0.3,9.76,0.23,0.8928670883178711,0.0,0.0043382784351706505,0.0,0.0,7.5,0.064,True,True,False
31.736674308776855,stand_post,1.7366743087768555,0.0,0.0,0.0,0.22143864884678055,0.7853981633974483,-0.4286964975211072,-1.74,0.3,9.76,0.23,0.8953452706336975,0.0,0.0048940544947981834,0.0,0.0,7.5,0.064,True,True,False
31.75715208053589,stand_post,1.7571520805358887,0.0,0.0,0.0,0.2748893571891069,0.8410305333047675,-0.41560652813114973,-2.37,-0.61,9.56,0.307,0.895898699760437,0.0,0.006356649566441774,0.0,0.0,7.5,0.08000000000000002,True,True,False
31.778160095214844,stand_post,1.7781600952148438,0.0,0.0,0.0,0.29561514205653955,0.8192139176548384,-0.48432886742842646,-2.7,0.17,9.13,0.23,0.9013403654098511,0.0,0.004289399832487106,0.0,0.0,7.5,0.08000000000000002,True,True,False
31.798534870147705,stand_post,1.798534870147705,0.0,0.0,0.0,0.3294308963139297,0.7483099167925688,-0.7068583470577035,-2.58,-0.32,8.53,0.23,0.9069392085075378,0.0,0.005696429405361414,0.0,0.0,7.5,0.08000000000000002,True,True,False
31.821046113967896,stand_post,1.8210461139678955,0.0,0.0,0.0,0.34143003492139073,0.6479534848028948,-0.8333947178272924,-2.72,-0.13,7.72,0.23,0.908429741859436,0.0,0.0027314313920214772,0.0,0.0,7.5,0.08000000000000002,True,True,False
31.841413021087646,stand_post,1.8414130210876465,0.0,0.0,0.0,0.3097959422289935,0.543233729683235,-0.96647607329186,-3.04,-0.49,7.8,0.153,0.9118224382400513,0.0,0.0022859590826556087,0.0,0.0,7.5,0.08000000000000002,True,True,False
31.861802339553833,stand_post,1.861802339553833,0.0,0.0,0.0,0.29561514205653955,0.4428772976935611,-1.0657416744990376,-2.92,-0.35000000000000003,7.930000000000001,0.153,0.91301429271698,0.0,0.004504188429564238,0.0,0.0,7.5,0.08000000000000002,True,True,False
31.882198333740234,stand_post,1.8821983337402344,0.0,0.0,0.0,0.3239767424014474,0.3239767424014474,-1.0941032748439454,-3.02,-0.09,7.930000000000001,0.0,0.9132081866264343,0.0,0.0020341072231531143,0.0,0.0,7.5,0.08000000000000002,True,True,False
31.902593851089478,stand_post,1.9025938510894775,0.0,0.0,0.0,0.35015668118136234,0.20943951023931956,-1.162825614141222,-2.64,0.34,7.88,0.077,0.9152082204818726,0.0,0.0045831878669559956,0.0,0.0,7.5,0.08000000000000002,True,True,False
31.92297077178955,stand_post,1.9229707717895508,0.0,0.0,0.0,0.4232423436086249,0.11562806294462433,-1.2195488148310378,-2.48,0.41000000000000003,8.06,0.077,0.9182302355766296,0.0,0.002997118979692459,0.0,0.0,7.5,0.08000000000000002,True,True,False
31.94334864616394,stand_post,1.9433486461639404,0.0,0.0,0.0,0.421060682043632,0.02181661564992912,-1.2348204457859882,-2.18,0.53,8.33,0.077,0.9213294982910156,0.0,0.003146936185657978,0.0,0.0,7.5,0.08000000000000002,True,True,False
31.96372675895691,stand_post,1.9637267589569092,0.0,0.0,0.0,0.421060682043632,-0.014180800172453928,-1.2086405070060733,-1.9100000000000001,0.7000000000000001,8.68,0.077,0.922915518283844,0.0,0.0024197883903980255,0.0,0.0,7.5,0.043,True,True,False
31.98412585258484,stand_post,1.9841258525848389,0.0,0.0,0.0,0.39051742013373125,0.007635815477475192,-1.2348204457859882,-1.53,0.98,9.27,0.23,0.9209055304527283,0.0,0.003479408100247383,0.0,0.0,7.5,0.043,True,True,False
32.00449228286743,stand_post,2.0044922828674316,0.0,0.0,0.0,0.32288591161895097,0.10144726277217041,-1.3842642629880026,-0.9,1.1300000000000001,9.01,0.23,0.9175967574119568,0.0,0.00565226748585701,0.0,0.0,7.5,0.043,True,True,False
32.02486443519592,stand_post,2.024864435195923,0.0,0.0,0.0,0.24980024919168842,0.14726215563702155,-1.5707963267948966,-0.66,0.1,9.07,0.153,0.9199410080909729,0.0,0.0034067705273628235,0.0,0.0,7.5,0.043,True,True,False
32.04530334472656,stand_post,2.0453033447265625,0.0,0.0,0.0,0.21380283336930536,0.2007128639793479,-1.6711527587845705,-0.74,0.06,9.1,0.077,0.917992889881134,0.0,0.002733420580625534,0.0,0.0,7.5,0.043,True,True,False
32.06575083732605,stand_post,2.06575083732605,0.0,0.0,0.0,0.18653206380689397,0.22907446432425577,-1.734420944169365,-0.43,-0.24,9.65,0.23,0.91850346326828,0.0,0.0031813662499189377,0.0,0.0,7.5,0.043,True,True,False
32.086164712905884,stand_post,2.086164712905884,0.0,0.0,0.0,0.1908953869368798,0.27052603405912107,-1.7235126363444004,-0.43,-0.24,9.65,0.23,0.9176444411277771,0.0,0.0027472078800201416,0.0,0.0,7.5,0.043,True,True,False
32.106528997421265,stand_post,2.1065289974212646,0.0,0.0,0.0,0.18871372537188688,0.2923426497090502,-1.6711527587845705,-0.22,-1.19,9.75,0.23,0.917029619216919,0.0,0.0027250703424215317,0.0,0.0,7.5,0.043,True,True,False
32.126903772354126,stand_post,2.126903772354126,0.0,0.0,0.0,0.15489797111449674,0.28907015736156083,-1.5937037732273223,-0.13,-1.42,9.55,0.153,0.9151069521903992,0.0,0.0024056192487478256,0.0,0.0,7.5,0.043,True,True,False
32.147271156311035,stand_post,2.147271156311035,0.0,0.0,0.0,0.1090830782496456,0.2977968036215325,-1.4388058021128254,-0.22,-1.9000000000000001,9.27,0.153,0.9105576872825623,0.0,0.004805866628885269,0.0,0.0,7.5,0.043,True,True,False
32.167641162872314,stand_post,2.1676411628723145,0.0,0.0,0.0,0.05999569303730508,0.3174317577064687,-1.2195488148310378,-0.21,-1.77,9.24,0.077,0.9060046672821045,0.0,0.005282117053866386,0.0,0.0,7.5,0.037,True,True,False
32.188008546829224,stand_post,2.1880085468292236,0.0,0.0,0.0,0.015271630954950384,0.3196134192714616,-1.016654289286697,-0.18,-1.43,9.36,0.077,0.9025901556015015,0.0,0.004767727106809616,0.0,0.0,7.5,0.037,True,True,False
32.20846652984619,stand_post,2.2084665298461914,0.0,0.0,0.0,-0.028361600344907856,0.3294308963139297,-0.8039422866998881,-0.29,-1.43,9.33,0.0,0.8989992737770081,0.0,0.006500037852674723,0.0,0.0,7.5,0.037,True,True,False
32.22883868217468,stand_post,2.2288386821746826,0.0,0.0,0.0,-0.055632369907319255,0.3108867730114899,-0.5606870222031783,0.0,-1.34,8.99,0.153,0.8995813727378845,0.0,0.006430208683013916,0.0,0.0,7.5,0.037,True,True,False
32.24921774864197,stand_post,2.2492177486419678,0.0,0.0,0.0,-0.10035643198967395,0.27379852640661045,-0.40906154343617096,0.12,-1.6400000000000001,8.91,0.077,0.8986321687698364,0.0,0.006340920925140381,0.0,0.0,7.5,0.037,True,True,False
32.26958775520325,stand_post,2.269587755203247,0.0,0.0,0.0,-0.11999138607461016,0.21162117180431245,-0.2552544031041707,0.02,-1.37,8.86,0.077,0.8989698886871338,0.0,0.00551128014922142,0.0,0.0,7.5,0.037,True,True,False
32.29008483886719,stand_post,2.2900848388671875,0.0,0.0,0.0,-0.13744467859455345,0.12108221685710661,-0.15271630954950383,0.12,-1.02,9.18,0.23,0.9025918841362,0.0,0.003101084381341934,0.0,0.0,7.5,0.037,True,True,False
32.31046390533447,stand_post,2.3104639053344727,0.0,0.0,0.0,-0.13744467859455345,0.12108221685710661,-0.15271630954950383,0.11,-0.9400000000000001,8.83,0.23,0.9036073684692383,0.0,0.002433888614177704,0.0,0.0,7.5,0.037,True,True,False
32.330875396728516,stand_post,2.3308753967285156,0.0,0.0,0.0,-0.20398535632683726,-0.009817477042468103,-0.12871803233458182,-0.11,-1.03,8.89,0.307,0.9084632992744446,0.0,0.002656087279319763,0.0,0.0,7.5,0.037,True,True,False
32.35124087333679,stand_post,2.351240873336792,0.0,0.0,0.0,-0.2585268954516601,-0.05345070834232634,-0.11562806294462433,-0.14,-0.6900000000000001,9.09,0.307,0.9101265668869019,0.0,0.0018333308398723602,0.0,0.0,7.5,0.037,True,True,False
32.37165427207947,stand_post,2.3716542720794678,0.0,0.0,0.0,-0.28361600344907856,-0.09599310885968812,-0.11780972450961724,-0.29,-0.67,9.02,0.23,0.9144170880317688,0.0,0.0019976207986474037,0.0,0.0,7.5,0.069,True,True,False
32.39203667640686,stand_post,2.3920366764068604,0.0,0.0,0.0,-0.25743606466916363,-0.20507618710933373,-0.08726646259971647,-0.13,-0.84,9.08,0.153,0.9194068908691406,0.0,0.005280639976263046,0.0,0.0,7.5,0.069,True,True,False
32.412548303604126,stand_post,2.412548303604126,0.0,0.0,0.0,-0.23561944901923448,-0.2999784651865254,-0.03490658503988659,-0.11,-0.98,8.89,0.153,0.923930823802948,0.0,0.0048791225999593735,0.0,0.0,7.5,0.069,True,True,False
32.43291258811951,stand_post,2.432912588119507,0.0,0.0,0.0,-0.18762289458939044,-0.3959715740462135,0.04145156973486533,-0.18,-1.35,8.8,0.23,0.9289959669113159,0.0,0.005542559549212456,0.0,0.0,7.5,0.069,True,True,False
32.45328950881958,stand_post,2.45328950881958,0.0,0.0,0.0,-0.17453292519943295,-0.4559672670835186,0.11671889372712078,-0.09,-1.48,8.83,0.153,0.9311331510543823,0.0,0.006082162028178573,0.0,0.0,7.5,0.069,True,True,False
32.47416043281555,stand_post,2.4741604328155518,0.0,0.0,0.0,-0.17016960206944712,-0.4723297288209654,0.18544123302439752,-0.29,-1.17,8.53,0.077,0.9318894743919373,0.0,0.004850807366892695,0.0,0.0,7.5,0.069,True,True,False
32.49453091621399,stand_post,2.4945309162139893,0.0,0.0,0.0,-0.18871372537188688,-0.47123889803846897,0.20398535632683726,0.08,-1.04,8.67,0.153,0.9278688430786133,0.0,0.004886998329311609,0.0,0.0,7.5,0.069,True,True,False
32.51489210128784,stand_post,2.514892101287842,0.0,0.0,0.0,-0.19416787928436915,-0.4603305902135044,0.20398535632683726,0.17,-1.01,8.790000000000001,0.23,0.9241930246353149,0.0,0.003030870109796524,0.0,0.0,7.5,0.069,True,True,False
32.535248041152954,stand_post,2.535248041152954,0.0,0.0,0.0,-0.18216874067690814,-0.40906154343617096,0.19198621771937624,0.68,-1.48,9.4,0.307,0.9164997339248657,0.0,0.0037018954753875732,0.0,0.0,7.5,0.069,True,True,False
32.55561923980713,stand_post,2.555619239807129,0.0,0.0,0.0,-0.16689710972195776,-0.2617993877991494,0.13199052468207118,0.68,-1.27,9.38,0.23,0.9115332365036011,0.0,0.007502958178520203,0.0,0.0,7.5,0.069,True,True,False
32.576035022735596,stand_post,2.5760350227355957,0.0,0.0,0.0,-0.1538071403320003,-0.10690141668465268,0.1461713248545251,0.64,-0.73,9.0,0.23,0.8988122940063477,0.0,0.006056752055883408,0.0,0.0,7.5,0.075,True,True,False
32.59639620780945,stand_post,2.5963962078094482,0.0,0.0,0.0,-0.11453723216212788,0.014180800172453928,0.1538071403320003,0.68,-0.92,8.790000000000001,0.307,0.8835544586181641,0.0,0.003439955413341522,0.0,0.0,7.5,0.075,True,True,False
32.61675977706909,stand_post,2.616759777069092,0.0,0.0,0.0,-0.055632369907319255,0.1308996938995747,0.23234695667174513,0.4,-0.72,8.91,0.153,0.87547767162323,0.0,0.004685964435338974,0.0,0.0,7.5,0.075,True,True,False
32.637134313583374,stand_post,2.637134313583374,0.0,0.0,0.0,0.028361600344907856,0.2007128639793479,0.2814343418840856,0.39,-0.81,9.01,0.153,0.8704246282577515,0.0,0.0036910735070705414,0.0,0.0,7.5,0.075,True,True,False
32.6574923992157,stand_post,2.6574923992156982,0.0,0.0,0.0,0.12762720155208535,0.23343778745424157,0.3436116964863836,0.56,-0.91,9.24,0.23,0.8646825551986694,0.0,0.003305993974208832,0.0,0.0,7.5,0.075,True,True,False
32.677873611450195,stand_post,2.6778736114501953,0.0,0.0,0.0,0.23452861823673804,0.25089107997418486,0.4166973589136462,0.67,-1.1300000000000001,8.84,0.23,0.8599916100502014,0.0,0.0031569767743349075,0.0,0.0,7.5,0.075,True,True,False
32.69831562042236,stand_post,2.6983156204223633,0.0,0.0,0.0,0.3294308963139297,0.22689280275926285,0.5846852994181004,0.63,-1.1400000000000001,9.040000000000001,0.23,0.853574275970459,0.0,0.004794567823410034,0.0,0.0,7.5,0.075,True,True,False
32.718670129776,stand_post,2.718670129776001,0.0,0.0,0.0,0.39706240482870997,0.21598449493429828,0.7635815477475192,0.25,-0.92,8.59,0.23,0.8508510589599609,0.0,0.006605722010135651,0.0,0.0,7.5,0.075,True,True,False
32.739036083221436,stand_post,2.7390360832214355,0.0,0.0,0.0,0.4243331743911214,0.15926129424448257,0.9021170571245691,0.08,-0.35000000000000003,8.46,0.23,0.8484628796577454,0.0,0.005376473069190979,0.0,0.0,7.5,0.075,True,True,False
32.75941181182861,stand_post,2.7594118118286133,0.0,0.0,0.0,0.41996985126113556,0.08290313946973066,0.9228428419920017,0.19,-0.35000000000000003,8.8,0.23,0.8471102714538574,0.0,0.004766535013914108,0.0,0.0,7.5,0.075,True,True,False
32.779783487319946,stand_post,2.7797834873199463,0.0,0.0,0.0,0.41233403578366035,0.05345070834232634,0.9032078879070655,-0.04,-0.06,8.88,0.307,0.8574400544166565,0.0,0.004917865619063377,0.0,0.0,7.5,0.082,True,True,False
32.80108404159546,stand_post,2.801084041595459,0.0,0.0,0.0,0.34579335805137656,0.004363323129985824,0.7690357016600015,-0.2,-0.16,9.200000000000001,0.23,0.8677730560302734,0.0,0.005072220228612423,0.0,0.0,7.5,0.082,True,True,False
32.82144570350647,stand_post,2.8214457035064697,0.0,0.0,0.0,0.26725354171163174,-0.07635815477475191,0.6261368691529657,0.29,0.1,9.4,0.614,0.8664411902427673,0.0,0.007032711058855057,0.0,0.0,7.5,0.082,True,True,False
32.841827630996704,stand_post,2.841827630996704,0.0,0.0,0.0,0.13526301702956053,-0.1439896632895322,0.4286964975211072,-0.49,0.4,8.94,0.307,0.8664381504058838,0.0,0.022965744603425264,1.0,0.0,7.5,0.082,True,True,False
32.86227869987488,stand_post,2.862278699874878,0.0,0.0,0.0,0.001090830782496456,-0.22580197197676638,0.18653206380689397,-0.49,0.4,8.94,0.537,0.8942124843597412,0.0,0.0073076169937849045,1.0,0.0,7.5,0.082,True,True,False
32.882657527923584,stand_post,2.882657527923584,0.0,0.0,0.0,-0.19962203319685143,-0.29561514205653955,-0.061086523819801536,-0.49,0.4,8.94,0.307,0.9106870293617249,0.0,0.008922919631004333,1.0,0.0,7.5,0.082,True,True,False
32.90302562713623,stand_post,2.9030256271362305,0.0,0.0,0.0,-0.40578905108868163,-0.3937899124812206,-0.16471544815696484,-0.49,0.4,8.94,0.23,0.9174683690071106,0.0,0.019511546473950148,0.0,0.0,7.5,0.082,True,True,False
32.92339611053467,stand_post,2.923396110534668,0.0,0.0,0.0,-0.39051742013373125,-0.4363323129985824,-0.05999569303730508,-1.11,-0.47000000000000003,9.26,0.307,0.9200949668884277,0.0,0.01256440207362175,0.0,0.0,7.5,0.082,True,True,False
32.94375419616699,stand_post,2.943754196166992,0.0,0.0,0.0,-0.5028729907308662,-0.495237175253391,-0.272707695624114,-0.9400000000000001,-1.46,9.370000000000001,0.384,0.921833872795105,0.0,0.010898079723119736,0.0,0.0,7.5,0.082,True,True,False
32.96413278579712,stand_post,2.964132785797119,0.0,0.0,0.0,-0.5486878835957173,-0.5126904677733343,-0.38724492778624187,-0.18,-1.37,9.22,0.46,0.9201183319091797,0.0,0.006410408765077591,0.0,0.0,7.5,0.082,True,True,False
32.984612703323364,stand_post,2.9846127033233643,0.0,0.0,0.0,-0.533416252640767,-0.4363323129985824,-0.3861540970037454,-0.39,-1.97,8.94,0.537,0.919611930847168,0.0,0.0037817731499671936,0.0,0.0,7.5,0.049999999999999996,True,True,False
