time_s,phase,phase_elapsed_s,cmd_x,cmd_y,cmd_yaw,gyro_x,gyro_y,gyro_z,accel_x,accel_y,accel_z,joint_vel_abs_max,action_abs_max,action_saturation_frac,target_delta_abs_max,left_contact,right_contact,min_voltage,sum_abs_current,obs_finite,action_finite,missed_deadline
0.00016832351684570312,stand_pre,0.00016832351684570312,0.0,0.0,0.0,0.3741549583962844,-0.22580197197676638,-0.42215151282612845,1.29,0.39,8.26,0.0,0.9389615654945374,0.0,0.11267538368701935,1.0,1.0,7.6,0.12800000000000003,True,True,True
0.023675203323364258,stand_pre,0.023675203323364258,0.0,0.0,0.0,0.07308566242726255,-0.5421428989007386,-0.8148505945248526,1.37,0.38,8.96,0.0,0.9082158803939819,0.0,0.10051456466317177,1.0,1.0,7.6,0.12800000000000003,True,True,False
0.0443265438079834,stand_pre,0.0443265438079834,0.0,0.0,0.0,-0.001090830782496456,0.001090830782496456,0.0,0.08,-0.33,9.27,0.23,0.8601163029670715,0.0,0.07829364482313395,1.0,1.0,7.6,0.12800000000000003,True,True,False
0.0648961067199707,stand_pre,0.0648961067199707,0.0,0.0,0.0,0.13962634015954636,-0.001090830782496456,0.0,0.05,-0.33,9.25,0.844,0.8322581052780151,0.0,0.04297926928848028,1.0,1.0,7.6,0.12800000000000003,True,True,False
0.08545231819152832,stand_pre,0.08545231819152832,0.0,0.0,0.0,-0.017453292519943295,-0.009817477042468103,0.01090830782496456,0.38,0.01,8.23,1.304,0.8445985913276672,0.0,0.01296982727944851,1.0,1.0,7.6,0.12800000000000003,True,True,False
0.10582804679870605,stand_pre,0.10582804679870605,0.0,0.0,0.0,-0.3687008044838021,-0.14944381720201447,-0.02399827721492203,0.38,0.01,8.23,1.304,0.8288578987121582,0.0,0.012496117502450943,1.0,1.0,7.6,0.12800000000000003,True,True,False
0.1263418197631836,stand_pre,0.1263418197631836,0.0,0.0,0.0,-0.6643159465403417,-0.38288160465625604,0.11562806294462433,1.6500000000000001,-1.53,7.38,1.6110000000000002,0.8345348834991455,0.0,0.007360674440860748,1.0,1.0,7.6,0.12800000000000003,True,True,False
0.14671707153320312,stand_pre,0.14671707153320312,0.0,0.0,0.0,-0.7363107781851078,-0.5508695451607103,0.4854196982109229,0.88,-0.91,6.62,0.767,0.8266257047653198,0.0,0.013346154242753983,1.0,1.0,7.6,0.12800000000000003,True,True,False
0.1670980453491211,stand_pre,0.1670980453491211,0.0,0.0,0.0,-0.815941425307349,-0.5268712679457882,0.7352199474026113,0.88,-0.91,6.62,0.537,0.8148221373558044,0.0,0.011896234005689621,1.0,1.0,7.6,0.12800000000000003,True,True,False
0.18748879432678223,stand_pre,0.18748879432678223,0.0,0.0,0.0,-0.47123889803846897,-0.18762289458939044,1.1311915214488248,0.88,-0.91,6.62,0.46,0.8653484582901001,0.0,0.015975242480635643,1.0,1.0,7.6,0.12800000000000003,True,True,False
0.2079160213470459,stand_pre,0.2079160213470459,0.0,0.0,0.0,-0.28579766501407144,0.050178215994836975,0.6686792696703275,-0.09,-0.13,8.94,0.384,0.8364975452423096,0.0,0.016994299367070198,1.0,1.0,7.6,0.25299999999999995,True,True,False
0.22829461097717285,stand_pre,0.22829461097717285,0.0,0.0,0.0,-0.23889194136672387,0.13199052468207118,0.13962634015954636,-0.19,-0.46,9.41,0.384,0.8325250148773193,0.0,0.017467914149165154,1.0,1.0,7.6,0.25299999999999995,True,True,False
0.24867892265319824,stand_pre,0.24867892265319824,0.0,0.0,0.0,-0.21380283336930536,0.31306843457648287,-0.284706834231575,1.53,-1.71,9.69,0.614,0.8715798854827881,0.0,0.017086754087358713,1.0,1.0,7.6,0.25299999999999995,True,True,False
0.2690422534942627,stand_pre,0.2690422534942627,0.0,0.0,0.0,-0.07853981633974483,0.4559672670835186,-0.4788747135159442,-1.06,-3.5100000000000002,7.92,0.307,0.870019257068634,0.0,0.017883907072246075,1.0,1.0,7.6,0.25299999999999995,True,True,False
0.28942060470581055,stand_pre,0.28942060470581055,0.0,0.0,0.0,0.16907877128695067,0.4374231437810788,-0.5519603759432067,-1.06,-3.5100000000000002,7.92,0.307,0.8962457776069641,0.0,0.007397174835205078,1.0,1.0,7.6,0.25299999999999995,True,True,False
0.3097834587097168,stand_pre,0.3097834587097168,0.0,0.0,0.0,0.2007128639793479,0.3337942194439155,-0.5028729907308662,-0.2,-2.36,9.74,0.307,0.9128684997558594,0.0,0.007736614905297756,1.0,1.0,7.6,0.25299999999999995,True,True,False
0.33014607429504395,stand_pre,0.33014607429504395,0.0,0.0,0.0,0.15926129424448257,0.19198621771937624,-0.17998707911191522,0.75,-0.39,8.25,0.46,0.902851402759552,0.0,0.01315331645309925,1.0,1.0,7.6,0.25299999999999995,True,True,False
0.3505666255950928,stand_pre,0.3505666255950928,0.0,0.0,0.0,0.09490227807719166,-0.07526732399225546,0.008726646259971648,0.43,-0.9400000000000001,8.620000000000001,0.46,0.8963697552680969,0.0,0.007736459840089083,1.0,1.0,7.6,0.25299999999999995,True,True,False
0.37093257904052734,stand_pre,0.37093257904052734,0.0,0.0,0.0,0.13199052468207118,-0.284706834231575,0.3327033886614191,0.43,-0.9400000000000001,8.620000000000001,0.23,0.8880727887153625,0.0,0.009624619036912918,1.0,1.0,7.6,0.25299999999999995,True,True,False
0.3914051055908203,stand_pre,0.3914051055908203,0.0,0.0,0.0,0.026179938779914945,-0.11453723216212788,0.7014041931452212,-0.25,1.24,8.58,0.384,0.8546591401100159,0.0,0.021782109513878822,1.0,1.0,7.6,0.25299999999999995,True,True,False
0.4117710590362549,stand_pre,0.4117710590362549,0.0,0.0,0.0,-0.16471544815696484,0.1461713248545251,0.6403176693254197,-0.64,0.53,8.85,0.307,0.8297711610794067,0.0,0.012455476447939873,1.0,1.0,7.6,0.20200000000000004,True,True,False
0.43213701248168945,stand_pre,0.43213701248168945,0.0,0.0,0.0,-0.18980455615438332,0.013089969389957472,0.4701480672559725,0.04,1.3900000000000001,8.71,0.384,0.8343431949615479,0.0,0.005271885544061661,1.0,1.0,7.6,0.20200000000000004,True,True,False
0.4524970054626465,stand_pre,0.4524970054626465,0.0,0.0,0.0,-0.13962634015954636,0.35561083509384467,0.20616701789183017,0.37,-1.11,7.9,0.307,0.8338029384613037,0.0,0.01045219600200653,1.0,1.0,7.6,0.20200000000000004,True,True,False
0.47287631034851074,stand_pre,0.47287631034851074,0.0,0.0,0.0,-0.17453292519943295,0.1734420944169365,-0.16144295580947549,0.37,-1.11,7.9,0.307,0.8701269030570984,0.0,0.00992501899600029,1.0,1.0,7.6,0.20200000000000004,True,True,False
0.4932384490966797,stand_pre,0.4932384490966797,0.0,0.0,0.0,-0.07744898555724837,0.20289452554434081,-0.10362892433716332,-0.9400000000000001,-1.78,9.02,0.384,0.8750768303871155,0.0,0.003180231899023056,1.0,1.0,7.6,0.20200000000000004,True,True,False
0.5136497020721436,stand_pre,0.5136497020721436,0.0,0.0,0.0,-0.002181661564992912,0.08508480103472356,-0.2694352032766246,-0.28,-2.46,8.74,0.307,0.8881545662879944,0.0,0.005983993411064148,1.0,1.0,7.6,0.20200000000000004,True,True,False
0.5340228080749512,stand_pre,0.5340228080749512,0.0,0.0,0.0,0.06763150851478027,0.09381144729469522,-0.24216443371421323,-0.51,-2.73,8.59,0.307,0.8923219442367554,0.0,0.0018234997987747192,1.0,1.0,7.6,0.20200000000000004,True,True,False
0.5543956756591797,stand_pre,0.5543956756591797,0.0,0.0,0.0,0.07744898555724837,-0.04799655442984406,-0.0545415391248228,0.02,-2.05,9.52,0.307,0.8888632655143738,0.0,0.0055716075003147125,1.0,1.0,7.6,0.20200000000000004,True,True,False
0.5747683048248291,stand_pre,0.5747683048248291,0.0,0.0,0.0,0.07308566242726255,-0.22252947962927702,0.10471975511965978,0.4,-0.75,9.02,0.23,0.8879319429397583,0.0,0.0042182691395282745,1.0,1.0,7.6,0.20200000000000004,True,True,False
0.5951521396636963,stand_pre,0.5951521396636963,0.0,0.0,0.0,0.04908738521234052,-0.07853981633974483,0.05345070834232634,0.34,-0.39,9.46,0.077,0.8869484066963196,0.0,0.003779269754886627,1.0,1.0,7.6,0.20200000000000004,True,True,False
0.6155145168304443,stand_pre,0.6155145168304443,0.0,0.0,0.0,0.0545415391248228,-0.032724923474893676,0.09272061651219876,-0.02,-0.13,9.370000000000001,0.153,0.8820738792419434,0.0,0.0023764893412590027,1.0,1.0,7.6,0.169,True,True,False
0.6358814239501953,stand_pre,0.6358814239501953,0.0,0.0,0.0,0.004363323129985824,0.05126904677733343,0.13744467859455345,-0.15,-0.03,8.96,0.077,0.8721531629562378,0.0,0.0029901713132858276,1.0,1.0,7.6,0.169,True,True,False
0.6564536094665527,stand_pre,0.6564536094665527,0.0,0.0,0.0,-0.032724923474893676,0.06435901616729091,0.10144726277217041,0.0,-0.06,9.42,0.153,0.8679494857788086,0.0,0.0011027678847312927,1.0,1.0,7.6,0.169,True,True,False
0.6768448352813721,stand_pre,0.6768448352813721,0.0,0.0,0.0,-0.0545415391248228,0.10581058590215622,0.01090830782496456,0.11,-1.01,9.28,0.077,0.8673615455627441,0.0,0.0013838671147823334,1.0,1.0,7.6,0.169,True,True,False
0.6972184181213379,stand_pre,0.6972184181213379,0.0,0.0,0.0,-0.05235987755982989,0.07417649320975901,-0.016362461737446838,-0.12,-1.21,9.290000000000001,0.153,0.8683378100395203,0.0,0.0011631399393081665,1.0,1.0,7.6,0.169,True,True,False
0.7175717353820801,stand_pre,0.7175717353820801,0.0,0.0,0.0,-0.04908738521234052,0.05672320068981571,-0.028361600344907856,-0.42,-1.8900000000000001,9.13,0.0,0.869124174118042,0.0,0.0015718527138233185,1.0,1.0,7.6,0.169,True,True,False
0.7380454540252686,stand_pre,0.7380454540252686,0.0,0.0,0.0,-0.02399827721492203,0.017453292519943295,0.0272707695624114,-0.4,-1.86,9.02,0.0,0.8702155947685242,0.0,0.0013351216912269592,1.0,1.0,7.6,0.169,True,True,False
0.7584757804870605,stand_pre,0.7584757804870605,0.0,0.0,0.0,-0.007635815477475192,0.001090830782496456,0.030543261909900768,-0.27,-1.47,9.1,0.0,0.8740144371986389,0.0,0.0007252730429172516,1.0,1.0,7.6,0.169,True,True,False
0.7789666652679443,stand_pre,0.7789666652679443,0.0,0.0,0.0,0.02399827721492203,-0.04581489286485115,-0.011999138607461015,-0.13,-1.22,9.36,0.077,0.883443295955658,0.0,0.0021327510476112366,1.0,1.0,7.6,0.169,True,True,False
0.7993335723876953,stand_pre,0.7993335723876953,0.0,0.0,0.0,0.050178215994836975,-0.06326818538479445,-0.02945243112740431,-0.17,-0.84,9.1,0.0,0.8899518251419067,0.0,0.001586664468050003,1.0,1.0,7.6,0.169,True,True,False
0.8197431564331055,stand_pre,0.8197431564331055,0.0,0.0,0.0,0.04363323129985824,-0.06981317007977318,-0.05235987755982989,-0.15,-0.62,9.27,0.077,0.8962785005569458,0.0,0.0019140057265758514,1.0,1.0,7.6,0.174,True,True,False
0.8401157855987549,stand_pre,0.8401157855987549,0.0,0.0,0.0,0.02181661564992912,-0.055632369907319255,-0.04581489286485115,0.04,-0.53,9.290000000000001,0.077,0.8976477980613708,0.0,0.001008830964565277,1.0,1.0,7.6,0.174,True,True,False
0.8605518341064453,stand_pre,0.8605518341064453,0.0,0.0,0.0,0.001090830782496456,-0.04254240051736178,-0.001090830782496456,0.03,-0.5,9.15,0.0,0.8971500396728516,0.0,0.0015102345496416092,1.0,1.0,7.6,0.174,True,True,False
0.8809208869934082,stand_pre,0.8809208869934082,0.0,0.0,0.0,-0.028361600344907856,-0.028361600344907856,0.007635815477475192,-0.09,-0.8200000000000001,9.36,0.077,0.8980354070663452,0.0,0.0016063917428255081,1.0,1.0,7.6,0.174,True,True,False
0.9012901782989502,stand_pre,0.9012901782989502,0.0,0.0,0.0,-0.04254240051736178,-0.015271630954950384,0.006544984694978736,-0.12,-0.96,9.35,0.0,0.8983944654464722,0.0,0.001700121909379959,1.0,1.0,7.6,0.174,True,True,False
0.9216554164886475,stand_pre,0.9216554164886475,0.0,0.0,0.0,-0.044724062082354694,-0.006544984694978736,0.0272707695624114,-0.04,-1.34,9.16,0.153,0.8963049650192261,0.0,0.0020444802939891815,1.0,1.0,7.6,0.174,True,True,False
0.94203782081604,stand_pre,0.94203782081604,0.0,0.0,0.0,-0.04690572364734761,-0.007635815477475192,0.037088246604879506,-0.08,-1.4000000000000001,9.28,0.077,0.8966889381408691,0.0,0.0015734732151031494,1.0,1.0,7.6,0.174,True,True,False
0.9624142646789551,stand_pre,0.9624142646789551,0.0,0.0,0.0,-0.026179938779914945,-0.02399827721492203,0.03490658503988659,-0.11,-1.37,9.25,0.0,0.8974965214729309,0.0,0.0013222582638263702,1.0,1.0,7.6,0.174,True,True,False
0.9827842712402344,stand_pre,0.9827842712402344,0.0,0.0,0.0,0.001090830782496456,-0.04145156973486533,0.022907446432425576,-0.06,-1.1300000000000001,9.21,0.077,0.8982506394386292,0.0,0.001568034291267395,1.0,1.0,7.6,0.174,True,True,False
1.0031657218933105,stand_pre,1.0031657218933105,0.0,0.0,0.0,0.008726646259971648,-0.04145156973486533,0.03381575425739013,0.01,-0.9,9.290000000000001,0.0,0.8964611887931824,0.0,0.00131157785654068,1.0,1.0,7.6,0.174,True,True,False
1.0235283374786377,stand_pre,1.0235283374786377,0.0,0.0,0.0,0.009817477042468103,-0.026179938779914945,-0.025089107997418487,0.03,-0.81,9.39,0.0,0.8968837857246399,0.0,0.0019736438989639282,1.0,1.0,7.6,0.149,True,True,False
1.044452428817749,stand_pre,1.044452428817749,0.0,0.0,0.0,0.03490658503988659,-0.0272707695624114,-0.05999569303730508,0.07,-0.9,9.07,0.0,0.8961554765701294,0.0,0.0019861310720443726,1.0,1.0,7.6,0.149,True,True,False
1.064816951751709,stand_pre,1.064816951751709,0.0,0.0,0.0,0.00545415391248228,-0.00545415391248228,-0.017453292519943295,0.07,-0.92,9.27,0.077,0.8912751078605652,0.0,0.0011300072073936462,1.0,1.0,7.6,0.149,True,True,False
1.0852794647216797,stand_pre,1.0852794647216797,0.0,0.0,0.0,-0.017453292519943295,0.008726646259971648,0.0272707695624114,0.09,-0.78,9.23,0.0,0.8864675164222717,0.0,0.0011884942650794983,1.0,1.0,7.6,0.149,True,True,False
1.1056463718414307,stand_pre,1.1056463718414307,0.0,0.0,0.0,-0.015271630954950384,0.016362461737446838,0.04036073895236887,0.02,-0.76,9.28,0.077,0.8837254047393799,0.0,0.0005249902606010437,1.0,1.0,7.6,0.149,True,True,False
1.126013994216919,stand_pre,1.126013994216919,0.0,0.0,0.0,-0.016362461737446838,0.031634092692397225,0.001090830782496456,-0.08,-1.1400000000000001,9.26,0.0,0.8823829889297485,0.0,0.0008881799876689911,1.0,1.0,7.6,0.149,True,True,False
1.1463944911956787,stand_pre,1.1463944911956787,0.0,0.0,0.0,-0.007635815477475192,0.030543261909900768,-0.002181661564992912,-0.05,-1.28,9.21,0.0,0.8803324699401855,0.0,0.0007635466754436493,1.0,1.0,7.6,0.149,True,True,False
1.1667561531066895,stand_pre,1.1667561531066895,0.0,0.0,0.0,0.001090830782496456,0.0272707695624114,0.018544123302439753,-0.02,-1.36,9.23,0.0,0.8778865337371826,0.0,0.00109139084815979,1.0,1.0,7.6,0.149,True,True,False
1.187222957611084,stand_pre,1.187222957611084,0.0,0.0,0.0,0.0,0.018544123302439753,0.04036073895236887,-0.06,-0.99,9.17,0.0,0.8762103319168091,0.0,0.000928197056055069,1.0,1.0,7.6,0.149,True,True,False
1.2075839042663574,stand_pre,1.2075839042663574,0.0,0.0,0.0,0.02181661564992912,0.011999138607461015,0.003272492347489368,-0.1,-0.96,9.35,0.0,0.8775437474250793,0.0,0.0011283457279205322,1.0,1.0,7.6,0.149,True,True,False
1.2280094623565674,stand_pre,1.2280094623565674,0.0,0.0,0.0,0.02399827721492203,0.018544123302439753,-0.020725784867432664,-0.08,-0.9500000000000001,9.11,0.0,0.8764437437057495,0.0,0.0006136950105428696,1.0,1.0,7.6,0.17500000000000002,True,True,False
1.24837064743042,stand_pre,1.24837064743042,0.0,0.0,0.0,0.02399827721492203,0.018544123302439753,-0.020725784867432664,-0.01,-0.9,9.25,0.0,0.8759647607803345,0.0,0.000722348690032959,1.0,1.0,7.6,0.17500000000000002,True,True,False
1.2687559127807617,stand_pre,1.2687559127807617,0.0,0.0,0.0,0.01090830782496456,0.019634954084936207,-0.001090830782496456,-0.05,-0.8300000000000001,9.27,0.0,0.875128984451294,0.0,0.0010668784379959106,1.0,1.0,7.6,0.17500000000000002,True,True,False
1.2891249656677246,stand_pre,1.2891249656677246,0.0,0.0,0.0,0.006544984694978736,0.017453292519943295,0.020725784867432664,-0.07,-0.8,9.19,0.0,0.8745352625846863,0.0,0.001165725290775299,1.0,1.0,7.6,0.17500000000000002,True,True,False
1.3095874786376953,stand_pre,1.3095874786376953,0.0,0.0,0.0,-0.003272492347489368,0.02399827721492203,0.009817477042468103,-0.13,-0.92,9.27,0.0,0.8763809204101562,0.0,0.0009785257279872894,1.0,1.0,7.6,0.17500000000000002,True,True,False
1.3299729824066162,stand_pre,1.3299729824066162,0.0,0.0,0.0,-0.006544984694978736,0.022907446432425576,0.007635815477475192,-0.13,-1.03,9.22,0.0,0.8784732818603516,0.0,0.0009263381361961365,1.0,1.0,7.6,0.17500000000000002,True,True,False
1.3503382205963135,stand_pre,1.3503382205963135,0.0,0.0,0.0,-0.007635815477475192,0.016362461737446838,0.013089969389957472,-0.1,-1.08,9.21,0.0,0.8814208507537842,0.0,0.0009068399667739868,1.0,1.0,7.6,0.17500000000000002,True,True,False
1.3708314895629883,stand_pre,1.3708314895629883,0.0,0.0,0.0,-0.00545415391248228,0.006544984694978736,0.006544984694978736,-0.21,-1.1,9.25,0.0,0.8870201706886292,0.0,0.0011524371802806854,1.0,1.0,7.6,0.17500000000000002,True,True,False
1.3911919593811035,stand_pre,1.3911919593811035,0.0,0.0,0.0,0.004363323129985824,-0.004363323129985824,-0.00545415391248228,-0.19,-1.12,9.200000000000001,0.0,0.8916695713996887,0.0,0.0009053349494934082,1.0,1.0,7.6,0.17500000000000002,True,True,False
1.4115581512451172,stand_pre,1.4115581512451172,0.0,0.0,0.0,0.01090830782496456,-0.008726646259971648,-0.006544984694978736,-0.1,-1.05,9.23,0.0,0.8950230479240417,0.0,0.0005984976887702942,1.0,1.0,7.6,0.17500000000000002,True,True,False
1.4319860935211182,stand_pre,1.4319860935211182,0.0,0.0,0.0,0.00545415391248228,-0.016362461737446838,-0.011999138607461015,-0.1,-0.89,9.21,0.0,0.8983036875724792,0.0,0.0007661283016204834,1.0,1.0,7.6,0.187,True,True,False
1.4523491859436035,stand_pre,1.4523491859436035,0.0,0.0,0.0,0.008726646259971648,-0.020725784867432664,-0.006544984694978736,-0.08,-0.88,9.24,0.0,0.900134265422821,0.0,0.0010637007653713226,1.0,1.0,7.6,0.187,True,True,False
1.4727387428283691,stand_pre,1.4727387428283691,0.0,0.0,0.0,-0.001090830782496456,-0.02181661564992912,-0.003272492347489368,-0.06,-0.86,9.24,0.0,0.9008999466896057,0.0,0.0013755150139331818,1.0,1.0,7.6,0.187,True,True,False
1.4930999279022217,stand_pre,1.4930999279022217,0.0,0.0,0.0,-0.008726646259971648,-0.019634954084936207,-0.004363323129985824,-0.05,-0.93,9.28,0.0,0.9011659622192383,0.0,0.001395486295223236,1.0,1.0,7.6,0.187,True,True,False
1.5134718418121338,stand_pre,1.5134718418121338,0.0,0.0,0.0,-0.017453292519943295,-0.016362461737446838,0.007635815477475192,-0.04,-1.0,9.200000000000001,0.0,0.8995015025138855,0.0,0.001395050436258316,1.0,1.0,7.6,0.187,True,True,False
1.533848762512207,stand_pre,1.533848762512207,0.0,0.0,0.0,-0.016362461737446838,-0.017453292519943295,0.003272492347489368,-0.07,-1.04,9.25,0.0,0.8987665772438049,0.0,0.0007868781685829163,1.0,1.0,7.6,0.187,True,True,False
1.5542995929718018,stand_pre,1.5542995929718018,0.0,0.0,0.0,-0.009817477042468103,-0.014180800172453928,-0.002181661564992912,-0.06,-1.12,9.23,0.0,0.897057294845581,0.0,0.000873662531375885,1.0,1.0,7.6,0.187,True,True,False
1.574721336364746,stand_pre,1.574721336364746,0.0,0.0,0.0,-0.004363323129985824,-0.017453292519943295,-0.006544984694978736,-0.04,-1.1400000000000001,9.19,0.0,0.8952394127845764,0.0,0.0009841881692409515,1.0,1.0,7.6,0.187,True,True,False
1.5951087474822998,stand_pre,1.5951087474822998,0.0,0.0,0.0,-0.003272492347489368,-0.016362461737446838,-0.011999138607461015,-0.06,-1.08,9.25,0.0,0.8935340046882629,0.0,0.0011473782360553741,1.0,1.0,7.6,0.187,True,True,False
1.615495204925537,stand_pre,1.615495204925537,0.0,0.0,0.0,0.006544984694978736,-0.016362461737446838,-0.015271630954950384,-0.04,-1.03,9.25,0.0,0.8916854858398438,0.0,0.001107189804315567,1.0,1.0,7.6,0.187,True,True,False
1.6358520984649658,stand_pre,1.6358520984649658,0.0,0.0,0.0,0.009817477042468103,-0.01090830782496456,-0.009817477042468103,-0.02,-0.9400000000000001,9.19,0.0,0.8893381953239441,0.0,0.0007663443684577942,1.0,1.0,7.6,0.168,True,True,False
1.6567776203155518,stand_pre,1.6567776203155518,0.0,0.0,0.0,0.003272492347489368,-0.00545415391248228,-0.007635815477475192,0.0,-0.9500000000000001,9.25,0.0,0.8871251940727234,0.0,0.0007140450179576874,1.0,1.0,7.6,0.168,True,True,False
1.6772210597991943,stand_pre,1.6772210597991943,0.0,0.0,0.0,0.0,-0.002181661564992912,0.00545415391248228,0.0,-0.9500000000000001,9.25,0.0,0.8846961259841919,0.0,0.0006333403289318085,1.0,1.0,7.6,0.168,True,True,False
1.697601318359375,stand_pre,1.697601318359375,0.0,0.0,0.0,0.0,0.00545415391248228,0.004363323129985824,-0.03,-0.99,9.23,0.0,0.8828608393669128,0.0,0.0006285756826400757,1.0,1.0,7.6,0.168,True,True,False
1.7181129455566406,stand_pre,1.7181129455566406,0.0,0.0,0.0,-0.00545415391248228,0.011999138607461015,0.006544984694978736,-0.04,-1.08,9.24,0.0,0.8805067539215088,0.0,0.0007131733000278473,1.0,1.0,7.6,0.168,True,True,False
1.738473653793335,stand_pre,1.738473653793335,0.0,0.0,0.0,-0.002181661564992912,0.017453292519943295,0.007635815477475192,-0.06,-1.04,9.24,0.0,0.8785234689712524,0.0,0.0007666759192943573,1.0,1.0,7.6,0.168,True,True,False
1.7588422298431396,stand_pre,1.7588422298431396,0.0,0.0,0.0,0.001090830782496456,0.011999138607461015,0.004363323129985824,-0.06,-1.07,9.25,0.0,0.8771843314170837,0.0,0.0006718412041664124,1.0,1.0,7.6,0.168,True,True,False
1.779221534729004,stand_pre,1.779221534729004,0.0,0.0,0.0,0.004363323129985824,0.011999138607461015,0.00545415391248228,-0.05,-1.01,9.23,0.0,0.8756348490715027,0.0,0.0005333125591278076,1.0,1.0,7.6,0.168,True,True,False
1.7995874881744385,stand_pre,1.7995874881744385,0.0,0.0,0.0,0.008726646259971648,0.011999138607461015,-0.003272492347489368,-0.07,-1.02,9.26,0.0,0.8753059506416321,0.0,0.0006247498095035553,1.0,1.0,7.6,0.168,True,True,False
1.8199687004089355,stand_pre,1.8199687004089355,0.0,0.0,0.0,0.009817477042468103,0.013089969389957472,-0.006544984694978736,-0.07,-1.03,9.23,0.0,0.8751499652862549,0.0,0.0006776601076126099,1.0,1.0,7.6,0.168,True,True,False
1.8403382301330566,stand_pre,1.8403382301330566,0.0,0.0,0.0,0.008726646259971648,0.011999138607461015,0.002181661564992912,-0.08,-0.92,9.23,0.0,0.8757659196853638,0.0,0.0007901191711425781,1.0,1.0,7.6,0.168,True,True,False
1.8607094287872314,stand_pre,1.8607094287872314,0.0,0.0,0.0,0.007635815477475192,0.011999138607461015,0.001090830782496456,-0.06,-0.91,9.26,0.0,0.8775790929794312,0.0,0.0007560253143310547,1.0,1.0,7.6,0.168,True,True,False
1.8810820579528809,stand_pre,1.8810820579528809,0.0,0.0,0.0,0.004363323129985824,0.013089969389957472,0.002181661564992912,-0.07,-0.92,9.19,0.0,0.879898726940155,0.0,0.0008827224373817444,1.0,1.0,7.6,0.168,True,True,False
1.9015934467315674,stand_pre,1.9015934467315674,0.0,0.0,0.0,0.0,0.01090830782496456,0.001090830782496456,-0.11,-0.99,9.26,0.0,0.8835840225219727,0.0,0.0010631084442138672,1.0,1.0,7.6,0.168,True,True,False
1.9219679832458496,stand_pre,1.9219679832458496,0.0,0.0,0.0,-0.002181661564992912,0.013089969389957472,0.001090830782496456,-0.11,-1.02,9.22,0.0,0.886809229850769,0.0,0.000825144350528717,1.0,1.0,7.6,0.168,True,True,False
1.9423341751098633,stand_pre,1.9423341751098633,0.0,0.0,0.0,-0.003272492347489368,0.00545415391248228,0.002181661564992912,-0.1,-1.06,9.22,0.0,0.8904938101768494,0.0,0.0006449893116950989,1.0,1.0,7.6,0.168,True,True,False
1.9627020359039307,stand_pre,1.9627020359039307,0.0,0.0,0.0,-0.001090830782496456,0.003272492347489368,0.00545415391248228,-0.12,-1.04,9.25,0.0,0.8937709927558899,0.0,0.000792771577835083,1.0,1.0,7.6,0.168,True,True,False
1.983081579208374,stand_pre,1.983081579208374,0.0,0.0,0.0,0.002181661564992912,-0.003272492347489368,0.001090830782496456,-0.11,-1.01,9.21,0.0,0.8967195749282837,0.0,0.0008560456335544586,1.0,1.0,7.6,0.168,True,True,False
2.003462314605713,forward_005,0.0034623146057128906,0.05,0.0,0.0,0.002181661564992912,-0.006544984694978736,-0.00545415391248228,-0.06,-1.04,9.200000000000001,0.0,0.8358436822891235,0.0,0.04815868008881807,1.0,1.0,7.6,0.168,True,True,False
2.0239486694335938,forward_005,0.02394866943359375,0.05,0.0,0.0,0.004363323129985824,-0.01090830782496456,-0.003272492347489368,-0.06,-0.9500000000000001,9.25,0.0,0.8383959531784058,0.0,0.0040067825466394424,1.0,1.0,7.6,0.168,True,True,False
2.044323444366455,forward_005,0.04432344436645508,0.05,0.0,0.0,-0.003272492347489368,-0.011999138607461015,-0.003272492347489368,-0.09,-0.93,9.25,0.077,0.8524211049079895,0.0,0.004821637645363808,1.0,1.0,7.6,0.20100000000000004,True,True,False
2.0653152465820312,forward_005,0.06531524658203125,0.05,0.0,0.0,-0.003272492347489368,-0.015271630954950384,0.0,-0.04,-0.9400000000000001,9.26,0.23,0.8448766469955444,0.0,0.007152149453759193,1.0,1.0,7.6,0.20100000000000004,True,True,False
2.0856826305389404,forward_005,0.08568263053894043,0.05,0.0,0.0,0.0,0.018544123302439753,-0.018544123302439753,0.3,-0.86,9.19,0.23,0.8460052609443665,0.0,0.0019001085311174393,1.0,1.0,7.6,0.20100000000000004,True,True,False
2.1061575412750244,forward_005,0.10615754127502441,0.05,0.0,0.0,0.007635815477475192,0.05781403147231216,-0.028361600344907856,0.35000000000000003,-0.89,9.28,0.307,0.847428023815155,0.0,0.0021888138726353645,1.0,1.0,7.6,0.20100000000000004,True,True,False
2.126539468765259,forward_005,0.1265394687652588,0.05,0.0,0.0,0.02945243112740431,0.0916297857297023,0.011999138607461015,0.06,-0.99,9.33,0.307,0.8399237990379333,0.0,0.004155569709837437,1.0,1.0,7.6,0.20100000000000004,True,True,False
2.1469008922576904,forward_005,0.14690089225769043,0.05,0.0,0.0,0.055632369907319255,0.08944812416470939,0.0272707695624114,-0.09,-0.92,9.370000000000001,0.307,0.8381139039993286,0.0,0.004294511862099171,1.0,1.0,7.6,0.20100000000000004,True,True,False
2.167263984680176,forward_005,0.16726398468017578,0.05,0.0,0.0,0.061086523819801536,0.16253378659197193,-0.020725784867432664,-0.22,-1.1400000000000001,9.1,0.23,0.8401711583137512,0.0,0.0030693113803863525,1.0,1.0,7.6,0.20100000000000004,True,True,False
2.1876401901245117,forward_005,0.18764019012451172,0.05,0.0,0.0,0.05781403147231216,0.14180800172453928,0.0,-0.11,-1.47,9.23,0.23,0.8338111042976379,0.0,0.003770139068365097,1.0,1.0,7.6,0.20100000000000004,True,True,False
2.2080061435699463,forward_005,0.2080061435699463,0.05,0.0,0.0,0.04036073895236887,0.12980886311707826,0.08072147790473774,-0.19,-1.36,8.98,0.23,0.8169548511505127,0.0,0.0039494577795267105,1.0,1.0,7.6,0.20100000000000004,True,True,False
2.2309226989746094,forward_005,0.23092269897460938,0.05,0.0,0.0,0.03381575425739013,0.10035643198967395,0.11235557059713497,-0.26,-1.07,9.06,0.153,0.803596556186676,0.0,0.006595619022846222,1.0,1.0,7.6,0.20100000000000004,True,True,False
2.2512800693511963,forward_005,0.2512800693511963,0.05,0.0,0.0,0.018544123302439753,0.1090830782496456,0.09708393964218458,-0.16,-0.61,9.28,0.153,0.7860482335090637,0.0,0.007765103131532669,1.0,1.0,7.6,0.265,True,True,False
2.27164888381958,forward_005,0.2716488838195801,0.05,0.0,0.0,0.03599741582238305,0.11999138607461016,0.06872233929727672,-0.16,-0.61,9.28,0.23,0.7653157114982605,0.0,0.009336999617516994,1.0,1.0,7.6,0.265,True,True,False
2.2920174598693848,forward_005,0.29201745986938477,0.05,0.0,0.0,0.037088246604879506,0.14508049407202864,0.026179938779914945,-0.3,-0.46,9.1,0.307,0.7513796091079712,0.0,0.01098316302523017,1.0,1.0,7.6,0.265,True,True,False
2.3123836517333984,forward_005,0.31238365173339844,0.05,0.0,0.0,0.0719948316447661,0.15707963267948966,-0.031634092692397225,-0.2,-0.75,9.52,0.384,0.7613440752029419,0.0,0.01745277876034379,1.0,1.0,7.6,0.265,True,True,False
2.3327715396881104,forward_005,0.33277153968811035,0.05,0.0,0.0,0.11671889372712078,0.1810779098944117,-0.030543261909900768,-0.22,-0.6,9.46,0.384,0.7646704912185669,0.0,0.019445653073489666,1.0,1.0,7.6,0.265,True,True,False
2.353236436843872,forward_005,0.35323643684387207,0.05,0.0,0.0,0.11562806294462433,0.21707532571679475,-0.02945243112740431,-0.28,-0.6,9.27,0.384,0.7770964503288269,0.0,0.018397144973278046,1.0,1.0,7.6,0.265,True,True,False
2.3736073970794678,forward_005,0.3736073970794678,0.05,0.0,0.0,0.08835729338221293,0.27379852640661045,-0.10799224746714914,-0.07,-1.09,9.59,0.46,0.8359436392784119,0.0,0.014364957809448242,1.0,1.0,7.6,0.265,True,True,False
2.3939802646636963,forward_005,0.3939802646636963,0.05,0.0,0.0,0.07308566242726255,0.3370667117914049,-0.11235557059713497,0.21,-0.8200000000000001,9.35,0.537,0.8729220032691956,0.0,0.015508987009525299,1.0,1.0,7.6,0.265,True,True,False
2.4143519401550293,forward_005,0.4143519401550293,0.05,0.0,0.0,0.0916297857297023,0.3687008044838021,-0.10799224746714914,-0.15,-1.37,9.01,0.537,0.8939593434333801,0.0,0.0063132792711257935,1.0,1.0,7.6,0.265,True,True,False
2.434717893600464,forward_005,0.43471789360046387,0.05,0.0,0.0,0.1308996938995747,0.4385139745635753,-0.01090830782496456,-0.39,-1.33,9.07,0.537,0.889553964138031,0.0,0.007764440961182119,1.0,1.0,7.6,0.265,True,True,False
2.455181837081909,forward_005,0.4551818370819092,0.05,0.0,0.0,0.14944381720201447,0.533416252640767,0.031634092692397225,-0.43,-1.54,9.16,0.537,0.8694444298744202,0.0,0.008736489340662956,1.0,1.0,7.6,0.23900000000000002,True,True,False
2.47554087638855,forward_005,0.4755408763885498,0.05,0.0,0.0,0.17016960206944712,0.543233729683235,0.04145156973486533,-1.01,-1.0,9.35,0.46,0.8765791058540344,0.0,0.01322096586227417,1.0,1.0,7.6,0.23900000000000002,True,True,False
2.4959094524383545,forward_005,0.4959094524383545,0.05,0.0,0.0,0.09490227807719166,0.4985096676008804,-0.013089969389957472,-1.04,-0.64,9.38,0.384,0.8776149749755859,0.0,0.01577463373541832,1.0,1.0,7.6,0.23900000000000002,True,True,False
2.5163521766662598,forward_005,0.5163521766662598,0.05,0.0,0.0,0.11344640137963143,0.2879793265790644,-0.05235987755982989,-1.28,-0.64,8.68,0.46,0.9149494171142578,0.0,0.01633700728416443,1.0,1.0,7.6,0.23900000000000002,True,True,False
2.5367400646209717,forward_005,0.5367400646209717,0.05,0.0,0.0,0.1189005552921137,0.4036073895236887,-0.004363323129985824,-2.12,0.08,9.02,0.46,0.8903347253799438,0.0,0.012691881973296404,1.0,1.0,7.6,0.23900000000000002,True,True,False
2.5570998191833496,forward_005,0.5570998191833496,0.05,0.0,0.0,0.038179077387375956,0.433059820651093,-0.05781403147231216,-2.4,-0.28,9.06,0.614,0.8809231519699097,0.0,0.008225837722420692,1.0,1.0,7.6,0.23900000000000002,True,True,False
2.577472448348999,forward_005,0.577472448348999,0.05,0.0,0.0,-0.011999138607461015,0.41233403578366035,0.05672320068981571,-1.83,-0.02,8.57,0.614,0.8547050356864929,0.0,0.017038006335496902,1.0,1.0,7.6,0.23900000000000002,True,True,False
2.5978424549102783,forward_005,0.5978424549102783,0.05,0.0,0.0,-0.05126904677733343,0.33597588100890846,0.16144295580947549,-1.58,-0.25,8.43,0.46,0.8759813904762268,0.0,0.016656197607517242,1.0,1.0,7.6,0.23900000000000002,True,True,False
2.6182079315185547,forward_005,0.6182079315185547,0.05,0.0,0.0,-0.09599310885968812,0.23561944901923448,0.19416787928436915,-1.8900000000000001,-0.41000000000000003,9.370000000000001,0.384,0.8989852070808411,0.0,0.014519371092319489,1.0,1.0,7.6,0.23900000000000002,True,True,False
2.6386396884918213,forward_005,0.6386396884918213,0.05,0.0,0.0,-0.1712604328519436,0.21271200258680892,0.22471114119426994,-2.02,-0.35000000000000003,9.17,0.384,0.8887608051300049,0.0,0.035193005576729774,1.0,1.0,7.6,0.23900000000000002,True,True,False
2.6590025424957275,forward_005,0.6590025424957275,0.05,0.0,0.0,-0.18544123302439752,0.10035643198967395,0.2181661564992912,-1.25,-0.43,9.24,0.614,0.8828333020210266,0.0,0.036611344665288925,1.0,1.0,7.4,0.843,True,True,False
2.679395914077759,forward_005,0.6793959140777588,0.05,0.0,0.0,-0.1636246173744684,0.014180800172453928,0.032724923474893676,-1.1300000000000001,-0.47000000000000003,9.23,0.6899999999999998,0.8692752718925476,0.0,0.05064315348863602,1.0,1.0,7.4,0.843,True,True,False
2.6997551918029785,forward_005,0.6997551918029785,0.05,0.0,0.0,-0.09926560120717749,0.004363323129985824,-0.10035643198967395,-1.94,-0.77,9.120000000000001,0.844,0.8913937211036682,0.0,0.045094117522239685,1.0,1.0,7.4,0.843,True,True,False
2.720121383666992,forward_005,0.7201213836669922,0.05,0.0,0.0,-0.12217304763960307,0.06326818538479445,-0.28688849579656794,-1.51,-0.76,9.55,0.767,0.9327042102813721,0.0,0.048896231688559055,0.0,1.0,7.4,0.843,True,True,False
2.7404944896698,forward_005,0.7404944896697998,0.05,0.0,0.0,-0.037088246604879506,-0.030543261909900768,-0.4166973589136462,-1.3,-1.1500000000000001,8.8,0.9970000000000001,0.9012399911880493,0.0,0.06656057061627507,0.0,1.0,7.4,0.843,True,True,False
2.7608420848846436,forward_005,0.7608420848846436,0.05,0.0,0.0,0.19198621771937624,-0.25089107997418486,-0.2378011105842274,-0.56,-1.74,7.74,1.304,0.8546935319900513,0.0,0.03874293947592378,0.0,1.0,7.4,0.843,True,True,False
2.781219244003296,forward_005,0.7812192440032959,0.05,0.0,0.0,0.5519603759432067,-0.30325095753401476,0.08617563181722002,-1.8,-2.65,6.69,1.151,0.9405311942100525,0.0,0.06724476395174861,1.0,1.0,7.4,0.843,True,True,False
2.801591157913208,forward_005,0.801591157913208,0.05,0.0,0.0,0.5519603759432067,-0.30325095753401476,0.08617563181722002,-1.55,-1.5,9.11,1.227,0.9348188638687134,0.0,0.06305301189422607,1.0,1.0,7.4,0.843,True,True,False
2.8219573497772217,forward_005,0.8219573497772217,0.05,0.0,0.0,1.1279190291013355,-0.17780541754692233,-0.00545415391248228,-1.55,-1.5,9.11,1.227,0.935556173324585,0.0,0.036161927273496985,1.0,1.0,7.4,0.843,True,True,False
2.8423736095428467,forward_005,0.8423736095428467,0.05,0.0,0.0,1.3591751549905842,-0.16253378659197193,0.15489797111449674,-1.55,-1.5,9.11,0.9970000000000001,0.9168652296066284,0.0,0.037785567343235016,1.0,1.0,7.4,0.843,True,True,False
2.8627402782440186,forward_005,0.8627402782440186,0.05,0.0,0.0,0.8988445647770797,0.4286964975211072,-0.26616271092913524,-1.55,-1.5,9.11,1.381,0.8809745907783508,0.0,0.061423446983098984,1.0,1.0,7.4,0.784,True,True,False
2.8831098079681396,forward_005,0.8831098079681396,0.05,0.0,0.0,0.49960049838337683,0.18216874067690814,-1.1617347833587257,-1.55,-1.5,9.11,1.074,0.9254640936851501,0.0,0.06205381080508232,1.0,1.0,7.4,0.784,True,True,False
2.9036378860473633,forward_005,0.9036378860473633,0.05,0.0,0.0,0.39269908169872414,0.03381575425739013,-1.7758725139042304,1.1,0.62,8.89,1.151,0.8451657891273499,0.0,0.048106892965734005,1.0,1.0,7.4,0.784,True,True,False
2.9240074157714844,forward_005,0.9240074157714844,0.05,0.0,0.0,0.5039638215133626,0.002181661564992912,-1.4366241405478326,-0.14,0.37,7.43,0.9970000000000001,0.880824089050293,0.0,0.024430125951766968,1.0,0.0,7.4,0.784,True,True,False
2.9443886280059814,forward_005,0.9443886280059814,0.05,0.0,0.0,0.3665191429188092,-0.44833145160604343,-1.2304571226560024,-0.74,-0.14,6.73,1.227,0.9519689083099365,0.07142857142857142,0.043692562729120255,1.0,0.0,7.4,0.784,True,True,False
2.964752197265625,forward_005,0.964752197265625,0.05,0.0,0.0,0.06763150851478027,-0.3010692959690218,-0.964294411726867,-0.12,-1.0,7.51,1.227,0.9505831599235535,0.07142857142857142,0.034734152257442474,1.0,0.0,7.4,0.784,True,True,False
2.985224723815918,forward_005,0.985224723815918,0.05,0.0,0.0,-0.29561514205653955,-0.4363323129985824,0.008726646259971648,-0.41000000000000003,-0.24,9.18,1.227,0.9739829301834106,0.14285714285714285,0.07430846244096756,1.0,0.0,7.4,0.784,True,True,False
3.005610227584839,forward_005,1.0056102275848389,0.05,0.0,0.0,-0.41233403578366035,-0.20725784867432664,0.3119776037939864,-2.3000000000000003,1.74,5.8500000000000005,1.151,0.9669980406761169,0.14285714285714285,0.06302516348659992,1.0,1.0,7.4,0.784,True,True,False
3.0259742736816406,forward_005,1.0259742736816406,0.05,0.0,0.0,-1.1290098598838318,-0.2923426497090502,-0.1090830782496456,-1.99,4.37,8.02,0.9970000000000001,0.9485734105110168,0.0,0.036387164145708084,1.0,1.0,7.4,0.784,True,True,False
3.046443223953247,forward_005,1.046443223953247,0.05,0.0,0.0,-1.3340860469931657,-0.10035643198967395,-0.779944009484966,0.07,3.71,9.68,0.614,0.9294606447219849,0.0,0.047363365069031715,0.0,1.0,7.4,0.784,True,True,False
3.0668084621429443,forward_005,1.0668084621429443,0.05,0.0,0.0,-1.2010046915285981,0.21707532571679475,-1.385355093770499,0.07,3.71,9.68,0.537,0.8921902775764465,0.0,0.03378675156272948,0.0,1.0,7.5,0.7000000000000001,True,True,False
3.0882558822631836,forward_005,1.0882558822631836,0.05,0.0,0.0,-0.3981532356112064,1.0275625971116615,-1.4246250019403714,0.07,3.71,9.68,0.384,0.8311458230018616,0.0,0.04124551638960838,1.0,1.0,7.5,0.7000000000000001,True,True,False
3.1087229251861572,forward_005,1.1087229251861572,0.05,0.0,0.0,-0.3981532356112064,1.0275625971116615,-1.4246250019403714,-3.77,-6.8500000000000005,7.5,0.9210000000000002,0.8039538264274597,0.0,0.03582695871591568,0.0,1.0,7.5,0.7000000000000001,True,True,False
3.1290950775146484,forward_005,1.1290950775146484,0.05,0.0,0.0,0.3490658503988659,0.9621127501618741,-0.1832595714594046,-2.13,-4.65,9.14,0.767,0.8515364527702332,0.0,0.03906077891588211,0.0,1.0,7.5,0.7000000000000001,True,True,False
3.149461507797241,forward_005,1.1494615077972412,0.05,0.0,0.0,0.28361600344907856,1.069014166846527,0.358883327441334,-2.13,-4.65,9.14,0.6899999999999998,0.8672000169754028,0.0,0.06623364426195621,0.0,1.0,7.5,0.7000000000000001,True,True,False
3.169825792312622,forward_005,1.169825792312622,0.05,0.0,0.0,-0.12435470920459599,1.0101093045917182,0.5214171140333059,-1.76,-3.29,8.68,0.767,0.8907486796379089,0.0,0.12183478474617004,0.0,1.0,7.5,0.7000000000000001,True,True,False
3.190207004547119,forward_005,1.1902070045471191,0.05,0.0,0.0,-0.3239767424014474,0.47451139038595835,0.815941425307349,-1.86,-0.3,8.24,0.6899999999999998,0.9763766527175903,0.14285714285714285,0.1052787872031331,0.0,1.0,7.5,0.7000000000000001,True,True,False
3.210594415664673,forward_005,1.2105944156646729,0.05,0.0,0.0,-0.5017821599483697,0.1505346479845109,0.7112216701876893,-2.61,-0.1,8.06,1.381,0.9105140566825867,0.0,0.1064019463956356,0.0,1.0,7.5,0.7000000000000001,True,True,False
3.2309768199920654,forward_005,1.2309768199920654,0.05,0.0,0.0,-0.4930555136883981,-0.04690572364734761,0.5803219762881145,-3.19,1.3,8.55,1.841,0.8432401418685913,0.0,0.05719154700636864,0.0,1.0,7.5,0.7000000000000001,True,True,False
3.251447916030884,forward_005,1.2514479160308838,0.05,0.0,0.0,-0.37306412761378793,-0.12435470920459599,0.1734420944169365,-2.93,0.49,8.59,1.841,0.817659854888916,0.0,0.040430232882499695,0.0,1.0,7.5,0.7000000000000001,True,True,False
3.2718095779418945,forward_005,1.2718095779418945,0.05,0.0,0.0,0.04036073895236887,-0.34579335805137656,-0.13962634015954636,-3.68,-1.71,8.43,1.381,0.9402691721916199,0.0,0.053053706884384155,0.0,1.0,7.3,0.8180000000000002,True,True,False
3.2921671867370605,forward_005,1.2921671867370605,0.05,0.0,0.0,0.5279620987282847,-0.5137812985558308,-0.3741549583962844,-2.92,-5.3500000000000005,6.95,1.534,0.9236034750938416,0.0,0.11762940138578415,0.0,1.0,7.3,0.8180000000000002,True,True,False
3.3125579357147217,forward_005,1.3125579357147217,0.05,0.0,0.0,0.6424993308904126,-0.6970408700152354,-0.32288591161895097,-0.97,-6.43,6.66,0.9970000000000001,0.9115123748779297,0.0,0.08785178139805794,0.0,1.0,7.3,0.8180000000000002,True,True,False
3.332947015762329,forward_005,1.332947015762329,0.05,0.0,0.0,0.8290313946973066,-1.0493792127615906,0.13308135546456762,-0.77,-3.62,7.11,1.458,0.9424412846565247,0.0,0.07813493721187115,1.0,1.0,7.3,0.8180000000000002,True,True,False
3.3533682823181152,forward_005,1.3533682823181152,0.05,0.0,0.0,1.3089969389957472,-0.9992009967667537,0.8813912722571364,-1.8,-4.28,4.55,1.304,0.9508873820304871,0.07142857142857142,0.02540612150914967,1.0,1.0,7.3,0.8180000000000002,True,True,False
3.3737401962280273,forward_005,1.3737401962280273,0.05,0.0,0.0,1.6307920198322017,-1.0373800741541297,1.3842642629880026,1.09,-1.6500000000000001,8.58,1.227,0.9360422492027283,0.0,0.056140780448913574,1.0,1.0,7.3,0.8180000000000002,True,True,False
3.394106149673462,forward_005,1.394106149673462,0.05,0.0,0.0,0.8388488717397746,0.18653206380689397,0.5355979142057599,1.09,-1.6500000000000001,8.58,1.074,0.8877812623977661,0.0,0.07275211298838258,1.0,1.0,7.3,0.8180000000000002,True,True,False
3.414588212966919,forward_005,1.414588212966919,0.05,0.0,0.0,0.3021601267515183,0.681769239060285,-0.23889194136672387,0.23,8.21,6.79,1.227,0.8318175077438354,0.0,0.05717983562499285,1.0,1.0,7.3,0.8180000000000002,True,True,False
3.4349584579467773,forward_005,1.4349584579467773,0.05,0.0,0.0,0.18216874067690814,0.002181661564992912,-1.6504269739171378,1.1,-0.31,8.2,1.304,0.9037333130836487,0.0,0.043347086757421494,1.0,0.0,7.3,0.8180000000000002,True,True,False
3.455334424972534,forward_005,1.4553344249725342,0.05,0.0,0.0,0.12762720155208535,0.5650503453331642,-1.624247035137223,-1.5,-1.11,2.42,0.9210000000000002,0.9148111939430237,0.0,0.06860009208321571,1.0,0.0,7.3,0.8180000000000002,True,True,False
3.4758715629577637,forward_005,1.4758715629577637,0.05,0.0,0.0,0.1090830782496456,-0.6654067773228381,-0.7417649320975901,2.43,0.51,8.870000000000001,0.9970000000000001,0.9281225800514221,0.0,0.11642394959926605,1.0,0.0,7.4,0.644,True,True,False
3.496234893798828,forward_005,1.4962348937988281,0.05,0.0,0.0,-0.03381575425739013,-0.6086835766330224,-0.30870511144649704,0.64,1.1300000000000001,7.3100000000000005,1.074,0.9433586001396179,0.0,0.03534882888197899,1.0,0.0,7.4,0.644,True,True,False
3.516618490219116,forward_005,1.5166184902191162,0.05,0.0,0.0,-0.17016960206944712,-0.7646723785300157,0.519235452468313,-0.44,1.55,7.38,1.227,0.9829686880111694,0.14285714285714285,0.03270046412944794,1.0,0.0,7.4,0.644,True,True,False
3.5371079444885254,forward_005,1.5371079444885254,0.05,0.0,0.0,-0.5835944686356039,-0.7570365630525404,0.6119560689805118,-1.06,0.66,7.0600000000000005,0.9970000000000001,0.9759939908981323,0.14285714285714285,0.025676770135760307,1.0,0.0,7.4,0.644,True,True,False
3.5574827194213867,forward_005,1.5574827194213867,0.05,0.0,0.0,-0.7712173632249943,-0.5181446216858165,0.15489797111449674,-2.09,5.33,8.870000000000001,0.9970000000000001,0.9849175214767456,0.14285714285714285,0.05939782038331032,1.0,0.0,7.4,0.644,True,True,False
3.5779471397399902,forward_005,1.5779471397399902,0.05,0.0,0.0,-0.7843073326149519,-0.631591023065448,-0.22907446432425577,-0.05,5.8,7.65,1.151,0.9878122210502625,0.14285714285714285,0.02647075429558754,1.0,1.0,7.4,0.644,True,True,False
3.5983152389526367,forward_005,1.5983152389526367,0.05,0.0,0.0,-0.8475755179997463,-0.2585268954516601,-0.9959285044192643,-0.05,5.8,7.65,0.9970000000000001,0.9797384738922119,0.14285714285714285,0.0584484850987792,1.0,1.0,7.4,0.644,True,True,False
3.6186981201171875,forward_005,1.6186981201171875,0.05,0.0,0.0,-1.1726430911836903,0.5443245604657315,-1.6853335589570244,-0.19,3.2,9.24,0.6899999999999998,0.9150686264038086,0.0,0.05167167400941253,1.0,1.0,7.4,0.644,True,True,False
3.639085054397583,forward_005,1.639085054397583,0.05,0.0,0.0,-1.3220869083857045,0.6566801310628665,-2.0354902401383868,-0.19,3.2,9.24,0.6899999999999998,0.8509937524795532,0.0,0.03437896724790335,0.0,1.0,7.4,0.644,True,True,False
3.6595964431762695,forward_005,1.6595964431762695,0.05,0.0,0.0,-0.41015237421866746,0.9599310885968813,-1.2937253080407969,-0.19,3.2,9.24,1.074,0.8253459930419922,0.0,0.028566748835146427,1.0,1.0,7.4,0.644,True,True,False
3.6801061630249023,forward_005,1.6801061630249023,0.05,0.0,0.0,-0.04145156973486533,0.8628471489546967,-0.3174317577064687,-1.1300000000000001,-7.8100000000000005,2.16,1.381,0.8602870106697083,0.0,0.05094891972839832,0.0,1.0,7.5,0.546,True,True,False
3.7004823684692383,forward_005,1.7004823684692383,0.05,0.0,0.0,0.015271630954950384,0.48651052899341934,0.31852258848896514,0.43,-4.18,9.39,1.227,0.8497690558433533,0.0,0.027535201981663704,1.0,1.0,7.5,0.546,True,True,False
3.7208690643310547,forward_005,1.7208690643310547,0.05,0.0,0.0,-0.022907446432425576,1.2097313377885697,0.8246680715673207,0.43,-4.18,9.39,0.9210000000000002,0.737459659576416,0.0,0.05736822634935379,1.0,1.0,7.5,0.546,True,True,False
3.741361618041992,forward_005,1.7413616180419922,0.05,0.0,0.0,-0.19634954084936207,0.9566585962493919,0.8148505945248526,-1.9000000000000001,-3.29,9.22,0.767,0.7791305184364319,0.0,0.08557206392288208,1.0,1.0,7.5,0.546,True,True,False
3.7617623805999756,forward_005,1.7617623805999756,0.05,0.0,0.0,-0.31525009614147576,0.35124751196385884,0.6621342849753488,-0.4,-2.34,8.68,0.614,0.7470211982727051,0.0,0.06525871250778437,1.0,1.0,7.5,0.546,True,True,False
3.782127857208252,forward_005,1.782127857208252,0.05,0.0,0.0,-0.4079707126536745,0.48105637508093707,0.48978302134090873,-2.99,-1.4000000000000001,6.48,1.227,0.870902955532074,0.0,0.06220019608736038,0.0,1.0,7.5,0.546,True,True,False
3.802492141723633,forward_005,1.8024921417236328,0.05,0.0,0.0,-0.12762720155208535,-0.2748893571891069,0.44505895925855404,-2.99,-1.4000000000000001,6.48,1.381,0.948466956615448,0.0,0.04834704473614693,0.0,1.0,7.5,0.546,True,True,False
3.822868585586548,forward_005,1.8228685855865479,0.05,0.0,0.0,0.23125612588924865,-0.2203478180642841,-0.0916297857297023,-2.64,1.1500000000000001,6.03,1.688,0.9101601839065552,0.0,0.05352033115923405,0.0,1.0,7.5,0.546,True,True,False
3.843238592147827,forward_005,1.8432385921478271,0.05,0.0,0.0,0.5094179754258449,-0.45705809786601503,-0.7090400086226963,-0.65,-2.88,7.36,1.534,0.8590734004974365,0.0,0.06155619490891695,0.0,1.0,7.5,0.546,True,True,False
3.863617181777954,forward_005,1.863617181777954,0.05,0.0,0.0,0.9239336727744982,-0.667588438887831,-0.9926560120717749,-1.95,-6.69,7.5200000000000005,1.227,0.944420576095581,0.0,0.07372259348630905,1.0,1.0,7.5,0.546,True,True,False
3.8840627670288086,forward_005,1.8840627670288086,0.05,0.0,0.0,1.1093749057988957,-0.9293878266869805,-0.39269908169872414,-0.81,-3.7600000000000002,7.34,1.304,0.9616842269897461,0.07142857142857142,0.04987075924873352,1.0,1.0,7.3,1.2870000000000004,True,True,False
3.9044322967529297,forward_005,1.9044322967529297,0.05,0.0,0.0,1.3286318930806833,-1.141008998491293,0.1439896632895322,-0.8200000000000001,-3.3200000000000003,6.640000000000001,0.844,0.9714275002479553,0.14285714285714285,0.05108760646544397,1.0,1.0,7.3,1.2870000000000004,True,True,False
3.9248440265655518,forward_005,1.9248440265655518,0.05,0.0,0.0,1.2020955223110945,-0.9566585962493919,0.6501351463678877,-0.8200000000000001,-3.3200000000000003,6.640000000000001,0.9210000000000002,0.9694941639900208,0.07142857142857142,0.036212071776390076,1.0,1.0,7.3,1.2870000000000004,True,True,False
3.9452192783355713,forward_005,1.9452192783355713,0.05,0.0,0.0,0.3567016658763411,0.1439896632895322,-0.3534291735288517,-0.8200000000000001,-3.3200000000000003,6.640000000000001,1.074,0.94874107837677,0.0,0.06591225787997246,1.0,1.0,7.3,1.2870000000000004,True,True,False
3.9656310081481934,forward_005,1.9656310081481934,0.05,0.0,0.0,0.1908953869368798,-0.272707695624114,-1.0199267816341864,-1.05,4.49,8.16,1.151,0.9558359384536743,0.07142857142857142,0.03394603170454502,1.0,1.0,7.3,1.2870000000000004,True,True,False
3.9860002994537354,forward_005,1.9860002994537354,0.05,0.0,0.0,-0.09490227807719166,0.06763150851478027,-1.210822168571066,0.5700000000000001,-4.16,8.040000000000001,1.074,0.9565408229827881,0.07142857142857142,0.049694713205099106,1.0,1.0,7.3,1.2870000000000004,True,True,False
4.006368637084961,forward_005,2.006368637084961,0.05,0.0,0.0,-0.2378011105842274,-0.03599741582238305,-0.4537856055185257,1.2,3.2800000000000002,7.890000000000001,0.614,0.9232161045074463,0.0,0.0324893556535244,1.0,0.0,7.3,1.2870000000000004,True,True,False
4.026884078979492,forward_005,2.026884078979492,0.05,0.0,0.0,-0.13853550937704992,-0.33161255787892263,-0.3239767424014474,0.14,-0.38,6.3,0.844,0.9621671438217163,0.14285714285714285,0.036747171776369214,1.0,0.0,7.3,1.2870000000000004,True,True,False
4.0472495555877686,forward_005,2.0472495555877686,0.05,0.0,0.0,-0.23452861823673804,-0.4439681284760576,0.23125612588924865,-0.45,0.76,7.04,0.9970000000000001,0.9686610698699951,0.14285714285714285,0.028857123106718063,1.0,0.0,7.3,1.2870000000000004,True,True,False
4.0676164627075195,forward_005,2.0676164627075195,0.05,0.0,0.0,-0.5377795757707527,-0.3937899124812206,0.6774059159302992,0.25,0.55,9.19,1.151,0.965508222579956,0.14285714285714285,0.025754788424819708,1.0,0.0,7.3,1.2870000000000004,True,True,False
4.088045358657837,forward_005,2.088045358657837,0.05,0.0,0.0,-0.830122225479803,-0.29343348049154666,0.7908523173099306,-0.39,2.24,8.39,1.151,0.9772100448608398,0.14285714285714285,0.03927578590810299,1.0,1.0,7.6,0.135,True,True,False
4.109141826629639,forward_005,2.1091418266296387,0.05,0.0,0.0,-1.0711958284115197,-0.39051742013373125,0.5585053606381855,0.04,1.81,7.63,0.6899999999999998,0.9780920743942261,0.14285714285714285,0.02674713172018528,1.0,1.0,7.6,0.135,True,True,False
4.129516839981079,forward_005,2.129516839981079,0.05,0.0,0.0,-1.1955505376161157,-0.21380283336930536,0.2716168648416175,0.04,1.81,7.63,0.767,0.9771286845207214,0.14285714285714285,0.02079387754201889,1.0,1.0,7.6,0.135,True,True,False
4.14988112449646,forward_005,2.14988112449646,0.05,0.0,0.0,-0.7984881327874057,0.46142142099600086,-0.2923426497090502,0.04,1.81,7.63,0.6899999999999998,0.9283829927444458,0.0,0.046748651191592216,1.0,1.0,7.6,0.135,True,True,False
4.170259952545166,forward_005,2.170259952545166,0.05,0.0,0.0,-0.45487643630102215,0.545415391248228,-0.7166758241001716,0.4,-2.62,7.890000000000001,0.614,0.9137549996376038,0.0,0.03146140091121197,1.0,1.0,7.6,0.135,True,True,False
4.19062352180481,forward_005,2.1906235218048096,0.05,0.0,0.0,-0.23561944901923448,0.65558930028037,-0.9675669040743564,-0.27,-3.5,7.7,0.6899999999999998,0.8689077496528625,0.0,0.029318958520889282,1.0,1.0,7.6,0.135,True,True,False
4.210993766784668,forward_005,2.210993766784668,0.05,0.0,0.0,0.09381144729469522,0.7057675162752071,-0.7155849933176751,-0.27,-3.5,7.7,0.767,0.8450332283973694,0.0,0.020814158022403717,1.0,1.0,7.6,0.135,True,True,False
4.231396913528442,forward_005,2.2313969135284424,0.05,0.0,0.0,0.11562806294462433,0.9719302272043423,-0.2628902185816459,-0.27,-3.5,7.7,0.844,0.7879713177680969,0.0,0.03955945000052452,1.0,1.0,7.6,0.135,True,True,False
4.251759052276611,forward_005,2.2517590522766113,0.05,0.0,0.0,0.23234695667174513,0.964294411726867,0.385063266221249,-1.4000000000000001,-4.93,8.950000000000001,0.767,0.7982960343360901,0.0,0.04185362998396158,1.0,1.0,7.6,0.135,True,True,False
4.272120475769043,forward_005,2.272120475769043,0.05,0.0,0.0,0.25089107997418486,0.8093964406123704,1.08646745936647,-0.68,-2.5300000000000002,9.48,0.6899999999999998,0.7899377346038818,0.0,0.04186153132468462,1.0,1.0,7.6,0.135,True,True,False
4.292492389678955,forward_005,2.292492389678955,0.05,0.0,0.0,0.10581058590215622,0.7286749627076325,1.4169891864628963,-0.68,-2.5300000000000002,9.48,0.9970000000000001,0.8683376908302307,0.0,0.09322262555360794,1.0,1.0,7.3,1.197,True,True,False
4.312855005264282,forward_005,2.3128550052642822,0.05,0.0,0.0,-0.09926560120717749,0.8737554567796613,0.9337511498169663,-0.68,-2.5300000000000002,9.48,1.304,0.8895195722579956,0.0,0.06342733651399612,1.0,1.0,7.3,1.197,True,True,False
4.333221673965454,forward_005,2.333221673965454,0.05,0.0,0.0,-0.07744898555724837,0.6741334235828098,0.6544984694978736,-1.37,2.62,7.76,1.304,0.9249875545501709,0.0,0.05592387728393078,1.0,1.0,7.3,1.197,True,True,False
4.353579521179199,forward_005,2.353579521179199,0.05,0.0,0.0,0.1090830782496456,0.4068798818711781,0.02399827721492203,-2.05,1.51,7.4,1.765,0.8314254879951477,0.0,0.04213814530521631,0.0,1.0,7.3,1.197,True,True,False
4.37394380569458,forward_005,2.37394380569458,0.05,0.0,0.0,0.48323803664593,0.028361600344907856,-0.631591023065448,-3.0300000000000002,-0.93,8.3,1.765,0.7318540215492249,0.0,0.03987784590572119,0.0,1.0,7.3,1.197,True,True,False
4.394308567047119,forward_005,2.394308567047119,0.05,0.0,0.0,0.9555677654668955,-0.32615840396644036,-1.0122909661567112,-2.62,-1.03,7.79,1.227,0.6863077878952026,0.0,0.11913802102208138,0.0,1.0,7.3,1.197,True,True,False
4.414672374725342,forward_005,2.414672374725342,0.05,0.0,0.0,1.0777408131064985,-0.519235452468313,-1.1279190291013355,-1.47,-5.0,8.27,1.227,0.7990768551826477,0.0,0.03930160030722618,1.0,1.0,7.3,1.197,True,True,False
4.435148000717163,forward_005,2.435148000717163,0.05,0.0,0.0,1.227184630308513,-0.6763150851478027,-0.8279405639148101,-0.8,-6.24,5.78,1.151,0.9245502352714539,0.0,0.04679233208298683,1.0,1.0,7.3,1.197,True,True,False
4.455566644668579,forward_005,2.455566644668579,0.05,0.0,0.0,1.3439035240356338,-0.8312130562622995,-0.4166973589136462,-1.23,-2.7800000000000002,8.68,0.844,0.9195523262023926,0.0,0.0890499148517847,1.0,0.0,7.3,1.197,True,True,False
4.475931882858276,forward_005,2.4759318828582764,0.05,0.0,0.0,1.0482883819790942,-0.6414085001079161,0.1930770485018727,-1.23,-2.7800000000000002,8.68,0.9210000000000002,0.9535529613494873,0.07142857142857142,0.028598692268133163,1.0,0.0,7.3,1.197,True,True,False
4.4964234828948975,forward_005,2.4964234828948975,0.05,0.0,0.0,0.31525009614147576,-0.6784967467127956,0.3337942194439155,-1.23,-2.7800000000000002,8.68,1.458,0.9454765319824219,0.0,0.01447002962231636,1.0,0.0,7.4,0.89,True,True,False
4.516790390014648,forward_005,2.5167903900146484,0.05,0.0,0.0,-0.22907446432425577,-0.5279620987282847,0.5028729907308662,-1.23,-2.7800000000000002,8.68,1.534,0.97164386510849,0.07142857142857142,0.05250011198222637,1.0,1.0,7.4,0.89,True,True,False
4.537156581878662,forward_005,2.537156581878662,0.05,0.0,0.0,-0.4919646829059016,-0.014180800172453928,0.18871372537188688,-0.9,6.2,9.27,1.458,0.9623340964317322,0.07142857142857142,0.04827322717756033,1.0,1.0,7.4,0.89,True,True,False
4.557535886764526,forward_005,2.5575358867645264,0.05,0.0,0.0,-0.8595746566072073,0.46687557490848314,-0.8824821030396329,-3.91,1.2,9.13,0.844,0.9174700975418091,0.0,0.0730149932205677,1.0,1.0,7.4,0.89,True,True,False
4.5779101848602295,forward_005,2.5779101848602295,0.05,0.0,0.0,-0.28361600344907856,0.8083056098298739,-0.42978732830360367,-2.02,4.1,7.99,0.6899999999999998,0.8745136857032776,0.0,0.06605698261409998,1.0,1.0,7.4,0.89,True,True,False
4.59827184677124,forward_005,2.5982718467712402,0.05,0.0,0.0,0.07526732399225546,0.5715953300281429,-0.8235772407848243,1.59,0.24,7.37,0.844,0.889374852180481,0.0,0.056468469090759754,1.0,1.0,7.4,0.89,True,True,False
4.618632555007935,forward_005,2.6186325550079346,0.05,0.0,0.0,0.07308566242726255,0.6261368691529657,-0.7864889941799448,-1.27,-1.49,5.9,1.151,0.8997567296028137,0.0,0.03687770664691925,1.0,0.0,7.4,0.89,True,True,False
4.639137506484985,forward_005,2.6391375064849854,0.05,0.0,0.0,-0.5312345910757741,0.18435040224190105,-0.4188790204786391,-1.6600000000000001,-2.45,7.15,1.534,0.9396893382072449,0.0,0.0359841575846076,1.0,0.0,7.4,0.89,True,True,False
4.659508943557739,forward_005,2.6595089435577393,0.05,0.0,0.0,-0.6774059159302992,0.18653206380689397,0.3861540970037454,-1.6600000000000001,-2.45,7.15,1.227,0.9213419556617737,0.0,0.03669895837083459,1.0,1.0,7.4,0.89,True,True,False
4.6800713539123535,forward_005,2.6800713539123535,0.05,0.0,0.0,-0.9064803802545549,0.16144295580947549,0.8748462875621577,-1.97,1.87,3.87,1.227,0.8857714533805847,0.0,0.02095922827720642,1.0,1.0,7.4,0.89,True,True,False
4.700438976287842,forward_005,2.700438976287842,0.05,0.0,0.0,-1.1879147221386406,-0.22471114119426994,0.5159629601208237,-1.62,3.46,8.39,0.767,0.9349187612533569,0.0,0.05157491867430508,1.0,1.0,7.6,0.221,True,True,False
4.720885992050171,forward_005,2.720885992050171,0.05,0.0,0.0,-1.6373370045271805,-0.018544123302439753,0.0545415391248228,-1.62,3.46,8.39,0.384,0.9176843762397766,0.0,0.03244752809405327,0.0,1.0,7.6,0.221,True,True,False
4.741271018981934,forward_005,2.7412710189819336,0.05,0.0,0.0,-0.5672320068981571,0.3752457891787809,0.21489366415180183,-2.92,2.72,8.040000000000001,0.767,0.8868587613105774,0.0,0.024574730545282364,0.0,1.0,7.6,0.221,True,True,False
4.7619242668151855,forward_005,2.7619242668151855,0.05,0.0,0.0,-0.3021601267515183,-0.031634092692397225,-0.2552544031041707,0.23,-4.22,5.6000000000000005,0.153,0.9142933487892151,0.0,0.027427516877651215,0.0,1.0,7.6,0.221,True,True,False
4.782295227050781,forward_005,2.7822952270507812,0.05,0.0,0.0,-0.08726646259971647,-0.05999569303730508,-0.6239552075879728,-2.99,-5.09,9.53,0.46,0.947997510433197,0.0,0.024912022054195404,0.0,1.0,7.6,0.221,True,True,False
4.802664518356323,forward_005,2.8026645183563232,0.05,0.0,0.0,-0.18871372537188688,0.05345070834232634,-0.4406956361285682,-2.99,-5.09,9.53,0.384,0.93541419506073,0.0,0.030620267614722252,0.0,1.0,7.6,0.221,True,True,False
4.823119401931763,forward_005,2.8231194019317627,0.05,0.0,0.0,-0.025089107997418487,0.35124751196385884,0.3916082509162277,-1.69,-3.06,8.17,0.307,0.8849721550941467,0.0,0.060147156938910484,0.0,1.0,7.6,0.221,True,True,False
4.843533754348755,forward_005,2.843533754348755,0.05,0.0,0.0,-0.05126904677733343,0.272707695624114,0.17889624832941878,-0.77,-3.98,7.49,0.23,0.9157410264015198,0.0,0.025830812286585573,0.0,1.0,7.6,0.221,True,True,False
4.8639044761657715,forward_005,2.8639044761657715,0.05,0.0,0.0,-0.038179077387375956,0.037088246604879506,0.19416787928436915,-1.83,-3.6,7.43,0.077,0.883116602897644,0.0,0.05863356776535511,1.0,1.0,7.6,0.221,True,True,False
4.884347438812256,forward_005,2.884347438812256,0.05,0.0,0.0,0.04799655442984406,-0.0545415391248228,0.6141377305455047,-2.58,-0.66,9.23,0.46,0.8468211889266968,0.0,0.08098014257848263,1.0,1.0,7.6,0.221,True,True,False
4.904713153839111,forward_005,2.9047131538391113,0.05,0.0,0.0,0.1538071403320003,-0.10253809355466686,0.4177881896961426,-2.25,1.03,8.86,0.844,0.8902541399002075,0.0,0.05442268121987581,1.0,1.0,7.4,1.02,True,True,False
4.925079345703125,forward_005,2.925079345703125,0.05,0.0,0.0,0.15162547876700738,-0.19853120241435498,-0.14835298641951802,-1.75,1.22,9.47,0.844,0.9343007206916809,0.0,0.04948537424206734,0.0,1.0,7.4,1.02,True,True,False
4.945449352264404,forward_005,2.9454493522644043,0.05,0.0,0.0,0.23561944901923448,-0.2977968036215325,-0.36979163526629855,-1.3800000000000001,1.55,8.2,0.9970000000000001,0.8943221569061279,0.0,0.07910681888461113,0.0,1.0,7.4,1.02,True,True,False
4.965817928314209,forward_005,2.965817928314209,0.05,0.0,0.0,0.3272492347489368,-0.5257804371632918,-0.5137812985558308,-0.93,-0.68,7.0,1.688,0.9369428753852844,0.0,0.03217659145593643,0.0,1.0,7.4,1.02,True,True,False
4.98618745803833,forward_005,2.98618745803833,0.05,0.0,0.0,0.8464846872172498,-0.7330382858376184,-0.4908738521234052,-1.03,-0.8300000000000001,7.7700000000000005,1.534,0.9664867520332336,0.14285714285714285,0.040061868727207184,1.0,1.0,7.4,1.02,True,True,False
5.006588459014893,forward_005,3.0065884590148926,0.05,0.0,0.0,1.0275625971116615,-0.7603090554000298,-0.3741549583962844,-2.25,-3.73,9.21,1.688,0.9753739237785339,0.07142857142857142,0.024053143337368965,1.0,1.0,7.4,1.02,True,True,False
5.026956081390381,forward_005,3.026956081390381,0.05,0.0,0.0,1.0821041362364843,-0.693768377667746,-0.07853981633974483,-2.25,-3.73,9.21,0.844,0.970837414264679,0.07142857142857142,0.025660958141088486,1.0,1.0,7.4,1.02,True,True,False
5.047358274459839,forward_005,3.047358274459839,0.05,0.0,0.0,0.9915651812892785,-0.6621342849753488,0.3490658503988659,-2.25,-3.73,9.21,0.844,0.9704954624176025,0.07142857142857142,0.025023297406733036,1.0,1.0,7.4,1.02,True,True,False
5.067748785018921,forward_005,3.067748785018921,0.05,0.0,0.0,0.35124751196385884,0.14726215563702155,-0.15271630954950383,-2.25,-3.73,9.21,0.9970000000000001,0.9711571335792542,0.07142857142857142,0.032444233540445566,1.0,1.0,7.4,1.02,True,True,False
5.0881218910217285,forward_005,3.0881218910217285,0.05,0.0,0.0,0.12871803233458182,-0.5181446216858165,0.10362892433716332,-1.1500000000000001,1.84,7.95,0.9210000000000002,0.9754953384399414,0.07142857142857142,0.03086301824077964,1.0,1.0,7.4,1.02,True,True,False
5.108580827713013,forward_005,3.1085808277130127,0.05,0.0,0.0,-0.04254240051736178,-0.40033489717619936,0.5737769915931359,-1.1500000000000001,1.84,7.95,0.9970000000000001,0.9837697148323059,0.14285714285714285,0.051422398537397385,1.0,1.0,7.6,0.14200000000000002,True,True,False
5.129567623138428,forward_005,3.1295676231384277,0.05,0.0,0.0,-0.2825251726665821,-0.39051742013373125,0.8933904108645975,-0.32,1.09,6.48,1.151,0.9837701320648193,0.14285714285714285,0.026590345427393913,1.0,1.0,7.6,0.14200000000000002,True,True,False
5.149937152862549,forward_005,3.149937152862549,0.05,0.0,0.0,-0.6185010536754906,-0.35997415822383044,0.9228428419920017,-0.8,1.55,7.87,1.151,0.9849627614021301,0.14285714285714285,0.02918504923582077,1.0,1.0,7.6,0.14200000000000002,True,True,False
5.170325040817261,forward_005,3.1703250408172607,0.05,0.0,0.0,-0.8050331174823845,-0.20616701789183017,0.6359543461954338,-1.3800000000000001,1.23,9.28,1.074,0.9805200695991516,0.14285714285714285,0.03226246125996113,1.0,1.0,7.6,0.14200000000000002,True,True,False
5.190694570541382,forward_005,3.190694570541382,0.05,0.0,0.0,-0.7984881327874057,-0.28361600344907856,0.5159629601208237,-0.02,0.54,8.290000000000001,1.227,0.977488100528717,0.14285714285714285,0.0318717360496521,1.0,1.0,7.6,0.14200000000000002,True,True,False
5.211069583892822,forward_005,3.2110695838928223,0.05,0.0,0.0,-0.9261153343394911,-0.12871803233458182,0.36979163526629855,0.24,0.0,8.14,1.074,0.9769996404647827,0.14285714285714285,0.019421199336647987,1.0,1.0,7.6,0.14200000000000002,True,True,False
5.231600522994995,forward_005,3.231600522994995,0.05,0.0,0.0,-0.9392053037294485,0.16471544815696484,0.5137812985558308,0.24,0.0,8.14,0.537,0.9613953232765198,0.14285714285714285,0.025585036724805832,1.0,1.0,7.6,0.14200000000000002,True,True,False
5.2520928382873535,forward_005,3.2520928382873535,0.05,0.0,0.0,-0.791943148092427,0.3425208657038872,0.33161255787892263,0.24,0.0,8.14,0.614,0.9462840557098389,0.0,0.022216545417904854,1.0,1.0,7.6,0.14200000000000002,True,True,False
5.272574186325073,forward_005,3.2725741863250732,0.05,0.0,0.0,-0.26398104936414235,0.4286964975211072,0.21489366415180183,-0.25,-2.11,9.38,0.614,0.9350966215133667,0.0,0.018897091038525105,1.0,1.0,7.6,0.14200000000000002,True,True,False
5.292946100234985,forward_005,3.2929461002349854,0.05,0.0,0.0,0.050178215994836975,0.34033920413889424,0.2519819107566813,0.48,-2.5300000000000002,7.390000000000001,0.614,0.9173367619514465,0.0,0.011102075921371572,1.0,1.0,7.6,0.14200000000000002,True,True,False
5.313323974609375,forward_005,3.313323974609375,0.05,0.0,0.0,0.37306412761378793,0.16798794050445423,0.6839509006252779,0.48,-2.5300000000000002,7.390000000000001,0.614,0.9099970459938049,0.0,0.008542008697986603,1.0,1.0,7.6,0.212,True,True,False
5.333691835403442,forward_005,3.3336918354034424,0.05,0.0,0.0,0.25089107997418486,0.8312130562622995,0.8639379797371931,-0.58,-3.16,8.39,0.9210000000000002,0.7614840269088745,0.0,0.046547308564186096,1.0,1.0,7.6,0.212,True,True,False
5.354189157485962,forward_005,3.354189157485962,0.05,0.0,0.0,0.210530341021816,0.667588438887831,1.1584622910112363,-0.58,-3.16,8.39,0.844,0.8052315711975098,0.0,0.013615481555461884,1.0,1.0,7.6,0.212,True,True,False
5.37456202507019,forward_005,3.3745620250701904,0.05,0.0,0.0,0.018544123302439753,0.681769239060285,1.698423528346982,-0.58,-3.16,8.39,0.6899999999999998,0.7095044255256653,0.0,0.05122805014252663,1.0,1.0,7.6,0.212,True,True,False
5.394927978515625,forward_005,3.394927978515625,0.05,0.0,0.0,-0.10362892433716332,1.0199267816341864,1.487893187325166,-2.27,1.82,8.16,0.6899999999999998,0.9119508862495422,0.0,0.09781052730977535,0.0,1.0,7.6,0.212,True,True,False
5.4153101444244385,forward_005,3.4153101444244385,0.05,0.0,0.0,-0.2279836335417593,0.8933904108645975,1.2010046915285981,-2.27,1.82,8.16,0.46,0.8996519446372986,0.0,0.06025693938136101,0.0,1.0,7.6,0.212,True,True,False
5.435685634613037,forward_005,3.435685634613037,0.05,0.0,0.0,-0.3010692959690218,0.7472190860100724,0.5781403147231217,-1.06,1.47,7.5,0.767,0.7251274585723877,0.0,0.046881455928087234,0.0,1.0,7.6,0.212,True,True,False
5.456143379211426,forward_005,3.456143379211426,0.05,0.0,0.0,-0.36760997370130566,0.7232208087951503,0.2879793265790644,-1.7,1.07,6.94,1.227,0.7838568687438965,0.0,0.041935880202800035,0.0,1.0,7.6,0.212,True,True,False
5.47652530670166,forward_005,3.47652530670166,0.05,0.0,0.0,-0.2628902185816459,0.21598449493429828,0.03490658503988659,-3.0,-1.8,8.48,1.6110000000000002,0.8400271534919739,0.0,0.06364641571417451,0.0,1.0,7.6,0.212,True,True,False
5.497042179107666,forward_005,3.497042179107666,0.05,0.0,0.0,-0.018544123302439753,-0.009817477042468103,-0.11671889372712078,-3.08,-3.18,9.01,1.151,0.9043253660202026,0.0,0.048829685896635056,0.0,1.0,7.6,0.212,True,True,False
5.517410516738892,forward_005,3.5174105167388916,0.05,0.0,0.0,0.36324665057131983,-0.14289883250703572,-0.1505346479845109,-2.21,-4.86,7.67,0.844,0.9101441502571106,0.0,0.09693106636404991,0.0,1.0,7.4,0.877,True,True,False
5.537801027297974,forward_005,3.5378010272979736,0.05,0.0,0.0,0.36324665057131983,-0.14289883250703572,-0.1505346479845109,-1.68,-3.21,7.55,0.844,0.9144452214241028,0.0,0.060955587774515145,0.0,1.0,7.4,0.877,True,True,False
5.558176755905151,forward_005,3.5581767559051514,0.05,0.0,0.0,0.56941366846315,-0.3076142806640006,0.6065019150680295,-1.61,-4.97,5.79,0.9970000000000001,0.9434028267860413,0.0,0.04207622446119785,0.0,1.0,7.4,0.877,True,True,False
5.578568935394287,forward_005,3.578568935394287,0.05,0.0,0.0,0.6774059159302992,-0.46687557490848314,1.0319259202416473,-2.5500000000000003,-2.64,5.94,1.458,0.9785621166229248,0.07142857142857142,0.049506776034832,1.0,1.0,7.4,0.877,True,True,False
5.5990777015686035,forward_005,3.5990777015686035,0.05,0.0,0.0,0.8628471489546967,-0.7090400086226963,1.3209960776032081,-2.62,-2.98,5.64,1.6110000000000002,0.951770007610321,0.07142857142857142,0.04397650435566902,1.0,1.0,7.4,0.877,True,True,False
5.619457483291626,forward_005,3.619457483291626,0.05,0.0,0.0,1.1017390903214206,-0.6959500392327389,1.3755376167280309,-1.3900000000000001,-1.79,7.8500000000000005,0.9970000000000001,0.9392341375350952,0.0,0.04707002639770508,1.0,1.0,7.4,0.877,True,True,False
5.6398444175720215,forward_005,3.6398444175720215,0.05,0.0,0.0,0.6904958853202566,-0.3861540970037454,1.672243589567067,-1.3900000000000001,-1.79,7.8500000000000005,1.151,0.9592613577842712,0.07142857142857142,0.09996630996465683,1.0,1.0,7.4,0.877,True,True,False
5.66029691696167,forward_005,3.66029691696167,0.05,0.0,0.0,0.08508480103472356,0.581412807070611,0.13962634015954636,-4.5,5.57,8.05,1.074,0.8763570785522461,0.0,0.0861867405474186,1.0,1.0,7.4,0.877,True,True,False
5.68067741394043,forward_005,3.6806774139404297,0.05,0.0,0.0,0.1439896632895322,-0.3741549583962844,-0.6403176693254197,-2.19,5.25,5.96,0.6899999999999998,0.943132221698761,0.0,0.09411913342773914,1.0,0.0,7.4,0.877,True,True,False
5.7010579109191895,forward_005,3.7010579109191895,0.05,0.0,0.0,0.32179508083645453,0.35561083509384467,-0.272707695624114,1.68,0.99,4.74,0.9210000000000002,0.8716164231300354,0.0,0.06919566426950041,1.0,0.0,7.4,0.877,True,True,False
5.7214460372924805,forward_005,3.7214460372924805,0.05,0.0,0.0,-0.07308566242726255,-0.19198621771937624,-0.17453292519943295,0.6,0.87,6.2,1.151,0.9336605668067932,0.0,0.06433261930942535,1.0,0.0,7.4,0.34299999999999997,True,True,False
5.741832971572876,forward_005,3.741832971572876,0.05,0.0,0.0,-0.607592745850526,-0.3817907738737596,-0.136353847812057,-0.5700000000000001,1.36,8.32,1.381,0.9624969363212585,0.07142857142857142,0.025838829576969147,1.0,0.0,7.4,0.34299999999999997,True,True,False
5.762224197387695,forward_005,3.7622241973876953,0.05,0.0,0.0,-0.9435686268594344,-0.22689280275926285,0.459239759431008,-0.5700000000000001,1.36,8.32,1.227,0.9493168592453003,0.0,0.02426254440797493,1.0,1.0,7.4,0.34299999999999997,True,True,False
5.782641410827637,forward_005,3.7826414108276367,0.05,0.0,0.0,-1.2424562612634633,-0.0545415391248228,0.8737554567796613,-1.34,2.13,7.04,1.304,0.93728107213974,0.0,0.03086002479540184,1.0,1.0,7.4,0.34299999999999997,True,True,False
5.803117513656616,forward_005,3.803117513656616,0.05,0.0,0.0,-1.5882496193148399,-0.33161255787892263,0.3272492347489368,-0.59,3.23,7.44,1.074,0.9484103322029114,0.0,0.04583450313657522,0.0,1.0,7.4,0.34299999999999997,True,True,False
5.82348895072937,forward_005,3.82348895072937,0.05,0.0,0.0,-1.8882280845013653,-0.16798794050445423,-0.41996985126113556,-0.59,3.23,7.44,0.46,0.9122747778892517,0.0,0.02983548305928707,0.0,1.0,7.4,0.34299999999999997,True,True,False
5.843870401382446,forward_005,3.8438704013824463,0.05,0.0,0.0,-0.7352199474026113,0.5715953300281429,-0.02399827721492203,-0.59,3.23,7.44,0.537,0.8403393626213074,0.0,0.026628998573869467,0.0,1.0,7.4,0.34299999999999997,True,True,False
5.864248991012573,forward_005,3.8642489910125732,0.05,0.0,0.0,-0.26616271092913524,0.5497787143782138,0.26616271092913524,-2.07,-4.0,5.08,0.46,0.8867230415344238,0.0,0.03755370946601033,0.0,1.0,7.4,0.34299999999999997,True,True,False
5.884663820266724,forward_005,3.8846638202667236,0.05,0.0,0.0,0.3741549583962844,-0.055632369907319255,-0.15926129424448257,-2.07,-4.0,5.08,0.614,0.9325991272926331,0.0,0.03948068618774414,0.0,1.0,7.4,0.34299999999999997,True,True,False
5.905035018920898,forward_005,3.9050350189208984,0.05,0.0,0.0,0.2399827721492203,0.6599526234103559,-0.15489797111449674,-2.07,-4.0,5.08,0.46,0.8235995769500732,0.0,0.04978551156818867,0.0,1.0,7.4,0.34299999999999997,True,True,False
5.9254114627838135,forward_005,3.9254114627838135,0.05,0.0,0.0,0.14835298641951802,0.7428557628800865,0.5257804371632918,-3.65,-3.19,8.41,0.46,0.9339807033538818,0.0,0.09269387647509575,0.0,1.0,7.3,1.105,True,True,False
5.9457783699035645,forward_005,3.9457783699035645,0.05,0.0,0.0,-0.1189005552921137,0.3534291735288517,0.2530727415391778,0.38,-2.2600000000000002,7.97,0.307,0.9087634682655334,0.0,0.0907527320086956,0.0,1.0,7.3,1.105,True,True,False
5.9661993980407715,forward_005,3.9661993980407715,0.05,0.0,0.0,-0.14508049407202864,0.11671889372712078,0.5508695451607103,-2.2800000000000002,-1.86,8.0,0.844,0.9127834439277649,0.0,0.11561981495469809,0.0,1.0,7.3,1.105,True,True,False
5.986677885055542,forward_005,3.986677885055542,0.05,0.0,0.0,-0.055632369907319255,-0.055632369907319255,0.4919646829059016,-2.2800000000000002,-1.86,8.0,1.151,0.9445062279701233,0.0,0.08674662187695503,0.0,1.0,7.3,1.105,True,True,False
6.00705099105835,forward_005,4.00705099105835,0.05,0.0,0.0,-0.061086523819801536,-0.07635815477475191,0.009817477042468103,-3.24,-0.09,8.82,1.381,0.885250985622406,0.0,0.05842724256217479,0.0,1.0,7.3,1.105,True,True,False
6.027421712875366,forward_005,4.027421712875366,0.05,0.0,0.0,0.2181661564992912,-0.15489797111449674,0.007635815477475192,-1.99,-1.31,9.42,1.688,0.9162734746932983,0.0,0.07310254499316216,0.0,1.0,7.3,1.105,True,True,False
6.047796010971069,forward_005,4.047796010971069,0.05,0.0,0.0,0.6599526234103559,-0.44505895925855404,-0.00545415391248228,-2.44,-1.1300000000000001,5.16,1.458,0.9037049412727356,0.0,0.041962023824453354,0.0,1.0,7.3,1.105,True,True,False
6.068233489990234,forward_005,4.068233489990234,0.05,0.0,0.0,1.0210176124166828,-0.8933904108645975,-0.19962203319685143,-1.84,-3.2600000000000002,8.48,1.765,0.9639072418212891,0.07142857142857142,0.07365259900689125,1.0,1.0,7.3,1.105,True,True,False
6.088640928268433,forward_005,4.088640928268433,0.05,0.0,0.0,1.0417433972841155,-0.9992009967667537,-0.4461497900410505,-2.48,-2.68,4.96,1.151,0.9317493438720703,0.0,0.04523968696594238,1.0,1.0,7.3,1.105,True,True,False
6.109016180038452,forward_005,4.109016180038452,0.05,0.0,0.0,1.3340860469931657,-1.2599095537834066,-0.15271630954950383,-1.29,-2.99,8.77,1.074,0.950090229511261,0.07142857142857142,0.033737972378730774,1.0,1.0,7.3,1.105,True,True,False
6.12954568862915,forward_005,4.12954568862915,0.05,0.0,0.0,1.782417498599209,-0.9773843811168246,0.4286964975211072,-1.29,-2.99,8.77,0.9210000000000002,0.939738392829895,0.0,0.02695504203438759,1.0,1.0,7.3,0.973,True,True,False
6.150515079498291,forward_005,4.150515079498291,0.05,0.0,0.0,0.9392053037294485,-0.11671889372712078,-0.33052172709642613,-1.29,-2.99,8.77,1.381,0.9311477541923523,0.0,0.051725758239626884,1.0,1.0,7.3,0.973,True,True,False
6.170997381210327,forward_005,4.170997381210327,0.05,0.0,0.0,0.16144295580947549,-0.7079491778402,-1.241365430480967,-1.29,-2.99,8.77,1.381,0.9638586044311523,0.07142857142857142,0.03485298715531826,1.0,1.0,7.3,0.973,True,True,False
6.1913902759552,forward_005,4.1913902759552,0.05,0.0,0.0,-0.06981317007977318,-0.7657632093125121,-1.1257373675363425,1.83,-0.18,6.4,0.9970000000000001,0.915397047996521,0.0,0.029877634719014168,1.0,0.0,7.3,0.973,True,True,False
6.2117719650268555,forward_005,4.2117719650268555,0.05,0.0,0.0,-0.44833145160604343,-0.46469391334349025,-0.7188574856651645,-0.44,-2.1,3.67,0.9210000000000002,0.9571292996406555,0.07142857142857142,0.03711123391985893,1.0,0.0,7.3,0.973,True,True,False
6.232146739959717,forward_005,4.232146739959717,0.05,0.0,0.0,-0.35997415822383044,-1.1388273369263,-0.14835298641951802,0.79,1.32,7.45,1.381,0.9311379790306091,0.0,0.036991228349506855,1.0,0.0,7.3,0.973,True,True,False
6.252547025680542,forward_005,4.252547025680542,0.05,0.0,0.0,-0.4112432050011639,-1.0733774899765127,0.3043417883165112,1.19,1.53,8.91,1.074,0.9346984028816223,0.0,0.025958310812711716,1.0,0.0,7.3,0.973,True,True,False
6.272923946380615,forward_005,4.272923946380615,0.05,0.0,0.0,-0.5214171140333059,-0.7995789635699022,0.7199483164476609,1.08,3.47,7.42,0.9210000000000002,0.9740728139877319,0.14285714285714285,0.03368489816784859,1.0,0.0,7.3,0.973,True,True,False
6.2932939529418945,forward_005,4.2932939529418945,0.05,0.0,0.0,-0.6326818538479445,-0.8104872713948668,0.6163193921104976,0.73,5.47,9.51,0.6899999999999998,0.9742743968963623,0.14285714285714285,0.02036173176020384,1.0,0.0,7.3,0.973,True,True,False
6.3139331340789795,forward_005,4.3139331340789795,0.05,0.0,0.0,-0.6741334235828098,-0.4788747135159442,0.038179077387375956,0.73,5.47,9.51,0.614,0.9756193161010742,0.14285714285714285,0.0262347012758255,1.0,1.0,7.3,0.973,True,True,False
6.334300994873047,forward_005,4.334300994873047,0.05,0.0,0.0,-0.7079491778402,-0.2181661564992912,-0.3196134192714616,0.01,3.43,9.64,1.074,0.970944344997406,0.14285714285714285,0.0326160304248333,1.0,1.0,7.6,0.162,True,True,False
6.354669570922852,forward_005,4.354669570922852,0.05,0.0,0.0,-0.8213955792198313,-0.07853981633974483,-0.8333947178272924,0.01,3.43,9.64,0.384,0.9484708309173584,0.0,0.08331792242825031,0.0,1.0,7.6,0.162,True,True,False
6.375045537948608,forward_005,4.375045537948608,0.05,0.0,0.0,-1.0995574287564276,0.09053895494720585,-1.1879147221386406,0.01,3.43,9.64,0.614,0.9221631288528442,0.0,0.03346365690231323,0.0,1.0,7.6,0.162,True,True,False
6.395427942276001,forward_005,4.395427942276001,0.05,0.0,0.0,-0.7712173632249943,0.34470252726888007,-0.9970193352017608,0.37,-5.8500000000000005,7.12,0.844,0.8875821232795715,0.0,0.03346302080899477,0.0,1.0,7.6,0.162,True,True,False
6.415923595428467,forward_005,4.415923595428467,0.05,0.0,0.0,-0.5246896063807953,0.6392268385429232,-0.025089107997418487,0.17,-4.84,6.17,1.381,0.8668415546417236,0.0,0.036639075726270676,0.0,1.0,7.6,0.162,True,True,False
6.4363112449646,forward_005,4.4363112449646,0.05,0.0,0.0,-0.37742745074377376,0.5519603759432067,0.40906154343617096,0.17,-4.84,6.17,1.304,0.8794313669204712,0.0,0.019137103110551834,0.0,1.0,7.6,0.162,True,True,False
6.456721305847168,forward_005,4.456721305847168,0.05,0.0,0.0,-0.20943951023931956,1.0210176124166828,0.7864889941799448,0.17,-4.84,6.17,1.151,0.8672322034835815,0.0,0.029116393998265266,0.0,1.0,7.6,0.162,True,True,False
6.477082252502441,forward_005,4.477082252502441,0.05,0.0,0.0,-0.017453292519943295,1.19118721448613,1.3504485087306124,1.23,-3.14,7.86,0.537,0.6916389465332031,0.0,0.04948790371417999,1.0,1.0,7.6,0.162,True,True,False
6.497452020645142,forward_005,4.497452020645142,0.05,0.0,0.0,0.15489797111449674,1.0210176124166828,1.373355955163038,0.68,-1.96,6.91,0.844,0.6548065543174744,0.0,0.039689863100647926,1.0,1.0,7.6,0.162,True,True,False
6.51781702041626,forward_005,4.51781702041626,0.05,0.0,0.0,0.4014257279586958,0.8475755179997463,0.8813912722571364,-0.44,0.18,9.370000000000001,0.9210000000000002,0.7389505505561829,0.0,0.053504616022109985,1.0,1.0,7.6,0.162,True,True,False
6.538183689117432,forward_005,4.538183689117432,0.05,0.0,0.0,0.2694352032766246,0.8857545953871222,-0.05672320068981571,-0.44,0.18,9.370000000000001,0.844,0.7372092604637146,0.0,0.07433793041855097,1.0,1.0,7.2,1.149,True,True,False
6.558553218841553,forward_005,4.558553218841553,0.05,0.0,0.0,0.17562375598192942,0.9675669040743564,-0.459239759431008,-2.43,0.14,7.13,1.381,0.8052494525909424,0.0,0.08534803241491318,1.0,1.0,7.2,1.149,True,True,False
6.578946113586426,forward_005,4.578946113586426,0.05,0.0,0.0,0.6359543461954338,0.6872233929727672,-0.7166758241001716,-1.1500000000000001,0.97,7.8500000000000005,1.6110000000000002,0.8595456480979919,0.0,0.06590423081070185,0.0,1.0,7.2,1.149,True,True,False
6.599318265914917,forward_005,4.599318265914917,0.05,0.0,0.0,0.9675669040743564,0.4341506514335895,-1.0733774899765127,-1.48,0.66,8.55,1.381,0.9460630416870117,0.0,0.03496227692812681,0.0,1.0,7.2,1.149,True,True,False
6.619687795639038,forward_005,4.619687795639038,0.05,0.0,0.0,1.2719086923908676,0.0,-1.0581058590215622,-1.49,-3.5100000000000002,9.08,0.9970000000000001,0.9245641231536865,0.0,0.11441241018474102,1.0,1.0,7.2,1.149,True,True,False
6.640155553817749,forward_005,4.640155553817749,0.05,0.0,0.0,1.227184630308513,-0.16144295580947549,-0.7963064712224128,-1.87,-2.14,8.21,0.9970000000000001,0.9229462146759033,0.0,0.11595145985484123,1.0,1.0,7.2,1.149,True,True,False
6.66053581237793,forward_005,4.66053581237793,0.05,0.0,0.0,1.2642728769133924,-0.12326387842209953,-0.7123125009701857,-1.12,-1.9100000000000001,7.49,1.074,0.9385029673576355,0.0,0.032359818927943707,1.0,0.0,7.2,1.149,True,True,False
6.680904865264893,forward_005,4.680904865264893,0.05,0.0,0.0,0.9588402578143848,-0.14180800172453928,-0.5977752688080579,-1.12,-1.9100000000000001,7.49,0.9970000000000001,0.937038779258728,0.0,0.032462856732308865,1.0,1.0,7.2,1.149,True,True,False
6.7013044357299805,forward_005,4.7013044357299805,0.05,0.0,0.0,0.4232423436086249,-0.19525871006686563,-0.284706834231575,-1.12,-1.9100000000000001,7.49,1.151,0.9793979525566101,0.07142857142857142,0.047766156028956175,1.0,1.0,7.2,1.149,True,True,False
6.721685171127319,forward_005,4.721685171127319,0.05,0.0,0.0,-0.23561944901923448,0.17671458676442586,-0.3763366199612773,-1.12,-1.9100000000000001,7.49,0.844,0.973054826259613,0.07142857142857142,0.04256571875885129,1.0,1.0,7.2,1.149,True,True,False
6.742053985595703,forward_005,4.742053985595703,0.05,0.0,0.0,-0.48432886742842646,0.3817907738737596,-0.8519388411297321,-1.12,-1.9100000000000001,7.49,0.767,0.9581299424171448,0.07142857142857142,0.04552992805838585,1.0,1.0,7.5,0.42000000000000004,True,True,False
6.7624123096466064,forward_005,4.7624123096466064,0.05,0.0,0.0,0.050178215994836975,0.7548549014875475,-0.21489366415180183,-2.84,4.49,7.58,0.614,0.8689182996749878,0.0,0.09081144258379936,1.0,1.0,7.5,0.42000000000000004,True,True,False
6.782776594161987,forward_005,4.782776594161987,0.05,0.0,0.0,0.24870941840919197,0.5497787143782138,-0.5672320068981571,-0.72,-0.72,5.91,0.9970000000000001,0.908899188041687,0.0,0.030387602746486664,1.0,1.0,7.5,0.42000000000000004,True,True,False
6.80316948890686,forward_005,4.80316948890686,0.05,0.0,0.0,0.06872233929727672,0.7733990247899872,-0.9108437033845407,-0.78,-1.06,4.5,1.304,0.9343744516372681,0.0,0.054031964391469955,1.0,1.0,7.5,0.42000000000000004,True,True,False
6.823547601699829,forward_005,4.823547601699829,0.05,0.0,0.0,-0.19416787928436915,0.35561083509384467,-0.4625122517784973,-0.78,-1.06,4.5,1.381,0.9230183959007263,0.0,0.028671273263171315,1.0,1.0,7.5,0.42000000000000004,True,True,False
6.8439109325408936,forward_005,4.8439109325408936,0.05,0.0,0.0,-0.459239759431008,0.45705809786601503,0.025089107997418487,-4.07,-0.08,7.8,1.458,0.9121947884559631,0.0,0.026998011395335197,1.0,1.0,7.5,0.42000000000000004,True,True,False
6.864338159561157,forward_005,4.864338159561157,0.05,0.0,0.0,-0.791943148092427,0.5159629601208237,0.20725784867432664,-3.0500000000000003,1.1300000000000001,7.21,0.9210000000000002,0.9009886384010315,0.0,0.051358744502067566,1.0,1.0,7.5,0.42000000000000004,True,True,False
6.8847572803497314,forward_005,4.8847572803497314,0.05,0.0,0.0,-1.3559026626430948,0.05781403147231216,0.24980024919168842,-1.95,0.73,9.38,0.6899999999999998,0.9579752683639526,0.07142857142857142,0.049301790073513985,1.0,1.0,7.5,0.42000000000000004,True,True,False
6.9051313400268555,forward_005,4.9051313400268555,0.05,0.0,0.0,-1.698423528346982,0.25089107997418486,0.47123889803846897,-1.95,0.73,9.38,0.767,0.9045211672782898,0.0,0.0410365741699934,0.0,1.0,7.5,0.42000000000000004,True,True,False
6.925602197647095,forward_005,4.925602197647095,0.05,0.0,0.0,-1.3809917706405133,0.08835729338221293,0.7821256710499589,-3.33,1.1500000000000001,8.6,0.614,0.9314391613006592,0.0,0.03456331230700016,0.0,1.0,7.5,0.42000000000000004,True,True,False
6.94596266746521,forward_005,4.94596266746521,0.05,0.0,0.0,-0.9424777960769379,-0.07744898555724837,0.4363323129985824,-1.1,-0.55,8.61,0.307,0.9250057339668274,0.0,0.04643961135298014,0.0,1.0,7.4,0.485,True,True,False
6.966319561004639,forward_005,4.966319561004639,0.05,0.0,0.0,-0.8486663487822428,-0.24980024919168842,0.32070425005395803,-0.56,-2.5500000000000003,8.51,0.537,0.936542272567749,0.0,0.019241049885749817,0.0,1.0,7.4,0.485,True,True,False
6.986685752868652,forward_005,4.986685752868652,0.05,0.0,0.0,-0.6643159465403417,-0.20180369476184434,0.6261368691529657,-3.97,-2.88,9.08,0.23,0.9403213858604431,0.0,0.03856923710554838,0.0,1.0,7.4,0.485,True,True,False
7.007080078125,forward_005,5.007080078125,0.05,0.0,0.0,-0.6643159465403417,-0.20180369476184434,0.6261368691529657,-2.72,-2.89,8.08,0.537,0.9429998397827148,0.0,0.017136577516794205,0.0,1.0,7.4,0.485,True,True,False
7.027556896209717,forward_005,5.027556896209717,0.05,0.0,0.0,-0.1930770485018727,-0.06654067773228381,0.4428772976935611,-2.0100000000000002,-2.89,8.08,0.384,0.9195587635040283,0.0,0.022261670557782054,0.0,1.0,7.4,0.485,True,True,False
7.048088073730469,forward_005,5.048088073730469,0.05,0.0,0.0,0.06872233929727672,0.016362461737446838,0.31525009614147576,-2.36,-2.42,8.28,0.384,0.9143049716949463,0.0,0.03091832622885704,0.0,1.0,7.4,0.485,True,True,False
7.0684974193573,forward_005,5.0684974193573,0.05,0.0,0.0,0.21925698728178766,-0.04036073895236887,0.23671027980173096,-0.85,-1.45,8.31,0.614,0.9132611751556396,0.0,0.04182662512175739,0.0,1.0,7.4,0.485,True,True,False
7.0888683795928955,forward_005,5.0888683795928955,0.05,0.0,0.0,0.3665191429188092,-0.13308135546456762,-0.32179508083645453,-2.2,-1.42,8.84,0.307,0.9302762150764465,0.0,0.030280986800789833,0.0,1.0,7.4,0.485,True,True,False
7.109235763549805,forward_005,5.109235763549805,0.05,0.0,0.0,0.39706240482870997,-0.0916297857297023,-0.6708609312353204,-2.91,-2.64,9.44,0.384,0.9655065536499023,0.14285714285714285,0.05396791733801365,1.0,1.0,7.4,0.485,True,True,False
7.129613876342773,forward_005,5.129613876342773,0.05,0.0,0.0,0.46142142099600086,-0.037088246604879506,-0.4799655442984406,-2.77,-1.31,8.6,0.46,0.9762497544288635,0.14285714285714285,0.04095142148435116,1.0,1.0,7.4,0.485,True,True,False
7.14997124671936,forward_005,5.14997124671936,0.05,0.0,0.0,0.42978732830360367,-0.12762720155208535,-0.43524148221608594,-1.55,0.02,8.52,0.384,0.9729259610176086,0.14285714285714285,0.05538188945502043,1.0,1.0,7.5,0.486,True,True,False
7.170575380325317,forward_005,5.170575380325317,0.05,0.0,0.0,0.4701480672559725,-0.33488505022641196,-0.5028729907308662,-1.6600000000000001,0.03,8.5,0.9970000000000001,0.9588003754615784,0.14285714285714285,0.06835795473307371,1.0,1.0,7.5,0.486,True,True,False
7.190934658050537,forward_005,5.190934658050537,0.05,0.0,0.0,0.4756022211684548,-0.3763366199612773,-0.4559672670835186,-2.45,0.23,7.78,1.074,0.9651929140090942,0.14285714285714285,0.035368279088288546,1.0,1.0,7.5,0.486,True,True,False
7.211559534072876,forward_005,5.211559534072876,0.05,0.0,0.0,0.6305001922829515,-0.35015668118136234,-0.3534291735288517,-2.2600000000000002,0.08,7.3100000000000005,0.9970000000000001,0.969200074672699,0.07142857142857142,0.015246444381773472,1.0,1.0,7.5,0.486,True,True,False
7.2319300174713135,forward_005,5.2319300174713135,0.05,0.0,0.0,0.9250245035569946,-0.4112432050011639,-0.40251655874119224,-0.75,-1.84,9.22,1.381,0.9576382040977478,0.07142857142857142,0.041725074872374535,1.0,1.0,7.5,0.486,True,True,False
7.252304553985596,forward_005,5.252304553985596,0.05,0.0,0.0,1.0253809355466685,-0.36106498900632694,-0.5639595145506677,-0.75,-1.84,9.22,1.458,0.9599655866622925,0.07142857142857142,0.0378499161452055,1.0,1.0,7.5,0.486,True,True,False
7.272683382034302,forward_005,5.272683382034302,0.05,0.0,0.0,0.9588402578143848,-0.15162547876700738,-0.6664976081053346,-0.75,-1.84,9.22,0.9970000000000001,0.9611784219741821,0.07142857142857142,0.056036969646811485,1.0,1.0,7.5,0.486,True,True,False
7.293056488037109,forward_005,5.293056488037109,0.05,0.0,0.0,0.631591023065448,0.28907015736156083,-1.22500296874352,-1.4000000000000001,0.9,4.36,0.844,0.9245746731758118,0.0,0.07596246991306543,1.0,1.0,7.5,0.486,True,True,False
7.313510894775391,forward_005,5.313510894775391,0.05,0.0,0.0,0.7024950239277177,-0.41996985126113556,-1.5129822953225844,-1.4000000000000001,0.9,4.36,0.6899999999999998,0.9518362879753113,0.07142857142857142,0.07008871994912624,1.0,1.0,7.5,0.486,True,True,False
7.333897113800049,forward_005,5.333897113800049,0.05,0.0,0.0,0.5868669609830933,-0.06872233929727672,-1.2195488148310378,-0.5,-0.11,7.59,0.9970000000000001,0.9319710731506348,0.0,0.037981820525601506,1.0,1.0,7.5,0.486,True,True,False
7.354269027709961,forward_005,5.354269027709961,0.05,0.0,0.0,0.40251655874119224,-0.47669305195095124,-0.7613998861825263,0.5,-1.3,8.33,1.074,0.968930184841156,0.14285714285714285,0.060659597627818584,1.0,0.0,7.5,0.21100000000000002,True,True,False
7.374645709991455,forward_005,5.374645709991455,0.05,0.0,0.0,0.05672320068981571,-0.5421428989007386,-0.2083486794568231,-1.29,0.51,6.54,1.151,0.9774275422096252,0.14285714285714285,0.022709425538778305,1.0,0.0,7.5,0.21100000000000002,True,True,False
7.395017147064209,forward_005,5.395017147064209,0.05,0.0,0.0,-0.31634092692397225,-0.5606870222031783,0.35561083509384467,-1.56,1.96,7.79,1.381,0.9788113236427307,0.14285714285714285,0.03549487888813019,1.0,1.0,7.5,0.21100000000000002,True,True,False
7.415387392044067,forward_005,5.415387392044067,0.05,0.0,0.0,-0.6163193921104976,-0.3916082509162277,0.9261153343394911,-1.57,2.99,8.040000000000001,1.151,0.9871757626533508,0.14285714285714285,0.04571136273443699,1.0,1.0,7.5,0.21100000000000002,True,True,False
7.435755968093872,forward_005,5.435755968093872,0.05,0.0,0.0,-1.1213740444063567,-0.2792526803190927,0.5530512067257032,0.03,4.51,7.53,0.614,0.9821279644966125,0.14285714285714285,0.036028770729899406,1.0,1.0,7.5,0.21100000000000002,True,True,False
7.4561240673065186,forward_005,5.4561240673065186,0.05,0.0,0.0,-1.4311699866353502,-0.25089107997418486,-0.06435901616729091,0.03,4.51,7.53,0.844,0.9705395102500916,0.14285714285714285,0.02921663224697113,1.0,1.0,7.5,0.21100000000000002,True,True,False
7.476517677307129,forward_005,5.476517677307129,0.05,0.0,0.0,-0.5661411761156606,0.41996985126113556,-0.4788747135159442,-0.18,-0.22,8.72,0.767,0.9194208979606628,0.0,0.04545469768345356,1.0,1.0,7.5,0.21100000000000002,True,True,False
7.496887922286987,forward_005,5.496887922286987,0.05,0.0,0.0,-0.08726646259971647,0.5421428989007386,-0.693768377667746,-1.02,-3.48,6.93,0.537,0.8891756534576416,0.0,0.039837644435465336,1.0,1.0,7.5,0.21100000000000002,True,True,False
7.517293214797974,forward_005,5.517293214797974,0.05,0.0,0.0,0.14835298641951802,0.49960049838337683,-1.150826475533761,-1.02,-3.48,6.93,0.537,0.8653760552406311,0.0,0.03986957482993603,1.0,1.0,7.5,0.21100000000000002,True,True,False
7.537662506103516,forward_005,5.537662506103516,0.05,0.0,0.0,0.1908953869368798,0.7374016089676042,-0.8770279491271507,-2.04,-4.65,8.870000000000001,0.6899999999999998,0.8225495219230652,0.0,0.026843085885047913,1.0,1.0,7.5,0.21100000000000002,True,True,False
7.558133602142334,forward_005,5.558133602142334,0.05,0.0,0.0,0.2748893571891069,0.9981101659842572,-0.28688849579656794,-0.62,-5.79,8.68,0.6899999999999998,0.8101298809051514,0.0,0.07203668670263141,1.0,1.0,7.3,1.032,True,True,False
7.578514337539673,forward_005,5.578514337539673,0.05,0.0,0.0,0.22362031041177347,0.6108652381980153,0.3937899124812206,-2.72,-1.51,8.11,0.767,0.8257371187210083,0.0,0.04086829349398613,1.0,1.0,7.3,1.032,True,True,False
7.59891152381897,forward_005,5.59891152381897,0.05,0.0,0.0,-0.18762289458939044,0.5083271446433485,0.8072147790473774,-2.72,-1.51,8.11,0.844,0.8928065299987793,0.0,0.11559506319463253,1.0,1.0,7.3,1.032,True,True,False
7.6193013191223145,forward_005,5.6193013191223145,0.05,0.0,0.0,-0.3785182815262702,0.5410520681182421,0.8279405639148101,-1.8800000000000001,1.42,8.63,1.304,0.9724204540252686,0.07142857142857142,0.09859905764460564,1.0,1.0,7.3,1.032,True,True,False
7.639688730239868,forward_005,5.639688730239868,0.05,0.0,0.0,-0.34143003492139073,0.39051742013373125,0.8803004414746399,-2.63,1.0,7.49,1.6110000000000002,0.9348156452178955,0.0,0.05857458105310798,0.0,1.0,7.3,1.032,True,True,False
7.660107851028442,forward_005,5.660107851028442,0.05,0.0,0.0,-0.2530727415391778,0.06872233929727672,0.3861540970037454,-3.2600000000000002,1.79,8.57,1.151,0.9231938123703003,0.0,0.048442414961755276,0.0,1.0,7.3,1.032,True,True,False
7.680483818054199,forward_005,5.680483818054199,0.05,0.0,0.0,-0.0818123086872342,-0.05890486225480862,-0.05235987755982989,-3.3000000000000003,0.2,7.46,1.841,0.8304195404052734,0.0,0.022102029062807553,0.0,1.0,7.3,1.032,True,True,False
7.700849771499634,forward_005,5.700849771499634,0.05,0.0,0.0,0.1461713248545251,-0.2879793265790644,-0.27707101875409984,-2.81,-1.55,7.8500000000000005,1.151,0.828128457069397,0.0,0.04740549623966217,0.0,1.0,7.3,1.032,True,True,False
7.721227407455444,forward_005,5.721227407455444,0.05,0.0,0.0,0.6414085001079161,-0.4526947747360292,-0.4985096676008804,-2.71,-3.7600000000000002,7.37,1.227,0.8321593403816223,0.0,0.05604286305606365,0.0,1.0,7.3,1.032,True,True,False
7.741597414016724,forward_005,5.741597414016724,0.05,0.0,0.0,0.7657632093125121,-0.729765793490129,-0.5497787143782138,-1.5,-5.26,9.61,0.9970000000000001,0.809643030166626,0.0,0.07302528992295265,0.0,1.0,7.3,1.032,True,True,False
7.7619616985321045,forward_005,5.7619616985321045,0.05,0.0,0.0,1.040652566501619,-0.9162978572970231,-0.031634092692397225,-1.41,-4.16,7.55,0.9210000000000002,0.9701116681098938,0.07142857142857142,0.05469064600765705,1.0,1.0,7.4,1.059,True,True,False
7.782333850860596,forward_005,5.782333850860596,0.05,0.0,0.0,1.2544553998709245,-0.904298718689562,0.6686792696703275,-1.6600000000000001,-3.3000000000000003,7.38,1.151,0.980574369430542,0.07142857142857142,0.07286690175533295,1.0,1.0,7.4,1.059,True,True,False
7.802797079086304,forward_005,5.802797079086304,0.05,0.0,0.0,1.4049900478554354,-0.7068583470577035,0.8988445647770797,-1.09,-3.33,6.0,1.151,0.9365701079368591,0.0,0.060331250075250864,1.0,1.0,7.4,1.059,True,True,False
7.823167562484741,forward_005,5.823167562484741,0.05,0.0,0.0,1.0133817969392076,-0.5126904677733343,1.0188359508516898,-1.09,-3.33,6.0,1.074,0.9199823141098022,0.0,0.06762686092406511,1.0,1.0,7.4,1.059,True,True,False
7.84355092048645,forward_005,5.84355092048645,0.05,0.0,0.0,0.16144295580947549,0.5857761302005968,-0.23452861823673804,-0.6,7.23,6.58,1.381,0.8246527910232544,0.0,0.08112240862101316,1.0,1.0,7.4,1.059,True,True,False
7.864096641540527,forward_005,5.864096641540527,0.05,0.0,0.0,0.13744467859455345,-0.09381144729469522,-0.6206827152404835,-0.6,7.23,6.58,1.074,0.8715681433677673,0.0,0.047701142728328705,1.0,1.0,7.4,1.059,True,True,False
7.884477138519287,forward_005,5.884477138519287,0.05,0.0,0.0,0.4014257279586958,0.6414085001079161,-1.2959069696057897,-1.02,0.13,5.96,0.9970000000000001,0.8968122005462646,0.0,0.05530281364917755,1.0,0.0,7.4,1.059,True,True,False
7.904951572418213,forward_005,5.904951572418213,0.05,0.0,0.0,0.20507618710933373,0.2378011105842274,-1.117010721276371,0.99,0.45,8.53,0.9970000000000001,0.8606394529342651,0.0,0.041557859629392624,1.0,0.0,7.4,1.059,True,True,False
7.925318956375122,forward_005,5.925318956375122,0.05,0.0,0.0,0.032724923474893676,-0.1734420944169365,-0.7123125009701857,-0.36,0.25,7.3100000000000005,1.534,0.9338831305503845,0.0,0.044708069413900375,1.0,0.0,7.4,1.059,True,True,False
7.94579005241394,forward_005,5.94579005241394,0.05,0.0,0.0,-0.2650718801466388,-0.40906154343617096,-0.3174317577064687,-1.93,0.52,9.18,1.765,0.9636195302009583,0.21428571428571427,0.03144901944324374,1.0,0.0,7.4,1.059,True,True,False
7.96629524230957,forward_005,5.96629524230957,0.05,0.0,0.0,-0.36324665057131983,-0.26070855701665296,0.4854196982109229,-2.05,2.14,8.21,1.304,0.9598004221916199,0.07142857142857142,0.0682022562250495,1.0,0.0,7.6,0.18899999999999997,True,True,False
7.986661195755005,forward_005,5.986661195755005,0.05,0.0,0.0,-1.0275625971116615,-0.3817907738737596,0.2181661564992912,-2.44,4.17,7.3500000000000005,0.9210000000000002,0.9582931399345398,0.07142857142857142,0.04986248863860965,1.0,1.0,7.6,0.18899999999999997,True,True,False
8.00710391998291,stop_after_005,0.007103919982910156,0.0,0.0,0.0,-1.401717555507946,-0.3981532356112064,-0.3785182815262702,0.99,5.83,6.61,0.767,0.7871862649917603,0.0,0.07093495316803455,1.0,1.0,7.6,0.18899999999999997,True,True,False
8.027575492858887,stop_after_005,0.02757549285888672,0.0,0.0,0.0,-1.3340860469931657,-0.45814892864851153,-0.6806784082777885,-2.25,2.87,9.1,0.767,0.8635051250457764,0.0,0.03570834919810295,0.0,1.0,7.6,0.18899999999999997,True,True,False
8.048057079315186,stop_after_005,0.04805707931518555,0.0,0.0,0.0,-1.327541062298187,-0.3785182815262702,-1.1639164449237185,-2.25,2.87,9.1,0.614,0.8334885835647583,0.0,0.0204923078417778,0.0,1.0,7.6,0.18899999999999997,True,True,False
8.068422317504883,stop_after_005,0.06842231750488281,0.0,0.0,0.0,-0.39269908169872414,0.39051742013373125,-1.3788101090755203,-2.57,-1.32,9.66,0.537,0.7931413054466248,0.0,0.02314475178718567,0.0,1.0,7.6,0.18899999999999997,True,True,False
8.088785171508789,stop_after_005,0.08878517150878906,0.0,0.0,0.0,0.011999138607461015,0.1439896632895322,-1.2140946609185554,-3.41,-7.25,8.3,0.46,0.7852863073348999,0.0,0.025037505896762013,0.0,1.0,7.6,0.18899999999999997,True,True,False
8.109166145324707,stop_after_005,0.10916614532470703,0.0,0.0,0.0,0.3785182815262702,0.28688849579656794,-0.4886921905584123,-1.43,-4.0600000000000005,9.44,0.614,0.7601410746574402,0.0,0.03673984110355377,0.0,1.0,7.6,0.18899999999999997,True,True,False
8.129530429840088,stop_after_005,0.1295304298400879,0.0,0.0,0.0,0.29343348049154666,0.3436116964863836,-0.358883327441334,-1.43,-4.0600000000000005,9.44,0.46,0.7875340580940247,0.0,0.017605612985789776,0.0,1.0,7.6,0.18899999999999997,True,True,False
8.149939060211182,stop_after_005,0.14993906021118164,0.0,0.0,0.0,0.18653206380689397,0.4341506514335895,0.08399397025222712,-3.0100000000000002,-1.57,8.0,0.307,0.7869724631309509,0.0,0.04706067033112049,1.0,1.0,7.6,0.18899999999999997,True,True,False
8.17030119895935,stop_after_005,0.17030119895935059,0.0,0.0,0.0,0.1341721862470641,-0.014180800172453928,0.30652344988150415,-0.98,-3.18,7.49,0.384,0.830586850643158,0.0,0.019937490578740835,1.0,1.0,7.5,0.6950000000000002,True,True,False
8.191571950912476,stop_after_005,0.19157195091247559,0.0,0.0,0.0,0.02181661564992912,-0.10799224746714914,0.38069994309126315,-2.35,-0.77,8.39,0.537,0.848768413066864,0.0,0.02293369174003601,1.0,1.0,7.5,0.6950000000000002,True,True,False
8.211941242218018,stop_after_005,0.21194124221801758,0.0,0.0,0.0,0.03381575425739013,-0.2683443724941282,0.272707695624114,-3.0,-0.43,9.42,0.6899999999999998,0.899461567401886,0.0,0.012357836589217186,1.0,1.0,7.5,0.6950000000000002,True,True,False
8.232328653335571,stop_after_005,0.2323286533355713,0.0,0.0,0.0,0.10581058590215622,-0.3392483733563978,0.10471975511965978,-1.46,0.89,8.01,0.6899999999999998,0.9118403196334839,0.0,0.013458777219057083,1.0,1.0,7.5,0.6950000000000002,True,True,False
8.252708673477173,stop_after_005,0.25270867347717285,0.0,0.0,0.0,0.19198621771937624,-0.667588438887831,-0.1090830782496456,-1.46,0.89,8.01,0.767,0.9287409782409668,0.0,0.020627524703741074,1.0,1.0,7.5,0.6950000000000002,True,True,False
8.273181915283203,stop_after_005,0.2731819152832031,0.0,0.0,0.0,0.1734420944169365,-0.8181230868723419,-0.1908953869368798,-0.84,0.47000000000000003,8.47,0.614,0.9250473380088806,0.0,0.00727192685008049,1.0,1.0,7.5,0.6950000000000002,True,True,False
8.293567895889282,stop_after_005,0.2935678958892822,0.0,0.0,0.0,0.05235987755982989,-0.9850201965942997,-0.21598449493429828,-0.99,-0.22,9.0,0.537,0.92256760597229,0.0,0.007920511066913605,1.0,1.0,7.5,0.6950000000000002,True,True,False
8.313940286636353,stop_after_005,0.31394028663635254,0.0,0.0,0.0,-0.13744467859455345,-0.7581273938350369,-0.27379852640661045,-0.92,-0.23,8.75,0.46,0.9248079657554626,0.0,0.005157995969057083,1.0,1.0,7.5,0.6950000000000002,True,True,False
8.334333658218384,stop_after_005,0.3343336582183838,0.0,0.0,0.0,-0.25089107997418486,-0.5563236990731926,-0.2399827721492203,-0.92,-0.23,8.75,0.307,0.9262129664421082,0.0,0.007437530905008316,1.0,1.0,7.5,0.6950000000000002,True,True,False
8.354694843292236,stop_after_005,0.35469484329223633,0.0,0.0,0.0,-0.32179508083645453,-0.2901609881440573,-0.16689710972195776,-0.24,-0.13,9.35,0.153,0.9138659834861755,0.0,0.02151361107826233,1.0,1.0,7.5,0.6950000000000002,True,True,False
8.375056266784668,stop_after_005,0.37505626678466797,0.0,0.0,0.0,-0.33815754257390135,-0.36324665057131983,0.030543261909900768,-0.24,-0.13,9.35,0.23,0.9080641269683838,0.0,0.007058985531330109,1.0,1.0,7.6,0.166,True,True,False
8.39544939994812,stop_after_005,0.3954493999481201,0.0,0.0,0.0,-0.3119776037939864,-0.2585268954516601,0.1308996938995747,-0.48,-0.97,9.42,0.23,0.8981062769889832,0.0,0.013825196772813797,1.0,1.0,7.6,0.166,True,True,False
8.415809869766235,stop_after_005,0.41580986976623535,0.0,0.0,0.0,-0.24434609527920614,-0.21271200258680892,0.1636246173744684,-0.56,-1.18,9.66,0.153,0.8888583779335022,0.0,0.008504041470587254,1.0,1.0,7.6,0.166,True,True,False
8.436352014541626,stop_after_005,0.436352014541626,0.0,0.0,0.0,-0.17562375598192942,-0.2083486794568231,0.09053895494720585,0.0,-1.8900000000000001,9.23,0.307,0.8738169074058533,0.0,0.0038225376047194004,1.0,1.0,7.6,0.166,True,True,False
8.456728458404541,stop_after_005,0.456728458404541,0.0,0.0,0.0,-0.1559888018969932,-0.22580197197676638,-0.08399397025222712,0.18,-2.27,9.34,0.307,0.8766409754753113,0.0,0.005367947742342949,1.0,1.0,7.6,0.166,True,True,False
8.477092027664185,stop_after_005,0.47709202766418457,0.0,0.0,0.0,-0.08944812416470939,-0.20398535632683726,-0.06435901616729091,-0.23,-2.21,9.13,0.307,0.8818007707595825,0.0,0.002780758775770664,1.0,1.0,7.6,0.166,True,True,False
8.497458457946777,stop_after_005,0.49745845794677734,0.0,0.0,0.0,-0.020725784867432664,-0.136353847812057,-0.00545415391248228,-0.41000000000000003,-1.6400000000000001,9.370000000000001,0.23,0.8816769123077393,0.0,0.0054862197721377015,1.0,1.0,7.6,0.166,True,True,False
8.517836332321167,stop_after_005,0.517836332321167,0.0,0.0,0.0,0.032724923474893676,-0.08835729338221293,0.032724923474893676,0.14,-1.27,9.24,0.23,0.8758572340011597,0.0,0.005075575667433441,1.0,1.0,7.6,0.166,True,True,False
8.538207769393921,stop_after_005,0.5382077693939209,0.0,0.0,0.0,0.061086523819801536,-0.044724062082354694,-0.006544984694978736,0.34,-0.64,9.3,0.23,0.8817523717880249,0.0,0.004422637619427405,1.0,1.0,7.6,0.166,True,True,False
8.558574914932251,stop_after_005,0.558574914932251,0.0,0.0,0.0,0.05781403147231216,-0.05999569303730508,-0.00545415391248228,0.25,-0.31,9.44,0.23,0.8880581259727478,0.0,0.0017930716276168823,1.0,1.0,7.6,0.166,True,True,False
8.578934907913208,stop_after_005,0.578934907913208,0.0,0.0,0.0,0.037088246604879506,-0.055632369907319255,0.013089969389957472,0.0,-0.23,9.28,0.307,0.8929640650749207,0.0,0.003519231453537941,1.0,1.0,7.6,0.21400000000000002,True,True,False
8.599305868148804,stop_after_005,0.5993058681488037,0.0,0.0,0.0,-0.02181661564992912,-0.03490658503988659,-0.03490658503988659,-0.09,-0.42,9.25,0.153,0.8983353972434998,0.0,0.004078191705048084,1.0,1.0,7.6,0.21400000000000002,True,True,False
8.619672060012817,stop_after_005,0.6196720600128174,0.0,0.0,0.0,-0.06981317007977318,0.026179938779914945,-0.06326818538479445,-0.02,-1.04,9.73,0.23,0.8978720903396606,0.0,0.0056205615401268005,1.0,1.0,7.6,0.21400000000000002,True,True,False
8.64004397392273,stop_after_005,0.6400439739227295,0.0,0.0,0.0,-0.09272061651219876,0.04690572364734761,-0.009817477042468103,-0.05,-1.0,9.25,0.23,0.8938196301460266,0.0,0.00428779236972332,1.0,1.0,7.6,0.21400000000000002,True,True,False
8.660628080368042,stop_after_005,0.660628080368042,0.0,0.0,0.0,-0.10253809355466686,0.06544984694978735,0.01090830782496456,-0.56,-1.61,9.22,0.23,0.8938769102096558,0.0,0.004241039976477623,1.0,1.0,7.6,0.21400000000000002,True,True,False
8.680994510650635,stop_after_005,0.6809945106506348,0.0,0.0,0.0,-0.07635815477475191,0.03490658503988659,0.07090400086226964,-0.3,-1.61,9.22,0.23,0.8929699659347534,0.0,0.0038420669734477997,1.0,1.0,7.6,0.21400000000000002,True,True,False
8.701378583908081,stop_after_005,0.701378583908081,0.0,0.0,0.0,-0.04036073895236887,0.026179938779914945,0.13962634015954636,-0.24,-1.25,8.72,0.23,0.8889397382736206,0.0,0.003377433866262436,1.0,1.0,7.6,0.21400000000000002,True,True,False
8.721745014190674,stop_after_005,0.7217450141906738,0.0,0.0,0.0,-0.011999138607461015,0.007635815477475192,0.11562806294462433,-0.36,-0.98,9.21,0.23,0.892667829990387,0.0,0.0018381476402282715,1.0,1.0,7.6,0.21400000000000002,True,True,False
8.742119073867798,stop_after_005,0.7421190738677979,0.0,0.0,0.0,-0.002181661564992912,-0.01090830782496456,0.031634092692397225,-0.61,-1.09,9.13,0.23,0.8959609866142273,0.0,0.002491481602191925,1.0,1.0,7.6,0.21400000000000002,True,True,False
8.762499332427979,stop_after_005,0.7624993324279785,0.0,0.0,0.0,0.014180800172453928,-0.01090830782496456,0.008726646259971648,-0.33,-0.45,9.14,0.153,0.8958598971366882,0.0,0.0016878359019756317,1.0,1.0,7.6,0.21400000000000002,True,True,False
8.78297734260559,stop_after_005,0.7829773426055908,0.0,0.0,0.0,0.01090830782496456,0.002181661564992912,-0.12871803233458182,-0.17,-0.67,9.25,0.153,0.8991311192512512,0.0,0.003975667059421539,1.0,1.0,7.6,0.187,True,True,False
8.803390741348267,stop_after_005,0.8033907413482666,0.0,0.0,0.0,0.028361600344907856,-0.0272707695624114,-0.13962634015954636,-0.14,-0.97,9.43,0.077,0.8986738920211792,0.0,0.00219600647687912,1.0,1.0,7.6,0.187,True,True,False
8.823776960372925,stop_after_005,0.8237769603729248,0.0,0.0,0.0,0.022907446432425576,0.026179938779914945,-0.07308566242726255,-0.46,-1.37,9.200000000000001,0.077,0.8934891223907471,0.0,0.0016379095613956451,1.0,1.0,7.6,0.187,True,True,False
8.844144582748413,stop_after_005,0.8441445827484131,0.0,0.0,0.0,-0.019634954084936207,-0.017453292519943295,-0.01090830782496456,-0.9,-1.18,9.36,0.153,0.8936730623245239,0.0,0.0017707496881484985,1.0,1.0,7.6,0.187,True,True,False
8.864519119262695,stop_after_005,0.8645191192626953,0.0,0.0,0.0,-0.02399827721492203,-0.04799655442984406,0.07417649320975901,-0.41000000000000003,-0.9400000000000001,8.69,0.077,0.889369785785675,0.0,0.0036010146141052246,1.0,1.0,7.6,0.187,True,True,False
8.884882688522339,stop_after_005,0.8848826885223389,0.0,0.0,0.0,-0.031634092692397225,-0.1090830782496456,0.12980886311707826,-0.41000000000000003,-0.9400000000000001,8.69,0.077,0.8880712389945984,0.0,0.0019304528832435608,1.0,1.0,7.6,0.187,True,True,False
8.905364274978638,stop_after_005,0.9053642749786377,0.0,0.0,0.0,-0.05890486225480862,-0.1505346479845109,0.3392483733563978,-0.15,-1.27,9.49,0.23,0.8768091797828674,0.0,0.005593433976173401,1.0,1.0,7.6,0.187,True,True,False
8.92576813697815,stop_after_005,0.9257681369781494,0.0,0.0,0.0,-0.016362461737446838,-0.1407171709420428,0.3937899124812206,0.1,-0.72,9.42,0.153,0.8691935539245605,0.0,0.001934044063091278,1.0,1.0,7.6,0.187,True,True,False
8.946125745773315,stop_after_005,0.9461257457733154,0.0,0.0,0.0,0.030543261909900768,-0.08508480103472356,0.4243331743911214,-0.18,-0.96,9.19,0.077,0.8620023727416992,0.0,0.0018871873617172241,1.0,1.0,7.6,0.187,True,True,False
8.96650743484497,stop_after_005,0.9665074348449707,0.0,0.0,0.0,-0.02945243112740431,-0.09708393964218458,0.557414529855689,-0.33,-1.03,9.42,0.077,0.844508171081543,0.0,0.006164528429508209,1.0,1.0,7.6,0.187,True,True,False
8.986867427825928,stop_after_005,0.9868674278259277,0.0,0.0,0.0,-0.07744898555724837,-0.08072147790473774,0.767944870877505,0.07,-0.71,9.18,0.077,0.813929557800293,0.0,0.00752972555346787,1.0,1.0,7.6,0.24000000000000002,True,True,False
9.007270574569702,stop_after_005,1.0072705745697021,0.0,0.0,0.0,-0.05345070834232634,-0.11562806294462433,0.9435686268594344,-0.46,-0.6900000000000001,9.09,0.153,0.8043071627616882,0.0,0.007006815634667873,1.0,1.0,7.6,0.24000000000000002,True,True,False
9.0276517868042,stop_after_005,1.0276517868041992,0.0,0.0,0.0,-0.09926560120717749,-0.24870941840919197,1.1900963837036334,0.26,-0.9500000000000001,9.28,0.23,0.7824134230613708,0.0,0.011967431753873825,1.0,1.0,7.6,0.24000000000000002,True,True,False
9.048175573348999,stop_after_005,1.048175573348999,0.0,0.0,0.0,-0.12435470920459599,-0.2650718801466388,1.36353847812057,-0.15,-0.8300000000000001,8.91,0.153,0.7871471643447876,0.0,0.007991064339876175,1.0,1.0,7.6,0.24000000000000002,True,True,False
9.068554878234863,stop_after_005,1.0685548782348633,0.0,0.0,0.0,-0.1341721862470641,-0.3534291735288517,1.3962634015954636,0.2,-1.22,9.23,0.153,0.7914478182792664,0.0,0.006186617538332939,1.0,1.0,7.6,0.24000000000000002,True,True,False
9.088918447494507,stop_after_005,1.0889184474945068,0.0,0.0,0.0,-0.11671889372712078,-0.39706240482870997,1.4180800172453927,0.66,-1.43,9.53,0.537,0.7960234880447388,0.0,0.0047487542033195496,1.0,1.0,7.6,0.24000000000000002,True,True,False
9.109285116195679,stop_after_005,1.1092851161956787,0.0,0.0,0.0,-0.09490227807719166,-0.3959715740462135,1.413716694115407,0.78,-1.92,7.58,0.384,0.8031214475631714,0.0,0.008826296776533127,1.0,1.0,7.6,0.24000000000000002,True,True,False
9.129657506942749,stop_after_005,1.129657506942749,0.0,0.0,0.0,0.03381575425739013,-0.5115996369908379,1.6089754041822726,0.93,-1.75,9.46,0.307,0.8094763159751892,0.0,0.016684341244399548,1.0,1.0,7.6,0.24000000000000002,True,True,False
9.150032997131348,stop_after_005,1.1500329971313477,0.0,0.0,0.0,0.02945243112740431,-0.36979163526629855,1.7169676516494217,0.93,-1.75,9.46,0.307,0.8246880173683167,0.0,0.006390726193785667,1.0,1.0,7.6,0.24000000000000002,True,True,False
9.170388221740723,stop_after_005,1.1703882217407227,0.0,0.0,0.0,0.05781403147231216,-0.26070855701665296,1.6558811278296202,0.6,-0.75,8.68,0.307,0.8223291039466858,0.0,0.006957049481570721,1.0,1.0,7.6,0.24000000000000002,True,True,False
9.190871953964233,stop_after_005,1.1908719539642334,0.0,0.0,0.0,0.10471975511965978,-0.14508049407202864,1.7475109135593225,0.6,-0.75,8.68,0.23,0.8379836082458496,0.0,0.005099982023239136,1.0,1.0,7.6,0.31600000000000006,True,True,False
9.211588859558105,stop_after_005,1.2115888595581055,0.0,0.0,0.0,0.002181661564992912,0.05235987755982989,1.6209745427897335,0.6,-0.75,8.68,0.23,0.8525222539901733,0.0,0.010060101747512817,1.0,1.0,7.6,0.31600000000000006,True,True,False
9.23200249671936,stop_after_005,1.2320024967193604,0.0,0.0,0.0,0.003272492347489368,0.01090830782496456,1.4704398948052226,1.09,-1.93,9.25,0.153,0.8608905076980591,0.0,0.004778973758220673,1.0,1.0,7.6,0.31600000000000006,True,True,False
9.25245976448059,stop_after_005,1.2524597644805908,0.0,0.0,0.0,0.04145156973486533,0.028361600344907856,1.4966198335851375,0.92,-1.85,9.59,0.23,0.8588181138038635,0.0,0.0027065593749284744,1.0,1.0,7.6,0.31600000000000006,True,True,False
9.273776054382324,stop_after_005,1.2737760543823242,0.0,0.0,0.0,0.030543261909900768,0.08290313946973066,1.4464416175903005,0.23,-1.07,9.26,0.307,0.8456071615219116,0.0,0.007019428536295891,1.0,1.0,7.6,0.31600000000000006,True,True,False
9.294155836105347,stop_after_005,1.2941558361053467,0.0,0.0,0.0,0.11562806294462433,0.04036073895236887,1.3591751549905842,-0.02,-1.08,9.76,0.153,0.8358525037765503,0.0,0.004184626042842865,1.0,1.0,7.6,0.31600000000000006,True,True,False
9.314526319503784,stop_after_005,1.3145263195037842,0.0,0.0,0.0,0.15817046346198613,0.09817477042468103,1.2435470920459597,0.16,-0.48,9.02,0.153,0.8290358781814575,0.0,0.006997589021921158,1.0,1.0,7.6,0.31600000000000006,True,True,False
9.33522629737854,stop_after_005,1.33522629737854,0.0,0.0,0.0,0.07635815477475191,0.12544553998709243,1.088649120931463,-0.11,-0.4,8.790000000000001,0.153,0.8250115513801575,0.0,0.005189746618270874,1.0,1.0,7.6,0.31600000000000006,True,True,False
9.35560941696167,stop_after_005,1.35560941696167,0.0,0.0,0.0,0.055632369907319255,0.18216874067690814,1.002473489114243,-0.64,-0.46,8.870000000000001,0.23,0.8106657862663269,0.0,0.005250860005617142,1.0,1.0,7.6,0.31600000000000006,True,True,False
9.375971555709839,stop_after_005,1.3759715557098389,0.0,0.0,0.0,0.04363323129985824,0.16798794050445423,0.9097528726020443,-0.04,-0.88,9.290000000000001,0.23,0.8164037466049194,0.0,0.00443422794342041,1.0,1.0,7.6,0.31600000000000006,True,True,False
9.39633846282959,stop_after_005,1.3963384628295898,0.0,0.0,0.0,0.055632369907319255,0.22143864884678055,0.878118779909647,-0.6,-1.4000000000000001,9.18,0.23,0.804741621017456,0.0,0.005088631063699722,1.0,1.0,7.6,0.21900000000000003,True,True,False
9.416717052459717,stop_after_005,1.4167170524597168,0.0,0.0,0.0,0.0916297857297023,0.13853550937704992,0.9239336727744982,-0.5,-1.41,9.13,0.23,0.8043031692504883,0.0,0.0027587413787841797,1.0,1.0,7.6,0.21900000000000003,True,True,False
9.437081813812256,stop_after_005,1.4370818138122559,0.0,0.0,0.0,0.09708393964218458,-0.0272707695624114,1.0090184738092218,-0.34,-0.47000000000000003,9.14,0.153,0.7969841957092285,0.0,0.005707338452339172,1.0,1.0,7.6,0.21900000000000003,True,True,False
9.457441806793213,stop_after_005,1.457441806793213,0.0,0.0,0.0,0.05999569303730508,-0.038179077387375956,1.0068368122442288,-0.66,-0.41000000000000003,9.14,0.153,0.7851610779762268,0.0,0.005398258566856384,1.0,1.0,7.6,0.21900000000000003,True,True,False
9.47783374786377,stop_after_005,1.4778337478637695,0.0,0.0,0.0,-0.05126904677733343,-0.02399827721492203,0.9359328113819593,-0.8300000000000001,-0.6900000000000001,9.09,0.23,0.7899742126464844,0.0,0.004392340779304504,1.0,1.0,7.6,0.21900000000000003,True,True,False
9.498194456100464,stop_after_005,1.4981944561004639,0.0,0.0,0.0,-0.1189005552921137,0.05235987755982989,0.7930339788749234,-0.67,-1.09,9.1,0.153,0.7875508069992065,0.0,0.003998056054115295,1.0,1.0,7.6,0.21900000000000003,True,True,False
9.518572807312012,stop_after_005,1.5185728073120117,0.0,0.0,0.0,-0.1308996938995747,0.10799224746714914,0.5901394533305827,-0.9,-1.1,9.0,0.23,0.7992103695869446,0.0,0.006815914064645767,1.0,1.0,7.6,0.21900000000000003,True,True,False
9.538941860198975,stop_after_005,1.5389418601989746,0.0,0.0,0.0,-0.11453723216212788,0.050178215994836975,0.34797501961636945,-1.01,-1.16,9.36,0.307,0.8226280212402344,0.0,0.008156461641192436,1.0,1.0,7.6,0.21900000000000003,True,True,False
9.559337854385376,stop_after_005,1.559337854385376,0.0,0.0,0.0,-0.05781403147231216,0.04690572364734761,0.08508480103472356,-1.08,-1.09,9.13,0.153,0.8454956412315369,0.0,0.009226016933098435,1.0,1.0,7.6,0.21900000000000003,True,True,False
9.579705238342285,stop_after_005,1.5797052383422852,0.0,0.0,0.0,0.030543261909900768,0.0545415391248228,-0.16580627893946132,-1.31,-1.2,8.98,0.153,0.8713539838790894,0.0,0.00685708224773407,1.0,1.0,7.6,0.21900000000000003,True,True,False
9.600217342376709,stop_after_005,1.600217342376709,0.0,0.0,0.0,0.136353847812057,0.05235987755982989,-0.3174317577064687,-1.07,-1.33,8.950000000000001,0.23,0.888603925704956,0.0,0.00608363002538681,1.0,1.0,7.6,0.23,True,True,False
9.620592594146729,stop_after_005,1.6205925941467285,0.0,0.0,0.0,0.11344640137963143,0.04581489286485115,-0.30543261909900765,-1.07,-1.33,8.950000000000001,0.307,0.8961143493652344,0.0,0.0033388957381248474,1.0,1.0,7.6,0.23,True,True,False
9.6409752368927,stop_after_005,1.6409752368927002,0.0,0.0,0.0,0.11017390903214205,-0.04036073895236887,-0.08399397025222712,0.15,-0.05,8.38,0.23,0.8944627642631531,0.0,0.009916028007864952,1.0,1.0,7.6,0.23,True,True,False
9.661368608474731,stop_after_005,1.6613686084747314,0.0,0.0,0.0,0.10581058590215622,-0.17671458676442586,-0.013089969389957472,0.2,-0.35000000000000003,9.01,0.23,0.9061470627784729,0.0,0.003355192020535469,1.0,1.0,7.6,0.23,True,True,False
9.681748151779175,stop_after_005,1.6817481517791748,0.0,0.0,0.0,0.07308566242726255,-0.1265363707695889,0.18653206380689397,-0.58,-0.08,9.23,0.23,0.9018132090568542,0.0,0.005487380549311638,1.0,1.0,7.6,0.23,True,True,False
9.702121257781982,stop_after_005,1.7021212577819824,0.0,0.0,0.0,-0.017453292519943295,-0.12435470920459599,0.32506757318394386,-0.14,-0.29,8.67,0.153,0.8890124559402466,0.0,0.004351712763309479,1.0,1.0,7.6,0.23,True,True,False
9.722501516342163,stop_after_005,1.722501516342163,0.0,0.0,0.0,-0.12871803233458182,-0.05345070834232634,0.39924406639370286,0.0,0.22,9.450000000000001,0.153,0.880612850189209,0.0,0.0038682296872138977,1.0,1.0,7.6,0.23,True,True,False
9.742886066436768,stop_after_005,1.7428860664367676,0.0,0.0,0.0,-0.18980455615438332,-0.03381575425739013,0.30870511144649704,-0.61,-0.09,9.57,0.153,0.8834953308105469,0.0,0.0023622065782546997,1.0,1.0,7.6,0.23,True,True,False
9.763277053833008,stop_after_005,1.7632770538330078,0.0,0.0,0.0,-0.13962634015954636,0.003272492347489368,0.14944381720201447,-0.54,-0.25,8.85,0.153,0.8893806338310242,0.0,0.0030602740589529276,1.0,1.0,7.6,0.23,True,True,False
9.78376579284668,stop_after_005,1.7837657928466797,0.0,0.0,0.0,-0.12871803233458182,-0.04581489286485115,-0.050178215994836975,-0.63,-1.58,9.02,0.23,0.8986197113990784,0.0,0.004297565668821335,1.0,1.0,7.6,0.23,True,True,False
9.804142236709595,stop_after_005,1.8041422367095947,0.0,0.0,0.0,-0.13526301702956053,-0.05781403147231216,-0.03381575425739013,-0.29,-1.82,9.370000000000001,0.23,0.8974940180778503,0.0,0.0021131932735443115,1.0,1.0,7.6,0.14300000000000002,True,True,False
9.82453966140747,stop_after_005,1.8245396614074707,0.0,0.0,0.0,-0.1308996938995747,-0.1341721862470641,-0.08508480103472356,-0.21,-1.94,9.01,0.153,0.902152419090271,0.0,0.0032391883432865143,1.0,1.0,7.6,0.14300000000000002,True,True,False
9.844915390014648,stop_after_005,1.8449153900146484,0.0,0.0,0.0,-0.016362461737446838,-0.2301652951067522,-0.06763150851478027,-0.33,-1.69,8.870000000000001,0.077,0.9070482850074768,0.0,0.0041227787733078,1.0,1.0,7.6,0.14300000000000002,True,True,False
9.865289211273193,stop_after_005,1.8652892112731934,0.0,0.0,0.0,-0.030543261909900768,-0.24980024919168842,-0.037088246604879506,-0.31,-1.05,9.25,0.077,0.9068014025688171,0.0,0.001748606562614441,1.0,1.0,7.6,0.14300000000000002,True,True,False
9.885768175125122,stop_after_005,1.885768175125122,0.0,0.0,0.0,-0.032724923474893676,-0.2399827721492203,-0.022907446432425576,0.13,-0.61,9.26,0.153,0.9044632911682129,0.0,0.001429874449968338,1.0,1.0,7.6,0.14300000000000002,True,True,False
9.906136751174927,stop_after_005,1.9061367511749268,0.0,0.0,0.0,-0.002181661564992912,-0.18653206380689397,0.022907446432425576,0.23,-0.4,9.120000000000001,0.077,0.8998739719390869,0.0,0.0017255917191505432,1.0,1.0,7.6,0.14300000000000002,True,True,False
9.926506519317627,stop_after_005,1.926506519317627,0.0,0.0,0.0,-0.05235987755982989,-0.18216874067690814,-0.014180800172453928,0.25,-0.48,9.35,0.0,0.8981125354766846,0.0,0.001256156712770462,1.0,1.0,7.6,0.14300000000000002,True,True,False
9.946872472763062,stop_after_005,1.9468724727630615,0.0,0.0,0.0,-0.06872233929727672,-0.14944381720201447,-0.0272707695624114,0.23,-0.8200000000000001,9.44,0.077,0.8951482176780701,0.0,0.0006249882280826569,1.0,1.0,7.6,0.14300000000000002,True,True,False
9.967251300811768,stop_after_005,1.9672513008117676,0.0,0.0,0.0,-0.06217735460229799,-0.11999138607461016,-0.022907446432425576,0.38,-1.1500000000000001,9.290000000000001,0.077,0.8912315368652344,0.0,0.0014254339039325714,1.0,1.0,7.6,0.14300000000000002,True,True,False
9.98763918876648,stop_after_005,1.9876391887664795,0.0,0.0,0.0,-0.06326818538479445,-0.09272061651219876,-0.05235987755982989,0.41000000000000003,-1.42,9.3,0.0,0.8893773555755615,0.0,0.000776093453168869,1.0,1.0,7.6,0.14300000000000002,True,True,False
10.008009195327759,forward_010,0.008009195327758789,0.1,0.0,0.0,-0.04036073895236887,-0.06872233929727672,-0.06217735460229799,0.45,-1.93,9.22,0.077,0.8082325458526611,0.0,0.14857128635048866,1.0,1.0,7.6,0.14200000000000002,True,True,False
10.028379201889038,forward_010,0.028379201889038086,0.1,0.0,0.0,-0.017453292519943295,-0.06217735460229799,-0.00545415391248228,0.46,-1.53,9.25,0.0,0.8924183249473572,0.0,0.05546619463711977,1.0,1.0,7.6,0.14200000000000002,True,True,False
10.048757314682007,forward_010,0.048757314682006836,0.1,0.0,0.0,0.017453292519943295,-0.02399827721492203,-0.022907446432425576,0.38,-1.49,9.33,0.307,0.9151108264923096,0.0,0.07173477485775948,1.0,1.0,7.6,0.14200000000000002,True,True,False
10.06912875175476,forward_010,0.06912875175476074,0.1,0.0,0.0,0.04036073895236887,0.020725784867432664,-0.00545415391248228,0.61,-1.23,9.34,0.9210000000000002,0.9058744311332703,0.0,0.10916931182146072,1.0,1.0,7.6,0.14200000000000002,True,True,False
10.08951735496521,forward_010,0.08951735496520996,0.1,0.0,0.0,0.22143864884678055,0.13526301702956053,-0.06763150851478027,0.61,-1.23,9.34,1.688,0.8935074806213379,0.0,0.04745403490960598,1.0,1.0,7.6,0.14200000000000002,True,True,False
10.110011577606201,forward_010,0.11001157760620117,0.1,0.0,0.0,0.6523168079328807,0.49632800603588745,-0.42215151282612845,0.61,-1.23,9.34,1.918,0.8835517764091492,0.0,0.07158139534294605,1.0,1.0,7.6,0.14200000000000002,True,True,False
10.1303870677948,forward_010,0.1303870677947998,0.1,0.0,0.0,0.7984881327874057,0.6708609312353204,-0.8868454261696187,1.0,-2.14,9.540000000000001,1.381,0.923275887966156,0.0,0.10049157403409481,1.0,1.0,7.6,0.14200000000000002,True,True,False
10.15075969696045,forward_010,0.15075969696044922,0.1,0.0,0.0,0.6250460383704692,0.9130253649495337,-1.4769848795002014,1.0,-2.14,9.540000000000001,1.381,0.9765449166297913,0.07142857142857142,0.10376641899347305,1.0,1.0,7.6,0.14200000000000002,True,True,False
10.171144008636475,forward_010,0.1711440086364746,0.1,0.0,0.0,0.7581273938350369,1.05265170510908,-1.7071501746069535,-0.86,-1.3800000000000001,9.700000000000001,0.767,0.9730932712554932,0.07142857142857142,0.10558740049600601,1.0,1.0,7.6,0.14200000000000002,True,True,False
10.191525936126709,forward_010,0.19152593612670898,0.1,0.0,0.0,0.7548549014875475,1.1824605682261582,-1.7736908523392374,-1.19,-0.43,9.05,0.844,0.9338334202766418,0.0,0.0464044027030468,1.0,0.0,7.6,0.14200000000000002,True,True,False
10.211977243423462,forward_010,0.21197724342346191,0.1,0.0,0.0,0.32288591161895097,0.8857545953871222,-1.646063650787152,1.45,-1.1400000000000001,8.74,1.6110000000000002,0.7402123212814331,0.0,0.07189993560314178,1.0,0.0,7.4,0.52,True,True,False
10.233385801315308,forward_010,0.23338580131530762,0.1,0.0,0.0,-0.10799224746714914,0.1636246173744684,-0.878118779909647,1.69,-2.5500000000000003,5.7,2.148,0.8011298179626465,0.0,0.10481804981827736,1.0,1.0,7.4,0.52,True,True,False
10.253766059875488,forward_010,0.2537660598754883,0.1,0.0,0.0,-0.1308996938995747,-0.32834006553143325,0.3763366199612773,-1.28,0.36,3.2,1.227,0.8409069180488586,0.0,0.08874808624386787,1.0,1.0,7.4,0.52,True,True,False
10.274152755737305,forward_010,0.2741527557373047,0.1,0.0,0.0,-0.6686792696703275,-0.3948807432637171,1.1671889372712079,-4.53,7.69,8.2,0.844,0.908962607383728,0.0,0.08272841386497021,1.0,1.0,7.4,0.52,True,True,False
10.294523239135742,forward_010,0.2945232391357422,0.1,0.0,0.0,-1.27736284630335,-0.5890486225480862,-0.358883327441334,-4.53,7.69,8.2,0.9970000000000001,0.9473714232444763,0.0,0.04338711965829134,0.0,1.0,7.4,0.52,True,True,False
10.314982175827026,forward_010,0.31498217582702637,0.1,0.0,0.0,-0.9130253649495337,-0.10035643198967395,-0.918479518862016,-4.53,7.69,8.2,1.534,0.8579787611961365,0.0,0.039435949176549905,0.0,1.0,7.4,0.52,True,True,False
10.335347652435303,forward_010,0.33534765243530273,0.1,0.0,0.0,-0.210530341021816,0.3119776037939864,0.15707963267948966,1.6400000000000001,0.0,3.88,1.458,0.8762609958648682,0.0,0.08246449939906597,1.0,1.0,7.4,0.52,True,True,False
10.355724573135376,forward_010,0.355724573135376,0.1,0.0,0.0,0.22471114119426994,0.2999784651865254,-0.1832595714594046,1.02,-0.14,3.13,1.074,0.8587586283683777,0.0,0.04725535959005356,0.0,1.0,7.4,0.52,True,True,False
10.376101016998291,forward_010,0.376101016998291,0.1,0.0,0.0,0.24107360293171676,0.29888763440402893,-0.7668540400950086,1.02,-0.14,3.13,0.767,0.8738158345222473,0.0,0.05089439731091261,1.0,1.0,7.4,0.52,True,True,False
10.396467208862305,forward_010,0.3964672088623047,0.1,0.0,0.0,0.433059820651093,0.8224864100023278,0.29670597283903605,-1.6500000000000001,-4.42,4.86,0.767,0.7832585573196411,0.0,0.14682570099830627,1.0,1.0,7.4,0.52,True,True,False
10.416924476623535,forward_010,0.41692447662353516,0.1,0.0,0.0,0.061086523819801536,0.7810348402674625,0.9970193352017608,-0.84,1.47,6.25,0.9210000000000002,0.9678366184234619,0.07142857142857142,0.092563446611166,1.0,1.0,7.2,1.5390000000000001,True,True,False
10.437281847000122,forward_010,0.43728184700012207,0.1,0.0,0.0,-0.11126473981463851,0.5170537909033202,-0.1090830782496456,-0.84,1.47,6.25,0.9210000000000002,0.9596752524375916,0.07142857142857142,0.08879013545811176,1.0,1.0,7.2,1.5390000000000001,True,True,False
10.457748413085938,forward_010,0.4577484130859375,0.1,0.0,0.0,0.07090400086226964,0.2977968036215325,0.09817477042468103,-1.16,0.0,9.32,1.458,0.8515285849571228,0.0,0.04572286084294319,0.0,1.0,7.2,1.5390000000000001,True,True,False
10.478157758712769,forward_010,0.47815775871276855,0.1,0.0,0.0,0.14508049407202864,-0.05890486225480862,-0.10690141668465268,-2.1,0.03,6.05,1.841,0.8536357283592224,0.0,0.023238059133291245,0.0,1.0,7.2,1.5390000000000001,True,True,False
10.498530626296997,forward_010,0.49853062629699707,0.1,0.0,0.0,0.5115996369908379,-0.39051742013373125,-0.4559672670835186,-2.85,0.56,8.27,1.765,0.9464962482452393,0.0,0.11363477259874344,0.0,1.0,7.2,1.5390000000000001,True,True,False
10.51888918876648,forward_010,0.5188891887664795,0.1,0.0,0.0,1.0897399517139594,-0.35124751196385884,-0.7243116395776468,-2.9,-3.5300000000000002,9.65,1.534,0.9609910845756531,0.07142857142857142,0.10273021087050438,1.0,1.0,7.2,1.5390000000000001,True,True,False
10.539258003234863,forward_010,0.5392580032348633,0.1,0.0,0.0,1.347176016383123,-0.43196898986859655,-0.5792311455056182,-1.08,-4.61,7.46,0.9970000000000001,0.9734953045845032,0.07142857142857142,0.05249993875622749,1.0,1.0,7.2,1.5390000000000001,True,True,False
10.559622526168823,forward_010,0.5596225261688232,0.1,0.0,0.0,1.5926129424448257,-0.9010262263420726,0.07635815477475191,0.73,-4.53,6.17,1.074,0.9598026871681213,0.07142857142857142,0.046442244201898575,1.0,1.0,7.2,1.5390000000000001,True,True,False
10.580169677734375,forward_010,0.580169677734375,0.1,0.0,0.0,1.3286318930806833,-0.8072147790473774,0.39706240482870997,0.73,-4.53,6.17,1.074,0.9198660850524902,0.0,0.04201974347233772,1.0,1.0,7.2,1.5390000000000001,True,True,False
10.600543975830078,forward_010,0.6005439758300781,0.1,0.0,0.0,0.35561083509384467,-0.32834006553143325,-0.3785182815262702,0.73,-4.53,6.17,1.227,0.9430925846099854,0.0,0.0925505943596363,1.0,1.0,7.2,1.5390000000000001,True,True,False
10.620910882949829,forward_010,0.6209108829498291,0.1,0.0,0.0,-0.26070855701665296,-0.24216443371421323,-1.1453723216212788,0.73,-4.53,6.17,1.304,0.9522191882133484,0.07142857142857142,0.046593718230724335,1.0,1.0,7.4,0.72,True,True,False
10.641518831253052,forward_010,0.6415188312530518,0.1,0.0,0.0,0.08290313946973066,-0.1407171709420428,-1.153008137098754,0.73,-4.53,6.17,0.844,0.9193114042282104,0.0,0.06311435019597411,1.0,1.0,7.4,0.72,True,True,False
10.661931991577148,forward_010,0.6619319915771484,0.1,0.0,0.0,0.04799655442984406,-0.09490227807719166,-1.0057459814617324,2.31,0.89,8.040000000000001,0.9210000000000002,0.8782180547714233,0.0,0.03481838991865516,1.0,0.0,7.4,0.72,True,True,False
10.682305335998535,forward_010,0.6823053359985352,0.1,0.0,0.0,-0.19198621771937624,-0.3010692959690218,-0.928296995904484,1.09,-2.23,3.47,1.688,0.9511734247207642,0.07142857142857142,0.043645430356264114,1.0,0.0,7.4,0.72,True,True,False
10.702672481536865,forward_010,0.7026724815368652,0.1,0.0,0.0,-0.39051742013373125,-0.8693921336496754,-0.2781618495365963,0.34,0.26,6.3100000000000005,1.765,0.9871450662612915,0.07142857142857142,0.04245776683092117,1.0,0.0,7.4,0.72,True,True,False
10.72321605682373,forward_010,0.7232160568237305,0.1,0.0,0.0,-0.5715953300281429,-0.605411084285533,0.619591884457987,0.06,0.08,6.95,1.458,0.9906504154205322,0.14285714285714285,0.040746795013546944,1.0,0.0,7.4,0.72,True,True,False
10.743570804595947,forward_010,0.7435708045959473,0.1,0.0,0.0,-0.9053895494720584,-0.8290313946973066,0.9697485656393493,0.56,4.65,8.290000000000001,1.6110000000000002,0.9905788898468018,0.14285714285714285,0.027144290739670396,1.0,1.0,7.4,0.72,True,True,False
10.763959407806396,forward_010,0.7639594078063965,0.1,0.0,0.0,-0.9697485656393493,-0.8966629032120869,0.9053895494720584,0.56,4.65,8.290000000000001,0.6899999999999998,0.9901697635650635,0.14285714285714285,0.020632756873965263,1.0,1.0,7.4,0.72,True,True,False
10.784326553344727,forward_010,0.7843265533447266,0.1,0.0,0.0,-1.239183768915974,-0.3425208657038872,-0.22907446432425577,0.56,4.65,8.290000000000001,0.6899999999999998,0.9740862250328064,0.14285714285714285,0.04762115702033043,0.0,1.0,7.4,0.72,True,True,False
10.80470585823059,forward_010,0.8047058582305908,0.1,0.0,0.0,-1.038470904936626,0.1559888018969932,-1.2555462306534209,0.56,4.65,8.290000000000001,0.9210000000000002,0.9547136425971985,0.07142857142857142,0.0822979137301445,0.0,1.0,7.4,0.72,True,True,False
10.825066804885864,forward_010,0.8250668048858643,0.1,0.0,0.0,-0.5879577917655898,0.5486878835957173,-1.8696839611989255,0.56,4.65,8.290000000000001,0.844,0.926408052444458,0.0,0.02607972687110305,1.0,1.0,7.3,1.0190000000000001,True,True,False
10.845435857772827,forward_010,0.8454358577728271,0.1,0.0,0.0,-0.2585268954516601,0.48323803664593,-2.3965552291447136,1.82,-3.47,6.5200000000000005,0.844,0.9149247407913208,0.0,0.04664028435945511,1.0,1.0,7.3,1.0190000000000001,True,True,False
10.865917682647705,forward_010,0.8659176826477051,0.1,0.0,0.0,0.17235126363444003,0.2694352032766246,-2.294017135590047,1.82,-3.47,6.5200000000000005,1.458,0.9330175518989563,0.0,0.010481378063559532,1.0,1.0,7.3,1.0190000000000001,True,True,False
10.886324882507324,forward_010,0.8863248825073242,0.1,0.0,0.0,0.10362892433716332,1.3842642629880026,-0.7592182246175333,-1.32,-8.63,9.57,1.151,0.7758336663246155,0.0,0.059149425476789474,1.0,1.0,7.3,1.0190000000000001,True,True,False
10.906694650650024,forward_010,0.9066946506500244,0.1,0.0,0.0,0.019634954084936207,1.3199052468207118,-0.08290313946973066,0.29,-3.85,7.46,0.9210000000000002,0.6817265748977661,0.0,0.04852321045473218,1.0,1.0,7.3,1.0190000000000001,True,True,False
10.92717456817627,forward_010,0.9271745681762695,0.1,0.0,0.0,0.14289883250703572,1.0777408131064985,0.47123889803846897,0.29,-3.36,8.75,0.6899999999999998,0.6846867203712463,0.0,0.08430330082774162,1.0,1.0,7.3,1.0190000000000001,True,True,False
10.947551250457764,forward_010,0.9475512504577637,0.1,0.0,0.0,0.0818123086872342,1.0068368122442288,0.8759371183446542,0.29,-3.36,8.75,1.304,0.9542295336723328,0.07142857142857142,0.08421158790588379,1.0,1.0,7.3,1.0190000000000001,True,True,False
10.967922925949097,forward_010,0.9679229259490967,0.1,0.0,0.0,0.04581489286485115,0.8148505945248526,0.8268497331323136,0.29,-3.36,8.75,1.304,0.8918130397796631,0.0,0.05081269145011902,0.0,1.0,7.3,1.0190000000000001,True,True,False
10.988372087478638,forward_010,0.9883720874786377,0.1,0.0,0.0,0.007635815477475192,0.7603090554000298,0.02945243112740431,-1.46,0.54,7.49,1.304,0.8699992895126343,0.0,0.04298276826739311,0.0,1.0,7.3,1.0190000000000001,True,True,False
11.008754253387451,forward_010,1.0087542533874512,0.1,0.0,0.0,0.35452000431134817,0.19525871006686563,-0.05345070834232634,-2.46,1.42,8.22,1.534,0.8515864014625549,0.0,0.033879075199365616,0.0,1.0,7.3,1.0190000000000001,True,True,False
11.029269218444824,forward_010,1.0292692184448242,0.1,0.0,0.0,0.7995789635699022,-0.026179938779914945,-0.44833145160604343,-1.82,-2.43,7.29,1.458,0.9412044882774353,0.0,0.07365886121988297,0.0,1.0,7.4,0.5740000000000001,True,True,False
11.049640417098999,forward_010,1.049640417098999,0.1,0.0,0.0,0.918479518862016,-0.4243331743911214,-0.5737769915931359,-2.15,-3.46,8.17,1.227,0.8744356632232666,0.0,0.08993989275768399,0.0,1.0,7.4,0.5740000000000001,True,True,False
11.070056200027466,forward_010,1.0700562000274658,0.1,0.0,0.0,0.9686577348568529,-0.39706240482870997,-0.5486878835957173,-1.1500000000000001,-4.2,7.04,1.074,0.9446175694465637,0.0,0.08574694581329823,1.0,1.0,7.4,0.5740000000000001,True,True,False
11.090442657470703,forward_010,1.0904426574707031,0.1,0.0,0.0,1.1540989678812503,-0.4821472058634335,0.0916297857297023,-0.42,-3.74,5.04,1.151,0.9753895401954651,0.07142857142857142,0.05832307366654277,1.0,1.0,7.4,0.5740000000000001,True,True,False
11.11086130142212,forward_010,1.1108613014221191,0.1,0.0,0.0,1.1737339219661866,-0.5225079448158024,0.459239759431008,0.25,-0.18,9.64,0.9210000000000002,0.9697855710983276,0.07142857142857142,0.043013375252485275,1.0,1.0,7.4,0.5740000000000001,True,True,False
11.131345510482788,forward_010,1.131345510482788,0.1,0.0,0.0,0.4505131131710363,-0.028361600344907856,0.4363323129985824,0.25,-0.18,9.64,1.074,0.9102551341056824,0.0,0.059331730008125305,1.0,1.0,7.4,0.5740000000000001,True,True,False
11.151726245880127,forward_010,1.151726245880127,0.1,0.0,0.0,-0.002181661564992912,0.22580197197676638,-0.02399827721492203,0.25,-0.18,9.64,1.227,0.9513712525367737,0.07142857142857142,0.09841037541627884,1.0,1.0,7.4,0.5740000000000001,True,True,False
11.172094821929932,forward_010,1.1720948219299316,0.1,0.0,0.0,0.17780541754692233,0.33597588100890846,-0.3392483733563978,-1.55,5.45,8.85,1.151,0.9334592223167419,0.0,0.05580625310540199,1.0,1.0,7.4,0.5740000000000001,True,True,False
11.192464113235474,forward_010,1.1924641132354736,0.1,0.0,0.0,0.22580197197676638,0.6708609312353204,-0.6261368691529657,-1.04,0.16,6.84,1.227,0.9317941665649414,0.0,0.07789213955402374,1.0,1.0,7.4,0.5740000000000001,True,True,False
11.212827920913696,forward_010,1.2128279209136963,0.1,0.0,0.0,0.13308135546456762,0.3119776037939864,-0.7286749627076325,1.57,-0.06,7.84,1.074,0.8542042970657349,0.0,0.057677644304931164,1.0,0.0,7.4,0.5740000000000001,True,True,False
11.23319673538208,forward_010,1.23319673538208,0.1,0.0,0.0,-0.14180800172453928,0.34797501961636945,-0.6359543461954338,0.23,-0.13,4.79,1.6110000000000002,0.8333939909934998,0.0,0.040426131803542376,1.0,0.0,7.6,0.23299999999999998,True,True,False
11.253807544708252,forward_010,1.253807544708252,0.1,0.0,0.0,-0.41233403578366035,-0.08072147790473774,-0.2301652951067522,-0.11,-0.6,7.9,1.688,0.9488928914070129,0.0,0.035876791924238205,1.0,0.0,7.6,0.23299999999999998,True,True,False
11.27423620223999,forward_010,1.2742362022399902,0.1,0.0,0.0,-0.557414529855689,-0.006544984694978736,0.45160394395353276,-1.71,1.8,5.29,1.381,0.9590510129928589,0.14285714285714285,0.042875418439507484,1.0,0.0,7.6,0.23299999999999998,True,True,False
11.294716119766235,forward_010,1.2947161197662354,0.1,0.0,0.0,-0.9839293658118032,0.04581489286485115,0.7592182246175333,-1.68,2.68,6.49,0.9210000000000002,0.9385392665863037,0.0,0.0331980437040329,1.0,1.0,7.6,0.23299999999999998,True,True,False
11.315194368362427,forward_010,1.3151943683624268,0.1,0.0,0.0,-1.325359400733194,-0.2585268954516601,0.33597588100890846,-1.3800000000000001,6.13,8.16,0.614,0.9561902284622192,0.07142857142857142,0.05257026664912701,1.0,1.0,7.6,0.23299999999999998,True,True,False
11.335601568222046,forward_010,1.335601568222046,0.1,0.0,0.0,-1.521708941582556,0.030543261909900768,-0.5443245604657315,-0.65,3.6,9.790000000000001,0.767,0.9225497841835022,0.0,0.05084438435733318,0.0,1.0,7.6,0.23299999999999998,True,True,False
11.355974912643433,forward_010,1.3559749126434326,0.1,0.0,0.0,-1.1464631524037752,0.22689280275926285,-1.1824605682261582,-0.65,3.6,9.790000000000001,0.614,0.9126796722412109,0.0,0.022797652753069997,0.0,1.0,7.6,0.23299999999999998,True,True,False
11.37643051147461,forward_010,1.3764305114746094,0.1,0.0,0.0,-0.26725354171163174,1.1420998292737894,-0.8693921336496754,-3.12,-5.04,6.3,0.6899999999999998,0.7991724014282227,0.0,0.07643447513692081,0.0,1.0,7.6,0.23299999999999998,True,True,False
11.396810054779053,forward_010,1.3968100547790527,0.1,0.0,0.0,0.0818123086872342,0.681769239060285,-0.3392483733563978,-2.45,-5.34,8.16,0.9210000000000002,0.8538686037063599,0.0,0.01920241117477417,0.0,1.0,7.6,0.23299999999999998,True,True,False
11.41717529296875,forward_010,1.41717529296875,0.1,0.0,0.0,0.2596177262341565,0.7744898555724837,0.10690141668465268,-2.45,-5.34,8.16,0.6899999999999998,0.8220523595809937,0.0,0.04530107416212559,0.0,1.0,7.6,0.23299999999999998,True,True,False
11.437553405761719,forward_010,1.4375534057617188,0.1,0.0,0.0,0.05890486225480862,1.1540989678812503,0.25089107997418486,-1.43,-2.79,9.55,0.6899999999999998,0.8697735071182251,0.0,0.07833847589790821,0.0,1.0,7.3,1.1360000000000001,True,True,False
11.457950592041016,forward_010,1.4579505920410156,0.1,0.0,0.0,-0.09926560120717749,0.8192139176548384,0.6839509006252779,-1.1300000000000001,-2.41,7.140000000000001,0.6899999999999998,0.8390606045722961,0.0,0.16812193393707275,0.0,1.0,7.3,1.1360000000000001,True,True,False
11.478318691253662,forward_010,1.478318691253662,0.1,0.0,0.0,-0.40033489717619936,0.022907446432425576,0.5225079448158024,-1.8900000000000001,-0.89,9.0,0.6899999999999998,0.9707314968109131,0.07142857142857142,0.11460978351533413,1.0,1.0,7.3,1.1360000000000001,True,True,False
11.498695850372314,forward_010,1.4986958503723145,0.1,0.0,0.0,-0.4134248665661568,-0.12217304763960307,0.4188790204786391,-4.13,0.06,8.15,1.074,0.9682003855705261,0.07142857142857142,0.10509941726922989,0.0,1.0,7.3,1.1360000000000001,True,True,False
11.519068717956543,forward_010,1.519068717956543,0.1,0.0,0.0,-0.40033489717619936,-0.2879793265790644,0.32070425005395803,-4.17,0.9,9.38,1.918,0.9605709910392761,0.07142857142857142,0.046554612927138805,0.0,1.0,7.3,1.1360000000000001,True,True,False
11.53943133354187,forward_010,1.5394313335418701,0.1,0.0,0.0,-0.09053895494720585,-0.4439681284760576,-0.007635815477475192,-2.14,0.05,7.04,1.841,0.9301577210426331,0.0,0.09486587531864643,0.0,1.0,7.3,1.1360000000000001,True,True,False
11.559798955917358,forward_010,1.5597989559173584,0.1,0.0,0.0,0.2901609881440573,-0.6272276999354622,-0.17562375598192942,-1.56,-1.58,7.45,1.688,0.9826532602310181,0.07142857142857142,0.07447639293968678,0.0,1.0,7.3,1.1360000000000001,True,True,False
11.580175161361694,forward_010,1.5801751613616943,0.1,0.0,0.0,0.5999569303730508,-0.6948592084502424,-0.3097959422289935,-1.51,-5.22,8.14,1.918,0.8777182102203369,0.0,0.0789399016648531,0.0,1.0,7.3,1.1360000000000001,True,True,False
11.60054898262024,forward_010,1.6005489826202393,0.1,0.0,0.0,0.6664976081053346,-0.9152070265145266,-0.2748893571891069,-1.68,-3.89,5.59,1.151,0.9415761232376099,0.0,0.06808336824178696,0.0,1.0,7.3,1.1360000000000001,True,True,False
11.620938777923584,forward_010,1.620938777923584,0.1,0.0,0.0,1.1126473981463851,-1.1650072757062149,0.3621558197888234,-1.57,-2.43,8.02,1.227,0.9536905884742737,0.07142857142857142,0.10328641161322594,1.0,1.0,7.3,1.1360000000000001,True,True,False
11.641313076019287,forward_010,1.641313076019287,0.1,0.0,0.0,1.2784536770858463,-1.0221084431991792,0.7483099167925688,-2.8000000000000003,-4.05,4.46,1.765,0.9645922780036926,0.07142857142857142,0.042774541303515434,1.0,1.0,6.8,3.3659999999999997,True,True,False
11.661683320999146,forward_010,1.6616833209991455,0.1,0.0,0.0,1.5751596499248823,-1.1660981064887115,0.9653852425093635,-2.14,-2.08,7.26,0.844,0.955631673336029,0.07142857142857142,0.06320568360388279,1.0,1.0,6.8,3.3659999999999997,True,True,False
11.682053089141846,forward_010,1.6820530891418457,0.1,0.0,0.0,1.2293662918735058,-0.5475970528132209,1.155189798663747,-2.14,-2.08,7.26,1.074,0.9062625765800476,0.0,0.08231208380311728,1.0,1.0,6.8,3.3659999999999997,True,True,False
11.702424049377441,forward_010,1.7024240493774414,0.1,0.0,0.0,0.5475970528132209,0.04145156973486533,-0.48323803664593,-2.14,-2.08,7.26,1.995,0.9167526960372925,0.0,0.06957563851028681,1.0,1.0,6.8,3.3659999999999997,True,True,False
11.72278904914856,forward_010,1.7227890491485596,0.1,0.0,0.0,0.3883357585687383,-0.37960911230876665,-1.6089754041822726,-2.14,-2.08,7.26,1.381,0.9243301153182983,0.0,0.05818365141749382,1.0,0.0,6.8,3.3659999999999997,True,True,False
11.743155717849731,forward_010,1.7431557178497314,0.1,0.0,0.0,0.08508480103472356,0.1832595714594046,-1.3842642629880026,0.55,-2.88,5.9,1.151,0.8982802033424377,0.0,0.05077984370291233,1.0,0.0,6.8,3.3659999999999997,True,True,False
11.763540029525757,forward_010,1.7635400295257568,0.1,0.0,0.0,-0.15707963267948966,-0.7384924397501007,-1.088649120931463,1.78,0.06,6.0,1.074,0.9525949954986572,0.07142857142857142,0.07770096138119698,1.0,0.0,6.8,3.3659999999999997,True,True,False
11.78394365310669,forward_010,1.7839436531066895,0.1,0.0,0.0,-0.33052172709642613,-1.0450158896316049,-0.5672320068981571,0.08,-1.42,6.78,1.765,0.9782216548919678,0.07142857142857142,0.05111170932650566,1.0,0.0,6.8,3.3659999999999997,True,True,False
11.804388284683228,forward_010,1.8043882846832275,0.1,0.0,0.0,-0.39706240482870997,-1.210822168571066,0.5214171140333059,0.05,0.5700000000000001,9.0,1.765,0.9895324110984802,0.14285714285714285,0.051314570009708405,1.0,0.0,6.8,3.3659999999999997,True,True,False
11.824769258499146,forward_010,1.8247692584991455,0.1,0.0,0.0,-0.7897614865274342,-0.7733990247899872,0.8977537339945832,-0.8200000000000001,1.86,6.04,1.304,0.9927099943161011,0.14285714285714285,0.052486095344647765,1.0,0.0,6.8,3.3659999999999997,True,True,False
11.845255851745605,forward_010,1.8452558517456055,0.1,0.0,0.0,-0.7613998861825263,-1.0482883819790942,0.779944009484966,1.4000000000000001,4.24,8.07,1.381,0.980202317237854,0.07142857142857142,0.0763863418251276,1.0,0.0,7.5,0.474,True,True,False
11.865622997283936,forward_010,1.8656229972839355,0.1,0.0,0.0,-0.7886706557449377,-1.1944597068336194,0.6403176693254197,1.53,5.64,9.0,0.844,0.9868834018707275,0.14285714285714285,0.010278446599841118,1.0,1.0,7.5,0.474,True,True,False
11.886049747467041,forward_010,1.886049747467041,0.1,0.0,0.0,-0.980656873464314,-0.681769239060285,-0.4134248665661568,1.53,5.64,9.0,0.767,0.9703611731529236,0.14285714285714285,0.0216631181538105,1.0,1.0,7.5,0.474,True,True,False
11.906424760818481,forward_010,1.9064247608184814,0.1,0.0,0.0,-1.5664330036649108,0.15926129424448257,-1.3722651243805417,1.53,5.64,9.0,0.844,0.9289773106575012,0.0,0.08723411336541176,0.0,1.0,7.5,0.474,True,True,False
11.926788806915283,forward_010,1.9267888069152832,0.1,0.0,0.0,-0.7843073326149519,0.284706834231575,-2.1129392256956354,1.53,5.64,9.0,0.9210000000000002,0.9334198236465454,0.0,0.04928263230249286,0.0,1.0,7.5,0.474,True,True,False
11.947154998779297,forward_010,1.9471549987792969,0.1,0.0,0.0,-0.19634954084936207,-0.028361600344907856,-2.602722247036544,1.72,-5.63,2.98,0.6899999999999998,0.9442000389099121,0.0,0.09303582087159157,1.0,1.0,7.5,0.474,True,True,False
11.967632055282593,forward_010,1.9676320552825928,0.1,0.0,0.0,0.08072147790473774,-0.32179508083645453,-2.284199658547579,3.2,-1.19,6.87,0.9970000000000001,0.9547390937805176,0.07142857142857142,0.01876197219826281,1.0,1.0,7.5,0.474,True,True,False
11.988086700439453,forward_010,1.9880867004394531,0.1,0.0,0.0,0.14508049407202864,0.25416357232167425,-2.095485933175692,3.2,-1.19,6.87,1.074,0.9489051103591919,0.0,0.018780702026560896,1.0,1.0,7.5,0.474,True,True,False
12.00846552848816,forward_010,2.008465528488159,0.1,0.0,0.0,-0.16798794050445423,1.0428342280666119,-1.275181184738357,3.2,-1.19,6.87,0.614,0.8834601640701294,0.0,0.03596903942525387,1.0,1.0,7.5,0.474,True,True,False
12.02883529663086,forward_010,2.0288352966308594,0.1,0.0,0.0,-0.13744467859455345,0.6337726846304409,-0.11780972450961724,1.1400000000000001,-3.44,8.71,0.614,0.8871626853942871,0.0,0.03777625784277916,1.0,1.0,7.5,0.474,True,True,False
12.049235820770264,forward_010,2.0492358207702637,0.1,0.0,0.0,0.0916297857297023,0.7308566242726255,-0.12544553998709243,1.27,-3.73,6.96,0.6899999999999998,0.8588047027587891,0.0,0.07525291695492342,1.0,1.0,7.6,0.182,True,True,False
12.069589376449585,forward_010,2.069589376449585,0.1,0.0,0.0,0.1308996938995747,0.49632800603588745,0.24107360293171676,1.27,-3.73,6.96,0.537,0.821276843547821,0.0,0.05885602533817291,1.0,1.0,7.6,0.182,True,True,False
12.089953899383545,forward_010,2.089953899383545,0.1,0.0,0.0,0.4036073895236887,0.48105637508093707,0.3196134192714616,0.29,-1.23,8.99,0.384,0.9009995460510254,0.0,0.056515226140618324,1.0,1.0,7.6,0.182,True,True,False
12.11061954498291,forward_010,2.11061954498291,0.1,0.0,0.0,0.27598018797160334,0.6043202535030366,0.3327033886614191,0.29,-1.23,8.99,1.381,0.8658239841461182,0.0,0.04185317736119032,1.0,1.0,7.6,0.182,True,True,False
12.13099455833435,forward_010,2.1309945583343506,0.1,0.0,0.0,0.10362892433716332,0.7941248096574199,-0.25416357232167425,-2.1,0.58,8.86,1.227,0.9293599724769592,0.0,0.06504004821181297,0.0,1.0,7.6,0.182,True,True,False
12.151445388793945,forward_010,2.1514453887939453,0.1,0.0,0.0,0.2007128639793479,0.4919646829059016,-0.32615840396644036,-1.4000000000000001,0.7000000000000001,8.52,1.304,0.9379440546035767,0.0,0.0905708558857441,0.0,1.0,7.6,0.182,True,True,False
12.171823501586914,forward_010,2.171823501586914,0.1,0.0,0.0,0.5759586531581288,0.6370451769779303,-0.28579766501407144,1.06,0.01,6.23,1.227,0.9002293348312378,0.0,0.10352077707648277,1.0,1.0,7.6,0.182,True,True,False
12.192277431488037,forward_010,2.192277431488037,0.1,0.0,0.0,0.9119345341670372,0.4276056667386107,-0.43524148221608594,1.06,0.01,6.23,1.304,0.9033704996109009,0.0,0.04333430388942361,1.0,1.0,7.6,0.182,True,True,False
12.212644338607788,forward_010,2.212644338607788,0.1,0.0,0.0,0.9773843811168246,0.3883357585687383,-0.17998707911191522,1.06,0.01,6.23,0.9970000000000001,0.901188313961029,0.0,0.03471367247402668,1.0,1.0,7.6,0.182,True,True,False
12.233018159866333,forward_010,2.233018159866333,0.1,0.0,0.0,0.6119560689805118,1.0275625971116615,-0.4734205596034619,1.06,0.01,6.23,0.9210000000000002,0.8553749322891235,0.0,0.09347819350659847,1.0,1.0,7.6,0.182,True,True,False
12.253408908843994,forward_010,2.253408908843994,0.1,0.0,0.0,0.23343778745424157,0.6861325621902709,-1.1595531217937327,1.06,0.01,6.23,0.9210000000000002,0.8760678172111511,0.0,0.046935196965932846,1.0,1.0,7.4,0.592,True,True,False
12.273997783660889,forward_010,2.2739977836608887,0.1,0.0,0.0,0.21925698728178766,0.19416787928436915,-0.45487643630102215,3.85,0.71,8.46,1.074,0.868540346622467,0.0,0.058350976556539536,1.0,1.0,7.4,0.592,True,True,False
12.29445195198059,forward_010,2.294451951980591,0.1,0.0,0.0,0.13853550937704992,-0.16471544815696484,0.02399827721492203,-0.5,-0.48,4.87,0.9970000000000001,0.9536238312721252,0.14285714285714285,0.05521533265709877,1.0,1.0,7.4,0.592,True,True,False
12.31484055519104,forward_010,2.31484055519104,0.1,0.0,0.0,-0.2628902185816459,-0.2977968036215325,0.41233403578366035,-0.5,-0.48,4.87,1.074,0.9848706126213074,0.07142857142857142,0.07861181860789657,1.0,0.0,7.4,0.592,True,True,False
12.335225582122803,forward_010,2.3352255821228027,0.1,0.0,0.0,-0.5323254218582705,0.08290313946973066,0.4657847441259867,-3.87,3.97,6.57,0.844,0.987281858921051,0.14285714285714285,0.04534940421581268,1.0,0.0,7.4,0.592,True,True,False
12.355605363845825,forward_010,2.355605363845825,0.1,0.0,0.0,-0.8115781021773633,-0.044724062082354694,0.003272492347489368,-2.38,-0.04,4.8,0.844,0.9718055725097656,0.14285714285714285,0.08881932124495506,1.0,1.0,7.4,0.592,True,True,False
12.37598991394043,forward_010,2.3759899139404297,0.1,0.0,0.0,-1.0253809355466685,-0.09926560120717749,0.05672320068981571,-2.38,-0.04,4.8,0.9210000000000002,0.9829488396644592,0.14285714285714285,0.03560323268175125,1.0,1.0,7.4,0.592,True,True,False
12.396440982818604,forward_010,2.3964409828186035,0.1,0.0,0.0,-0.9512044423369096,0.8137597637423561,-0.433059820651093,-2.38,-0.04,4.8,0.767,0.8896666765213013,0.0,0.10981175303459167,1.0,1.0,7.4,0.592,True,True,False
12.416808605194092,forward_010,2.416808605194092,0.1,0.0,0.0,-0.3937899124812206,1.0853766285839737,-0.37306412761378793,-3.2600000000000002,-0.32,9.48,0.537,0.8885703086853027,0.0,0.0504431277513504,1.0,1.0,7.4,0.592,True,True,False
12.437272310256958,forward_010,2.437272310256958,0.1,0.0,0.0,-0.04363323129985824,0.6337726846304409,-0.46687557490848314,-2.41,-2.62,6.61,0.767,0.8912937641143799,0.0,0.02173528540879488,1.0,1.0,7.4,0.592,True,True,False
12.45772123336792,forward_010,2.45772123336792,0.1,0.0,0.0,-0.06544984694978735,0.770126532442498,-0.3196134192714616,-2.41,-2.62,6.61,1.074,0.8895643353462219,0.0,0.034420338459312916,1.0,1.0,7.3,0.9739999999999999,True,True,False
12.478461027145386,forward_010,2.4784610271453857,0.1,0.0,0.0,-0.3076142806640006,0.9119345341670372,0.4385139745635753,-2.41,-2.62,6.61,1.227,0.8944252133369446,0.0,0.08114525210112333,1.0,1.0,7.3,0.9739999999999999,True,True,False
12.498829126358032,forward_010,2.4988291263580322,0.1,0.0,0.0,-0.4756022211684548,0.607592745850526,0.8290313946973066,-2.75,-0.76,8.31,0.9970000000000001,0.8011833429336548,0.0,0.03589923493564129,1.0,1.0,7.3,0.9739999999999999,True,True,False
12.519324541091919,forward_010,2.519324541091919,0.1,0.0,0.0,-0.7395832705325971,0.26725354171163174,1.10501158266891,-1.73,-0.33,8.73,0.767,0.8419166803359985,0.0,0.10435014218091965,1.0,1.0,7.3,0.9739999999999999,True,True,False
12.539723873138428,forward_010,2.5397238731384277,0.1,0.0,0.0,-0.978475211899321,0.21598449493429828,1.3231777391682011,-3.5100000000000002,1.06,8.33,1.304,0.9581081867218018,0.21428571428571427,0.10143781453371048,1.0,1.0,7.3,0.9739999999999999,True,True,False
12.56008529663086,forward_010,2.5600852966308594,0.1,0.0,0.0,-0.8584838258247108,-0.00545415391248228,1.1486448139687682,-2.36,-0.27,8.57,1.6110000000000002,0.8942126035690308,0.0,0.05537653062492609,0.0,1.0,7.3,0.9739999999999999,True,True,False
12.580654859542847,forward_010,2.5806548595428467,0.1,0.0,0.0,-0.4919646829059016,-0.15271630954950383,0.9228428419920017,-1.34,-1.97,6.23,1.381,0.7750658392906189,0.0,0.029453136026859283,0.0,1.0,7.3,0.9739999999999999,True,True,False
12.601019620895386,forward_010,2.6010196208953857,0.1,0.0,0.0,-0.017453292519943295,-0.30325095753401476,0.6108652381980153,-3.5,-0.89,6.8,1.688,0.9599876403808594,0.07142857142857142,0.03151365648955107,0.0,1.0,7.3,0.9739999999999999,True,True,False
12.62142539024353,forward_010,2.6214253902435303,0.1,0.0,0.0,0.42542400517361784,-0.767944870877505,-0.16035212502697901,-2.2600000000000002,-4.15,7.13,1.918,0.9591922760009766,0.07142857142857142,0.08665786683559418,0.0,1.0,7.3,0.9739999999999999,True,True,False
12.641811847686768,forward_010,2.6418118476867676,0.1,0.0,0.0,0.5061454830783556,-0.9239336727744982,-0.24980024919168842,-2.2600000000000002,-4.15,7.13,1.227,0.8816792368888855,0.0,0.04088149219751358,0.0,1.0,7.3,0.9739999999999999,True,True,False
12.662389039993286,forward_010,2.662389039993286,0.1,0.0,0.0,1.090830782496456,-1.5707963267948966,0.8137597637423561,-1.8,-4.07,9.71,1.151,0.9422378540039062,0.0,0.10825484618544579,0.0,1.0,7.4,0.6890000000000001,True,True,False
12.682746648788452,forward_010,2.682746648788452,0.1,0.0,0.0,1.4191708480278893,-1.3319043854281727,1.1202832136238603,-2.97,-3.97,5.38,1.381,0.9243825078010559,0.0,0.054145637899637215,0.0,1.0,7.4,0.6890000000000001,True,True,False
12.703150987625122,forward_010,2.703150987625122,0.1,0.0,0.0,1.4126258633329105,-1.2140946609185554,1.076649982324002,-0.61,-0.78,4.14,2.302,0.9525317549705505,0.07142857142857142,0.07365576922893524,1.0,1.0,7.4,0.6890000000000001,True,True,False
12.723520278930664,forward_010,2.723520278930664,0.1,0.0,0.0,1.562069680534925,-1.1999138607461015,1.2948161388232933,-0.31,-2.74,6.36,1.765,0.9591054320335388,0.07142857142857142,0.06514688953757286,1.0,1.0,7.4,0.6890000000000001,True,True,False
12.74392580986023,forward_010,2.7439258098602295,0.1,0.0,0.0,0.6632251157578453,0.29343348049154666,0.495237175253391,-0.31,-2.74,6.36,1.534,0.8781623840332031,0.0,0.047986218705773354,1.0,1.0,7.4,0.6890000000000001,True,True,False
12.764450073242188,forward_010,2.7644500732421875,0.1,0.0,0.0,0.7079491778402,0.09599310885968812,-0.8093964406123704,-0.31,-2.74,6.36,1.304,0.8504894971847534,0.0,0.05912468396127224,1.0,1.0,7.4,0.6890000000000001,True,True,False
12.784837245941162,forward_010,2.784837245941162,0.1,0.0,0.0,0.9032078879070655,-0.1461713248545251,-1.9154988540637767,-0.31,-2.74,6.36,1.381,0.8632444739341736,0.0,0.06809760816395283,1.0,1.0,7.4,0.6890000000000001,True,True,False
12.80531644821167,forward_010,2.80531644821167,0.1,0.0,0.0,0.3752457891787809,0.3959715740462135,-1.5446163880149817,-1.47,-2.6,3.88,1.151,0.910260021686554,0.0,0.09270342253148556,1.0,1.0,7.4,0.6890000000000001,True,True,False
12.825671911239624,forward_010,2.825671911239624,0.1,0.0,0.0,-0.10035643198967395,-0.5203262832508095,-1.1639164449237185,2.23,0.85,5.79,0.9970000000000001,0.8862702250480652,0.0,0.09136225748807192,1.0,0.0,7.4,0.6890000000000001,True,True,False
12.846156597137451,forward_010,2.846156597137451,0.1,0.0,0.0,-0.4461497900410505,-0.8704829644321719,-0.6272276999354622,1.1500000000000001,-1.08,5.12,1.688,0.8631510138511658,0.0,0.05228775553405285,1.0,0.0,7.4,0.6890000000000001,True,True,False
12.86656665802002,forward_010,2.8665666580200195,0.1,0.0,0.0,-0.6130468997630083,-1.3122694313432366,0.47123889803846897,-0.33,-0.81,5.83,1.534,0.954276442527771,0.07142857142857142,0.06323237577453256,1.0,0.0,7.5,0.36400000000000005,True,True,False
12.886927604675293,forward_010,2.886927604675293,0.1,0.0,0.0,-1.2817261694333357,-1.2010046915285981,1.090830782496456,0.43,0.78,8.45,1.765,0.9439446926116943,0.0,0.06463659089058638,1.0,0.0,7.5,0.36400000000000005,True,True,False
12.907294750213623,forward_010,2.907294750213623,0.1,0.0,0.0,-1.3700834628155487,-1.19118721448613,0.978475211899321,-0.71,7.28,6.98,1.074,0.9779424071311951,0.14285714285714285,0.02852728869765997,1.0,0.0,7.5,0.36400000000000005,True,True,False
12.927664995193481,forward_010,2.9276649951934814,0.1,0.0,0.0,-1.2435470920459597,-1.0471975511965976,0.5443245604657315,-1.17,5.08,8.2,0.9210000000000002,0.9878931045532227,0.14285714285714285,0.02855604887008667,1.0,1.0,7.5,0.36400000000000005,True,True,False
12.948028802871704,forward_010,2.948028802871704,0.1,0.0,0.0,-1.5151639568875774,-0.25743606466916363,-1.0199267816341864,-1.17,5.08,8.2,0.767,0.9697542190551758,0.14285714285714285,0.0803301390260458,1.0,1.0,7.5,0.36400000000000005,True,True,False
12.968394994735718,forward_010,2.9683949947357178,0.1,0.0,0.0,-1.1813697374436618,0.08617563181722002,-1.4704398948052226,-1.17,5.08,8.2,0.614,0.9651031494140625,0.07142857142857142,0.09524347074329853,0.0,1.0,7.5,0.36400000000000005,True,True,False
12.988756656646729,forward_010,2.9887566566467285,0.1,0.0,0.0,-0.2945243112740431,0.5890486225480862,-2.2460205811602028,1.08,-3.0700000000000003,3.93,0.767,0.9389462471008301,0.0,0.04120850213803351,1.0,1.0,7.5,0.36400000000000005,True,True,False
13.009191274642944,forward_010,3.0091912746429443,0.1,0.0,0.0,-0.10799224746714914,0.05781403147231216,-2.610358062514019,1.08,-3.0700000000000003,3.93,0.767,0.9309583902359009,0.0,0.023439910262823105,1.0,1.0,7.5,0.36400000000000005,True,True,False
13.029550075531006,forward_010,3.029550075531006,0.1,0.0,0.0,0.15271630954950383,0.26398104936414235,-2.033308578573394,1.08,-3.0700000000000003,3.93,1.458,0.9230647087097168,0.0,0.020061641931533813,1.0,1.0,7.5,0.36400000000000005,True,True,False
13.04992961883545,forward_010,3.049929618835449,0.1,0.0,0.0,-0.4243331743911214,1.3329952162106693,-0.6174102228929941,1.08,-3.0700000000000003,3.93,1.151,0.7716076970100403,0.0,0.05140351876616478,1.0,1.0,7.5,0.36400000000000005,True,True,False
13.070313930511475,forward_010,3.0703139305114746,0.1,0.0,0.0,-0.26398104936414235,0.7755806863549802,0.4188790204786391,-0.06,-2.69,8.77,0.9970000000000001,0.8412876129150391,0.0,0.024763873778283596,1.0,1.0,7.4,0.465,True,True,False
13.090673208236694,forward_010,3.0906732082366943,0.1,0.0,0.0,-0.13962634015954636,1.0962849364089382,0.9839293658118032,-0.06,-2.69,8.77,1.074,0.7195225358009338,0.0,0.05135905183851719,1.0,1.0,7.4,0.465,True,True,False
13.111039638519287,forward_010,3.111039638519287,0.1,0.0,0.0,-0.003272492347489368,0.7984881327874057,1.1737339219661866,-0.06,-2.69,8.77,0.844,0.7579839825630188,0.0,0.07703632116317749,1.0,1.0,7.4,0.465,True,True,False
13.131407976150513,forward_010,3.1314079761505127,0.1,0.0,0.0,-0.1265363707695889,1.0079276430267252,0.495237175253391,-0.16,1.47,6.97,1.151,0.8086420297622681,0.0,0.10902957618236542,1.0,1.0,7.4,0.465,True,True,False
13.151806116104126,forward_010,3.151806116104126,0.1,0.0,0.0,-0.11126473981463851,0.5639595145506677,-0.31306843457648287,-2.9,2.34,9.19,1.381,0.958793044090271,0.07142857142857142,0.04676148295402527,1.0,1.0,7.4,0.465,True,True,False
13.172339677810669,forward_010,3.172339677810669,0.1,0.0,0.0,0.2083486794568231,0.4112432050011639,-0.6697701004528239,-3.09,-1.07,8.89,1.458,0.9626560211181641,0.07142857142857142,0.05486069805920124,0.0,1.0,7.4,0.465,True,True,False
13.192703247070312,forward_010,3.1927032470703125,0.1,0.0,0.0,0.6403176693254197,0.23889194136672387,-0.4363323129985824,-1.28,-4.0600000000000005,8.17,1.6110000000000002,0.9752203226089478,0.07142857142857142,0.13015630096197128,0.0,1.0,7.4,0.465,True,True,False
13.213088035583496,forward_010,3.213088035583496,0.1,0.0,0.0,0.9119345341670372,0.00545415391248228,-0.5257804371632918,-1.28,-4.0600000000000005,8.17,1.688,0.898892879486084,0.0,0.05858291342156008,0.0,1.0,7.4,0.465,True,True,False
13.23356032371521,forward_010,3.23356032371521,0.1,0.0,0.0,1.2566370614359172,-0.1505346479845109,-0.5050546522958591,-1.35,-4.12,6.08,1.534,0.9632523059844971,0.07142857142857142,0.05965311825275421,1.0,1.0,7.4,0.465,True,True,False
13.253931522369385,forward_010,3.2539315223693848,0.1,0.0,0.0,1.114829059711378,-0.36760997370130566,-0.23125612588924865,-1.58,-3.59,4.95,1.534,0.9693877100944519,0.07142857142857142,0.06532755494117737,1.0,1.0,7.4,0.465,True,True,False
13.27434229850769,forward_010,3.2743422985076904,0.1,0.0,0.0,1.1595531217937327,-0.5475970528132209,-0.15707963267948966,-1.58,-3.59,4.95,1.688,0.9566304087638855,0.07142857142857142,0.04588528675958514,1.0,1.0,7.1,1.6629999999999998,True,True,False
13.295711040496826,forward_010,3.295711040496826,0.1,0.0,0.0,0.7973973020049093,0.007635815477475192,-0.4908738521234052,-1.58,-3.59,4.95,1.688,0.8881299495697021,0.0,0.04202611744403839,1.0,1.0,7.1,1.6629999999999998,True,True,False
13.31608772277832,forward_010,3.3160877227783203,0.1,0.0,0.0,0.46687557490848314,0.7199483164476609,-1.327541062298187,-0.23,1.58,7.94,1.381,0.7770501375198364,0.0,0.11124203354120255,1.0,1.0,7.1,1.6629999999999998,True,True,False
13.336485385894775,forward_010,3.3364853858947754,0.1,0.0,0.0,0.7352199474026113,-0.3272492347489368,-1.9645862392761173,0.58,-2.32,7.33,1.074,0.9141492247581482,0.0,0.0540670535992831,1.0,1.0,7.1,1.6629999999999998,True,True,False
13.356956958770752,forward_010,3.356956958770752,0.1,0.0,0.0,0.559596191420682,0.7483099167925688,-2.2776546738526,-1.46,-1.28,5.59,1.151,0.9379093647003174,0.0,0.11433064192533493,1.0,1.0,7.1,1.6629999999999998,True,True,False
13.377329349517822,forward_010,3.3773293495178223,0.1,0.0,0.0,0.3294308963139297,-0.11017390903214205,-1.7278759594743862,2.87,0.35000000000000003,7.71,0.844,0.7820635437965393,0.0,0.07431006446131505,1.0,1.0,7.1,1.6629999999999998,True,True,False
13.397787094116211,forward_010,3.397787094116211,0.1,0.0,0.0,0.14180800172453928,-0.5377795757707527,-0.878118779909647,-0.11,-3.08,4.74,1.227,0.9359309673309326,0.0,0.09074115939438343,1.0,0.0,7.1,1.6629999999999998,True,True,False
13.418253898620605,forward_010,3.4182538986206055,0.1,0.0,0.0,-0.30870511144649704,-0.7897614865274342,-0.35997415822383044,-0.44,0.34,8.68,1.534,0.9742361307144165,0.07142857142857142,0.10291009955108166,1.0,0.0,7.1,1.6629999999999998,True,True,False
13.438615798950195,forward_010,3.4386157989501953,0.1,0.0,0.0,-0.7264933011426397,-0.9850201965942997,0.5792311455056182,-0.88,5.55,8.620000000000001,1.765,0.9748363494873047,0.14285714285714285,0.04209371539764106,1.0,0.0,7.1,1.6629999999999998,True,True,False
13.458988189697266,forward_010,3.4589881896972656,0.1,0.0,0.0,-1.261000384565903,-0.878118779909647,0.878118779909647,-2.58,6.92,4.93,1.688,0.9926239848136902,0.14285714285714285,0.04291903227567673,1.0,1.0,7.1,1.6629999999999998,True,True,False
13.479355096817017,forward_010,3.4793550968170166,0.1,0.0,0.0,-1.3231777391682011,-0.6872233929727672,0.025089107997418487,-2.58,6.92,4.93,0.9210000000000002,0.9902337193489075,0.14285714285714285,0.024624962359666824,1.0,1.0,7.5,0.35400000000000004,True,True,False
13.499722719192505,forward_010,3.499722719192505,0.1,0.0,0.0,-1.3395402009056478,-0.004363323129985824,-1.1322823522313212,-2.58,6.92,4.93,0.6899999999999998,0.9666973352432251,0.07142857142857142,0.0946834571659565,1.0,1.0,7.5,0.35400000000000004,True,True,False
13.5200936794281,forward_010,3.5200936794281006,0.1,0.0,0.0,-0.3294308963139297,1.210822168571066,-1.385355093770499,-1.93,-0.98,4.25,0.614,0.9131908416748047,0.0,0.10924350656569004,1.0,1.0,7.5,0.35400000000000004,True,True,False
13.54053783416748,forward_010,3.5405378341674805,0.1,0.0,0.0,0.04145156973486533,0.43960480534607177,-1.920953007976259,0.4,-3.8000000000000003,5.13,0.767,0.8939523100852966,0.0,0.030923906713724136,1.0,1.0,7.5,0.35400000000000004,True,True,False
13.560903787612915,forward_010,3.560903787612915,0.1,0.0,0.0,0.5410520681182421,0.7090400086226963,-1.4944381720201447,0.4,-3.8000000000000003,5.13,1.227,0.8164864778518677,0.0,0.06339273042976856,1.0,1.0,7.5,0.35400000000000004,True,True,False
13.581307411193848,forward_010,3.5813074111938477,0.1,0.0,0.0,-0.1810779098944117,1.2522737383059315,-0.2301652951067522,0.4,-3.8000000000000003,5.13,1.6110000000000002,0.8576555252075195,0.0,0.08551872801035643,1.0,1.0,7.5,0.35400000000000004,True,True,False
13.601685047149658,forward_010,3.601685047149658,0.1,0.0,0.0,-0.16907877128695067,0.8933904108645975,1.0035643198967394,-2.75,-4.91,7.43,1.227,0.7847445011138916,0.0,0.08621275052428246,1.0,1.0,7.5,0.35400000000000004,True,True,False
13.622175693511963,forward_010,3.622175693511963,0.1,0.0,0.0,-0.21598449493429828,1.1017390903214206,0.918479518862016,-2.75,-4.91,7.43,1.074,0.9046564102172852,0.0,0.09959013946354389,1.0,1.0,7.5,0.35400000000000004,True,True,False
13.642539262771606,forward_010,3.6425392627716064,0.1,0.0,0.0,-0.5345070834232635,0.6915867161027531,0.9141161957320301,-2.75,-4.91,7.43,1.458,0.973389744758606,0.14285714285714285,0.10048479959368706,1.0,1.0,7.5,0.35400000000000004,True,True,False
13.663010120391846,forward_010,3.6630101203918457,0.1,0.0,0.0,-0.8508480103472357,0.6915867161027531,0.8377580409572782,2.15,0.72,4.73,2.148,0.755665123462677,0.0,0.09038697183132172,0.0,1.0,7.5,0.35400000000000004,True,True,False
13.683382511138916,forward_010,3.683382511138916,0.1,0.0,0.0,-0.4046982203061852,-0.04799655442984406,0.48651052899341934,-3.8200000000000003,-1.42,7.21,1.534,0.8940673470497131,0.0,0.03761964663863182,0.0,1.0,7.1,1.853,True,True,False
13.704095125198364,forward_010,3.7040951251983643,0.1,0.0,0.0,-0.4046982203061852,-0.04799655442984406,0.48651052899341934,-3.8200000000000003,-1.42,7.21,1.534,0.8924119472503662,0.0,0.032199375331401825,0.0,1.0,7.1,1.853,True,True,False
13.72446894645691,forward_010,3.724468946456909,0.1,0.0,0.0,0.43196898986859655,-0.7733990247899872,0.3817907738737596,-3.09,-2.9,6.7700000000000005,1.304,0.9685220122337341,0.07142857142857142,0.08368237596005201,0.0,1.0,7.1,1.853,True,True,False
13.74506163597107,forward_010,3.7450616359710693,0.1,0.0,0.0,0.7864889941799448,-0.7908523173099306,0.04145156973486533,-0.17,-4.91,6.68,0.844,0.96223384141922,0.07142857142857142,0.06968826428055763,0.0,1.0,7.1,1.853,True,True,False
13.765444993972778,forward_010,3.7654449939727783,0.1,0.0,0.0,0.7352199474026113,-1.0177451200691934,-0.15707963267948966,1.25,-8.49,4.21,1.151,0.904688835144043,0.0,0.06623754277825356,1.0,1.0,7.1,1.853,True,True,False
13.785821199417114,forward_010,3.7858211994171143,0.1,0.0,0.0,1.2817261694333357,-1.3449943548181302,1.0842857978014773,-2.7,-6.3100000000000005,6.21,1.381,0.9575186967849731,0.07142857142857142,0.10938896797597408,1.0,1.0,7.1,1.853,True,True,False
13.806257009506226,forward_010,3.8062570095062256,0.1,0.0,0.0,1.6766069126970529,-1.3286318930806833,1.521708941582556,-2.45,-3.89,6.25,1.458,0.9531081318855286,0.07142857142857142,0.06062639132142067,1.0,1.0,7.1,1.853,True,True,False
13.826727867126465,forward_010,3.826727867126465,0.1,0.0,0.0,1.5413438956674923,-1.1420998292737894,1.9634954084936207,-2.45,-3.89,6.25,1.151,0.9420590400695801,0.0,0.021144344471395016,1.0,1.0,7.1,1.853,True,True,False
13.847106456756592,forward_010,3.847106456756592,0.1,0.0,0.0,0.24870941840919197,0.017453292519943295,0.6119560689805118,-2.45,-3.89,6.25,1.534,0.8971530199050903,0.0,0.03871278744190931,1.0,1.0,7.1,1.853,True,True,False
13.867489576339722,forward_010,3.8674895763397217,0.1,0.0,0.0,-0.20507618710933373,-0.011999138607461015,-0.22362031041177347,-2.45,-3.89,6.25,1.841,0.8683042526245117,0.0,0.03991951793432236,1.0,1.0,7.1,1.853,True,True,False
13.887859106063843,forward_010,3.8878591060638428,0.1,0.0,0.0,0.37742745074377376,0.5923211148955756,-0.5181446216858165,-2.45,-3.89,6.25,1.6110000000000002,0.8886445760726929,0.0,0.04592833248898387,1.0,1.0,7.4,0.538,True,True,False
13.908254146575928,forward_010,3.9082541465759277,0.1,0.0,0.0,0.6872233929727672,0.4308781590861001,-1.0112001353742146,-2.45,-3.89,6.25,0.767,0.8614357113838196,0.0,0.058535619638860226,1.0,1.0,7.4,0.538,True,True,False
13.928634881973267,forward_010,3.9286348819732666,0.1,0.0,0.0,0.46469391334349025,0.4363323129985824,-1.2817261694333357,-0.59,0.15,6.12,0.844,0.7890985012054443,0.0,0.10450992081314325,1.0,1.0,7.4,0.538,True,True,False
13.949012994766235,forward_010,3.9490129947662354,0.1,0.0,0.0,0.1832595714594046,0.06217735460229799,-1.4682582332402296,-0.79,-1.19,9.01,0.6899999999999998,0.8845421671867371,0.0,0.07870113849639893,1.0,1.0,7.4,0.538,True,True,False
13.969382286071777,forward_010,3.9693822860717773,0.1,0.0,0.0,0.06217735460229799,0.14835298641951802,-1.069014166846527,-0.49,0.32,8.45,0.9210000000000002,0.8498457670211792,0.0,0.029925931710749865,1.0,0.0,7.4,0.538,True,True,False
13.989770650863647,forward_010,3.9897706508636475,0.1,0.0,0.0,0.008726646259971648,0.0545415391248228,-0.5126904677733343,-0.42,-0.28,7.8,1.458,0.8865382075309753,0.0,0.03646532155107707,1.0,0.0,7.4,0.538,True,True,False
14.010148048400879,forward_010,4.010148048400879,0.1,0.0,0.0,-0.358883327441334,-0.22252947962927702,0.1341721862470641,0.79,-0.3,7.9,1.765,0.9426542520523071,0.0,0.07851545058656484,1.0,0.0,7.4,0.538,True,True,False
14.030509233474731,forward_010,4.0305092334747314,0.1,0.0,0.0,-0.5748678223756323,-0.44178646691106466,0.4341506514335895,0.07,-1.5,7.83,1.918,0.9324178099632263,0.0,0.04772265627980232,1.0,0.0,7.4,0.538,True,True,False
14.05089521408081,forward_010,4.0508952140808105,0.1,0.0,0.0,-1.030835089459151,-0.4603305902135044,0.9992009967667537,-0.04,0.06,5.0600000000000005,1.458,0.966111958026886,0.07142857142857142,0.07037294935435057,1.0,1.0,7.4,0.538,True,True,False
14.071278810501099,forward_010,4.071278810501099,0.1,0.0,0.0,-1.5271630954950384,-0.5519603759432067,1.4911656796726553,-0.15,5.1000000000000005,9.26,1.227,0.9894807934761047,0.07142857142857142,0.05813125055283308,1.0,1.0,7.4,0.538,True,True,False
14.091687679290771,forward_010,4.0916876792907715,0.1,0.0,0.0,-1.7289667902568826,-0.729765793490129,1.1900963837036334,-0.15,5.1000000000000005,9.26,1.074,0.9843265414237976,0.14285714285714285,0.021640555001795292,0.0,1.0,7.5,0.45400000000000007,True,True,False
14.112058162689209,forward_010,4.112058162689209,0.1,0.0,0.0,-1.682061066609535,-0.12217304763960307,-0.21707532571679475,-0.15,5.1000000000000005,9.26,1.227,0.9432857036590576,0.0,0.07621693704277277,1.0,1.0,7.5,0.45400000000000007,True,True,False
14.132549285888672,forward_010,4.132549285888672,0.1,0.0,0.0,-0.6795875774952921,0.5094179754258449,-1.0341075818066403,-0.87,-1.22,7.26,1.151,0.9201239347457886,0.0,0.05045129358768463,1.0,1.0,7.5,0.45400000000000007,True,True,False
14.152923107147217,forward_010,4.152923107147217,0.1,0.0,0.0,-0.05890486225480862,0.5006913291658733,-1.7049685130419607,0.56,-2.17,5.82,0.614,0.8861604928970337,0.0,0.027858860790729523,1.0,1.0,7.5,0.45400000000000007,True,True,False
14.173286199569702,forward_010,4.173286199569702,0.1,0.0,0.0,0.5835944686356039,0.6741334235828098,-1.5337080801900171,0.56,-2.17,5.82,0.9970000000000001,0.861044704914093,0.0,0.03157688514329493,1.0,1.0,7.5,0.45400000000000007,True,True,False
14.193665027618408,forward_010,4.193665027618408,0.1,0.0,0.0,0.4374231437810788,0.9413869652944415,-0.8366672101747817,0.56,-2.17,5.82,1.304,0.832363486289978,0.0,0.03179147653281689,1.0,1.0,7.5,0.45400000000000007,True,True,False
14.214141845703125,forward_010,4.214141845703125,0.1,0.0,0.0,0.39051742013373125,0.9217520112095053,0.25416357232167425,-0.07,-1.96,7.17,0.844,0.8723992109298706,0.0,0.07388023566454649,1.0,1.0,7.5,0.45400000000000007,True,True,False
14.234529972076416,forward_010,4.234529972076416,0.1,0.0,0.0,0.22252947962927702,0.8715737952146683,0.4723297288209654,-1.27,-3.64,6.38,0.614,0.8040649890899658,0.0,0.11511543393135071,1.0,1.0,7.5,0.45400000000000007,True,True,False
14.254918098449707,forward_010,4.254918098449707,0.1,0.0,0.0,-0.10035643198967395,0.6501351463678877,0.9152070265145266,-1.27,-3.64,6.38,0.844,0.9639836549758911,0.07142857142857142,0.09569279849529266,1.0,1.0,7.5,0.45400000000000007,True,True,False
14.275428295135498,forward_010,4.275428295135498,0.1,0.0,0.0,-0.31852258848896514,0.7374016089676042,0.7952156404399164,-1.27,-3.64,6.38,1.458,0.9783536195755005,0.14285714285714285,0.07328562717884779,1.0,1.0,7.5,0.45400000000000007,True,True,False
