time_s,phase,phase_elapsed_s,cmd_x,cmd_y,cmd_yaw,gyro_x,gyro_y,gyro_z,accel_x,accel_y,accel_z,joint_vel_abs_max,action_abs_max,action_saturation_frac,target_delta_abs_max,left_contact,right_contact,min_voltage,sum_abs_current,obs_finite,action_finite,missed_deadline
0.00011396408081054688,stand_pre,0.00011396408081054688,0.0,0.0,0.0,0.03490658503988659,-0.061086523819801536,-0.03599741582238305,-0.12,-0.5,9.15,0.0,0.7195239067077637,0.0,0.14390479028224945,1.0,1.0,7.8,0.14800000000000002,True,True,False
0.020705699920654297,stand_pre,0.020705699920654297,0.0,0.0,0.0,-0.002181661564992912,-0.037088246604879506,-0.00545415391248228,-1.09,-1.52,8.96,0.0,0.6754686236381531,0.0,0.018986906856298447,1.0,1.0,7.8,0.14800000000000002,True,True,False
0.04108262062072754,stand_pre,0.04108262062072754,0.0,0.0,0.0,-0.003272492347489368,0.019634954084936207,0.004363323129985824,0.05,-0.29,9.25,0.537,0.6607985496520996,0.0,0.03076413180679083,1.0,1.0,7.8,0.14800000000000002,True,True,False
0.06149935722351074,stand_pre,0.06149935722351074,0.0,0.0,0.0,-0.002181661564992912,0.02181661564992912,0.002181661564992912,0.0,-0.23,9.36,0.9970000000000001,0.6631373763084412,0.0,0.022382215596735477,1.0,1.0,7.8,0.14800000000000002,True,True,False
0.08200550079345703,stand_pre,0.08200550079345703,0.0,0.0,0.0,0.00545415391248228,0.020725784867432664,-0.002181661564992912,0.0,-0.23,9.36,1.6110000000000002,0.7151668071746826,0.0,0.06491601001471281,1.0,1.0,7.8,0.14800000000000002,True,True,False
0.10253310203552246,stand_pre,0.10253310203552246,0.0,0.0,0.0,-0.01090830782496456,0.006544984694978736,-0.09490227807719166,2.27,0.66,8.72,1.6110000000000002,0.7974771857261658,0.0,0.06495237722992897,1.0,1.0,7.8,0.14800000000000002,True,True,False
0.12292718887329102,stand_pre,0.12292718887329102,0.0,0.0,0.0,-0.031634092692397225,-0.2203478180642841,-0.24216443371421323,2.0100000000000002,1.17,6.15,1.458,0.8431050777435303,0.0,0.03384782373905182,1.0,1.0,7.8,0.14800000000000002,True,True,False
0.1433117389678955,stand_pre,0.1433117389678955,0.0,0.0,0.0,0.11344640137963143,-0.5137812985558308,-0.37742745074377376,0.97,-0.11,9.41,1.227,0.8124324083328247,0.0,0.028705798089504242,1.0,1.0,7.8,0.14800000000000002,True,True,False
0.16368579864501953,stand_pre,0.16368579864501953,0.0,0.0,0.0,0.18871372537188688,-0.44505895925855404,-0.4603305902135044,-0.96,-1.12,9.27,1.6110000000000002,0.7816997766494751,0.0,0.06254242733120918,1.0,1.0,7.8,0.14800000000000002,True,True,False
0.18417596817016602,stand_pre,0.18417596817016602,0.0,0.0,0.0,0.22143864884678055,-0.08944812416470939,-0.40578905108868163,-1.82,-3.2,8.24,1.381,0.7557544112205505,0.0,0.06962315738201141,1.0,1.0,7.8,0.14800000000000002,True,True,False
0.20454955101013184,stand_pre,0.20454955101013184,0.0,0.0,0.0,0.5214171140333059,-0.06872233929727672,0.1407171709420428,-1.18,-1.27,8.81,0.767,0.8064089417457581,0.0,0.03946925699710846,1.0,1.0,7.4,1.2990000000000002,True,True,False
0.22493791580200195,stand_pre,0.22493791580200195,0.0,0.0,0.0,0.5966844380255614,0.19634954084936207,0.49741883681838395,-1.18,-1.27,8.81,0.844,0.8095707893371582,0.0,0.02252359502017498,1.0,1.0,7.4,1.2990000000000002,True,True,False
0.2453162670135498,stand_pre,0.2453162670135498,0.0,0.0,0.0,-0.017453292519943295,0.5770494839406252,0.5912302841130791,-1.18,-1.27,8.81,1.534,0.7847209572792053,0.0,0.02592940255999565,1.0,1.0,7.4,1.2990000000000002,True,True,False
0.26569080352783203,stand_pre,0.26569080352783203,0.0,0.0,0.0,-0.3010692959690218,0.5912302841130791,0.856302164259718,-1.18,-1.27,8.81,1.765,0.7762662768363953,0.0,0.011445805430412292,1.0,1.0,7.4,1.2990000000000002,True,True,False
0.2861475944519043,stand_pre,0.2861475944519043,0.0,0.0,0.0,-0.2399827721492203,0.42978732830360367,0.6130468997630083,-1.18,-1.27,8.81,1.765,0.7888480424880981,0.0,0.03414314053952694,1.0,1.0,7.4,1.2990000000000002,True,True,False
0.3065226078033447,stand_pre,0.3065226078033447,0.0,0.0,0.0,-0.4177881896961426,0.3621558197888234,0.14726215563702155,0.34,2.04,9.26,1.381,0.8065987229347229,0.0,0.02133449725806713,1.0,1.0,7.4,1.2990000000000002,True,True,False
0.326887845993042,stand_pre,0.326887845993042,0.0,0.0,0.0,-0.7657632093125121,0.4406956361285682,-0.21925698728178766,-1.09,1.08,8.1,0.844,0.8424052596092224,0.0,0.011882781982421875,1.0,1.0,7.4,1.2990000000000002,True,True,False
0.3473167419433594,stand_pre,0.3473167419433594,0.0,0.0,0.0,-0.5246896063807953,0.385063266221249,-0.11017390903214205,-0.77,2.65,8.56,0.614,0.8363403081893921,0.0,0.012561067938804626,1.0,1.0,7.4,1.2990000000000002,True,True,False
0.3677976131439209,stand_pre,0.3677976131439209,0.0,0.0,0.0,-0.18980455615438332,0.41015237421866746,-0.33052172709642613,-0.63,0.09,7.97,0.46,0.84610515832901,0.0,0.016750767827033997,1.0,1.0,7.4,1.2990000000000002,True,True,False
0.38825321197509766,stand_pre,0.38825321197509766,0.0,0.0,0.0,-0.32070425005395803,0.4854196982109229,-0.6403176693254197,-1.18,-0.77,8.290000000000001,0.384,0.831512451171875,0.0,0.015728138387203217,1.0,1.0,7.4,1.2990000000000002,True,True,False
0.40865254402160645,stand_pre,0.40865254402160645,0.0,0.0,0.0,-0.272707695624114,0.46469391334349025,-0.42978732830360367,-1.68,-2.0300000000000002,9.13,0.384,0.8076620697975159,0.0,0.017700311727821827,1.0,1.0,7.7,0.4680000000000001,True,True,False
0.4290165901184082,stand_pre,0.4290165901184082,0.0,0.0,0.0,-0.17016960206944712,0.34033920413889424,-0.07635815477475191,-0.79,-2.12,8.81,0.46,0.6363814473152161,0.0,0.08143030293285847,1.0,1.0,7.7,0.4680000000000001,True,True,False
0.44937753677368164,stand_pre,0.44937753677368164,0.0,0.0,0.0,-0.16580627893946132,0.2301652951067522,-0.09272061651219876,-0.12,-2.67,8.83,0.6899999999999998,0.6459093689918518,0.0,0.03876874456182122,1.0,1.0,7.7,0.4680000000000001,True,True,False
0.4698011875152588,stand_pre,0.4698011875152588,0.0,0.0,0.0,-0.17889624832941878,-0.055632369907319255,0.21925698728178766,-1.49,-2.4,9.44,0.767,0.7212954163551331,0.0,0.04678768292069435,1.0,1.0,7.7,0.4680000000000001,True,True,False
0.49025988578796387,stand_pre,0.49025988578796387,0.0,0.0,0.0,-0.12544553998709243,-0.1810779098944117,0.6021385919380436,-2.2600000000000002,-0.6,9.48,0.844,0.8207926750183105,0.0,0.048800647258758545,1.0,1.0,7.7,0.4680000000000001,True,True,False
0.5106806755065918,stand_pre,0.5106806755065918,0.0,0.0,0.0,-0.16580627893946132,-0.2454369260617026,0.3817907738737596,-1.12,-2.34,8.31,0.9970000000000001,0.8575455546379089,0.0,0.0640392042696476,1.0,1.0,7.7,0.4680000000000001,True,True,False
0.531043291091919,stand_pre,0.531043291091919,0.0,0.0,0.0,-0.03490658503988659,-0.27707101875409984,0.21598449493429828,-1.53,-1.77,7.18,0.9210000000000002,0.8363965153694153,0.0,0.02497250586748123,1.0,1.0,7.7,0.4680000000000001,True,True,False
0.5514163970947266,stand_pre,0.5514163970947266,0.0,0.0,0.0,0.21162117180431245,-0.3097959422289935,0.31306843457648287,-1.22,-1.34,9.26,0.767,0.8068397045135498,0.0,0.020205363631248474,1.0,1.0,7.7,0.4680000000000001,True,True,False
0.5717990398406982,stand_pre,0.5717990398406982,0.0,0.0,0.0,0.2814343418840856,-0.17671458676442586,0.29343348049154666,-1.22,-1.34,9.26,0.9210000000000002,0.7951931357383728,0.0,0.014052126556634903,1.0,1.0,7.7,0.4680000000000001,True,True,False
0.5921602249145508,stand_pre,0.5921602249145508,0.0,0.0,0.0,0.02181661564992912,-0.35015668118136234,0.16253378659197193,-1.22,-1.34,9.26,0.767,0.8087735176086426,0.0,0.01401384174823761,1.0,1.0,7.7,0.4680000000000001,True,True,False
0.6125633716583252,stand_pre,0.6125633716583252,0.0,0.0,0.0,0.04254240051736178,-0.34143003492139073,0.10471975511965978,0.9,2.7,9.5,0.537,0.815075695514679,0.0,0.03620554506778717,1.0,1.0,7.8,0.116,True,True,False
0.6329197883605957,stand_pre,0.6329197883605957,0.0,0.0,0.0,0.08617563181722002,-0.17562375598192942,-0.06872233929727672,-0.73,1.92,7.66,0.46,0.6767377257347107,0.0,0.07129873335361481,1.0,1.0,7.8,0.116,True,True,False
0.6532809734344482,stand_pre,0.6532809734344482,0.0,0.0,0.0,0.05345070834232634,-0.026179938779914945,-0.3490658503988659,-0.42,1.31,7.9,0.614,0.8060906529426575,0.0,0.08959592878818512,1.0,1.0,7.8,0.116,True,True,False
0.6737771034240723,stand_pre,0.6737771034240723,0.0,0.0,0.0,0.14289883250703572,-0.23889194136672387,-0.3752457891787809,0.64,1.1,9.67,0.614,0.907237708568573,0.0,0.03950412850826979,1.0,1.0,7.8,0.116,True,True,False
0.6941432952880859,stand_pre,0.6941432952880859,0.0,0.0,0.0,0.13526301702956053,-0.20507618710933373,-0.4079707126536745,0.88,-0.85,8.89,1.074,0.8563734292984009,0.0,0.03763553500175476,1.0,1.0,7.8,0.116,True,True,False
0.7145192623138428,stand_pre,0.7145192623138428,0.0,0.0,0.0,0.11999138607461016,-0.04363323129985824,-0.35452000431134817,-0.9500000000000001,-1.68,8.75,1.6110000000000002,0.7478277683258057,0.0,0.05289018899202347,0.0,1.0,7.8,0.116,True,True,False
0.7348854541778564,stand_pre,0.7348854541778564,0.0,0.0,0.0,0.21162117180431245,-0.004363323129985824,-0.2650718801466388,-1.48,-4.34,9.700000000000001,2.225,0.7434999942779541,0.0,0.09182164445519447,0.0,1.0,7.8,0.116,True,True,False
0.7552793025970459,stand_pre,0.7552793025970459,0.0,0.0,0.0,0.35997415822383044,0.20725784867432664,0.11017390903214205,0.46,-4.97,7.5,0.9970000000000001,0.8061008453369141,0.0,0.04961613938212395,1.0,1.0,7.8,0.116,True,True,False
0.7756667137145996,stand_pre,0.7756667137145996,0.0,0.0,0.0,0.6599526234103559,-0.1265363707695889,0.45705809786601503,0.71,-2.62,8.540000000000001,0.537,0.8318473100662231,0.0,0.023936521261930466,1.0,1.0,7.8,0.116,True,True,False
0.7960283756256104,stand_pre,0.7960283756256104,0.0,0.0,0.0,0.7188574856651645,-0.09599310885968812,0.3883357585687383,0.6900000000000001,-3.1,7.07,0.9210000000000002,0.816978931427002,0.0,0.014821827411651611,1.0,1.0,7.8,0.116,True,True,False
0.8164057731628418,stand_pre,0.8164057731628418,0.0,0.0,0.0,0.4930555136883981,-0.4526947747360292,0.4636030825609938,0.6900000000000001,-3.1,7.07,1.765,0.8193718791007996,0.0,0.03668955061584711,1.0,0.0,7.7,0.27,True,True,False
0.8368089199066162,stand_pre,0.8368089199066162,0.0,0.0,0.0,-0.15489797111449674,-0.0272707695624114,0.08617563181722002,0.6900000000000001,-3.1,7.07,1.995,0.8629693984985352,0.0,0.02386932075023651,1.0,1.0,7.7,0.27,True,True,False
0.857172966003418,stand_pre,0.857172966003418,0.0,0.0,0.0,-0.2825251726665821,-0.02181661564992912,-0.3392483733563978,0.99,4.14,8.17,1.381,0.8639051914215088,0.0,0.049685508012771606,1.0,0.0,7.7,0.27,True,True,False
0.877528190612793,stand_pre,0.877528190612793,0.0,0.0,0.0,-0.3916082509162277,-0.15707963267948966,-0.755945732270044,0.39,0.76,6.78,0.767,0.8973352909088135,0.0,0.024096578359603882,1.0,0.0,7.7,0.27,True,True,False
0.8979506492614746,stand_pre,0.8979506492614746,0.0,0.0,0.0,-0.545415391248228,0.1189005552921137,-0.5945027764605685,0.37,1.28,6.82,0.307,0.9159167408943176,0.0,0.05690629035234451,1.0,1.0,7.7,0.27,True,True,False
0.9183087348937988,stand_pre,0.9183087348937988,0.0,0.0,0.0,-0.46469391334349025,0.04690572364734761,-0.3741549583962844,1.28,2.57,8.540000000000001,0.384,0.8793362975120544,0.0,0.019238919019699097,1.0,1.0,7.7,0.27,True,True,False
0.9386711120605469,stand_pre,0.9386711120605469,0.0,0.0,0.0,-0.2552544031041707,0.24325526449670967,-0.24216443371421323,-0.18,0.85,8.44,0.614,0.8844003081321716,0.0,0.020241379737854004,1.0,1.0,7.7,0.27,True,True,False
0.9590401649475098,stand_pre,0.9590401649475098,0.0,0.0,0.0,-0.1341721862470641,0.36760997370130566,-0.02181661564992912,-0.37,0.24,8.15,0.384,0.9046245217323303,0.0,0.010532397776842117,1.0,1.0,7.7,0.27,True,True,False
0.9794285297393799,stand_pre,0.9794285297393799,0.0,0.0,0.0,-0.12544553998709243,0.46469391334349025,0.2519819107566813,-1.45,-1.03,8.56,0.46,0.9018540382385254,0.0,0.012193437665700912,1.0,1.0,7.7,0.27,True,True,False
0.9998860359191895,stand_pre,0.9998860359191895,0.0,0.0,0.0,-0.25416357232167425,0.41560652813114973,0.4821472058634335,-1.45,-1.03,8.56,0.384,0.9016767740249634,0.0,0.022100843489170074,0.0,1.0,7.7,0.27,True,True,False
1.0202534198760986,stand_pre,1.0202534198760986,0.0,0.0,0.0,-0.44724062082354693,-0.019634954084936207,0.5890486225480862,-1.45,-1.03,8.56,0.46,0.8968251347541809,0.0,0.030169889330863953,0.0,1.0,7.7,0.199,True,True,False
1.041686773300171,stand_pre,1.041686773300171,0.0,0.0,0.0,-0.5672320068981571,0.09926560120717749,0.5705044992456465,-2.5,-2.05,8.6,0.23,0.8802083730697632,0.0,0.027766786515712738,0.0,1.0,7.7,0.199,True,True,False
1.0620677471160889,stand_pre,1.0620677471160889,0.0,0.0,0.0,-0.4166973589136462,-0.15271630954950383,0.4799655442984406,-2.07,-1.6600000000000001,9.31,0.384,0.8729262351989746,0.0,0.04389885254204273,1.0,1.0,7.7,0.199,True,True,False
1.0825421810150146,stand_pre,1.0825421810150146,0.0,0.0,0.0,-0.17562375598192942,-0.037088246604879506,0.13962634015954636,-1.53,-2.05,7.65,0.23,0.8824899196624756,0.0,0.013236060738563538,1.0,1.0,7.7,0.199,True,True,False
1.1029009819030762,stand_pre,1.1029009819030762,0.0,0.0,0.0,-0.037088246604879506,-0.14835298641951802,-0.06544984694978735,-0.38,-2.17,9.76,0.384,0.8800721168518066,0.0,0.015136826783418655,1.0,1.0,7.7,0.199,True,True,False
1.1232619285583496,stand_pre,1.1232619285583496,0.0,0.0,0.0,0.04908738521234052,-0.011999138607461015,-0.2945243112740431,-1.23,-1.44,8.91,0.307,0.9020110964775085,0.0,0.008532557636499405,1.0,1.0,7.7,0.199,True,True,False
1.14363431930542,stand_pre,1.14363431930542,0.0,0.0,0.0,0.27707101875409984,-0.16907877128695067,-0.35779249665883756,-1.23,-1.44,8.91,0.384,0.8839693069458008,0.0,0.012800503522157669,1.0,1.0,7.7,0.199,True,True,False
1.1639971733093262,stand_pre,1.1639971733093262,0.0,0.0,0.0,0.2945243112740431,-0.1734420944169365,-0.3981532356112064,0.17,0.5,9.56,0.307,0.8805090188980103,0.0,0.016982823610305786,1.0,1.0,7.7,0.199,True,True,False
1.184361457824707,stand_pre,1.184361457824707,0.0,0.0,0.0,0.29670597283903605,-0.10471975511965978,-0.4036073895236887,0.28,0.88,8.68,0.23,0.8724744915962219,0.0,0.010139420628547668,1.0,1.0,7.7,0.199,True,True,False
1.204740047454834,stand_pre,1.204740047454834,0.0,0.0,0.0,0.19853120241435498,-0.12435470920459599,-0.3741549583962844,0.13,-0.02,9.200000000000001,0.307,0.8675183057785034,0.0,0.008265145123004913,1.0,1.0,7.7,0.199,True,True,False
1.2250893115997314,stand_pre,1.2250893115997314,0.0,0.0,0.0,0.12544553998709243,-0.15271630954950383,-0.09708393964218458,0.0,0.39,9.72,0.307,0.8391174077987671,0.0,0.0127665214240551,1.0,1.0,7.8,0.069,True,True,False
1.245445966720581,stand_pre,1.245445966720581,0.0,0.0,0.0,-0.004363323129985824,-0.07090400086226964,0.06326818538479445,-0.31,-0.54,8.4,0.46,0.8616240620613098,0.0,0.014350943267345428,1.0,1.0,7.8,0.069,True,True,False
1.2658054828643799,stand_pre,1.2658054828643799,0.0,0.0,0.0,-0.11126473981463851,-0.12435470920459599,0.2879793265790644,-0.19,-0.77,8.870000000000001,0.46,0.8829076886177063,0.0,0.007185153663158417,1.0,1.0,7.8,0.069,True,True,False
1.2861745357513428,stand_pre,1.2861745357513428,0.0,0.0,0.0,-0.13962634015954636,-0.2301652951067522,0.47123889803846897,-0.01,-1.46,9.52,0.153,0.8938161134719849,0.0,0.01056479662656784,1.0,1.0,7.8,0.069,True,True,False
1.3066632747650146,stand_pre,1.3066632747650146,0.0,0.0,0.0,-0.0916297857297023,-0.2585268954516601,0.5486878835957173,1.05,-0.52,8.290000000000001,0.307,0.8817136883735657,0.0,0.019776765257120132,1.0,1.0,7.8,0.069,True,True,False
1.3270511627197266,stand_pre,1.3270511627197266,0.0,0.0,0.0,-0.044724062082354694,-0.28688849579656794,0.35779249665883756,0.22,-1.09,9.51,0.23,0.8848637938499451,0.0,0.01148558035492897,1.0,1.0,7.8,0.069,True,True,False
1.3474290370941162,stand_pre,1.3474290370941162,0.0,0.0,0.0,-0.06654067773228381,-0.09272061651219876,0.02399827721492203,-0.66,-0.22,9.4,0.46,0.8818869590759277,0.0,0.008724726736545563,1.0,1.0,7.8,0.069,True,True,False
1.3678102493286133,stand_pre,1.3678102493286133,0.0,0.0,0.0,-0.03599741582238305,-0.055632369907319255,-0.42542400517361784,0.01,-0.66,9.72,0.46,0.9281679391860962,0.0,0.018129341304302216,1.0,1.0,7.8,0.069,True,True,False
1.3881840705871582,stand_pre,1.3881840705871582,0.0,0.0,0.0,0.10471975511965978,-0.08726646259971647,-0.6424993308904126,0.31,-1.87,9.76,0.307,0.9432181715965271,0.0,0.008404992520809174,1.0,1.0,7.8,0.069,True,True,False
1.4086017608642578,stand_pre,1.4086017608642578,0.0,0.0,0.0,0.06217735460229799,0.10799224746714914,-0.49632800603588745,0.03,-0.52,9.03,0.23,0.93309086561203,0.0,0.008723333477973938,1.0,1.0,7.8,0.069,True,True,False
1.4289634227752686,stand_pre,1.4289634227752686,0.0,0.0,0.0,-0.04145156973486533,0.026179938779914945,-0.41015237421866746,0.52,-0.55,9.39,0.307,0.9309933185577393,0.0,0.004033580422401428,1.0,1.0,7.7,0.128,True,True,False
1.4493296146392822,stand_pre,1.4493296146392822,0.0,0.0,0.0,-0.08617563181722002,0.018544123302439753,-0.18871372537188688,0.32,0.09,8.78,0.23,0.9128870964050293,0.0,0.0056325942277908325,1.0,1.0,7.7,0.128,True,True,False
1.4697978496551514,stand_pre,1.4697978496551514,0.0,0.0,0.0,-0.08617563181722002,-0.003272492347489368,0.003272492347489368,0.09,-0.51,9.35,0.384,0.9091228246688843,0.0,0.008036889135837555,1.0,1.0,7.7,0.128,True,True,False
1.4902067184448242,stand_pre,1.4902067184448242,0.0,0.0,0.0,-0.06217735460229799,-0.2007128639793479,0.38724492778624187,0.05,-0.77,8.81,0.307,0.9117498397827148,0.0,0.011509023606777191,1.0,1.0,7.7,0.128,True,True,False
1.5105717182159424,stand_pre,1.5105717182159424,0.0,0.0,0.0,-0.09053895494720585,-0.2748893571891069,0.4166973589136462,0.28,-1.25,9.58,0.23,0.9126229286193848,0.0,0.005323268473148346,1.0,1.0,7.7,0.128,True,True,False
1.5309374332427979,stand_pre,1.5309374332427979,0.0,0.0,0.0,-0.2519819107566813,-0.11235557059713497,0.4308781590861001,0.35000000000000003,-0.79,9.18,0.23,0.9230698347091675,0.0,0.012347079813480377,1.0,1.0,7.7,0.128,True,True,False
1.5512962341308594,stand_pre,1.5512962341308594,0.0,0.0,0.0,-0.22252947962927702,-0.13308135546456762,0.2825251726665821,0.7000000000000001,-0.52,9.65,0.23,0.9191004633903503,0.0,0.00552830845117569,1.0,1.0,7.7,0.128,True,True,False
1.5717036724090576,stand_pre,1.5717036724090576,0.0,0.0,0.0,-0.20398535632683726,0.06654067773228381,0.10035643198967395,0.15,-0.5700000000000001,8.56,0.307,0.9270950555801392,0.0,0.010958880186080933,1.0,1.0,7.7,0.128,True,True,False
1.592179536819458,stand_pre,1.592179536819458,0.0,0.0,0.0,-0.1930770485018727,0.02181661564992912,-0.25416357232167425,0.15,-0.5700000000000001,8.56,0.46,0.9322119355201721,0.0,0.011241085827350616,1.0,1.0,7.7,0.128,True,True,False
1.6125531196594238,stand_pre,1.6125531196594238,0.0,0.0,0.0,-0.09490227807719166,0.061086523819801536,-0.5181446216858165,0.45,-1.1400000000000001,9.64,0.153,0.9424931406974792,0.0,0.00910574197769165,1.0,1.0,7.7,0.128,True,True,False
1.6329128742218018,stand_pre,1.6329128742218018,0.0,0.0,0.0,-0.038179077387375956,0.13526301702956053,-0.4908738521234052,0.11,-2.06,9.42,0.153,0.9446268677711487,0.0,0.00559571385383606,1.0,1.0,7.7,0.14100000000000001,True,True,False
1.653275728225708,stand_pre,1.653275728225708,0.0,0.0,0.0,0.039269908169872414,0.11017390903214205,-0.20725784867432664,0.05,-1.57,9.26,0.153,0.9333867430686951,0.0,0.00626392662525177,1.0,1.0,7.7,0.14100000000000001,True,True,False
1.6737186908721924,stand_pre,1.6737186908721924,0.0,0.0,0.0,0.06981317007977318,0.019634954084936207,-0.019634954084936207,0.27,-1.3,9.11,0.46,0.915519118309021,0.0,0.0035735219717025757,1.0,1.0,7.7,0.14100000000000001,True,True,False
1.6940865516662598,stand_pre,1.6940865516662598,0.0,0.0,0.0,0.10035643198967395,-0.04036073895236887,0.16689710972195776,0.85,-1.22,9.700000000000001,0.384,0.9129233956336975,0.0,0.004934176802635193,1.0,1.0,7.7,0.14100000000000001,True,True,False
1.7145421504974365,stand_pre,1.7145421504974365,0.0,0.0,0.0,0.07963064712224129,0.04363323129985824,0.42215151282612845,0.26,-0.81,8.34,0.153,0.9155694842338562,0.0,0.018208593130111694,1.0,1.0,7.7,0.14100000000000001,True,True,False
1.7350265979766846,stand_pre,1.7350265979766846,0.0,0.0,0.0,0.02945243112740431,-0.09490227807719166,0.44505895925855404,0.6,0.04,9.52,0.23,0.9085544943809509,0.0,0.012136012315750122,1.0,1.0,7.7,0.14100000000000001,True,True,False
1.7554059028625488,stand_pre,1.7554059028625488,0.0,0.0,0.0,0.006544984694978736,-0.01090830782496456,0.284706834231575,0.6,0.04,9.52,0.077,0.9034836888313293,0.0,0.010417964309453964,1.0,1.0,7.7,0.14100000000000001,True,True,False
1.7758853435516357,stand_pre,1.7758853435516357,0.0,0.0,0.0,-0.03599741582238305,0.17562375598192942,0.06654067773228381,-0.11,-0.29,9.040000000000001,0.153,0.8872525691986084,0.0,0.01346125453710556,1.0,1.0,7.7,0.14100000000000001,True,True,False
1.796250820159912,stand_pre,1.796250820159912,0.0,0.0,0.0,-0.004363323129985824,0.07526732399225546,-0.07526732399225546,-0.26,-0.48,9.3,0.307,0.8725385665893555,0.0,0.01877697929739952,1.0,1.0,7.7,0.14100000000000001,True,True,False
1.8166179656982422,stand_pre,1.8166179656982422,0.0,0.0,0.0,0.031634092692397225,0.11453723216212788,-0.18653206380689397,0.04,-1.19,8.73,0.384,0.8833038806915283,0.0,0.009499840438365936,1.0,1.0,7.7,0.14100000000000001,True,True,False
1.836979866027832,stand_pre,1.836979866027832,0.0,0.0,0.0,0.06326818538479445,0.0818123086872342,-0.20289452554434081,0.25,-1.49,9.57,0.537,0.8932428359985352,0.0,0.010827891528606415,1.0,1.0,7.7,0.14700000000000002,True,True,False
1.8573410511016846,stand_pre,1.8573410511016846,0.0,0.0,0.0,0.1538071403320003,0.1265363707695889,-0.17016960206944712,-0.3,-1.52,8.870000000000001,0.23,0.8902748823165894,0.0,0.009599704295396805,1.0,1.0,7.7,0.14700000000000002,True,True,False
1.8777709007263184,stand_pre,1.8777709007263184,0.0,0.0,0.0,0.2694352032766246,0.05781403147231216,-0.11235557059713497,-0.3,-1.52,8.870000000000001,0.153,0.8857235312461853,0.0,0.008922934532165527,1.0,1.0,7.7,0.14700000000000002,True,True,False
1.8981986045837402,stand_pre,1.8981986045837402,0.0,0.0,0.0,0.22907446432425577,0.10799224746714914,-0.018544123302439753,0.28,-1.23,9.55,0.23,0.8836662173271179,0.0,0.0028880611062049866,1.0,1.0,7.7,0.14700000000000002,True,True,False
1.9185717105865479,stand_pre,1.9185717105865479,0.0,0.0,0.0,0.14289883250703572,0.039269908169872414,0.05781403147231216,0.16,-0.7000000000000001,8.94,0.153,0.8840133547782898,0.0,0.0035406090319156647,1.0,1.0,7.7,0.14700000000000002,True,True,False
1.9389488697052002,stand_pre,1.9389488697052002,0.0,0.0,0.0,0.02181661564992912,0.025089107997418487,0.12544553998709243,-0.05,-0.3,8.84,0.23,0.8921230435371399,0.0,0.0028885304927825928,1.0,1.0,7.7,0.14700000000000002,True,True,False
1.9593300819396973,stand_pre,1.9593300819396973,0.0,0.0,0.0,-0.05345070834232634,0.04145156973486533,0.11017390903214205,-0.2,-0.07,9.25,0.23,0.9002403616905212,0.0,0.0034896358847618103,1.0,1.0,7.7,0.14700000000000002,True,True,False
1.9798293113708496,stand_pre,1.9798293113708496,0.0,0.0,0.0,-0.0818123086872342,-0.015271630954950384,0.13744467859455345,-0.05,0.02,9.17,0.153,0.9108491539955139,0.0,0.002121761441230774,1.0,1.0,7.7,0.14700000000000002,True,True,False
2.0002057552337646,forward_005,0.00020575523376464844,0.05,0.0,0.0,-0.14944381720201447,0.001090830782496456,0.07635815477475191,0.02,-0.12,9.3,0.153,0.8981627225875854,0.0,0.013621238991618156,1.0,1.0,7.7,0.14700000000000002,True,True,False
2.020573854446411,forward_005,0.020573854446411133,0.05,0.0,0.0,-0.20616701789183017,0.02181661564992912,-0.008726646259971648,-0.38,-0.67,9.63,0.23,0.9044589996337891,0.0,0.013533838093280792,1.0,1.0,7.7,0.14700000000000002,True,True,False
2.040942668914795,forward_005,0.04094266891479492,0.05,0.0,0.0,-0.18762289458939044,0.055632369907319255,-0.030543261909900768,-0.31,-0.78,8.93,0.153,0.9141694903373718,0.0,0.005498208105564117,1.0,1.0,7.7,0.068,True,True,False
2.061891794204712,forward_005,0.061891794204711914,0.05,0.0,0.0,-0.11453723216212788,0.03599741582238305,-0.1090830782496456,0.02,-1.27,9.1,0.153,0.9104360938072205,0.0,0.00453486293554306,1.0,1.0,7.7,0.068,True,True,False
2.082270860671997,forward_005,0.08227086067199707,0.05,0.0,0.0,-0.08617563181722002,-0.018544123302439753,-0.12544553998709243,0.0,-1.47,8.73,0.23,0.9063354134559631,0.0,0.004435420036315918,1.0,1.0,7.7,0.068,True,True,False
2.102635383605957,forward_005,0.10263538360595703,0.05,0.0,0.0,-0.08508480103472356,-0.061086523819801536,-0.1559888018969932,-0.05,-1.17,9.41,0.153,0.9173859357833862,0.0,0.004228420555591583,1.0,1.0,7.7,0.068,True,True,False
2.123084306716919,forward_005,0.12308430671691895,0.05,0.0,0.0,-0.032724923474893676,-0.0818123086872342,-0.1636246173744684,0.0,-1.54,9.33,0.153,0.9235933423042297,0.0,0.0040933191776275635,1.0,1.0,7.7,0.068,True,True,False
2.1434543132781982,forward_005,0.14345431327819824,0.05,0.0,0.0,0.00545415391248228,-0.04254240051736178,-0.0916297857297023,-0.02,-1.33,9.05,0.077,0.9241067171096802,0.0,0.0036720186471939087,1.0,1.0,7.7,0.068,True,True,False
2.1638174057006836,forward_005,0.1638174057006836,0.05,0.0,0.0,-0.002181661564992912,-0.04581489286485115,-0.039269908169872414,0.28,-1.04,9.59,0.077,0.9249717593193054,0.0,0.0021636486053466797,1.0,1.0,7.7,0.068,True,True,False
2.1841824054718018,forward_005,0.18418240547180176,0.05,0.0,0.0,0.037088246604879506,0.008726646259971648,0.04036073895236887,0.03,-0.71,9.25,0.153,0.9191442131996155,0.0,0.006398186087608337,1.0,1.0,7.7,0.068,True,True,False
2.2046663761138916,forward_005,0.2046663761138916,0.05,0.0,0.0,0.037088246604879506,-0.018544123302439753,0.07417649320975901,0.26,-0.36,9.290000000000001,0.077,0.9152740836143494,0.0,0.003232799470424652,1.0,1.0,7.7,0.068,True,True,False
2.225266933441162,forward_005,0.2252669334411621,0.05,0.0,0.0,0.03381575425739013,0.019634954084936207,0.009817477042468103,-0.04,-0.44,9.64,0.153,0.9135526418685913,0.0,0.009686492383480072,1.0,1.0,7.7,0.068,True,True,False
2.245637893676758,forward_005,0.2456378936767578,0.05,0.0,0.0,0.025089107997418487,0.07417649320975901,-0.031634092692397225,-0.28,-0.5,8.58,0.077,0.900608479976654,0.0,0.0088995061814785,1.0,1.0,7.8,0.063,True,True,False
2.265993118286133,forward_005,0.2659931182861328,0.05,0.0,0.0,0.02181661564992912,0.008726646259971648,-0.05781403147231216,-0.06,-0.96,9.44,0.077,0.8829983472824097,0.0,0.008510217070579529,1.0,1.0,7.8,0.063,True,True,False
2.286423921585083,forward_005,0.286423921585083,0.05,0.0,0.0,0.013089969389957472,0.0,0.050178215994836975,0.13,-0.86,9.14,0.153,0.8759115934371948,0.0,0.015429370105266571,1.0,1.0,7.8,0.063,True,True,False
2.3067891597747803,forward_005,0.3067891597747803,0.05,0.0,0.0,0.08835729338221293,-0.02399827721492203,0.0545415391248228,0.12,-0.87,9.51,0.23,0.8576061129570007,0.0,0.014419320970773697,1.0,1.0,7.8,0.063,True,True,False
2.327265739440918,forward_005,0.32726573944091797,0.05,0.0,0.0,0.11344640137963143,0.004363323129985824,0.04036073895236887,0.23,-1.1,9.11,0.307,0.8504992723464966,0.0,0.013950914144515991,1.0,1.0,7.8,0.063,True,True,False
2.3476266860961914,forward_005,0.3476266860961914,0.05,0.0,0.0,0.10799224746714914,0.04690572364734761,0.022907446432425576,0.22,-0.92,8.96,0.537,0.8383339047431946,0.0,0.007472803816199303,1.0,1.0,7.8,0.063,True,True,False
2.367990255355835,forward_005,0.36799025535583496,0.05,0.0,0.0,0.17235126363444003,0.07963064712224129,-0.07635815477475191,0.14,-1.28,9.19,0.614,0.8045042157173157,0.0,0.009862381964921951,1.0,1.0,7.8,0.063,True,True,False
2.3884551525115967,forward_005,0.3884551525115967,0.05,0.0,0.0,0.20616701789183017,0.11671889372712078,-0.09381144729469522,-0.16,-1.72,9.26,0.614,0.7700796127319336,0.0,0.013520993292331696,1.0,1.0,7.8,0.063,True,True,False
2.4088282585144043,forward_005,0.4088282585144043,0.05,0.0,0.0,0.23343778745424157,0.12108221685710661,-0.04036073895236887,-0.08,-1.51,9.32,0.537,0.7300141453742981,0.0,0.012454241514205933,1.0,1.0,7.8,0.063,True,True,False
2.4292001724243164,forward_005,0.4292001724243164,0.05,0.0,0.0,0.2781618495365963,0.16798794050445423,-0.032724923474893676,0.11,-1.47,9.76,0.307,0.6794297099113464,0.0,0.017147034406661987,1.0,1.0,7.8,0.063,True,True,False
2.4496331214904785,forward_005,0.4496331214904785,0.05,0.0,0.0,0.20289452554434081,0.23125612588924865,-0.01090830782496456,0.11,-1.47,9.76,0.307,0.6230893135070801,0.0,0.016517378389835358,1.0,1.0,7.6,0.4,True,True,False
2.4699995517730713,forward_005,0.4699995517730713,0.05,0.0,0.0,0.11126473981463851,0.24980024919168842,0.10362892433716332,0.26,-0.21,8.85,0.537,0.6518570184707642,0.0,0.012436062097549438,1.0,1.0,7.6,0.4,True,True,False
2.490354537963867,forward_005,0.4903545379638672,0.05,0.0,0.0,0.08072147790473774,0.2781618495365963,0.2596177262341565,0.27,-0.02,8.94,0.537,0.6407454609870911,0.0,0.0082668736577034,1.0,1.0,7.6,0.4,True,True,False
2.510725498199463,forward_005,0.5107254981994629,0.05,0.0,0.0,0.009817477042468103,0.19525871006686563,0.34797501961636945,0.27,-0.02,8.94,0.614,0.6639323830604553,0.0,0.01294628530740738,1.0,1.0,7.6,0.4,True,True,False
2.531198501586914,forward_005,0.5311985015869141,0.05,0.0,0.0,-0.12217304763960307,0.17998707911191522,0.358883327441334,-0.61,0.79,9.05,0.46,0.6659958958625793,0.0,0.01936417445540428,1.0,1.0,7.6,0.4,True,True,False
2.5515620708465576,forward_005,0.5515620708465576,0.05,0.0,0.0,-0.2279836335417593,0.2781618495365963,0.18871372537188688,-0.47000000000000003,0.5700000000000001,8.91,0.46,0.5507124662399292,0.0,0.05945049040019512,1.0,1.0,7.6,0.4,True,True,False
2.5720479488372803,forward_005,0.5720479488372803,0.05,0.0,0.0,-0.2901609881440573,0.19962203319685143,-0.04254240051736178,-0.47000000000000003,0.5700000000000001,8.91,0.307,0.3842582404613495,0.0,0.08794518373906612,1.0,1.0,7.6,0.4,True,True,False
2.5924131870269775,forward_005,0.5924131870269775,0.05,0.0,0.0,-0.1908953869368798,0.2007128639793479,-0.12544553998709243,-0.06,-0.68,9.3,0.384,0.7513927817344666,0.0,0.13767629396170378,1.0,1.0,7.6,0.4,True,True,False
2.612874746322632,forward_005,0.6128747463226318,0.05,0.0,0.0,-0.15271630954950383,0.3010692959690218,-0.08726646259971647,-0.9400000000000001,-2.68,7.9,1.381,0.7084622383117676,0.0,0.06614063680171967,1.0,1.0,7.6,0.4,True,True,False
2.6334145069122314,forward_005,0.6334145069122314,0.05,0.0,0.0,-0.21380283336930536,0.04581489286485115,-0.05781403147231216,-0.9400000000000001,-2.68,7.9,1.381,0.7502559423446655,0.0,0.0624485700391233,1.0,1.0,7.6,0.4,True,True,False
2.653790235519409,forward_005,0.6537902355194092,0.05,0.0,0.0,-0.18762289458939044,0.2912518189265537,-0.08944812416470939,-3.24,-1.92,4.59,0.9210000000000002,0.690814197063446,0.0,0.10340229980647564,1.0,1.0,7.6,0.43,True,True,False
2.674151659011841,forward_005,0.6741516590118408,0.05,0.0,0.0,-0.009817477042468103,-0.04799655442984406,0.19962203319685143,-3.24,-1.92,4.59,0.6899999999999998,0.8016662001609802,0.0,0.0364803671836853,1.0,1.0,7.6,0.43,True,True,False
2.6946260929107666,forward_005,0.6946260929107666,0.05,0.0,0.0,-0.3021601267515183,-0.026179938779914945,0.4308781590861001,-3.24,-1.92,4.59,1.074,0.8297843337059021,0.0,0.025666184723377228,1.0,1.0,7.6,0.43,True,True,False
2.715101718902588,forward_005,0.7151017189025879,0.05,0.0,0.0,-0.42978732830360367,-0.48432886742842646,0.48432886742842646,-3.24,-1.92,4.59,1.304,0.8199828267097473,0.0,0.029949989169836044,1.0,1.0,7.6,0.43,True,True,False
2.7354743480682373,forward_005,0.7354743480682373,0.05,0.0,0.0,-0.07853981633974483,-0.33815754257390135,0.31525009614147576,-3.24,-1.92,4.59,1.227,0.8220869898796082,0.0,0.01763264834880829,1.0,1.0,7.6,0.43,True,True,False
2.7558252811431885,forward_005,0.7558252811431885,0.05,0.0,0.0,0.30543261909900765,-0.008726646259971648,-0.028361600344907856,-3.24,-1.92,4.59,0.9210000000000002,0.8114787340164185,0.0,0.01913806051015854,1.0,1.0,7.6,0.43,True,True,False
2.7761881351470947,forward_005,0.7761881351470947,0.05,0.0,0.0,0.39706240482870997,0.04145156973486533,-0.459239759431008,0.64,0.46,7.86,0.614,0.8380382061004639,0.0,0.035508617758750916,1.0,1.0,7.6,0.43,True,True,False
2.7965614795684814,forward_005,0.7965614795684814,0.05,0.0,0.0,0.2585268954516601,0.24652775684419906,-0.7755806863549802,0.64,0.46,7.86,0.614,0.8707956671714783,0.0,0.01765090972185135,1.0,1.0,7.6,0.43,True,True,False
2.8170530796051025,forward_005,0.8170530796051025,0.05,0.0,0.0,0.2454369260617026,0.42978732830360367,-0.8508480103472357,-1.05,-1.45,9.34,0.384,0.884154200553894,0.0,0.01349908858537674,1.0,1.0,7.6,0.43,True,True,False
2.837409019470215,forward_005,0.8374090194702148,0.05,0.0,0.0,0.3327033886614191,0.35124751196385884,-0.6305001922829515,-1.11,-3.73,9.65,0.46,0.8638304471969604,0.0,0.008716627955436707,1.0,1.0,7.6,0.43,True,True,False
2.857781171798706,forward_005,0.857781171798706,0.05,0.0,0.0,0.21380283336930536,0.21707532571679475,-0.02399827721492203,-0.86,-3.67,8.17,0.537,0.8614515066146851,0.0,0.02527347207069397,1.0,1.0,7.7,0.34500000000000003,True,True,False
2.878136396408081,forward_005,0.878136396408081,0.05,0.0,0.0,0.13526301702956053,0.030543261909900768,0.6872233929727672,-0.68,-1.58,7.99,0.307,0.8837975263595581,0.0,0.05459183640778065,1.0,1.0,7.7,0.34500000000000003,True,True,False
2.898505210876465,forward_005,0.8985052108764648,0.05,0.0,0.0,0.014180800172453928,0.14180800172453928,0.7755806863549802,-1.37,-1.33,8.290000000000001,0.46,0.8566917181015015,0.0,0.030724389478564262,1.0,1.0,7.7,0.34500000000000003,True,True,False
2.91896653175354,forward_005,0.91896653175354,0.05,0.0,0.0,0.022907446432425576,-0.15707963267948966,0.5999569303730508,-0.63,-0.2,8.66,0.6899999999999998,0.8255570530891418,0.0,0.03338728635571897,1.0,1.0,7.7,0.34500000000000003,True,True,False
2.939345121383667,forward_005,0.939345121383667,0.05,0.0,0.0,0.12871803233458182,-0.10581058590215622,0.3643374813538163,-0.53,0.26,8.03,1.151,0.7111455798149109,0.0,0.026643545366823673,1.0,1.0,7.7,0.34500000000000003,True,True,False
2.95971941947937,forward_005,0.9597194194793701,0.05,0.0,0.0,0.25634523388666713,-0.0818123086872342,-0.03599741582238305,-1.24,-1.28,9.48,1.074,0.6674726009368896,0.0,0.031077735126018524,1.0,1.0,7.7,0.34500000000000003,True,True,False
2.980201482772827,forward_005,0.9802014827728271,0.05,0.0,0.0,0.40033489717619936,-0.04036073895236887,-0.4341506514335895,-1.24,-1.28,9.48,0.537,0.6685966849327087,0.0,0.048991646617650986,1.0,1.0,7.7,0.34500000000000003,True,True,False
3.0005815029144287,forward_005,1.0005815029144287,0.05,0.0,0.0,0.3861540970037454,0.04908738521234052,-0.4723297288209654,-1.24,-1.28,9.48,0.537,0.6600179076194763,0.0,0.03253912553191185,1.0,1.0,7.7,0.34500000000000003,True,True,False
3.021055221557617,forward_005,1.0210552215576172,0.05,0.0,0.0,0.2279836335417593,0.10362892433716332,-0.36979163526629855,-1.24,-1.28,9.48,0.9970000000000001,0.7124494910240173,0.0,0.013602145249024034,1.0,1.0,7.7,0.34500000000000003,True,True,False
3.0415399074554443,forward_005,1.0415399074554443,0.05,0.0,0.0,0.14180800172453928,0.21380283336930536,-0.018544123302439753,-1.24,-1.28,9.48,1.381,0.7170851230621338,0.0,0.049491146579384804,1.0,1.0,7.7,0.34500000000000003,True,True,False
3.061903715133667,forward_005,1.061903715133667,0.05,0.0,0.0,0.17453292519943295,0.272707695624114,0.48978302134090873,-1.31,0.41000000000000003,9.09,1.381,0.7192474603652954,0.0,0.04956492781639099,1.0,1.0,7.7,0.326,True,True,False
3.082890748977661,forward_005,1.0828907489776611,0.05,0.0,0.0,-0.08072147790473774,0.19744037163185854,0.657770961845363,-1.2,0.8200000000000001,8.59,0.9210000000000002,0.7317871451377869,0.0,0.04023253917694092,1.0,1.0,7.7,0.326,True,True,False
3.1033647060394287,forward_005,1.1033647060394287,0.05,0.0,0.0,-0.20507618710933373,0.09817477042468103,0.43196898986859655,1.03,1.75,8.23,0.46,0.5868863463401794,0.0,0.08858499024063349,1.0,1.0,7.7,0.326,True,True,False
3.1237337589263916,forward_005,1.1237337589263916,0.05,0.0,0.0,-0.15707963267948966,-0.039269908169872414,0.0,1.18,0.91,7.49,0.844,0.5275120735168457,0.0,0.0643966905772686,1.0,1.0,7.7,0.326,True,True,False
3.144101858139038,forward_005,1.144101858139038,0.05,0.0,0.0,-0.14944381720201447,-0.22907446432425577,-0.3141592653589793,-0.93,-0.26,8.1,0.6899999999999998,0.8505582809448242,0.0,0.08569665811955929,1.0,1.0,7.7,0.326,True,True,False
3.1644582748413086,forward_005,1.1644582748413086,0.05,0.0,0.0,-0.22362031041177347,-0.4723297288209654,-0.43196898986859655,-0.93,-0.26,8.1,1.227,0.827873170375824,0.0,0.03899895399808884,1.0,1.0,7.7,0.326,True,True,False
3.184828758239746,forward_005,1.184828758239746,0.05,0.0,0.0,-0.3370667117914049,0.028361600344907856,-0.5835944686356039,-3.17,-0.18,5.24,1.381,0.706416130065918,0.0,0.043837524368427694,1.0,1.0,7.7,0.326,True,True,False
3.2051925659179688,forward_005,1.2051925659179688,0.05,0.0,0.0,-0.2454369260617026,-0.025089107997418487,-0.4723297288209654,-0.51,-0.17,6.99,1.381,0.7779010534286499,0.0,0.054912976920604706,1.0,1.0,7.7,0.326,True,True,False
3.225558280944824,forward_005,1.2255582809448242,0.05,0.0,0.0,-0.3785182815262702,-0.48323803664593,0.05672320068981571,-0.51,-0.17,6.99,1.151,0.8742912411689758,0.0,0.03913363069295883,1.0,1.0,7.7,0.326,True,True,False
3.2460148334503174,forward_005,1.2460148334503174,0.05,0.0,0.0,-0.7668540400950086,-0.1559888018969932,0.28907015736156083,-0.51,-0.17,6.99,0.9210000000000002,0.8747280240058899,0.0,0.033875472843647,1.0,1.0,7.7,0.326,True,True,False
3.2663958072662354,forward_005,1.2663958072662354,0.05,0.0,0.0,-0.6348635154129374,-0.4385139745635753,0.495237175253391,-2.94,1.12,9.700000000000001,0.9210000000000002,0.8521793484687805,0.0,0.03479067236185074,1.0,1.0,7.6,0.551,True,True,False
3.2867512702941895,forward_005,1.2867512702941895,0.05,0.0,0.0,-0.32615840396644036,-0.21598449493429828,0.2923426497090502,-2.94,1.12,9.700000000000001,0.9210000000000002,0.8363745212554932,0.0,0.017560068517923355,1.0,1.0,7.6,0.551,True,True,False
3.3071155548095703,forward_005,1.3071155548095703,0.05,0.0,0.0,-0.011999138607461015,-0.04254240051736178,-0.17016960206944712,-2.94,1.12,9.700000000000001,0.9970000000000001,0.7844377160072327,0.0,0.02763541042804718,1.0,1.0,7.6,0.551,True,True,False
3.3275887966156006,forward_005,1.3275887966156006,0.05,0.0,0.0,-0.09490227807719166,0.004363323129985824,-0.557414529855689,0.73,-2.5100000000000002,6.53,0.844,0.8753261566162109,0.0,0.03271077200770378,1.0,1.0,7.6,0.551,True,True,False
3.347960948944092,forward_005,1.3479609489440918,0.05,0.0,0.0,-0.04145156973486533,0.0818123086872342,-0.6348635154129374,2.2,-4.48,6.62,0.537,0.9015986323356628,0.0,0.01668970286846161,1.0,1.0,7.6,0.551,True,True,False
3.3683342933654785,forward_005,1.3683342933654785,0.05,0.0,0.0,0.26725354171163174,0.06654067773228381,-0.17780541754692233,-0.8200000000000001,-3.14,9.75,0.46,0.7588500380516052,0.0,0.03898701071739197,1.0,1.0,7.6,0.551,True,True,False
3.3886964321136475,forward_005,1.3886964321136475,0.05,0.0,0.0,0.4788747135159442,0.07417649320975901,0.26070855701665296,-0.8200000000000001,-3.14,9.75,0.46,0.703826367855072,0.0,0.07220746576786041,1.0,1.0,7.6,0.551,True,True,False
3.409062385559082,forward_005,1.409062385559082,0.05,0.0,0.0,0.20725784867432664,-0.06872233929727672,0.559596191420682,-0.8200000000000001,-3.14,9.75,0.384,0.7916080951690674,0.0,0.07454315945506096,1.0,1.0,7.6,0.551,True,True,False
3.42942476272583,forward_005,1.42942476272583,0.05,0.0,0.0,0.17453292519943295,-0.025089107997418487,0.36324665057131983,-1.21,2.32,9.51,0.767,0.6962450742721558,0.0,0.21580995246767998,0.0,1.0,7.6,0.551,True,True,False
3.4498608112335205,forward_005,1.4498608112335205,0.05,0.0,0.0,0.24870941840919197,0.09381144729469522,-0.08399397025222712,-1.32,2.2800000000000002,9.65,1.151,0.8493918180465698,0.0,0.16893142834305763,0.0,1.0,7.6,0.551,True,True,False
3.4702372550964355,forward_005,1.4702372550964355,0.05,0.0,0.0,0.24107360293171676,0.1538071403320003,-0.4723297288209654,-1.98,-0.37,7.96,1.841,0.5648703575134277,0.0,0.08843356370925903,0.0,1.0,7.7,0.11000000000000001,True,True,False
3.4905898571014404,forward_005,1.4905898571014404,0.05,0.0,0.0,0.5126904677733343,0.10690141668465268,-0.2814343418840856,-1.98,-0.37,7.96,1.765,0.719332218170166,0.0,0.06242164969444275,0.0,1.0,7.7,0.11000000000000001,True,True,False
3.5109550952911377,forward_005,1.5109550952911377,0.05,0.0,0.0,0.8944812416470939,0.08508480103472356,-0.13962634015954636,-2.25,-0.88,8.83,1.765,0.640733540058136,0.0,0.13622784987092018,0.0,0.0,7.7,0.11000000000000001,True,True,False
3.531440496444702,forward_005,1.5314404964447021,0.05,0.0,0.0,1.0962849364089382,0.0272707695624114,0.12326387842209953,-3.41,-0.52,9.3,1.074,0.7039611339569092,0.0,0.05408613011240959,0.0,0.0,7.7,0.11000000000000001,True,True,False
3.551800012588501,forward_005,1.551800012588501,0.05,0.0,0.0,1.0417433972841155,0.19416787928436915,0.35015668118136234,-3.41,-0.52,9.3,0.767,0.7827810049057007,0.0,0.045614711940288544,0.0,0.0,7.7,0.11000000000000001,True,True,False
3.572282075881958,forward_005,1.572282075881958,0.05,0.0,0.0,0.9632035809443706,0.3567016658763411,0.44505895925855404,-3.7600000000000002,0.92,8.99,1.304,0.78130042552948,0.0,0.029590044170618057,1.0,0.0,7.7,0.11000000000000001,True,True,False
3.592756509780884,forward_005,1.5927565097808838,0.05,0.0,0.0,0.9577494270318884,0.4701480672559725,0.3534291735288517,-3.41,1.19,9.48,2.225,0.7693192362785339,0.0,0.04395354585722089,1.0,0.0,7.7,0.11000000000000001,True,True,False
3.613128662109375,forward_005,1.613128662109375,0.05,0.0,0.0,0.9861110273767962,0.3327033886614191,0.7079491778402,-3.41,1.19,9.48,1.995,0.7001647353172302,0.0,0.03545346483588219,1.0,0.0,7.7,0.11000000000000001,True,True,False
3.633493423461914,forward_005,1.633493423461914,0.05,0.0,0.0,0.36760997370130566,0.284706834231575,0.7810348402674625,-1.59,4.25,8.56,1.688,0.682440996170044,0.0,0.06834190338850021,0.0,0.0,7.7,0.11000000000000001,True,True,False
3.653867483139038,forward_005,1.653867483139038,0.05,0.0,0.0,-0.15926129424448257,-0.2476185876266955,0.6632251157578453,-2.49,4.17,8.32,1.227,0.7118059992790222,0.0,0.053279345855116844,0.0,0.0,7.7,0.11000000000000001,True,True,False
3.674323558807373,forward_005,1.674323558807373,0.05,0.0,0.0,-0.39269908169872414,-0.14835298641951802,0.03599741582238305,-3.0300000000000002,1.6500000000000001,6.67,0.614,0.6250078082084656,0.0,0.047582823783159256,0.0,0.0,7.6,0.622,True,True,False
3.6946864128112793,forward_005,1.6946864128112793,0.05,0.0,0.0,-0.5650503453331642,-0.11235557059713497,-0.4526947747360292,-1.58,1.54,9.21,1.381,0.9217004776000977,0.0,0.09921099431812763,0.0,0.0,7.6,0.622,True,True,False
3.7151451110839844,forward_005,1.7151451110839844,0.05,0.0,0.0,-0.41015237421866746,0.05672320068981571,-0.6141377305455047,-1.84,0.63,8.540000000000001,1.765,0.9163459539413452,0.0,0.11746165342628956,0.0,0.0,7.6,0.622,True,True,False
3.73561429977417,forward_005,1.73561429977417,0.05,0.0,0.0,-0.33815754257390135,0.04690572364734761,-0.5017821599483697,-1.84,0.63,8.540000000000001,1.765,0.8586288094520569,0.0,0.10007042065262794,0.0,0.0,7.6,0.622,True,True,False
3.7560760974884033,forward_005,1.7560760974884033,0.05,0.0,0.0,-0.33597588100890846,0.16471544815696484,-0.6250460383704692,-1.49,2.22,8.94,1.841,0.794011652469635,0.0,0.04878539592027664,0.0,0.0,7.6,0.622,True,True,False
3.7764291763305664,forward_005,1.7764291763305664,0.05,0.0,0.0,-0.39924406639370286,0.2476185876266955,-0.8824821030396329,-2.12,0.49,8.93,1.765,0.7500941753387451,0.0,0.045677030459046364,0.0,0.0,7.6,0.622,True,True,False
3.796781301498413,forward_005,1.796781301498413,0.05,0.0,0.0,-0.5945027764605685,0.2792526803190927,-0.9119345341670372,-2.38,0.92,9.450000000000001,1.304,0.7584341168403625,0.0,0.04046427458524704,0.0,0.0,7.6,0.622,True,True,False
3.817251205444336,forward_005,1.817251205444336,0.05,0.0,0.0,-0.5737769915931359,0.2399827721492203,-0.9293878266869805,-1.8,0.13,9.65,1.381,0.8208261132240295,0.0,0.046434078365564346,0.0,0.0,7.6,0.622,True,True,False
3.8376126289367676,forward_005,1.8376126289367676,0.05,0.0,0.0,-0.4537856055185257,0.3239767424014474,-0.9108437033845407,-2.11,-0.51,9.13,1.918,0.8983952403068542,0.0,0.039237283170223236,0.0,0.0,7.6,0.622,True,True,False
3.8579859733581543,forward_005,1.8579859733581543,0.05,0.0,0.0,-0.3021601267515183,0.17998707911191522,-0.904298718689562,-0.56,0.62,8.77,1.995,0.8855020403862,0.0,0.03137166425585747,0.0,0.0,7.6,0.622,True,True,False
3.878354787826538,forward_005,1.878354787826538,0.05,0.0,0.0,-0.22689280275926285,0.13199052468207118,-1.040652566501619,-0.48,0.96,8.69,1.841,0.8146774172782898,0.0,0.03482233174145222,0.0,0.0,7.8,0.109,True,True,False
3.8987226486206055,forward_005,1.8987226486206055,0.05,0.0,0.0,-0.09926560120717749,0.11562806294462433,-1.2697270308258748,-0.88,0.38,8.790000000000001,1.6110000000000002,0.8108202815055847,0.0,0.02567414939403534,0.0,0.0,7.8,0.109,True,True,False
3.91908860206604,forward_005,1.91908860206604,0.05,0.0,0.0,-0.09926560120717749,0.11562806294462433,-1.2697270308258748,-0.88,0.38,8.790000000000001,1.151,0.8258146047592163,0.0,0.06427263841032982,0.0,0.0,7.8,0.109,True,True,False
3.9394590854644775,forward_005,1.9394590854644775,0.05,0.0,0.0,0.07635815477475191,0.09817477042468103,-1.4660765716752369,-0.59,-0.23,7.82,0.9970000000000001,0.8243181705474854,0.0,0.12222723290324211,0.0,0.0,7.8,0.109,True,True,False
3.9599430561065674,forward_005,1.9599430561065674,0.05,0.0,0.0,0.23125612588924865,0.08399397025222712,-1.5675238344474072,-0.46,0.18,8.05,1.151,0.8505343198776245,0.0,0.06658520549535751,0.0,0.0,7.8,0.109,True,True,False
3.9803147315979004,forward_005,1.9803147315979004,0.05,0.0,0.0,0.3817907738737596,0.038179077387375956,-1.4038992170729387,-0.46,0.97,8.52,1.227,0.8324117064476013,0.0,0.027888786047697067,0.0,0.0,7.8,0.109,True,True,False
4.000699043273926,forward_005,2.000699043273926,0.05,0.0,0.0,0.45814892864851153,0.08835729338221293,-1.2260937995260166,-0.1,1.22,8.22,2.148,0.8021776676177979,0.0,0.03498914837837219,0.0,0.0,7.8,0.109,True,True,False
4.021084547042847,forward_005,2.0210845470428467,0.05,0.0,0.0,0.5279620987282847,-0.032724923474893676,-1.1399181677087964,-0.17,0.52,8.66,2.915,0.7437646389007568,0.0,0.049556657671928406,0.0,0.0,7.8,0.109,True,True,False
4.041529893875122,forward_005,2.041529893875122,0.05,0.0,0.0,0.5530512067257032,0.030543261909900768,-0.9337511498169663,-0.25,0.22,7.24,2.992,0.6725154519081116,0.0,0.05163349094800651,0.0,0.0,7.8,0.109,True,True,False
4.061904668807983,forward_005,2.0619046688079834,0.05,0.0,0.0,0.5552328682906961,0.039269908169872414,-0.8999353955595761,0.65,-0.26,8.57,1.151,0.7456126809120178,0.0,0.09692929056473076,0.0,0.0,7.8,0.109,True,True,False
4.082267999649048,forward_005,2.082267999649048,0.05,0.0,0.0,0.5825036378531074,-0.10253809355466686,-0.6141377305455047,1.3,1.06,8.19,1.151,0.956254243850708,0.07142857142857142,0.09995485842227936,0.0,0.0,7.6,0.8440000000000001,True,True,False
4.103599309921265,forward_005,2.1035993099212646,0.05,0.0,0.0,0.6272276999354622,-0.0719948316447661,-0.3883357585687383,0.71,0.8200000000000001,7.390000000000001,1.6110000000000002,0.9658710956573486,0.07142857142857142,0.056997789070010185,0.0,0.0,7.6,0.8440000000000001,True,True,False
4.124144792556763,forward_005,2.1241447925567627,0.05,0.0,0.0,0.7657632093125121,-0.1505346479845109,-0.1407171709420428,1.17,1.27,8.77,1.6110000000000002,0.9147610068321228,0.0,0.07068860903382301,0.0,0.0,7.6,0.8440000000000001,True,True,False
4.144613027572632,forward_005,2.144613027572632,0.05,0.0,0.0,0.8170322560898455,-0.08944812416470939,-0.4701480672559725,1.26,0.5700000000000001,8.1,2.455,0.9083017110824585,0.0,0.03856915980577469,0.0,0.0,7.6,0.8440000000000001,True,True,False
4.165003776550293,forward_005,2.165003776550293,0.05,0.0,0.0,0.7472190860100724,-0.0818123086872342,-0.681769239060285,1.26,0.5700000000000001,8.1,2.455,0.9318099617958069,0.0,0.03370632603764534,0.0,0.0,7.6,0.8440000000000001,True,True,False
4.185430526733398,forward_005,2.1854305267333984,0.05,0.0,0.0,0.49741883681838395,0.11453723216212788,-0.7035858547102141,1.3,0.1,9.540000000000001,2.532,0.9627031087875366,0.07142857142857142,0.045549466740339994,0.0,0.0,7.6,0.8440000000000001,True,True,False
4.205903053283691,forward_005,2.2059030532836914,0.05,0.0,0.0,0.3621558197888234,0.14508049407202864,-0.5617778529856748,1.07,-0.77,7.66,1.765,0.9397574067115784,0.0,0.10195423476397991,0.0,0.0,7.6,0.8440000000000001,True,True,False
4.226280212402344,forward_005,2.2262802124023438,0.05,0.0,0.0,0.22907446432425577,0.18762289458939044,-0.5465062220307244,-0.31,1.81,9.33,1.6110000000000002,0.8101763129234314,0.0,0.14105852879583836,0.0,0.0,7.6,0.8440000000000001,True,True,False
4.246639966964722,forward_005,2.2466399669647217,0.05,0.0,0.0,-0.018544123302439753,0.12108221685710661,-0.7483099167925688,-0.31,1.81,9.33,2.302,0.7684615850448608,0.0,0.12180242128670216,0.0,0.0,7.6,0.8440000000000001,True,True,False
4.267019510269165,forward_005,2.267019510269165,0.05,0.0,0.0,-0.3010692959690218,-0.284706834231575,-0.6632251157578453,-0.31,1.81,9.33,2.762,0.8181301355361938,0.0,0.04018943011760712,0.0,0.0,7.6,0.8440000000000001,True,True,False
4.287384033203125,forward_005,2.287384033203125,0.05,0.0,0.0,-0.5825036378531074,-0.4439681284760576,-0.5617778529856748,-0.31,1.81,9.33,2.378,0.8736118078231812,0.0,0.06990600749850273,1.0,0.0,7.8,0.149,True,True,False
4.307863473892212,forward_005,2.307863473892212,0.05,0.0,0.0,-0.8726646259971648,-0.6610434541928523,-0.8039422866998881,-0.43,0.74,8.540000000000001,2.915,0.8763532042503357,0.0,0.08005846291780472,1.0,0.0,7.8,0.149,True,True,False
4.328245401382446,forward_005,2.3282454013824463,0.05,0.0,0.0,-1.0842857978014773,-1.0733774899765127,-0.8475755179997463,-0.43,0.74,8.540000000000001,1.765,0.8690025806427002,0.0,0.040850118530215696,1.0,0.0,7.8,0.149,True,True,False
4.348614931106567,forward_005,2.3486149311065674,0.05,0.0,0.0,-1.4366241405478326,-1.1791880758786688,-0.619591884457987,-0.43,0.74,8.540000000000001,0.767,0.8610105514526367,0.0,0.020482843014178798,1.0,0.0,7.8,0.149,True,True,False
4.368978500366211,forward_005,2.368978500366211,0.05,0.0,0.0,-1.3548118318605984,-0.9937468428542714,-0.5203262832508095,0.51,-1.57,9.43,1.074,0.8620479702949524,0.0,0.04071185737848282,1.0,1.0,7.8,0.149,True,True,False
4.389410972595215,forward_005,2.389410972595215,0.05,0.0,0.0,-1.1988230299636051,-0.6479534848028948,-0.4428772976935611,0.41000000000000003,-2.98,8.72,1.304,0.8613520860671997,0.0,0.0194338820874691,1.0,1.0,7.8,0.149,True,True,False
4.409855365753174,forward_005,2.409855365753174,0.05,0.0,0.0,-0.9621127501618741,-0.45705809786601503,-0.20289452554434081,2.71,-1.05,9.25,1.841,0.9356036186218262,0.0,0.037872202694416046,0.0,1.0,7.8,0.149,True,True,False
4.430221080780029,forward_005,2.4302210807800293,0.05,0.0,0.0,-0.14835298641951802,-0.31852258848896514,-0.13526301702956053,2.71,-1.05,9.25,1.458,0.8943682312965393,0.0,0.03886685334146023,0.0,1.0,7.8,0.149,True,True,False
4.450587034225464,forward_005,2.450587034225464,0.05,0.0,0.0,0.3643374813538163,-0.028361600344907856,0.5781403147231217,0.73,-1.6500000000000001,5.08,1.458,0.8571667671203613,0.0,0.05870490521192551,1.0,1.0,7.8,0.149,True,True,False
4.470954656600952,forward_005,2.470954656600952,0.05,0.0,0.0,0.48105637508093707,0.13962634015954636,0.10799224746714914,0.49,-0.59,4.3,0.614,0.8265019655227661,0.0,0.027233982924371958,1.0,1.0,7.8,0.149,True,True,False
4.491367816925049,forward_005,2.491367816925049,0.05,0.0,0.0,0.39269908169872414,-0.12980886311707826,-0.21707532571679475,1.11,-0.97,9.41,0.6899999999999998,0.7326512336730957,0.0,0.060855019837617874,1.0,1.0,7.8,0.096,True,True,False
4.511728763580322,forward_005,2.5117287635803223,0.05,0.0,0.0,0.14835298641951802,-0.17235126363444003,-0.07963064712224129,0.67,-0.25,8.13,0.767,0.8122215867042542,0.0,0.068241648375988,1.0,1.0,7.8,0.096,True,True,False
4.532084703445435,forward_005,2.5320847034454346,0.05,0.0,0.0,-0.06326818538479445,0.10471975511965978,-0.05999569303730508,0.52,0.81,7.62,1.074,0.8121011853218079,0.0,0.08457965217530727,1.0,1.0,7.8,0.096,True,True,False
4.55243706703186,forward_005,2.5524370670318604,0.05,0.0,0.0,-0.050178215994836975,0.10144726277217041,-0.1308996938995747,0.52,0.81,7.62,1.458,0.798316240310669,0.0,0.06940857879817486,1.0,1.0,7.8,0.096,True,True,False
4.572877645492554,forward_005,2.5728776454925537,0.05,0.0,0.0,0.14835298641951802,0.4177881896961426,-0.07853981633974483,-1.92,-1.26,8.43,1.918,0.7903563976287842,0.0,0.04701194912195206,1.0,1.0,7.8,0.096,True,True,False
4.593241453170776,forward_005,2.5932414531707764,0.05,0.0,0.0,0.3534291735288517,0.29670597283903605,-0.07526732399225546,-0.24,-1.02,8.47,1.918,0.7265462875366211,0.0,0.08620647806674242,1.0,1.0,7.8,0.096,True,True,False
4.613731622695923,forward_005,2.613731622695923,0.05,0.0,0.0,0.4821472058634335,0.039269908169872414,-0.13199052468207118,-0.24,-1.02,8.47,1.534,0.7990759015083313,0.0,0.05075113009661436,1.0,1.0,7.8,0.096,True,True,False
4.634098291397095,forward_005,2.6340982913970947,0.05,0.0,0.0,0.6621342849753488,0.284706834231575,-0.0916297857297023,-0.24,-1.02,8.47,0.767,0.7601808905601501,0.0,0.02524504065513611,1.0,1.0,7.8,0.096,True,True,False
4.654458045959473,forward_005,2.6544580459594727,0.05,0.0,0.0,0.7221299780126539,0.30325095753401476,-0.3621558197888234,-0.24,-1.02,8.47,1.458,0.726369321346283,0.0,0.025206826627254486,1.0,1.0,7.8,0.096,True,True,False
4.674821376800537,forward_005,2.674821376800537,0.05,0.0,0.0,0.34470252726888007,0.4286964975211072,-0.7035858547102141,-0.24,-1.02,8.47,1.458,0.7411947846412659,0.0,0.023906201124191284,1.0,1.0,7.8,0.096,True,True,False
4.69519567489624,forward_005,2.6951956748962402,0.05,0.0,0.0,-0.20943951023931956,0.18435040224190105,-0.8443030256522569,-0.24,-1.02,8.47,1.841,0.7726787328720093,0.0,0.04331298265606165,1.0,1.0,7.7,0.136,True,True,False
4.71555495262146,forward_005,2.71555495262146,0.05,0.0,0.0,-0.4276056667386107,0.2203478180642841,-0.5181446216858165,0.03,-0.78,6.63,1.458,0.7621006369590759,0.0,0.03597831726074219,1.0,1.0,7.7,0.136,True,True,False
4.736016511917114,forward_005,2.7360165119171143,0.05,0.0,0.0,-0.35452000431134817,0.3861540970037454,0.136353847812057,-2.23,0.64,8.17,0.9210000000000002,0.800757110118866,0.0,0.061146341264247894,1.0,1.0,7.7,0.136,True,True,False
4.756547212600708,forward_005,2.756547212600708,0.05,0.0,0.0,-0.48323803664593,0.6108652381980153,0.32506757318394386,-1.8900000000000001,0.81,9.040000000000001,0.9210000000000002,0.8112139701843262,0.0,0.048774879425764084,1.0,1.0,7.7,0.136,True,True,False
4.776903867721558,forward_005,2.7769038677215576,0.05,0.0,0.0,-0.4908738521234052,0.9348419805994628,0.17998707911191522,-1.74,0.79,6.7,0.6899999999999998,0.8344264626502991,0.0,0.03852147865109145,1.0,1.0,7.7,0.136,True,True,False
4.7972588539123535,forward_005,2.7972588539123535,0.05,0.0,0.0,-0.34470252726888007,0.6719517620178169,0.15489797111449674,-1.74,0.79,6.7,0.46,0.809187650680542,0.0,0.044089981354773045,1.0,1.0,7.7,0.136,True,True,False
4.817770004272461,forward_005,2.817770004272461,0.05,0.0,0.0,-0.18980455615438332,0.5934119456780721,0.06217735460229799,1.03,-1.6,8.55,0.6899999999999998,0.8416569828987122,0.0,0.27196700870990753,0.0,1.0,7.7,0.136,True,True,False
4.83812952041626,forward_005,2.8381295204162598,0.05,0.0,0.0,-0.061086523819801536,-0.07090400086226964,-0.10471975511965978,-1.41,-2.2800000000000002,7.92,0.844,0.740574061870575,0.0,0.27732009440660477,0.0,1.0,7.7,0.136,True,True,False
4.858510255813599,forward_005,2.8585102558135986,0.05,0.0,0.0,-0.05345070834232634,-0.4145156973486533,-0.2748893571891069,-2.22,-1.7,8.73,1.381,0.6905114650726318,0.0,0.04854475613683462,0.0,1.0,7.7,0.136,True,True,False
4.878871202468872,forward_005,2.878871202468872,0.05,0.0,0.0,0.04145156973486533,-0.4374231437810788,-0.48978302134090873,-1.93,-2.13,6.5600000000000005,1.304,0.7975572347640991,0.0,0.0667250044643879,1.0,1.0,7.7,0.136,True,True,False
4.899239540100098,forward_005,2.8992395401000977,0.05,0.0,0.0,0.21271200258680892,-0.39269908169872414,-0.5181446216858165,-2.02,-1.83,5.38,0.614,0.8281373977661133,0.0,0.046808741986751556,1.0,1.0,7.5,0.924,True,True,False
4.9196460247039795,forward_005,2.9196460247039795,0.05,0.0,0.0,0.3741549583962844,-0.5323254218582705,-0.3916082509162277,-2.02,-1.83,5.38,0.9210000000000002,0.842851996421814,0.0,0.02246953547000885,1.0,1.0,7.5,0.924,True,True,False
4.940015077590942,forward_005,2.9400150775909424,0.05,0.0,0.0,0.21380283336930536,-0.46469391334349025,0.16798794050445423,-2.02,-1.83,5.38,1.458,0.8270887136459351,0.0,0.025949880480766296,1.0,1.0,7.5,0.924,True,True,False
4.960383892059326,forward_005,2.960383892059326,0.05,0.0,0.0,-0.16471544815696484,-0.07963064712224129,0.5388704065532492,-0.09,1.59,4.62,1.381,0.8144446015357971,0.0,0.03081788867712021,1.0,1.0,7.5,0.924,True,True,False
4.980756759643555,forward_005,2.9807567596435547,0.05,0.0,0.0,-0.2628902185816459,-0.09817477042468103,0.5159629601208237,-0.09,1.59,4.62,0.9210000000000002,0.813923716545105,0.0,0.010782800614833832,1.0,1.0,7.5,0.924,True,True,False
5.001122713088989,forward_005,3.0011227130889893,0.05,0.0,0.0,-0.04254240051736178,0.2977968036215325,0.28034351110158917,-1.48,1.49,9.700000000000001,0.767,0.62809818983078,0.0,0.07254903204739094,1.0,1.0,7.5,0.924,True,True,False
5.021497488021851,forward_005,3.0214974880218506,0.05,0.0,0.0,-0.04036073895236887,0.28907015736156083,-0.006544984694978736,-1.3800000000000001,-0.5700000000000001,8.07,0.614,0.4322197437286377,0.0,0.07760607078671455,1.0,1.0,7.5,0.924,True,True,False
5.0420262813568115,forward_005,3.0420262813568115,0.05,0.0,0.0,-0.17562375598192942,-0.01090830782496456,-0.34033920413889424,-1.3800000000000001,-0.5700000000000001,8.07,0.384,0.645672619342804,0.0,0.11647542379796505,1.0,1.0,7.5,0.924,True,True,False
5.062500476837158,forward_005,3.062500476837158,0.05,0.0,0.0,-0.1505346479845109,0.2814343418840856,-0.4690572364734761,-0.41000000000000003,-2.66,8.870000000000001,0.614,0.9006085395812988,0.0,0.1948554441332817,0.0,1.0,7.5,0.924,True,True,False
5.0828635692596436,forward_005,3.0828635692596436,0.05,0.0,0.0,-0.044724062082354694,0.014180800172453928,-0.31306843457648287,-0.41000000000000003,-2.66,8.870000000000001,1.458,0.8208863139152527,0.0,0.1929621770977974,0.0,1.0,7.5,0.924,True,True,False
5.103313446044922,forward_005,3.103313446044922,0.05,0.0,0.0,0.028361600344907856,0.12326387842209953,0.09817477042468103,-3.1,-2.29,7.96,1.381,0.6368790864944458,0.0,0.0821622684597969,0.0,1.0,7.7,0.657,True,True,False
5.124774694442749,forward_005,3.124774694442749,0.05,0.0,0.0,0.028361600344907856,0.12326387842209953,0.09817477042468103,-3.1,-2.29,7.96,2.148,0.8849933743476868,0.0,0.12167683430016041,0.0,1.0,7.7,0.657,True,True,False
5.145139694213867,forward_005,3.145139694213867,0.05,0.0,0.0,0.4908738521234052,-0.1407171709420428,0.5475970528132209,-0.53,-3.91,8.370000000000001,2.071,0.7660301327705383,0.0,0.15174025297164917,0.0,1.0,7.7,0.657,True,True,False
5.165603399276733,forward_005,3.1656033992767334,0.05,0.0,0.0,0.7352199474026113,-0.06654067773228381,0.767944870877505,-1.6400000000000001,-1.87,8.31,1.458,0.6907427906990051,0.0,0.06429390609264374,1.0,1.0,7.7,0.657,True,True,False
5.185976505279541,forward_005,3.185976505279541,0.05,0.0,0.0,0.9010262263420726,-0.41233403578366035,0.4636030825609938,-1.6400000000000001,-1.87,8.31,0.9210000000000002,0.8057249784469604,0.0,0.029333509504795074,1.0,1.0,7.7,0.657,True,True,False
5.20633339881897,forward_005,3.2063333988189697,0.05,0.0,0.0,0.866119641302186,-0.4036073895236887,0.15162547876700738,-1.6400000000000001,-1.87,8.31,1.151,0.8737682700157166,0.0,0.02288818359375,1.0,1.0,7.7,0.657,True,True,False
5.22669792175293,forward_005,3.2266979217529297,0.05,0.0,0.0,0.755945732270044,-0.028361600344907856,-0.5148721293383273,-1.6400000000000001,-1.87,8.31,1.227,0.8447046279907227,0.0,0.03001062572002411,1.0,1.0,7.7,0.657,True,True,False
5.247079372406006,forward_005,3.247079372406006,0.05,0.0,0.0,0.4276056667386107,0.18871372537188688,-1.5391622341024993,-1.6400000000000001,-1.87,8.31,1.688,0.7239680290222168,0.0,0.026734226383268833,1.0,1.0,7.7,0.657,True,True,False
5.267448663711548,forward_005,3.267448663711548,0.05,0.0,0.0,0.20616701789183017,-0.06435901616729091,-1.8620481457214504,-1.6400000000000001,-1.87,8.31,1.841,0.6718773245811462,0.0,0.04013492539525032,1.0,1.0,7.7,0.657,True,True,False
5.287922620773315,forward_005,3.2879226207733154,0.05,0.0,0.0,0.02181661564992912,-0.1439896632895322,-1.6166112196597477,3.11,2.27,7.57,1.534,0.7046080231666565,0.0,0.07312285900115967,1.0,1.0,7.7,0.657,True,True,False
5.308395862579346,forward_005,3.3083958625793457,0.05,0.0,0.0,-0.1538071403320003,0.009817477042468103,-1.4660765716752369,0.1,-2.2600000000000002,5.8500000000000005,0.844,0.6753131151199341,0.0,0.052923872135579586,1.0,1.0,7.6,0.42200000000000004,True,True,False
5.328759431838989,forward_005,3.3287594318389893,0.05,0.0,0.0,0.11235557059713497,-0.2716168648416175,-0.4559672670835186,0.1,-2.2600000000000002,5.8500000000000005,0.9210000000000002,0.7854095101356506,0.0,0.048066774383187294,1.0,1.0,7.6,0.42200000000000004,True,True,False
5.349122762680054,forward_005,3.3491227626800537,0.05,0.0,0.0,0.30543261909900765,0.04145156973486533,0.29888763440402893,-0.62,-2.1,7.5200000000000005,1.227,0.7962203025817871,0.0,0.07560362573713064,1.0,1.0,7.6,0.42200000000000004,True,True,False
5.369490385055542,forward_005,3.369490385055542,0.05,0.0,0.0,0.16253378659197193,0.1341721862470641,0.7275841319251362,-0.6900000000000001,-0.91,4.76,1.381,0.8818120956420898,0.0,0.06708371825516224,1.0,1.0,7.6,0.42200000000000004,True,True,False
5.389956951141357,forward_005,3.3899569511413574,0.05,0.0,0.0,0.0272707695624114,0.10471975511965978,1.0035643198967394,-0.39,-0.87,9.040000000000001,1.841,0.8430251479148865,0.0,0.0444975420832634,1.0,1.0,7.6,0.42200000000000004,True,True,False
5.4103171825408936,forward_005,3.4103171825408936,0.05,0.0,0.0,-0.07526732399225546,0.4603305902135044,1.1977321991811087,-2.17,1.32,9.27,2.225,0.835001528263092,0.0,0.05780421942472458,1.0,1.0,7.6,0.42200000000000004,True,True,False
5.43067741394043,forward_005,3.4306774139404297,0.05,0.0,0.0,-0.38288160465625604,0.2399827721492203,0.767944870877505,-2.15,1.35,8.120000000000001,2.071,0.7634857892990112,0.0,0.06438720226287842,1.0,1.0,7.6,0.42200000000000004,True,True,False
5.451049327850342,forward_005,3.451049327850342,0.05,0.0,0.0,-0.7984881327874057,0.26070855701665296,0.28579766501407144,-0.22,2.35,6.94,1.151,0.8410692811012268,0.0,0.043419890105724335,1.0,1.0,7.6,0.42200000000000004,True,True,False
5.471444606781006,forward_005,3.471444606781006,0.05,0.0,0.0,-1.0831949670189809,0.061086523819801536,0.14508049407202864,-1.9000000000000001,2.29,8.81,1.074,0.86911940574646,0.0,0.036558324471116066,1.0,1.0,7.6,0.42200000000000004,True,True,False
5.491987228393555,forward_005,3.4919872283935547,0.05,0.0,0.0,-1.213003830136059,0.15926129424448257,-0.002181661564992912,-1.9000000000000001,2.29,8.81,0.9210000000000002,0.8357083797454834,0.0,0.024670785292983055,1.0,1.0,7.6,0.42200000000000004,True,True,False
5.512343406677246,forward_005,3.512343406677246,0.05,0.0,0.0,-1.0602875205865552,0.20398535632683726,-0.0916297857297023,-1.9000000000000001,2.29,8.81,1.304,0.8423988223075867,0.0,0.023010386154055595,1.0,1.0,7.7,0.48800000000000004,True,True,False
5.532740116119385,forward_005,3.5327401161193848,0.05,0.0,0.0,-0.5050546522958591,0.19525871006686563,0.3643374813538163,-1.9000000000000001,2.29,8.81,1.6110000000000002,0.8408244252204895,0.0,0.021460510790348053,1.0,1.0,7.7,0.48800000000000004,True,True,False
5.553164720535278,forward_005,3.5531647205352783,0.05,0.0,0.0,-0.14726215563702155,0.210530341021816,0.5148721293383273,0.28,0.31,5.87,1.304,0.8782137632369995,0.0,0.017902519553899765,1.0,1.0,7.7,0.48800000000000004,True,True,False
5.573573350906372,forward_005,3.573573350906372,0.05,0.0,0.0,-0.10799224746714914,-0.3043417883165112,0.12871803233458182,-1.81,-1.58,9.58,1.151,0.8133686184883118,0.0,0.03431914746761322,1.0,1.0,7.7,0.48800000000000004,True,True,False
5.593942642211914,forward_005,3.593942642211914,0.05,0.0,0.0,-0.18762289458939044,-0.1538071403320003,0.06217735460229799,-2.71,-1.01,9.06,0.614,0.7855432033538818,0.0,0.054553428664803505,1.0,1.0,7.7,0.48800000000000004,True,True,False
5.614420652389526,forward_005,3.6144206523895264,0.05,0.0,0.0,-0.17780541754692233,-0.24434609527920614,-0.19525871006686563,-3.34,-1.82,8.5,0.46,0.7138742804527283,0.0,0.034640805795788765,1.0,1.0,7.7,0.48800000000000004,True,True,False
5.634964227676392,forward_005,3.6349642276763916,0.05,0.0,0.0,-0.09817477042468103,-0.2083486794568231,-0.3643374813538163,-0.06,-2.38,7.29,0.537,0.7286462187767029,0.0,0.06788996420800686,1.0,1.0,7.7,0.48800000000000004,True,True,False
5.655361175537109,forward_005,3.6553611755371094,0.05,0.0,0.0,-0.12544553998709243,-0.2596177262341565,-0.44724062082354693,-0.28,-3.34,8.83,0.767,0.754663348197937,0.0,0.02137448638677597,1.0,1.0,7.7,0.48800000000000004,True,True,False
5.675724267959595,forward_005,3.6757242679595947,0.05,0.0,0.0,0.038179077387375956,-0.37742745074377376,-0.16144295580947549,-1.16,-3.62,8.43,1.074,0.7186813354492188,0.0,0.04672396928071976,1.0,1.0,7.7,0.48800000000000004,True,True,False
5.696085453033447,forward_005,3.6960854530334473,0.05,0.0,0.0,0.19198621771937624,-0.5214171140333059,0.055632369907319255,-0.53,-2.32,9.0,1.458,0.7670491337776184,0.0,0.026261726394295692,1.0,1.0,7.7,0.48800000000000004,True,True,False
5.716447591781616,forward_005,3.716447591781616,0.05,0.0,0.0,0.44505895925855404,-0.5672320068981571,0.06544984694978735,-0.54,-2.83,9.55,1.381,0.7677220106124878,0.0,0.032489167526364326,1.0,1.0,7.7,0.461,True,True,False
5.736811876296997,forward_005,3.736811876296997,0.05,0.0,0.0,0.5737769915931359,-0.30325095753401476,0.09599310885968812,-0.44,-2.12,8.41,0.9210000000000002,0.742536187171936,0.0,0.03670495003461838,1.0,1.0,7.7,0.461,True,True,False
5.7571799755096436,forward_005,3.7571799755096436,0.05,0.0,0.0,0.48323803664593,-0.24870941840919197,-0.050178215994836975,-0.44,-2.12,8.41,0.307,0.7703240513801575,0.0,0.017699941992759705,1.0,1.0,7.7,0.461,True,True,False
5.777539491653442,forward_005,3.7775394916534424,0.05,0.0,0.0,0.23671027980173096,-0.017453292519943295,-0.43196898986859655,-0.44,-2.12,8.41,0.614,0.7349696159362793,0.0,0.03590429201722145,1.0,1.0,7.7,0.461,True,True,False
5.79800820350647,forward_005,3.7980082035064697,0.05,0.0,0.0,0.11235557059713497,-0.019634954084936207,-0.34470252726888007,-0.44,-2.12,8.41,1.074,0.7352598309516907,0.0,0.010085351765155792,1.0,1.0,7.7,0.461,True,True,False
5.818474769592285,forward_005,3.818474769592285,0.05,0.0,0.0,0.17671458676442586,0.11999138607461016,-0.25416357232167425,-0.44,-2.12,8.41,1.227,0.6116082072257996,0.0,0.03182318713515997,1.0,1.0,7.7,0.461,True,True,False
5.838835716247559,forward_005,3.8388357162475586,0.05,0.0,0.0,0.20289452554434081,0.14944381720201447,-0.1090830782496456,0.33,1.33,8.61,0.9970000000000001,0.6792032718658447,0.0,0.028633758425712585,1.0,1.0,7.7,0.461,True,True,False
5.859203100204468,forward_005,3.8592031002044678,0.05,0.0,0.0,0.06981317007977318,0.10581058590215622,0.050178215994836975,0.9,0.71,8.39,0.614,0.6797825694084167,0.0,0.03189927898347378,1.0,1.0,7.7,0.461,True,True,False
5.879576921463013,forward_005,3.8795769214630127,0.05,0.0,0.0,-0.12435470920459599,0.18544123302439752,0.19853120241435498,0.0,0.75,8.1,0.46,0.5413246154785156,0.0,0.08111966773867607,1.0,1.0,7.7,0.461,True,True,False
5.900027275085449,forward_005,3.900027275085449,0.05,0.0,0.0,-0.20398535632683726,0.17016960206944712,0.3010692959690218,0.03,0.64,8.700000000000001,0.767,0.7378853559494019,0.0,0.08985286578536034,1.0,1.0,7.7,0.461,True,True,False
5.920391082763672,forward_005,3.920391082763672,0.05,0.0,0.0,-0.23561944901923448,0.3490658503988659,0.41560652813114973,-0.25,0.11,8.26,1.151,0.7138225436210632,0.0,0.045555077493190765,1.0,1.0,7.6,0.6539999999999999,True,True,False
5.940757513046265,forward_005,3.9407575130462646,0.05,0.0,0.0,-0.35779249665883756,0.2716168648416175,0.41996985126113556,-1.28,-0.39,7.67,1.381,0.7644641399383545,0.0,0.07101739197969437,1.0,1.0,7.6,0.6539999999999999,True,True,False
5.961125612258911,forward_005,3.961125612258911,0.05,0.0,0.0,-0.48651052899341934,0.1505346479845109,0.385063266221249,-1.28,-0.39,7.67,1.6110000000000002,0.8004679083824158,0.0,0.07777990819886327,1.0,1.0,7.6,0.6539999999999999,True,True,False
5.981543064117432,forward_005,3.9815430641174316,0.05,0.0,0.0,-0.7155849933176751,0.35561083509384467,0.16798794050445423,-1.2,-0.8,6.37,1.6110000000000002,0.8288739919662476,0.0,0.06273876130580902,1.0,1.0,7.6,0.6539999999999999,True,True,False
6.001926422119141,forward_005,4.001926422119141,0.05,0.0,0.0,-0.7450374244450795,0.03599741582238305,-0.02181661564992912,-1.2,-0.8,6.37,1.151,0.8488093614578247,0.0,0.053853731602430344,1.0,1.0,7.6,0.6539999999999999,True,True,False
6.022307395935059,forward_005,4.022307395935059,0.05,0.0,0.0,-0.7581273938350369,0.06872233929727672,0.0818123086872342,-1.2,-0.8,6.37,1.151,0.8337883949279785,0.0,0.030529538169503212,1.0,1.0,7.6,0.6539999999999999,True,True,False
6.042674779891968,forward_005,4.042674779891968,0.05,0.0,0.0,-0.6359543461954338,-0.16689710972195776,0.18216874067690814,-1.2,-0.8,6.37,1.304,0.8364198803901672,0.0,0.017986947670578957,1.0,1.0,7.6,0.6539999999999999,True,True,False
6.063050746917725,forward_005,4.063050746917725,0.05,0.0,0.0,-0.08835729338221293,-0.17998707911191522,0.03490658503988659,-1.2,-0.8,6.37,1.151,0.8425076007843018,0.0,0.016598109155893326,1.0,1.0,7.6,0.6539999999999999,True,True,False
6.083418130874634,forward_005,4.083418130874634,0.05,0.0,0.0,0.4559672670835186,-0.31525009614147576,0.025089107997418487,-0.35000000000000003,0.34,8.68,1.074,0.8269164562225342,0.0,0.012637943029403687,1.0,1.0,7.6,0.6539999999999999,True,True,False
6.103788137435913,forward_005,4.103788137435913,0.05,0.0,0.0,0.5377795757707527,0.016362461737446838,-0.34143003492139073,-1.78,-1.29,7.87,0.614,0.7782396674156189,0.0,0.02106054127216339,1.0,1.0,7.6,0.6539999999999999,True,True,False
6.124267339706421,forward_005,4.124267339706421,0.05,0.0,0.0,0.3294308963139297,0.16798794050445423,-0.7134033317526822,-0.7000000000000001,-1.92,9.61,0.46,0.8286340832710266,0.0,0.016854554414749146,1.0,1.0,7.7,0.32400000000000007,True,True,False
6.145235776901245,forward_005,4.145235776901245,0.05,0.0,0.0,0.2977968036215325,0.20398535632683726,-0.4276056667386107,-0.05,-1.28,8.31,0.307,0.7297803163528442,0.0,0.02805935963988304,1.0,1.0,7.7,0.32400000000000007,True,True,False
6.165599346160889,forward_005,4.165599346160889,0.05,0.0,0.0,0.20616701789183017,0.14726215563702155,0.04145156973486533,-0.45,-1.71,8.48,0.537,0.6852934956550598,0.0,0.07533850520849228,1.0,1.0,7.7,0.32400000000000007,True,True,False
6.1860716342926025,forward_005,4.1860716342926025,0.05,0.0,0.0,-0.02399827721492203,0.18871372537188688,0.4439681284760576,-1.41,-1.33,9.13,0.6899999999999998,0.7131413221359253,0.0,0.08476497884839773,1.0,1.0,7.7,0.32400000000000007,True,True,False
6.206445932388306,forward_005,4.206445932388306,0.05,0.0,0.0,-0.08726646259971647,0.09817477042468103,0.6185010536754906,-1.41,-1.33,9.13,0.9970000000000001,0.8640083074569702,0.0,0.05929817259311676,1.0,1.0,7.7,0.32400000000000007,True,True,False
6.22693133354187,forward_005,4.22693133354187,0.05,0.0,0.0,0.0272707695624114,0.16253378659197193,0.44178646691106466,-1.58,0.05,7.7,1.304,0.7194260358810425,0.0,0.06987205892801285,0.0,1.0,7.7,0.32400000000000007,True,True,False
6.24734091758728,forward_005,4.24734091758728,0.05,0.0,0.0,0.08835729338221293,0.10253809355466686,0.11017390903214205,-0.77,-0.46,8.790000000000001,2.071,0.7987393140792847,0.0,0.08126007136888802,0.0,1.0,7.7,0.32400000000000007,True,True,False
6.267726421356201,forward_005,4.267726421356201,0.05,0.0,0.0,0.2999784651865254,-0.09708393964218458,-0.20398535632683726,0.08,-0.85,7.48,2.071,0.721629798412323,0.0,0.1024170070886612,0.0,1.0,7.7,0.32400000000000007,True,True,False
6.288090467453003,forward_005,4.288090467453003,0.05,0.0,0.0,0.605411084285533,-0.4112432050011639,-0.49414634447089456,-1.23,-2.49,8.18,1.304,0.8489503860473633,0.0,0.042028285562992096,1.0,1.0,7.7,0.32400000000000007,True,True,False
6.308650493621826,forward_005,4.308650493621826,0.05,0.0,0.0,1.0112001353742146,-0.4494222823885399,-0.35561083509384467,-1.74,-2.57,8.120000000000001,0.844,0.8453589677810669,0.0,0.025858186185359955,1.0,1.0,7.7,0.32400000000000007,True,True,False
6.329014301300049,forward_005,4.329014301300049,0.05,0.0,0.0,1.1562806294462433,-0.3327033886614191,-0.3337942194439155,-1.74,-2.57,8.120000000000001,1.458,0.823121964931488,0.0,0.012224957346916199,1.0,1.0,7.6,0.6689999999999999,True,True,False
6.349372386932373,forward_005,4.349372386932373,0.05,0.0,0.0,0.6992225315802283,0.2476185876266955,-0.631591023065448,-1.74,-2.57,8.120000000000001,1.534,0.6933234930038452,0.0,0.025959685444831848,1.0,1.0,7.6,0.6689999999999999,True,True,False
6.369888067245483,forward_005,4.369888067245483,0.05,0.0,0.0,-0.044724062082354694,0.2628902185816459,-0.8050331174823845,-1.74,-2.57,8.120000000000001,1.688,0.6286702752113342,0.0,0.05498405545949936,1.0,1.0,7.6,0.6689999999999999,True,True,False
6.390253067016602,forward_005,4.390253067016602,0.05,0.0,0.0,-0.4046982203061852,0.1734420944169365,-0.6828600698427815,0.91,2.77,8.51,1.151,0.7038650512695312,0.0,0.0334591381251812,1.0,1.0,7.6,0.6689999999999999,True,True,False
6.410749673843384,forward_005,4.410749673843384,0.05,0.0,0.0,-0.10362892433716332,-0.16580627893946132,-0.3294308963139297,0.36,-1.09,6.33,0.844,0.7289826273918152,0.0,0.08672578632831573,1.0,1.0,7.6,0.6689999999999999,True,True,False
6.431107997894287,forward_005,4.431107997894287,0.05,0.0,0.0,0.15489797111449674,-0.11671889372712078,0.5759586531581288,0.27,0.08,8.82,0.767,0.7893619537353516,0.0,0.08051950484514236,1.0,1.0,7.6,0.6689999999999999,True,True,False
6.451581954956055,forward_005,4.451581954956055,0.05,0.0,0.0,-0.13526301702956053,-0.003272492347489368,1.066832505281534,-1.2,1.43,7.04,0.844,0.9252500534057617,0.0,0.09152330458164215,1.0,1.0,7.6,0.6689999999999999,True,True,False
6.472050905227661,forward_005,4.472050905227661,0.05,0.0,0.0,-0.32070425005395803,0.1930770485018727,0.7090400086226963,-1.2,1.43,7.04,1.227,0.8227896094322205,0.0,0.039790160953998566,1.0,1.0,7.6,0.6689999999999999,True,True,False
6.4924211502075195,forward_005,4.4924211502075195,0.05,0.0,0.0,-0.4657847441259867,0.7657632093125121,0.41996985126113556,-3.59,0.85,3.7600000000000002,1.534,0.7875750064849854,0.0,0.049870915710926056,1.0,1.0,7.6,0.6689999999999999,True,True,False
6.512785911560059,forward_005,4.512785911560059,0.05,0.0,0.0,-0.4788747135159442,0.08508480103472356,0.40251655874119224,2.7600000000000002,0.99,8.040000000000001,1.995,0.7678311467170715,0.0,0.07745233923196793,1.0,1.0,7.6,0.6689999999999999,True,True,False
6.533143520355225,forward_005,4.533143520355225,0.05,0.0,0.0,-0.7112216701876893,-0.014180800172453928,0.16253378659197193,0.75,2.17,9.57,1.534,0.7971609234809875,0.0,0.04172998666763306,1.0,1.0,7.5,1.059,True,True,False
6.553509473800659,forward_005,4.553509473800659,0.05,0.0,0.0,-0.9555677654668955,-0.33815754257390135,-0.2748893571891069,0.75,2.17,9.57,0.9210000000000002,0.8696248531341553,0.0,0.041338998824357986,1.0,1.0,7.5,1.059,True,True,False
6.574062824249268,forward_005,4.574062824249268,0.05,0.0,0.0,-0.8628471489546967,-0.20725784867432664,-0.26616271092913524,0.75,2.17,9.57,0.614,0.8432958126068115,0.0,0.022854608483612537,1.0,1.0,7.5,1.059,True,True,False
6.594428062438965,forward_005,4.594428062438965,0.05,0.0,0.0,-0.42215151282612845,-0.04690572364734761,-0.04145156973486533,0.75,2.17,9.57,1.458,0.8338494300842285,0.0,0.014406673610210419,1.0,1.0,7.5,1.059,True,True,False
6.614800214767456,forward_005,4.614800214767456,0.05,0.0,0.0,-0.019634954084936207,-0.1090830782496456,0.17889624832941878,0.75,2.17,9.57,1.381,0.8273062109947205,0.0,0.014057517051696777,1.0,1.0,7.5,1.059,True,True,False
6.6351637840271,forward_005,4.6351637840271,0.05,0.0,0.0,0.07963064712224129,-0.050178215994836975,0.01090830782496456,-0.3,-3.3000000000000003,6.32,1.074,0.827917754650116,0.0,0.021771039813756943,1.0,1.0,7.5,1.059,True,True,False
6.65553092956543,forward_005,4.65553092956543,0.05,0.0,0.0,-0.002181661564992912,-0.21598449493429828,0.11780972450961724,-0.6900000000000001,-2.89,6.07,0.6899999999999998,0.8188542127609253,0.0,0.017625026404857635,1.0,1.0,7.5,1.059,True,True,False
6.675909042358398,forward_005,4.675909042358398,0.05,0.0,0.0,0.09272061651219876,-0.1832595714594046,0.2945243112740431,-1.1500000000000001,-0.9500000000000001,8.51,0.384,0.7480500936508179,0.0,0.03832422196865082,1.0,1.0,7.5,1.059,True,True,False
6.696382284164429,forward_005,4.696382284164429,0.05,0.0,0.0,0.013089969389957472,-0.04581489286485115,-0.07090400086226964,-0.8,-1.83,8.2,0.384,0.664069652557373,0.0,0.04259445518255234,1.0,1.0,7.5,1.059,True,True,False
6.716738224029541,forward_005,4.716738224029541,0.05,0.0,0.0,-0.025089107997418487,-0.2399827721492203,-0.0719948316447661,0.03,-1.07,9.18,0.307,0.6822124719619751,0.0,0.09648913703858852,1.0,1.0,7.5,1.059,True,True,False
6.737098932266235,forward_005,4.737098932266235,0.05,0.0,0.0,0.055632369907319255,-0.0719948316447661,-0.05890486225480862,-0.33,-0.75,9.13,0.614,0.7301552891731262,0.0,0.05536869168281555,1.0,1.0,7.6,0.616,True,True,False
6.757453203201294,forward_005,4.757453203201294,0.05,0.0,0.0,0.23889194136672387,-0.008726646259971648,-0.30543261909900765,-0.75,-2.44,9.73,1.151,0.6933342814445496,0.0,0.038575587794184685,1.0,1.0,7.6,0.616,True,True,False
6.777900218963623,forward_005,4.777900218963623,0.05,0.0,0.0,0.37960911230876665,0.11235557059713497,-0.08835729338221293,-1.6400000000000001,-2.77,7.26,2.071,0.7741082310676575,0.0,0.03708583861589432,1.0,1.0,7.6,0.616,True,True,False
6.798369884490967,forward_005,4.798369884490967,0.05,0.0,0.0,0.6370451769779303,0.016362461737446838,0.11999138607461016,-1.1500000000000001,-1.99,7.07,2.225,0.7510249614715576,0.0,0.07036452181637287,1.0,1.0,7.6,0.616,True,True,False
6.818735837936401,forward_005,4.818735837936401,0.05,0.0,0.0,1.0417433972841155,-0.2879793265790644,0.28034351110158917,1.1300000000000001,-2.72,9.35,1.688,0.7796889543533325,0.0,0.07235219143331051,1.0,1.0,7.6,0.616,True,True,False
6.83909273147583,forward_005,4.83909273147583,0.05,0.0,0.0,1.1061024134514064,-0.22580197197676638,0.24652775684419906,1.1300000000000001,-2.72,9.35,0.537,0.7645947337150574,0.0,0.03228770010173321,1.0,1.0,7.6,0.616,True,True,False
6.859455108642578,forward_005,4.859455108642578,0.05,0.0,0.0,0.6806784082777885,0.18980455615438332,-0.2814343418840856,1.1300000000000001,-2.72,9.35,0.844,0.7304244637489319,0.0,0.03408731520175934,1.0,1.0,7.6,0.616,True,True,False
6.879817724227905,forward_005,4.879817724227905,0.05,0.0,0.0,0.17235126363444003,0.28034351110158917,-0.9632035809443706,1.1300000000000001,-2.72,9.35,1.381,0.7722402811050415,0.0,0.025661973282694817,1.0,1.0,7.6,0.616,True,True,False
6.900233507156372,forward_005,4.900233507156372,0.05,0.0,0.0,-0.0719948316447661,-0.15926129424448257,-1.0537425358915764,-0.01,2.54,9.23,1.765,0.7747088074684143,0.0,0.040057096630334854,1.0,1.0,7.6,0.616,True,True,False
6.920743942260742,forward_005,4.920743942260742,0.05,0.0,0.0,-0.0272707695624114,-0.18980455615438332,-0.9533861039019025,0.07,-0.44,7.62,1.765,0.729002833366394,0.0,0.03863421827554703,1.0,1.0,7.6,0.616,True,True,False
6.941102504730225,forward_005,4.941102504730225,0.05,0.0,0.0,-0.04036073895236887,-0.0818123086872342,-0.32615840396644036,0.1,0.11,6.91,1.151,0.7739893198013306,0.0,0.038559429347515106,1.0,1.0,7.7,0.148,True,True,False
6.961467981338501,forward_005,4.961467981338501,0.05,0.0,0.0,-0.04036073895236887,-0.0818123086872342,-0.32615840396644036,0.1,0.11,6.91,0.844,0.8300621509552002,0.0,0.035633884370326996,1.0,1.0,7.7,0.148,True,True,False
6.98188591003418,forward_005,4.98188591003418,0.05,0.0,0.0,-0.34470252726888007,0.41015237421866746,0.2792526803190927,-0.65,0.61,6.69,0.9210000000000002,0.8839747905731201,0.0,0.11114200204610825,1.0,1.0,7.7,0.148,True,True,False
7.002336740493774,forward_005,5.002336740493774,0.05,0.0,0.0,-0.5017821599483697,0.5563236990731926,0.44505895925855404,-0.99,0.5700000000000001,8.0,0.9210000000000002,0.8040390610694885,0.0,0.06570376642048359,1.0,1.0,7.7,0.148,True,True,False
7.022706985473633,forward_005,5.022706985473633,0.05,0.0,0.0,-0.3665191429188092,0.4494222823885399,0.6512259771503842,-0.99,0.5700000000000001,8.0,0.9210000000000002,0.7697029709815979,0.0,0.065971739590168,1.0,1.0,7.7,0.148,True,True,False
7.04315972328186,forward_005,5.04315972328186,0.05,0.0,0.0,-0.15271630954950383,0.45160394395353276,0.5585053606381855,-0.07,0.39,6.83,1.074,0.6826291680335999,0.0,0.04934503557160497,1.0,1.0,7.7,0.148,True,True,False
7.063528776168823,forward_005,5.063528776168823,0.05,0.0,0.0,-0.3937899124812206,0.011999138607461015,0.08508480103472356,-3.0500000000000003,-2.0100000000000002,9.58,1.381,0.7576634287834167,0.0,0.09515749104321003,1.0,1.0,7.7,0.148,True,True,False
7.083996772766113,forward_005,5.083996772766113,0.05,0.0,0.0,-0.5279620987282847,-0.04254240051736178,-0.13199052468207118,-3.0500000000000003,-2.0100000000000002,9.58,1.151,0.8371670246124268,0.0,0.07709783688187599,1.0,1.0,7.7,0.148,True,True,False
7.104356050491333,forward_005,5.104356050491333,0.05,0.0,0.0,-0.559596191420682,-0.2181661564992912,-0.507236313860852,-1.36,-0.88,7.16,0.9210000000000002,0.858980655670166,0.0,0.044847872108221054,1.0,1.0,7.7,0.148,True,True,False
7.124748229980469,forward_005,5.124748229980469,0.05,0.0,0.0,-0.3174317577064687,-0.21162117180431245,-0.559596191420682,-1.6400000000000001,0.2,5.8500000000000005,1.151,0.8228814005851746,0.0,0.030082865618169308,1.0,1.0,7.7,0.148,True,True,False
7.14511251449585,forward_005,5.14511251449585,0.05,0.0,0.0,-0.25089107997418486,-0.0545415391248228,-0.4374231437810788,-2.63,0.66,9.13,1.227,0.8032759428024292,0.0,0.034011583775281906,1.0,1.0,7.7,0.396,True,True,False
7.16571044921875,forward_005,5.16571044921875,0.05,0.0,0.0,0.017453292519943295,-0.04799655442984406,0.41996985126113556,-2.63,0.66,9.13,1.227,0.7914618849754333,0.0,0.041861049830913544,1.0,1.0,7.7,0.396,True,True,False
7.186170816421509,forward_005,5.186170816421509,0.05,0.0,0.0,0.09272061651219876,-0.06981317007977318,0.47123889803846897,1.25,1.22,8.17,1.227,0.8124804496765137,0.0,0.021841704845428467,1.0,1.0,7.7,0.396,True,True,False
7.20681095123291,forward_005,5.20681095123291,0.05,0.0,0.0,0.08835729338221293,-0.1810779098944117,0.20398535632683726,0.5700000000000001,-1.12,3.58,0.767,0.8280019760131836,0.0,0.02884965017437935,1.0,1.0,7.7,0.396,True,True,False
7.227176189422607,forward_005,5.227176189422607,0.05,0.0,0.0,0.29343348049154666,-0.22143864884678055,0.20616701789183017,0.5700000000000001,-1.12,3.58,0.384,0.8175821304321289,0.0,0.012710988521575928,1.0,1.0,7.7,0.396,True,True,False
7.2476112842559814,forward_005,5.2476112842559814,0.05,0.0,0.0,0.030543261909900768,0.21489366415180183,-0.42215151282612845,-1.8800000000000001,-3.0,9.35,0.384,0.5939419269561768,0.0,0.09407407604157925,1.0,1.0,7.7,0.396,True,True,False
7.267974376678467,forward_005,5.267974376678467,0.05,0.0,0.0,-0.015271630954950384,0.007635815477475192,-0.31634092692397225,-1.26,-2.0,8.25,0.46,0.6696637868881226,0.0,0.11886056885123253,1.0,1.0,7.7,0.396,True,True,False
7.288332223892212,forward_005,5.288332223892212,0.05,0.0,0.0,0.05999569303730508,-0.21271200258680892,-0.19744037163185854,-0.51,-2.29,9.47,0.614,0.778016984462738,0.0,0.054780662059783936,1.0,1.0,7.7,0.396,True,True,False
7.308808326721191,forward_005,5.308808326721191,0.05,0.0,0.0,0.038179077387375956,0.04363323129985824,-0.20289452554434081,-1.3900000000000001,-2.52,8.46,0.844,0.6762474775314331,0.0,0.039301034063100815,1.0,1.0,7.7,0.396,True,True,False
7.32918643951416,forward_005,5.32918643951416,0.05,0.0,0.0,0.13308135546456762,-0.06435901616729091,-0.055632369907319255,-1.6400000000000001,-2.49,7.96,1.841,0.7841423153877258,0.0,0.05154944956302643,1.0,1.0,7.7,0.396,True,True,False
7.349554777145386,forward_005,5.349554777145386,0.05,0.0,0.0,0.4177881896961426,-0.0272707695624114,0.28361600344907856,0.6,-0.81,6.98,2.148,0.7777771949768066,0.0,0.07830256782472134,1.0,1.0,7.7,0.41,True,True,False
7.369921684265137,forward_005,5.369921684265137,0.05,0.0,0.0,0.8333947178272924,-0.20943951023931956,0.08290313946973066,-0.5700000000000001,-2.04,6.98,1.458,0.787405252456665,0.0,0.04257690720260143,1.0,1.0,7.7,0.41,True,True,False
7.3903937339782715,forward_005,5.3903937339782715,0.05,0.0,0.0,0.8901179185171081,-0.47669305195095124,0.04254240051736178,-0.5700000000000001,-2.04,6.98,0.384,0.7876166701316833,0.0,0.029731545131653547,1.0,1.0,7.7,0.41,True,True,False
7.410768985748291,forward_005,5.410768985748291,0.05,0.0,0.0,0.4985096676008804,0.18871372537188688,-0.4537856055185257,-1.49,1.3900000000000001,9.66,0.6899999999999998,0.7153312563896179,0.0,0.028761617839336395,1.0,1.0,7.7,0.41,True,True,False
7.431262493133545,forward_005,5.431262493133545,0.05,0.0,0.0,0.21380283336930536,-0.13853550937704992,-0.9097528726020443,-1.49,1.3900000000000001,9.66,1.304,0.754331648349762,0.0,0.03781965747475624,1.0,1.0,7.7,0.41,True,True,False
7.451625347137451,forward_005,5.451625347137451,0.05,0.0,0.0,-0.017453292519943295,-0.13526301702956053,-0.7952156404399164,-1.49,1.3900000000000001,9.66,1.381,0.7270312309265137,0.0,0.021915842313319445,1.0,1.0,7.7,0.41,True,True,False
7.471994400024414,forward_005,5.471994400024414,0.05,0.0,0.0,-0.18653206380689397,-0.017453292519943295,-0.8464846872172498,-0.8200000000000001,1.51,5.37,1.304,0.7718304991722107,0.0,0.058727748692035675,1.0,1.0,7.7,0.41,True,True,False
7.492360830307007,forward_005,5.492360830307007,0.05,0.0,0.0,-0.33597588100890846,-0.1930770485018727,-0.4821472058634335,-0.17,-0.5700000000000001,8.63,0.844,0.765018880367279,0.0,0.036370642483234406,1.0,1.0,7.7,0.41,True,True,False
7.512832403182983,forward_005,5.512832403182983,0.05,0.0,0.0,-0.23452861823673804,0.06217735460229799,0.08290313946973066,0.71,1.31,8.76,1.151,0.7943388819694519,0.0,0.040216054767370224,1.0,1.0,7.7,0.41,True,True,False
7.533311367034912,forward_005,5.533311367034912,0.05,0.0,0.0,-0.27052603405912107,0.19634954084936207,0.3010692959690218,-0.06,-0.05,7.92,0.537,0.7865930199623108,0.0,0.08412083983421326,1.0,1.0,7.7,0.41,True,True,False
7.553776979446411,forward_005,5.553776979446411,0.05,0.0,0.0,-0.23125612588924865,0.3741549583962844,0.5214171140333059,-0.2,0.19,8.6,0.767,0.8096527457237244,0.0,0.058764290995895856,1.0,1.0,7.6,0.8910000000000001,True,True,False
7.574141263961792,forward_005,5.574141263961792,0.05,0.0,0.0,-0.14835298641951802,0.5312345910757741,0.6032294227205401,-0.31,0.3,9.03,0.9210000000000002,0.7099893093109131,0.0,0.04190850630402565,1.0,1.0,7.6,0.8910000000000001,True,True,False
7.594612121582031,forward_005,5.594612121582031,0.05,0.0,0.0,-0.06763150851478027,0.06763150851478027,0.28579766501407144,0.28,-0.77,9.53,1.151,0.6772180795669556,0.0,0.05736995767802,1.0,1.0,7.6,0.8910000000000001,True,True,False
7.614976167678833,forward_005,5.614976167678833,0.05,0.0,0.0,-0.4177881896961426,0.09599310885968812,-0.18216874067690814,-1.83,-1.9000000000000001,8.17,1.458,0.8069697618484497,0.0,0.09525831416249275,1.0,1.0,7.6,0.8910000000000001,True,True,False
7.635341644287109,forward_005,5.635341644287109,0.05,0.0,0.0,-0.519235452468313,-0.12435470920459599,-0.13526301702956053,-1.83,-1.9000000000000001,8.17,1.381,0.8457452654838562,0.0,0.08081359602510929,1.0,1.0,7.6,0.8910000000000001,True,True,False
7.655719041824341,forward_005,5.655719041824341,0.05,0.0,0.0,-0.5552328682906961,0.026179938779914945,-0.36106498900632694,-1.02,0.52,6.5200000000000005,0.9970000000000001,0.8559132218360901,0.0,0.05346281826496124,1.0,1.0,7.6,0.8910000000000001,True,True,False
7.67619776725769,forward_005,5.67619776725769,0.05,0.0,0.0,-0.38942658935123475,-0.02399827721492203,-0.30543261909900765,-1.18,0.76,6.53,0.9970000000000001,0.8258996605873108,0.0,0.023531794548034668,1.0,1.0,7.6,0.8910000000000001,True,True,False
7.69667387008667,forward_005,5.69667387008667,0.05,0.0,0.0,-0.44505895925855404,-0.13199052468207118,-0.10471975511965978,-1.18,0.76,6.53,0.844,0.8474135398864746,0.0,0.02031225711107254,1.0,1.0,7.6,0.8910000000000001,True,True,False
7.717039585113525,forward_005,5.717039585113525,0.05,0.0,0.0,-0.22907446432425577,-0.24107360293171676,0.10035643198967395,-1.18,0.76,6.53,1.458,0.849554717540741,0.0,0.010170713067054749,1.0,1.0,7.6,0.8910000000000001,True,True,False
7.737411022186279,forward_005,5.737411022186279,0.05,0.0,0.0,0.12980886311707826,-0.16144295580947549,0.07417649320975901,-0.11,-2.14,4.13,1.151,0.8449425101280212,0.0,0.02137291431427002,1.0,1.0,7.6,0.8910000000000001,True,True,False
7.757828712463379,forward_005,5.757828712463379,0.05,0.0,0.0,0.2596177262341565,-0.11126473981463851,0.04690572364734761,-0.35000000000000003,-0.93,7.62,0.9970000000000001,0.8170890212059021,0.0,0.01789725571870804,1.0,1.0,7.7,0.16200000000000003,True,True,False
7.7781829833984375,forward_005,5.7781829833984375,0.05,0.0,0.0,0.2596177262341565,-0.11126473981463851,0.04690572364734761,-0.35000000000000003,-0.93,7.62,0.6899999999999998,0.8129949569702148,0.0,0.00485268235206604,1.0,1.0,7.7,0.16200000000000003,True,True,False
7.798563241958618,forward_005,5.798563241958618,0.05,0.0,0.0,-0.022907446432425576,0.006544984694978736,-0.3861540970037454,-0.35000000000000003,-0.93,7.62,0.537,0.8154875040054321,0.0,0.022454366087913513,1.0,1.0,7.7,0.16200000000000003,True,True,False
7.818928241729736,forward_005,5.818928241729736,0.05,0.0,0.0,-0.17889624832941878,-0.05235987755982989,-0.4428772976935611,0.22,-2.42,7.44,0.307,0.8189464211463928,0.0,0.036947112530469894,1.0,1.0,7.7,0.16200000000000003,True,True,False
7.839413404464722,forward_005,5.839413404464722,0.05,0.0,0.0,-0.10035643198967395,-0.044724062082354694,-0.17671458676442586,0.01,-2.96,8.26,0.384,0.7920948266983032,0.0,0.019797352142632008,1.0,1.0,7.7,0.16200000000000003,True,True,False
7.859771728515625,forward_005,5.859771728515625,0.05,0.0,0.0,-0.08399397025222712,-0.06654067773228381,0.003272492347489368,-1.12,-2.94,9.61,0.614,0.6925527453422546,0.0,0.06311003863811493,1.0,1.0,7.7,0.16200000000000003,True,True,False
7.88019061088562,forward_005,5.88019061088562,0.05,0.0,0.0,0.02399827721492203,-0.04363323129985824,0.1090830782496456,-1.16,-2.46,9.71,0.614,0.569232165813446,0.0,0.053950296714901924,1.0,1.0,7.7,0.16200000000000003,True,True,False
7.900596380233765,forward_005,5.900596380233765,0.05,0.0,0.0,0.30652344988150415,-0.0272707695624114,0.12980886311707826,0.19,-1.26,9.03,0.9210000000000002,0.6163033246994019,0.0,0.026601053774356842,1.0,1.0,7.7,0.16200000000000003,True,True,False
7.920957326889038,forward_005,5.920957326889038,0.05,0.0,0.0,0.3436116964863836,-0.07090400086226964,-0.1189005552921137,0.19,-1.26,9.03,0.9970000000000001,0.6718085408210754,0.0,0.029304448515176773,1.0,1.0,7.7,0.16200000000000003,True,True,False
7.94144606590271,forward_005,5.94144606590271,0.05,0.0,0.0,0.30652344988150415,-0.02945243112740431,-0.26398104936414235,-0.67,-1.59,9.15,0.844,0.6320558190345764,0.0,0.03395304159494117,1.0,1.0,7.7,0.16200000000000003,True,True,False
7.9618165493011475,forward_005,5.9618165493011475,0.05,0.0,0.0,0.4385139745635753,0.13962634015954636,-0.1810779098944117,-0.67,-1.59,9.15,0.6899999999999998,0.6574358940124512,0.0,0.032912369817495346,1.0,1.0,7.7,0.5370000000000001,True,True,False
7.98217511177063,forward_005,5.98217511177063,0.05,0.0,0.0,0.33161255787892263,0.20943951023931956,-0.15926129424448257,-0.67,-1.59,9.15,0.767,0.6995018720626831,0.0,0.016006580088287592,1.0,1.0,7.7,0.5370000000000001,True,True,False
8.002633571624756,stop_after_005,0.0026335716247558594,0.0,0.0,0.0,0.2530727415391778,0.2378011105842274,-0.009817477042468103,-0.67,-1.59,9.15,0.9210000000000002,0.6636307835578918,0.0,0.043243616819381714,1.0,1.0,7.7,0.5370000000000001,True,True,False
8.02300500869751,stop_after_005,0.023005008697509766,0.0,0.0,0.0,0.21707532571679475,0.16471544815696484,0.03599741582238305,0.44,1.21,8.99,1.074,0.602866530418396,0.0,0.04000730812549591,1.0,1.0,7.7,0.5370000000000001,True,True,False
8.043373346328735,stop_after_005,0.04337334632873535,0.0,0.0,0.0,0.19853120241435498,0.09381144729469522,0.13199052468207118,-0.52,0.61,9.1,0.767,0.5164386034011841,0.0,0.0777695570141077,1.0,1.0,7.7,0.5370000000000001,True,True,False
8.063753604888916,stop_after_005,0.06375360488891602,0.0,0.0,0.0,0.09926560120717749,-0.07090400086226964,0.17998707911191522,-0.78,1.16,7.38,0.46,0.6915323734283447,0.0,0.05297939106822014,1.0,1.0,7.7,0.5370000000000001,True,True,False
8.084235906600952,stop_after_005,0.08423590660095215,0.0,0.0,0.0,0.08835729338221293,-0.10690141668465268,0.03381575425739013,0.8,0.5700000000000001,8.6,0.9210000000000002,0.7198158502578735,0.0,0.038669437170028687,1.0,1.0,7.7,0.5370000000000001,True,True,False
8.104599714279175,stop_after_005,0.1045997142791748,0.0,0.0,0.0,-0.12435470920459599,0.07417649320975901,-0.04036073895236887,-1.34,-0.9,9.01,1.227,0.7236841917037964,0.0,0.05730913206934929,1.0,1.0,7.7,0.5370000000000001,True,True,False
8.124955177307129,stop_after_005,0.1249551773071289,0.0,0.0,0.0,-0.12435470920459599,0.07417649320975901,-0.04036073895236887,-1.34,-0.9,9.01,1.534,0.8432133793830872,0.0,0.05674020014703274,1.0,1.0,7.7,0.5370000000000001,True,True,False
8.145324945449829,stop_after_005,0.1453249454498291,0.0,0.0,0.0,-0.34033920413889424,0.42542400517361784,0.3239767424014474,-0.17,0.75,6.44,1.458,0.849233865737915,0.0,0.04133371636271477,1.0,1.0,7.7,0.5370000000000001,True,True,False
8.165703535079956,stop_after_005,0.16570353507995605,0.0,0.0,0.0,-0.4166973589136462,0.07853981633974483,0.21925698728178766,-0.17,0.75,6.44,1.151,0.8400233387947083,0.0,0.06304964050650597,1.0,1.0,7.7,0.37900000000000006,True,True,False
8.187621355056763,stop_after_005,0.1876213550567627,0.0,0.0,0.0,-0.5399612373357457,-0.007635815477475192,0.08835729338221293,-1.95,1.06,9.31,0.9210000000000002,0.8314407467842102,0.0,0.05029964167624712,1.0,1.0,7.7,0.37900000000000006,True,True,False
8.207982540130615,stop_after_005,0.20798254013061523,0.0,0.0,0.0,-0.595593607243065,-0.20616701789183017,-0.006544984694978736,-2.15,-0.21,8.99,0.9210000000000002,0.8658824563026428,0.0,0.026027873158454895,1.0,1.0,7.7,0.37900000000000006,True,True,False
8.22834849357605,stop_after_005,0.2283484935760498,0.0,0.0,0.0,-0.43524148221608594,-0.16689710972195776,0.006544984694978736,-2.15,-0.21,8.99,0.844,0.8392543196678162,0.0,0.027619329281151295,1.0,1.0,7.7,0.37900000000000006,True,True,False
8.248746871948242,stop_after_005,0.2487468719482422,0.0,0.0,0.0,-0.3370667117914049,-0.18871372537188688,-0.0545415391248228,-2.15,-0.21,8.99,0.9210000000000002,0.847041666507721,0.0,0.017489422112703323,1.0,1.0,7.7,0.37900000000000006,True,True,False
8.269132614135742,stop_after_005,0.2691326141357422,0.0,0.0,0.0,-0.1189005552921137,-0.2301652951067522,-0.23234695667174513,-2.15,-0.21,8.99,1.151,0.8580390810966492,0.0,0.00861908495426178,1.0,1.0,7.7,0.37900000000000006,True,True,False
8.289564609527588,stop_after_005,0.2895646095275879,0.0,0.0,0.0,0.017453292519943295,-0.4232423436086249,-0.385063266221249,0.84,-2.2600000000000002,8.82,1.151,0.8941764831542969,0.0,0.021980345249176025,1.0,1.0,7.7,0.37900000000000006,True,True,False
8.309936761856079,stop_after_005,0.3099367618560791,0.0,0.0,0.0,0.11999138607461016,-0.12980886311707826,-0.25089107997418486,-1.98,-1.26,7.51,0.9210000000000002,0.8683693408966064,0.0,0.036397259682416916,1.0,1.0,7.7,0.37900000000000006,True,True,False
8.330383777618408,stop_after_005,0.3303837776184082,0.0,0.0,0.0,0.10581058590215622,-0.08944812416470939,-0.26070855701665296,-0.11,-0.99,9.370000000000001,0.6899999999999998,0.874231219291687,0.0,0.01196477934718132,1.0,1.0,7.7,0.37900000000000006,True,True,False
8.350746870040894,stop_after_005,0.35074687004089355,0.0,0.0,0.0,0.06544984694978735,-0.16689710972195776,-0.11453723216212788,-1.23,-1.83,8.97,0.46,0.8449380993843079,0.0,0.022078275680541992,1.0,1.0,7.7,0.37900000000000006,True,True,False
8.371115922927856,stop_after_005,0.37111592292785645,0.0,0.0,0.0,-0.06217735460229799,-0.13199052468207118,0.25089107997418486,0.05,-0.9,8.43,0.307,0.8860632181167603,0.0,0.029366951435804367,1.0,1.0,7.7,0.24000000000000002,True,True,False
8.39148759841919,stop_after_005,0.39148759841918945,0.0,0.0,0.0,-0.12762720155208535,-0.1265363707695889,0.17671458676442586,-0.66,-1.1300000000000001,8.55,0.23,0.8743418455123901,0.0,0.017659733071923256,1.0,1.0,7.7,0.24000000000000002,True,True,False
8.411864995956421,stop_after_005,0.4118649959564209,0.0,0.0,0.0,-0.07635815477475191,-0.19525871006686563,0.1341721862470641,-0.32,-1.48,9.58,0.23,0.8622317314147949,0.0,0.00915202870965004,1.0,1.0,7.7,0.24000000000000002,True,True,False
8.432295083999634,stop_after_005,0.4322950839996338,0.0,0.0,0.0,0.04145156973486533,-0.09817477042468103,-0.06544984694978735,0.55,-0.8200000000000001,8.71,0.384,0.8376064300537109,0.0,0.02112659625709057,1.0,1.0,7.7,0.24000000000000002,True,True,False
8.452659606933594,stop_after_005,0.45265960693359375,0.0,0.0,0.0,0.11671889372712078,-0.09926560120717749,-0.2585268954516601,0.23,-2.12,9.620000000000001,0.614,0.8322038054466248,0.0,0.020699769258499146,1.0,1.0,7.7,0.24000000000000002,True,True,False
8.473135471343994,stop_after_005,0.47313547134399414,0.0,0.0,0.0,0.20616701789183017,0.10471975511965978,-0.4559672670835186,-0.45,-2.71,9.08,0.537,0.8667146563529968,0.0,0.01748131960630417,1.0,1.0,7.7,0.24000000000000002,True,True,False
8.493600606918335,stop_after_005,0.49360060691833496,0.0,0.0,0.0,0.2378011105842274,-0.015271630954950384,-0.21162117180431245,-0.45,-2.71,9.08,0.153,0.848650336265564,0.0,0.010755911469459534,1.0,1.0,7.7,0.24000000000000002,True,True,False
8.5139741897583,stop_after_005,0.5139741897583008,0.0,0.0,0.0,0.16253378659197193,-0.038179077387375956,0.16144295580947549,-0.31,-1.46,9.53,0.307,0.8597465753555298,0.0,0.006988301873207092,1.0,1.0,7.7,0.24000000000000002,True,True,False
8.534348249435425,stop_after_005,0.5343482494354248,0.0,0.0,0.0,0.0719948316447661,-0.02399827721492203,0.24216443371421323,-0.17,-0.6,8.88,0.307,0.8697826862335205,0.0,0.004420973360538483,1.0,1.0,7.7,0.24000000000000002,True,True,False
8.55481481552124,stop_after_005,0.5548148155212402,0.0,0.0,0.0,0.026179938779914945,-0.0818123086872342,0.4068798818711781,-0.22,1.67,9.790000000000001,0.307,0.8711572289466858,0.0,0.007386445999145508,1.0,1.0,7.7,0.24000000000000002,True,True,False
8.575203657150269,stop_after_005,0.5752036571502686,0.0,0.0,0.0,-0.07635815477475191,0.04799655442984406,0.20507618710933373,0.07,1.41,9.21,0.307,0.8832201361656189,0.0,0.007831662893295288,1.0,1.0,7.7,0.322,True,True,False
8.595876216888428,stop_after_005,0.5958762168884277,0.0,0.0,0.0,-0.08399397025222712,0.13199052468207118,-0.05345070834232634,-0.33,1.35,8.950000000000001,0.307,0.8887223601341248,0.0,0.006844468414783478,1.0,1.0,7.7,0.322,True,True,False
8.61632490158081,stop_after_005,0.6163249015808105,0.0,0.0,0.0,-0.12762720155208535,0.12762720155208535,-0.23671027980173096,-0.49,-0.7000000000000001,8.89,0.23,0.9029159545898438,0.0,0.005818165838718414,1.0,1.0,7.7,0.322,True,True,False
8.636686325073242,stop_after_005,0.6366863250732422,0.0,0.0,0.0,-0.13526301702956053,0.1439896632895322,-0.17562375598192942,-0.06,-1.26,9.09,0.307,0.9169905185699463,0.0,0.003729581832885742,1.0,1.0,7.7,0.322,True,True,False
8.657168626785278,stop_after_005,0.6571686267852783,0.0,0.0,0.0,-0.1559888018969932,0.07526732399225546,-0.044724062082354694,-0.08,-1.6400000000000001,9.31,0.307,0.9293450713157654,0.0,0.004670069552958012,1.0,1.0,7.7,0.322,True,True,False
8.677693367004395,stop_after_005,0.6776933670043945,0.0,0.0,0.0,-0.16907877128695067,-0.00545415391248228,0.12871803233458182,-0.51,-1.82,9.1,0.23,0.9349610805511475,0.0,0.007570043206214905,1.0,1.0,7.7,0.322,True,True,False
8.69806718826294,stop_after_005,0.6980671882629395,0.0,0.0,0.0,-0.14508049407202864,-0.037088246604879506,0.17562375598192942,-0.9,-1.56,9.120000000000001,0.153,0.9324944019317627,0.0,0.004406837746500969,1.0,1.0,7.7,0.322,True,True,False
8.71853256225586,stop_after_005,0.7185325622558594,0.0,0.0,0.0,-0.07635815477475191,-0.011999138607461015,0.0719948316447661,-0.53,-1.67,9.17,0.077,0.9262574911117554,0.0,0.0055614858865737915,1.0,1.0,7.7,0.322,True,True,False
8.73889970779419,stop_after_005,0.7388997077941895,0.0,0.0,0.0,-0.02181661564992912,0.028361600344907856,-0.025089107997418487,-0.25,-1.3800000000000001,8.66,0.23,0.9165693521499634,0.0,0.00665263831615448,1.0,1.0,7.7,0.322,True,True,False
8.759365797042847,stop_after_005,0.7593657970428467,0.0,0.0,0.0,0.020725784867432664,-0.044724062082354694,-0.16035212502697901,-0.74,-1.79,9.06,0.23,0.9206642508506775,0.0,0.005902774631977081,1.0,1.0,7.7,0.322,True,True,False
8.779828548431396,stop_after_005,0.7798285484313965,0.0,0.0,0.0,0.00545415391248228,-0.06435901616729091,-0.17998707911191522,-0.8300000000000001,-1.44,9.08,0.077,0.9237610697746277,0.0,0.003092840313911438,1.0,1.0,7.7,0.16800000000000004,True,True,False
8.80019760131836,stop_after_005,0.8001976013183594,0.0,0.0,0.0,0.0545415391248228,-0.11017390903214205,-0.05890486225480862,-0.18,-0.47000000000000003,9.73,0.077,0.9169761538505554,0.0,0.0027318596839904785,1.0,1.0,7.7,0.16800000000000004,True,True,False
8.820566415786743,stop_after_005,0.8205664157867432,0.0,0.0,0.0,0.08835729338221293,-0.04254240051736178,0.007635815477475192,-0.16,-0.37,9.1,0.077,0.9111227989196777,0.0,0.0055064186453819275,1.0,1.0,7.7,0.16800000000000004,True,True,False
8.840925931930542,stop_after_005,0.840925931930542,0.0,0.0,0.0,0.016362461737446838,-0.12435470920459599,0.02181661564992912,-0.35000000000000003,-0.34,9.34,0.077,0.9073411226272583,0.0,0.00802118331193924,1.0,1.0,7.7,0.16800000000000004,True,True,False
8.861289978027344,stop_after_005,0.8612899780273438,0.0,0.0,0.0,-0.03381575425739013,-0.03599741582238305,0.07853981633974483,-0.44,-0.08,9.290000000000001,0.153,0.90908282995224,0.0,0.015408795326948166,1.0,1.0,7.7,0.16800000000000004,True,True,False
8.881712198257446,stop_after_005,0.8817121982574463,0.0,0.0,0.0,-0.030543261909900768,-0.07963064712224129,0.039269908169872414,-0.04,-0.26,9.55,0.077,0.8962072730064392,0.0,0.009990639984607697,1.0,1.0,7.7,0.16800000000000004,True,True,False
8.902086734771729,stop_after_005,0.9020867347717285,0.0,0.0,0.0,-0.050178215994836975,-0.03599741582238305,-0.03490658503988659,-0.08,-0.89,8.92,0.077,0.8878888487815857,0.0,0.009808182716369629,1.0,1.0,7.7,0.16800000000000004,True,True,False
8.922448635101318,stop_after_005,0.9224486351013184,0.0,0.0,0.0,-0.05126904677733343,-0.0545415391248228,0.02945243112740431,-0.11,-1.35,9.47,0.153,0.8885062336921692,0.0,0.012087013572454453,1.0,1.0,7.7,0.16800000000000004,True,True,False
8.942816257476807,stop_after_005,0.9428162574768066,0.0,0.0,0.0,-0.025089107997418487,-0.013089969389957472,0.004363323129985824,-0.31,-1.55,9.11,0.307,0.8813778758049011,0.0,0.009788770228624344,1.0,1.0,7.7,0.16800000000000004,True,True,False
8.9631826877594,stop_after_005,0.9631826877593994,0.0,0.0,0.0,0.05672320068981571,0.013089969389957472,-0.18653206380689397,-0.28,-1.93,9.13,0.384,0.8481366038322449,0.0,0.015628769993782043,1.0,1.0,7.7,0.16800000000000004,True,True,False
8.983555316925049,stop_after_005,0.9835553169250488,0.0,0.0,0.0,0.16689710972195776,0.03599741582238305,-0.02181661564992912,-0.26,-1.59,9.01,0.537,0.8676522374153137,0.0,0.009013406932353973,1.0,1.0,7.7,0.233,True,True,False
9.003925323486328,stop_after_005,1.0039253234863281,0.0,0.0,0.0,0.22907446432425577,0.018544123302439753,-0.08617563181722002,0.34,-1.75,9.27,0.537,0.8527681827545166,0.0,0.020763546228408813,1.0,1.0,7.7,0.233,True,True,False
9.024410724639893,stop_after_005,1.0244107246398926,0.0,0.0,0.0,0.26070855701665296,0.030543261909900768,-0.037088246604879506,0.09,-1.92,9.35,0.307,0.8581662774085999,0.0,0.01378166675567627,1.0,1.0,7.7,0.233,True,True,False
9.044848203659058,stop_after_005,1.0448482036590576,0.0,0.0,0.0,0.1712604328519436,0.0272707695624114,0.05126904677733343,0.09,-1.92,9.35,0.077,0.8708704710006714,0.0,0.007748305797576904,1.0,1.0,7.7,0.233,True,True,False
9.06532907485962,stop_after_005,1.0653290748596191,0.0,0.0,0.0,0.10144726277217041,0.022907446432425576,0.13744467859455345,-0.34,-0.15,9.13,0.153,0.8703201413154602,0.0,0.006242334842681885,1.0,1.0,7.7,0.233,True,True,False
9.085750102996826,stop_after_005,1.0857501029968262,0.0,0.0,0.0,0.10144726277217041,0.022907446432425576,0.13744467859455345,-0.34,-0.15,9.13,0.153,0.8732327818870544,0.0,0.007506996393203735,1.0,1.0,7.7,0.233,True,True,False
9.106191396713257,stop_after_005,1.1061913967132568,0.0,0.0,0.0,0.00545415391248228,0.08726646259971647,0.038179077387375956,-0.43,0.86,9.61,0.23,0.8801484704017639,0.0,0.004859864711761475,1.0,1.0,7.7,0.233,True,True,False
9.126609086990356,stop_after_005,1.1266090869903564,0.0,0.0,0.0,-0.0272707695624114,0.14944381720201447,-0.05781403147231216,-0.58,0.49,9.4,0.23,0.8921052813529968,0.0,0.004720024764537811,1.0,1.0,7.7,0.233,True,True,False
9.14696979522705,stop_after_005,1.1469697952270508,0.0,0.0,0.0,-0.09053895494720585,0.07853981633974483,-0.06763150851478027,-0.12,0.56,9.05,0.23,0.8979549407958984,0.0,0.004613131284713745,1.0,1.0,7.7,0.233,True,True,False
9.167338848114014,stop_after_005,1.1673388481140137,0.0,0.0,0.0,-0.1559888018969932,0.1308996938995747,-0.11999138607461016,-0.21,-0.48,8.96,0.307,0.9106429815292358,0.0,0.0043143630027771,1.0,1.0,7.7,0.233,True,True,False
9.18771767616272,stop_after_005,1.1877176761627197,0.0,0.0,0.0,-0.16798794050445423,0.038179077387375956,-0.002181661564992912,-0.8,-1.12,9.26,0.307,0.9240760207176208,0.0,0.006502564996480942,1.0,1.0,7.7,0.2,True,True,False
9.208841562271118,stop_after_005,1.2088415622711182,0.0,0.0,0.0,-0.16144295580947549,0.01090830782496456,0.07853981633974483,-0.87,-1.68,8.58,0.23,0.9330900311470032,0.0,0.005983024835586548,1.0,1.0,7.7,0.2,True,True,False
9.229203462600708,stop_after_005,1.229203462600708,0.0,0.0,0.0,-0.15817046346198613,-0.06763150851478027,0.10471975511965978,-0.8200000000000001,-1.81,8.85,0.23,0.9310601949691772,0.0,0.004946358501911163,1.0,1.0,7.7,0.2,True,True,False
9.249558925628662,stop_after_005,1.249558925628662,0.0,0.0,0.0,-0.13526301702956053,-0.038179077387375956,0.05890486225480862,-0.53,-1.9000000000000001,9.13,0.077,0.931664764881134,0.0,0.004166901111602783,1.0,1.0,7.7,0.2,True,True,False
9.270021200180054,stop_after_005,1.2700212001800537,0.0,0.0,0.0,-0.06981317007977318,-0.11562806294462433,0.0719948316447661,-0.77,-1.61,8.8,0.23,0.9238502383232117,0.0,0.0036912262439727783,1.0,1.0,7.7,0.2,True,True,False
9.290399074554443,stop_after_005,1.2903990745544434,0.0,0.0,0.0,-0.06981317007977318,-0.11562806294462433,0.0719948316447661,-0.77,-1.61,8.8,0.23,0.9237623810768127,0.0,0.0033940672874450684,1.0,1.0,7.7,0.2,True,True,False
9.310763120651245,stop_after_005,1.3107631206512451,0.0,0.0,0.0,-0.017453292519943295,-0.1090830782496456,-0.21707532571679475,-0.43,-1.43,9.76,0.153,0.9278568029403687,0.0,0.01277896761894226,1.0,1.0,7.7,0.2,True,True,False
9.331405639648438,stop_after_005,1.3314056396484375,0.0,0.0,0.0,0.031634092692397225,-0.07853981633974483,-0.19198621771937624,0.11,-1.27,9.32,0.077,0.9290553331375122,0.0,0.00368306040763855,1.0,1.0,7.7,0.2,True,True,False
9.351776361465454,stop_after_005,1.351776361465454,0.0,0.0,0.0,0.05672320068981571,-0.11126473981463851,-0.038179077387375956,0.02,-0.8200000000000001,9.370000000000001,0.077,0.9188863635063171,0.0,0.0032716765999794006,1.0,1.0,7.7,0.2,True,True,False
9.372140407562256,stop_after_005,1.3721404075622559,0.0,0.0,0.0,0.0545415391248228,-0.050178215994836975,0.04254240051736178,-0.19,-0.25,9.13,0.153,0.9116919040679932,0.0,0.0044571757316589355,1.0,1.0,7.7,0.2,True,True,False
9.392608165740967,stop_after_005,1.3926081657409668,0.0,0.0,0.0,0.038179077387375956,-0.09708393964218458,0.08072147790473774,-0.03,-0.23,9.42,0.077,0.9092941880226135,0.0,0.00549481064081192,1.0,1.0,7.7,0.14800000000000002,True,True,False
9.412983417510986,stop_after_005,1.4129834175109863,0.0,0.0,0.0,0.038179077387375956,-0.09708393964218458,0.08072147790473774,-0.03,-0.23,9.42,0.153,0.9060320854187012,0.0,0.00917341560125351,1.0,1.0,7.7,0.14800000000000002,True,True,False
9.433364152908325,stop_after_005,1.4333641529083252,0.0,0.0,0.0,-0.022907446432425576,-0.025089107997418487,0.10035643198967395,-0.13,-0.11,9.06,0.077,0.902012825012207,0.0,0.013839185237884521,1.0,1.0,7.7,0.14800000000000002,True,True,False
9.453814268112183,stop_after_005,1.4538142681121826,0.0,0.0,0.0,-0.05235987755982989,0.0,0.020725784867432664,-0.18,-0.24,9.18,0.0,0.8870968222618103,0.0,0.009509317576885223,1.0,1.0,7.7,0.14800000000000002,True,True,False
9.474259853363037,stop_after_005,1.474259853363037,0.0,0.0,0.0,-0.05672320068981571,-0.01090830782496456,-0.02945243112740431,-0.18,-1.35,9.56,0.077,0.8820760250091553,0.0,0.009226411581039429,1.0,1.0,7.7,0.14800000000000002,True,True,False
9.49463438987732,stop_after_005,1.4946343898773193,0.0,0.0,0.0,-0.02399827721492203,0.04908738521234052,0.05126904677733343,-0.21,-1.1500000000000001,9.02,0.23,0.8837965726852417,0.0,0.010092388838529587,1.0,1.0,7.7,0.14800000000000002,True,True,False
9.515000820159912,stop_after_005,1.515000820159912,0.0,0.0,0.0,-0.016362461737446838,0.015271630954950384,-0.04690572364734761,0.09,-1.6400000000000001,9.47,0.384,0.8724079132080078,0.0,0.009923189878463745,1.0,1.0,7.7,0.14800000000000002,True,True,False
9.535377264022827,stop_after_005,1.5353772640228271,0.0,0.0,0.0,0.03490658503988659,0.09708393964218458,-0.020725784867432664,-0.09,-1.94,9.13,0.46,0.8817604184150696,0.0,0.006617629900574684,1.0,1.0,7.7,0.14800000000000002,True,True,False
9.555840015411377,stop_after_005,1.555840015411377,0.0,0.0,0.0,0.1439896632895322,0.08835729338221293,0.055632369907319255,-0.44,-1.75,9.22,0.46,0.8797897100448608,0.0,0.01114804670214653,1.0,1.0,7.7,0.14800000000000002,True,True,False
9.57623028755188,stop_after_005,1.5762302875518799,0.0,0.0,0.0,0.22471114119426994,0.11453723216212788,-0.004363323129985824,-0.42,-1.44,8.91,0.307,0.8707495331764221,0.0,0.016314230859279633,1.0,1.0,7.7,0.14800000000000002,True,True,False
9.596608638763428,stop_after_005,1.5966086387634277,0.0,0.0,0.0,0.24870941840919197,0.0719948316447661,-0.030543261909900768,-0.16,-1.52,9.03,0.23,0.8668966889381409,0.0,0.012038469314575195,1.0,1.0,7.7,0.375,True,True,False
9.616972208023071,stop_after_005,1.6169722080230713,0.0,0.0,0.0,0.1908953869368798,0.05672320068981571,-0.011999138607461015,-0.16,-1.52,9.03,0.077,0.8715036511421204,0.0,0.005505137145519257,1.0,1.0,7.7,0.375,True,True,False
9.637442827224731,stop_after_005,1.6374428272247314,0.0,0.0,0.0,0.11453723216212788,0.038179077387375956,-0.015271630954950384,-0.43,0.03,9.02,0.153,0.8744098544120789,0.0,0.008396945893764496,1.0,1.0,7.7,0.375,True,True,False
9.657813549041748,stop_after_005,1.657813549041748,0.0,0.0,0.0,0.03599741582238305,-0.015271630954950384,0.015271630954950384,-0.22,0.24,9.11,0.153,0.885964572429657,0.0,0.005015581846237183,1.0,1.0,7.7,0.375,True,True,False
9.678178787231445,stop_after_005,1.6781787872314453,0.0,0.0,0.0,0.022907446432425576,0.05781403147231216,0.07744898555724837,-0.64,0.8200000000000001,9.64,0.307,0.888532280921936,0.0,0.0031646639108657837,1.0,1.0,7.7,0.375,True,True,False
9.698540210723877,stop_after_005,1.698540210723877,0.0,0.0,0.0,-0.050178215994836975,0.06326818538479445,0.007635815477475192,-0.66,0.33,9.35,0.23,0.9014346599578857,0.0,0.003852367401123047,1.0,1.0,7.7,0.375,True,True,False
9.71891188621521,stop_after_005,1.71891188621521,0.0,0.0,0.0,-0.09708393964218458,0.08072147790473774,-0.05126904677733343,-0.27,0.27,8.4,0.23,0.9101344347000122,0.0,0.0030527859926223755,1.0,1.0,7.7,0.375,True,True,False
9.739330530166626,stop_after_005,1.739330530166626,0.0,0.0,0.0,-0.1832595714594046,0.03381575425739013,-0.02945243112740431,-0.33,-0.64,9.3,0.307,0.9231709837913513,0.0,0.0081343874335289,1.0,1.0,7.7,0.375,True,True,False
9.759696006774902,stop_after_005,1.7596960067749023,0.0,0.0,0.0,-0.22907446432425577,0.02399827721492203,0.007635815477475192,-0.91,-1.11,9.48,0.23,0.9303332567214966,0.0,0.01302938163280487,1.0,1.0,7.7,0.375,True,True,False
9.780067443847656,stop_after_005,1.7800674438476562,0.0,0.0,0.0,-0.17671458676442586,-0.04145156973486533,0.05126904677733343,-0.53,-1.37,9.040000000000001,0.153,0.9306802153587341,0.0,0.005028076469898224,1.0,1.0,7.7,0.375,True,True,False
9.80043625831604,stop_after_005,1.80043625831604,0.0,0.0,0.0,-0.1189005552921137,-0.037088246604879506,0.022907446432425576,-0.34,-1.98,8.6,0.077,0.9315049648284912,0.0,0.003682255744934082,1.0,1.0,7.7,0.14200000000000002,True,True,False
9.820842981338501,stop_after_005,1.820842981338501,0.0,0.0,0.0,-0.11344640137963143,-0.12762720155208535,0.038179077387375956,-0.47000000000000003,-1.6500000000000001,9.25,0.077,0.9229838848114014,0.0,0.002891354262828827,1.0,1.0,7.7,0.14200000000000002,True,True,False
9.841266870498657,stop_after_005,1.8412668704986572,0.0,0.0,0.0,-0.013089969389957472,-0.12544553998709243,-0.032724923474893676,-0.78,-1.8,9.09,0.153,0.9143984317779541,0.0,0.004283716902136803,1.0,1.0,7.7,0.14200000000000002,True,True,False
9.86176872253418,stop_after_005,1.8617687225341797,0.0,0.0,0.0,0.002181661564992912,-0.11562806294462433,-0.05126904677733343,-0.27,-1.8900000000000001,8.9,0.153,0.9162328839302063,0.0,0.003566659986972809,1.0,1.0,7.7,0.14200000000000002,True,True,False
9.882240533828735,stop_after_005,1.8822405338287354,0.0,0.0,0.0,0.016362461737446838,-0.11562806294462433,-0.05345070834232634,-0.06,-1.18,9.31,0.077,0.9192457795143127,0.0,0.002687949687242508,1.0,1.0,7.7,0.14200000000000002,True,True,False
9.902606964111328,stop_after_005,1.9026069641113281,0.0,0.0,0.0,0.022907446432425576,-0.11999138607461016,-0.10362892433716332,-0.05,-0.88,9.5,0.077,0.9232786893844604,0.0,0.003681652247905731,1.0,1.0,7.7,0.14200000000000002,True,True,False
9.922967672348022,stop_after_005,1.9229676723480225,0.0,0.0,0.0,0.06872233929727672,-0.07744898555724837,-0.044724062082354694,-0.11,-0.43,9.33,0.153,0.9184359908103943,0.0,0.004084736108779907,1.0,1.0,7.7,0.14200000000000002,True,True,False
9.943910121917725,stop_after_005,1.9439101219177246,0.0,0.0,0.0,0.03599741582238305,-0.028361600344907856,-0.008726646259971648,-0.01,-0.51,9.26,0.077,0.9136841893196106,0.0,0.006959259510040283,1.0,1.0,7.7,0.14200000000000002,True,True,False
9.964826345443726,stop_after_005,1.9648263454437256,0.0,0.0,0.0,-0.003272492347489368,-0.04036073895236887,0.025089107997418487,0.06,-0.07,9.38,0.077,0.9029361009597778,0.0,0.007247954607009888,1.0,1.0,7.7,0.14200000000000002,True,True,False
9.996162414550781,stop_after_005,1.9961624145507812,0.0,0.0,0.0,-0.006544984694978736,-0.002181661564992912,0.011999138607461015,-0.03,-0.42,9.38,0.077,0.8980905413627625,0.0,0.01214563474059105,1.0,1.0,7.7,0.14200000000000002,True,True,False
10.016544580459595,forward_010,0.016544580459594727,0.1,0.0,0.0,-0.044724062082354694,0.03490658503988659,0.04145156973486533,-0.11,-1.06,9.21,0.077,0.8330832719802856,0.0,0.03365223854780197,1.0,1.0,7.7,0.20500000000000004,True,True,False
10.037208318710327,forward_010,0.03720831871032715,0.1,0.0,0.0,-0.044724062082354694,0.03599741582238305,0.07308566242726255,-0.22,-1.37,9.22,0.153,0.8322345614433289,0.0,0.021443411707878113,1.0,1.0,7.7,0.20500000000000004,True,True,False
10.057612657546997,forward_010,0.05761265754699707,0.1,0.0,0.0,-0.004363323129985824,0.032724923474893676,0.02945243112740431,-0.1,-1.33,9.19,0.384,0.7653861045837402,0.0,0.030381448566913605,1.0,1.0,7.7,0.20500000000000004,True,True,False
10.078079462051392,forward_010,0.0780794620513916,0.1,0.0,0.0,0.016362461737446838,0.0916297857297023,-0.018544123302439753,-0.04,-1.53,9.08,0.6899999999999998,0.6949231028556824,0.0,0.04153227899223566,1.0,1.0,7.7,0.20500000000000004,True,True,False
10.098457098007202,forward_010,0.09845709800720215,0.1,0.0,0.0,0.10690141668465268,0.08835729338221293,-0.0272707695624114,-0.34,-1.42,8.49,1.151,0.6235998272895813,0.0,0.02509089559316635,1.0,1.0,7.7,0.20500000000000004,True,True,False
10.11882996559143,forward_010,0.11882996559143066,0.1,0.0,0.0,0.27707101875409984,0.11017390903214205,-0.08726646259971647,0.15,-1.74,8.74,1.304,0.5250090956687927,0.0,0.029352031648159027,1.0,1.0,7.7,0.20500000000000004,True,True,False
10.139211654663086,forward_010,0.13921165466308594,0.1,0.0,0.0,0.4494222823885399,0.16144295580947549,-0.18435040224190105,0.43,-1.9100000000000001,9.56,1.458,0.6518940329551697,0.0,0.0503877904266119,1.0,1.0,7.7,0.20500000000000004,True,True,False
10.159573078155518,forward_010,0.15957307815551758,0.1,0.0,0.0,0.5715953300281429,0.33161255787892263,-0.20180369476184434,-0.33,-2.07,9.13,1.074,0.7416952252388,0.0,0.031732918694615364,1.0,1.0,7.7,0.20500000000000004,True,True,False
10.179943084716797,forward_010,0.17994308471679688,0.1,0.0,0.0,0.5846852994181004,0.44833145160604343,-0.14835298641951802,-0.33,-2.07,9.13,1.151,0.7948145866394043,0.0,0.022182483226060867,1.0,1.0,7.7,0.20500000000000004,True,True,False
10.20042371749878,forward_010,0.2004237174987793,0.1,0.0,0.0,0.49741883681838395,0.5148721293383273,-0.12544553998709243,-0.33,-2.07,9.13,1.151,0.8138948678970337,0.0,0.018590226769447327,1.0,1.0,7.7,0.20500000000000004,True,True,False
10.220793008804321,forward_010,0.2207930088043213,0.1,0.0,0.0,0.35779249665883756,0.6926775468852495,0.0719948316447661,-0.33,-2.07,9.13,1.304,0.8024437427520752,0.0,0.02056453377008438,1.0,1.0,7.7,0.41600000000000004,True,True,False
10.241956233978271,forward_010,0.24195623397827148,0.1,0.0,0.0,0.2792526803190927,0.44833145160604343,0.2596177262341565,-0.33,-2.07,9.13,1.304,0.6970946192741394,0.0,0.03209259733557701,1.0,1.0,7.7,0.41600000000000004,True,True,False
10.262395143508911,forward_010,0.26239514350891113,0.1,0.0,0.0,0.3370667117914049,0.17671458676442586,0.3370667117914049,1.36,1.57,8.83,1.227,0.6797647476196289,0.0,0.051050007343292236,1.0,1.0,7.7,0.41600000000000004,True,True,False
10.282759428024292,forward_010,0.282759428024292,0.1,0.0,0.0,0.3043417883165112,-0.050178215994836975,0.2792526803190927,-0.74,1.07,8.13,0.614,0.7089641690254211,0.0,0.04674047976732254,1.0,1.0,7.7,0.41600000000000004,True,True,False
10.303202152252197,forward_010,0.30320215225219727,0.1,0.0,0.0,0.18871372537188688,-0.2007128639793479,0.14289883250703572,-0.74,1.07,8.13,0.614,0.6581875085830688,0.0,0.04591502621769905,1.0,1.0,7.7,0.41600000000000004,True,True,False
10.323575496673584,forward_010,0.323575496673584,0.1,0.0,0.0,0.04145156973486533,0.2825251726665821,-0.23234695667174513,-2.0300000000000002,1.58,6.38,1.151,0.6049356460571289,0.0,0.0690960381180048,1.0,1.0,7.7,0.41600000000000004,True,True,False
10.344050884246826,forward_010,0.34405088424682617,0.1,0.0,0.0,0.09381144729469522,0.09490227807719166,-0.6119560689805118,-2.24,0.25,7.9,1.534,0.5846189856529236,0.0,0.12135657921317033,1.0,1.0,7.7,0.41600000000000004,True,True,False
10.36440920829773,forward_010,0.3644092082977295,0.1,0.0,0.0,0.19416787928436915,0.3687008044838021,-0.40578905108868163,-1.51,-0.39,9.4,1.534,0.6719099283218384,0.0,0.12080089515075088,1.0,1.0,7.7,0.41600000000000004,True,True,False
10.38477873802185,forward_010,0.3847787380218506,0.1,0.0,0.0,0.1712604328519436,0.15489797111449674,-0.32615840396644036,-1.58,-0.52,7.76,1.304,0.678811252117157,0.0,0.040272485464811325,1.0,1.0,7.7,0.41600000000000004,True,True,False
10.405148267745972,forward_010,0.4051482677459717,0.1,0.0,0.0,0.06981317007977318,-0.05126904677733343,-0.210530341021816,-1.42,-1.04,7.86,1.074,0.8018465042114258,0.0,0.09281282254960388,1.0,0.0,7.7,0.41600000000000004,True,True,False
10.425528764724731,forward_010,0.42552876472473145,0.1,0.0,0.0,-0.32834006553143325,-0.3239767424014474,0.050178215994836975,-1.16,0.48,8.27,0.9970000000000001,0.8881718516349792,0.0,0.03581755794584751,1.0,0.0,7.4,1.157,True,True,False
10.445893287658691,forward_010,0.4458932876586914,0.1,0.0,0.0,-0.6021385919380436,-0.16907877128695067,0.2083486794568231,-2.83,2.08,8.96,1.458,0.8631647825241089,0.0,0.03695635125041008,1.0,1.0,7.4,1.157,True,True,False
10.46635913848877,forward_010,0.46635913848876953,0.1,0.0,0.0,-0.8224864100023278,-0.38724492778624187,0.42542400517361784,-2.83,2.08,8.96,0.9970000000000001,0.8162557482719421,0.0,0.02576480805873871,1.0,1.0,7.4,1.157,True,True,False
10.486795425415039,forward_010,0.48679542541503906,0.1,0.0,0.0,-1.088649120931463,-0.2399827721492203,0.4068798818711781,0.21,3.54,8.33,1.151,0.8224672675132751,0.0,0.02114103827625513,1.0,1.0,7.4,1.157,True,True,False
10.507173299789429,forward_010,0.5071732997894287,0.1,0.0,0.0,-0.7843073326149519,-0.2748893571891069,0.10362892433716332,0.21,3.54,8.33,1.227,0.8689461350440979,0.0,0.022699501365423203,0.0,1.0,7.4,1.157,True,True,False
10.527544498443604,forward_010,0.5275444984436035,0.1,0.0,0.0,0.3425208657038872,0.04145156973486533,0.15489797111449674,0.21,3.54,8.33,0.9210000000000002,0.7512589693069458,0.0,0.043595246970653534,1.0,1.0,7.4,1.157,True,True,False
10.547927141189575,forward_010,0.5479271411895752,0.1,0.0,0.0,0.3097959422289935,0.04036073895236887,-0.10362892433716332,-0.27,-2.84,2.14,0.767,0.8134176135063171,0.0,0.06734787672758102,1.0,1.0,7.4,1.157,True,True,False
10.568291425704956,forward_010,0.568291425704956,0.1,0.0,0.0,0.1712604328519436,-0.22252947962927702,-0.5312345910757741,-1.09,0.46,7.23,0.384,0.7270290851593018,0.0,0.09169037640094757,0.0,1.0,7.4,1.157,True,True,False
10.588670015335083,forward_010,0.588670015335083,0.1,0.0,0.0,0.07526732399225546,0.25416357232167425,-0.7035858547102141,-1.09,0.46,7.23,0.6899999999999998,0.6492878198623657,0.0,0.10865165293216705,0.0,1.0,7.4,1.157,True,True,False
10.609053373336792,forward_010,0.609053373336792,0.1,0.0,0.0,0.11562806294462433,0.3752457891787809,-0.017453292519943295,-0.61,-3.85,6.66,0.844,0.6353888511657715,0.0,0.0794811409432441,0.0,1.0,7.4,1.157,True,True,False
10.62945008277893,forward_010,0.6294500827789307,0.1,0.0,0.0,0.08399397025222712,-0.11235557059713497,0.06326818538479445,1.79,-1.47,7.01,1.381,0.8713343143463135,0.0,0.15766853233799338,0.0,1.0,7.4,0.9030000000000001,True,True,False
10.650105237960815,forward_010,0.6501052379608154,0.1,0.0,0.0,0.038179077387375956,0.02399827721492203,0.031634092692397225,-2.48,-4.54,9.700000000000001,1.918,0.7029212117195129,0.0,0.13319222629070282,0.0,1.0,7.4,0.9030000000000001,True,True,False
10.670555591583252,forward_010,0.670555591583252,0.1,0.0,0.0,0.3687008044838021,0.18216874067690814,0.6784967467127956,-3.18,-3.18,9.48,1.995,0.8734749555587769,0.0,0.09325778111815453,1.0,1.0,7.4,0.9030000000000001,True,True,False
10.690923690795898,forward_010,0.6909236907958984,0.1,0.0,0.0,0.806123948264881,-0.07526732399225546,0.6512259771503842,-2.62,-0.73,6.19,1.458,0.7814677953720093,0.0,0.0941502065397799,1.0,1.0,7.4,0.9030000000000001,True,True,False
10.71129322052002,forward_010,0.7112932205200195,0.1,0.0,0.0,1.088649120931463,-0.6784967467127956,0.12544553998709243,3.5,-2.0,8.69,1.074,0.8570222854614258,0.0,0.043804559856653214,1.0,1.0,7.4,0.9030000000000001,True,True,False
10.731663227081299,forward_010,0.7316632270812988,0.1,0.0,0.0,1.0210176124166828,-0.2716168648416175,-0.04036073895236887,3.5,-2.0,8.69,1.151,0.8882542252540588,0.0,0.04370786249637604,1.0,1.0,7.4,0.9030000000000001,True,True,False
10.752054452896118,forward_010,0.7520544528961182,0.1,0.0,0.0,0.7461282552275759,-0.16035212502697901,-0.9053895494720584,3.5,-2.0,8.69,1.381,0.9154971837997437,0.0,0.04742658510804176,1.0,1.0,7.4,0.9030000000000001,True,True,False
10.772417545318604,forward_010,0.7724175453186035,0.1,0.0,0.0,0.5225079448158024,0.08835729338221293,-2.0485802095283443,3.5,-2.0,8.69,1.841,0.88167804479599,0.0,0.04383936524391174,1.0,1.0,7.4,0.9030000000000001,True,True,False
10.792803525924683,forward_010,0.7928035259246826,0.1,0.0,0.0,0.37960911230876665,0.06763150851478027,-2.5176374460018205,3.5,-2.0,8.69,1.918,0.816575288772583,0.0,0.04209551960229874,1.0,1.0,7.4,0.9030000000000001,True,True,False
10.813185691833496,forward_010,0.8131856918334961,0.1,0.0,0.0,0.11453723216212788,0.14726215563702155,-2.229658119422756,2.0100000000000002,0.68,7.890000000000001,1.304,0.711704671382904,0.0,0.04723744001239538,1.0,1.0,7.4,0.9030000000000001,True,True,False
10.83365249633789,forward_010,0.8336524963378906,0.1,0.0,0.0,0.013089969389957472,0.06872233929727672,-1.7889624832941877,0.37,-0.4,5.15,0.9210000000000002,0.7743805050849915,0.0,0.06270808354020119,1.0,1.0,7.6,0.49400000000000005,True,True,False
10.854041814804077,forward_010,0.8540418148040771,0.1,0.0,0.0,0.2007128639793479,-0.20725784867432664,-0.755945732270044,0.23,-0.8200000000000001,8.24,0.6899999999999998,0.766493022441864,0.0,0.0462281946092844,1.0,1.0,7.6,0.49400000000000005,True,True,False
10.874415636062622,forward_010,0.8744156360626221,0.1,0.0,0.0,0.2650718801466388,-0.1505346479845109,0.10362892433716332,0.0,-2.05,8.120000000000001,1.304,0.7610417604446411,0.0,0.08252571150660515,1.0,1.0,7.6,0.49400000000000005,True,True,False
10.894995927810669,forward_010,0.894995927810669,0.1,0.0,0.0,0.1439896632895322,0.030543261909900768,0.5301437602932776,-0.84,-0.63,7.36,1.918,0.8006938099861145,0.0,0.0643270630389452,1.0,1.0,7.6,0.49400000000000005,True,True,False
10.915379524230957,forward_010,0.915379524230957,0.1,0.0,0.0,0.10581058590215622,0.20507618710933373,0.6850417314077744,-1.94,-0.26,8.39,2.302,0.8101547956466675,0.0,0.05076426826417446,1.0,1.0,7.6,0.49400000000000005,True,True,False
10.935851812362671,forward_010,0.9358518123626709,0.1,0.0,0.0,0.09926560120717749,0.35561083509384467,0.7853981633974483,-2.45,1.4000000000000001,8.43,2.225,0.7651985287666321,0.0,0.06769849359989166,1.0,0.0,7.6,0.49400000000000005,True,True,False
10.956236839294434,forward_010,0.9562368392944336,0.1,0.0,0.0,-0.13744467859455345,0.5497787143782138,0.5705044992456465,-0.38,1.0,9.34,2.225,0.7372413277626038,0.0,0.10504213062813506,1.0,0.0,7.6,0.49400000000000005,True,True,False
10.976609230041504,forward_010,0.9766092300415039,0.1,0.0,0.0,-0.6479534848028948,0.4985096676008804,0.23889194136672387,-0.77,2.13,7.59,1.458,0.8404540419578552,0.0,0.04561017965897917,1.0,0.0,7.6,0.49400000000000005,True,True,False
10.996983051300049,forward_010,0.9969830513000488,0.1,0.0,0.0,-1.0635600129340446,0.04145156973486533,0.061086523819801536,-0.77,2.13,7.59,1.304,0.8638191819190979,0.0,0.033519853837788105,1.0,0.0,7.6,0.49400000000000005,True,True,False
11.017504215240479,forward_010,1.0175042152404785,0.1,0.0,0.0,-1.351539339513109,0.06981317007977318,-0.13199052468207118,-1.1300000000000001,3.02,9.700000000000001,1.918,0.7980459332466125,0.0,0.032673418521881104,1.0,1.0,7.6,0.49400000000000005,True,True,False
11.037880182266235,forward_010,1.0378801822662354,0.1,0.0,0.0,-1.150826475533761,-0.017453292519943295,0.11453723216212788,-0.9,3.49,9.700000000000001,1.074,0.7627188563346863,0.0,0.029968377202749252,1.0,1.0,7.6,0.5710000000000001,True,True,False
11.058246850967407,forward_010,1.0582468509674072,0.1,0.0,0.0,-0.9817477042468103,0.032724923474893676,0.22143864884678055,-0.61,4.08,8.17,1.458,0.7449061870574951,0.0,0.03881872072815895,0.0,1.0,7.6,0.5710000000000001,True,True,False
11.078612565994263,forward_010,1.0786125659942627,0.1,0.0,0.0,-0.4799655442984406,0.04036073895236887,-0.12217304763960307,-0.61,4.08,8.17,1.458,0.7580382823944092,0.0,0.03595087258145213,0.0,1.0,7.6,0.5710000000000001,True,True,False
11.09899353981018,forward_010,1.0989935398101807,0.1,0.0,0.0,-0.1265363707695889,0.2792526803190927,-0.05890486225480862,0.12,-2.2,3.98,0.9210000000000002,0.7872543334960938,0.0,0.11350809596478939,0.0,1.0,7.6,0.5710000000000001,True,True,False
11.11936640739441,forward_010,1.1193664073944092,0.1,0.0,0.0,0.07308566242726255,-0.006544984694978736,-0.37088246604879505,-0.42,-0.87,4.69,0.767,0.7169575095176697,0.0,0.10728511027991772,0.0,1.0,7.6,0.5710000000000001,True,True,False
11.139744281768799,forward_010,1.1397442817687988,0.1,0.0,0.0,-0.0916297857297023,-0.05672320068981571,-0.7952156404399164,-3.0100000000000002,-4.15,7.0,1.074,0.879948616027832,0.0,0.16489422414451838,0.0,1.0,7.6,0.5710000000000001,True,True,False
11.16012716293335,forward_010,1.1601271629333496,0.1,0.0,0.0,0.04363323129985824,-0.1636246173744684,-0.557414529855689,-3.0100000000000002,-4.15,7.0,1.304,0.6097103357315063,0.0,0.12167151644825935,0.0,1.0,7.6,0.5710000000000001,True,True,False
11.180495023727417,forward_010,1.180495023727417,0.1,0.0,0.0,0.27598018797160334,0.037088246604879506,0.1538071403320003,-2.42,-4.21,9.72,1.534,0.8823513388633728,0.0,0.07319407910108566,0.0,1.0,7.6,0.5710000000000001,True,True,False
11.200883150100708,forward_010,1.200883150100708,0.1,0.0,0.0,0.5377795757707527,-0.08072147790473774,0.3523383427463553,-2.43,-4.22,7.13,2.148,0.8911036252975464,0.0,0.04977484047412872,0.0,1.0,7.6,0.5710000000000001,True,True,False
11.221323728561401,forward_010,1.2213237285614014,0.1,0.0,0.0,0.5421428989007386,-0.4036073895236887,0.2716168648416175,-0.68,0.29,6.3500000000000005,1.841,0.787756085395813,0.0,0.08545492962002754,1.0,1.0,7.6,0.5710000000000001,True,True,False
11.241775512695312,forward_010,1.2417755126953125,0.1,0.0,0.0,0.6283185307179586,-0.3174317577064687,0.050178215994836975,0.25,-1.72,9.47,1.304,0.8096717000007629,0.0,0.05210614390671253,1.0,1.0,7.4,1.02,True,True,False
11.263025045394897,forward_010,1.2630250453948975,0.1,0.0,0.0,0.7886706557449377,-0.4461497900410505,0.055632369907319255,0.25,-1.72,9.47,1.304,0.8918943405151367,0.0,0.025836285203695297,1.0,1.0,7.4,1.02,True,True,False
11.283384799957275,forward_010,1.2833847999572754,0.1,0.0,0.0,0.9359328113819593,-0.4690572364734761,-1.3831734322055063,0.88,1.34,9.32,1.458,0.9222489595413208,0.0,0.06000543385744095,1.0,1.0,7.4,1.02,True,True,False
11.303745746612549,forward_010,1.3037457466125488,0.1,0.0,0.0,0.7973973020049093,0.01090830782496456,-1.9133171924987837,0.88,1.34,9.32,1.304,0.8879059553146362,0.0,0.017382144927978516,1.0,1.0,7.4,1.02,True,True,False
11.324278116226196,forward_010,1.3242781162261963,0.1,0.0,0.0,0.39706240482870997,0.18653206380689397,-2.2089323345553233,0.88,1.34,9.32,1.688,0.8256319761276245,0.0,0.026779890060424805,1.0,1.0,7.4,1.02,True,True,False
11.34464979171753,forward_010,1.3446497917175293,0.1,0.0,0.0,0.1832595714594046,-0.1407171709420428,-2.188206549687891,0.48,3.35,9.790000000000001,1.841,0.7433574795722961,0.0,0.03747609329002444,1.0,1.0,7.4,1.02,True,True,False
11.365020036697388,forward_010,1.3650200366973877,0.1,0.0,0.0,0.016362461737446838,-0.031634092692397225,-1.872956453546415,0.43,-2.7600000000000002,6.26,1.458,0.7065885663032532,0.0,0.04881703108549118,1.0,1.0,7.4,1.02,True,True,False
11.38540005683899,forward_010,1.3854000568389893,0.1,0.0,0.0,0.06326818538479445,-0.2977968036215325,-0.6479534848028948,0.8300000000000001,-0.48,8.44,0.844,0.7457521557807922,0.0,0.03879392519593239,1.0,1.0,7.4,1.02,True,True,False
11.405858039855957,forward_010,1.405858039855957,0.1,0.0,0.0,0.23343778745424157,-0.3752457891787809,0.22580197197676638,0.8300000000000001,-0.48,8.44,0.9970000000000001,0.8084321618080139,0.0,0.04496502876281738,1.0,1.0,7.4,1.02,True,True,False
11.42624306678772,forward_010,1.4262430667877197,0.1,0.0,0.0,0.21925698728178766,-0.21380283336930536,0.7374016089676042,-0.88,-1.12,5.63,1.227,0.9146378636360168,0.0,0.09878466697409749,1.0,1.0,7.4,1.02,True,True,False
11.446727275848389,forward_010,1.4467272758483887,0.1,0.0,0.0,0.13744467859455345,-0.14944381720201447,0.9926560120717749,-0.08,-0.52,5.99,1.381,0.8661242127418518,0.0,0.04417877644300461,1.0,1.0,7.6,0.5830000000000001,True,True,False
11.467098474502563,forward_010,1.4670984745025635,0.1,0.0,0.0,0.044724062082354694,0.10799224746714914,1.1999138607461015,-0.08,-0.52,5.99,1.688,0.8438401222229004,0.0,0.039273664355278015,1.0,1.0,7.6,0.5830000000000001,True,True,False
11.487475156784058,forward_010,1.4874751567840576,0.1,0.0,0.0,-0.07308566242726255,0.5050546522958591,1.124646536753846,-1.41,2.09,7.42,2.148,0.8268809914588928,0.0,0.08656229265034199,1.0,0.0,7.6,0.5830000000000001,True,True,False
11.507852792739868,forward_010,1.5078527927398682,0.1,0.0,0.0,-0.37306412761378793,0.4276056667386107,0.7068583470577035,-0.85,2.86,6.46,2.455,0.7869200706481934,0.0,0.0943887997418642,1.0,0.0,7.6,0.5830000000000001,True,True,False
11.528218746185303,forward_010,1.5282187461853027,0.1,0.0,0.0,-0.755945732270044,0.29343348049154666,0.1930770485018727,-0.85,2.86,6.46,1.6110000000000002,0.8788991570472717,0.0,0.036994244903326035,1.0,0.0,7.6,0.5830000000000001,True,True,False
11.548598766326904,forward_010,1.5485987663269043,0.1,0.0,0.0,-1.0733774899765127,0.6043202535030366,-0.13853550937704992,-1.98,2.35,8.31,1.304,0.8330559134483337,0.0,0.03470223769545555,1.0,0.0,7.6,0.5830000000000001,True,True,False
11.5689697265625,forward_010,1.5689697265625,0.1,0.0,0.0,-0.9239336727744982,0.18544123302439752,0.06872233929727672,-1.98,2.35,8.31,1.995,0.7953743934631348,0.0,0.05730786174535751,1.0,1.0,7.6,0.5830000000000001,True,True,False
11.589341640472412,forward_010,1.589341640472412,0.1,0.0,0.0,-0.7843073326149519,0.4701480672559725,0.10253809355466686,-0.17,2.05,7.53,1.227,0.7783815860748291,0.0,0.025821059942245483,1.0,1.0,7.6,0.5830000000000001,True,True,False
11.609709024429321,forward_010,1.6097090244293213,0.1,0.0,0.0,-0.7712173632249943,0.29670597283903605,0.2181661564992912,-0.17,2.05,7.53,1.534,0.7426037192344666,0.0,0.034610599279403687,0.0,1.0,7.6,0.5830000000000001,True,True,False
11.630074977874756,forward_010,1.6300749778747559,0.1,0.0,0.0,-0.6992225315802283,0.35452000431134817,0.24216443371421323,-0.17,2.05,7.53,1.304,0.6961680054664612,0.0,0.053880274295806885,0.0,1.0,7.6,0.5830000000000001,True,True,False
11.650447845458984,forward_010,1.6504478454589844,0.1,0.0,0.0,-0.2530727415391778,0.533416252640767,0.48432886742842646,-0.92,-0.92,6.45,0.767,0.7864900827407837,0.0,0.16471265256404877,0.0,1.0,7.5,0.988,True,True,False
11.670814275741577,forward_010,1.6708142757415771,0.1,0.0,0.0,-0.22362031041177347,0.032724923474893676,-0.11126473981463851,-0.43,-3.62,5.47,0.9210000000000002,0.8380630612373352,0.0,0.19520974159240723,0.0,1.0,7.5,0.988,True,True,False
11.691185474395752,forward_010,1.691185474395752,0.1,0.0,0.0,-0.13526301702956053,-0.19416787928436915,-0.15707963267948966,-2.91,-3.0,7.49,1.458,0.8835362195968628,0.0,0.08942335844039917,0.0,1.0,7.5,0.988,True,True,False
11.711638450622559,forward_010,1.7116384506225586,0.1,0.0,0.0,-0.04690572364734761,-0.14289883250703572,0.022907446432425576,-3.66,-4.6000000000000005,9.290000000000001,1.381,0.6754409074783325,0.0,0.07630370557308197,0.0,1.0,7.5,0.988,True,True,False
11.732012271881104,forward_010,1.7320122718811035,0.1,0.0,0.0,0.0545415391248228,-0.1636246173744684,0.30325095753401476,-2.87,-4.91,9.02,1.227,0.861447811126709,0.0,0.037201374769210815,0.0,1.0,7.5,0.988,True,True,False
11.752452611923218,forward_010,1.7524526119232178,0.1,0.0,0.0,0.08399397025222712,-0.2399827721492203,0.42978732830360367,-1.7,-3.89,5.95,1.841,0.8722286820411682,0.0,0.05164026468992233,0.0,1.0,7.5,0.988,True,True,False
11.772900819778442,forward_010,1.7729008197784424,0.1,0.0,0.0,0.21707532571679475,-0.2694352032766246,0.2617993877991494,-0.38,-2.0,7.55,1.918,0.7939977645874023,0.0,0.09378381446003914,0.0,1.0,7.5,0.988,True,True,False
11.793264865875244,forward_010,1.7932648658752441,0.1,0.0,0.0,0.48105637508093707,-0.4603305902135044,0.2781618495365963,-0.6,-2.8000000000000003,7.83,1.841,0.8889418244361877,0.0,0.03744958504103124,0.0,1.0,7.5,0.988,True,True,False
11.81372618675232,forward_010,1.8137261867523193,0.1,0.0,0.0,0.48105637508093707,-0.4603305902135044,0.2781618495365963,0.47000000000000003,-0.18,9.71,1.6110000000000002,0.89077228307724,0.0,0.02845953032374382,1.0,1.0,7.5,0.988,True,True,False
11.834105253219604,forward_010,1.8341052532196045,0.1,0.0,0.0,1.0471975511965976,-0.9293878266869805,-0.8137597637423561,-0.52,-2.49,4.15,1.381,0.937880277633667,0.0,0.05768773518502712,1.0,1.0,7.5,0.988,True,True,False
11.854487419128418,forward_010,1.854487419128418,0.1,0.0,0.0,1.1519173063162575,-1.1791880758786688,-0.6512259771503842,-0.52,-2.49,4.15,1.534,0.9322269558906555,0.0,0.032773225568234914,1.0,0.0,7.5,0.8620000000000001,True,True,False
11.874862432479858,forward_010,1.8748624324798584,0.1,0.0,0.0,0.5497787143782138,0.24652775684419906,-0.3534291735288517,-0.52,-2.49,4.15,1.841,0.8640193343162537,0.0,0.07023569196462631,1.0,0.0,7.5,0.8620000000000001,True,True,False
11.895243883132935,forward_010,1.8952438831329346,0.1,0.0,0.0,0.1810779098944117,-0.009817477042468103,-0.681769239060285,-1.04,3.0500000000000003,4.49,1.765,0.7250065207481384,0.0,0.0765981562435627,1.0,1.0,7.5,0.8620000000000001,True,True,False
11.915621995925903,forward_010,1.9156219959259033,0.1,0.0,0.0,0.14180800172453928,-0.44724062082354693,-0.7003133623627247,0.06,2.92,6.65,1.227,0.7210255265235901,0.0,0.05151565372943878,1.0,1.0,7.5,0.8620000000000001,True,True,False
11.936006546020508,forward_010,1.9360065460205078,0.1,0.0,0.0,-0.10799224746714914,0.42215151282612845,-0.2716168648416175,-0.6900000000000001,-0.47000000000000003,5.9,0.9970000000000001,0.7397950887680054,0.0,0.08474795147776604,1.0,1.0,7.5,0.8620000000000001,True,True,False
11.956389904022217,forward_010,1.9563899040222168,0.1,0.0,0.0,-0.12980886311707826,-0.4014257279586958,0.5443245604657315,1.08,2.38,9.370000000000001,1.304,0.786055862903595,0.0,0.08120737224817276,1.0,1.0,7.5,0.8620000000000001,True,True,False
11.976763725280762,forward_010,1.9767637252807617,0.1,0.0,0.0,-0.07417649320975901,-0.2923426497090502,0.6206827152404835,0.99,2.81,8.25,1.074,0.7726824283599854,0.0,0.07438111677765846,1.0,1.0,7.5,0.8620000000000001,True,True,False
11.997145891189575,forward_010,1.9971458911895752,0.1,0.0,0.0,0.17562375598192942,-0.30325095753401476,0.7755806863549802,-1.2,0.64,5.3100000000000005,1.458,0.8232806921005249,0.0,0.060429178178310394,1.0,1.0,7.5,0.8620000000000001,True,True,False
12.017684936523438,forward_010,2.0176849365234375,0.1,0.0,0.0,0.1090830782496456,-0.3665191429188092,0.9566585962493919,-1.2,0.64,5.3100000000000005,1.765,0.8097599744796753,0.0,0.030054032802581787,1.0,1.0,7.5,0.8620000000000001,True,True,False
12.038065910339355,forward_010,2.0380659103393555,0.1,0.0,0.0,-0.002181661564992912,-0.11780972450961724,0.8726646259971648,-0.6900000000000001,0.8200000000000001,8.67,2.378,0.7446832060813904,0.0,0.06076788064092398,1.0,0.0,7.5,0.8620000000000001,True,True,False
12.058444738388062,forward_010,2.0584447383880615,0.1,0.0,0.0,-0.41996985126113556,-0.11017390903214205,0.2203478180642841,-0.74,1.19,5.67,1.918,0.8388045430183411,0.0,0.09019424952566624,1.0,0.0,7.6,0.623,True,True,False
12.078812837600708,forward_010,2.078812837600708,0.1,0.0,0.0,-0.6664976081053346,-0.015271630954950384,0.17235126363444003,0.47000000000000003,1.11,8.950000000000001,1.534,0.8810383677482605,0.0,0.0447671078145504,1.0,0.0,7.6,0.623,True,True,False
12.099291324615479,forward_010,2.0992913246154785,0.1,0.0,0.0,-0.8748462875621577,0.13962634015954636,0.31634092692397225,0.47000000000000003,1.11,8.950000000000001,1.534,0.9042428731918335,0.0,0.026594873517751694,1.0,1.0,7.6,0.623,True,True,False
12.119960308074951,forward_010,2.119960308074951,0.1,0.0,0.0,-0.9173886880795195,-0.007635815477475192,0.4308781590861001,0.47000000000000003,1.11,8.950000000000001,1.227,0.8473940491676331,0.0,0.02898360788822174,1.0,1.0,7.6,0.623,True,True,False
12.140344619750977,forward_010,2.1403446197509766,0.1,0.0,0.0,-0.9424777960769379,0.05781403147231216,0.5214171140333059,0.47000000000000003,1.11,8.950000000000001,2.071,0.8328515291213989,0.0,0.04434599168598652,0.0,1.0,7.6,0.623,True,True,False
12.160740613937378,forward_010,2.160740613937378,0.1,0.0,0.0,-0.7788531787024695,0.26725354171163174,0.24216443371421323,0.47000000000000003,1.11,8.950000000000001,2.225,0.7250823974609375,0.0,0.035384032875299454,0.0,1.0,7.6,0.623,True,True,False
12.181123733520508,forward_010,2.181123733520508,0.1,0.0,0.0,-0.20943951023931956,0.5246896063807953,0.05890486225480862,0.09,-1.17,8.67,1.381,0.7340454459190369,0.0,0.07406305521726608,0.0,1.0,7.6,0.623,True,True,False
12.201487302780151,forward_010,2.2014873027801514,0.1,0.0,0.0,-0.1734420944169365,0.15707963267948966,-0.11562806294462433,2.75,-1.42,8.16,0.9210000000000002,0.7734400033950806,0.0,0.062302867881953716,0.0,1.0,7.6,0.623,True,True,False
12.221858501434326,forward_010,2.221858501434326,0.1,0.0,0.0,-0.04908738521234052,0.09817477042468103,-0.1538071403320003,0.03,-3.96,6.24,0.537,0.744825005531311,0.0,0.09470311412587762,0.0,1.0,7.6,0.623,True,True,False
12.242230415344238,forward_010,2.2422304153442383,0.1,0.0,0.0,-0.004363323129985824,0.45160394395353276,-0.1930770485018727,-2.45,-3.5700000000000003,8.19,1.151,0.7274316549301147,0.0,0.06190249137580395,0.0,1.0,7.6,0.623,True,True,False
12.26261019706726,forward_010,2.2626101970672607,0.1,0.0,0.0,0.22362031041177347,0.24870941840919197,0.06981317007977318,-1.9000000000000001,-6.36,9.42,1.458,0.6483569145202637,0.0,0.1665399745106697,0.0,1.0,7.7,0.4660000000000001,True,True,False
12.283998727798462,forward_010,2.283998727798462,0.1,0.0,0.0,0.2781618495365963,0.28361600344907856,0.5312345910757741,-0.76,-2.72,8.47,1.918,0.7885653376579285,0.0,0.18192684091627598,0.0,1.0,7.7,0.4660000000000001,True,True,False
12.304424047470093,forward_010,2.3044240474700928,0.1,0.0,0.0,0.2476185876266955,0.2694352032766246,0.2694352032766246,-2.06,-2.73,7.930000000000001,1.688,0.874273955821991,0.0,0.08352367370389402,0.0,1.0,7.7,0.4660000000000001,True,True,False
12.324798583984375,forward_010,2.324798583984375,0.1,0.0,0.0,0.39924406639370286,0.3010692959690218,0.2530727415391778,-1.86,-2.71,7.05,1.765,0.93721604347229,0.0,0.20730305463075638,0.0,1.0,7.7,0.4660000000000001,True,True,False
12.345168352127075,forward_010,2.345168352127075,0.1,0.0,0.0,0.5715953300281429,0.14508049407202864,0.3119776037939864,0.64,-2.39,9.17,1.6110000000000002,0.7892233729362488,0.0,0.1523069255053997,1.0,1.0,7.7,0.4660000000000001,True,True,False
12.365682125091553,forward_010,2.3656821250915527,0.1,0.0,0.0,0.6359543461954338,-0.11126473981463851,0.030543261909900768,-0.89,-1.8,8.27,1.458,0.807719349861145,0.0,0.060983169823884964,1.0,1.0,7.7,0.4660000000000001,True,True,False
12.386050462722778,forward_010,2.3860504627227783,0.1,0.0,0.0,0.8835729338221293,-0.08835729338221293,-0.4428772976935611,0.2,-1.34,9.370000000000001,1.151,0.8624814748764038,0.0,0.04455644637346268,1.0,1.0,7.7,0.4660000000000001,True,True,False
12.40665578842163,forward_010,2.406655788421631,0.1,0.0,0.0,1.1791880758786688,-0.3272492347489368,-0.4886921905584123,0.2,-1.34,9.370000000000001,1.227,0.9288789629936218,0.0,0.04526127129793167,1.0,0.0,7.7,0.4660000000000001,True,True,False
12.427085161209106,forward_010,2.4270851612091064,0.1,0.0,0.0,1.2380929381334775,-0.037088246604879506,-0.954476934684399,0.2,-1.34,9.370000000000001,1.688,0.8827452659606934,0.0,0.028004240186419338,1.0,0.0,7.7,0.4660000000000001,True,True,False
12.447557926177979,forward_010,2.4475579261779785,0.1,0.0,0.0,0.9566585962493919,-0.07090400086226964,-1.7715091907742444,0.2,-1.34,9.370000000000001,1.918,0.8070453405380249,0.0,0.05457586050033569,1.0,0.0,7.7,0.4660000000000001,True,True,False
12.468035697937012,forward_010,2.4680356979370117,0.1,0.0,0.0,0.6457718232379019,0.07090400086226964,-2.251474735072685,0.2,-1.34,9.370000000000001,1.841,0.799226701259613,0.0,0.05518297478556633,1.0,0.0,7.7,0.24600000000000005,True,True,False
12.488421440124512,forward_010,2.4884214401245117,0.1,0.0,0.0,0.13744467859455345,0.21162117180431245,-1.997311162751011,-0.48,-0.63,6.49,1.458,0.7410057783126831,0.0,0.05673203989863396,1.0,0.0,7.7,0.24600000000000005,True,True,False
12.508786916732788,forward_010,2.508786916732788,0.1,0.0,0.0,0.06326818538479445,-0.05890486225480862,-1.1802789066611654,-0.26,0.1,5.64,1.534,0.9386301040649414,0.0,0.07097376137971878,1.0,0.0,7.7,0.24600000000000005,True,True,False
12.529168128967285,forward_010,2.529168128967285,0.1,0.0,0.0,-0.2279836335417593,-0.1559888018969932,-0.2781618495365963,0.43,2.21,6.15,1.688,0.937810480594635,0.0,0.07108694687485695,1.0,1.0,7.7,0.24600000000000005,True,True,False
12.549632787704468,forward_010,2.5496327877044678,0.1,0.0,0.0,-0.4985096676008804,-0.4046982203061852,0.2879793265790644,-0.01,1.41,6.08,1.765,0.8645778298377991,0.0,0.06627169251441956,1.0,1.0,7.7,0.24600000000000005,True,True,False
12.570008993148804,forward_010,2.5700089931488037,0.1,0.0,0.0,-0.657770961845363,-0.3752457891787809,0.3567016658763411,-2.59,2.04,8.05,2.225,0.8593090772628784,0.0,0.04703621380031109,1.0,0.0,7.7,0.24600000000000005,True,True,False
12.590378522872925,forward_010,2.590378522872925,0.1,0.0,0.0,-0.4930555136883981,0.03381575425739013,0.1341721862470641,-2.59,2.04,8.05,2.071,0.7946755886077881,0.0,0.06121277483180165,1.0,0.0,7.7,0.24600000000000005,True,True,False
12.610899209976196,forward_010,2.6108992099761963,0.1,0.0,0.0,-0.17235126363444003,0.5181446216858165,0.19962203319685143,-1.37,0.46,8.14,2.071,0.8195129632949829,0.0,0.04786449298262596,1.0,0.0,7.7,0.24600000000000005,True,True,False
12.631391763687134,forward_010,2.631391763687134,0.1,0.0,0.0,-0.4145156973486533,0.7330382858376184,0.13526301702956053,-1.37,0.46,8.14,1.304,0.8250953555107117,0.0,0.07270319480448961,1.0,1.0,7.7,0.24600000000000005,True,True,False
12.651770830154419,forward_010,2.651770830154419,0.1,0.0,0.0,-0.7853981633974483,0.3861540970037454,0.3021601267515183,-1.37,0.46,8.14,1.304,0.8867676258087158,0.0,0.05200207745656371,1.0,1.0,7.7,0.24600000000000005,True,True,False
12.672142505645752,forward_010,2.672142505645752,0.1,0.0,0.0,-1.4104442017679175,0.5050546522958591,-0.1712604328519436,-1.37,0.46,8.14,1.841,0.790543794631958,0.0,0.03131336718797684,1.0,1.0,7.4,0.9740000000000001,True,True,False
12.692512512207031,forward_010,2.6925125122070312,0.1,0.0,0.0,-1.3569934934255912,0.37306412761378793,-0.07963064712224129,-1.37,0.46,8.14,2.071,0.7481116056442261,0.0,0.016858242452144623,0.0,1.0,7.4,0.9740000000000001,True,True,False
12.71301531791687,forward_010,2.71301531791687,0.1,0.0,0.0,-0.6468626540203984,0.8584838258247108,0.46469391334349025,-1.37,0.46,8.14,1.765,0.6853006482124329,0.0,0.0322052426636219,0.0,1.0,7.4,0.9740000000000001,True,True,False
12.733408212661743,forward_010,2.733408212661743,0.1,0.0,0.0,-0.5050546522958591,0.8083056098298739,0.32506757318394386,-2.23,-3.42,8.45,1.227,0.6908316016197205,0.0,0.03896009176969528,0.0,1.0,7.4,0.9740000000000001,True,True,False
12.75379991531372,forward_010,2.7537999153137207,0.1,0.0,0.0,-0.41996985126113556,0.5530512067257032,0.06654067773228381,0.52,-4.73,5.25,0.614,0.7342545986175537,0.0,0.042888198513537645,0.0,1.0,7.4,0.9740000000000001,True,True,False
12.774232149124146,forward_010,2.7742321491241455,0.1,0.0,0.0,-0.35124751196385884,0.05672320068981571,0.24652775684419906,-3.5,-2.71,7.24,0.537,0.6895816326141357,0.0,0.0877053402364254,0.0,1.0,7.4,0.9740000000000001,True,True,False
12.794706344604492,forward_010,2.794706344604492,0.1,0.0,0.0,-0.18216874067690814,-0.31634092692397225,0.42978732830360367,-3.22,-2.34,7.84,0.6899999999999998,0.5260035395622253,0.0,0.05733660236001015,0.0,1.0,7.4,0.9740000000000001,True,True,False
12.815087080001831,forward_010,2.815087080001831,0.1,0.0,0.0,-0.04908738521234052,-0.24216443371421323,0.34470252726888007,-2.38,-2.87,7.42,1.227,0.6975624561309814,0.0,0.13621270284056664,0.0,1.0,7.4,0.9740000000000001,True,True,False
12.835460424423218,forward_010,2.8354604244232178,0.1,0.0,0.0,0.0545415391248228,-0.32288591161895097,0.05781403147231216,-2.05,-3.7600000000000002,8.290000000000001,1.6110000000000002,0.8232653141021729,0.0,0.06026894226670265,0.0,1.0,7.4,0.9740000000000001,True,True,False
12.855825185775757,forward_010,2.855825185775757,0.1,0.0,0.0,0.2378011105842274,-0.24652775684419906,0.28907015736156083,-2.37,-3.5700000000000003,8.42,1.765,0.8988563418388367,0.0,0.18074248731136322,0.0,1.0,7.4,0.9740000000000001,True,True,False
12.876211643218994,forward_010,2.876211643218994,0.1,0.0,0.0,0.5126904677733343,-0.2552544031041707,0.631591023065448,-3.14,-2.49,7.95,2.071,0.8537695407867432,0.0,0.08161312341690063,0.0,1.0,7.1,1.63,True,True,False
12.896592855453491,forward_010,2.896592855453491,0.1,0.0,0.0,0.8639379797371931,-0.4439681284760576,0.5705044992456465,-1.1400000000000001,-1.23,7.44,1.688,0.755868136882782,0.0,0.046506684040650725,1.0,1.0,7.1,1.63,True,True,False
12.917003393173218,forward_010,2.9170033931732178,0.1,0.0,0.0,1.0079276430267252,-0.595593607243065,-0.026179938779914945,0.33,-1.83,8.13,1.6110000000000002,0.8711636066436768,0.0,0.03848826512694359,1.0,1.0,7.1,1.63,True,True,False
12.937451839447021,forward_010,2.9374518394470215,0.1,0.0,0.0,1.4115350325504141,-0.9992009967667537,-0.1636246173744684,0.33,-1.83,8.13,1.151,0.9167315363883972,0.0,0.026037022471427917,1.0,1.0,7.1,1.63,True,True,False
12.957905292510986,forward_010,2.9579052925109863,0.1,0.0,0.0,1.3199052468207118,-0.6752242543653062,-0.33488505022641196,0.33,-1.83,8.13,1.074,0.9156906604766846,0.0,0.03541857562959194,1.0,0.0,7.1,1.63,True,True,False
12.978285789489746,forward_010,2.978285789489746,0.1,0.0,0.0,0.6894050545377601,0.25089107997418486,-1.5937037732273223,0.33,-1.83,8.13,1.458,0.8386842608451843,0.0,0.05725553724914789,1.0,0.0,7.1,1.63,True,True,False
12.998667478561401,forward_010,2.9986674785614014,0.1,0.0,0.0,0.4439681284760576,-0.3272492347489368,-1.9580412545811385,0.33,-1.83,8.13,1.534,0.9215853810310364,0.0,0.07708712376188487,1.0,0.0,7.1,1.63,True,True,False
13.01904821395874,forward_010,3.0190482139587402,0.1,0.0,0.0,0.3425208657038872,-0.5170537909033202,-1.784599160164202,-0.89,-0.07,4.3100000000000005,1.381,0.7777844667434692,0.0,0.057935405522584915,1.0,1.0,7.1,1.63,True,True,False
13.039433479309082,forward_010,3.039433479309082,0.1,0.0,0.0,0.06435901616729091,0.10471975511965978,-1.4431691252428112,-0.06,-0.44,4.92,1.151,0.6742411851882935,0.0,0.05099811218678951,1.0,0.0,7.1,1.63,True,True,False
13.059808492660522,forward_010,3.0598084926605225,0.1,0.0,0.0,-0.001090830782496456,-0.433059820651093,-0.6894050545377601,-0.06,-0.44,4.92,1.074,0.8578824400901794,0.0,0.056885771453380585,1.0,1.0,7.1,1.63,True,True,False
13.080193519592285,forward_010,3.080193519592285,0.1,0.0,0.0,-0.09926560120717749,-0.08508480103472356,0.0,-0.9500000000000001,1.1500000000000001,6.48,1.6110000000000002,0.8142130970954895,0.0,0.10589166358113289,1.0,1.0,7.7,0.16999999999999998,True,True,False
13.100599527359009,forward_010,3.100599527359009,0.1,0.0,0.0,-0.20725784867432664,-0.30870511144649704,0.1832595714594046,0.98,1.06,5.44,1.765,0.8224924802780151,0.0,0.05270365998148918,1.0,1.0,7.7,0.16999999999999998,True,True,False
13.120975971221924,forward_010,3.120975971221924,0.1,0.0,0.0,-0.28688849579656794,-0.4276056667386107,0.17562375598192942,-0.6,0.8200000000000001,7.82,1.688,0.813295841217041,0.0,0.03806387633085251,1.0,1.0,7.7,0.16999999999999998,True,True,False
13.141454458236694,forward_010,3.1414544582366943,0.1,0.0,0.0,-0.11780972450961724,-0.05235987755982989,0.4014257279586958,-0.6,0.8200000000000001,7.82,2.302,0.7377883791923523,0.0,0.06103408616036177,1.0,0.0,7.7,0.16999999999999998,True,True,False
13.161822319030762,forward_010,3.1618223190307617,0.1,0.0,0.0,-0.08726646259971647,0.3370667117914049,0.433059820651093,-1.57,1.85,8.83,1.995,0.8346989750862122,0.0,0.05359220132231712,1.0,0.0,7.7,0.16999999999999998,True,True,False
13.182198762893677,forward_010,3.1821987628936768,0.1,0.0,0.0,-0.5803219762881145,0.23889194136672387,0.3916082509162277,-0.17,1.04,9.01,1.765,0.8960899710655212,0.0,0.0607121828943491,1.0,0.0,7.7,0.16999999999999998,True,True,False
13.202570676803589,forward_010,3.202570676803589,0.1,0.0,0.0,-0.9992009967667537,0.20943951023931956,0.20943951023931956,-0.91,2.46,8.83,0.9970000000000001,0.8867988586425781,0.0,0.024279228411614895,1.0,1.0,7.7,0.16999999999999998,True,True,False
13.22295069694519,forward_010,3.2229506969451904,0.1,0.0,0.0,-1.0591966898040588,0.40033489717619936,0.11235557059713497,-0.91,2.46,8.83,1.6110000000000002,0.820691704750061,0.0,0.015402764081954956,1.0,1.0,7.7,0.16999999999999998,True,True,False
13.243324041366577,forward_010,3.243324041366577,0.1,0.0,0.0,-1.0635600129340446,0.5137812985558308,0.15162547876700738,-0.91,2.46,8.83,1.918,0.8059112429618835,0.0,0.019372791051864624,0.0,1.0,7.7,0.16999999999999998,True,True,False
13.263694524765015,forward_010,3.2636945247650146,0.1,0.0,0.0,-1.1115565673638885,0.6774059159302992,-0.032724923474893676,-0.91,2.46,8.83,1.841,0.7433379292488098,0.0,0.036046985536813736,0.0,1.0,7.7,0.16999999999999998,True,True,False
13.28406310081482,forward_010,3.2840631008148193,0.1,0.0,0.0,-0.46142142099600086,0.7406741013150936,0.17780541754692233,-0.91,2.46,8.83,1.304,0.7892777323722839,0.0,0.0680059902369976,0.0,1.0,7.6,0.5960000000000001,True,True,False
13.305069208145142,forward_010,3.3050692081451416,0.1,0.0,0.0,-0.14508049407202864,0.4625122517784973,0.1439896632895322,1.76,-2.54,8.09,0.6899999999999998,0.8401458263397217,0.0,0.08500735834240913,0.0,1.0,7.6,0.5960000000000001,True,True,False
13.32563042640686,forward_010,3.3256304264068604,0.1,0.0,0.0,-0.12871803233458182,0.32506757318394386,-0.019634954084936207,0.53,-1.8900000000000001,5.0200000000000005,0.614,0.7519457340240479,0.0,0.1354906614869833,0.0,1.0,7.6,0.5960000000000001,True,True,False
13.346015214920044,forward_010,3.346015214920044,0.1,0.0,0.0,-0.21271200258680892,-0.16798794050445423,-0.044724062082354694,-2.52,-3.5700000000000003,9.8,1.074,0.8472743630409241,0.0,0.20946379005908966,0.0,1.0,7.6,0.5960000000000001,True,True,False
13.366496801376343,forward_010,3.3664968013763428,0.1,0.0,0.0,-0.14180800172453928,-0.07526732399225546,0.0719948316447661,-4.4,-4.67,9.1,1.688,0.6820406913757324,0.0,0.06904852110892534,0.0,1.0,7.6,0.5960000000000001,True,True,False
13.386858940124512,forward_010,3.3868589401245117,0.1,0.0,0.0,-0.02399827721492203,0.02181661564992912,0.45814892864851153,-3.5300000000000002,-4.6000000000000005,7.65,1.995,0.9349966645240784,0.0,0.1147053400054574,0.0,1.0,7.6,0.5960000000000001,True,True,False
13.407466411590576,forward_010,3.407466411590576,0.1,0.0,0.0,-0.028361600344907856,0.05235987755982989,0.5715953300281429,-2.32,-4.14,6.71,2.225,0.9077210426330566,0.0,0.07489891955628991,0.0,1.0,7.6,0.5960000000000001,True,True,False
13.427831172943115,forward_010,3.4278311729431152,0.1,0.0,0.0,0.17780541754692233,-0.1090830782496456,0.5606870222031783,-1.3800000000000001,-1.58,7.69,2.148,0.7976760864257812,0.0,0.09416212514042854,0.0,1.0,7.6,0.5960000000000001,True,True,False
13.448208570480347,forward_010,3.4482085704803467,0.1,0.0,0.0,0.3239767424014474,-0.061086523819801536,0.2923426497090502,-0.8300000000000001,-1.84,7.46,1.841,0.764167308807373,0.0,0.031218022108078003,0.0,1.0,7.6,0.5960000000000001,True,True,False
13.468580961227417,forward_010,3.468580961227417,0.1,0.0,0.0,0.5410520681182421,-0.17889624832941878,0.13962634015954636,-0.33,-1.48,9.46,2.608,0.8261671662330627,0.0,0.0382147915661335,1.0,1.0,7.6,0.5960000000000001,True,True,False
13.488955974578857,forward_010,3.4889559745788574,0.1,0.0,0.0,0.9948376736367679,-0.7515824091400581,-0.5006913291658733,-0.17,-3.24,8.790000000000001,0.6899999999999998,0.939399003982544,0.0,0.05847987160086632,1.0,1.0,7.4,1.2129999999999999,True,True,False
13.509331941604614,forward_010,3.5093319416046143,0.1,0.0,0.0,1.2686362000433782,-1.0417433972841155,-0.8759371183446542,-0.15,-3.15,7.13,1.381,0.9405946731567383,0.0,0.03647053986787796,1.0,0.0,7.4,1.2129999999999999,True,True,False
13.529706239700317,forward_010,3.5297062397003174,0.1,0.0,0.0,1.413716694115407,-1.102829921103917,-0.3643374813538163,-0.15,-3.15,7.13,1.765,0.919723391532898,0.0,0.02357279695570469,1.0,0.0,7.4,1.2129999999999999,True,True,False
13.550078392028809,forward_010,3.5500783920288086,0.1,0.0,0.0,0.7613998861825263,-0.3294308963139297,-0.10253809355466686,-0.15,-3.15,7.13,1.765,0.8702163696289062,0.0,0.048887692391872406,1.0,0.0,7.4,1.2129999999999999,True,True,False
13.57044243812561,forward_010,3.5704424381256104,0.1,0.0,0.0,0.2945243112740431,-0.21925698728178766,-0.4068798818711781,-0.48,2.64,6.55,1.381,0.7192270755767822,0.0,0.042924731969833374,1.0,0.0,7.4,1.2129999999999999,True,True,False
13.590816497802734,forward_010,3.5908164978027344,0.1,0.0,0.0,0.15707963267948966,-0.56941366846315,-0.33161255787892263,0.22,0.66,7.75,0.6899999999999998,0.8350417613983154,0.0,0.04812893271446228,1.0,0.0,7.4,1.2129999999999999,True,True,False
13.611185550689697,forward_010,3.6111855506896973,0.1,0.0,0.0,0.05126904677733343,-0.009817477042468103,-0.039269908169872414,1.67,2.65,6.75,0.844,0.8826749920845032,0.0,0.05698467046022415,1.0,0.0,7.4,1.2129999999999999,True,True,False
13.63165545463562,forward_010,3.63165545463562,0.1,0.0,0.0,-0.15707963267948966,-0.3272492347489368,0.38724492778624187,1.12,3.21,9.26,0.9970000000000001,0.9407783150672913,0.0,0.08728537708520889,1.0,0.0,7.4,1.2129999999999999,True,True,False
13.652023077011108,forward_010,3.6520230770111084,0.1,0.0,0.0,0.15489797111449674,-0.08944812416470939,0.3239767424014474,-1.3800000000000001,2.61,6.58,1.227,0.9090335369110107,0.0,0.06543212756514549,1.0,0.0,7.4,1.2129999999999999,True,True,False
13.672397136688232,forward_010,3.6723971366882324,0.1,0.0,0.0,0.1439896632895322,-0.10471975511965978,0.23889194136672387,0.5,1.94,7.83,1.534,0.8450127243995667,0.0,0.09503456205129623,1.0,0.0,7.4,1.2129999999999999,True,True,False
13.692776441574097,forward_010,3.6927764415740967,0.1,0.0,0.0,0.1265363707695889,-0.044724062082354694,0.2596177262341565,0.15,1.4000000000000001,7.62,1.995,0.7902698516845703,0.0,0.09135383553802967,1.0,1.0,7.4,1.1480000000000001,True,True,False
13.713160514831543,forward_010,3.713160514831543,0.1,0.0,0.0,-0.016362461737446838,0.14726215563702155,0.38288160465625604,-0.49,0.48,5.45,1.995,0.7853150367736816,0.0,0.04107477888464928,1.0,1.0,7.4,1.1480000000000001,True,True,False
13.733526229858398,forward_010,3.7335262298583984,0.1,0.0,0.0,-0.6392268385429232,-0.19853120241435498,0.385063266221249,-0.49,0.48,5.45,1.6110000000000002,0.9298964738845825,0.0,0.06561174523085356,1.0,0.0,7.4,1.1480000000000001,True,True,False
13.754153490066528,forward_010,3.7541534900665283,0.1,0.0,0.0,-0.8955720724295904,-0.1265363707695889,0.09053895494720585,-0.49,0.48,5.45,1.074,0.9339425563812256,0.0,0.03126273304224014,1.0,1.0,7.4,1.1480000000000001,True,True,False
13.774624347686768,forward_010,3.7746243476867676,0.1,0.0,0.0,-0.9653852425093635,0.23889194136672387,0.37306412761378793,-2.16,2.02,7.83,0.9970000000000001,0.8559008836746216,0.0,0.045643534511327744,1.0,1.0,7.4,1.1480000000000001,True,True,False
13.794986248016357,forward_010,3.7949862480163574,0.1,0.0,0.0,-1.0439250588491085,0.13199052468207118,0.4657847441259867,-2.16,2.02,7.83,1.381,0.8114169239997864,0.0,0.016886703670024872,1.0,1.0,7.4,1.1480000000000001,True,True,False
13.815357685089111,forward_010,3.8153576850891113,0.1,0.0,0.0,-1.0537425358915764,0.8213955792198313,-0.3097959422289935,-2.16,2.02,7.83,1.841,0.7173856496810913,0.0,0.0494554340839386,0.0,1.0,7.4,1.1480000000000001,True,True,False
13.835719108581543,forward_010,3.835719108581543,0.1,0.0,0.0,-0.7461282552275759,0.6228643768054763,-0.5268712679457882,-2.16,2.02,7.83,2.071,0.7226139903068542,0.0,0.018781313672661785,0.0,1.0,7.4,1.1480000000000001,True,True,False
13.856096029281616,forward_010,3.856096029281616,0.1,0.0,0.0,-0.40251655874119224,0.5486878835957173,-0.2683443724941282,1.6500000000000001,-2.68,8.620000000000001,0.767,0.7413856983184814,0.0,0.07306490372866392,0.0,1.0,7.4,1.1480000000000001,True,True,False
13.876465797424316,forward_010,3.8764657974243164,0.1,0.0,0.0,-0.19744037163185854,0.7592182246175333,-0.10253809355466686,-2.31,-2.77,5.74,0.6899999999999998,0.7248326539993286,0.0,0.18162083253264427,0.0,1.0,7.4,1.1480000000000001,True,True,False
13.896848678588867,forward_010,3.896848678588867,0.1,0.0,0.0,-0.014180800172453928,0.6534076387153771,-0.27598018797160334,-3.7600000000000002,-4.67,4.98,1.074,0.8252228498458862,0.0,0.15618916135281324,0.0,1.0,7.5,0.9350000000000002,True,True,False
13.91721796989441,forward_010,3.917217969894409,0.1,0.0,0.0,0.18544123302439752,0.08726646259971647,-0.06435901616729091,-2.85,-5.71,9.700000000000001,1.381,0.8417530655860901,0.0,0.07717996835708618,0.0,1.0,7.5,0.9350000000000002,True,True,False
13.937629699707031,forward_010,3.9376296997070312,0.1,0.0,0.0,0.2945243112740431,0.346884188833873,0.5050546522958591,-1.97,-5.28,8.32,1.6110000000000002,0.9259166121482849,0.0,0.1577457170933485,0.0,1.0,7.5,0.9350000000000002,True,True,False
13.958004474639893,forward_010,3.9580044746398926,0.1,0.0,0.0,0.15707963267948966,0.272707695624114,0.6981317007977318,-1.8,-2.34,8.39,2.148,0.9292218685150146,0.0,0.06584817450493574,0.0,1.0,7.5,0.9350000000000002,True,True,False
13.978386402130127,forward_010,3.978386402130127,0.1,0.0,0.0,0.23671027980173096,0.32179508083645453,0.495237175253391,-2.38,-2.65,5.63,2.148,0.8842201828956604,0.0,0.07714139297604561,0.0,1.0,7.5,0.9350000000000002,True,True,False
13.99875259399414,forward_010,3.9987525939941406,0.1,0.0,0.0,0.4112432050011639,0.05126904677733343,0.48105637508093707,-1.16,-1.97,8.040000000000001,1.765,0.8323690891265869,0.0,0.07011449709534645,1.0,1.0,7.5,0.9350000000000002,True,True,False
14.019142627716064,forward_010,4.0191426277160645,0.1,0.0,0.0,0.5825036378531074,-0.16471544815696484,0.3948807432637171,-0.17,-1.94,8.72,1.534,0.7579750418663025,0.0,0.055696481838822365,1.0,1.0,7.5,0.9350000000000002,True,True,False
14.039515256881714,forward_010,4.039515256881714,0.1,0.0,0.0,0.8639379797371931,-0.4559672670835186,-0.14726215563702155,-1.16,-0.72,8.65,1.765,0.8827068209648132,0.0,0.052853770554065704,1.0,1.0,7.5,0.9350000000000002,True,True,False
14.059894561767578,forward_010,4.059894561767578,0.1,0.0,0.0,1.4104442017679175,-0.9566585962493919,-0.6086835766330224,-1.16,-0.72,8.65,1.6110000000000002,0.9214314818382263,0.0,0.04120197147130966,1.0,1.0,7.5,0.9350000000000002,True,True,False
14.080274105072021,forward_010,4.0802741050720215,0.1,0.0,0.0,1.4529866022852793,-0.4625122517784973,-0.9948376736367679,-1.16,-0.72,8.65,1.6110000000000002,0.8641446232795715,0.0,0.04113934561610222,1.0,0.0,7.5,0.9350000000000002,True,True,False
14.100641012191772,forward_010,4.1006410121917725,0.1,0.0,0.0,1.1966413683986121,0.23561944901923448,-1.7453292519943295,-1.68,4.07,8.78,1.458,0.6828307509422302,0.0,0.03626278042793274,1.0,0.0,7.6,0.519,True,True,False
14.121013879776001,forward_010,4.121013879776001,0.1,0.0,0.0,0.9752027195518317,-0.35561083509384467,-2.115120887260628,-1.68,4.07,8.78,1.765,0.7152615785598755,0.0,0.08108309330418706,1.0,0.0,7.6,0.519,True,True,False
14.14150094985962,forward_010,4.141500949859619,0.1,0.0,0.0,0.4276056667386107,0.3370667117914049,-1.8238690683340744,-0.68,-0.81,2.7800000000000002,1.227,0.7527364492416382,0.0,0.0772438608109951,1.0,0.0,7.6,0.519,True,True,False
14.161879777908325,forward_010,4.161879777908325,0.1,0.0,0.0,0.0818123086872342,-0.3981532356112064,-0.8933904108645975,-0.27,-1.37,6.8100000000000005,1.534,0.8284052610397339,0.0,0.10790356621146202,1.0,0.0,7.6,0.519,True,True,False
14.182372331619263,forward_010,4.182372331619263,0.1,0.0,0.0,-0.24980024919168842,-0.4603305902135044,0.031634092692397225,-0.26,0.15,6.67,1.458,0.8293202519416809,0.0,0.07380471006035805,1.0,1.0,7.6,0.519,True,True,False
14.202746152877808,forward_010,4.202746152877808,0.1,0.0,0.0,-0.6501351463678877,-0.581412807070611,0.7024950239277177,1.05,2.9,7.12,1.534,0.7816168665885925,0.0,0.03319010464474559,1.0,1.0,7.6,0.519,True,True,False
14.223232746124268,forward_010,4.223232746124268,0.1,0.0,0.0,-0.8584838258247108,-0.5825036378531074,0.8606654873897037,-0.44,3.41,6.68,1.995,0.8786188960075378,0.0,0.05338687123730779,1.0,0.0,7.6,0.519,True,True,False
14.243746519088745,forward_010,4.243746519088745,0.1,0.0,0.0,-0.7952156404399164,-0.4494222823885399,0.559596191420682,-0.44,3.41,6.68,1.765,0.8344414234161377,0.0,0.05163314566016197,1.0,0.0,7.6,0.519,True,True,False
14.264113426208496,forward_010,4.264113426208496,0.1,0.0,0.0,-0.4112432050011639,0.15817046346198613,0.5726861608106394,-0.44,3.41,6.68,1.765,0.8460790514945984,0.0,0.05375814810395241,1.0,0.0,7.6,0.519,True,True,False
14.28448486328125,forward_010,4.28448486328125,0.1,0.0,0.0,-0.39924406639370286,0.557414529855689,0.6948592084502424,-0.44,3.41,6.68,0.844,0.8195052742958069,0.0,0.050577235970195034,1.0,1.0,7.6,0.519,True,True,False
14.304962158203125,forward_010,4.304962158203125,0.1,0.0,0.0,-0.8017606251348951,0.6152285613280012,0.358883327441334,-0.44,3.41,6.68,0.767,0.8571203351020813,0.0,0.033615025691688054,1.0,1.0,7.4,1.096,True,True,False
14.325993537902832,forward_010,4.325993537902832,0.1,0.0,0.0,-1.2948161388232933,0.5323254218582705,-0.04581489286485115,-0.44,3.41,6.68,1.227,0.8438645601272583,0.0,0.019609631970524784,0.0,1.0,7.4,1.096,True,True,False
14.346374988555908,forward_010,4.346374988555908,0.1,0.0,0.0,-0.9337511498169663,0.8039422866998881,0.28688849579656794,-0.44,3.41,6.68,1.688,0.7714644074440002,0.0,0.02130898740142584,0.0,1.0,7.4,1.096,True,True,False
14.366751432418823,forward_010,4.366751432418823,0.1,0.0,0.0,-0.4690572364734761,0.8486663487822428,0.47669305195095124,-3.1,-3.69,8.75,1.688,0.6294015645980835,0.0,0.03163183853030205,0.0,1.0,7.4,1.096,True,True,False
14.387136459350586,forward_010,4.387136459350586,0.1,0.0,0.0,-0.3916082509162277,0.5366887449882564,0.35124751196385884,-0.61,-3.33,9.74,1.227,0.741123378276825,0.0,0.03243423439562321,0.0,1.0,7.4,1.096,True,True,False
14.407654762268066,forward_010,4.407654762268066,0.1,0.0,0.0,-0.3817907738737596,0.6752242543653062,0.1734420944169365,-0.5700000000000001,-4.38,6.08,0.844,0.6874477863311768,0.0,0.046524789184331894,0.0,1.0,7.4,1.096,True,True,False
14.42815613746643,forward_010,4.428156137466431,0.1,0.0,0.0,-0.2519819107566813,0.11780972450961724,0.32506757318394386,-1.62,-2.84,8.72,0.537,0.6624398827552795,0.0,0.12332324683666229,0.0,1.0,7.4,1.096,True,True,False
14.448532342910767,forward_010,4.448532342910767,0.1,0.0,0.0,0.011999138607461015,-0.18216874067690814,0.38724492778624187,-2.08,-3.14,7.0200000000000005,0.6899999999999998,0.5291858911514282,0.0,0.07418643543496728,0.0,1.0,7.4,1.096,True,True,False
14.468912363052368,forward_010,4.468912363052368,0.1,0.0,0.0,-0.022907446432425576,-0.2814343418840856,0.2279836335417593,-2.61,-2.54,7.98,0.6899999999999998,0.7616569995880127,0.0,0.10858138091862202,0.0,1.0,7.4,1.096,True,True,False
14.489344835281372,forward_010,4.489344835281372,0.1,0.0,0.0,0.06326818538479445,-0.21707532571679475,0.17453292519943295,-2.47,-3.08,7.57,1.458,0.7459936141967773,0.0,0.09718094393610954,0.0,1.0,7.4,1.096,True,True,False
14.509772062301636,forward_010,4.509772062301636,0.1,0.0,0.0,0.20943951023931956,-0.2912518189265537,0.3567016658763411,-2.0300000000000002,-3.35,8.620000000000001,1.918,0.8455803394317627,0.0,0.06822285428643227,0.0,1.0,7.2,1.698,True,True,False
14.530141353607178,forward_010,4.530141353607178,0.1,0.0,0.0,0.4526947747360292,-0.210530341021816,0.5203262832508095,-3.02,-1.72,8.76,1.765,0.8639209270477295,0.0,0.06387542188167572,0.0,1.0,7.2,1.698,True,True,False
14.550518035888672,forward_010,4.550518035888672,0.1,0.0,0.0,0.7613998861825263,-0.1908953869368798,0.37742745074377376,0.48,-1.37,7.1000000000000005,1.227,0.7175584435462952,0.0,0.07188969803974032,1.0,1.0,7.2,1.698,True,True,False
14.57089900970459,forward_010,4.57089900970459,0.1,0.0,0.0,0.9850201965942997,-0.346884188833873,0.04036073895236887,0.0,-1.28,9.67,1.304,0.8628756403923035,0.0,0.029063433408737183,1.0,1.0,7.2,1.698,True,True,False
14.591267585754395,forward_010,4.5912675857543945,0.1,0.0,0.0,1.3209960776032081,-0.6719517620178169,-0.4014257279586958,0.0,-1.28,9.67,1.304,0.9159476161003113,0.0,0.04796454310417175,1.0,1.0,7.2,1.698,True,True,False
14.611708641052246,forward_010,4.611708641052246,0.1,0.0,0.0,1.3449943548181302,-0.6250460383704692,-0.5988660995905544,0.0,-1.28,9.67,1.151,0.9133038520812988,0.0,0.0262271910905838,1.0,0.0,7.2,1.698,True,True,False
14.632071256637573,forward_010,4.632071256637573,0.1,0.0,0.0,1.074468320759009,-0.21162117180431245,-1.1224648751888533,0.0,-1.28,9.67,1.458,0.8971773386001587,0.0,0.02684119902551174,1.0,0.0,7.2,1.698,True,True,False
14.652446985244751,forward_010,4.652446985244751,0.1,0.0,0.0,0.7079491778402,0.13744467859455345,-1.7813266678167126,0.0,-1.28,9.67,1.381,0.815138041973114,0.0,0.036716289818286896,1.0,0.0,7.2,1.698,True,True,False
14.672899723052979,forward_010,4.6728997230529785,0.1,0.0,0.0,0.41233403578366035,-0.36106498900632694,-1.6886060513045138,0.22,0.74,6.1000000000000005,1.227,0.7286944389343262,0.0,0.06838034838438034,1.0,1.0,7.2,1.698,True,True,False
14.693344116210938,forward_010,4.6933441162109375,0.1,0.0,0.0,0.06763150851478027,0.18653206380689397,-1.2849986617808251,-1.27,-0.39,4.75,0.9210000000000002,0.7781416773796082,0.0,0.11031227931380272,1.0,1.0,7.2,1.698,True,True,False
14.713789701461792,forward_010,4.713789701461792,0.1,0.0,0.0,-0.019634954084936207,-0.33815754257390135,-0.44833145160604343,0.36,0.34,9.78,0.844,0.7807039022445679,0.0,0.07041194289922714,1.0,1.0,7.5,0.7250000000000001,True,True,False
14.734153747558594,forward_010,4.734153747558594,0.1,0.0,0.0,-0.21707532571679475,-0.12326387842209953,0.24870941840919197,-1.09,1.19,5.62,1.227,0.7717325687408447,0.0,0.07648431824054569,1.0,1.0,7.5,0.7250000000000001,True,True,False
14.75452995300293,forward_010,4.75452995300293,0.1,0.0,0.0,-0.3785182815262702,-0.2977968036215325,0.6294093615004551,-0.22,0.25,7.45,1.534,0.8033390045166016,0.0,0.06439473945647478,1.0,1.0,7.5,0.7250000000000001,True,True,False
14.774910926818848,forward_010,4.774910926818848,0.1,0.0,0.0,-0.29888763440402893,-0.3043417883165112,0.7090400086226963,-1.75,1.32,9.03,1.534,0.8091323971748352,0.0,0.051827721297740936,1.0,1.0,7.5,0.7250000000000001,True,True,False
14.795267581939697,forward_010,4.795267581939697,0.1,0.0,0.0,-0.15817046346198613,0.12871803233458182,0.6861325621902709,-1.75,1.32,9.03,2.071,0.7961612343788147,0.0,0.08336122334003448,1.0,1.0,7.5,0.7250000000000001,True,True,False
14.815648078918457,forward_010,4.815648078918457,0.1,0.0,0.0,-0.28361600344907856,0.3043417883165112,0.4286964975211072,-1.46,1.1400000000000001,6.26,2.148,0.8330358862876892,0.0,0.09146218746900558,1.0,0.0,7.5,0.7250000000000001,True,True,False
14.836085081100464,forward_010,4.836085081100464,0.1,0.0,0.0,-0.5999569303730508,0.12435470920459599,0.08944812416470939,0.0,0.71,6.62,1.381,0.8722550272941589,0.0,0.04002252593636513,1.0,0.0,7.5,0.7250000000000001,True,True,False
14.85645842552185,forward_010,4.856458425521851,0.1,0.0,0.0,-0.9457502884244273,0.028361600344907856,0.10799224746714914,0.0,0.71,6.62,1.074,0.8726705312728882,0.0,0.030244184657931328,1.0,1.0,7.5,0.7250000000000001,True,True,False
14.876846075057983,forward_010,4.876846075057983,0.1,0.0,0.0,-1.2064588454410803,0.07744898555724837,0.044724062082354694,-3.71,1.45,9.71,1.841,0.8027981519699097,0.0,0.03174569457769394,1.0,1.0,7.5,0.7250000000000001,True,True,False
14.899255514144897,forward_010,4.8992555141448975,0.1,0.0,0.0,-1.064650843716541,0.0916297857297023,0.2923426497090502,-0.96,2.77,9.040000000000001,1.304,0.8033427596092224,0.0,0.03904660139232874,0.0,1.0,7.5,0.7250000000000001,True,True,False
14.919626951217651,forward_010,4.919626951217651,0.1,0.0,0.0,-0.9872018581592926,0.05999569303730508,0.38069994309126315,-0.96,2.77,9.040000000000001,1.841,0.717316746711731,0.0,0.019910315284505486,0.0,1.0,7.7,0.28500000000000003,True,True,False
14.940001487731934,forward_010,4.940001487731934,0.1,0.0,0.0,-0.1810779098944117,0.039269908169872414,0.14835298641951802,-0.96,2.77,9.040000000000001,1.6110000000000002,0.7074659466743469,0.0,0.030912689864635468,0.0,1.0,7.7,0.28500000000000003,True,True,False
14.960367202758789,forward_010,4.960367202758789,0.1,0.0,0.0,-0.05126904677733343,0.16253378659197193,-0.10690141668465268,0.74,-2.7,3.44,1.227,0.7186523079872131,0.0,0.040227378718554974,0.0,1.0,7.7,0.28500000000000003,True,True,False
14.980745315551758,forward_010,4.980745315551758,0.1,0.0,0.0,-0.0719948316447661,0.04581489286485115,-0.23671027980173096,-0.98,-2.86,3.5300000000000002,0.614,0.6163654923439026,0.0,0.04757298994809389,0.0,1.0,7.7,0.28500000000000003,True,True,False
15.001118183135986,forward_010,5.001118183135986,0.1,0.0,0.0,0.020725784867432664,-0.14289883250703572,-0.5792311455056182,-0.98,-2.86,3.5300000000000002,0.6899999999999998,0.670290470123291,0.0,0.07619433850049973,0.0,1.0,7.7,0.28500000000000003,True,True,False
15.021562337875366,forward_010,5.021562337875366,0.1,0.0,0.0,0.28907015736156083,0.04690572364734761,-0.29670597283903605,-0.98,-2.86,3.5300000000000002,1.074,0.666417121887207,0.0,0.06735176080837846,0.0,1.0,7.7,0.28500000000000003,True,True,False
15.041939496994019,forward_010,5.0419394969940186,0.1,0.0,0.0,0.5017821599483697,0.1308996938995747,0.34143003492139073,-0.21,-2.2,6.59,1.6110000000000002,0.7761102914810181,0.0,0.07756710052490234,0.0,1.0,7.7,0.28500000000000003,True,True,False
15.062324047088623,forward_010,5.062324047088623,0.1,0.0,0.0,0.2912518189265537,-0.05235987755982989,0.011999138607461015,-2.15,-1.85,8.540000000000001,1.995,0.8155399560928345,0.0,0.07068183273077011,0.0,1.0,7.7,0.28500000000000003,True,True,False
15.082695960998535,forward_010,5.082695960998535,0.1,0.0,0.0,0.33597588100890846,-0.30870511144649704,-0.08290313946973066,-2.15,-1.85,8.540000000000001,2.148,0.8115489482879639,0.0,0.08388545364141464,0.0,1.0,7.7,0.28500000000000003,True,True,False
15.103078603744507,forward_010,5.103078603744507,0.1,0.0,0.0,0.5421428989007386,-0.17562375598192942,0.1407171709420428,-1.45,-2.44,8.02,1.995,0.8440231680870056,0.0,0.06305282656103373,1.0,1.0,7.7,0.28500000000000003,True,True,False
15.12345266342163,forward_010,5.123452663421631,0.1,0.0,0.0,1.0581058590215622,-0.3719732968312915,0.11344640137963143,-0.98,-0.8200000000000001,7.43,0.9210000000000002,0.8827303051948547,0.0,0.04030633810907602,1.0,1.0,7.2,1.384,True,True,False
15.14381194114685,forward_010,5.143811941146851,0.1,0.0,0.0,1.2937253080407969,-0.6359543461954338,-0.2912518189265537,-0.98,-0.8200000000000001,7.43,1.227,0.9084159135818481,0.0,0.027945379144512117,1.0,0.0,7.2,1.384,True,True,False
15.164176940917969,forward_010,5.164176940917969,0.1,0.0,0.0,1.0788316438889949,-0.11671889372712078,-0.5039638215133626,-0.98,-0.8200000000000001,7.43,1.458,0.9024713039398193,0.0,0.030640698969364166,1.0,0.0,7.2,1.384,True,True,False
15.184560537338257,forward_010,5.184560537338257,0.1,0.0,0.0,0.5312345910757741,0.1090830782496456,-1.44971410993779,-0.98,-0.8200000000000001,7.43,1.765,0.8511714935302734,0.0,0.03846452198922634,1.0,0.0,7.2,1.384,True,True,False
15.204934120178223,forward_010,5.204934120178223,0.1,0.0,0.0,0.061086523819801536,0.0272707695624114,-2.255838058202671,-0.51,1.75,7.83,1.765,0.7355649471282959,0.0,0.057822720147669315,1.0,1.0,7.2,1.384,True,True,False
15.225316524505615,forward_010,5.225316524505615,0.1,0.0,0.0,-0.1505346479845109,0.009817477042468103,-2.1903882112528836,0.46,-0.55,5.45,1.458,0.7065532803535461,0.0,0.03567284345626831,1.0,1.0,7.2,1.384,True,True,False
15.24577808380127,forward_010,5.2457780838012695,0.1,0.0,0.0,-0.22907446432425577,-0.2552544031041707,-1.4115350325504141,2.58,-0.55,7.05,0.9970000000000001,0.8211197853088379,0.0,0.07423428539186716,1.0,1.0,7.2,1.384,True,True,False
15.266223907470703,forward_010,5.266223907470703,0.1,0.0,0.0,-0.1407171709420428,-0.40578905108868163,-0.5126904677733343,1.61,0.31,9.15,1.304,0.9124682545661926,0.0,0.09776981081813574,1.0,1.0,7.2,1.384,True,True,False
15.286707878112793,forward_010,5.286707878112793,0.1,0.0,0.0,0.10362892433716332,-0.5345070834232635,0.17780541754692233,-0.67,0.33,6.8500000000000005,1.381,0.9098981022834778,0.0,0.11324253305792809,1.0,1.0,7.2,1.384,True,True,False
15.307077884674072,forward_010,5.307077884674072,0.1,0.0,0.0,0.10471975511965978,-0.507236313860852,0.44833145160604343,-0.01,-0.58,8.23,1.688,0.8908066153526306,0.0,0.13285016734153032,1.0,1.0,7.2,1.384,True,True,False
15.327457666397095,forward_010,5.327457666397095,0.1,0.0,0.0,0.1559888018969932,-0.16798794050445423,0.7199483164476609,-1.44,-0.6,7.94,2.071,0.8453437685966492,0.0,0.07616943120956421,1.0,0.0,7.5,0.923,True,True,False
15.348439693450928,forward_010,5.348439693450928,0.1,0.0,0.0,0.28907015736156083,0.34470252726888007,0.9021170571245691,-1.27,-0.58,7.49,2.302,0.7010084390640259,0.0,0.11938171461224556,1.0,0.0,7.5,0.923,True,True,False
15.36896014213562,forward_010,5.36896014213562,0.1,0.0,0.0,0.1559888018969932,0.6774059159302992,0.9479319499894202,-0.85,-0.77,7.26,2.915,0.7286168932914734,0.0,0.08414439484477043,1.0,0.0,7.5,0.923,True,True,False
15.389333486557007,forward_010,5.389333486557007,0.1,0.0,0.0,-0.36979163526629855,0.28688849579656794,1.2882711541283145,-0.85,-0.77,7.26,1.841,0.9006608128547668,0.0,0.06963988393545151,1.0,0.0,7.5,0.923,True,True,False
15.40970778465271,forward_010,5.40970778465271,0.1,0.0,0.0,-1.0733774899765127,0.32506757318394386,0.8824821030396329,-0.85,-0.77,7.26,1.381,0.8862091898918152,0.0,0.05847740173339844,1.0,0.0,7.5,0.923,True,True,False
15.430408000946045,forward_010,5.430408000946045,0.1,0.0,0.0,-1.2020955223110945,0.07526732399225546,0.21925698728178766,-0.85,-0.77,7.26,1.6110000000000002,0.8130783438682556,0.0,0.034700796008110046,1.0,1.0,7.5,0.923,True,True,False
15.45077633857727,forward_010,5.4507763385772705,0.1,0.0,0.0,-1.0624691821515482,0.2912518189265537,-0.028361600344907856,-2.14,2.7800000000000002,9.36,1.841,0.760050892829895,0.0,0.015493277460336685,1.0,1.0,7.5,0.923,True,True,False
15.471164226531982,forward_010,5.471164226531982,0.1,0.0,0.0,-0.8181230868723419,0.3839724354387525,-0.20180369476184434,-2.14,2.7800000000000002,9.36,1.841,0.7207802534103394,0.0,0.02706190198659897,1.0,1.0,7.5,0.923,True,True,False
15.491602420806885,forward_010,5.491602420806885,0.1,0.0,0.0,-0.8137597637423561,0.7068583470577035,-0.4385139745635753,-2.13,-2.19,9.59,1.381,0.6623754501342773,0.0,0.07405977696180344,0.0,1.0,7.5,0.923,True,True,False
15.511973857879639,forward_010,5.511973857879639,0.1,0.0,0.0,-0.48978302134090873,0.2945243112740431,-0.24216443371421323,-0.65,-3.18,6.68,0.844,0.7310943603515625,0.0,0.11713322624564171,0.0,1.0,7.5,0.923,True,True,False
15.532429695129395,forward_010,5.5324296951293945,0.1,0.0,0.0,-0.22252947962927702,0.3021601267515183,-0.26398104936414235,1.29,-2.83,5.98,0.614,0.7575963139533997,0.0,0.08566979807801545,0.0,1.0,7.1,1.6569999999999998,True,True,False
15.55298137664795,forward_010,5.552981376647949,0.1,0.0,0.0,-0.10581058590215622,0.17016960206944712,-0.12544553998709243,-2.05,-4.04,8.46,0.9970000000000001,0.7378120422363281,0.0,0.060379378497600555,0.0,1.0,7.1,1.6569999999999998,True,True,False
15.573436737060547,forward_010,5.573436737060547,0.1,0.0,0.0,-0.028361600344907856,-0.1636246173744684,0.27598018797160334,-2.05,-4.04,8.46,1.227,0.6840338706970215,0.0,0.12889835238456726,0.0,1.0,7.1,1.6569999999999998,True,True,False
15.593827724456787,forward_010,5.593827724456787,0.1,0.0,0.0,0.16471544815696484,-0.16471544815696484,0.43960480534607177,-2.05,-4.04,8.46,1.381,0.803372859954834,0.0,0.0843117106705904,0.0,1.0,7.1,1.6569999999999998,True,True,False
15.61421275138855,forward_010,5.61421275138855,0.1,0.0,0.0,0.36324665057131983,-0.06435901616729091,0.8312130562622995,-1.58,-3.09,6.76,1.995,0.9314374923706055,0.0,0.1713877134025097,0.0,1.0,7.1,1.6569999999999998,True,True,False
15.63459324836731,forward_010,5.63459324836731,0.1,0.0,0.0,0.3741549583962844,-0.05781403147231216,0.8083056098298739,-1.76,-1.51,5.92,2.071,0.7941378355026245,0.0,0.10691780410706997,0.0,1.0,7.1,1.6569999999999998,True,True,False
15.654959917068481,forward_010,5.6549599170684814,0.1,0.0,0.0,0.5214171140333059,-0.17016960206944712,0.43196898986859655,0.35000000000000003,-0.08,8.290000000000001,1.534,0.7525174617767334,0.0,0.029466497944667935,1.0,1.0,7.1,1.6569999999999998,True,True,False
15.675460815429688,forward_010,5.6754608154296875,0.1,0.0,0.0,0.8377580409572782,-0.4854196982109229,-0.02181661564992912,0.35000000000000003,-0.08,8.290000000000001,1.995,0.8600861430168152,0.0,0.04618225246667862,1.0,1.0,7.1,1.6569999999999998,True,True,False
15.6958327293396,forward_010,5.6958327293396,0.1,0.0,0.0,1.1900963837036334,-0.6141377305455047,-0.6632251157578453,-2.11,-0.41000000000000003,9.59,1.458,0.9338223338127136,0.0,0.04314291477203369,1.0,1.0,7.1,1.6569999999999998,True,True,False
15.716214895248413,forward_010,5.716214895248413,0.1,0.0,0.0,1.3482668471656196,-0.6457718232379019,-0.7548549014875475,-2.11,-0.41000000000000003,9.59,1.381,0.920681893825531,0.0,0.02688755840063095,1.0,0.0,7.1,1.6569999999999998,True,True,False
15.736583709716797,forward_010,5.736583709716797,0.1,0.0,0.0,0.8093964406123704,0.12108221685710661,-1.538071403320003,-2.11,-0.41000000000000003,9.59,1.381,0.8566880822181702,0.0,0.03794490545988083,1.0,0.0,7.6,0.47300000000000003,True,True,False
15.75695013999939,forward_010,5.75695013999939,0.1,0.0,0.0,0.3043417883165112,0.02945243112740431,-1.9416787928436916,-0.53,2.92,8.15,1.458,0.7347536683082581,0.0,0.07356186071410775,1.0,1.0,7.6,0.47300000000000003,True,True,False
15.777438163757324,forward_010,5.777438163757324,0.1,0.0,0.0,0.08072147790473774,0.028361600344907856,-1.7060593438244571,-0.15,0.81,6.76,1.304,0.6897379755973816,0.0,0.05326399207115173,1.0,1.0,7.6,0.47300000000000003,True,True,False
15.797806978225708,forward_010,5.797806978225708,0.1,0.0,0.0,-0.15271630954950383,0.2530727415391778,-1.2533645690884279,0.22,-2.19,5.23,0.9970000000000001,0.7663257718086243,0.0,0.04655272141098976,1.0,1.0,7.6,0.47300000000000003,True,True,False
15.8181734085083,forward_010,5.818173408508301,0.1,0.0,0.0,-0.35015668118136234,-0.23452861823673804,-0.40033489717619936,0.22,-2.19,5.23,1.458,0.7837656736373901,0.0,0.03130168095231056,1.0,1.0,7.6,0.47300000000000003,True,True,False
15.838555335998535,forward_010,5.838555335998535,0.1,0.0,0.0,-0.26398104936414235,-0.14726215563702155,0.29888763440402893,-1.11,1.03,6.98,1.304,0.6843680143356323,0.0,0.06755946576595306,1.0,1.0,7.6,0.47300000000000003,True,True,False
15.858924865722656,forward_010,5.858924865722656,0.1,0.0,0.0,-0.05235987755982989,-0.3981532356112064,0.6686792696703275,0.03,0.05,7.25,1.381,0.8061271905899048,0.0,0.07389100082218647,1.0,1.0,7.6,0.47300000000000003,True,True,False
15.87928295135498,forward_010,5.8792829513549805,0.1,0.0,0.0,0.08617563181722002,-0.15926129424448257,0.8835729338221293,-0.75,0.41000000000000003,8.85,1.841,0.8422489166259766,0.0,0.05471586063504219,1.0,1.0,7.6,0.47300000000000003,True,True,False
15.899658441543579,forward_010,5.899658441543579,0.1,0.0,0.0,0.08072147790473774,-0.02181661564992912,0.8355763793922852,-1.32,0.64,9.58,1.841,0.7700852155685425,0.0,0.07765120267868042,1.0,0.0,7.6,0.47300000000000003,True,True,False
15.920028924942017,forward_010,5.920028924942017,0.1,0.0,0.0,-0.17889624832941878,0.19525871006686563,0.6021385919380436,-1.32,0.64,9.58,1.918,0.829563558101654,0.0,0.10172651894390583,1.0,0.0,7.6,0.47300000000000003,True,True,False
15.940418481826782,forward_010,5.940418481826782,0.1,0.0,0.0,-0.5552328682906961,0.3534291735288517,0.2476185876266955,-0.97,1.9000000000000001,8.27,1.765,0.8599281907081604,0.0,0.03646080126054584,1.0,0.0,7.3,1.8900000000000001,True,True,False
15.961034059524536,forward_010,5.961034059524536,0.1,0.0,0.0,-0.7363107781851078,0.20725784867432664,0.1308996938995747,-0.53,1.4000000000000001,7.21,1.688,0.8934764266014099,0.0,0.02802833542227745,1.0,0.0,7.3,1.8900000000000001,True,True,False
15.981403827667236,forward_010,5.981403827667236,0.1,0.0,0.0,-1.0101093045917182,-0.001090830782496456,0.10035643198967395,-0.53,1.4000000000000001,7.21,1.765,0.7933343052864075,0.0,0.037170302122831345,1.0,1.0,7.3,1.8900000000000001,True,True,False
16.00177788734436,forward_010,6.00177788734436,0.1,0.0,0.0,-1.014472627721704,0.37742745074377376,0.31852258848896514,-0.53,1.4000000000000001,7.21,1.304,0.758232831954956,0.0,0.022188851609826088,1.0,1.0,7.3,1.8900000000000001,True,True,False
16.022139310836792,forward_010,6.022139310836792,0.1,0.0,0.0,-0.8824821030396329,0.1734420944169365,0.23125612588924865,-0.53,1.4000000000000001,7.21,1.765,0.7145587801933289,0.0,0.033673033118247986,0.0,1.0,7.3,1.8900000000000001,True,True,False
16.04252052307129,forward_010,6.042520523071289,0.1,0.0,0.0,-0.36979163526629855,0.13526301702956053,-0.47778388273344774,-0.53,1.4000000000000001,7.21,1.381,0.7379170060157776,0.0,0.038659670390188694,0.0,1.0,7.3,1.8900000000000001,True,True,False
16.062891006469727,forward_010,6.062891006469727,0.1,0.0,0.0,-0.0916297857297023,0.4505131131710363,-0.33597588100890846,-2.25,-2.63,1.99,0.9210000000000002,0.6928094029426575,0.0,0.04138143011368811,0.0,1.0,7.3,1.8900000000000001,True,True,False
16.083279609680176,forward_010,6.083279609680176,0.1,0.0,0.0,-0.011999138607461015,0.13308135546456762,-0.15707963267948966,-1.52,-2.0,4.74,0.6899999999999998,0.494560182094574,0.0,0.14241120591759682,0.0,1.0,7.3,1.8900000000000001,True,True,False
16.103643655776978,forward_010,6.1036436557769775,0.1,0.0,0.0,0.18871372537188688,0.07963064712224129,-0.7821256710499589,-0.98,-3.86,7.41,0.767,0.8882730007171631,0.0,0.14515941962599754,0.0,1.0,7.3,1.8900000000000001,True,True,False
16.124012231826782,forward_010,6.124012231826782,0.1,0.0,0.0,0.11017390903214205,0.07635815477475191,-0.830122225479803,-0.98,-3.86,7.41,0.844,0.7456583380699158,0.0,0.044491805136203766,0.0,1.0,7.3,1.8900000000000001,True,True,False
16.144392490386963,forward_010,6.144392490386963,0.1,0.0,0.0,0.41560652813114973,0.07744898555724837,0.28688849579656794,-1.8800000000000001,-3.79,9.07,1.304,0.7998795509338379,0.0,0.14909280836582184,0.0,1.0,7.6,0.605,True,True,False
16.164759159088135,forward_010,6.164759159088135,0.1,0.0,0.0,0.33052172709642613,-0.019634954084936207,0.3294308963139297,-2.33,-3.38,8.32,1.995,0.902849018573761,0.0,0.04511290788650513,0.0,1.0,7.6,0.605,True,True,False
16.185121297836304,forward_010,6.185121297836304,0.1,0.0,0.0,0.5050546522958591,-0.14835298641951802,0.49414634447089456,-2.41,-3.02,6.74,2.225,0.8404632806777954,0.0,0.10140372812747955,0.0,1.0,7.6,0.605,True,True,False
16.205660581588745,forward_010,6.205660581588745,0.1,0.0,0.0,0.6272276999354622,-0.136353847812057,0.6141377305455047,0.22,0.42,8.21,1.6110000000000002,0.7893280982971191,0.0,0.07668115571141243,1.0,1.0,7.6,0.605,True,True,False
16.226039171218872,forward_010,6.226039171218872,0.1,0.0,0.0,0.7810348402674625,-0.3392483733563978,0.16907877128695067,0.74,-0.89,8.17,1.458,0.8683543801307678,0.0,0.032065682113170624,1.0,1.0,7.6,0.605,True,True,False
16.246413946151733,forward_010,6.246413946151733,0.1,0.0,0.0,0.830122225479803,-0.5792311455056182,-0.3916082509162277,0.79,1.9100000000000001,8.51,0.9970000000000001,0.9275717735290527,0.0,0.055811673402786255,1.0,1.0,7.6,0.605,True,True,False
16.26689863204956,forward_010,6.2668986320495605,0.1,0.0,0.0,0.8944812416470939,-0.3174317577064687,-0.8835729338221293,0.79,1.9100000000000001,8.51,1.304,0.9260886907577515,0.0,0.032540883868932724,1.0,0.0,7.6,0.605,True,True,False
16.28726887702942,forward_010,6.287268877029419,0.1,0.0,0.0,0.779944009484966,0.1636246173744684,-1.4508049407202865,0.79,1.9100000000000001,8.51,1.688,0.8710058331489563,0.0,0.031339384615421295,1.0,0.0,7.6,0.605,True,True,False
16.307640552520752,forward_010,6.307640552520752,0.1,0.0,0.0,0.41015237421866746,-0.14835298641951802,-2.081305133003238,0.79,1.9100000000000001,8.51,1.765,0.7914355993270874,0.0,0.07146643847227097,1.0,1.0,7.6,0.605,True,True,False
16.32801842689514,forward_010,6.328018426895142,0.1,0.0,0.0,0.05345070834232634,-0.17453292519943295,-2.0245819323134224,2.19,1.6600000000000001,8.41,1.688,0.7264343500137329,0.0,0.041183579713106155,1.0,1.0,7.6,0.605,True,True,False
16.34846043586731,forward_010,6.34846043586731,0.1,0.0,0.0,-0.1189005552921137,0.2999784651865254,-1.3864459245529954,-0.07,-1.98,5.28,0.9210000000000002,0.7728034257888794,0.0,0.10081478953361511,1.0,1.0,7.6,0.279,True,True,False
16.36951756477356,forward_010,6.36951756477356,0.1,0.0,0.0,-0.1930770485018727,-0.16144295580947549,-0.3981532356112064,0.81,-0.75,9.33,0.614,0.7784658074378967,0.0,0.08315075002610683,1.0,1.0,7.6,0.279,True,True,False
16.38988423347473,forward_010,6.3898842334747314,0.1,0.0,0.0,-0.1832595714594046,-0.17671458676442586,0.20725784867432664,-0.6900000000000001,-1.43,5.63,1.227,0.8224354982376099,0.0,0.10805388446897268,1.0,1.0,7.6,0.279,True,True,False
16.410251140594482,forward_010,6.410251140594482,0.1,0.0,0.0,-0.12326387842209953,-0.4265148359561143,0.6534076387153771,-0.58,-0.93,7.9,1.534,0.8226037621498108,0.0,0.0652456833049655,1.0,1.0,7.6,0.279,True,True,False
16.430638790130615,forward_010,6.430638790130615,0.1,0.0,0.0,-0.04908738521234052,-0.13526301702956053,1.0068368122442288,-0.77,-0.9,8.63,1.688,0.855305552482605,0.0,0.03227835986763239,1.0,1.0,7.6,0.279,True,True,False
16.451311349868774,forward_010,6.451311349868774,0.1,0.0,0.0,-0.04908738521234052,-0.05781403147231216,1.1922780452686264,-0.77,-0.9,8.63,2.302,0.7623996734619141,0.0,0.07151813060045242,1.0,0.0,7.6,0.279,True,True,False
16.471697092056274,forward_010,6.471697092056274,0.1,0.0,0.0,-0.21489366415180183,0.07526732399225546,0.9653852425093635,-0.99,0.48,8.24,2.455,0.8293797373771667,0.0,0.06970115564763546,1.0,0.0,7.6,0.279,True,True,False
16.492069721221924,forward_010,6.492069721221924,0.1,0.0,0.0,-0.5061454830783556,0.0916297857297023,0.6948592084502424,-1.01,1.27,9.08,1.688,0.9055017232894897,0.0,0.05152257345616817,1.0,0.0,7.6,0.279,True,True,False
16.512442111968994,forward_010,6.512442111968994,0.1,0.0,0.0,-0.9021170571245691,0.07635815477475191,0.48323803664593,-1.01,1.27,9.08,0.9970000000000001,0.8945791125297546,0.0,0.02611740306019783,1.0,1.0,7.6,0.279,True,True,False
16.532820224761963,forward_010,6.532820224761963,0.1,0.0,0.0,-1.2533645690884279,0.3752457891787809,0.26616271092913524,-1.01,1.27,9.08,1.6110000000000002,0.7745845317840576,0.0,0.0263654924929142,1.0,1.0,7.6,0.279,True,True,False
16.553182363510132,forward_010,6.553182363510132,0.1,0.0,0.0,-0.8879362569521152,0.2792526803190927,0.459239759431008,-1.1400000000000001,2.46,9.38,1.688,0.775865375995636,0.0,0.03600373724475503,1.0,1.0,7.6,0.56,True,True,False
16.57361149787903,forward_010,6.573611497879028,0.1,0.0,0.0,-0.8453938564347534,0.3436116964863836,0.3763366199612773,-1.1400000000000001,2.46,9.38,1.995,0.7127476334571838,0.0,0.04190227622166276,0.0,1.0,7.6,0.56,True,True,False
16.59398579597473,forward_010,6.5939857959747314,0.1,0.0,0.0,-0.6435901616729091,0.4908738521234052,0.17453292519943295,-1.1400000000000001,2.46,9.38,1.534,0.6011348962783813,0.0,0.04005395993590355,0.0,1.0,7.6,0.56,True,True,False
16.61437487602234,forward_010,6.614374876022339,0.1,0.0,0.0,-0.18216874067690814,0.2781618495365963,0.011999138607461015,2.52,-2.16,6.38,0.9210000000000002,0.7736966609954834,0.0,0.08065569400787354,0.0,1.0,7.6,0.56,True,True,False
16.63474750518799,forward_010,6.634747505187988,0.1,0.0,0.0,-0.02181661564992912,0.27379852640661045,-0.2585268954516601,0.67,-4.23,4.38,0.767,0.6886951923370361,0.0,0.061886838637292385,0.0,1.0,7.6,0.56,True,True,False
16.655109643936157,forward_010,6.655109643936157,0.1,0.0,0.0,0.04581489286485115,0.05126904677733343,-0.46687557490848314,0.67,-4.23,4.38,0.767,0.8037856221199036,0.0,0.1265621781349182,0.0,1.0,7.6,0.56,True,True,False
16.675477981567383,forward_010,6.675477981567383,0.1,0.0,0.0,0.18762289458939044,-0.25743606466916363,-0.28688849579656794,0.67,-4.23,4.38,1.227,0.8759677410125732,0.0,0.14407992735505104,0.0,1.0,7.6,0.56,True,True,False
16.695844888687134,forward_010,6.695844888687134,0.1,0.0,0.0,0.3643374813538163,-0.14180800172453928,0.12871803233458182,-1.62,-3.67,7.98,1.841,0.7613824009895325,0.0,0.06295330077409744,0.0,1.0,7.6,0.56,True,True,False
16.716285228729248,forward_010,6.716285228729248,0.1,0.0,0.0,0.5039638215133626,-0.09272061651219876,0.1559888018969932,-1.02,-3.65,6.87,2.378,0.8245794177055359,0.0,0.0814768597483635,0.0,1.0,7.6,0.56,True,True,False
16.736657857894897,forward_010,6.7366578578948975,0.1,0.0,0.0,0.5115996369908379,-0.2683443724941282,0.29561514205653955,-2.08,-3.15,9.76,2.225,0.8090883493423462,0.0,0.0682209525257349,0.0,1.0,7.6,0.56,True,True,False
16.7570219039917,forward_010,6.757021903991699,0.1,0.0,0.0,0.6457718232379019,-0.36760997370130566,0.3937899124812206,-1.9100000000000001,-2.91,7.38,1.688,0.8749344348907471,0.0,0.06888686958700418,1.0,1.0,7.4,1.1500000000000001,True,True,False
16.777397632598877,forward_010,6.777397632598877,0.1,0.0,0.0,0.8617563181722002,-0.22143864884678055,0.6457718232379019,1.41,-0.59,7.58,1.151,0.8081733584403992,0.0,0.04082126542925835,1.0,1.0,7.4,1.1500000000000001,True,True,False
16.797763109207153,forward_010,6.797763109207153,0.1,0.0,0.0,1.1519173063162575,-0.5290529295107811,0.09272061651219876,1.41,-0.59,7.58,1.534,0.8891032934188843,0.0,0.02782192826271057,1.0,0.0,7.4,1.1500000000000001,True,True,False
16.818140268325806,forward_010,6.818140268325806,0.1,0.0,0.0,0.9948376736367679,-0.05999569303730508,-0.11235557059713497,1.41,-0.59,7.58,1.534,0.9034874439239502,0.0,0.025860778987407684,1.0,0.0,7.4,1.1500000000000001,True,True,False
16.838508367538452,forward_010,6.838508367538452,0.1,0.0,0.0,0.5312345910757741,0.3948807432637171,-1.002473489114243,1.41,-0.59,7.58,1.841,0.8154274225234985,0.0,0.04043358378112316,1.0,0.0,7.4,1.1500000000000001,True,True,False
16.858884811401367,forward_010,6.858884811401367,0.1,0.0,0.0,0.17889624832941878,0.4079707126536745,-1.4769848795002014,-1.08,2.34,9.450000000000001,1.688,0.6872774958610535,0.0,0.07338051125407219,1.0,1.0,7.4,1.1500000000000001,True,True,False
16.879258155822754,forward_010,6.879258155822754,0.1,0.0,0.0,-0.17016960206944712,0.30870511144649704,-1.3722651243805417,0.29,-1.0,6.07,1.688,0.7144900560379028,0.0,0.05619022250175476,1.0,1.0,7.4,1.1500000000000001,True,True,False
16.89962124824524,forward_010,6.899621248245239,0.1,0.0,0.0,-0.3785182815262702,0.11344640137963143,-0.5901394533305827,0.75,-1.17,6.69,1.227,0.6450440883636475,0.0,0.038990871980786324,1.0,1.0,7.4,1.1500000000000001,True,True,False
16.919989109039307,forward_010,6.919989109039307,0.1,0.0,0.0,-0.34470252726888007,-0.4243331743911214,0.35015668118136234,0.96,-0.8,8.68,1.151,0.781430721282959,0.0,0.0895178597420454,1.0,1.0,7.4,1.1500000000000001,True,True,False
16.940449714660645,forward_010,6.9404497146606445,0.1,0.0,0.0,-0.28579766501407144,-0.631591023065448,0.8377580409572782,-0.17,0.0,7.8,1.304,0.8968425989151001,0.0,0.12997776921838522,1.0,1.0,7.4,1.1500000000000001,True,True,False
16.960838317871094,forward_010,6.960838317871094,0.1,0.0,0.0,-0.014180800172453928,-0.6359543461954338,1.0613783513690516,-0.87,-0.4,6.7700000000000005,1.227,0.8638961315155029,0.0,0.03218974173069,1.0,1.0,7.5,0.8180000000000001,True,True,False
16.981210470199585,forward_010,6.981210470199585,0.1,0.0,0.0,0.10362892433716332,-0.5290529295107811,1.0122909661567112,-0.87,-0.4,6.7700000000000005,1.6110000000000002,0.7513872981071472,0.0,0.043647076934576035,1.0,0.0,7.5,0.8180000000000001,True,True,False
17.00177812576294,forward_010,7.0017781257629395,0.1,0.0,0.0,-0.07308566242726255,-0.21925698728178766,0.9162978572970231,-0.37,-0.1,8.84,2.302,0.7288074493408203,0.0,0.05103627126663923,1.0,0.0,7.5,0.8180000000000001,True,True,False
17.02215337753296,forward_010,7.022153377532959,0.1,0.0,0.0,-0.31634092692397225,-0.009817477042468103,0.8792096106921435,-0.17,1.22,4.53,1.765,0.8462793231010437,0.0,0.062255775555968285,1.0,0.0,7.5,0.8180000000000001,True,True,False
17.042526960372925,forward_010,7.042526960372925,0.1,0.0,0.0,-0.6185010536754906,-0.10253809355466686,0.7526732399225546,0.4,0.77,8.03,1.151,0.9247782826423645,0.0,0.046528302133083344,1.0,0.0,7.5,0.8180000000000001,True,True,False
17.062905311584473,forward_010,7.062905311584473,0.1,0.0,0.0,-1.0962849364089382,0.0545415391248228,0.6992225315802283,0.4,0.77,8.03,0.9970000000000001,0.8682382702827454,0.0,0.028210371732711792,1.0,1.0,7.5,0.8180000000000001,True,True,False
17.083277702331543,forward_010,7.083277702331543,0.1,0.0,0.0,-1.2980886311707827,0.24216443371421323,0.6141377305455047,0.4,0.77,8.03,1.458,0.7980517745018005,0.0,0.020460549741983414,1.0,1.0,7.5,0.8180000000000001,True,True,False
17.103656768798828,forward_010,7.103656768798828,0.1,0.0,0.0,-0.9610219193793778,0.11017390903214205,0.6065019150680295,-1.49,3.15,9.540000000000001,2.071,0.7887308597564697,0.0,0.02992166206240654,1.0,1.0,7.5,0.8180000000000001,True,True,False
17.124037265777588,forward_010,7.124037265777588,0.1,0.0,0.0,-0.8344855486097889,0.25743606466916363,0.35779249665883756,-1.49,3.15,9.540000000000001,2.225,0.7566595673561096,0.0,0.040813127532601357,0.0,1.0,7.5,0.8180000000000001,True,True,False
17.14441704750061,forward_010,7.14441704750061,0.1,0.0,0.0,-0.47123889803846897,0.1538071403320003,0.2617993877991494,-1.49,3.15,9.540000000000001,1.304,0.6669149994850159,0.0,0.03279186971485615,0.0,1.0,7.5,0.8180000000000001,True,True,False
17.164798498153687,forward_010,7.1647984981536865,0.1,0.0,0.0,-0.2378011105842274,-0.08072147790473774,0.006544984694978736,2.89,-3.97,5.05,0.767,0.8093379139900208,0.0,0.06061300076544285,0.0,1.0,7.7,0.4720000000000001,True,True,False
17.185163497924805,forward_010,7.185163497924805,0.1,0.0,0.0,-0.25743606466916363,0.06981317007977318,-0.1538071403320003,0.54,-4.26,6.25,0.767,0.7221686244010925,0.0,0.0683397427201271,0.0,1.0,7.7,0.4720000000000001,True,True,False
17.2056782245636,forward_010,7.205678224563599,0.1,0.0,0.0,-0.007635815477475192,0.1930770485018727,-0.08617563181722002,-1.6500000000000001,-5.13,9.08,0.9970000000000001,0.7693101167678833,0.0,0.1889515072107315,0.0,1.0,7.7,0.4720000000000001,True,True,False
17.22605562210083,forward_010,7.22605562210083,0.1,0.0,0.0,0.2650718801466388,0.11017390903214205,0.08617563181722002,-1.1500000000000001,-5.24,9.03,1.534,0.7861186861991882,0.0,0.21504615247249603,0.0,1.0,7.7,0.4720000000000001,True,True,False
17.24643325805664,forward_010,7.246433258056641,0.1,0.0,0.0,0.65558930028037,0.1810779098944117,0.5126904677733343,-0.28,-3.41,8.57,1.6110000000000002,0.7854514122009277,0.0,0.0593508705496788,0.0,1.0,7.7,0.4720000000000001,True,True,False
17.266799211502075,forward_010,7.266799211502075,0.1,0.0,0.0,0.7472190860100724,0.1189005552921137,0.47123889803846897,0.46,-1.9000000000000001,7.78,1.841,0.8790135979652405,0.0,0.08457521349191666,0.0,1.0,7.7,0.4720000000000001,True,True,False
17.287187576293945,forward_010,7.287187576293945,0.1,0.0,0.0,0.7526732399225546,-0.032724923474893676,0.5006913291658733,-2.62,-3.64,8.370000000000001,1.765,0.8058468103408813,0.0,0.07953973114490509,0.0,1.0,7.7,0.4720000000000001,True,True,False
17.307568550109863,forward_010,7.307568550109863,0.1,0.0,0.0,0.7668540400950086,-0.06435901616729091,0.5214171140333059,-2.3000000000000003,-0.12,7.96,1.381,0.8237683176994324,0.0,0.03637666720896959,1.0,1.0,7.7,0.4720000000000001,True,True,False
17.328078031539917,forward_010,7.328078031539917,0.1,0.0,0.0,0.7526732399225546,-0.2083486794568231,0.06435901616729091,0.78,-0.89,7.55,1.227,0.8840999007225037,0.0,0.05075043439865112,1.0,1.0,7.7,0.4720000000000001,True,True,False
17.348450899124146,forward_010,7.3484508991241455,0.1,0.0,0.0,0.9468411192069238,-0.17780541754692233,-0.016362461737446838,0.78,-0.89,7.55,1.381,0.8921521306037903,0.0,0.02337181195616722,1.0,1.0,7.7,0.4720000000000001,True,True,False
17.36882758140564,forward_010,7.36882758140564,0.1,0.0,0.0,0.8672104720846825,0.06326818538479445,-0.17016960206944712,0.78,-0.89,7.55,1.381,0.8959534764289856,0.0,0.03554082661867142,1.0,0.0,7.6,0.428,True,True,False
17.389835119247437,forward_010,7.3898351192474365,0.1,0.0,0.0,0.4701480672559725,0.5366887449882564,-0.9195703496445123,0.78,-0.89,7.55,1.6110000000000002,0.7952661514282227,0.0,0.03438660129904747,1.0,1.0,7.6,0.428,True,True,False
17.41022777557373,forward_010,7.4102277755737305,0.1,0.0,0.0,0.14726215563702155,0.4134248665661568,-1.2086405070060733,-0.91,0.8,7.84,1.534,0.6474289894104004,0.0,0.04704412817955017,1.0,1.0,7.6,0.428,True,True,False
17.43059992790222,forward_010,7.430599927902222,0.1,0.0,0.0,-0.18871372537188688,0.3010692959690218,-0.9599310885968813,-1.44,-0.5,5.67,1.304,0.6805938482284546,0.0,0.06351542100310326,1.0,1.0,7.6,0.428,True,True,False
17.451075553894043,forward_010,7.451075553894043,0.1,0.0,0.0,-0.4036073895236887,-0.001090830782496456,-0.34579335805137656,1.23,0.53,8.91,0.767,0.678936243057251,0.0,0.06741384416818619,1.0,1.0,7.6,0.428,True,True,False
17.471447467803955,forward_010,7.471447467803955,0.1,0.0,0.0,-0.2879793265790644,-0.13853550937704992,0.19853120241435498,1.09,-1.34,9.49,0.9210000000000002,0.7141790390014648,0.0,0.13562672957777977,1.0,1.0,7.6,0.428,True,True,False
17.4918270111084,forward_010,7.491827011108398,0.1,0.0,0.0,-0.17780541754692233,-0.3392483733563978,0.7232208087951503,-0.17,-0.36,6.5200000000000005,1.381,0.8329402804374695,0.0,0.1374243125319481,1.0,1.0,7.6,0.428,True,True,False
17.512211322784424,forward_010,7.512211322784424,0.1,0.0,0.0,0.01090830782496456,-0.32179508083645453,0.7995789635699022,-1.34,-1.1500000000000001,7.46,1.151,0.8733519315719604,0.0,0.10762663377681747,1.0,1.0,7.6,0.428,True,True,False
17.53259301185608,forward_010,7.532593011856079,0.1,0.0,0.0,0.018544123302439753,-0.23889194136672387,0.8093964406123704,-1.34,-1.1500000000000001,7.46,1.381,0.8000261783599854,0.0,0.03529691696166992,1.0,0.0,7.6,0.428,True,True,False
17.552958965301514,forward_010,7.552958965301514,0.1,0.0,0.0,-0.1461713248545251,0.05890486225480862,0.8333947178272924,-0.8200000000000001,0.08,4.79,1.458,0.7565202116966248,0.0,0.06382275460055098,1.0,0.0,7.6,0.428,True,True,False
17.57332706451416,forward_010,7.57332706451416,0.1,0.0,0.0,-0.34579335805137656,0.04036073895236887,0.8126689329598596,-0.86,1.04,5.47,2.302,0.7517563700675964,0.0,0.06288235634565353,1.0,0.0,7.6,0.494,True,True,False
17.59383511543274,forward_010,7.593835115432739,0.1,0.0,0.0,-0.4690572364734761,0.11999138607461016,0.6654067773228381,-0.86,1.04,5.47,2.148,0.8919453024864197,0.0,0.045541228260844946,1.0,0.0,7.6,0.494,True,True,False
17.614195346832275,forward_010,7.614195346832275,0.1,0.0,0.0,-1.2839078309983287,-0.15271630954950383,0.6381360077604268,-0.86,1.04,5.47,1.227,0.8527476191520691,0.0,0.053526654839515686,1.0,1.0,7.6,0.494,True,True,False
17.634666681289673,forward_010,7.634666681289673,0.1,0.0,0.0,-1.5926129424448257,-0.14289883250703572,0.6043202535030366,-0.86,1.04,5.47,0.9970000000000001,0.8079249262809753,0.0,0.025629481300711632,1.0,1.0,7.6,0.494,True,True,False
17.655023097991943,forward_010,7.655023097991943,0.1,0.0,0.0,-1.0951941056264418,0.055632369907319255,0.3272492347489368,-2.73,-1.85,7.48,1.458,0.7842590808868408,0.0,0.03508286830037832,0.0,1.0,7.6,0.494,True,True,False
17.675395965576172,forward_010,7.675395965576172,0.1,0.0,0.0,-0.8715737952146683,0.08399397025222712,0.02945243112740431,-2.73,-1.85,7.48,1.995,0.7739585041999817,0.0,0.01733371615409851,0.0,1.0,7.6,0.494,True,True,False
17.695770978927612,forward_010,7.695770978927612,0.1,0.0,0.0,-0.17780541754692233,0.27598018797160334,0.06763150851478027,2.58,-2.04,8.19,1.151,0.7595837116241455,0.0,0.05658382922410965,0.0,1.0,7.6,0.494,True,True,False
17.7162446975708,forward_010,7.716244697570801,0.1,0.0,0.0,-0.07308566242726255,0.044724062082354694,-0.35124751196385884,-0.19,-3.48,3.87,0.9970000000000001,0.7559247016906738,0.0,0.053209766279906034,0.0,1.0,7.6,0.494,True,True,False
17.736626148223877,forward_010,7.736626148223877,0.1,0.0,0.0,0.20725784867432664,0.06544984694978735,-0.2923426497090502,0.99,-2.62,7.0200000000000005,0.6899999999999998,0.6487034559249878,0.0,0.10679890308529139,0.0,1.0,7.6,0.494,True,True,False
17.756999969482422,forward_010,7.756999969482422,0.1,0.0,0.0,0.17235126363444003,0.19744037163185854,-0.5355979142057599,0.99,-2.62,7.0200000000000005,1.074,0.8237326741218567,0.0,0.07485147938132286,0.0,1.0,7.6,0.494,True,True,False
17.777390956878662,forward_010,7.777390956878662,0.1,0.0,0.0,0.519235452468313,0.4286964975211072,-0.4406956361285682,-2.48,-5.78,7.97,1.6110000000000002,0.6139931678771973,0.0,0.10439788270741701,0.0,1.0,7.5,0.992,True,True,False
17.797749519348145,forward_010,7.7977495193481445,0.1,0.0,0.0,0.5726861608106394,0.25634523388666713,-0.1559888018969932,-0.78,-3.92,8.02,2.071,0.7551658749580383,0.0,0.13771020248532295,0.0,1.0,7.5,0.992,True,True,False
17.818121671676636,forward_010,7.818121671676636,0.1,0.0,0.0,0.6381360077604268,0.2781618495365963,0.20943951023931956,-0.79,-3.3000000000000003,9.16,2.225,0.8372055888175964,0.0,0.17923329770565033,0.0,1.0,7.5,0.992,True,True,False
17.838581085205078,forward_010,7.838581085205078,0.1,0.0,0.0,0.6294093615004551,0.12980886311707826,0.4232423436086249,-0.79,-3.3000000000000003,9.16,2.071,0.8264440298080444,0.0,0.0686383992433548,0.0,1.0,7.5,0.992,True,True,False
17.858943462371826,forward_010,7.858943462371826,0.1,0.0,0.0,0.6883142237552637,0.23343778745424157,0.7352199474026113,-2.32,-2.23,6.72,1.6110000000000002,0.8665732741355896,0.0,0.09930289536714554,1.0,1.0,7.5,0.992,True,True,False
17.87933588027954,forward_010,7.879335880279541,0.1,0.0,0.0,0.7646723785300157,-0.04908738521234052,0.4265148359561143,-1.93,0.34,6.8,0.844,0.8163205981254578,0.0,0.08677158504724503,1.0,1.0,7.5,0.992,True,True,False
17.899712800979614,forward_010,7.899712800979614,0.1,0.0,0.0,0.8726646259971648,-0.4363323129985824,-0.210530341021816,-1.93,0.34,6.8,1.227,0.9052102565765381,0.0,0.052774976938962936,1.0,1.0,7.5,0.992,True,True,False
17.920089721679688,forward_010,7.9200897216796875,0.1,0.0,0.0,0.7712173632249943,-0.12762720155208535,-0.45814892864851153,-1.93,0.34,6.8,1.534,0.8881723284721375,0.0,0.014467815868556498,1.0,1.0,7.5,0.992,True,True,False
17.940455198287964,forward_010,7.940455198287964,0.1,0.0,0.0,0.7930339788749234,-0.11780972450961724,-0.990474350506782,-1.93,0.34,6.8,1.765,0.8423603773117065,0.0,0.029541032388806343,1.0,1.0,7.5,0.992,True,True,False
17.960820198059082,forward_010,7.960820198059082,0.1,0.0,0.0,0.6904958853202566,0.2378011105842274,-2.0180369476184437,-0.99,3.8200000000000003,7.25,1.688,0.6179403066635132,0.0,0.04938768595457077,1.0,1.0,7.5,0.992,True,True,False
17.981244564056396,forward_010,7.9812445640563965,0.1,0.0,0.0,0.5410520681182421,0.044724062082354694,-2.301652951067522,-0.65,0.54,8.77,1.304,0.727799654006958,0.0,0.04656725004315376,1.0,1.0,7.7,0.429,True,True,False
18.001606225967407,stop_after_010,0.0016062259674072266,0.0,0.0,0.0,0.10035643198967395,0.07526732399225546,-1.8664114688514362,1.33,0.09,7.5200000000000005,0.9210000000000002,0.7522659301757812,0.0,0.10592645592987537,1.0,1.0,7.7,0.429,True,True,False
18.021968841552734,stop_after_010,0.021968841552734375,0.0,0.0,0.0,-0.009817477042468103,-0.19634954084936207,-1.10501158266891,1.75,0.17,6.34,1.227,0.8353685140609741,0.0,0.06477208435535431,1.0,1.0,7.7,0.429,True,True,False
18.04234027862549,stop_after_010,0.04234027862548828,0.0,0.0,0.0,-0.01090830782496456,-0.41233403578366035,-0.385063266221249,-0.33,-2.05,6.34,1.765,0.8300084471702576,0.0,0.06603755056858063,1.0,1.0,7.7,0.429,True,True,False
18.062707901000977,stop_after_010,0.06270790100097656,0.0,0.0,0.0,0.09053895494720585,-0.4145156973486533,0.4232423436086249,-0.33,-2.05,6.34,1.918,0.9212082028388977,0.0,0.06311901193112135,1.0,1.0,7.7,0.429,True,True,False
18.08308982849121,stop_after_010,0.08308982849121094,0.0,0.0,0.0,0.1308996938995747,0.1930770485018727,0.767944870877505,-2.18,-0.18,8.8,2.148,0.8956809043884277,0.0,0.05969197861850262,1.0,0.0,7.7,0.429,True,True,False
18.103456735610962,stop_after_010,0.10345673561096191,0.0,0.0,0.0,0.05890486225480862,0.3959715740462135,0.856302164259718,-3.61,1.8,7.7,2.532,0.8727846145629883,0.0,0.04018206149339676,1.0,0.0,7.7,0.429,True,True,False
18.123897075653076,stop_after_010,0.12389707565307617,0.0,0.0,0.0,-0.15926129424448257,0.6337726846304409,0.5377795757707527,-2.22,0.98,5.33,2.378,0.8436021208763123,0.0,0.04333564266562462,1.0,1.0,7.7,0.429,True,True,False
18.144269466400146,stop_after_010,0.14426946640014648,0.0,0.0,0.0,-0.5748678223756323,0.5486878835957173,0.25634523388666713,0.1,2.41,8.3,1.151,0.8290255069732666,0.0,0.030903710052371025,1.0,1.0,7.7,0.429,True,True,False
18.164631843566895,stop_after_010,0.16463184356689453,0.0,0.0,0.0,-1.1693705988362009,0.6839509006252779,-0.12217304763960307,0.1,2.41,8.3,0.9210000000000002,0.843352198600769,0.0,0.019942622631788254,1.0,1.0,7.7,0.429,True,True,False
18.185006380081177,stop_after_010,0.18500638008117676,0.0,0.0,0.0,-1.5882496193148399,0.4286964975211072,-0.5083271446433485,0.1,2.41,8.3,0.6899999999999998,0.8804740905761719,0.0,0.02113668294623494,1.0,1.0,7.5,0.774,True,True,False
18.20537495613098,stop_after_010,0.20537495613098145,0.0,0.0,0.0,-0.9064803802545549,0.4734205596034619,-0.04690572364734761,0.1,2.41,8.3,1.074,0.8704563975334167,0.0,0.01939629763364792,1.0,1.0,7.5,0.774,True,True,False
18.225741386413574,stop_after_010,0.22574138641357422,0.0,0.0,0.0,-0.26398104936414235,0.5290529295107811,0.17780541754692233,-1.58,-0.52,9.21,1.151,0.896403968334198,0.0,0.025637373328208923,1.0,1.0,7.5,0.774,True,True,False
18.246114253997803,stop_after_010,0.24611425399780273,0.0,0.0,0.0,-0.04363323129985824,0.2083486794568231,-0.07744898555724837,-2.0,0.36,9.53,1.227,0.8955163359642029,0.0,0.014197412878274918,1.0,1.0,7.5,0.774,True,True,False
18.266470670700073,stop_after_010,0.26647067070007324,0.0,0.0,0.0,-0.03599741582238305,0.050178215994836975,-0.34470252726888007,-1.45,-0.96,7.6000000000000005,1.151,0.8931195139884949,0.0,0.005793564021587372,1.0,1.0,7.5,0.774,True,True,False
18.286842823028564,stop_after_010,0.28684282302856445,0.0,0.0,0.0,-0.0545415391248228,-0.18216874067690814,-0.4363323129985824,-2.05,-2.46,7.640000000000001,0.767,0.8844155669212341,0.0,0.007460474967956543,1.0,1.0,7.5,0.774,True,True,False
18.307209491729736,stop_after_010,0.30720949172973633,0.0,0.0,0.0,-0.007635815477475192,-0.23234695667174513,-0.42542400517361784,-2.5300000000000002,-1.46,9.17,0.384,0.879624605178833,0.0,0.005410589277744293,1.0,1.0,7.5,0.774,True,True,False
18.327574729919434,stop_after_010,0.3275747299194336,0.0,0.0,0.0,0.016362461737446838,-0.23889194136672387,-0.45487643630102215,-1.96,-2.74,8.39,0.307,0.8806275129318237,0.0,0.004669815301895142,1.0,1.0,7.5,0.774,True,True,False
18.348056316375732,stop_after_010,0.3480563163757324,0.0,0.0,0.0,-0.03381575425739013,-0.22580197197676638,-0.16253378659197193,-0.79,-2.5500000000000003,7.97,0.23,0.895970344543457,0.0,0.009777083992958069,1.0,1.0,7.5,0.774,True,True,False
18.368427991867065,stop_after_010,0.36842799186706543,0.0,0.0,0.0,-0.1265363707695889,-0.31634092692397225,0.11126473981463851,-2.29,-1.6400000000000001,9.13,0.153,0.9043015837669373,0.0,0.02257848158478737,1.0,1.0,7.5,0.774,True,True,False
18.38879680633545,stop_after_010,0.3887968063354492,0.0,0.0,0.0,-0.1439896632895322,-0.3119776037939864,0.4014257279586958,-1.83,-1.17,9.19,0.077,0.9077361226081848,0.0,0.005636461079120636,1.0,1.0,7.7,0.17400000000000002,True,True,False
18.409774780273438,stop_after_010,0.4097747802734375,0.0,0.0,0.0,-0.08072147790473774,-0.3337942194439155,0.3763366199612773,-1.12,-0.93,8.46,0.153,0.9013396501541138,0.0,0.016270607709884644,1.0,1.0,7.7,0.17400000000000002,True,True,False
18.430253982543945,stop_after_010,0.4302539825439453,0.0,0.0,0.0,-0.03599741582238305,-0.47669305195095124,0.3948807432637171,-0.96,-0.32,9.11,0.307,0.8939938545227051,0.0,0.013247642666101456,1.0,1.0,7.7,0.17400000000000002,True,True,False
18.450635194778442,stop_after_010,0.4506351947784424,0.0,0.0,0.0,-0.09053895494720585,-0.46796640569097964,0.2814343418840856,-1.03,0.45,8.74,0.153,0.8867625594139099,0.0,0.009028181433677673,1.0,1.0,7.7,0.17400000000000002,True,True,False
18.47101330757141,stop_after_010,0.47101330757141113,0.0,0.0,0.0,-0.10799224746714914,-0.5061454830783556,0.12435470920459599,-1.37,0.49,8.84,0.153,0.8808368444442749,0.0,0.005436457693576813,1.0,1.0,7.7,0.17400000000000002,True,True,False
18.491377115249634,stop_after_010,0.4913771152496338,0.0,0.0,0.0,-0.07963064712224129,-0.47451139038595835,0.1559888018969932,-1.37,0.49,8.84,0.307,0.8898406624794006,0.0,0.003143899142742157,1.0,1.0,7.7,0.17400000000000002,True,True,False
18.51180124282837,stop_after_010,0.5118012428283691,0.0,0.0,0.0,-0.2007128639793479,-0.3272492347489368,0.14726215563702155,-0.65,0.66,9.08,0.307,0.9036052823066711,0.0,0.004707649350166321,1.0,1.0,7.7,0.17400000000000002,True,True,False
18.532237768173218,stop_after_010,0.5322377681732178,0.0,0.0,0.0,-0.32506757318394386,-0.24107360293171676,0.013089969389957472,-0.55,0.98,9.11,0.384,0.9076429605484009,0.0,0.005475543439388275,1.0,1.0,7.7,0.17400000000000002,True,True,False
18.55260944366455,stop_after_010,0.5526094436645508,0.0,0.0,0.0,-0.3436116964863836,-0.27379852640661045,-0.07417649320975901,-0.34,-0.07,9.34,0.307,0.9125238656997681,0.0,0.0033357813954353333,1.0,1.0,7.7,0.17400000000000002,True,True,False
18.57297444343567,stop_after_010,0.572974443435669,0.0,0.0,0.0,-0.34470252726888007,-0.33597588100890846,-0.06435901616729091,-0.23,-0.55,9.200000000000001,0.307,0.9175087213516235,0.0,0.003462880849838257,1.0,1.0,7.7,0.17400000000000002,True,True,False
18.593355417251587,stop_after_010,0.5933554172515869,0.0,0.0,0.0,-0.2912518189265537,-0.40578905108868163,-0.03599741582238305,-0.61,-1.5,9.36,0.307,0.9201307892799377,0.0,0.004715271294116974,1.0,1.0,7.7,0.10200000000000001,True,True,False
18.613725185394287,stop_after_010,0.6137251853942871,0.0,0.0,0.0,-0.2454369260617026,-0.4166973589136462,0.020725784867432664,-0.66,-1.94,9.23,0.23,0.9230552911758423,0.0,0.003522612154483795,1.0,1.0,7.7,0.10200000000000001,True,True,False
18.634098768234253,stop_after_010,0.6340987682342529,0.0,0.0,0.0,-0.21489366415180183,-0.39269908169872414,0.20398535632683726,-0.38,-2.15,8.69,0.307,0.928268313407898,0.0,0.0032856911420822144,1.0,1.0,7.7,0.10200000000000001,True,True,False
18.654558420181274,stop_after_010,0.6545584201812744,0.0,0.0,0.0,-0.21380283336930536,-0.4068798818711781,0.2650718801466388,0.26,-1.27,9.44,0.307,0.9203627705574036,0.0,0.0035918578505516052,1.0,1.0,7.7,0.10200000000000001,True,True,False
18.675044059753418,stop_after_010,0.675044059753418,0.0,0.0,0.0,-0.19962203319685143,-0.3272492347489368,0.19744037163185854,0.26,-1.27,9.44,0.153,0.9209172129631042,0.0,0.005021665245294571,1.0,1.0,7.7,0.10200000000000001,True,True,False
18.695417642593384,stop_after_010,0.6954176425933838,0.0,0.0,0.0,-0.1189005552921137,-0.2301652951067522,0.050178215994836975,0.8,-1.62,9.46,0.153,0.9164938926696777,0.0,0.007274128496646881,1.0,1.0,7.7,0.10200000000000001,True,True,False
18.715786695480347,stop_after_010,0.7157866954803467,0.0,0.0,0.0,-0.04690572364734761,-0.2694352032766246,-0.10690141668465268,0.46,-2.22,9.48,0.077,0.9226679801940918,0.0,0.005377121269702911,1.0,1.0,7.7,0.10200000000000001,True,True,False
18.736148595809937,stop_after_010,0.7361485958099365,0.0,0.0,0.0,-0.039269908169872414,-0.09272061651219876,-0.14180800172453928,0.58,-2.33,9.49,0.23,0.9296655058860779,0.0,0.006184190511703491,1.0,1.0,7.7,0.10200000000000001,True,True,False
18.756523847579956,stop_after_010,0.756523847579956,0.0,0.0,0.0,0.014180800172453928,0.061086523819801536,-0.18871372537188688,-1.02,-3.37,9.540000000000001,0.23,0.9415531754493713,0.0,0.01834617555141449,1.0,0.0,7.7,0.10200000000000001,True,True,False
18.77700662612915,stop_after_010,0.7770066261291504,0.0,0.0,0.0,0.07635815477475191,0.003272492347489368,0.12217304763960307,-0.9500000000000001,-2.6,8.53,0.23,0.9155585169792175,0.0,0.012480050325393677,1.0,0.0,7.7,0.10200000000000001,True,True,False
18.797377109527588,stop_after_010,0.7973771095275879,0.0,0.0,0.0,0.24434609527920614,-0.08508480103472356,0.41996985126113556,-0.51,-1.1300000000000001,8.66,0.307,0.898482084274292,0.0,0.014112524688243866,1.0,0.0,7.7,0.09600000000000002,True,True,False
18.81775426864624,stop_after_010,0.8177542686462402,0.0,0.0,0.0,0.2650718801466388,0.12980886311707826,0.47778388273344774,-1.0,-1.33,9.65,0.307,0.8964247703552246,0.0,0.026850812137126923,1.0,1.0,7.7,0.09600000000000002,True,True,False
18.838120698928833,stop_after_010,0.838120698928833,0.0,0.0,0.0,0.2083486794568231,0.10471975511965978,0.8813912722571364,-0.97,-1.03,8.790000000000001,0.307,0.8856720328330994,0.0,0.06257079541683197,1.0,1.0,7.7,0.09600000000000002,True,True,False
18.858492612838745,stop_after_010,0.8584926128387451,0.0,0.0,0.0,0.055632369907319255,0.11671889372712078,0.8748462875621577,-0.6,-1.8900000000000001,8.09,0.46,0.8865857124328613,0.0,0.054955944418907166,1.0,1.0,7.7,0.09600000000000002,True,True,False
18.87887167930603,stop_after_010,0.8788716793060303,0.0,0.0,0.0,0.0,0.13962634015954636,0.9130253649495337,-1.08,-2.31,8.23,1.074,0.7395381927490234,0.0,0.08816931210458279,0.0,1.0,7.7,0.09600000000000002,True,True,False
18.899233102798462,stop_after_010,0.8992331027984619,0.0,0.0,0.0,-0.07853981633974483,0.07853981633974483,1.2359112765684845,-0.78,-1.6600000000000001,9.17,1.074,0.8270255327224731,0.0,0.04006294533610344,0.0,1.0,7.7,0.09600000000000002,True,True,False
18.91973876953125,stop_after_010,0.91973876953125,0.0,0.0,0.0,0.06763150851478027,0.06872233929727672,1.4093533709854211,-0.78,-1.42,9.620000000000001,1.765,0.8075469136238098,0.0,0.04086969792842865,0.0,1.0,7.7,0.09600000000000002,True,True,False
18.940109968185425,stop_after_010,0.9401099681854248,0.0,0.0,0.0,0.1712604328519436,-0.004363323129985824,1.4748032179352084,-1.12,-1.55,9.76,2.148,0.7666033506393433,0.0,0.08461638167500496,0.0,1.0,7.7,0.09600000000000002,True,True,False
18.96076226234436,stop_after_010,0.9607622623443604,0.0,0.0,0.0,0.2007128639793479,-0.0272707695624114,1.5249814339300454,-0.53,-1.55,9.51,2.148,0.7558678388595581,0.0,0.06150412559509277,0.0,1.0,7.7,0.09600000000000002,True,True,False
18.981236696243286,stop_after_010,0.9812366962432861,0.0,0.0,0.0,0.3272492347489368,-0.04254240051736178,1.521708941582556,-0.13,-0.46,9.0,1.458,0.7583821415901184,0.0,0.027233652770519257,0.0,1.0,7.7,0.09600000000000002,True,True,False
19.001672983169556,stop_after_010,1.0016729831695557,0.0,0.0,0.0,0.3425208657038872,-0.14508049407202864,1.3548118318605984,-0.2,-1.96,9.55,1.458,0.8000576496124268,0.0,0.019236382097005844,0.0,1.0,7.7,0.22900000000000004,True,True,False
19.022042512893677,stop_after_010,1.0220425128936768,0.0,0.0,0.0,0.21598449493429828,-0.25634523388666713,1.385355093770499,-0.2,-1.96,9.55,1.995,0.8181028962135315,0.0,0.017466310877352953,0.0,1.0,7.7,0.22900000000000004,True,True,False
19.04241108894348,stop_after_010,1.0424110889434814,0.0,0.0,0.0,0.04145156973486533,-0.10035643198967395,1.3308135546456763,-0.44,-0.93,9.53,2.225,0.7732852697372437,0.0,0.008963525295257568,0.0,1.0,7.7,0.22900000000000004,True,True,False
19.0627863407135,stop_after_010,1.062786340713501,0.0,0.0,0.0,-0.026179938779914945,0.004363323129985824,1.4726215563702156,0.05,-1.05,8.22,1.765,0.6905598640441895,0.0,0.01832316815853119,0.0,1.0,7.7,0.22900000000000004,True,True,False
19.083159685134888,stop_after_010,1.0831596851348877,0.0,0.0,0.0,-0.039269908169872414,-0.14180800172453928,1.5827954654023577,0.19,0.1,8.8,1.074,0.7143287062644958,0.0,0.035000283271074295,0.0,1.0,7.7,0.22900000000000004,True,True,False
19.103537797927856,stop_after_010,1.1035377979278564,0.0,0.0,0.0,-0.11999138607461016,-0.1265363707695889,1.6187928812247407,0.16,0.67,8.31,0.614,0.7967798113822937,0.0,0.0464425403624773,0.0,1.0,7.7,0.22900000000000004,True,True,False
19.123905420303345,stop_after_010,1.1239054203033447,0.0,0.0,0.0,-0.20180369476184434,-0.09053895494720585,1.5042556490626129,-0.11,0.87,8.120000000000001,0.614,0.897477924823761,0.0,0.05182010121643543,0.0,1.0,7.7,0.22900000000000004,True,True,False
19.144268035888672,stop_after_010,1.1442680358886719,0.0,0.0,0.0,-0.272707695624114,-0.1908953869368798,1.3308135546456763,0.45,0.76,8.23,0.9970000000000001,0.9356940388679504,0.0,0.058538665995001786,0.0,1.0,7.7,0.22900000000000004,True,True,False
19.16463565826416,stop_after_010,1.1646356582641602,0.0,0.0,0.0,-0.21598449493429828,-0.20725784867432664,1.0613783513690516,0.43,0.55,7.73,1.6110000000000002,0.9411230683326721,0.0,0.03175552049651742,0.0,1.0,7.7,0.22900000000000004,True,True,False
19.18501043319702,stop_after_010,1.1850104331970215,0.0,0.0,0.0,-0.0916297857297023,-0.19853120241435498,0.8497571795647392,0.66,-0.01,7.46,2.071,0.923347532749176,0.0,0.03772413590922952,0.0,1.0,7.7,0.22900000000000004,True,True,False
19.205434560775757,stop_after_010,1.2054345607757568,0.0,0.0,0.0,-0.022907446432425576,-0.38724492778624187,0.7832165018324554,0.51,-0.1,6.8500000000000005,1.995,0.8756402134895325,0.0,0.03614871948957443,0.0,1.0,7.8,0.077,True,True,False
19.225810289382935,stop_after_010,1.2258102893829346,0.0,0.0,0.0,-0.007635815477475192,-0.48105637508093707,0.717766654882668,0.02,0.52,6.93,1.458,0.844403862953186,0.0,0.06092869956046343,1.0,1.0,7.8,0.077,True,True,False
19.246286869049072,stop_after_010,1.2462868690490723,0.0,0.0,0.0,-0.15162547876700738,-0.5257804371632918,0.7472190860100724,0.59,-0.86,8.97,1.074,0.8834361433982849,0.0,0.047880194149911404,1.0,1.0,7.8,0.077,True,True,False
19.266663551330566,stop_after_010,1.2666635513305664,0.0,0.0,0.0,-0.17453292519943295,-0.5159629601208237,1.0090184738092218,0.59,-0.86,8.97,0.6899999999999998,0.8826589584350586,0.0,0.027059249579906464,1.0,1.0,7.8,0.077,True,True,False
19.28702712059021,stop_after_010,1.28702712059021,0.0,0.0,0.0,0.16253378659197193,-0.5105088062083414,0.904298718689562,0.59,-0.86,8.97,1.765,0.8722518682479858,0.0,0.017333917319774628,1.0,1.0,7.8,0.077,True,True,False
19.307405948638916,stop_after_010,1.307405948638916,0.0,0.0,0.0,0.04036073895236887,-0.4788747135159442,0.8126689329598596,-1.05,-1.28,9.73,1.995,0.8670613169670105,0.0,0.021557075902819633,1.0,1.0,7.8,0.077,True,True,False
19.327770709991455,stop_after_010,1.327770709991455,0.0,0.0,0.0,-0.21380283336930536,-0.09708393964218458,0.8148505945248526,-0.67,-0.13,8.09,1.841,0.8332650065422058,0.0,0.039967577904462814,1.0,0.0,7.8,0.077,True,True,False
19.34813094139099,stop_after_010,1.3481309413909912,0.0,0.0,0.0,-0.08726646259971647,-0.02945243112740431,0.6185010536754906,0.16,-1.6400000000000001,9.1,1.304,0.7974595427513123,0.0,0.058268146589398384,1.0,0.0,7.8,0.077,True,True,False
19.368491888046265,stop_after_010,1.3684918880462646,0.0,0.0,0.0,-0.15817046346198613,0.07963064712224129,0.7395832705325971,0.61,-0.44,8.27,0.6899999999999998,0.7941057682037354,0.0,0.06965257506817579,1.0,0.0,7.8,0.077,True,True,False
19.388877391815186,stop_after_010,1.3888773918151855,0.0,0.0,0.0,-0.15271630954950383,0.15271630954950383,1.0919216132789524,0.1,0.23,7.78,0.614,0.8274110555648804,0.0,0.07984462508466095,1.0,1.0,7.8,0.077,True,True,False
19.40925431251526,stop_after_010,1.4092543125152588,0.0,0.0,0.0,0.06435901616729091,0.07963064712224129,1.1486448139687682,0.1,0.23,7.78,1.074,0.8590879440307617,0.0,0.08647824951913208,0.0,1.0,7.6,0.313,True,True,False
19.430304288864136,stop_after_010,1.4303042888641357,0.0,0.0,0.0,0.20943951023931956,-0.07853981633974483,1.1737339219661866,1.67,-0.76,7.66,1.688,0.8799951076507568,0.0,0.1240432821214199,0.0,1.0,7.6,0.313,True,True,False
19.45066213607788,stop_after_010,1.4506621360778809,0.0,0.0,0.0,0.6239552075879728,-0.4701480672559725,0.9588402578143848,2.42,-2.22,9.47,1.918,0.807411253452301,0.0,0.04625679552555084,0.0,1.0,7.6,0.313,True,True,False
19.471221446990967,stop_after_010,1.4712214469909668,0.0,0.0,0.0,0.6381360077604268,-0.5977752688080579,0.753764070705051,1.03,-2.96,8.73,1.841,0.7915618419647217,0.0,0.04581446200609207,0.0,1.0,7.6,0.313,True,True,False
19.49160122871399,stop_after_010,1.4916012287139893,0.0,0.0,0.0,0.7330382858376184,-0.3916082509162277,0.6752242543653062,-0.37,-1.4000000000000001,8.64,1.6110000000000002,0.8374592661857605,0.0,0.09890632296446711,1.0,1.0,7.6,0.313,True,True,False
19.511995315551758,stop_after_010,1.5119953155517578,0.0,0.0,0.0,1.2064588454410803,-0.3719732968312915,0.49741883681838395,1.02,-0.65,7.32,1.458,0.7792233824729919,0.0,0.04849404841661453,1.0,1.0,7.6,0.313,True,True,False
19.532363176345825,stop_after_010,1.5323631763458252,0.0,0.0,0.0,1.4082625402029247,-0.2552544031041707,0.7166758241001716,1.52,-1.84,8.93,0.844,0.8031338453292847,0.0,0.042439162731170654,1.0,0.0,7.6,0.313,True,True,False
19.552746772766113,stop_after_010,1.5527467727661133,0.0,0.0,0.0,1.1115565673638885,0.3141592653589793,0.9577494270318884,1.52,-1.84,8.93,0.9210000000000002,0.776941180229187,0.0,0.03139723837375641,1.0,0.0,7.6,0.313,True,True,False
19.573132038116455,stop_after_010,1.573132038116455,0.0,0.0,0.0,0.459239759431008,0.5835944686356039,0.8388488717397746,1.52,-1.84,8.93,1.765,0.6717771291732788,0.0,0.022298026829957962,1.0,0.0,7.6,0.313,True,True,False
19.593505382537842,stop_after_010,1.5935053825378418,0.0,0.0,0.0,-0.07417649320975901,0.5781403147231217,0.7188574856651645,1.52,-1.84,8.93,2.225,0.7241628766059875,0.0,0.029917258769273758,1.0,1.0,7.6,0.313,True,True,False
19.613929986953735,stop_after_010,1.6139299869537354,0.0,0.0,0.0,-0.6086835766330224,0.6828600698427815,0.6206827152404835,1.57,2.92,7.08,1.688,0.7149800062179565,0.0,0.03671383857727051,1.0,1.0,7.7,0.155,True,True,False
19.634524822235107,stop_after_010,1.6345248222351074,0.0,0.0,0.0,-0.9588402578143848,0.6163193921104976,0.7166758241001716,1.21,1.71,4.78,1.688,0.664878785610199,0.0,0.0315847797319293,1.0,1.0,7.7,0.155,True,True,False
19.654897689819336,stop_after_010,1.654897689819336,0.0,0.0,0.0,-1.141008998491293,0.4930555136883981,0.990474350506782,-0.56,1.34,8.63,0.767,0.6847579479217529,0.0,0.061382269486784935,1.0,1.0,7.7,0.155,True,True,False
19.675281524658203,stop_after_010,1.6752815246582031,0.0,0.0,0.0,-0.9522952731194061,0.30870511144649704,0.9337511498169663,-0.62,0.04,8.98,0.9210000000000002,0.810976505279541,0.0,0.047033182345330715,1.0,1.0,7.7,0.155,True,True,False
19.695653915405273,stop_after_010,1.6956539154052734,0.0,0.0,0.0,-0.5923211148955756,0.15489797111449674,0.519235452468313,0.0,-3.0700000000000003,6.82,1.151,0.9031568765640259,0.0,0.07521332986652851,1.0,1.0,7.7,0.155,True,True,False
19.716037034988403,stop_after_010,1.7160370349884033,0.0,0.0,0.0,-0.4014257279586958,0.18216874067690814,0.49414634447089456,-0.59,-2.1,6.95,1.688,0.8987578749656677,0.0,0.054391857236623764,1.0,1.0,7.7,0.155,True,True,False
19.73639988899231,stop_after_010,1.7363998889923096,0.0,0.0,0.0,-0.2378011105842274,0.06435901616729091,0.33597588100890846,-0.78,-2.05,7.7,1.918,0.8646222352981567,0.0,0.04390104301273823,1.0,1.0,7.7,0.155,True,True,False
19.756765842437744,stop_after_010,1.7567658424377441,0.0,0.0,0.0,-0.014180800172453928,-0.08944812416470939,0.09053895494720585,-0.08,-2.66,8.11,1.688,0.8120196461677551,0.0,0.04394478164613247,1.0,1.0,7.7,0.155,True,True,False
19.77724003791809,stop_after_010,1.7772400379180908,0.0,0.0,0.0,-0.210530341021816,-0.18653206380689397,-0.10471975511965978,0.5,-2.54,7.67,0.844,0.8513263463973999,0.0,0.044629289070144296,1.0,1.0,7.7,0.155,True,True,False
19.797788858413696,stop_after_010,1.7977888584136963,0.0,0.0,0.0,-0.44178646691106466,-0.23452861823673804,-0.07635815477475191,0.5,-2.54,7.67,0.767,0.8739299774169922,0.0,0.025608059018850327,1.0,1.0,7.7,0.155,True,True,False
19.818165063858032,stop_after_010,1.8181650638580322,0.0,0.0,0.0,-0.38724492778624187,-0.2923426497090502,0.14835298641951802,0.5,-2.54,7.67,0.9970000000000001,0.8784611225128174,0.0,0.021603647619485855,1.0,1.0,7.6,0.7090000000000001,True,True,False
19.838534832000732,stop_after_010,1.8385348320007324,0.0,0.0,0.0,0.022907446432425576,-0.3119776037939864,0.433059820651093,0.5,-2.54,7.67,1.381,0.876773476600647,0.0,0.013132303953170776,1.0,1.0,7.6,0.7090000000000001,True,True,False
19.859013319015503,stop_after_010,1.859013319015503,0.0,0.0,0.0,0.2519819107566813,-0.10362892433716332,0.2378011105842274,0.5,-2.54,7.67,1.458,0.8937972784042358,0.0,0.013679713010787964,1.0,1.0,7.6,0.7090000000000001,True,True,False
19.879608154296875,stop_after_010,1.879608154296875,0.0,0.0,0.0,0.08290313946973066,0.04581489286485115,-0.23234695667174513,0.5,-2.54,7.67,1.227,0.9068626165390015,0.0,0.019683942198753357,1.0,1.0,7.6,0.7090000000000001,True,True,False
19.899967908859253,stop_after_010,1.899967908859253,0.0,0.0,0.0,0.025089107997418487,0.14835298641951802,-0.33488505022641196,0.03,1.58,7.0600000000000005,0.767,0.8969847559928894,0.0,0.012553445994853973,1.0,1.0,7.6,0.7090000000000001,True,True,False
19.920342683792114,stop_after_010,1.9203426837921143,0.0,0.0,0.0,0.05126904677733343,0.22362031041177347,-0.35997415822383044,1.54,0.93,7.44,0.537,0.8939663171768188,0.0,0.012202322483062744,1.0,1.0,7.6,0.7090000000000001,True,True,False
19.9407377243042,stop_after_010,1.9407377243041992,0.0,0.0,0.0,-0.02399827721492203,0.2552544031041707,-0.25743606466916363,0.59,-0.08,7.86,0.614,0.890586793422699,0.0,0.014442488551139832,1.0,1.0,7.6,0.7090000000000001,True,True,False
19.961263179779053,stop_after_010,1.9612631797790527,0.0,0.0,0.0,-0.12980886311707826,0.13962634015954636,-0.05345070834232634,0.05,-0.56,8.61,0.46,0.8729861378669739,0.0,0.015287164598703384,1.0,1.0,7.6,0.7090000000000001,True,True,False
19.98181653022766,stop_after_010,1.9818165302276611,0.0,0.0,0.0,-0.3196134192714616,0.12108221685710661,0.20616701789183017,0.0,-2.25,9.24,0.384,0.8938730359077454,0.0,0.03249587118625641,1.0,1.0,7.6,0.7090000000000001,True,True,False
20.002185821533203,forward_015,0.002185821533203125,0.15,0.0,0.0,-0.3108867730114899,0.16035212502697901,0.5410520681182421,-0.24,-2.2800000000000002,9.24,0.384,0.8053710460662842,0.0,0.10731061175465584,1.0,1.0,7.6,0.7090000000000001,True,True,False
20.022559881210327,forward_015,0.02255988121032715,0.15,0.0,0.0,-0.1559888018969932,-0.09381144729469522,0.5966844380255614,-0.24,-2.2800000000000002,9.24,0.307,0.8390358090400696,0.0,0.03354315832257271,1.0,1.0,7.6,0.6730000000000002,True,True,False
20.04292130470276,forward_015,0.04292130470275879,0.15,0.0,0.0,-0.13308135546456762,-0.022907446432425576,0.2901609881440573,-0.24,-2.2800000000000002,9.24,0.767,0.7369596362113953,0.0,0.034831900149583817,1.0,1.0,7.6,0.6730000000000002,True,True,False
20.063304901123047,forward_015,0.06330490112304688,0.15,0.0,0.0,-0.08617563181722002,0.08072147790473774,-0.020725784867432664,-0.14,-1.34,8.01,1.381,0.7876331210136414,0.0,0.045757293701171875,1.0,1.0,7.6,0.6730000000000002,True,True,False
20.083685636520386,forward_015,0.08368563652038574,0.15,0.0,0.0,0.136353847812057,0.03599741582238305,-0.41996985126113556,0.8,-1.57,9.35,1.458,0.8581320643424988,0.0,0.06273770704865456,1.0,1.0,7.6,0.6730000000000002,True,True,False
20.10415530204773,forward_015,0.10415530204772949,0.15,0.0,0.0,0.5355979142057599,0.20507618710933373,-0.6883142237552637,0.13,-2.14,8.57,1.227,0.9168565273284912,0.0,0.03718098625540733,1.0,1.0,7.6,0.6730000000000002,True,True,False
20.124534606933594,forward_015,0.12453460693359375,0.15,0.0,0.0,0.6566801310628665,0.3021601267515183,-0.8955720724295904,0.13,-2.14,8.57,1.304,0.9469302296638489,0.0,0.020272388122975826,1.0,1.0,7.6,0.6730000000000002,True,True,False
20.144906997680664,forward_015,0.14490699768066406,0.15,0.0,0.0,0.7123125009701857,0.4046982203061852,-0.657770961845363,0.13,-2.14,8.57,1.6110000000000002,0.9134068489074707,0.0,0.03448263928294182,1.0,1.0,7.6,0.6730000000000002,True,True,False
20.165349006652832,forward_015,0.16534900665283203,0.15,0.0,0.0,0.7221299780126539,0.7057675162752071,-0.20507618710933373,0.13,-2.14,8.57,1.995,0.7758525609970093,0.0,0.034273430705070496,1.0,1.0,7.6,0.6730000000000002,True,True,False
20.185715913772583,forward_015,0.185715913772583,0.15,0.0,0.0,0.5759586531581288,0.9839293658118032,0.09381144729469522,0.13,-2.14,8.57,1.995,0.720388650894165,0.0,0.03807530552148819,1.0,1.0,7.6,0.6730000000000002,True,True,False
20.206087350845337,forward_015,0.20608735084533691,0.15,0.0,0.0,0.36324665057131983,0.6119560689805118,0.4657847441259867,-0.43,-0.31,6.9,1.381,0.8149092793464661,0.0,0.06348061189055443,1.0,1.0,7.6,0.6730000000000002,True,True,False
20.226459503173828,forward_015,0.22645950317382812,0.15,0.0,0.0,0.3752457891787809,0.284706834231575,0.8672104720846825,0.84,0.8300000000000001,5.83,1.227,0.8640648722648621,0.0,0.06018255650997162,1.0,1.0,7.6,0.506,True,True,False
20.2468204498291,forward_015,0.24682044982910156,0.15,0.0,0.0,0.4886921905584123,0.09599310885968812,1.0722866591940161,1.26,2.36,4.18,1.151,0.824500560760498,0.0,0.06804432719945908,1.0,1.0,7.6,0.506,True,True,False
20.2671902179718,forward_015,0.26719021797180176,0.15,0.0,0.0,0.4439681284760576,-0.581412807070611,0.856302164259718,1.26,2.36,4.18,1.458,0.7613609433174133,0.0,0.0394037663936615,1.0,1.0,7.6,0.506,True,True,False
20.287563800811768,forward_015,0.2875638008117676,0.15,0.0,0.0,0.1930770485018727,0.001090830782496456,0.23452861823673804,-1.72,2.77,7.32,1.534,0.7420111298561096,0.0,0.08656933903694153,1.0,0.0,7.6,0.506,True,True,False
20.30794620513916,forward_015,0.30794620513916016,0.15,0.0,0.0,0.00545415391248228,0.16253378659197193,-0.5628686837681712,-0.62,3.42,8.3,1.841,0.7905614376068115,0.0,0.07838305458426476,1.0,0.0,7.6,0.506,True,True,False
20.328324794769287,forward_015,0.3283247947692871,0.15,0.0,0.0,0.05781403147231216,0.16798794050445423,-1.1093749057988957,-0.62,3.42,8.3,1.765,0.8408794403076172,0.0,0.05038606375455856,1.0,0.0,7.6,0.506,True,True,False
20.34869909286499,forward_015,0.34869909286499023,0.15,0.0,0.0,0.028361600344907856,0.28034351110158917,-1.3057244466482578,0.21,2.67,8.45,1.841,0.831338107585907,0.0,0.052579810842871666,1.0,0.0,7.6,0.506,True,True,False
20.369069576263428,forward_015,0.36906957626342773,0.15,0.0,0.0,-0.19962203319685143,0.5290529295107811,-1.1540989678812503,0.21,2.67,8.45,2.071,0.9012959599494934,0.0,0.04044608026742935,1.0,0.0,7.6,0.506,True,True,False
20.389495134353638,forward_015,0.3894951343536377,0.15,0.0,0.0,-0.29561514205653955,0.4919646829059016,-0.6588617926278594,-0.62,1.37,8.370000000000001,2.378,0.939478874206543,0.0,0.02855607122182846,1.0,0.0,7.6,0.506,True,True,False
20.4099600315094,forward_015,0.4099600315093994,0.15,0.0,0.0,-0.3337942194439155,-0.055632369907319255,-0.08290313946973066,-0.12,1.27,8.24,1.534,0.9258664846420288,0.0,0.04955267161130905,1.0,1.0,7.6,0.506,True,True,False
20.430319786071777,forward_015,0.43031978607177734,0.15,0.0,0.0,-0.5977752688080579,-0.16253378659197193,0.025089107997418487,0.9,3.11,7.98,1.534,0.9320745468139648,0.0,0.024552643299102783,0.0,1.0,7.7,0.318,True,True,False
20.4516122341156,forward_015,0.4516122341156006,0.15,0.0,0.0,-1.0461067204141012,-0.08617563181722002,-0.5214171140333059,0.9,3.11,7.98,1.458,0.8645386099815369,0.0,0.030313202179968357,0.0,1.0,7.7,0.318,True,True,False
20.47208023071289,forward_015,0.4720802307128906,0.15,0.0,0.0,-0.08072147790473774,1.1322823522313212,-0.421060682043632,-5.0,-2.0300000000000002,9.21,0.9970000000000001,0.9512830972671509,0.07142857142857142,0.09049969632178545,0.0,1.0,7.7,0.318,True,True,False
20.492466688156128,forward_015,0.49246668815612793,0.15,0.0,0.0,-0.10035643198967395,0.6370451769779303,-0.020725784867432664,-3.23,-3.31,-0.93,0.614,0.8806111216545105,0.0,0.07581717520952225,0.0,1.0,7.7,0.318,True,True,False
20.512850284576416,forward_015,0.512850284576416,0.15,0.0,0.0,-0.32070425005395803,0.22143864884678055,-0.8497571795647392,-0.64,-3.29,5.95,0.537,0.8566702604293823,0.0,0.12145066261291504,0.0,1.0,7.7,0.318,True,True,False
20.533228158950806,forward_015,0.5332281589508057,0.15,0.0,0.0,-0.44505895925855404,0.4145156973486533,-0.4145156973486533,-4.2,-4.4,9.13,0.844,0.8019372224807739,0.0,0.07890944927930832,0.0,1.0,7.7,0.318,True,True,False
20.553714513778687,forward_015,0.5537145137786865,0.15,0.0,0.0,-0.32506757318394386,0.0916297857297023,0.20725784867432664,-4.2,-4.4,9.13,0.9970000000000001,0.8568712472915649,0.0,0.0724712535738945,0.0,1.0,7.7,0.318,True,True,False
20.574105501174927,forward_015,0.5741055011749268,0.15,0.0,0.0,-0.4799655442984406,0.08726646259971647,0.2007128639793479,-1.16,-1.6600000000000001,7.44,1.688,0.7936873435974121,0.0,0.05445979256182909,0.0,1.0,7.7,0.318,True,True,False
20.59450674057007,forward_015,0.5945067405700684,0.15,0.0,0.0,-0.36106498900632694,-0.15926129424448257,0.031634092692397225,-1.68,-3.13,8.15,2.608,0.8578747510910034,0.0,0.05854932591319084,0.0,1.0,7.7,0.318,True,True,False
20.614883422851562,forward_015,0.6148834228515625,0.15,0.0,0.0,0.20180369476184434,-0.2628902185816459,0.5170537909033202,-2.7800000000000002,-0.91,7.95,2.378,0.9230242371559143,0.0,0.044124637730419636,0.0,1.0,7.7,0.318,True,True,False
20.635265350341797,forward_015,0.6352653503417969,0.15,0.0,0.0,0.7810348402674625,-0.5246896063807953,0.18435040224190105,-0.8200000000000001,-0.19,8.14,2.608,0.9309943914413452,0.0,0.030141455121338367,0.0,1.0,7.5,0.9530000000000001,True,True,False
20.655627489089966,forward_015,0.6556274890899658,0.15,0.0,0.0,0.8770279491271507,-1.0155634585042006,-0.6763150851478027,0.06,-4.28,7.930000000000001,1.995,0.9594206809997559,0.07142857142857142,0.04413604736328125,1.0,1.0,7.5,0.9530000000000001,True,True,False
20.675992012023926,forward_015,0.6759920120239258,0.15,0.0,0.0,0.9948376736367679,-1.2708178616083712,-0.6283185307179586,-0.96,-4.22,7.5200000000000005,1.074,0.9652684926986694,0.07142857142857142,0.021388240158557892,1.0,1.0,7.5,0.9530000000000001,True,True,False
20.696367263793945,forward_015,0.6963672637939453,0.15,0.0,0.0,1.3962634015954636,-1.461713248545251,0.037088246604879506,-0.96,-4.22,7.5200000000000005,1.534,0.9411203265190125,0.0,0.027277793735265732,1.0,0.0,7.5,0.9530000000000001,True,True,False
20.716756105422974,forward_015,0.7167561054229736,0.15,0.0,0.0,0.5541420375081997,-0.6414085001079161,0.6141377305455047,-0.96,-4.22,7.5200000000000005,1.6110000000000002,0.9464071393013,0.0,0.04335281252861023,1.0,0.0,7.5,0.9530000000000001,True,True,False
20.737178325653076,forward_015,0.7371783256530762,0.15,0.0,0.0,-0.17889624832941878,-0.06872233929727672,0.13526301702956053,-1.1300000000000001,2.47,6.17,1.381,0.7883149981498718,0.0,0.06519640237092972,1.0,0.0,7.5,0.9530000000000001,True,True,False
20.757660627365112,forward_015,0.7576606273651123,0.15,0.0,0.0,-0.2378011105842274,-0.5268712679457882,0.2694352032766246,-0.06,4.0600000000000005,5.44,0.9970000000000001,0.877162516117096,0.0,0.04499643296003342,1.0,1.0,7.5,0.9530000000000001,True,True,False
20.778032779693604,forward_015,0.7780327796936035,0.15,0.0,0.0,0.04036073895236887,-0.06981317007977318,0.2454369260617026,1.59,0.86,4.23,0.9970000000000001,0.8984506726264954,0.0,0.0701771005988121,1.0,1.0,7.5,0.9530000000000001,True,True,False
20.79840087890625,forward_015,0.79840087890625,0.15,0.0,0.0,0.001090830782496456,-0.46687557490848314,0.3392483733563978,0.39,2.13,8.91,0.9210000000000002,0.793817937374115,0.0,0.08312120661139488,1.0,1.0,7.5,0.9530000000000001,True,True,False
20.818866968154907,forward_015,0.8188669681549072,0.15,0.0,0.0,0.06544984694978735,-0.5377795757707527,0.49741883681838395,0.0,2.5,7.390000000000001,1.458,0.7124146223068237,0.0,0.03633060306310654,1.0,1.0,7.5,0.9530000000000001,True,True,False
20.839235067367554,forward_015,0.8392350673675537,0.15,0.0,0.0,0.015271630954950384,-0.4854196982109229,0.18216874067690814,0.37,2.41,7.96,2.148,0.71952885389328,0.0,0.07723363488912582,1.0,0.0,7.7,0.34900000000000003,True,True,False
20.859590530395508,forward_015,0.8595905303955078,0.15,0.0,0.0,0.044724062082354694,-0.2596177262341565,-0.2650718801466388,-0.9,1.4000000000000001,8.55,2.302,0.8278259634971619,0.0,0.056401369627565145,1.0,0.0,7.7,0.34900000000000003,True,True,False
20.879963636398315,forward_015,0.8799636363983154,0.15,0.0,0.0,-0.25634523388666713,-0.27052603405912107,-0.3752457891787809,-0.5,1.54,7.19,2.302,0.8711316585540771,0.0,0.06882709451019764,1.0,0.0,7.7,0.34900000000000003,True,True,False
20.900443077087402,forward_015,0.9004430770874023,0.15,0.0,0.0,-0.5268712679457882,-0.20616701789183017,-0.28907015736156083,-0.21,1.29,9.44,1.841,0.9022998809814453,0.0,0.03178345691412687,1.0,0.0,7.7,0.34900000000000003,True,True,False
20.920832633972168,forward_015,0.920832633972168,0.15,0.0,0.0,-0.6588617926278594,-0.3687008044838021,-0.06217735460229799,-0.21,1.29,9.44,2.455,0.9577673673629761,0.07142857142857142,0.024608857929706573,1.0,1.0,7.7,0.34900000000000003,True,True,False
20.94120144844055,forward_015,0.9412014484405518,0.15,0.0,0.0,-0.791943148092427,-0.7624907169650227,0.519235452468313,0.78,1.9000000000000001,8.5,1.381,0.9702945351600647,0.07142857142857142,0.040968118235468864,1.0,1.0,7.7,0.34900000000000003,True,True,False
20.961692810058594,forward_015,0.9616928100585938,0.15,0.0,0.0,-1.0188359508516898,-0.8257589023498172,0.7144941625351786,1.87,2.24,7.63,2.225,0.9748803973197937,0.07142857142857142,0.06062622554600239,0.0,1.0,7.7,0.34900000000000003,True,True,False
20.982072830200195,forward_015,0.9820728302001953,0.15,0.0,0.0,-0.4821472058634335,-0.619591884457987,0.2301652951067522,1.87,2.24,7.63,1.304,0.9706865549087524,0.07142857142857142,0.0465133236721158,0.0,1.0,7.7,0.34900000000000003,True,True,False
21.002441883087158,forward_015,1.0024418830871582,0.15,0.0,0.0,-0.11017390903214205,-0.008726646259971648,0.2454369260617026,-1.04,-0.33,9.040000000000001,1.458,0.9218684434890747,0.0,0.05383656546473503,0.0,1.0,7.7,0.34900000000000003,True,True,False
21.02280902862549,forward_015,1.0228090286254883,0.15,0.0,0.0,-0.21598449493429828,-0.5279620987282847,0.3076142806640006,1.07,-2.96,5.04,1.381,0.8812742233276367,0.0,0.07556905969977379,1.0,1.0,7.7,0.34900000000000003,True,True,False
21.043184280395508,forward_015,1.0431842803955078,0.15,0.0,0.0,0.014180800172453928,-0.1439896632895322,-0.09817477042468103,0.74,-0.36,1.9100000000000001,1.304,0.74809330701828,0.0,0.0774331483989954,0.0,1.0,7.6,0.7280000000000001,True,True,False
21.063544988632202,forward_015,1.0635449886322021,0.15,0.0,0.0,-0.17671458676442586,-0.6130468997630083,-0.8268497331323136,2.25,-2.34,7.05,1.304,0.9012337923049927,0.0,0.12561334390193224,0.0,1.0,7.6,0.7280000000000001,True,True,False
21.08391046524048,forward_015,1.0839104652404785,0.15,0.0,0.0,-0.4690572364734761,-0.3719732968312915,-1.2522737383059315,2.25,-2.34,7.05,1.688,0.9440712332725525,0.0,0.0510481595993042,0.0,1.0,7.6,0.7280000000000001,True,True,False
21.104278802871704,forward_015,1.104278802871704,0.15,0.0,0.0,-0.5246896063807953,-0.6774059159302992,-1.459531586980258,2.25,-2.34,7.05,2.302,0.965628981590271,0.07142857142857142,0.03651905432343483,0.0,1.0,7.6,0.7280000000000001,True,True,False
21.124667644500732,forward_015,1.1246676445007324,0.15,0.0,0.0,-0.016362461737446838,-0.36979163526629855,-1.014472627721704,1.22,-6.76,8.64,2.378,0.9441949129104614,0.0,0.0259788166731596,0.0,1.0,7.6,0.7280000000000001,True,True,False
21.145039081573486,forward_015,1.1450390815734863,0.15,0.0,0.0,0.5345070834232635,-0.028361600344907856,0.17016960206944712,1.22,-6.76,8.64,2.302,0.8247063159942627,0.0,0.0664159432053566,0.0,1.0,7.6,0.7280000000000001,True,True,False
21.165426015853882,forward_015,1.1654260158538818,0.15,0.0,0.0,1.1322823522313212,0.667588438887831,0.5585053606381855,0.22,-4.7700000000000005,8.99,1.765,0.7373029589653015,0.0,0.15699337050318718,0.0,1.0,7.6,0.7280000000000001,True,True,False
21.185807704925537,forward_015,1.185807704925537,0.15,0.0,0.0,1.5686146652299038,1.0133817969392076,1.1366456753613072,0.62,-4.08,8.8,1.534,0.8022055625915527,0.0,0.08432816714048386,0.0,1.0,7.6,0.7280000000000001,True,True,False
21.206180572509766,forward_015,1.2061805725097656,0.15,0.0,0.0,1.576250480707379,1.2380929381334775,1.296997800388286,1.04,-3.36,7.0600000000000005,0.9970000000000001,0.7962474226951599,0.0,0.03972591459751129,1.0,1.0,7.6,0.7280000000000001,True,True,False
21.226657390594482,forward_015,1.2266573905944824,0.15,0.0,0.0,1.5293447570600314,1.1726430911836903,1.1682797680537043,0.9,-1.25,7.69,1.074,0.7950841188430786,0.0,0.02577681839466095,1.0,1.0,7.6,0.7280000000000001,True,True,False
21.247026443481445,forward_015,1.2470264434814453,0.15,0.0,0.0,1.459531586980258,1.014472627721704,0.5715953300281429,0.56,-1.1300000000000001,4.83,1.6110000000000002,0.8628710508346558,0.0,0.06219795811921358,1.0,0.0,7.6,0.43000000000000005,True,True,False
21.26737952232361,forward_015,1.2673795223236084,0.15,0.0,0.0,1.141008998491293,-0.050178215994836975,0.18216874067690814,0.56,-1.1300000000000001,4.83,1.841,0.8872736692428589,0.0,0.06821760628372431,1.0,0.0,7.6,0.43000000000000005,True,True,False
21.287763833999634,forward_015,1.2877638339996338,0.15,0.0,0.0,-0.23234695667174513,0.34033920413889424,-0.9839293658118032,0.56,-1.1300000000000001,4.83,2.148,0.8479553461074829,0.0,0.06708373129367828,1.0,0.0,7.6,0.43000000000000005,True,True,False
21.308125972747803,forward_015,1.3081259727478027,0.15,0.0,0.0,-0.4701480672559725,0.07090400086226964,-2.3518311670623593,-3.41,3.49,5.0,1.534,0.84218430519104,0.0,0.12323849648237228,1.0,0.0,7.6,0.43000000000000005,True,True,False
21.32852005958557,forward_015,1.3285200595855713,0.15,0.0,0.0,-0.18653206380689397,0.2552544031041707,-2.3594669825398342,-1.71,1.61,3.5100000000000002,0.844,0.8685097098350525,0.0,0.06942719593644142,1.0,0.0,7.6,0.43000000000000005,True,True,False
21.34888768196106,forward_015,1.3488876819610596,0.15,0.0,0.0,-0.3337942194439155,0.842121364087264,-1.3537210010781018,0.05,3.61,7.140000000000001,0.767,0.8383352756500244,0.0,0.08094212785363197,1.0,0.0,7.6,0.43000000000000005,True,True,False
21.36927056312561,forward_015,1.3692705631256104,0.15,0.0,0.0,0.03599741582238305,0.6632251157578453,-0.8519388411297321,1.27,2.47,7.59,1.765,0.8593630790710449,0.0,0.0632653720676899,1.0,0.0,7.6,0.43000000000000005,True,True,False
21.389736890792847,forward_015,1.3897368907928467,0.15,0.0,0.0,0.41996985126113556,0.4603305902135044,-0.22471114119426994,2.89,0.38,5.62,2.148,0.8273704051971436,0.0,0.05001338408328593,1.0,0.0,7.6,0.43000000000000005,True,True,False
21.410111904144287,forward_015,1.410111904144287,0.15,0.0,0.0,0.35561083509384467,0.20398535632683726,0.24870941840919197,0.31,3.34,6.4,2.071,0.7782832980155945,0.0,0.06095277518033981,1.0,0.0,7.6,0.43000000000000005,True,True,False
21.43057632446289,forward_015,1.4305763244628906,0.15,0.0,0.0,0.06435901616729091,0.05890486225480862,0.35997415822383044,0.75,4.3500000000000005,9.42,1.534,0.8709490299224854,0.0,0.03950472548604011,1.0,0.0,7.6,0.43000000000000005,True,True,False
21.450942039489746,forward_015,1.450942039489746,0.15,0.0,0.0,-0.20398535632683726,0.006544984694978736,-0.1308996938995747,0.75,4.3500000000000005,9.42,1.381,0.9154036045074463,0.0,0.02681252732872963,1.0,0.0,7.6,0.649,True,True,False
21.471867561340332,forward_015,1.471867561340332,0.15,0.0,0.0,-0.49741883681838395,-0.20289452554434081,-0.43524148221608594,-1.18,1.9000000000000001,6.86,1.458,0.9187024831771851,0.0,0.03640316426753998,1.0,0.0,7.6,0.649,True,True,False
21.49224543571472,forward_015,1.4922454357147217,0.15,0.0,0.0,-0.657770961845363,0.1439896632895322,-0.806123948264881,0.33,2.48,6.76,1.381,0.9278075098991394,0.0,0.04367610812187195,1.0,0.0,7.6,0.649,True,True,False
21.51261615753174,forward_015,1.5126161575317383,0.15,0.0,0.0,-0.7581273938350369,0.2378011105842274,-1.0275625971116615,0.33,2.48,6.76,1.227,0.944818377494812,0.0,0.0381280891597271,1.0,1.0,7.6,0.649,True,True,False
21.53300142288208,forward_015,1.53300142288208,0.15,0.0,0.0,-1.0853766285839737,0.5715953300281429,-1.6776977434795493,0.33,2.48,6.76,0.767,0.8956061005592346,0.0,0.03985219448804855,1.0,1.0,7.6,0.649,True,True,False
21.553372383117676,forward_015,1.5533723831176758,0.15,0.0,0.0,-1.3144510929082294,0.6894050545377601,-1.7660550368617622,-0.17,1.24,4.71,1.227,0.8145607113838196,0.0,0.03680317848920822,0.0,1.0,7.6,0.649,True,True,False
21.573822021484375,forward_015,1.573822021484375,0.15,0.0,0.0,-0.5901394533305827,0.6501351463678877,-1.3057244466482578,-0.17,1.24,4.71,1.458,0.9070970416069031,0.0,0.03196116164326668,0.0,1.0,7.6,0.649,True,True,False
21.594179391860962,forward_015,1.594179391860962,0.15,0.0,0.0,-0.05890486225480862,1.1355548445788106,-0.031634092692397225,-0.8300000000000001,-5.76,4.14,0.767,0.8010591864585876,0.0,0.08649917040020227,0.0,1.0,7.6,0.649,True,True,False
21.614641189575195,forward_015,1.6146411895751953,0.15,0.0,0.0,0.007635815477475192,0.5105088062083414,0.6719517620178169,0.0,-0.03,5.34,0.537,0.7182009816169739,0.0,0.11629793606698513,0.0,1.0,7.6,0.649,True,True,False
21.63502049446106,forward_015,1.6350204944610596,0.15,0.0,0.0,-0.29888763440402893,0.5650503453331642,-0.06326818538479445,-0.42,0.17,6.78,0.6899999999999998,0.8403753042221069,0.0,0.10096772387623787,0.0,1.0,7.6,0.649,True,True,False
21.6554012298584,forward_015,1.6554012298583984,0.15,0.0,0.0,-0.3665191429188092,0.15817046346198613,0.17562375598192942,-0.42,0.17,6.78,1.458,0.7015364766120911,0.0,0.08345833793282509,0.0,1.0,7.2,1.654,True,True,False
21.6757652759552,forward_015,1.6757652759552002,0.15,0.0,0.0,-0.46142142099600086,0.34579335805137656,0.5115996369908379,-0.42,0.17,6.78,2.532,0.8101088404655457,0.0,0.04223851300776005,0.0,1.0,7.2,1.654,True,True,False
21.6962833404541,forward_015,1.6962833404541016,0.15,0.0,0.0,-0.5050546522958591,-0.11671889372712078,0.14726215563702155,-2.08,-1.42,6.22,2.532,0.8434054851531982,0.0,0.062497518956661224,0.0,1.0,7.2,1.654,True,True,False
21.71666646003723,forward_015,1.7166664600372314,0.15,0.0,0.0,-0.07308566242726255,-0.26398104936414235,-0.08944812416470939,-2.52,-1.74,9.05,1.841,0.9329227209091187,0.0,0.03153199702501297,0.0,1.0,7.2,1.654,True,True,False
21.737037897109985,forward_015,1.7370378971099854,0.15,0.0,0.0,0.3337942194439155,-0.38942658935123475,-0.001090830782496456,-1.93,-3.13,9.24,2.378,0.9340394139289856,0.0,0.05797078274190426,0.0,1.0,7.2,1.654,True,True,False
21.757472276687622,forward_015,1.757472276687622,0.15,0.0,0.0,0.6948592084502424,-0.7766715171374766,-0.09708393964218458,0.34,-3.06,7.0,2.148,0.949435293674469,0.0,0.020585276652127497,1.0,1.0,7.2,1.654,True,True,False
21.77784252166748,forward_015,1.7778425216674805,0.15,0.0,0.0,0.918479518862016,-1.030835089459151,-0.33815754257390135,-0.5700000000000001,-1.77,7.44,1.304,0.9537397027015686,0.07142857142857142,0.02640392165631056,1.0,1.0,7.2,1.654,True,True,False
21.798208713531494,forward_015,1.7982087135314941,0.15,0.0,0.0,1.153008137098754,-1.0428342280666119,0.07308566242726255,-0.93,-3.84,7.57,1.227,0.9475695490837097,0.0,0.03440713882446289,1.0,0.0,7.2,1.654,True,True,False
21.81858253479004,forward_015,1.818582534790039,0.15,0.0,0.0,1.124646536753846,-0.9097528726020443,0.9250245035569946,-0.93,-3.84,7.57,1.304,0.9305679798126221,0.0,0.025647267699241638,1.0,0.0,7.2,1.654,True,True,False
21.838952779769897,forward_015,1.8389527797698975,0.15,0.0,0.0,0.061086523819801536,-0.055632369907319255,0.43524148221608594,-0.93,-3.84,7.57,1.304,0.8465470671653748,0.0,0.0649762278480921,1.0,0.0,7.2,1.654,True,True,False
21.859328985214233,forward_015,1.8593289852142334,0.15,0.0,0.0,-0.25634523388666713,-0.3174317577064687,0.2879793265790644,-1.07,3.5,5.44,0.9970000000000001,0.8973719477653503,0.0,0.08032625168561935,1.0,1.0,7.7,0.389,True,True,False
21.87969398498535,forward_015,1.8796939849853516,0.15,0.0,0.0,-0.04799655442984406,-0.4265148359561143,0.44505895925855404,1.41,2.74,6.83,0.537,0.9018190503120422,0.0,0.08618291467428207,1.0,1.0,7.7,0.389,True,True,False
21.900163650512695,forward_015,1.9001636505126953,0.15,0.0,0.0,-0.09926560120717749,-0.3076142806640006,0.29561514205653955,1.41,2.74,6.83,1.074,0.8439170122146606,0.0,0.08053970709443092,1.0,1.0,7.7,0.389,True,True,False
21.920534133911133,forward_015,1.9205341339111328,0.15,0.0,0.0,-0.12326387842209953,-0.42215151282612845,0.10362892433716332,-0.07,1.16,9.44,1.458,0.7296076416969299,0.0,0.05858177749905735,1.0,1.0,7.7,0.389,True,True,False
21.940904140472412,forward_015,1.940904140472412,0.15,0.0,0.0,-0.039269908169872414,-0.21271200258680892,-0.09926560120717749,-0.68,1.45,6.68,1.765,0.7770456075668335,0.0,0.084026999771595,1.0,0.0,7.7,0.389,True,True,False
21.961273431777954,forward_015,1.961273431777954,0.15,0.0,0.0,0.020725784867432664,-0.2301652951067522,-0.38942658935123475,-0.49,0.2,7.73,2.225,0.8310169577598572,0.0,0.06298938393592834,1.0,0.0,7.7,0.389,True,True,False
21.981710195541382,forward_015,1.9817101955413818,0.15,0.0,0.0,0.007635815477475192,-0.1908953869368798,-0.45487643630102215,0.39,0.62,7.63,2.455,0.8297246098518372,0.0,0.05130437947809696,1.0,0.0,7.7,0.389,True,True,False
22.002070903778076,forward_015,2.002070903778076,0.15,0.0,0.0,-0.5017821599483697,-0.15271630954950383,-0.2912518189265537,0.39,0.62,7.63,1.765,0.8735737204551697,0.0,0.03416978195309639,1.0,0.0,7.7,0.389,True,True,False
22.02243423461914,forward_015,2.0224342346191406,0.15,0.0,0.0,-0.5705044992456465,-0.3425208657038872,0.1461713248545251,0.39,0.62,7.63,2.532,0.954513430595398,0.07142857142857142,0.03191775269806385,1.0,1.0,7.7,0.389,True,True,False
22.042813777923584,forward_015,2.042813777923584,0.15,0.0,0.0,-0.6501351463678877,-0.8083056098298739,0.6512259771503842,1.23,2.21,9.290000000000001,1.534,0.9752582311630249,0.07142857142857142,0.05603885091841221,1.0,1.0,7.7,0.389,True,True,False
22.063185930252075,forward_015,2.063185930252075,0.15,0.0,0.0,-0.8399397025222711,-0.866119641302186,0.7832165018324554,2.17,2.68,6.72,1.6110000000000002,0.9776789546012878,0.07142857142857142,0.07188380742445588,0.0,1.0,7.6,0.325,True,True,False
22.083551168441772,forward_015,2.0835511684417725,0.15,0.0,0.0,-0.5279620987282847,-0.4461497900410505,0.11235557059713497,2.17,2.68,6.72,2.148,0.9715282917022705,0.07142857142857142,0.04457598179578781,0.0,1.0,7.6,0.325,True,True,False
22.103919982910156,forward_015,2.1039199829101562,0.15,0.0,0.0,-0.17889624832941878,0.07853981633974483,0.09381144729469522,2.17,2.68,6.72,1.458,0.9377785921096802,0.0,0.05769262742251158,1.0,1.0,7.6,0.325,True,True,False
22.124300956726074,forward_015,2.124300956726074,0.15,0.0,0.0,-0.22907446432425577,-0.3741549583962844,-0.08290313946973066,1.05,-2.66,3.21,1.381,0.8198912739753723,0.0,0.07197759300470352,1.0,1.0,7.6,0.325,True,True,False
22.14468002319336,forward_015,2.1446800231933594,0.15,0.0,0.0,-0.05781403147231216,-0.17889624832941878,-0.5683228376806536,3.96,1.32,4.55,1.458,0.8691317439079285,0.0,0.09846103377640247,0.0,1.0,7.6,0.325,True,True,False
22.16505193710327,forward_015,2.1650519371032715,0.15,0.0,0.0,-0.44724062082354693,-0.07963064712224129,-1.0875582901489667,3.96,1.32,4.55,1.151,0.9587453007698059,0.07142857142857142,0.12923112884163857,0.0,1.0,7.6,0.325,True,True,False
22.18553137779236,forward_015,2.1855313777923584,0.15,0.0,0.0,-0.6130468997630083,0.2007128639793479,-1.6417003276571662,3.96,1.32,4.55,1.458,0.9649316668510437,0.07142857142857142,0.03990616276860237,0.0,1.0,7.6,0.325,True,True,False
22.20600152015686,forward_015,2.2060015201568604,0.15,0.0,0.0,-0.4134248665661568,-0.08944812416470939,-1.540253064884996,-1.22,-3.87,8.83,2.225,0.9336184859275818,0.0,0.03687695600092411,0.0,1.0,7.6,0.325,True,True,False
22.226365327835083,forward_015,2.226365327835083,0.15,0.0,0.0,0.41233403578366035,0.031634092692397225,-0.5312345910757741,1.62,-7.8100000000000005,9.52,2.378,0.8126072287559509,0.0,0.03573777340352535,0.0,1.0,7.6,0.325,True,True,False
22.24673366546631,forward_015,2.2467336654663086,0.15,0.0,0.0,0.9097528726020443,0.41996985126113556,0.6217735460229799,1.62,-7.8100000000000005,9.52,1.841,0.7180917859077454,0.0,0.11978373862802982,0.0,1.0,7.6,0.325,True,True,False
22.267101526260376,forward_015,2.267101526260376,0.15,0.0,0.0,1.3220869083857045,0.8977537339945832,0.940296134511945,-1.04,-3.22,6.5200000000000005,1.534,0.7824773788452148,0.0,0.09703240171074867,0.0,1.0,7.1,2.04,True,True,False
22.287464141845703,forward_015,2.287464141845703,0.15,0.0,0.0,1.4344424789828396,1.028653427894158,1.2871803233458181,-0.73,-2.65,7.53,1.074,0.7724285125732422,0.0,0.05565264541655779,1.0,1.0,7.1,2.04,True,True,False
22.30793857574463,forward_015,2.307938575744629,0.15,0.0,0.0,1.44971410993779,1.150826475533761,1.040652566501619,0.9400000000000001,-1.76,7.5600000000000005,1.458,0.7654213905334473,0.0,0.025890803895890713,1.0,1.0,7.1,2.04,True,True,False
22.328330278396606,forward_015,2.3283302783966064,0.15,0.0,0.0,1.3602659857730806,1.076649982324002,0.43524148221608594,0.62,-1.37,6.04,1.841,0.8255852460861206,0.0,0.02773856744170189,1.0,1.0,7.1,2.04,True,True,False
22.348698377609253,forward_015,2.348698377609253,0.15,0.0,0.0,1.2642728769133924,0.23125612588924865,0.06544984694978735,0.62,-1.37,6.04,1.688,0.8829188942909241,0.0,0.06462975218892097,1.0,1.0,7.1,2.04,True,True,False
22.36917495727539,forward_015,2.3691749572753906,0.15,0.0,0.0,-0.026179938779914945,1.2173671532660448,-1.124646536753846,0.62,-1.37,6.04,1.841,0.7280141711235046,0.0,0.03666310757398605,1.0,1.0,7.1,2.04,True,True,False
22.38969850540161,forward_015,2.3896985054016113,0.15,0.0,0.0,-0.42215151282612845,0.5705044992456465,-2.1249383643030963,-1.05,4.28,7.68,1.304,0.8420773148536682,0.0,0.0776766799390316,1.0,1.0,7.1,2.04,True,True,False
22.410060167312622,forward_015,2.410060167312622,0.15,0.0,0.0,-0.06435901616729091,0.4166973589136462,-1.8151424220741028,0.56,0.15,4.22,1.074,0.8279790282249451,0.0,0.04060432314872742,1.0,1.0,7.1,2.04,True,True,False
22.430432319641113,forward_015,2.4304323196411133,0.15,0.0,0.0,-0.06435901616729091,0.4166973589136462,-1.8151424220741028,1.73,-1.26,5.0600000000000005,0.844,0.790582001209259,0.0,0.0828806571662426,1.0,1.0,7.1,2.04,True,True,False
22.45095682144165,forward_015,2.4509568214416504,0.15,0.0,0.0,0.38288160465625604,0.7243116395776468,-0.7504915783575618,-0.5,0.54,7.71,1.151,0.6984567046165466,0.0,0.06821029167622328,1.0,1.0,7.1,2.04,True,True,False
22.471325159072876,forward_015,2.471325159072876,0.15,0.0,0.0,0.16144295580947549,0.5628686837681712,-0.3327033886614191,-0.46,1.93,6.93,1.918,0.8095777034759521,0.0,0.08885898813605309,1.0,1.0,7.6,0.5920000000000001,True,True,False
22.492167711257935,forward_015,2.4921677112579346,0.15,0.0,0.0,0.29561514205653955,0.7472190860100724,-0.29343348049154666,-1.59,-0.04,6.16,2.071,0.796621561050415,0.0,0.054732710123062134,1.0,0.0,7.6,0.5920000000000001,True,True,False
22.512648582458496,forward_015,2.512648582458496,0.15,0.0,0.0,0.4068798818711781,0.5508695451607103,0.16580627893946132,-1.86,1.34,8.790000000000001,2.532,0.8070259690284729,0.0,0.058249443769454956,1.0,0.0,7.6,0.5920000000000001,True,True,False
22.533015966415405,forward_015,2.5330159664154053,0.15,0.0,0.0,0.17998707911191522,0.5115996369908379,0.1090830782496456,-2.37,1.68,8.61,2.148,0.8443744778633118,0.0,0.04629427567124366,1.0,0.0,7.6,0.5920000000000001,True,True,False
22.553444385528564,forward_015,2.5534443855285645,0.15,0.0,0.0,-0.2181661564992912,0.4177881896961426,0.07635815477475191,-3.5300000000000002,2.83,9.42,2.455,0.8741671442985535,0.0,0.07212272472679615,1.0,0.0,7.6,0.5920000000000001,True,True,False
22.573943614959717,forward_015,2.573943614959717,0.15,0.0,0.0,-0.7144941625351786,0.42542400517361784,-0.01090830782496456,-0.49,1.41,7.21,1.841,0.9192367792129517,0.0,0.04640932381153107,1.0,0.0,7.6,0.5920000000000001,True,True,False
22.594404935836792,forward_015,2.594404935836792,0.15,0.0,0.0,-0.8857545953871222,0.16580627893946132,0.07417649320975901,-0.5700000000000001,2.98,8.63,1.765,0.8898895978927612,0.0,0.03241280000656843,1.0,1.0,7.6,0.5920000000000001,True,True,False
22.614867210388184,forward_015,2.6148672103881836,0.15,0.0,0.0,-0.9217520112095053,0.1810779098944117,0.15926129424448257,-0.5700000000000001,2.98,8.63,1.458,0.8510977029800415,0.0,0.022465849295258522,1.0,1.0,7.6,0.5920000000000001,True,True,False
22.63524317741394,forward_015,2.6352431774139404,0.15,0.0,0.0,-0.9773843811168246,0.037088246604879506,-0.35779249665883756,-0.5700000000000001,2.98,8.63,0.9210000000000002,0.8306794762611389,0.0,0.023207953199744225,1.0,1.0,7.6,0.5920000000000001,True,True,False
22.655698537826538,forward_015,2.655698537826538,0.15,0.0,0.0,-1.1835513990086548,0.21489366415180183,-0.9337511498169663,-0.5700000000000001,2.98,8.63,1.151,0.8176049590110779,0.0,0.028740301728248596,0.0,1.0,7.6,0.5920000000000001,True,True,False
22.676079034805298,forward_015,2.676079034805298,0.15,0.0,0.0,-0.667588438887831,0.3010692959690218,-0.24980024919168842,-0.5700000000000001,2.98,8.63,1.227,0.8623883724212646,0.0,0.03886434808373451,0.0,1.0,7.6,0.447,True,True,False
22.696449756622314,forward_015,2.6964497566223145,0.15,0.0,0.0,-0.18871372537188688,0.06326818538479445,-0.020725784867432664,1.54,-2.72,4.47,0.844,0.752260148525238,0.0,0.08370421081781387,0.0,1.0,7.6,0.447,True,True,False
22.716938734054565,forward_015,2.7169387340545654,0.15,0.0,0.0,-0.31306843457648287,-0.6741334235828098,-0.2007128639793479,-1.08,-3.62,5.44,0.537,0.8173211812973022,0.0,0.07449720427393913,0.0,1.0,7.6,0.447,True,True,False
22.737334728240967,forward_015,2.737334728240967,0.15,0.0,0.0,-0.47451139038595835,-0.6043202535030366,0.2781618495365963,-4.03,-2.09,9.0,0.614,0.8437473773956299,0.0,0.06103184446692467,0.0,1.0,7.6,0.447,True,True,False
22.757864475250244,forward_015,2.757864475250244,0.15,0.0,0.0,-0.3436116964863836,-0.38724492778624187,0.2454369260617026,-3.52,-3.36,9.6,0.9970000000000001,0.8312039375305176,0.0,0.03321988950483501,0.0,1.0,7.6,0.447,True,True,False
22.778228759765625,forward_015,2.778228759765625,0.15,0.0,0.0,-0.2476185876266955,-0.28034351110158917,0.06217735460229799,-2.69,-3.7,7.1000000000000005,2.071,0.8318997025489807,0.0,0.06315185967832804,0.0,1.0,7.6,0.447,True,True,False
22.798736572265625,forward_015,2.798736572265625,0.15,0.0,0.0,-0.15707963267948966,-0.28688849579656794,0.001090830782496456,-1.0,-2.2,5.59,2.532,0.8682811856269836,0.0,0.05137937515974045,0.0,1.0,7.6,0.447,True,True,False
22.8192195892334,forward_015,2.8192195892333984,0.15,0.0,0.0,-0.02399827721492203,-0.4428772976935611,-0.0719948316447661,-1.37,-1.81,8.24,2.148,0.9377240538597107,0.0,0.04037974402308464,0.0,1.0,7.6,0.447,True,True,False
22.839598655700684,forward_015,2.8395986557006836,0.15,0.0,0.0,0.4788747135159442,-0.6370451769779303,-0.5421428989007386,-1.37,-1.81,8.24,1.995,0.9463803172111511,0.0,0.04675952310208231,0.0,1.0,7.6,0.447,True,True,False
22.859970569610596,forward_015,2.8599705696105957,0.15,0.0,0.0,0.8312130562622995,-1.1399181677087964,-0.7123125009701857,-1.37,-1.81,8.24,0.9210000000000002,0.9582253098487854,0.07142857142857142,0.03824811684899032,1.0,1.0,7.6,0.447,True,True,False
22.880357027053833,forward_015,2.880357027053833,0.15,0.0,0.0,1.0941032748439454,-1.0210176124166828,-0.1930770485018727,-0.54,-2.86,5.16,1.151,0.940866231918335,0.0,0.03079766035079956,1.0,1.0,7.5,0.741,True,True,False
22.90071392059326,forward_015,2.9007139205932617,0.15,0.0,0.0,1.3886275861179884,-1.1224648751888533,0.2650718801466388,-0.54,-2.86,5.16,1.381,0.921206533908844,0.0,0.02053601248189807,1.0,0.0,7.5,0.741,True,True,False
22.921203136444092,forward_015,2.921203136444092,0.15,0.0,0.0,0.3948807432637171,-0.4276056667386107,0.272707695624114,-0.54,-2.86,5.16,1.304,0.9296528697013855,0.0,0.04140845127403736,1.0,0.0,7.5,0.741,True,True,False
22.941731691360474,forward_015,2.9417316913604736,0.15,0.0,0.0,-0.16798794050445423,0.04145156973486533,-0.09708393964218458,-3.2800000000000002,4.16,6.45,1.381,0.791689395904541,0.0,0.08654782921075821,1.0,1.0,7.5,0.741,True,True,False
22.962125301361084,forward_015,2.962125301361084,0.15,0.0,0.0,-0.007635815477475192,-0.2748893571891069,0.210530341021816,1.46,3.39,6.79,1.074,0.848405122756958,0.0,0.06584439799189568,1.0,1.0,7.5,0.741,True,True,False
22.98253345489502,forward_015,2.9825334548950195,0.15,0.0,0.0,0.09708393964218458,-0.2650718801466388,0.0818123086872342,1.6500000000000001,1.3800000000000001,7.390000000000001,1.074,0.8573198914527893,0.0,0.06339101679623127,1.0,1.0,7.5,0.741,True,True,False
23.002917528152466,forward_015,3.002917528152466,0.15,0.0,0.0,0.032724923474893676,-0.4286964975211072,0.08835729338221293,0.23,2.82,7.67,1.304,0.7600672841072083,0.0,0.07795953191816807,1.0,1.0,7.5,0.741,True,True,False
23.02328372001648,forward_015,3.0232837200164795,0.15,0.0,0.0,0.10035643198967395,-0.5781403147231217,0.29343348049154666,0.15,2.0100000000000002,7.7700000000000005,1.381,0.7311608791351318,0.0,0.040475938469171524,1.0,1.0,7.5,0.741,True,True,False
23.043654918670654,forward_015,3.0436549186706543,0.15,0.0,0.0,0.14726215563702155,-0.44724062082354693,0.09053895494720585,-1.1400000000000001,1.09,7.44,1.765,0.7777222394943237,0.0,0.07191964238882065,1.0,0.0,7.5,0.741,True,True,False
23.064046621322632,forward_015,3.064046621322632,0.15,0.0,0.0,0.09053895494720585,-0.19416787928436915,-0.26398104936414235,0.41000000000000003,0.25,8.77,2.071,0.7819976806640625,0.0,0.06973737623775378,1.0,0.0,7.5,0.741,True,True,False
23.084408283233643,forward_015,3.0844082832336426,0.15,0.0,0.0,-0.05890486225480862,-0.12326387842209953,-0.21271200258680892,0.21,0.67,7.92,2.608,0.8656956553459167,0.0,0.05531969852745533,1.0,0.0,7.5,0.9380000000000001,True,True,False
23.104796409606934,forward_015,3.1047964096069336,0.15,0.0,0.0,-0.5006913291658733,0.07308566242726255,0.017453292519943295,-0.01,1.7,9.05,2.071,0.9024825692176819,0.0,0.04148736037313938,1.0,0.0,7.5,0.9380000000000001,True,True,False
23.125322580337524,forward_015,3.1253225803375244,0.15,0.0,0.0,-0.6446809924554054,-0.210530341021816,0.27707101875409984,-0.01,1.7,9.05,2.302,0.94722980260849,0.0,0.02736865170300007,1.0,0.0,7.5,0.9380000000000001,True,True,False
23.14577031135559,forward_015,3.145770311355591,0.15,0.0,0.0,-0.7112216701876893,-0.42542400517361784,0.5857761302005968,0.85,2.18,9.01,1.227,0.9651764631271362,0.07142857142857142,0.03476479649543762,1.0,1.0,7.5,0.9380000000000001,True,True,False
23.166229486465454,forward_015,3.166229486465454,0.15,0.0,0.0,-0.9032078879070655,-0.4112432050011639,0.7112216701876893,1.1500000000000001,1.74,7.61,1.688,0.9442595839500427,0.0,0.023631203919649124,1.0,1.0,7.5,0.9380000000000001,True,True,False
23.186644077301025,forward_015,3.1866440773010254,0.15,0.0,0.0,-1.1039207518864134,-0.27707101875409984,0.2203478180642841,1.1500000000000001,1.74,7.61,2.148,0.9385589957237244,0.0,0.048379373736679554,0.0,1.0,7.5,0.9380000000000001,True,True,False
23.20711588859558,forward_015,3.207115888595581,0.15,0.0,0.0,-0.30543261909900765,0.13526301702956053,-0.385063266221249,1.1500000000000001,1.74,7.61,1.151,0.843728244304657,0.0,0.09048659726977348,1.0,1.0,7.5,0.9380000000000001,True,True,False
23.227481842041016,forward_015,3.2274818420410156,0.15,0.0,0.0,-0.3392483733563978,0.06326818538479445,-0.31634092692397225,0.12,-5.29,2.42,1.151,0.8276767134666443,0.0,0.05179194360971451,1.0,1.0,7.5,0.9380000000000001,True,True,False
23.247912406921387,forward_015,3.2479124069213867,0.15,0.0,0.0,-0.2814343418840856,0.06217735460229799,-0.6915867161027531,0.04,-3.41,4.53,0.844,0.7865079045295715,0.0,0.07159500103443861,0.0,1.0,7.5,0.9380000000000001,True,True,False
23.268283128738403,forward_015,3.2682831287384033,0.15,0.0,0.0,-0.2083486794568231,0.12871803233458182,-1.064650843716541,0.04,-3.41,4.53,0.767,0.7265521883964539,0.0,0.03580840677022934,0.0,1.0,7.5,0.9380000000000001,True,True,False
23.288753032684326,forward_015,3.288753032684326,0.15,0.0,0.0,-0.032724923474893676,0.3196134192714616,-0.8672104720846825,0.04,-3.41,4.53,1.458,0.709424614906311,0.0,0.047302745282649994,0.0,1.0,7.6,0.35500000000000004,True,True,False
23.309117794036865,forward_015,3.3091177940368652,0.15,0.0,0.0,0.18653206380689397,0.35997415822383044,-0.1308996938995747,0.04,-3.41,4.53,1.995,0.6539110541343689,0.0,0.04283758997917175,0.0,1.0,7.6,0.35500000000000004,True,True,False
23.32962679862976,forward_015,3.3296267986297607,0.15,0.0,0.0,0.48432886742842646,0.3621558197888234,0.10035643198967395,0.15,-3.52,9.51,2.455,0.6662943363189697,0.0,0.06764176487922668,0.0,1.0,7.6,0.35500000000000004,True,True,False
23.349997520446777,forward_015,3.3499975204467773,0.15,0.0,0.0,0.96647607329186,0.5606870222031783,0.33488505022641196,-0.62,-3.56,7.7700000000000005,2.071,0.7931191921234131,0.0,0.06914584897458553,1.0,1.0,7.6,0.35500000000000004,True,True,False
23.370373249053955,forward_015,3.370373249053955,0.15,0.0,0.0,1.1857330605736476,0.6348635154129374,0.5977752688080579,-0.4,-2.23,8.49,1.534,0.7585817575454712,0.0,0.07802367582917213,1.0,1.0,7.6,0.35500000000000004,True,True,False
23.390747785568237,forward_015,3.3907477855682373,0.15,0.0,0.0,1.3689926320330523,0.6359543461954338,0.6119560689805118,-0.78,-1.27,9.23,0.9210000000000002,0.805064857006073,0.0,0.020795408636331558,1.0,1.0,7.6,0.35500000000000004,True,True,False
23.411165475845337,forward_015,3.411165475845337,0.15,0.0,0.0,1.119192382841364,0.4036073895236887,0.11344640137963143,-0.78,-1.27,9.23,1.381,0.8714631199836731,0.0,0.022227413952350616,1.0,1.0,7.6,0.35500000000000004,True,True,False
23.431694746017456,forward_015,3.431694746017456,0.15,0.0,0.0,0.7123125009701857,0.6915867161027531,-0.7232208087951503,-0.78,-1.27,9.23,1.534,0.8920256495475769,0.0,0.03873548936098814,1.0,1.0,7.6,0.35500000000000004,True,True,False
23.452088594436646,forward_015,3.4520885944366455,0.15,0.0,0.0,0.3687008044838021,0.6021385919380436,-1.2370021073509812,-0.78,-1.27,9.23,1.534,0.872337818145752,0.0,0.02135365642607212,1.0,1.0,7.6,0.35500000000000004,True,True,False
23.472453355789185,forward_015,3.4724533557891846,0.15,0.0,0.0,0.29670597283903605,0.26070855701665296,-1.1279190291013355,1.23,2.2600000000000002,9.02,1.765,0.753110408782959,0.0,0.04018914885818958,1.0,1.0,7.6,0.35500000000000004,True,True,False
23.492822885513306,forward_015,3.4928228855133057,0.15,0.0,0.0,0.05235987755982989,0.45487643630102215,-1.2304571226560024,0.8200000000000001,0.52,7.7700000000000005,1.227,0.7567058205604553,0.0,0.05505044758319855,1.0,1.0,7.7,0.325,True,True,False
23.51426124572754,forward_015,3.514261245727539,0.15,0.0,0.0,-0.15707963267948966,0.33597588100890846,-0.7134033317526822,-0.54,-0.22,8.28,0.9970000000000001,0.7902499437332153,0.0,0.052070628851652145,1.0,1.0,7.7,0.325,True,True,False
23.534746646881104,forward_015,3.5347466468811035,0.15,0.0,0.0,-0.0545415391248228,0.4439681284760576,0.23889194136672387,-0.54,-0.22,8.28,0.844,0.8304103016853333,0.0,0.04916358925402164,1.0,1.0,7.7,0.325,True,True,False
23.555248737335205,forward_015,3.555248737335205,0.15,0.0,0.0,0.003272492347489368,0.4603305902135044,0.3839724354387525,-1.6300000000000001,0.25,4.87,1.151,0.7156116366386414,0.0,0.09984655398875475,1.0,1.0,7.7,0.325,True,True,False
23.57561945915222,forward_015,3.5756194591522217,0.15,0.0,0.0,0.044724062082354694,0.31525009614147576,0.3425208657038872,-0.99,0.0,8.6,1.458,0.6945512890815735,0.0,0.16650414280593395,1.0,1.0,7.7,0.325,True,True,False
23.596012830734253,forward_015,3.596012830734253,0.15,0.0,0.0,0.07744898555724837,0.507236313860852,0.2945243112740431,-1.82,0.32,8.58,1.765,0.7141456604003906,0.0,0.12402785941958427,1.0,1.0,7.7,0.325,True,True,False
23.616398334503174,forward_015,3.616398334503174,0.15,0.0,0.0,0.02181661564992912,0.42978732830360367,-0.020725784867432664,-1.6,0.7000000000000001,9.24,1.995,0.8229646682739258,0.0,0.04218488186597824,1.0,0.0,7.7,0.325,True,True,False
23.63678288459778,forward_015,3.6367828845977783,0.15,0.0,0.0,-0.26398104936414235,0.31634092692397225,-0.4188790204786391,-1.18,0.53,8.01,1.534,0.8205209970474243,0.0,0.07348024938255548,1.0,0.0,7.7,0.325,True,True,False
23.657153129577637,forward_015,3.6571531295776367,0.15,0.0,0.0,-0.557414529855689,0.18216874067690814,-0.43960480534607177,-1.43,1.36,9.53,1.381,0.8840937614440918,0.0,0.0540819987654686,1.0,0.0,7.7,0.325,True,True,False
23.67769718170166,forward_015,3.67769718170166,0.15,0.0,0.0,-0.693768377667746,0.36324665057131983,-0.20725784867432664,-1.43,1.36,9.53,1.918,0.907877504825592,0.0,0.01796941226348281,1.0,0.0,7.7,0.325,True,True,False
23.69807243347168,forward_015,3.6980724334716797,0.15,0.0,0.0,-0.8039422866998881,-0.40906154343617096,-0.016362461737446838,0.8,1.98,8.040000000000001,1.458,0.9526311755180359,0.07142857142857142,0.041505223140120506,1.0,1.0,7.5,0.6950000000000001,True,True,False
23.71844220161438,forward_015,3.71844220161438,0.15,0.0,0.0,-0.8213955792198313,-0.05672320068981571,0.09817477042468103,0.79,2.27,8.31,1.151,0.914231538772583,0.0,0.027465734630823135,1.0,1.0,7.5,0.6950000000000001,True,True,False
23.73881959915161,forward_015,3.7388195991516113,0.15,0.0,0.0,-0.8999353955595761,-0.29888763440402893,-0.16580627893946132,-1.9100000000000001,6.3,7.94,1.151,0.8862123489379883,0.0,0.052625448908656836,0.0,1.0,7.5,0.6950000000000001,True,True,False
23.759182929992676,forward_015,3.759182929992676,0.15,0.0,0.0,-0.3959715740462135,-0.037088246604879506,-0.11562806294462433,-1.9100000000000001,6.3,7.94,1.304,0.804823637008667,0.0,0.02402903139591217,0.0,1.0,7.5,0.6950000000000001,True,True,False
23.779544591903687,forward_015,3.7795445919036865,0.15,0.0,0.0,-0.004363323129985824,0.41015237421866746,0.16253378659197193,-3.35,1.26,7.65,0.9210000000000002,0.8396487236022949,0.0,0.06339006358757615,0.0,1.0,7.5,0.6950000000000001,True,True,False
23.799927711486816,forward_015,3.7999277114868164,0.15,0.0,0.0,0.006544984694978736,-0.18216874067690814,-0.5410520681182421,-0.56,-2.73,4.9,0.767,0.7661397457122803,0.0,0.0918375812470913,0.0,1.0,7.5,0.6950000000000001,True,True,False
23.82029700279236,forward_015,3.8202970027923584,0.15,0.0,0.0,-0.13744467859455345,-0.33052172709642613,-0.6185010536754906,-0.56,-2.73,4.9,0.537,0.720357358455658,0.0,0.09317502751946449,0.0,1.0,7.5,0.6950000000000001,True,True,False
23.840776205062866,forward_015,3.840776205062866,0.15,0.0,0.0,-0.06981317007977318,-0.32070425005395803,0.1341721862470641,-0.56,-2.73,4.9,0.767,0.6807513236999512,0.0,0.061740461736917496,0.0,1.0,7.5,0.6950000000000001,True,True,False
23.861142873764038,forward_015,3.861142873764038,0.15,0.0,0.0,0.03490658503988659,-0.18435040224190105,0.46142142099600086,-1.92,-3.33,8.28,1.304,0.7541052103042603,0.0,0.05237475782632828,0.0,1.0,7.5,0.6950000000000001,True,True,False
23.88151526451111,forward_015,3.8815152645111084,0.15,0.0,0.0,-0.1930770485018727,-0.5312345910757741,0.05235987755982989,-1.35,-3.44,9.58,1.841,0.8716018199920654,0.0,0.05066786240786314,0.0,1.0,7.5,0.6950000000000001,True,True,False
23.901881217956543,forward_015,3.901881217956543,0.15,0.0,0.0,-0.061086523819801536,-0.4385139745635753,0.2716168648416175,-1.34,-1.12,8.16,2.302,0.8911117911338806,0.0,0.043401628732681274,0.0,1.0,7.7,0.23299999999999998,True,True,False
23.922256231307983,forward_015,3.9222562313079834,0.15,0.0,0.0,0.24870941840919197,-0.40251655874119224,0.17562375598192942,-0.63,0.22,9.6,1.841,0.9313943386077881,0.0,0.03667513560503721,1.0,1.0,7.7,0.23299999999999998,True,True,False
23.942750215530396,forward_015,3.9427502155303955,0.15,0.0,0.0,0.8213955792198313,-0.8552113334772214,-0.6795875774952921,0.88,-4.0200000000000005,7.58,1.304,0.9345439672470093,0.0,0.0566196134313941,1.0,1.0,7.7,0.23299999999999998,True,True,False
23.963130474090576,forward_015,3.963130474090576,0.15,0.0,0.0,1.1104657365813921,-0.8748462875621577,-0.3076142806640006,0.45,-2.81,7.63,1.151,0.947573184967041,0.0,0.04337437078356743,1.0,1.0,7.7,0.23299999999999998,True,True,False
23.98350763320923,forward_015,3.9835076332092285,0.15,0.0,0.0,1.1082840750163994,-0.9392053037294485,0.06544984694978735,0.45,-2.81,7.63,0.9970000000000001,0.943774938583374,0.0,0.028795304242521524,1.0,0.0,7.7,0.23299999999999998,True,True,False
24.003899097442627,forward_015,4.003899097442627,0.15,0.0,0.0,0.10690141668465268,0.06435901616729091,-0.5257804371632918,0.45,-2.81,7.63,1.227,0.9413315653800964,0.0,0.043281085789203644,1.0,0.0,7.7,0.23299999999999998,True,True,False
24.024322271347046,forward_015,4.024322271347046,0.15,0.0,0.0,-0.16689710972195776,-0.17562375598192942,-0.8410305333047675,-4.0600000000000005,3.34,8.2,1.534,0.8206981420516968,0.0,0.07357119023799896,1.0,1.0,7.7,0.23299999999999998,True,True,False
24.04482102394104,forward_015,4.04482102394104,0.15,0.0,0.0,-0.03490658503988659,-0.2585268954516601,-0.7526732399225546,2.33,3.22,9.66,1.151,0.7337913513183594,0.0,0.06038903445005417,1.0,1.0,7.7,0.23299999999999998,True,True,False
24.065187454223633,forward_015,4.065187454223633,0.15,0.0,0.0,-0.05781403147231216,-0.08508480103472356,-0.8824821030396329,2.52,-0.15,3.96,0.9210000000000002,0.7864247560501099,0.0,0.03776697814464569,1.0,1.0,7.7,0.23299999999999998,True,True,False
24.08569598197937,forward_015,4.08569598197937,0.15,0.0,0.0,0.06872233929727672,-0.5061454830783556,-0.08617563181722002,0.26,0.28,9.58,0.9970000000000001,0.8282719254493713,0.0,0.08792174234986305,1.0,1.0,7.7,0.23299999999999998,True,True,False
24.106071710586548,forward_015,4.106071710586548,0.15,0.0,0.0,0.23452861823673804,-0.4232423436086249,0.3643374813538163,-0.44,2.05,7.890000000000001,1.074,0.8044494986534119,0.0,0.06551090255379677,1.0,1.0,7.6,0.539,True,True,False
24.126450061798096,forward_015,4.126450061798096,0.15,0.0,0.0,0.272707695624114,-0.3883357585687383,0.23671027980173096,-0.47000000000000003,0.27,6.0,1.458,0.752633273601532,0.0,0.048826344311237335,1.0,1.0,7.6,0.539,True,True,False
24.146824598312378,forward_015,4.146824598312378,0.15,0.0,0.0,0.272707695624114,-0.3883357585687383,0.23671027980173096,-0.35000000000000003,0.88,7.61,2.071,0.7358693480491638,0.0,0.04732520133256912,1.0,0.0,7.6,0.539,True,True,False
24.167192935943604,forward_015,4.1671929359436035,0.15,0.0,0.0,0.10581058590215622,-0.2279836335417593,0.6348635154129374,0.8200000000000001,0.24,9.120000000000001,2.302,0.820391058921814,0.0,0.05935811251401901,1.0,0.0,7.6,0.539,True,True,False
24.187575578689575,forward_015,4.187575578689575,0.15,0.0,0.0,-0.4145156973486533,-0.05235987755982989,0.7188574856651645,0.45,0.89,8.11,2.378,0.9132370352745056,0.0,0.07738384907133877,1.0,0.0,7.6,0.539,True,True,False
24.214127779006958,forward_015,4.214127779006958,0.15,0.0,0.0,-0.9773843811168246,-0.15271630954950383,0.6850417314077744,-0.4,1.11,9.07,1.458,0.9526153802871704,0.07142857142857142,0.04678335785865784,1.0,1.0,7.6,0.539,True,True,False
24.234482288360596,forward_015,4.234482288360596,0.15,0.0,0.0,-1.1301006906663285,-0.2923426497090502,0.7374016089676042,-0.4,1.11,9.07,1.6110000000000002,0.951330304145813,0.07142857142857142,0.024617642164230347,1.0,1.0,7.6,0.539,True,True,False
24.254850149154663,forward_015,4.254850149154663,0.15,0.0,0.0,-1.0351984125891367,-0.04799655442984406,0.8323038870447959,-0.4,1.11,9.07,1.6110000000000002,0.9169327616691589,0.0,0.03862248780205846,1.0,1.0,7.6,0.539,True,True,False
24.275220155715942,forward_015,4.275220155715942,0.15,0.0,0.0,-1.050470043544087,0.33815754257390135,0.4559672670835186,-0.4,1.11,9.07,2.455,0.8580381870269775,0.0,0.04053990030661225,0.0,1.0,7.6,0.539,True,True,False
24.295618534088135,forward_015,4.295618534088135,0.15,0.0,0.0,-0.46687557490848314,0.2977968036215325,0.21162117180431245,-0.4,1.11,9.07,2.071,0.853506326675415,0.0,0.020879097282886505,0.0,1.0,7.6,0.539,True,True,False
24.31607413291931,forward_015,4.3160741329193115,0.15,0.0,0.0,-0.28688849579656794,0.3043417883165112,-0.04254240051736178,0.87,-3.71,6.11,1.841,0.7482995390892029,0.0,0.03872152790427208,0.0,1.0,7.7,0.239,True,True,False
24.3368661403656,forward_015,4.336866140365601,0.15,0.0,0.0,-0.3108867730114899,0.08617563181722002,-0.09926560120717749,3.1,-2.11,8.42,0.9970000000000001,0.8076717853546143,0.0,0.046489227563142776,0.0,1.0,7.7,0.239,True,True,False
24.35728096961975,forward_015,4.357280969619751,0.15,0.0,0.0,0.09490227807719166,0.23234695667174513,-0.2912518189265537,1.11,-2.62,9.450000000000001,0.6899999999999998,0.7812637090682983,0.0,0.08829817548394203,0.0,1.0,7.7,0.239,True,True,False
24.37776207923889,forward_015,4.377762079238892,0.15,0.0,0.0,0.2825251726665821,0.41560652813114973,-0.13526301702956053,-2.61,-5.8,7.55,0.844,0.6427145600318909,0.0,0.07858312129974365,0.0,1.0,7.7,0.239,True,True,False
24.398119926452637,forward_015,4.398119926452637,0.15,0.0,0.0,0.2748893571891069,0.5770494839406252,0.3392483733563978,-3.34,-3.91,6.75,1.458,0.765520453453064,0.0,0.05604563653469086,0.0,1.0,7.7,0.239,True,True,False
24.418492794036865,forward_015,4.418492794036865,0.15,0.0,0.0,0.1538071403320003,0.543233729683235,0.29561514205653955,-1.57,-3.2600000000000002,7.890000000000001,2.225,0.9164205193519592,0.0,0.03692640783265233,0.0,1.0,7.7,0.239,True,True,False
24.43886423110962,forward_015,4.438864231109619,0.15,0.0,0.0,0.13199052468207118,0.533416252640767,0.05345070834232634,1.29,-4.25,9.41,2.532,0.8653319478034973,0.0,0.04751987010240555,0.0,1.0,7.7,0.239,True,True,False
24.45922613143921,forward_015,4.459226131439209,0.15,0.0,0.0,0.35015668118136234,0.6228643768054763,0.04581489286485115,-0.56,-3.61,8.6,2.455,0.836449146270752,0.0,0.05029306933283806,0.0,1.0,7.7,0.239,True,True,False
24.47961187362671,forward_015,4.479611873626709,0.15,0.0,0.0,0.7144941625351786,0.11126473981463851,-0.20507618710933373,-0.56,-3.61,8.6,2.071,0.8218780755996704,0.0,0.06318311672657728,1.0,1.0,7.7,0.239,True,True,False
24.500057697296143,forward_015,4.500057697296143,0.15,0.0,0.0,0.9533861039019025,-0.05235987755982989,-0.6632251157578453,-1.25,-3.3000000000000003,5.71,1.304,0.9083343744277954,0.0,0.03670218959450722,1.0,1.0,7.7,0.239,True,True,False
24.52044129371643,forward_015,4.520441293716431,0.15,0.0,0.0,1.102829921103917,-0.37742745074377376,-0.729765793490129,0.03,-2.32,7.4,0.9210000000000002,0.9293038845062256,0.0,0.03382178395986557,1.0,1.0,7.4,1.1239999999999999,True,True,False
24.541486501693726,forward_015,4.541486501693726,0.15,0.0,0.0,1.210822168571066,-0.5235987755982988,-0.27707101875409984,0.03,-2.32,7.4,1.151,0.944503664970398,0.0,0.0352221243083477,1.0,0.0,7.4,1.1239999999999999,True,True,False
24.56187081336975,forward_015,4.561870813369751,0.15,0.0,0.0,0.43524148221608594,0.3239767424014474,-0.37742745074377376,0.03,-2.32,7.4,1.6110000000000002,0.902679979801178,0.0,0.02905165031552314,1.0,0.0,7.4,1.1239999999999999,True,True,False
24.58224606513977,forward_015,4.5822460651397705,0.15,0.0,0.0,0.35779249665883756,0.1439896632895322,-0.3534291735288517,-0.06,3.04,6.51,1.841,0.8343707919120789,0.0,0.050283073913306,1.0,0.0,7.4,1.1239999999999999,True,True,False
24.60261559486389,forward_015,4.602615594863892,0.15,0.0,0.0,0.18435040224190105,-0.23561944901923448,-0.3076142806640006,1.55,-0.2,7.59,1.6110000000000002,0.8685979843139648,0.0,0.040975235402584076,1.0,0.0,7.4,1.1239999999999999,True,True,False
24.622992277145386,forward_015,4.622992277145386,0.15,0.0,0.0,-0.015271630954950384,0.009817477042468103,0.25634523388666713,0.59,1.42,6.24,0.9970000000000001,0.8047117590904236,0.0,0.033058106899261475,1.0,0.0,7.4,1.1239999999999999,True,True,False
24.643368005752563,forward_015,4.6433680057525635,0.15,0.0,0.0,0.0,-0.27052603405912107,0.20180369476184434,0.18,2.81,8.49,0.614,0.8634962439537048,0.0,0.0720042958855629,1.0,0.0,7.4,1.1239999999999999,True,True,False
24.663728713989258,forward_015,4.663728713989258,0.15,0.0,0.0,0.1712604328519436,-0.07417649320975901,0.17453292519943295,0.9,3.2800000000000002,8.36,0.9210000000000002,0.8382927775382996,0.0,0.05913126468658447,1.0,0.0,7.4,1.1239999999999999,True,True,False
24.68410587310791,forward_015,4.68410587310791,0.15,0.0,0.0,0.3141592653589793,0.1265363707695889,0.1505346479845109,0.31,2.34,6.97,1.6110000000000002,0.8200345039367676,0.0,0.05120769888162613,1.0,0.0,7.4,1.1239999999999999,True,True,False
24.704469919204712,forward_015,4.704469919204712,0.15,0.0,0.0,0.15707963267948966,0.4723297288209654,-0.06435901616729091,0.15,2.67,7.94,2.302,0.7792859673500061,0.0,0.04953432967886329,1.0,0.0,7.4,1.1239999999999999,True,True,False
24.72483992576599,forward_015,4.724839925765991,0.15,0.0,0.0,-0.02399827721492203,0.5366887449882564,-0.3567016658763411,0.49,2.7800000000000002,7.99,2.455,0.7764890193939209,0.0,0.04768974334001541,1.0,0.0,7.6,0.669,True,True,False
24.74518918991089,forward_015,4.745189189910889,0.15,0.0,0.0,-0.24107360293171676,0.4788747135159442,-0.5115996369908379,-0.24,1.53,7.17,1.995,0.8768724799156189,0.0,0.051761141046881676,1.0,0.0,7.6,0.669,True,True,False
24.765662908554077,forward_015,4.765662908554077,0.15,0.0,0.0,-0.5999569303730508,0.272707695624114,-0.10799224746714914,0.39,1.6300000000000001,7.66,1.6110000000000002,0.9117504358291626,0.0,0.03917744196951389,1.0,0.0,7.6,0.669,True,True,False
24.78609275817871,forward_015,4.786092758178711,0.15,0.0,0.0,-0.8475755179997463,0.04690572364734761,0.20398535632683726,0.39,1.6300000000000001,7.66,1.381,0.9417728781700134,0.0,0.019491348415613174,1.0,0.0,7.6,0.669,True,True,False
24.806456565856934,forward_015,4.806456565856934,0.15,0.0,0.0,-0.9239336727744982,0.08508480103472356,0.004363323129985824,0.39,1.6300000000000001,7.66,1.151,0.9381274580955505,0.0,0.026802346110343933,1.0,1.0,7.6,0.669,True,True,False
24.82693576812744,forward_015,4.826935768127441,0.15,0.0,0.0,-1.1017390903214206,0.4134248665661568,-0.3239767424014474,-1.86,4.09,8.45,1.074,0.8966618180274963,0.0,0.03980194637551904,1.0,1.0,7.6,0.669,True,True,False
24.847309827804565,forward_015,4.847309827804565,0.15,0.0,0.0,-1.347176016383123,0.4919646829059016,-1.1802789066611654,-0.5,3.54,7.43,1.534,0.8687888383865356,0.0,0.026512475684285164,0.0,1.0,7.6,0.669,True,True,False
24.867822408676147,forward_015,4.8678224086761475,0.15,0.0,0.0,-0.6043202535030366,0.7712173632249943,-1.3046336158657614,-0.5,3.54,7.43,1.534,0.8896397948265076,0.0,0.03562375530600548,0.0,1.0,7.6,0.669,True,True,False
24.888300895690918,forward_015,4.888300895690918,0.15,0.0,0.0,-0.38942658935123475,1.0722866591940161,-0.5988660995905544,-3.44,-4.18,8.01,1.227,0.9047296643257141,0.0,0.06696428917348385,0.0,1.0,7.6,0.669,True,True,False
24.908671855926514,forward_015,4.908671855926514,0.15,0.0,0.0,0.10253809355466686,0.49960049838337683,-0.49741883681838395,2.49,-4.92,4.55,0.6899999999999998,0.864916205406189,0.0,0.08952744977432303,0.0,1.0,7.6,0.669,True,True,False
24.929049015045166,forward_015,4.929049015045166,0.15,0.0,0.0,-0.10253809355466686,0.38724492778624187,-0.5606870222031783,-4.08,-3.41,8.09,0.767,0.7997801899909973,0.0,0.0925464041356463,0.0,1.0,7.6,0.7150000000000001,True,True,False
24.949439764022827,forward_015,4.949439764022827,0.15,0.0,0.0,-0.0272707695624114,0.09381144729469522,0.04690572364734761,-4.08,-3.41,8.09,0.6899999999999998,0.7847175002098083,0.0,0.06448013335466385,0.0,1.0,7.6,0.7150000000000001,True,True,False
24.96991539001465,forward_015,4.969915390014648,0.15,0.0,0.0,-0.12871803233458182,0.25634523388666713,0.5094179754258449,-0.89,-2.92,7.23,1.381,0.8514775633811951,0.0,0.05669914186000824,0.0,1.0,7.6,0.7150000000000001,True,True,False
24.990276098251343,forward_015,4.990276098251343,0.15,0.0,0.0,-0.4854196982109229,0.08508480103472356,0.35015668118136234,-1.56,-5.05,6.61,1.918,0.8267076015472412,0.0,0.05266460031270981,0.0,1.0,7.6,0.7150000000000001,True,True,False
25.01064395904541,forward_015,5.01064395904541,0.15,0.0,0.0,-0.421060682043632,0.07417649320975901,0.5181446216858165,-2.23,-3.41,8.0,2.685,0.8400502800941467,0.0,0.06356801278889179,0.0,1.0,7.6,0.7150000000000001,True,True,False
25.03101110458374,forward_015,5.03101110458374,0.15,0.0,0.0,0.09053895494720585,0.019634954084936207,0.6904958853202566,-2.41,0.49,7.18,2.378,0.9007590413093567,0.0,0.06030814163386822,0.0,1.0,7.6,0.7150000000000001,True,True,False
25.05138087272644,forward_015,5.05138087272644,0.15,0.0,0.0,0.3763366199612773,-0.2083486794568231,-0.04363323129985824,-2.58,-1.46,6.8,2.148,0.935247540473938,0.0,0.021093232091516256,0.0,1.0,7.6,0.7150000000000001,True,True,False
25.071845293045044,forward_015,5.071845293045044,0.15,0.0,0.0,0.6239552075879728,-0.9250245035569946,-0.6730425928003133,-0.43,-3.99,9.09,1.841,0.963179886341095,0.07142857142857142,0.05208132416009903,1.0,1.0,7.6,0.7150000000000001,True,True,False
25.092220783233643,forward_015,5.092220783233643,0.15,0.0,0.0,0.940296134511945,-1.1082840750163994,-0.27052603405912107,-0.35000000000000003,-4.88,6.78,0.9970000000000001,0.9623892903327942,0.07142857142857142,0.02945354115217924,1.0,1.0,7.6,0.7150000000000001,True,True,False
25.11258053779602,forward_015,5.1125805377960205,0.15,0.0,0.0,1.365720139685563,-1.4540774330677757,0.38942658935123475,-0.88,-3.5700000000000003,6.66,1.304,0.9353591799736023,0.0,0.023383640684187412,1.0,0.0,7.6,0.7150000000000001,True,True,False
25.132959604263306,forward_015,5.132959604263306,0.15,0.0,0.0,1.3417218624706408,-1.1759155835311796,1.076649982324002,-0.88,-3.5700000000000003,6.66,1.534,0.9188898801803589,0.0,0.020732685923576355,1.0,0.0,7.7,0.167,True,True,False
25.153326511383057,forward_015,5.153326511383057,0.15,0.0,0.0,0.2552544031041707,-0.02945243112740431,0.6010477611555473,-0.88,-3.5700000000000003,6.66,1.534,0.86896151304245,0.0,0.04813192645087838,1.0,0.0,7.7,0.167,True,True,False
25.17385458946228,forward_015,5.17385458946228,0.15,0.0,0.0,-0.15489797111449674,-0.4112432050011639,0.5225079448158024,2.07,5.75,4.2,0.9210000000000002,0.8589229583740234,0.0,0.05064104497432709,1.0,1.0,7.7,0.167,True,True,False
25.19422459602356,forward_015,5.19422459602356,0.15,0.0,0.0,0.17671458676442586,-0.4723297288209654,0.23671027980173096,4.26,1.46,6.08,0.6899999999999998,0.8247853517532349,0.0,0.06277959980070591,1.0,1.0,7.7,0.167,True,True,False
25.21459937095642,forward_015,5.214599370956421,0.15,0.0,0.0,0.04145156973486533,-0.1308996938995747,0.2977968036215325,4.26,1.46,6.08,0.614,0.8106805682182312,0.0,0.05211636610329151,1.0,1.0,7.7,0.167,True,True,False
25.23505711555481,forward_015,5.23505711555481,0.15,0.0,0.0,0.12544553998709243,-0.4036073895236887,0.6086835766330224,4.26,1.46,6.08,0.9970000000000001,0.7967168092727661,0.0,0.08401285111904144,1.0,0.0,7.7,0.167,True,True,False
25.255547285079956,forward_015,5.255547285079956,0.15,0.0,0.0,0.21489366415180183,-0.2007128639793479,-0.017453292519943295,-0.48,3.14,5.6000000000000005,1.458,0.7627273201942444,0.0,0.09359585866332054,1.0,0.0,7.7,0.167,True,True,False
25.27592134475708,forward_015,5.27592134475708,0.15,0.0,0.0,0.40033489717619936,0.00545415391248228,-0.32288591161895097,-0.18,0.97,7.45,1.841,0.7861164212226868,0.0,0.04643950145691633,1.0,0.0,7.7,0.167,True,True,False
25.29633140563965,forward_015,5.296331405639648,0.15,0.0,0.0,0.11780972450961724,0.12871803233458182,-0.21598449493429828,-0.24,1.98,7.640000000000001,1.995,0.8433465957641602,0.0,0.039305026642978184,1.0,0.0,7.7,0.167,True,True,False
25.316692352294922,forward_015,5.316692352294922,0.15,0.0,0.0,-0.17453292519943295,-0.004363323129985824,-0.25089107997418486,-0.04,1.9000000000000001,8.89,2.225,0.8890246748924255,0.0,0.04815618321299553,1.0,0.0,7.7,0.167,True,True,False
25.33716607093811,forward_015,5.33716607093811,0.15,0.0,0.0,-0.45487643630102215,0.11017390903214205,-0.2519819107566813,-0.05,0.44,9.53,1.765,0.9360311627388,0.0,0.03142021968960762,1.0,0.0,7.5,0.6480000000000001,True,True,False
25.35753083229065,forward_015,5.357530832290649,0.15,0.0,0.0,-0.6774059159302992,-0.29670597283903605,0.56941366846315,-0.05,0.44,9.53,1.304,0.9718154072761536,0.07142857142857142,0.04794601257890463,1.0,1.0,7.5,0.6480000000000001,True,True,False
25.377904415130615,forward_015,5.377904415130615,0.15,0.0,0.0,-1.004655150679236,-0.5759586531581288,0.5934119456780721,-0.05,0.44,9.53,1.841,0.9536277055740356,0.07142857142857142,0.020888328435830772,1.0,1.0,7.5,0.6480000000000001,True,True,False
25.398425579071045,forward_015,5.398425579071045,0.15,0.0,0.0,-1.1726430911836903,-0.061086523819801536,-0.28688849579656794,-0.05,0.44,9.53,2.302,0.8536303639411926,0.0,0.04128256160765886,0.0,1.0,7.5,0.6480000000000001,True,True,False
25.418895721435547,forward_015,5.418895721435547,0.15,0.0,0.0,-0.5006913291658733,0.433059820651093,-0.4374231437810788,-0.05,0.44,9.53,1.381,0.8190757632255554,0.0,0.03575133718550205,0.0,1.0,7.5,0.6480000000000001,True,True,False
25.43945550918579,forward_015,5.439455509185791,0.15,0.0,0.0,-0.35561083509384467,0.28034351110158917,-0.4079707126536745,2.21,-2.61,6.140000000000001,0.9210000000000002,0.8503714203834534,0.0,0.04363437416031957,0.0,1.0,7.5,0.6480000000000001,True,True,False
25.45982551574707,forward_015,5.45982551574707,0.15,0.0,0.0,-0.2596177262341565,0.346884188833873,-0.8388488717397746,0.59,-3.54,5.26,0.6899999999999998,0.7032957673072815,0.0,0.0740363597869873,0.0,1.0,7.5,0.6480000000000001,True,True,False
25.480207443237305,forward_015,5.480207443237305,0.15,0.0,0.0,-0.284706834231575,0.6065019150680295,-0.7330382858376184,-1.24,-4.89,9.39,0.9970000000000001,0.6431184411048889,0.0,0.030457712709903717,0.0,1.0,7.5,0.6480000000000001,True,True,False
25.500577211380005,forward_015,5.500577211380005,0.15,0.0,0.0,-0.039269908169872414,0.7308566242726255,0.05781403147231216,-1.94,-4.7700000000000005,9.8,1.304,0.6233177185058594,0.0,0.06580058485269547,0.0,1.0,7.5,0.6480000000000001,True,True,False
25.520947217941284,forward_015,5.520947217941284,0.15,0.0,0.0,0.2879793265790644,0.46796640569097964,0.4265148359561143,-3.33,-4.18,8.18,1.918,0.8408917188644409,0.0,0.06910497695207596,0.0,1.0,7.5,0.6480000000000001,True,True,False
25.541313409805298,forward_015,5.541313409805298,0.15,0.0,0.0,0.4036073895236887,0.7308566242726255,0.48978302134090873,-0.53,-2.2,5.95,1.841,0.9151275753974915,0.0,0.052528075873851776,0.0,1.0,7.2,1.6370000000000002,True,True,False
25.561940670013428,forward_015,5.561940670013428,0.15,0.0,0.0,0.6326818538479445,0.45705809786601503,0.26725354171163174,-0.12,-1.21,5.7,1.688,0.8521471619606018,0.0,0.0863250307738781,0.0,1.0,7.2,1.6370000000000002,True,True,False
25.582410097122192,forward_015,5.582410097122192,0.15,0.0,0.0,0.7057675162752071,0.04254240051736178,-0.02945243112740431,-2.71,-3.43,8.9,1.304,0.8656694293022156,0.0,0.05064423056319356,1.0,1.0,7.2,1.6370000000000002,True,True,False
25.6027774810791,forward_015,5.602777481079102,0.15,0.0,0.0,0.842121364087264,-0.10581058590215622,-0.3948807432637171,-3.06,-3.33,6.890000000000001,1.304,0.9046075940132141,0.0,0.02997728530317545,1.0,1.0,7.2,1.6370000000000002,True,True,False
25.623257160186768,forward_015,5.623257160186768,0.15,0.0,0.0,0.892299580082101,-0.35452000431134817,-0.6686792696703275,-1.18,-2.5500000000000003,8.68,1.151,0.9442605972290039,0.0,0.041068531572818756,1.0,1.0,7.2,1.6370000000000002,True,True,False
25.64372754096985,forward_015,5.643727540969849,0.15,0.0,0.0,0.8770279491271507,-0.4188790204786391,-0.7221299780126539,-1.18,-2.5500000000000003,8.68,1.151,0.9445845484733582,0.0,0.037287390790879726,1.0,0.0,7.2,1.6370000000000002,True,True,False
25.664091110229492,forward_015,5.664091110229492,0.15,0.0,0.0,0.6904958853202566,0.1341721862470641,-0.8955720724295904,-1.18,-2.5500000000000003,8.68,1.688,0.9078736305236816,0.0,0.02115655690431595,1.0,0.0,7.2,1.6370000000000002,True,True,False
25.684525728225708,forward_015,5.684525728225708,0.15,0.0,0.0,0.40906154343617096,-0.013089969389957472,-1.0810133054539879,-1.18,-2.5500000000000003,8.68,1.688,0.8772776126861572,0.0,0.04305209591984749,1.0,0.0,7.2,1.6370000000000002,True,True,False
25.704893827438354,forward_015,5.7048938274383545,0.15,0.0,0.0,0.19416787928436915,-0.04254240051736178,-1.2675453692608818,0.89,3.31,9.78,1.534,0.8879712820053101,0.0,0.06442906893789768,1.0,0.0,7.2,1.6370000000000002,True,True,False
25.725402355194092,forward_015,5.725402355194092,0.15,0.0,0.0,0.04690572364734761,-0.0818123086872342,-0.940296134511945,-0.06,-0.43,5.29,1.227,0.8745388984680176,0.0,0.05493233818560839,1.0,0.0,7.2,1.6370000000000002,True,True,False
25.745842218399048,forward_015,5.745842218399048,0.15,0.0,0.0,0.04145156973486533,-0.22580197197676638,-0.2814343418840856,1.6400000000000001,0.71,7.62,1.151,0.9292736053466797,0.0,0.12282881885766983,1.0,0.0,7.6,0.397,True,True,False
25.766209363937378,forward_015,5.766209363937378,0.15,0.0,0.0,0.014180800172453928,-0.08072147790473774,-0.1505346479845109,0.79,2.5500000000000003,9.05,1.688,0.9783444404602051,0.07142857142857142,0.08038835227489471,1.0,0.0,7.6,0.397,True,True,False
25.786572217941284,forward_015,5.786572217941284,0.15,0.0,0.0,0.17453292519943295,-0.032724923474893676,-0.10799224746714914,0.67,1.6300000000000001,5.74,1.534,0.9824508428573608,0.07142857142857142,0.05936821084469557,1.0,0.0,7.6,0.397,True,True,False
25.80693244934082,forward_015,5.80693244934082,0.15,0.0,0.0,0.23889194136672387,0.09599310885968812,-0.001090830782496456,-0.17,1.4000000000000001,6.49,1.918,0.9343640208244324,0.0,0.08872359059751034,1.0,0.0,7.6,0.397,True,True,False
25.827309131622314,forward_015,5.8273091316223145,0.15,0.0,0.0,0.17235126363444003,0.5061454830783556,-0.030543261909900768,-1.16,1.79,8.96,2.378,0.7988733649253845,0.0,0.08694165851920843,1.0,1.0,7.6,0.397,True,True,False
25.847696781158447,forward_015,5.847696781158447,0.15,0.0,0.0,0.10035643198967395,0.7668540400950086,-0.022907446432425576,-1.6,1.3,8.41,2.532,0.8095594048500061,0.0,0.059753877809271216,1.0,1.0,7.6,0.397,True,True,False
25.868056774139404,forward_015,5.868056774139404,0.15,0.0,0.0,-0.17998707911191522,0.9326603190344699,-0.01090830782496456,-1.76,0.78,8.11,1.458,0.8956518173217773,0.0,0.04522403539158404,1.0,1.0,7.6,0.397,True,True,False
25.888447523117065,forward_015,5.888447523117065,0.15,0.0,0.0,-0.8126689329598596,0.4537856055185257,-0.06654067773228381,-1.76,0.78,8.11,1.765,0.9520564675331116,0.07142857142857142,0.024943798780441284,1.0,1.0,7.6,0.397,True,True,False
25.9089138507843,forward_015,5.908913850784302,0.15,0.0,0.0,-0.7428557628800865,1.0897399517139594,-0.039269908169872414,-2.88,-0.9,7.5200000000000005,1.918,0.8770237565040588,0.0,0.05920984409749508,1.0,1.0,7.6,0.397,True,True,False
25.929386377334595,forward_015,5.929386377334595,0.15,0.0,0.0,-0.842121364087264,0.9686577348568529,0.7090400086226963,-2.84,2.25,8.28,2.302,0.7968190312385559,0.0,0.04572904109954834,1.0,1.0,7.6,0.397,True,True,False
25.9498553276062,forward_015,5.949855327606201,0.15,0.0,0.0,-0.9119345341670372,0.4854196982109229,0.49414634447089456,-2.84,2.25,8.28,2.302,0.79265296459198,0.0,0.016979679465293884,1.0,1.0,7.5,0.702,True,True,False
25.970224857330322,forward_015,5.970224857330322,0.15,0.0,0.0,-0.8792096106921435,0.6348635154129374,-0.41996985126113556,-2.84,2.25,8.28,1.765,0.8365562558174133,0.0,0.05403256043791771,1.0,1.0,7.5,0.702,True,True,False
25.990593194961548,forward_015,5.990593194961548,0.15,0.0,0.0,-0.32179508083645453,0.2530727415391778,0.1407171709420428,-1.62,-1.06,6.07,1.151,0.8132947683334351,0.0,0.06516050081700087,0.0,1.0,7.5,0.702,True,True,False
26.01096534729004,forward_015,6.010965347290039,0.15,0.0,0.0,-0.32070425005395803,-0.06326818538479445,0.23234695667174513,-0.78,-0.42,7.88,0.767,0.8005971908569336,0.0,0.08916325122117996,0.0,1.0,7.5,0.702,True,True,False
26.0313241481781,forward_015,6.031324148178101,0.15,0.0,0.0,-0.5475970528132209,-0.1712604328519436,-0.050178215994836975,-2.7,-1.29,6.79,0.6899999999999998,0.7786939740180969,0.0,0.09220435097813606,0.0,1.0,7.5,0.702,True,True,False
26.051695108413696,forward_015,6.051695108413696,0.15,0.0,0.0,-0.6490443155853913,-0.26725354171163174,-0.05781403147231216,-2.6,-2.93,8.700000000000001,0.9210000000000002,0.7651925086975098,0.0,0.03352385759353638,0.0,1.0,7.5,0.702,True,True,False
26.07212495803833,forward_015,6.07212495803833,0.15,0.0,0.0,-0.4494222823885399,0.07853981633974483,0.5541420375081997,-2.05,-2.88,7.87,1.227,0.7944018840789795,0.0,0.051676876842975616,0.0,1.0,7.5,0.702,True,True,False
26.09249258041382,forward_015,6.092492580413818,0.15,0.0,0.0,-0.3687008044838021,0.27598018797160334,0.5966844380255614,-2.65,-2.5,7.7,2.532,0.8484523892402649,0.0,0.06130244396626949,0.0,1.0,7.5,0.702,True,True,False
26.11287212371826,forward_015,6.112872123718262,0.15,0.0,0.0,-0.2279836335417593,0.2203478180642841,0.5563236990731926,-2.3000000000000003,-1.44,7.48,2.378,0.8123197555541992,0.0,0.07419777661561966,0.0,1.0,7.5,0.702,True,True,False
26.13339114189148,forward_015,6.1333911418914795,0.15,0.0,0.0,0.002181661564992912,0.18980455615438332,0.3196134192714616,-2.38,-1.1300000000000001,7.66,1.841,0.878354549407959,0.0,0.0591100319288671,0.0,1.0,7.5,0.702,True,True,False
26.153806924819946,forward_015,6.153806924819946,0.15,0.0,0.0,0.3010692959690218,0.07417649320975901,-0.14289883250703572,-2.11,-5.32,9.700000000000001,1.841,0.9204093217849731,0.0,0.029627245385199785,0.0,1.0,7.3,1.61,True,True,False
26.17417621612549,forward_015,6.174176216125488,0.15,0.0,0.0,0.49414634447089456,-0.32615840396644036,-0.31634092692397225,-1.9100000000000001,-3.85,8.01,1.918,0.9484679102897644,0.0,0.029752887785434723,1.0,1.0,7.3,1.61,True,True,False
26.194550037384033,forward_015,6.194550037384033,0.15,0.0,0.0,1.0188359508516898,-0.7254024703601433,0.06763150851478027,-0.9500000000000001,-4.12,8.27,1.074,0.9493350386619568,0.0,0.022557418793439865,1.0,1.0,7.3,1.61,True,True,False
26.214925050735474,forward_015,6.214925050735474,0.15,0.0,0.0,1.4453507868078042,-0.9850201965942997,0.543233729683235,-0.61,-4.59,6.66,1.151,0.9352588653564453,0.0,0.029276845045387745,1.0,0.0,7.3,1.61,True,True,False
26.23529291152954,forward_015,6.235292911529541,0.15,0.0,0.0,1.5151639568875774,-1.0493792127615906,0.791943148092427,-0.61,-4.59,6.66,1.6110000000000002,0.9085302948951721,0.0,0.017937317956238985,1.0,0.0,7.3,1.61,True,True,False
26.25566816329956,forward_015,6.2556681632995605,0.15,0.0,0.0,0.21925698728178766,0.11780972450961724,0.5159629601208237,-3.0300000000000002,1.46,8.6,1.534,0.8685659170150757,0.0,0.04772678017616272,1.0,0.0,7.3,1.61,True,True,False
26.276034116744995,forward_015,6.276034116744995,0.15,0.0,0.0,-0.16689710972195776,-0.3567016658763411,0.19853120241435498,0.03,4.7700000000000005,3.46,1.074,0.8817233443260193,0.0,0.061872608959674835,1.0,1.0,7.3,1.61,True,True,False
26.296427965164185,forward_015,6.296427965164185,0.15,0.0,0.0,0.20616701789183017,-0.38288160465625604,-0.017453292519943295,0.78,-0.66,6.75,0.6899999999999998,0.9019197225570679,0.0,0.0836460143327713,1.0,1.0,7.3,1.61,True,True,False
26.3169002532959,forward_015,6.316900253295898,0.15,0.0,0.0,0.2716168648416175,0.18871372537188688,0.24434609527920614,-1.71,3.54,8.9,0.6899999999999998,0.7972777485847473,0.0,0.07739214599132538,1.0,1.0,7.3,1.61,True,True,False
26.337416887283325,forward_015,6.337416887283325,0.15,0.0,0.0,0.28034351110158917,0.18544123302439752,0.421060682043632,-1.71,3.54,8.9,1.381,0.6931766271591187,0.0,0.0866280272603035,1.0,0.0,7.3,1.61,True,True,False
26.35779070854187,forward_015,6.35779070854187,0.15,0.0,0.0,0.4374231437810788,0.2977968036215325,-0.38288160465625604,-0.14,2.44,5.37,1.688,0.7400544881820679,0.0,0.08360557071864605,1.0,0.0,7.5,0.935,True,True,False
26.378163814544678,forward_015,6.378163814544678,0.15,0.0,0.0,0.607592745850526,0.30543261909900765,-0.44505895925855404,-0.66,0.59,6.58,2.225,0.7835447192192078,0.0,0.03591226786375046,1.0,0.0,7.5,0.935,True,True,False
26.398529767990112,forward_015,6.398529767990112,0.15,0.0,0.0,0.3719732968312915,0.44178646691106466,-0.3294308963139297,-1.96,3.61,9.49,2.608,0.8084286451339722,0.0,0.06233681365847587,1.0,0.0,7.5,0.935,True,True,False
26.418917655944824,forward_015,6.418917655944824,0.15,0.0,0.0,-0.030543261909900768,0.28361600344907856,-0.5214171140333059,-1.96,3.61,9.49,2.608,0.8725382089614868,0.0,0.0767245851457119,1.0,0.0,7.5,0.935,True,True,False
26.439279079437256,forward_015,6.439279079437256,0.15,0.0,0.0,-0.05890486225480862,0.07090400086226964,-0.20398535632683726,-0.8300000000000001,1.78,6.76,2.302,0.9247779250144958,0.0,0.034770578145980835,1.0,0.0,7.5,0.935,True,True,False
26.459646224975586,forward_015,6.459646224975586,0.15,0.0,0.0,-0.04036073895236887,-0.27379852640661045,0.4014257279586958,-0.37,2.49,7.65,1.6110000000000002,0.9476962089538574,0.0,0.03461368381977081,1.0,0.0,7.5,0.935,True,True,False
26.48012351989746,forward_015,6.480123519897461,0.15,0.0,0.0,-0.3337942194439155,-0.20180369476184434,0.17235126363444003,-1.46,2.94,8.85,2.378,0.9026203751564026,0.0,0.03705252707004547,1.0,1.0,7.5,0.935,True,True,False
26.500566482543945,forward_015,6.500566482543945,0.15,0.0,0.0,-0.770126532442498,-0.20725784867432664,-0.5759586531581288,-0.62,2.69,9.11,1.304,0.8738835453987122,0.0,0.014830604195594791,1.0,1.0,7.5,0.935,True,True,False
26.520934581756592,forward_015,6.520934581756592,0.15,0.0,0.0,-1.1257373675363425,0.07526732399225546,-0.9675669040743564,-1.01,4.91,7.32,1.074,0.8513648509979248,0.0,0.020604573190212253,1.0,1.0,7.5,0.935,True,True,False
26.541367530822754,forward_015,6.541367530822754,0.15,0.0,0.0,-1.50207398749762,0.10144726277217041,-1.7300576210393792,-1.01,4.91,7.32,0.844,0.8844896554946899,0.0,0.0442546121776104,0.0,1.0,7.5,0.935,True,True,False
26.561928749084473,forward_015,6.561928749084473,0.15,0.0,0.0,-0.8257589023498172,0.45160394395353276,-0.8955720724295904,-1.01,4.91,7.32,0.614,0.9072685837745667,0.0,0.04276791960000992,0.0,1.0,7.6,0.505,True,True,False
26.58320665359497,forward_015,6.583206653594971,0.15,0.0,0.0,-0.2748893571891069,0.38069994309126315,-0.16144295580947549,1.22,-3.29,5.53,0.614,0.7256160974502563,0.0,0.10226419940590858,0.0,1.0,7.6,0.505,True,True,False
26.60356855392456,forward_015,6.6035685539245605,0.15,0.0,0.0,-0.41015237421866746,-0.29561514205653955,-0.007635815477475192,-2.56,-1.96,7.62,0.6899999999999998,0.7188783884048462,0.0,0.06496544927358627,0.0,1.0,7.6,0.505,True,True,False
26.623939514160156,forward_015,6.623939514160156,0.15,0.0,0.0,-0.45814892864851153,-0.2628902185816459,0.49414634447089456,-2.56,-1.96,7.62,0.844,0.7341037392616272,0.0,0.05007930099964142,0.0,1.0,7.6,0.505,True,True,False
26.6443030834198,forward_015,6.6443030834198,0.15,0.0,0.0,-0.4188790204786391,0.07526732399225546,0.7286749627076325,-3.37,-2.59,7.390000000000001,2.148,0.8075740337371826,0.0,0.061432851012796164,0.0,1.0,7.6,0.505,True,True,False
26.664669513702393,forward_015,6.664669513702393,0.15,0.0,0.0,-0.42978732830360367,-0.2007128639793479,0.20943951023931956,-1.27,-3.2600000000000002,6.78,2.148,0.8747848272323608,0.0,0.05574952904134989,0.0,1.0,7.6,0.505,True,True,False
26.685049533843994,forward_015,6.685049533843994,0.15,0.0,0.0,-0.3719732968312915,-0.21489366415180183,0.002181661564992912,-2.5300000000000002,-1.68,7.32,1.995,0.9219053983688354,0.0,0.03700346127152443,0.0,1.0,7.6,0.505,True,True,False
26.70559573173523,forward_015,6.7055957317352295,0.15,0.0,0.0,0.006544984694978736,-0.32834006553143325,-0.25089107997418486,-1.11,-1.94,9.370000000000001,2.685,0.9359423518180847,0.0,0.04954486805945635,0.0,1.0,7.6,0.505,True,True,False
26.72597360610962,forward_015,6.725973606109619,0.15,0.0,0.0,0.4603305902135044,-0.8443030256522569,-0.779944009484966,0.24,-3.36,8.35,2.071,0.9591944813728333,0.07142857142857142,0.03727344237267971,1.0,1.0,7.6,0.505,True,True,False
26.746460437774658,forward_015,6.746460437774658,0.15,0.0,0.0,0.7330382858376184,-1.1682797680537043,-0.8039422866998881,-1.21,-3.72,5.24,1.074,0.9590898752212524,0.07142857142857142,0.028104104101657867,1.0,1.0,7.6,0.505,True,True,False
26.766826152801514,forward_015,6.766826152801514,0.15,0.0,0.0,1.069014166846527,-1.2686362000433782,-0.4014257279586958,-0.8300000000000001,-4.87,7.37,0.844,0.9600587487220764,0.07142857142857142,0.026317184790968895,1.0,0.0,7.5,0.7220000000000001,True,True,False
26.787189483642578,forward_015,6.787189483642578,0.15,0.0,0.0,1.4169891864628963,-1.1311915214488248,0.41560652813114973,-0.8300000000000001,-4.87,7.37,1.534,0.9233320355415344,0.0,0.02997811883687973,1.0,0.0,7.5,0.7220000000000001,True,True,False
26.807580947875977,forward_015,6.807580947875977,0.15,0.0,0.0,0.46142142099600086,0.05890486225480862,0.3294308963139297,-0.8300000000000001,-4.87,7.37,1.381,0.8524837493896484,0.0,0.05144817382097244,1.0,0.0,7.5,0.7220000000000001,True,True,False
26.828052520751953,forward_015,6.828052520751953,0.15,0.0,0.0,0.019634954084936207,-0.28688849579656794,0.5083271446433485,-2.19,2.63,2.97,0.6899999999999998,0.8840581178665161,0.0,0.06577202677726746,1.0,0.0,7.5,0.7220000000000001,True,True,False
26.848434686660767,forward_015,6.848434686660767,0.15,0.0,0.0,0.2399827721492203,-0.717766654882668,0.7690357016600015,4.38,4.44,7.0600000000000005,1.151,0.777083694934845,0.0,0.07434473931789398,1.0,0.0,7.5,0.7220000000000001,True,True,False
26.868805408477783,forward_015,6.868805408477783,0.15,0.0,0.0,0.136353847812057,-0.44505895925855404,0.6108652381980153,1.99,1.68,8.48,0.9970000000000001,0.8185295462608337,0.0,0.06120217591524124,1.0,0.0,7.5,0.7220000000000001,True,True,False
26.889334440231323,forward_015,6.889334440231323,0.15,0.0,0.0,0.06872233929727672,-0.7570365630525404,0.7101308394051928,1.99,1.68,8.48,1.074,0.7472950220108032,0.0,0.039728209376335144,1.0,0.0,7.5,0.7220000000000001,True,True,False
26.909843683242798,forward_015,6.909843683242798,0.15,0.0,0.0,0.038179077387375956,-0.4461497900410505,0.6228643768054763,0.07,4.03,7.12,1.458,0.7513192296028137,0.0,0.06484030373394489,1.0,0.0,7.5,0.7220000000000001,True,True,False
26.930227041244507,forward_015,6.930227041244507,0.15,0.0,0.0,0.018544123302439753,-0.2596177262341565,-0.05672320068981571,0.58,2.21,7.65,1.995,0.7996246814727783,0.0,0.04903998738154769,1.0,0.0,7.5,0.7220000000000001,True,True,False
26.950597286224365,forward_015,6.950597286224365,0.15,0.0,0.0,-0.10144726277217041,-0.15162547876700738,-0.3272492347489368,-0.5700000000000001,1.6,7.15,1.995,0.8388753533363342,0.0,0.030373703688383102,1.0,0.0,7.5,0.7220000000000001,True,True,False
26.970969200134277,forward_015,6.970969200134277,0.15,0.0,0.0,-0.2999784651865254,-0.14180800172453928,-0.030543261909900768,-0.71,1.26,8.84,1.381,0.948550820350647,0.0,0.036377971060574055,1.0,1.0,7.5,0.875,True,True,False
26.991333723068237,forward_015,6.991333723068237,0.15,0.0,0.0,-0.65558930028037,0.003272492347489368,0.2923426497090502,1.6300000000000001,2.35,9.09,1.074,0.9612697958946228,0.07142857142857142,0.04276199825108051,1.0,1.0,7.5,0.875,True,True,False
27.011703729629517,forward_015,7.011703729629517,0.15,0.0,0.0,-0.8966629032120869,-0.56941366846315,0.3425208657038872,1.6300000000000001,2.35,9.09,1.074,0.9694328904151917,0.07142857142857142,0.036081469152122736,1.0,1.0,7.5,0.875,True,True,False
27.032066822052002,forward_015,7.032066822052002,0.15,0.0,0.0,-1.064650843716541,-0.5148721293383273,0.44724062082354693,1.6300000000000001,2.35,9.09,1.534,0.9573529958724976,0.07142857142857142,0.023155398666858673,1.0,1.0,7.5,0.875,True,True,False
27.052419185638428,forward_015,7.052419185638428,0.15,0.0,0.0,-0.4657847441259867,0.30325095753401476,0.5781403147231217,1.6300000000000001,2.35,9.09,2.148,0.88206946849823,0.0,0.04420195333659649,1.0,1.0,7.5,0.875,True,True,False
27.07279634475708,forward_015,7.07279634475708,0.15,0.0,0.0,-0.24434609527920614,0.32506757318394386,0.7973973020049093,1.24,-1.87,8.790000000000001,1.688,0.8136835098266602,0.0,0.02205316722393036,1.0,1.0,7.5,0.875,True,True,False
27.09332299232483,forward_015,7.093322992324829,0.15,0.0,0.0,-0.3272492347489368,0.061086523819801536,0.3196134192714616,2.63,-2.4,6.95,1.381,0.8437723517417908,0.0,0.06903749611228704,1.0,1.0,7.5,0.875,True,True,False
27.11377263069153,forward_015,7.113772630691528,0.15,0.0,0.0,-0.4603305902135044,0.07635815477475191,-0.20725784867432664,1.57,-2.21,5.68,0.9210000000000002,0.8334895968437195,0.0,0.08467914257198572,1.0,1.0,7.5,0.875,True,True,False
27.13423466682434,forward_015,7.134234666824341,0.15,0.0,0.0,-0.22580197197676638,-0.03381575425739013,-0.3436116964863836,2.08,-2.07,8.56,0.844,0.7940787076950073,0.0,0.05315849184989929,0.0,1.0,7.5,0.875,True,True,False
27.154595851898193,forward_015,7.154595851898193,0.15,0.0,0.0,-0.15817046346198613,0.09272061651219876,-0.3294308963139297,2.08,-2.07,8.56,1.841,0.7962937355041504,0.0,0.04566122405230999,0.0,1.0,7.5,0.875,True,True,False
27.17495632171631,forward_015,7.174956321716309,0.15,0.0,0.0,0.07744898555724837,0.38942658935123475,-0.20398535632683726,-2.92,-4.74,8.76,2.378,0.695024311542511,0.0,0.06782980868592858,0.0,1.0,7.7,0.38800000000000007,True,True,False
27.195321083068848,forward_015,7.195321083068848,0.15,0.0,0.0,0.2814343418840856,0.4505131131710363,0.10362892433716332,-2.06,-3.97,7.55,2.302,0.791499674320221,0.0,0.04797226935625076,0.0,1.0,7.7,0.38800000000000007,True,True,False
27.215685844421387,forward_015,7.215685844421387,0.15,0.0,0.0,0.37306412761378793,0.43524148221608594,0.2716168648416175,-2.06,-3.97,7.55,1.918,0.8505630493164062,0.0,0.05039229243993759,0.0,1.0,7.7,0.38800000000000007,True,True,False
27.23617911338806,forward_015,7.2361791133880615,0.15,0.0,0.0,0.5934119456780721,0.5639595145506677,0.2977968036215325,-0.08,-3.18,8.15,1.458,0.7828602194786072,0.0,0.07411936670541763,1.0,1.0,7.7,0.38800000000000007,True,True,False
27.256547212600708,forward_015,7.256547212600708,0.15,0.0,0.0,0.878118779909647,0.9621127501618741,0.3534291735288517,-1.84,-2.89,3.21,0.9210000000000002,0.7951662540435791,0.0,0.0642533153295517,1.0,1.0,7.7,0.38800000000000007,True,True,False
27.276915311813354,forward_015,7.2769153118133545,0.15,0.0,0.0,1.074468320759009,0.4494222823885399,0.19198621771937624,-0.39,-1.25,9.0,1.304,0.8656113743782043,0.0,0.03863344248384237,1.0,1.0,7.7,0.38800000000000007,True,True,False
27.297281980514526,forward_015,7.297281980514526,0.15,0.0,0.0,1.1486448139687682,0.1810779098944117,-0.20398535632683726,-0.39,-1.25,9.0,1.458,0.8993704319000244,0.0,0.028988130390644073,1.0,1.0,7.7,0.38800000000000007,True,True,False
27.31772208213806,forward_015,7.3177220821380615,0.15,0.0,0.0,0.9032078879070655,0.43196898986859655,-0.6228643768054763,-0.39,-1.25,9.0,1.765,0.8804596066474915,0.0,0.025014545302838087,1.0,1.0,7.7,0.38800000000000007,True,True,False
27.33820128440857,forward_015,7.338201284408569,0.15,0.0,0.0,0.4145156973486533,0.8792096106921435,-1.2686362000433782,0.81,3.18,9.4,1.918,0.7096635103225708,0.0,0.03415921330451965,1.0,1.0,7.7,0.38800000000000007,True,True,False
27.35867691040039,forward_015,7.358676910400391,0.15,0.0,0.0,0.5388704065532492,-0.013089969389957472,-1.6940602052169962,0.38,0.88,7.16,1.458,0.8098337650299072,0.0,0.06328191049396992,1.0,1.0,7.7,0.38800000000000007,True,True,False
27.379064083099365,forward_015,7.379064083099365,0.15,0.0,0.0,0.5017821599483697,0.595593607243065,-1.667880266437081,0.13,-0.47000000000000003,5.38,0.9210000000000002,0.8245827555656433,0.0,0.07908400148153305,1.0,1.0,7.7,0.43000000000000005,True,True,False
27.39945936203003,forward_015,7.399459362030029,0.15,0.0,0.0,0.4046982203061852,0.12326387842209953,-1.150826475533761,0.13,-0.47000000000000003,5.38,1.074,0.7701725959777832,0.0,0.060006994754076004,1.0,1.0,7.7,0.43000000000000005,True,True,False
27.41983962059021,forward_015,7.41983962059021,0.15,0.0,0.0,0.20289452554434081,0.3937899124812206,-0.5028729907308662,0.04,-0.36,6.45,1.381,0.6872448921203613,0.0,0.05539007484912872,1.0,1.0,7.7,0.43000000000000005,True,True,False
27.44021701812744,forward_015,7.440217018127441,0.15,0.0,0.0,0.385063266221249,0.2552544031041707,0.12762720155208535,-0.29,0.68,7.67,1.995,0.7510902881622314,0.0,0.08175024017691612,1.0,1.0,7.7,0.43000000000000005,True,True,False
27.460590600967407,forward_015,7.460590600967407,0.15,0.0,0.0,0.3294308963139297,0.5737769915931359,0.24980024919168842,-1.6400000000000001,1.77,8.73,2.225,0.7667350172996521,0.0,0.07624524086713791,1.0,0.0,7.7,0.43000000000000005,True,True,False
27.4809730052948,forward_015,7.4809730052948,0.15,0.0,0.0,0.210530341021816,0.8573929950422144,-0.05781403147231216,-2.12,1.1500000000000001,7.23,2.455,0.8471712470054626,0.0,0.05568419024348259,1.0,0.0,7.7,0.43000000000000005,True,True,False
27.501359939575195,forward_015,7.501359939575195,0.15,0.0,0.0,0.13853550937704992,0.7744898555724837,0.031634092692397225,-2.12,1.1500000000000001,7.23,1.995,0.816551923751831,0.0,0.07131406851112843,1.0,0.0,7.7,0.43000000000000005,True,True,False
27.521738529205322,forward_015,7.521738529205322,0.15,0.0,0.0,-0.2683443724941282,0.9937468428542714,-0.13744467859455345,-2.32,2.44,9.56,1.918,0.8413442373275757,0.0,0.05929877236485481,1.0,0.0,7.7,0.43000000000000005,True,True,False
27.542121410369873,forward_015,7.542121410369873,0.15,0.0,0.0,-0.8399397025222711,0.8104872713948668,-0.35015668118136234,-2.37,1.7,8.19,2.378,0.894821286201477,0.0,0.039894066751003265,1.0,0.0,7.7,0.43000000000000005,True,True,False
27.56248426437378,forward_015,7.562484264373779,0.15,0.0,0.0,-1.1464631524037752,0.3010692959690218,-0.4265148359561143,-1.12,1.99,7.16,1.841,0.8569377660751343,0.0,0.04393544839695096,1.0,1.0,7.7,0.43000000000000005,True,True,False
27.582947492599487,forward_015,7.582947492599487,0.15,0.0,0.0,-1.0439250588491085,0.1636246173744684,0.11671889372712078,-2.07,4.0200000000000005,9.25,1.304,0.8251221776008606,0.0,0.024868644773960114,1.0,1.0,7.4,1.268,True,True,False
27.604780435562134,forward_015,7.604780435562134,0.15,0.0,0.0,-1.1126473981463851,0.07853981633974483,-0.2083486794568231,-2.5500000000000003,4.5200000000000005,9.52,1.074,0.8690005540847778,0.0,0.03215569257736206,0.0,1.0,7.4,1.268,True,True,False
27.625145196914673,forward_015,7.625145196914673,0.15,0.0,0.0,-0.9457502884244273,0.016362461737446838,-0.7897614865274342,-2.5500000000000003,4.5200000000000005,9.52,1.151,0.8593567609786987,0.0,0.015542215667665006,0.0,1.0,7.4,1.268,True,True,False
27.645585536956787,forward_015,7.645585536956787,0.15,0.0,0.0,-0.557414529855689,0.18216874067690814,-0.0545415391248228,-1.25,-1.55,6.390000000000001,1.227,0.8689688444137573,0.0,0.06748800911009312,0.0,1.0,7.4,1.268,True,True,False
27.666062831878662,forward_015,7.666062831878662,0.15,0.0,0.0,-0.09708393964218458,-0.5890486225480862,-0.06872233929727672,0.72,-3.7600000000000002,4.78,1.074,0.7862900495529175,0.0,0.07607303932309151,0.0,1.0,7.4,1.268,True,True,False
27.686432361602783,forward_015,7.686432361602783,0.15,0.0,0.0,-0.2181661564992912,-0.7374016089676042,-0.1908953869368798,-4.11,-2.79,8.14,0.767,0.8228641748428345,0.0,0.08726956322789192,0.0,1.0,7.4,1.268,True,True,False
27.706894159317017,forward_015,7.706894159317017,0.15,0.0,0.0,-0.4014257279586958,-0.5835944686356039,0.40033489717619936,-3.81,-2.14,9.39,0.767,0.8317279815673828,0.0,0.0546710230410099,0.0,1.0,7.4,1.268,True,True,False
27.727282285690308,forward_015,7.727282285690308,0.15,0.0,0.0,-0.2399827721492203,-0.4385139745635753,0.4385139745635753,-2.42,-2.08,6.75,1.151,0.8147682547569275,0.0,0.030667004641145468,0.0,1.0,7.4,1.268,True,True,False
27.747669458389282,forward_015,7.747669458389282,0.15,0.0,0.0,-0.2694352032766246,-0.358883327441334,0.06763150851478027,-2.57,-2.7600000000000002,4.28,2.608,0.8452239632606506,0.0,0.0670724306255579,0.0,1.0,7.4,1.268,True,True,False
27.768052339553833,forward_015,7.768052339553833,0.15,0.0,0.0,-0.08617563181722002,-0.6326818538479445,0.210530341021816,-2.15,-1.1400000000000001,7.67,2.455,0.9016985297203064,0.0,0.04166758805513382,0.0,1.0,7.4,1.268,True,True,False
27.788421630859375,forward_015,7.788421630859375,0.15,0.0,0.0,-0.026179938779914945,-0.5137812985558308,0.25634523388666713,-1.56,-3.2600000000000002,8.82,1.765,0.9395280480384827,0.0,0.05047854408621788,0.0,1.0,7.7,0.43300000000000005,True,True,False
27.80877947807312,forward_015,7.80877947807312,0.15,0.0,0.0,0.6904958853202566,-1.0177451200691934,-0.38288160465625604,-1.56,-3.2600000000000002,8.82,1.765,0.9477807879447937,0.0,0.03965843562036753,0.0,1.0,7.7,0.43300000000000005,True,True,False
27.829201221466064,forward_015,7.8292012214660645,0.15,0.0,0.0,0.8115781021773633,-1.2304571226560024,-0.5017821599483697,0.36,-4.32,7.13,1.6110000000000002,0.9553565382957458,0.07142857142857142,0.03688226733356714,1.0,1.0,7.7,0.43300000000000005,True,True,False
27.849632024765015,forward_015,7.849632024765015,0.15,0.0,0.0,1.028653427894158,-1.327541062298187,0.07526732399225546,-0.43,-3.14,5.5200000000000005,1.151,0.9381003975868225,0.0,0.018655851483345032,1.0,1.0,7.7,0.43300000000000005,True,True,False
27.870015382766724,forward_015,7.870015382766724,0.15,0.0,0.0,1.3231777391682011,-1.3362677085581585,0.4308781590861001,-0.43,-3.14,5.5200000000000005,1.534,0.9242166876792908,0.0,0.017086230916902423,1.0,0.0,7.7,0.43300000000000005,True,True,False
27.89038896560669,forward_015,7.8903889656066895,0.15,0.0,0.0,0.4177881896961426,-0.358883327441334,0.34033920413889424,-0.43,-3.14,5.5200000000000005,1.6110000000000002,0.9219866991043091,0.0,0.040657464414834976,1.0,0.0,7.7,0.43300000000000005,True,True,False
27.910757780075073,forward_015,7.910757780075073,0.15,0.0,0.0,-0.12762720155208535,0.050178215994836975,-0.07963064712224129,-3.19,2.15,7.3,1.534,0.820287823677063,0.0,0.07569315284490585,1.0,0.0,7.7,0.43300000000000005,True,True,False
27.9311261177063,forward_015,7.931126117706299,0.15,0.0,0.0,-0.061086523819801536,-0.35124751196385884,0.16035212502697901,3.66,3.66,7.63,1.304,0.7565804719924927,0.0,0.06737612932920456,1.0,0.0,7.7,0.43300000000000005,True,True,False
27.951550483703613,forward_015,7.951550483703613,0.15,0.0,0.0,0.02399827721492203,-0.08944812416470939,-0.11126473981463851,0.71,-0.47000000000000003,5.62,0.6899999999999998,0.7904342412948608,0.0,0.0601668581366539,1.0,0.0,7.7,0.43300000000000005,True,True,False
27.9719181060791,forward_015,7.971918106079102,0.15,0.0,0.0,-0.004363323129985824,-0.3643374813538163,0.0818123086872342,-1.32,0.36,9.36,0.844,0.7725170254707336,0.0,0.09400458633899689,1.0,0.0,7.7,0.43300000000000005,True,True,False
27.992397785186768,forward_015,7.992397785186768,0.15,0.0,0.0,0.06326818538479445,-0.2792526803190927,0.4341506514335895,-0.36,1.27,8.540000000000001,0.9970000000000001,0.7538790702819824,0.0,0.04274667054414749,1.0,0.0,7.5,0.9800000000000001,True,True,False
28.012761116027832,forward_015,8.012761116027832,0.15,0.0,0.0,0.16689710972195776,-0.15489797111449674,0.20289452554434081,-0.67,-1.02,7.25,1.381,0.7823016047477722,0.0,0.056569889187812805,1.0,0.0,7.5,0.9800000000000001,True,True,False
28.033132553100586,forward_015,8.033132553100586,0.15,0.0,0.0,0.3119776037939864,0.020725784867432664,0.4788747135159442,-0.93,-1.09,9.31,2.762,0.8132258653640747,0.0,0.05460536479949951,1.0,0.0,7.5,0.9800000000000001,True,True,False
28.053685188293457,forward_015,8.053685188293457,0.15,0.0,0.0,0.3752457891787809,0.2083486794568231,0.8835729338221293,-2.1,0.16,9.41,2.8389999999999995,0.8734238743782043,0.0,0.06423533335328102,1.0,0.0,7.5,0.9800000000000001,True,True,False
28.07405424118042,forward_015,8.07405424118042,0.15,0.0,0.0,0.284706834231575,0.35561083509384467,1.0231992739816758,-2.1,0.16,9.41,2.225,0.8949615955352783,0.0,0.0452774241566658,1.0,0.0,7.5,0.9800000000000001,True,True,False
28.09443211555481,forward_015,8.09443211555481,0.15,0.0,0.0,0.16253378659197193,0.5803219762881145,1.2860894925633215,-2.1,0.16,9.41,1.995,0.9166644215583801,0.0,0.05258046090602875,0.0,0.0,7.5,0.9800000000000001,True,True,False
28.114909172058105,forward_015,8.114909172058105,0.15,0.0,0.0,0.18544123302439752,0.7046766854927106,1.4988014951501305,-2.1,0.16,9.41,1.841,0.8819704651832581,0.0,0.02882358804345131,0.0,0.0,7.5,0.9800000000000001,True,True,False
28.135276556015015,forward_015,8.135276556015015,0.15,0.0,0.0,0.28688849579656794,0.6174102228929941,1.5795229730548683,-1.8,0.42,9.63,2.071,0.8316643834114075,0.0,0.015101359225809574,0.0,0.0,7.5,0.9800000000000001,True,True,False
28.155747413635254,forward_015,8.155747413635254,0.15,0.0,0.0,0.32179508083645453,0.6970408700152354,1.6711527587845705,0.23,2.07,8.92,2.8389999999999995,0.7465896010398865,0.0,0.027324438095092773,0.0,0.0,7.5,0.9800000000000001,True,True,False
28.176127195358276,forward_015,8.176127195358276,0.15,0.0,0.0,0.18435040224190105,0.9359328113819593,1.3460851856006266,-0.28,0.6,9.31,2.302,0.7289841175079346,0.0,0.0298931747674942,0.0,0.0,7.5,0.9800000000000001,True,True,False
28.196510076522827,forward_015,8.196510076522827,0.15,0.0,0.0,0.17016960206944712,1.0962849364089382,1.3777192782930239,-2.17,1.17,7.2,1.151,0.7621923089027405,0.0,0.07518170028924942,0.0,0.0,7.7,0.35600000000000004,True,True,False
28.216910362243652,forward_015,8.216910362243652,0.15,0.0,0.0,-0.08072147790473774,0.8770279491271507,1.1857330605736476,-1.1400000000000001,-0.54,7.8100000000000005,0.9210000000000002,0.78855299949646,0.0,0.10490670055150986,0.0,0.0,7.7,0.35600000000000004,True,True,False
28.237338542938232,forward_015,8.237338542938232,0.15,0.0,0.0,-0.19853120241435498,0.6359543461954338,1.457349925415265,-1.24,0.34,7.8500000000000005,0.9210000000000002,0.8493334054946899,0.0,0.08544005453586578,0.0,0.0,7.7,0.35600000000000004,True,True,False
28.257782220840454,forward_015,8.257782220840454,0.15,0.0,0.0,-0.30543261909900765,0.533416252640767,1.7267851286918898,-3.74,1.22,7.79,1.458,0.9358971118927002,0.0,0.12309939973056316,0.0,0.0,7.7,0.35600000000000004,True,True,False
28.27826738357544,forward_015,8.27826738357544,0.15,0.0,0.0,-0.3981532356112064,0.49741883681838395,1.6667894356545847,-1.9100000000000001,1.48,7.96,2.148,0.9179912805557251,0.0,0.11139046028256416,0.0,0.0,7.7,0.35600000000000004,True,True,False
28.29873299598694,forward_015,8.298732995986938,0.15,0.0,0.0,-0.4690572364734761,0.3294308963139297,1.523890603147549,-1.49,1.4000000000000001,7.59,3.145,0.8242480158805847,0.0,0.08330355398356915,0.0,1.0,7.7,0.35600000000000004,True,True,False
28.319100379943848,forward_015,8.319100379943848,0.15,0.0,0.0,-0.38288160465625604,0.42542400517361784,1.4278974942878608,-2.75,1.6500000000000001,7.47,3.069,0.7983065247535706,0.0,0.033985529094934464,0.0,1.0,7.7,0.35600000000000004,True,True,False
28.339462518692017,forward_015,8.339462518692017,0.15,0.0,0.0,-0.07853981633974483,0.34033920413889424,1.3766284475105275,-3.13,1.17,6.83,2.378,0.8475329875946045,0.0,0.04718521982431412,0.0,1.0,7.7,0.35600000000000004,True,True,False
28.35981822013855,forward_015,8.35981822013855,0.15,0.0,0.0,0.14944381720201447,0.433059820651093,1.2162763224835484,-3.13,1.17,6.83,1.074,0.8158658742904663,0.0,0.03365353401750326,0.0,0.0,7.7,0.35600000000000004,True,True,False
28.380306720733643,forward_015,8.380306720733643,0.15,0.0,0.0,0.4886921905584123,-0.34579335805137656,1.090830782496456,-3.13,1.17,6.83,1.918,0.9045403599739075,0.0,0.0496465303003788,0.0,0.0,7.7,0.35600000000000004,True,True,False
28.40069031715393,forward_015,8.40069031715393,0.15,0.0,0.0,0.32070425005395803,-0.6326818538479445,0.3108867730114899,-0.67,1.12,8.67,1.918,0.9456997513771057,0.0,0.03964061010628938,0.0,0.0,7.7,0.306,True,True,False
28.421083688735962,forward_015,8.421083688735962,0.15,0.0,0.0,0.2378011105842274,-0.26070855701665296,0.4068798818711781,-3.21,3.0500000000000003,9.44,1.458,0.901249885559082,0.0,0.03966592438519001,1.0,0.0,7.7,0.306,True,True,False
28.44146227836609,forward_015,8.441462278366089,0.15,0.0,0.0,0.31525009614147576,-0.17453292519943295,-0.032724923474893676,-2.64,-0.38,8.5,0.9210000000000002,0.8285308480262756,0.0,0.030221574939787388,1.0,0.0,7.7,0.306,True,True,False
28.461828231811523,forward_015,8.461828231811523,0.15,0.0,0.0,0.38069994309126315,-0.18980455615438332,-0.28579766501407144,-1.35,-0.27,9.46,0.767,0.8275584578514099,0.0,0.050654590129852295,1.0,0.0,7.7,0.306,True,True,False
28.48230242729187,forward_015,8.48230242729187,0.15,0.0,0.0,0.33161255787892263,0.03599741582238305,-0.08072147790473774,-1.35,-0.27,9.46,0.9970000000000001,0.901422381401062,0.0,0.07859657821245492,0.0,0.0,7.7,0.306,True,True,False
28.50277352333069,forward_015,8.502773523330688,0.15,0.0,0.0,-0.4603305902135044,-0.008726646259971648,0.2814343418840856,-1.35,-0.27,9.46,1.227,0.8572221994400024,0.0,0.07153905066661537,0.0,0.0,7.7,0.306,True,True,False
28.523149967193604,forward_015,8.523149967193604,0.15,0.0,0.0,-1.0635600129340446,-0.5803219762881145,0.49960049838337683,0.33,2.08,8.2,1.534,0.7327979803085327,0.0,0.0731000080704689,0.0,0.0,7.7,0.306,True,True,False
28.543511390686035,forward_015,8.543511390686035,0.15,0.0,0.0,-1.08646745936647,-0.1832595714594046,0.29670597283903605,-2.27,-0.25,3.71,1.995,0.7633503675460815,0.0,0.06219855695962906,0.0,0.0,7.7,0.306,True,True,False
28.5638747215271,forward_015,8.5638747215271,0.15,0.0,0.0,-0.9828385350293068,-0.24980024919168842,0.18544123302439752,1.22,1.56,7.41,2.608,0.7355931401252747,0.0,0.06796162575483322,0.0,0.0,7.7,0.306,True,True,False
28.58423113822937,forward_015,8.58423113822937,0.15,0.0,0.0,-1.0090184738092218,0.014180800172453928,0.26070855701665296,0.49,-1.12,6.46,2.685,0.7910227179527283,0.0,0.06785964220762253,0.0,0.0,7.7,0.306,True,True,False
28.604597568511963,forward_015,8.604597568511963,0.15,0.0,0.0,-0.9152070265145266,0.044724062082354694,0.5312345910757741,0.22,-2.0100000000000002,6.7,1.918,0.8932775259017944,0.0,0.07482022419571877,0.0,0.0,7.5,0.8440000000000001,True,True,False
28.6264910697937,forward_015,8.626491069793701,0.15,0.0,0.0,-0.6163193921104976,-0.11344640137963143,0.96647607329186,0.62,-0.24,6.3500000000000005,1.918,0.9505228400230408,0.07142857142857142,0.03481468744575977,1.0,0.0,7.5,0.8440000000000001,True,True,False
28.646880388259888,forward_015,8.646880388259888,0.15,0.0,0.0,-0.31634092692397225,-0.05126904677733343,1.3362677085581585,1.09,0.24,8.040000000000001,1.534,0.9162322878837585,0.0,0.03802546486258507,1.0,1.0,7.5,0.8440000000000001,True,True,False
28.667362689971924,forward_015,8.667362689971924,0.15,0.0,0.0,-0.15271630954950383,-0.004363323129985824,1.3799009398580169,1.09,0.24,8.040000000000001,2.071,0.9255524277687073,0.0,0.036344368010759354,0.0,1.0,7.5,0.8440000000000001,True,True,False
28.68772053718567,forward_015,8.687720537185669,0.15,0.0,0.0,-0.928296995904484,-0.022907446432425576,1.3220869083857045,1.09,0.24,8.040000000000001,1.995,0.9309609532356262,0.0,0.04314623028039932,0.0,1.0,7.5,0.8440000000000001,True,True,False
28.708407163619995,forward_015,8.708407163619995,0.15,0.0,0.0,-1.1126473981463851,-0.5366887449882564,1.296997800388286,3.0500000000000003,-4.93,5.39,1.918,0.928266167640686,0.0,0.04894167184829712,0.0,1.0,7.5,0.8440000000000001,True,True,False
28.728883981704712,forward_015,8.728883981704712,0.15,0.0,0.0,-0.9686577348568529,-0.7788531787024695,1.251182907523435,2.97,-5.55,5.53,1.381,0.8275765776634216,0.0,0.0725220690947026,0.0,1.0,7.5,0.8440000000000001,True,True,False
28.749249935150146,forward_015,8.749249935150146,0.15,0.0,0.0,-0.7788531787024695,-0.6523168079328807,1.6046120810522868,-0.99,-2.39,4.12,1.6110000000000002,0.8655436635017395,0.0,0.05568184703588486,0.0,1.0,7.5,0.8440000000000001,True,True,False
28.76967144012451,forward_015,8.769671440124512,0.15,0.0,0.0,-0.4505131131710363,-0.17562375598192942,1.7431475904293365,-0.99,-4.76,6.07,1.227,0.9024101495742798,0.0,0.0534114921465516,0.0,1.0,7.5,0.8440000000000001,True,True,False
28.79003071784973,forward_015,8.790030717849731,0.15,0.0,0.0,-0.23889194136672387,-0.2596177262341565,1.574068819142386,-0.99,-4.76,6.07,1.765,0.8746146559715271,0.0,0.045454543083906174,0.0,1.0,7.5,0.8440000000000001,True,True,False
28.810404539108276,forward_015,8.810404539108276,0.15,0.0,0.0,0.3097959422289935,-1.0733774899765127,0.5835944686356039,3.87,-2.37,8.85,1.995,0.8345752358436584,0.0,0.04402801627293229,0.0,1.0,7.7,0.23800000000000002,True,True,False
28.830769062042236,forward_015,8.830769062042236,0.15,0.0,0.0,0.4985096676008804,-0.9555677654668955,0.5399612373357457,1.32,-2.7800000000000002,7.19,2.302,0.7640824913978577,0.0,0.021117031574249268,0.0,1.0,7.7,0.23800000000000002,True,True,False
28.851138830184937,forward_015,8.851138830184937,0.15,0.0,0.0,0.5770494839406252,-1.030835089459151,0.3119776037939864,1.32,-2.7800000000000002,7.19,1.995,0.7810983061790466,0.0,0.04115697741508484,0.0,1.0,7.7,0.23800000000000002,True,True,False
28.871512413024902,forward_015,8.871512413024902,0.15,0.0,0.0,0.7406741013150936,-0.8115781021773633,0.11562806294462433,1.32,-2.7800000000000002,7.19,1.765,0.8678157329559326,0.0,0.04700974375009537,1.0,1.0,7.7,0.23800000000000002,True,True,False
28.891866207122803,forward_015,8.891866207122803,0.15,0.0,0.0,1.0188359508516898,-0.3948807432637171,0.27707101875409984,0.25,-2.05,8.49,1.381,0.893056333065033,0.0,0.049711418338119984,1.0,1.0,7.7,0.23800000000000002,True,True,False
28.912236213684082,forward_015,8.912236213684082,0.15,0.0,0.0,1.3002702927357754,0.18653206380689397,0.41015237421866746,0.55,-2.2600000000000002,7.25,0.844,0.8837088942527771,0.0,0.06691252253949642,1.0,1.0,7.7,0.23800000000000002,True,True,False
28.932608366012573,forward_015,8.932608366012573,0.15,0.0,0.0,1.3984450631604566,0.5508695451607103,0.3327033886614191,0.55,-2.2600000000000002,7.25,1.227,0.8793102502822876,0.0,0.04423151910305023,1.0,0.0,7.7,0.23800000000000002,True,True,False
28.953121423721313,forward_015,8.953121423721313,0.15,0.0,0.0,0.6152285613280012,0.5868669609830933,0.23234695667174513,0.55,-2.2600000000000002,7.25,1.458,0.9007570743560791,0.0,0.023536399006843567,1.0,0.0,7.7,0.23800000000000002,True,True,False
28.973541259765625,forward_015,8.973541259765625,0.15,0.0,0.0,0.0272707695624114,0.7570365630525404,0.45487643630102215,1.02,5.92,9.65,1.458,0.8698937296867371,0.0,0.054319972172379494,1.0,1.0,7.7,0.23800000000000002,True,True,False
28.993903398513794,forward_015,8.993903398513794,0.15,0.0,0.0,-0.11344640137963143,0.8552113334772214,-0.01090830782496456,0.21,5.07,8.67,1.841,0.7229509353637695,0.0,0.029388561844825745,1.0,1.0,7.7,0.23800000000000002,True,True,False
29.014270305633545,forward_015,9.014270305633545,0.15,0.0,0.0,-0.1538071403320003,0.7330382858376184,-0.4374231437810788,0.85,1.7,8.5,1.227,0.7599287629127502,0.0,0.06633266061544418,1.0,1.0,7.7,0.4230000000000001,True,True,False
29.034650087356567,forward_015,9.034650087356567,0.15,0.0,0.0,-0.4046982203061852,0.4374231437810788,-0.38942658935123475,0.85,1.7,8.5,0.844,0.7888240218162537,0.0,0.04237634688615799,1.0,1.0,7.7,0.4230000000000001,True,True,False
29.055032968521118,forward_015,9.055032968521118,0.15,0.0,0.0,-0.37960911230876665,0.6479534848028948,-0.33597588100890846,-0.71,2.44,5.8500000000000005,0.614,0.7931942939758301,0.0,0.06755626341328025,1.0,1.0,7.7,0.4230000000000001,True,True,False
29.07540011405945,forward_015,9.075400114059448,0.15,0.0,0.0,0.030543261909900768,0.2181661564992912,-0.4112432050011639,-1.1400000000000001,-1.53,8.3,1.074,0.6293331384658813,0.0,0.08687661215662956,1.0,1.0,7.7,0.4230000000000001,True,True,False
29.09575867652893,forward_015,9.09575867652893,0.15,0.0,0.0,0.26616271092913524,0.20398535632683726,-0.46687557490848314,-1.1400000000000001,-1.53,8.3,1.534,0.7616713643074036,0.0,0.059088096022605896,1.0,1.0,7.7,0.4230000000000001,True,True,False
29.116129398345947,forward_015,9.116129398345947,0.15,0.0,0.0,0.39051742013373125,0.4821472058634335,-0.18216874067690814,-1.3,-1.81,8.73,1.841,0.7663324475288391,0.0,0.05166900344192982,1.0,1.0,7.7,0.4230000000000001,True,True,False
29.136499643325806,forward_015,9.136499643325806,0.15,0.0,0.0,0.3981532356112064,0.48105637508093707,0.02399827721492203,-1.4000000000000001,-1.26,7.84,1.688,0.790749728679657,0.0,0.03691169247031212,1.0,0.0,7.7,0.4230000000000001,True,True,False
29.156865119934082,forward_015,9.156865119934082,0.15,0.0,0.0,0.22362031041177347,0.15489797111449674,-0.026179938779914945,0.16,0.24,7.68,1.918,0.8479308485984802,0.0,0.06439626216888428,1.0,0.0,7.7,0.4230000000000001,True,True,False
29.177253007888794,forward_015,9.177253007888794,0.15,0.0,0.0,-0.06326818538479445,0.019634954084936207,0.11344640137963143,-1.71,0.27,8.91,1.534,0.9177693724632263,0.0,0.03964186646044254,1.0,0.0,7.7,0.4230000000000001,True,True,False
29.197762727737427,forward_015,9.197762727737427,0.15,0.0,0.0,-0.4985096676008804,0.14944381720201447,0.681769239060285,-2.38,2.2,7.390000000000001,1.765,0.9186216592788696,0.0,0.03171541914343834,1.0,0.0,7.7,0.4230000000000001,True,True,False
29.218130350112915,forward_015,9.218130350112915,0.15,0.0,0.0,-0.9217520112095053,-0.3567016658763411,0.28579766501407144,-2.38,2.2,7.390000000000001,1.534,0.9387980699539185,0.0,0.02687276341021061,1.0,1.0,7.5,0.488,True,True,False
29.23851227760315,forward_015,9.23851227760315,0.15,0.0,0.0,-0.9675669040743564,-0.24434609527920614,-0.21489366415180183,0.44,4.34,8.66,1.151,0.9435786604881287,0.0,0.03735778480768204,1.0,1.0,7.5,0.488,True,True,False
29.25887966156006,forward_015,9.258879661560059,0.15,0.0,0.0,-0.8323038870447959,-0.0719948316447661,-1.08646745936647,-0.15,2.85,9.700000000000001,1.381,0.8943166732788086,0.0,0.02254712488502264,1.0,1.0,7.5,0.488,True,True,False
29.279244661331177,forward_015,9.279244661331177,0.15,0.0,0.0,-0.7308566242726255,0.18544123302439752,-1.7933258064241737,-0.15,2.85,9.700000000000001,1.227,0.8103742599487305,0.0,0.03150779427960515,0.0,1.0,7.5,0.488,True,True,False
29.299611806869507,forward_015,9.299611806869507,0.15,0.0,0.0,-0.0272707695624114,0.2628902185816459,-2.022400270748429,-0.15,2.85,9.700000000000001,1.304,0.8657426238059998,0.0,0.02948220819234848,0.0,1.0,7.5,0.488,True,True,False
29.320091485977173,forward_015,9.320091485977173,0.15,0.0,0.0,0.050178215994836975,0.4385139745635753,-1.5271630954950384,-2.54,-6.86,3.62,0.9210000000000002,0.7793850302696228,0.0,0.07689524814486504,0.0,1.0,7.5,0.488,True,True,False
29.340563535690308,forward_015,9.340563535690308,0.15,0.0,0.0,0.3687008044838021,0.038179077387375956,-0.4908738521234052,-1.53,-4.8500000000000005,7.12,0.767,0.7953934669494629,0.0,0.10413600876927376,1.0,1.0,7.5,0.488,True,True,False
29.360954523086548,forward_015,9.360954523086548,0.15,0.0,0.0,0.35452000431134817,0.40578905108868163,0.02181661564992912,-2.9,-3.38,7.84,0.6899999999999998,0.758621335029602,0.0,0.08950717747211456,1.0,1.0,7.5,0.488,True,True,False
29.38132119178772,forward_015,9.38132119178772,0.15,0.0,0.0,0.4036073895236887,-0.09272061651219876,0.557414529855689,-2.9,-3.38,7.84,1.381,0.8773444294929504,0.0,0.05778621882200241,0.0,1.0,7.5,0.488,True,True,False
29.40167760848999,forward_015,9.40167760848999,0.15,0.0,0.0,0.10799224746714914,-0.06326818538479445,0.5901394533305827,-0.86,-0.01,5.88,1.918,0.791755199432373,0.0,0.04978188150562346,0.0,1.0,7.5,0.488,True,True,False
29.422055959701538,forward_015,9.422055959701538,0.15,0.0,0.0,-0.022907446432425576,-0.35997415822383044,0.21380283336930536,-0.65,-1.54,7.74,2.302,0.9096322059631348,0.0,0.043823547661304474,0.0,1.0,7.7,0.394,True,True,False
29.443107843399048,forward_015,9.443107843399048,0.15,0.0,0.0,0.20180369476184434,-0.5257804371632918,-0.09708393964218458,-0.65,-1.54,7.74,1.918,0.9173663854598999,0.0,0.02876819483935833,1.0,1.0,7.7,0.394,True,True,False
29.463477849960327,forward_015,9.463477849960327,0.15,0.0,0.0,0.6206827152404835,-0.7352199474026113,-0.6599526234103559,-0.6900000000000001,-3.17,7.21,1.534,0.9546946287155151,0.07142857142857142,0.038236466236412525,1.0,1.0,7.7,0.394,True,True,False
29.48386025428772,forward_015,9.48386025428772,0.15,0.0,0.0,0.8464846872172498,-1.0482883819790942,-0.7744898555724837,2.6,-1.76,8.45,1.151,0.9563729763031006,0.07142857142857142,0.049524779024068266,1.0,1.0,7.7,0.394,True,True,False
29.504319667816162,forward_015,9.504319667816162,0.15,0.0,0.0,0.7330382858376184,-0.8475755179997463,-0.6163193921104976,2.6,-1.76,8.45,1.151,0.9709023237228394,0.07142857142857142,0.033575881738215685,1.0,0.0,7.7,0.394,True,True,False
29.524681568145752,forward_015,9.524681568145752,0.15,0.0,0.0,0.09272061651219876,0.20507618710933373,-1.203186353093591,-3.08,2.81,9.51,1.151,0.9338046312332153,0.0,0.09847597824409604,1.0,0.0,7.7,0.394,True,True,False
29.54510807991028,forward_015,9.545108079910278,0.15,0.0,0.0,-0.12544553998709243,-0.1712604328519436,-1.2729995231733642,-3.08,2.81,9.51,1.534,0.842925488948822,0.0,0.05077137611806393,1.0,1.0,7.7,0.394,True,True,False
29.56553840637207,forward_015,9.56553840637207,0.15,0.0,0.0,-0.11562806294462433,-0.18871372537188688,-1.1660981064887115,2.09,-0.86,6.2700000000000005,1.6110000000000002,0.8745259642601013,0.0,0.08980154991149902,1.0,1.0,7.7,0.394,True,True,False
29.5859055519104,forward_015,9.5859055519104,0.15,0.0,0.0,-0.29670597283903605,-0.06763150851478027,-0.001090830782496456,2.38,-0.42,5.46,1.074,0.8170135021209717,0.0,0.024940475821495056,1.0,1.0,7.7,0.394,True,True,False
29.60627555847168,forward_015,9.60627555847168,0.15,0.0,0.0,-0.04145156973486533,-0.5530512067257032,0.2617993877991494,1.07,1.92,9.450000000000001,1.304,0.8668287396430969,0.0,0.09196363762021065,1.0,1.0,7.7,0.394,True,True,False
29.626646041870117,forward_015,9.626646041870117,0.15,0.0,0.0,0.11671889372712078,-0.495237175253391,0.7417649320975901,-2.71,1.25,8.120000000000001,1.074,0.8396441340446472,0.0,0.0842940341681242,1.0,1.0,7.7,0.325,True,True,False
29.64763569831848,forward_015,9.647635698318481,0.15,0.0,0.0,0.17235126363444003,-0.7526732399225546,0.6185010536754906,0.75,0.5700000000000001,8.63,1.074,0.7877841591835022,0.0,0.034685976803302765,1.0,1.0,7.7,0.325,True,True,False
29.66801881790161,forward_015,9.668018817901611,0.15,0.0,0.0,0.06217735460229799,-0.5170537909033202,0.5901394533305827,1.17,1.29,8.75,1.918,0.717700183391571,0.0,0.03788706660270691,1.0,1.0,7.7,0.325,True,True,False
29.688457250595093,forward_015,9.688457250595093,0.15,0.0,0.0,-0.07417649320975901,-0.2716168648416175,0.3959715740462135,1.17,1.29,8.75,2.455,0.7419731616973877,0.0,0.07540449872612953,1.0,0.0,7.7,0.325,True,True,False
29.708932638168335,forward_015,9.708932638168335,0.15,0.0,0.0,-0.4461497900410505,-0.14944381720201447,0.23671027980173096,-0.1,1.33,8.45,2.225,0.8866668939590454,0.0,0.062140047550201416,1.0,0.0,7.7,0.325,True,True,False
29.729299068450928,forward_015,9.729299068450928,0.15,0.0,0.0,-0.7166758241001716,-0.29343348049154666,0.13526301702956053,-0.1,1.33,8.45,1.995,0.9423075318336487,0.0,0.03293668478727341,1.0,1.0,7.7,0.325,True,True,False
29.749667167663574,forward_015,9.749667167663574,0.15,0.0,0.0,-1.1399181677087964,-0.13744467859455345,0.12435470920459599,-0.1,1.33,8.45,1.227,0.9398386478424072,0.0,0.035129059106111526,1.0,1.0,7.7,0.325,True,True,False
29.770050525665283,forward_015,9.770050525665283,0.15,0.0,0.0,-1.05265170510908,0.003272492347489368,0.2083486794568231,-0.1,1.33,8.45,1.534,0.9171783328056335,0.0,0.024939228780567646,1.0,1.0,7.7,0.325,True,True,False
29.7905113697052,forward_015,9.7905113697052,0.15,0.0,0.0,-0.755945732270044,0.17235126363444003,0.34579335805137656,-0.1,1.33,8.45,2.225,0.908004879951477,0.0,0.03757004626095295,0.0,1.0,7.7,0.325,True,True,False
29.81087350845337,forward_015,9.81087350845337,0.15,0.0,0.0,-0.1908953869368798,0.5726861608106394,0.9261153343394911,0.72,-3.21,9.790000000000001,2.302,0.8142023682594299,0.0,0.035612624138593674,0.0,1.0,7.7,0.325,True,True,False
29.83124303817749,forward_015,9.83124303817749,0.15,0.0,0.0,0.038179077387375956,0.03490658503988659,0.868301302867179,1.43,-3.14,6.28,1.841,0.8432655334472656,0.0,0.0473485141992569,0.0,1.0,7.7,0.055999999999999994,True,True,False
29.85163140296936,forward_015,9.85163140296936,0.15,0.0,0.0,0.04145156973486533,-0.11344640137963143,0.7155849933176751,2.49,-1.98,6.17,1.304,0.8789610862731934,0.0,0.054491134360432625,0.0,1.0,7.7,0.055999999999999994,True,True,False
29.872027158737183,forward_015,9.872027158737183,0.15,0.0,0.0,0.26398104936414235,0.002181661564992912,0.44178646691106466,1.6300000000000001,-0.9,6.19,0.767,0.8690693378448486,0.0,0.07557513192296028,0.0,1.0,7.7,0.055999999999999994,True,True,False
29.89240002632141,forward_015,9.892400026321411,0.15,0.0,0.0,0.40578905108868163,-0.1734420944169365,0.015271630954950384,0.77,-2.82,7.94,0.767,0.8748196959495544,0.0,0.0743223987519741,1.0,1.0,7.7,0.055999999999999994,True,True,False
29.91278910636902,forward_015,9.912789106369019,0.15,0.0,0.0,0.3119776037939864,0.10690141668465268,-0.09926560120717749,-0.31,-3.7800000000000002,7.2700000000000005,1.227,0.7983555793762207,0.0,0.09160466119647026,1.0,1.0,7.7,0.055999999999999994,True,True,False
29.933170557022095,forward_015,9.933170557022095,0.15,0.0,0.0,0.03490658503988659,0.22907446432425577,0.06217735460229799,-0.31,-3.7800000000000002,7.2700000000000005,2.225,0.7640624046325684,0.0,0.04522630269639194,1.0,1.0,7.7,0.055999999999999994,True,True,False
29.95367407798767,forward_015,9.953674077987671,0.15,0.0,0.0,-0.23125612588924865,0.5006913291658733,-0.03599741582238305,-0.31,-3.7800000000000002,7.2700000000000005,2.685,0.8206086158752441,0.0,0.06900348444469273,1.0,1.0,7.7,0.055999999999999994,True,True,False
29.974058389663696,forward_015,9.974058389663696,0.15,0.0,0.0,-0.28688849579656794,0.7723081940074908,-0.6763150851478027,-0.17,0.2,7.03,2.532,0.6758105158805847,0.0,0.06058674585074186,0.0,1.0,7.7,0.055999999999999994,True,True,False
29.994433879852295,forward_015,9.994433879852295,0.15,0.0,0.0,0.11453723216212788,0.5083271446433485,-0.8595746566072073,-0.17,0.2,7.03,2.071,0.7173012495040894,0.0,0.0802198052406311,1.0,1.0,7.7,0.055999999999999994,True,True,False
30.014803886413574,stand_post,0.014803886413574219,0.0,0.0,0.0,0.6468626540203984,0.6512259771503842,-0.6010477611555473,-0.17,0.2,7.03,1.304,0.6669276356697083,0.0,0.09011638909578323,1.0,1.0,7.7,0.055999999999999994,True,True,False
30.03517460823059,stand_post,0.03517460823059082,0.0,0.0,0.0,1.1857330605736476,0.459239759431008,-0.4625122517784973,0.47000000000000003,-1.84,7.13,0.9970000000000001,0.6774100065231323,0.0,0.029216326773166656,1.0,1.0,7.2,2.085,True,True,False
30.05554509162903,stand_post,0.05554509162902832,0.0,0.0,0.0,1.421352509592882,0.3763366199612773,-0.533416252640767,-1.49,-1.2,9.07,1.381,0.6548299789428711,0.0,0.017459355294704437,1.0,1.0,7.2,2.085,True,True,False
30.075918912887573,stand_post,0.07591891288757324,0.0,0.0,0.0,1.088649120931463,0.8246680715673207,-0.48432886742842646,-1.49,-1.2,9.07,1.688,0.6371548175811768,0.0,0.027858279645442963,1.0,1.0,7.2,2.085,True,True,False
30.09635305404663,stand_post,0.09635305404663086,0.0,0.0,0.0,0.5094179754258449,0.9206611804270088,-0.2945243112740431,-1.49,-1.2,9.07,1.918,0.6963229179382324,0.0,0.05730503983795643,1.0,1.0,7.2,2.085,True,True,False
30.116739749908447,stand_post,0.11673974990844727,0.0,0.0,0.0,0.35561083509384467,0.08726646259971647,-0.2552544031041707,5.24,2.34,9.03,1.765,0.5941449999809265,0.0,0.07479454949498177,1.0,1.0,7.2,2.085,True,True,False
30.137112855911255,stand_post,0.13711285591125488,0.0,0.0,0.0,0.21707532571679475,0.10690141668465268,0.21380283336930536,1.03,-1.31,5.69,0.9970000000000001,0.6402535438537598,0.0,0.06652079336345196,1.0,1.0,7.2,2.085,True,True,False
30.15762686729431,stand_post,0.15762686729431152,0.0,0.0,0.0,-0.09599310885968812,-0.2617993877991494,0.9697485656393493,-0.7000000000000001,1.67,7.890000000000001,0.9210000000000002,0.8280311822891235,0.0,0.08802515617571771,1.0,1.0,7.2,2.085,True,True,False
30.177997827529907,stand_post,0.17799782752990723,0.0,0.0,0.0,-0.2923426497090502,0.0916297857297023,0.7123125009701857,-3.79,-0.28,6.61,1.381,0.9306680560112,0.0,0.05216359009500593,1.0,1.0,7.2,2.085,True,True,False
30.198360443115234,stand_post,0.19836044311523438,0.0,0.0,0.0,-0.3174317577064687,0.46469391334349025,0.11780972450961724,-2.37,2.16,6.97,1.918,0.7886974215507507,0.0,0.03795419819653034,1.0,1.0,7.2,2.085,True,True,False
30.218719482421875,stand_post,0.218719482421875,0.0,0.0,0.0,-0.06763150851478027,0.39269908169872414,-0.030543261909900768,0.87,2.33,8.45,1.918,0.7997600436210632,0.0,0.04800121486186981,1.0,1.0,7.2,2.085,True,True,False
30.239098072052002,stand_post,0.23909807205200195,0.0,0.0,0.0,-0.18544123302439752,1.0450158896316049,-0.4134248665661568,0.46,0.23,5.8100000000000005,1.458,0.6989451050758362,0.0,0.04851588886231184,1.0,1.0,7.6,0.43399999999999994,True,True,False
30.259459257125854,stand_post,0.2594592571258545,0.0,0.0,0.0,-0.5050546522958591,0.37306412761378793,-0.08399397025222712,-1.52,2.04,8.1,0.6899999999999998,0.7220118045806885,0.0,0.05927672237157822,1.0,1.0,7.6,0.43399999999999994,True,True,False
30.279826641082764,stand_post,0.27982664108276367,0.0,0.0,0.0,-0.6435901616729091,0.1407171709420428,-0.07526732399225546,-1.52,2.04,8.1,0.537,0.8170673847198486,0.0,0.031254954636096954,1.0,1.0,7.6,0.43399999999999994,True,True,False
30.30020308494568,stand_post,0.3002030849456787,0.0,0.0,0.0,-0.5486878835957173,0.1308996938995747,-0.15162547876700738,-1.52,2.04,8.1,0.6899999999999998,0.848086416721344,0.0,0.020249946042895317,1.0,1.0,7.6,0.43399999999999994,True,True,False
30.320568561553955,stand_post,0.3205685615539551,0.0,0.0,0.0,-0.44833145160604343,0.05890486225480862,0.15817046346198613,-0.18,-0.21,8.83,1.074,0.8212777376174927,0.0,0.02123480848968029,1.0,1.0,7.6,0.43399999999999994,True,True,False
30.34106183052063,stand_post,0.3410618305206299,0.0,0.0,0.0,-0.40578905108868163,0.11671889372712078,0.22143864884678055,-2.42,-1.71,8.58,1.074,0.8500568866729736,0.0,0.025262821465730667,1.0,1.0,7.6,0.43399999999999994,True,True,False
30.361485958099365,stand_post,0.36148595809936523,0.0,0.0,0.0,-0.06763150851478027,-0.05126904677733343,0.6239552075879728,-2.42,-1.71,8.58,1.074,0.8728430867195129,0.0,0.02012815698981285,1.0,1.0,7.6,0.43399999999999994,True,True,False
30.381879568099976,stand_post,0.3818795680999756,0.0,0.0,0.0,-0.13962634015954636,-0.037088246604879506,0.45705809786601503,-1.26,-1.3,8.33,0.844,0.8820891976356506,0.0,0.018314694985747337,1.0,1.0,7.6,0.43399999999999994,True,True,False
30.402255058288574,stand_post,0.4022550582885742,0.0,0.0,0.0,-0.3523383427463553,-0.12980886311707826,0.2923426497090502,-0.64,-1.6,8.17,0.6899999999999998,0.8856950402259827,0.0,0.032074058428406715,1.0,1.0,7.6,0.43399999999999994,True,True,False
30.42262864112854,stand_post,0.42262864112854004,0.0,0.0,0.0,-0.19744037163185854,-0.27052603405912107,0.5268712679457882,-0.99,0.88,8.77,0.307,0.8589325547218323,0.0,0.030191366095095873,1.0,1.0,7.6,0.43399999999999994,True,True,False
30.44309163093567,stand_post,0.44309163093566895,0.0,0.0,0.0,-0.11017390903214205,-0.4232423436086249,0.2683443724941282,-1.07,0.47000000000000003,8.790000000000001,0.537,0.8209066987037659,0.0,0.026151132988161407,1.0,1.0,7.7,0.259,True,True,False
30.463454723358154,stand_post,0.4634547233581543,0.0,0.0,0.0,-0.1308996938995747,-0.32070425005395803,-0.15271630954950383,-1.69,-0.06,7.84,0.614,0.7762603759765625,0.0,0.014216512441635132,1.0,1.0,7.7,0.259,True,True,False
30.483821392059326,stand_post,0.48382139205932617,0.0,0.0,0.0,-0.061086523819801536,-0.3643374813538163,-0.358883327441334,-1.3800000000000001,-0.99,8.370000000000001,0.9210000000000002,0.7764184474945068,0.0,0.0318344421684742,1.0,1.0,7.7,0.259,True,True,False
30.50429654121399,stand_post,0.5042965412139893,0.0,0.0,0.0,0.01090830782496456,-0.3436116964863836,-0.32179508083645453,-0.9,-1.67,8.26,0.9210000000000002,0.7958717346191406,0.0,0.027465472390758805,1.0,1.0,7.7,0.259,True,True,False
30.524775743484497,stand_post,0.5247757434844971,0.0,0.0,0.0,0.10362892433716332,-0.42542400517361784,-0.284706834231575,-1.1,-2.39,8.72,0.6899999999999998,0.8144761323928833,0.0,0.037172214666497894,1.0,1.0,7.7,0.259,True,True,False
30.545151948928833,stand_post,0.545151948928833,0.0,0.0,0.0,0.16798794050445423,-0.4886921905584123,-0.006544984694978736,-1.1,-2.39,8.72,0.46,0.8282559514045715,0.0,0.023714173585176468,1.0,1.0,7.7,0.259,True,True,False
30.565649271011353,stand_post,0.5656492710113525,0.0,0.0,0.0,0.1636246173744684,-0.4603305902135044,0.20943951023931956,0.05,-1.25,9.72,0.384,0.8360892534255981,0.0,0.01477355882525444,1.0,1.0,7.7,0.259,True,True,False
30.586018562316895,stand_post,0.5860185623168945,0.0,0.0,0.0,0.12544553998709243,-0.49960049838337683,0.18871372537188688,0.38,-0.81,9.040000000000001,0.767,0.8535062670707703,0.0,0.01054139994084835,1.0,1.0,7.7,0.259,True,True,False
30.606500387191772,stand_post,0.6065003871917725,0.0,0.0,0.0,0.05672320068981571,-0.5890486225480862,0.136353847812057,0.38,-0.81,9.040000000000001,0.9210000000000002,0.8765770792961121,0.0,0.006327584385871887,1.0,1.0,7.7,0.259,True,True,False
30.626978158950806,stand_post,0.6269781589508057,0.0,0.0,0.0,-0.06326818538479445,-0.3916082509162277,-0.03599741582238305,0.38,-0.81,9.040000000000001,0.767,0.9003981947898865,0.0,0.008639488369226456,1.0,1.0,7.7,0.259,True,True,False
30.647390604019165,stand_post,0.647390604019165,0.0,0.0,0.0,-0.15817046346198613,-0.4112432050011639,-0.19198621771937624,0.29,1.9100000000000001,9.23,0.6899999999999998,0.9261600971221924,0.0,0.0087832510471344,1.0,1.0,7.7,0.155,True,True,False
30.668411254882812,stand_post,0.6684112548828125,0.0,0.0,0.0,-0.33161255787892263,-0.3981532356112064,-0.3327033886614191,-0.09,1.09,8.86,0.537,0.9313760995864868,0.0,0.006845876574516296,1.0,1.0,7.7,0.155,True,True,False
30.68877339363098,stand_post,0.6887733936309814,0.0,0.0,0.0,-0.5235987755982988,-0.2683443724941282,-0.37088246604879505,-0.08,0.65,8.73,0.46,0.9248553514480591,0.0,0.005793355405330658,1.0,1.0,7.7,0.155,True,True,False
30.709142446517944,stand_post,0.7091424465179443,0.0,0.0,0.0,-0.4603305902135044,-0.25416357232167425,-0.17016960206944712,-0.08,0.65,8.73,0.46,0.9009839296340942,0.0,0.005830682814121246,1.0,1.0,7.7,0.155,True,True,False
30.729514122009277,stand_post,0.7295141220092773,0.0,0.0,0.0,-0.33052172709642613,-0.2530727415391778,0.09381144729469522,-0.08,0.65,8.73,0.46,0.9117530584335327,0.0,0.007404297590255737,1.0,1.0,7.7,0.155,True,True,False
30.749934911727905,stand_post,0.7499349117279053,0.0,0.0,0.0,-0.24434609527920614,-0.2628902185816459,0.20725784867432664,0.96,-1.71,8.64,0.384,0.9239338636398315,0.0,0.005804985761642456,1.0,1.0,7.7,0.155,True,True,False
30.77040410041809,stand_post,0.7704041004180908,0.0,0.0,0.0,-0.20289452554434081,-0.2203478180642841,0.21925698728178766,0.87,-2.48,8.73,0.307,0.9271341562271118,0.0,0.0042744651436805725,1.0,1.0,7.7,0.155,True,True,False
30.790771007537842,stand_post,0.7907710075378418,0.0,0.0,0.0,-0.20289452554434081,-0.20289452554434081,0.2454369260617026,0.87,-2.48,8.73,0.23,0.9259395003318787,0.0,0.004742518067359924,1.0,1.0,7.7,0.155,True,True,False
30.81114363670349,stand_post,0.8111436367034912,0.0,0.0,0.0,-0.16253378659197193,-0.12326387842209953,0.026179938779914945,0.59,-1.75,8.67,0.23,0.9193423986434937,0.0,0.0050280094146728516,1.0,1.0,7.7,0.155,True,True,False
30.831525564193726,stand_post,0.8315255641937256,0.0,0.0,0.0,-0.044724062082354694,-0.09490227807719166,-0.12544553998709243,0.84,-1.72,9.200000000000001,0.153,0.9230258464813232,0.0,0.007077232003211975,1.0,1.0,7.7,0.155,True,True,False
30.85192370414734,stand_post,0.8519237041473389,0.0,0.0,0.0,0.01090830782496456,-0.04036073895236887,-0.22580197197676638,0.56,-1.67,9.55,0.153,0.9300714731216431,0.0,0.004166066646575928,1.0,1.0,7.7,0.083,True,True,False
30.872288703918457,stand_post,0.872288703918457,0.0,0.0,0.0,-0.003272492347489368,0.020725784867432664,-0.2683443724941282,0.55,-1.3800000000000001,9.06,0.153,0.9339323043823242,0.0,0.00519118458032608,1.0,1.0,7.7,0.083,True,True,False
30.892801523208618,stand_post,0.8928015232086182,0.0,0.0,0.0,0.04690572364734761,0.06217735460229799,-0.19962203319685143,0.75,-1.56,9.38,0.153,0.9305974841117859,0.0,0.0030956417322158813,1.0,1.0,7.7,0.083,True,True,False
30.913174867630005,stand_post,0.9131748676300049,0.0,0.0,0.0,0.07417649320975901,0.08072147790473774,0.03381575425739013,0.9500000000000001,-1.29,9.5,0.23,0.9179093837738037,0.0,0.00440332293510437,1.0,1.0,7.7,0.083,True,True,False
30.933541774749756,stand_post,0.9335417747497559,0.0,0.0,0.0,0.06326818538479445,0.0545415391248228,0.20398535632683726,0.9,-0.39,8.94,0.307,0.9167946577072144,0.0,0.004568800330162048,1.0,1.0,7.7,0.083,True,True,False
30.954026699066162,stand_post,0.9540266990661621,0.0,0.0,0.0,0.038179077387375956,0.05126904677733343,0.2628902185816459,0.3,-0.84,9.53,0.153,0.9204944372177124,0.0,0.01703878492116928,1.0,1.0,7.7,0.083,True,True,False
30.974505186080933,stand_post,0.9745051860809326,0.0,0.0,0.0,0.015271630954950384,0.08399397025222712,0.44833145160604343,0.24,-0.18,9.53,0.153,0.9125657081604004,0.0,0.014325734227895737,1.0,1.0,7.7,0.083,True,True,False
30.994873046875,stand_post,0.994873046875,0.0,0.0,0.0,0.0,0.13853550937704992,0.2999784651865254,0.45,-0.03,8.96,0.153,0.9056236147880554,0.0,0.007451582700014114,1.0,1.0,7.7,0.083,True,True,False
31.01528763771057,stand_post,1.0152876377105713,0.0,0.0,0.0,-0.02181661564992912,0.13744467859455345,0.014180800172453928,0.13,-0.73,9.53,0.307,0.8899853229522705,0.0,0.006831012666225433,1.0,1.0,7.7,0.083,True,True,False
31.035648345947266,stand_post,1.0356483459472656,0.0,0.0,0.0,-0.00545415391248228,0.2007128639793479,-0.014180800172453928,-0.03,-0.8200000000000001,8.92,0.307,0.8856306076049805,0.0,0.0026724934577941895,1.0,1.0,7.7,0.083,True,True,False
31.05601692199707,stand_post,1.0560169219970703,0.0,0.0,0.0,0.026179938779914945,0.1461713248545251,-0.10253809355466686,-0.15,-1.11,9.16,0.537,0.8801400065422058,0.0,0.010116461664438248,1.0,1.0,7.7,0.12200000000000001,True,True,False
31.076396703720093,stand_post,1.0763967037200928,0.0,0.0,0.0,0.09599310885968812,0.1712604328519436,-0.2203478180642841,-0.08,-1.36,9.24,0.307,0.889700174331665,0.0,0.012584514915943146,1.0,1.0,7.7,0.12200000000000001,True,True,False
31.096765995025635,stand_post,1.0967659950256348,0.0,0.0,0.0,0.21271200258680892,0.1505346479845109,-0.18762289458939044,0.12,-1.41,9.19,0.23,0.8910852074623108,0.0,0.01043253019452095,1.0,1.0,7.7,0.12200000000000001,True,True,False
31.117138385772705,stand_post,1.117138385772705,0.0,0.0,0.0,0.17235126363444003,0.08617563181722002,-0.05235987755982989,0.14,-1.43,9.32,0.077,0.8832996487617493,0.0,0.007563978433609009,1.0,1.0,7.7,0.12200000000000001,True,True,False
31.13750648498535,stand_post,1.1375064849853516,0.0,0.0,0.0,0.09272061651219876,0.05781403147231216,0.05890486225480862,-0.1,-1.28,8.98,0.153,0.8895372748374939,0.0,0.0046691447496414185,1.0,1.0,7.7,0.12200000000000001,True,True,False
31.15787696838379,stand_post,1.157876968383789,0.0,0.0,0.0,0.03490658503988659,-0.007635815477475192,0.08399397025222712,0.07,-0.61,9.27,0.077,0.8872001767158508,0.0,0.006117098033428192,1.0,1.0,7.7,0.12200000000000001,True,True,False
31.178248167037964,stand_post,1.1782481670379639,0.0,0.0,0.0,0.030543261909900768,0.04254240051736178,0.15707963267948966,0.0,-0.13,9.42,0.153,0.8942527770996094,0.0,0.002621743828058243,1.0,1.0,7.7,0.12200000000000001,True,True,False
31.1986186504364,stand_post,1.1986186504364014,0.0,0.0,0.0,0.009817477042468103,0.04363323129985824,0.1908953869368798,0.28,-0.02,9.28,0.153,0.9021134376525879,0.0,0.0015941858291625977,1.0,1.0,7.7,0.12200000000000001,True,True,False
31.218987941741943,stand_post,1.2189879417419434,0.0,0.0,0.0,-0.016362461737446838,-0.0272707695624114,0.14508049407202864,0.19,0.13,8.98,0.23,0.9085400104522705,0.0,0.0040859803557395935,1.0,1.0,7.7,0.12200000000000001,True,True,False
31.23936367034912,stand_post,1.239363670349121,0.0,0.0,0.0,-0.10253809355466686,0.04908738521234052,0.030543261909900768,0.04,-0.39,9.42,0.153,0.9199360609054565,0.0,0.006782323122024536,1.0,1.0,7.7,0.12200000000000001,True,True,False
31.259740352630615,stand_post,1.2597403526306152,0.0,0.0,0.0,-0.1308996938995747,0.07744898555724837,-0.05235987755982989,-0.18,-0.34,9.38,0.153,0.9226381182670593,0.0,0.004969403147697449,1.0,1.0,7.7,0.114,True,True,False
31.280111074447632,stand_post,1.2801110744476318,0.0,0.0,0.0,-0.10581058590215622,0.05890486225480862,-0.08726646259971647,-0.38,-0.73,8.77,0.153,0.9251139760017395,0.0,0.0029186010360717773,1.0,1.0,7.7,0.114,True,True,False
31.30060863494873,stand_post,1.3006086349487305,0.0,0.0,0.0,-0.08072147790473774,0.011999138607461015,-0.16689710972195776,0.1,-1.48,9.620000000000001,0.077,0.9209673404693604,0.0,0.0038236528635025024,1.0,1.0,7.7,0.114,True,True,False
31.320971727371216,stand_post,1.3209717273712158,0.0,0.0,0.0,-0.08290313946973066,0.014180800172453928,-0.16907877128695067,0.29,-1.69,8.99,0.077,0.9205690026283264,0.0,0.003204450011253357,1.0,1.0,7.7,0.114,True,True,False
31.341448068618774,stand_post,1.3414480686187744,0.0,0.0,0.0,-0.03599741582238305,-0.002181661564992912,-0.009817477042468103,0.0,-1.6500000000000001,8.88,0.153,0.9273645281791687,0.0,0.00330294668674469,1.0,1.0,7.7,0.114,True,True,False
31.36190629005432,stand_post,1.3619062900543213,0.0,0.0,0.0,-0.007635815477475192,-0.04799655442984406,0.0545415391248228,-0.29,-1.3800000000000001,9.33,0.153,0.9221235513687134,0.0,0.001985892653465271,1.0,1.0,7.7,0.114,True,True,False
31.382317543029785,stand_post,1.3823175430297852,0.0,0.0,0.0,0.003272492347489368,-0.05890486225480862,0.08072147790473774,-0.1,-1.11,9.13,0.0,0.917701780796051,0.0,0.0031580403447151184,1.0,1.0,7.7,0.114,True,True,False
31.402685403823853,stand_post,1.4026854038238525,0.0,0.0,0.0,0.0272707695624114,-0.0818123086872342,0.08835729338221293,0.24,-0.71,9.35,0.077,0.9120798707008362,0.0,0.0027072057127952576,1.0,1.0,7.7,0.114,True,True,False
31.423059940338135,stand_post,1.4230599403381348,0.0,0.0,0.0,0.015271630954950384,-0.05345070834232634,-0.025089107997418487,0.41000000000000003,-0.67,9.23,0.23,0.9150076508522034,0.0,0.004321232438087463,1.0,1.0,7.7,0.114,True,True,False
31.443422079086304,stand_post,1.4434220790863037,0.0,0.0,0.0,0.013089969389957472,-0.05672320068981571,-0.044724062082354694,0.71,-1.24,9.370000000000001,0.077,0.9184321165084839,0.0,0.0023374520242214203,1.0,1.0,7.7,0.114,True,True,False
31.46378993988037,stand_post,1.463789939880371,0.0,0.0,0.0,0.020725784867432664,0.004363323129985824,-0.044724062082354694,0.52,-0.65,8.84,0.077,0.9138268828392029,0.0,0.005674935877323151,1.0,1.0,7.7,0.10900000000000001,True,True,False
31.484148740768433,stand_post,1.4841487407684326,0.0,0.0,0.0,0.015271630954950384,-0.03599741582238305,-0.019634954084936207,0.11,-1.22,9.35,0.0,0.9120219945907593,0.0,0.01237209141254425,1.0,1.0,7.7,0.10900000000000001,True,True,False
31.50453519821167,stand_post,1.50453519821167,0.0,0.0,0.0,0.01090830782496456,0.001090830782496456,0.0916297857297023,0.0,-0.55,9.43,0.077,0.9077593088150024,0.0,0.012246601283550262,1.0,1.0,7.7,0.10900000000000001,True,True,False
31.524919986724854,stand_post,1.5249199867248535,0.0,0.0,0.0,0.007635815477475192,0.04908738521234052,0.02181661564992912,0.23,-0.36,9.1,0.153,0.8923507332801819,0.0,0.010361850261688232,1.0,1.0,7.7,0.10900000000000001,True,True,False
31.54529094696045,stand_post,1.5452909469604492,0.0,0.0,0.0,0.007635815477475192,0.030543261909900768,-0.05890486225480862,0.16,-0.88,9.17,0.0,0.8800674676895142,0.0,0.007826380431652069,1.0,1.0,7.7,0.10900000000000001,True,True,False
31.5657742023468,stand_post,1.5657742023468018,0.0,0.0,0.0,0.006544984694978736,0.0,0.028361600344907856,0.05,-0.33,9.5,0.307,0.8799428343772888,0.0,0.012233179062604904,1.0,1.0,7.7,0.10900000000000001,True,True,False
31.586131811141968,stand_post,1.5861318111419678,0.0,0.0,0.0,-0.015271630954950384,0.08508480103472356,-0.08835729338221293,-0.12,-0.63,9.03,0.384,0.8660580515861511,0.0,0.008242949843406677,1.0,1.0,7.7,0.10900000000000001,True,True,False
31.606601238250732,stand_post,1.6066012382507324,0.0,0.0,0.0,0.02945243112740431,0.09272061651219876,-0.10581058590215622,-0.14,-1.6300000000000001,9.18,0.46,0.8744240403175354,0.0,0.010119274258613586,1.0,1.0,7.7,0.10900000000000001,True,True,False
31.62697744369507,stand_post,1.6269774436950684,0.0,0.0,0.0,0.04254240051736178,0.06326818538479445,-0.009817477042468103,0.13,-1.59,9.26,0.307,0.8830625414848328,0.0,0.014993038028478622,1.0,1.0,7.7,0.10900000000000001,True,True,False
31.647340774536133,stand_post,1.6473407745361328,0.0,0.0,0.0,0.16144295580947549,0.011999138607461015,-0.01090830782496456,0.38,-2.11,8.93,0.23,0.8832346796989441,0.0,0.013701863586902618,1.0,1.0,7.7,0.10900000000000001,True,True,False
31.667861700057983,stand_post,1.6678617000579834,0.0,0.0,0.0,0.2519819107566813,-0.05126904677733343,0.10581058590215622,0.13,-1.81,9.790000000000001,0.153,0.884809672832489,0.0,0.01095651090145111,1.0,1.0,7.7,0.226,True,True,False
31.689350843429565,stand_post,1.6893508434295654,0.0,0.0,0.0,0.25743606466916363,0.028361600344907856,0.08726646259971647,-0.3,-0.5,9.73,0.384,0.8634232878684998,0.0,0.0075327567756175995,1.0,0.0,7.7,0.226,True,True,False
31.709877729415894,stand_post,1.7098777294158936,0.0,0.0,0.0,0.09053895494720585,0.07853981633974483,-0.16689710972195776,-0.15,0.47000000000000003,9.66,0.46,0.8862825632095337,0.0,0.014396719634532928,1.0,0.0,7.7,0.226,True,True,False
31.73024320602417,stand_post,1.73024320602417,0.0,0.0,0.0,0.026179938779914945,0.11780972450961724,-0.272707695624114,-0.62,0.39,9.61,0.384,0.8977428078651428,0.0,0.011124219745397568,1.0,0.0,7.7,0.226,True,True,False
31.750606536865234,stand_post,1.7506065368652344,0.0,0.0,0.0,0.015271630954950384,0.12871803233458182,-0.28907015736156083,-1.35,0.24,8.75,0.384,0.9083337783813477,0.0,0.033244065940380096,1.0,1.0,7.7,0.226,True,True,False
31.770979404449463,stand_post,1.770979404449463,0.0,0.0,0.0,0.038179077387375956,-0.004363323129985824,-0.27707101875409984,-0.75,-0.67,8.8,0.384,0.9100303053855896,0.0,0.019379571080207825,0.0,1.0,7.7,0.226,True,True,False
31.791354656219482,stand_post,1.7913546562194824,0.0,0.0,0.0,0.014180800172453928,0.038179077387375956,-0.18871372537188688,-0.49,-0.24,8.870000000000001,0.307,0.8159921765327454,0.0,0.04783060401678085,0.0,0.0,7.7,0.226,True,True,False
31.81172490119934,stand_post,1.8117249011993408,0.0,0.0,0.0,0.08835729338221293,0.03490658503988659,-0.10253809355466686,-1.78,0.16,9.25,0.307,0.776299774646759,0.0,0.04951643943786621,0.0,0.0,7.7,0.226,True,True,False
31.83209466934204,stand_post,1.832094669342041,0.0,0.0,0.0,0.16253378659197193,-0.02399827721492203,-0.12217304763960307,-1.3,-0.25,9.67,0.6899999999999998,0.4687342345714569,0.0,0.12919423100538552,0.0,0.0,7.7,0.226,True,True,False
31.852463960647583,stand_post,1.852463960647583,0.0,0.0,0.0,0.2301652951067522,-0.013089969389957472,-0.03381575425739013,-0.99,-1.06,9.15,0.614,0.8814433217048645,0.0,0.09336873143911362,0.0,0.0,7.7,0.226,True,True,False
31.872826099395752,stand_post,1.872826099395752,0.0,0.0,0.0,0.24980024919168842,0.013089969389957472,0.15707963267948966,-1.51,-0.44,9.39,1.074,0.6946884393692017,0.0,0.1147955171763897,0.0,0.0,7.5,0.551,True,True,False
31.893253564834595,stand_post,1.8932535648345947,0.0,0.0,0.0,0.28579766501407144,0.0545415391248228,0.19416787928436915,-1.52,-0.93,9.16,1.841,0.636833906173706,0.0,0.061496272683143616,0.0,0.0,7.5,0.551,True,True,False
31.9136700630188,stand_post,1.9136700630187988,0.0,0.0,0.0,0.45814892864851153,0.19634954084936207,0.31306843457648287,-2.18,-0.8,8.64,1.688,0.678435742855072,0.0,0.05418936163187027,0.0,0.0,7.5,0.551,True,True,False
31.934056997299194,stand_post,1.9340569972991943,0.0,0.0,0.0,0.6490443155853913,0.23561944901923448,0.28034351110158917,-1.83,-0.9,9.23,0.9970000000000001,0.7267321348190308,0.0,0.03264586813747883,0.0,0.0,7.5,0.551,True,True,False
31.954421997070312,stand_post,1.9544219970703125,0.0,0.0,0.0,0.8355763793922852,0.3534291735288517,0.3621558197888234,-1.75,1.3800000000000001,8.71,1.381,0.5727717280387878,0.0,0.084699597209692,0.0,0.0,7.5,0.551,True,True,False
31.9747896194458,stand_post,1.9747896194458008,0.0,0.0,0.0,0.878118779909647,0.21489366415180183,0.05345070834232634,-1.77,1.03,9.47,1.151,0.7153611779212952,0.0,0.07966108433902264,1.0,0.0,7.5,0.551,True,True,False
31.995160341262817,stand_post,1.9951603412628174,0.0,0.0,0.0,0.8235772407848243,0.28907015736156083,-0.07090400086226964,-1.7,-0.38,9.67,1.227,0.6370752453804016,0.0,0.04827050119638443,1.0,0.0,7.5,0.551,True,True,False
32.01553153991699,stand_post,2.015531539916992,0.0,0.0,0.0,0.6861325621902709,0.4046982203061852,0.04581489286485115,-1.27,-0.49,9.41,1.688,0.6319364905357361,0.0,0.08691571839153767,0.0,0.0,7.5,0.551,True,True,False
32.03590679168701,stand_post,2.0359067916870117,0.0,0.0,0.0,0.39051742013373125,0.40906154343617096,0.24870941840919197,-1.27,-0.49,9.41,0.9970000000000001,0.5726593732833862,0.0,0.08445865195244551,0.0,0.0,7.5,0.551,True,True,False
32.056270599365234,stand_post,2.0562705993652344,0.0,0.0,0.0,0.05672320068981571,0.4439681284760576,0.2007128639793479,-1.27,1.11,8.75,0.6899999999999998,0.6120336055755615,0.0,0.10896943882107735,0.0,0.0,7.5,0.551,True,True,False
32.0766396522522,stand_post,2.0766396522521973,0.0,0.0,0.0,-0.27707101875409984,0.3785182815262702,0.22362031041177347,-1.25,0.38,9.43,0.767,0.9129379987716675,0.0,0.15634679328650236,0.0,0.0,7.5,0.778,True,True,False
32.09700083732605,stand_post,2.09700083732605,0.0,0.0,0.0,-0.31525009614147576,0.3719732968312915,0.22580197197676638,-1.0,2.04,9.13,0.767,0.7305402159690857,0.0,0.1727074757218361,0.0,0.0,7.5,0.778,True,True,False
32.117511510849,stand_post,2.117511510848999,0.0,0.0,0.0,-0.3327033886614191,0.38724492778624187,-0.15162547876700738,-0.75,0.65,8.23,1.765,0.8482511639595032,0.0,0.17136166151612997,0.0,0.0,7.5,0.778,True,True,False
32.137876749038696,stand_post,2.1378767490386963,0.0,0.0,0.0,-0.38724492778624187,0.34470252726888007,-0.4821472058634335,-1.23,-1.57,7.7,1.765,0.7964411973953247,0.0,0.15612393151968718,0.0,0.0,7.5,0.778,True,True,False
32.15824627876282,stand_post,2.1582462787628174,0.0,0.0,0.0,-0.6435901616729091,0.22143864884678055,-0.3436116964863836,-0.38,0.42,8.18,1.6110000000000002,0.8636422753334045,0.0,0.13302808534353971,0.0,0.0,7.5,0.778,True,True,False
32.17863750457764,stand_post,2.1786375045776367,0.0,0.0,0.0,-0.6206827152404835,0.020725784867432664,-0.31634092692397225,-0.04,0.41000000000000003,7.66,1.688,0.7921391725540161,0.0,0.08671508729457855,0.0,0.0,7.5,0.778,True,True,False
32.19900393486023,stand_post,2.1990039348602295,0.0,0.0,0.0,-0.6654067773228381,-0.08290313946973066,-0.38724492778624187,-1.62,-0.79,6.640000000000001,1.6110000000000002,0.8507699370384216,0.0,0.0734725072979927,0.0,0.0,7.5,0.778,True,True,False
32.21940565109253,stand_post,2.2194056510925293,0.0,0.0,0.0,-0.5465062220307244,-0.2083486794568231,-0.3959715740462135,-0.62,2.04,8.2,1.458,0.90142422914505,0.0,0.0796673521399498,0.0,1.0,7.5,0.778,True,True,False
32.23979711532593,stand_post,2.2397971153259277,0.0,0.0,0.0,-0.33161255787892263,-0.15162547876700738,-0.7144941625351786,-0.38,-0.28,6.87,1.304,0.9289072155952454,0.0,0.03655095398426056,0.0,1.0,7.5,0.778,True,True,False
32.260159492492676,stand_post,2.260159492492676,0.0,0.0,0.0,-0.16144295580947549,-0.2999784651865254,-0.6457718232379019,0.35000000000000003,-3.25,9.22,2.378,0.9290266633033752,0.0,0.03030434623360634,0.0,1.0,7.5,0.778,True,True,False
32.28057408332825,stand_post,2.280574083328247,0.0,0.0,0.0,0.06544984694978735,-0.2945243112740431,-0.28579766501407144,0.35000000000000003,-3.25,9.22,2.071,0.8842648863792419,0.0,0.026815548539161682,0.0,1.0,7.7,0.16199999999999998,True,True,False
32.30093216896057,stand_post,2.3009321689605713,0.0,0.0,0.0,0.32506757318394386,-0.4701480672559725,-0.19744037163185854,0.35000000000000003,-3.25,9.22,1.534,0.7962762117385864,0.0,0.02686440944671631,0.0,1.0,7.7,0.16199999999999998,True,True,False
32.32143759727478,stand_post,2.3214375972747803,0.0,0.0,0.0,0.3490658503988659,-0.7155849933176751,-0.5126904677733343,1.04,-0.4,9.46,1.304,0.8415722250938416,0.0,0.05942755751311779,0.0,1.0,7.7,0.16199999999999998,True,True,False
32.34181261062622,stand_post,2.3418126106262207,0.0,0.0,0.0,0.24652775684419906,-0.6152285613280012,-0.6446809924554054,1.11,-0.25,8.58,0.9210000000000002,0.8899804949760437,0.0,0.0475163459777832,0.0,1.0,7.7,0.16199999999999998,True,True,False
32.362282514572144,stand_post,2.3622825145721436,0.0,0.0,0.0,0.24870941840919197,-0.46796640569097964,-0.9075712110370514,1.11,-0.25,8.58,1.151,0.896128237247467,0.0,0.04602315090596676,0.0,1.0,7.7,0.16199999999999998,True,True,False
32.38288855552673,stand_post,2.3828885555267334,0.0,0.0,0.0,0.3436116964863836,-0.4908738521234052,-0.9773843811168246,1.11,-0.25,8.58,1.381,0.8248078227043152,0.0,0.058038052171468735,0.0,1.0,7.7,0.16199999999999998,True,True,False
32.40328598022461,stand_post,2.4032859802246094,0.0,0.0,0.0,0.05890486225480862,-0.5628686837681712,-1.0537425358915764,2.58,-0.8300000000000001,8.120000000000001,1.6110000000000002,0.7869667410850525,0.0,0.04408074915409088,0.0,1.0,7.7,0.16199999999999998,True,True,False
32.42366600036621,stand_post,2.423666000366211,0.0,0.0,0.0,-0.17671458676442586,-0.5017821599483697,-0.980656873464314,1.25,-0.28,7.66,1.841,0.8384977579116821,0.0,0.018670143093913794,0.0,1.0,7.7,0.16199999999999998,True,True,False
32.44403696060181,stand_post,2.4440369606018066,0.0,0.0,0.0,-0.21380283336930536,-0.48978302134090873,-0.980656873464314,1.71,-0.23,8.18,1.918,0.8825557827949524,0.0,0.04421158879995346,1.0,1.0,7.7,0.16199999999999998,True,True,False
32.46441960334778,stand_post,2.4644196033477783,0.0,0.0,0.0,-0.09708393964218458,-0.36760997370130566,-0.8617563181722002,0.98,0.19,7.94,1.6110000000000002,0.8955771327018738,0.0,0.039487943053245544,1.0,1.0,7.7,0.16199999999999998,True,True,False
32.48489189147949,stand_post,2.484891891479492,0.0,0.0,0.0,0.018544123302439753,-0.4341506514335895,-0.8399397025222711,1.85,-1.5,9.68,0.9970000000000001,0.8820478916168213,0.0,0.03730492852628231,1.0,1.0,7.6,0.7260000000000001,True,True,False
32.50525951385498,stand_post,2.5052595138549805,0.0,0.0,0.0,-0.15707963267948966,-0.5061454830783556,-0.6392268385429232,1.85,-1.5,9.68,0.844,0.8896849155426025,0.0,0.037309907376766205,1.0,1.0,7.6,0.7260000000000001,True,True,False
32.52575373649597,stand_post,2.5257537364959717,0.0,0.0,0.0,-0.6741334235828098,-0.16144295580947549,-0.3490658503988659,1.85,-1.5,9.68,0.9210000000000002,0.8496007323265076,0.0,0.04438389092683792,1.0,1.0,7.6,0.7260000000000001,True,True,False
32.54613661766052,stand_post,2.5461366176605225,0.0,0.0,0.0,-0.6610434541928523,-0.031634092692397225,-0.3272492347489368,0.63,-0.73,7.34,1.304,0.8294407725334167,0.0,0.03755304589867592,1.0,1.0,7.6,0.7260000000000001,True,True,False
32.566497802734375,stand_post,2.566497802734375,0.0,0.0,0.0,-0.26725354171163174,0.038179077387375956,0.002181661564992912,0.63,-0.73,7.34,1.6110000000000002,0.8157042860984802,0.0,0.028135396540164948,1.0,1.0,7.6,0.7260000000000001,True,True,False
32.58691596984863,stand_post,2.586915969848633,0.0,0.0,0.0,0.055632369907319255,0.23561944901923448,0.23343778745424157,0.63,-0.73,7.34,1.534,0.8006178140640259,0.0,0.016263447701931,1.0,1.0,7.6,0.7260000000000001,True,True,False
32.60730481147766,stand_post,2.607304811477661,0.0,0.0,0.0,0.13199052468207118,0.3392483733563978,0.4625122517784973,0.91,-0.23,7.45,0.9210000000000002,0.7758634686470032,0.0,0.08029017504304647,1.0,0.0,7.6,0.7260000000000001,True,True,False
32.6276650428772,stand_post,2.6276650428771973,0.0,0.0,0.0,0.016362461737446838,0.22689280275926285,0.2901609881440573,0.91,0.46,6.55,0.767,0.7650496959686279,0.0,0.08262643776834011,1.0,1.0,7.6,0.7260000000000001,True,True,False
32.64808225631714,stand_post,2.6480822563171387,0.0,0.0,0.0,-0.10253809355466686,-0.04363323129985824,-0.014180800172453928,1.3800000000000001,1.01,8.17,0.614,0.8286457657814026,0.0,0.04632861167192459,1.0,1.0,7.6,0.7260000000000001,True,True,False
32.66844820976257,stand_post,2.6684482097625732,0.0,0.0,0.0,-0.17780541754692233,0.2519819107566813,-0.2694352032766246,-0.51,-0.05,8.13,1.227,0.8392723202705383,0.0,0.06294069066643715,1.0,1.0,7.6,0.7260000000000001,True,True,False
32.68881297111511,stand_post,2.6888129711151123,0.0,0.0,0.0,-0.1810779098944117,0.3643374813538163,-0.2999784651865254,-0.51,-0.05,8.13,1.765,0.8111681342124939,0.0,0.03959696739912033,1.0,1.0,7.7,0.214,True,True,False
32.710986375808716,stand_post,2.710986375808716,0.0,0.0,0.0,0.04908738521234052,0.4308781590861001,-0.3523383427463553,-0.61,-1.35,8.58,2.378,0.7937145233154297,0.0,0.04043097048997879,0.0,1.0,7.7,0.214,True,True,False
32.731480836868286,stand_post,2.731480836868286,0.0,0.0,0.0,0.6228643768054763,0.26725354171163174,-0.22362031041177347,0.33,-3.42,9.31,1.995,0.7705150842666626,0.0,0.10448925942182541,1.0,1.0,7.7,0.214,True,True,False
32.751866817474365,stand_post,2.7518668174743652,0.0,0.0,0.0,0.6283185307179586,0.28034351110158917,-0.14180800172453928,-0.22,-3.98,9.0,1.151,0.781664252281189,0.0,0.03884442150592804,1.0,1.0,7.7,0.214,True,True,False
32.772223711013794,stand_post,2.772223711013794,0.0,0.0,0.0,0.6926775468852495,0.10799224746714914,0.22907446432425577,0.03,-1.1500000000000001,9.790000000000001,1.074,0.8326088190078735,0.0,0.024761890061199665,1.0,1.0,7.7,0.214,True,True,False
32.79259657859802,stand_post,2.7925965785980225,0.0,0.0,0.0,0.7221299780126539,0.10253809355466686,0.1407171709420428,0.03,-1.1500000000000001,9.790000000000001,1.074,0.8182655572891235,0.0,0.015534549951553345,1.0,1.0,7.7,0.214,True,True,False
32.81296348571777,stand_post,2.8129634857177734,0.0,0.0,0.0,0.13199052468207118,0.25416357232167425,-0.15707963267948966,0.03,-1.1500000000000001,9.790000000000001,1.765,0.8733999729156494,0.0,0.028871789574623108,1.0,1.0,7.7,0.214,True,True,False
32.833401679992676,stand_post,2.833401679992676,0.0,0.0,0.0,-0.18762289458939044,0.10253809355466686,0.026179938779914945,0.03,-1.1500000000000001,9.790000000000001,1.918,0.8772361874580383,0.0,0.013999402523040771,1.0,1.0,7.7,0.214,True,True,False
32.85376739501953,stand_post,2.8537673950195312,0.0,0.0,0.0,-0.33815754257390135,0.07417649320975901,-0.030543261909900768,0.28,2.88,7.2700000000000005,1.381,0.8969232439994812,0.0,0.01595846563577652,1.0,1.0,7.7,0.214,True,True,False
32.87412118911743,stand_post,2.8741211891174316,0.0,0.0,0.0,-0.4276056667386107,0.0818123086872342,-0.22362031041177347,-0.34,1.6600000000000001,8.25,0.767,0.9171327352523804,0.0,0.008699294179677963,1.0,1.0,7.7,0.214,True,True,False
32.89451837539673,stand_post,2.8945183753967285,0.0,0.0,0.0,-0.519235452468313,0.17780541754692233,-0.21598449493429828,-0.29,1.76,8.120000000000001,0.537,0.908949613571167,0.0,0.008781969547271729,1.0,1.0,7.7,0.14100000000000001,True,True,False
32.91488695144653,stand_post,2.914886951446533,0.0,0.0,0.0,-0.4799655442984406,0.3916082509162277,-0.11344640137963143,-0.76,0.81,7.73,0.537,0.90752112865448,0.0,0.00955197960138321,1.0,1.0,7.7,0.14100000000000001,True,True,False
32.93526792526245,stand_post,2.935267925262451,0.0,0.0,0.0,-0.39051742013373125,0.4603305902135044,-0.04363323129985824,-0.67,0.85,7.9,0.614,0.916292130947113,0.0,0.0033342689275741577,1.0,1.0,7.7,0.14100000000000001,True,True,False
32.95563054084778,stand_post,2.9556305408477783,0.0,0.0,0.0,-0.29888763440402893,0.40251655874119224,-0.1439896632895322,-0.67,0.85,7.9,0.537,0.9078375101089478,0.0,0.00453544408082962,1.0,1.0,7.7,0.14100000000000001,True,True,False
32.975990533828735,stand_post,2.9759905338287354,0.0,0.0,0.0,-0.40033489717619936,0.4799655442984406,-0.12544553998709243,-0.66,-1.3900000000000001,9.02,0.384,0.9240127801895142,0.0,0.009813398122787476,1.0,1.0,7.7,0.14100000000000001,True,True,False
32.99638271331787,stand_post,2.996382713317871,0.0,0.0,0.0,-0.42542400517361784,0.34470252726888007,-0.022907446432425576,-1.55,-2.27,9.120000000000001,0.23,0.9309553503990173,0.0,0.009069524705410004,1.0,1.0,7.7,0.14100000000000001,True,True,False
