time_s,phase,phase_elapsed_s,cmd_x,cmd_y,cmd_yaw,gyro_x,gyro_y,gyro_z,accel_x,accel_y,accel_z,joint_vel_abs_max,action_abs_max,action_saturation_frac,target_delta_abs_max,left_contact,right_contact,min_voltage,sum_abs_current,obs_finite,action_finite,missed_deadline
0.0001087188720703125,stand_pre,0.0001087188720703125,0.0,0.0,0.0,-0.4036073895236887,-0.5770494839406252,0.272707695624114,-0.6900000000000001,-1.1400000000000001,6.74,0.0,0.8335430026054382,0.0,0.1333668828010559,1.0,1.0,7.7,0.20600000000000002,True,True,True
0.025196313858032227,stand_pre,0.025196313858032227,0.0,0.0,0.0,-0.07090400086226964,-0.4014257279586958,0.16471544815696484,1.22,-1.18,7.2700000000000005,0.0,0.7662807106971741,0.0,0.02590348571538925,1.0,1.0,7.7,0.20600000000000002,True,True,False
0.04573845863342285,stand_pre,0.04573845863342285,0.0,0.0,0.0,0.003272492347489368,0.0545415391248228,0.015271630954950384,1.47,-0.41000000000000003,9.3,0.384,0.6175978779792786,0.0,0.03812052309513092,1.0,1.0,7.7,0.20600000000000002,True,True,False
0.06639909744262695,stand_pre,0.06639909744262695,0.0,0.0,0.0,-0.007635815477475192,0.08617563181722002,0.04254240051736178,1.48,-0.37,9.25,1.151,0.5219126343727112,0.0,0.03300593327730894,1.0,1.0,7.7,0.20600000000000002,True,True,False
0.08693242073059082,stand_pre,0.08693242073059082,0.0,0.0,0.0,-0.009817477042468103,0.12108221685710661,-0.009817477042468103,1.48,-0.37,9.25,1.304,0.587691605091095,0.0,0.04415987152606249,1.0,1.0,7.7,0.20600000000000002,True,True,False
0.1077122688293457,stand_pre,0.1077122688293457,0.0,0.0,0.0,-0.04581489286485115,0.21598449493429828,-0.18980455615438332,1.48,-0.37,9.25,0.9970000000000001,0.8114150166511536,0.0,0.0559718981385231,1.0,1.0,7.7,0.20600000000000002,True,True,False
0.12810063362121582,stand_pre,0.12810063362121582,0.0,0.0,0.0,-0.12217304763960307,0.0818123086872342,-0.5050546522958591,1.58,0.86,6.87,0.767,0.899797260761261,0.0,0.03546011447906494,1.0,1.0,7.7,0.20600000000000002,True,True,False
0.148484468460083,stand_pre,0.148484468460083,0.0,0.0,0.0,-0.05890486225480862,-0.037088246604879506,-0.6272276999354622,0.18,-0.26,9.200000000000001,1.074,0.8906383514404297,0.0,0.02897164598107338,1.0,1.0,7.7,0.20600000000000002,True,True,False
0.1688532829284668,stand_pre,0.1688532829284668,0.0,0.0,0.0,0.14944381720201447,-0.04254240051736178,-0.6108652381980153,-0.2,-2.64,9.53,1.688,0.8419383764266968,0.0,0.030656635761260986,1.0,1.0,7.7,0.20600000000000002,True,True,False
0.18923187255859375,stand_pre,0.18923187255859375,0.0,0.0,0.0,0.2923426497090502,0.10690141668465268,-0.136353847812057,-1.8,-3.81,7.8500000000000005,1.918,0.7627960443496704,0.0,0.04516320303082466,1.0,1.0,7.7,0.20600000000000002,True,True,False
0.20962786674499512,stand_pre,0.20962786674499512,0.0,0.0,0.0,0.7068583470577035,-0.11017390903214205,0.5214171140333059,-0.32,-2.7800000000000002,9.11,1.458,0.7965897917747498,0.0,0.05849765986204147,1.0,1.0,7.5,0.85,True,True,False
0.22999835014343262,stand_pre,0.22999835014343262,0.0,0.0,0.0,0.7832165018324554,0.03381575425739013,0.7603090554000298,0.88,-1.82,7.46,0.614,0.8107008934020996,0.0,0.035085879266262054,1.0,1.0,7.5,0.85,True,True,False
0.2503838539123535,stand_pre,0.2503838539123535,0.0,0.0,0.0,0.29670597283903605,-0.008726646259971648,0.5563236990731926,-0.27,-2.19,9.43,0.614,0.804521918296814,0.0,0.016208678483963013,1.0,1.0,7.5,0.85,True,True,False
0.2709178924560547,stand_pre,0.2709178924560547,0.0,0.0,0.0,-0.044724062082354694,0.30543261909900765,0.4734205596034619,-0.27,-2.19,9.43,1.151,0.7860528230667114,0.0,0.014409027993679047,1.0,1.0,7.5,0.85,True,True,False
0.2912888526916504,stand_pre,0.2912888526916504,0.0,0.0,0.0,-0.07090400086226964,0.30543261909900765,-0.032724923474893676,-0.27,-2.19,9.43,1.534,0.7980148792266846,0.0,0.019147417973726988,1.0,1.0,7.5,0.85,True,True,False
0.3116455078125,stand_pre,0.3116455078125,0.0,0.0,0.0,-0.09708393964218458,0.284706834231575,-0.4690572364734761,-0.27,-2.19,9.43,1.688,0.8683949112892151,0.0,0.020455806516110897,1.0,1.0,7.5,0.85,True,True,False
0.33206844329833984,stand_pre,0.33206844329833984,0.0,0.0,0.0,-0.30543261909900765,0.4919646829059016,-0.6719517620178169,-0.43,0.38,7.13,1.381,0.8756471276283264,0.0,0.013221099972724915,1.0,1.0,7.5,0.85,True,True,False
0.35245537757873535,stand_pre,0.35245537757873535,0.0,0.0,0.0,-0.3687008044838021,0.32179508083645453,-0.4657847441259867,-0.56,0.87,7.42,0.9970000000000001,0.8498840928077698,0.0,0.009623117744922638,1.0,1.0,7.5,0.85,True,True,False
0.37289857864379883,stand_pre,0.37289857864379883,0.0,0.0,0.0,-0.20616701789183017,0.3883357585687383,-0.31634092692397225,-0.91,-0.18,7.71,0.46,0.8054137825965881,0.0,0.014682117849588394,1.0,1.0,7.5,0.85,True,True,False
0.3932666778564453,stand_pre,0.3932666778564453,0.0,0.0,0.0,-0.3174317577064687,0.42215151282612845,-0.30325095753401476,-1.18,-0.81,8.370000000000001,0.307,0.7981890439987183,0.0,0.02641814947128296,1.0,1.0,7.5,0.85,True,True,False
0.4136226177215576,stand_pre,0.4136226177215576,0.0,0.0,0.0,-0.38288160465625604,0.3817907738737596,-0.04799655442984406,-1.1400000000000001,-1.08,9.24,0.384,0.7116860151290894,0.0,0.05760492151603103,1.0,1.0,7.6,0.5920000000000001,True,True,False
0.43398427963256836,stand_pre,0.43398427963256836,0.0,0.0,0.0,-0.32288591161895097,0.45487643630102215,0.33488505022641196,-0.7000000000000001,-1.46,8.48,0.537,0.7675489783287048,0.0,0.04716970585286617,1.0,1.0,7.6,0.5920000000000001,True,True,False
0.4543592929840088,stand_pre,0.4543592929840088,0.0,0.0,0.0,-0.2901609881440573,0.18544123302439752,0.34033920413889424,-0.8,-1.6,8.9,0.9970000000000001,0.8192663788795471,0.0,0.03814882971346378,1.0,1.0,7.6,0.5920000000000001,True,True,False
0.474790096282959,stand_pre,0.474790096282959,0.0,0.0,0.0,-0.42215151282612845,0.006544984694978736,0.3119776037939864,-1.9100000000000001,-2.48,9.0,0.9970000000000001,0.8003382086753845,0.0,0.061909161508083344,0.0,1.0,7.6,0.5920000000000001,True,True,False
0.4951815605163574,stand_pre,0.4951815605163574,0.0,0.0,0.0,-0.40251655874119224,-0.24652775684419906,0.3523383427463553,-2.25,-0.8,9.1,1.227,0.7906106114387512,0.0,0.04495795536786318,0.0,1.0,7.6,0.5920000000000001,True,True,False
0.5155761241912842,stand_pre,0.5155761241912842,0.0,0.0,0.0,-0.385063266221249,-0.3097959422289935,0.004363323129985824,-0.75,-2.06,6.7700000000000005,1.227,0.8457956314086914,0.0,0.05548808164894581,1.0,1.0,7.6,0.5920000000000001,True,True,False
0.5359477996826172,stand_pre,0.5359477996826172,0.0,0.0,0.0,-0.17780541754692233,-0.358883327441334,-0.07526732399225546,-1.75,-1.58,6.9,0.844,0.8242694735527039,0.0,0.024098969995975494,1.0,1.0,7.6,0.5920000000000001,True,True,False
0.5564496517181396,stand_pre,0.5564496517181396,0.0,0.0,0.0,0.11999138607461016,-0.32179508083645453,0.07635815477475191,-2.22,-1.46,9.61,0.6899999999999998,0.7794646620750427,0.0,0.018131867051124573,1.0,1.0,7.6,0.5920000000000001,True,True,False
0.5768101215362549,stand_pre,0.5768101215362549,0.0,0.0,0.0,0.30325095753401476,-0.3272492347489368,-0.02945243112740431,-2.22,-1.46,9.61,0.9970000000000001,0.7860350608825684,0.0,0.009162455797195435,1.0,1.0,7.6,0.5920000000000001,True,True,False
0.5971791744232178,stand_pre,0.5971791744232178,0.0,0.0,0.0,0.2378011105842274,-0.4265148359561143,-0.2977968036215325,-2.22,-1.46,9.61,0.767,0.7830312252044678,0.0,0.011433262377977371,1.0,1.0,7.6,0.5920000000000001,True,True,False
0.6175496578216553,stand_pre,0.6175496578216553,0.0,0.0,0.0,0.27052603405912107,-0.4505131131710363,-0.12980886311707826,0.6900000000000001,0.49,8.55,0.537,0.806560754776001,0.0,0.019479403272271156,1.0,1.0,7.7,0.206,True,True,False
0.6379086971282959,stand_pre,0.6379086971282959,0.0,0.0,0.0,0.20289452554434081,-0.21707532571679475,-0.06763150851478027,-0.1,2.18,9.49,0.46,0.6485798954963684,0.0,0.03966810554265976,1.0,1.0,7.7,0.206,True,True,False
0.6582767963409424,stand_pre,0.6582767963409424,0.0,0.0,0.0,0.20943951023931956,-0.05999569303730508,-0.38069994309126315,-0.97,0.97,8.34,0.46,0.7285599112510681,0.0,0.07701311260461807,1.0,1.0,7.7,0.206,True,True,False
0.6788032054901123,stand_pre,0.6788032054901123,0.0,0.0,0.0,0.1908953869368798,-0.10035643198967395,-0.26616271092913524,-0.06,0.48,8.58,0.384,0.9078611731529236,0.0,0.05686263833194971,1.0,1.0,7.7,0.206,True,True,False
0.6991798877716064,stand_pre,0.6991798877716064,0.0,0.0,0.0,0.06872233929727672,-0.06326818538479445,0.013089969389957472,-0.25,-1.29,8.78,0.844,0.831818699836731,0.0,0.04132953146472573,1.0,1.0,7.7,0.206,True,True,False
0.7195484638214111,stand_pre,0.7195484638214111,0.0,0.0,0.0,0.025089107997418487,-0.050178215994836975,0.3567016658763411,0.0,-1.16,8.47,1.304,0.7714462280273438,0.0,0.029651041142642498,1.0,1.0,7.7,0.206,True,True,False
0.7399868965148926,stand_pre,0.7399868965148926,0.0,0.0,0.0,0.24870941840919197,-0.1810779098944117,0.3861540970037454,-0.12,-2.44,8.16,1.688,0.7922493815422058,0.0,0.05181121081113815,1.0,1.0,7.7,0.206,True,True,False
0.7603600025177002,stand_pre,0.7603600025177002,0.0,0.0,0.0,0.3839724354387525,-0.3567016658763411,0.4930555136883981,-0.12,-2.44,8.16,1.227,0.8161634802818298,0.0,0.06875561689957976,1.0,1.0,7.7,0.206,True,True,False
0.7807879447937012,stand_pre,0.7807879447937012,0.0,0.0,0.0,0.4428772976935611,-0.2083486794568231,0.6261368691529657,0.76,-2.52,8.99,0.844,0.8111953735351562,0.0,0.041137552354484797,1.0,1.0,7.7,0.206,True,True,False
0.8011586666107178,stand_pre,0.8011586666107178,0.0,0.0,0.0,0.6534076387153771,-0.2923426497090502,0.5017821599483697,0.5,-0.78,9.68,0.537,0.8068380951881409,0.0,0.02049237210303545,1.0,1.0,7.7,0.206,True,True,False
0.8215539455413818,stand_pre,0.8215539455413818,0.0,0.0,0.0,0.4854196982109229,0.12108221685710661,-0.04363323129985824,0.5,-0.78,9.68,1.151,0.7601953744888306,0.0,0.017816878855228424,1.0,1.0,7.5,0.5790000000000001,True,True,False
0.8419389724731445,stand_pre,0.8419389724731445,0.0,0.0,0.0,0.11344640137963143,0.25743606466916363,-0.8203047484373349,0.5,-0.78,9.68,1.6110000000000002,0.8382019996643066,0.0,0.031527787912636995,1.0,1.0,7.5,0.5790000000000001,True,True,False
0.862375020980835,stand_pre,0.862375020980835,0.0,0.0,0.0,0.05235987755982989,0.032724923474893676,-0.868301302867179,0.5,-0.78,9.68,1.534,0.8260399699211121,0.0,0.011594276409596205,1.0,1.0,7.5,0.5790000000000001,True,True,False
0.8828394412994385,stand_pre,0.8828394412994385,0.0,0.0,0.0,-0.016362461737446838,0.16144295580947549,-0.9817477042468103,0.48,1.1,7.22,1.381,0.803589403629303,0.0,0.02627432346343994,1.0,1.0,7.5,0.5790000000000001,True,True,False
0.9032206535339355,stand_pre,0.9032206535339355,0.0,0.0,0.0,-0.24107360293171676,0.31852258848896514,-1.0613783513690516,-0.35000000000000003,-0.26,5.71,0.9210000000000002,0.8058968186378479,0.0,0.016049794852733612,1.0,1.0,7.5,0.5790000000000001,True,True,False
0.9236018657684326,stand_pre,0.9236018657684326,0.0,0.0,0.0,-0.28688849579656794,0.039269908169872414,-0.559596191420682,0.06,1.3,8.74,0.384,0.6030358076095581,0.0,0.07377076998818666,1.0,1.0,7.5,0.5790000000000001,True,True,False
0.9440774917602539,stand_pre,0.9440774917602539,0.0,0.0,0.0,-0.1734420944169365,0.15271630954950383,-0.05781403147231216,0.35000000000000003,-0.53,7.01,0.384,0.6102440357208252,0.0,0.0398333789780736,1.0,1.0,7.5,0.5790000000000001,True,True,False
0.9644482135772705,stand_pre,0.9644482135772705,0.0,0.0,0.0,-0.3817907738737596,0.10690141668465268,0.24652775684419906,0.35000000000000003,-0.53,7.01,0.46,0.8593200445175171,0.0,0.046681493520736694,1.0,1.0,7.5,0.5790000000000001,True,True,False
0.9849128723144531,stand_pre,0.9849128723144531,0.0,0.0,0.0,-0.40251655874119224,0.24325526449670967,0.581412807070611,0.35000000000000003,-0.53,7.01,0.844,0.887019693851471,0.0,0.04032152728177607,1.0,1.0,7.5,0.5790000000000001,True,True,False
1.005445957183838,stand_pre,1.005445957183838,0.0,0.0,0.0,-0.34470252726888007,0.37742745074377376,0.9675669040743564,-0.76,-0.46,6.9,1.304,0.8910006880760193,0.0,0.060878779739141464,1.0,1.0,7.5,0.5790000000000001,True,True,False
1.0258071422576904,stand_pre,1.0258071422576904,0.0,0.0,0.0,-0.5203262832508095,0.22471114119426994,0.7963064712224128,-1.3800000000000001,-0.37,7.140000000000001,1.534,0.8508449792861938,0.0,0.037618624861352146,1.0,1.0,7.5,0.7280000000000002,True,True,False
1.0468788146972656,stand_pre,1.0468788146972656,0.0,0.0,0.0,-0.667588438887831,0.2378011105842274,0.3294308963139297,-1.8,-1.1300000000000001,8.91,1.151,0.8239662051200867,0.0,0.046284694224596024,1.0,1.0,7.5,0.7280000000000002,True,True,False
1.0672492980957031,stand_pre,1.0672492980957031,0.0,0.0,0.0,-0.6534076387153771,0.21489366415180183,0.11453723216212788,-0.6900000000000001,-1.4000000000000001,9.35,0.844,0.8112497329711914,0.0,0.026903769001364708,1.0,1.0,7.5,0.7280000000000002,True,True,False
1.087648868560791,stand_pre,1.087648868560791,0.0,0.0,0.0,-0.37960911230876665,0.006544984694978736,0.013089969389957472,-0.6900000000000001,-1.4000000000000001,9.35,0.9210000000000002,0.8090180158615112,0.0,0.03620978072285652,1.0,1.0,7.5,0.7280000000000002,True,True,False
1.1080780029296875,stand_pre,1.1080780029296875,0.0,0.0,0.0,0.14835298641951802,-0.22580197197676638,-0.16689710972195776,-0.6900000000000001,-1.4000000000000001,9.35,1.074,0.8060652017593384,0.0,0.02040606550872326,1.0,1.0,7.5,0.7280000000000002,True,True,False
1.1284444332122803,stand_pre,1.1284444332122803,0.0,0.0,0.0,0.44833145160604343,-0.29561514205653955,-0.08399397025222712,0.09,-1.49,9.5,1.074,0.802423357963562,0.0,0.010101929306983948,1.0,1.0,7.5,0.7280000000000002,True,True,False
1.1491646766662598,stand_pre,1.1491646766662598,0.0,0.0,0.0,0.44833145160604343,-0.07526732399225546,-0.29343348049154666,0.09,-1.49,9.5,0.844,0.7538800239562988,0.0,0.015030011534690857,1.0,1.0,7.5,0.7280000000000002,True,True,False
1.1696522235870361,stand_pre,1.1696522235870361,0.0,0.0,0.0,0.49414634447089456,-0.031634092692397225,-0.4821472058634335,-0.61,0.77,9.17,0.384,0.6503193974494934,0.0,0.03011833131313324,1.0,1.0,7.5,0.7280000000000002,True,True,False
1.1900289058685303,stand_pre,1.1900289058685303,0.0,0.0,0.0,0.4286964975211072,-0.21489366415180183,-0.4068798818711781,0.31,0.17,7.86,0.307,0.6429663896560669,0.0,0.05434458889067173,1.0,1.0,7.5,0.7280000000000002,True,True,False
1.2103946208953857,stand_pre,1.2103946208953857,0.0,0.0,0.0,0.2181661564992912,0.08835729338221293,-0.3294308963139297,0.2,0.5700000000000001,7.43,0.384,0.7518957257270813,0.0,0.06279359199106693,1.0,1.0,7.5,0.7280000000000002,True,True,False
1.2308745384216309,stand_pre,1.2308745384216309,0.0,0.0,0.0,0.0719948316447661,0.07635815477475191,-0.06544984694978735,-0.6,0.15,8.93,0.537,0.8502125144004822,0.0,0.04398505389690399,1.0,1.0,7.6,0.454,True,True,False
1.2512452602386475,stand_pre,1.2512452602386475,0.0,0.0,0.0,0.0,0.006544984694978736,0.23671027980173096,-0.33,-0.09,9.32,0.9970000000000001,0.8589843511581421,0.0,0.035361774265766144,1.0,1.0,7.6,0.454,True,True,False
1.271623134613037,stand_pre,1.271623134613037,0.0,0.0,0.0,-0.05235987755982989,0.08944812416470939,0.4701480672559725,-0.33,-0.09,9.32,1.688,0.8477691411972046,0.0,0.023808404803276062,1.0,1.0,7.6,0.454,True,True,False
1.2920582294464111,stand_pre,1.2920582294464111,0.0,0.0,0.0,-0.04799655442984406,-0.05235987755982989,0.6239552075879728,0.2,-1.74,8.71,1.688,0.8297586441040039,0.0,0.05481388047337532,1.0,1.0,7.6,0.454,True,True,False
1.312432050704956,stand_pre,1.312432050704956,0.0,0.0,0.0,0.061086523819801536,0.030543261909900768,0.607592745850526,0.36,-1.21,8.39,1.074,0.7997826933860779,0.0,0.08418330177664757,1.0,1.0,7.6,0.454,True,True,False
1.3328511714935303,stand_pre,1.3328511714935303,0.0,0.0,0.0,0.29670597283903605,-0.38288160465625604,0.1930770485018727,0.36,-1.21,8.39,0.6899999999999998,0.799758791923523,0.0,0.023040734231472015,1.0,1.0,7.6,0.454,True,True,False
1.3532345294952393,stand_pre,1.3532345294952393,0.0,0.0,0.0,0.49414634447089456,-0.3839724354387525,0.11562806294462433,0.36,-1.21,8.39,0.6899999999999998,0.8023155331611633,0.0,0.02931174635887146,1.0,1.0,7.6,0.454,True,True,False
1.373612880706787,stand_pre,1.373612880706787,0.0,0.0,0.0,0.6795875774952921,-0.21489366415180183,-0.14944381720201447,0.36,-1.21,8.39,1.227,0.761859118938446,0.0,0.02220448778825812,1.0,0.0,7.6,0.454,True,True,False
1.3939783573150635,stand_pre,1.3939783573150635,0.0,0.0,0.0,0.5650503453331642,-0.07417649320975901,-0.5661411761156606,0.36,-1.21,8.39,1.534,0.7441547513008118,0.0,0.02833685278892517,1.0,0.0,7.6,0.454,True,True,False
1.414360523223877,stand_pre,1.414360523223877,0.0,0.0,0.0,0.09926560120717749,0.09708393964218458,-0.8650288105196896,0.36,-1.21,8.39,1.458,0.8331244587898254,0.0,0.01587248593568802,1.0,1.0,7.6,0.454,True,True,False
1.4348564147949219,stand_pre,1.4348564147949219,0.0,0.0,0.0,-0.13853550937704992,-0.10035643198967395,-0.7963064712224128,2.23,2.77,7.3,1.151,0.8140878677368164,0.0,0.03730412572622299,1.0,1.0,7.7,0.11699999999999999,True,True,False
1.4552204608917236,stand_pre,1.4552204608917236,0.0,0.0,0.0,-0.27052603405912107,0.11562806294462433,-0.9326603190344699,0.4,0.09,6.59,0.844,0.8023291826248169,0.0,0.024547300301492214,1.0,1.0,7.7,0.11699999999999999,True,True,False
1.4756014347076416,stand_pre,1.4756014347076416,0.0,0.0,0.0,-0.44178646691106466,0.022907446432425576,-0.2912518189265537,-0.52,0.08,7.54,0.46,0.6727515459060669,0.0,0.03797551989555359,1.0,1.0,7.7,0.11699999999999999,True,True,False
1.4959716796875,stand_pre,1.4959716796875,0.0,0.0,0.0,-0.3392483733563978,-0.22143864884678055,0.07090400086226964,0.06,0.24,8.31,0.46,0.6671014428138733,0.0,0.055316234938800335,1.0,1.0,7.7,0.11699999999999999,True,True,False
1.5164101123809814,stand_pre,1.5164101123809814,0.0,0.0,0.0,-0.3534291735288517,-0.05126904677733343,0.3959715740462135,0.5,-0.03,7.68,0.46,0.910480797290802,0.0,0.04180020466446876,1.0,1.0,7.7,0.11699999999999999,True,True,False
1.5367696285247803,stand_pre,1.5367696285247803,0.0,0.0,0.0,-0.38288160465625604,0.055632369907319255,0.581412807070611,0.5,-0.03,7.68,0.9210000000000002,0.9086240530014038,0.0,0.031379375606775284,1.0,1.0,7.7,0.11699999999999999,True,True,False
1.557234287261963,stand_pre,1.557234287261963,0.0,0.0,0.0,-0.27052603405912107,0.19962203319685143,0.7504915783575618,-0.8300000000000001,-0.41000000000000003,8.49,1.458,0.8898323178291321,0.0,0.051734138280153275,1.0,1.0,7.7,0.11699999999999999,True,True,False
1.577653169631958,stand_pre,1.577653169631958,0.0,0.0,0.0,-0.34797501961636945,0.061086523819801536,0.18980455615438332,0.63,-0.65,5.86,1.534,0.8270614743232727,0.0,0.03518777946010232,1.0,1.0,7.7,0.11699999999999999,True,True,False
1.5980267524719238,stand_pre,1.5980267524719238,0.0,0.0,0.0,-0.49960049838337683,0.032724923474893676,-0.04581489286485115,-0.51,-2.2,6.6000000000000005,0.844,0.8403478860855103,0.0,0.031316499691456556,1.0,1.0,7.7,0.11699999999999999,True,True,False
1.6183960437774658,stand_pre,1.6183960437774658,0.0,0.0,0.0,-0.56941366846315,0.009817477042468103,-0.18435040224190105,-0.51,-2.2,6.6000000000000005,0.6899999999999998,0.8379682898521423,0.0,0.03821718972176313,1.0,1.0,7.7,0.11699999999999999,True,True,False
1.6388843059539795,stand_pre,1.6388843059539795,0.0,0.0,0.0,-0.3687008044838021,0.18216874067690814,-0.3621558197888234,-0.51,-2.2,6.6000000000000005,0.767,0.8387418389320374,0.0,0.01684662699699402,1.0,1.0,7.5,0.6550000000000001,True,True,False
1.65924072265625,stand_pre,1.65924072265625,0.0,0.0,0.0,0.028361600344907856,0.09599310885968812,-0.22143864884678055,0.06,-1.76,8.57,0.9210000000000002,0.8425270318984985,0.0,0.015622183680534363,1.0,1.0,7.5,0.6550000000000001,True,True,False
1.6796131134033203,stand_pre,1.6796131134033203,0.0,0.0,0.0,0.24216443371421323,-0.030543261909900768,-0.13853550937704992,0.06,0.14,9.620000000000001,0.9210000000000002,0.8226783275604248,0.0,0.006892833858728409,1.0,1.0,7.5,0.6550000000000001,True,True,False
1.700042724609375,stand_pre,1.700042724609375,0.0,0.0,0.0,0.21707532571679475,-0.1559888018969932,-0.210530341021816,0.06,0.14,9.620000000000001,0.9970000000000001,0.8077502250671387,0.0,0.00769052654504776,1.0,1.0,7.5,0.6550000000000001,True,True,False
1.7204194068908691,stand_pre,1.7204194068908691,0.0,0.0,0.0,0.2617993877991494,0.08290313946973066,-0.15817046346198613,-0.3,0.42,8.59,0.767,0.785865843296051,0.0,0.019286341965198517,1.0,1.0,7.5,0.6550000000000001,True,True,False
1.7407798767089844,stand_pre,1.7407798767089844,0.0,0.0,0.0,0.35561083509384467,0.022907446432425576,-0.16907877128695067,-0.71,0.31,6.140000000000001,0.384,0.7343193292617798,0.0,0.026109375059604645,1.0,1.0,7.5,0.6550000000000001,True,True,False
1.7611489295959473,stand_pre,1.7611489295959473,0.0,0.0,0.0,0.2977968036215325,-0.055632369907319255,-0.1308996938995747,-0.07,-0.2,9.63,0.23,0.7019093632698059,0.0,0.06372765451669693,1.0,1.0,7.5,0.6550000000000001,True,True,False
1.7815182209014893,stand_pre,1.7815182209014893,0.0,0.0,0.0,0.04908738521234052,0.1559888018969932,-0.026179938779914945,-0.29,-0.08,8.790000000000001,0.537,0.7929065823554993,0.0,0.06787288933992386,1.0,1.0,7.5,0.6550000000000001,True,True,False
1.8018898963928223,stand_pre,1.8018898963928223,0.0,0.0,0.0,-0.08835729338221293,0.04690572364734761,0.04145156973486533,-0.71,-0.66,8.53,0.844,0.857266902923584,0.0,0.02291525348846335,1.0,1.0,7.5,0.6550000000000001,True,True,False
1.8223261833190918,stand_pre,1.8223261833190918,0.0,0.0,0.0,-0.08072147790473774,0.04036073895236887,0.21489366415180183,-0.48,-1.35,9.28,1.6110000000000002,0.8701192736625671,0.0,0.02169729769229889,1.0,1.0,7.5,0.6550000000000001,True,True,False
1.8427562713623047,stand_pre,1.8427562713623047,0.0,0.0,0.0,-0.0272707695624114,-0.05999569303730508,0.346884188833873,-0.32,-2.02,7.92,1.6110000000000002,0.854393482208252,0.0,0.05379928648471832,1.0,1.0,7.6,0.233,True,True,False
1.863121509552002,stand_pre,1.863121509552002,0.0,0.0,0.0,0.21162117180431245,-0.1265363707695889,0.3959715740462135,-0.34,-1.92,8.370000000000001,1.381,0.824844479560852,0.0,0.07421019300818443,1.0,1.0,7.6,0.233,True,True,False
1.8835008144378662,stand_pre,1.8835008144378662,0.0,0.0,0.0,0.43524148221608594,-0.33488505022641196,0.15271630954950383,-0.34,-1.92,8.370000000000001,0.9210000000000002,0.8148556351661682,0.0,0.02656622976064682,1.0,1.0,7.6,0.233,True,True,False
1.9040181636810303,stand_pre,1.9040181636810303,0.0,0.0,0.0,0.657770961845363,-0.28579766501407144,0.031634092692397225,-0.1,-2.1,9.38,0.614,0.8138487339019775,0.0,0.027020394802093506,1.0,1.0,7.6,0.233,True,True,False
1.9243967533111572,stand_pre,1.9243967533111572,0.0,0.0,0.0,0.7243116395776468,-0.1538071403320003,-0.26616271092913524,-0.1,-2.1,9.38,1.151,0.7660056948661804,0.0,0.02144450508058071,1.0,0.0,7.6,0.233,True,True,False
1.944840431213379,stand_pre,1.944840431213379,0.0,0.0,0.0,0.5672320068981571,0.05126904677733343,-0.5388704065532492,-0.1,-2.1,9.38,1.458,0.7471684217453003,0.0,0.028904497623443604,1.0,0.0,7.6,0.233,True,True,False
1.965210199356079,stand_pre,1.965210199356079,0.0,0.0,0.0,0.0719948316447661,0.07963064712224129,-0.8006697943523987,-0.1,-2.1,9.38,1.381,0.8422676920890808,0.0,0.016543850302696228,1.0,1.0,7.6,0.233,True,True,False
1.985595941543579,stand_pre,1.985595941543579,0.0,0.0,0.0,-0.1265363707695889,-0.009817477042468103,-0.7690357016600015,1.3,3.43,7.61,1.151,0.8113630414009094,0.0,0.04360962472856045,1.0,1.0,7.6,0.233,True,True,False
2.005974531173706,forward_005,0.005974531173706055,0.05,0.0,0.0,-0.19198621771937624,0.019634954084936207,-0.8759371183446542,0.33,-0.24,6.88,0.767,0.80670166015625,0.0,0.03859363589435816,1.0,1.0,7.6,0.233,True,True,False
2.0263571739196777,forward_005,0.026357173919677734,0.05,0.0,0.0,-0.33488505022641196,0.11453723216212788,-0.29561514205653955,0.53,0.63,8.07,0.46,0.5693573355674744,0.0,0.08762804605066776,1.0,1.0,7.6,0.233,True,True,False
2.0468413829803467,forward_005,0.04684138298034668,0.05,0.0,0.0,-0.29888763440402893,-0.028361600344907856,0.032724923474893676,0.22,1.54,8.52,0.46,0.729694664478302,0.0,0.06820106692612171,1.0,1.0,7.6,0.278,True,True,False
2.0678963661193848,forward_005,0.06789636611938477,0.05,0.0,0.0,-0.2301652951067522,0.04908738521234052,0.23125612588924865,-0.14,0.32,8.03,0.614,0.8955133557319641,0.0,0.06511408369988203,1.0,1.0,7.6,0.278,True,True,False
2.088270664215088,forward_005,0.08827066421508789,0.05,0.0,0.0,-0.3108867730114899,0.11780972450961724,0.4286964975211072,-0.14,0.32,8.03,0.537,0.8620920181274414,0.0,0.03324876166880131,1.0,1.0,7.6,0.278,True,True,False
2.108738899230957,forward_005,0.10873889923095703,0.05,0.0,0.0,-0.4908738521234052,0.3883357585687383,0.47123889803846897,-1.34,-0.65,9.49,0.9970000000000001,0.8095634579658508,0.0,0.03218331187963486,1.0,1.0,7.6,0.278,True,True,False
2.1291117668151855,forward_005,0.12911176681518555,0.05,0.0,0.0,-0.5268712679457882,0.4188790204786391,0.3076142806640006,-1.4000000000000001,-1.0,7.17,1.304,0.7949058413505554,0.0,0.03483512997627258,1.0,1.0,7.6,0.278,True,True,False
2.149493932723999,forward_005,0.14949393272399902,0.05,0.0,0.0,-0.45487643630102215,0.17998707911191522,0.020725784867432664,0.86,-2.11,8.27,1.227,0.8026739358901978,0.0,0.04613620787858963,1.0,1.0,7.6,0.278,True,True,False
2.169952392578125,forward_005,0.169952392578125,0.05,0.0,0.0,-0.44505895925855404,0.11562806294462433,0.019634954084936207,0.9,-2.73,9.31,0.614,0.7778148055076599,0.0,0.02439907943335129,1.0,1.0,7.6,0.278,True,True,False
2.1903254985809326,forward_005,0.19032549858093262,0.05,0.0,0.0,-0.4276056667386107,-0.06872233929727672,0.1341721862470641,0.9,-2.73,9.31,0.537,0.8018094897270203,0.0,0.028620724100619548,1.0,1.0,7.6,0.278,True,True,False
2.2108383178710938,forward_005,0.21083831787109375,0.05,0.0,0.0,-0.1908953869368798,0.02399827721492203,-0.00545415391248228,0.9,-2.73,9.31,0.767,0.7994880676269531,0.0,0.01061711460351944,1.0,1.0,7.6,0.278,True,True,False
2.2314393520355225,forward_005,0.23143935203552246,0.05,0.0,0.0,0.0545415391248228,-0.08399397025222712,-0.038179077387375956,0.9,-2.73,9.31,0.767,0.7889557480812073,0.0,0.018345817923545837,1.0,1.0,7.6,0.278,True,True,False
2.251811981201172,forward_005,0.2518119812011719,0.05,0.0,0.0,0.1090830782496456,-0.14180800172453928,-0.07635815477475191,0.9,-2.73,9.31,0.844,0.7353180646896362,0.0,0.020553089678287506,1.0,1.0,7.7,0.14100000000000001,True,True,False
2.2721750736236572,forward_005,0.2721750736236572,0.05,0.0,0.0,0.19525871006686563,-0.13526301702956053,-0.022907446432425576,0.9,-2.73,9.31,0.767,0.6068884134292603,0.0,0.05063054338097572,1.0,1.0,7.7,0.14100000000000001,True,True,False
2.2925500869750977,forward_005,0.29255008697509766,0.05,0.0,0.0,0.4177881896961426,0.061086523819801536,-0.04363323129985824,-0.9400000000000001,0.11,7.5200000000000005,0.537,0.7288111448287964,0.0,0.2137119248509407,1.0,1.0,7.7,0.14100000000000001,True,True,False
2.3129172325134277,forward_005,0.31291723251342773,0.05,0.0,0.0,0.44833145160604343,0.08290313946973066,-0.18216874067690814,-0.6900000000000001,0.5,7.45,0.46,0.8807364702224731,0.0,0.25072474777698517,1.0,1.0,7.7,0.14100000000000001,True,True,False
2.333289861679077,forward_005,0.33328986167907715,0.05,0.0,0.0,0.29670597283903605,0.004363323129985824,-0.2476185876266955,-0.51,-1.4000000000000001,8.67,0.9210000000000002,0.8077660202980042,0.0,0.050984326750040054,1.0,1.0,7.7,0.14100000000000001,True,True,False
2.35366153717041,forward_005,0.35366153717041016,0.05,0.0,0.0,0.06326818538479445,0.007635815477475192,0.01090830782496456,0.12,-1.26,9.41,1.458,0.6809133291244507,0.0,0.03798941522836685,1.0,1.0,7.7,0.14100000000000001,True,True,False
2.3740344047546387,forward_005,0.37403440475463867,0.05,0.0,0.0,0.07963064712224129,0.272707695624114,0.32834006553143325,-1.75,-2.25,8.64,1.074,0.8583487272262573,0.0,0.05887283384799957,1.0,1.0,7.7,0.14100000000000001,True,True,False
2.394420862197876,forward_005,0.394420862197876,0.05,0.0,0.0,0.2596177262341565,0.3392483733563978,0.6086835766330224,-1.81,-1.76,7.72,0.9970000000000001,0.8677834868431091,0.0,0.04168126732110977,1.0,1.0,7.7,0.14100000000000001,True,True,False
2.4147772789001465,forward_005,0.4147772789001465,0.05,0.0,0.0,0.34033920413889424,0.050178215994836975,0.6065019150680295,-0.96,-0.73,8.82,1.227,0.7998668551445007,0.0,0.10189235769212246,1.0,1.0,7.7,0.14100000000000001,True,True,False
2.4351449012756348,forward_005,0.43514490127563477,0.05,0.0,0.0,0.4799655442984406,-0.055632369907319255,0.2454369260617026,2.9,0.6900000000000001,7.55,0.844,0.7601325511932373,0.0,0.052998343482613564,1.0,1.0,7.7,0.14100000000000001,True,True,False
2.4556074142456055,forward_005,0.45560741424560547,0.05,0.0,0.0,0.4854196982109229,-0.42978732830360367,-0.019634954084936207,0.97,0.51,5.95,0.767,0.8177518248558044,0.0,0.03325512260198593,1.0,1.0,7.4,1.1370000000000002,True,True,False
2.475969076156616,forward_005,0.4759690761566162,0.05,0.0,0.0,0.6632251157578453,-0.2552544031041707,-0.4341506514335895,0.97,0.51,5.95,1.074,0.8535982966423035,0.0,0.021352631971240044,1.0,1.0,7.4,1.1370000000000002,True,True,False
2.496349811553955,forward_005,0.4963498115539551,0.05,0.0,0.0,0.4145156973486533,0.20943951023931956,-1.5904312808798329,0.97,0.51,5.95,1.381,0.7337748408317566,0.0,0.022758163511753082,1.0,1.0,7.4,1.1370000000000002,True,True,False
2.516852617263794,forward_005,0.516852617263794,0.05,0.0,0.0,0.2378011105842274,0.030543261909900768,-1.571887157577393,0.97,0.51,5.95,1.534,0.7516879439353943,0.0,0.029169559478759766,1.0,1.0,7.4,1.1370000000000002,True,True,False
2.537231206893921,forward_005,0.5372312068939209,0.05,0.0,0.0,-0.10799224746714914,0.4068798818711781,-1.2937253080407969,1.19,2.15,8.540000000000001,1.227,0.6843134760856628,0.0,0.04690320044755936,1.0,1.0,7.4,1.1370000000000002,True,True,False
2.557608127593994,forward_005,0.5576081275939941,0.05,0.0,0.0,-0.29670597283903605,0.210530341021816,-1.0591966898040588,0.02,-1.85,5.33,0.6899999999999998,0.6124940514564514,0.0,0.043972644954919815,1.0,1.0,7.4,1.1370000000000002,True,True,False
2.5779824256896973,forward_005,0.5779824256896973,0.05,0.0,0.0,-0.10690141668465268,-0.08508480103472356,-0.055632369907319255,0.02,-1.85,5.33,0.46,0.63776034116745,0.0,0.0677734762430191,1.0,1.0,7.4,1.1370000000000002,True,True,False
2.5983638763427734,forward_005,0.5983638763427734,0.05,0.0,0.0,-0.055632369907319255,0.1461713248545251,0.5901394533305827,-0.58,-1.56,7.17,0.9210000000000002,0.7829447984695435,0.0,0.09478914178907871,1.0,1.0,7.4,1.1370000000000002,True,True,False
2.618727684020996,forward_005,0.6187276840209961,0.05,0.0,0.0,-0.12435470920459599,-0.055632369907319255,1.0581058590215622,-0.8,-1.16,7.140000000000001,1.304,0.9347783923149109,0.0,0.05227506533265114,1.0,1.0,7.4,1.1370000000000002,True,True,False
2.6392719745635986,forward_005,0.6392719745635986,0.05,0.0,0.0,-0.21925698728178766,0.15489797111449674,1.0493792127615906,-1.47,0.56,9.14,1.458,0.8472497463226318,0.0,0.0399598041549325,1.0,1.0,7.4,1.1370000000000002,True,True,False
2.659691333770752,forward_005,0.659691333770752,0.05,0.0,0.0,-0.41560652813114973,0.5050546522958591,0.7199483164476609,-2.2,2.14,9.63,1.6110000000000002,0.8422649502754211,0.0,0.05598093569278717,1.0,1.0,7.6,0.23299999999999998,True,True,False
2.6800472736358643,forward_005,0.6800472736358643,0.05,0.0,0.0,-0.6763150851478027,0.6850417314077744,0.21271200258680892,-0.75,0.4,5.84,1.381,0.6674619913101196,0.0,0.07675195019692183,1.0,1.0,7.6,0.23299999999999998,True,True,False
2.700418472290039,forward_005,0.7004184722900391,0.05,0.0,0.0,-0.7199483164476609,0.05890486225480862,0.16907877128695067,1.32,1.35,7.55,0.9970000000000001,0.7695397138595581,0.0,0.04647351801395416,1.0,1.0,7.6,0.23299999999999998,True,True,False
2.7207839488983154,forward_005,0.7207839488983154,0.05,0.0,0.0,-0.7657632093125121,-0.022907446432425576,0.031634092692397225,1.32,1.35,7.55,0.6899999999999998,0.8035888075828552,0.0,0.03154749423265457,1.0,1.0,7.6,0.23299999999999998,True,True,False
2.74114727973938,forward_005,0.7411472797393799,0.05,0.0,0.0,-0.6959500392327389,-0.3076142806640006,-0.2203478180642841,1.32,1.35,7.55,0.614,0.8056849837303162,0.0,0.03507074899971485,1.0,1.0,7.6,0.23299999999999998,True,True,False
2.7615110874176025,forward_005,0.7615110874176025,0.05,0.0,0.0,-0.41233403578366035,-0.07308566242726255,-0.10035643198967395,1.32,1.35,7.55,0.9970000000000001,0.7763457894325256,0.0,0.013336971402168274,1.0,1.0,7.6,0.23299999999999998,True,True,False
2.781949043273926,forward_005,0.7819490432739258,0.05,0.0,0.0,0.003272492347489368,-0.15707963267948966,0.33052172709642613,-1.25,-2.3000000000000003,9.74,1.151,0.7787425518035889,0.0,0.027312546968460083,1.0,1.0,7.6,0.23299999999999998,True,True,False
2.8023288249969482,forward_005,0.8023288249969482,0.05,0.0,0.0,0.21162117180431245,-0.2476185876266955,0.28907015736156083,-0.28,-0.61,9.59,0.9970000000000001,0.7590923309326172,0.0,0.022798961959779263,1.0,1.0,7.6,0.23299999999999998,True,True,False
2.8228349685668945,forward_005,0.8228349685668945,0.05,0.0,0.0,0.12980886311707826,-0.4068798818711781,0.04254240051736178,0.42,-1.7,8.82,0.614,0.7677477598190308,0.0,0.024557024240493774,1.0,1.0,7.6,0.23299999999999998,True,True,False
2.8432178497314453,forward_005,0.8432178497314453,0.05,0.0,0.0,0.1505346479845109,-0.20725784867432664,0.14835298641951802,-0.09,-0.61,8.2,0.384,0.6766890287399292,0.0,0.06670204550027847,1.0,1.0,7.6,0.23299999999999998,True,True,False
2.8635988235473633,forward_005,0.8635988235473633,0.05,0.0,0.0,0.2628902185816459,-0.08944812416470939,-0.04036073895236887,-0.6,0.52,7.86,0.384,0.5029938817024231,0.0,0.09962829574942589,1.0,1.0,7.4,0.923,True,True,False
2.8839681148529053,forward_005,0.8839681148529053,0.05,0.0,0.0,0.2007128639793479,-0.0719948316447661,-0.3097959422289935,0.36,-0.64,8.33,0.614,0.8623892068862915,0.0,0.1610392890870571,1.0,1.0,7.4,0.923,True,True,False
2.9043383598327637,forward_005,0.9043383598327637,0.05,0.0,0.0,0.1636246173744684,-0.05999569303730508,-0.026179938779914945,0.53,-1.72,9.51,1.074,0.752947986125946,0.0,0.02862090151757002,1.0,1.0,7.4,0.923,True,True,False
2.9247825145721436,forward_005,0.9247825145721436,0.05,0.0,0.0,0.1559888018969932,-0.15162547876700738,0.44505895925855404,0.53,-1.72,9.51,1.534,0.7298253178596497,0.0,0.041749753057956696,0.0,1.0,7.4,0.923,True,True,False
2.94515323638916,forward_005,0.9451532363891602,0.05,0.0,0.0,0.2585268954516601,-0.001090830782496456,0.6708609312353204,-2.5,-2.43,8.870000000000001,1.458,0.8059054613113403,0.0,0.03822607547044754,1.0,1.0,7.4,0.923,True,True,False
2.965526580810547,forward_005,0.9655265808105469,0.05,0.0,0.0,0.48432886742842646,0.17453292519943295,0.96647607329186,0.19,-1.08,6.15,1.458,0.6801949739456177,0.0,0.08273155987262726,1.0,1.0,7.4,0.923,True,True,False
2.985901117324829,forward_005,0.9859011173248291,0.05,0.0,0.0,0.4734205596034619,-0.039269908169872414,0.8552113334772214,0.21,0.29,8.040000000000001,1.074,0.6915880441665649,0.0,0.042319685220718384,1.0,1.0,7.4,0.923,True,True,False
3.0062692165374756,forward_005,1.0062692165374756,0.05,0.0,0.0,0.7243116395776468,-0.20398535632683726,0.23234695667174513,0.21,0.29,8.040000000000001,0.9210000000000002,0.7437465786933899,0.0,0.028584634885191917,1.0,1.0,7.4,0.923,True,True,False
3.0266470909118652,forward_005,1.0266470909118652,0.05,0.0,0.0,0.5988660995905544,-0.016362461737446838,-0.5486878835957173,0.21,0.29,8.040000000000001,0.9970000000000001,0.8314244151115417,0.0,0.03263264149427414,1.0,1.0,7.4,0.923,True,True,False
3.0471742153167725,forward_005,1.0471742153167725,0.05,0.0,0.0,0.3741549583962844,0.2083486794568231,-1.4409874636778184,0.21,0.29,8.040000000000001,1.381,0.7926225662231445,0.0,0.01908749621361494,1.0,1.0,7.4,0.923,True,True,False
3.0675389766693115,forward_005,1.0675389766693115,0.05,0.0,0.0,0.22362031041177347,0.30652344988150415,-1.9154988540637767,-0.75,0.88,9.66,1.304,0.7002360224723816,0.0,0.0219232477247715,1.0,1.0,7.6,0.28700000000000003,True,True,False
3.0885512828826904,forward_005,1.0885512828826904,0.05,0.0,0.0,0.11562806294462433,-0.01090830782496456,-1.6886060513045138,2.04,0.9,9.67,1.151,0.7200478315353394,0.0,0.036840435583144426,1.0,1.0,7.6,0.28700000000000003,True,True,False
3.10895037651062,forward_005,1.1089503765106201,0.05,0.0,0.0,-0.08944812416470939,0.31525009614147576,-1.4148075248979033,0.32,-1.3800000000000001,6.28,0.9970000000000001,0.6448397040367126,0.0,0.05236024409532547,1.0,1.0,7.6,0.28700000000000003,True,True,False
3.1293222904205322,forward_005,1.1293222904205322,0.05,0.0,0.0,-0.10471975511965978,0.12544553998709243,-0.6261368691529657,0.32,-1.3800000000000001,6.28,0.384,0.6101386547088623,0.0,0.07527485676109791,1.0,1.0,7.6,0.28700000000000003,True,True,False
3.149683952331543,forward_005,1.149683952331543,0.05,0.0,0.0,0.10253809355466686,0.2454369260617026,0.32506757318394386,-1.26,-1.09,6.9,0.767,0.6855179071426392,0.0,0.06737267039716244,1.0,1.0,7.6,0.28700000000000003,True,True,False
3.1700425148010254,forward_005,1.1700425148010254,0.05,0.0,0.0,0.037088246604879506,0.18216874067690814,0.6119560689805118,-1.3,-0.68,6.21,1.381,0.8336740732192993,0.0,0.04074809234589338,1.0,1.0,7.6,0.28700000000000003,True,True,False
3.190427303314209,forward_005,1.190427303314209,0.05,0.0,0.0,-0.2628902185816459,0.46142142099600086,0.38942658935123475,-2.8000000000000003,0.0,8.75,1.458,0.6846892237663269,0.0,0.0674371812492609,1.0,1.0,7.6,0.28700000000000003,True,True,False
3.2108664512634277,forward_005,1.2108664512634277,0.05,0.0,0.0,-0.24652775684419906,0.5115996369908379,0.40033489717619936,-1.97,1.23,8.99,1.6110000000000002,0.7666072249412537,0.0,0.051392048597335815,1.0,1.0,7.6,0.28700000000000003,True,True,False
3.231234312057495,forward_005,1.2312343120574951,0.05,0.0,0.0,-0.3763366199612773,0.4690572364734761,0.1538071403320003,-0.97,0.41000000000000003,7.8,1.381,0.6923056244850159,0.0,0.0874655619263649,1.0,1.0,7.6,0.28700000000000003,True,True,False
3.2516117095947266,forward_005,1.2516117095947266,0.05,0.0,0.0,-0.495237175253391,0.037088246604879506,0.04145156973486533,-0.25,1.3800000000000001,7.72,1.304,0.7669917345046997,0.0,0.034540892578661435,1.0,1.0,7.6,0.28700000000000003,True,True,False
3.2719976902008057,forward_005,1.2719976902008057,0.05,0.0,0.0,-0.6654067773228381,-0.03381575425739013,-0.15271630954950383,-2.14,1.25,9.41,0.9970000000000001,0.7622355818748474,0.0,0.028936155140399933,1.0,1.0,7.4,1.078,True,True,False
3.292363405227661,forward_005,1.2923634052276611,0.05,0.0,0.0,-0.8257589023498172,-0.21489366415180183,-0.09053895494720585,-2.14,1.25,9.41,0.9210000000000002,0.7518625855445862,0.0,0.029762589372694492,1.0,1.0,7.4,1.078,True,True,False
3.312802314758301,forward_005,1.3128023147583008,0.05,0.0,0.0,-0.8355763793922852,-0.10035643198967395,0.13526301702956053,-1.46,0.29,8.57,0.6899999999999998,0.7344732284545898,0.0,0.016314979642629623,1.0,1.0,7.4,1.078,True,True,False
3.3331713676452637,forward_005,1.3331713676452637,0.05,0.0,0.0,-0.5585053606381855,-0.09817477042468103,0.6774059159302992,-1.46,0.29,8.57,1.074,0.6846927404403687,0.0,0.025646867230534554,0.0,1.0,7.4,1.078,True,True,False
3.3535337448120117,forward_005,1.3535337448120117,0.05,0.0,0.0,-0.04254240051736178,-0.10144726277217041,0.8617563181722002,-1.46,0.29,8.57,0.9970000000000001,0.7303467392921448,0.0,0.038992905989289284,1.0,1.0,7.4,1.078,True,True,False
3.3739731311798096,forward_005,1.3739731311798096,0.05,0.0,0.0,0.09708393964218458,-0.33815754257390135,0.12435470920459599,2.13,-1.76,5.82,0.767,0.7660600543022156,0.0,0.023575186729431152,1.0,1.0,7.4,1.078,True,True,False
3.394340753555298,forward_005,1.3943407535552979,0.05,0.0,0.0,0.2781618495365963,-0.433059820651093,0.2399827721492203,0.11,0.45,6.45,0.6899999999999998,0.7618286609649658,0.0,0.027541763673070818,1.0,1.0,7.4,1.078,True,True,False
3.4147279262542725,forward_005,1.4147279262542725,0.05,0.0,0.0,0.385063266221249,-0.1189005552921137,-0.2683443724941282,0.11,0.45,6.45,0.384,0.620227038860321,0.0,0.04904574528336525,1.0,1.0,7.4,1.078,True,True,False
3.435091257095337,forward_005,1.435091257095337,0.05,0.0,0.0,0.35124751196385884,0.1341721862470641,-0.631591023065448,-1.61,-1.71,6.640000000000001,0.384,0.5833558440208435,0.0,0.05127132683992386,1.0,1.0,7.4,1.078,True,True,False
3.455472946166992,forward_005,1.4554729461669922,0.05,0.0,0.0,0.2628902185816459,-0.07963064712224129,-0.557414529855689,-1.6500000000000001,-1.62,6.42,0.844,0.7832587957382202,0.0,0.05762147903442383,1.0,1.0,7.4,1.078,True,True,False
3.4759457111358643,forward_005,1.4759457111358643,0.05,0.0,0.0,0.2007128639793479,-0.15926129424448257,-0.49960049838337683,-0.3,-3.1,7.88,1.151,0.7414326667785645,0.0,0.01987138483673334,1.0,1.0,7.7,0.23900000000000005,True,True,False
3.4963197708129883,forward_005,1.4963197708129883,0.05,0.0,0.0,0.24434609527920614,-0.20507618710933373,0.34797501961636945,-1.69,-2.17,8.94,1.534,0.7816392183303833,0.0,0.0430801697075367,1.0,1.0,7.7,0.23900000000000005,True,True,False
3.5166807174682617,forward_005,1.5166807174682617,0.05,0.0,0.0,0.37088246604879505,-0.33488505022641196,0.5497787143782138,-1.71,-1.98,9.15,1.765,0.784473180770874,0.0,0.06264430843293667,1.0,1.0,7.7,0.23900000000000005,True,True,False
3.537193775177002,forward_005,1.537193775177002,0.05,0.0,0.0,0.46687557490848314,-0.1559888018969932,0.4166973589136462,-0.38,-0.67,8.17,1.381,0.7315933108329773,0.0,0.040066638961434364,1.0,1.0,7.7,0.23900000000000005,True,True,False
3.5575594902038574,forward_005,1.5575594902038574,0.05,0.0,0.0,0.46687557490848314,-0.1559888018969932,0.4166973589136462,-0.02,0.11,9.17,0.614,0.7612683773040771,0.0,0.03087013028562069,1.0,1.0,7.7,0.23900000000000005,True,True,False
3.578028917312622,forward_005,1.578028917312622,0.05,0.0,0.0,0.5355979142057599,-0.05672320068981571,-0.039269908169872414,-0.02,0.11,9.17,0.9210000000000002,0.821698784828186,0.0,0.0228254497051239,1.0,1.0,7.7,0.23900000000000005,True,True,False
3.5984437465667725,forward_005,1.5984437465667725,0.05,0.0,0.0,0.2628902185816459,-0.11344640137963143,-0.7079491778402,-0.02,0.11,9.17,1.074,0.8309617042541504,0.0,0.035615224391222,1.0,1.0,7.7,0.23900000000000005,True,True,False
3.6189136505126953,forward_005,1.6189136505126953,0.05,0.0,0.0,0.11126473981463851,-0.031634092692397225,-1.1279190291013355,-0.02,0.11,9.17,1.304,0.7882962226867676,0.0,0.016901589930057526,1.0,1.0,7.7,0.23900000000000005,True,True,False
3.6393356323242188,forward_005,1.6393356323242188,0.05,0.0,0.0,-0.039269908169872414,0.003272492347489368,-1.1453723216212788,-0.42,-1.1,8.26,1.227,0.6960486173629761,0.0,0.02633509412407875,1.0,1.0,7.7,0.23900000000000005,True,True,False
3.65971302986145,forward_005,1.6597130298614502,0.05,0.0,0.0,-0.0719948316447661,-0.044724062082354694,-0.9621127501618741,-0.63,1.18,8.03,1.074,0.6786252856254578,0.0,0.035051409155130386,1.0,1.0,7.7,0.23900000000000005,True,True,False
3.68009090423584,forward_005,1.6800909042358398,0.05,0.0,0.0,0.07090400086226964,-0.1538071403320003,-0.3119776037939864,-0.74,-0.77,9.25,0.46,0.6414510607719421,0.0,0.04949042201042175,1.0,1.0,7.6,0.338,True,True,False
3.700462818145752,forward_005,1.700462818145752,0.05,0.0,0.0,0.009817477042468103,0.2007128639793479,0.21271200258680892,0.08,-0.29,7.0,0.46,0.6178137063980103,0.0,0.06292939558625221,1.0,1.0,7.6,0.338,True,True,False
3.720822334289551,forward_005,1.7208223342895508,0.05,0.0,0.0,-0.25743606466916363,0.23452861823673804,0.4756022211684548,-0.78,0.42,8.21,0.6899999999999998,0.6686000227928162,0.0,0.07981442753225565,1.0,1.0,7.6,0.338,True,True,False
3.741201400756836,forward_005,1.741201400756836,0.05,0.0,0.0,-0.3272492347489368,0.39924406639370286,0.6457718232379019,-1.67,-0.22,8.08,0.9210000000000002,0.7074359059333801,0.0,0.06478443555533886,1.0,1.0,7.6,0.338,True,True,False
3.7615835666656494,forward_005,1.7615835666656494,0.05,0.0,0.0,-0.3272492347489368,0.31852258848896514,0.7264933011426397,-1.67,-0.22,8.08,1.304,0.7311561703681946,0.0,0.06005442142486572,1.0,1.0,7.6,0.338,True,True,False
3.7820885181427,forward_005,1.7820885181427002,0.05,0.0,0.0,-0.44178646691106466,0.34579335805137656,0.6784967467127956,-1.09,0.51,6.34,1.6110000000000002,0.7909561395645142,0.0,0.08663906715810299,1.0,1.0,7.6,0.338,True,True,False
3.8024582862854004,forward_005,1.8024582862854004,0.05,0.0,0.0,-0.6108652381980153,0.06544984694978735,0.3817907738737596,-1.02,-0.29,7.09,1.458,0.8095368146896362,0.0,0.045879943296313286,1.0,1.0,7.6,0.338,True,True,False
3.823021173477173,forward_005,1.8230211734771729,0.05,0.0,0.0,-0.7166758241001716,-0.09490227807719166,0.1265363707695889,-2.5300000000000002,0.14,8.370000000000001,0.9210000000000002,0.8149335980415344,0.0,0.024748618714511395,1.0,1.0,7.6,0.338,True,True,False
3.8433926105499268,forward_005,1.8433926105499268,0.05,0.0,0.0,-0.7592182246175333,-0.19962203319685143,0.001090830782496456,-2.5300000000000002,0.14,8.370000000000001,0.614,0.7899442315101624,0.0,0.027574784122407436,1.0,1.0,7.6,0.338,True,True,False
3.863759994506836,forward_005,1.863759994506836,0.05,0.0,0.0,-0.8115781021773633,-0.14944381720201447,-0.11453723216212788,-2.5300000000000002,0.14,8.370000000000001,1.074,0.7728189826011658,0.0,0.015378542244434357,1.0,1.0,7.6,0.338,True,True,False
3.8841195106506348,forward_005,1.8841195106506348,0.05,0.0,0.0,-0.42215151282612845,-0.42215151282612845,-0.13744467859455345,-2.5300000000000002,0.14,8.370000000000001,0.9970000000000001,0.7854519486427307,0.0,0.030953112989664078,1.0,1.0,7.6,0.188,True,True,False
3.904548168182373,forward_005,1.904548168182373,0.05,0.0,0.0,0.17671458676442586,-0.5083271446433485,-0.22907446432425577,1.2,-3.09,6.98,0.9210000000000002,0.8228920698165894,0.0,0.023689821362495422,1.0,1.0,7.6,0.188,True,True,False
3.925091505050659,forward_005,1.9250915050506592,0.05,0.0,0.0,0.33052172709642613,-0.23561944901923448,-0.16471544815696484,-0.47000000000000003,-0.49,8.64,0.767,0.5961372256278992,0.0,0.045929498039186,1.0,1.0,7.6,0.188,True,True,False
3.9454619884490967,forward_005,1.9454619884490967,0.05,0.0,0.0,0.358883327441334,0.0,-0.5235987755982988,0.14,-1.76,8.41,0.384,0.5436490774154663,0.0,0.06281545385718346,1.0,1.0,7.6,0.188,True,True,False
3.9658470153808594,forward_005,1.9658470153808594,0.05,0.0,0.0,0.4461497900410505,-0.12435470920459599,-0.4188790204786391,0.45,-2.7600000000000002,8.06,0.384,0.7948973178863525,0.0,0.09032681467942894,1.0,1.0,7.6,0.188,True,True,False
3.9862096309661865,forward_005,1.9862096309661865,0.05,0.0,0.0,0.34797501961636945,0.05126904677733343,0.014180800172453928,0.45,-2.7600000000000002,8.06,0.537,0.7670623660087585,0.0,0.09076872607693076,1.0,1.0,7.6,0.188,True,True,False
4.006582021713257,forward_005,2.006582021713257,0.05,0.0,0.0,0.09381144729469522,0.16907877128695067,0.3425208657038872,-0.75,-1.55,7.73,1.227,0.7903031706809998,0.0,0.04382498376071453,1.0,1.0,7.6,0.188,True,True,False
4.027020215988159,forward_005,2.027020215988159,0.05,0.0,0.0,0.1265363707695889,-0.03381575425739013,0.6697701004528239,-1.19,-2.63,9.06,1.6110000000000002,0.836898684501648,0.0,0.02926357090473175,1.0,1.0,7.6,0.188,True,True,False
4.047388076782227,forward_005,2.0473880767822266,0.05,0.0,0.0,0.35452000431134817,0.21162117180431245,1.2577278922184136,-1.11,-1.67,8.65,1.765,0.8557544946670532,0.0,0.03875883296132088,1.0,1.0,7.6,0.188,True,True,False
4.067820072174072,forward_005,2.0678200721740723,0.05,0.0,0.0,0.3327033886614191,0.22689280275926285,1.215185491701052,0.62,1.34,7.99,1.534,0.6514551043510437,0.0,0.0974218137562275,1.0,1.0,7.6,0.188,True,True,False
4.08819580078125,forward_005,2.08819580078125,0.05,0.0,0.0,0.46469391334349025,0.1341721862470641,0.33488505022641196,1.11,-0.09,7.5,0.9970000000000001,0.6637780666351318,0.0,0.025622086599469185,1.0,1.0,7.3,1.24,True,True,False
4.109464168548584,forward_005,2.109464168548584,0.05,0.0,0.0,0.6403176693254197,-0.14726215563702155,-0.16798794050445423,1.11,-0.09,7.5,0.767,0.7803274393081665,0.0,0.030598878860473633,1.0,1.0,7.3,1.24,True,True,False
4.129830598831177,forward_005,2.1298305988311768,0.05,0.0,0.0,0.7406741013150936,0.00545415391248228,-0.8966629032120869,1.11,-0.09,7.5,0.9210000000000002,0.8123669624328613,0.0,0.026444289833307266,1.0,1.0,7.3,1.24,True,True,False
4.150199890136719,forward_005,2.1501998901367188,0.05,0.0,0.0,0.6163193921104976,0.16798794050445423,-1.5642513420999178,1.11,-0.09,7.5,1.381,0.7846689820289612,0.0,0.015177825465798378,1.0,1.0,7.3,1.24,True,True,False
4.170583248138428,forward_005,2.1705832481384277,0.05,0.0,0.0,0.35561083509384467,0.17235126363444003,-1.5435255572324853,-0.25,2.12,9.35,1.458,0.6801717281341553,0.0,0.027915108948946,1.0,1.0,7.3,1.24,True,True,False
4.191009998321533,forward_005,2.191009998321533,0.05,0.0,0.0,0.13853550937704992,0.011999138607461015,-1.3286318930806833,1.3800000000000001,0.78,8.75,1.381,0.6626748442649841,0.0,0.047471062280237675,1.0,1.0,7.3,1.24,True,True,False
4.211377859115601,forward_005,2.2113778591156006,0.05,0.0,0.0,-0.12871803233458182,0.18980455615438332,-1.124646536753846,0.32,-0.81,7.99,0.9970000000000001,0.5952074527740479,0.0,0.02908575814217329,1.0,1.0,7.3,1.24,True,True,False
4.231752157211304,forward_005,2.2317521572113037,0.05,0.0,0.0,-0.15162547876700738,0.08726646259971647,-0.30652344988150415,0.32,-0.81,7.99,0.46,0.4510016143321991,0.0,0.11609100736677647,1.0,1.0,7.3,1.24,True,True,False
4.25219202041626,forward_005,2.2521920204162598,0.05,0.0,0.0,0.10362892433716332,0.3021601267515183,0.5017821599483697,-1.33,-0.31,6.37,1.074,0.7221933603286743,0.0,0.12986006494611502,1.0,1.0,7.3,1.24,True,True,False
4.2725629806518555,forward_005,2.2725629806518555,0.05,0.0,0.0,-0.007635815477475192,0.16035212502697901,0.6381360077604268,-1.47,0.73,7.43,1.304,0.8683509826660156,0.0,0.06556923239259049,1.0,1.0,7.3,1.24,True,True,False
4.292979955673218,forward_005,2.2929799556732178,0.05,0.0,0.0,-0.25634523388666713,0.44833145160604343,0.210530341021816,-2.3000000000000003,0.62,7.25,1.381,0.6907436847686768,0.0,0.05538729950785637,1.0,1.0,7.6,0.42700000000000005,True,True,False
4.313343048095703,forward_005,2.313343048095703,0.05,0.0,0.0,-0.20725784867432664,0.5846852994181004,0.22471114119426994,-2.3000000000000003,0.62,7.25,1.6110000000000002,0.7053232192993164,0.0,0.04019663482904434,1.0,1.0,7.6,0.42700000000000005,True,True,False
4.333718776702881,forward_005,2.333718776702881,0.05,0.0,0.0,-0.44178646691106466,0.6795875774952921,0.022907446432425576,-1.32,0.1,5.47,1.534,0.6969468593597412,0.0,0.06052318960428238,1.0,1.0,7.6,0.42700000000000005,True,True,False
4.354090929031372,forward_005,2.354090929031372,0.05,0.0,0.0,-0.4854196982109229,0.3948807432637171,0.04799655442984406,-1.27,1.93,8.71,1.151,0.6372992992401123,0.0,0.03737551480298862,1.0,1.0,7.6,0.42700000000000005,True,True,False
4.374625205993652,forward_005,2.3746252059936523,0.05,0.0,0.0,-0.8530296719122286,-0.008726646259971648,-0.0818123086872342,-1.27,1.93,8.71,0.9210000000000002,0.7231376767158508,0.0,0.04257947817677632,1.0,1.0,7.6,0.42700000000000005,True,True,False
4.39521336555481,forward_005,2.3952133655548096,0.05,0.0,0.0,-0.8813912722571364,-0.2203478180642841,0.061086523819801536,-2.0300000000000002,0.0,9.63,0.767,0.7625519633293152,0.0,0.030978480353951454,1.0,1.0,7.6,0.42700000000000005,True,True,False
4.415576696395874,forward_005,2.415576696395874,0.05,0.0,0.0,-0.7406741013150936,-0.1712604328519436,0.35452000431134817,-2.57,-1.81,9.57,0.9210000000000002,0.7491025924682617,0.0,0.021184833021834493,1.0,1.0,7.6,0.42700000000000005,True,True,False
4.435957193374634,forward_005,2.435957193374634,0.05,0.0,0.0,-0.6305001922829515,-0.18544123302439752,0.7123125009701857,-2.57,-1.81,9.57,1.227,0.7307635545730591,0.0,0.027427474735304713,0.0,1.0,7.6,0.42700000000000005,True,True,False
4.456393241882324,forward_005,2.456393241882324,0.05,0.0,0.0,-0.6305001922829515,-0.18544123302439752,0.7123125009701857,-2.57,-1.81,9.57,1.227,0.7556756138801575,0.0,0.010840339586138725,0.0,1.0,7.6,0.42700000000000005,True,True,False
4.476777791976929,forward_005,2.4767777919769287,0.05,0.0,0.0,0.05781403147231216,-0.47123889803846897,0.5246896063807953,1.98,-0.9500000000000001,6.66,0.9210000000000002,0.7562801837921143,0.0,0.055506421253085136,1.0,1.0,7.6,0.42700000000000005,True,True,False
4.497138977050781,forward_005,2.4971389770507812,0.05,0.0,0.0,0.20398535632683726,-0.6697701004528239,0.30325095753401476,0.25,1.41,6.0,0.6899999999999998,0.7897228002548218,0.0,0.033001200295984745,1.0,1.0,7.6,0.33000000000000007,True,True,False
4.517576456069946,forward_005,2.5175764560699463,0.05,0.0,0.0,0.37742745074377376,-0.6239552075879728,-0.08835729338221293,0.25,1.41,6.0,0.537,0.8165897130966187,0.0,0.02587801404297352,1.0,1.0,7.6,0.33000000000000007,True,True,False
4.537954807281494,forward_005,2.537954807281494,0.05,0.0,0.0,0.5541420375081997,-0.2781618495365963,-0.7941248096574199,-1.0,-3.19,9.02,0.614,0.6193974614143372,0.0,0.05682303011417389,1.0,1.0,7.6,0.33000000000000007,True,True,False
4.558321475982666,forward_005,2.558321475982666,0.05,0.0,0.0,0.47669305195095124,-0.17998707911191522,-0.667588438887831,-1.46,-2.2,8.26,1.074,0.6833940148353577,0.0,0.037208035588264465,1.0,1.0,7.6,0.33000000000000007,True,True,False
4.578784465789795,forward_005,2.578784465789795,0.05,0.0,0.0,0.12544553998709243,-0.11344640137963143,-0.5443245604657315,-1.46,-2.2,8.26,1.304,0.7047666311264038,0.0,0.009704895317554474,1.0,1.0,7.6,0.33000000000000007,True,True,False
4.599165201187134,forward_005,2.599165201187134,0.05,0.0,0.0,0.06544984694978735,0.030543261909900768,-0.1308996938995747,0.45,-2.69,7.1000000000000005,1.458,0.7727829813957214,0.0,0.022903893142938614,1.0,1.0,7.6,0.33000000000000007,True,True,False
4.619539976119995,forward_005,2.619539976119995,0.05,0.0,0.0,0.27379852640661045,-0.284706834231575,0.42978732830360367,-0.72,-2.49,9.540000000000001,1.381,0.7712130546569824,0.0,0.05631021969020367,1.0,1.0,7.6,0.33000000000000007,True,True,False
4.639910936355591,forward_005,2.639910936355591,0.05,0.0,0.0,0.38942658935123475,-0.22143864884678055,0.8770279491271507,-0.9400000000000001,-1.41,9.36,0.9970000000000001,0.7504934668540955,0.0,0.0333182942122221,1.0,1.0,7.6,0.33000000000000007,True,True,False
4.660294055938721,forward_005,2.6602940559387207,0.05,0.0,0.0,0.3534291735288517,-0.16253378659197193,0.7864889941799448,-0.9400000000000001,-1.41,9.36,0.307,0.7307352423667908,0.0,0.025984115272876807,1.0,1.0,7.6,0.33000000000000007,True,True,False
4.680666923522949,forward_005,2.680666923522949,0.05,0.0,0.0,0.34143003492139073,0.00545415391248228,0.12217304763960307,-0.9400000000000001,-1.41,9.36,0.6899999999999998,0.7873993515968323,0.0,0.01274021528661251,1.0,1.0,7.6,0.33000000000000007,True,True,False
4.701091289520264,forward_005,2.7010912895202637,0.05,0.0,0.0,0.2814343418840856,-0.05999569303730508,-0.3959715740462135,-0.9400000000000001,-1.41,9.36,0.9210000000000002,0.7995285391807556,0.0,0.03935687243938446,1.0,1.0,7.6,0.478,True,True,False
4.721460580825806,forward_005,2.7214605808258057,0.05,0.0,0.0,0.12217304763960307,0.07417649320975901,-0.9108437033845407,-0.9400000000000001,-1.41,9.36,0.9970000000000001,0.7272397875785828,0.0,0.026642099022865295,1.0,1.0,7.6,0.478,True,True,False
4.741904973983765,forward_005,2.7419049739837646,0.05,0.0,0.0,0.04254240051736178,0.05890486225480862,-1.0831949670189809,-0.58,-0.07,8.24,0.9970000000000001,0.7009638547897339,0.0,0.029441097751259804,1.0,1.0,7.6,0.478,True,True,False
4.762447834014893,forward_005,2.7624478340148926,0.05,0.0,0.0,-0.037088246604879506,-0.038179077387375956,-0.8257589023498172,0.09,0.67,8.03,0.9210000000000002,0.6646617650985718,0.0,0.040133814327418804,1.0,1.0,7.6,0.478,True,True,False
4.7829296588897705,forward_005,2.7829296588897705,0.05,0.0,0.0,0.009817477042468103,-0.028361600344907856,-0.5006913291658733,0.09,0.67,8.03,0.614,0.7232159376144409,0.0,0.018350571393966675,1.0,1.0,7.6,0.478,True,True,False
4.803299427032471,forward_005,2.8032994270324707,0.05,0.0,0.0,-0.04254240051736178,0.20289452554434081,0.06654067773228381,-0.44,-0.45,8.4,0.46,0.5603974461555481,0.0,0.11567878909409046,1.0,1.0,7.6,0.478,True,True,False
4.823658466339111,forward_005,2.8236584663391113,0.05,0.0,0.0,-0.25416357232167425,0.3294308963139297,0.45487643630102215,-1.06,-0.39,7.66,0.614,0.7335150837898254,0.0,0.051677159033715725,1.0,1.0,7.6,0.478,True,True,False
4.844025373458862,forward_005,2.8440253734588623,0.05,0.0,0.0,-0.37088246604879505,0.35015668118136234,0.7003133623627247,-1.52,-0.67,7.86,0.767,0.7650132775306702,0.0,0.03830135613679886,1.0,1.0,7.6,0.478,True,True,False
4.8644020557403564,forward_005,2.8644020557403564,0.05,0.0,0.0,-0.25634523388666713,0.21598449493429828,0.9206611804270088,-1.52,-0.67,7.86,1.304,0.7143685221672058,0.0,0.07275193277746439,1.0,1.0,7.6,0.478,True,True,False
4.884772062301636,forward_005,2.8847720623016357,0.05,0.0,0.0,-0.25743606466916363,0.2912518189265537,0.8573929950422144,-2.19,0.8200000000000001,7.73,1.381,0.7253709435462952,0.0,0.05243578553199768,1.0,1.0,7.6,0.478,True,True,False
4.905154228210449,forward_005,2.905154228210449,0.05,0.0,0.0,-0.5115996369908379,-0.08290313946973066,0.21271200258680892,-1.57,-0.8200000000000001,8.85,1.304,0.8091356754302979,0.0,0.06304482370615005,1.0,1.0,7.4,0.7400000000000001,True,True,False
4.925526857376099,forward_005,2.9255268573760986,0.05,0.0,0.0,-0.619591884457987,0.026179938779914945,0.050178215994836975,-1.47,0.65,5.62,0.844,0.8318598866462708,0.0,0.02788548171520233,1.0,1.0,7.4,0.7400000000000001,True,True,False
4.945882320404053,forward_005,2.9458823204040527,0.05,0.0,0.0,-0.6512259771503842,-0.0818123086872342,-0.06763150851478027,-2.2,0.25,9.4,0.767,0.7908040285110474,0.0,0.030935470014810562,1.0,1.0,7.4,0.7400000000000001,True,True,False
4.966355800628662,forward_005,2.966355800628662,0.05,0.0,0.0,-0.5115996369908379,-0.1930770485018727,-0.31306843457648287,-2.2,0.25,9.4,1.151,0.7865110635757446,0.0,0.01929194200783968,1.0,1.0,7.4,0.7400000000000001,True,True,False
4.986727237701416,forward_005,2.986727237701416,0.05,0.0,0.0,-0.3010692959690218,-0.3817907738737596,-0.24107360293171676,0.43,0.37,7.0600000000000005,0.9970000000000001,0.8127502202987671,0.0,0.016233379021286964,1.0,1.0,7.4,0.7400000000000001,True,True,False
5.007089138031006,forward_005,3.007089138031006,0.05,0.0,0.0,0.13199052468207118,-0.2617993877991494,0.03381575425739013,0.44,0.1,5.5600000000000005,0.767,0.7853121161460876,0.0,0.01995754987001419,1.0,1.0,7.4,0.7400000000000001,True,True,False
5.027468919754028,forward_005,3.0274689197540283,0.05,0.0,0.0,0.3097959422289935,-0.5039638215133626,-0.04799655442984406,0.44,0.1,5.5600000000000005,0.614,0.8287445306777954,0.0,0.012120550498366356,1.0,1.0,7.4,0.7400000000000001,True,True,False
5.047844171524048,forward_005,3.047844171524048,0.05,0.0,0.0,0.2596177262341565,0.02181661564992912,-0.24870941840919197,-1.62,-1.33,5.4,0.384,0.5154886841773987,0.0,0.07124245911836624,1.0,1.0,7.4,0.7400000000000001,True,True,False
5.068208932876587,forward_005,3.068208932876587,0.05,0.0,0.0,0.2585268954516601,0.07090400086226964,-0.2617993877991494,-0.49,-1.84,7.7700000000000005,0.307,0.5286051034927368,0.0,0.0609348313882947,1.0,1.0,7.4,0.7400000000000001,True,True,False
5.088583469390869,forward_005,3.088583469390869,0.05,0.0,0.0,0.22143864884678055,-0.136353847812057,0.05999569303730508,0.19,-1.3900000000000001,9.02,0.614,0.8257432579994202,0.0,0.10067179054021835,1.0,1.0,7.4,0.7400000000000001,True,True,False
5.109009027481079,forward_005,3.109009027481079,0.05,0.0,0.0,0.05672320068981571,0.1559888018969932,0.21380283336930536,0.46,-1.19,7.88,1.074,0.8371053338050842,0.0,0.044517296366393566,1.0,1.0,7.6,0.5850000000000001,True,True,False
5.1300482749938965,forward_005,3.1300482749938965,0.05,0.0,0.0,-0.001090830782496456,-0.10144726277217041,0.2683443724941282,0.46,-1.19,7.88,1.381,0.789655327796936,0.0,0.04606054909527302,1.0,1.0,7.6,0.5850000000000001,True,True,False
5.1504130363464355,forward_005,3.1504130363464355,0.05,0.0,0.0,0.1559888018969932,0.18871372537188688,0.5345070834232635,-2.31,-1.86,8.25,1.918,0.8589139580726624,0.0,0.030198849737644196,1.0,1.0,7.6,0.5850000000000001,True,True,False
5.170859098434448,forward_005,3.1708590984344482,0.05,0.0,0.0,0.29343348049154666,0.18216874067690814,0.6250460383704692,-2.37,-0.73,5.91,1.765,0.739290177822113,0.0,0.07895909994840622,1.0,1.0,7.6,0.5850000000000001,True,True,False
5.191237211227417,forward_005,3.191237211227417,0.05,0.0,0.0,0.6512259771503842,-0.08399397025222712,0.40578905108868163,2.71,-0.25,8.09,0.9970000000000001,0.7261689901351929,0.0,0.05531346797943115,1.0,1.0,7.6,0.5850000000000001,True,True,False
5.211608409881592,forward_005,3.211608409881592,0.05,0.0,0.0,0.8475755179997463,-0.17889624832941878,-0.04908738521234052,2.71,-0.25,8.09,0.767,0.7578357458114624,0.0,0.041514115408062935,1.0,1.0,7.6,0.5850000000000001,True,True,False
5.232043981552124,forward_005,3.232043981552124,0.05,0.0,0.0,0.7308566242726255,-0.19525871006686563,-0.28034351110158917,2.71,-0.25,8.09,0.9970000000000001,0.8489452600479126,0.0,0.023716486990451813,1.0,1.0,7.6,0.5850000000000001,True,True,False
5.252430200576782,forward_005,3.2524302005767822,0.05,0.0,0.0,0.4559672670835186,0.3490658503988659,-1.1519173063162575,2.71,-0.25,8.09,1.381,0.7413899302482605,0.0,0.018586434423923492,1.0,1.0,7.6,0.5850000000000001,True,True,False
5.272908926010132,forward_005,3.272908926010132,0.05,0.0,0.0,0.26725354171163174,0.09926560120717749,-1.5707963267948966,2.71,-0.25,8.09,1.534,0.7819399833679199,0.0,0.02885531634092331,1.0,1.0,7.6,0.5850000000000001,True,True,False
5.293282508850098,forward_005,3.2932825088500977,0.05,0.0,0.0,0.13744467859455345,-0.04036073895236887,-1.1933688760511227,2.71,-0.25,8.09,1.381,0.7439036965370178,0.0,0.031001092866063118,1.0,1.0,7.6,0.5850000000000001,True,True,False
5.313723087310791,forward_005,3.313723087310791,0.05,0.0,0.0,-0.1407171709420428,0.07090400086226964,-0.9686577348568529,0.98,-0.34,7.36,0.9970000000000001,0.609790027141571,0.0,0.032203130424022675,1.0,1.0,7.7,0.162,True,True,False
5.334085702896118,forward_005,3.334085702896118,0.05,0.0,0.0,-0.14508049407202864,0.10144726277217041,-0.4821472058634335,-1.5,-0.4,8.48,0.46,0.615302324295044,0.0,0.07538698520511389,1.0,1.0,7.7,0.162,True,True,False
5.354462385177612,forward_005,3.3544623851776123,0.05,0.0,0.0,0.1189005552921137,0.12762720155208535,0.23343778745424157,-0.97,-0.26,7.390000000000001,0.537,0.6996437311172485,0.0,0.048810604959726334,1.0,1.0,7.7,0.162,True,True,False
5.374914884567261,forward_005,3.3749148845672607,0.05,0.0,0.0,0.014180800172453928,0.2007128639793479,0.3883357585687383,0.08,0.09,6.33,0.9970000000000001,0.721820056438446,0.0,0.06995012238621712,1.0,1.0,7.7,0.162,True,True,False
5.395294666290283,forward_005,3.395294666290283,0.05,0.0,0.0,-0.17453292519943295,0.2825251726665821,0.2945243112740431,-1.1300000000000001,0.8,8.64,1.304,0.7677000164985657,0.0,0.05320954229682684,1.0,1.0,7.7,0.162,True,True,False
5.41571831703186,forward_005,3.4157183170318604,0.05,0.0,0.0,-0.16798794050445423,0.43960480534607177,0.3948807432637171,-1.1300000000000001,0.8,8.64,1.534,0.7661750912666321,0.0,0.042087163776159286,1.0,1.0,7.7,0.162,True,True,False
5.436098575592041,forward_005,3.436098575592041,0.05,0.0,0.0,-0.23125612588924865,0.4079707126536745,0.32070425005395803,-0.98,0.44,7.33,1.688,0.7151674628257751,0.0,0.06281781941652298,1.0,1.0,7.7,0.162,True,True,False
5.456480979919434,forward_005,3.4564809799194336,0.05,0.0,0.0,-0.4166973589136462,0.09708393964218458,0.1189005552921137,-0.35000000000000003,0.9500000000000001,6.28,1.381,0.7896323800086975,0.0,0.04764415603131056,1.0,1.0,7.7,0.162,True,True,False
5.476852178573608,forward_005,3.4768521785736084,0.05,0.0,0.0,-0.6228643768054763,0.007635815477475192,-0.07308566242726255,-2.17,0.9,7.73,0.614,0.8321455717086792,0.0,0.02506859600543976,1.0,1.0,7.7,0.162,True,True,False
5.497547388076782,forward_005,3.4975473880767822,0.05,0.0,0.0,-0.8115781021773633,-0.23234695667174513,-0.16907877128695067,-2.17,0.9,7.73,0.9970000000000001,0.8208032250404358,0.0,0.02859401609748602,1.0,1.0,7.7,0.162,True,True,False
5.517968416213989,forward_005,3.5179684162139893,0.05,0.0,0.0,-0.8912087492996045,-0.1538071403320003,-0.016362461737446838,-2.17,0.9,7.73,0.6899999999999998,0.7855761051177979,0.0,0.01597241824492812,1.0,1.0,7.5,0.5200000000000001,True,True,False
5.538329601287842,forward_005,3.538329601287842,0.05,0.0,0.0,-0.7635815477475192,-0.16689710972195776,0.18216874067690814,-2.17,0.9,7.73,1.074,0.73826664686203,0.0,0.02843021834269166,0.0,1.0,7.5,0.5200000000000001,True,True,False
5.558719158172607,forward_005,3.5587191581726074,0.05,0.0,0.0,-0.22362031041177347,-0.1712604328519436,0.5552328682906961,-2.17,0.9,7.73,1.151,0.764877200126648,0.0,0.033689170610159636,1.0,1.0,7.5,0.5200000000000001,True,True,False
5.5791144371032715,forward_005,3.5791144371032715,0.05,0.0,0.0,0.07417649320975901,-0.43196898986859655,0.16580627893946132,1.8800000000000001,-2.65,6.58,0.9210000000000002,0.8172986507415771,0.0,0.020080246031284332,1.0,1.0,7.5,0.5200000000000001,True,True,False
5.599534273147583,forward_005,3.599534273147583,0.05,0.0,0.0,0.1734420944169365,-0.2279836335417593,0.16035212502697901,0.79,-0.7000000000000001,8.870000000000001,0.46,0.7627719640731812,0.0,0.03291136026382446,1.0,1.0,7.5,0.5200000000000001,True,True,False
5.619897127151489,forward_005,3.6198971271514893,0.05,0.0,0.0,0.3567016658763411,-0.03490658503988659,-0.17016960206944712,0.79,-0.7000000000000001,8.870000000000001,0.384,0.6234277486801147,0.0,0.06820200383663177,1.0,1.0,7.5,0.5200000000000001,True,True,False
5.640326023101807,forward_005,3.6403260231018066,0.05,0.0,0.0,0.2945243112740431,0.06326818538479445,-0.6228643768054763,-1.92,-3.8000000000000003,7.62,0.614,0.6514281034469604,0.0,0.073816092684865,1.0,1.0,7.5,0.5200000000000001,True,True,False
5.660716533660889,forward_005,3.6607165336608887,0.05,0.0,0.0,0.2530727415391778,0.025089107997418487,-0.3294308963139297,-0.66,-2.68,8.69,0.9210000000000002,0.7807660102844238,0.0,0.048385001718997955,1.0,1.0,7.5,0.5200000000000001,True,True,False
5.681094408035278,forward_005,3.6810944080352783,0.05,0.0,0.0,0.13962634015954636,0.10144726277217041,-0.022907446432425576,-0.27,-2.63,7.78,1.458,0.8074834942817688,0.0,0.024761122185736895,1.0,1.0,7.5,0.5200000000000001,True,True,False
5.7015790939331055,forward_005,3.7015790939331055,0.05,0.0,0.0,0.19744037163185854,-0.06544984694978735,0.31525009614147576,-1.24,-2.7600000000000002,9.25,1.841,0.8359342813491821,0.0,0.05001319199800491,1.0,1.0,7.5,0.5200000000000001,True,True,False
5.722102880477905,forward_005,3.7221028804779053,0.05,0.0,0.0,0.35452000431134817,-0.15271630954950383,0.7003133623627247,-1.24,-2.7600000000000002,9.25,1.688,0.7962369322776794,0.0,0.07345088990405202,1.0,1.0,7.5,0.8100000000000002,True,True,False
5.742469549179077,forward_005,3.742469549179077,0.05,0.0,0.0,0.5094179754258449,0.037088246604879506,0.815941425307349,-0.34,-0.02,6.9,0.9210000000000002,0.7329942584037781,0.0,0.04159429995343089,1.0,1.0,7.5,0.8100000000000002,True,True,False
5.7629218101501465,forward_005,3.7629218101501465,0.05,0.0,0.0,0.7024950239277177,-0.2378011105842274,0.3948807432637171,0.38,0.31,9.17,0.46,0.7571835517883301,0.0,0.02074091136455536,1.0,1.0,7.5,0.8100000000000002,True,True,False
5.783305644989014,forward_005,3.7833056449890137,0.05,0.0,0.0,0.693768377667746,-0.06981317007977318,-0.10799224746714914,0.38,0.31,9.17,0.9970000000000001,0.8052513003349304,0.0,0.022612035274505615,1.0,1.0,7.5,0.8100000000000002,True,True,False
5.80378270149231,forward_005,3.8037827014923096,0.05,0.0,0.0,0.4046982203061852,0.0545415391248228,-0.6926775468852495,0.38,0.31,9.17,1.381,0.775002658367157,0.0,0.021419961005449295,1.0,1.0,7.5,0.8100000000000002,True,True,False
5.824137210845947,forward_005,3.8241372108459473,0.05,0.0,0.0,0.17780541754692233,0.07963064712224129,-1.3264502315156905,0.38,0.31,9.17,1.381,0.7347190976142883,0.0,0.018328368663787842,1.0,1.0,7.5,0.8100000000000002,True,True,False
5.844501495361328,forward_005,3.844501495361328,0.05,0.0,0.0,0.007635815477475192,-0.006544984694978736,-1.4289883250703572,-0.26,-0.02,8.2,1.304,0.7002402544021606,0.0,0.03451691288501024,1.0,1.0,7.5,0.8100000000000002,True,True,False
5.864871978759766,forward_005,3.8648719787597656,0.05,0.0,0.0,-0.05890486225480862,-0.07308566242726255,-0.9926560120717749,-0.67,-0.37,7.04,0.9210000000000002,0.6470016837120056,0.0,0.022783028427511454,1.0,1.0,7.5,0.8100000000000002,True,True,False
5.885247468948364,forward_005,3.8852474689483643,0.05,0.0,0.0,0.04145156973486533,-0.11344640137963143,-0.46142142099600086,-0.5,-0.39,9.700000000000001,0.46,0.5191936492919922,0.0,0.08379078656435013,1.0,1.0,7.5,0.8100000000000002,True,True,False
5.905612945556641,forward_005,3.9056129455566406,0.05,0.0,0.0,0.038179077387375956,0.32288591161895097,0.10144726277217041,-0.31,-0.35000000000000003,6.66,0.537,0.7325152158737183,0.0,0.1296100839972496,1.0,1.0,7.5,0.8100000000000002,True,True,False
5.926095485687256,forward_005,3.926095485687256,0.05,0.0,0.0,-0.19416787928436915,0.17453292519943295,0.3741549583962844,-0.88,0.26,7.8100000000000005,0.767,0.8571048378944397,0.0,0.06896911934018135,1.0,1.0,7.6,0.5630000000000001,True,True,False
5.9466469287872314,forward_005,3.9466469287872314,0.05,0.0,0.0,-0.23125612588924865,0.18871372537188688,0.6337726846304409,-0.88,0.26,7.8100000000000005,1.074,0.8137885928153992,0.0,0.0441424697637558,1.0,1.0,7.6,0.5630000000000001,True,True,False
5.967085838317871,forward_005,3.967085838317871,0.05,0.0,0.0,-0.37088246604879505,0.47669305195095124,0.7286749627076325,-2.02,0.73,8.99,1.6110000000000002,0.7654553055763245,0.0,0.03969992697238922,1.0,1.0,7.6,0.5630000000000001,True,True,False
5.987468004226685,forward_005,3.9874680042266846,0.05,0.0,0.0,-0.5585053606381855,0.495237175253391,0.5661411761156606,-0.8,-0.85,6.08,1.688,0.7134156227111816,0.0,0.07031369395554066,1.0,1.0,7.6,0.5630000000000001,True,True,False
6.007903575897217,forward_005,4.007903575897217,0.05,0.0,0.0,-0.6708609312353204,0.14289883250703572,0.6501351463678877,-0.25,0.88,6.87,1.227,0.7978646755218506,0.0,0.0487893708050251,1.0,1.0,7.6,0.5630000000000001,True,True,False
6.028263807296753,forward_005,4.028263807296753,0.05,0.0,0.0,-0.8148505945248526,-0.16035212502697901,0.16144295580947549,-0.25,0.88,6.87,1.074,0.833526611328125,0.0,0.024024128913879395,1.0,1.0,7.6,0.5630000000000001,True,True,False
6.048635482788086,forward_005,4.048635482788086,0.05,0.0,0.0,-0.8584838258247108,-0.35452000431134817,0.025089107997418487,-0.25,0.88,6.87,0.6899999999999998,0.8325964212417603,0.0,0.029345482122153044,1.0,1.0,7.6,0.5630000000000001,True,True,False
6.0690107345581055,forward_005,4.0690107345581055,0.05,0.0,0.0,-0.7308566242726255,-0.35015668118136234,-0.13526301702956053,-0.25,0.88,6.87,0.767,0.8089331984519958,0.0,0.017061777412891388,1.0,1.0,7.6,0.5630000000000001,True,True,False
6.089382648468018,forward_005,4.089382648468018,0.05,0.0,0.0,-0.13199052468207118,-0.4559672670835186,-0.016362461737446838,-0.25,0.88,6.87,1.074,0.8235030174255371,0.0,0.025732960551977158,1.0,1.0,7.6,0.5630000000000001,True,True,False
6.109776258468628,forward_005,4.109776258468628,0.05,0.0,0.0,0.26725354171163174,-0.6261368691529657,-0.2999784651865254,0.97,-3.14,9.65,1.074,0.8461260199546814,0.0,0.02475682646036148,1.0,1.0,7.6,0.5630000000000001,True,True,False
6.130143404006958,forward_005,4.130143404006958,0.05,0.0,0.0,0.13526301702956053,-0.29561514205653955,-0.2999784651865254,0.22,-1.3,8.65,0.767,0.7645878195762634,0.0,0.03177902288734913,1.0,1.0,7.7,0.28600000000000003,True,True,False
6.15116286277771,forward_005,4.15116286277771,0.05,0.0,0.0,0.12435470920459599,-0.003272492347489368,-0.48651052899341934,-0.8300000000000001,-0.87,7.63,0.46,0.5230517387390137,0.0,0.05606963112950325,1.0,1.0,7.7,0.28600000000000003,True,True,False
6.17155385017395,forward_005,4.17155385017395,0.05,0.0,0.0,0.3174317577064687,-0.1341721862470641,-0.32834006553143325,-1.23,-1.48,7.99,0.307,0.5135072469711304,0.0,0.06967173516750336,1.0,1.0,7.7,0.28600000000000003,True,True,False
6.191941261291504,forward_005,4.191941261291504,0.05,0.0,0.0,0.2825251726665821,-0.038179077387375956,-0.02399827721492203,0.44,-1.85,7.94,0.537,0.8200362920761108,0.0,0.10156462015584111,1.0,1.0,7.7,0.28600000000000003,True,True,False
6.212323188781738,forward_005,4.212323188781738,0.05,0.0,0.0,0.12980886311707826,-0.13308135546456762,0.26616271092913524,0.44,-1.85,7.94,1.074,0.8175373673439026,0.0,0.027047955198213458,1.0,1.0,7.7,0.28600000000000003,True,True,False
6.232686758041382,forward_005,4.232686758041382,0.05,0.0,0.0,0.10362892433716332,-0.04908738521234052,0.48651052899341934,-0.41000000000000003,-1.6600000000000001,9.15,1.227,0.831034243106842,0.0,0.048274774104356766,1.0,1.0,7.7,0.28600000000000003,True,True,False
6.253061294555664,forward_005,4.253061294555664,0.05,0.0,0.0,0.20289452554434081,0.10253809355466686,0.6795875774952921,-2.7600000000000002,-2.05,8.290000000000001,1.918,0.8637451529502869,0.0,0.030155666172504425,1.0,1.0,7.7,0.28600000000000003,True,True,False
6.273441314697266,forward_005,4.273441314697266,0.05,0.0,0.0,0.3010692959690218,0.17453292519943295,0.8028514559173916,-0.8200000000000001,-1.77,7.12,1.458,0.7156548500061035,0.0,0.0863361731171608,1.0,1.0,7.7,0.28600000000000003,True,True,False
6.293812990188599,forward_005,4.293812990188599,0.05,0.0,0.0,0.5508695451607103,0.02399827721492203,0.56941366846315,0.52,0.36,7.83,0.6899999999999998,0.7154085040092468,0.0,0.03848137892782688,1.0,1.0,7.7,0.28600000000000003,True,True,False
6.314379453659058,forward_005,4.314379453659058,0.05,0.0,0.0,0.8344855486097889,-0.18544123302439752,-0.016362461737446838,0.52,0.36,7.83,0.614,0.7685850262641907,0.0,0.028974007815122604,1.0,1.0,7.7,0.28600000000000003,True,True,False
6.334841966629028,forward_005,4.334841966629028,0.05,0.0,0.0,0.7275841319251362,-0.007635815477475192,-0.5050546522958591,0.52,0.36,7.83,0.9970000000000001,0.8087964057922363,0.0,0.020530089735984802,1.0,1.0,7.4,0.8510000000000001,True,True,False
6.355202913284302,forward_005,4.355202913284302,0.05,0.0,0.0,0.44833145160604343,0.3043417883165112,-1.1715522604011936,0.52,0.36,7.83,1.458,0.7486758232116699,0.0,0.01348961889743805,1.0,1.0,7.4,0.8510000000000001,True,True,False
6.375576972961426,forward_005,4.375576972961426,0.05,0.0,0.0,0.284706834231575,0.32070425005395803,-1.5587971881874356,0.52,0.36,7.83,1.458,0.701999843120575,0.0,0.019252385944128036,1.0,1.0,7.4,0.8510000000000001,True,True,False
6.395951271057129,forward_005,4.395951271057129,0.05,0.0,0.0,0.16580627893946132,-0.030543261909900768,-1.32972272386318,0.52,0.36,7.83,1.227,0.6633025407791138,0.0,0.04418438076390885,1.0,1.0,7.4,0.8510000000000001,True,True,False
6.416331052780151,forward_005,4.416331052780151,0.05,0.0,0.0,-0.07963064712224129,0.20616701789183017,-1.0722866591940161,-0.27,-1.0,6.46,0.844,0.5910346508026123,0.0,0.0279751718044281,1.0,1.0,7.4,0.8510000000000001,True,True,False
6.4366984367370605,forward_005,4.4366984367370605,0.05,0.0,0.0,-0.11671889372712078,0.26070855701665296,-0.44178646691106466,-0.16,-0.87,8.73,0.307,0.45432329177856445,0.0,0.11499385349452496,1.0,1.0,7.4,0.8510000000000001,True,True,False
6.457126617431641,forward_005,4.457126617431641,0.05,0.0,0.0,0.1559888018969932,0.2399827721492203,0.35561083509384467,-0.9400000000000001,-0.27,7.62,0.614,0.7207078337669373,0.0,0.13869734853506088,1.0,1.0,7.4,0.8510000000000001,True,True,False
6.477513551712036,forward_005,4.477513551712036,0.05,0.0,0.0,0.02399827721492203,0.3097959422289935,0.41996985126113556,-1.6300000000000001,0.63,6.7,1.074,0.845823347568512,0.0,0.057749077677726746,1.0,1.0,7.4,0.8510000000000001,True,True,False
6.497892618179321,forward_005,4.497892618179321,0.05,0.0,0.0,-0.2083486794568231,0.39269908169872414,0.1189005552921137,-2.75,0.81,7.59,1.227,0.7082756161689758,0.0,0.04139970429241657,1.0,1.0,7.4,0.8510000000000001,True,True,False
6.518279314041138,forward_005,4.518279314041138,0.05,0.0,0.0,-0.2683443724941282,0.5181446216858165,0.16144295580947549,-1.8,0.74,9.18,1.227,0.6763728857040405,0.0,0.08271337300539017,1.0,1.0,7.4,0.8510000000000001,True,True,False
6.538644075393677,forward_005,4.538644075393677,0.05,0.0,0.0,-0.38724492778624187,0.7374016089676042,0.11344640137963143,-1.96,1.52,7.34,1.458,0.745271623134613,0.0,0.08502322621643543,1.0,1.0,7.3,1.135,True,True,False
6.559009075164795,forward_005,4.559009075164795,0.05,0.0,0.0,-0.45705809786601503,0.40578905108868163,-0.038179077387375956,-0.28,0.08,5.98,1.151,0.6707786917686462,0.0,0.057703377678990364,1.0,1.0,7.3,1.135,True,True,False
6.579428672790527,forward_005,4.579428672790527,0.05,0.0,0.0,-0.681769239060285,-0.044724062082354694,0.12980886311707826,-0.28,0.08,5.98,0.844,0.7216232419013977,0.0,0.03227553516626358,1.0,1.0,7.3,1.135,True,True,False
6.599800109863281,forward_005,4.599800109863281,0.05,0.0,0.0,-0.9348419805994628,-0.11017390903214205,0.09708393964218458,-3.1,-0.18,9.200000000000001,1.151,0.7220415472984314,0.0,0.0446904469281435,1.0,1.0,7.3,1.135,True,True,False
6.620171546936035,forward_005,4.620171546936035,0.05,0.0,0.0,-0.8759371183446542,-0.33161255787892263,0.3719732968312915,-3.08,0.12,9.26,0.844,0.7480291724205017,0.0,0.02911165915429592,0.0,1.0,7.3,1.135,True,True,False
6.6405580043792725,forward_005,4.6405580043792725,0.05,0.0,0.0,-0.7624907169650227,-0.2181661564992912,0.5803219762881145,-3.08,0.12,9.26,0.9210000000000002,0.7307116389274597,0.0,0.014900671318173409,0.0,1.0,7.3,1.135,True,True,False
6.660938501358032,forward_005,4.660938501358032,0.05,0.0,0.0,-0.49414634447089456,-0.20616701789183017,0.9566585962493919,-3.08,0.12,9.26,1.074,0.7625044584274292,0.0,0.01903267577290535,0.0,1.0,7.3,1.135,True,True,False
6.6813201904296875,forward_005,4.6813201904296875,0.05,0.0,0.0,0.07853981633974483,-0.2007128639793479,0.6883142237552637,1.46,-4.46,6.36,1.151,0.7381506562232971,0.0,0.05673009902238846,1.0,1.0,7.3,1.135,True,True,False
6.701715707778931,forward_005,4.701715707778931,0.05,0.0,0.0,0.23671027980173096,-0.5039638215133626,0.41560652813114973,0.89,-0.11,6.0200000000000005,0.844,0.764128565788269,0.0,0.05556589737534523,1.0,1.0,7.3,1.135,True,True,False
6.722197771072388,forward_005,4.722197771072388,0.05,0.0,0.0,0.5355979142057599,-0.5214171140333059,0.28361600344907856,0.89,-0.11,6.0200000000000005,0.614,0.8019641041755676,0.0,0.03674754686653614,1.0,1.0,7.3,1.135,True,True,False
6.742624521255493,forward_005,4.742624521255493,0.05,0.0,0.0,0.6883142237552637,-0.5366887449882564,-0.47778388273344774,-2.71,-2.35,8.71,0.537,0.721527099609375,0.0,0.041399359703063965,1.0,1.0,7.6,0.265,True,True,False
6.762984991073608,forward_005,4.762984991073608,0.05,0.0,0.0,0.5519603759432067,-0.015271630954950384,-0.7384924397501007,-1.73,-0.86,6.0200000000000005,1.074,0.6685208678245544,0.0,0.03917515650391579,1.0,1.0,7.6,0.265,True,True,False
6.783373594284058,forward_005,4.783373594284058,0.05,0.0,0.0,0.14180800172453928,-0.25089107997418486,-0.5530512067257032,-1.73,-0.86,6.0200000000000005,1.381,0.7144246101379395,0.0,0.023014923557639122,1.0,1.0,7.6,0.265,True,True,False
6.803853273391724,forward_005,4.803853273391724,0.05,0.0,0.0,0.044724062082354694,-0.028361600344907856,-0.003272492347489368,0.04,-2.0300000000000002,7.98,1.6110000000000002,0.7864388823509216,0.0,0.019703809171915054,1.0,1.0,7.6,0.265,True,True,False
6.824318885803223,forward_005,4.824318885803223,0.05,0.0,0.0,0.12435470920459599,-0.21489366415180183,0.2399827721492203,-1.83,-1.75,8.02,1.6110000000000002,0.7805078029632568,0.0,0.04747043550014496,1.0,1.0,7.6,0.265,True,True,False
6.84469199180603,forward_005,4.84469199180603,0.05,0.0,0.0,0.33597588100890846,-0.23671027980173096,0.5606870222031783,-1.83,-1.75,8.02,1.151,0.7492719292640686,0.0,0.033979312516748905,1.0,1.0,7.6,0.265,True,True,False
6.865085124969482,forward_005,4.865085124969482,0.05,0.0,0.0,0.4112432050011639,0.07635815477475191,0.49632800603588745,-0.93,0.04,9.39,0.46,0.7126660943031311,0.0,0.027384403510950506,1.0,1.0,7.6,0.265,True,True,False
6.885471343994141,forward_005,4.885471343994141,0.05,0.0,0.0,0.27707101875409984,-0.1439896632895322,0.003272492347489368,-0.93,0.04,9.39,0.767,0.8257713317871094,0.0,0.028278972953557968,1.0,1.0,7.6,0.265,True,True,False
6.90594220161438,forward_005,4.90594220161438,0.05,0.0,0.0,0.16798794050445423,0.026179938779914945,-0.5617778529856748,-0.93,0.04,9.39,0.9970000000000001,0.7967042326927185,0.0,0.03313084691762924,1.0,1.0,7.6,0.265,True,True,False
6.926329851150513,forward_005,4.926329851150513,0.05,0.0,0.0,0.11671889372712078,0.004363323129985824,-0.8519388411297321,-0.93,0.04,9.39,1.074,0.7347044348716736,0.0,0.02373971790075302,1.0,1.0,7.6,0.265,True,True,False
6.946791648864746,forward_005,4.946791648864746,0.05,0.0,0.0,0.04581489286485115,0.05781403147231216,-0.9326603190344699,-0.09,1.37,9.1,0.9970000000000001,0.6686649322509766,0.0,0.026975725777447224,1.0,1.0,7.6,0.265,True,True,False
6.967160701751709,forward_005,4.967160701751709,0.05,0.0,0.0,-0.017453292519943295,-0.04145156973486533,-0.6992225315802283,-0.5700000000000001,0.01,8.73,0.767,0.5987536311149597,0.0,0.023895855527371168,1.0,1.0,7.6,0.265,True,True,False
6.987545013427734,forward_005,4.987545013427734,0.05,0.0,0.0,0.061086523819801536,-0.02945243112740431,-0.2999784651865254,-0.07,-1.54,9.27,0.614,0.628104567527771,0.0,0.0371721051633358,1.0,1.0,7.6,0.265,True,True,False
7.007921934127808,forward_005,5.007921934127808,0.05,0.0,0.0,-0.02945243112740431,0.21271200258680892,0.23452861823673804,-0.06,-1.03,8.4,0.537,0.7071402668952942,0.0,0.08111544325947762,1.0,1.0,7.6,0.265,True,True,False
7.028301000595093,forward_005,5.028301000595093,0.05,0.0,0.0,-0.272707695624114,0.33488505022641196,0.595593607243065,-1.07,-0.58,7.8500000000000005,0.537,0.8314569592475891,0.0,0.04699018411338329,1.0,1.0,7.6,0.265,True,True,False
7.048681974411011,forward_005,5.048681974411011,0.05,0.0,0.0,-0.3534291735288517,0.3076142806640006,0.779944009484966,-1.07,-0.58,7.8500000000000005,0.9970000000000001,0.8123721480369568,0.0,0.03584200772456825,1.0,1.0,7.6,0.265,True,True,False
7.069053888320923,forward_005,5.069053888320923,0.05,0.0,0.0,-0.33597588100890846,0.3490658503988659,0.8366672101747817,-1.07,-0.58,7.8500000000000005,1.304,0.7386884689331055,0.0,0.05113544128835201,1.0,1.0,7.6,0.265,True,True,False
7.089536428451538,forward_005,5.089536428451538,0.05,0.0,0.0,-0.4014257279586958,0.4036073895236887,0.48978302134090873,-0.7000000000000001,-0.15,6.12,1.534,0.7560579776763916,0.0,0.06059490144252777,1.0,1.0,7.6,0.265,True,True,False
7.109924793243408,forward_005,5.109924793243408,0.05,0.0,0.0,-0.507236313860852,0.031634092692397225,0.18980455615438332,-0.45,-0.55,7.22,1.074,0.813546359539032,0.0,0.047358766198158264,1.0,1.0,7.6,0.265,True,True,False
7.1303040981292725,forward_005,5.1303040981292725,0.05,0.0,0.0,-0.6904958853202566,-0.06217735460229799,-0.031634092692397225,-3.0700000000000003,-0.39,9.67,0.767,0.8098774552345276,0.0,0.032150834798812866,1.0,1.0,7.6,0.265,True,True,False
7.1506805419921875,forward_005,5.1506805419921875,0.05,0.0,0.0,-0.5923211148955756,-0.24216443371421323,-0.16035212502697901,-3.0700000000000003,-0.39,9.67,0.6899999999999998,0.8069358468055725,0.0,0.026594788767397397,1.0,1.0,7.5,0.674,True,True,False
7.172200679779053,forward_005,5.172200679779053,0.05,0.0,0.0,-0.4559672670835186,-0.3021601267515183,-0.3043417883165112,-3.0700000000000003,-0.39,9.67,0.9210000000000002,0.8116902112960815,0.0,0.014442063868045807,1.0,1.0,7.5,0.674,True,True,False
7.1925787925720215,forward_005,5.1925787925720215,0.05,0.0,0.0,0.01090830782496456,-0.44505895925855404,0.006544984694978736,-3.0700000000000003,-0.39,9.67,1.074,0.7953555583953857,0.0,0.025396175682544708,1.0,1.0,7.5,0.674,True,True,False
7.213149070739746,forward_005,5.213149070739746,0.05,0.0,0.0,0.24980024919168842,-0.48432886742842646,-0.11999138607461016,0.47000000000000003,-1.17,9.200000000000001,0.767,0.8472481369972229,0.0,0.02286277711391449,1.0,1.0,7.5,0.674,True,True,False
7.233644485473633,forward_005,5.233644485473633,0.05,0.0,0.0,0.2912518189265537,-0.30870511144649704,-0.28907015736156083,0.39,-0.97,9.01,0.614,0.7097541689872742,0.0,0.023341520689427853,1.0,1.0,7.5,0.674,True,True,False
7.25402569770813,forward_005,5.25402569770813,0.05,0.0,0.0,0.31852258848896514,0.1090830782496456,-0.35997415822383044,-0.96,-1.01,6.78,0.307,0.4390411376953125,0.0,0.10191481001675129,1.0,1.0,7.5,0.674,True,True,False
7.274407863616943,forward_005,5.274407863616943,0.05,0.0,0.0,0.36760997370130566,-0.07526732399225546,-0.1308996938995747,-0.88,-0.87,8.93,0.307,0.7704643607139587,0.0,0.0801671585359145,1.0,1.0,7.5,0.674,True,True,False
7.294849395751953,forward_005,5.294849395751953,0.05,0.0,0.0,0.2399827721492203,0.11017390903214205,0.06435901616729091,0.68,-1.94,9.58,0.844,0.7614321708679199,0.0,0.0661650188267231,1.0,1.0,7.5,0.674,True,True,False
7.315227508544922,forward_005,5.315227508544922,0.05,0.0,0.0,0.06763150851478027,0.03490658503988659,0.3239767424014474,-0.14,-2.02,8.65,1.151,0.7152385115623474,0.0,0.066750667989254,1.0,1.0,7.5,0.674,True,True,False
7.335610628128052,forward_005,5.335610628128052,0.05,0.0,0.0,0.04908738521234052,-0.038179077387375956,0.767944870877505,-0.72,-2.25,8.99,1.227,0.8040501475334167,0.0,0.03936568461358547,1.0,1.0,7.5,0.674,True,True,False
7.356014966964722,forward_005,5.356014966964722,0.05,0.0,0.0,0.210530341021816,0.09381144729469522,1.1922780452686264,-1.04,-2.42,8.34,1.534,0.8509037494659424,0.0,0.030548068461939692,1.0,1.0,7.6,0.5650000000000001,True,True,False
7.376380920410156,forward_005,5.376380920410156,0.05,0.0,0.0,0.2825251726665821,0.22143864884678055,1.2380929381334775,-0.63,-1.08,8.0,1.381,0.7096264958381653,0.0,0.08311494812369347,1.0,1.0,7.6,0.5650000000000001,True,True,False
7.3967509269714355,forward_005,5.3967509269714355,0.05,0.0,0.0,0.4014257279586958,-0.06763150851478027,0.4079707126536745,1.25,0.44,9.58,1.074,0.6772250533103943,0.0,0.03599792532622814,1.0,1.0,7.6,0.5650000000000001,True,True,False
7.417142868041992,forward_005,5.417142868041992,0.05,0.0,0.0,0.5617778529856748,-0.002181661564992912,-0.21380283336930536,0.67,1.23,8.5,0.9210000000000002,0.7487486600875854,0.0,0.0319281667470932,1.0,1.0,7.6,0.5650000000000001,True,True,False
7.437511920928955,forward_005,5.437511920928955,0.05,0.0,0.0,0.7330382858376184,-0.12871803233458182,-0.8508480103472357,0.67,1.23,8.5,0.9210000000000002,0.8390998840332031,0.0,0.03248049318790436,1.0,1.0,7.6,0.5650000000000001,True,True,False
7.457947731018066,forward_005,5.457947731018066,0.05,0.0,0.0,0.6381360077604268,0.25634523388666713,-1.5566155266224426,0.67,1.23,8.5,1.227,0.7768507599830627,0.0,0.01679764688014984,1.0,1.0,7.6,0.5650000000000001,True,True,False
7.478333950042725,forward_005,5.478333950042725,0.05,0.0,0.0,0.35452000431134817,0.30870511144649704,-1.6002487579223008,-1.35,1.73,8.08,1.458,0.6469056606292725,0.0,0.027009669691324234,1.0,1.0,7.6,0.5650000000000001,True,True,False
7.498704195022583,forward_005,5.498704195022583,0.05,0.0,0.0,0.19198621771937624,0.04254240051736178,-1.32972272386318,1.97,-0.5700000000000001,8.91,1.304,0.6520275473594666,0.0,0.049889786168932915,1.0,1.0,7.6,0.5650000000000001,True,True,False
7.519099235534668,forward_005,5.519099235534668,0.05,0.0,0.0,-0.05345070834232634,0.3043417883165112,-1.0559241974565694,-0.85,-2.5100000000000002,7.33,1.074,0.5971115231513977,0.0,0.05429307371377945,1.0,1.0,7.6,0.5650000000000001,True,True,False
7.539569139480591,forward_005,5.539569139480591,0.05,0.0,0.0,-0.1505346479845109,0.22143864884678055,-0.22907446432425577,-0.85,-2.5100000000000002,7.33,0.46,0.5292744636535645,0.0,0.08412783406674862,1.0,1.0,7.6,0.5650000000000001,True,True,False
7.559953689575195,forward_005,5.559953689575195,0.05,0.0,0.0,0.13853550937704992,0.2596177262341565,0.6534076387153771,-1.69,0.41000000000000003,6.94,1.151,0.7630186080932617,0.0,0.10269597917795181,1.0,1.0,7.4,0.7130000000000001,True,True,False
7.5803210735321045,forward_005,5.5803210735321045,0.05,0.0,0.0,-0.014180800172453928,0.17671458676442586,0.5912302841130791,-1.76,0.7000000000000001,7.6000000000000005,1.458,0.8542799353599548,0.0,0.06037307111546397,1.0,1.0,7.4,0.7130000000000001,True,True,False
7.600695848464966,forward_005,5.600695848464966,0.05,0.0,0.0,-0.2912518189265537,0.6359543461954338,0.14944381720201447,-2.21,0.91,7.22,1.458,0.6870996356010437,0.0,0.06396850384771824,1.0,1.0,7.4,0.7130000000000001,True,True,False
7.621079683303833,forward_005,5.621079683303833,0.05,0.0,0.0,-0.284706834231575,0.5912302841130791,0.16253378659197193,-2.21,0.91,7.22,1.534,0.7467390894889832,0.0,0.03755934536457062,1.0,1.0,7.4,0.7130000000000001,True,True,False
7.641469478607178,forward_005,5.641469478607178,0.05,0.0,0.0,-0.37960911230876665,0.5770494839406252,-0.04363323129985824,-0.77,0.51,5.2,1.227,0.6623968482017517,0.0,0.06250598654150963,1.0,1.0,7.4,0.7130000000000001,True,True,False
7.661983966827393,forward_005,5.661983966827393,0.05,0.0,0.0,-0.433059820651093,0.26725354171163174,-0.04036073895236887,-1.01,1.41,7.94,1.304,0.6821816563606262,0.0,0.03366673598065972,1.0,1.0,7.4,0.7130000000000001,True,True,False
7.682371377944946,forward_005,5.682371377944946,0.05,0.0,0.0,-0.8410305333047675,-0.04908738521234052,-0.23125612588924865,-1.01,1.41,7.94,0.767,0.737414538860321,0.0,0.03937126696109772,1.0,1.0,7.4,0.7130000000000001,True,True,False
7.702908277511597,forward_005,5.702908277511597,0.05,0.0,0.0,-0.8366672101747817,-0.20616701789183017,0.07635815477475191,-1.01,1.41,7.94,0.844,0.7532346844673157,0.0,0.029701183550059795,1.0,1.0,7.4,0.7130000000000001,True,True,False
7.723406553268433,forward_005,5.723406553268433,0.05,0.0,0.0,-0.806123948264881,0.01090830782496456,0.358883327441334,-1.86,-0.45,8.4,0.767,0.7173253893852234,0.0,0.04727376438677311,0.0,1.0,7.4,0.7130000000000001,True,True,False
7.743891000747681,forward_005,5.743891000747681,0.05,0.0,0.0,-0.6174102228929941,-0.08290313946973066,0.8235772407848243,-1.86,-0.45,8.4,1.074,0.7170412540435791,0.0,0.019082019105553627,0.0,1.0,7.4,0.7130000000000001,True,True,False
7.764270305633545,forward_005,5.764270305633545,0.05,0.0,0.0,-0.33597588100890846,-0.1712604328519436,1.1431906600562858,-1.86,-0.45,8.4,0.9210000000000002,0.7174991369247437,0.0,0.011912327259778976,0.0,1.0,7.6,0.45200000000000007,True,True,False
7.78467869758606,forward_005,5.78467869758606,0.05,0.0,0.0,-0.03490658503988659,-0.4701480672559725,0.43524148221608594,1.7,-1.71,6.9,0.844,0.7600645422935486,0.0,0.03933786880224943,1.0,1.0,7.6,0.45200000000000007,True,True,False
7.805105447769165,forward_005,5.805105447769165,0.05,0.0,0.0,0.32506757318394386,-0.6403176693254197,0.3719732968312915,0.21,0.9400000000000001,7.09,0.844,0.7937605977058411,0.0,0.036481266375631094,1.0,1.0,7.6,0.45200000000000007,True,True,False
7.8254711627960205,forward_005,5.8254711627960205,0.05,0.0,0.0,0.5519603759432067,-0.5279620987282847,0.002181661564992912,0.21,0.9400000000000001,7.09,0.614,0.7916454076766968,0.0,0.0258650709874928,1.0,1.0,7.6,0.45200000000000007,True,True,False
7.845952272415161,forward_005,5.845952272415161,0.05,0.0,0.0,0.5530512067257032,-0.2181661564992912,-0.7330382858376184,-1.95,-3.31,8.120000000000001,0.537,0.610673189163208,0.0,0.04964917153120041,1.0,1.0,7.6,0.45200000000000007,True,True,False
7.866328716278076,forward_005,5.866328716278076,0.05,0.0,0.0,0.4177881896961426,-0.16907877128695067,-0.5988660995905544,-1.45,-1.28,6.97,0.9970000000000001,0.6758815050125122,0.0,0.044950492680072784,1.0,1.0,7.6,0.45200000000000007,True,True,False
7.886701822280884,forward_005,5.886701822280884,0.05,0.0,0.0,0.20507618710933373,-0.20398535632683726,-0.4908738521234052,-1.45,-1.28,6.97,1.151,0.7149688601493835,0.0,0.009461434558033943,1.0,1.0,7.6,0.45200000000000007,True,True,False
7.907092571258545,forward_005,5.907092571258545,0.05,0.0,0.0,0.10035643198967395,-0.17889624832941878,-0.02945243112740431,0.81,-2.29,7.8100000000000005,1.304,0.7564104795455933,0.0,0.02259288728237152,1.0,1.0,7.6,0.45200000000000007,True,True,False
7.927468538284302,forward_005,5.927468538284302,0.05,0.0,0.0,0.272707695624114,-0.46469391334349025,0.5366887449882564,-0.53,-1.29,9.14,1.381,0.794898509979248,0.0,0.05175528675317764,1.0,1.0,7.6,0.45200000000000007,True,True,False
7.947838306427002,forward_005,5.947838306427002,0.05,0.0,0.0,0.35561083509384467,-0.23889194136672387,0.7930339788749234,-1.79,0.14,8.68,0.9970000000000001,0.752034068107605,0.0,0.03532122075557709,1.0,1.0,7.6,0.45200000000000007,True,True,False
7.968226194381714,forward_005,5.968226194381714,0.05,0.0,0.0,0.3010692959690218,-0.08508480103472356,0.4505131131710363,-1.19,0.4,9.540000000000001,0.307,0.735491931438446,0.0,0.028883479069918394,1.0,1.0,7.4,0.793,True,True,False
7.988607883453369,forward_005,5.988607883453369,0.05,0.0,0.0,0.3490658503988659,-0.16144295580947549,0.030543261909900768,-1.19,0.4,9.540000000000001,0.614,0.8046823740005493,0.0,0.01910114288330078,1.0,1.0,7.4,0.793,True,True,False
8.009028196334839,stop_after_005,0.009028196334838867,0.0,0.0,0.0,0.2596177262341565,-0.09490227807719166,-0.4166973589136462,-1.19,0.4,9.540000000000001,0.9970000000000001,0.7334723472595215,0.0,0.019862234592437744,1.0,1.0,7.4,0.793,True,True,False
8.029403686523438,stop_after_005,0.0294036865234375,0.0,0.0,0.0,0.06435901616729091,0.044724062082354694,-0.9217520112095053,-1.19,0.4,9.540000000000001,0.9970000000000001,0.6858307719230652,0.0,0.032773748971521854,1.0,1.0,7.4,0.793,True,True,False
8.049885272979736,stop_after_005,0.04988527297973633,0.0,0.0,0.0,-0.030543261909900768,0.07635815477475191,-0.9468411192069238,-0.13,-0.22,8.85,0.9210000000000002,0.6622143983840942,0.0,0.01664413884282112,1.0,1.0,7.4,0.793,True,True,False
8.070264339447021,stop_after_005,0.07026433944702148,0.0,0.0,0.0,-0.0719948316447661,-0.07635815477475191,-0.6970408700152354,0.09,0.81,8.64,0.9210000000000002,0.6045250296592712,0.0,0.034374851267784834,1.0,1.0,7.4,0.793,True,True,False
8.090641736984253,stop_after_005,0.09064173698425293,0.0,0.0,0.0,-0.001090830782496456,-0.008726646259971648,-0.3883357585687383,-0.7000000000000001,-1.0,9.41,0.6899999999999998,0.5289000272750854,0.0,0.050930049270391464,1.0,1.0,7.4,0.793,True,True,False
8.111087083816528,stop_after_005,0.11108708381652832,0.0,0.0,0.0,-0.06763150851478027,0.07635815477475191,0.20398535632683726,-0.07,-0.84,9.09,0.46,0.6665384769439697,0.0,0.07252122461795807,1.0,1.0,7.4,0.793,True,True,False
8.131460666656494,stop_after_005,0.13146066665649414,0.0,0.0,0.0,-0.2628902185816459,0.26070855701665296,0.5868669609830933,-0.74,-1.0,7.7700000000000005,0.6899999999999998,0.8749892711639404,0.0,0.049046277068555355,1.0,1.0,7.4,0.793,True,True,False
8.151828289031982,stop_after_005,0.15182828903198242,0.0,0.0,0.0,-0.32070425005395803,0.12326387842209953,0.7755806863549802,-0.74,-1.0,7.7700000000000005,0.9210000000000002,0.8842911720275879,0.0,0.03694682149216533,1.0,1.0,7.4,0.793,True,True,False
8.17220664024353,stop_after_005,0.17220664024353027,0.0,0.0,0.0,-0.34797501961636945,0.2203478180642841,0.8628471489546967,-2.04,0.68,9.49,1.304,0.8456256985664368,0.0,0.05186872184276581,1.0,1.0,7.6,0.518,True,True,False
8.193724155426025,stop_after_005,0.1937241554260254,0.0,0.0,0.0,-0.4985096676008804,0.2530727415391778,0.4385139745635753,0.86,0.02,5.2,1.534,0.8391409516334534,0.0,0.04341919254511595,1.0,1.0,7.6,0.518,True,True,False
8.214093923568726,stop_after_005,0.21409392356872559,0.0,0.0,0.0,-0.6697701004528239,-0.003272492347489368,0.08944812416470939,-0.53,-0.76,7.45,0.6899999999999998,0.8152470588684082,0.0,0.03466393053531647,1.0,1.0,7.6,0.518,True,True,False
8.234479427337646,stop_after_005,0.23447942733764648,0.0,0.0,0.0,-0.6283185307179586,-0.21162117180431245,-0.10581058590215622,-0.53,-0.76,7.45,0.6899999999999998,0.8429718613624573,0.0,0.03580305259674787,1.0,1.0,7.6,0.518,True,True,False
8.254996538162231,stop_after_005,0.25499653816223145,0.0,0.0,0.0,-0.3425208657038872,-0.36979163526629855,-0.18544123302439752,-0.53,-0.76,7.45,0.6899999999999998,0.8224195241928101,0.0,0.023440919816493988,1.0,1.0,7.6,0.518,True,True,False
8.275382995605469,stop_after_005,0.27538299560546875,0.0,0.0,0.0,0.03381575425739013,-0.4505131131710363,-0.20616701789183017,-0.32,-1.9100000000000001,8.790000000000001,0.9970000000000001,0.8324387073516846,0.0,0.011234745383262634,1.0,1.0,7.6,0.518,True,True,False
8.295751810073853,stop_after_005,0.29575181007385254,0.0,0.0,0.0,0.20616701789183017,-0.5246896063807953,-0.11344640137963143,-0.32,-1.9100000000000001,8.790000000000001,0.9210000000000002,0.8364836573600769,0.0,0.007725246250629425,1.0,1.0,7.6,0.518,True,True,False
8.316215991973877,stop_after_005,0.31621599197387695,0.0,0.0,0.0,0.17235126363444003,-0.07308566242726255,-0.35452000431134817,-1.19,0.07,9.4,0.767,0.7479616403579712,0.0,0.028370395302772522,1.0,1.0,7.6,0.518,True,True,False
8.336596488952637,stop_after_005,0.3365964889526367,0.0,0.0,0.0,0.22252947962927702,-0.12217304763960307,-0.3436116964863836,0.33,0.05,8.41,0.46,0.7277505397796631,0.0,0.0186188742518425,1.0,1.0,7.6,0.518,True,True,False
8.356985330581665,stop_after_005,0.35698533058166504,0.0,0.0,0.0,0.21707532571679475,-0.06981317007977318,-0.22143864884678055,0.4,0.3,8.48,0.384,0.6718286871910095,0.0,0.039770495146512985,1.0,1.0,7.6,0.518,True,True,False
8.37736964225769,stop_after_005,0.37736964225769043,0.0,0.0,0.0,0.10799224746714914,0.11235557059713497,-0.1908953869368798,-0.25,0.49,8.42,0.384,0.7018356919288635,0.0,0.06268918886780739,1.0,1.0,7.6,0.4750000000000001,True,True,False
8.397732019424438,stop_after_005,0.3977320194244385,0.0,0.0,0.0,0.09272061651219876,0.037088246604879506,-0.032724923474893676,-0.03,-0.21,8.5,0.46,0.8457063436508179,0.0,0.05773723125457764,1.0,1.0,7.6,0.4750000000000001,True,True,False
8.418107509613037,stop_after_005,0.4181075096130371,0.0,0.0,0.0,0.11780972450961724,-0.061086523819801536,0.2279836335417593,0.15,-0.8,9.28,0.9970000000000001,0.9286972284317017,0.0,0.09815936721861362,0.0,1.0,7.6,0.4750000000000001,True,True,False
8.438495874404907,stop_after_005,0.4384958744049072,0.0,0.0,0.0,0.0545415391248228,-0.06654067773228381,0.31306843457648287,0.1,-2.5100000000000002,9.09,1.458,0.8635196685791016,0.0,0.10344536788761616,0.0,1.0,7.6,0.4750000000000001,True,True,False
8.458948612213135,stop_after_005,0.45894861221313477,0.0,0.0,0.0,0.030543261909900768,-0.06872233929727672,0.34470252726888007,-0.58,-3.38,8.8,1.841,0.7065448760986328,0.0,0.04254177585244179,0.0,1.0,7.6,0.4750000000000001,True,True,False
8.47933030128479,stop_after_005,0.47933030128479004,0.0,0.0,0.0,0.28688849579656794,-0.1341721862470641,0.4537856055185257,-0.58,-2.21,7.66,1.765,0.6696427464485168,0.0,0.07136279530823231,1.0,1.0,7.6,0.4750000000000001,True,True,False
8.49970293045044,stop_after_005,0.49970293045043945,0.0,0.0,0.0,0.6414085001079161,-0.24652775684419906,0.4341506514335895,-0.1,-3.33,9.55,1.074,0.7682667970657349,0.0,0.0529897753149271,1.0,1.0,7.6,0.4750000000000001,True,True,False
8.520177125930786,stop_after_005,0.5201771259307861,0.0,0.0,0.0,0.9413869652944415,0.028361600344907856,0.6261368691529657,-0.1,-1.99,8.93,0.6899999999999998,0.751029908657074,0.0,0.03762766066938639,1.0,1.0,7.6,0.4750000000000001,True,True,False
8.540546655654907,stop_after_005,0.5405466556549072,0.0,0.0,0.0,0.9632035809443706,-0.017453292519943295,0.3741549583962844,-0.1,-1.99,8.93,0.9970000000000001,0.7516189813613892,0.0,0.019457176327705383,1.0,1.0,7.6,0.4750000000000001,True,True,False
8.561016321182251,stop_after_005,0.561016321182251,0.0,0.0,0.0,0.7428557628800865,0.18653206380689397,-0.31634092692397225,-0.1,-1.99,8.93,1.227,0.6868646144866943,0.0,0.02015724778175354,1.0,1.0,7.6,0.4750000000000001,True,True,False
8.581555843353271,stop_after_005,0.5815558433532715,0.0,0.0,0.0,0.14726215563702155,0.346884188833873,-0.9370236421644557,-0.1,-1.99,8.93,1.6110000000000002,0.7022635340690613,0.0,0.0430864067748189,1.0,1.0,7.6,0.18500000000000003,True,True,False
8.601927042007446,stop_after_005,0.6019270420074463,0.0,0.0,0.0,-0.13853550937704992,0.15817046346198613,-1.22500296874352,0.5700000000000001,2.41,9.21,1.458,0.7338958382606506,0.0,0.031875450164079666,1.0,1.0,7.6,0.18500000000000003,True,True,False
8.62230896949768,stop_after_005,0.6223089694976807,0.0,0.0,0.0,-0.26725354171163174,0.1439896632895322,-1.0559241974565694,-0.23,-0.92,6.96,1.151,0.7229882478713989,0.0,0.02099801506847143,1.0,1.0,7.6,0.18500000000000003,True,True,False
8.642685413360596,stop_after_005,0.6426854133605957,0.0,0.0,0.0,-0.14726215563702155,0.050178215994836975,-0.5606870222031783,0.6,1.01,9.28,0.614,0.4787735641002655,0.0,0.1393357291817665,1.0,1.0,7.6,0.18500000000000003,True,True,False
8.66307783126831,stop_after_005,0.6630778312683105,0.0,0.0,0.0,0.007635815477475192,0.32615840396644036,-0.05345070834232634,-0.71,-0.51,7.37,0.767,0.733426034450531,0.0,0.14505282044410706,1.0,1.0,7.6,0.18500000000000003,True,True,False
8.683453798294067,stop_after_005,0.6834537982940674,0.0,0.0,0.0,-0.10144726277217041,0.3294308963139297,0.1930770485018727,-1.6400000000000001,0.41000000000000003,7.19,0.844,0.8137662410736084,0.0,0.09440994821488857,1.0,1.0,7.6,0.18500000000000003,True,True,False
8.703829050064087,stop_after_005,0.7038290500640869,0.0,0.0,0.0,-0.21707532571679475,0.42215151282612845,0.1538071403320003,-1.1400000000000001,-0.18,8.64,1.151,0.7874204516410828,0.0,0.0717857163399458,1.0,1.0,7.6,0.18500000000000003,True,True,False
8.724291801452637,stop_after_005,0.7242918014526367,0.0,0.0,0.0,-0.28034351110158917,0.543233729683235,0.35015668118136234,-1.06,0.36,6.73,1.534,0.8046251535415649,0.0,0.029675528407096863,1.0,1.0,7.6,0.18500000000000003,True,True,False
8.744683742523193,stop_after_005,0.7446837425231934,0.0,0.0,0.0,-0.46687557490848314,0.4526947747360292,0.29670597283903605,-1.57,-0.13,8.03,1.227,0.7571362257003784,0.0,0.06297662574797869,1.0,1.0,7.6,0.18500000000000003,True,True,False
8.76507019996643,stop_after_005,0.7650701999664307,0.0,0.0,0.0,-0.7101308394051928,0.22362031041177347,0.32834006553143325,-1.57,-0.13,8.03,0.767,0.8062314391136169,0.0,0.03409099392592907,1.0,1.0,7.6,0.18500000000000003,True,True,False
8.785574913024902,stop_after_005,0.7855749130249023,0.0,0.0,0.0,-0.8552113334772214,0.25416357232167425,0.21162117180431245,-1.33,-0.09,9.65,0.767,0.8080324530601501,0.0,0.03757988661527634,1.0,1.0,7.4,1.11,True,True,False
8.805968046188354,stop_after_005,0.8059680461883545,0.0,0.0,0.0,-0.7515824091400581,-0.017453292519943295,0.31306843457648287,-2.0,-1.1400000000000001,9.67,0.6899999999999998,0.7875697016716003,0.0,0.03967039007693529,1.0,1.0,7.4,1.11,True,True,False
8.826334238052368,stop_after_005,0.8263342380523682,0.0,0.0,0.0,-0.459239759431008,-0.21925698728178766,0.543233729683235,-2.0,-1.1400000000000001,9.67,0.844,0.7674027681350708,0.0,0.03159140516072512,1.0,1.0,7.4,1.11,True,True,False
8.846789836883545,stop_after_005,0.8467898368835449,0.0,0.0,0.0,-0.2683443724941282,-0.3010692959690218,0.5530512067257032,-2.0,-0.8200000000000001,8.4,0.9970000000000001,0.7827641367912292,0.0,0.015632638707756996,1.0,1.0,7.4,1.11,True,True,False
8.867170810699463,stop_after_005,0.8671708106994629,0.0,0.0,0.0,-0.09926560120717749,-0.5803219762881145,0.23125612588924865,-0.67,-1.3800000000000001,9.28,0.9210000000000002,0.807998538017273,0.0,0.013797938823699951,1.0,1.0,7.4,1.11,True,True,False
8.887570858001709,stop_after_005,0.887570858001709,0.0,0.0,0.0,0.10362892433716332,-0.6904958853202566,-0.14944381720201447,-0.67,-1.3800000000000001,9.28,0.614,0.8243520855903625,0.0,0.02312617003917694,1.0,1.0,7.4,1.11,True,True,False
8.907942056655884,stop_after_005,0.9079420566558838,0.0,0.0,0.0,0.2203478180642841,-0.35561083509384467,-0.4505131131710363,0.15,-0.21,7.99,0.537,0.7460725903511047,0.0,0.0331600084900856,1.0,1.0,7.4,1.11,True,True,False
8.92837142944336,stop_after_005,0.9283714294433594,0.0,0.0,0.0,0.26616271092913524,-0.24216443371421323,-0.605411084285533,-0.01,-0.32,9.5,0.384,0.7267821431159973,0.0,0.045247117057442665,1.0,1.0,7.4,1.11,True,True,False
8.948764562606812,stop_after_005,0.9487645626068115,0.0,0.0,0.0,0.17780541754692233,-0.08290313946973066,-0.5279620987282847,-0.78,-0.72,9.21,0.307,0.7260035276412964,0.0,0.04984555207192898,1.0,1.0,7.4,1.11,True,True,False
8.969151496887207,stop_after_005,0.969151496887207,0.0,0.0,0.0,0.14180800172453928,-0.18216874067690814,-0.3196134192714616,0.9,-0.64,7.74,0.614,0.8477391600608826,0.0,0.03682434558868408,1.0,1.0,7.4,1.11,True,True,False
8.989521980285645,stop_after_005,0.9895219802856445,0.0,0.0,0.0,0.14180800172453928,-0.18216874067690814,-0.3196134192714616,0.9,-0.64,7.74,1.151,0.8541699051856995,0.0,0.017033301293849945,1.0,1.0,7.6,0.14200000000000002,True,True,False
9.009893894195557,stop_after_005,1.0098938941955566,0.0,0.0,0.0,0.14289883250703572,-0.14289883250703572,0.47778388273344774,-0.27,-1.8800000000000001,8.14,1.688,0.8015429377555847,0.0,0.0430968813598156,1.0,1.0,7.6,0.14200000000000002,True,True,False
9.030265808105469,stop_after_005,1.0302658081054688,0.0,0.0,0.0,0.27379852640661045,-0.36760997370130566,0.6795875774952921,0.07,-2.95,8.4,1.534,0.8255672454833984,0.0,0.065421546343714,1.0,1.0,7.6,0.14200000000000002,True,True,False
9.050712585449219,stop_after_005,1.0507125854492188,0.0,0.0,0.0,0.4374231437810788,-0.3021601267515183,0.6654067773228381,0.07,-2.95,8.4,0.844,0.8267809152603149,0.0,0.04313848679885268,1.0,1.0,7.6,0.14200000000000002,True,True,False
9.071077585220337,stop_after_005,1.071077585220337,0.0,0.0,0.0,0.5737769915931359,-0.2181661564992912,0.6152285613280012,0.07,-2.95,8.4,0.614,0.8277748823165894,0.0,0.01870811777189374,1.0,1.0,7.6,0.14200000000000002,True,True,False
9.091465950012207,stop_after_005,1.091465950012207,0.0,0.0,0.0,0.41015237421866746,0.03381575425739013,0.3490658503988659,0.07,-2.95,8.4,0.9970000000000001,0.8028056025505066,0.0,0.007845446467399597,1.0,1.0,7.6,0.14200000000000002,True,True,False
9.11183762550354,stop_after_005,1.11183762550354,0.0,0.0,0.0,0.12871803233458182,0.1407171709420428,-0.4112432050011639,0.07,-2.95,8.4,1.304,0.8500592708587646,0.0,0.028623624006286263,1.0,1.0,7.6,0.14200000000000002,True,True,False
9.132201194763184,stop_after_005,1.1322011947631836,0.0,0.0,0.0,0.10471975511965978,0.19853120241435498,-0.7515824091400581,0.07,-2.95,8.4,1.381,0.8755297660827637,0.0,0.014656022191047668,1.0,1.0,7.6,0.14200000000000002,True,True,False
9.152587652206421,stop_after_005,1.152587652206421,0.0,0.0,0.0,0.03490658503988659,0.14508049407202864,-0.7504915783575618,0.07,-2.95,8.4,1.227,0.880795955657959,0.0,0.004770468920469284,1.0,1.0,7.6,0.14200000000000002,True,True,False
9.172955989837646,stop_after_005,1.1729559898376465,0.0,0.0,0.0,-0.10362892433716332,0.2748893571891069,-0.8192139176548384,-0.42,-0.19,6.890000000000001,0.9210000000000002,0.8618426322937012,0.0,0.018698465079069138,1.0,1.0,7.6,0.14200000000000002,True,True,False
9.193334579467773,stop_after_005,1.1933345794677734,0.0,0.0,0.0,-0.21707532571679475,0.2007128639793479,-0.6468626540203984,-0.26,-0.03,8.43,0.614,0.844393253326416,0.0,0.010688405483961105,1.0,1.0,7.6,0.15400000000000003,True,True,False
9.214309453964233,stop_after_005,1.2143094539642334,0.0,0.0,0.0,-0.1461713248545251,0.14289883250703572,-0.2476185876266955,-0.4,-0.53,8.51,0.384,0.7933394908905029,0.0,0.044468415901064866,1.0,1.0,7.6,0.15400000000000003,True,True,False
9.234692096710205,stop_after_005,1.234692096710205,0.0,0.0,0.0,-0.33488505022641196,0.3425208657038872,0.2748893571891069,-1.27,-0.34,8.25,0.307,0.7775510549545288,0.0,0.0832627397030592,1.0,1.0,7.6,0.15400000000000003,True,True,False
9.255058288574219,stop_after_005,1.2550582885742188,0.0,0.0,0.0,-0.3119776037939864,0.35997415822383044,0.47123889803846897,-0.99,-0.26,9.51,0.614,0.8970260620117188,0.0,0.056185344234108925,1.0,1.0,7.6,0.15400000000000003,True,True,False
9.275519609451294,stop_after_005,1.275519609451294,0.0,0.0,0.0,-0.35779249665883756,0.3937899124812206,0.4374231437810788,0.11,-0.74,9.09,0.767,0.7743958830833435,0.0,0.04033021070063114,1.0,1.0,7.6,0.15400000000000003,True,True,False
9.295891523361206,stop_after_005,1.295891523361206,0.0,0.0,0.0,-0.4308781590861001,0.15817046346198613,0.4559672670835186,-0.66,-1.26,8.02,0.9970000000000001,0.8223659992218018,0.0,0.056933075189590454,0.0,1.0,7.6,0.15400000000000003,True,True,False
9.316266298294067,stop_after_005,1.3162662982940674,0.0,0.0,0.0,-0.5552328682906961,0.02181661564992912,0.22907446432425577,-2.25,-2.2800000000000002,8.44,0.9210000000000002,0.7849116921424866,0.0,0.06654615188017488,0.0,1.0,7.6,0.15400000000000003,True,True,False
9.336968660354614,stop_after_005,1.3369686603546143,0.0,0.0,0.0,-0.3643374813538163,-0.11999138607461016,0.04908738521234052,-1.95,-2.43,8.61,1.151,0.8434827923774719,0.0,0.04020318016409874,1.0,1.0,7.6,0.15400000000000003,True,True,False
9.357358932495117,stop_after_005,1.3573589324951172,0.0,0.0,0.0,-0.09053895494720585,-0.16580627893946132,0.05781403147231216,-1.52,-2.71,6.95,0.9970000000000001,0.8203336000442505,0.0,0.025410564616322517,1.0,1.0,7.6,0.15400000000000003,True,True,False
9.377734661102295,stop_after_005,1.377734661102295,0.0,0.0,0.0,0.12435470920459599,-0.28579766501407144,0.011999138607461015,-1.58,-1.62,7.55,0.46,0.7952264547348022,0.0,0.017738142982125282,1.0,1.0,7.6,0.15400000000000003,True,True,False
9.398118734359741,stop_after_005,1.3981187343597412,0.0,0.0,0.0,0.22143864884678055,-0.3174317577064687,-0.1461713248545251,-1.58,-1.62,7.55,0.9970000000000001,0.8016150593757629,0.0,0.006830891594290733,1.0,1.0,7.6,0.23100000000000004,True,True,False
9.418490171432495,stop_after_005,1.4184901714324951,0.0,0.0,0.0,0.2901609881440573,-0.40906154343617096,-0.23125612588924865,-1.58,-1.62,7.55,0.9210000000000002,0.8053858280181885,0.0,0.00797240436077118,1.0,1.0,7.6,0.23100000000000004,True,True,False
9.438939332962036,stop_after_005,1.4389393329620361,0.0,0.0,0.0,0.2814343418840856,-0.4232423436086249,-0.11562806294462433,1.3900000000000001,1.16,7.3500000000000005,0.6899999999999998,0.8080347776412964,0.0,0.017477232962846756,1.0,1.0,7.6,0.23100000000000004,True,True,False
9.45932674407959,stop_after_005,1.4593267440795898,0.0,0.0,0.0,0.32615840396644036,-0.3959715740462135,-0.02945243112740431,0.65,1.7,9.16,0.537,0.7988427877426147,0.0,0.0378689244389534,1.0,1.0,7.6,0.23100000000000004,True,True,False
9.479707956314087,stop_after_005,1.479707956314087,0.0,0.0,0.0,0.18762289458939044,-0.13308135546456762,-0.13526301702956053,-0.6900000000000001,1.62,8.74,0.537,0.7141091823577881,0.0,0.06143195927143097,1.0,1.0,7.6,0.23100000000000004,True,True,False
9.500085353851318,stop_after_005,1.5000853538513184,0.0,0.0,0.0,0.08508480103472356,-0.07853981633974483,-0.2301652951067522,-0.49,1.31,8.44,0.46,0.8627936840057373,0.0,0.06268466264009476,1.0,1.0,7.6,0.23100000000000004,True,True,False
9.520463228225708,stop_after_005,1.520463228225708,0.0,0.0,0.0,0.1461713248545251,-0.11126473981463851,-0.07635815477475191,-0.54,-0.25,8.35,0.844,0.8543309569358826,0.0,0.048936814069747925,1.0,1.0,7.6,0.23100000000000004,True,True,False
9.540839433670044,stop_after_005,1.540839433670044,0.0,0.0,0.0,0.07526732399225546,-0.09490227807719166,0.15271630954950383,0.9400000000000001,-0.6900000000000001,8.84,1.381,0.8366772532463074,0.0,0.03161003254354,1.0,1.0,7.6,0.23100000000000004,True,True,False
9.561222076416016,stop_after_005,1.5612220764160156,0.0,0.0,0.0,0.004363323129985824,-0.13744467859455345,0.2454369260617026,0.61,-2.6,8.36,1.381,0.8084082007408142,0.0,0.036799825727939606,0.0,1.0,7.6,0.23100000000000004,True,True,False
9.581596612930298,stop_after_005,1.5815966129302979,0.0,0.0,0.0,0.16253378659197193,-0.26616271092913524,0.42978732830360367,-0.38,-2.2600000000000002,9.09,1.304,0.8260328769683838,0.0,0.08358637103810906,1.0,1.0,7.6,0.23100000000000004,True,True,False
9.601962566375732,stop_after_005,1.6019625663757324,0.0,0.0,0.0,0.29343348049154666,-0.24980024919168842,0.37960911230876665,0.13,-2.89,9.21,0.767,0.8234690427780151,0.0,0.04091826593503356,1.0,1.0,7.3,0.9819999999999999,True,True,False
9.622323036193848,stop_after_005,1.6223230361938477,0.0,0.0,0.0,0.45705809786601503,-0.28688849579656794,0.4406956361285682,0.13,-2.61,8.92,0.537,0.8240439891815186,0.0,0.021956201642751694,1.0,1.0,7.3,0.9819999999999999,True,True,False
9.642698764801025,stop_after_005,1.6426987648010254,0.0,0.0,0.0,0.5486878835957173,-0.1908953869368798,0.31525009614147576,0.13,-2.61,8.92,1.227,0.7989934682846069,0.0,0.012489687651395798,1.0,1.0,7.3,0.9819999999999999,True,True,False
9.663147687911987,stop_after_005,1.6631476879119873,0.0,0.0,0.0,0.44178646691106466,0.07526732399225546,-0.22143864884678055,0.13,-2.61,8.92,1.6110000000000002,0.7381323575973511,0.0,0.05369901843369007,1.0,0.0,7.3,0.9819999999999999,True,True,False
9.683526277542114,stop_after_005,1.6835262775421143,0.0,0.0,0.0,0.039269908169872414,0.10144726277217041,-0.815941425307349,0.13,-2.61,8.92,1.534,0.8584249019622803,0.0,0.01924680918455124,1.0,1.0,7.3,0.9819999999999999,True,True,False
9.703909635543823,stop_after_005,1.7039096355438232,0.0,0.0,0.0,-0.12217304763960307,-0.04036073895236887,-0.8497571795647392,1.02,3.2800000000000002,8.97,1.381,0.8202221989631653,0.0,0.04688946716487408,1.0,1.0,7.3,0.9819999999999999,True,True,False
9.72429347038269,stop_after_005,1.7242934703826904,0.0,0.0,0.0,-0.20180369476184434,0.08072147790473774,-1.0188359508516898,0.22,-0.47000000000000003,5.65,0.9210000000000002,0.8367735147476196,0.0,0.016157940262928605,1.0,1.0,7.3,0.9819999999999999,True,True,False
9.744693040847778,stop_after_005,1.7446930408477783,0.0,0.0,0.0,-0.3621558197888234,0.1439896632895322,-0.9653852425093635,0.61,1.1400000000000001,8.13,0.46,0.7289948463439941,0.0,0.053150685504078865,1.0,1.0,7.3,0.9819999999999999,True,True,False
9.765078067779541,stop_after_005,1.765078067779541,0.0,0.0,0.0,-0.4374231437810788,0.1712604328519436,-0.44178646691106466,0.17,0.73,8.09,0.307,0.7274873852729797,0.0,0.036329079419374466,1.0,1.0,7.3,0.9819999999999999,True,True,False
9.785463094711304,stop_after_005,1.7854630947113037,0.0,0.0,0.0,-0.21925698728178766,0.11671889372712078,0.055632369907319255,-0.58,-0.13,7.03,0.46,0.7338716983795166,0.0,0.07602738402783871,1.0,1.0,7.3,0.9819999999999999,True,True,False
9.805840730667114,stop_after_005,1.8058407306671143,0.0,0.0,0.0,-0.28907015736156083,0.04581489286485115,0.3937899124812206,-0.58,-0.13,7.03,0.537,0.865655243396759,0.0,0.0748216100037098,0.0,1.0,7.5,0.6300000000000001,True,True,False
9.82624077796936,stop_after_005,1.8262407779693604,0.0,0.0,0.0,-0.33161255787892263,0.1538071403320003,0.6152285613280012,-0.58,-0.13,7.03,0.9970000000000001,0.9081737995147705,0.0,0.04910914390347898,0.0,1.0,7.5,0.6300000000000001,True,True,False
9.846615552902222,stop_after_005,1.8466155529022217,0.0,0.0,0.0,-0.30325095753401476,0.08508480103472356,0.8508480103472357,-0.16,-0.9500000000000001,6.93,1.381,0.9014533162117004,0.0,0.04305729269981384,0.0,1.0,7.5,0.6300000000000001,True,True,False
9.867051839828491,stop_after_005,1.8670518398284912,0.0,0.0,0.0,-0.4265148359561143,0.003272492347489368,0.46687557490848314,-0.88,-2.34,8.24,1.304,0.8314709663391113,0.0,0.06894387304782867,1.0,1.0,7.5,0.6300000000000001,True,True,False
9.887524843215942,stop_after_005,1.8875248432159424,0.0,0.0,0.0,-0.45487643630102215,0.14289883250703572,0.23125612588924865,-2.08,-0.64,8.55,0.9210000000000002,0.8382085561752319,0.0,0.030221731401979916,1.0,1.0,7.5,0.6300000000000001,True,True,False
9.911564588546753,stop_after_005,1.911564588546753,0.0,0.0,0.0,-0.3839724354387525,0.0719948316447661,0.08072147790473774,-2.08,-0.64,8.55,0.767,0.8215229511260986,0.0,0.02398992795497179,1.0,1.0,7.5,0.6300000000000001,True,True,False
9.931959629058838,stop_after_005,1.931959629058838,0.0,0.0,0.0,-0.09272061651219876,-0.028361600344907856,-0.29670597283903605,-2.08,-0.64,8.55,0.9970000000000001,0.8035953044891357,0.0,0.01855050679296255,1.0,1.0,7.5,0.6300000000000001,True,True,False
9.95233416557312,stop_after_005,1.9523341655731201,0.0,0.0,0.0,0.11235557059713497,-0.2454369260617026,-0.48105637508093707,-2.08,-0.64,8.55,1.074,0.7954249382019043,0.0,0.011206619441509247,1.0,1.0,7.5,0.6300000000000001,True,True,False
9.972715377807617,stop_after_005,1.9727153778076172,0.0,0.0,0.0,0.30325095753401476,0.050178215994836975,-0.4014257279586958,-2.08,-0.64,8.55,1.074,0.7907785177230835,0.0,0.015245378017425537,1.0,1.0,7.5,0.6300000000000001,True,True,False
9.99308705329895,stop_after_005,1.9930870532989502,0.0,0.0,0.0,0.35452000431134817,0.23889194136672387,-0.5268712679457882,-0.33,0.84,9.700000000000001,0.614,0.7398637533187866,0.0,0.0375509038567543,1.0,1.0,7.5,0.6300000000000001,True,True,False
10.013455152511597,forward_010,0.01345515251159668,0.1,0.0,0.0,0.47451139038595835,0.11671889372712078,-0.5006913291658733,-0.92,0.32,8.72,0.384,0.5245086550712585,0.0,0.05826902762055397,1.0,1.0,7.6,0.213,True,True,False
10.033857345581055,forward_010,0.03385734558105469,0.1,0.0,0.0,0.18653206380689397,0.2596177262341565,-0.07526732399225546,-0.38,0.0,8.64,0.384,0.5906670689582825,0.0,0.05703255720436573,1.0,1.0,7.6,0.213,True,True,False
10.054277896881104,forward_010,0.054277896881103516,0.1,0.0,0.0,-0.030543261909900768,0.20398535632683726,0.17671458676442586,-0.33,-0.24,9.11,0.537,0.7751604914665222,0.0,0.060962848365306854,1.0,1.0,7.6,0.213,True,True,False
10.074800252914429,forward_010,0.07480025291442871,0.1,0.0,0.0,-0.08726646259971647,0.18544123302439752,0.4406956361285682,-1.23,-0.8,8.71,0.9210000000000002,0.8479329347610474,0.0,0.04100150684826076,1.0,1.0,7.6,0.213,True,True,False
10.095260858535767,forward_010,0.0952608585357666,0.1,0.0,0.0,-0.1439896632895322,0.23234695667174513,0.5901394533305827,-1.31,-2.8000000000000003,7.98,1.534,0.9054456353187561,0.0,0.031063607893884182,1.0,1.0,7.6,0.213,True,True,False
10.115635395050049,forward_010,0.11563539505004883,0.1,0.0,0.0,-0.055632369907319255,0.14508049407202864,0.8715737952146683,-0.3,-1.27,7.7,1.765,0.8431721329689026,0.0,0.04798360355198383,0.0,1.0,7.6,0.213,True,True,False
10.136029720306396,forward_010,0.13602972030639648,0.1,0.0,0.0,0.18871372537188688,-0.032724923474893676,0.581412807070611,0.18,-1.96,9.41,1.227,0.72638338804245,0.0,0.10808865097351372,0.0,1.0,7.6,0.213,True,True,False
10.156415462493896,forward_010,0.15641546249389648,0.1,0.0,0.0,0.6250460383704692,-0.4756022211684548,0.21925698728178766,0.18,-1.96,9.41,1.074,0.8663581013679504,0.0,0.03949096682481468,1.0,1.0,7.6,0.213,True,True,False
10.176806449890137,forward_010,0.17680644989013672,0.1,0.0,0.0,0.7952156404399164,-0.5028729907308662,0.05890486225480862,-0.44,-2.06,8.25,0.9210000000000002,0.9017346501350403,0.0,0.03349987417459488,1.0,1.0,7.6,0.213,True,True,False
10.197276592254639,forward_010,0.19727659225463867,0.1,0.0,0.0,0.7941248096574199,-0.3981532356112064,-0.16580627893946132,-0.44,-2.06,8.25,1.227,0.9283169507980347,0.0,0.021440505981445312,1.0,1.0,7.6,0.213,True,True,False
10.217664241790771,forward_010,0.21766424179077148,0.1,0.0,0.0,0.39924406639370286,0.2585268954516601,-0.533416252640767,-0.44,-2.06,8.25,1.381,0.8771418929100037,0.0,0.012901604175567627,1.0,1.0,7.6,0.383,True,True,False
10.238951683044434,forward_010,0.2389516830444336,0.1,0.0,0.0,-0.15817046346198613,0.07635815477475191,-1.0068368122442288,1.41,2.45,8.85,1.458,0.8827322721481323,0.0,0.022927336394786835,1.0,1.0,7.6,0.383,True,True,False
10.25931692123413,forward_010,0.25931692123413086,0.1,0.0,0.0,-0.21271200258680892,-0.04908738521234052,-0.9119345341670372,2.49,0.64,7.930000000000001,1.304,0.9042040705680847,0.0,0.0345340259373188,1.0,1.0,7.6,0.383,True,True,False
10.27970004081726,forward_010,0.27970004081726074,0.1,0.0,0.0,-0.33488505022641196,0.1734420944169365,-0.545415391248228,-0.04,-1.32,8.6,0.844,0.6105911731719971,0.0,0.06500095874071121,1.0,1.0,7.6,0.383,True,True,False
10.300083637237549,forward_010,0.30008363723754883,0.1,0.0,0.0,-0.33488505022641196,0.1734420944169365,-0.545415391248228,-0.47000000000000003,0.9500000000000001,8.46,0.46,0.7036372423171997,0.0,0.04365541785955429,1.0,1.0,7.6,0.383,True,True,False
10.32047176361084,forward_010,0.32047176361083984,0.1,0.0,0.0,0.08944812416470939,0.044724062082354694,0.5857761302005968,-0.32,-1.23,6.390000000000001,0.46,0.869852602481842,0.0,0.05302200373262166,1.0,1.0,7.6,0.383,True,True,False
10.340846538543701,forward_010,0.34084653854370117,0.1,0.0,0.0,0.04363323129985824,0.19198621771937624,0.8792096106921435,-0.5,-0.41000000000000003,7.79,0.9970000000000001,0.8465020060539246,0.0,0.07050109002739191,1.0,1.0,7.6,0.383,True,True,False
10.361217021942139,forward_010,0.36121702194213867,0.1,0.0,0.0,-0.1265363707695889,0.22143864884678055,1.1540989678812503,-0.5,-0.41000000000000003,7.79,1.381,0.8418333530426025,0.0,0.05427762493491173,1.0,1.0,7.6,0.383,True,True,False
10.381609439849854,forward_010,0.3816094398498535,0.1,0.0,0.0,-0.15926129424448257,0.06326818538479445,1.162825614141222,0.07,1.7,7.7700000000000005,1.534,0.795932412147522,0.0,0.03356098383665085,1.0,1.0,7.6,0.383,True,True,False
10.401987552642822,forward_010,0.40198755264282227,0.1,0.0,0.0,-0.47778388273344774,-0.10035643198967395,0.5301437602932776,0.04,1.4000000000000001,7.09,1.841,0.7368847131729126,0.0,0.04645560309290886,1.0,1.0,7.6,0.383,True,True,False
10.422500371932983,forward_010,0.4225003719329834,0.1,0.0,0.0,-0.8595746566072073,0.013089969389957472,0.014180800172453928,-1.62,1.57,8.370000000000001,1.765,0.7185943126678467,0.0,0.07674151565879583,1.0,1.0,7.6,0.7590000000000001,True,True,False
10.442878484725952,forward_010,0.44287848472595215,0.1,0.0,0.0,-0.9861110273767962,0.13853550937704992,-0.27379852640661045,-1.62,1.57,8.370000000000001,0.9210000000000002,0.8577786087989807,0.0,0.036736004054546356,1.0,1.0,7.6,0.7590000000000001,True,True,False
10.463300466537476,forward_010,0.4633004665374756,0.1,0.0,0.0,-0.6424993308904126,0.33597588100890846,-0.04363323129985824,-1.62,1.57,8.370000000000001,0.9970000000000001,0.823078453540802,0.0,0.022937610745429993,1.0,1.0,7.6,0.7590000000000001,True,True,False
10.48377776145935,forward_010,0.4837777614593506,0.1,0.0,0.0,-0.3959715740462135,0.22471114119426994,0.3043417883165112,-1.62,1.57,8.370000000000001,0.9970000000000001,0.7308898568153381,0.0,0.035114139318466187,1.0,1.0,7.6,0.7590000000000001,True,True,False
10.504159212112427,forward_010,0.5041592121124268,0.1,0.0,0.0,-0.009817477042468103,0.42215151282612845,0.6915867161027531,-1.62,1.57,8.370000000000001,1.458,0.7127207517623901,0.0,0.042720520053990185,0.0,1.0,7.6,0.7590000000000001,True,True,False
10.52453327178955,forward_010,0.5245332717895508,0.1,0.0,0.0,0.11671889372712078,0.07417649320975901,0.49632800603588745,1.93,-1.73,7.46,1.6110000000000002,0.8497028350830078,0.0,0.04877728968858719,0.0,1.0,7.6,0.7590000000000001,True,True,False
10.544910192489624,forward_010,0.544910192489624,0.1,0.0,0.0,0.1189005552921137,0.16253378659197193,0.35452000431134817,-0.14,-2.22,6.19,1.151,0.6999594569206238,0.0,0.031000902876257896,0.0,1.0,7.6,0.7590000000000001,True,True,False
10.565279006958008,forward_010,0.5652790069580078,0.1,0.0,0.0,0.16253378659197193,0.16035212502697901,0.16253378659197193,-0.14,-2.22,6.19,0.844,0.6606579422950745,0.0,0.041058436036109924,0.0,1.0,7.6,0.7590000000000001,True,True,False
10.585748434066772,forward_010,0.5857484340667725,0.1,0.0,0.0,0.15162547876700738,0.21598449493429828,-0.12871803233458182,-0.14,-2.22,6.19,0.384,0.6854678392410278,0.0,0.17201616615056992,0.0,1.0,7.6,0.7590000000000001,True,True,False
10.606243371963501,forward_010,0.606243371963501,0.1,0.0,0.0,0.11126473981463851,0.15926129424448257,-0.24652775684419906,-0.8,-2.88,6.04,0.46,0.9121776223182678,0.0,0.22155018150806427,0.0,1.0,7.6,0.7590000000000001,True,True,False
10.62662386894226,forward_010,0.6266238689422607,0.1,0.0,0.0,0.28579766501407144,-0.06872233929727672,0.0916297857297023,-1.37,-3.36,8.47,1.227,0.7406601905822754,0.0,0.07074614614248276,0.0,1.0,7.6,0.513,True,True,False
10.64728569984436,forward_010,0.6472856998443604,0.1,0.0,0.0,0.3523383427463553,-0.15926129424448257,0.36979163526629855,-1.37,-3.36,8.47,1.6110000000000002,0.8628244400024414,0.0,0.070685975253582,0.0,1.0,7.6,0.513,True,True,False
10.667749166488647,forward_010,0.6677491664886475,0.1,0.0,0.0,0.3523383427463553,-0.15926129424448257,0.36979163526629855,-1.37,-3.36,8.47,1.765,0.8059279918670654,0.0,0.030126608908176422,0.0,1.0,7.6,0.513,True,True,False
10.688129663467407,forward_010,0.6881296634674072,0.1,0.0,0.0,0.44178646691106466,-0.15817046346198613,0.5803219762881145,-1.24,-1.02,5.4,1.6110000000000002,0.763567328453064,0.0,0.06327427178621292,1.0,1.0,7.6,0.513,True,True,False
10.708511352539062,forward_010,0.7085113525390625,0.1,0.0,0.0,0.5028729907308662,-0.36979163526629855,0.3817907738737596,0.27,-1.52,7.47,1.074,0.8155231475830078,0.0,0.05089611280709505,1.0,1.0,7.6,0.513,True,True,False
10.729061126708984,forward_010,0.7290611267089844,0.1,0.0,0.0,0.543233729683235,-0.3567016658763411,-0.04254240051736178,0.27,-1.52,7.47,0.844,0.8800995945930481,0.0,0.02867341786623001,1.0,1.0,7.6,0.513,True,True,False
10.749457597732544,forward_010,0.749457597732544,0.1,0.0,0.0,0.6959500392327389,-0.4636030825609938,-0.45160394395353276,0.27,-1.52,7.47,1.151,0.9339337348937988,0.0,0.033719245344400406,1.0,1.0,7.6,0.513,True,True,False
10.769944190979004,forward_010,0.7699441909790039,0.1,0.0,0.0,0.6992225315802283,-0.014180800172453928,-1.1377365061438036,0.27,-1.52,7.47,1.227,0.9116455316543579,0.0,0.02658206014893949,1.0,1.0,7.6,0.513,True,True,False
10.790424108505249,forward_010,0.790424108505249,0.1,0.0,0.0,0.44505895925855404,0.1636246173744684,-1.9187713464112661,0.27,-1.52,7.47,1.227,0.8723307251930237,0.0,0.025693658739328384,1.0,1.0,7.6,0.513,True,True,False
10.810826778411865,forward_010,0.8108267784118652,0.1,0.0,0.0,0.19962203319685143,0.07090400086226964,-2.059488517353309,-0.75,1.24,8.45,1.458,0.7225054502487183,0.0,0.030776850879192352,1.0,1.0,7.6,0.513,True,True,False
10.83120846748352,forward_010,0.8312084674835205,0.1,0.0,0.0,-0.028361600344907856,0.15926129424448257,-1.8140515912916062,1.35,-0.17,7.98,1.151,0.6897667646408081,0.0,0.032695118337869644,1.0,1.0,7.7,0.35100000000000003,True,True,False
10.851575136184692,forward_010,0.8515751361846924,0.1,0.0,0.0,-0.015271630954950384,0.11780972450961724,-1.0941032748439454,1.01,-0.84,9.09,0.767,0.7175814509391785,0.0,0.037967875599861145,1.0,1.0,7.7,0.35100000000000003,True,True,False
10.871947288513184,forward_010,0.8719472885131836,0.1,0.0,0.0,0.2519819107566813,0.03381575425739013,-0.05672320068981571,0.11,-1.04,7.45,0.844,0.6150219440460205,0.0,0.07503004372119904,1.0,1.0,7.7,0.35100000000000003,True,True,False
10.892333269119263,forward_010,0.8923332691192627,0.1,0.0,0.0,0.1341721862470641,-0.06544984694978735,0.5225079448158024,-0.28,-1.26,6.16,0.9970000000000001,0.8600294589996338,0.0,0.08888409100472927,1.0,1.0,7.7,0.35100000000000003,True,True,False
10.912808895111084,forward_010,0.912808895111084,0.1,0.0,0.0,0.030543261909900768,-0.06981317007977318,0.7744898555724837,-0.68,-0.42,7.3500000000000005,1.074,0.8285295963287354,0.0,0.06915631797164679,1.0,1.0,7.7,0.35100000000000003,True,True,False
10.9331796169281,forward_010,0.9331796169281006,0.1,0.0,0.0,-0.05890486225480862,0.0916297857297023,0.9468411192069238,-0.68,-0.42,7.3500000000000005,1.458,0.808592677116394,0.0,0.036997172981500626,1.0,1.0,7.7,0.35100000000000003,True,True,False
10.953577995300293,forward_010,0.953577995300293,0.1,0.0,0.0,-0.16035212502697901,0.32615840396644036,0.8170322560898455,-0.68,-0.42,7.3500000000000005,1.841,0.7793608903884888,0.0,0.05869225040078163,1.0,1.0,7.7,0.35100000000000003,True,True,False
10.974040746688843,forward_010,0.9740407466888428,0.1,0.0,0.0,-0.34470252726888007,0.3076142806640006,0.16253378659197193,0.46,1.17,5.25,1.841,0.6676812171936035,0.0,0.06545340968295932,1.0,1.0,7.7,0.35100000000000003,True,True,False
10.994411945343018,forward_010,0.9944119453430176,0.1,0.0,0.0,-0.4286964975211072,0.11999138607461016,0.003272492347489368,-0.11,0.65,4.11,1.304,0.8338156938552856,0.0,0.049064102582633495,1.0,1.0,7.7,0.35100000000000003,True,True,False
11.014790058135986,forward_010,1.0147900581359863,0.1,0.0,0.0,-0.7024950239277177,0.08617563181722002,-0.08835729338221293,-0.11,0.65,4.11,0.6899999999999998,0.8512672781944275,0.0,0.021908175200223923,1.0,1.0,7.7,0.35100000000000003,True,True,False
11.035187721252441,forward_010,1.0351877212524414,0.1,0.0,0.0,-1.0177451200691934,0.039269908169872414,-0.1832595714594046,-0.11,0.65,4.11,0.9210000000000002,0.7899055480957031,0.0,0.02288779988884926,1.0,1.0,7.5,0.6880000000000001,True,True,False
11.055551528930664,forward_010,1.055551528930664,0.1,0.0,0.0,-1.1257373675363425,0.14835298641951802,0.02181661564992912,-1.56,0.55,8.08,1.074,0.7309389710426331,0.0,0.03335415665060282,1.0,1.0,7.5,0.6880000000000001,True,True,False
11.076014041900635,forward_010,1.0760140419006348,0.1,0.0,0.0,-0.45814892864851153,-0.018544123302439753,0.7788531787024695,-0.01,-0.32,9.4,1.534,0.6931998133659363,0.0,0.030002158135175705,0.0,1.0,7.5,0.6880000000000001,True,True,False
11.096429824829102,forward_010,1.0964298248291016,0.1,0.0,0.0,-0.05235987755982989,0.2203478180642841,0.806123948264881,-0.01,-0.32,9.4,1.458,0.656074047088623,0.0,0.02213853970170021,0.0,1.0,7.5,0.6880000000000001,True,True,False
11.116809844970703,forward_010,1.1168098449707031,0.1,0.0,0.0,-0.1538071403320003,-0.15489797111449674,0.1505346479845109,0.45,-1.8,7.3500000000000005,0.9970000000000001,0.6520279049873352,0.0,0.04418749921023846,0.0,1.0,7.5,0.6880000000000001,True,True,False
11.137184619903564,forward_010,1.1371846199035645,0.1,0.0,0.0,-0.13308135546456762,0.055632369907319255,-0.06872233929727672,-1.42,-1.42,6.13,0.614,0.6928657293319702,0.0,0.07230741903185844,0.0,1.0,7.5,0.6880000000000001,True,True,False
11.15755820274353,forward_010,1.1575582027435303,0.1,0.0,0.0,0.19634954084936207,-0.07963064712224129,-0.19634954084936207,-1.42,-1.42,6.13,0.537,0.611744225025177,0.0,0.12386246211826801,0.0,1.0,7.5,0.6880000000000001,True,True,False
11.177937269210815,forward_010,1.1779372692108154,0.1,0.0,0.0,0.2476185876266955,0.2781618495365963,-0.33597588100890846,-2.5300000000000002,-2.9,8.45,0.767,0.7964454293251038,0.0,0.20098040252923965,0.0,1.0,7.5,0.6880000000000001,True,True,False
11.198320150375366,forward_010,1.1983201503753662,0.1,0.0,0.0,0.2945243112740431,-0.1090830782496456,-0.21925698728178766,0.23,-4.23,7.390000000000001,1.074,0.7812260985374451,0.0,0.061228539794683456,0.0,1.0,7.5,0.6880000000000001,True,True,False
11.218690395355225,forward_010,1.2186903953552246,0.1,0.0,0.0,0.32179508083645453,-0.18653206380689397,0.24652775684419906,-1.27,-3.64,8.46,1.381,0.9000163674354553,0.0,0.11217884160578251,0.0,1.0,7.5,0.6880000000000001,True,True,False
11.239063501358032,forward_010,1.2390635013580322,0.1,0.0,0.0,0.5377795757707527,-0.40906154343617096,0.4886921905584123,-1.27,-3.64,8.46,1.688,0.7766099572181702,0.0,0.06730649620294571,1.0,1.0,7.4,0.9740000000000001,True,True,False
11.259675025939941,forward_010,1.2596750259399414,0.1,0.0,0.0,0.6250460383704692,-0.28907015736156083,0.47451139038595835,-1.1,-2.75,5.7700000000000005,1.151,0.7962220311164856,0.0,0.047392088919878006,1.0,1.0,7.4,0.9740000000000001,True,True,False
11.280053615570068,forward_010,1.2800536155700684,0.1,0.0,0.0,0.6206827152404835,-0.22252947962927702,0.4625122517784973,1.24,-1.42,8.51,1.381,0.8026320934295654,0.0,0.02497507631778717,1.0,1.0,7.4,0.9740000000000001,True,True,False
11.300419569015503,forward_010,1.300419569015503,0.1,0.0,0.0,0.4799655442984406,-0.2999784651865254,0.15162547876700738,1.24,-1.42,8.51,1.074,0.9058184623718262,0.0,0.024299055337905884,1.0,1.0,7.4,0.9740000000000001,True,True,False
11.32084584236145,forward_010,1.3208458423614502,0.1,0.0,0.0,0.39269908169872414,-0.35561083509384467,-0.49960049838337683,1.24,-1.42,8.51,1.074,0.9377247095108032,0.0,0.03725925832986832,1.0,1.0,7.4,0.9740000000000001,True,True,False
11.341358423233032,forward_010,1.3413584232330322,0.1,0.0,0.0,0.3272492347489368,0.4406956361285682,-1.3329952162106693,1.24,-1.42,8.51,1.304,0.8229568600654602,0.0,0.031015567481517792,1.0,1.0,7.4,0.9740000000000001,True,True,False
11.361755847930908,forward_010,1.3617558479309082,0.1,0.0,0.0,0.35452000431134817,0.1832595714594046,-1.7529650674718047,-1.04,0.66,6.59,1.381,0.6738511323928833,0.0,0.029986433684825897,1.0,1.0,7.4,0.9740000000000001,True,True,False
11.382173776626587,forward_010,1.382173776626587,0.1,0.0,0.0,0.15162547876700738,0.03381575425739013,-1.6133387273122584,2.42,0.34,8.21,0.9970000000000001,0.6893133521080017,0.0,0.04265082627534866,1.0,1.0,7.4,0.9740000000000001,True,True,False
11.402559518814087,forward_010,1.402559518814087,0.1,0.0,0.0,0.002181661564992912,0.4166973589136462,-1.3886275861179884,0.44,-1.1,8.85,0.6899999999999998,0.8101259469985962,0.0,0.07158663868904114,1.0,1.0,7.4,0.9740000000000001,True,True,False
11.423022270202637,forward_010,1.4230222702026367,0.1,0.0,0.0,0.23671027980173096,0.20398535632683726,-0.3752457891787809,0.44,-1.1,8.85,0.844,0.5501059293746948,0.0,0.1054362915456295,1.0,1.0,7.4,0.9740000000000001,True,True,False
11.44341492652893,forward_010,1.4434149265289307,0.1,0.0,0.0,0.1712604328519436,0.09490227807719166,0.3097959422289935,-0.44,-0.89,5.64,0.844,0.7382156252861023,0.0,0.12042100355029106,1.0,1.0,7.4,1.072,True,True,False
11.463779211044312,forward_010,1.4637792110443115,0.1,0.0,0.0,0.08290313946973066,-0.04145156973486533,0.5290529295107811,-1.16,-0.92,8.13,1.304,0.7402758598327637,0.0,0.06388017442077398,1.0,1.0,7.4,1.072,True,True,False
11.484162092208862,forward_010,1.4841620922088623,0.1,0.0,0.0,-0.03599741582238305,0.09599310885968812,0.7417649320975901,-2.91,-0.07,9.8,1.381,0.735206127166748,0.0,0.060785820707678795,1.0,1.0,7.4,1.072,True,True,False
11.504536151885986,forward_010,1.5045361518859863,0.1,0.0,0.0,-0.12871803233458182,0.35997415822383044,0.6272276999354622,-2.91,-0.07,9.8,1.458,0.74674391746521,0.0,0.06627535820007324,1.0,1.0,7.4,1.072,True,True,False
11.524906158447266,forward_010,1.5249061584472656,0.1,0.0,0.0,-0.2792526803190927,0.3327033886614191,0.07744898555724837,-0.2,0.8200000000000001,5.97,1.765,0.68755704164505,0.0,0.06785128265619278,1.0,1.0,7.4,1.072,True,True,False
11.545304536819458,forward_010,1.545304536819458,0.1,0.0,0.0,-0.42215151282612845,0.18435040224190105,-0.0818123086872342,-1.36,1.3900000000000001,6.0600000000000005,1.227,0.8275253772735596,0.0,0.03442446142435074,1.0,1.0,7.4,1.072,True,True,False
11.565691709518433,forward_010,1.5656917095184326,0.1,0.0,0.0,-0.6686792696703275,-0.017453292519943295,-0.05126904677733343,-1.36,1.3900000000000001,6.0600000000000005,1.227,0.813757598400116,0.0,0.01879562996327877,1.0,1.0,7.4,1.072,True,True,False
11.58608603477478,forward_010,1.5860860347747803,0.1,0.0,0.0,-1.1213740444063567,-0.16580627893946132,-0.09817477042468103,-1.36,1.3900000000000001,6.0600000000000005,1.534,0.7810954451560974,0.0,0.013182733207941055,1.0,1.0,7.4,1.072,True,True,False
11.606459856033325,forward_010,1.6064598560333252,0.1,0.0,0.0,-1.150826475533761,-0.20398535632683726,0.06217735460229799,-0.33,0.87,6.82,0.9210000000000002,0.757609486579895,0.0,0.040771094150841236,0.0,1.0,7.4,1.072,True,True,False
11.627005815505981,forward_010,1.6270058155059814,0.1,0.0,0.0,-0.9882926889417891,-0.26616271092913524,0.31634092692397225,-0.33,0.87,6.82,1.381,0.7623058557510376,0.0,0.014443818479776382,0.0,1.0,7.4,1.072,True,True,False
11.647387981414795,forward_010,1.647387981414795,0.1,0.0,0.0,0.09381144729469522,-0.015271630954950384,0.47778388273344774,-1.07,-1.26,8.68,1.074,0.6968792676925659,0.0,0.037414854392409325,0.0,1.0,7.6,0.3360000000000001,True,True,False
11.66775918006897,forward_010,1.6677591800689697,0.1,0.0,0.0,0.16798794050445423,-0.10035643198967395,0.18216874067690814,0.56,-2.9,3.5700000000000003,0.6899999999999998,0.7321092486381531,0.0,0.04500702768564224,0.0,1.0,7.6,0.3360000000000001,True,True,False
11.688239812850952,forward_010,1.6882398128509521,0.1,0.0,0.0,0.12980886311707826,-0.2181661564992912,-0.05890486225480862,-1.17,-0.43,8.17,0.537,0.6490822434425354,0.0,0.09279981441795826,0.0,1.0,7.6,0.3360000000000001,True,True,False
11.708612442016602,forward_010,1.7086124420166016,0.1,0.0,0.0,0.1407171709420428,-0.16253378659197193,-0.4112432050011639,-1.17,-0.43,8.17,0.537,0.7821430563926697,0.0,0.1033603586256504,0.0,1.0,7.6,0.3360000000000001,True,True,False
11.728997468948364,forward_010,1.7289974689483643,0.1,0.0,0.0,0.22252947962927702,0.2301652951067522,-0.18435040224190105,-1.54,-2.94,7.34,0.9210000000000002,0.7811881899833679,0.0,0.17257358133792877,0.0,1.0,7.6,0.3360000000000001,True,True,False
11.749536991119385,forward_010,1.7495369911193848,0.1,0.0,0.0,0.33052172709642613,0.011999138607461015,0.00545415391248228,-0.18,-2.33,5.5200000000000005,1.304,0.7428725361824036,0.0,0.05583558231592178,0.0,1.0,7.6,0.3360000000000001,True,True,False
11.769925355911255,forward_010,1.7699253559112549,0.1,0.0,0.0,0.3425208657038872,-0.17453292519943295,0.06544984694978735,-1.77,-4.16,8.84,1.765,0.8959164619445801,0.0,0.09229242615401745,0.0,1.0,7.6,0.3360000000000001,True,True,False
11.79040265083313,forward_010,1.7904026508331299,0.1,0.0,0.0,0.4723297288209654,-0.2596177262341565,0.5061454830783556,-1.77,-4.16,8.84,1.688,0.7720960378646851,0.0,0.056244704872369766,1.0,1.0,7.6,0.3360000000000001,True,True,False
11.810785055160522,forward_010,1.8107850551605225,0.1,0.0,0.0,0.619591884457987,-0.031634092692397225,0.5563236990731926,-1.3800000000000001,-1.51,5.78,1.534,0.7316578030586243,0.0,0.05559220863506198,1.0,1.0,7.6,0.3360000000000001,True,True,False
11.831157684326172,forward_010,1.8311576843261719,0.1,0.0,0.0,0.6501351463678877,-0.11780972450961724,0.37960911230876665,0.31,-1.01,8.65,1.151,0.8194308876991272,0.0,0.017344165593385696,1.0,1.0,7.6,0.3360000000000001,True,True,False
11.851529598236084,forward_010,1.851529598236084,0.1,0.0,0.0,0.5683228376806536,-0.22252947962927702,0.04799655442984406,0.31,-1.01,8.65,1.151,0.898012101650238,0.0,0.02118116244673729,1.0,1.0,7.5,0.752,True,True,False
11.87189507484436,forward_010,1.8718950748443604,0.1,0.0,0.0,0.32834006553143325,-0.08508480103472356,-0.5934119456780721,0.31,-1.01,8.65,1.074,0.9123936891555786,0.0,0.03333394229412079,1.0,1.0,7.5,0.752,True,True,False
11.892273187637329,forward_010,1.892273187637329,0.1,0.0,0.0,0.3948807432637171,0.48978302134090873,-1.538071403320003,0.31,-1.01,8.65,1.227,0.8176468014717102,0.0,0.022951340302824974,1.0,1.0,7.5,0.752,True,True,False
11.912649154663086,forward_010,1.912649154663086,0.1,0.0,0.0,0.4505131131710363,0.19634954084936207,-1.7387842672993508,0.31,-1.01,8.65,1.227,0.7001745700836182,0.0,0.035801611840724945,1.0,1.0,7.5,0.752,True,True,False
11.933013200759888,forward_010,1.9330132007598877,0.1,0.0,0.0,0.2683443724941282,0.09381144729469522,-1.6438819892221592,-0.8,-1.18,6.41,0.9210000000000002,0.7266014218330383,0.0,0.04185308516025543,1.0,1.0,7.5,0.752,True,True,False
11.953391313552856,forward_010,1.9533913135528564,0.1,0.0,0.0,0.14944381720201447,0.2912518189265537,-1.315541923690726,1.34,-1.04,9.36,0.6899999999999998,0.783245325088501,0.0,0.030588950961828232,1.0,1.0,7.5,0.752,True,True,False
11.973761081695557,forward_010,1.9737610816955566,0.1,0.0,0.0,0.3141592653589793,0.16144295580947549,-0.17453292519943295,1.34,-1.04,9.36,0.6899999999999998,0.5933910608291626,0.0,0.14204657450318336,1.0,1.0,7.5,0.752,True,True,False
11.994154691696167,forward_010,1.994154691696167,0.1,0.0,0.0,0.16689710972195776,0.1505346479845109,0.47778388273344774,-0.98,-0.85,6.29,0.9970000000000001,0.7579621076583862,0.0,0.17689424008131027,1.0,1.0,7.5,0.752,True,True,False
12.014532327651978,forward_010,2.0145323276519775,0.1,0.0,0.0,0.05999569303730508,0.07090400086226964,0.5988660995905544,-1.62,1.04,7.5200000000000005,1.151,0.752661943435669,0.0,0.05161801353096962,1.0,1.0,7.5,0.752,True,True,False
12.035071849822998,forward_010,2.035071849822998,0.1,0.0,0.0,-0.10471975511965978,0.4363323129985824,0.4341506514335895,-2.68,0.8,8.540000000000001,1.534,0.7349535226821899,0.0,0.08581219986081123,1.0,1.0,7.5,0.752,True,True,False
12.05545425415039,forward_010,2.0554542541503906,0.1,0.0,0.0,-0.1341721862470641,0.4374231437810788,0.3239767424014474,-2.68,0.8,8.540000000000001,1.688,0.6857922077178955,0.0,0.08013854548335075,1.0,1.0,7.3,0.831,True,True,False
12.075823545455933,forward_010,2.0758235454559326,0.1,0.0,0.0,-0.34143003492139073,0.519235452468313,-0.04036073895236887,-2.12,1.8,8.35,1.6110000000000002,0.656691312789917,0.0,0.038484848104417324,1.0,1.0,7.3,0.831,True,True,False
12.096189498901367,forward_010,2.096189498901367,0.1,0.0,0.0,-0.5945027764605685,0.11126473981463851,-0.2279836335417593,-0.7000000000000001,1.3800000000000001,5.88,1.151,0.7482175827026367,0.0,0.05756947211921215,1.0,1.0,7.3,0.831,True,True,False
12.116880416870117,forward_010,2.116880416870117,0.1,0.0,0.0,-0.7526732399225546,0.02181661564992912,-0.18435040224190105,-0.7000000000000001,1.3800000000000001,5.88,1.841,0.7558242082595825,0.0,0.02521425811573863,1.0,1.0,7.3,0.831,True,True,False
12.137254238128662,forward_010,2.137254238128662,0.1,0.0,0.0,-1.1235557059713497,0.05235987755982989,-0.013089969389957472,-0.7000000000000001,1.3800000000000001,5.88,1.304,0.7375668883323669,0.0,0.015658937394618988,1.0,1.0,7.3,0.831,True,True,False
12.157635927200317,forward_010,2.1576359272003174,0.1,0.0,0.0,-1.1235557059713497,-0.09708393964218458,0.22252947962927702,-1.09,-0.86,7.43,0.844,0.7245256900787354,0.0,0.01417843159288168,1.0,1.0,7.3,0.831,True,True,False
12.178018808364868,forward_010,2.178018808364868,0.1,0.0,0.0,-0.519235452468313,-0.05235987755982989,1.0733774899765127,-1.09,-0.86,7.43,1.227,0.7334818840026855,0.0,0.03489686828106642,0.0,1.0,7.3,0.831,True,True,False
12.198399543762207,forward_010,2.198399543762207,0.1,0.0,0.0,-0.030543261909900768,-0.07744898555724837,1.0537425358915764,-1.09,-0.86,7.43,1.151,0.7176568508148193,0.0,0.024339753203094006,0.0,1.0,7.3,0.831,True,True,False
12.21878433227539,forward_010,2.2187843322753906,0.1,0.0,0.0,-0.1341721862470641,-0.495237175253391,-0.18653206380689397,1.24,-2.74,6.0600000000000005,0.767,0.7523530125617981,0.0,0.06894368503708392,0.0,1.0,7.3,0.831,True,True,False
12.2391676902771,forward_010,2.2391676902770996,0.1,0.0,0.0,-0.10799224746714914,-0.46469391334349025,-0.06326818538479445,-1.35,-1.11,5.93,0.6899999999999998,0.7498764991760254,0.0,0.04528623819351196,0.0,1.0,7.3,0.831,True,True,False
12.259551048278809,forward_010,2.2595510482788086,0.1,0.0,0.0,0.14944381720201447,-0.545415391248228,-0.29343348049154666,-1.35,-1.11,5.93,0.46,0.6952411532402039,0.0,0.05499792657792568,0.0,1.0,7.6,0.32599999999999996,True,True,False
12.280534982681274,forward_010,2.2805349826812744,0.1,0.0,0.0,0.23234695667174513,-0.2399827721492203,-0.545415391248228,-2.59,-2.95,8.61,0.9970000000000001,0.6064802408218384,0.0,0.06935314345173538,0.0,1.0,7.6,0.32599999999999996,True,True,False
12.300902843475342,forward_010,2.300902843475342,0.1,0.0,0.0,0.29670597283903605,-0.3621558197888234,-0.40578905108868163,-0.34,-3.42,6.26,1.381,0.6926011443138123,0.0,0.04221493750810623,0.0,1.0,7.6,0.32599999999999996,True,True,False
12.321279287338257,forward_010,2.321279287338257,0.1,0.0,0.0,0.35124751196385884,-0.3643374813538163,-0.1908953869368798,-0.91,-2.68,8.33,1.688,0.6653687357902527,0.0,0.0524115227162838,0.0,1.0,7.6,0.32599999999999996,True,True,False
12.341660499572754,forward_010,2.341660499572754,0.1,0.0,0.0,0.49960049838337683,-0.41233403578366035,-0.08835729338221293,-0.91,-2.68,8.33,1.765,0.7652418613433838,0.0,0.03991653025150299,1.0,1.0,7.6,0.32599999999999996,True,True,False
12.362096071243286,forward_010,2.362096071243286,0.1,0.0,0.0,0.595593607243065,-0.1810779098944117,-0.028361600344907856,-0.91,-2.68,8.33,1.534,0.8165174126625061,0.0,0.032659927383065224,1.0,1.0,7.6,0.32599999999999996,True,True,False
12.38248586654663,forward_010,2.382485866546631,0.1,0.0,0.0,0.6992225315802283,-0.016362461737446838,0.08290313946973066,0.06,-1.19,8.61,0.844,0.8366606831550598,0.0,0.036152349784970284,1.0,1.0,7.6,0.32599999999999996,True,True,False
12.402945041656494,forward_010,2.402945041656494,0.1,0.0,0.0,0.6752242543653062,-0.050178215994836975,-0.13744467859455345,0.06,-1.19,8.61,0.844,0.8940565586090088,0.0,0.023513760417699814,1.0,1.0,7.6,0.32599999999999996,True,True,False
12.423320531845093,forward_010,2.4233205318450928,0.1,0.0,0.0,0.29561514205653955,0.1930770485018727,-0.3948807432637171,0.06,-1.19,8.61,0.844,0.8936126232147217,0.0,0.015477195382118225,1.0,1.0,7.6,0.32599999999999996,True,True,False
12.443714380264282,forward_010,2.4437143802642822,0.1,0.0,0.0,0.15162547876700738,0.08399397025222712,-0.4286964975211072,0.06,-1.19,8.61,1.074,0.8689973950386047,0.0,0.016998477280139923,1.0,1.0,7.6,0.32599999999999996,True,True,False
12.464091539382935,forward_010,2.4640915393829346,0.1,0.0,0.0,0.20180369476184434,0.19634954084936207,-0.8650288105196896,0.06,-1.19,8.61,1.227,0.7104517221450806,0.0,0.030387483537197113,1.0,1.0,7.6,0.24599999999999997,True,True,False
12.48445987701416,forward_010,2.48445987701416,0.1,0.0,0.0,0.08399397025222712,-0.003272492347489368,-0.7875798249624412,-0.16,1.18,8.15,1.151,0.6709223985671997,0.0,0.039890095591545105,1.0,1.0,7.6,0.24599999999999997,True,True,False
12.504842281341553,forward_010,2.5048422813415527,0.1,0.0,0.0,0.20398535632683726,-0.10035643198967395,-0.4341506514335895,0.1,0.18,8.78,0.844,0.668074905872345,0.0,0.03852204605937004,1.0,1.0,7.6,0.24599999999999997,True,True,False
12.5252206325531,forward_010,2.5252206325531006,0.1,0.0,0.0,0.20398535632683726,0.08508480103472356,-0.2781618495365963,-0.31,0.03,7.69,0.537,0.5333923697471619,0.0,0.08489223197102547,1.0,1.0,7.6,0.24599999999999997,True,True,False
12.545592069625854,forward_010,2.5455920696258545,0.1,0.0,0.0,0.1265363707695889,-0.05999569303730508,0.10253809355466686,-0.56,-0.15,7.72,0.9210000000000002,0.7332286238670349,0.0,0.1103849895298481,1.0,1.0,7.6,0.24599999999999997,True,True,False
12.56596064567566,forward_010,2.565960645675659,0.1,0.0,0.0,-0.03381575425739013,0.17453292519943295,0.30325095753401476,-0.98,0.61,8.3,1.304,0.7546306252479553,0.0,0.07376928068697453,1.0,1.0,7.6,0.24599999999999997,True,True,False
12.586332082748413,forward_010,2.586332082748413,0.1,0.0,0.0,-0.12871803233458182,0.41233403578366035,0.18544123302439752,-2.67,0.24,8.8,1.458,0.7086730003356934,0.0,0.07516452297568321,1.0,1.0,7.6,0.24599999999999997,True,True,False
12.606756925582886,forward_010,2.6067569255828857,0.1,0.0,0.0,-0.210530341021816,0.3272492347489368,0.20398535632683726,-2.67,0.24,8.8,1.151,0.6630158424377441,0.0,0.051604922860860825,1.0,1.0,7.6,0.24599999999999997,True,True,False
12.627176284790039,forward_010,2.627176284790039,0.1,0.0,0.0,-0.2945243112740431,0.4723297288209654,0.16253378659197193,0.49,-0.92,3.37,1.765,0.7428212761878967,0.0,0.07841027714312077,1.0,1.0,7.6,0.24599999999999997,True,True,False
12.647555351257324,forward_010,2.647555351257324,0.1,0.0,0.0,-0.729765793490129,0.011999138607461015,0.3490658503988659,-1.04,1.1300000000000001,6.23,1.227,0.7802913784980774,0.0,0.023403704166412354,1.0,1.0,7.6,0.24599999999999997,True,True,False
12.667924404144287,forward_010,2.667924404144287,0.1,0.0,0.0,-0.9392053037294485,-0.05345070834232634,0.26070855701665296,-1.04,1.1300000000000001,6.23,1.074,0.8231009244918823,0.0,0.017840884625911713,1.0,1.0,7.4,0.812,True,True,False
12.6882963180542,forward_010,2.688296318054199,0.1,0.0,0.0,-1.117010721276371,0.0272707695624114,0.37960911230876665,-1.04,1.1300000000000001,6.23,0.9970000000000001,0.7405433058738708,0.0,0.01982859242707491,1.0,1.0,7.4,0.812,True,True,False
12.708747148513794,forward_010,2.708747148513794,0.1,0.0,0.0,-0.8006697943523987,0.20180369476184434,0.7897614865274342,-0.65,0.11,8.370000000000001,1.074,0.7289074659347534,0.0,0.016233656089752913,1.0,1.0,7.4,0.812,True,True,False
12.729115962982178,forward_010,2.7291159629821777,0.1,0.0,0.0,-0.3839724354387525,0.018544123302439753,1.1944597068336194,-0.65,0.11,8.370000000000001,1.151,0.6961309909820557,0.0,0.026764539361465722,0.0,1.0,7.4,0.812,True,True,False
12.74948787689209,forward_010,2.74948787689209,0.1,0.0,0.0,0.0719948316447661,-0.3621558197888234,0.38942658935123475,-0.65,0.11,8.370000000000001,1.074,0.7506647706031799,0.0,0.03786691278219223,0.0,1.0,7.4,0.812,True,True,False
12.76985502243042,forward_010,2.76985502243042,0.1,0.0,0.0,0.06763150851478027,-0.3785182815262702,0.05781403147231216,-0.42,-1.31,7.04,0.9210000000000002,0.7572873830795288,0.0,0.03109638672322035,0.0,1.0,7.4,0.812,True,True,False
12.790370225906372,forward_010,2.790370225906372,0.1,0.0,0.0,0.10035643198967395,-0.33161255787892263,-0.11671889372712078,-2.14,-1.25,7.34,0.537,0.7933176159858704,0.0,0.035310263745486736,0.0,1.0,7.4,0.812,True,True,False
12.810835599899292,forward_010,2.810835599899292,0.1,0.0,0.0,0.284706834231575,-0.20943951023931956,-0.44178646691106466,-2.14,-1.25,7.34,0.6899999999999998,0.6876547336578369,0.0,0.06011836417019367,1.0,1.0,7.4,0.812,True,True,False
12.831210374832153,forward_010,2.8312103748321533,0.1,0.0,0.0,0.3076142806640006,0.09272061651219876,-0.41015237421866746,-1.29,-3.11,6.32,1.074,0.6917629837989807,0.0,0.028659164905548096,1.0,1.0,7.4,0.812,True,True,False
12.851598024368286,forward_010,2.851598024368286,0.1,0.0,0.0,0.28579766501407144,-0.1461713248545251,-0.17671458676442586,0.12,-3.64,7.69,1.381,0.6605163812637329,0.0,0.06453436613082886,0.0,1.0,7.4,0.812,True,True,False
12.871965646743774,forward_010,2.8719656467437744,0.1,0.0,0.0,0.2530727415391778,-0.12762720155208535,0.11562806294462433,-0.81,-4.24,9.55,1.765,0.7857487797737122,0.0,0.05950695276260376,0.0,1.0,7.5,0.48500000000000004,True,True,False
12.89232087135315,forward_010,2.8923208713531494,0.1,0.0,0.0,0.32179508083645453,-0.3097959422289935,0.19853120241435498,-0.81,-4.24,9.55,1.765,0.7471395134925842,0.0,0.05249567702412605,1.0,1.0,7.5,0.48500000000000004,True,True,False
12.912710428237915,forward_010,2.912710428237915,0.1,0.0,0.0,0.4494222823885399,-0.2748893571891069,0.16907877128695067,-1.17,-2.21,7.05,1.381,0.8207808136940002,0.0,0.04317961889319122,1.0,1.0,7.5,0.48500000000000004,True,True,False
12.93308138847351,forward_010,2.9330813884735107,0.1,0.0,0.0,0.6828600698427815,-0.1439896632895322,0.006544984694978736,-1.17,-2.21,7.05,0.6899999999999998,0.8661720156669617,0.0,0.027010755613446236,1.0,1.0,7.5,0.48500000000000004,True,True,False
12.953453063964844,forward_010,2.9534530639648438,0.1,0.0,0.0,0.6664976081053346,0.17998707911191522,-0.4265148359561143,-1.87,-0.32,9.120000000000001,0.9970000000000001,0.8655903935432434,0.0,0.0248689167201519,1.0,1.0,7.5,0.48500000000000004,True,True,False
12.97387981414795,forward_010,2.973879814147949,0.1,0.0,0.0,0.5017821599483697,-0.13526301702956053,-0.8486663487822428,-1.87,-0.32,9.120000000000001,1.151,0.9167091250419617,0.0,0.03185449168086052,1.0,1.0,7.5,0.48500000000000004,True,True,False
12.994248390197754,forward_010,2.994248390197754,0.1,0.0,0.0,0.3076142806640006,0.03599741582238305,-1.1857330605736476,-1.87,-0.32,9.120000000000001,1.304,0.8712592124938965,0.0,0.014925610274076462,1.0,1.0,7.5,0.48500000000000004,True,True,False
13.014720439910889,forward_010,3.0147204399108887,0.1,0.0,0.0,0.2007128639793479,-0.05126904677733343,-1.2064588454410803,-0.99,0.79,8.34,1.304,0.7174791693687439,0.0,0.031903527677059174,1.0,1.0,7.5,0.48500000000000004,True,True,False
13.035161972045898,forward_010,3.0351619720458984,0.1,0.0,0.0,-0.001090830782496456,-0.14289883250703572,-0.9261153343394911,0.0,-0.13,9.16,0.9970000000000001,0.6712406873703003,0.0,0.02846846729516983,1.0,1.0,7.5,0.48500000000000004,True,True,False
13.055667400360107,forward_010,3.0556674003601074,0.1,0.0,0.0,0.09053895494720585,-0.14180800172453928,-0.519235452468313,0.81,-0.01,9.77,0.767,0.720275342464447,0.0,0.04768553841859102,1.0,1.0,7.5,0.48500000000000004,True,True,False
13.076139688491821,forward_010,3.0761396884918213,0.1,0.0,0.0,0.26725354171163174,-0.06217735460229799,0.2879793265790644,0.47000000000000003,-0.4,8.91,0.844,0.7121507525444031,0.0,0.06805071979761124,1.0,1.0,7.6,0.4020000000000001,True,True,False
13.09650993347168,forward_010,3.0965099334716797,0.1,0.0,0.0,0.022907446432425576,-0.04799655442984406,0.7363107781851078,0.34,0.43,6.38,0.6899999999999998,0.8963906764984131,0.0,0.09692993015050888,1.0,1.0,7.6,0.4020000000000001,True,True,False
13.116888046264648,forward_010,3.1168880462646484,0.1,0.0,0.0,-0.09053895494720585,0.009817477042468103,0.7668540400950086,-0.09,0.18,9.38,0.9970000000000001,0.7989844679832458,0.0,0.06860735639929771,1.0,1.0,7.6,0.4020000000000001,True,True,False
13.137268781661987,forward_010,3.1372687816619873,0.1,0.0,0.0,-0.18762289458939044,0.42978732830360367,0.9872018581592926,-0.09,0.18,9.38,1.227,0.8395734429359436,0.0,0.05827919393777847,1.0,1.0,7.6,0.4020000000000001,True,True,False
13.15775728225708,forward_010,3.15775728225708,0.1,0.0,0.0,-0.4461497900410505,0.5475970528132209,0.5268712679457882,-3.35,1.43,7.97,1.765,0.792369544506073,0.0,0.061352647840976715,1.0,1.0,7.6,0.4020000000000001,True,True,False
13.178242921829224,forward_010,3.1782429218292236,0.1,0.0,0.0,-0.507236313860852,0.32506757318394386,0.23889194136672387,0.11,-0.03,5.46,2.071,0.6845631003379822,0.0,0.08867609687149525,1.0,1.0,7.6,0.4020000000000001,True,True,False
13.198690414428711,forward_010,3.198690414428711,0.1,0.0,0.0,-0.8093964406123704,-0.017453292519943295,-0.039269908169872414,-0.88,0.87,5.68,1.381,0.8613293170928955,0.0,0.040447402745485306,1.0,1.0,7.6,0.4020000000000001,True,True,False
13.219151735305786,forward_010,3.219151735305786,0.1,0.0,0.0,-0.9195703496445123,-0.08072147790473774,-0.032724923474893676,-0.88,0.87,5.68,0.9210000000000002,0.8477587103843689,0.0,0.021053923293948174,1.0,1.0,7.6,0.4020000000000001,True,True,False
13.239521503448486,forward_010,3.2395215034484863,0.1,0.0,0.0,-1.1322823522313212,0.08290313946973066,-0.06544984694978735,-0.88,0.87,5.68,1.227,0.7636612057685852,0.0,0.02506458992138505,1.0,1.0,7.6,0.4020000000000001,True,True,False
13.259921073913574,forward_010,3.259921073913574,0.1,0.0,0.0,-0.7308566242726255,-0.05890486225480862,0.35997415822383044,-0.97,-0.6900000000000001,8.89,1.688,0.7240409255027771,0.0,0.03713798872195184,0.0,1.0,7.6,0.4020000000000001,True,True,False
13.28030014038086,forward_010,3.2803001403808594,0.1,0.0,0.0,-0.09053895494720585,0.12435470920459599,0.806123948264881,-0.97,-0.6900000000000001,8.89,1.6110000000000002,0.7150349020957947,0.0,0.02490006759762764,0.0,1.0,7.6,0.32999999999999996,True,True,False
13.30146598815918,forward_010,3.3014659881591797,0.1,0.0,0.0,0.1407171709420428,-0.15162547876700738,0.28907015736156083,2.2,-2.66,8.03,1.074,0.8179435133934021,0.0,0.03549783304333687,0.0,1.0,7.6,0.32999999999999996,True,True,False
13.321918487548828,forward_010,3.321918487548828,0.1,0.0,0.0,-0.009817477042468103,-0.136353847812057,0.1407171709420428,1.4000000000000001,-0.78,6.23,0.6899999999999998,0.7103846669197083,0.0,0.0497988099232316,0.0,1.0,7.6,0.32999999999999996,True,True,False
13.342402935028076,forward_010,3.342402935028076,0.1,0.0,0.0,0.1712604328519436,-0.0272707695624114,-0.19525871006686563,-1.49,-1.3,8.77,0.46,0.6451317071914673,0.0,0.06344262138009071,1.0,1.0,7.6,0.32999999999999996,True,True,False
13.362841129302979,forward_010,3.3628411293029785,0.1,0.0,0.0,0.358883327441334,0.10253809355466686,-0.30652344988150415,-2.75,-2.99,9.48,0.767,0.46448105573654175,0.0,0.047125715762376785,1.0,1.0,7.6,0.32999999999999996,True,True,False
13.383206844329834,forward_010,3.383206844329834,0.1,0.0,0.0,0.28034351110158917,0.18435040224190105,-0.3272492347489368,0.05,-3.5700000000000003,7.29,1.381,0.7065220475196838,0.0,0.05742831714451313,0.0,1.0,7.6,0.32999999999999996,True,True,False
13.40359091758728,forward_010,3.4035909175872803,0.1,0.0,0.0,0.23343778745424157,0.08399397025222712,-0.15162547876700738,-0.34,-3.2600000000000002,7.78,1.534,0.6813994646072388,0.0,0.09317078348249197,0.0,1.0,7.6,0.32999999999999996,True,True,False
13.423968315124512,forward_010,3.4239683151245117,0.1,0.0,0.0,0.1636246173744684,0.06435901616729091,0.08072147790473774,0.11,-3.17,8.61,1.841,0.7961001992225647,0.0,0.03944535180926323,0.0,1.0,7.6,0.32999999999999996,True,True,False
13.444338321685791,forward_010,3.444338321685791,0.1,0.0,0.0,0.2999784651865254,-0.3174317577064687,0.23671027980173096,-2.75,-2.06,9.36,1.688,0.768769383430481,0.0,0.0763850100338459,1.0,1.0,7.6,0.32999999999999996,True,True,False
13.464712381362915,forward_010,3.464712381362915,0.1,0.0,0.0,0.6032294227205401,-0.20180369476184434,0.1810779098944117,-2.64,-1.26,8.91,1.534,0.8380184769630432,0.0,0.055769477505236864,1.0,1.0,7.6,0.32999999999999996,True,True,False
13.485198974609375,forward_010,3.485198974609375,0.1,0.0,0.0,0.8224864100023278,-0.11017390903214205,0.16580627893946132,0.24,-0.46,8.22,0.844,0.8137784600257874,0.0,0.02718890830874443,1.0,1.0,7.3,1.2850000000000001,True,True,False
13.505598068237305,forward_010,3.5055980682373047,0.1,0.0,0.0,0.8323038870447959,-0.29670597283903605,-0.21598449493429828,0.24,-0.46,8.22,0.844,0.9118263125419617,0.0,0.03811438009142876,1.0,1.0,7.3,1.2850000000000001,True,True,False
13.52604603767395,forward_010,3.52604603767395,0.1,0.0,0.0,0.6915867161027531,-0.4886921905584123,-0.5530512067257032,0.24,-0.46,8.22,1.151,0.9412409067153931,0.0,0.028973763808608055,1.0,1.0,7.3,1.2850000000000001,True,True,False
13.546433448791504,forward_010,3.546433448791504,0.1,0.0,0.0,0.34579335805137656,0.0916297857297023,-1.1453723216212788,0.24,-0.46,8.22,1.458,0.8758971691131592,0.0,0.0319223552942276,1.0,1.0,7.3,1.2850000000000001,True,True,False
13.566869020462036,forward_010,3.566869020462036,0.1,0.0,0.0,0.16907877128695067,-0.05345070834232634,-1.7475109135593225,0.24,-0.46,8.22,1.304,0.801986813545227,0.0,0.02943421993404627,1.0,1.0,7.3,1.2850000000000001,True,True,False
13.587249517440796,forward_010,3.587249517440796,0.1,0.0,0.0,-0.06872233929727672,-0.025089107997418487,-1.5609788497524284,-0.75,0.58,6.71,0.9970000000000001,0.6954740881919861,0.0,0.03663915395736694,1.0,1.0,7.3,1.2850000000000001,True,True,False
13.607622385025024,forward_010,3.6076223850250244,0.1,0.0,0.0,-0.03599741582238305,-0.10799224746714914,-1.1388273369263,0.63,-0.54,8.71,0.767,0.7309666275978088,0.0,0.028652992099523544,1.0,1.0,7.3,1.2850000000000001,True,True,False
13.628107070922852,forward_010,3.6281070709228516,0.1,0.0,0.0,0.0818123086872342,0.07090400086226964,-0.28034351110158917,0.7000000000000001,-1.24,8.4,0.614,0.5629016757011414,0.0,0.11005436256527901,1.0,1.0,7.3,1.2850000000000001,True,True,False
13.648480653762817,forward_010,3.6484806537628174,0.1,0.0,0.0,0.08726646259971647,-0.06435901616729091,0.519235452468313,-0.13,-0.38,6.74,0.9970000000000001,0.7861319184303284,0.0,0.14301561564207077,1.0,1.0,7.3,1.2850000000000001,True,True,False
13.668858051300049,forward_010,3.668858051300049,0.1,0.0,0.0,0.016362461737446838,-0.04690572364734761,0.7112216701876893,-0.62,-0.58,7.32,0.9970000000000001,0.85178142786026,0.0,0.08103266451507807,1.0,1.0,7.3,1.2850000000000001,True,True,False
13.689216613769531,forward_010,3.6892166137695312,0.1,0.0,0.0,0.003272492347489368,-0.0272707695624114,0.8355763793922852,-1.0,-0.26,9.71,1.227,0.7701644897460938,0.0,0.048321083188056946,1.0,1.0,7.5,0.49900000000000005,True,True,False
13.709583044052124,forward_010,3.709583044052124,0.1,0.0,0.0,-0.2181661564992912,0.15926129424448257,1.1061024134514064,-1.0,-0.26,9.71,1.918,0.7136856913566589,0.0,0.050753265619277954,1.0,1.0,7.5,0.49900000000000005,True,True,False
13.729949235916138,forward_010,3.7299492359161377,0.1,0.0,0.0,-0.421060682043632,0.5672320068981571,0.6708609312353204,-1.61,0.4,4.59,2.071,0.6721091270446777,0.0,0.07468981854617596,1.0,1.0,7.5,0.49900000000000005,True,True,False
13.750481367111206,forward_010,3.750481367111206,0.1,0.0,0.0,-0.8126689329598596,-0.001090830782496456,0.2585268954516601,0.59,1.31,6.05,1.304,0.8167370557785034,0.0,0.04743632674217224,1.0,1.0,7.5,0.49900000000000005,True,True,False
13.77093505859375,forward_010,3.77093505859375,0.1,0.0,0.0,-1.162825614141222,0.08399397025222712,0.23671027980173096,0.59,1.31,6.05,0.9210000000000002,0.8347441554069519,0.0,0.036912787705659866,1.0,1.0,7.5,0.49900000000000005,True,True,False
13.791303873062134,forward_010,3.791303873062134,0.1,0.0,0.0,-1.261000384565903,0.1090830782496456,0.2945243112740431,0.59,1.31,6.05,0.844,0.7433019280433655,0.0,0.024676501750946045,1.0,1.0,7.5,0.49900000000000005,True,True,False
13.81174087524414,forward_010,3.8117408752441406,0.1,0.0,0.0,-1.0417433972841155,0.24870941840919197,0.5203262832508095,-1.9100000000000001,1.24,8.81,1.151,0.7441856265068054,0.0,0.03037692839279771,1.0,1.0,7.5,0.49900000000000005,True,True,False
13.83222508430481,forward_010,3.8322250843048096,0.1,0.0,0.0,-0.5497787143782138,0.06326818538479445,0.8519388411297321,-1.9100000000000001,1.24,8.81,1.534,0.7805846333503723,0.0,0.03156441589817405,0.0,1.0,7.5,0.49900000000000005,True,True,False
13.852624654769897,forward_010,3.8526246547698975,0.1,0.0,0.0,0.022907446432425576,0.09599310885968812,0.8824821030396329,-1.9100000000000001,1.24,8.81,1.151,0.7359135746955872,0.0,0.02470417693257332,0.0,1.0,7.5,0.49900000000000005,True,True,False
13.872993469238281,forward_010,3.8729934692382812,0.1,0.0,0.0,-0.15489797111449674,-0.2203478180642841,0.08508480103472356,-0.2,-1.04,5.95,0.9210000000000002,0.7751767635345459,0.0,0.06482044421136379,1.0,1.0,7.5,0.49900000000000005,True,True,False
13.893362283706665,forward_010,3.893362283706665,0.1,0.0,0.0,-0.08290313946973066,-0.21162117180431245,-0.022907446432425576,-0.96,-0.5700000000000001,6.140000000000001,0.767,0.7753426432609558,0.0,0.06437542475759983,1.0,1.0,7.6,0.38999999999999996,True,True,False
13.913822174072266,forward_010,3.9138221740722656,0.1,0.0,0.0,0.29561514205653955,-0.26616271092913524,-0.23452861823673804,-0.96,-0.5700000000000001,6.140000000000001,0.767,0.7586550712585449,0.0,0.04835304617881775,1.0,1.0,7.6,0.38999999999999996,True,True,False
13.934193134307861,forward_010,3.9341931343078613,0.1,0.0,0.0,0.45814892864851153,-0.10690141668465268,-0.3043417883165112,-0.79,-2.77,7.11,1.458,0.6674338579177856,0.0,0.0544474758207798,0.0,1.0,7.6,0.38999999999999996,True,True,False
13.954585313796997,forward_010,3.954585313796997,0.1,0.0,0.0,0.358883327441334,0.06763150851478027,-0.19853120241435498,-0.28,-3.0300000000000002,8.2,1.918,0.7596831917762756,0.0,0.03719368577003479,0.0,1.0,7.6,0.38999999999999996,True,True,False
13.974966764450073,forward_010,3.9749667644500732,0.1,0.0,0.0,0.10144726277217041,-0.17780541754692233,-0.0719948316447661,-0.67,-2.85,8.98,2.148,0.7598973512649536,0.0,0.04252282902598381,0.0,1.0,7.6,0.38999999999999996,True,True,False
13.995339155197144,forward_010,3.9953391551971436,0.1,0.0,0.0,0.19962203319685143,-0.1810779098944117,0.04036073895236887,-1.92,-2.47,8.24,1.765,0.7460083365440369,0.0,0.05339402426034212,1.0,1.0,7.6,0.38999999999999996,True,True,False
14.01584005355835,forward_010,4.01584005355835,0.1,0.0,0.0,0.4821472058634335,-0.3021601267515183,0.1265363707695889,-1.24,-3.09,8.14,1.304,0.8425502181053162,0.0,0.05634742742404342,1.0,1.0,7.6,0.38999999999999996,True,True,False
14.036210298538208,forward_010,4.036210298538208,0.1,0.0,0.0,0.8508480103472357,-0.31306843457648287,0.23343778745424157,-1.24,-3.09,8.14,0.614,0.873138964176178,0.0,0.024620898067951202,1.0,1.0,7.6,0.38999999999999996,True,True,False
14.056577920913696,forward_010,4.056577920913696,0.1,0.0,0.0,0.9239336727744982,-0.19416787928436915,0.07417649320975901,-1.24,-3.09,8.14,0.9970000000000001,0.8929731845855713,0.0,0.024369925260543823,1.0,1.0,7.6,0.38999999999999996,True,True,False
14.076951742172241,forward_010,4.076951742172241,0.1,0.0,0.0,0.6828600698427815,-0.06981317007977318,-0.5530512067257032,-1.24,-3.09,8.14,1.074,0.9067696332931519,0.0,0.03000418096780777,1.0,1.0,7.6,0.38999999999999996,True,True,False
14.097321510314941,forward_010,4.097321510314941,0.1,0.0,0.0,0.35561083509384467,0.008726646259971648,-0.8584838258247108,-1.24,-3.09,8.14,1.304,0.8748687505722046,0.0,0.020536966621875763,1.0,1.0,7.6,0.422,True,True,False
14.117687940597534,forward_010,4.117687940597534,0.1,0.0,0.0,0.17453292519943295,0.03381575425739013,-1.2140946609185554,-0.06,1.04,7.8,1.304,0.6914944052696228,0.0,0.029734015464782715,1.0,1.0,7.6,0.422,True,True,False
14.13805603981018,forward_010,4.138056039810181,0.1,0.0,0.0,-0.11671889372712078,-0.03490658503988659,-1.3002702927357754,-0.73,-0.45,6.96,1.074,0.6907145380973816,0.0,0.03124057501554489,1.0,1.0,7.6,0.422,True,True,False
14.158447504043579,forward_010,4.158447504043579,0.1,0.0,0.0,-0.004363323129985824,-0.3021601267515183,-0.7417649320975901,-0.73,-0.45,6.96,0.767,0.7367809414863586,0.0,0.01573188230395317,1.0,1.0,7.6,0.422,True,True,False
14.178990840911865,forward_010,4.178990840911865,0.1,0.0,0.0,0.32070425005395803,-0.08290313946973066,0.13853550937704992,0.43,-0.46,7.3,0.6899999999999998,0.66927170753479,0.0,0.07904447882901877,1.0,1.0,7.6,0.422,True,True,False
14.19936203956604,forward_010,4.19936203956604,0.1,0.0,0.0,0.09272061651219876,-0.10799224746714914,0.5737769915931359,-0.17,-0.35000000000000003,7.03,0.767,0.8595094084739685,0.0,0.08273562975227833,1.0,1.0,7.6,0.422,True,True,False
14.21973204612732,forward_010,4.219732046127319,0.1,0.0,0.0,-0.019634954084936207,-0.09381144729469522,0.753764070705051,-0.44,-0.26,8.46,0.9970000000000001,0.8335999250411987,0.0,0.08155430015176535,1.0,1.0,7.6,0.422,True,True,False
14.240097522735596,forward_010,4.240097522735596,0.1,0.0,0.0,-0.08835729338221293,0.09708393964218458,0.9882926889417891,-0.78,0.21,9.620000000000001,1.151,0.8366068601608276,0.0,0.04554958641529083,1.0,1.0,7.6,0.422,True,True,False
14.260552883148193,forward_010,4.260552883148193,0.1,0.0,0.0,-0.2007128639793479,0.1538071403320003,1.1737339219661866,-1.26,1.47,9.09,1.688,0.7724316716194153,0.0,0.056935492902994156,1.0,1.0,7.6,0.422,True,True,False
14.280921936035156,forward_010,4.280921936035156,0.1,0.0,0.0,-0.46687557490848314,0.11780972450961724,0.8475755179997463,-0.8,0.71,7.88,1.995,0.6737940907478333,0.0,0.07884204387664795,1.0,1.0,7.6,0.422,True,True,False
14.301290035247803,forward_010,4.301290035247803,0.1,0.0,0.0,-0.7079491778402,0.2301652951067522,0.4036073895236887,-0.1,1.61,5.72,1.6110000000000002,0.8289054036140442,0.0,0.05631661368533969,1.0,1.0,7.2,1.584,True,True,False
14.322400331497192,forward_010,4.322400331497192,0.1,0.0,0.0,-1.0493792127615906,0.16907877128695067,0.2083486794568231,-0.1,1.61,5.72,1.534,0.8485418558120728,0.0,0.027457982301712036,1.0,1.0,7.2,1.584,True,True,False
14.342920064926147,forward_010,4.3429200649261475,0.1,0.0,0.0,-1.1213740444063567,0.2279836335417593,0.37306412761378793,-0.1,1.61,5.72,1.074,0.7464808821678162,0.0,0.02146100252866745,1.0,1.0,7.2,1.584,True,True,False
14.363295078277588,forward_010,4.363295078277588,0.1,0.0,0.0,-0.878118779909647,0.4723297288209654,0.5890486225480862,-0.1,1.61,5.72,1.381,0.687903106212616,0.0,0.024497361853718758,0.0,1.0,7.2,1.584,True,True,False
14.383664608001709,forward_010,4.383664608001709,0.1,0.0,0.0,-0.6021385919380436,0.40033489717619936,0.681769239060285,-0.1,1.61,5.72,1.765,0.7198686003684998,0.0,0.01943550631403923,0.0,1.0,7.2,1.584,True,True,False
14.404030799865723,forward_010,4.404030799865723,0.1,0.0,0.0,-0.09272061651219876,0.20943951023931956,0.6174102228929941,1.87,-1.28,7.5600000000000005,1.6110000000000002,0.7180904746055603,0.0,0.031622692942619324,0.0,1.0,7.2,1.584,True,True,False
14.424411535263062,forward_010,4.4244115352630615,0.1,0.0,0.0,-0.08072147790473774,0.08617563181722002,0.35779249665883756,1.5,-2.46,5.88,1.074,0.7161933779716492,0.0,0.04597662063315511,0.0,1.0,7.2,1.584,True,True,False
14.444897890090942,forward_010,4.444897890090942,0.1,0.0,0.0,0.06654067773228381,0.09599310885968812,0.18980455615438332,1.5,-2.46,5.88,0.537,0.664087176322937,0.0,0.061200044583529234,0.0,1.0,7.2,1.584,True,True,False
14.465273141860962,forward_010,4.465273141860962,0.1,0.0,0.0,0.3752457891787809,-0.15489797111449674,-0.10690141668465268,1.5,-2.46,5.88,0.9210000000000002,0.7554648518562317,0.0,0.056560490280389786,0.0,1.0,7.2,1.584,True,True,False
14.48563814163208,forward_010,4.48563814163208,0.1,0.0,0.0,0.36106498900632694,0.14944381720201447,-0.1712604328519436,-1.19,-3.0,7.5600000000000005,1.534,0.6581792831420898,0.0,0.045473529025912285,0.0,1.0,7.2,1.584,True,True,False
14.506047487258911,forward_010,4.506047487258911,0.1,0.0,0.0,0.3043417883165112,0.08944812416470939,-0.09490227807719166,-1.25,-3.3200000000000003,8.03,1.995,0.7572949528694153,0.0,0.05742565542459488,0.0,1.0,7.4,0.6339999999999999,True,True,False
14.526418924331665,forward_010,4.526418924331665,0.1,0.0,0.0,0.2083486794568231,-0.055632369907319255,-0.06654067773228381,-1.16,-3.33,8.45,1.995,0.7891153693199158,0.0,0.05553716793656349,0.0,1.0,7.4,0.6339999999999999,True,True,False
14.546814680099487,forward_010,4.546814680099487,0.1,0.0,0.0,0.4188790204786391,-0.21271200258680892,0.18980455615438332,-2.02,-2.56,8.64,1.765,0.7487828135490417,0.0,0.06388159468770027,1.0,1.0,7.4,0.6339999999999999,True,True,False
14.567195415496826,forward_010,4.567195415496826,0.1,0.0,0.0,0.7450374244450795,-0.2977968036215325,0.38942658935123475,-1.87,-0.77,8.49,1.304,0.8330914974212646,0.0,0.05736209754832089,1.0,1.0,7.4,0.6339999999999999,True,True,False
14.58757758140564,forward_010,4.58757758140564,0.1,0.0,0.0,0.9501136115544131,-0.4439681284760576,0.35561083509384467,-0.7000000000000001,-0.84,8.21,0.9210000000000002,0.8614784479141235,0.0,0.029406465590000153,1.0,1.0,7.4,0.6339999999999999,True,True,False
14.607944965362549,forward_010,4.607944965362549,0.1,0.0,0.0,0.7624907169650227,-0.5017821599483697,-0.11562806294462433,-0.7000000000000001,-0.84,8.21,0.9970000000000001,0.9142130613327026,0.0,0.021774022839963436,1.0,0.0,7.4,0.6339999999999999,True,True,False
14.628378868103027,forward_010,4.628378868103027,0.1,0.0,0.0,0.5497787143782138,-0.33488505022641196,-0.37088246604879505,-0.7000000000000001,-0.84,8.21,1.227,0.9272903203964233,0.0,0.01930529624223709,1.0,0.0,7.4,0.6339999999999999,True,True,False
14.648746252059937,forward_010,4.6487462520599365,0.1,0.0,0.0,0.2999784651865254,-0.038179077387375956,-0.8977537339945832,-0.7000000000000001,-0.84,8.21,1.304,0.894603431224823,0.0,0.03009144961833954,1.0,1.0,7.4,0.6339999999999999,True,True,False
14.669118404388428,forward_010,4.669118404388428,0.1,0.0,0.0,0.272707695624114,0.04145156973486533,-1.5686146652299038,-0.16,1.6300000000000001,9.1,1.227,0.7163695693016052,0.0,0.02851741760969162,1.0,1.0,7.4,0.6339999999999999,True,True,False
14.689492225646973,forward_010,4.689492225646973,0.1,0.0,0.0,-0.11999138607461016,0.08617563181722002,-1.5271630954950384,0.18,0.96,5.76,0.9970000000000001,0.7047780156135559,0.0,0.034365929663181305,1.0,1.0,7.4,0.6339999999999999,True,True,False
14.709854125976562,forward_010,4.7098541259765625,0.1,0.0,0.0,-0.28907015736156083,-0.1908953869368798,-1.3057244466482578,1.05,0.2,8.75,0.614,0.740219235420227,0.0,0.03663404379040003,1.0,1.0,7.6,0.24000000000000002,True,True,False
14.730214834213257,forward_010,4.730214834213257,0.1,0.0,0.0,-0.20289452554434081,-0.210530341021816,-0.978475211899321,-0.02,-0.15,8.31,0.844,0.7927654981613159,0.0,0.031663939356803894,1.0,1.0,7.6,0.24000000000000002,True,True,False
14.75059700012207,forward_010,4.75059700012207,0.1,0.0,0.0,0.15162547876700738,-0.2879793265790644,0.32834006553143325,-0.09,0.02,7.98,0.9970000000000001,0.8243696093559265,0.0,0.08346590213477612,1.0,1.0,7.6,0.24000000000000002,True,True,False
14.771038055419922,forward_010,4.771038055419922,0.1,0.0,0.0,0.061086523819801536,-0.08399397025222712,0.5541420375081997,-0.35000000000000003,-0.64,7.2700000000000005,1.151,0.8056116700172424,0.0,0.06788870878517628,1.0,1.0,7.6,0.24000000000000002,True,True,False
14.791414976119995,forward_010,4.791414976119995,0.1,0.0,0.0,-0.015271630954950384,-0.031634092692397225,0.7232208087951503,-0.55,-0.9,8.16,1.381,0.7974640130996704,0.0,0.02802526205778122,1.0,1.0,7.6,0.24000000000000002,True,True,False
14.811869144439697,forward_010,4.811869144439697,0.1,0.0,0.0,-0.05999569303730508,0.017453292519943295,1.1388273369263,0.55,-0.77,9.290000000000001,1.918,0.7999762296676636,0.0,0.037848204374313354,1.0,1.0,7.6,0.24000000000000002,True,True,False
14.832343339920044,forward_010,4.832343339920044,0.1,0.0,0.0,-0.1810779098944117,0.2901609881440573,1.4202616788103857,-0.8300000000000001,0.8,8.98,2.071,0.6857569217681885,0.0,0.08790985122323036,1.0,1.0,7.6,0.24000000000000002,True,True,False
14.852721691131592,forward_010,4.852721691131592,0.1,0.0,0.0,-0.6730425928003133,0.13962634015954636,1.1235557059713497,-0.42,1.24,9.36,1.534,0.8226056694984436,0.0,0.0522950142621994,1.0,1.0,7.6,0.24000000000000002,True,True,False
14.8731689453125,forward_010,4.8731689453125,0.1,0.0,0.0,-1.2904528156933075,0.2530727415391778,0.8443030256522569,-0.76,3.0700000000000003,9.07,0.6899999999999998,0.8616885542869568,0.0,0.030562661588191986,1.0,1.0,7.6,0.24000000000000002,True,True,False
14.893544912338257,forward_010,4.893544912338257,0.1,0.0,0.0,-1.351539339513109,0.3817907738737596,0.5988660995905544,-0.76,3.0700000000000003,9.07,1.304,0.7495347261428833,0.0,0.02076366636902094,1.0,1.0,7.6,0.24000000000000002,True,True,False
14.913923978805542,forward_010,4.913923978805542,0.1,0.0,0.0,-1.0679233360640303,0.4134248665661568,0.5934119456780721,-0.76,3.0700000000000003,9.07,1.6110000000000002,0.7305368781089783,0.0,0.012881479226052761,1.0,1.0,7.5,0.42100000000000004,True,True,False
14.934293746948242,forward_010,4.934293746948242,0.1,0.0,0.0,-0.7548549014875475,0.4723297288209654,0.8181230868723419,-0.76,3.0700000000000003,9.07,1.995,0.6900094151496887,0.0,0.026772286742925644,0.0,1.0,7.5,0.42100000000000004,True,True,False
14.954673767089844,forward_010,4.954673767089844,0.1,0.0,0.0,-0.18435040224190105,0.24216443371421323,0.46469391334349025,-0.76,3.0700000000000003,9.07,1.688,0.6855369210243225,0.0,0.02950981678441167,0.0,1.0,7.5,0.42100000000000004,True,True,False
14.975102663040161,forward_010,4.975102663040161,0.1,0.0,0.0,0.032724923474893676,0.28361600344907856,0.12871803233458182,0.79,-2.54,5.87,1.151,0.7228572368621826,0.0,0.03853745851665735,0.0,1.0,7.5,0.42100000000000004,True,True,False
14.995485067367554,forward_010,4.995485067367554,0.1,0.0,0.0,0.1189005552921137,0.030543261909900768,0.031634092692397225,-1.22,-0.9400000000000001,8.13,0.767,0.6868641376495361,0.0,0.04897347651422024,0.0,1.0,7.5,0.42100000000000004,True,True,False
15.015855312347412,forward_010,5.015855312347412,0.1,0.0,0.0,0.23234695667174513,0.03490658503988659,-0.23889194136672387,-2.19,-3.2800000000000002,7.78,0.767,0.5924149751663208,0.0,0.058000627905130386,0.0,1.0,7.5,0.42100000000000004,True,True,False
15.03623104095459,forward_010,5.03623104095459,0.1,0.0,0.0,0.3741549583962844,-0.04690572364734761,-0.19198621771937624,-1.54,-2.3000000000000003,7.45,1.074,0.6063347458839417,0.0,0.06035755202174187,0.0,1.0,7.5,0.42100000000000004,True,True,False
15.056621074676514,forward_010,5.056621074676514,0.1,0.0,0.0,0.49414634447089456,0.014180800172453928,-0.002181661564992912,-1.72,-2.71,8.56,1.381,0.7520554065704346,0.0,0.10259875282645226,0.0,1.0,7.5,0.42100000000000004,True,True,False
15.076991081237793,forward_010,5.076991081237793,0.1,0.0,0.0,0.29670597283903605,-0.11017390903214205,-0.013089969389957472,-1.12,-3.39,8.03,1.765,0.7606707811355591,0.0,0.032418571412563324,0.0,1.0,7.5,0.42100000000000004,True,True,False
15.09735894203186,forward_010,5.09735894203186,0.1,0.0,0.0,0.17998707911191522,-0.29343348049154666,-0.1461713248545251,-1.79,-3.35,9.05,1.918,0.7202070951461792,0.0,0.07269217818975449,1.0,1.0,7.5,0.42100000000000004,True,True,False
15.117862939834595,forward_010,5.117862939834595,0.1,0.0,0.0,0.30325095753401476,-0.30325095753401476,0.018544123302439753,-2.5100000000000002,-3.19,8.540000000000001,1.688,0.8573999404907227,0.0,0.043608096428215504,1.0,1.0,7.4,1.215,True,True,False
15.13822865486145,forward_010,5.13822865486145,0.1,0.0,0.0,0.8083056098298739,-0.3174317577064687,0.2007128639793479,-1.31,-2.31,7.9,0.614,0.8732378482818604,0.0,0.025802090764045715,1.0,1.0,7.4,1.215,True,True,False
15.158638000488281,forward_010,5.158638000488281,0.1,0.0,0.0,1.004655150679236,-0.44178646691106466,-0.28688849579656794,-1.31,-2.31,7.9,0.9210000000000002,0.9185179471969604,0.0,0.03420419618487358,1.0,1.0,7.4,1.215,True,True,False
15.179018020629883,forward_010,5.179018020629883,0.1,0.0,0.0,0.6141377305455047,-0.11562806294462433,-0.6021385919380436,-1.31,-2.31,7.9,1.074,0.9157854914665222,0.0,0.018382474780082703,1.0,1.0,7.4,1.215,True,True,False
15.199402093887329,forward_010,5.199402093887329,0.1,0.0,0.0,0.30870511144649704,0.10362892433716332,-1.1235557059713497,-1.31,-2.31,7.9,1.227,0.8718759417533875,0.0,0.019668324384838343,1.0,1.0,7.4,1.215,True,True,False
15.219767093658447,forward_010,5.219767093658447,0.1,0.0,0.0,0.2585268954516601,0.01090830782496456,-1.7376934365168544,0.19,1.85,9.4,1.458,0.7304973602294922,0.0,0.02554505132138729,1.0,1.0,7.4,1.215,True,True,False
15.240212202072144,forward_010,5.2402122020721436,0.1,0.0,0.0,-0.014180800172453928,0.19198621771937624,-1.6286103582672087,-0.43,-0.27,6.13,1.151,0.7172113060951233,0.0,0.047589026391506195,1.0,1.0,7.4,1.215,True,True,False
15.26066517829895,forward_010,5.26066517829895,0.1,0.0,0.0,-0.009817477042468103,-0.2825251726665821,-1.0013826583317467,2.25,0.55,9.17,0.844,0.7767086625099182,0.0,0.05079331062734127,1.0,1.0,7.4,1.215,True,True,False
15.281039237976074,forward_010,5.281039237976074,0.1,0.0,0.0,0.18216874067690814,-0.1538071403320003,-0.2650718801466388,0.24,-0.8,8.34,0.6899999999999998,0.7100306153297424,0.0,0.06709862872958183,1.0,1.0,7.4,1.215,True,True,False
15.301425457000732,forward_010,5.301425457000732,0.1,0.0,0.0,0.1636246173744684,-0.1832595714594046,0.4046982203061852,-0.9400000000000001,0.23,8.1,0.9210000000000002,0.8180126547813416,0.0,0.09671418368816376,1.0,1.0,7.4,1.215,True,True,False
15.321789026260376,forward_010,5.321789026260376,0.1,0.0,0.0,0.07526732399225546,-0.039269908169872414,0.65558930028037,-1.1300000000000001,-0.05,6.890000000000001,0.9210000000000002,0.8316547274589539,0.0,0.059773245360702276,1.0,1.0,7.5,0.644,True,True,False
15.342854261398315,forward_010,5.342854261398315,0.1,0.0,0.0,0.007635815477475192,0.008726646259971648,0.8181230868723419,-0.05,0.14,8.96,1.458,0.8023519515991211,0.0,0.036621637642383575,1.0,1.0,7.5,0.644,True,True,False
15.36323595046997,forward_010,5.363235950469971,0.1,0.0,0.0,-0.06654067773228381,0.32506757318394386,1.00029182754925,-0.05,0.14,8.96,2.071,0.8093230128288269,0.0,0.05606304854154587,1.0,1.0,7.5,0.644,True,True,False
15.383609771728516,forward_010,5.383609771728516,0.1,0.0,0.0,-0.24652775684419906,0.41996985126113556,1.0951941056264418,-2.24,1.49,8.700000000000001,1.995,0.6816409230232239,0.0,0.08838791213929653,1.0,1.0,7.5,0.644,True,True,False
15.403979778289795,forward_010,5.403979778289795,0.1,0.0,0.0,-0.6305001922829515,0.3337942194439155,0.6163193921104976,-0.86,1.1300000000000001,6.13,1.227,0.8123342394828796,0.0,0.050283193588256836,1.0,1.0,7.5,0.644,True,True,False
15.42433786392212,forward_010,5.424337863922119,0.1,0.0,0.0,-1.126828198318839,0.18544123302439752,0.4232423436086249,-0.56,2.91,8.52,1.304,0.8527478575706482,0.0,0.022302303463220596,1.0,1.0,7.5,0.644,True,True,False
15.44471263885498,forward_010,5.4447126388549805,0.1,0.0,0.0,-1.2184579840485412,0.19744037163185854,0.3294308963139297,-0.56,2.91,8.52,1.381,0.7419549822807312,0.0,0.02332185721024871,1.0,1.0,7.5,0.644,True,True,False
15.46508502960205,forward_010,5.465085029602051,0.1,0.0,0.0,-0.9708393964218458,0.46796640569097964,0.5508695451607103,-0.56,2.91,8.52,1.381,0.7242478132247925,0.0,0.01323755457997322,1.0,1.0,7.5,0.644,True,True,False
15.485461950302124,forward_010,5.485461950302124,0.1,0.0,0.0,-0.7635815477475192,0.4636030825609938,0.605411084285533,-0.56,2.91,8.52,1.841,0.6904349327087402,0.0,0.026744067668914795,0.0,1.0,7.5,0.644,True,True,False
15.505824565887451,forward_010,5.505824565887451,0.1,0.0,0.0,-0.10362892433716332,0.24216443371421323,0.346884188833873,1.7,-2.13,6.5600000000000005,1.458,0.7101787328720093,0.0,0.04668654501438141,0.0,1.0,7.5,0.644,True,True,False
15.52620530128479,forward_010,5.52620530128479,0.1,0.0,0.0,0.08835729338221293,-0.2181661564992912,0.3436116964863836,-0.2,-1.3800000000000001,8.2,0.9970000000000001,0.7259629368782043,0.0,0.035344138741493225,0.0,1.0,7.6,0.519,True,True,False
15.54676079750061,forward_010,5.54676079750061,0.1,0.0,0.0,0.04363323129985824,-0.18216874067690814,0.04036073895236887,-3.5300000000000002,-2.15,8.22,0.614,0.8167321681976318,0.0,0.05483241006731987,0.0,1.0,7.6,0.519,True,True,False
15.567248821258545,forward_010,5.567248821258545,0.1,0.0,0.0,0.17671458676442586,-0.22143864884678055,-0.09490227807719166,-1.44,-2.39,9.26,0.307,0.6335076093673706,0.0,0.0622120201587677,0.0,1.0,7.6,0.519,True,True,False
15.58760929107666,forward_010,5.58760929107666,0.1,0.0,0.0,0.1712604328519436,-0.055632369907319255,-0.10471975511965978,-1.5,-3.73,7.4,0.6899999999999998,0.5774626135826111,0.0,0.061132512986660004,0.0,1.0,7.6,0.519,True,True,False
15.607971429824829,forward_010,5.607971429824829,0.1,0.0,0.0,0.15817046346198613,-0.20943951023931956,-0.10144726277217041,-0.79,-3.2,8.700000000000001,1.151,0.5934052467346191,0.0,0.06199324131011963,0.0,1.0,7.6,0.519,True,True,False
15.628355264663696,forward_010,5.628355264663696,0.1,0.0,0.0,0.18435040224190105,-0.32615840396644036,-0.004363323129985824,-1.8800000000000001,-3.4,9.22,1.458,0.7362724542617798,0.0,0.08373643457889557,0.0,1.0,7.6,0.519,True,True,False
15.648725032806396,forward_010,5.6487250328063965,0.1,0.0,0.0,0.3294308963139297,-0.2585268954516601,0.014180800172453928,-1.97,-2.2600000000000002,8.48,1.534,0.7965213060379028,0.0,0.024989046156406403,0.0,1.0,7.6,0.519,True,True,False
15.669159889221191,forward_010,5.669159889221191,0.1,0.0,0.0,0.6763150851478027,-0.35997415822383044,-0.17453292519943295,-1.46,-1.75,7.68,1.6110000000000002,0.8045677542686462,0.0,0.05615163780748844,1.0,1.0,7.6,0.519,True,True,False
15.689522504806519,forward_010,5.6895225048065186,0.1,0.0,0.0,1.0035643198967394,-0.31852258848896514,-0.2596177262341565,-1.46,-1.75,7.68,1.074,0.8932718634605408,0.0,0.032712263986468315,1.0,1.0,7.6,0.519,True,True,False
15.710007905960083,forward_010,5.710007905960083,0.1,0.0,0.0,0.779944009484966,-0.2977968036215325,-0.4363323129985824,-1.46,-1.75,7.68,0.844,0.9171544909477234,0.0,0.020326685160398483,1.0,1.0,7.6,0.519,True,True,False
15.730377674102783,forward_010,5.730377674102783,0.1,0.0,0.0,0.32834006553143325,-0.020725784867432664,-0.8792096106921435,-1.46,-1.75,7.68,0.844,0.9224175810813904,0.0,0.02303774654865265,1.0,1.0,7.5,0.5700000000000001,True,True,False
15.750750064849854,forward_010,5.7507500648498535,0.1,0.0,0.0,0.22907446432425577,0.006544984694978736,-1.1126473981463851,-1.46,-1.75,7.68,1.304,0.8970323204994202,0.0,0.013240355998277664,1.0,1.0,7.5,0.5700000000000001,True,True,False
15.771296501159668,forward_010,5.771296501159668,0.1,0.0,0.0,0.21925698728178766,0.04036073895236887,-1.08646745936647,-0.33,1.33,7.61,1.381,0.7423883676528931,0.0,0.02974974364042282,1.0,1.0,7.5,0.5700000000000001,True,True,False
15.791672229766846,forward_010,5.791672229766846,0.1,0.0,0.0,0.11017390903214205,-0.16144295580947549,-0.8519388411297321,0.97,-0.34,9.13,1.151,0.6978951096534729,0.0,0.029785465449094772,1.0,1.0,7.5,0.5700000000000001,True,True,False
15.812051057815552,forward_010,5.812051057815552,0.1,0.0,0.0,0.16580627893946132,-0.06435901616729091,-0.2301652951067522,0.38,-0.09,7.91,0.614,0.7141794562339783,0.0,0.047715336084365845,1.0,1.0,7.5,0.5700000000000001,True,True,False
15.832429647445679,forward_010,5.832429647445679,0.1,0.0,0.0,0.16689710972195776,-0.07744898555724837,0.28034351110158917,-0.07,-0.29,7.43,0.537,0.7706506848335266,0.0,0.06134562427178025,1.0,1.0,7.5,0.5700000000000001,True,True,False
15.85280728340149,forward_010,5.852807283401489,0.1,0.0,0.0,0.026179938779914945,-0.006544984694978736,0.5301437602932776,-0.23,-0.07,7.67,0.6899999999999998,0.8488155603408813,0.0,0.06366439536213875,1.0,1.0,7.5,0.5700000000000001,True,True,False
15.87317943572998,forward_010,5.8731794357299805,0.1,0.0,0.0,-0.08399397025222712,0.1712604328519436,0.7254024703601433,-1.18,0.1,9.58,0.9210000000000002,0.6614565253257751,0.0,0.0710921585559845,1.0,1.0,7.5,0.5700000000000001,True,True,False
15.893553495407104,forward_010,5.8935534954071045,0.1,0.0,0.0,-0.2007128639793479,0.10471975511965978,0.9424777960769379,-1.18,0.1,9.58,1.458,0.76509690284729,0.0,0.05364641174674034,1.0,1.0,7.5,0.5700000000000001,True,True,False
15.913934469223022,forward_010,5.9139344692230225,0.1,0.0,0.0,-0.4286964975211072,0.1930770485018727,0.681769239060285,-1.2,1.9100000000000001,6.29,1.6110000000000002,0.7140019536018372,0.0,0.04674132168292999,1.0,1.0,7.5,0.5700000000000001,True,True,False
15.934303998947144,forward_010,5.9343039989471436,0.1,0.0,0.0,-0.6784967467127956,-0.014180800172453928,0.11017390903214205,-1.17,0.55,7.5,1.841,0.8113653063774109,0.0,0.08055989444255829,1.0,0.0,7.6,0.395,True,True,False
15.954670429229736,forward_010,5.954670429229736,0.1,0.0,0.0,-0.6784967467127956,-0.014180800172453928,0.11017390903214205,-1.8,2.9,8.27,1.304,0.8837640285491943,0.0,0.03742605447769165,1.0,0.0,7.6,0.395,True,True,False
15.975047826766968,forward_010,5.975047826766968,0.1,0.0,0.0,-1.0177451200691934,0.10690141668465268,0.002181661564992912,-1.8,2.9,8.27,1.227,0.8312923908233643,0.0,0.028918910771608353,1.0,1.0,7.6,0.395,True,True,False
15.995482921600342,forward_010,5.995482921600342,0.1,0.0,0.0,-0.8519388411297321,0.0818123086872342,0.22471114119426994,-1.8,2.9,8.27,1.074,0.741124153137207,0.0,0.019702723249793053,1.0,1.0,7.6,0.395,True,True,False
16.015843391418457,forward_010,6.015843391418457,0.1,0.0,0.0,-0.681769239060285,0.23561944901923448,0.32070425005395803,-1.8,2.9,8.27,1.227,0.741072416305542,0.0,0.040045487927272916,0.0,1.0,7.6,0.395,True,True,False
16.036212921142578,forward_010,6.036212921142578,0.1,0.0,0.0,-0.08617563181722002,0.18762289458939044,0.5508695451607103,-1.8,2.9,8.27,1.304,0.7152461409568787,0.0,0.0204789862036705,0.0,1.0,7.6,0.395,True,True,False
16.05658745765686,forward_010,6.05658745765686,0.1,0.0,0.0,0.09272061651219876,0.10799224746714914,0.38724492778624187,-0.1,-2.13,5.36,1.227,0.7429793477058411,0.0,0.023549817968159914,0.0,1.0,7.6,0.395,True,True,False
16.076963901519775,forward_010,6.076963901519775,0.1,0.0,0.0,0.061086523819801536,-0.01090830782496456,0.19744037163185854,-1.1,-3.3200000000000003,5.94,0.767,0.7405559420585632,0.0,0.05105558782815933,0.0,1.0,7.6,0.395,True,True,False
16.09747290611267,forward_010,6.097472906112671,0.1,0.0,0.0,0.11017390903214205,-0.07853981633974483,0.07526732399225546,-1.1,-3.3200000000000003,5.94,0.46,0.6776408553123474,0.0,0.04948589578270912,0.0,1.0,7.6,0.395,True,True,False
16.11786675453186,forward_010,6.11786675453186,0.1,0.0,0.0,0.15926129424448257,0.037088246604879506,0.13199052468207118,-1.6,-4.64,9.51,0.307,0.6753627061843872,0.0,0.05669960379600525,0.0,1.0,7.6,0.395,True,True,False
16.138234615325928,forward_010,6.138234615325928,0.1,0.0,0.0,0.05235987755982989,0.007635815477475192,0.24216443371421323,-1.28,-2.45,6.7,0.9210000000000002,0.604993999004364,0.0,0.026793858036398888,0.0,1.0,7.3,0.8380000000000002,True,True,False
16.1586012840271,forward_010,6.1586012840271,0.1,0.0,0.0,0.03599741582238305,-0.2912518189265537,0.07526732399225546,-1.71,-2.96,8.34,1.304,0.5903846025466919,0.0,0.027599880006164312,0.0,1.0,7.3,0.8380000000000002,True,True,False
16.17896866798401,forward_010,6.178968667984009,0.1,0.0,0.0,0.15707963267948966,-0.19853120241435498,0.10799224746714914,-1.7,-2.2800000000000002,8.74,1.458,0.6329854130744934,0.0,0.059836048632860184,0.0,1.0,7.3,0.8380000000000002,True,True,False
16.199331045150757,forward_010,6.199331045150757,0.1,0.0,0.0,0.5017821599483697,-0.2792526803190927,0.11999138607461016,-1.43,-2.23,7.49,1.6110000000000002,0.6692932844161987,0.0,0.040949170012027025,1.0,1.0,7.3,0.8380000000000002,True,True,False
16.219825744628906,forward_010,6.219825744628906,0.1,0.0,0.0,0.980656873464314,-0.4068798818711781,0.05672320068981571,-1.43,-2.23,7.49,1.227,0.8055513501167297,0.0,0.031245607882738113,1.0,1.0,7.3,0.8380000000000002,True,True,False
16.240190982818604,forward_010,6.2401909828186035,0.1,0.0,0.0,1.074468320759009,-0.3763366199612773,-0.1712604328519436,-1.43,-2.23,7.49,0.9210000000000002,0.8656372427940369,0.0,0.02469346672296524,1.0,1.0,7.3,0.8380000000000002,True,True,False
16.260560989379883,forward_010,6.260560989379883,0.1,0.0,0.0,0.6392268385429232,-0.27052603405912107,-0.46796640569097964,-1.43,-2.23,7.49,0.9210000000000002,0.918282687664032,0.0,0.029573123902082443,1.0,1.0,7.3,0.8380000000000002,True,True,False
16.281057596206665,forward_010,6.281057596206665,0.1,0.0,0.0,0.17671458676442586,0.16253378659197193,-0.9206611804270088,-1.43,-2.23,7.49,0.9210000000000002,0.905894935131073,0.0,0.022517941892147064,1.0,1.0,7.3,0.8380000000000002,True,True,False
16.30142378807068,forward_010,6.301423788070679,0.1,0.0,0.0,0.14726215563702155,0.1930770485018727,-1.1671889372712079,-1.43,-2.23,7.49,1.227,0.8741604089736938,0.0,0.014867454767227171,1.0,1.0,7.3,0.8380000000000002,True,True,False
16.32190990447998,forward_010,6.3219099044799805,0.1,0.0,0.0,0.1461713248545251,0.22689280275926285,-1.1944597068336194,-0.15,1.55,8.0,1.227,0.7093014121055603,0.0,0.028916718438267708,1.0,1.0,7.3,0.8380000000000002,True,True,False
16.34227156639099,forward_010,6.342271566390991,0.1,0.0,0.0,0.06435901616729091,0.15489797111449674,-0.8933904108645975,1.37,1.79,9.47,0.844,0.674213171005249,0.0,0.027892209589481354,1.0,1.0,7.6,0.331,True,True,False
16.363682508468628,forward_010,6.363682508468628,0.1,0.0,0.0,0.06435901616729091,0.15489797111449674,-0.8933904108645975,1.37,1.79,9.47,0.614,0.6727535724639893,0.0,0.02623489312827587,1.0,1.0,7.6,0.331,True,True,False
16.38411045074463,forward_010,6.384110450744629,0.1,0.0,0.0,0.27052603405912107,0.05999569303730508,-0.2399827721492203,0.56,-0.14,9.19,0.614,0.5424244403839111,0.0,0.10185551270842552,1.0,1.0,7.6,0.331,True,True,False
16.40448784828186,forward_010,6.40448784828186,0.1,0.0,0.0,0.13744467859455345,-0.008726646259971648,0.2083486794568231,-0.49,-0.52,6.8,0.844,0.7563982009887695,0.0,0.1334896981716156,1.0,1.0,7.6,0.331,True,True,False
16.424953937530518,forward_010,6.424953937530518,0.1,0.0,0.0,-0.02181661564992912,-0.09053895494720585,0.39924406639370286,-0.72,-0.67,8.21,0.9970000000000001,0.8105617761611938,0.0,0.07333256839774549,1.0,1.0,7.6,0.331,True,True,False
16.445337057113647,forward_010,6.4453370571136475,0.1,0.0,0.0,-0.05126904677733343,0.11235557059713497,0.6544984694978736,-1.5,-0.27,8.56,1.381,0.7301696538925171,0.0,0.04862357676029205,1.0,1.0,7.6,0.331,True,True,False
16.465707302093506,forward_010,6.465707302093506,0.1,0.0,0.0,-0.15489797111449674,0.044724062082354694,0.8901179185171081,-1.5,-0.27,8.56,1.765,0.7161881327629089,0.0,0.04040020704269409,1.0,1.0,7.6,0.331,True,True,False
16.486100435256958,forward_010,6.486100435256958,0.1,0.0,0.0,-0.3741549583962844,0.3425208657038872,0.5563236990731926,-2.25,1.1300000000000001,6.87,1.841,0.66932612657547,0.0,0.07293735072016716,1.0,1.0,7.6,0.331,True,True,False
16.50646948814392,forward_010,6.506469488143921,0.1,0.0,0.0,-0.6414085001079161,0.06981317007977318,0.18216874067690814,1.3,0.51,5.37,1.381,0.7894430160522461,0.0,0.06375271640717983,1.0,1.0,7.6,0.331,True,True,False
16.52683424949646,forward_010,6.52683424949646,0.1,0.0,0.0,-0.8748462875621577,0.2007128639793479,0.40251655874119224,-1.8,1.3900000000000001,6.5600000000000005,0.767,0.8244171142578125,0.0,0.023254776373505592,1.0,1.0,7.6,0.331,True,True,False
16.547208309173584,forward_010,6.547208309173584,0.1,0.0,0.0,-1.1333731830138178,0.12435470920459599,0.2301652951067522,-1.8,1.3900000000000001,6.5600000000000005,1.381,0.7624937891960144,0.0,0.02167711965739727,1.0,1.0,7.5,0.68,True,True,False
16.567580223083496,forward_010,6.567580223083496,0.1,0.0,0.0,-0.9413869652944415,0.1461713248545251,0.38288160465625604,-1.02,1.61,9.28,1.304,0.7279654741287231,0.0,0.016595561057329178,1.0,1.0,7.5,0.68,True,True,False
16.588019847869873,forward_010,6.588019847869873,0.1,0.0,0.0,-0.5792311455056182,0.2083486794568231,0.7254024703601433,-1.02,1.61,9.28,1.458,0.7335278987884521,0.0,0.030772103229537606,0.0,1.0,7.5,0.68,True,True,False
16.60851502418518,forward_010,6.608515024185181,0.1,0.0,0.0,-0.41233403578366035,0.11126473981463851,0.779944009484966,-1.02,1.61,9.28,1.227,0.7108274698257446,0.0,0.014181168749928474,0.0,1.0,7.5,0.68,True,True,False
16.629035711288452,forward_010,6.629035711288452,0.1,0.0,0.0,-0.08399397025222712,-0.15162547876700738,0.4046982203061852,0.97,-1.82,7.140000000000001,0.9970000000000001,0.7551785707473755,0.0,0.04154690448194742,0.0,1.0,7.5,0.68,True,True,False
16.64942502975464,forward_010,6.649425029754639,0.1,0.0,0.0,-0.02945243112740431,-0.18435040224190105,0.15489797111449674,-1.53,-1.61,6.99,0.844,0.7132121920585632,0.0,0.03657235950231552,0.0,1.0,7.5,0.68,True,True,False
16.669872999191284,forward_010,6.669872999191284,0.1,0.0,0.0,0.19525871006686563,-0.27707101875409984,0.05126904677733343,-2.33,-2.65,9.25,0.384,0.6996297240257263,0.0,0.08351624011993408,0.0,1.0,7.5,0.68,True,True,False
16.69025158882141,forward_010,6.690251588821411,0.1,0.0,0.0,0.2650718801466388,-0.02181661564992912,-0.08944812416470939,-1.44,-3.12,7.5600000000000005,1.074,0.6941016912460327,0.0,0.04910706728696823,0.0,1.0,7.5,0.68,True,True,False
16.710693836212158,forward_010,6.710693836212158,0.1,0.0,0.0,0.28688849579656794,0.18871372537188688,-0.061086523819801536,-0.22,-3.52,7.930000000000001,1.304,0.5750746130943298,0.0,0.03697362169623375,0.0,1.0,7.5,0.68,True,True,False
16.731231927871704,forward_010,6.731231927871704,0.1,0.0,0.0,0.22580197197676638,-0.032724923474893676,0.01090830782496456,0.02,-3.3000000000000003,8.01,1.534,0.6162310242652893,0.0,0.037707630544900894,0.0,1.0,7.5,0.68,True,True,False
16.751653909683228,forward_010,6.7516539096832275,0.1,0.0,0.0,0.24216443371421323,-0.15817046346198613,0.10144726277217041,0.02,-3.3000000000000003,8.01,1.534,0.6846917867660522,0.0,0.04995115101337433,1.0,1.0,7.5,0.5650000000000001,True,True,False
16.772024869918823,forward_010,6.772024869918823,0.1,0.0,0.0,0.4276056667386107,-0.1636246173744684,0.13526301702956053,-1.95,-3.37,9.120000000000001,1.304,0.7968130111694336,0.0,0.044755301205441356,1.0,1.0,7.5,0.5650000000000001,True,True,False
16.792405128479004,forward_010,6.792405128479004,0.1,0.0,0.0,0.7461282552275759,-0.07963064712224129,0.10035643198967395,-1.24,-0.26,8.06,0.9210000000000002,0.8261312246322632,0.0,0.026492576347664,1.0,1.0,7.5,0.5650000000000001,True,True,False
16.812785387039185,forward_010,6.812785387039185,0.1,0.0,0.0,0.6948592084502424,-0.23561944901923448,-0.34470252726888007,-1.24,-0.26,8.06,0.9210000000000002,0.915918231010437,0.0,0.03940290957689285,1.0,1.0,7.5,0.5650000000000001,True,True,False
16.8331515789032,forward_010,6.833151578903198,0.1,0.0,0.0,0.5115996369908379,-0.21271200258680892,-0.5203262832508095,-1.24,-0.26,8.06,0.9970000000000001,0.9198918342590332,0.0,0.02248181775212288,1.0,1.0,7.5,0.5650000000000001,True,True,False
16.853567600250244,forward_010,6.853567600250244,0.1,0.0,0.0,0.19416787928436915,0.10035643198967395,-0.9228428419920017,-1.24,-0.26,8.06,1.151,0.8691036105155945,0.0,0.016433235257864,1.0,1.0,7.5,0.5650000000000001,True,True,False
16.87394094467163,forward_010,6.873940944671631,0.1,0.0,0.0,0.29670597283903605,0.11671889372712078,-1.3722651243805417,-0.43,2.74,9.42,1.381,0.6813631057739258,0.0,0.030038483440876007,1.0,1.0,7.5,0.5650000000000001,True,True,False
16.894429922103882,forward_010,6.894429922103882,0.1,0.0,0.0,0.15817046346198613,0.09053895494720585,-1.2839078309983287,-0.56,0.73,7.24,1.227,0.6743035316467285,0.0,0.041282281279563904,1.0,1.0,7.5,0.5650000000000001,True,True,False
16.914799690246582,forward_010,6.914799690246582,0.1,0.0,0.0,0.1439896632895322,-0.0818123086872342,-0.8737554567796613,1.31,0.23,8.23,0.767,0.7017395496368408,0.0,0.035597581416368484,1.0,1.0,7.5,0.5650000000000001,True,True,False
16.93518590927124,forward_010,6.93518590927124,0.1,0.0,0.0,0.17998707911191522,-0.06654067773228381,-0.2814343418840856,1.08,-0.74,8.950000000000001,0.767,0.6226986050605774,0.0,0.14074212685227394,1.0,1.0,7.5,0.5650000000000001,True,True,False
16.95555591583252,forward_010,6.9555559158325195,0.1,0.0,0.0,0.12326387842209953,-0.04581489286485115,0.35561083509384467,-0.88,-0.97,7.46,0.844,0.7748355269432068,0.0,0.18045192956924438,1.0,1.0,7.3,1.221,True,True,False
16.975924491882324,forward_010,6.975924491882324,0.1,0.0,0.0,0.020725784867432664,-0.055632369907319255,0.6108652381980153,-0.86,-0.24,7.36,0.9970000000000001,0.8411611914634705,0.0,0.07479247078299522,1.0,1.0,7.3,1.221,True,True,False
16.99629783630371,forward_010,6.996297836303711,0.1,0.0,0.0,-0.04363323129985824,0.06435901616729091,0.7624907169650227,-0.87,0.2,9.36,1.074,0.7658496499061584,0.0,0.04535713791847229,1.0,1.0,7.3,1.221,True,True,False
17.016746759414673,forward_010,7.016746759414673,0.1,0.0,0.0,-0.21271200258680892,0.136353847812057,0.9261153343394911,-0.87,0.2,9.36,1.227,0.6813488006591797,0.0,0.04240601509809494,1.0,1.0,7.3,1.221,True,True,False
17.037119150161743,forward_010,7.037119150161743,0.1,0.0,0.0,-0.3785182815262702,0.34033920413889424,0.7494007475750653,-2.45,0.44,6.69,1.841,0.6681910753250122,0.0,0.06875965185463428,1.0,1.0,7.3,1.221,True,True,False
17.05748224258423,forward_010,7.0574822425842285,0.1,0.0,0.0,-0.6566801310628665,0.29888763440402893,0.4276056667386107,-0.2,1.05,4.23,1.841,0.7764304876327515,0.0,0.04305465146899223,1.0,1.0,7.3,1.221,True,True,False
17.077849864959717,forward_010,7.077849864959717,0.1,0.0,0.0,-0.9828385350293068,0.24107360293171676,0.4079707126536745,-1.3800000000000001,2.65,9.64,0.614,0.823020875453949,0.0,0.01853882148861885,1.0,1.0,7.3,1.221,True,True,False
17.098225831985474,forward_010,7.098225831985474,0.1,0.0,0.0,-1.399535893942953,0.0916297857297023,0.25089107997418486,-1.3800000000000001,2.65,9.64,0.9970000000000001,0.7400960326194763,0.0,0.026025721104815602,1.0,1.0,7.3,1.221,True,True,False
17.11868143081665,forward_010,7.11868143081665,0.1,0.0,0.0,-0.9697485656393493,0.2279836335417593,0.7995789635699022,-1.5,2.92,8.68,1.534,0.7389369606971741,0.0,0.01799992169253528,1.0,1.0,7.3,1.221,True,True,False
17.13912868499756,forward_010,7.139128684997559,0.1,0.0,0.0,-0.7014041931452212,0.22471114119426994,0.7363107781851078,-1.5,2.92,8.68,1.458,0.751822292804718,0.0,0.025551388040184975,0.0,1.0,7.3,1.221,True,True,False
17.159500122070312,forward_010,7.1595001220703125,0.1,0.0,0.0,-0.16798794050445423,0.07963064712224129,0.7024950239277177,-1.5,2.92,8.68,1.074,0.7400166988372803,0.0,0.020783663727343082,0.0,1.0,7.5,0.453,True,True,False
17.17986273765564,forward_010,7.17986273765564,0.1,0.0,0.0,0.037088246604879506,-0.11344640137963143,0.22471114119426994,0.8,-1.27,5.15,0.9210000000000002,0.7517892718315125,0.0,0.042798615992069244,0.0,1.0,7.5,0.453,True,True,False
17.200233936309814,forward_010,7.2002339363098145,0.1,0.0,0.0,0.08399397025222712,-0.25416357232167425,0.15162547876700738,-2.47,-1.1400000000000001,9.290000000000001,0.767,0.7888246178627014,0.0,0.044217780232429504,0.0,1.0,7.5,0.453,True,True,False
17.22060465812683,forward_010,7.220604658126831,0.1,0.0,0.0,0.3076142806640006,-0.31525009614147576,-0.2007128639793479,-2.47,-1.1400000000000001,9.290000000000001,0.6899999999999998,0.6920179724693298,0.0,0.060445685870945454,0.0,1.0,7.5,0.453,True,True,False
17.24103879928589,forward_010,7.241038799285889,0.1,0.0,0.0,0.42978732830360367,-0.08617563181722002,-0.3174317577064687,-0.61,-2.86,7.08,1.074,0.6092843413352966,0.0,0.07380496710538864,0.0,1.0,7.5,0.453,True,True,False
17.26148533821106,forward_010,7.26148533821106,0.1,0.0,0.0,0.4014257279586958,0.07090400086226964,0.02181661564992912,-0.35000000000000003,-3.08,7.8100000000000005,1.534,0.7039116024971008,0.0,0.05687607824802399,0.0,1.0,7.5,0.453,True,True,False
17.281854391098022,forward_010,7.2818543910980225,0.1,0.0,0.0,0.19198621771937624,-0.09381144729469522,0.04254240051736178,-0.2,-2.7800000000000002,9.24,1.841,0.6770491003990173,0.0,0.039018239825963974,0.0,1.0,7.5,0.453,True,True,False
17.302226781845093,forward_010,7.302226781845093,0.1,0.0,0.0,0.10362892433716332,-0.2879793265790644,-0.05890486225480862,-1.22,-3.49,9.74,1.918,0.7072785496711731,0.0,0.05531727150082588,1.0,1.0,7.5,0.453,True,True,False
17.32260775566101,forward_010,7.322607755661011,0.1,0.0,0.0,0.41015237421866746,-0.10253809355466686,0.09817477042468103,-2.05,-3.04,7.66,1.381,0.7986376285552979,0.0,0.0464684673352167,1.0,1.0,7.5,0.453,True,True,False
17.343065977096558,forward_010,7.343065977096558,0.1,0.0,0.0,0.815941425307349,-0.11344640137963143,0.21925698728178766,-0.72,-1.31,8.51,0.6899999999999998,0.8361462354660034,0.0,0.024238381534814835,1.0,1.0,7.5,0.453,True,True,False
17.363433599472046,forward_010,7.363433599472046,0.1,0.0,0.0,0.8737554567796613,-0.23671027980173096,-0.05345070834232634,-0.72,-1.31,8.51,0.9970000000000001,0.8960214257240295,0.0,0.02751217409968376,1.0,1.0,7.5,0.7669999999999999,True,True,False
17.384424686431885,forward_010,7.384424686431885,0.1,0.0,0.0,0.507236313860852,-0.10799224746714914,-0.5661411761156606,-0.72,-1.31,8.51,0.9970000000000001,0.9124193787574768,0.0,0.026834659278392792,1.0,1.0,7.5,0.7669999999999999,True,True,False
17.40494728088379,forward_010,7.404947280883789,0.1,0.0,0.0,0.30870511144649704,0.037088246604879506,-0.878118779909647,-0.72,-1.31,8.51,1.304,0.8687282204627991,0.0,0.015137952752411364,1.0,1.0,7.5,0.7669999999999999,True,True,False
17.425384044647217,forward_010,7.425384044647217,0.1,0.0,0.0,0.2530727415391778,0.12980886311707826,-1.3024519543007684,-0.31,1.04,8.120000000000001,1.227,0.6763898730278015,0.0,0.031038425862789154,1.0,1.0,7.5,0.7669999999999999,True,True,False
17.445836544036865,forward_010,7.445836544036865,0.1,0.0,0.0,0.019634954084936207,0.04908738521234052,-1.2162763224835484,-0.26,0.21,6.84,1.074,0.6744682192802429,0.0,0.03373517282307148,1.0,1.0,7.5,0.7669999999999999,True,True,False
17.46627378463745,forward_010,7.466273784637451,0.1,0.0,0.0,0.07090400086226964,-0.1439896632895322,-0.7657632093125121,1.44,0.13,9.27,0.6899999999999998,0.7114382982254028,0.0,0.05447327718138695,1.0,1.0,7.5,0.7669999999999999,True,True,False
17.486807107925415,forward_010,7.486807107925415,0.1,0.0,0.0,0.3239767424014474,-0.04908738521234052,0.09381144729469522,0.21,-0.37,9.1,0.767,0.5570971369743347,0.0,0.10702076740562916,1.0,1.0,7.5,0.7669999999999999,True,True,False
17.507209539413452,forward_010,7.507209539413452,0.1,0.0,0.0,0.11780972450961724,-0.11453723216212788,0.5890486225480862,-0.45,0.64,7.0,0.844,0.8410613536834717,0.0,0.11705020815134048,1.0,1.0,7.5,0.7669999999999999,True,True,False
17.527730226516724,forward_010,7.527730226516724,0.1,0.0,0.0,0.025089107997418487,-0.06654067773228381,0.6992225315802283,-0.68,0.32,9.47,0.767,0.8319107294082642,0.0,0.07400614582002163,1.0,1.0,7.5,0.7669999999999999,True,True,False
17.548105478286743,forward_010,7.548105478286743,0.1,0.0,0.0,-0.04799655442984406,0.09272061651219876,0.8224864100023278,-0.68,0.32,9.47,1.151,0.7608333826065063,0.0,0.04962540417909622,1.0,1.0,7.5,0.7669999999999999,True,True,False
17.568485498428345,forward_010,7.568485498428345,0.1,0.0,0.0,-0.21271200258680892,0.4537856055185257,0.9086620418195478,-3.16,1.56,8.94,1.765,0.7891337275505066,0.0,0.04887082614004612,1.0,1.0,7.7,0.18,True,True,False
17.588991403579712,forward_010,7.588991403579712,0.1,0.0,0.0,-0.4276056667386107,0.4068798818711781,0.5410520681182421,-2.5300000000000002,0.12,8.22,2.071,0.651149570941925,0.0,0.08737963624298573,1.0,1.0,7.7,0.18,True,True,False
17.60937213897705,forward_010,7.609372138977051,0.1,0.0,0.0,-0.6523168079328807,0.2552544031041707,0.29343348049154666,0.16,1.49,4.57,1.534,0.8017396330833435,0.0,0.07606036402285099,1.0,1.0,7.7,0.18,True,True,False
17.6297447681427,forward_010,7.6297447681427,0.1,0.0,0.0,-0.9730210579868387,0.1189005552921137,0.24107360293171676,0.16,1.49,4.57,1.458,0.8135204911231995,0.0,0.01809653639793396,1.0,1.0,7.7,0.18,True,True,False
17.650177717208862,forward_010,7.650177717208862,0.1,0.0,0.0,-1.2020955223110945,-0.02181661564992912,0.24216443371421323,0.16,1.49,4.57,1.151,0.7490336894989014,0.0,0.015429678373038769,1.0,1.0,7.7,0.18,True,True,False
17.67055654525757,forward_010,7.670556545257568,0.1,0.0,0.0,-1.038470904936626,0.30870511144649704,0.46796640569097964,-1.61,-0.6900000000000001,8.39,1.074,0.7717196345329285,0.0,0.05542773986235261,0.0,1.0,7.7,0.18,True,True,False
17.690943002700806,forward_010,7.690943002700806,0.1,0.0,0.0,-0.6610434541928523,0.18544123302439752,0.7766715171374766,-1.61,-0.6900000000000001,8.39,1.458,0.7235293984413147,0.0,0.017335131764411926,0.0,1.0,7.7,0.18,True,True,False
17.71132802963257,forward_010,7.711328029632568,0.1,0.0,0.0,-0.17998707911191522,0.2181661564992912,1.0821041362364843,1.96,-0.91,9.39,1.151,0.7111077904701233,0.0,0.04814998060464859,0.0,1.0,7.7,0.18,True,True,False
17.73182725906372,forward_010,7.731827259063721,0.1,0.0,0.0,-0.04908738521234052,-0.08726646259971647,0.3108867730114899,0.66,-1.6300000000000001,5.3100000000000005,0.844,0.731865406036377,0.0,0.04406363517045975,0.0,1.0,7.7,0.18,True,True,False
17.75221300125122,forward_010,7.752213001251221,0.1,0.0,0.0,-0.08835729338221293,-0.09490227807719166,0.21162117180431245,-2.12,-1.12,8.23,0.46,0.7815821170806885,0.0,0.03357100486755371,0.0,1.0,7.7,0.18,True,True,False
17.772590160369873,forward_010,7.772590160369873,0.1,0.0,0.0,0.11126473981463851,-0.272707695624114,-0.12871803233458182,-1.5,-3.8200000000000003,9.790000000000001,0.6899999999999998,0.6432909965515137,0.0,0.049216050654649734,0.0,1.0,7.5,0.544,True,True,False
17.79296064376831,forward_010,7.7929606437683105,0.1,0.0,0.0,0.39924406639370286,0.025089107997418487,-0.2301652951067522,-1.77,-2.61,7.9,1.227,0.5189957022666931,0.0,0.06304508075118065,0.0,1.0,7.5,0.544,True,True,False
17.81341004371643,forward_010,7.813410043716431,0.1,0.0,0.0,0.2792526803190927,-0.06435901616729091,-0.12544553998709243,-0.96,-3.72,7.65,1.6110000000000002,0.6439337134361267,0.0,0.03167112963274121,0.0,1.0,7.5,0.544,True,True,False
17.83379602432251,forward_010,7.83379602432251,0.1,0.0,0.0,0.2530727415391778,-0.17016960206944712,-0.011999138607461015,-1.2,-2.14,7.83,1.765,0.7122231721878052,0.0,0.05152514576911926,0.0,1.0,7.5,0.544,True,True,False
17.854178190231323,forward_010,7.854178190231323,0.1,0.0,0.0,0.3436116964863836,-0.23889194136672387,0.0272707695624114,-1.2,-2.14,7.83,1.6110000000000002,0.6914681792259216,0.0,0.04861751198768616,1.0,1.0,7.5,0.544,True,True,False
17.87475824356079,forward_010,7.874758243560791,0.1,0.0,0.0,0.619591884457987,-0.1930770485018727,-0.00545415391248228,-2.49,-2.13,8.49,1.381,0.8136342763900757,0.0,0.04614833928644657,1.0,1.0,7.5,0.544,True,True,False
17.8980131149292,forward_010,7.898013114929199,0.1,0.0,0.0,0.7690357016600015,-0.36324665057131983,-0.09708393964218458,-0.07,-1.25,7.99,0.767,0.8783770799636841,0.0,0.02752670831978321,1.0,1.0,7.5,0.544,True,True,False
17.91838788986206,forward_010,7.9183878898620605,0.1,0.0,0.0,0.6872233929727672,-0.27052603405912107,-0.31525009614147576,0.05,-0.32,9.35,0.844,0.9118669033050537,0.0,0.026079080998897552,1.0,1.0,7.5,0.544,True,True,False
17.938815593719482,forward_010,7.938815593719482,0.1,0.0,0.0,0.5115996369908379,-0.14289883250703572,-0.5705044992456465,0.05,-0.32,9.35,1.074,0.91853266954422,0.0,0.021274864673614502,1.0,1.0,7.5,0.544,True,True,False
17.959197759628296,forward_010,7.959197759628296,0.1,0.0,0.0,0.2923426497090502,-0.09599310885968812,-0.9719302272043423,0.05,-0.32,9.35,1.381,0.8975256085395813,0.0,0.017000381834805012,1.0,1.0,7.5,0.544,True,True,False
17.979576110839844,forward_010,7.979576110839844,0.1,0.0,0.0,0.21162117180431245,0.06217735460229799,-1.36353847812057,0.27,2.62,8.83,1.227,0.7292881011962891,0.0,0.030036745592951775,1.0,1.0,7.6,0.273,True,True,False
17.999945163726807,forward_010,7.999945163726807,0.1,0.0,0.0,-0.05345070834232634,0.13308135546456762,-1.279544507868343,-0.77,-0.01,6.36,0.9970000000000001,0.680803656578064,0.0,0.047987185418605804,1.0,1.0,7.6,0.273,True,True,False
18.02031445503235,stop_after_010,0.020314455032348633,0.0,0.0,0.0,0.014180800172453928,-0.23452861823673804,-0.7635815477475192,1.6500000000000001,0.09,8.92,0.614,0.7214469313621521,0.0,0.07390045002102852,1.0,1.0,7.6,0.273,True,True,False
18.040687084197998,stop_after_010,0.04068708419799805,0.0,0.0,0.0,0.23343778745424157,-0.1407171709420428,-0.019634954084936207,-0.22,-0.84,7.97,0.6899999999999998,0.7321010231971741,0.0,0.0450325645506382,1.0,1.0,7.6,0.273,True,True,False
18.061073541641235,stop_after_010,0.06107354164123535,0.0,0.0,0.0,0.08726646259971647,-0.15271630954950383,0.5737769915931359,-0.19,-0.02,7.69,0.9970000000000001,0.8915318250656128,0.0,0.061563145369291306,1.0,1.0,7.6,0.273,True,True,False
18.081448554992676,stop_after_010,0.08144855499267578,0.0,0.0,0.0,-0.04799655442984406,-0.10581058590215622,0.7886706557449377,-0.55,-0.26,7.32,1.381,0.9061295986175537,0.0,0.029878169298171997,1.0,1.0,7.6,0.273,True,True,False
18.101834774017334,stop_after_010,0.10183477401733398,0.0,0.0,0.0,-0.07417649320975901,-0.10799224746714914,0.9304786574694769,-0.41000000000000003,-0.31,8.88,1.841,0.8825121521949768,0.0,0.040635187178850174,1.0,1.0,7.6,0.273,True,True,False
18.12220335006714,stop_after_010,0.12220335006713867,0.0,0.0,0.0,-0.19853120241435498,0.15817046346198613,1.0188359508516898,-0.62,0.04,8.48,1.995,0.8287485837936401,0.0,0.061861385591328144,1.0,1.0,7.6,0.273,True,True,False
18.142576694488525,stop_after_010,0.1425766944885254,0.0,0.0,0.0,-0.4657847441259867,0.34579335805137656,0.9435686268594344,-1.85,0.61,8.2,1.534,0.7841614484786987,0.0,0.03820590954273939,1.0,1.0,7.6,0.273,True,True,False
18.163105010986328,stop_after_010,0.16310501098632812,0.0,0.0,0.0,-0.8028514559173916,0.17235126363444003,0.5672320068981571,-1.47,1.31,8.45,1.074,0.8030589818954468,0.0,0.02519410941749811,1.0,1.0,7.6,0.273,True,True,False
18.183573722839355,stop_after_010,0.18357372283935547,0.0,0.0,0.0,-1.028653427894158,0.14835298641951802,0.2596177262341565,-1.47,1.31,8.45,0.844,0.8051830530166626,0.0,0.026696547865867615,1.0,1.0,7.4,0.9990000000000001,True,True,False
18.203930616378784,stop_after_010,0.20393061637878418,0.0,0.0,0.0,-1.1595531217937327,0.14726215563702155,0.08072147790473774,-1.47,1.31,8.45,0.767,0.7776921391487122,0.0,0.01861534547060728,1.0,1.0,7.4,0.9990000000000001,True,True,False
18.22430920600891,stop_after_010,0.22430920600891113,0.0,0.0,0.0,-0.3196134192714616,-0.07744898555724837,0.35997415822383044,-1.47,1.31,8.45,1.381,0.7918238043785095,0.0,0.027575510554015636,1.0,1.0,7.4,0.9990000000000001,True,True,False
18.244768381118774,stop_after_010,0.24476838111877441,0.0,0.0,0.0,0.009817477042468103,-0.07417649320975901,0.025089107997418487,-0.86,-1.03,9.41,1.304,0.8188529014587402,0.0,0.011125944554805756,1.0,1.0,7.4,0.9990000000000001,True,True,False
18.265145778656006,stop_after_010,0.26514577865600586,0.0,0.0,0.0,0.015271630954950384,-0.18980455615438332,-0.20943951023931956,-1.1500000000000001,-1.27,8.63,0.9210000000000002,0.8088892102241516,0.0,0.01345578208565712,1.0,1.0,7.4,0.9990000000000001,True,True,False
18.285497188568115,stop_after_010,0.28549718856811523,0.0,0.0,0.0,0.08290313946973066,-0.09708393964218458,-0.1341721862470641,-0.99,-0.62,7.24,0.614,0.7787769436836243,0.0,0.02970327902585268,1.0,1.0,7.4,0.9990000000000001,True,True,False
18.305964469909668,stop_after_010,0.30596446990966797,0.0,0.0,0.0,0.13853550937704992,-0.14835298641951802,-0.1832595714594046,-0.09,-0.74,8.77,0.46,0.7285929322242737,0.0,0.05362342204898596,1.0,1.0,7.4,0.9990000000000001,True,True,False
18.32633113861084,stop_after_010,0.32633113861083984,0.0,0.0,0.0,0.08617563181722002,-0.1265363707695889,-0.23889194136672387,-0.43,-1.58,8.3,0.384,0.7638431191444397,0.0,0.04753357544541359,1.0,1.0,7.4,0.9990000000000001,True,True,False
18.346708297729492,stop_after_010,0.3467082977294922,0.0,0.0,0.0,0.016362461737446838,-0.24216443371421323,-0.136353847812057,0.04,-1.87,8.870000000000001,0.9210000000000002,0.8048233389854431,0.0,0.021908126771450043,1.0,1.0,7.4,0.9990000000000001,True,True,False
18.367162466049194,stop_after_010,0.36716246604919434,0.0,0.0,0.0,0.03599741582238305,-0.21598449493429828,0.044724062082354694,-0.1,-2.2600000000000002,9.3,1.381,0.8121240139007568,0.0,0.015168830752372742,1.0,1.0,7.4,0.9990000000000001,True,True,False
18.387520790100098,stop_after_010,0.38752079010009766,0.0,0.0,0.0,0.10144726277217041,-0.32615840396644036,0.09381144729469522,0.29,-2.64,8.88,1.534,0.8242489695549011,0.0,0.044937122613191605,1.0,1.0,7.7,0.188,True,True,False
18.408473014831543,stop_after_010,0.40847301483154297,0.0,0.0,0.0,0.28034351110158917,-0.3337942194439155,0.19962203319685143,-0.56,-2.96,7.890000000000001,1.534,0.8201320767402649,0.0,0.0653579905629158,1.0,1.0,7.7,0.188,True,True,False
18.42883610725403,stop_after_010,0.4288361072540283,0.0,0.0,0.0,0.519235452468313,-0.3839724354387525,0.4112432050011639,-0.4,-2.16,9.58,0.9970000000000001,0.8253679871559143,0.0,0.031804464757442474,1.0,1.0,7.7,0.188,True,True,False
18.449305295944214,stop_after_010,0.44930529594421387,0.0,0.0,0.0,0.5563236990731926,-0.23671027980173096,0.19416787928436915,-0.4,-2.16,9.58,0.537,0.8236867785453796,0.0,0.016707259928807616,1.0,1.0,7.7,0.188,True,True,False
18.469668865203857,stop_after_010,0.4696688652038574,0.0,0.0,0.0,0.45814892864851153,-0.10581058590215622,-0.2399827721492203,-0.4,-2.16,9.58,0.9210000000000002,0.769473135471344,0.0,0.017499249195680022,1.0,0.0,7.7,0.188,True,True,False
18.49003529548645,stop_after_010,0.4900352954864502,0.0,0.0,0.0,0.3076142806640006,0.061086523819801536,-0.5006913291658733,-0.4,-2.16,9.58,1.304,0.8510134220123291,0.0,0.019665181636810303,1.0,1.0,7.7,0.188,True,True,False
18.51040768623352,stop_after_010,0.5104076862335205,0.0,0.0,0.0,0.1734420944169365,0.028361600344907856,-0.5268712679457882,-0.4,-2.16,9.58,1.304,0.8375088572502136,0.0,0.012334376573562622,1.0,1.0,7.7,0.188,True,True,False
18.53084897994995,stop_after_010,0.5308489799499512,0.0,0.0,0.0,0.05126904677733343,0.003272492347489368,-0.6872233929727672,1.11,2.54,8.98,1.227,0.8641918301582336,0.0,0.02415383979678154,1.0,1.0,7.7,0.188,True,True,False
18.551218271255493,stop_after_010,0.5512182712554932,0.0,0.0,0.0,-0.1461713248545251,0.07744898555724837,-0.8617563181722002,0.08,-0.09,7.0,0.9970000000000001,0.8745733499526978,0.0,0.01443944126367569,1.0,1.0,7.7,0.188,True,True,False
18.571588039398193,stop_after_010,0.5715880393981934,0.0,0.0,0.0,-0.27052603405912107,-0.025089107997418487,-0.4821472058634335,0.42,1.37,8.15,0.384,0.7991888523101807,0.0,0.02047274261713028,1.0,1.0,7.7,0.188,True,True,False
18.59205651283264,stop_after_010,0.5920565128326416,0.0,0.0,0.0,-0.2617993877991494,0.05999569303730508,-0.20398535632683726,0.15,0.64,7.83,0.23,0.7870392203330994,0.0,0.027647588402032852,1.0,1.0,7.7,0.122,True,True,False
18.612412214279175,stop_after_010,0.6124122142791748,0.0,0.0,0.0,-0.3119776037939864,0.13853550937704992,0.00545415391248228,-0.31,-0.28,8.51,0.307,0.8116825222969055,0.0,0.06012175232172012,1.0,1.0,7.7,0.122,True,True,False
18.632779836654663,stop_after_010,0.6327798366546631,0.0,0.0,0.0,-0.36760997370130566,0.22689280275926285,0.4908738521234052,-0.31,-0.28,8.51,0.384,0.8984594941139221,0.0,0.05887544900178909,1.0,1.0,7.7,0.122,True,True,False
18.65316343307495,stop_after_010,0.6531634330749512,0.0,0.0,0.0,-0.4112432050011639,0.29888763440402893,0.7461282552275759,-0.8,-1.27,8.950000000000001,0.844,0.8774230480194092,0.0,0.035587601363658905,0.0,1.0,7.7,0.122,True,True,False
18.673638343811035,stop_after_010,0.6736383438110352,0.0,0.0,0.0,-0.4788747135159442,0.15162547876700738,0.7384924397501007,0.34,-1.3800000000000001,7.7700000000000005,0.9210000000000002,0.8984735608100891,0.0,0.044903382658958435,0.0,1.0,7.7,0.122,True,True,False
18.693998098373413,stop_after_010,0.6939980983734131,0.0,0.0,0.0,-0.5628686837681712,0.055632369907319255,0.48651052899341934,-0.9400000000000001,-1.9100000000000001,7.59,1.151,0.8369264006614685,0.0,0.05928376023075543,0.0,1.0,7.7,0.122,True,True,False
18.714368104934692,stop_after_010,0.7143681049346924,0.0,0.0,0.0,-0.5246896063807953,-0.055632369907319255,0.3621558197888234,-1.87,-1.67,9.71,0.9970000000000001,0.7515408396720886,0.0,0.027376881946111098,0.0,1.0,7.7,0.122,True,True,False
18.73479199409485,stop_after_010,0.7347919940948486,0.0,0.0,0.0,-0.2716168648416175,0.015271630954950384,0.16253378659197193,-1.59,-2.58,7.7700000000000005,0.767,0.8241696357727051,0.0,0.04756312258541584,1.0,1.0,7.7,0.122,True,True,False
18.755154609680176,stop_after_010,0.7551546096801758,0.0,0.0,0.0,0.08399397025222712,-0.2628902185816459,0.05345070834232634,-1.59,-2.58,7.7700000000000005,0.844,0.8114514350891113,0.0,0.028481781482696533,1.0,1.0,7.7,0.122,True,True,False
18.775519609451294,stop_after_010,0.775519609451294,0.0,0.0,0.0,0.3916082509162277,-0.3327033886614191,-0.1908953869368798,-1.59,-2.58,7.7700000000000005,0.9210000000000002,0.8179782629013062,0.0,0.013612449169158936,1.0,1.0,7.7,0.122,True,True,False
18.795875549316406,stop_after_010,0.7958755493164062,0.0,0.0,0.0,0.5094179754258449,-0.25089107997418486,-0.21380283336930536,-1.59,-2.58,7.7700000000000005,0.9970000000000001,0.7806805372238159,0.0,0.013661481440067291,1.0,1.0,7.6,0.115,True,True,False
18.816232204437256,stop_after_010,0.8162322044372559,0.0,0.0,0.0,0.5246896063807953,0.04036073895236887,-0.33161255787892263,-0.59,1.47,9.33,0.6899999999999998,0.6791794896125793,0.0,0.04446103796362877,1.0,1.0,7.6,0.115,True,True,False
18.836599588394165,stop_after_010,0.836599588394165,0.0,0.0,0.0,0.4526947747360292,-0.031634092692397225,-0.5399612373357457,-0.1,2.19,9.33,0.46,0.5761305093765259,0.0,0.046649021096527576,1.0,1.0,7.6,0.115,True,True,False
18.85695743560791,stop_after_010,0.8569574356079102,0.0,0.0,0.0,0.30543261909900765,0.07526732399225546,-0.6948592084502424,0.34,1.05,6.78,0.384,0.8175838589668274,0.0,0.07890988793224096,1.0,1.0,7.6,0.115,True,True,False
18.87731647491455,stop_after_010,0.8773164749145508,0.0,0.0,0.0,0.09599310885968812,0.050178215994836975,-0.6294093615004551,-0.1,0.0,7.69,0.767,0.8770837783813477,0.0,0.02473408728837967,1.0,1.0,7.6,0.115,True,True,False
18.898009538650513,stop_after_010,0.8980095386505127,0.0,0.0,0.0,0.09272061651219876,0.0916297857297023,-0.1341721862470641,-0.25,0.98,9.32,1.227,0.8854052424430847,0.0,0.017599456012248993,1.0,1.0,7.6,0.115,True,True,False
18.918562412261963,stop_after_010,0.9185624122619629,0.0,0.0,0.0,0.19744037163185854,0.10144726277217041,0.1538071403320003,-0.3,-1.16,7.0,1.6110000000000002,0.8379508256912231,0.0,0.032413752749562263,1.0,1.0,7.6,0.115,True,True,False
18.93900465965271,stop_after_010,0.93900465965271,0.0,0.0,0.0,0.27598018797160334,-0.17780541754692233,0.4603305902135044,0.17,-1.6,7.99,1.534,0.8337874412536621,0.0,0.050688158720731735,1.0,1.0,7.6,0.115,True,True,False
18.959365367889404,stop_after_010,0.9593653678894043,0.0,0.0,0.0,0.17671458676442586,-0.05235987755982989,0.8170322560898455,-1.09,-2.27,8.78,1.227,0.829926609992981,0.0,0.06665513664484024,1.0,1.0,7.6,0.115,True,True,False
18.979738235473633,stop_after_010,0.9797382354736328,0.0,0.0,0.0,0.09381144729469522,-0.05890486225480862,0.9512044423369096,-1.33,-1.94,9.0,0.537,0.8074625134468079,0.0,0.032678306102752686,1.0,1.0,7.6,0.115,True,True,False
19.000096797943115,stop_after_010,1.0000967979431152,0.0,0.0,0.0,0.19634954084936207,-0.2378011105842274,0.7014041931452212,-1.33,-1.94,9.0,0.844,0.8158166408538818,0.0,0.015521876513957977,1.0,1.0,7.4,0.7770000000000001,True,True,False
19.02046036720276,stop_after_010,1.0204603672027588,0.0,0.0,0.0,0.26398104936414235,-0.13744467859455345,0.24652775684419906,-1.33,-1.94,9.0,1.381,0.7804189920425415,0.0,0.009941093623638153,1.0,1.0,7.4,0.7770000000000001,True,True,False
19.040829181671143,stop_after_010,1.0408291816711426,0.0,0.0,0.0,0.09490227807719166,0.12108221685710661,-0.2617993877991494,-1.33,-1.94,9.0,1.458,0.8109997510910034,0.0,0.020695083308964968,1.0,1.0,7.4,0.7770000000000001,True,True,False
19.06129264831543,stop_after_010,1.0612926483154297,0.0,0.0,0.0,-0.07090400086226964,0.23889194136672387,-0.7788531787024695,0.1,2.82,8.65,1.227,0.8577181696891785,0.0,0.022057607769966125,1.0,1.0,7.4,0.7770000000000001,True,True,False
19.081661701202393,stop_after_010,1.0816617012023926,0.0,0.0,0.0,-0.1189005552921137,0.09817477042468103,-0.9850201965942997,0.45,2.17,8.33,0.9970000000000001,0.8550705909729004,0.0,0.015565559267997742,1.0,1.0,7.4,0.7770000000000001,True,True,False
19.102020740509033,stop_after_010,1.1020207405090332,0.0,0.0,0.0,-0.18653206380689397,0.21598449493429828,-1.0199267816341864,-0.19,0.0,7.17,0.9210000000000002,0.8098111152648926,0.0,0.017147816717624664,1.0,1.0,7.4,0.7770000000000001,True,True,False
19.12249994277954,stop_after_010,1.122499942779541,0.0,0.0,0.0,-0.284706834231575,0.2279836335417593,-0.7384924397501007,-0.18,0.81,7.57,0.307,0.7001211047172546,0.0,0.02501160465180874,1.0,1.0,7.4,0.7770000000000001,True,True,False
19.142956256866455,stop_after_010,1.142956256866455,0.0,0.0,0.0,-0.3523383427463553,0.22580197197676638,-0.4363323129985824,-1.03,-1.57,8.17,0.46,0.6139899492263794,0.0,0.04762135073542595,1.0,1.0,7.4,0.7770000000000001,True,True,False
19.163328170776367,stop_after_010,1.1633281707763672,0.0,0.0,0.0,-0.28034351110158917,0.32070425005395803,0.1189005552921137,-0.33,-2.4,8.88,0.614,0.49099600315093994,0.0,0.07651552662719041,1.0,1.0,7.4,0.7770000000000001,True,True,False
19.18380880355835,stop_after_010,1.1838088035583496,0.0,0.0,0.0,-0.20507618710933373,0.0719948316447661,0.729765793490129,-0.59,-2.46,9.24,0.9210000000000002,0.7919522523880005,0.0,0.11263319477438927,1.0,1.0,7.4,0.7770000000000001,True,True,False
19.204167366027832,stop_after_010,1.204167366027832,0.0,0.0,0.0,-0.30870511144649704,0.20616701789183017,1.0079276430267252,-1.21,-1.95,7.95,1.151,0.7796684503555298,0.0,0.06873400416225195,1.0,1.0,7.4,0.7400000000000001,True,True,False
19.224534273147583,stop_after_010,1.224534273147583,0.0,0.0,0.0,-0.38942658935123475,-0.06435901616729091,1.0973757671914346,-1.26,0.1,9.23,1.381,0.8195754289627075,0.0,0.06611893780063838,1.0,1.0,7.4,0.7400000000000001,True,True,False
19.244906425476074,stop_after_010,1.2449064254760742,0.0,0.0,0.0,-0.5661411761156606,-0.10362892433716332,0.4308781590861001,-1.7,-1.46,7.76,1.151,0.8342686891555786,0.0,0.05380273424088955,1.0,1.0,7.4,0.7400000000000001,True,True,False
19.26528239250183,stop_after_010,1.265282392501831,0.0,0.0,0.0,-0.5050546522958591,-0.11453723216212788,0.2476185876266955,-1.27,-0.14,7.03,0.9970000000000001,0.83523029088974,0.0,0.028879234334453933,1.0,1.0,7.4,0.7400000000000001,True,True,False
19.285643577575684,stop_after_010,1.2856435775756836,0.0,0.0,0.0,-0.25089107997418486,-0.20507618710933373,0.09926560120717749,-1.27,-0.14,7.03,0.9970000000000001,0.7948354482650757,0.0,0.01903886185027659,1.0,1.0,7.4,0.7400000000000001,True,True,False
19.306118488311768,stop_after_010,1.3061184883117676,0.0,0.0,0.0,-0.06981317007977318,-0.4036073895236887,-0.19962203319685143,-1.27,-0.14,7.03,1.074,0.8056589365005493,0.0,0.02284097671508789,1.0,1.0,7.4,0.7400000000000001,True,True,False
19.326496362686157,stop_after_010,1.3264963626861572,0.0,0.0,0.0,0.17671458676442586,-0.3687008044838021,-0.31306843457648287,-1.27,-0.14,7.03,0.9210000000000002,0.7983779907226562,0.0,0.009196393191814423,1.0,1.0,7.4,0.7400000000000001,True,True,False
19.346864938735962,stop_after_010,1.346864938735962,0.0,0.0,0.0,0.35561083509384467,0.10471975511965978,-0.3523383427463553,-1.26,0.99,8.85,0.844,0.7231760621070862,0.0,0.026451706886291504,1.0,1.0,7.4,0.7400000000000001,True,True,False
19.36724019050598,stop_after_010,1.3672401905059814,0.0,0.0,0.0,0.5410520681182421,-0.001090830782496456,-0.5770494839406252,-0.28,1.4000000000000001,9.64,0.614,0.6369006633758545,0.0,0.023471564054489136,1.0,1.0,7.4,0.7400000000000001,True,True,False
19.387606859207153,stop_after_010,1.3876068592071533,0.0,0.0,0.0,0.4799655442984406,0.025089107997418487,-0.6621342849753488,0.33,0.22,8.4,0.384,0.6309381723403931,0.0,0.04781975597143173,1.0,1.0,7.4,0.7400000000000001,True,True,False
19.408076286315918,stop_after_010,1.408076286315918,0.0,0.0,0.0,0.2792526803190927,0.20616701789183017,-0.5541420375081997,0.28,-0.15,7.73,0.384,0.7862963080406189,0.0,0.059745654463768005,1.0,1.0,7.7,0.25300000000000006,True,True,False
19.428669452667236,stop_after_010,1.4286694526672363,0.0,0.0,0.0,0.1407171709420428,0.18544123302439752,-0.13853550937704992,-0.51,-0.54,8.34,0.767,0.8313155770301819,0.0,0.04478868842124939,1.0,1.0,7.7,0.25300000000000006,True,True,False
19.449039697647095,stop_after_010,1.4490396976470947,0.0,0.0,0.0,0.09708393964218458,0.02181661564992912,0.22471114119426994,-0.51,-0.54,8.34,0.844,0.8428232669830322,0.0,0.03611588478088379,1.0,1.0,7.7,0.25300000000000006,True,True,False
19.46940851211548,stop_after_010,1.4694085121154785,0.0,0.0,0.0,0.05672320068981571,-0.08508480103472356,0.49414634447089456,-0.29,-2.47,8.4,1.304,0.8541488647460938,0.0,0.05327177606523037,0.0,1.0,7.7,0.25300000000000006,True,True,False
19.48987627029419,stop_after_010,1.4898762702941895,0.0,0.0,0.0,0.032724923474893676,-0.16689710972195776,0.8737554567796613,-0.54,-2.13,8.66,1.534,0.7655181884765625,0.0,0.040622249245643616,0.0,1.0,7.7,0.25300000000000006,True,True,False
19.51037359237671,stop_after_010,1.510373592376709,0.0,0.0,0.0,0.06872233929727672,-0.26070855701665296,0.9773843811168246,0.05,-1.82,8.41,1.074,0.737118124961853,0.0,0.0827336439397186,1.0,1.0,7.7,0.25300000000000006,True,True,False
19.530746698379517,stop_after_010,1.5307466983795166,0.0,0.0,0.0,0.25634523388666713,-0.41015237421866746,0.681769239060285,-0.37,-0.79,9.790000000000001,0.844,0.7729569673538208,0.0,0.02825970947742462,1.0,1.0,7.7,0.25300000000000006,True,True,False
19.55118465423584,stop_after_010,1.5511846542358398,0.0,0.0,0.0,0.6130468997630083,-0.23343778745424157,0.13308135546456762,-0.97,0.17,9.4,0.767,0.7778947353363037,0.0,0.023441437631845474,1.0,1.0,7.7,0.25300000000000006,True,True,False
19.571550130844116,stop_after_010,1.5715501308441162,0.0,0.0,0.0,0.779944009484966,-0.18871372537188688,-0.07744898555724837,-0.97,0.17,9.4,1.074,0.7470702528953552,0.0,0.015222206711769104,1.0,1.0,7.7,0.25300000000000006,True,True,False
19.591907262802124,stop_after_010,1.591907262802124,0.0,0.0,0.0,0.6337726846304409,0.421060682043632,-0.7613998861825263,-0.97,0.17,9.4,1.458,0.5932309031486511,0.0,0.06387946382164955,1.0,0.0,7.7,0.25300000000000006,True,True,False
19.612274169921875,stop_after_010,1.612274169921875,0.0,0.0,0.0,0.15162547876700738,0.09926560120717749,-1.0417433972841155,-0.97,0.17,9.4,1.381,0.7542538642883301,0.0,0.04499967768788338,1.0,1.0,7.6,0.233,True,True,False
19.632681846618652,stop_after_010,1.6326818466186523,0.0,0.0,0.0,-0.20616701789183017,-0.001090830782496456,-1.1071932442339028,0.73,2.42,7.32,1.227,0.7311699986457825,0.0,0.04387484071776271,1.0,1.0,7.6,0.233,True,True,False
19.653053760528564,stop_after_010,1.6530537605285645,0.0,0.0,0.0,-0.3981532356112064,0.17235126363444003,-1.0821041362364843,0.58,0.27,6.82,0.6899999999999998,0.7516966462135315,0.0,0.021973174065351486,1.0,1.0,7.6,0.233,True,True,False
19.67343044281006,stop_after_010,1.6734304428100586,0.0,0.0,0.0,-0.33161255787892263,0.04363323129985824,-0.5661411761156606,0.76,1.49,9.07,0.384,0.5047518610954285,0.0,0.12828369438648224,1.0,1.0,7.6,0.233,True,True,False
19.69379186630249,stop_after_010,1.6937918663024902,0.0,0.0,0.0,-0.07963064712224129,0.016362461737446838,-0.04363323129985824,-0.71,0.37,8.25,0.537,0.7321913242340088,0.0,0.12055869773030281,1.0,1.0,7.6,0.233,True,True,False
19.714261054992676,stop_after_010,1.7142610549926758,0.0,0.0,0.0,-0.17453292519943295,0.031634092692397225,0.4734205596034619,-0.14,-0.34,6.98,0.614,0.8957918286323547,0.0,0.0714546050876379,1.0,1.0,7.6,0.233,True,True,False
19.734641551971436,stop_after_010,1.7346415519714355,0.0,0.0,0.0,-0.34470252726888007,0.11671889372712078,0.6697701004528239,-0.6900000000000001,-0.93,9.25,1.074,0.863182008266449,0.0,0.07173564843833447,1.0,1.0,7.6,0.233,True,True,False
19.75501561164856,stop_after_010,1.7550156116485596,0.0,0.0,0.0,-0.3752457891787809,0.16689710972195776,1.0515608743265836,-0.5700000000000001,-0.74,9.56,1.688,0.888380229473114,0.0,0.05503769777715206,1.0,1.0,7.6,0.233,True,True,False
19.77541971206665,stop_after_010,1.7754197120666504,0.0,0.0,0.0,-0.4537856055185257,0.11126473981463851,0.842121364087264,-0.63,0.36,8.26,1.688,0.8448014259338379,0.0,0.025337415747344494,1.0,1.0,7.6,0.233,True,True,False
19.795791625976562,stop_after_010,1.7957916259765625,0.0,0.0,0.0,-0.6185010536754906,0.19634954084936207,0.4046982203061852,-1.8,-0.92,7.7700000000000005,0.9210000000000002,0.8425176739692688,0.0,0.03610765654593706,1.0,1.0,7.6,0.233,True,True,False
19.816154956817627,stop_after_010,1.816154956817627,0.0,0.0,0.0,-0.830122225479803,0.14180800172453928,0.13526301702956053,-1.8,-0.92,7.7700000000000005,0.9210000000000002,0.810030460357666,0.0,0.038074457086622715,1.0,1.0,7.4,0.807,True,True,False
19.836519241333008,stop_after_010,1.8365192413330078,0.0,0.0,0.0,-0.7057675162752071,-0.016362461737446838,-0.1712604328519436,-1.8,-0.92,7.7700000000000005,0.9210000000000002,0.8111074566841125,0.0,0.031693619675934315,1.0,1.0,7.4,0.807,True,True,False
19.856891632080078,stop_after_010,1.8568916320800781,0.0,0.0,0.0,-0.09599310885968812,-0.2716168648416175,-0.346884188833873,-1.8,-0.92,7.7700000000000005,0.844,0.8132264018058777,0.0,0.02308982890099287,1.0,1.0,7.4,0.807,True,True,False
19.877446174621582,stop_after_010,1.877446174621582,0.0,0.0,0.0,0.2617993877991494,-0.2825251726665821,-0.24980024919168842,-0.17,-1.33,9.46,0.9970000000000001,0.8031633496284485,0.0,0.009913366287946701,1.0,1.0,7.4,0.807,True,True,False
19.898169994354248,stop_after_010,1.898169994354248,0.0,0.0,0.0,0.2552544031041707,0.04363323129985824,-0.4886921905584123,-0.17,-1.33,9.46,0.9210000000000002,0.7808564305305481,0.0,0.01707020401954651,1.0,1.0,7.4,0.807,True,True,False
19.918543577194214,stop_after_010,1.9185435771942139,0.0,0.0,0.0,0.22689280275926285,-0.01090830782496456,-0.3523383427463553,-0.19,-0.97,7.97,0.614,0.7173134684562683,0.0,0.018213503062725067,1.0,1.0,7.4,0.807,True,True,False
19.9390971660614,stop_after_010,1.9390971660614014,0.0,0.0,0.0,0.22907446432425577,-0.04799655442984406,-0.1189005552921137,-0.9,-0.24,6.24,0.23,0.6556210517883301,0.0,0.042880326334852725,1.0,1.0,7.4,0.807,True,True,False
19.959468126296997,stop_after_010,1.959468126296997,0.0,0.0,0.0,0.11453723216212788,0.037088246604879506,-0.001090830782496456,-0.21,-0.19,9.19,0.307,0.7412960529327393,0.0,0.07760281505761668,1.0,1.0,7.4,0.807,True,True,False
19.979833841323853,stop_after_010,1.9798338413238525,0.0,0.0,0.0,-0.002181661564992912,-0.007635815477475192,0.22362031041177347,0.51,-0.21,9.040000000000001,0.384,0.8665469288825989,0.0,0.05247996002435684,1.0,1.0,7.4,0.807,True,True,False
20.000190019607544,forward_015,0.0001900196075439453,0.15,0.0,0.0,-0.07526732399225546,-0.14508049407202864,0.3523383427463553,0.39,-0.17,9.17,0.6899999999999998,0.7613703608512878,0.0,0.06129578407853842,1.0,1.0,7.4,0.807,True,True,False
20.020546436309814,forward_015,0.020546436309814453,0.15,0.0,0.0,-0.04799655442984406,0.017453292519943295,0.33597588100890846,-0.64,-0.88,8.88,1.304,0.7517766952514648,0.0,0.05898168293060735,0.0,1.0,7.6,0.5129999999999999,True,True,False
20.040929555892944,forward_015,0.040929555892944336,0.15,0.0,0.0,0.07744898555724837,-0.09272061651219876,0.3294308963139297,-0.73,-2.25,8.3,1.688,0.8503632545471191,0.0,0.06759288720786572,0.0,1.0,7.6,0.5129999999999999,True,True,False
20.06135129928589,forward_015,0.06135129928588867,0.15,0.0,0.0,0.28907015736156083,-0.11126473981463851,0.272707695624114,-0.06,-2.38,8.34,1.688,0.8335881233215332,0.0,0.0490555614233017,1.0,1.0,7.6,0.5129999999999999,True,True,False
20.081831693649292,forward_015,0.08183169364929199,0.15,0.0,0.0,0.4308781590861001,-0.15489797111449674,0.006544984694978736,-0.15,-2.27,9.25,1.074,0.8937711119651794,0.0,0.02610500156879425,1.0,1.0,7.6,0.5129999999999999,True,True,False
20.102215051651,forward_015,0.10221505165100098,0.15,0.0,0.0,0.7461282552275759,-0.21707532571679475,-0.11453723216212788,-0.06,-1.44,9.3,1.151,0.918205201625824,0.0,0.024256300181150436,1.0,1.0,7.6,0.5129999999999999,True,True,False
20.122737407684326,forward_015,0.12273740768432617,0.15,0.0,0.0,0.8901179185171081,-0.0916297857297023,-0.4701480672559725,-0.06,-1.44,9.3,1.381,0.9290172457695007,0.0,0.021820463240146637,1.0,1.0,7.6,0.5129999999999999,True,True,False
20.143134593963623,forward_015,0.14313459396362305,0.15,0.0,0.0,0.7646723785300157,-0.019634954084936207,-0.5726861608106394,-0.06,-1.44,9.3,1.227,0.9352062344551086,0.0,0.017076661344617605,1.0,1.0,7.6,0.5129999999999999,True,True,False
20.164065837860107,forward_015,0.16406583786010742,0.15,0.0,0.0,0.17671458676442586,0.6010477611555473,-1.2010046915285981,0.47000000000000003,2.25,9.26,1.534,0.86037677526474,0.0,0.017780066933482885,1.0,1.0,7.6,0.5129999999999999,True,True,False
20.184415817260742,forward_015,0.1844158172607422,0.15,0.0,0.0,0.0,0.11999138607461016,-1.2097313377885697,2.05,0.34,7.7700000000000005,1.458,0.8990788459777832,0.0,0.04612136073410511,1.0,1.0,7.6,0.5129999999999999,True,True,False
20.2048020362854,forward_015,0.2048020362854004,0.15,0.0,0.0,0.038179077387375956,0.3883357585687383,-1.016654289286697,-0.55,-1.03,6.96,1.151,0.7539527416229248,0.0,0.053595930337905884,1.0,1.0,7.6,0.5129999999999999,True,True,False
20.22517704963684,forward_015,0.22517704963684082,0.15,0.0,0.0,0.1265363707695889,0.04908738521234052,-0.21162117180431245,2.04,0.2,9.67,0.614,0.7840331792831421,0.0,0.029259702190756798,1.0,1.0,7.6,0.38100000000000006,True,True,False
20.245537757873535,forward_015,0.24553775787353516,0.15,0.0,0.0,0.2694352032766246,-0.004363323129985824,0.3425208657038872,0.44,-0.77,7.6000000000000005,0.9970000000000001,0.8019571304321289,0.0,0.05353301577270031,1.0,1.0,7.6,0.38100000000000006,True,True,False
20.265995025634766,forward_015,0.2659950256347656,0.15,0.0,0.0,0.16907877128695067,-0.06872233929727672,0.619591884457987,-0.59,0.19,6.49,0.767,0.8915097713470459,0.0,0.08081743121147156,1.0,1.0,7.6,0.38100000000000006,True,True,False
20.28637385368347,forward_015,0.2863738536834717,0.15,0.0,0.0,0.007635815477475192,0.05345070834232634,0.8039422866998881,-0.45,-1.21,9.06,0.9210000000000002,0.7420826554298401,0.0,0.0696416012942791,1.0,1.0,7.6,0.38100000000000006,True,True,False
20.306761741638184,forward_015,0.3067617416381836,0.15,0.0,0.0,-0.04908738521234052,0.24980024919168842,1.0722866591940161,-0.98,0.85,9.38,1.227,0.8028690218925476,0.0,0.06421564146876335,1.0,1.0,7.6,0.38100000000000006,True,True,False
20.32715082168579,forward_015,0.327150821685791,0.15,0.0,0.0,-0.15926129424448257,0.22907446432425577,0.806123948264881,0.01,0.78,9.17,1.688,0.716423511505127,0.0,0.07869364693760872,1.0,1.0,7.6,0.38100000000000006,True,True,False
20.3476300239563,forward_015,0.34763002395629883,0.15,0.0,0.0,-0.26398104936414235,0.36979163526629855,0.4276056667386107,0.07,1.27,7.46,1.918,0.8540688157081604,0.0,0.05821146257221698,1.0,0.0,7.6,0.38100000000000006,True,True,False
20.368004083633423,forward_015,0.36800408363342285,0.15,0.0,0.0,-0.5225079448158024,0.23343778745424157,0.16253378659197193,-0.66,1.56,8.08,1.381,0.8978533148765564,0.0,0.019475157605484128,1.0,0.0,7.6,0.38100000000000006,True,True,False
20.38838005065918,forward_015,0.3883800506591797,0.15,0.0,0.0,-0.9162978572970231,0.4166973589136462,-0.0818123086872342,-0.66,1.56,8.08,1.458,0.8613096475601196,0.0,0.025630870833992958,1.0,1.0,7.6,0.38100000000000006,True,True,False
20.408846378326416,forward_015,0.408846378326416,0.15,0.0,0.0,-0.8497571795647392,0.34470252726888007,0.12326387842209953,-0.66,1.56,8.08,1.841,0.8434624671936035,0.0,0.03364762011915445,1.0,1.0,7.6,0.38100000000000006,True,True,False
20.42921471595764,forward_015,0.4292147159576416,0.15,0.0,0.0,-0.693768377667746,0.33161255787892263,0.3839724354387525,-0.86,1.8,8.23,1.074,0.8705927133560181,0.0,0.02427230402827263,0.0,1.0,7.5,0.513,True,True,False
20.45035982131958,forward_015,0.4503598213195801,0.15,0.0,0.0,-0.7144941625351786,0.43524148221608594,0.38069994309126315,-0.86,1.8,8.23,1.6110000000000002,0.7620015144348145,0.0,0.02820102870464325,0.0,1.0,7.5,0.513,True,True,False
20.470836400985718,forward_015,0.4708364009857178,0.15,0.0,0.0,-0.1090830782496456,0.41233403578366035,0.5214171140333059,-0.86,1.8,8.23,1.458,0.7231189608573914,0.0,0.025808021426200867,0.0,1.0,7.5,0.513,True,True,False
20.491190910339355,forward_015,0.49119091033935547,0.15,0.0,0.0,0.008726646259971648,0.459239759431008,0.23889194136672387,0.77,-2.44,4.17,0.9210000000000002,0.7246322631835938,0.0,0.039258893579244614,0.0,1.0,7.5,0.513,True,True,False
20.51155734062195,forward_015,0.5115573406219482,0.15,0.0,0.0,0.10799224746714914,0.2279836335417593,-0.018544123302439753,-0.54,-2.9,4.23,0.384,0.7189583778381348,0.0,0.06047833152115345,0.0,1.0,7.5,0.513,True,True,False
20.53204607963562,forward_015,0.5320460796356201,0.15,0.0,0.0,-0.06435901616729091,0.04145156973486533,-0.2378011105842274,-0.54,-2.9,4.23,0.614,0.6692249774932861,0.0,0.06689872778952122,0.0,1.0,7.5,0.513,True,True,False
20.552404165267944,forward_015,0.5524041652679443,0.15,0.0,0.0,-0.04363323129985824,0.13853550937704992,-0.05672320068981571,-3.24,-3.11,9.02,0.844,0.7670854926109314,0.0,0.04439587518572807,0.0,1.0,7.5,0.513,True,True,False
20.5727698802948,forward_015,0.5727698802947998,0.15,0.0,0.0,0.050178215994836975,-0.07635815477475191,0.13744467859455345,-1.37,-3.68,7.72,1.458,0.8313874006271362,0.0,0.04038417711853981,0.0,1.0,7.5,0.513,True,True,False
20.59315776824951,forward_015,0.5931577682495117,0.15,0.0,0.0,-0.11344640137963143,-0.15162547876700738,0.11562806294462433,-1.37,-1.79,7.08,1.765,0.8018800616264343,0.0,0.033249322790652514,0.0,1.0,7.5,0.513,True,True,False
20.61360740661621,forward_015,0.6136074066162109,0.15,0.0,0.0,-0.03381575425739013,-0.29888763440402893,0.13526301702956053,-1.57,-3.33,8.53,2.071,0.8903414011001587,0.0,0.04038834944367409,0.0,1.0,7.5,0.513,True,True,False
20.63397789001465,forward_015,0.6339778900146484,0.15,0.0,0.0,0.24652775684419906,-0.2792526803190927,0.1636246173744684,-2.46,-1.42,8.31,1.458,0.9248066544532776,0.0,0.015047932043671608,1.0,1.0,7.4,0.7280000000000002,True,True,False
20.654358386993408,forward_015,0.6543583869934082,0.15,0.0,0.0,0.7166758241001716,-0.5159629601208237,-0.23125612588924865,-0.78,-2.7800000000000002,7.57,1.534,0.9366198182106018,0.0,0.037344242446124554,1.0,1.0,7.4,0.7280000000000002,True,True,False
20.67473793029785,forward_015,0.6747379302978516,0.15,0.0,0.0,1.1061024134514064,-0.7254024703601433,-0.18435040224190105,-0.16,-4.0600000000000005,6.75,0.767,0.9359900951385498,0.0,0.025526790879666805,1.0,0.0,7.4,0.7280000000000002,True,True,False
20.69511103630066,forward_015,0.6951110363006592,0.15,0.0,0.0,1.0995574287564276,-0.9315694882519734,0.2585268954516601,-0.16,-4.0600000000000005,6.75,0.9210000000000002,0.9491709470748901,0.0,0.018131211400032043,1.0,0.0,7.4,0.7280000000000002,True,True,False
20.71547770500183,forward_015,0.715477705001831,0.15,0.0,0.0,0.25416357232167425,0.11780972450961724,-0.33815754257390135,-0.16,-4.0600000000000005,6.75,1.304,0.912875235080719,0.0,0.036550194025039666,1.0,0.0,7.4,0.7280000000000002,True,True,False
20.7358717918396,forward_015,0.7358717918395996,0.15,0.0,0.0,0.09381144729469522,-0.17998707911191522,-0.7592182246175333,-1.55,3.52,7.24,1.304,0.8282030820846558,0.0,0.04513752483762801,1.0,1.0,7.4,0.7280000000000002,True,True,False
20.756234169006348,forward_015,0.7562341690063477,0.15,0.0,0.0,0.14726215563702155,-0.4385139745635753,-0.8988445647770797,0.19,1.6,8.040000000000001,1.074,0.7609766721725464,0.0,0.03614775091409683,1.0,1.0,7.4,0.7280000000000002,True,True,False
20.77659797668457,forward_015,0.7765979766845703,0.15,0.0,0.0,0.02181661564992912,0.02945243112740431,-0.7428557628800865,-0.25,-0.22,5.8500000000000005,0.767,0.8077139854431152,0.0,0.04999994486570358,1.0,1.0,7.4,0.7280000000000002,True,True,False
20.796977996826172,forward_015,0.7969779968261719,0.15,0.0,0.0,0.18980455615438332,-0.45160394395353276,-0.18762289458939044,-0.25,-0.22,5.8500000000000005,0.844,0.8113532662391663,0.0,0.05797689128667116,1.0,1.0,7.4,0.7280000000000002,True,True,False
20.817341327667236,forward_015,0.8173413276672363,0.15,0.0,0.0,0.32506757318394386,-0.30652344988150415,0.01090830782496456,0.74,1.59,8.44,0.844,0.7073510885238647,0.0,0.05408385396003723,1.0,1.0,7.4,0.7280000000000002,True,True,False
20.837729454040527,forward_015,0.8377294540405273,0.15,0.0,0.0,0.4079707126536745,-0.27379852640661045,0.15926129424448257,0.01,0.9500000000000001,6.76,0.9970000000000001,0.7180434465408325,0.0,0.05451609566807747,1.0,1.0,7.6,0.266,True,True,False
20.8581383228302,forward_015,0.8581383228302002,0.15,0.0,0.0,0.2181661564992912,-0.26398104936414235,0.24980024919168842,-0.36,1.18,8.94,1.381,0.765535831451416,0.0,0.04297250881791115,1.0,1.0,7.6,0.266,True,True,False
20.8785080909729,forward_015,0.8785080909729004,0.15,0.0,0.0,-0.09599310885968812,-0.08399397025222712,0.37088246604879505,0.61,1.35,9.08,1.841,0.7279257774353027,0.0,0.045617785304784775,1.0,0.0,7.6,0.266,True,True,False
20.899150371551514,forward_015,0.8991503715515137,0.15,0.0,0.0,-0.37306412761378793,0.10690141668465268,0.29343348049154666,-0.13,1.33,6.87,1.6110000000000002,0.8749373555183411,0.0,0.06615099357441068,1.0,0.0,7.6,0.266,True,True,False
20.919600248336792,forward_015,0.919600248336792,0.15,0.0,0.0,-0.6283185307179586,0.003272492347489368,0.36106498900632694,0.12,0.56,8.34,1.534,0.930236279964447,0.0,0.0410950593650341,1.0,0.0,7.6,0.266,True,True,False
20.939961910247803,forward_015,0.9399619102478027,0.15,0.0,0.0,-1.0853766285839737,-0.15271630954950383,0.6926775468852495,0.12,0.56,8.34,1.6110000000000002,0.9413734674453735,0.0,0.03942827135324478,1.0,1.0,7.6,0.266,True,True,False
20.960336208343506,forward_015,0.9603362083435059,0.15,0.0,0.0,-1.2566370614359172,0.08290313946973066,0.7570365630525404,-0.02,3.36,8.47,1.074,0.8864409923553467,0.0,0.030228847346734256,1.0,1.0,7.6,0.266,True,True,False
20.98082423210144,forward_015,0.9808242321014404,0.15,0.0,0.0,-1.1311915214488248,0.13744467859455345,0.7712173632249943,-0.02,3.36,8.47,2.225,0.8809256553649902,0.0,0.023810444865375757,0.0,1.0,7.6,0.266,True,True,False
21.001179933547974,forward_015,1.0011799335479736,0.15,0.0,0.0,-0.7483099167925688,0.5606870222031783,0.3883357585687383,-0.02,3.36,8.47,1.688,0.7762879133224487,0.0,0.027728062123060226,0.0,1.0,7.6,0.266,True,True,False
21.02154016494751,forward_015,1.0215401649475098,0.15,0.0,0.0,-0.1308996938995747,0.6894050545377601,0.24107360293171676,0.02,-0.62,7.16,1.534,0.6831249594688416,0.0,0.028118502959841862,0.0,1.0,7.6,0.266,True,True,False
21.04189920425415,forward_015,1.0418992042541504,0.15,0.0,0.0,-0.21598449493429828,0.36760997370130566,-0.03599741582238305,2.48,-3.47,7.28,0.6899999999999998,0.6915224194526672,0.0,0.04783940687775612,0.0,1.0,7.6,0.33799999999999997,True,True,False
21.062254190444946,forward_015,1.0622541904449463,0.15,0.0,0.0,-0.14726215563702155,0.7395832705325971,-0.22143864884678055,-0.67,-3.18,6.4,0.384,0.6672459244728088,0.0,0.05842830426990986,0.0,1.0,7.6,0.33799999999999997,True,True,False
21.08261728286743,forward_015,1.0826172828674316,0.15,0.0,0.0,0.0818123086872342,0.4985096676008804,-0.055632369907319255,-0.67,-3.18,6.4,0.614,0.6300022006034851,0.0,0.06674163788557053,0.0,1.0,7.6,0.33799999999999997,True,True,False
21.103057146072388,forward_015,1.1030571460723877,0.15,0.0,0.0,0.2617993877991494,0.4603305902135044,0.3239767424014474,-1.11,-4.7,8.19,1.304,0.7600541710853577,0.0,0.0674193985760212,0.0,1.0,7.6,0.33799999999999997,True,True,False
21.12342095375061,forward_015,1.1234209537506104,0.15,0.0,0.0,0.13199052468207118,0.5094179754258449,0.32834006553143325,-1.9100000000000001,-3.7800000000000002,7.83,1.534,0.8779522180557251,0.0,0.05239918455481529,0.0,1.0,7.6,0.33799999999999997,True,True,False
21.14379596710205,forward_015,1.1437959671020508,0.15,0.0,0.0,0.04363323129985824,0.21380283336930536,0.09490227807719166,-1.26,-3.0300000000000002,9.120000000000001,2.302,0.884947657585144,0.0,0.0657145781442523,0.0,1.0,7.6,0.33799999999999997,True,True,False
21.16416049003601,forward_015,1.1641604900360107,0.15,0.0,0.0,0.3108867730114899,0.022907446432425576,0.3392483733563978,-1.31,-2.47,8.620000000000001,2.148,0.8114925026893616,0.0,0.0559961162507534,0.0,1.0,7.6,0.33799999999999997,True,True,False
21.184645652770996,forward_015,1.184645652770996,0.15,0.0,0.0,0.41996985126113556,0.038179077387375956,0.29343348049154666,-3.1,-1.82,6.640000000000001,1.918,0.8171374797821045,0.0,0.024806112982332706,1.0,1.0,7.6,0.33799999999999997,True,True,False
21.205029726028442,forward_015,1.2050297260284424,0.15,0.0,0.0,0.41996985126113556,0.038179077387375956,0.29343348049154666,-1.4000000000000001,-3.96,7.17,1.304,0.8658658266067505,0.0,0.017488102545030415,1.0,1.0,7.6,0.33799999999999997,True,True,False
21.225404739379883,forward_015,1.2254047393798828,0.15,0.0,0.0,1.0450158896316049,-0.5410520681182421,-0.21162117180431245,-0.18,-2.97,9.42,0.614,0.9432207942008972,0.0,0.029874511063098907,1.0,1.0,7.6,0.33799999999999997,True,True,False
21.245769500732422,forward_015,1.2457695007324219,0.15,0.0,0.0,1.174824752748683,-0.6010477611555473,0.26070855701665296,-0.18,-2.97,9.42,1.227,0.9332394599914551,0.0,0.021320444531738758,1.0,0.0,7.6,0.491,True,True,False
21.26612424850464,forward_015,1.2661242485046387,0.15,0.0,0.0,0.5421428989007386,-0.06654067773228381,-0.16798794050445423,-0.18,-2.97,9.42,1.534,0.9171018600463867,0.0,0.021716732531785965,1.0,0.0,7.6,0.491,True,True,False
21.286503314971924,forward_015,1.2865033149719238,0.15,0.0,0.0,0.39706240482870997,-0.19744037163185854,-0.5879577917655898,-0.67,5.42,7.97,1.304,0.8709826469421387,0.0,0.04069370962679386,1.0,0.0,7.6,0.491,True,True,False
21.306941509246826,forward_015,1.3069415092468262,0.15,0.0,0.0,0.22689280275926285,-0.29561514205653955,-0.7755806863549802,1.82,2.68,7.640000000000001,1.074,0.7693480849266052,0.0,0.036278337240219116,1.0,1.0,7.6,0.491,True,True,False
21.327297925949097,forward_015,1.3272979259490967,0.15,0.0,0.0,0.10144726277217041,0.11344640137963143,-0.605411084285533,-0.05,0.12,5.48,0.9210000000000002,0.7721967697143555,0.0,0.03841477818787098,1.0,0.0,7.6,0.491,True,True,False
21.34766983985901,forward_015,1.3476698398590088,0.15,0.0,0.0,0.07963064712224129,-0.21271200258680892,-0.2999784651865254,-0.05,0.12,5.48,0.767,0.8063049912452698,0.0,0.05207660049200058,1.0,0.0,7.6,0.491,True,True,False
21.36803126335144,forward_015,1.3680312633514404,0.15,0.0,0.0,0.23343778745424157,0.04036073895236887,0.014180800172453928,0.53,2.25,9.33,0.844,0.8336079716682434,0.0,0.04492878424935043,1.0,0.0,7.6,0.491,True,True,False
21.388408660888672,forward_015,1.3884086608886719,0.15,0.0,0.0,0.41560652813114973,0.017453292519943295,0.1461713248545251,-0.33,1.56,5.51,1.074,0.8540253639221191,0.0,0.0846189996227622,1.0,0.0,7.6,0.491,True,True,False
21.40878677368164,forward_015,1.4087867736816406,0.15,0.0,0.0,0.16689710972195776,-0.004363323129985824,0.16798794050445423,0.12,1.97,8.81,1.534,0.740856945514679,0.0,0.03623802261427045,1.0,0.0,7.6,0.491,True,True,False
21.42915964126587,forward_015,1.4291596412658691,0.15,0.0,0.0,-0.16471544815696484,0.1810779098944117,0.10581058590215622,0.37,2.5500000000000003,9.1,1.841,0.7558993101119995,0.0,0.04317536251619458,1.0,0.0,7.6,0.491,True,True,False
21.44952940940857,forward_015,1.4495294094085693,0.15,0.0,0.0,-0.22362031041177347,0.2378011105842274,0.004363323129985824,-0.35000000000000003,1.52,6.67,1.688,0.8510643839836121,0.0,0.0334534402936697,1.0,0.0,7.5,0.53,True,True,False
21.470211505889893,forward_015,1.4702115058898926,0.15,0.0,0.0,-0.5803219762881145,0.17235126363444003,-0.04145156973486533,-0.37,0.91,9.15,0.9970000000000001,0.9231466054916382,0.0,0.034821342676877975,1.0,0.0,7.5,0.53,True,True,False
21.490585565567017,forward_015,1.4905855655670166,0.15,0.0,0.0,-1.210822168571066,0.20943951023931956,-0.16689710972195776,-0.37,0.91,9.15,0.9970000000000001,0.9295693635940552,0.0,0.02620241418480873,1.0,1.0,7.5,0.53,True,True,False
21.51112389564514,forward_015,1.5111238956451416,0.15,0.0,0.0,-1.2500920767409385,0.17016960206944712,-0.2912518189265537,-0.37,0.91,9.15,0.767,0.9158136248588562,0.0,0.016111613251268864,1.0,1.0,7.5,0.53,True,True,False
21.53149151802063,forward_015,1.5314915180206299,0.15,0.0,0.0,-1.1082840750163994,0.28361600344907856,-0.4636030825609938,-0.37,0.91,9.15,1.534,0.8919018507003784,0.0,0.026618631556630135,0.0,1.0,7.5,0.53,True,True,False
21.55185055732727,forward_015,1.5518505573272705,0.15,0.0,0.0,-0.9566585962493919,0.7363107781851078,-0.7952156404399164,-0.37,0.91,9.15,1.688,0.8260167241096497,0.0,0.026361241936683655,0.0,1.0,7.5,0.53,True,True,False
21.57222819328308,forward_015,1.572228193283081,0.15,0.0,0.0,-0.3719732968312915,0.928296995904484,-0.07963064712224129,-0.37,0.91,9.15,1.304,0.8239095211029053,0.0,0.04995735816191882,0.0,1.0,7.5,0.53,True,True,False
21.592594861984253,forward_015,1.592594861984253,0.15,0.0,0.0,-0.25634523388666713,0.6435901616729091,0.10035643198967395,2.36,-2.2800000000000002,5.32,0.767,0.7908110022544861,0.0,0.05402177758514881,0.0,1.0,7.5,0.53,True,True,False
21.61295461654663,forward_015,1.6129546165466309,0.15,0.0,0.0,-0.1712604328519436,0.5028729907308662,-0.3141592653589793,0.34,-4.44,4.1,0.46,0.783688485622406,0.0,0.06105957366526127,0.0,1.0,7.5,0.53,True,True,False
21.63331937789917,forward_015,1.63331937789917,0.15,0.0,0.0,-0.26616271092913524,0.2007128639793479,-0.037088246604879506,-4.6000000000000005,-5.25,9.27,0.46,0.7121859192848206,0.0,0.05243669357150793,0.0,1.0,7.5,0.53,True,True,False
21.65372371673584,forward_015,1.6537237167358398,0.15,0.0,0.0,-0.15162547876700738,0.0272707695624114,0.5781403147231217,-4.6000000000000005,-5.25,9.27,0.9210000000000002,0.7827933430671692,0.0,0.060330258682370186,0.0,1.0,7.3,1.2480000000000002,True,True,False
21.674118280410767,forward_015,1.6741182804107666,0.15,0.0,0.0,-0.20398535632683726,0.136353847812057,0.607592745850526,-1.93,-3.3200000000000003,4.88,1.534,0.9094014167785645,0.0,0.08173675648868084,0.0,1.0,7.3,1.2480000000000002,True,True,False
21.694488048553467,forward_015,1.6944880485534668,0.15,0.0,0.0,-0.1505346479845109,-0.08399397025222712,0.4821472058634335,-3.45,-2.7600000000000002,7.2700000000000005,2.071,0.8902146220207214,0.0,0.04956771805882454,0.0,1.0,7.3,1.2480000000000002,True,True,False
21.71490788459778,forward_015,1.7149078845977783,0.15,0.0,0.0,0.12435470920459599,-0.1189005552921137,0.6741334235828098,-1.46,-2.39,6.98,1.765,0.7601094841957092,0.0,0.057714276015758514,0.0,1.0,7.3,1.2480000000000002,True,True,False
21.735272645950317,forward_015,1.7352726459503174,0.15,0.0,0.0,0.5301437602932776,-0.14508049407202864,0.4079707126536745,-1.3800000000000001,-2.38,6.86,2.225,0.8575202226638794,0.0,0.02704103523865342,0.0,1.0,7.3,1.2480000000000002,True,True,False
21.755624294281006,forward_015,1.7556242942810059,0.15,0.0,0.0,0.8257589023498172,-0.8181230868723419,-0.17998707911191522,-1.28,-2.94,9.0,1.688,0.9454064965248108,0.0,0.033837669994682074,1.0,1.0,7.3,1.2480000000000002,True,True,False
21.775985717773438,forward_015,1.7759857177734375,0.15,0.0,0.0,1.054833366674073,-0.8279405639148101,-0.11235557059713497,-0.09,-3.31,8.68,0.767,0.9583239555358887,0.07142857142857142,0.020518723875284195,1.0,1.0,7.3,1.2480000000000002,True,True,False
21.796350240707397,forward_015,1.7963502407073975,0.15,0.0,0.0,1.2010046915285981,-0.9708393964218458,0.09272061651219876,-0.09,-3.31,8.68,0.9210000000000002,0.9500465989112854,0.07142857142857142,0.02445291168987751,1.0,0.0,7.3,1.2480000000000002,True,True,False
21.81671452522278,forward_015,1.8167145252227783,0.15,0.0,0.0,0.8573929950422144,-0.5988660995905544,0.27707101875409984,-0.09,-3.31,8.68,1.381,0.9454236030578613,0.0,0.01430477388203144,1.0,0.0,7.3,1.2480000000000002,True,True,False
21.837087869644165,forward_015,1.837087869644165,0.15,0.0,0.0,0.47451139038595835,-0.028361600344907856,-0.2945243112740431,-0.93,5.13,8.91,1.6110000000000002,0.8433539271354675,0.0,0.0478571392595768,1.0,0.0,7.3,1.2480000000000002,True,True,False
21.857455492019653,forward_015,1.8574554920196533,0.15,0.0,0.0,0.14508049407202864,-0.2879793265790644,-0.4756022211684548,0.14,2.13,6.34,1.304,0.7497236132621765,0.0,0.03967018984258175,1.0,1.0,7.6,0.403,True,True,False
21.877816677093506,forward_015,1.8778166770935059,0.15,0.0,0.0,0.08072147790473774,-0.1505346479845109,-0.5945027764605685,2.02,0.78,6.2,0.844,0.764958918094635,0.0,0.025892257690429688,1.0,1.0,7.6,0.403,True,True,False
21.89856481552124,forward_015,1.8985648155212402,0.15,0.0,0.0,0.025089107997418487,-0.06435901616729091,-0.3567016658763411,0.23,1.3900000000000001,8.71,0.6899999999999998,0.7563563585281372,0.0,0.053848281502723694,1.0,0.0,7.6,0.403,True,True,False
21.919005870819092,forward_015,1.9190058708190918,0.15,0.0,0.0,0.2378011105842274,-0.10035643198967395,-0.018544123302439753,0.23,1.3900000000000001,8.71,0.767,0.6552492380142212,0.0,0.08126903511583805,1.0,1.0,7.6,0.403,True,True,False
21.939380168914795,forward_015,1.939380168914795,0.15,0.0,0.0,0.4406956361285682,0.00545415391248228,0.10581058590215622,-0.1,2.2,6.36,0.9210000000000002,0.7224291563034058,0.0,0.05617315322160721,1.0,1.0,7.6,0.403,True,True,False
21.959758758544922,forward_015,1.9597587585449219,0.15,0.0,0.0,0.35997415822383044,-0.016362461737446838,0.12762720155208535,0.07,1.06,8.02,1.074,0.7144345641136169,0.0,0.05065755173563957,1.0,1.0,7.6,0.403,True,True,False
21.98013186454773,forward_015,1.9801318645477295,0.15,0.0,0.0,0.15707963267948966,0.06763150851478027,0.27379852640661045,0.09,1.56,9.58,1.458,0.7264869809150696,0.0,0.0362357534468174,1.0,1.0,7.6,0.403,True,True,False
22.000621795654297,forward_015,2.000621795654297,0.15,0.0,0.0,-0.09053895494720585,0.2007128639793479,0.39706240482870997,-0.98,0.9,8.3,1.765,0.8647218942642212,0.0,0.059404234401881695,1.0,0.0,7.6,0.403,True,True,False
22.0210120677948,forward_015,2.0210120677948,0.15,0.0,0.0,-0.5421428989007386,0.1341721862470641,0.2519819107566813,-1.3800000000000001,1.45,8.27,1.458,0.9187720417976379,0.0,0.031409633345901966,1.0,0.0,7.6,0.403,True,True,False
22.041381120681763,forward_015,2.0413811206817627,0.15,0.0,0.0,-1.0101093045917182,0.07963064712224129,0.06217735460229799,-1.36,2.44,9.01,1.458,0.9104806780815125,0.0,0.02544151246547699,1.0,1.0,7.6,0.403,True,True,False
22.06177020072937,forward_015,2.06177020072937,0.15,0.0,0.0,-1.2980886311707827,0.16798794050445423,-0.13308135546456762,0.08,2.7,9.02,1.534,0.885470986366272,0.0,0.02313173725269735,1.0,1.0,7.4,0.9990000000000001,True,True,False
22.082172870635986,forward_015,2.0821728706359863,0.15,0.0,0.0,-1.0711958284115197,0.34143003492139073,0.1189005552921137,0.08,2.7,9.02,1.227,0.8542494177818298,0.0,0.040156738832592964,1.0,1.0,7.4,0.9990000000000001,True,True,False
22.102563619613647,forward_015,2.1025636196136475,0.15,0.0,0.0,-0.9817477042468103,0.5552328682906961,-0.006544984694978736,0.08,2.7,9.02,1.688,0.7939566373825073,0.0,0.03945764899253845,0.0,1.0,7.4,0.9990000000000001,True,True,False
22.123107433319092,forward_015,2.123107433319092,0.15,0.0,0.0,-0.9817477042468103,0.5552328682906961,-0.006544984694978736,0.08,2.7,9.02,1.534,0.658705472946167,0.0,0.027389114256948233,0.0,1.0,7.4,0.9990000000000001,True,True,False
22.143471717834473,forward_015,2.1434717178344727,0.15,0.0,0.0,-0.10035643198967395,0.4188790204786391,0.18216874067690814,0.76,-2.73,6.75,0.767,0.6507567763328552,0.0,0.030709225684404373,0.0,1.0,7.4,0.9990000000000001,True,True,False
22.163975477218628,forward_015,2.163975477218628,0.15,0.0,0.0,-0.16253378659197193,0.43960480534607177,0.10035643198967395,-0.04,-2.15,4.71,0.384,0.7080010175704956,0.0,0.059022558853030205,0.0,1.0,7.4,0.9990000000000001,True,True,False
22.184343576431274,forward_015,2.1843435764312744,0.15,0.0,0.0,-0.2279836335417593,0.08508480103472356,-0.07853981633974483,-0.04,-2.15,4.71,0.614,0.7575717568397522,0.0,0.06817986443638802,0.0,1.0,7.4,0.9990000000000001,True,True,False
22.204735279083252,forward_015,2.204735279083252,0.15,0.0,0.0,-0.21271200258680892,0.07090400086226964,0.2596177262341565,-3.27,-3.5500000000000003,8.950000000000001,0.9210000000000002,0.6985692977905273,0.0,0.08900692872703075,0.0,1.0,7.4,0.9990000000000001,True,True,False
22.225109815597534,forward_015,2.225109815597534,0.15,0.0,0.0,-0.22362031041177347,-0.05235987755982989,0.41996985126113556,-1.05,-3.29,7.94,1.841,0.7242256999015808,0.0,0.046706875786185265,0.0,1.0,7.4,0.9990000000000001,True,True,False
22.2454993724823,forward_015,2.2454993724823,0.15,0.0,0.0,-0.19744037163185854,-0.09490227807719166,0.22907446432425577,-1.98,-3.54,6.5,1.841,0.8311722874641418,0.0,0.1368478164076805,0.0,1.0,7.4,0.9990000000000001,True,True,False
22.26600456237793,forward_015,2.2660045623779297,0.15,0.0,0.0,0.050178215994836975,-0.3043417883165112,0.3196134192714616,-2.14,-3.52,9.16,1.765,0.8997645378112793,0.0,0.041865287348628044,0.0,1.0,7.3,1.2189999999999999,True,True,False
22.28637170791626,forward_015,2.2863717079162598,0.15,0.0,0.0,0.4134248665661568,-0.26398104936414235,0.5966844380255614,-2.65,-1.79,6.4,0.9970000000000001,0.86274254322052,0.0,0.015407729893922806,1.0,1.0,7.3,1.2189999999999999,True,True,False
22.306832551956177,forward_015,2.3068325519561768,0.15,0.0,0.0,0.8715737952146683,-0.7712173632249943,-0.02945243112740431,0.98,-2.69,8.3,0.844,0.9267899990081787,0.0,0.027831964194774628,1.0,1.0,7.3,1.2189999999999999,True,True,False
22.32720971107483,forward_015,2.327209711074829,0.15,0.0,0.0,1.0351984125891367,-0.7330382858376184,-0.008726646259971648,-0.3,-4.14,8.73,1.227,0.9531969428062439,0.07142857142857142,0.026537545025348663,1.0,1.0,7.3,1.2189999999999999,True,True,False
22.34767436981201,forward_015,2.3476743698120117,0.15,0.0,0.0,1.1366456753613072,-1.0101093045917182,0.27379852640661045,-0.3,-4.14,8.73,0.9970000000000001,0.947822630405426,0.0,0.012273145839571953,1.0,0.0,7.3,1.2189999999999999,True,True,False
22.368034601211548,forward_015,2.368034601211548,0.15,0.0,0.0,0.4723297288209654,0.27707101875409984,-0.45160394395353276,-0.3,-4.14,8.73,1.381,0.8895907998085022,0.0,0.043856041040271514,1.0,0.0,7.3,1.2189999999999999,True,True,False
22.388412952423096,forward_015,2.3884129524230957,0.15,0.0,0.0,0.3239767424014474,0.06654067773228381,-1.0951941056264418,-1.26,5.39,8.06,1.381,0.8460688591003418,0.0,0.04070555791258812,1.0,0.0,7.3,1.2189999999999999,True,True,False
22.408790826797485,forward_015,2.4087908267974854,0.15,0.0,0.0,0.35124751196385884,-0.21707532571679475,-1.215185491701052,-1.26,5.39,8.06,1.074,0.7611408829689026,0.0,0.03488856554031372,1.0,1.0,7.3,1.2189999999999999,True,True,False
22.42915153503418,forward_015,2.4291515350341797,0.15,0.0,0.0,0.23889194136672387,0.49960049838337683,-1.2020955223110945,-0.32,0.51,4.62,0.767,0.8350094556808472,0.0,0.0662013366818428,1.0,1.0,7.3,1.2189999999999999,True,True,False
22.44963765144348,forward_015,2.4496376514434814,0.15,0.0,0.0,0.2378011105842274,-0.02945243112740431,-0.8966629032120869,-0.32,0.51,4.62,0.9210000000000002,0.8034983277320862,0.0,0.04295625165104866,1.0,1.0,7.3,1.2189999999999999,True,True,False
22.470012664794922,forward_015,2.470012664794922,0.15,0.0,0.0,0.459239759431008,-0.028361600344907856,-0.30652344988150415,-0.32,0.51,4.62,1.227,0.7239395976066589,0.0,0.053563281893730164,1.0,1.0,7.7,0.12100000000000001,True,True,False
22.491272687911987,forward_015,2.4912726879119873,0.15,0.0,0.0,0.5006913291658733,0.06544984694978735,-0.04036073895236887,-0.48,0.81,4.17,1.227,0.751318097114563,0.0,0.03149779140949249,1.0,1.0,7.7,0.12100000000000001,True,True,False
22.511656999588013,forward_015,2.5116569995880127,0.15,0.0,0.0,0.07090400086226964,-0.08944812416470939,0.15707963267948966,-0.48,0.81,4.17,1.534,0.763285756111145,0.0,0.03518214449286461,1.0,1.0,7.7,0.12100000000000001,True,True,False
22.532024383544922,forward_015,2.532024383544922,0.15,0.0,0.0,0.07635815477475191,0.26070855701665296,0.49632800603588745,-0.86,1.23,9.19,1.534,0.7521286606788635,0.0,0.05729216104373336,1.0,0.0,7.7,0.12100000000000001,True,True,False
22.552403450012207,forward_015,2.552403450012207,0.15,0.0,0.0,-0.15817046346198613,0.41560652813114973,0.3916082509162277,-1.04,1.48,7.83,1.765,0.8421887755393982,0.0,0.06611482240259647,1.0,0.0,7.7,0.12100000000000001,True,True,False
22.572765827178955,forward_015,2.572765827178955,0.15,0.0,0.0,-0.495237175253391,0.41560652813114973,0.3021601267515183,-1.02,2.09,9.32,1.381,0.8953202962875366,0.0,0.04249928891658783,1.0,0.0,7.7,0.12100000000000001,True,True,False
22.593140840530396,forward_015,2.5931408405303955,0.15,0.0,0.0,-1.0057459814617324,0.4526947747360292,0.13308135546456762,-1.23,3.93,7.71,1.765,0.8837278485298157,0.0,0.03060000145342201,1.0,0.0,7.7,0.12100000000000001,True,True,False
22.61361026763916,forward_015,2.61361026763916,0.15,0.0,0.0,-1.1082840750163994,0.4461497900410505,-0.13526301702956053,-1.23,3.93,7.71,1.458,0.8506497144699097,0.0,0.022829789202660322,1.0,1.0,7.7,0.12100000000000001,True,True,False
22.633982181549072,forward_015,2.6339821815490723,0.15,0.0,0.0,-1.0875582901489667,0.667588438887831,-0.16907877128695067,-0.6900000000000001,3.85,8.15,0.9210000000000002,0.8435735702514648,0.0,0.012798421084880829,1.0,1.0,7.7,0.12100000000000001,True,True,False
22.65436291694641,forward_015,2.654362916946411,0.15,0.0,0.0,-0.9533861039019025,0.5672320068981571,-0.33597588100890846,-0.6900000000000001,3.85,8.15,1.381,0.8523617386817932,0.0,0.022859148681163788,0.0,1.0,7.7,0.12100000000000001,True,True,False
22.674925088882446,forward_015,2.6749250888824463,0.15,0.0,0.0,-0.3916082509162277,0.8639379797371931,0.1341721862470641,-0.6900000000000001,3.85,8.15,1.304,0.8490390181541443,0.0,0.03353493940085173,0.0,1.0,7.4,0.655,True,True,False
22.6952908039093,forward_015,2.6952908039093018,0.15,0.0,0.0,-0.2716168648416175,0.4537856055185257,0.08072147790473774,0.97,-1.99,5.75,0.9210000000000002,0.8113696575164795,0.0,0.06073835678398609,0.0,1.0,7.4,0.655,True,True,False
22.71565866470337,forward_015,2.715658664703369,0.15,0.0,0.0,-0.23671027980173096,-0.0272707695624114,-0.1341721862470641,0.74,-4.25,5.21,0.46,0.7711682319641113,0.0,0.05615006573498249,0.0,1.0,7.4,0.655,True,True,False
22.73604941368103,forward_015,2.7360494136810303,0.15,0.0,0.0,-0.31306843457648287,-0.36760997370130566,0.26070855701665296,-3.91,-3.15,9.33,0.46,0.7741663455963135,0.0,0.057411136105656624,0.0,1.0,7.4,0.655,True,True,False
22.756417274475098,forward_015,2.7564172744750977,0.15,0.0,0.0,-0.31306843457648287,-0.27598018797160334,0.5257804371632918,-3.84,-3.68,9.24,1.074,0.7973933815956116,0.0,0.03452221304178238,0.0,1.0,7.4,0.655,True,True,False
22.776785850524902,forward_015,2.7767858505249023,0.15,0.0,0.0,-0.34579335805137656,-0.17016960206944712,0.4636030825609938,-2.23,-4.08,7.19,1.381,0.8042688369750977,0.0,0.03114783763885498,0.0,1.0,7.4,0.655,True,True,False
22.79757022857666,forward_015,2.79757022857666,0.15,0.0,0.0,-0.32834006553143325,-0.1308996938995747,0.4265148359561143,-2.23,-2.16,7.55,1.995,0.8219078779220581,0.0,0.055452252738177776,0.0,1.0,7.4,0.655,True,True,False
22.81805181503296,forward_015,2.818051815032959,0.15,0.0,0.0,-0.2694352032766246,-0.21598449493429828,0.346884188833873,-1.74,-3.64,6.43,1.841,0.877454400062561,0.0,0.05507166311144829,0.0,1.0,7.4,0.655,True,True,False
22.838419437408447,forward_015,2.8384194374084473,0.15,0.0,0.0,0.15489797111449674,-0.31525009614147576,0.17889624832941878,-1.74,-1.24,7.95,1.381,0.9365783929824829,0.0,0.027742549777030945,0.0,1.0,7.4,0.655,True,True,False
22.858870029449463,forward_015,2.858870029449463,0.15,0.0,0.0,0.6174102228929941,-0.8224864100023278,-0.5399612373357457,0.03,-3.2,8.120000000000001,1.6110000000000002,0.943505048751831,0.0,0.034321680665016174,1.0,1.0,7.4,0.655,True,True,False
22.87922477722168,forward_015,2.8792247772216797,0.15,0.0,0.0,0.8028514559173916,-0.856302164259718,-0.3327033886614191,-0.43,-4.63,8.18,1.6110000000000002,0.9616625308990479,0.07142857142857142,0.027990199625492096,1.0,1.0,7.4,1.0,True,True,False
22.899616241455078,forward_015,2.899616241455078,0.15,0.0,0.0,1.1540989678812503,-0.954476934684399,0.1090830782496456,-2.15,-3.96,6.05,0.9970000000000001,0.9471140503883362,0.0,0.013985631288960576,1.0,0.0,7.4,1.0,True,True,False
22.919997215270996,forward_015,2.919997215270996,0.15,0.0,0.0,1.4333516482003432,-1.0101093045917182,0.5410520681182421,-2.15,-3.96,6.05,1.074,0.9306702613830566,0.0,0.010435119271278381,1.0,0.0,7.4,1.0,True,True,False
22.940491914749146,forward_015,2.9404919147491455,0.15,0.0,0.0,0.4690572364734761,0.11671889372712078,0.2912518189265537,-2.15,-3.96,6.05,1.458,0.8696739077568054,0.0,0.03520569950342178,1.0,0.0,7.4,1.0,True,True,False
22.960946559906006,forward_015,2.960946559906006,0.15,0.0,0.0,0.09490227807719166,-0.11235557059713497,0.12544553998709243,-1.36,2.88,5.86,0.9970000000000001,0.7929111123085022,0.0,0.04892435483634472,1.0,1.0,7.4,1.0,True,True,False
22.98491597175598,forward_015,2.9849159717559814,0.15,0.0,0.0,0.17453292519943295,-0.4461497900410505,0.004363323129985824,1.53,2.73,6.7,0.844,0.7869971394538879,0.0,0.04668975621461868,1.0,1.0,7.4,1.0,True,True,False
23.005281925201416,forward_015,3.005281925201416,0.15,0.0,0.0,0.09599310885968812,-0.013089969389957472,-0.18216874067690814,1.53,2.73,6.7,0.614,0.844939112663269,0.0,0.04098321497440338,1.0,1.0,7.4,1.0,True,True,False
23.025649785995483,forward_015,3.0256497859954834,0.15,0.0,0.0,0.15162547876700738,-0.29343348049154666,0.32070425005395803,1.53,2.73,6.7,0.767,0.834303081035614,0.0,0.07298682443797588,1.0,1.0,7.4,1.0,True,True,False
23.046014070510864,forward_015,3.0460140705108643,0.15,0.0,0.0,0.2999784651865254,-0.4406956361285682,0.05999569303730508,0.16,1.55,6.9,0.9210000000000002,0.7224958539009094,0.0,0.04038455709815025,1.0,1.0,7.4,1.0,True,True,False
23.066458463668823,forward_015,3.0664584636688232,0.15,0.0,0.0,0.4079707126536745,-0.19853120241435498,-0.07963064712224129,-1.0,1.1400000000000001,7.33,1.304,0.7274513244628906,0.0,0.03389275074005127,1.0,1.0,7.4,1.0,True,True,False
23.087019205093384,forward_015,3.087019205093384,0.15,0.0,0.0,0.25634523388666713,-0.11562806294462433,-0.014180800172453928,-1.0,1.1400000000000001,7.33,1.688,0.7880824208259583,0.0,0.054010242223739624,1.0,0.0,7.6,0.387,True,True,False
23.107376098632812,forward_015,3.1073760986328125,0.15,0.0,0.0,0.013089969389957472,0.04036073895236887,-0.07853981633974483,0.1,1.26,8.45,1.841,0.8372279405593872,0.0,0.06253140047192574,1.0,0.0,7.6,0.387,True,True,False
23.12775444984436,forward_015,3.1277544498443604,0.15,0.0,0.0,-0.39269908169872414,0.19853120241435498,-0.17453292519943295,-0.62,0.0,7.19,1.458,0.881503701210022,0.0,0.043147144839167595,1.0,0.0,7.6,0.387,True,True,False
23.148134231567383,forward_015,3.148134231567383,0.15,0.0,0.0,-0.6872233929727672,-0.03490658503988659,0.21925698728178766,0.56,0.14,9.53,1.918,0.9380145072937012,0.0,0.029949549585580826,1.0,0.0,7.6,0.387,True,True,False
23.168498277664185,forward_015,3.1684982776641846,0.15,0.0,0.0,-0.7821256710499589,-0.1439896632895322,0.5781403147231217,0.56,0.14,9.53,1.458,0.9465627074241638,0.0,0.030256591737270355,1.0,1.0,7.6,0.387,True,True,False
23.189009189605713,forward_015,3.189009189605713,0.15,0.0,0.0,-0.842121364087264,0.07308566242726255,0.5345070834232635,0.06,2.49,7.49,1.227,0.8676718473434448,0.0,0.028418490197509527,1.0,1.0,7.6,0.387,True,True,False
23.20945119857788,forward_015,3.209451198577881,0.15,0.0,0.0,-1.0995574287564276,0.12108221685710661,0.22471114119426994,0.28,4.43,9.64,1.918,0.8278242349624634,0.0,0.029430689057335258,0.0,1.0,7.6,0.387,True,True,False
23.22990083694458,forward_015,3.22990083694458,0.15,0.0,0.0,-0.8530296719122286,0.2945243112740431,-0.7155849933176751,0.28,4.43,9.64,1.304,0.7504228353500366,0.0,0.03676927648484707,0.0,1.0,7.6,0.387,True,True,False
23.250264167785645,forward_015,3.2502641677856445,0.15,0.0,0.0,-0.14835298641951802,0.6086835766330224,-0.5115996369908379,0.28,4.43,9.64,0.767,0.7985663414001465,0.0,0.037492044270038605,0.0,1.0,7.6,0.387,True,True,False
23.270694732666016,forward_015,3.2706947326660156,0.15,0.0,0.0,-0.10144726277217041,0.44724062082354693,-0.3239767424014474,0.25,-4.2,5.59,0.537,0.7256907224655151,0.0,0.07998483628034592,0.0,1.0,7.6,0.387,True,True,False
23.291064977645874,forward_015,3.291064977645874,0.15,0.0,0.0,-0.09053895494720585,0.6250460383704692,-0.38288160465625604,-1.21,-4.2700000000000005,3.83,0.46,0.7264769673347473,0.0,0.0818827603943646,0.0,1.0,7.5,0.5910000000000001,True,True,False
23.311429738998413,forward_015,3.311429738998413,0.15,0.0,0.0,0.19853120241435498,0.36106498900632694,-0.17671458676442586,-2.59,-4.21,9.48,1.074,0.695516049861908,0.0,0.06802549585700035,0.0,1.0,7.5,0.5910000000000001,True,True,False
23.331810474395752,forward_015,3.331810474395752,0.15,0.0,0.0,0.17889624832941878,0.37306412761378793,0.29888763440402893,-1.22,-4.95,9.120000000000001,1.534,0.8550289869308472,0.0,0.09788614138960838,0.0,1.0,7.5,0.5910000000000001,True,True,False
23.35224747657776,forward_015,3.352247476577759,0.15,0.0,0.0,-0.044724062082354694,0.21707532571679475,0.33815754257390135,-1.1400000000000001,-2.29,7.29,1.918,0.8816548585891724,0.0,0.026814928278326988,0.0,1.0,7.5,0.5910000000000001,True,True,False
23.372626781463623,forward_015,3.372626781463623,0.15,0.0,0.0,0.05235987755982989,0.10035643198967395,0.12544553998709243,-2.63,-2.42,7.19,1.841,0.8646487593650818,0.0,0.05958041176199913,0.0,1.0,7.5,0.5910000000000001,True,True,False
23.393097400665283,forward_015,3.393097400665283,0.15,0.0,0.0,0.33488505022641196,0.0272707695624114,0.28034351110158917,-2.7,-2.6,8.0,1.381,0.8211774826049805,0.0,0.06333263963460922,1.0,1.0,7.5,0.5910000000000001,True,True,False
23.413463354110718,forward_015,3.4134633541107178,0.15,0.0,0.0,0.657770961845363,-0.03490658503988659,0.09490227807719166,0.15,-2.33,5.97,1.074,0.8338400721549988,0.0,0.03512884769588709,1.0,1.0,7.5,0.5910000000000001,True,True,False
23.43396019935608,forward_015,3.433960199356079,0.15,0.0,0.0,0.9228428419920017,-0.4068798818711781,-0.2530727415391778,0.15,-2.33,5.97,1.074,0.9325239658355713,0.0,0.02829241007566452,1.0,1.0,7.5,0.5910000000000001,True,True,False
23.454439401626587,forward_015,3.454439401626587,0.15,0.0,0.0,1.0177451200691934,-0.4559672670835186,-0.25743606466916363,0.15,-2.33,5.97,1.074,0.9382030367851257,0.0,0.007554590702056885,1.0,1.0,7.5,0.5910000000000001,True,True,False
23.474879264831543,forward_015,3.474879264831543,0.15,0.0,0.0,0.815941425307349,0.15926129424448257,-0.7853981633974483,0.15,-2.33,5.97,1.227,0.8957924842834473,0.0,0.051758479326963425,1.0,0.0,7.5,0.5910000000000001,True,True,False
23.495243310928345,forward_015,3.4952433109283447,0.15,0.0,0.0,0.693768377667746,0.06981317007977318,-1.5511613727099605,0.15,-2.33,5.97,1.458,0.8626909255981445,0.0,0.050549229606986046,1.0,1.0,7.5,0.492,True,True,False
23.516473293304443,forward_015,3.5164732933044434,0.15,0.0,0.0,0.5203262832508095,-0.2378011105842274,-1.6187928812247407,2.99,2.15,9.56,1.381,0.831533670425415,0.0,0.038474272936582565,1.0,1.0,7.5,0.492,True,True,False
23.53683853149414,forward_015,3.5368385314941406,0.15,0.0,0.0,0.22362031041177347,-0.17671458676442586,-1.1573714602287397,-0.58,-0.64,4.3,0.9970000000000001,0.8087170124053955,0.0,0.04618342965841293,1.0,1.0,7.5,0.492,True,True,False
23.557202577590942,forward_015,3.5572025775909424,0.15,0.0,0.0,0.09053895494720585,-0.3436116964863836,-0.6664976081053346,-0.58,-0.64,4.3,0.767,0.8144716620445251,0.0,0.03560663387179375,1.0,1.0,7.5,0.492,True,True,False
23.577765703201294,forward_015,3.577765703201294,0.15,0.0,0.0,0.16471544815696484,0.011999138607461015,-0.08617563181722002,-1.6400000000000001,0.49,7.98,0.844,0.708374559879303,0.0,0.08213790040463209,1.0,1.0,7.5,0.492,True,True,False
23.598138332366943,forward_015,3.5981383323669434,0.15,0.0,0.0,0.19416787928436915,0.038179077387375956,0.2530727415391778,0.55,0.6900000000000001,5.96,1.381,0.7084001898765564,0.0,0.059250435791909695,1.0,1.0,7.5,0.492,True,True,False
23.618511199951172,forward_015,3.618511199951172,0.15,0.0,0.0,0.025089107997418487,0.18871372537188688,0.3741549583962844,0.23,0.75,8.89,1.534,0.7430959939956665,0.0,0.06330159865319729,1.0,1.0,7.5,0.492,True,True,False
23.63888931274414,forward_015,3.6388893127441406,0.15,0.0,0.0,-0.044724062082354694,0.495237175253391,0.4886921905584123,0.23,0.75,8.89,1.688,0.7419792413711548,0.0,0.06599609181284904,1.0,1.0,7.5,0.492,True,True,False
23.659263849258423,forward_015,3.659263849258423,0.15,0.0,0.0,-0.12980886311707826,0.6163193921104976,0.5410520681182421,-1.47,1.61,9.09,1.227,0.8433471322059631,0.0,0.05262678116559982,1.0,0.0,7.5,0.492,True,True,False
23.679632902145386,forward_015,3.6796329021453857,0.15,0.0,0.0,-0.3883357585687383,0.607592745850526,0.1712604328519436,-1.82,1.9000000000000001,8.53,1.458,0.8768566846847534,0.0,0.04442115314304828,1.0,0.0,7.5,0.492,True,True,False
23.69999384880066,forward_015,3.699993848800659,0.15,0.0,0.0,-0.7472190860100724,0.519235452468313,0.06326818538479445,-2.9,0.58,9.1,1.841,0.8523264527320862,0.0,0.027964189648628235,1.0,1.0,7.3,1.337,True,True,False
23.720369338989258,forward_015,3.720369338989258,0.15,0.0,0.0,-1.0112001353742146,0.5934119456780721,0.210530341021816,-1.32,1.6,8.4,1.458,0.8026973009109497,0.0,0.013841873966157436,1.0,1.0,7.3,1.337,True,True,False
23.740732192993164,forward_015,3.740732192993164,0.15,0.0,0.0,-1.19118721448613,0.47123889803846897,0.15926129424448257,-1.11,2.07,8.57,0.9970000000000001,0.795566737651825,0.0,0.007424095179885626,1.0,1.0,7.3,1.337,True,True,False
23.761099576950073,forward_015,3.7610995769500732,0.15,0.0,0.0,-1.0068368122442288,0.4461497900410505,0.49414634447089456,-1.11,2.07,8.57,1.074,0.6915016770362854,0.0,0.01665041595697403,1.0,1.0,7.3,1.337,True,True,False
23.781461000442505,forward_015,3.781461000442505,0.15,0.0,0.0,-0.37306412761378793,0.6774059159302992,1.0842857978014773,-1.11,2.07,8.57,0.9210000000000002,0.7637225985527039,0.0,0.025560304522514343,1.0,1.0,7.3,1.337,True,True,False
23.801825761795044,forward_015,3.801825761795044,0.15,0.0,0.0,-0.23889194136672387,0.2476185876266955,0.6392268385429232,1.3800000000000001,-0.27,6.83,0.614,0.7191817760467529,0.0,0.038096241652965546,0.0,1.0,7.3,1.337,True,True,False
23.82226800918579,forward_015,3.822268009185791,0.15,0.0,0.0,-0.28579766501407144,-0.14289883250703572,0.08399397025222712,0.35000000000000003,-3.49,7.1000000000000005,0.537,0.7257663607597351,0.0,0.06601474806666374,0.0,1.0,7.3,1.337,True,True,False
23.842759609222412,forward_015,3.842759609222412,0.15,0.0,0.0,-0.40578905108868163,-0.35779249665883756,0.2585268954516601,0.35000000000000003,-3.49,7.1000000000000005,0.614,0.7169259190559387,0.0,0.05374836549162865,0.0,1.0,7.3,1.337,True,True,False
23.863197326660156,forward_015,3.8631973266601562,0.15,0.0,0.0,-0.3327033886614191,-0.3490658503988659,0.22362031041177347,-2.2800000000000002,-1.69,7.2700000000000005,0.844,0.7676310539245605,0.0,0.04204041697084904,0.0,1.0,7.3,1.337,True,True,False
23.883569478988647,forward_015,3.8835694789886475,0.15,0.0,0.0,-0.2007128639793479,-0.4112432050011639,0.038179077387375956,-2.3000000000000003,-2.24,6.65,1.074,0.8119502067565918,0.0,0.019704781472682953,0.0,1.0,7.3,1.337,True,True,False
23.903958559036255,forward_015,3.903958559036255,0.15,0.0,0.0,-0.06981317007977318,-0.4014257279586958,0.0272707695624114,-1.77,-2.71,6.76,1.918,0.8346168398857117,0.0,0.03773379512131214,0.0,1.0,7.6,0.31700000000000006,True,True,False
23.9243221282959,forward_015,3.9243221282958984,0.15,0.0,0.0,0.007635815477475192,-0.5137812985558308,0.06981317007977318,-1.47,-2.89,7.55,1.688,0.9042475819587708,0.0,0.03375434083864093,0.0,1.0,7.6,0.31700000000000006,True,True,False
23.944705963134766,forward_015,3.9447059631347656,0.15,0.0,0.0,0.3643374813538163,-0.5105088062083414,-0.21380283336930536,-1.85,-3.2800000000000002,7.41,1.304,0.9321674704551697,0.0,0.03836316801607609,0.0,1.0,7.6,0.31700000000000006,True,True,False
23.96521759033203,forward_015,3.9652175903320312,0.15,0.0,0.0,0.7199483164476609,-0.815941425307349,-0.23234695667174513,-0.46,-3.63,8.950000000000001,0.844,0.9454901814460754,0.0,0.027077158680185676,1.0,1.0,7.6,0.31700000000000006,True,True,False
23.985618829727173,forward_015,3.985618829727173,0.15,0.0,0.0,0.9730210579868387,-0.8606654873897037,-0.13199052468207118,0.1,-3.96,6.83,0.614,0.9438282251358032,0.0,0.02190310158766806,1.0,1.0,7.6,0.31700000000000006,True,True,False
24.006104707717896,forward_015,4.0061047077178955,0.15,0.0,0.0,1.2228213071785272,-1.114829059711378,0.2203478180642841,0.1,-3.96,6.83,0.9970000000000001,0.9274726510047913,0.0,0.013046004809439182,1.0,0.0,7.6,0.31700000000000006,True,True,False
24.026551246643066,forward_015,4.026551246643066,0.15,0.0,0.0,0.3959715740462135,0.05345070834232634,-0.20289452554434081,0.1,-3.96,6.83,1.151,0.9232404232025146,0.0,0.027187272906303406,1.0,0.0,7.6,0.31700000000000006,True,True,False
24.046974182128906,forward_015,4.046974182128906,0.15,0.0,0.0,0.12980886311707826,-0.06763150851478027,-0.5966844380255614,-1.27,4.76,8.06,1.458,0.8220735192298889,0.0,0.046672936994582415,1.0,1.0,7.6,0.31700000000000006,True,True,False
24.06735920906067,forward_015,4.067359209060669,0.15,0.0,0.0,0.28907015736156083,-0.3839724354387525,-0.5999569303730508,0.41000000000000003,4.37,5.99,1.151,0.734339714050293,0.0,0.03899022564291954,1.0,1.0,7.6,0.31700000000000006,True,True,False
24.087727308273315,forward_015,4.087727308273315,0.15,0.0,0.0,0.2181661564992912,0.030543261909900768,-0.8519388411297321,0.31,0.07,5.82,0.9970000000000001,0.7988553643226624,0.0,0.0419035479426384,1.0,1.0,7.6,0.31700000000000006,True,True,False
24.108112573623657,forward_015,4.108112573623657,0.15,0.0,0.0,0.3076142806640006,-0.29888763440402893,-0.33815754257390135,0.31,0.07,5.82,0.767,0.7743398547172546,0.0,0.04233852960169315,1.0,1.0,7.6,0.18600000000000005,True,True,False
24.128478288650513,forward_015,4.128478288650513,0.15,0.0,0.0,0.41233403578366035,-0.4079707126536745,-0.015271630954950384,1.31,2.2,9.42,0.9210000000000002,0.6726331114768982,0.0,0.06483916006982327,1.0,1.0,7.6,0.18600000000000005,True,True,False
24.148850440979004,forward_015,4.148850440979004,0.15,0.0,0.0,0.34579335805137656,-0.20398535632683726,-0.032724923474893676,-0.36,1.68,5.86,1.074,0.7564415335655212,0.0,0.055702004581689835,1.0,1.0,7.6,0.18600000000000005,True,True,False
24.16922092437744,forward_015,4.169220924377441,0.15,0.0,0.0,0.2181661564992912,-0.3567016658763411,0.07853981633974483,0.0,0.39,8.78,1.304,0.7834616899490356,0.0,0.035906583070755005,1.0,1.0,7.6,0.18600000000000005,True,True,False
24.189648866653442,forward_015,4.189648866653442,0.15,0.0,0.0,0.011999138607461015,-0.18762289458939044,0.22252947962927702,0.0,0.39,8.78,1.534,0.7499040365219116,0.0,0.03389856964349747,1.0,0.0,7.6,0.18600000000000005,True,True,False
24.21003532409668,forward_015,4.21003532409668,0.15,0.0,0.0,-0.17780541754692233,0.025089107997418487,0.3272492347489368,-0.23,0.45,6.7700000000000005,1.6110000000000002,0.8761659264564514,0.0,0.06484412495046854,1.0,0.0,7.6,0.18600000000000005,True,True,False
24.230405569076538,forward_015,4.230405569076538,0.15,0.0,0.0,-0.48432886742842646,-0.05781403147231216,0.5355979142057599,0.18,1.11,8.16,1.534,0.9456893801689148,0.0,0.0435204952955246,1.0,0.0,7.6,0.18600000000000005,True,True,False
24.250944137573242,forward_015,4.250944137573242,0.15,0.0,0.0,-1.0602875205865552,-0.09708393964218458,0.6010477611555473,0.18,1.11,8.16,1.458,0.9548656344413757,0.07142857142857142,0.031676046550273895,1.0,1.0,7.6,0.18600000000000005,True,True,False
24.27143621444702,forward_015,4.2714362144470215,0.15,0.0,0.0,-1.3209960776032081,0.061086523819801536,0.5301437602932776,0.0,3.23,8.17,1.227,0.8928604125976562,0.0,0.030537694605300203,1.0,1.0,7.6,0.18600000000000005,True,True,False
24.291912078857422,forward_015,4.291912078857422,0.15,0.0,0.0,-1.1977321991811087,0.05345070834232634,0.5377795757707527,0.0,3.23,8.17,1.304,0.9003617763519287,0.0,0.03097195876762271,0.0,1.0,7.6,0.18600000000000005,True,True,False
24.31239938735962,forward_015,4.312399387359619,0.15,0.0,0.0,-0.9119345341670372,0.5781403147231217,-0.20725784867432664,0.0,3.23,8.17,2.071,0.7946804165840149,0.0,0.03167494107037783,0.0,1.0,7.6,0.29200000000000004,True,True,False
24.33276915550232,forward_015,4.332769155502319,0.15,0.0,0.0,-0.2301652951067522,0.5748678223756323,-0.4243331743911214,0.23,-0.87,9.51,1.688,0.7375891804695129,0.0,0.02764679118990898,0.0,1.0,7.6,0.29200000000000004,True,True,False
24.353142738342285,forward_015,4.353142738342285,0.15,0.0,0.0,-0.33488505022641196,0.4374231437810788,-0.5377795757707527,2.19,-3.63,8.07,0.9970000000000001,0.7080981731414795,0.0,0.053756125969812274,0.0,1.0,7.6,0.29200000000000004,True,True,False
24.373516082763672,forward_015,4.373516082763672,0.15,0.0,0.0,-0.08835729338221293,0.5519603759432067,-0.40578905108868163,-1.25,-3.13,6.43,0.537,0.721918523311615,0.0,0.04452539293561131,0.0,1.0,7.6,0.29200000000000004,True,True,False
24.393901586532593,forward_015,4.393901586532593,0.15,0.0,0.0,-0.038179077387375956,0.6621342849753488,-0.4112432050011639,-1.25,-3.13,6.43,1.151,0.7177631855010986,0.0,0.1259753741323948,0.0,1.0,7.6,0.29200000000000004,True,True,False
24.414320468902588,forward_015,4.414320468902588,0.15,0.0,0.0,0.21489366415180183,0.32506757318394386,-0.0272707695624114,-1.24,-4.41,8.27,1.381,0.6529369950294495,0.0,0.06779021210968494,0.0,1.0,7.6,0.29200000000000004,True,True,False
24.43488907814026,forward_015,4.434889078140259,0.15,0.0,0.0,0.14508049407202864,0.35561083509384467,0.2792526803190927,-1.6400000000000001,-4.28,8.77,1.841,0.8293449878692627,0.0,0.07029686495661736,0.0,1.0,7.6,0.29200000000000004,True,True,False
24.455262184143066,forward_015,4.455262184143066,0.15,0.0,0.0,0.11671889372712078,0.10362892433716332,0.1832595714594046,-1.1400000000000001,-3.04,9.08,1.841,0.8931699991226196,0.0,0.06301693266141228,0.0,1.0,7.6,0.29200000000000004,True,True,False
24.475701332092285,forward_015,4.475701332092285,0.15,0.0,0.0,0.14835298641951802,0.1810779098944117,0.2814343418840856,-2.75,-3.49,8.23,1.688,0.8877032995223999,0.0,0.06381985152256675,1.0,1.0,7.6,0.29200000000000004,True,True,False
24.49616813659668,forward_015,4.49616813659668,0.15,0.0,0.0,0.5541420375081997,0.015271630954950384,0.3643374813538163,-2.5300000000000002,-2.37,6.58,1.6110000000000002,0.8448740243911743,0.0,0.08349797315895557,1.0,1.0,7.6,0.29200000000000004,True,True,False
24.516527891159058,forward_015,4.516527891159058,0.15,0.0,0.0,0.9272061651219876,-0.21380283336930536,0.2378011105842274,-0.33,-1.59,6.8500000000000005,1.381,0.8502529263496399,0.0,0.038977254182100296,1.0,1.0,7.4,1.306,True,True,False
24.537542581558228,forward_015,4.5375425815582275,0.15,0.0,0.0,1.119192382841364,-0.28361600344907856,-0.13526301702956053,-0.33,-1.59,6.8500000000000005,1.381,0.9088575839996338,0.0,0.019311733543872833,1.0,1.0,7.4,1.306,True,True,False
24.55797004699707,forward_015,4.55797004699707,0.15,0.0,0.0,0.9817477042468103,0.06763150851478027,-0.5094179754258449,-0.33,-1.59,6.8500000000000005,1.381,0.9062238335609436,0.0,0.046471286565065384,1.0,0.0,7.4,1.306,True,True,False
24.578334093093872,forward_015,4.578334093093872,0.15,0.0,0.0,0.8377580409572782,0.459239759431008,-1.0101093045917182,-0.33,-1.59,6.8500000000000005,1.458,0.8863683938980103,0.0,0.029188334941864014,1.0,0.0,7.4,1.306,True,True,False
24.598699808120728,forward_015,4.5986998081207275,0.15,0.0,0.0,0.9915651812892785,0.12326387842209953,-2.4750950454844585,-0.33,-1.59,6.8500000000000005,1.227,0.841921865940094,0.0,0.05315884202718735,1.0,1.0,7.4,1.306,True,True,False
24.619088888168335,forward_015,4.619088888168335,0.15,0.0,0.0,0.7384924397501007,0.545415391248228,-2.4696408915719763,1.17,-0.9400000000000001,5.12,1.227,0.8109359741210938,0.0,0.03295449540019035,1.0,1.0,7.4,1.306,True,True,False
24.639455318450928,forward_015,4.639455318450928,0.15,0.0,0.0,0.27052603405912107,-0.10144726277217041,-1.9885845164910392,1.8800000000000001,-0.37,6.76,0.9970000000000001,0.8032193779945374,0.0,0.05140287056565285,1.0,1.0,7.4,1.306,True,True,False
24.659863471984863,forward_015,4.659863471984863,0.15,0.0,0.0,-0.0272707695624114,-0.2378011105842274,-1.4126258633329105,-0.44,-1.1300000000000001,9.64,0.844,0.8093202710151672,0.0,0.05491842096671462,1.0,1.0,7.4,1.306,True,True,False
24.680224657058716,forward_015,4.680224657058716,0.15,0.0,0.0,-0.006544984694978736,-0.12980886311707826,-0.3752457891787809,-1.67,-0.67,7.49,1.074,0.7217251062393188,0.0,0.07396101858466864,1.0,1.0,7.4,1.306,True,True,False
24.70070505142212,forward_015,4.700705051422119,0.15,0.0,0.0,-0.05235987755982989,-0.2007128639793479,0.07526732399225546,-1.56,0.63,7.07,1.074,0.6868113875389099,0.0,0.08440401824191213,1.0,1.0,7.4,1.306,True,True,False
24.72106695175171,forward_015,4.721066951751709,0.15,0.0,0.0,-0.032724923474893676,0.2476185876266955,0.17671458676442586,-2.57,1.95,9.67,1.6110000000000002,0.7344316244125366,0.0,0.057438723742961884,1.0,1.0,7.6,0.636,True,True,False
24.741422414779663,forward_015,4.741422414779663,0.15,0.0,0.0,0.17671458676442586,0.7930339788749234,0.31634092692397225,-3.1,0.86,6.22,1.918,0.8591528534889221,0.0,0.061051974073052406,1.0,1.0,7.6,0.636,True,True,False
24.761794090270996,forward_015,4.761794090270996,0.15,0.0,0.0,0.06217735460229799,0.6043202535030366,0.23561944901923448,-0.38,1.35,9.620000000000001,1.381,0.8247528672218323,0.0,0.09009260614402592,1.0,0.0,7.6,0.636,True,True,False
24.782264947891235,forward_015,4.782264947891235,0.15,0.0,0.0,-0.2694352032766246,0.9948376736367679,0.05345070834232634,-0.38,1.35,9.620000000000001,1.458,0.815623939037323,0.0,0.04245232790708542,1.0,0.0,7.6,0.636,True,True,False
24.802640914916992,forward_015,4.802640914916992,0.15,0.0,0.0,-0.4919646829059016,0.7766715171374766,0.3567016658763411,-2.9,1.36,7.95,1.841,0.8332552313804626,0.0,0.040480174124240875,1.0,0.0,7.6,0.636,True,True,False
24.823065519332886,forward_015,4.823065519332886,0.15,0.0,0.0,-0.7057675162752071,0.7504915783575618,0.4461497900410505,-1.22,2.41,8.01,1.6110000000000002,0.8291895389556885,0.0,0.011818580329418182,1.0,1.0,7.6,0.636,True,True,False
24.843443632125854,forward_015,4.8434436321258545,0.15,0.0,0.0,-1.0635600129340446,0.29561514205653955,0.39706240482870997,-1.23,1.69,7.78,0.844,0.7983682155609131,0.0,0.020349840633571148,1.0,1.0,7.6,0.636,True,True,False
24.86383843421936,forward_015,4.86383843421936,0.15,0.0,0.0,-1.4322608174178466,0.5061454830783556,0.3239767424014474,-1.23,1.69,7.78,0.9210000000000002,0.7377975583076477,0.0,0.027700617909431458,1.0,1.0,7.6,0.636,True,True,False
24.884310483932495,forward_015,4.884310483932495,0.15,0.0,0.0,-1.0155634585042006,0.2781618495365963,0.4930555136883981,-1.23,1.69,7.78,1.074,0.7220145463943481,0.0,0.03588041663169861,0.0,1.0,7.6,0.636,True,True,False
24.904797792434692,forward_015,4.904797792434692,0.15,0.0,0.0,-0.30543261909900765,0.6708609312353204,1.2839078309983287,1.72,-0.65,6.42,0.9970000000000001,0.7767484784126282,0.0,0.03972327709197998,0.0,1.0,7.6,0.636,True,True,False
24.925156354904175,forward_015,4.925156354904175,0.15,0.0,0.0,-0.36106498900632694,-0.22580197197676638,0.08617563181722002,-1.4000000000000001,-3.7800000000000002,7.34,0.767,0.7129483819007874,0.0,0.05590962432324886,0.0,1.0,7.4,0.648,True,True,False
24.945526361465454,forward_015,4.945526361465454,0.15,0.0,0.0,-0.4537856055185257,-0.4985096676008804,0.04145156973486533,-4.4,-2.74,8.91,0.46,0.8685161471366882,0.0,0.06455808132886887,0.0,1.0,7.4,0.648,True,True,False
24.96591567993164,forward_015,4.965915679931641,0.15,0.0,0.0,-0.3436116964863836,-0.6512259771503842,0.36324665057131983,-2.68,-1.02,7.83,0.844,0.8410962820053101,0.0,0.02648452366702258,0.0,1.0,7.4,0.648,True,True,False
24.986282348632812,forward_015,4.9862823486328125,0.15,0.0,0.0,-0.2007128639793479,-0.5115996369908379,-0.02945243112740431,-3.04,-3.15,7.5600000000000005,0.9210000000000002,0.8484432697296143,0.0,0.03562835976481438,0.0,1.0,7.4,0.648,True,True,False
25.006718158721924,forward_015,5.006718158721924,0.15,0.0,0.0,-0.008726646259971648,-0.4177881896961426,0.04690572364734761,-2.43,-1.37,7.26,1.688,0.85936439037323,0.0,0.035745092667639256,0.0,1.0,7.4,0.648,True,True,False
25.02709150314331,forward_015,5.0270915031433105,0.15,0.0,0.0,0.017453292519943295,-0.3817907738737596,-0.031634092692397225,-1.53,-3.1,6.66,1.6110000000000002,0.8731065988540649,0.0,0.03875751048326492,0.0,1.0,7.4,0.648,True,True,False
25.047470331192017,forward_015,5.047470331192017,0.15,0.0,0.0,0.09599310885968812,-0.3621558197888234,-0.11562806294462433,-2.36,-1.74,7.72,1.227,0.9282017946243286,0.0,0.031115733087062836,0.0,1.0,7.4,0.648,True,True,False
25.06794500350952,forward_015,5.0679450035095215,0.15,0.0,0.0,0.3785182815262702,-0.4603305902135044,-0.45814892864851153,-2.2800000000000002,-4.03,9.18,1.688,0.949303925037384,0.0,0.03456415608525276,1.0,1.0,7.4,0.648,True,True,False
25.0883207321167,forward_015,5.088320732116699,0.15,0.0,0.0,0.7330382858376184,-0.7232208087951503,-0.495237175253391,-2.2800000000000002,-4.03,9.18,0.6899999999999998,0.9606912732124329,0.07142857142857142,0.017881172127090394,1.0,1.0,7.4,0.648,True,True,False
25.10868787765503,forward_015,5.108687877655029,0.15,0.0,0.0,1.069014166846527,-0.7581273938350369,-0.34579335805137656,0.71,-2.68,7.17,0.844,0.9395601153373718,0.0,0.028497682535089552,1.0,1.0,7.4,0.648,True,True,False
25.12904930114746,forward_015,5.129049301147461,0.15,0.0,0.0,1.1824605682261582,-0.9424777960769379,0.1090830782496456,0.71,-2.68,7.17,1.151,0.9261831641197205,0.0,0.012839971866924316,1.0,1.0,7.5,0.466,True,True,False
25.149407625198364,forward_015,5.149407625198364,0.15,0.0,0.0,0.2628902185816459,0.06654067773228381,-0.545415391248228,0.71,-2.68,7.17,1.458,0.8701468110084534,0.0,0.028033637441694736,1.0,1.0,7.5,0.466,True,True,False
25.16977548599243,forward_015,5.169775485992432,0.15,0.0,0.0,0.18980455615438332,-0.3937899124812206,-0.7766715171374766,-0.59,2.92,6.890000000000001,1.304,0.7483737468719482,0.0,0.0353965125977993,1.0,1.0,7.5,0.466,True,True,False
25.19014549255371,forward_015,5.190145492553711,0.15,0.0,0.0,0.29343348049154666,-0.5105088062083414,-0.7483099167925688,-1.28,0.19,5.51,1.227,0.7859117984771729,0.0,0.0428299019113183,1.0,1.0,7.5,0.466,True,True,False
25.210514307022095,forward_015,5.210514307022095,0.15,0.0,0.0,0.3948807432637171,-0.1265363707695889,-0.36324665057131983,-1.28,0.19,5.51,0.844,0.8167352676391602,0.0,0.04392429441213608,1.0,1.0,7.5,0.466,True,True,False
25.23107075691223,forward_015,5.2310707569122314,0.15,0.0,0.0,0.44833145160604343,-0.7668540400950086,-0.1308996938995747,-1.28,0.19,5.51,0.844,0.788037896156311,0.0,0.06134432926774025,1.0,1.0,7.5,0.466,True,True,False
25.251458168029785,forward_015,5.251458168029785,0.15,0.0,0.0,0.41996985126113556,-0.24870941840919197,-0.08944812416470939,-0.47000000000000003,1.6600000000000001,7.09,1.304,0.7046548128128052,0.0,0.03712213784456253,1.0,1.0,7.5,0.466,True,True,False
25.271841526031494,forward_015,5.271841526031494,0.15,0.0,0.0,0.36979163526629855,-0.34797501961636945,0.15707963267948966,0.8300000000000001,1.49,8.57,1.227,0.7745502591133118,0.0,0.05118793249130249,1.0,0.0,7.5,0.466,True,True,False
25.29221200942993,forward_015,5.292212009429932,0.15,0.0,0.0,0.11780972450961724,-0.1559888018969932,0.22252947962927702,-0.43,1.37,8.53,1.688,0.7988744974136353,0.0,0.059725336730480194,1.0,0.0,7.5,0.466,True,True,False
25.31258749961853,forward_015,5.31258749961853,0.15,0.0,0.0,-0.13199052468207118,0.020725784867432664,0.23452861823673804,-0.05,1.24,7.3100000000000005,1.6110000000000002,0.8661929368972778,0.0,0.05410187039524317,1.0,0.0,7.5,0.466,True,True,False
25.332961797714233,forward_015,5.332961797714233,0.15,0.0,0.0,-0.28579766501407144,0.05345070834232634,0.2552544031041707,-0.44,1.58,8.47,1.6110000000000002,0.9222669005393982,0.0,0.03255273774266243,1.0,0.0,7.4,0.7330000000000001,True,True,False
25.35332179069519,forward_015,5.35332179069519,0.15,0.0,0.0,-0.5879577917655898,0.12108221685710661,0.34143003492139073,0.61,2.22,8.97,1.765,0.9491408467292786,0.0,0.0209406316280365,1.0,1.0,7.4,0.7330000000000001,True,True,False
25.373754501342773,forward_015,5.373754501342773,0.15,0.0,0.0,-0.9686577348568529,0.210530341021816,0.5890486225480862,-0.98,3.5500000000000003,9.49,1.151,0.8878520727157593,0.0,0.03495298186317086,1.0,1.0,7.4,0.7330000000000001,True,True,False
25.394264936447144,forward_015,5.3942649364471436,0.15,0.0,0.0,-1.1181015520588673,0.25089107997418486,0.41015237421866746,0.06,4.42,8.74,1.151,0.8695803880691528,0.0,0.01937565580010414,0.0,1.0,7.4,0.7330000000000001,True,True,False
25.414708137512207,forward_015,5.414708137512207,0.15,0.0,0.0,-1.1431906600562858,0.3239767424014474,-0.016362461737446838,0.06,4.42,8.74,1.765,0.8135419487953186,0.0,0.01924462616443634,0.0,1.0,7.4,0.7330000000000001,True,True,False
25.43536400794983,forward_015,5.435364007949829,0.15,0.0,0.0,-0.6926775468852495,0.5497787143782138,-0.23671027980173096,-1.2,-1.6400000000000001,9.25,1.6110000000000002,0.6627104878425598,0.0,0.03627292439341545,0.0,1.0,7.4,0.7330000000000001,True,True,False
25.455742120742798,forward_015,5.455742120742798,0.15,0.0,0.0,-0.2454369260617026,0.45814892864851153,-0.07090400086226964,-0.1,-4.91,7.22,1.151,0.6800268888473511,0.0,0.04180856514722109,0.0,1.0,7.4,0.7330000000000001,True,True,False
25.476110219955444,forward_015,5.476110219955444,0.15,0.0,0.0,-0.0818123086872342,0.6108652381980153,-0.10253809355466686,-1.32,-2.2800000000000002,4.29,0.46,0.6884772777557373,0.0,0.033175052143633366,0.0,1.0,7.4,0.7330000000000001,True,True,False
25.49647307395935,forward_015,5.496473073959351,0.15,0.0,0.0,-0.0545415391248228,0.2792526803190927,-0.18762289458939044,-3.17,-3.95,8.85,0.767,0.6981191039085388,0.0,0.07347605749964714,0.0,1.0,7.4,0.7330000000000001,True,True,False
25.51685333251953,forward_015,5.516853332519531,0.15,0.0,0.0,-0.03381575425739013,0.1439896632895322,0.15162547876700738,-2.49,-5.82,9.23,0.9210000000000002,0.6844553351402283,0.0,0.06269287317991257,0.0,1.0,7.4,0.7330000000000001,True,True,False
25.537224531173706,forward_015,5.537224531173706,0.15,0.0,0.0,-0.15162547876700738,0.0916297857297023,0.3490658503988659,-2.05,-3.8200000000000003,7.32,1.151,0.7862364649772644,0.0,0.023061949759721756,0.0,1.0,7.3,1.2070000000000003,True,True,False
25.55828046798706,forward_015,5.5582804679870605,0.15,0.0,0.0,-0.18216874067690814,-0.1189005552921137,0.21707532571679475,-1.73,-3.22,8.870000000000001,1.765,0.8489239811897278,0.0,0.08129850216209888,0.0,1.0,7.3,1.2070000000000003,True,True,False
25.578857421875,forward_015,5.578857421875,0.15,0.0,0.0,0.10144726277217041,-0.17562375598192942,0.38942658935123475,-2.09,-2.85,8.36,1.765,0.8611343502998352,0.0,0.04271997511386871,0.0,1.0,7.3,1.2070000000000003,True,True,False
25.599241256713867,forward_015,5.599241256713867,0.15,0.0,0.0,0.4930555136883981,-0.2399827721492203,0.4166973589136462,-1.46,-2.49,6.1000000000000005,1.304,0.8437705636024475,0.0,0.01982039026916027,1.0,1.0,7.3,1.2070000000000003,True,True,False
25.619609117507935,forward_015,5.619609117507935,0.15,0.0,0.0,0.7275841319251362,-0.36106498900632694,0.15926129424448257,-1.08,-2.89,6.21,1.151,0.9194198250770569,0.0,0.018737012520432472,1.0,1.0,7.3,1.2070000000000003,True,True,False
25.639971494674683,forward_015,5.639971494674683,0.15,0.0,0.0,0.940296134511945,-0.7068583470577035,0.061086523819801536,-1.08,-2.89,6.21,1.074,0.9486405253410339,0.0,0.01297876238822937,1.0,1.0,7.3,1.2070000000000003,True,True,False
25.660446405410767,forward_015,5.660446405410767,0.15,0.0,0.0,1.1017390903214206,-0.8050331174823845,0.16144295580947549,-1.08,-2.89,6.21,0.9210000000000002,0.9396270513534546,0.0,0.017697719857096672,1.0,0.0,7.3,1.2070000000000003,True,True,False
25.680819272994995,forward_015,5.680819272994995,0.15,0.0,0.0,0.6904958853202566,-0.07744898555724837,-0.1734420944169365,-1.08,-2.89,6.21,1.381,0.9132747650146484,0.0,0.0278891921043396,1.0,0.0,7.3,1.2070000000000003,True,True,False
25.70118522644043,forward_015,5.70118522644043,0.15,0.0,0.0,0.3327033886614191,0.10362892433716332,-1.0297442586766545,-0.27,2.94,8.4,1.227,0.8183900713920593,0.0,0.040628597140312195,1.0,1.0,7.3,1.2070000000000003,True,True,False
25.721558809280396,forward_015,5.7215588092803955,0.15,0.0,0.0,0.3097959422289935,-0.3174317577064687,-1.2697270308258748,-0.27,2.94,8.4,0.9210000000000002,0.7689879536628723,0.0,0.03508109971880913,1.0,1.0,7.3,1.2070000000000003,True,True,False
25.741926431655884,forward_015,5.741926431655884,0.15,0.0,0.0,0.30652344988150415,0.22907446432425577,-1.0875582901489667,1.74,1.51,9.450000000000001,0.844,0.8269864916801453,0.0,0.050905629992485046,1.0,1.0,7.6,0.26,True,True,False
25.762284755706787,forward_015,5.762284755706787,0.15,0.0,0.0,0.2378011105842274,-0.06326818538479445,-0.8344855486097889,1.74,1.51,9.450000000000001,0.844,0.7315337061882019,0.0,0.036231957376003265,1.0,1.0,7.6,0.26,True,True,False
25.7826509475708,forward_015,5.782650947570801,0.15,0.0,0.0,0.48432886742842646,-0.08508480103472356,-0.09817477042468103,-0.34,0.43,5.75,0.844,0.7738386988639832,0.0,0.06824040459468961,1.0,1.0,7.6,0.26,True,True,False
25.803020238876343,forward_015,5.803020238876343,0.15,0.0,0.0,0.39269908169872414,-0.07963064712224129,0.2181661564992912,0.22,0.8300000000000001,7.48,0.9970000000000001,0.7472535371780396,0.0,0.06540275318548083,1.0,1.0,7.6,0.26,True,True,False
25.823394060134888,forward_015,5.823394060134888,0.15,0.0,0.0,0.17998707911191522,0.07417649320975901,0.33161255787892263,0.22,0.8300000000000001,7.48,1.151,0.7655890583992004,0.0,0.03686917945742607,1.0,1.0,7.6,0.26,True,True,False
25.8438241481781,forward_015,5.843824148178101,0.15,0.0,0.0,0.12980886311707826,0.11235557059713497,0.6239552075879728,-0.32,1.31,9.200000000000001,1.688,0.7481406331062317,0.0,0.0352020263671875,1.0,1.0,7.6,0.26,True,True,False
25.864180088043213,forward_015,5.864180088043213,0.15,0.0,0.0,-0.04908738521234052,0.37742745074377376,0.6915867161027531,-1.6300000000000001,0.71,7.74,1.534,0.8529018759727478,0.0,0.0665979664772749,1.0,0.0,7.6,0.26,True,True,False
25.88471794128418,forward_015,5.88471794128418,0.15,0.0,0.0,-0.4461497900410505,0.42978732830360367,0.5966844380255614,-1.52,2.75,9.32,1.534,0.8971719145774841,0.0,0.03912021685391664,1.0,0.0,7.6,0.26,True,True,False
25.905110359191895,forward_015,5.9051103591918945,0.15,0.0,0.0,-1.0101093045917182,0.5094179754258449,0.25416357232167425,-2.16,2.06,8.28,1.765,0.8932344317436218,0.0,0.03423888876568526,1.0,0.0,7.6,0.26,True,True,False
25.925485610961914,forward_015,5.925485610961914,0.15,0.0,0.0,-1.2719086923908676,0.26398104936414235,0.19634954084936207,0.21,1.95,9.15,1.304,0.8132668137550354,0.0,0.024958277121186256,1.0,1.0,7.6,0.26,True,True,False
25.94585156440735,forward_015,5.945851564407349,0.15,0.0,0.0,-1.1999138607461015,0.5301437602932776,0.30543261909900765,0.0,2.39,8.47,0.767,0.7794202566146851,0.0,0.010221302509307861,1.0,1.0,7.4,0.837,True,True,False
25.966232776641846,forward_015,5.966232776641846,0.15,0.0,0.0,-1.1039207518864134,0.5508695451607103,0.4265148359561143,0.0,2.39,8.47,1.304,0.7403837442398071,0.0,0.022046953439712524,0.0,1.0,7.4,0.837,True,True,False
25.986610412597656,forward_015,5.986610412597656,0.15,0.0,0.0,-0.5945027764605685,0.5890486225480862,0.3043417883165112,0.0,2.39,8.47,1.304,0.6706453561782837,0.0,0.025100331753492355,0.0,1.0,7.4,0.837,True,True,False
26.00705313682556,forward_015,6.0070531368255615,0.15,0.0,0.0,-0.18762289458939044,0.5345070834232635,0.29888763440402893,0.29,-1.6300000000000001,5.62,0.9970000000000001,0.7059823274612427,0.0,0.033486831933259964,0.0,1.0,7.4,0.837,True,True,False
26.027416944503784,forward_015,6.027416944503784,0.15,0.0,0.0,-0.14726215563702155,0.011999138607461015,-0.09490227807719166,0.96,-3.31,6.0,0.46,0.6850387454032898,0.0,0.06518356874585152,0.0,1.0,7.4,0.837,True,True,False
26.047805547714233,forward_015,6.047805547714233,0.15,0.0,0.0,-0.22580197197676638,-0.25089107997418486,0.10035643198967395,-2.88,-1.83,9.56,0.614,0.7099784016609192,0.0,0.0506727397441864,0.0,1.0,7.4,0.837,True,True,False
26.068171501159668,forward_015,6.068171501159668,0.15,0.0,0.0,-0.2814343418840856,-0.2617993877991494,0.08072147790473774,-3.5700000000000003,-4.4,9.790000000000001,0.537,0.7748851180076599,0.0,0.0439213402569294,0.0,1.0,7.4,0.837,True,True,False
26.088531970977783,forward_015,6.088531970977783,0.15,0.0,0.0,-0.18544123302439752,-0.1930770485018727,0.2519819107566813,-1.33,-2.97,7.22,1.227,0.7273395657539368,0.0,0.028204433619976044,0.0,1.0,7.4,0.837,True,True,False
26.10888671875,forward_015,6.10888671875,0.15,0.0,0.0,-0.15271630954950383,-0.2617993877991494,0.0545415391248228,-1.6500000000000001,-4.04,7.94,1.918,0.8386397957801819,0.0,0.05416611410328187,0.0,1.0,7.4,0.837,True,True,False
26.129249572753906,forward_015,6.129249572753906,0.15,0.0,0.0,-0.05672320068981571,-0.33815754257390135,0.17889624832941878,-2.57,-2.61,8.28,1.841,0.9048032760620117,0.0,0.0292881540954113,0.0,1.0,7.4,0.837,True,True,False
26.149720191955566,forward_015,6.149720191955566,0.15,0.0,0.0,0.21925698728178766,-0.25416357232167425,0.17235126363444003,-1.59,-2.29,6.2700000000000005,1.304,0.919644832611084,0.0,0.04175575450062752,0.0,1.0,7.5,0.533,True,True,False
26.170081615447998,forward_015,6.170081615447998,0.15,0.0,0.0,0.47778388273344774,-0.5563236990731926,-0.26616271092913524,-0.37,-3.72,8.41,1.381,0.9451322555541992,0.0,0.01886916346848011,1.0,1.0,7.5,0.533,True,True,False
26.19048023223877,forward_015,6.1904802322387695,0.15,0.0,0.0,0.729765793490129,-0.7472190860100724,-0.2814343418840856,-0.79,-3.91,8.16,0.614,0.9606793522834778,0.07142857142857142,0.02388270664960146,1.0,1.0,7.5,0.533,True,True,False
26.210896253585815,forward_015,6.210896253585815,0.15,0.0,0.0,1.0679233360640303,-0.940296134511945,-0.11999138607461016,0.25,-3.2,8.03,1.227,0.947830080986023,0.0,0.02113555744290352,1.0,0.0,7.5,0.533,True,True,False
26.23125457763672,forward_015,6.231254577636719,0.15,0.0,0.0,1.2500920767409385,-0.8955720724295904,0.13199052468207118,0.25,-3.2,8.03,1.381,0.9387648701667786,0.0,0.007421839050948622,1.0,0.0,7.5,0.533,True,True,False
26.251696348190308,forward_015,6.251696348190308,0.15,0.0,0.0,0.3523383427463553,0.17453292519943295,-0.21162117180431245,-0.5,5.7700000000000005,6.640000000000001,1.458,0.8469308018684387,0.0,0.045341177843511105,1.0,0.0,7.5,0.533,True,True,False
26.2721745967865,forward_015,6.272174596786499,0.15,0.0,0.0,0.19198621771937624,-0.10799224746714914,-0.4494222823885399,-1.99,3.7800000000000002,7.11,1.151,0.76655513048172,0.0,0.05248415656387806,1.0,1.0,7.5,0.533,True,True,False
26.29255723953247,forward_015,6.292557239532471,0.15,0.0,0.0,0.38942658935123475,-0.4341506514335895,-0.6283185307179586,1.24,0.46,6.5600000000000005,0.6899999999999998,0.8108282685279846,0.0,0.044064961373806,1.0,0.0,7.5,0.533,True,True,False
26.31290912628174,forward_015,6.312909126281738,0.15,0.0,0.0,0.35015668118136234,0.08726646259971647,-0.5290529295107811,1.24,0.46,6.5600000000000005,0.6899999999999998,0.8355993628501892,0.0,0.062636598944664,1.0,0.0,7.5,0.533,True,True,False
26.333388328552246,forward_015,6.333388328552246,0.15,0.0,0.0,0.3392483733563978,-0.2399827721492203,-0.13853550937704992,1.24,0.46,6.5600000000000005,0.9970000000000001,0.9392409324645996,0.0,0.07855664566159248,1.0,0.0,7.5,0.533,True,True,False
26.35375475883484,forward_015,6.353754758834839,0.15,0.0,0.0,0.40251655874119224,-0.15489797111449674,0.06872233929727672,-0.17,1.52,5.65,1.227,0.942520260810852,0.0,0.05390043556690216,1.0,0.0,7.4,0.6690000000000002,True,True,False
26.374151945114136,forward_015,6.374151945114136,0.15,0.0,0.0,0.32288591161895097,-0.13853550937704992,-0.037088246604879506,-0.28,1.19,6.6000000000000005,1.381,0.8882492184638977,0.0,0.07069383002817631,1.0,0.0,7.4,0.6690000000000002,True,True,False
26.394518852233887,forward_015,6.394518852233887,0.15,0.0,0.0,0.12217304763960307,-0.07853981633974483,0.19962203319685143,0.66,1.93,7.78,1.688,0.7954838275909424,0.0,0.04757009819149971,1.0,0.0,7.4,0.6690000000000002,True,True,False
26.414874792099,forward_015,6.414874792098999,0.15,0.0,0.0,-0.10362892433716332,-0.002181661564992912,0.4385139745635753,0.55,0.59,6.25,2.148,0.8994120359420776,0.0,0.02954593242611736,1.0,1.0,7.4,0.6690000000000002,True,True,False
26.43523359298706,forward_015,6.4352335929870605,0.15,0.0,0.0,-0.5388704065532492,-0.0272707695624114,0.6392268385429232,0.24,1.9000000000000001,9.19,1.151,0.9492345452308655,0.0,0.031150102615356445,1.0,1.0,7.4,0.6690000000000002,True,True,False
26.455604076385498,forward_015,6.455604076385498,0.15,0.0,0.0,-1.2500920767409385,0.05345070834232634,0.5770494839406252,0.24,1.9000000000000001,9.19,1.227,0.949463963508606,0.0,0.04062691517174244,1.0,1.0,7.4,0.6690000000000002,True,True,False
26.47597336769104,forward_015,6.47597336769104,0.15,0.0,0.0,-1.0581058590215622,0.21271200258680892,0.15271630954950383,0.24,1.9000000000000001,9.19,1.227,0.9428791999816895,0.0,0.022034700959920883,1.0,1.0,7.4,0.6690000000000002,True,True,False
26.496461153030396,forward_015,6.4964611530303955,0.15,0.0,0.0,-0.7853981633974483,0.7603090554000298,0.17453292519943295,-2.11,0.14,8.84,1.765,0.8482657074928284,0.0,0.03918514307588339,1.0,1.0,7.4,0.6690000000000002,True,True,False
26.516825199127197,forward_015,6.516825199127197,0.15,0.0,0.0,-0.6828600698427815,0.7984881327874057,-0.055632369907319255,-2.11,0.14,8.84,1.841,0.7839627861976624,0.0,0.035618849098682404,0.0,1.0,7.4,0.6690000000000002,True,True,False
26.537190675735474,forward_015,6.537190675735474,0.15,0.0,0.0,-0.7777623479199731,0.7788531787024695,-0.7832165018324554,-2.11,0.14,8.84,1.6110000000000002,0.7483147382736206,0.0,0.03521815477870405,0.0,1.0,7.4,0.6690000000000002,True,True,False
26.557562112808228,forward_015,6.5575621128082275,0.15,0.0,0.0,-0.5541420375081997,0.9632035809443706,-0.4756022211684548,-1.26,-2.41,7.5200000000000005,0.9210000000000002,0.7688073515892029,0.0,0.03325243480503559,0.0,1.0,7.4,0.7340000000000001,True,True,False
26.5785174369812,forward_015,6.578517436981201,0.15,0.0,0.0,-0.09490227807719166,0.7581273938350369,0.08944812416470939,-0.8,-3.8000000000000003,6.91,0.537,0.8429239392280579,0.0,0.07932816818356514,0.0,1.0,7.4,0.7340000000000001,True,True,False
26.598908185958862,forward_015,6.598908185958862,0.15,0.0,0.0,0.13199052468207118,0.2999784651865254,0.29670597283903605,-0.53,-2.35,9.540000000000001,0.537,0.8203032612800598,0.0,0.11479252204298973,0.0,1.0,7.4,0.7340000000000001,True,True,False
26.619276523590088,forward_015,6.619276523590088,0.15,0.0,0.0,0.02399827721492203,0.18435040224190105,0.38069994309126315,-2.48,-3.5,8.3,0.9970000000000001,0.7437166571617126,0.0,0.20289331674575806,0.0,1.0,7.4,0.7340000000000001,True,True,False
26.639650583267212,forward_015,6.639650583267212,0.15,0.0,0.0,-0.04254240051736178,0.07308566242726255,0.5770494839406252,-1.48,-3.35,7.9,1.304,0.8075089454650879,0.0,0.044297754764556885,0.0,1.0,7.4,0.7340000000000001,True,True,False
26.660022974014282,forward_015,6.660022974014282,0.15,0.0,0.0,-0.06872233929727672,0.1461713248545251,0.6588617926278594,-2.25,-3.12,7.73,1.841,0.9452922940254211,0.0,0.18486608564853668,0.0,1.0,7.4,0.7340000000000001,True,True,False
26.680405378341675,forward_015,6.680405378341675,0.15,0.0,0.0,0.007635815477475192,0.04036073895236887,0.6119560689805118,-2.35,-3.27,8.83,1.918,0.8650415539741516,0.0,0.07642604690045118,0.0,1.0,7.4,0.7340000000000001,True,True,False
26.700895309448242,forward_015,6.700895309448242,0.15,0.0,0.0,0.37742745074377376,0.13308135546456762,0.6185010536754906,-2.52,-2.58,4.8,1.688,0.7905711531639099,0.0,0.032803066074848175,1.0,1.0,7.4,0.7340000000000001,True,True,False
26.721261739730835,forward_015,6.721261739730835,0.15,0.0,0.0,0.8912087492996045,-0.17998707911191522,0.5214171140333059,1.55,-1.92,6.57,1.304,0.7511635422706604,0.0,0.06051790714263916,1.0,1.0,7.4,0.7340000000000001,True,True,False
26.741632223129272,forward_015,6.7416322231292725,0.15,0.0,0.0,1.1093749057988957,-0.3021601267515183,0.32070425005395803,1.55,-1.92,6.57,1.381,0.9036237597465515,0.0,0.026985764503479004,1.0,1.0,7.4,0.7340000000000001,True,True,False
26.761998653411865,forward_015,6.761998653411865,0.15,0.0,0.0,1.2664545384783854,-0.5312345910757741,0.2781618495365963,1.55,-1.92,6.57,1.151,0.9135012030601501,0.0,0.017743639647960663,1.0,1.0,7.5,0.687,True,True,False
26.7823646068573,forward_015,6.7823646068573,0.15,0.0,0.0,0.892299580082101,0.29343348049154666,-0.8104872713948668,1.55,-1.92,6.57,1.304,0.8837690949440002,0.0,0.03764323703944683,1.0,1.0,7.5,0.687,True,True,False
26.802729606628418,forward_015,6.802729606628418,0.15,0.0,0.0,0.7646723785300157,0.2716168648416175,-2.0365810709208834,1.55,-1.92,6.57,1.534,0.8359459042549133,0.0,0.03114192932844162,1.0,1.0,7.5,0.687,True,True,False
26.823151111602783,forward_015,6.823151111602783,0.15,0.0,0.0,0.8639379797371931,0.36979163526629855,-2.1707532571679473,0.17,0.42,5.07,1.458,0.8052346706390381,0.0,0.04371390491724014,1.0,1.0,7.5,0.687,True,True,False
26.843589544296265,forward_015,6.843589544296265,0.15,0.0,0.0,0.47778388273344774,0.6141377305455047,-2.0300360862259046,0.66,-2.06,6.69,1.151,0.879483699798584,0.0,0.050081017427146435,1.0,1.0,7.5,0.687,True,True,False
26.863958835601807,forward_015,6.863958835601807,0.15,0.0,0.0,0.3327033886614191,-0.1538071403320003,-1.475894048717705,0.66,-2.06,6.69,0.844,0.8113319873809814,0.0,0.03526483941823244,1.0,1.0,7.5,0.687,True,True,False
26.884329319000244,forward_015,6.884329319000244,0.15,0.0,0.0,0.3327033886614191,-0.1538071403320003,-1.475894048717705,-2.14,0.64,7.3500000000000005,1.151,0.7386424541473389,0.0,0.08586904406547546,1.0,1.0,7.5,0.687,True,True,False
26.90469789505005,forward_015,6.904697895050049,0.15,0.0,0.0,0.3621558197888234,0.33815754257390135,0.385063266221249,-2.17,2.14,6.78,1.151,0.6789401173591614,0.0,0.08101346530020237,1.0,1.0,7.5,0.687,True,True,False
26.92507243156433,forward_015,6.925072431564331,0.15,0.0,0.0,0.17780541754692233,0.48978302134090873,0.1930770485018727,-2.46,2.39,8.91,1.534,0.7970698475837708,0.0,0.05780109576880932,1.0,0.0,7.5,0.687,True,True,False
26.945435523986816,forward_015,6.945435523986816,0.15,0.0,0.0,0.10690141668465268,0.5486878835957173,-0.10690141668465268,-1.56,2.11,8.370000000000001,1.765,0.8254392743110657,0.0,0.0619080625474453,1.0,0.0,7.5,0.687,True,True,False
26.96580457687378,forward_015,6.965804576873779,0.15,0.0,0.0,-0.032724923474893676,0.65558930028037,-0.001090830782496456,-2.82,1.79,6.8100000000000005,1.918,0.8174138069152832,0.0,0.06260017491877079,1.0,0.0,7.3,1.104,True,True,False
26.986165046691895,forward_015,6.9861650466918945,0.15,0.0,0.0,-0.40578905108868163,0.3370667117914049,-0.07963064712224129,-2.82,1.79,6.8100000000000005,2.378,0.8233693242073059,0.0,0.07183258980512619,1.0,0.0,7.3,1.104,True,True,False
27.006535053253174,forward_015,7.006535053253174,0.15,0.0,0.0,-0.866119641302186,0.5639595145506677,-0.49632800603588745,-2.98,0.84,7.54,2.071,0.873145341873169,0.0,0.03187326528131962,1.0,0.0,7.3,1.104,True,True,False
27.026954412460327,forward_015,7.026954412460327,0.15,0.0,0.0,-1.038470904936626,0.0545415391248228,-0.21162117180431245,0.13,2.5,7.78,1.227,0.8320567011833191,0.0,0.024275038624182343,1.0,1.0,7.3,1.104,True,True,False
27.04734230041504,forward_015,7.047342300415039,0.15,0.0,0.0,-1.0341075818066403,-0.007635815477475192,0.10253809355466686,-2.23,4.2,6.95,0.9210000000000002,0.8202420473098755,0.0,0.026402786374092102,1.0,1.0,7.3,1.104,True,True,False
27.067713260650635,forward_015,7.067713260650635,0.15,0.0,0.0,-1.1791880758786688,-0.4068798818711781,-0.49632800603588745,-2.23,4.2,6.95,0.9210000000000002,0.8591654300689697,0.0,0.031198914628475908,0.0,1.0,7.3,1.104,True,True,False
27.088082313537598,forward_015,7.088082313537598,0.15,0.0,0.0,-0.519235452468313,-0.0545415391248228,0.03490658503988659,-2.23,4.2,6.95,1.151,0.7352033853530884,0.0,0.0261751925572753,0.0,1.0,7.3,1.104,True,True,False
27.108569145202637,forward_015,7.108569145202637,0.15,0.0,0.0,-0.1265363707695889,0.004363323129985824,0.4559672670835186,0.16,-0.86,4.95,0.9970000000000001,0.72189861536026,0.0,0.04241149686276913,0.0,1.0,7.3,1.104,True,True,False
27.12895393371582,forward_015,7.12895393371582,0.15,0.0,0.0,-0.06217735460229799,-0.767944870877505,-0.37306412761378793,-0.19,-3.33,4.7,0.614,0.7366459965705872,0.0,0.06355793960392475,0.0,1.0,7.3,1.104,True,True,False
27.149325132369995,forward_015,7.149325132369995,0.15,0.0,0.0,-0.28907015736156083,-1.05265170510908,-0.19962203319685143,-4.53,-3.0,8.66,0.6899999999999998,0.8814194202423096,0.0,0.05695974826812744,0.0,1.0,7.3,1.104,True,True,False
27.16968870162964,forward_015,7.169688701629639,0.15,0.0,0.0,-0.2748893571891069,-0.9653852425093635,0.1308996938995747,-4.26,-1.77,9.78,0.614,0.8891734480857849,0.0,0.023796919733285904,0.0,1.0,7.6,0.5209999999999999,True,True,False
27.190085887908936,forward_015,7.1900858879089355,0.15,0.0,0.0,-0.2181661564992912,-0.7068583470577035,-0.10362892433716332,-2.52,-1.8800000000000001,7.38,1.151,0.842991292476654,0.0,0.011430874466896057,0.0,1.0,7.6,0.5209999999999999,True,True,False
27.21057367324829,forward_015,7.210573673248291,0.15,0.0,0.0,-0.08835729338221293,-0.8835729338221293,-0.37306412761378793,-1.12,-4.14,8.55,1.688,0.8666244149208069,0.0,0.022137347608804703,0.0,1.0,7.6,0.5209999999999999,True,True,False
27.23108148574829,forward_015,7.231081485748291,0.15,0.0,0.0,-0.04581489286485115,-0.7494007475750653,0.007635815477475192,-1.68,-2.21,7.54,1.765,0.9101232886314392,0.0,0.04819525219500065,0.0,1.0,7.6,0.5209999999999999,True,True,False
27.251463651657104,forward_015,7.2514636516571045,0.15,0.0,0.0,0.30652344988150415,-0.9217520112095053,-0.08508480103472356,-1.68,-2.21,7.54,1.381,0.9383332133293152,0.0,0.0296914572827518,1.0,1.0,7.6,0.5209999999999999,True,True,False
27.27196717262268,forward_015,7.271967172622681,0.15,0.0,0.0,0.6337726846304409,-0.8584838258247108,-0.7035858547102141,0.81,-4.0200000000000005,8.11,1.227,0.9302175045013428,0.0,0.05289792362600565,1.0,1.0,7.6,0.5209999999999999,True,True,False
27.292343854904175,forward_015,7.292343854904175,0.15,0.0,0.0,0.9773843811168246,-1.002473489114243,-0.5563236990731926,1.76,-3.52,8.39,0.767,0.934238612651825,0.0,0.02497171238064766,1.0,1.0,7.6,0.5209999999999999,True,True,False
27.312827110290527,forward_015,7.312827110290527,0.15,0.0,0.0,1.1388273369263,-0.581412807070611,-0.07090400086226964,1.76,-3.52,8.39,1.074,0.9313495755195618,0.0,0.029218060430139296,1.0,0.0,7.6,0.5209999999999999,True,True,False
27.333199501037598,forward_015,7.333199501037598,0.15,0.0,0.0,0.5759586531581288,-0.12326387842209953,-0.16471544815696484,1.76,-3.52,8.39,1.074,0.9585356712341309,0.07142857142857142,0.018873557448387146,1.0,0.0,7.6,0.5209999999999999,True,True,False
27.353651762008667,forward_015,7.353651762008667,0.15,0.0,0.0,0.22580197197676638,-0.0719948316447661,-0.4428772976935611,1.76,-3.52,8.39,1.381,0.9609236717224121,0.07142857142857142,0.014552486129105091,1.0,0.0,7.6,0.5209999999999999,True,True,False
27.374016046524048,forward_015,7.374016046524048,0.15,0.0,0.0,0.06654067773228381,0.019634954084936207,-0.6566801310628665,0.29,3.47,8.38,1.381,0.8936261534690857,0.0,0.038975052535533905,1.0,0.0,7.6,0.24500000000000002,True,True,False
27.39437961578369,forward_015,7.394379615783691,0.15,0.0,0.0,0.1189005552921137,-0.16035212502697901,-0.6348635154129374,2.09,0.92,7.43,0.844,0.9472267031669617,0.0,0.07734045572578907,1.0,0.0,7.6,0.24500000000000002,True,True,False
27.41476607322693,forward_015,7.414766073226929,0.15,0.0,0.0,0.03490658503988659,-0.3948807432637171,-0.1090830782496456,2.6,1.1500000000000001,8.48,0.537,0.9578940272331238,0.07142857142857142,0.07466134335845709,1.0,1.0,7.6,0.24500000000000002,True,True,False
27.435285568237305,forward_015,7.435285568237305,0.15,0.0,0.0,0.013089969389957472,-0.4341506514335895,0.10362892433716332,-0.61,2.16,8.120000000000001,1.151,0.9139080047607422,0.0,0.0984032079577446,1.0,1.0,7.6,0.24500000000000002,True,True,False
27.455644607543945,forward_015,7.455644607543945,0.15,0.0,0.0,-0.07090400086226964,-0.5203262832508095,0.06326818538479445,0.73,1.0,7.62,1.304,0.9143121242523193,0.0,0.12758349627256393,1.0,1.0,7.6,0.24500000000000002,True,True,False
27.47602081298828,forward_015,7.476020812988281,0.15,0.0,0.0,-0.2378011105842274,-0.37306412761378793,0.26616271092913524,-0.14,0.68,6.76,1.458,0.8925204873085022,0.0,0.09332510083913803,1.0,1.0,7.6,0.24500000000000002,True,True,False
27.496476411819458,forward_015,7.496476411819458,0.15,0.0,0.0,-0.2552544031041707,-0.009817477042468103,0.37742745074377376,-0.14,0.68,6.76,1.534,0.8133237957954407,0.0,0.062086564023047686,1.0,1.0,7.6,0.24500000000000002,True,True,False
27.51685857772827,forward_015,7.5168585777282715,0.15,0.0,0.0,0.08726646259971647,0.4145156973486533,0.5628686837681712,-0.14,0.68,6.76,2.608,0.829559326171875,0.0,0.06400584056973457,1.0,1.0,7.6,0.24500000000000002,True,True,False
27.53724241256714,forward_015,7.537242412567139,0.15,0.0,0.0,-0.028361600344907856,0.7570365630525404,1.4071717094204281,0.19,-2.05,5.57,1.995,0.8404000401496887,0.0,0.08567656576633453,1.0,1.0,7.6,0.24500000000000002,True,True,False
27.557709455490112,forward_015,7.557709455490112,0.15,0.0,0.0,-0.3959715740462135,0.459239759431008,1.8685931304164292,0.5,-0.41000000000000003,7.68,1.381,0.926905632019043,0.0,0.04411264881491661,1.0,1.0,7.6,0.24500000000000002,True,True,False
27.578219175338745,forward_015,7.578219175338745,0.15,0.0,0.0,-1.100648259538924,0.3076142806640006,1.5435255572324853,0.5,-0.41000000000000003,7.68,1.534,0.8890347480773926,0.0,0.01923167146742344,1.0,1.0,7.4,0.812,True,True,False
27.59918975830078,forward_015,7.599189758300781,0.15,0.0,0.0,-1.3919000784654778,0.35997415822383044,1.028653427894158,0.5,-0.41000000000000003,7.68,2.071,0.7557404637336731,0.0,0.03660886362195015,1.0,1.0,7.4,0.812,True,True,False
27.61955499649048,forward_015,7.6195549964904785,0.15,0.0,0.0,-1.1039207518864134,0.8868454261696187,0.3327033886614191,0.5,-0.41000000000000003,7.68,1.995,0.6906510591506958,0.0,0.03877689503133297,0.0,1.0,7.4,0.812,True,True,False
27.639930725097656,forward_015,7.639930725097656,0.15,0.0,0.0,-0.4494222823885399,0.6512259771503842,0.1538071403320003,0.5,-0.41000000000000003,7.68,1.227,0.7104735970497131,0.0,0.022641323506832123,0.0,1.0,7.4,0.812,True,True,False
27.66040277481079,forward_015,7.660402774810791,0.15,0.0,0.0,0.061086523819801536,0.7690357016600015,-0.7035858547102141,0.48,-2.09,5.72,0.844,0.7055839896202087,0.0,0.027744127437472343,0.0,1.0,7.4,0.812,True,True,False
27.68076515197754,forward_015,7.680765151977539,0.15,0.0,0.0,0.32834006553143325,0.34470252726888007,-0.4701480672559725,-2.23,-3.46,6.83,0.6899999999999998,0.6417025923728943,0.0,0.06613853015005589,1.0,1.0,7.4,0.812,True,True,False
27.701136827468872,forward_015,7.701136827468872,0.15,0.0,0.0,0.4188790204786391,0.08508480103472356,-0.07090400086226964,-3.96,-3.0,9.67,0.6899999999999998,0.6759164929389954,0.0,0.11751955095678568,0.0,1.0,7.4,0.812,True,True,False
27.72159218788147,forward_015,7.72159218788147,0.15,0.0,0.0,0.46469391334349025,0.06763150851478027,0.001090830782496456,-2.68,-2.69,9.05,1.151,0.5636870861053467,0.0,0.05898035038262606,0.0,1.0,7.4,0.812,True,True,False
27.74196696281433,forward_015,7.741966962814331,0.15,0.0,0.0,0.34797501961636945,0.009817477042468103,0.07744898555724837,-0.18,-1.96,8.14,1.688,0.6774352192878723,0.0,0.02813337743282318,0.0,1.0,7.4,0.812,True,True,False
27.762336492538452,forward_015,7.762336492538452,0.15,0.0,0.0,0.2781618495365963,0.20725784867432664,0.15926129424448257,-2.86,-2.02,7.7700000000000005,1.6110000000000002,0.8470658659934998,0.0,0.12095410749316216,0.0,1.0,7.4,0.812,True,True,False
27.78281021118164,forward_015,7.782810211181641,0.15,0.0,0.0,0.40578905108868163,0.08399397025222712,0.16689710972195776,-3.5300000000000002,-2.0,8.71,1.304,0.8381739854812622,0.0,0.05224012956023216,1.0,1.0,7.0,1.8840000000000001,True,True,False
27.803178548812866,forward_015,7.803178548812866,0.15,0.0,0.0,0.7210391472301574,-0.002181661564992912,0.07417649320975901,-0.19,-0.31,9.07,1.074,0.7632470726966858,0.0,0.06444760551676154,1.0,1.0,7.0,1.8840000000000001,True,True,False
27.823542594909668,forward_015,7.823542594909668,0.15,0.0,0.0,0.7079491778402,0.05235987755982989,-0.4908738521234052,-0.19,-0.31,9.07,0.9970000000000001,0.8753399848937988,0.0,0.03098310763016343,1.0,1.0,7.0,1.8840000000000001,True,True,False
27.843990802764893,forward_015,7.843990802764893,0.15,0.0,0.0,0.6021385919380436,-0.33052172709642613,-0.9686577348568529,-0.19,-0.31,9.07,0.844,0.9572224617004395,0.07142857142857142,0.03875918686389923,1.0,1.0,7.0,1.8840000000000001,True,True,False
27.864351272583008,forward_015,7.864351272583008,0.15,0.0,0.0,0.607592745850526,0.06981317007977318,-1.6787885742620456,-0.19,-0.31,9.07,0.844,0.943779706954956,0.0,0.021778269670903683,1.0,1.0,7.0,1.8840000000000001,True,True,False
27.884721040725708,forward_015,7.884721040725708,0.15,0.0,0.0,0.6643159465403417,-0.09381144729469522,-1.9165896848462731,-0.19,-0.31,9.07,1.074,0.9339970946311951,0.0,0.018617644906044006,1.0,1.0,7.0,1.8840000000000001,True,True,False
27.9050931930542,forward_015,7.905093193054199,0.15,0.0,0.0,0.4166973589136462,0.08726646259971647,-1.6744252511320599,0.32,-2.31,7.62,1.304,0.8899388909339905,0.0,0.024456923827528954,1.0,1.0,7.0,1.8840000000000001,True,True,False
27.925565242767334,forward_015,7.925565242767334,0.15,0.0,0.0,0.16253378659197193,-0.3043417883165112,-1.0155634585042006,0.45,-1.01,8.92,1.074,0.842545747756958,0.0,0.039142364636063576,1.0,1.0,7.0,1.8840000000000001,True,True,False
27.946045875549316,forward_015,7.946045875549316,0.15,0.0,0.0,0.05999569303730508,-0.08399397025222712,-0.2683443724941282,-1.6600000000000001,-1.12,9.06,0.767,0.8033470511436462,0.0,0.07792924344539642,1.0,1.0,7.0,1.8840000000000001,True,True,False
27.966521739959717,forward_015,7.966521739959717,0.15,0.0,0.0,0.09381144729469522,0.030543261909900768,0.40251655874119224,-0.62,0.01,7.15,0.767,0.8861433863639832,0.0,0.04355107166338712,1.0,1.0,7.0,1.8840000000000001,True,True,False
27.986893892288208,forward_015,7.986893892288208,0.15,0.0,0.0,0.019634954084936207,0.06435901616729091,0.6992225315802283,0.51,0.19,7.890000000000001,0.9210000000000002,0.8405464887619019,0.0,0.06516585208009928,1.0,1.0,7.5,0.4870000000000001,True,True,False
28.007256031036377,forward_015,8.007256031036377,0.15,0.0,0.0,-0.07853981633974483,0.42542400517361784,0.667588438887831,-2.12,1.62,9.24,1.304,0.7340012192726135,0.0,0.08653607964515686,1.0,1.0,7.5,0.4870000000000001,True,True,False
28.027618885040283,forward_015,8.027618885040283,0.15,0.0,0.0,-0.12762720155208535,0.4177881896961426,0.29343348049154666,-2.2800000000000002,2.06,9.42,1.688,0.750949501991272,0.0,0.047000449150800705,1.0,1.0,7.5,0.4870000000000001,True,True,False
28.047993183135986,forward_015,8.047993183135986,0.15,0.0,0.0,-0.15271630954950383,0.4079707126536745,-0.25089107997418486,-1.1300000000000001,2.12,7.67,1.995,0.7981218099594116,0.0,0.05195947736501694,1.0,1.0,7.5,0.4870000000000001,True,True,False
28.068347930908203,forward_015,8.068347930908203,0.15,0.0,0.0,-0.40033489717619936,0.3337942194439155,-0.7155849933176751,-1.34,0.45,7.7,1.151,0.8115699887275696,0.0,0.06632046867161989,1.0,0.0,7.5,0.4870000000000001,True,True,False
28.088706493377686,forward_015,8.088706493377686,0.15,0.0,0.0,-0.5759586531581288,-0.04908738521234052,-0.39051742013373125,-1.34,0.45,7.7,1.227,0.8790608644485474,0.0,0.03118302673101425,1.0,0.0,7.5,0.4870000000000001,True,True,False
28.109177827835083,forward_015,8.109177827835083,0.15,0.0,0.0,-0.6763150851478027,0.1832595714594046,-0.03490658503988659,-1.93,1.2,6.75,1.688,0.8561097979545593,0.0,0.023791566491127014,1.0,1.0,7.5,0.4870000000000001,True,True,False
28.12954592704773,forward_015,8.12954592704773,0.15,0.0,0.0,-0.7930339788749234,-0.33052172709642613,0.22580197197676638,-0.13,3.0700000000000003,8.91,1.534,0.9227453470230103,0.0,0.02234405418857932,1.0,1.0,7.5,0.4870000000000001,True,True,False
28.14990782737732,forward_015,8.14990782737732,0.15,0.0,0.0,-1.0777408131064985,0.11017390903214205,0.05345070834232634,-0.13,3.0700000000000003,8.91,0.844,0.8817770481109619,0.0,0.03235941380262375,1.0,1.0,7.5,0.4870000000000001,True,True,False
28.170271158218384,forward_015,8.170271158218384,0.15,0.0,0.0,-0.3010692959690218,0.12108221685710661,0.40251655874119224,-0.13,3.0700000000000003,8.91,1.151,0.836529016494751,0.0,0.02669600397348404,0.0,1.0,7.5,0.4870000000000001,True,True,False
28.19076943397522,forward_015,8.19076943397522,0.15,0.0,0.0,-0.18216874067690814,0.19962203319685143,0.061086523819801536,0.6,-1.46,5.3100000000000005,1.151,0.7321316003799438,0.0,0.033861966454423964,0.0,1.0,7.4,0.6280000000000001,True,True,False
28.21113109588623,forward_015,8.21113109588623,0.15,0.0,0.0,-0.05345070834232634,-0.09053895494720585,-0.6130468997630083,-1.1500000000000001,-2.5,4.34,0.614,0.7301432490348816,0.0,0.04351663216948509,0.0,1.0,7.4,0.6280000000000001,True,True,False
28.23150062561035,forward_015,8.231500625610352,0.15,0.0,0.0,-0.08726646259971647,-0.3817907738737596,-0.519235452468313,-1.1500000000000001,-2.5,4.34,0.384,0.7082404494285583,0.0,0.07012341171503067,0.0,1.0,7.4,0.6280000000000001,True,True,False
28.251873254776,forward_015,8.251873254776001,0.15,0.0,0.0,0.013089969389957472,-0.09926560120717749,0.09708393964218458,-2.66,-2.62,8.23,0.614,0.6701990962028503,0.0,0.03532571345567703,0.0,1.0,7.4,0.6280000000000001,True,True,False
28.272232055664062,forward_015,8.272232055664062,0.15,0.0,0.0,-0.09053895494720585,-0.4079707126536745,-0.10144726277217041,-1.75,-3.54,7.25,0.9970000000000001,0.7405459880828857,0.0,0.036248184740543365,0.0,1.0,7.4,0.6280000000000001,True,True,False
28.29271912574768,forward_015,8.29271912574768,0.15,0.0,0.0,-0.061086523819801536,-0.4068798818711781,0.14289883250703572,-2.06,-3.0700000000000003,8.77,1.381,0.7786304354667664,0.0,0.02925354614853859,0.0,1.0,7.4,0.6280000000000001,True,True,False
28.31308102607727,forward_015,8.31308102607727,0.15,0.0,0.0,-0.003272492347489368,-0.3337942194439155,0.35124751196385884,-1.8,-2.5100000000000002,8.59,1.381,0.8441065549850464,0.0,0.029834779910743237,0.0,1.0,7.4,0.6280000000000001,True,True,False
28.33344006538391,forward_015,8.333440065383911,0.15,0.0,0.0,0.3174317577064687,-0.4636030825609938,0.014180800172453928,0.67,-1.69,8.24,1.6110000000000002,0.8680403828620911,0.0,0.04026082158088684,1.0,1.0,7.4,0.6280000000000001,True,True,False
28.353808403015137,forward_015,8.353808403015137,0.15,0.0,0.0,0.729765793490129,-0.6544984694978736,-0.533416252640767,0.27,-2.32,7.57,1.458,0.9200785756111145,0.0,0.036163732409477234,1.0,1.0,7.4,0.6280000000000001,True,True,False
28.374159812927246,forward_015,8.374159812927246,0.15,0.0,0.0,1.0657416744990376,-0.7897614865274342,-0.4908738521234052,0.27,-2.32,7.57,0.9970000000000001,0.9308882355690002,0.0,0.02348201349377632,1.0,1.0,7.4,0.6280000000000001,True,True,False
28.394532680511475,forward_015,8.394532680511475,0.15,0.0,0.0,0.990474350506782,-0.38069994309126315,-0.5399612373357457,0.27,-2.32,7.57,0.9210000000000002,0.9465214610099792,0.0,0.0350775383412838,1.0,1.0,7.5,0.7140000000000001,True,True,False
28.41498303413391,forward_015,8.414983034133911,0.15,0.0,0.0,0.990474350506782,-0.38069994309126315,-0.5399612373357457,0.27,-2.32,7.57,0.9970000000000001,0.9541980624198914,0.07142857142857142,0.013157451525330544,1.0,1.0,7.5,0.7140000000000001,True,True,False
28.435436487197876,forward_015,8.435436487197876,0.15,0.0,0.0,0.26398104936414235,0.13526301702956053,-1.150826475533761,0.27,-2.32,7.57,1.227,0.9463202953338623,0.0,0.024443574249744415,1.0,1.0,7.5,0.7140000000000001,True,True,False
28.455806255340576,forward_015,8.455806255340576,0.15,0.0,0.0,0.23671027980173096,-0.11126473981463851,-1.036289243371633,1.41,0.08,6.19,1.381,0.921512246131897,0.0,0.03528209729120135,1.0,1.0,7.5,0.7140000000000001,True,True,False
28.477632999420166,forward_015,8.477632999420166,0.15,0.0,0.0,0.23671027980173096,-0.11126473981463851,-1.036289243371633,-0.12,-1.6,5.92,1.227,0.818623960018158,0.0,0.03056970238685608,1.0,1.0,7.5,0.7140000000000001,True,True,False
28.49801754951477,forward_015,8.49801754951477,0.15,0.0,0.0,0.10471975511965978,-0.32288591161895097,-0.04799655442984406,-0.12,-1.6,5.92,0.844,0.8188157081604004,0.0,0.031069662421941757,1.0,1.0,7.5,0.7140000000000001,True,True,False
28.518600702285767,forward_015,8.518600702285767,0.15,0.0,0.0,0.3665191429188092,-0.10799224746714914,0.4919646829059016,-0.15,1.03,9.450000000000001,0.844,0.8342105746269226,0.0,0.06886326521635056,1.0,1.0,7.5,0.7140000000000001,True,True,False
28.5390682220459,forward_015,8.539068222045898,0.15,0.0,0.0,0.2683443724941282,-0.1559888018969932,0.5879577917655898,0.02,0.38,6.84,0.6899999999999998,0.8666175007820129,0.0,0.07256949692964554,1.0,1.0,7.5,0.7140000000000001,True,True,False
28.559456825256348,forward_015,8.559456825256348,0.15,0.0,0.0,0.07744898555724837,-0.13199052468207118,0.657770961845363,-0.39,0.51,8.14,0.9210000000000002,0.7173502445220947,0.0,0.053889949806034565,1.0,1.0,7.5,0.7140000000000001,True,True,False
28.57983684539795,forward_015,8.57983684539795,0.15,0.0,0.0,-0.03599741582238305,0.28688849579656794,0.7581273938350369,-1.1,1.54,8.44,1.304,0.7876924872398376,0.0,0.06298157200217247,1.0,1.0,7.5,0.7140000000000001,True,True,False
28.60021686553955,forward_015,8.60021686553955,0.15,0.0,0.0,-0.10799224746714914,0.22907446432425577,0.5126904677733343,-1.23,1.98,8.76,1.765,0.8238633275032043,0.0,0.055525198578834534,1.0,0.0,7.6,0.33100000000000007,True,True,False
28.621753931045532,forward_015,8.621753931045532,0.15,0.0,0.0,-0.2552544031041707,0.1505346479845109,-0.016362461737446838,-0.01,2.04,9.35,1.995,0.8768624067306519,0.0,0.06109744368586689,1.0,0.0,7.6,0.33100000000000007,True,True,False
28.64214062690735,forward_015,8.642140626907349,0.15,0.0,0.0,-0.39924406639370286,0.2454369260617026,-0.35452000431134817,-0.8,1.2,9.59,1.304,0.8614051342010498,0.0,0.02944888675119728,1.0,0.0,7.6,0.33100000000000007,True,True,False
28.66253399848938,forward_015,8.66253399848938,0.15,0.0,0.0,-0.753764070705051,0.4188790204786391,-0.38288160465625604,0.01,2.11,9.75,1.688,0.8961753249168396,0.0,0.02606373280286789,1.0,1.0,7.6,0.33100000000000007,True,True,False
28.682921171188354,forward_015,8.682921171188354,0.15,0.0,0.0,-0.7755806863549802,0.1734420944169365,-0.1090830782496456,-1.8900000000000001,1.74,8.93,1.688,0.8761880397796631,0.0,0.03051723400130868,1.0,1.0,7.6,0.33100000000000007,True,True,False
28.703495502471924,forward_015,8.703495502471924,0.15,0.0,0.0,-0.7275841319251362,0.21380283336930536,0.2399827721492203,-0.55,1.81,8.63,1.074,0.8717584609985352,0.0,0.02426629327237606,0.0,1.0,7.6,0.33100000000000007,True,True,False
28.723962545394897,forward_015,8.723962545394897,0.15,0.0,0.0,-0.8279405639148101,0.21162117180431245,0.22907446432425577,-0.55,1.81,8.63,1.6110000000000002,0.7929252982139587,0.0,0.025186743587255478,0.0,1.0,7.6,0.33100000000000007,True,True,False
28.74450135231018,forward_015,8.74450135231018,0.15,0.0,0.0,-0.07526732399225546,0.5345070834232635,0.6021385919380436,-0.55,1.81,8.63,1.151,0.7477536797523499,0.0,0.026828110218048096,0.0,1.0,7.6,0.33100000000000007,True,True,False
28.764872550964355,forward_015,8.764872550964355,0.15,0.0,0.0,-0.15162547876700738,0.605411084285533,0.22907446432425577,-0.42,-3.46,2.46,0.6899999999999998,0.6865561008453369,0.0,0.04353378713130951,0.0,1.0,7.6,0.33100000000000007,True,True,False
28.78525471687317,forward_015,8.785254716873169,0.15,0.0,0.0,-0.001090830782496456,0.016362461737446838,-0.13744467859455345,-1.35,-1.97,6.3,0.384,0.7260466814041138,0.0,0.06382368132472038,0.0,1.0,7.6,0.33100000000000007,True,True,False
28.80560874938965,forward_015,8.805608749389648,0.15,0.0,0.0,-0.25634523388666713,-0.011999138607461015,-0.4166973589136462,-1.35,-1.97,6.3,0.537,0.6582391858100891,0.0,0.061969105154275894,0.0,1.0,7.6,0.5770000000000001,True,True,False
28.825989484786987,forward_015,8.825989484786987,0.15,0.0,0.0,-0.1832595714594046,0.05235987755982989,-0.25743606466916363,-2.63,-4.23,9.19,1.074,0.7084375619888306,0.0,0.05415763519704342,0.0,1.0,7.6,0.5770000000000001,True,True,False
28.84644389152527,forward_015,8.846443891525269,0.15,0.0,0.0,-0.12762720155208535,-0.013089969389957472,0.1505346479845109,-0.56,-3.5500000000000003,7.3,1.534,0.7593532204627991,0.0,0.03704530745744705,0.0,1.0,7.6,0.5770000000000001,True,True,False
28.86685872077942,forward_015,8.866858720779419,0.15,0.0,0.0,-0.09926560120717749,-0.13962634015954636,0.05672320068981571,-2.15,-3.62,6.42,2.071,0.7937069535255432,0.0,0.04109916090965271,0.0,1.0,7.6,0.5770000000000001,True,True,False
28.887372970581055,forward_015,8.887372970581055,0.15,0.0,0.0,0.09926560120717749,-0.3076142806640006,0.21489366415180183,-2.49,-2.39,8.27,1.765,0.898468017578125,0.0,0.039521537721157074,0.0,1.0,7.6,0.5770000000000001,True,True,False
28.907791137695312,forward_015,8.907791137695312,0.15,0.0,0.0,0.36979163526629855,-0.20507618710933373,0.1832595714594046,-2.45,-2.64,7.7,1.151,0.9266708493232727,0.0,0.03411346208304167,0.0,1.0,7.6,0.5770000000000001,True,True,False
28.92818331718445,forward_015,8.928183317184448,0.15,0.0,0.0,0.8006697943523987,-0.6686792696703275,-0.11126473981463851,-0.72,-3.0700000000000003,9.13,1.381,0.9428293108940125,0.0,0.01782374083995819,1.0,1.0,7.6,0.5770000000000001,True,True,False
28.948590517044067,forward_015,8.948590517044067,0.15,0.0,0.0,1.0711958284115197,-0.7581273938350369,-0.14835298641951802,-0.52,-3.65,7.15,0.6899999999999998,0.9469086527824402,0.0,0.021844685077667236,1.0,1.0,7.6,0.5770000000000001,True,True,False
28.969064474105835,forward_015,8.969064474105835,0.15,0.0,0.0,1.2435470920459597,-1.040652566501619,0.12762720155208535,-0.52,-3.65,7.15,0.9970000000000001,0.9369320273399353,0.0,0.016523921862244606,1.0,0.0,7.6,0.5770000000000001,True,True,False
28.98947238922119,forward_015,8.989472389221191,0.15,0.0,0.0,0.5715953300281429,-0.32834006553143325,0.0719948316447661,-0.52,-3.65,7.15,1.304,0.9448222517967224,0.0,0.02531750174239278,1.0,0.0,7.6,0.5770000000000001,True,True,False
29.009931087493896,forward_015,9.009931087493896,0.15,0.0,0.0,0.15926129424448257,-0.038179077387375956,-0.7188574856651645,-0.02,6.3500000000000005,7.05,1.304,0.8210849761962891,0.0,0.05418833903968334,1.0,1.0,7.6,0.309,True,True,False
29.03034496307373,forward_015,9.03034496307373,0.15,0.0,0.0,0.15926129424448257,-0.5639595145506677,-1.0722866591940161,0.17,2.52,8.83,1.074,0.7791043519973755,0.0,0.0359552800655365,1.0,1.0,7.6,0.309,True,True,False
29.05075454711914,forward_015,9.05075454711914,0.15,0.0,0.0,0.2279836335417593,-0.037088246604879506,-0.9948376736367679,1.84,0.88,9.51,0.844,0.7636898756027222,0.0,0.03586937487125397,1.0,1.0,7.6,0.309,True,True,False
29.0711989402771,forward_015,9.0711989402771,0.15,0.0,0.0,0.15162547876700738,-0.5497787143782138,-0.6588617926278594,1.84,0.88,9.51,0.844,0.8269909024238586,0.0,0.06012841500341892,1.0,1.0,7.6,0.309,True,True,False
29.091720819473267,forward_015,9.091720819473267,0.15,0.0,0.0,0.32070425005395803,-0.3239767424014474,-0.18544123302439752,-0.44,0.73,5.45,0.844,0.810991644859314,0.0,0.08118279278278351,1.0,1.0,7.6,0.309,True,True,False
29.11215877532959,forward_015,9.11215877532959,0.15,0.0,0.0,0.39924406639370286,-0.1265363707695889,0.01090830782496456,0.21,0.97,6.3100000000000005,1.074,0.799862265586853,0.0,0.04514885507524013,1.0,1.0,7.6,0.309,True,True,False
29.132651805877686,forward_015,9.132651805877686,0.15,0.0,0.0,0.31634092692397225,-0.2650718801466388,0.18216874067690814,0.21,0.97,6.3100000000000005,1.151,0.7513573169708252,0.0,0.03594675660133362,1.0,1.0,7.6,0.309,True,True,False
29.15338444709778,forward_015,9.153384447097778,0.15,0.0,0.0,0.06763150851478027,-0.23234695667174513,0.3687008044838021,0.36,0.5700000000000001,8.57,1.6110000000000002,0.7585356831550598,0.0,0.03614453226327896,1.0,0.0,7.6,0.309,True,True,False
29.174349308013916,forward_015,9.174349308013916,0.15,0.0,0.0,-0.136353847812057,0.06763150851478027,0.6904958853202566,0.21,1.02,5.64,1.918,0.8823995590209961,0.0,0.06477378588169813,1.0,0.0,7.6,0.309,True,True,False
29.194735288619995,forward_015,9.194735288619995,0.15,0.0,0.0,-0.545415391248228,-0.16798794050445423,0.6697701004528239,0.35000000000000003,1.78,9.64,1.765,0.9589624404907227,0.07142857142857142,0.045454349368810654,1.0,1.0,7.6,0.309,True,True,False
29.21824359893799,forward_015,9.218243598937988,0.15,0.0,0.0,-1.174824752748683,-0.24870941840919197,0.657770961845363,0.35000000000000003,1.78,9.64,1.381,0.9575452208518982,0.07142857142857142,0.026636675000190735,1.0,1.0,7.4,0.9480000000000001,True,True,False
29.23863196372986,forward_015,9.238631963729858,0.15,0.0,0.0,-1.4693490640227262,0.136353847812057,0.34033920413889424,-0.14,4.08,9.19,1.688,0.8745915293693542,0.0,0.035432744305580854,1.0,1.0,7.4,0.9480000000000001,True,True,False
29.259040594100952,forward_015,9.259040594100952,0.15,0.0,0.0,-1.2893619849108109,0.4985096676008804,-0.17562375598192942,-0.14,4.08,9.19,2.225,0.8099442720413208,0.0,0.0376477250829339,0.0,1.0,7.4,0.9480000000000001,True,True,False
29.280150890350342,forward_015,9.280150890350342,0.15,0.0,0.0,-0.5486878835957173,0.6457718232379019,-0.23452861823673804,-0.39,-2.95,8.85,1.765,0.8233394026756287,0.0,0.02828475646674633,0.0,1.0,7.4,0.9480000000000001,True,True,False
29.300565004348755,forward_015,9.300565004348755,0.15,0.0,0.0,-0.35124751196385884,0.8224864100023278,-0.136353847812057,2.65,-3.65,6.79,0.844,0.6735996603965759,0.0,0.03615859895944595,0.0,1.0,7.4,0.9480000000000001,True,True,False
29.320955753326416,forward_015,9.320955753326416,0.15,0.0,0.0,-0.1407171709420428,0.6086835766330224,-0.16689710972195776,1.69,-3.94,8.02,0.844,0.6535769104957581,0.0,0.05042628478258848,0.0,1.0,7.4,0.9480000000000001,True,True,False
29.34135603904724,forward_015,9.341356039047241,0.15,0.0,0.0,-0.06763150851478027,0.6894050545377601,-0.17016960206944712,-3.22,-4.7700000000000005,8.11,0.537,0.6733213663101196,0.0,0.02313732635229826,0.0,1.0,7.4,0.9480000000000001,True,True,False
29.361889123916626,forward_015,9.361889123916626,0.15,0.0,0.0,0.1636246173744684,0.33597588100890846,0.1930770485018727,-1.0,-4.04,9.290000000000001,0.9970000000000001,0.618796706199646,0.0,0.12226046249270439,0.0,1.0,7.4,0.9480000000000001,True,True,False
29.3824360370636,forward_015,9.382436037063599,0.15,0.0,0.0,0.25743606466916363,0.44505895925855404,0.4526947747360292,-2.14,-2.6,7.8500000000000005,1.304,0.6646392345428467,0.0,0.09739568689838052,0.0,1.0,7.4,0.9480000000000001,True,True,False
29.402891397476196,forward_015,9.402891397476196,0.15,0.0,0.0,0.16907877128695067,0.31634092692397225,0.23343778745424157,-1.75,-4.07,8.64,1.6110000000000002,0.8115436434745789,0.0,0.04415043443441391,0.0,1.0,7.4,0.9480000000000001,True,True,False
29.423275470733643,forward_015,9.423275470733643,0.15,0.0,0.0,0.0818123086872342,0.17453292519943295,0.13308135546456762,-1.19,-2.4,8.57,1.6110000000000002,0.8952885270118713,0.0,0.10206588730216026,0.0,1.0,7.2,1.4599999999999997,True,True,False
29.443843603134155,forward_015,9.443843603134155,0.15,0.0,0.0,0.23343778745424157,0.14508049407202864,0.15926129424448257,-2.05,-3.44,7.74,1.534,0.8957891464233398,0.0,0.0415184423327446,1.0,1.0,7.2,1.4599999999999997,True,True,False
29.46428894996643,forward_015,9.46428894996643,0.15,0.0,0.0,0.7952156404399164,-0.026179938779914945,0.2530727415391778,-2.61,-2.42,6.87,1.995,0.8376851081848145,0.0,0.07940497994422913,1.0,1.0,7.2,1.4599999999999997,True,True,False
29.484694957733154,forward_015,9.484694957733154,0.15,0.0,0.0,1.2500920767409385,-0.18435040224190105,0.12980886311707826,-2.61,-2.42,6.87,1.074,0.8695924878120422,0.0,0.044841187074780464,1.0,1.0,7.2,1.4599999999999997,True,True,False
29.50616979598999,forward_015,9.50616979598999,0.15,0.0,0.0,1.0330167510241437,-0.09708393964218458,-0.5061454830783556,-2.61,-2.42,6.87,1.227,0.92226642370224,0.0,0.024789556860923767,1.0,1.0,7.2,1.4599999999999997,True,True,False
29.52664041519165,forward_015,9.52664041519165,0.15,0.0,0.0,1.002473489114243,0.18980455615438332,-2.2067506729903306,-2.61,-2.42,6.87,1.227,0.9208884835243225,0.0,0.07187065109610558,1.0,0.0,7.2,1.4599999999999997,True,True,False
29.547008991241455,forward_015,9.547008991241455,0.15,0.0,0.0,1.054833366674073,0.16035212502697901,-2.564543169649168,-2.61,-2.42,6.87,1.381,0.8864124417304993,0.0,0.04894955409690738,1.0,1.0,7.2,1.4599999999999997,True,True,False
29.567562103271484,forward_015,9.567562103271484,0.15,0.0,0.0,0.5759586531581288,0.5541420375081997,-2.4358251373145863,1.09,-0.05,6.63,1.304,0.8180955648422241,0.0,0.0343642458319664,1.0,1.0,7.2,1.4599999999999997,True,True,False
29.587944984436035,forward_015,9.587944984436035,0.15,0.0,0.0,0.17016960206944712,-0.32615840396644036,-1.746420082776826,1.83,-0.9500000000000001,8.88,1.304,0.8709638118743896,0.0,0.05103543773293495,1.0,1.0,7.2,1.4599999999999997,True,True,False
29.608375549316406,forward_015,9.608375549316406,0.15,0.0,0.0,-0.09272061651219876,-0.1559888018969932,-0.9348419805994628,-0.5,-0.49,7.16,1.151,0.8233745694160461,0.0,0.0657755434513092,1.0,1.0,7.2,1.4599999999999997,True,True,False
29.63010859489441,forward_015,9.63010859489441,0.15,0.0,0.0,-0.09272061651219876,-0.1559888018969932,-0.9348419805994628,-0.5,-0.49,7.16,0.767,0.8200951218605042,0.0,0.04324034170713276,1.0,1.0,7.6,0.29700000000000004,True,True,True
29.66259455680847,forward_015,9.662594556808472,0.15,0.0,0.0,0.016362461737446838,-0.27052603405912107,-0.13853550937704992,-0.38,-0.1,8.83,0.767,0.7146070003509521,0.0,0.06252623349428177,1.0,1.0,7.6,0.29700000000000004,True,True,False
29.68301510810852,forward_015,9.68301510810852,0.15,0.0,0.0,0.1265363707695889,0.4537856055185257,0.4385139745635753,-1.97,1.82,9.01,1.151,0.649084210395813,0.0,0.06680365279316902,1.0,1.0,7.6,0.29700000000000004,True,True,False
29.703439235687256,forward_015,9.703439235687256,0.15,0.0,0.0,0.14508049407202864,0.9304786574694769,0.11562806294462433,-3.12,1.27,7.04,1.534,0.8472201824188232,0.0,0.08558754995465279,1.0,1.0,7.6,0.29700000000000004,True,True,False
29.723886013031006,forward_015,9.723886013031006,0.15,0.0,0.0,0.16798794050445423,0.7657632093125121,0.12871803233458182,-2.05,1.58,8.11,1.841,0.805656373500824,0.0,0.0746738538146019,1.0,1.0,7.6,0.29700000000000004,True,True,False
29.744309425354004,forward_015,9.744309425354004,0.15,0.0,0.0,0.050178215994836975,0.8290313946973066,-0.11017390903214205,-1.86,1.3800000000000001,6.97,1.381,0.8229909539222717,0.0,0.034706668462604284,1.0,0.0,7.6,0.29700000000000004,True,True,False
29.764803409576416,forward_015,9.764803409576416,0.15,0.0,0.0,-0.17998707911191522,0.7646723785300157,-0.2083486794568231,-1.86,1.3800000000000001,6.97,1.995,0.7799234986305237,0.0,0.05324218608438969,1.0,0.0,7.6,0.29700000000000004,True,True,False
29.785231828689575,forward_015,9.785231828689575,0.15,0.0,0.0,-0.48323803664593,0.36979163526629855,-0.26725354171163174,-3.66,1.31,8.39,2.225,0.8556945323944092,0.0,0.04166851192712784,1.0,0.0,7.6,0.29700000000000004,True,True,False
29.80563449859619,forward_015,9.805634498596191,0.15,0.0,0.0,-0.7090400086226963,0.37306412761378793,-0.13199052468207118,0.22,2.5300000000000002,7.890000000000001,1.304,0.8384223580360413,0.0,0.029802851378917694,1.0,1.0,7.6,0.29700000000000004,True,True,False
29.826092004776,forward_015,9.826092004776001,0.15,0.0,0.0,-1.0122909661567112,-0.08617563181722002,0.11671889372712078,-0.9400000000000001,2.87,6.73,1.151,0.800727128982544,0.0,0.019418232142925262,1.0,1.0,7.6,0.29700000000000004,True,True,False
29.84651803970337,forward_015,9.84651803970337,0.15,0.0,0.0,-1.1660981064887115,0.05672320068981571,-0.002181661564992912,-0.9400000000000001,2.87,6.73,0.6899999999999998,0.7456128597259521,0.0,0.012918910011649132,1.0,1.0,7.4,0.8630000000000001,True,True,False
29.866938591003418,forward_015,9.866938591003418,0.15,0.0,0.0,-0.5541420375081997,0.10799224746714914,0.3337942194439155,-0.9400000000000001,2.87,6.73,1.074,0.7232438921928406,0.0,0.028637286159209907,1.0,1.0,7.4,0.8630000000000001,True,True,False
29.887356758117676,forward_015,9.887356758117676,0.15,0.0,0.0,-0.21162117180431245,0.16144295580947549,0.6610434541928523,-1.01,0.85,4.79,1.074,0.7587046027183533,0.0,0.0347176156938076,1.0,1.0,7.4,0.8630000000000001,True,True,False
29.90783381462097,forward_015,9.907833814620972,0.15,0.0,0.0,-0.19744037163185854,-0.47778388273344774,-0.1930770485018727,0.58,-3.61,6.59,0.844,0.7096037268638611,0.0,0.08171160146594048,0.0,1.0,7.4,0.8630000000000001,True,True,False
29.928234577178955,forward_015,9.928234577178955,0.15,0.0,0.0,-0.3425208657038872,-0.6359543461954338,0.11671889372712078,0.58,-3.61,6.59,0.767,0.7583699822425842,0.0,0.03144441917538643,0.0,1.0,7.4,0.8630000000000001,True,True,False
29.948609828948975,forward_015,9.948609828948975,0.15,0.0,0.0,-0.39051742013373125,-0.6065019150680295,0.018544123302439753,0.58,-3.61,6.59,0.844,0.758989155292511,0.0,0.029222890734672546,0.0,1.0,7.4,0.8630000000000001,True,True,False
29.969098806381226,forward_015,9.969098806381226,0.15,0.0,0.0,-0.4286964975211072,-0.4756022211684548,-0.22689280275926285,-2.25,-1.3800000000000001,6.73,0.614,0.8520147204399109,0.0,0.037203703075647354,0.0,1.0,7.4,0.8630000000000001,True,True,False
29.98957085609436,forward_015,9.98957085609436,0.15,0.0,0.0,-0.26398104936414235,-0.6337726846304409,-0.2694352032766246,-2.45,-4.62,7.8500000000000005,1.765,0.8411158919334412,0.0,0.022474773228168488,0.0,1.0,7.4,0.8630000000000001,True,True,False
30.010090589523315,stand_post,0.01009058952331543,0.0,0.0,0.0,-0.09926560120717749,-0.6086835766330224,0.18871372537188688,-1.75,-1.68,6.87,1.6110000000000002,0.7907819151878357,0.0,0.04516409896314144,0.0,1.0,7.4,0.8630000000000001,True,True,False
30.03421425819397,stand_post,0.03421425819396973,0.0,0.0,0.0,0.10471975511965978,-0.6414085001079161,0.10690141668465268,-1.86,-1.4000000000000001,7.48,1.151,0.7539106607437134,0.0,0.06302507035434246,1.0,1.0,7.4,0.8630000000000001,True,True,False
30.054664373397827,stand_post,0.05466437339782715,0.0,0.0,0.0,0.40906154343617096,-0.7232208087951503,-0.13744467859455345,-1.86,-1.4000000000000001,7.48,0.9210000000000002,0.8374175429344177,0.0,0.029704537242650986,1.0,1.0,7.4,0.9400000000000001,True,True,False
30.075125455856323,stand_post,0.07512545585632324,0.0,0.0,0.0,0.8693921336496754,-0.8432121948697605,0.028361600344907856,-1.86,-1.4000000000000001,7.48,0.614,0.8612935543060303,0.0,0.029112067073583603,1.0,1.0,7.4,0.9400000000000001,True,True,False
30.10624861717224,stand_post,0.10624861717224121,0.0,0.0,0.0,1.2599095537834066,-1.0297442586766545,0.4461497900410505,-1.86,-1.4000000000000001,7.48,1.074,0.8134809732437134,0.0,0.02064768597483635,1.0,0.0,7.4,0.9400000000000001,True,True,False
30.136473417282104,stand_post,0.1364734172821045,0.0,0.0,0.0,0.3021601267515183,-0.04581489286485115,-0.07526732399225546,-1.86,-1.4000000000000001,7.48,1.227,0.726270318031311,0.0,0.03033234179019928,1.0,1.0,7.4,0.9400000000000001,True,True,False
30.156919717788696,stand_post,0.1569197177886963,0.0,0.0,0.0,0.22580197197676638,-0.3861540970037454,-0.6065019150680295,1.41,1.87,7.390000000000001,1.227,0.7214210033416748,0.0,0.035621531307697296,1.0,1.0,7.4,0.9400000000000001,True,True,False
30.177451133728027,stand_post,0.17745113372802734,0.0,0.0,0.0,0.07744898555724837,-0.24107360293171676,-0.6621342849753488,2.17,0.32,6.24,0.844,0.6490987539291382,0.0,0.024559272453188896,1.0,1.0,7.4,0.9400000000000001,True,True,False
30.197852611541748,stand_post,0.19785261154174805,0.0,0.0,0.0,-0.10690141668465268,-0.16471544815696484,-0.5279620987282847,0.65,1.97,9.08,0.537,0.6969345808029175,0.0,0.03006657212972641,1.0,1.0,7.4,0.9400000000000001,True,True,False
30.218233823776245,stand_post,0.21823382377624512,0.0,0.0,0.0,0.05781403147231216,-0.3108867730114899,-0.10471975511965978,0.07,2.57,8.68,0.6899999999999998,0.7535200119018555,0.0,0.04186858102912083,1.0,1.0,7.4,0.9400000000000001,True,True,False
30.238873720169067,stand_post,0.23887372016906738,0.0,0.0,0.0,0.20398535632683726,-0.358883327441334,0.020725784867432664,0.28,0.62,7.73,0.9210000000000002,0.8482281565666199,0.0,0.044232497923076146,1.0,1.0,7.4,0.9400000000000001,True,True,False
30.2593195438385,stand_post,0.259319543838501,0.0,0.0,0.0,0.12217304763960307,-0.20180369476184434,0.14289883250703572,-0.71,0.66,6.640000000000001,1.381,0.8953556418418884,0.0,0.02957784943282604,1.0,1.0,7.4,0.9400000000000001,True,True,False
30.279807806015015,stand_post,0.27980780601501465,0.0,0.0,0.0,-0.16580627893946132,-0.3141592653589793,0.36979163526629855,-0.24,0.99,8.89,1.688,0.8763028979301453,0.0,0.038384027779102325,1.0,1.0,7.6,0.15,True,True,False
30.30022168159485,stand_post,0.30022168159484863,0.0,0.0,0.0,-0.4112432050011639,-0.22362031041177347,0.3861540970037454,1.22,1.32,8.92,1.6110000000000002,0.817549467086792,0.0,0.037193238735198975,1.0,1.0,7.6,0.15,True,True,False
30.320744514465332,stand_post,0.32074451446533203,0.0,0.0,0.0,-0.7384924397501007,-0.038179077387375956,0.44505895925855404,-0.62,0.9400000000000001,9.1,1.074,0.828065037727356,0.0,0.048595840111374855,1.0,1.0,7.6,0.15,True,True,False
30.3411386013031,stand_post,0.3411386013031006,0.0,0.0,0.0,-0.9686577348568529,0.07308566242726255,0.48651052899341934,-0.62,0.9400000000000001,9.1,0.6899999999999998,0.8267458081245422,0.0,0.027699186466634274,1.0,1.0,7.6,0.15,True,True,False
30.361600399017334,stand_post,0.361600399017334,0.0,0.0,0.0,-1.0264717663291651,0.10362892433716332,0.5443245604657315,-0.62,0.9400000000000001,9.1,0.614,0.7969008684158325,0.0,0.0173562653362751,1.0,1.0,7.6,0.15,True,True,False
30.381983280181885,stand_post,0.38198328018188477,0.0,0.0,0.0,-0.7090400086226963,-0.015271630954950384,0.4145156973486533,-0.62,0.9400000000000001,9.1,0.9970000000000001,0.7965360283851624,0.0,0.02987540327012539,1.0,1.0,7.6,0.15,True,True,False
30.40235924720764,stand_post,0.4023592472076416,0.0,0.0,0.0,-0.41560652813114973,-0.016362461737446838,0.10035643198967395,-0.62,0.9400000000000001,9.1,1.458,0.8074573278427124,0.0,0.0072752609848976135,1.0,1.0,7.6,0.15,True,True,False
30.430137872695923,stand_post,0.43013787269592285,0.0,0.0,0.0,-0.1734420944169365,0.017453292519943295,-0.11780972450961724,0.22,-1.6300000000000001,9.47,0.9970000000000001,0.8437406420707703,0.0,0.013897374272346497,1.0,1.0,7.6,0.15,True,True,False
30.45064640045166,stand_post,0.45064640045166016,0.0,0.0,0.0,0.025089107997418487,0.12326387842209953,-0.2585268954516601,-0.71,-1.3800000000000001,6.34,0.6899999999999998,0.8191423416137695,0.0,0.01742582768201828,1.0,1.0,7.6,0.15,True,True,False
30.47681450843811,stand_post,0.47681450843811035,0.0,0.0,0.0,0.34470252726888007,0.05999569303730508,-0.33597588100890846,-0.54,-2.29,9.32,0.384,0.7756444811820984,0.0,0.02496301755309105,1.0,1.0,7.6,0.15,True,True,False
30.497310161590576,stand_post,0.49731016159057617,0.0,0.0,0.0,0.24870941840919197,0.17453292519943295,-0.2694352032766246,-0.54,-1.92,8.82,0.307,0.7501633763313293,0.0,0.053328994661569595,1.0,1.0,7.6,0.29100000000000004,True,True,False
30.518174648284912,stand_post,0.5181746482849121,0.0,0.0,0.0,0.10035643198967395,0.07853981633974483,-0.0916297857297023,0.64,-1.34,7.59,0.46,0.8069963455200195,0.0,0.06450781226158142,1.0,1.0,7.6,0.29100000000000004,True,True,False
30.53860831260681,stand_post,0.5386083126068115,0.0,0.0,0.0,0.17889624832941878,0.06763150851478027,0.013089969389957472,0.11,-2.17,9.27,0.844,0.8416798710823059,0.0,0.02401631325483322,1.0,1.0,7.6,0.29100000000000004,True,True,False
30.55902624130249,stand_post,0.5590262413024902,0.0,0.0,0.0,0.1461713248545251,-0.09599310885968812,0.14835298641951802,0.16,-2.39,9.75,1.151,0.8348233699798584,0.0,0.021297801285982132,1.0,1.0,7.6,0.29100000000000004,True,True,False
30.582205772399902,stand_post,0.5822057723999023,0.0,0.0,0.0,0.15707963267948966,-0.06435901616729091,0.3043417883165112,-0.39,-2.0100000000000002,8.120000000000001,1.765,0.8658890724182129,0.0,0.050972070544958115,1.0,1.0,7.6,0.29100000000000004,True,True,False
30.602591514587402,stand_post,0.6025915145874023,0.0,0.0,0.0,0.3741549583962844,-0.03381575425739013,0.2476185876266955,-0.76,-2.27,8.93,1.534,0.8317952752113342,0.0,0.06434572860598564,1.0,1.0,7.6,0.29100000000000004,True,True,False
30.62298607826233,stand_post,0.6229860782623291,0.0,0.0,0.0,0.6032294227205401,0.004363323129985824,0.22689280275926285,0.17,-1.81,9.22,0.46,0.8098800778388977,0.0,0.0323580801486969,1.0,1.0,7.6,0.29100000000000004,True,True,False
30.64339852333069,stand_post,0.6433985233306885,0.0,0.0,0.0,0.6337726846304409,-0.007635815477475192,0.04690572364734761,0.17,-1.81,9.22,0.537,0.8111079335212708,0.0,0.014276396948844194,1.0,1.0,7.6,0.29100000000000004,True,True,False
30.663797855377197,stand_post,0.6637978553771973,0.0,0.0,0.0,0.4788747135159442,-0.001090830782496456,-0.14508049407202864,0.17,-1.81,9.22,1.151,0.8098357319831848,0.0,0.01169026643037796,1.0,1.0,7.6,0.29100000000000004,True,True,False
30.684175491333008,stand_post,0.6841754913330078,0.0,0.0,0.0,0.24107360293171676,0.23561944901923448,-0.4341506514335895,0.17,-1.81,9.22,1.381,0.8459230065345764,0.0,0.01658350368961692,1.0,1.0,7.6,0.29100000000000004,True,True,False
30.704546689987183,stand_post,0.7045466899871826,0.0,0.0,0.0,0.08835729338221293,0.07308566242726255,-0.6948592084502424,0.06,2.5,9.61,1.381,0.8599851727485657,0.0,0.015128321945667267,1.0,1.0,7.6,0.17300000000000001,True,True,False
30.725569248199463,stand_post,0.7255692481994629,0.0,0.0,0.0,-0.08072147790473774,0.11017390903214205,-0.8126689329598596,0.31,1.98,8.57,1.227,0.8653406500816345,0.0,0.01224420964717865,1.0,1.0,7.6,0.17300000000000001,True,True,False
30.745945930480957,stand_post,0.745945930480957,0.0,0.0,0.0,-0.2585268954516601,0.15162547876700738,-0.6839509006252779,0.24,0.45,6.62,0.6899999999999998,0.8437021970748901,0.0,0.010853573679924011,1.0,1.0,7.6,0.17300000000000001,True,True,False
30.76633644104004,stand_post,0.7663364410400391,0.0,0.0,0.0,-0.21162117180431245,0.06217735460229799,-0.4188790204786391,0.39,0.64,9.52,0.307,0.66302490234375,0.0,0.05337768979370594,1.0,1.0,7.6,0.17300000000000001,True,True,False
30.78679394721985,stand_post,0.7867939472198486,0.0,0.0,0.0,-0.19634954084936207,0.40033489717619936,-0.04254240051736178,-0.25,0.42,7.74,0.307,0.7540096640586853,0.0,0.04533828794956207,1.0,1.0,7.6,0.17300000000000001,True,True,False
30.807157278060913,stand_post,0.8071572780609131,0.0,0.0,0.0,-0.28034351110158917,0.2628902185816459,0.22143864884678055,-0.03,-0.26,9.4,0.384,0.801275908946991,0.0,0.05217296537011862,1.0,1.0,7.6,0.17300000000000001,True,True,False
30.828583478927612,stand_post,0.8285834789276123,0.0,0.0,0.0,-0.26398104936414235,0.4046982203061852,0.557414529855689,-0.03,-0.26,9.4,0.767,0.8419228196144104,0.0,0.06350172311067581,1.0,1.0,7.6,0.17300000000000001,True,True,False
30.84899377822876,stand_post,0.8489937782287598,0.0,0.0,0.0,-0.4177881896961426,0.2945243112740431,0.6664976081053346,-0.86,-1.1500000000000001,7.86,0.9970000000000001,0.8912646770477295,0.0,0.04957661684602499,1.0,1.0,7.6,0.17300000000000001,True,True,False
30.869382858276367,stand_post,0.8693828582763672,0.0,0.0,0.0,-0.5148721293383273,0.18762289458939044,0.5399612373357457,-1.44,-0.9400000000000001,8.16,1.074,0.8750610947608948,0.0,0.06276283948682249,1.0,1.0,7.6,0.17300000000000001,True,True,False
30.88989806175232,stand_post,0.8898980617523193,0.0,0.0,0.0,-0.5083271446433485,0.13962634015954636,0.4079707126536745,-2.29,-1.49,8.49,1.151,0.8275980949401855,0.0,0.0508303539827466,1.0,1.0,7.6,0.17300000000000001,True,True,False
30.910309314727783,stand_post,0.9103093147277832,0.0,0.0,0.0,-0.46687557490848314,0.06544984694978735,0.17016960206944712,-0.78,-0.92,7.41,1.151,0.8265548348426819,0.0,0.02916529681533575,1.0,1.0,7.2,1.4420000000000002,True,True,False
30.931216716766357,stand_post,0.9312167167663574,0.0,0.0,0.0,-0.26070855701665296,-0.12435470920459599,0.284706834231575,-0.78,-0.92,7.41,0.844,0.8052760362625122,0.0,0.027104551903903484,1.0,1.0,7.2,1.4420000000000002,True,True,False
30.951894998550415,stand_post,0.951894998550415,0.0,0.0,0.0,-0.1308996938995747,-0.3076142806640006,0.1538071403320003,-0.78,-0.92,7.41,0.9210000000000002,0.8122949004173279,0.0,0.020908641628921032,1.0,1.0,7.2,1.4420000000000002,True,True,False
30.972386598587036,stand_post,0.9723865985870361,0.0,0.0,0.0,-0.1308996938995747,-0.3076142806640006,0.1538071403320003,-0.78,-0.92,7.41,0.9970000000000001,0.8145237565040588,0.0,0.010286252945661545,1.0,1.0,7.2,1.4420000000000002,True,True,False
30.99288558959961,stand_post,0.9928855895996094,0.0,0.0,0.0,0.33488505022641196,-0.6228643768054763,0.008726646259971648,0.9,0.71,9.15,1.151,0.8383540511131287,0.0,0.023278821259737015,1.0,1.0,7.2,1.4420000000000002,True,True,False
31.013267040252686,stand_post,1.0132670402526855,0.0,0.0,0.0,0.4341506514335895,-0.20725784867432664,-0.32506757318394386,-1.17,1.46,9.43,0.9210000000000002,0.6852138042449951,0.0,0.03495489060878754,1.0,1.0,7.2,1.4420000000000002,True,True,False
31.033649682998657,stand_post,1.0336496829986572,0.0,0.0,0.0,0.2519819107566813,-0.19634954084936207,-0.6970408700152354,-0.05,0.86,8.64,0.614,0.6548265218734741,0.0,0.054053135216236115,1.0,1.0,7.2,1.4420000000000002,True,True,False
31.054030418395996,stand_post,1.054030418395996,0.0,0.0,0.0,0.10799224746714914,-0.19416787928436915,-0.5879577917655898,0.02,0.28,7.92,0.307,0.8353272080421448,0.0,0.08278056979179382,1.0,1.0,7.2,1.4420000000000002,True,True,False
31.074413776397705,stand_post,1.074413776397705,0.0,0.0,0.0,0.001090830782496456,-0.022907446432425576,-0.37088246604879505,0.2,-0.58,8.32,0.614,0.8598090410232544,0.0,0.047048590146005154,1.0,1.0,7.2,1.4420000000000002,True,True,False
31.09487223625183,stand_post,1.094872236251831,0.0,0.0,0.0,-0.04036073895236887,-0.1265363707695889,-0.004363323129985824,-0.65,-1.46,8.72,0.767,0.8459938168525696,0.0,0.02206859551370144,1.0,1.0,7.2,1.4420000000000002,True,True,False
31.115276098251343,stand_post,1.1152760982513428,0.0,0.0,0.0,0.0545415391248228,-0.13853550937704992,0.33052172709642613,0.32,-2.23,9.22,1.381,0.8287045955657959,0.0,0.022770792245864868,1.0,1.0,7.7,0.14900000000000002,True,True,False
31.135639667510986,stand_post,1.1356396675109863,0.0,0.0,0.0,0.36760997370130566,-0.24652775684419906,0.543233729683235,1.23,-2.22,8.64,1.534,0.831099808216095,0.0,0.060941506177186966,1.0,1.0,7.7,0.14900000000000002,True,True,False
31.156007766723633,stand_post,1.1560077667236328,0.0,0.0,0.0,0.39269908169872414,-0.4690572364734761,0.6152285613280012,0.68,-3.2600000000000002,8.76,1.227,0.8367207646369934,0.0,0.06616153381764889,1.0,1.0,7.7,0.14900000000000002,True,True,False
31.176461458206177,stand_post,1.1764614582061768,0.0,0.0,0.0,0.5443245604657315,-0.5323254218582705,0.6359543461954338,0.31,-1.79,8.950000000000001,0.537,0.8271766304969788,0.0,0.025852611288428307,1.0,1.0,7.7,0.14900000000000002,True,True,False
31.19683837890625,stand_post,1.19683837890625,0.0,0.0,0.0,0.56941366846315,-0.24216443371421323,0.2530727415391778,0.31,-1.79,8.950000000000001,0.767,0.820253312587738,0.0,0.020167460665106773,1.0,1.0,7.7,0.14900000000000002,True,True,False
31.217289209365845,stand_post,1.2172892093658447,0.0,0.0,0.0,0.36760997370130566,-0.038179077387375956,-0.3916082509162277,0.31,-1.79,8.950000000000001,1.458,0.7987495064735413,0.0,0.030307244509458542,1.0,0.0,7.7,0.14900000000000002,True,True,False
31.23784828186035,stand_post,1.2378482818603516,0.0,0.0,0.0,-0.06435901616729091,0.17562375598192942,-0.8290313946973066,0.31,-1.79,8.950000000000001,1.458,0.7918422818183899,0.0,0.042499758303165436,1.0,0.0,7.7,0.14900000000000002,True,True,False
31.25822424888611,stand_post,1.2582242488861084,0.0,0.0,0.0,-0.1505346479845109,0.04581489286485115,-0.770126532442498,0.31,-1.79,8.950000000000001,1.381,0.8429200053215027,0.0,0.04428637493401766,1.0,1.0,7.7,0.14900000000000002,True,True,False
31.278674125671387,stand_post,1.2786741256713867,0.0,0.0,0.0,-0.18435040224190105,0.1832595714594046,-0.928296995904484,1.36,1.75,7.44,0.9970000000000001,0.7798850536346436,0.0,0.03280063904821873,1.0,1.0,7.7,0.14900000000000002,True,True,False
31.29912281036377,stand_post,1.2991228103637695,0.0,0.0,0.0,-0.2628902185816459,0.10035643198967395,-0.8333947178272924,-0.06,-0.19,6.51,0.6899999999999998,0.780316948890686,0.0,0.03405940905213356,1.0,1.0,7.7,0.14900000000000002,True,True,False
31.31949734687805,stand_post,1.3194973468780518,0.0,0.0,0.0,-0.27379852640661045,0.1189005552921137,-0.3239767424014474,-0.59,0.56,7.17,0.537,0.6663510799407959,0.0,0.036672670394182205,1.0,1.0,7.6,0.168,True,True,False
31.340080976486206,stand_post,1.340080976486206,0.0,0.0,0.0,-0.2378011105842274,0.1505346479845109,-0.04581489286485115,-0.46,0.42,8.78,0.46,0.6416476964950562,0.0,0.05418987572193146,1.0,1.0,7.6,0.168,True,True,False
31.360461711883545,stand_post,1.360461711883545,0.0,0.0,0.0,-0.2596177262341565,0.13526301702956053,0.11562806294462433,0.0,-0.7000000000000001,9.09,0.537,0.8119350671768188,0.0,0.050052621721988544,1.0,1.0,7.6,0.168,True,True,False
31.38082504272461,stand_post,1.3808250427246094,0.0,0.0,0.0,-0.2628902185816459,0.05126904677733343,0.49414634447089456,0.0,-0.7000000000000001,9.09,0.9970000000000001,0.8914937376976013,0.0,0.05442556459456682,1.0,1.0,7.6,0.168,True,True,False
31.40119194984436,stand_post,1.4011919498443604,0.0,0.0,0.0,-0.35779249665883756,0.16798794050445423,0.6424993308904126,1.36,-1.73,8.03,1.381,0.8834543824195862,0.0,0.046056631952524185,1.0,1.0,7.6,0.168,True,True,False
31.421553134918213,stand_post,1.421553134918213,0.0,0.0,0.0,-0.4276056667386107,-0.05235987755982989,0.4625122517784973,-0.34,-2.84,6.3100000000000005,1.534,0.8473374843597412,0.0,0.042982976883649826,1.0,1.0,7.6,0.168,True,True,False
31.441917181015015,stand_post,1.4419171810150146,0.0,0.0,0.0,-0.5159629601208237,-0.12544553998709243,0.5225079448158024,-0.28,-1.83,7.3100000000000005,1.151,0.8297799229621887,0.0,0.031227389350533485,1.0,1.0,7.6,0.168,True,True,False
31.462280750274658,stand_post,1.4622807502746582,0.0,0.0,0.0,-0.5519603759432067,-0.04036073895236887,0.4276056667386107,-0.28,-1.83,7.3100000000000005,0.9210000000000002,0.8387315273284912,0.0,0.038970021530985825,1.0,1.0,7.6,0.168,True,True,False
31.482855081558228,stand_post,1.4828550815582275,0.0,0.0,0.0,-0.43196898986859655,-0.11453723216212788,0.032724923474893676,-0.28,-1.83,7.3100000000000005,0.9970000000000001,0.8340660929679871,0.0,0.024597187526524067,1.0,1.0,7.6,0.168,True,True,False
31.503337144851685,stand_post,1.5033371448516846,0.0,0.0,0.0,-0.05126904677733343,-0.13526301702956053,-0.04581489286485115,-0.28,-1.83,7.3100000000000005,0.9970000000000001,0.8178912401199341,0.0,0.016097500920295715,1.0,1.0,7.6,0.168,True,True,False
31.523711919784546,stand_post,1.523711919784546,0.0,0.0,0.0,0.11235557059713497,0.13308135546456762,-0.17016960206944712,0.35000000000000003,-1.32,9.43,0.9970000000000001,0.7990668416023254,0.0,0.013406075537204742,1.0,1.0,7.6,0.167,True,True,False
31.544078826904297,stand_post,1.5440788269042969,0.0,0.0,0.0,0.1734420944169365,0.13199052468207118,-0.39706240482870997,0.35000000000000003,-1.32,9.43,0.9210000000000002,0.8166590332984924,0.0,0.014290940016508102,1.0,1.0,7.6,0.167,True,True,False
31.56453847885132,stand_post,1.5645384788513184,0.0,0.0,0.0,0.35779249665883756,0.27598018797160334,-0.6010477611555473,0.14,-0.09,6.96,0.767,0.811509907245636,0.0,0.019510746002197266,1.0,1.0,7.6,0.167,True,True,False
31.584914207458496,stand_post,1.584914207458496,0.0,0.0,0.0,0.5628686837681712,0.26398104936414235,-0.43196898986859655,-0.37,-0.3,8.19,0.614,0.7309359908103943,0.0,0.024854514747858047,1.0,1.0,7.6,0.167,True,True,False
31.605278491973877,stand_post,1.605278491973877,0.0,0.0,0.0,0.4079707126536745,0.19198621771937624,-0.2879793265790644,0.2,-0.5700000000000001,9.38,0.384,0.7432267665863037,0.0,0.06582778505980968,1.0,1.0,7.6,0.167,True,True,False
31.62577176094055,stand_post,1.6257717609405518,0.0,0.0,0.0,0.22689280275926285,0.284706834231575,-0.017453292519943295,-0.4,-0.65,7.7700000000000005,0.46,0.794438362121582,0.0,0.06054231896996498,1.0,1.0,7.6,0.167,True,True,False
31.64613962173462,stand_post,1.6461396217346191,0.0,0.0,0.0,0.1090830782496456,0.05781403147231216,0.16035212502697901,0.13,-1.25,9.64,0.614,0.8625317215919495,0.0,0.03230293674278073,1.0,1.0,7.6,0.167,True,True,False
31.666507720947266,stand_post,1.6665077209472656,0.0,0.0,0.0,-0.00545415391248228,0.18871372537188688,0.4341506514335895,-0.73,-1.1,7.59,1.074,0.8537240624427795,0.0,0.022457662969827652,1.0,1.0,7.6,0.167,True,True,False
31.686885356903076,stand_post,1.6868853569030762,0.0,0.0,0.0,-0.07417649320975901,-0.008726646259971648,0.5345070834232635,0.08,-1.43,8.41,1.765,0.7814510464668274,0.0,0.03964819759130478,0.0,1.0,7.6,0.167,True,True,False
31.70724868774414,stand_post,1.7072486877441406,0.0,0.0,0.0,0.2530727415391778,-0.026179938779914945,0.5825036378531074,-0.99,-1.6,8.19,1.688,0.8001004457473755,0.0,0.08161952253431082,1.0,1.0,7.6,0.167,True,True,False
31.727620601654053,stand_post,1.7276206016540527,0.0,0.0,0.0,0.40578905108868163,-0.15817046346198613,0.4930555136883981,-0.4,-1.74,9.39,0.537,0.8011476993560791,0.0,0.0277607636526227,1.0,1.0,7.4,1.173,True,True,False
31.749340772628784,stand_post,1.7493407726287842,0.0,0.0,0.0,0.5879577917655898,-0.1930770485018727,0.06872233929727672,-0.4,-1.74,9.39,0.537,0.8008995652198792,0.0,0.02045748382806778,1.0,1.0,7.4,1.173,True,True,False
31.76992392539978,stand_post,1.7699239253997803,0.0,0.0,0.0,0.5901394533305827,-0.01090830782496456,-0.3076142806640006,-0.4,-1.74,9.39,1.151,0.7777891755104065,0.0,0.016252610832452774,1.0,1.0,7.4,1.173,True,True,False
31.790289163589478,stand_post,1.7902891635894775,0.0,0.0,0.0,0.4690572364734761,0.16580627893946132,-0.7570365630525404,-0.4,-1.74,9.39,1.381,0.805827796459198,0.0,0.02258913218975067,1.0,1.0,7.4,1.173,True,True,False
31.81080985069275,stand_post,1.810809850692749,0.0,0.0,0.0,0.1712604328519436,0.07308566242726255,-1.0515608743265836,-0.4,-1.74,9.39,1.381,0.8257156610488892,0.0,0.009389840066432953,1.0,1.0,7.4,1.173,True,True,False
31.831246376037598,stand_post,1.8312463760375977,0.0,0.0,0.0,-0.12326387842209953,-0.06435901616729091,-0.9533861039019025,1.32,1.87,9.47,1.227,0.820612907409668,0.0,0.037284836173057556,1.0,1.0,7.4,1.173,True,True,False
31.851718425750732,stand_post,1.8517184257507324,0.0,0.0,0.0,-0.34033920413889424,0.09599310885968812,-0.9424777960769379,-1.46,-0.76,6.42,0.767,0.8267934322357178,0.0,0.02535248175263405,1.0,1.0,7.4,1.173,True,True,False
31.872085094451904,stand_post,1.8720850944519043,0.0,0.0,0.0,-0.3883357585687383,-0.0916297857297023,-0.5508695451607103,-1.03,0.03,7.26,0.46,0.6837249398231506,0.0,0.026837419718503952,1.0,1.0,7.4,1.173,True,True,False
31.892471313476562,stand_post,1.8924713134765625,0.0,0.0,0.0,-0.35452000431134817,-0.1407171709420428,-0.1505346479845109,0.04,0.6,7.49,0.384,0.6703400611877441,0.0,0.045426828786730766,1.0,1.0,7.4,1.173,True,True,False
31.912914037704468,stand_post,1.9129140377044678,0.0,0.0,0.0,-0.3752457891787809,-0.1930770485018727,0.1810779098944117,0.58,-0.08,8.84,0.384,0.8719091415405273,0.0,0.05121748149394988,1.0,1.0,7.4,1.173,True,True,False
31.933292150497437,stand_post,1.9332921504974365,0.0,0.0,0.0,-0.42215151282612845,0.08617563181722002,0.44833145160604343,0.58,-0.08,8.84,0.844,0.9215571880340576,0.0,0.04036094853654504,1.0,1.0,7.6,0.32300000000000006,True,True,False
31.953922271728516,stand_post,1.9539222717285156,0.0,0.0,0.0,-0.3534291735288517,0.1908953869368798,0.6904958853202566,-0.45,-0.51,8.07,1.227,0.9028835296630859,0.0,0.037992920726537704,1.0,1.0,7.6,0.32300000000000006,True,True,False
31.97428870201111,stand_post,1.9742887020111084,0.0,0.0,0.0,-0.36760997370130566,0.07526732399225546,0.48651052899341934,0.37,-0.5700000000000001,6.5,1.227,0.8585689663887024,0.0,0.03592997416853905,1.0,1.0,7.6,0.32300000000000006,True,True,False
31.994662761688232,stand_post,1.9946627616882324,0.0,0.0,0.0,-0.47669305195095124,0.022907446432425576,0.07853981633974483,-0.08,-2.19,7.79,0.844,0.844448983669281,0.0,0.05424986593425274,1.0,1.0,7.6,0.32300000000000006,True,True,False
32.01502442359924,stand_post,2.015024423599243,0.0,0.0,0.0,-0.47451139038595835,-0.13199052468207118,0.006544984694978736,-0.08,-2.19,7.79,0.844,0.8506786227226257,0.0,0.027488256804645055,1.0,1.0,7.6,0.32300000000000006,True,True,False
32.03541350364685,stand_post,2.0354135036468506,0.0,0.0,0.0,-0.39269908169872414,-0.0818123086872342,-0.1265363707695889,-0.08,-2.19,7.79,0.6899999999999998,0.8412090539932251,0.0,0.019242579117417336,1.0,1.0,7.6,0.32300000000000006,True,True,False
32.055774211883545,stand_post,2.055774211883545,0.0,0.0,0.0,-0.09272061651219876,0.022907446432425576,-0.044724062082354694,-0.42,-2.15,9.27,0.844,0.8178247213363647,0.0,0.010798078030347824,1.0,1.0,7.6,0.32300000000000006,True,True,False
32.07614994049072,stand_post,2.0761499404907227,0.0,0.0,0.0,0.16580627893946132,-0.037088246604879506,-0.04581489286485115,0.03,-0.77,9.790000000000001,0.9970000000000001,0.8103092908859253,0.0,0.005162917077541351,1.0,1.0,7.6,0.32300000000000006,True,True,False
32.09652018547058,stand_post,2.096520185470581,0.0,0.0,0.0,0.17235126363444003,-0.05345070834232634,-0.17453292519943295,0.03,-0.77,9.790000000000001,0.9210000000000002,0.8186938166618347,0.0,0.014051787555217743,1.0,1.0,7.6,0.32300000000000006,True,True,False
32.11695909500122,stand_post,2.1169590950012207,0.0,0.0,0.0,0.11999138607461016,0.018544123302439753,-0.40906154343617096,0.42,1.47,9.03,0.6899999999999998,0.7892213463783264,0.0,0.02306576818227768,1.0,1.0,7.6,0.32300000000000006,True,True,False
32.13734316825867,stand_post,2.137343168258667,0.0,0.0,0.0,0.33161255787892263,0.038179077387375956,-0.4046982203061852,-0.09,0.6,7.42,0.46,0.7067563533782959,0.0,0.026646863669157028,1.0,1.0,7.6,0.17600000000000002,True,True,False
32.15771222114563,stand_post,2.15771222114563,0.0,0.0,0.0,0.43196898986859655,-0.017453292519943295,-0.32070425005395803,-0.03,0.5700000000000001,8.950000000000001,0.384,0.6755560636520386,0.0,0.05683822184801102,1.0,1.0,7.6,0.17600000000000002,True,True,False
32.17818212509155,stand_post,2.1781821250915527,0.0,0.0,0.0,0.14508049407202864,0.12435470920459599,-0.19416787928436915,-0.39,-0.71,8.38,0.46,0.7954520583152771,0.0,0.06540968641638756,1.0,1.0,7.6,0.17600000000000002,True,True,False
32.19862937927246,stand_post,2.198629379272461,0.0,0.0,0.0,-0.02181661564992912,0.008726646259971648,0.025089107997418487,-0.35000000000000003,-1.12,8.9,0.6899999999999998,0.8702080845832825,0.0,0.028706307406537235,1.0,1.0,7.6,0.17600000000000002,True,True,False
32.21900129318237,stand_post,2.219001293182373,0.0,0.0,0.0,-0.031634092692397225,0.003272492347489368,0.4177881896961426,-0.73,-1.79,9.15,1.074,0.8637437224388123,0.0,0.07685352489352226,0.0,1.0,7.6,0.17600000000000002,True,True,False
32.239372968673706,stand_post,2.239372968673706,0.0,0.0,0.0,-0.04690572364734761,-0.055632369907319255,0.5923211148955756,-0.77,-2.39,7.66,1.6110000000000002,0.7956696152687073,0.0,0.049419062212109566,0.0,1.0,7.6,0.17600000000000002,True,True,False
32.259745359420776,stand_post,2.2597453594207764,0.0,0.0,0.0,0.16798794050445423,-0.23234695667174513,0.5781403147231217,0.11,-1.25,8.68,1.534,0.7088627219200134,0.0,0.07453626021742821,0.0,1.0,7.6,0.17600000000000002,True,True,False
32.280115842819214,stand_post,2.280115842819214,0.0,0.0,0.0,0.5301437602932776,-0.4112432050011639,0.40033489717619936,1.55,-2.48,9.450000000000001,1.227,0.7621588110923767,0.0,0.047033723909407854,1.0,1.0,7.6,0.17600000000000002,True,True,False
32.30055832862854,stand_post,2.30055832862854,0.0,0.0,0.0,0.7090400086226963,-0.29670597283903605,0.29561514205653955,0.36,-1.56,9.620000000000001,0.9210000000000002,0.7851837873458862,0.0,0.03964771761093289,1.0,1.0,7.6,0.17600000000000002,True,True,False
32.32093787193298,stand_post,2.3209378719329834,0.0,0.0,0.0,0.7592182246175333,-0.10581058590215622,-0.08508480103472356,-0.15,-1.3,9.17,0.9970000000000001,0.7501250505447388,0.0,0.017723530530929565,1.0,1.0,7.6,0.17600000000000002,True,True,False
32.341323375701904,stand_post,2.3413233757019043,0.0,0.0,0.0,0.667588438887831,0.17671458676442586,-0.44833145160604343,-0.15,-1.3,9.17,1.151,0.5867223739624023,0.0,0.05003805458545685,1.0,0.0,7.6,0.30500000000000005,True,True,False
32.36171555519104,stand_post,2.36171555519104,0.0,0.0,0.0,0.31306843457648287,0.33597588100890846,-0.7210391472301574,-0.15,-1.3,9.17,1.381,0.732791543006897,0.0,0.0285155544988811,1.0,1.0,7.6,0.30500000000000005,True,True,False
32.382100343704224,stand_post,2.3821003437042236,0.0,0.0,0.0,-0.07963064712224129,0.039269908169872414,-0.7963064712224128,0.08,3.22,8.06,1.304,0.7269187569618225,0.0,0.04166028089821339,1.0,1.0,7.6,0.30500000000000005,True,True,False
32.40245842933655,stand_post,2.402458429336548,0.0,0.0,0.0,-0.41233403578366035,0.13526301702956053,-0.9882926889417891,0.15,0.11,6.87,0.767,0.7739720344543457,0.0,0.02045130729675293,1.0,1.0,7.6,0.30500000000000005,True,True,False
32.422882318496704,stand_post,2.422882318496704,0.0,0.0,0.0,-0.4559672670835186,0.19634954084936207,-0.7101308394051928,0.46,-0.4,7.68,0.307,0.553196132183075,0.0,0.09593101590871811,1.0,1.0,7.6,0.30500000000000005,True,True,False
32.443540811538696,stand_post,2.4435408115386963,0.0,0.0,0.0,-0.34143003492139073,-0.03599741582238305,-0.0719948316447661,1.03,0.0,8.42,0.537,0.6322486400604248,0.0,0.07340196333825588,1.0,1.0,7.6,0.30500000000000005,True,True,False
32.46410298347473,stand_post,2.4641029834747314,0.0,0.0,0.0,-0.18871372537188688,-0.14835298641951802,0.3523383427463553,0.08,-0.66,8.31,0.537,0.8809345960617065,0.0,0.05717828869819641,1.0,1.0,7.6,0.30500000000000005,True,True,False
32.484463930130005,stand_post,2.484463930130005,0.0,0.0,0.0,-0.22362031041177347,0.0272707695624114,0.6981317007977318,-0.8,-0.64,8.68,0.9210000000000002,0.8585995435714722,0.0,0.06566902063786983,1.0,1.0,7.6,0.30500000000000005,True,True,False
32.50483298301697,stand_post,2.5048329830169678,0.0,0.0,0.0,-0.31525009614147576,0.10035643198967395,1.0013826583317467,-1.3900000000000001,-0.42,7.2700000000000005,1.304,0.8964495062828064,0.0,0.059462602250277996,1.0,1.0,7.6,0.30500000000000005,True,True,False
32.52519631385803,stand_post,2.5251963138580322,0.0,0.0,0.0,-0.4734205596034619,-0.06544984694978735,0.7908523173099306,-0.37,0.37,8.89,1.688,0.8446829319000244,0.0,0.030564120039343834,1.0,1.0,7.6,0.30500000000000005,True,True,False
32.54568147659302,stand_post,2.5456814765930176,0.0,0.0,0.0,-0.5290529295107811,0.20616701789183017,0.2617993877991494,-1.1400000000000001,-0.5,8.700000000000001,1.304,0.8311486840248108,0.0,0.04028503969311714,1.0,1.0,7.4,0.8690000000000001,True,True,False
32.5660457611084,stand_post,2.5660457611083984,0.0,0.0,0.0,-0.7014041931452212,0.210530341021816,-0.003272492347489368,-1.1400000000000001,-0.5,8.700000000000001,0.9210000000000002,0.826056957244873,0.0,0.0402644770219922,1.0,1.0,7.4,0.8690000000000001,True,True,False
32.586421728134155,stand_post,2.5864217281341553,0.0,0.0,0.0,-0.4723297288209654,0.05126904677733343,-0.12762720155208535,-1.1400000000000001,-0.5,8.700000000000001,0.844,0.8135716915130615,0.0,0.03391657583415508,1.0,1.0,7.4,0.8690000000000001,True,True,False
32.60696005821228,stand_post,2.6069600582122803,0.0,0.0,0.0,0.061086523819801536,-0.2530727415391778,-0.2585268954516601,-1.1400000000000001,-0.5,8.700000000000001,0.9970000000000001,0.8089688420295715,0.0,0.021099712699651718,1.0,1.0,7.4,0.8690000000000001,True,True,False
32.62743330001831,stand_post,2.6274333000183105,0.0,0.0,0.0,0.2399827721492203,0.0,-0.3043417883165112,-1.1400000000000001,-0.5,8.700000000000001,1.074,0.7863203287124634,0.0,0.011656500399112701,1.0,1.0,7.4,0.8690000000000001,True,True,False
32.64780569076538,stand_post,2.647805690765381,0.0,0.0,0.0,0.25416357232167425,0.1407171709420428,-0.4265148359561143,-1.71,-0.84,9.13,0.9210000000000002,0.781880259513855,0.0,0.012244243174791336,1.0,1.0,7.4,0.8690000000000001,True,True,False
32.668163537979126,stand_post,2.668163537979126,0.0,0.0,0.0,0.35124751196385884,-0.06217735460229799,-0.24216443371421323,-0.8,-0.2,7.96,0.537,0.6865603923797607,0.0,0.020733967423439026,1.0,1.0,7.4,0.8690000000000001,True,True,False
32.68860697746277,stand_post,2.6886069774627686,0.0,0.0,0.0,0.2814343418840856,0.011999138607461015,-0.16798794050445423,0.78,-0.15,7.55,0.307,0.6862089037895203,0.0,0.05279294867068529,1.0,1.0,7.4,0.8690000000000001,True,True,False
32.708983421325684,stand_post,2.7089834213256836,0.0,0.0,0.0,0.07963064712224129,0.032724923474893676,-0.09381144729469522,0.38,-0.62,9.16,0.46,0.7622457146644592,0.0,0.06873758789151907,1.0,1.0,7.4,0.8690000000000001,True,True,False
32.72934532165527,stand_post,2.7293453216552734,0.0,0.0,0.0,-0.04690572364734761,-0.07308566242726255,0.20289452554434081,-0.19,-0.46,8.94,0.614,0.8597065210342407,0.0,0.044675372540950775,1.0,1.0,7.4,0.8690000000000001,True,True,False
32.74977779388428,stand_post,2.7497777938842773,0.0,0.0,0.0,-0.08617563181722002,-0.002181661564992912,0.36979163526629855,-0.42,-0.46,8.46,0.844,0.8563232421875,0.0,0.036258360370993614,1.0,1.0,7.5,0.48600000000000004,True,True,False
32.77142000198364,stand_post,2.7714200019836426,0.0,0.0,0.0,-0.06981317007977318,-0.06217735460229799,0.4177881896961426,-0.9400000000000001,-1.6500000000000001,8.65,1.534,0.8382114171981812,0.0,0.02753021940588951,1.0,1.0,7.5,0.48600000000000004,True,True,False
32.7917845249176,stand_post,2.7917845249176025,0.0,0.0,0.0,0.11999138607461016,-0.1505346479845109,0.45814892864851153,0.8200000000000001,-1.01,8.65,1.534,0.795864462852478,0.0,0.04479502886533737,0.0,1.0,7.5,0.48600000000000004,True,True,False
32.81216597557068,stand_post,2.8121659755706787,0.0,0.0,0.0,0.3108867730114899,-0.17671458676442586,0.08399397025222712,0.03,-3.5300000000000002,8.870000000000001,1.6110000000000002,0.7989170551300049,0.0,0.08652630355209112,1.0,1.0,7.5,0.48600000000000004,True,True,False
32.83253598213196,stand_post,2.832535982131958,0.0,0.0,0.0,0.5126904677733343,-0.24652775684419906,0.03490658503988659,0.22,-2.82,9.67,1.151,0.8068221211433411,0.0,0.030810102820396423,1.0,1.0,7.5,0.48600000000000004,True,True,False
32.85292887687683,stand_post,2.852928876876831,0.0,0.0,0.0,0.7341291166201148,-0.14726215563702155,-0.04799655442984406,-0.43,-1.29,9.09,0.614,0.794320285320282,0.0,0.020095396786928177,1.0,1.0,7.5,0.48600000000000004,True,True,False
32.87329292297363,stand_post,2.873292922973633,0.0,0.0,0.0,0.9032078879070655,-0.10690141668465268,-0.2923426497090502,-0.43,-1.29,9.09,0.9970000000000001,0.7565997242927551,0.0,0.015743426978588104,1.0,0.0,7.5,0.48600000000000004,True,True,False
32.89366888999939,stand_post,2.8936688899993896,0.0,0.0,0.0,0.6065019150680295,0.46687557490848314,-0.5650503453331642,-1.1300000000000001,1.32,-0.01,1.381,0.6815179586410522,0.0,0.043393343687057495,1.0,0.0,7.5,0.48600000000000004,True,True,False
32.91402816772461,stand_post,2.9140281677246094,0.0,0.0,0.0,0.12544553998709243,0.09490227807719166,-0.6479534848028948,-1.1300000000000001,1.32,-0.01,1.534,0.7974380254745483,0.0,0.024951264262199402,1.0,1.0,7.5,0.48600000000000004,True,True,False
32.93441104888916,stand_post,2.93441104888916,0.0,0.0,0.0,-0.11235557059713497,-0.05235987755982989,-0.8333947178272924,0.68,0.85,6.12,1.381,0.7268915176391602,0.0,0.05212384834885597,1.0,1.0,7.5,0.48600000000000004,True,True,False
32.95483708381653,stand_post,2.9548370838165283,0.0,0.0,0.0,-0.3043417883165112,0.1538071403320003,-0.9152070265145266,-0.2,0.14,6.46,0.46,0.7016573548316956,0.0,0.022454884834587574,1.0,1.0,7.6,0.123,True,True,False
32.97546148300171,stand_post,2.975461483001709,0.0,0.0,0.0,-0.4276056667386107,0.039269908169872414,-0.4537856055185257,-0.02,-0.51,7.19,0.307,0.6674200296401978,0.0,0.029497474431991577,1.0,1.0,7.6,0.123,True,True,False
32.995845556259155,stand_post,2.9958455562591553,0.0,0.0,0.0,-0.27379852640661045,-0.030543261909900768,0.16144295580947549,0.61,0.41000000000000003,8.9,0.384,0.6270799040794373,0.0,0.05260229296982288,1.0,1.0,7.6,0.123,True,True,False
