time_s,phase,phase_elapsed_s,cmd_x,cmd_y,cmd_yaw,gyro_x,gyro_y,gyro_z,accel_x,accel_y,accel_z,joint_vel_abs_max,action_abs_max,action_saturation_frac,target_delta_abs_max,left_contact,right_contact,min_voltage,sum_abs_current,obs_finite,action_finite,missed_deadline
0.00015926361083984375,stand_pre,0.00015926361083984375,0.0,0.0,0.0,0.17562375598192942,-0.16689710972195776,1.0330167510241437,-1.49,-0.75,8.74,0.0,0.6176990270614624,0.0,0.09883183985948563,1.0,1.0,7.8,0.15400000000000003,True,True,True
0.02808547019958496,stand_pre,0.02808547019958496,0.0,0.0,0.0,0.18216874067690814,-0.32506757318394386,1.2457287536109527,-1.24,-0.78,8.56,0.0,0.46648016571998596,0.0,0.05013212747871875,1.0,1.0,7.8,0.15400000000000003,True,True,False
0.04894304275512695,stand_pre,0.04894304275512695,0.0,0.0,0.0,-0.001090830782496456,0.001090830782496456,-0.002181661564992912,0.41000000000000003,-0.32,9.25,0.307,0.5107071995735168,0.0,0.05429384112358093,1.0,1.0,7.8,0.15400000000000003,True,True,False
0.07002568244934082,stand_pre,0.07002568244934082,0.0,0.0,0.0,0.0,-0.002181661564992912,-0.001090830782496456,0.37,-0.26,9.200000000000001,0.844,0.5475888848304749,0.0,0.024484146386384964,1.0,1.0,7.8,0.15400000000000003,True,True,False
0.0906229019165039,stand_pre,0.0906229019165039,0.0,0.0,0.0,-0.015271630954950384,-0.002181661564992912,-0.038179077387375956,0.75,-0.14,7.88,0.9210000000000002,0.6305854916572571,0.0,0.024863440543413162,1.0,1.0,7.8,0.15400000000000003,True,True,False
0.11111879348754883,stand_pre,0.11111879348754883,0.0,0.0,0.0,0.013089969389957472,-0.09272061651219876,-0.21489366415180183,0.75,-0.14,7.88,0.844,0.6338564157485962,0.0,0.017363812774419785,1.0,1.0,7.8,0.15400000000000003,True,True,False
0.13152217864990234,stand_pre,0.13152217864990234,0.0,0.0,0.0,0.16907877128695067,-0.19634954084936207,-0.43960480534607177,0.75,-0.14,7.88,0.767,0.573527991771698,0.0,0.04318335358402692,1.0,1.0,7.8,0.15400000000000003,True,True,False
0.15203619003295898,stand_pre,0.15203619003295898,0.0,0.0,0.0,0.1341721862470641,-0.24434609527920614,-0.3665191429188092,0.67,-0.67,7.98,0.9970000000000001,0.6413241028785706,0.0,0.02278940859832801,1.0,1.0,7.8,0.15400000000000003,True,True,False
0.17253947257995605,stand_pre,0.17253947257995605,0.0,0.0,0.0,-0.18980455615438332,-0.19198621771937624,-0.3196134192714616,0.67,-0.67,7.98,0.614,0.6736590266227722,0.0,0.01924206828698516,1.0,1.0,7.8,0.15400000000000003,True,True,False
0.19292950630187988,stand_pre,0.19292950630187988,0.0,0.0,0.0,-0.19634954084936207,0.11344640137963143,-0.14289883250703572,-0.44,-0.35000000000000003,8.68,0.614,0.7509533166885376,0.0,0.05705651268362999,1.0,1.0,7.8,0.15400000000000003,True,True,False
0.21356678009033203,stand_pre,0.21356678009033203,0.0,0.0,0.0,-0.13526301702956053,0.25089107997418486,0.10690141668465268,-0.36,-0.51,7.11,0.9210000000000002,0.7951227426528931,0.0,0.03865730110555887,1.0,1.0,7.7,0.31700000000000006,True,True,False
0.2339329719543457,stand_pre,0.2339329719543457,0.0,0.0,0.0,-0.11235557059713497,0.3948807432637171,0.3861540970037454,0.51,-0.46,9.200000000000001,1.074,0.8517405986785889,0.0,0.047890689224004745,1.0,1.0,7.7,0.31700000000000006,True,True,False
0.2543044090270996,stand_pre,0.2543044090270996,0.0,0.0,0.0,-0.22471114119426994,0.4701480672559725,0.595593607243065,1.72,0.32,9.02,1.304,0.8171389698982239,0.0,0.06296705338172615,1.0,1.0,7.7,0.31700000000000006,True,True,False
0.2746589183807373,stand_pre,0.2746589183807373,0.0,0.0,0.0,-0.33488505022641196,0.4919646829059016,0.34579335805137656,1.0,-0.14,6.84,1.304,0.8249208927154541,0.0,0.05788974370807409,1.0,1.0,7.7,0.31700000000000006,True,True,False
0.29501819610595703,stand_pre,0.29501819610595703,0.0,0.0,0.0,-0.42978732830360367,0.26616271092913524,0.20616701789183017,1.1300000000000001,-0.5700000000000001,9.64,1.151,0.8101088404655457,0.0,0.046086246613413095,1.0,1.0,7.7,0.31700000000000006,True,True,False
0.3153982162475586,stand_pre,0.3153982162475586,0.0,0.0,0.0,-0.459239759431008,0.23889194136672387,0.5301437602932776,1.1300000000000001,-0.5700000000000001,9.64,0.844,0.7889787554740906,0.0,0.02503344416618347,1.0,1.0,7.7,0.31700000000000006,True,True,False
0.33575940132141113,stand_pre,0.33575940132141113,0.0,0.0,0.0,-0.28688849579656794,0.06654067773228381,0.6250460383704692,1.1300000000000001,-0.5700000000000001,9.64,0.9210000000000002,0.7560620903968811,0.0,0.025832343846559525,1.0,1.0,7.7,0.31700000000000006,True,True,False
0.356243371963501,stand_pre,0.356243371963501,0.0,0.0,0.0,-0.10581058590215622,0.12326387842209953,0.31852258848896514,1.1300000000000001,-0.5700000000000001,9.64,1.151,0.7413486242294312,0.0,0.01467475201934576,1.0,1.0,7.7,0.31700000000000006,True,True,False
0.3765988349914551,stand_pre,0.3765988349914551,0.0,0.0,0.0,0.05126904677733343,0.2181661564992912,-0.06326818538479445,1.1300000000000001,-0.5700000000000001,9.64,1.074,0.7347061634063721,0.0,0.021311506628990173,1.0,1.0,7.7,0.31700000000000006,True,True,False
0.3969767093658447,stand_pre,0.3969767093658447,0.0,0.0,0.0,0.05126904677733343,0.2181661564992912,-0.06326818538479445,0.1,0.0,8.22,0.9210000000000002,0.7288457155227661,0.0,0.024882779456675053,1.0,1.0,7.7,0.31700000000000006,True,True,False
0.4173471927642822,stand_pre,0.4173471927642822,0.0,0.0,0.0,0.3196134192714616,0.35015668118136234,-0.5475970528132209,-0.41000000000000003,-0.97,8.32,0.767,0.747230589389801,0.0,0.016062479466199875,1.0,1.0,7.7,0.21300000000000005,True,True,False
0.4377012252807617,stand_pre,0.4377012252807617,0.0,0.0,0.0,0.4243331743911214,0.3196134192714616,-0.4690572364734761,-0.51,-0.96,8.81,0.614,0.6599759459495544,0.0,0.0359892500564456,1.0,1.0,7.7,0.21300000000000005,True,True,False
0.45806026458740234,stand_pre,0.45806026458740234,0.0,0.0,0.0,0.42215151282612845,0.23671027980173096,-0.16035212502697901,0.27,-0.43,7.33,0.46,0.6974319219589233,0.0,0.07514248881489038,1.0,1.0,7.7,0.21300000000000005,True,True,False
0.4784374237060547,stand_pre,0.4784374237060547,0.0,0.0,0.0,0.31852258848896514,0.1189005552921137,0.1407171709420428,-0.02,-0.26,7.45,0.384,0.8130651116371155,0.0,0.0523577481508255,1.0,1.0,7.7,0.21300000000000005,True,True,False
0.49880337715148926,stand_pre,0.49880337715148926,0.0,0.0,0.0,0.2007128639793479,0.04799655442984406,0.40033489717619936,-0.54,0.28,9.75,0.9970000000000001,0.8543146848678589,0.0,0.032519044529180974,1.0,1.0,7.7,0.21300000000000005,True,True,False
0.5193336009979248,stand_pre,0.5193336009979248,0.0,0.0,0.0,0.032724923474893676,0.031634092692397225,0.42542400517361784,-0.52,-0.35000000000000003,8.120000000000001,1.765,0.8621096014976501,0.0,0.04195764660835266,0.0,1.0,7.7,0.21300000000000005,True,True,False
0.5396909713745117,stand_pre,0.5396909713745117,0.0,0.0,0.0,0.030543261909900768,-0.00545415391248228,0.3981532356112064,-0.3,-1.03,8.02,1.995,0.7833978533744812,0.0,0.039503514766693115,0.0,1.0,7.7,0.21300000000000005,True,True,False
0.5601212978363037,stand_pre,0.5601212978363037,0.0,0.0,0.0,0.24216443371421323,0.014180800172453928,0.4308781590861001,-0.6900000000000001,-1.9000000000000001,9.71,1.688,0.7718504667282104,0.0,0.0831521904328838,1.0,1.0,7.7,0.21300000000000005,True,True,False
0.580629825592041,stand_pre,0.580629825592041,0.0,0.0,0.0,0.4734205596034619,-0.07090400086226964,0.32070425005395803,-0.22,-1.49,8.36,0.9970000000000001,0.7739341259002686,0.0,0.030809971853159368,1.0,1.0,7.7,0.21300000000000005,True,True,False
0.6010289192199707,stand_pre,0.6010289192199707,0.0,0.0,0.0,0.6621342849753488,-0.18653206380689397,0.055632369907319255,-0.13,-1.08,9.46,0.537,0.7850160598754883,0.0,0.024512415286153555,1.0,1.0,7.7,0.21300000000000005,True,True,False
0.6214535236358643,stand_pre,0.6214535236358643,0.0,0.0,0.0,0.6970408700152354,-0.13526301702956053,-0.22362031041177347,-0.13,-1.08,9.46,0.9210000000000002,0.7450534701347351,0.0,0.016504868865013123,1.0,1.0,7.6,0.662,True,True,False
0.6418070793151855,stand_pre,0.6418070793151855,0.0,0.0,0.0,0.6043202535030366,0.20616701789183017,-0.5421428989007386,-0.13,-1.08,9.46,1.458,0.7455556988716125,0.0,0.02487119287252426,1.0,1.0,7.6,0.662,True,True,False
0.6621723175048828,stand_pre,0.6621723175048828,0.0,0.0,0.0,0.07853981633974483,-0.01090830782496456,-1.028653427894158,-0.13,-1.08,9.46,1.6110000000000002,0.7920069694519043,0.0,0.018587151309475303,1.0,1.0,7.6,0.662,True,True,False
0.6826939582824707,stand_pre,0.6826939582824707,0.0,0.0,0.0,-0.19744037163185854,-0.13199052468207118,-1.0188359508516898,0.68,1.8,7.1000000000000005,1.534,0.7928121089935303,0.0,0.04209336265921593,1.0,1.0,7.6,0.662,True,True,False
0.7030742168426514,stand_pre,0.7030742168426514,0.0,0.0,0.0,-0.4788747135159442,-0.10253809355466686,-1.088649120931463,0.36,-0.08,7.12,1.074,0.8002455830574036,0.0,0.015177670866250992,1.0,1.0,7.6,0.662,True,True,False
0.7234375476837158,stand_pre,0.7234375476837158,0.0,0.0,0.0,-0.56941366846315,-0.07308566242726255,-0.6337726846304409,0.5,1.03,8.52,0.537,0.6715723276138306,0.0,0.036270881071686745,1.0,1.0,7.6,0.662,True,True,False
0.7438139915466309,stand_pre,0.7438139915466309,0.0,0.0,0.0,-0.4112432050011639,-0.10471975511965978,-0.07963064712224129,0.16,0.9,8.1,0.537,0.6826630234718323,0.0,0.04900080675724894,1.0,1.0,7.6,0.662,True,True,False
0.7641680240631104,stand_pre,0.7641680240631104,0.0,0.0,0.0,-0.3643374813538163,0.017453292519943295,0.26398104936414235,-0.41000000000000003,-0.79,7.5200000000000005,0.614,0.897879958152771,0.0,0.07146751834079623,1.0,1.0,7.6,0.662,True,True,False
0.7845292091369629,stand_pre,0.7845292091369629,0.0,0.0,0.0,-0.4265148359561143,0.03381575425739013,0.5388704065532492,-0.41000000000000003,-0.79,7.5200000000000005,0.9210000000000002,0.905720591545105,0.0,0.04651566129177809,1.0,1.0,7.6,0.662,True,True,False
0.804940938949585,stand_pre,0.804940938949585,0.0,0.0,0.0,-0.23452861823673804,0.3043417883165112,0.8846637646046258,-0.41000000000000003,-0.79,7.5200000000000005,1.534,0.900485098361969,0.0,0.04488182067871094,1.0,1.0,7.6,0.662,True,True,False
0.825423002243042,stand_pre,0.825423002243042,0.0,0.0,0.0,-0.05781403147231216,0.17889624832941878,0.8137597637423561,0.96,-1.52,6.97,1.765,0.833228349685669,0.0,0.035277701914310455,1.0,1.0,7.7,0.455,True,True,False
0.8458433151245117,stand_pre,0.8458433151245117,0.0,0.0,0.0,-0.20398535632683726,-0.050178215994836975,0.21162117180431245,0.55,-2.84,6.73,0.767,0.8427494764328003,0.0,0.05293968506157398,1.0,1.0,7.7,0.455,True,True,False
0.8662059307098389,stand_pre,0.8662059307098389,0.0,0.0,0.0,-0.5737769915931359,-0.09272061651219876,0.026179938779914945,0.55,-2.84,6.73,0.9210000000000002,0.8475328087806702,0.0,0.03542474750429391,1.0,1.0,7.7,0.455,True,True,False
0.8865811824798584,stand_pre,0.8865811824798584,0.0,0.0,0.0,-0.46796640569097964,0.018544123302439753,-0.2781618495365963,0.55,-2.84,6.73,0.767,0.8408011198043823,0.0,0.01886269822716713,1.0,1.0,7.7,0.455,True,True,False
0.906951904296875,stand_pre,0.906951904296875,0.0,0.0,0.0,-0.23452861823673804,0.01090830782496456,-0.3687008044838021,0.55,-2.84,6.73,1.151,0.832420825958252,0.0,0.02370659401640296,1.0,1.0,7.7,0.455,True,True,False
0.9273200035095215,stand_pre,0.9273200035095215,0.0,0.0,0.0,0.020725784867432664,-0.16471544815696484,-0.2476185876266955,0.55,-2.84,6.73,1.304,0.8332959413528442,0.0,0.015112141147255898,1.0,1.0,7.7,0.455,True,True,False
0.9476964473724365,stand_pre,0.9476964473724365,0.0,0.0,0.0,0.12762720155208535,-0.05890486225480862,-0.34143003492139073,0.55,-2.84,6.73,1.151,0.8564646244049072,0.0,0.008254993706941605,1.0,1.0,7.7,0.455,True,True,False
0.9680564403533936,stand_pre,0.9680564403533936,0.0,0.0,0.0,0.14835298641951802,-0.07526732399225546,-0.6185010536754906,-0.42,0.02,8.72,0.767,0.8220500946044922,0.0,0.027836814522743225,1.0,1.0,7.7,0.455,True,True,False
0.9884145259857178,stand_pre,0.9884145259857178,0.0,0.0,0.0,0.2814343418840856,-0.09381144729469522,-0.4145156973486533,-0.1,0.25,7.55,0.46,0.7440556287765503,0.0,0.02994600497186184,1.0,1.0,7.7,0.455,True,True,False
1.0088839530944824,stand_pre,1.0088839530944824,0.0,0.0,0.0,0.2552544031041707,-0.02181661564992912,-0.15817046346198613,-0.17,-0.27,8.0,0.307,0.7243101000785828,0.0,0.06535250879824162,1.0,1.0,7.7,0.455,True,True,False
1.0292670726776123,stand_pre,1.0292670726776123,0.0,0.0,0.0,0.013089969389957472,0.0,-0.04581489286485115,-0.2,-0.6,8.5,0.537,0.7901423573493958,0.0,0.0677277185022831,1.0,1.0,7.7,0.33,True,True,False
1.0504240989685059,stand_pre,1.0504240989685059,0.0,0.0,0.0,-0.06872233929727672,-0.05126904677733343,0.16689710972195776,-0.22,-1.7,9.07,0.844,0.8618110418319702,0.0,0.02008711115922779,1.0,1.0,7.7,0.33,True,True,False
1.0707788467407227,stand_pre,1.0707788467407227,0.0,0.0,0.0,-0.05345070834232634,-0.03490658503988659,0.5039638215133626,0.17,-1.87,8.23,1.227,0.8638455271720886,0.0,0.07532687112689018,0.0,1.0,7.7,0.33,True,True,False
1.0911972522735596,stand_pre,1.0911972522735596,0.0,0.0,0.0,0.004363323129985824,-0.15162547876700738,0.5683228376806536,0.58,-0.9,8.41,1.765,0.7801443338394165,0.0,0.04524325206875801,0.0,1.0,7.7,0.33,True,True,False
1.111555576324463,stand_pre,1.111555576324463,0.0,0.0,0.0,0.14835298641951802,-0.3196134192714616,0.19416787928436915,0.27,-2.12,8.24,1.841,0.776639461517334,0.0,0.08699499210342765,1.0,1.0,7.7,0.33,True,True,False
1.1320030689239502,stand_pre,1.1320030689239502,0.0,0.0,0.0,0.4788747135159442,-0.39924406639370286,0.13853550937704992,-0.31,-2.34,9.01,1.381,0.7820857167243958,0.0,0.0281121120788157,1.0,1.0,7.7,0.33,True,True,False
1.1523699760437012,stand_pre,1.1523699760437012,0.0,0.0,0.0,0.7723081940074908,-0.3119776037939864,0.07963064712224129,0.33,-1.3900000000000001,9.34,0.614,0.7937182784080505,0.0,0.042925752233713865,1.0,1.0,7.7,0.33,True,True,False
1.1728312969207764,stand_pre,1.1728312969207764,0.0,0.0,0.0,0.9861110273767962,-0.23452861823673804,-0.1265363707695889,0.33,-1.3900000000000001,9.34,0.844,0.7544960975646973,0.0,0.01687736064195633,1.0,1.0,7.7,0.33,True,True,False
1.1931917667388916,stand_pre,1.1931917667388916,0.0,0.0,0.0,0.8639379797371931,0.2399827721492203,-0.4385139745635753,0.33,-1.3900000000000001,9.34,1.304,0.6558811664581299,0.0,0.04225983330979943,1.0,0.0,7.7,0.33,True,True,False
1.2137043476104736,stand_pre,1.2137043476104736,0.0,0.0,0.0,0.36106498900632694,0.15707963267948966,-0.6926775468852495,0.33,-1.3900000000000001,9.34,1.534,0.7467178702354431,0.0,0.0175448190420866,1.0,1.0,7.7,0.33,True,True,False
1.2341859340667725,stand_pre,1.2341859340667725,0.0,0.0,0.0,-0.15271630954950383,0.055632369907319255,-0.6784967467127956,1.06,2.45,6.71,1.534,0.7430516481399536,0.0,0.04205084592103958,1.0,1.0,7.7,0.127,True,True,False
1.2545404434204102,stand_pre,1.2545404434204102,0.0,0.0,0.0,-0.4363323129985824,0.14508049407202864,-0.9206611804270088,0.79,0.93,6.47,1.151,0.7633476853370667,0.0,0.02208772860467434,1.0,1.0,7.7,0.127,True,True,False
1.274918794631958,stand_pre,1.274918794631958,0.0,0.0,0.0,-0.44178646691106466,0.11126473981463851,-0.7057675162752071,0.44,0.16,8.36,0.537,0.5794413089752197,0.0,0.07321039400994778,1.0,1.0,7.7,0.127,True,True,False
1.295301914215088,stand_pre,1.295301914215088,0.0,0.0,0.0,-0.346884188833873,-0.20943951023931956,0.07744898555724837,0.9,1.28,8.34,0.537,0.7046332359313965,0.0,0.07367414924374316,1.0,1.0,7.7,0.127,True,True,False
1.3156721591949463,stand_pre,1.3156721591949463,0.0,0.0,0.0,-0.23343778745424157,-0.16253378659197193,0.4428772976935611,0.02,-0.99,7.8500000000000005,0.767,0.9015865325927734,0.0,0.07153766602277756,1.0,1.0,7.7,0.127,True,True,False
1.3361430168151855,stand_pre,1.3361430168151855,0.0,0.0,0.0,-0.2879793265790644,-0.06435901616729091,0.5465062220307244,-0.67,-0.55,9.72,0.767,0.8806106448173523,0.0,0.03437504079192877,1.0,1.0,7.7,0.127,True,True,False
1.3566250801086426,stand_pre,1.3566250801086426,0.0,0.0,0.0,-0.22252947962927702,0.08399397025222712,0.9304786574694769,-1.16,-0.32,7.63,1.151,0.8912245035171509,0.0,0.04899332206696272,1.0,1.0,7.7,0.127,True,True,False
1.3769869804382324,stand_pre,1.3769869804382324,0.0,0.0,0.0,-0.30325095753401476,0.09708393964218458,1.0482883819790942,0.48,1.62,9.4,1.688,0.8283109068870544,0.0,0.04232783801853657,1.0,1.0,7.7,0.127,True,True,False
1.3974552154541016,stand_pre,1.3974552154541016,0.0,0.0,0.0,-0.28688849579656794,0.18980455615438332,0.35124751196385884,0.86,-2.19,7.5600000000000005,1.381,0.8376368284225464,0.0,0.059278614819049835,1.0,1.0,7.7,0.127,True,True,False
1.417832851409912,stand_pre,1.417832851409912,0.0,0.0,0.0,-0.49960049838337683,0.16471544815696484,-0.17453292519943295,0.86,-2.19,7.5600000000000005,0.844,0.8322004079818726,0.0,0.031866534613072865,1.0,1.0,7.7,0.127,True,True,False
1.438215732574463,stand_pre,1.438215732574463,0.0,0.0,0.0,-0.6206827152404835,0.22907446432425577,-0.09053895494720585,0.86,-2.19,7.5600000000000005,0.767,0.8125650882720947,0.0,0.020977217704057693,1.0,1.0,7.6,0.7730000000000001,True,True,False
1.4585731029510498,stand_pre,1.4585731029510498,0.0,0.0,0.0,-0.5279620987282847,0.29561514205653955,-0.27598018797160334,0.86,-2.19,7.5600000000000005,0.767,0.849441409111023,0.0,0.02075208444148302,1.0,1.0,7.6,0.7730000000000001,True,True,False
1.479053258895874,stand_pre,1.479053258895874,0.0,0.0,0.0,0.15162547876700738,0.22689280275926285,-0.3174317577064687,-0.32,-1.1,8.370000000000001,1.227,0.8423240780830383,0.0,0.02059806603938341,1.0,1.0,7.6,0.7730000000000001,True,True,False
1.4994239807128906,stand_pre,1.4994239807128906,0.0,0.0,0.0,0.2628902185816459,0.09381144729469522,-0.2999784651865254,-0.32,-1.1,8.370000000000001,1.074,0.8297340869903564,0.0,0.012496259063482285,1.0,1.0,7.6,0.7730000000000001,True,True,False
1.519899606704712,stand_pre,1.519899606704712,0.0,0.0,0.0,0.19962203319685143,0.014180800172453928,-0.19525871006686563,-0.17,-0.38,9.42,0.614,0.8035586476325989,0.0,0.018267888575792313,1.0,1.0,7.6,0.7730000000000001,True,True,False
1.540271520614624,stand_pre,1.540271520614624,0.0,0.0,0.0,0.24434609527920614,-0.002181661564992912,-0.25089107997418486,-0.64,-0.35000000000000003,6.78,0.46,0.7528365254402161,0.0,0.026680683717131615,1.0,1.0,7.6,0.7730000000000001,True,True,False
1.5606427192687988,stand_pre,1.5606427192687988,0.0,0.0,0.0,0.31525009614147576,0.004363323129985824,-0.1189005552921137,-0.6,-0.35000000000000003,8.45,0.307,0.7088067531585693,0.0,0.05618687905371189,1.0,1.0,7.6,0.7730000000000001,True,True,False
1.581160068511963,stand_pre,1.581160068511963,0.0,0.0,0.0,0.08835729338221293,0.06435901616729091,0.004363323129985824,-0.24,-0.71,8.9,0.384,0.7764320969581604,0.0,0.07146923616528511,1.0,1.0,7.6,0.7730000000000001,True,True,False
1.601517915725708,stand_pre,1.601517915725708,0.0,0.0,0.0,-0.044724062082354694,0.026179938779914945,0.14835298641951802,-0.3,-0.53,8.75,0.9210000000000002,0.8551734089851379,0.0,0.021702272351831198,1.0,1.0,7.6,0.7730000000000001,True,True,False
1.621886968612671,stand_pre,1.621886968612671,0.0,0.0,0.0,-0.08617563181722002,0.013089969389957472,0.18435040224190105,-0.52,-1.25,8.67,1.458,0.8770144581794739,0.0,0.06543196924030781,0.0,1.0,7.6,0.7730000000000001,True,True,False
1.6422486305236816,stand_pre,1.6422486305236816,0.0,0.0,0.0,-0.02945243112740431,-0.07308566242726255,0.3010692959690218,-0.38,-2.0100000000000002,8.64,1.6110000000000002,0.7651815414428711,0.0,0.04858829826116562,0.0,1.0,7.6,0.525,True,True,False
1.662611961364746,stand_pre,1.662611961364746,0.0,0.0,0.0,0.1308996938995747,-0.20180369476184434,0.28688849579656794,-0.62,-1.8900000000000001,8.69,1.688,0.7674272656440735,0.0,0.0827673813328147,1.0,1.0,7.6,0.525,True,True,False
1.6829783916473389,stand_pre,1.6829783916473389,0.0,0.0,0.0,0.4363323129985824,-0.30652344988150415,0.1439896632895322,0.11,-2.21,8.09,1.304,0.7700844407081604,0.0,0.03898244630545378,1.0,1.0,7.6,0.525,True,True,False
1.7034485340118408,stand_pre,1.7034485340118408,0.0,0.0,0.0,0.6359543461954338,-0.41233403578366035,0.0,-0.29,-2.18,9.72,0.614,0.7957199215888977,0.0,0.032938947435468435,1.0,1.0,7.6,0.525,True,True,False
1.7238094806671143,stand_pre,1.7238094806671143,0.0,0.0,0.0,0.8519388411297321,-0.23671027980173096,-0.020725784867432664,-0.29,-2.18,9.72,0.9210000000000002,0.7636076807975769,0.0,0.013746097683906555,1.0,1.0,7.6,0.525,True,True,False
1.7442572116851807,stand_pre,1.7442572116851807,0.0,0.0,0.0,0.8966629032120869,-0.05781403147231216,-0.28579766501407144,-0.29,-2.18,9.72,1.381,0.6448244452476501,0.0,0.03851885814219713,1.0,0.0,7.6,0.525,True,True,False
1.7646229267120361,stand_pre,1.7646229267120361,0.0,0.0,0.0,0.3763366199612773,0.1636246173744684,-0.7221299780126539,-0.29,-2.18,9.72,1.534,0.7481104135513306,0.0,0.018747299909591675,1.0,1.0,7.6,0.525,True,True,False
1.7850005626678467,stand_pre,1.7850005626678467,0.0,0.0,0.0,-0.09272061651219876,-0.10035643198967395,-0.7581273938350369,1.11,3.92,7.82,1.534,0.7665395736694336,0.0,0.05047651752829552,1.0,1.0,7.6,0.525,True,True,False
1.8054585456848145,stand_pre,1.8054585456848145,0.0,0.0,0.0,-0.3719732968312915,-0.018544123302439753,-0.9392053037294485,1.52,2.29,7.13,1.074,0.760422945022583,0.0,0.02553764171898365,1.0,1.0,7.6,0.525,True,True,False
1.8258349895477295,stand_pre,1.8258349895477295,0.0,0.0,0.0,-0.39706240482870997,0.031634092692397225,-0.8268497331323136,0.53,0.09,7.55,0.46,0.6380429863929749,0.0,0.042482869932428,1.0,1.0,7.6,0.525,True,True,False
1.8463153839111328,stand_pre,1.8463153839111328,0.0,0.0,0.0,-0.4799655442984406,-0.08072147790473774,-0.30543261909900765,0.15,0.01,7.68,0.767,0.7358996868133545,0.0,0.0420498987659812,1.0,1.0,7.7,0.09000000000000001,True,True,False
1.8666772842407227,stand_pre,1.8666772842407227,0.0,0.0,0.0,-0.26070855701665296,-0.16580627893946132,0.22252947962927702,0.31,-0.06,6.5,0.844,0.8749902248382568,0.0,0.06725447624921799,1.0,1.0,7.7,0.09000000000000001,True,True,False
1.8870363235473633,stand_pre,1.8870363235473633,0.0,0.0,0.0,-0.19634954084936207,-0.21162117180431245,0.5497787143782138,0.31,-0.06,6.5,0.767,0.9155429601669312,0.0,0.03989734104834497,1.0,1.0,7.7,0.09000000000000001,True,True,False
1.9074389934539795,stand_pre,1.9074389934539795,0.0,0.0,0.0,-0.10362892433716332,0.016362461737446838,0.9293878266869805,0.31,-0.06,6.5,1.458,0.8921958208084106,0.0,0.04612443596124649,1.0,1.0,7.7,0.09000000000000001,True,True,False
1.9279382228851318,stand_pre,1.9279382228851318,0.0,0.0,0.0,-0.14508049407202864,0.09926560120717749,0.7581273938350369,0.14,-0.07,7.63,1.918,0.8325215578079224,0.0,0.039360009133815765,1.0,1.0,7.7,0.09000000000000001,True,True,False
1.9483137130737305,stand_pre,1.9483137130737305,0.0,0.0,0.0,-0.3425208657038872,-0.013089969389957472,0.19962203319685143,0.26,-1.73,7.59,1.304,0.8459484577178955,0.0,0.04723609797656536,1.0,1.0,7.7,0.09000000000000001,True,True,False
1.9686901569366455,stand_pre,1.9686901569366455,0.0,0.0,0.0,-0.6643159465403417,-0.055632369907319255,0.013089969389957472,0.26,-1.73,7.59,0.844,0.8471680283546448,0.0,0.03403010219335555,1.0,1.0,7.7,0.09000000000000001,True,True,False
1.9890570640563965,stand_pre,1.9890570640563965,0.0,0.0,0.0,-0.7952156404399164,0.23343778745424157,-0.21162117180431245,0.26,-1.73,7.59,0.767,0.8247342109680176,0.0,0.031250545755028725,1.0,1.0,7.7,0.09000000000000001,True,True,False
2.0095226764678955,forward_005,0.009522676467895508,0.05,0.0,0.0,-0.48105637508093707,0.40578905108868163,-0.46796640569097964,0.26,-1.73,7.59,0.9210000000000002,0.8897896409034729,0.0,0.028995176311582327,1.0,1.0,7.7,0.09000000000000001,True,True,False
2.029897689819336,forward_005,0.029897689819335938,0.05,0.0,0.0,-0.03599741582238305,0.20289452554434081,-0.3741549583962844,-0.28,-1.71,9.31,1.227,0.8692578673362732,0.0,0.016281327232718468,1.0,1.0,7.7,0.09000000000000001,True,True,False
2.0502665042877197,forward_005,0.05026650428771973,0.05,0.0,0.0,0.1189005552921137,0.17562375598192942,-0.4079707126536745,-0.28,-1.71,9.31,0.9210000000000002,0.8514620661735535,0.0,0.008554734289646149,1.0,1.0,7.7,0.099,True,True,False
2.0709731578826904,forward_005,0.07097315788269043,0.05,0.0,0.0,0.16253378659197193,0.15926129424448257,-0.4439681284760576,-0.27,-1.52,8.48,0.9210000000000002,0.8126517534255981,0.0,0.01306530088186264,1.0,1.0,7.7,0.099,True,True,False
2.0913302898406982,forward_005,0.09133028984069824,0.05,0.0,0.0,0.39706240482870997,0.044724062082354694,-0.13962634015954636,-0.27,-0.23,7.5,0.46,0.6728833317756653,0.0,0.03527142107486725,1.0,1.0,7.7,0.099,True,True,False
2.1117796897888184,forward_005,0.11177968978881836,0.05,0.0,0.0,0.3567016658763411,0.10144726277217041,0.02181661564992912,-0.23,-0.76,7.74,0.307,0.6484394073486328,0.0,0.06668584980070591,1.0,1.0,7.7,0.099,True,True,False
2.132305383682251,forward_005,0.13230538368225098,0.05,0.0,0.0,0.11780972450961724,0.10362892433716332,0.09926560120717749,-0.88,-0.54,9.18,0.46,0.7448397874832153,0.0,0.06401374936103821,1.0,1.0,7.7,0.099,True,True,False
2.152811050415039,forward_005,0.15281105041503906,0.05,0.0,0.0,-0.10471975511965978,0.032724923474893676,0.19198621771937624,-0.33,-1.1400000000000001,9.700000000000001,1.074,0.8588093519210815,0.0,0.029902970883995295,1.0,1.0,7.7,0.099,True,True,False
2.1731972694396973,forward_005,0.17319726943969727,0.05,0.0,0.0,-0.06981317007977318,0.1308996938995747,0.33597588100890846,0.17,-1.6300000000000001,8.68,1.688,0.8973328471183777,0.0,0.031108714640140533,1.0,1.0,7.7,0.099,True,True,False
2.1935811042785645,forward_005,0.19358110427856445,0.05,0.0,0.0,0.003272492347489368,0.1341721862470641,0.40578905108868163,-0.9,-1.94,7.69,1.765,0.8285555243492126,0.0,0.055505216121673584,0.0,1.0,7.7,0.099,True,True,False
2.213958501815796,forward_005,0.2139585018157959,0.05,0.0,0.0,0.16253378659197193,0.001090830782496456,0.3174317577064687,-0.03,-1.25,8.05,1.688,0.7916868329048157,0.0,0.0694667418138124,1.0,1.0,7.7,0.099,True,True,False
2.2344682216644287,forward_005,0.2344682216644287,0.05,0.0,0.0,0.4308781590861001,-0.1712604328519436,-0.04581489286485115,0.3,-2.46,9.25,1.074,0.7651411890983582,0.0,0.030116869136691093,1.0,1.0,7.7,0.099,True,True,False
2.2548415660858154,forward_005,0.25484156608581543,0.05,0.0,0.0,0.8399397025222711,-0.2814343418840856,-0.10144726277217041,-0.59,-2.43,9.450000000000001,0.46,0.8022699952125549,0.0,0.022789761424064636,1.0,1.0,7.5,0.9720000000000001,True,True,False
2.275578498840332,forward_005,0.27557849884033203,0.05,0.0,0.0,0.9850201965942997,-0.23452861823673804,-0.13526301702956053,-0.59,-2.43,9.450000000000001,1.074,0.8132224082946777,0.0,0.014808405190706253,1.0,1.0,7.5,0.9720000000000001,True,True,False
2.296121835708618,forward_005,0.29612183570861816,0.05,0.0,0.0,0.8857545953871222,0.04036073895236887,-0.46142142099600086,-0.59,-2.43,9.450000000000001,1.381,0.7334128022193909,0.0,0.028350939974188805,1.0,0.0,7.5,0.9720000000000001,True,True,False
2.316490411758423,forward_005,0.31649041175842285,0.05,0.0,0.0,0.21489366415180183,0.25743606466916363,-0.990474350506782,-0.59,-2.43,9.450000000000001,1.381,0.7108540534973145,0.0,0.022877588868141174,1.0,1.0,7.5,0.9720000000000001,True,True,False
2.336853504180908,forward_005,0.3368535041809082,0.05,0.0,0.0,-0.09926560120717749,-0.16798794050445423,-0.8606654873897037,2.12,1.82,6.32,1.304,0.8442414402961731,0.0,0.06404982320964336,1.0,1.0,7.5,0.9720000000000001,True,True,False
2.357208251953125,forward_005,0.357208251953125,0.05,0.0,0.0,-0.22471114119426994,-0.02945243112740431,-0.928296995904484,0.15,-0.14,6.73,0.844,0.7312328219413757,0.0,0.0296125840395689,1.0,1.0,7.5,0.9720000000000001,True,True,False
2.377570629119873,forward_005,0.37757062911987305,0.05,0.0,0.0,-0.32834006553143325,0.028361600344907856,-0.6894050545377601,-0.06,0.97,8.91,0.614,0.6713880300521851,0.0,0.04699481278657913,1.0,1.0,7.5,0.9720000000000001,True,True,False
2.397925853729248,forward_005,0.39792585372924805,0.05,0.0,0.0,-0.3392483733563978,-0.03381575425739013,-0.12544553998709243,-0.06,0.97,8.91,0.844,0.7235671877861023,0.0,0.05394861288368702,1.0,1.0,7.5,0.9720000000000001,True,True,False
2.4182815551757812,forward_005,0.41828155517578125,0.05,0.0,0.0,-0.1407171709420428,0.044724062082354694,0.17889624832941878,0.32,-0.34,6.390000000000001,0.6899999999999998,0.7946800589561462,0.0,0.05118883587419986,1.0,1.0,7.5,0.9720000000000001,True,True,False
2.4387495517730713,forward_005,0.4387495517730713,0.05,0.0,0.0,-0.22689280275926285,0.026179938779914945,0.25634523388666713,0.32,-0.34,6.390000000000001,0.844,0.8661609888076782,0.0,0.04145488329231739,1.0,1.0,7.5,0.9720000000000001,True,True,False
2.4591073989868164,forward_005,0.4591073989868164,0.05,0.0,0.0,-0.14508049407202864,0.17780541754692233,0.6414085001079161,0.32,-0.34,6.390000000000001,1.227,0.8226016759872437,0.0,0.026429641991853714,1.0,1.0,7.7,0.28400000000000003,True,True,False
2.479461908340454,forward_005,0.4794619083404541,0.05,0.0,0.0,-0.07526732399225546,0.14180800172453928,0.9872018581592926,0.33,-1.02,6.38,1.918,0.813983142375946,0.0,0.03935755789279938,1.0,1.0,7.7,0.28400000000000003,True,True,False
2.499816417694092,forward_005,0.4998164176940918,0.05,0.0,0.0,-0.421060682043632,-0.030543261909900768,0.4854196982109229,-1.71,0.87,6.8100000000000005,1.918,0.8122351169586182,0.0,0.05556532181799412,1.0,1.0,7.7,0.28400000000000003,True,True,False
2.5203335285186768,forward_005,0.5203335285186768,0.05,0.0,0.0,-0.7264933011426397,-0.1090830782496456,0.05672320068981571,-1.71,0.87,6.8100000000000005,1.074,0.8534402847290039,0.0,0.02567712590098381,1.0,1.0,7.7,0.28400000000000003,True,True,False
2.540708541870117,forward_005,0.5407085418701172,0.05,0.0,0.0,-0.8628471489546967,-0.013089969389957472,-0.028361600344907856,-1.71,0.87,6.8100000000000005,0.844,0.8537177443504333,0.0,0.02918418683111667,1.0,1.0,7.7,0.28400000000000003,True,True,False
2.5610761642456055,forward_005,0.5610761642456055,0.05,0.0,0.0,-0.5443245604657315,0.0545415391248228,-0.26070855701665296,-1.71,0.87,6.8100000000000005,0.9970000000000001,0.8358224034309387,0.0,0.01628180965781212,1.0,1.0,7.7,0.28400000000000003,True,True,False
2.581435441970825,forward_005,0.5814354419708252,0.05,0.0,0.0,-0.23343778745424157,-0.08726646259971647,-0.3327033886614191,-1.71,0.87,6.8100000000000005,1.151,0.8106325268745422,0.0,0.018811386078596115,1.0,1.0,7.7,0.28400000000000003,True,True,False
2.6017916202545166,forward_005,0.6017916202545166,0.05,0.0,0.0,-0.06763150851478027,0.2628902185816459,-0.3021601267515183,-1.28,-1.43,7.41,1.151,0.7812778949737549,0.0,0.031651152297854424,1.0,1.0,7.7,0.28400000000000003,True,True,False
2.6222684383392334,forward_005,0.6222684383392334,0.05,0.0,0.0,0.014180800172453928,0.1559888018969932,-0.3741549583962844,0.52,-1.2,9.63,0.767,0.594326376914978,0.0,0.03586923400871456,1.0,1.0,7.7,0.28400000000000003,True,True,False
2.642796277999878,forward_005,0.6427962779998779,0.05,0.0,0.0,0.2083486794568231,0.1712604328519436,-0.22252947962927702,-0.9,-1.47,7.99,0.537,0.41571924090385437,0.0,0.10678850300610065,1.0,1.0,7.7,0.28400000000000003,True,True,False
2.663245439529419,forward_005,0.663245439529419,0.05,0.0,0.0,0.42542400517361784,0.11999138607461016,0.08508480103472356,0.49,-0.68,7.5200000000000005,0.614,0.7629008293151855,0.0,0.12216714955866337,1.0,1.0,7.3,1.41,True,True,False
2.683603048324585,forward_005,0.683603048324585,0.05,0.0,0.0,0.2977968036215325,0.14180800172453928,0.11017390903214205,0.6,-1.48,9.02,1.074,0.8107967972755432,0.0,0.061439904384315014,1.0,1.0,7.3,1.41,True,True,False
2.7040891647338867,forward_005,0.7040891647338867,0.05,0.0,0.0,-0.02945243112740431,0.044724062082354694,0.15162547876700738,-0.25,-1.8,9.14,1.304,0.775144636631012,0.0,0.033812444657087326,1.0,1.0,7.3,1.41,True,True,False
2.724456548690796,forward_005,0.7244565486907959,0.05,0.0,0.0,-0.11671889372712078,0.08290313946973066,0.3567016658763411,-1.56,-2.25,9.290000000000001,1.458,0.8906491994857788,0.0,0.025930438190698624,1.0,1.0,7.3,1.41,True,True,False
2.7448251247406006,forward_005,0.7448251247406006,0.05,0.0,0.0,0.10581058590215622,0.4079707126536745,0.6217735460229799,-2.61,-1.86,7.21,1.918,0.8910309672355652,0.0,0.0649118609726429,1.0,1.0,7.3,1.41,True,True,False
2.765247106552124,forward_005,0.765247106552124,0.05,0.0,0.0,0.36324665057131983,0.16580627893946132,0.7046766854927106,0.05,-1.57,7.890000000000001,1.841,0.7747295498847961,0.0,0.11151139310095459,1.0,1.0,7.3,1.41,True,True,False
2.785712718963623,forward_005,0.785712718963623,0.05,0.0,0.0,0.6664976081053346,-0.01090830782496456,0.3392483733563978,1.81,-2.54,8.790000000000001,0.9970000000000001,0.752206027507782,0.0,0.04028346517588943,1.0,1.0,7.3,1.41,True,True,False
2.8060660362243652,forward_005,0.8060660362243652,0.05,0.0,0.0,0.8530296719122286,-0.2748893571891069,0.15271630954950383,0.18,-1.1500000000000001,7.71,0.537,0.7535277605056763,0.0,0.022980816662311554,1.0,1.0,7.3,1.41,True,True,False
2.8264338970184326,forward_005,0.8264338970184326,0.05,0.0,0.0,0.9392053037294485,-0.32615840396644036,-0.2683443724941282,0.18,-1.1500000000000001,7.71,1.227,0.8312219381332397,0.0,0.0243242084980011,1.0,1.0,7.3,1.41,True,True,False
2.846804618835449,forward_005,0.8468046188354492,0.05,0.0,0.0,0.7494007475750653,0.1712604328519436,-1.0853766285839737,0.18,-1.1500000000000001,7.71,1.534,0.7362476587295532,0.0,0.01700178097235039,1.0,1.0,7.3,1.41,True,True,False
2.8671889305114746,forward_005,0.8671889305114746,0.05,0.0,0.0,0.34470252726888007,0.2683443724941282,-1.6231562043547265,0.18,-1.1500000000000001,7.71,1.534,0.7232625484466553,0.0,0.02067028358578682,1.0,1.0,7.7,0.252,True,True,False
2.8875510692596436,forward_005,0.8875510692596436,0.05,0.0,0.0,0.011999138607461015,-0.09599310885968812,-1.4409874636778184,2.33,3.5700000000000003,7.75,1.304,0.7404072880744934,0.0,0.044041111890692264,1.0,1.0,7.7,0.252,True,True,False
2.9079761505126953,forward_005,0.9079761505126953,0.05,0.0,0.0,-0.06872233929727672,0.2683443724941282,-1.275181184738357,0.34,-1.56,7.17,0.767,0.6651307344436646,0.0,0.048086240189149976,1.0,1.0,7.7,0.252,True,True,False
2.9283483028411865,forward_005,0.9283483028411865,0.05,0.0,0.0,-0.08726646259971647,-0.12871803233458182,-0.37088246604879505,0.34,-1.56,7.17,0.46,0.5390816926956177,0.0,0.11550390813499689,1.0,1.0,7.7,0.252,True,True,False
2.9487287998199463,forward_005,0.9487287998199463,0.05,0.0,0.0,0.05781403147231216,-0.009817477042468103,0.025089107997418487,-0.48,-1.45,6.44,0.537,0.7793107628822327,0.0,0.113030806183815,1.0,1.0,7.7,0.252,True,True,False
2.9690804481506348,forward_005,0.9690804481506348,0.05,0.0,0.0,-0.05235987755982989,0.09490227807719166,0.6065019150680295,-1.08,0.2,7.390000000000001,1.074,0.9163686037063599,0.0,0.08593168575316668,1.0,1.0,7.7,0.252,True,True,False
2.9894859790802,forward_005,0.9894859790802002,0.05,0.0,0.0,-0.2683443724941282,0.4036073895236887,0.657770961845363,-2.59,0.9500000000000001,8.98,1.151,0.7684959173202515,0.0,0.038529228419065475,1.0,1.0,7.7,0.252,True,True,False
3.0098471641540527,forward_005,1.0098471641540527,0.05,0.0,0.0,-0.32615840396644036,0.4112432050011639,0.6185010536754906,-1.97,1.11,9.41,1.6110000000000002,0.7296634316444397,0.0,0.025125637650489807,1.0,1.0,7.7,0.252,True,True,False
3.0302109718322754,forward_005,1.0302109718322754,0.05,0.0,0.0,-0.3959715740462135,0.6632251157578453,0.4014257279586958,-0.8,0.38,5.21,1.688,0.7006661891937256,0.0,0.04719167202711105,1.0,1.0,7.7,0.252,True,True,False
3.0506742000579834,forward_005,1.0506742000579834,0.05,0.0,0.0,-0.4526947747360292,0.6490443155853913,0.421060682043632,-1.1500000000000001,0.35000000000000003,5.33,1.227,0.6716632843017578,0.0,0.03585192351602018,1.0,1.0,7.7,0.252,True,True,False
3.071051597595215,forward_005,1.0710515975952148,0.05,0.0,0.0,-0.9304786574694769,-0.04908738521234052,0.2977968036215325,-1.1500000000000001,0.35000000000000003,5.33,0.767,0.8344884514808655,0.0,0.05377374589443207,1.0,1.0,7.5,1.006,True,True,False
3.0923421382904053,forward_005,1.0923421382904053,0.05,0.0,0.0,-0.9839293658118032,-0.06763150851478027,0.0719948316447661,-1.72,0.63,9.1,0.6899999999999998,0.8263437151908875,0.0,0.020668745040893555,1.0,1.0,7.5,1.006,True,True,False
3.1126999855041504,forward_005,1.1126999855041504,0.05,0.0,0.0,-0.6326818538479445,-0.1559888018969932,0.28688849579656794,-1.86,-1.96,8.93,0.614,0.7748315930366516,0.0,0.028449969366192818,1.0,1.0,7.5,1.006,True,True,False
3.1331892013549805,forward_005,1.1331892013549805,0.05,0.0,0.0,-0.4603305902135044,-0.17671458676442586,0.5301437602932776,-1.86,-1.96,8.93,1.074,0.7576860189437866,0.0,0.011664988473057747,1.0,1.0,7.5,1.006,True,True,False
3.153578281402588,forward_005,1.153578281402588,0.05,0.0,0.0,-0.28361600344907856,-0.27379852640661045,0.3523383427463553,-1.86,-1.96,8.93,1.151,0.763580322265625,0.0,0.017419174313545227,1.0,1.0,7.5,1.006,True,True,False
3.1739625930786133,forward_005,1.1739625930786133,0.05,0.0,0.0,-0.008726646259971648,-0.5606870222031783,0.06872233929727672,1.16,-1.87,7.38,0.844,0.825218677520752,0.0,0.029588270001113415,1.0,1.0,7.5,1.006,True,True,False
3.1943278312683105,forward_005,1.1943278312683105,0.05,0.0,0.0,0.16471544815696484,-0.619591884457987,-0.06654067773228381,0.42,-0.88,7.87,0.6899999999999998,0.8331623077392578,0.0,0.020553428446874022,1.0,1.0,7.5,1.006,True,True,False
3.2147793769836426,forward_005,1.2147793769836426,0.05,0.0,0.0,0.28579766501407144,-0.2181661564992912,-0.3861540970037454,-1.1,-1.1500000000000001,8.47,0.384,0.6237215399742126,0.0,0.06402307003736496,1.0,1.0,7.5,1.006,True,True,False
3.235288143157959,forward_005,1.235288143157959,0.05,0.0,0.0,0.33052172709642613,-0.1559888018969932,-0.7646723785300157,-1.28,-1.6400000000000001,7.45,0.384,0.6414524912834167,0.0,0.08253691477875691,1.0,1.0,7.5,1.006,True,True,False
3.255720376968384,forward_005,1.2557203769683838,0.05,0.0,0.0,0.26616271092913524,-0.11999138607461016,-0.4799655442984406,-1.32,-1.44,8.2,0.614,0.7542495131492615,0.0,0.053323812782764435,1.0,1.0,7.5,1.006,True,True,False
3.2761693000793457,forward_005,1.2761693000793457,0.05,0.0,0.0,0.19853120241435498,-0.12544553998709243,-0.12762720155208535,-0.01,-2.42,7.88,0.9970000000000001,0.7343108654022217,0.0,0.021809443831443787,1.0,1.0,7.7,0.264,True,True,False
3.2965478897094727,forward_005,1.2965478897094727,0.05,0.0,0.0,0.12435470920459599,-0.044724062082354694,0.24980024919168842,0.75,-2.47,8.03,1.304,0.8072209358215332,0.0,0.03960090130567551,1.0,1.0,7.7,0.264,True,True,False
3.316908359527588,forward_005,1.316908359527588,0.05,0.0,0.0,0.22252947962927702,-0.1189005552921137,0.5203262832508095,-0.54,-2.18,9.51,1.688,0.8017775416374207,0.0,0.06518628168851137,1.0,1.0,7.7,0.264,True,True,False
3.3372669219970703,forward_005,1.3372669219970703,0.05,0.0,0.0,0.44833145160604343,0.14508049407202864,0.8650288105196896,-0.46,-0.11,7.640000000000001,1.458,0.7473558187484741,0.0,0.043080451898276806,1.0,1.0,7.7,0.264,True,True,False
3.3576643466949463,forward_005,1.3576643466949463,0.05,0.0,0.0,0.5803219762881145,-0.11999138607461016,0.6621342849753488,-0.46,-0.11,7.640000000000001,0.614,0.7484735250473022,0.0,0.0180266872048378,1.0,1.0,7.7,0.264,True,True,False
3.378030776977539,forward_005,1.378030776977539,0.05,0.0,0.0,0.4286964975211072,0.10035643198967395,-0.2694352032766246,-0.46,-0.11,7.640000000000001,0.9210000000000002,0.7681540250778198,0.0,0.027343615889549255,1.0,1.0,7.7,0.264,True,True,False
3.398409605026245,forward_005,1.3984096050262451,0.05,0.0,0.0,0.3196134192714616,0.14835298641951802,-0.545415391248228,-0.46,-0.11,7.640000000000001,1.074,0.7333354949951172,0.0,0.015906356275081635,1.0,1.0,7.7,0.264,True,True,False
3.4188103675842285,forward_005,1.4188103675842285,0.05,0.0,0.0,0.18435040224190105,0.14726215563702155,-0.9937468428542714,-0.46,-0.11,7.640000000000001,1.227,0.6803988814353943,0.0,0.0255022831261158,1.0,1.0,7.7,0.264,True,True,False
3.439175844192505,forward_005,1.4391758441925049,0.05,0.0,0.0,0.11780972450961724,0.06654067773228381,-1.090830782496456,0.06,0.26,9.09,1.074,0.6670264005661011,0.0,0.02913610264658928,1.0,1.0,7.7,0.264,True,True,False
3.4595510959625244,forward_005,1.4595510959625244,0.05,0.0,0.0,0.022907446432425576,0.06872233929727672,-0.6926775468852495,-0.25,0.29,7.51,0.6899999999999998,0.6359320878982544,0.0,0.027016157284379005,1.0,1.0,7.7,0.264,True,True,False
3.4800808429718018,forward_005,1.4800808429718018,0.05,0.0,0.0,0.06981317007977318,0.12108221685710661,-0.16580627893946132,-0.56,-0.34,9.25,0.614,0.5952690839767456,0.0,0.06139865517616272,1.0,1.0,7.7,0.24400000000000002,True,True,False
3.500441551208496,forward_005,1.500441551208496,0.05,0.0,0.0,0.022907446432425576,0.30870511144649704,0.0719948316447661,-0.47000000000000003,-0.03,7.29,0.537,0.7069181799888611,0.0,0.04381451976951211,1.0,1.0,7.7,0.24400000000000002,True,True,False
3.5207977294921875,forward_005,1.5207977294921875,0.05,0.0,0.0,-0.25089107997418486,0.459239759431008,0.4363323129985824,-1.34,-0.19,8.2,0.844,0.6968729496002197,0.0,0.08114119397941977,1.0,1.0,7.7,0.24400000000000002,True,True,False
3.541280508041382,forward_005,1.5412805080413818,0.05,0.0,0.0,-0.30652344988150415,0.4701480672559725,0.7166758241001716,-1.6600000000000001,0.39,9.47,1.151,0.6927303671836853,0.0,0.060082536190748215,1.0,1.0,7.7,0.24400000000000002,True,True,False
3.5616540908813477,forward_005,1.5616540908813477,0.05,0.0,0.0,-0.4625122517784973,0.5105088062083414,0.581412807070611,-0.81,0.67,8.89,1.304,0.7130396962165833,0.0,0.05029221624135971,1.0,1.0,7.7,0.24400000000000002,True,True,False
3.582139015197754,forward_005,1.582139015197754,0.05,0.0,0.0,-0.5366887449882564,0.346884188833873,0.23125612588924865,-0.91,-0.33,7.37,1.381,0.7574877738952637,0.0,0.07216314040124416,1.0,1.0,7.7,0.24400000000000002,True,True,False
3.6025145053863525,forward_005,1.6025145053863525,0.05,0.0,0.0,-0.533416252640767,0.04690572364734761,0.2748893571891069,-1.78,-0.35000000000000003,7.76,1.227,0.804000973701477,0.0,0.04014933109283447,1.0,1.0,7.7,0.24400000000000002,True,True,False
3.6228747367858887,forward_005,1.6228747367858887,0.05,0.0,0.0,-0.6294093615004551,-0.039269908169872414,0.00545415391248228,-2.5300000000000002,0.46,7.72,0.6899999999999998,0.8109689354896545,0.0,0.024502892047166824,1.0,1.0,7.7,0.24400000000000002,True,True,False
3.6432414054870605,forward_005,1.6432414054870605,0.05,0.0,0.0,-0.6272276999354622,-0.3370667117914049,-0.20616701789183017,-2.5300000000000002,0.46,7.72,0.844,0.7863081097602844,0.0,0.031133567914366722,1.0,1.0,7.7,0.24400000000000002,True,True,False
3.6636102199554443,forward_005,1.6636102199554443,0.05,0.0,0.0,-0.6010477611555473,-0.2552544031041707,-0.018544123302439753,-2.5300000000000002,0.46,7.72,1.227,0.7690639495849609,0.0,0.012335002422332764,1.0,1.0,7.7,0.24400000000000002,True,True,False
3.684056282043457,forward_005,1.684056282043457,0.05,0.0,0.0,-0.33815754257390135,-0.4112432050011639,0.3337942194439155,-2.5300000000000002,0.46,7.72,0.9970000000000001,0.7746885418891907,0.0,0.014589875936508179,1.0,1.0,7.7,0.167,True,True,False
3.7044246196746826,forward_005,1.7044246196746826,0.05,0.0,0.0,0.14835298641951802,-0.5181446216858165,0.2596177262341565,0.8,-1.77,8.49,0.767,0.822809100151062,0.0,0.02547154575586319,1.0,1.0,7.7,0.167,True,True,False
3.7249040603637695,forward_005,1.7249040603637695,0.05,0.0,0.0,0.34579335805137656,-0.6108652381980153,0.11344640137963143,0.6,-1.37,7.140000000000001,0.614,0.8381684422492981,0.0,0.02752146776765585,1.0,1.0,7.7,0.167,True,True,False
3.745269536972046,forward_005,1.745269536972046,0.05,0.0,0.0,0.32070425005395803,-0.14726215563702155,-0.07963064712224129,-0.5700000000000001,0.27,7.84,0.307,0.5658005475997925,0.0,0.061938270926475525,1.0,1.0,7.7,0.167,True,True,False
3.7656848430633545,forward_005,1.7656848430633545,0.05,0.0,0.0,0.36760997370130566,-0.09817477042468103,-0.6206827152404835,-0.5700000000000001,0.27,7.84,0.384,0.5755848288536072,0.0,0.08056645188480616,1.0,1.0,7.7,0.167,True,True,False
3.78617262840271,forward_005,1.78617262840271,0.05,0.0,0.0,0.272707695624114,-0.025089107997418487,-0.5912302841130791,-1.03,-2.43,9.09,0.384,0.8607218265533447,0.0,0.08698916807770729,1.0,1.0,7.7,0.167,True,True,False
3.8065524101257324,forward_005,1.8065524101257324,0.05,0.0,0.0,0.11017390903214205,0.00545415391248228,-0.18435040224190105,0.2,-2.04,8.83,1.151,0.7580972909927368,0.0,0.03253040462732315,1.0,1.0,7.7,0.167,True,True,False
3.8270418643951416,forward_005,1.8270418643951416,0.05,0.0,0.0,0.05235987755982989,-0.05672320068981571,0.22471114119426994,-0.48,-2.17,8.5,1.381,0.7947811484336853,0.0,0.02708599716424942,1.0,1.0,7.7,0.167,True,True,False
3.8475542068481445,forward_005,1.8475542068481445,0.05,0.0,0.0,0.22689280275926285,-0.02181661564992912,0.7123125009701857,-1.09,-2.23,9.08,1.765,0.8314269781112671,0.0,0.03713281452655792,1.0,1.0,7.7,0.167,True,True,False
3.868027925491333,forward_005,1.868027925491333,0.05,0.0,0.0,0.3534291735288517,0.15489797111449674,1.054833366674073,-0.87,-1.5,6.94,1.6110000000000002,0.697393536567688,0.0,0.08191321417689323,1.0,1.0,7.7,0.167,True,True,False
3.8884053230285645,forward_005,1.8884053230285645,0.05,0.0,0.0,0.43960480534607177,0.06654067773228381,0.9741118887693352,-0.87,-1.5,6.94,0.9970000000000001,0.6868477463722229,0.0,0.03534822165966034,1.0,1.0,7.4,1.5650000000000002,True,True,False
3.908783197402954,forward_005,1.908783197402954,0.05,0.0,0.0,0.6588617926278594,-0.21925698728178766,0.2999784651865254,-0.87,-1.5,6.94,0.844,0.7979092001914978,0.0,0.022688664495944977,1.0,1.0,7.4,1.5650000000000002,True,True,False
3.9291484355926514,forward_005,1.9291484355926514,0.05,0.0,0.0,0.4985096676008804,0.002181661564992912,-0.8224864100023278,-0.87,-1.5,6.94,1.151,0.8379164934158325,0.0,0.03668969124555588,1.0,1.0,7.4,1.5650000000000002,True,True,False
3.949669361114502,forward_005,1.949669361114502,0.05,0.0,0.0,0.33815754257390135,0.24980024919168842,-1.4562590946327687,-0.87,-1.5,6.94,1.304,0.7987403273582458,0.0,0.012894213199615479,1.0,1.0,7.4,1.5650000000000002,True,True,False
3.9701435565948486,forward_005,1.9701435565948486,0.05,0.0,0.0,0.2083486794568231,0.11999138607461016,-1.4780757102826978,-0.87,-1.5,6.94,1.381,0.7484495639801025,0.0,0.036376819014549255,1.0,1.0,7.4,1.5650000000000002,True,True,False
3.9905214309692383,forward_005,1.9905214309692383,0.05,0.0,0.0,0.09053895494720585,-0.017453292519943295,-1.365720139685563,0.41000000000000003,-0.15,7.72,1.227,0.711550235748291,0.0,0.03143728896975517,1.0,1.0,7.4,1.5650000000000002,True,True,False
4.0109992027282715,forward_005,2.0109992027282715,0.05,0.0,0.0,-0.006544984694978736,0.13526301702956053,-0.9053895494720584,0.66,-1.01,8.31,0.9970000000000001,0.5899977087974548,0.0,0.03525996953248978,1.0,1.0,7.4,1.5650000000000002,True,True,False
4.031502962112427,forward_005,2.0315029621124268,0.05,0.0,0.0,0.09053895494720585,0.43960480534607177,-0.0272707695624114,-0.8,-0.25,8.93,0.537,0.4544808864593506,0.0,0.0934836408123374,1.0,1.0,7.4,1.5650000000000002,True,True,False
4.052073955535889,forward_005,2.0520739555358887,0.05,0.0,0.0,0.07635815477475191,0.27052603405912107,0.4385139745635753,0.07,-0.6900000000000001,7.0600000000000005,0.537,0.7576315999031067,0.0,0.12350999377667904,1.0,1.0,7.4,1.5650000000000002,True,True,False
4.072449207305908,forward_005,2.072449207305908,0.05,0.0,0.0,-0.12544553998709243,0.2923426497090502,0.5639595145506677,-0.8,0.24,6.42,0.9970000000000001,0.8655192852020264,0.0,0.045911118388175964,1.0,1.0,7.4,1.5650000000000002,True,True,False
4.092814207077026,forward_005,2.0928142070770264,0.05,0.0,0.0,-0.3327033886614191,0.48323803664593,0.5912302841130791,-2.98,0.67,9.46,1.074,0.7569489479064941,0.0,0.05543159693479538,1.0,1.0,7.6,0.41500000000000004,True,True,False
4.1139771938323975,forward_005,2.1139771938323975,0.05,0.0,0.0,-0.3567016658763411,0.6621342849753488,0.5890486225480862,-2.98,0.67,9.46,1.458,0.8141632080078125,0.0,0.09852688759565353,1.0,1.0,7.6,0.41500000000000004,True,True,False
4.1344404220581055,forward_005,2.1344404220581055,0.05,0.0,0.0,-0.43196898986859655,0.5301437602932776,0.04145156973486533,0.98,0.13,4.78,1.6110000000000002,0.6991555094718933,0.0,0.1075182594358921,1.0,1.0,7.6,0.41500000000000004,True,True,False
4.154810190200806,forward_005,2.1548101902008057,0.05,0.0,0.0,-0.4930555136883981,0.1832595714594046,-0.30652344988150415,0.47000000000000003,-0.13,4.89,1.304,0.8126858472824097,0.0,0.03494703024625778,1.0,1.0,7.6,0.41500000000000004,True,True,False
4.175196647644043,forward_005,2.175196647644043,0.05,0.0,0.0,-0.6392268385429232,-0.031634092692397225,-0.1832595714594046,0.47000000000000003,-0.13,4.89,0.537,0.8045815229415894,0.0,0.030063331127166748,1.0,1.0,7.6,0.41500000000000004,True,True,False
4.195685625076294,forward_005,2.195685625076294,0.05,0.0,0.0,-0.892299580082101,-0.35124751196385884,-0.3174317577064687,0.47000000000000003,-0.13,4.89,0.844,0.7964407801628113,0.0,0.052427786868065596,1.0,1.0,7.6,0.41500000000000004,True,True,False
4.216216087341309,forward_005,2.2162160873413086,0.05,0.0,0.0,-0.8104872713948668,-0.2999784651865254,-0.1908953869368798,-1.58,-3.02,9.44,1.074,0.7600609064102173,0.0,0.01694348454475403,1.0,1.0,7.6,0.41500000000000004,True,True,False
4.236567735671997,forward_005,2.236567735671997,0.05,0.0,0.0,-0.30543261909900765,-0.24107360293171676,0.7548549014875475,-1.58,-3.02,9.44,1.304,0.7317804098129272,0.0,0.02884378284215927,1.0,1.0,7.6,0.41500000000000004,True,True,False
4.2569191455841064,forward_005,2.2569191455841064,0.05,0.0,0.0,-0.2530727415391778,-0.15926129424448257,1.2697270308258748,-1.58,-3.02,9.44,1.074,0.718887209892273,0.0,0.025655348785221577,1.0,1.0,7.6,0.41500000000000004,True,True,False
4.277408838272095,forward_005,2.2774088382720947,0.05,0.0,0.0,-0.09272061651219876,-0.4603305902135044,0.9304786574694769,1.04,-0.35000000000000003,5.74,0.6899999999999998,0.7840132117271423,0.0,0.029480349272489548,1.0,1.0,7.6,0.41500000000000004,True,True,False
4.297774076461792,forward_005,2.297774076461792,0.05,0.0,0.0,0.09053895494720585,-0.717766654882668,0.34470252726888007,0.79,-1.19,5.62,0.537,0.8439221382141113,0.0,0.04001045972108841,1.0,1.0,7.7,0.29700000000000004,True,True,False
4.318150758743286,forward_005,2.318150758743286,0.05,0.0,0.0,0.3621558197888234,-0.48651052899341934,0.2399827721492203,0.79,-1.19,5.62,0.46,0.80970698595047,0.0,0.030466187512502074,1.0,1.0,7.7,0.29700000000000004,True,True,False
4.3386242389678955,forward_005,2.3386242389678955,0.05,0.0,0.0,0.3119776037939864,-0.20289452554434081,-0.8137597637423561,-0.76,-2.92,9.13,0.614,0.6593747138977051,0.0,0.04893088713288307,1.0,1.0,7.7,0.29700000000000004,True,True,False
4.358979225158691,forward_005,2.3589792251586914,0.05,0.0,0.0,0.1930770485018727,-0.17235126363444003,-0.581412807070611,-1.9100000000000001,-1.6400000000000001,6.7700000000000005,0.9970000000000001,0.7079027891159058,0.0,0.03127668797969818,1.0,1.0,7.7,0.29700000000000004,True,True,False
4.379340410232544,forward_005,2.379340410232544,0.05,0.0,0.0,0.15707963267948966,-0.10362892433716332,-0.36979163526629855,-0.59,-3.39,8.040000000000001,1.074,0.7584700584411621,0.0,0.015991702675819397,1.0,1.0,7.7,0.29700000000000004,True,True,False
4.399701118469238,forward_005,2.3997011184692383,0.05,0.0,0.0,0.18762289458939044,-0.13308135546456762,-0.16580627893946132,0.64,-2.08,9.3,1.151,0.7195683121681213,0.0,0.019329436123371124,1.0,1.0,7.7,0.29700000000000004,True,True,False
4.4202258586883545,forward_005,2.4202258586883545,0.05,0.0,0.0,0.32179508083645453,-0.3916082509162277,0.36106498900632694,0.64,-2.08,9.3,1.304,0.7967734336853027,0.0,0.06163232959806919,1.0,1.0,7.7,0.29700000000000004,True,True,False
4.440578937530518,forward_005,2.4405789375305176,0.05,0.0,0.0,0.42542400517361784,-0.04799655442984406,0.5650503453331642,-0.87,-0.39,8.1,0.9970000000000001,0.7547356486320496,0.0,0.03544783219695091,1.0,1.0,7.7,0.29700000000000004,True,True,False
4.461082458496094,forward_005,2.4610824584960938,0.05,0.0,0.0,0.4112432050011639,-0.21707532571679475,0.29888763440402893,-0.87,-0.39,8.1,0.384,0.7601519227027893,0.0,0.021506301127374172,1.0,1.0,7.7,0.29700000000000004,True,True,False
4.481441259384155,forward_005,2.4814412593841553,0.05,0.0,0.0,0.3687008044838021,-0.08617563181722002,-0.02399827721492203,-0.87,-0.39,8.1,0.46,0.7691270112991333,0.0,0.016226530075073242,1.0,1.0,7.7,0.29700000000000004,True,True,False
4.501919984817505,forward_005,2.501919984817505,0.05,0.0,0.0,0.2977968036215325,0.016362461737446838,-0.20725784867432664,-0.87,-0.39,8.1,0.9210000000000002,0.7610594630241394,0.0,0.019515477120876312,1.0,1.0,7.7,0.3950000000000001,True,True,False
4.52227520942688,forward_005,2.52227520942688,0.05,0.0,0.0,0.05781403147231216,0.10690141668465268,-0.7264933011426397,-0.87,-0.39,8.1,1.151,0.6745165586471558,0.0,0.03729473054409027,1.0,1.0,7.7,0.3950000000000001,True,True,False
4.5427446365356445,forward_005,2.5427446365356445,0.05,0.0,0.0,-0.04363323129985824,0.03599741582238305,-0.8388488717397746,0.06,1.57,8.71,1.074,0.738853394985199,0.0,0.03656466118991375,1.0,1.0,7.7,0.3950000000000001,True,True,False
4.563122272491455,forward_005,2.563122272491455,0.05,0.0,0.0,-0.07417649320975901,-0.018544123302439753,-0.559596191420682,0.16,0.73,7.94,0.9210000000000002,0.7302457690238953,0.0,0.038470503874123096,1.0,1.0,7.7,0.3950000000000001,True,True,False
4.583483695983887,forward_005,2.5834836959838867,0.05,0.0,0.0,-0.002181661564992912,0.011999138607461015,-0.16907877128695067,0.0,0.02,9.05,0.6899999999999998,0.7587257027626038,0.0,0.028291158378124237,1.0,1.0,7.7,0.3950000000000001,True,True,False
4.60392689704895,forward_005,2.60392689704895,0.05,0.0,0.0,-0.12326387842209953,0.22907446432425577,0.2683443724941282,-0.17,-0.35000000000000003,8.950000000000001,0.6899999999999998,0.7993051409721375,0.0,0.0849221998360008,1.0,1.0,7.7,0.3950000000000001,True,True,False
4.624378681182861,forward_005,2.6243786811828613,0.05,0.0,0.0,-0.2879793265790644,0.36324665057131983,0.545415391248228,-0.9,-0.6900000000000001,8.06,0.614,0.8068269491195679,0.0,0.054964066948741674,1.0,1.0,7.7,0.3950000000000001,True,True,False
4.64479398727417,forward_005,2.64479398727417,0.05,0.0,0.0,-0.2694352032766246,0.4701480672559725,0.8192139176548384,-1.85,-0.81,9.200000000000001,0.614,0.7423322200775146,0.0,0.04666624963283539,0.0,1.0,7.7,0.3950000000000001,True,True,False
4.665156841278076,forward_005,2.665156841278076,0.05,0.0,0.0,-0.20180369476184434,0.3785182815262702,0.6730425928003133,-1.85,-0.81,9.200000000000001,1.304,0.8069055080413818,0.0,0.06106502562761307,0.0,1.0,7.7,0.3950000000000001,True,True,False
4.685698509216309,forward_005,2.6856985092163086,0.05,0.0,0.0,-0.20616701789183017,0.20289452554434081,0.40906154343617096,1.7,-2.13,6.8,1.381,0.8001136183738708,0.0,0.06658431328833103,1.0,1.0,7.7,0.3950000000000001,True,True,False
4.706173658370972,forward_005,2.7061736583709717,0.05,0.0,0.0,-0.45814892864851153,-0.12326387842209953,0.35997415822383044,-2.48,0.67,7.45,1.304,0.7972702980041504,0.0,0.03721313923597336,1.0,1.0,7.4,0.8420000000000001,True,True,False
4.7265520095825195,forward_005,2.7265520095825195,0.05,0.0,0.0,-0.5781403147231217,-0.18544123302439752,-0.1734420944169365,-2.87,-1.12,7.78,0.767,0.8407252430915833,0.0,0.035887109115719795,1.0,1.0,7.4,0.8420000000000001,True,True,False
4.746910810470581,forward_005,2.746910810470581,0.05,0.0,0.0,-0.5225079448158024,-0.30652344988150415,-0.30543261909900765,-2.87,-1.12,7.78,0.6899999999999998,0.8319122195243835,0.0,0.025451667606830597,1.0,1.0,7.4,0.8420000000000001,True,True,False
4.767415523529053,forward_005,2.7674155235290527,0.05,0.0,0.0,-0.4886921905584123,-0.19634954084936207,-0.20507618710933373,-2.87,-1.12,7.78,1.227,0.808674156665802,0.0,0.013955209404230118,1.0,1.0,7.4,0.8420000000000001,True,True,False
4.787841081619263,forward_005,2.7878410816192627,0.05,0.0,0.0,-0.15817046346198613,-0.2825251726665821,0.16798794050445423,-2.87,-1.12,7.78,1.151,0.7870166897773743,0.0,0.01949002593755722,1.0,1.0,7.4,0.8420000000000001,True,True,False
4.808338642120361,forward_005,2.8083386421203613,0.05,0.0,0.0,0.2007128639793479,-0.2683443724941282,0.13199052468207118,0.6900000000000001,-0.06,8.5,0.844,0.8186210989952087,0.0,0.02582327276468277,1.0,1.0,7.4,0.8420000000000001,True,True,False
4.8287177085876465,forward_005,2.8287177085876465,0.05,0.0,0.0,0.3436116964863836,-0.3337942194439155,0.02181661564992912,0.71,-0.44,9.370000000000001,0.614,0.7425444722175598,0.0,0.024643997137900442,1.0,1.0,7.4,0.8420000000000001,True,True,False
4.849154233932495,forward_005,2.849154233932495,0.05,0.0,0.0,0.1810779098944117,0.16689710972195776,-0.09381144729469522,-0.6,0.46,6.93,0.46,0.5060672760009766,0.0,0.11843135580420494,1.0,1.0,7.4,0.8420000000000001,True,True,False
4.86960506439209,forward_005,2.86960506439209,0.05,0.0,0.0,0.21489366415180183,0.002181661564992912,-0.33488505022641196,-0.37,-1.95,9.05,0.307,0.8143184781074524,0.0,0.11619904171675444,1.0,1.0,7.4,0.8420000000000001,True,True,False
4.889963865280151,forward_005,2.8899638652801514,0.05,0.0,0.0,0.23561944901923448,0.04363323129985824,-0.3141592653589793,-0.18,-2.89,9.53,0.384,0.7698512673377991,0.0,0.038459287956357,1.0,1.0,7.4,0.8420000000000001,True,True,False
4.9103288650512695,forward_005,2.9103288650512695,0.05,0.0,0.0,0.09817477042468103,0.10690141668465268,0.04581489286485115,-0.5,-2.62,8.72,0.9210000000000002,0.7250536680221558,0.0,0.07805421575903893,1.0,1.0,7.7,0.442,True,True,False
4.930697202682495,forward_005,2.930697202682495,0.05,0.0,0.0,0.01090830782496456,-0.011999138607461015,0.40251655874119224,-0.68,-3.3200000000000003,8.8,1.381,0.8405011892318726,0.0,0.031783890910446644,1.0,1.0,7.7,0.442,True,True,False
4.951090574264526,forward_005,2.9510905742645264,0.05,0.0,0.0,0.0818123086872342,0.07090400086226964,0.8650288105196896,-1.44,-2.47,8.0,1.6110000000000002,0.8624719381332397,0.0,0.04203956574201584,1.0,1.0,7.7,0.442,True,True,False
4.971458196640015,forward_005,2.9714581966400146,0.05,0.0,0.0,0.3719732968312915,-0.061086523819801536,0.9424777960769379,0.16,-0.07,9.31,1.6110000000000002,0.7258720993995667,0.0,0.09150112293718848,1.0,1.0,7.7,0.442,True,True,False
4.991825819015503,forward_005,2.991825819015503,0.05,0.0,0.0,0.5977752688080579,-0.11453723216212788,0.4690572364734761,0.8,-1.26,8.64,1.151,0.7163894772529602,0.0,0.031106398775591515,1.0,1.0,7.7,0.442,True,True,False
5.012190341949463,forward_005,3.012190341949463,0.05,0.0,0.0,0.6992225315802283,0.007635815477475192,-0.07635815477475191,-0.71,-0.22,8.88,0.6899999999999998,0.7464892268180847,0.0,0.023606697097420692,1.0,1.0,7.7,0.442,True,True,False
5.032562971115112,forward_005,3.0325629711151123,0.05,0.0,0.0,0.7134033317526822,-0.039269908169872414,-0.717766654882668,-0.71,-0.22,8.88,0.9970000000000001,0.8247302174568176,0.0,0.03743857145309448,1.0,1.0,7.7,0.442,True,True,False
5.052922010421753,forward_005,3.052922010421753,0.05,0.0,0.0,0.5203262832508095,0.38288160465625604,-1.4268066635053644,-0.71,-0.22,8.88,1.304,0.7561969757080078,0.0,0.016784586012363434,1.0,1.0,7.7,0.442,True,True,False
5.073397397994995,forward_005,3.073397397994995,0.05,0.0,0.0,0.284706834231575,0.1265363707695889,-1.3679018012505557,0.18,1.22,9.49,1.458,0.6961970329284668,0.0,0.03193463012576103,1.0,1.0,7.7,0.442,True,True,False
5.093908309936523,forward_005,3.0939083099365234,0.05,0.0,0.0,0.06217735460229799,-0.028361600344907856,-1.076649982324002,1.3800000000000001,1.04,9.09,1.381,0.712760329246521,0.0,0.03543918579816818,1.0,1.0,7.7,0.442,True,True,False
5.114431381225586,forward_005,3.114431381225586,0.05,0.0,0.0,-0.07744898555724837,0.21271200258680892,-0.8039422866998881,-0.22,-1.2,7.18,0.9970000000000001,0.5929756164550781,0.0,0.03658674657344818,1.0,1.0,7.7,0.21999999999999997,True,True,False
5.1354920864105225,forward_005,3.1354920864105225,0.05,0.0,0.0,-0.032724923474893676,0.15162547876700738,-0.09708393964218458,-0.65,-0.23,9.5,0.384,0.5341992974281311,0.0,0.08433644659817219,1.0,1.0,7.7,0.21999999999999997,True,True,False
5.155972957611084,forward_005,3.155972957611084,0.05,0.0,0.0,0.09381144729469522,0.2301652951067522,0.5792311455056182,-0.44,-0.13,6.37,0.9210000000000002,0.7693374752998352,0.0,0.10701761301606894,1.0,1.0,7.7,0.21999999999999997,True,True,False
5.17638373374939,forward_005,3.1763837337493896,0.05,0.0,0.0,-0.14180800172453928,0.30325095753401476,0.5650503453331642,-1.4000000000000001,0.47000000000000003,7.33,1.227,0.8698157072067261,0.0,0.048976429272443056,1.0,1.0,7.7,0.21999999999999997,True,True,False
5.19685959815979,forward_005,3.19685959815979,0.05,0.0,0.0,-0.35124751196385884,0.5061454830783556,0.5410520681182421,-2.21,0.8200000000000001,8.83,1.304,0.724541187286377,0.0,0.04246883449377492,1.0,1.0,7.7,0.21999999999999997,True,True,False
5.217266321182251,forward_005,3.217266321182251,0.05,0.0,0.0,-0.4188790204786391,0.5683228376806536,0.5301437602932776,-2.21,0.8200000000000001,8.83,1.6110000000000002,0.7668784856796265,0.0,0.06833284720778465,1.0,1.0,7.7,0.21999999999999997,True,True,False
5.237629175186157,forward_005,3.2376291751861572,0.05,0.0,0.0,-0.48651052899341934,0.581412807070611,0.2399827721492203,0.53,0.15,4.14,1.381,0.6978737711906433,0.0,0.0905909071007045,1.0,1.0,7.7,0.21999999999999997,True,True,False
5.257991552352905,forward_005,3.2579915523529053,0.05,0.0,0.0,-0.5879577917655898,0.11126473981463851,0.06654067773228381,0.85,-0.1,4.86,1.304,0.8084544539451599,0.0,0.046947307884693146,1.0,1.0,7.7,0.21999999999999997,True,True,False
5.2783567905426025,forward_005,3.2783567905426025,0.05,0.0,0.0,-0.8039422866998881,-0.14289883250703572,-0.07090400086226964,0.85,-0.1,4.86,0.6899999999999998,0.8183249235153198,0.0,0.046136245131492615,1.0,1.0,7.7,0.21999999999999997,True,True,False
5.298722267150879,forward_005,3.298722267150879,0.05,0.0,0.0,-0.8846637646046258,-0.3370667117914049,-0.09599310885968812,0.85,-0.1,4.86,0.767,0.7891150712966919,0.0,0.034628111869096756,1.0,1.0,7.7,0.21999999999999997,True,True,False
5.319092512130737,forward_005,3.3190925121307373,0.05,0.0,0.0,-0.7494007475750653,-0.32506757318394386,0.050178215994836975,-2.1,-2.46,8.53,0.9970000000000001,0.7825965285301208,0.0,0.022854438051581383,1.0,1.0,7.6,0.5110000000000001,True,True,False
5.339457750320435,forward_005,3.3394577503204346,0.05,0.0,0.0,-0.37088246604879505,-0.3534291735288517,0.4690572364734761,-2.1,-2.46,8.53,1.304,0.7726215720176697,0.0,0.008286882191896439,1.0,1.0,7.6,0.5110000000000001,True,True,False
5.359907388687134,forward_005,3.359907388687134,0.05,0.0,0.0,-0.0719948316447661,-0.4363323129985824,0.631591023065448,-2.1,-2.46,8.53,0.9210000000000002,0.7691139578819275,0.0,0.013687711209058762,1.0,1.0,7.6,0.5110000000000001,True,True,False
5.3802783489227295,forward_005,3.3802783489227295,0.05,0.0,0.0,0.06981317007977318,-0.6599526234103559,0.0719948316447661,0.35000000000000003,-0.8300000000000001,5.8500000000000005,0.767,0.8347416520118713,0.0,0.02621867973357439,1.0,1.0,7.6,0.5110000000000001,True,True,False
5.4007463455200195,forward_005,3.4007463455200195,0.05,0.0,0.0,0.18435040224190105,-0.4461497900410505,0.02945243112740431,1.05,0.68,7.0600000000000005,0.46,0.7980931997299194,0.0,0.018478743731975555,1.0,1.0,7.6,0.5110000000000001,True,True,False
5.421111106872559,forward_005,3.4211111068725586,0.05,0.0,0.0,0.37742745074377376,-0.21380283336930536,-0.36979163526629855,1.05,0.68,7.0600000000000005,0.384,0.7256765961647034,0.0,0.03595934808254242,1.0,1.0,7.6,0.5110000000000001,True,True,False
5.441617727279663,forward_005,3.441617727279663,0.05,0.0,0.0,0.33815754257390135,-0.04799655442984406,-0.830122225479803,-0.46,-1.55,8.19,0.614,0.5974254012107849,0.0,0.04694749228656292,1.0,1.0,7.6,0.5110000000000001,True,True,False
5.4619855880737305,forward_005,3.4619855880737305,0.05,0.0,0.0,0.2530727415391778,-0.037088246604879506,-0.4756022211684548,-1.23,-2.71,8.1,0.767,0.7197847366333008,0.0,0.04470010846853256,1.0,1.0,7.6,0.5110000000000001,True,True,False
5.482347726821899,forward_005,3.4823477268218994,0.05,0.0,0.0,0.13744467859455345,-0.1265363707695889,-0.13308135546456762,-0.19,-2.68,8.72,1.151,0.7609449625015259,0.0,0.019514250569045544,1.0,1.0,7.6,0.5110000000000001,True,True,False
5.502924919128418,forward_005,3.502924919128418,0.05,0.0,0.0,0.17235126363444003,-0.02399827721492203,0.3523383427463553,0.53,-2.2,8.15,1.458,0.8239573240280151,0.0,0.028874985873699188,1.0,1.0,7.6,0.5110000000000001,True,True,False
5.5233001708984375,forward_005,3.5233001708984375,0.05,0.0,0.0,0.28579766501407144,-0.1832595714594046,0.6392268385429232,0.53,-2.2,8.15,1.458,0.8061071038246155,0.0,0.0744787990115583,1.0,1.0,7.6,0.5589999999999999,True,True,False
5.543663501739502,forward_005,3.543663501739502,0.05,0.0,0.0,0.48978302134090873,0.1908953869368798,0.8257589023498172,-1.62,-0.53,7.42,0.9970000000000001,0.7354685068130493,0.0,0.0365429469384253,1.0,1.0,7.6,0.5589999999999999,True,True,False
5.564159154891968,forward_005,3.5641591548919678,0.05,0.0,0.0,0.4690572364734761,-0.2181661564992912,0.2814343418840856,-1.62,-0.53,7.42,0.46,0.781866729259491,0.0,0.02861311286687851,1.0,1.0,7.6,0.5589999999999999,True,True,False
5.5845301151275635,forward_005,3.5845301151275635,0.05,0.0,0.0,0.35124751196385884,0.18544123302439752,-0.3337942194439155,-1.62,-0.53,7.42,0.9210000000000002,0.7481057047843933,0.0,0.01745552569627762,1.0,1.0,7.6,0.5589999999999999,True,True,False
5.6049017906188965,forward_005,3.6049017906188965,0.05,0.0,0.0,0.24980024919168842,0.1265363707695889,-0.7068583470577035,-1.62,-0.53,7.42,1.151,0.7542972564697266,0.0,0.024478137493133545,1.0,1.0,7.6,0.5589999999999999,True,True,False
5.625275135040283,forward_005,3.625275135040283,0.05,0.0,0.0,0.14944381720201447,0.08290313946973066,-0.9141161957320301,-1.62,-0.53,7.42,1.227,0.7071760892868042,0.0,0.01900646649301052,1.0,1.0,7.6,0.5589999999999999,True,True,False
5.645632028579712,forward_005,3.645632028579712,0.05,0.0,0.0,0.04036073895236887,0.11017390903214205,-0.9828385350293068,-0.66,0.67,8.74,1.074,0.6406261920928955,0.0,0.03816423937678337,1.0,1.0,7.6,0.5589999999999999,True,True,False
5.6660261154174805,forward_005,3.6660261154174805,0.05,0.0,0.0,-0.001090830782496456,0.02945243112740431,-0.5835944686356039,0.18,0.2,7.9,0.844,0.7046219706535339,0.0,0.04337082803249359,1.0,1.0,7.6,0.5589999999999999,True,True,False
5.686391830444336,forward_005,3.686391830444336,0.05,0.0,0.0,0.09708393964218458,0.1712604328519436,-0.04254240051736178,0.33,-0.07,9.69,0.537,0.6869922280311584,0.0,0.045591630041599274,1.0,1.0,7.6,0.5589999999999999,True,True,False
5.706771612167358,forward_005,3.7067716121673584,0.05,0.0,0.0,-0.07853981633974483,0.41233403578366035,0.4188790204786391,-0.59,-0.41000000000000003,7.91,0.6899999999999998,0.846044659614563,0.0,0.05400576442480087,1.0,1.0,7.6,0.5589999999999999,True,True,False
5.7272422313690186,forward_005,3.7272422313690186,0.05,0.0,0.0,-0.26616271092913524,0.4046982203061852,0.6119560689805118,-1.72,0.32,6.75,0.614,0.8867261409759521,0.0,0.02966751530766487,1.0,1.0,7.5,0.935,True,True,False
5.747605562210083,forward_005,3.747605562210083,0.05,0.0,0.0,-0.39051742013373125,0.545415391248228,0.7254024703601433,-2.15,-0.24,9.120000000000001,0.6899999999999998,0.7346129417419434,0.0,0.0562158077955246,1.0,1.0,7.5,0.935,True,True,False
5.767965078353882,forward_005,3.767965078353882,0.05,0.0,0.0,-0.39051742013373125,0.5083271446433485,0.6032294227205401,0.21,0.39,9.040000000000001,0.9210000000000002,0.7097600102424622,0.0,0.08948132954537868,1.0,1.0,7.5,0.935,True,True,False
5.788326978683472,forward_005,3.7883269786834717,0.05,0.0,0.0,-0.346884188833873,0.2977968036215325,0.22362031041177347,0.73,-1.03,7.07,1.227,0.7210843563079834,0.0,0.11001142486929893,1.0,1.0,7.5,0.935,True,True,False
5.808727979660034,forward_005,3.808727979660034,0.05,0.0,0.0,-0.35997415822383044,-0.07744898555724837,0.10035643198967395,-1.9000000000000001,-1.17,7.5200000000000005,1.381,0.8124136328697205,0.0,0.041435904800891876,1.0,1.0,7.5,0.935,True,True,False
5.829090595245361,forward_005,3.8290905952453613,0.05,0.0,0.0,-0.4363323129985824,-0.3621558197888234,-0.08835729338221293,-2.14,-0.21,9.1,1.151,0.8316600918769836,0.0,0.03505744040012359,1.0,1.0,7.5,0.935,True,True,False
5.849562406539917,forward_005,3.849562406539917,0.05,0.0,0.0,-0.4701480672559725,-0.46142142099600086,-0.32070425005395803,-2.14,-0.21,9.1,0.767,0.8030816316604614,0.0,0.023819551803171635,1.0,1.0,7.5,0.935,True,True,False
5.869922161102295,forward_005,3.869922161102295,0.05,0.0,0.0,-0.4068798818711781,-0.272707695624114,-0.41560652813114973,-2.14,-0.21,9.1,1.304,0.7731768488883972,0.0,0.011053815484046936,1.0,1.0,7.5,0.935,True,True,False
5.890348196029663,forward_005,3.890348196029663,0.05,0.0,0.0,-0.19962203319685143,-0.3763366199612773,0.10690141668465268,-2.14,-0.21,9.1,1.151,0.7695985436439514,0.0,0.030818168073892593,1.0,1.0,7.5,0.935,True,True,False
5.910771131515503,forward_005,3.910771131515503,0.05,0.0,0.0,-0.04799655442984406,-0.22689280275926285,0.5170537909033202,0.56,1.41,9.22,0.9970000000000001,0.7704981565475464,0.0,0.026360750198364258,1.0,1.0,7.5,0.935,True,True,False
5.931166887283325,forward_005,3.931166887283325,0.05,0.0,0.0,0.3076142806640006,-0.4821472058634335,0.28688849579656794,0.52,-0.98,6.88,0.614,0.8155942559242249,0.0,0.029186668805778027,1.0,1.0,7.7,0.246,True,True,False
5.951529264450073,forward_005,3.9515292644500732,0.05,0.0,0.0,0.3119776037939864,-0.3272492347489368,0.33161255787892263,1.21,0.49,8.82,0.307,0.7641617059707642,0.0,0.041513324715197086,1.0,1.0,7.7,0.246,True,True,False
5.9720330238342285,forward_005,3.9720330238342285,0.05,0.0,0.0,0.16035212502697901,-0.03381575425739013,-0.26616271092913524,-0.24,-1.03,8.9,0.537,0.5226184129714966,0.0,0.15845540910959244,1.0,1.0,7.7,0.246,True,True,False
5.992401599884033,forward_005,3.992401599884033,0.05,0.0,0.0,0.11344640137963143,-0.05345070834232634,-0.4286964975211072,-0.68,-2.2,9.47,0.537,0.9033410549163818,0.0,0.1562979919835925,1.0,1.0,7.7,0.246,True,True,False
6.012880325317383,forward_005,4.012880325317383,0.05,0.0,0.0,0.04145156973486533,0.11999138607461016,-0.1712604328519436,-1.1300000000000001,-3.0500000000000003,7.43,0.9210000000000002,0.7046232223510742,0.0,0.05639424920082092,1.0,1.0,7.7,0.246,True,True,False
6.033249378204346,forward_005,4.033249378204346,0.05,0.0,0.0,0.11671889372712078,-0.09272061651219876,0.14508049407202864,0.15,-2.36,9.6,1.304,0.729227602481842,0.0,0.028513066470623016,1.0,1.0,7.7,0.246,True,True,False
6.053630113601685,forward_005,4.053630113601685,0.05,0.0,0.0,0.28034351110158917,0.01090830782496456,0.4985096676008804,-1.1500000000000001,-2.7800000000000002,8.01,1.534,0.7892268896102905,0.0,0.03144728019833565,1.0,1.0,7.7,0.246,True,True,False
6.073984384536743,forward_005,4.073984384536743,0.05,0.0,0.0,0.46142142099600086,-0.09599310885968812,0.7210391472301574,-1.72,-2.08,7.25,1.227,0.7333699464797974,0.0,0.07110537774860859,1.0,1.0,7.7,0.246,True,True,False
6.094356536865234,forward_005,4.094356536865234,0.05,0.0,0.0,0.6021385919380436,0.039269908169872414,0.6217735460229799,-1.72,-2.08,7.25,0.767,0.697188138961792,0.0,0.04938594996929169,1.0,1.0,7.7,0.246,True,True,False
6.114719390869141,forward_005,4.114719390869141,0.05,0.0,0.0,0.6021385919380436,-0.08290313946973066,-0.025089107997418487,-1.72,-2.08,7.25,0.614,0.783839225769043,0.0,0.027372658252716064,1.0,1.0,7.7,0.246,True,True,False
6.135198354721069,forward_005,4.135198354721069,0.05,0.0,0.0,0.42978732830360367,0.04908738521234052,-0.6784967467127956,0.02,2.14,8.46,0.9970000000000001,0.8227536678314209,0.0,0.04266981780529022,1.0,1.0,7.6,0.786,True,True,False
6.155946731567383,forward_005,4.155946731567383,0.05,0.0,0.0,0.24980024919168842,0.13199052468207118,-1.3722651243805417,0.02,2.14,8.46,1.227,0.822343647480011,0.0,0.014136447571218012,1.0,1.0,7.6,0.786,True,True,False
6.176308870315552,forward_005,4.176308870315552,0.05,0.0,0.0,0.19416787928436915,0.16798794050445423,-1.5108006337575914,0.02,2.14,8.46,1.381,0.7252033948898315,0.0,0.019228123128414154,1.0,1.0,7.6,0.786,True,True,False
6.196838855743408,forward_005,4.196838855743408,0.05,0.0,0.0,0.04908738521234052,-0.039269908169872414,-1.3526301702956054,0.3,-0.22,8.13,1.151,0.6761964559555054,0.0,0.05217034090310335,1.0,1.0,7.6,0.786,True,True,False
6.217211961746216,forward_005,4.217211961746216,0.05,0.0,0.0,-0.05999569303730508,0.05126904677733343,-0.9697485656393493,0.1,-1.16,9.73,0.844,0.5653110146522522,0.0,0.04799016518518329,1.0,1.0,7.6,0.786,True,True,False
6.23758602142334,forward_005,4.23758602142334,0.05,0.0,0.0,0.08944812416470939,0.1908953869368798,-0.15489797111449674,-0.26,-0.47000000000000003,9.57,0.384,0.4691713750362396,0.0,0.06398539431393147,1.0,1.0,7.6,0.786,True,True,False
6.257950067520142,forward_005,4.257950067520142,0.05,0.0,0.0,0.09817477042468103,0.23125612588924865,0.533416252640767,0.02,-0.73,7.7700000000000005,0.844,0.7562531232833862,0.0,0.08294249325990677,1.0,1.0,7.6,0.786,True,True,False
6.278314113616943,forward_005,4.278314113616943,0.05,0.0,0.0,-0.11562806294462433,0.044724062082354694,0.729765793490129,-1.11,0.02,7.42,1.227,0.8864525556564331,0.0,0.04490841552615166,1.0,1.0,7.6,0.786,True,True,False
6.29873514175415,forward_005,4.29873514175415,0.05,0.0,0.0,-0.30543261909900765,0.3425208657038872,0.7570365630525404,-1.17,0.1,8.44,1.304,0.8262749314308167,0.0,0.03858426213264465,1.0,1.0,7.6,0.786,True,True,False
6.319260835647583,forward_005,4.319260835647583,0.05,0.0,0.0,-0.4526947747360292,0.7079491778402,0.6610434541928523,-4.5600000000000005,0.51,8.4,1.688,0.8407369256019592,0.0,0.054341938346624374,1.0,1.0,7.6,0.786,True,True,False
6.339630126953125,forward_005,4.339630126953125,0.05,0.0,0.0,-0.5345070834232635,0.32179508083645453,0.4112432050011639,1.71,1.02,5.94,1.534,0.7274699807167053,0.0,0.09954810561612248,1.0,1.0,7.5,0.588,True,True,False
6.359992027282715,forward_005,4.359992027282715,0.05,0.0,0.0,-0.7079491778402,0.3010692959690218,0.15926129424448257,3.0700000000000003,0.29,4.69,1.074,0.7842625379562378,0.0,0.05042063444852829,1.0,1.0,7.5,0.588,True,True,False
6.380352020263672,forward_005,4.380352020263672,0.05,0.0,0.0,-0.8988445647770797,-0.2748893571891069,0.05890486225480862,3.0700000000000003,0.29,4.69,0.537,0.8081979155540466,0.0,0.041207294911146164,1.0,1.0,7.5,0.588,True,True,False
6.400745630264282,forward_005,4.400745630264282,0.05,0.0,0.0,-0.9141161957320301,-0.3523383427463553,-0.007635815477475192,3.0700000000000003,0.29,4.69,0.6899999999999998,0.7655627131462097,0.0,0.03620709478855133,1.0,1.0,7.5,0.588,True,True,False
6.421108245849609,forward_005,4.421108245849609,0.05,0.0,0.0,-0.7864889941799448,-0.3621558197888234,-0.1559888018969932,-0.67,-2.07,9.38,0.844,0.7894560694694519,0.0,0.02537415362894535,1.0,1.0,7.5,0.588,True,True,False
6.441523790359497,forward_005,4.441523790359497,0.05,0.0,0.0,-0.16035212502697901,-0.35561083509384467,0.23343778745424157,-0.67,-2.07,9.38,1.381,0.7902781963348389,0.0,0.020703621208667755,1.0,1.0,7.5,0.588,True,True,False
6.4618847370147705,forward_005,4.4618847370147705,0.05,0.0,0.0,0.19525871006686563,-0.5235987755982988,0.2399827721492203,1.1500000000000001,-2.7800000000000002,9.52,1.227,0.8141276240348816,0.0,0.01230701059103012,1.0,1.0,7.5,0.588,True,True,False
6.48224949836731,forward_005,4.48224949836731,0.05,0.0,0.0,0.07417649320975901,-0.7657632093125121,-0.21162117180431245,0.11,-0.46,7.49,0.6899999999999998,0.8570182919502258,0.0,0.02881971001625061,1.0,1.0,7.5,0.588,True,True,False
6.502608299255371,forward_005,4.502608299255371,0.05,0.0,0.0,0.15817046346198613,-0.2814343418840856,-0.10581058590215622,-1.18,-0.24,6.2700000000000005,0.384,0.7175856828689575,0.0,0.04039318859577179,1.0,1.0,7.5,0.588,True,True,False
6.523072957992554,forward_005,4.523072957992554,0.05,0.0,0.0,0.40033489717619936,-0.35997415822383044,-0.3097959422289935,-1.18,-0.24,6.2700000000000005,0.307,0.65534907579422,0.0,0.0552317351102829,1.0,1.0,7.5,0.588,True,True,False
6.543437480926514,forward_005,4.543437480926514,0.05,0.0,0.0,0.28361600344907856,-0.10799224746714914,-0.4286964975211072,0.08,-1.68,7.22,0.46,0.7377467751502991,0.0,0.06544283591210842,1.0,1.0,7.6,0.44300000000000006,True,True,False
6.563817977905273,forward_005,4.563817977905273,0.05,0.0,0.0,0.16907877128695067,-0.09272061651219876,-0.11453723216212788,1.0,-1.23,8.96,0.537,0.7999060750007629,0.0,0.035538457334041595,1.0,1.0,7.6,0.44300000000000006,True,True,False
6.584187746047974,forward_005,4.584187746047974,0.05,0.0,0.0,0.17453292519943295,-0.06872233929727672,0.19525871006686563,0.7000000000000001,-2.14,9.73,0.844,0.8182653188705444,0.0,0.026804181281477213,1.0,1.0,7.6,0.44300000000000006,True,True,False
6.604558229446411,forward_005,4.604558229446411,0.05,0.0,0.0,0.20507618710933373,-0.004363323129985824,0.3861540970037454,-0.65,-2.5,7.63,1.765,0.8395332098007202,0.0,0.03953947126865387,1.0,1.0,7.6,0.44300000000000006,True,True,False
6.6249237060546875,forward_005,4.6249237060546875,0.05,0.0,0.0,0.36760997370130566,-0.018544123302439753,0.7101308394051928,0.07,-2.34,9.73,1.6110000000000002,0.7830129861831665,0.0,0.08272965857759118,1.0,1.0,7.6,0.44300000000000006,True,True,False
6.645329475402832,forward_005,4.645329475402832,0.05,0.0,0.0,0.5737769915931359,0.07526732399225546,0.7123125009701857,-0.42,-0.37,7.82,0.844,0.7437430620193481,0.0,0.03826744994148612,1.0,1.0,7.6,0.44300000000000006,True,True,False
6.665696382522583,forward_005,4.665696382522583,0.05,0.0,0.0,0.6752242543653062,-0.12435470920459599,0.22907446432425577,-0.42,-0.37,7.82,0.384,0.7569870352745056,0.0,0.0201626718044281,1.0,1.0,7.6,0.44300000000000006,True,True,False
6.686070203781128,forward_005,4.686070203781128,0.05,0.0,0.0,0.5148721293383273,0.19416787928436915,-0.40578905108868163,-0.42,-0.37,7.82,1.074,0.7623891830444336,0.0,0.024126358330249786,1.0,1.0,7.6,0.44300000000000006,True,True,False
6.70642614364624,forward_005,4.70642614364624,0.05,0.0,0.0,0.2585268954516601,0.46796640569097964,-0.978475211899321,-0.42,-0.37,7.82,1.458,0.7074993848800659,0.0,0.015206262469291687,1.0,1.0,7.6,0.44300000000000006,True,True,False
6.726800203323364,forward_005,4.726800203323364,0.05,0.0,0.0,0.17235126363444003,0.18544123302439752,-1.150826475533761,-0.42,-0.37,7.82,1.381,0.6737807989120483,0.0,0.04278346197679639,1.0,1.0,7.6,0.44300000000000006,True,True,False
6.747217893600464,forward_005,4.747217893600464,0.05,0.0,0.0,0.06654067773228381,0.0818123086872342,-1.028653427894158,0.49,1.93,9.4,1.151,0.6528461575508118,0.0,0.0309472493827343,1.0,1.0,7.7,0.17400000000000002,True,True,False
6.767581224441528,forward_005,4.767581224441528,0.05,0.0,0.0,-0.011999138607461015,0.12980886311707826,-0.7254024703601433,0.07,0.09,7.2700000000000005,0.767,0.6162431240081787,0.0,0.01983605424175039,1.0,1.0,7.7,0.17400000000000002,True,True,False
6.787946462631226,forward_005,4.787946462631226,0.05,0.0,0.0,0.04908738521234052,0.3108867730114899,-0.11344640137963143,-0.17,-0.58,9.48,0.384,0.5606884956359863,0.0,0.07527768984436989,1.0,1.0,7.7,0.17400000000000002,True,True,False
6.808310508728027,forward_005,4.808310508728027,0.05,0.0,0.0,-0.003272492347489368,0.5028729907308662,0.4276056667386107,-0.8200000000000001,0.1,7.19,0.537,0.7505332231521606,0.0,0.06877736561000347,1.0,1.0,7.7,0.17400000000000002,True,True,False
6.828845739364624,forward_005,4.828845739364624,0.05,0.0,0.0,-0.20616701789183017,0.48323803664593,0.4559672670835186,-0.92,0.05,6.67,0.614,0.8618038892745972,0.0,0.04592365399003029,1.0,1.0,7.7,0.17400000000000002,True,True,False
6.849244832992554,forward_005,4.849244832992554,0.05,0.0,0.0,-0.3785182815262702,0.557414529855689,0.5748678223756323,-2.25,0.54,8.61,0.9970000000000001,0.6869043707847595,0.0,0.04555225744843483,1.0,1.0,7.7,0.17400000000000002,True,True,False
6.869610786437988,forward_005,4.869610786437988,0.05,0.0,0.0,-0.43960480534607177,0.5999569303730508,0.6370451769779303,-2.29,1.17,9.790000000000001,1.227,0.7599247097969055,0.0,0.08048814348876476,1.0,1.0,7.7,0.17400000000000002,True,True,False
6.889981985092163,forward_005,4.889981985092163,0.05,0.0,0.0,-0.5606870222031783,0.5105088062083414,0.22471114119426994,-0.44,0.29,7.07,1.304,0.6507939100265503,0.0,0.09911220148205757,1.0,1.0,7.7,0.17400000000000002,True,True,False
6.910350561141968,forward_005,4.910350561141968,0.05,0.0,0.0,-0.5377795757707527,0.044724062082354694,0.17889624832941878,0.25,-0.05,8.03,1.227,0.7876158356666565,0.0,0.044501123018562794,1.0,1.0,7.7,0.17400000000000002,True,True,False
6.930705785751343,forward_005,4.930705785751343,0.05,0.0,0.0,-0.6065019150680295,-0.039269908169872414,0.11126473981463851,-3.06,-0.13,8.5,0.767,0.7791056036949158,0.0,0.03149363398551941,1.0,1.0,7.7,0.17400000000000002,True,True,False
6.951069116592407,forward_005,4.951069116592407,0.05,0.0,0.0,-0.7450374244450795,-0.358883327441334,-0.14726215563702155,-3.06,-0.13,8.5,0.844,0.7787247896194458,0.0,0.03764343447983265,1.0,1.0,7.5,0.8190000000000001,True,True,False
6.971433877944946,forward_005,4.971433877944946,0.05,0.0,0.0,-0.6392268385429232,-0.3239767424014474,-0.10690141668465268,-3.06,-0.13,8.5,0.9970000000000001,0.7606225609779358,0.0,0.01233704388141632,1.0,1.0,7.5,0.8190000000000001,True,True,False
6.991797924041748,forward_005,4.991797924041748,0.05,0.0,0.0,-0.27052603405912107,-0.37306412761378793,0.4930555136883981,-3.06,-0.13,8.5,1.151,0.7490484118461609,0.0,0.033517295494675636,1.0,1.0,7.5,0.8190000000000001,True,True,False
7.012274265289307,forward_005,5.012274265289307,0.05,0.0,0.0,0.08835729338221293,-0.37306412761378793,0.7079491778402,0.87,-0.48,8.790000000000001,0.844,0.7292370200157166,0.0,0.03670274466276169,1.0,1.0,7.5,0.8190000000000001,True,True,False
7.032652378082275,forward_005,5.032652378082275,0.05,0.0,0.0,0.27052603405912107,-0.44178646691106466,0.2977968036215325,1.3,-2.48,4.23,0.767,0.786778450012207,0.0,0.021789979189634323,1.0,1.0,7.5,0.8190000000000001,True,True,False
7.0530078411102295,forward_005,5.0530078411102295,0.05,0.0,0.0,0.39269908169872414,-0.40578905108868163,0.5137812985558308,1.0,-0.45,9.6,0.537,0.7772982716560364,0.0,0.03915656264871359,1.0,1.0,7.5,0.8190000000000001,True,True,False
7.073397874832153,forward_005,5.073397874832153,0.05,0.0,0.0,0.4439681284760576,-0.22907446432425577,-0.08508480103472356,1.0,-0.45,9.6,0.537,0.7391765117645264,0.0,0.046730659902095795,1.0,1.0,7.5,0.8190000000000001,True,True,False
7.093848466873169,forward_005,5.093848466873169,0.05,0.0,0.0,0.2945243112740431,-0.04908738521234052,-0.7613998861825263,-0.89,-2.34,9.33,0.46,0.7859243154525757,0.0,0.0797335933893919,1.0,1.0,7.5,0.8190000000000001,True,True,False
7.114213466644287,forward_005,5.114213466644287,0.05,0.0,0.0,0.1461713248545251,0.136353847812057,-0.543233729683235,-1.04,-1.99,8.06,0.844,0.7617632746696472,0.0,0.09403974004089832,1.0,1.0,7.5,0.8190000000000001,True,True,False
7.134581089019775,forward_005,5.134581089019775,0.05,0.0,0.0,0.12871803233458182,0.0,-0.18871372537188688,-1.04,-1.99,8.06,1.304,0.7754333019256592,0.0,0.02312925085425377,1.0,1.0,7.5,0.8190000000000001,True,True,False
7.154932975769043,forward_005,5.154932975769043,0.05,0.0,0.0,0.2279836335417593,0.12544553998709243,0.10144726277217041,-0.11,-2.69,7.57,1.765,0.7569222450256348,0.0,0.035704851150512695,1.0,1.0,7.7,0.435,True,True,False
7.176041841506958,forward_005,5.176041841506958,0.05,0.0,0.0,0.4046982203061852,-0.1265363707695889,0.6337726846304409,-1.95,-2.89,8.69,1.765,0.7586873769760132,0.0,0.07024821266531944,1.0,1.0,7.7,0.435,True,True,False
7.196532964706421,forward_005,5.196532964706421,0.05,0.0,0.0,0.4526947747360292,0.1908953869368798,0.8955720724295904,-1.58,-1.69,8.59,1.227,0.6805436015129089,0.0,0.04719863831996918,1.0,1.0,7.7,0.435,True,True,False
7.217130661010742,forward_005,5.217130661010742,0.05,0.0,0.0,0.559596191420682,-0.06326818538479445,0.32179508083645453,-0.72,2.22,9.1,0.6899999999999998,0.7636774778366089,0.0,0.026618432253599167,1.0,1.0,7.7,0.435,True,True,False
7.237500905990601,forward_005,5.237500905990601,0.05,0.0,0.0,0.5006913291658733,0.026179938779914945,-0.43960480534607177,-0.72,2.22,9.1,1.074,0.8144327402114868,0.0,0.029735229909420013,1.0,1.0,7.7,0.435,True,True,False
7.2578675746917725,forward_005,5.2578675746917725,0.05,0.0,0.0,0.22362031041177347,0.15817046346198613,-0.9435686268594344,-0.72,2.22,9.1,1.458,0.8037386536598206,0.0,0.00822160392999649,1.0,1.0,7.7,0.435,True,True,False
7.278238534927368,forward_005,5.278238534927368,0.05,0.0,0.0,0.1341721862470641,-0.038179077387375956,-1.413716694115407,-0.72,2.22,9.1,1.304,0.7755053043365479,0.0,0.01612771674990654,1.0,1.0,7.7,0.435,True,True,False
7.298599720001221,forward_005,5.298599720001221,0.05,0.0,0.0,0.05345070834232634,0.06326818538479445,-1.335176877775662,-0.31,-0.56,7.61,1.074,0.667214572429657,0.0,0.03550264239311218,1.0,1.0,7.7,0.435,True,True,False
7.318986654281616,forward_005,5.318986654281616,0.05,0.0,0.0,-0.004363323129985824,-0.09817477042468103,-0.830122225479803,-0.5700000000000001,-0.06,7.16,0.6899999999999998,0.662372887134552,0.0,0.02571345679461956,1.0,1.0,7.7,0.435,True,True,False
7.339356184005737,forward_005,5.339356184005737,0.05,0.0,0.0,0.037088246604879506,0.14944381720201447,-0.18216874067690814,-0.84,-0.72,9.16,0.384,0.5415756106376648,0.0,0.09714919328689575,1.0,1.0,7.7,0.435,True,True,False
7.359725475311279,forward_005,5.359725475311279,0.05,0.0,0.0,0.0272707695624114,0.19853120241435498,0.4428772976935611,-0.43,-0.63,7.73,0.767,0.7633429169654846,0.0,0.11481189215555787,1.0,1.0,7.3,1.215,True,True,False
7.380155086517334,forward_005,5.380155086517334,0.05,0.0,0.0,-0.13853550937704992,0.14180800172453928,0.607592745850526,-0.61,0.62,7.69,0.9970000000000001,0.8756729960441589,0.0,0.06896559800952673,1.0,1.0,7.3,1.215,True,True,False
7.4006664752960205,forward_005,5.4006664752960205,0.05,0.0,0.0,-0.32834006553143325,0.4188790204786391,0.5825036378531074,-1.1,0.1,8.64,1.227,0.7792819142341614,0.0,0.045661335811018944,1.0,1.0,7.3,1.215,True,True,False
7.421034097671509,forward_005,5.421034097671509,0.05,0.0,0.0,-0.45705809786601503,0.5497787143782138,0.6610434541928523,-1.1,0.1,8.64,1.381,0.7649745941162109,0.0,0.047175380401313305,1.0,1.0,7.3,1.215,True,True,False
7.441453456878662,forward_005,5.441453456878662,0.05,0.0,0.0,-0.6141377305455047,0.5868669609830933,0.41560652813114973,0.24,0.43,4.23,1.688,0.7228692173957825,0.0,0.08812101930379868,1.0,1.0,7.3,1.215,True,True,False
7.461820363998413,forward_005,5.461820363998413,0.05,0.0,0.0,-0.6774059159302992,0.17016960206944712,0.2716168648416175,1.1,-0.15,3.37,1.227,0.8126838207244873,0.0,0.054177865386009216,1.0,1.0,7.3,1.215,True,True,False
7.482180118560791,forward_005,5.482180118560791,0.05,0.0,0.0,-0.8072147790473774,-0.15707963267948966,0.002181661564992912,1.1,-0.15,3.37,0.844,0.8477112054824829,0.0,0.02802330255508423,1.0,1.0,7.3,1.215,True,True,False
7.502699136734009,forward_005,5.502699136734009,0.05,0.0,0.0,-0.8279405639148101,-0.2879793265790644,-0.06872233929727672,1.1,-0.15,3.37,0.767,0.8227025270462036,0.0,0.034475959837436676,1.0,1.0,7.3,1.215,True,True,False
7.523078680038452,forward_005,5.523078680038452,0.05,0.0,0.0,-0.6850417314077744,-0.28361600344907856,-0.03381575425739013,-0.05,-1.8800000000000001,7.99,0.844,0.8080685138702393,0.0,0.02501445822417736,1.0,1.0,7.3,1.215,True,True,False
7.543453693389893,forward_005,5.543453693389893,0.05,0.0,0.0,-0.2083486794568231,-0.4886921905584123,0.22580197197676638,-0.05,-1.8800000000000001,7.99,1.227,0.8312633633613586,0.0,0.02160298079252243,1.0,1.0,7.3,1.215,True,True,False
7.563878059387207,forward_005,5.563878059387207,0.05,0.0,0.0,0.12980886311707826,-0.6588617926278594,0.037088246604879506,-0.05,-1.8800000000000001,7.99,0.9970000000000001,0.8414257168769836,0.0,0.019554775208234787,1.0,1.0,7.7,0.271,True,True,False
7.584257125854492,forward_005,5.584257125854492,0.05,0.0,0.0,0.0545415391248228,-0.5628686837681712,-0.3959715740462135,0.3,-1.2,7.68,0.614,0.8273303508758545,0.0,0.01828598603606224,1.0,1.0,7.7,0.271,True,True,False
7.6046247482299805,forward_005,5.6046247482299805,0.05,0.0,0.0,0.21271200258680892,-0.2596177262341565,-0.44833145160604343,-0.42,-0.19,6.08,0.614,0.7385250329971313,0.0,0.021531865000724792,1.0,1.0,7.7,0.271,True,True,False
7.625112771987915,forward_005,5.625112771987915,0.05,0.0,0.0,0.35015668118136234,-0.34579335805137656,-0.4930555136883981,-0.42,-0.19,6.08,0.537,0.6648247838020325,0.0,0.03902078792452812,1.0,1.0,7.7,0.271,True,True,False
7.6454832553863525,forward_005,5.6454832553863525,0.05,0.0,0.0,0.2476185876266955,-0.08835729338221293,-0.25089107997418486,-0.01,-1.1300000000000001,8.49,0.384,0.6458902359008789,0.0,0.06197710242122412,1.0,1.0,7.7,0.271,True,True,False
7.665963888168335,forward_005,5.665963888168335,0.05,0.0,0.0,0.24434609527920614,-0.2825251726665821,0.14726215563702155,-0.01,-1.1300000000000001,8.49,0.614,0.8052459955215454,0.0,0.05765839293599129,1.0,1.0,7.7,0.271,True,True,False
7.6864447593688965,forward_005,5.6864447593688965,0.05,0.0,0.0,0.20943951023931956,-0.16798794050445423,0.5519603759432067,0.22,-1.4000000000000001,9.540000000000001,0.9970000000000001,0.8484185934066772,0.0,0.021708819083869457,1.0,1.0,7.7,0.271,True,True,False
7.70683741569519,forward_005,5.70683741569519,0.05,0.0,0.0,0.1734420944169365,-0.11235557059713497,0.6261368691529657,-1.12,-1.96,7.74,1.534,0.8509130477905273,0.0,0.02814508229494095,1.0,1.0,7.7,0.271,True,True,False
7.727325677871704,forward_005,5.727325677871704,0.05,0.0,0.0,0.27707101875409984,-0.08072147790473774,0.619591884457987,-0.41000000000000003,-0.8,8.370000000000001,1.765,0.7796223759651184,0.0,0.08069492969661951,1.0,1.0,7.7,0.271,True,True,False
7.747876405715942,forward_005,5.747876405715942,0.05,0.0,0.0,0.4919646829059016,-0.17562375598192942,0.272707695624114,0.53,-0.89,9.63,1.534,0.7521089911460876,0.0,0.03956532943993807,1.0,1.0,7.7,0.271,True,True,False
7.768253803253174,forward_005,5.768253803253174,0.05,0.0,0.0,0.607592745850526,-0.019634954084936207,-0.15271630954950383,0.62,-1.36,8.11,0.767,0.7584229111671448,0.0,0.02536189928650856,1.0,1.0,7.4,1.252,True,True,False
7.788614749908447,forward_005,5.788614749908447,0.05,0.0,0.0,0.49632800603588745,-0.007635815477475192,-0.5519603759432067,0.62,-1.36,8.11,0.767,0.8109830617904663,0.0,0.029963210225105286,1.0,1.0,7.4,1.252,True,True,False
7.808972597122192,forward_005,5.808972597122192,0.05,0.0,0.0,0.3076142806640006,0.43196898986859655,-0.9588402578143848,0.62,-1.36,8.11,1.304,0.7199923396110535,0.0,0.02034357190132141,1.0,1.0,7.4,1.252,True,True,False
7.829478979110718,forward_005,5.829478979110718,0.05,0.0,0.0,0.11562806294462433,0.2716168648416175,-0.9948376736367679,-0.32,1.46,9.33,1.381,0.6524052023887634,0.0,0.032580339815467596,1.0,1.0,7.4,1.252,True,True,False
7.850014686584473,forward_005,5.850014686584473,0.05,0.0,0.0,0.12980886311707826,-0.009817477042468103,-0.6850417314077744,-0.32,1.46,9.33,1.381,0.6170703172683716,0.0,0.02435062127187848,1.0,1.0,7.4,1.252,True,True,False
7.870386362075806,forward_005,5.870386362075806,0.05,0.0,0.0,0.016362461737446838,0.2901609881440573,-0.5159629601208237,0.49,-0.42,7.6000000000000005,1.151,0.5883800387382507,0.0,0.0190776064991951,1.0,1.0,7.4,1.252,True,True,False
7.890859603881836,forward_005,5.890859603881836,0.05,0.0,0.0,-0.04145156973486533,0.2814343418840856,0.08508480103472356,-1.03,0.15,9.0,0.384,0.5531794428825378,0.0,0.05835295468568802,1.0,1.0,7.4,1.252,True,True,False
7.911215782165527,forward_005,5.911215782165527,0.05,0.0,0.0,0.01090830782496456,0.3327033886614191,0.6185010536754906,-0.32,0.42,7.87,0.767,0.742743730545044,0.0,0.0479432400316,1.0,1.0,7.4,1.252,True,True,False
7.931722402572632,forward_005,5.931722402572632,0.05,0.0,0.0,-0.21707532571679475,0.4177881896961426,0.5268712679457882,-1.43,0.96,7.9,0.9970000000000001,0.8241544961929321,0.0,0.03935836814343929,1.0,1.0,7.4,1.252,True,True,False
7.952207803726196,forward_005,5.952207803726196,0.05,0.0,0.0,-0.4734205596034619,0.6294093615004551,0.4461497900410505,-1.92,0.63,8.33,1.074,0.6797357201576233,0.0,0.06267648190259933,1.0,1.0,7.4,1.252,True,True,False
7.972576141357422,forward_005,5.972576141357422,0.05,0.0,0.0,-0.44505895925855404,0.43524148221608594,0.543233729683235,-1.92,0.63,8.33,1.304,0.6509866118431091,0.0,0.06856067106127739,1.0,1.0,7.6,0.512,True,True,False
7.992933034896851,forward_005,5.992933034896851,0.05,0.0,0.0,-0.5268712679457882,0.5148721293383273,0.07853981633974483,1.07,0.09,5.3,1.381,0.7328253388404846,0.0,0.08008606405928731,1.0,1.0,7.6,0.512,True,True,False
8.013449668884277,stop_after_005,0.013449668884277344,0.0,0.0,0.0,-0.5737769915931359,0.12980886311707826,-0.14508049407202864,-2.06,-0.45,9.8,1.074,0.7583182454109192,0.0,0.05588786117732525,1.0,1.0,7.6,0.512,True,True,False
8.03383207321167,stop_after_005,0.03383207321166992,0.0,0.0,0.0,-0.5923211148955756,-0.06872233929727672,-0.10362892433716332,-2.06,-0.45,9.8,0.6899999999999998,0.7259364128112793,0.0,0.04874148592352867,1.0,1.0,7.6,0.512,True,True,False
8.05419921875,stop_after_005,0.05419921875,0.0,0.0,0.0,-0.6752242543653062,-0.23234695667174513,-0.18435040224190105,-2.06,-0.45,9.8,0.767,0.7285136580467224,0.0,0.0202571009285748,1.0,1.0,7.6,0.512,True,True,False
8.074571132659912,stop_after_005,0.07457113265991211,0.0,0.0,0.0,-0.5279620987282847,-0.13853550937704992,0.06872233929727672,-2.06,-0.45,9.8,0.9970000000000001,0.6994869112968445,0.0,0.0206693634390831,0.0,1.0,7.6,0.512,True,True,False
8.094923734664917,stop_after_005,0.09492373466491699,0.0,0.0,0.0,-0.210530341021816,-0.43196898986859655,0.5366887449882564,-2.06,-0.45,9.8,0.9210000000000002,0.7442041039466858,0.0,0.04375866986811161,1.0,1.0,7.6,0.512,True,True,False
8.115314722061157,stop_after_005,0.11531472206115723,0.0,0.0,0.0,0.09381144729469522,-0.4363323129985824,0.6784967467127956,-0.08,-1.8900000000000001,7.26,0.6899999999999998,0.7496331334114075,0.0,0.023195825517177582,1.0,1.0,7.6,0.512,True,True,False
8.135681629180908,stop_after_005,0.1356816291809082,0.0,0.0,0.0,0.4134248665661568,-0.5115996369908379,0.46687557490848314,0.14,-0.47000000000000003,6.12,0.537,0.7445265650749207,0.0,0.02826528809964657,1.0,1.0,7.6,0.512,True,True,False
8.156202554702759,stop_after_005,0.1562025547027588,0.0,0.0,0.0,0.4734205596034619,-0.421060682043632,0.32179508083645453,0.14,-0.47000000000000003,6.12,0.46,0.7440879940986633,0.0,0.02909410372376442,1.0,1.0,7.6,0.512,True,True,False
8.17656683921814,stop_after_005,0.17656683921813965,0.0,0.0,0.0,0.33597588100890846,0.08072147790473774,-0.7144941625351786,-0.58,-1.83,8.33,0.46,0.6498719453811646,0.0,0.05899988114833832,1.0,1.0,7.7,0.33,True,True,False
8.197980403900146,stop_after_005,0.19798040390014648,0.0,0.0,0.0,0.18871372537188688,0.08290313946973066,-0.4799655442984406,-0.8,-1.74,9.18,0.537,0.7905588150024414,0.0,0.06015868857502937,1.0,1.0,7.7,0.33,True,True,False
8.218350410461426,stop_after_005,0.21835041046142578,0.0,0.0,0.0,0.11017390903214205,0.09490227807719166,-0.32615840396644036,-0.22,-0.96,7.98,0.9210000000000002,0.8407632112503052,0.0,0.04374198196455836,1.0,1.0,7.7,0.33,True,True,False
8.238708734512329,stop_after_005,0.2387087345123291,0.0,0.0,0.0,0.18544123302439752,-0.02181661564992912,-0.3141592653589793,0.1,-0.72,8.24,1.227,0.8403003811836243,0.0,0.017838776111602783,1.0,1.0,7.7,0.33,True,True,False
8.2590913772583,stop_after_005,0.2590913772583008,0.0,0.0,0.0,0.18544123302439752,-0.02181661564992912,-0.3141592653589793,-0.16,-2.25,8.51,1.6110000000000002,0.7749695181846619,0.0,0.046848345547914505,1.0,1.0,7.7,0.33,True,True,False
8.279580116271973,stop_after_005,0.27958011627197266,0.0,0.0,0.0,0.41233403578366035,-0.19962203319685143,0.6566801310628665,-0.13,-1.78,8.31,1.6110000000000002,0.8097772598266602,0.0,0.0663206372410059,1.0,1.0,7.7,0.33,True,True,False
8.299942255020142,stop_after_005,0.2999422550201416,0.0,0.0,0.0,0.41560652813114973,-0.20943951023931956,0.607592745850526,-1.12,-1.42,8.76,0.9210000000000002,0.8166354894638062,0.0,0.0335193257778883,1.0,1.0,7.7,0.33,True,True,False
8.320346593856812,stop_after_005,0.3203465938568115,0.0,0.0,0.0,0.4919646829059016,-0.20507618710933373,0.5105088062083414,-1.12,-1.42,8.76,0.537,0.8127590417861938,0.0,0.01656148466281593,1.0,1.0,7.7,0.33,True,True,False
8.340863227844238,stop_after_005,0.3408632278442383,0.0,0.0,0.0,0.2617993877991494,0.03490658503988659,0.2617993877991494,-1.12,-1.42,8.76,0.844,0.7827249765396118,0.0,0.01435931771993637,1.0,1.0,7.7,0.33,True,True,False
8.361247539520264,stop_after_005,0.36124753952026367,0.0,0.0,0.0,0.061086523819801536,-0.06654067773228381,-0.05345070834232634,-1.12,-1.42,8.76,1.458,0.7891058325767517,0.0,0.015334976371377707,1.0,1.0,7.7,0.33,True,True,False
8.38161015510559,stop_after_005,0.3816101551055908,0.0,0.0,0.0,-0.06544984694978735,-0.025089107997418487,-0.5006913291658733,-1.12,-1.42,8.76,1.381,0.8452255129814148,0.0,0.027051251381635666,1.0,1.0,7.7,0.21800000000000003,True,True,False
8.401972770690918,stop_after_005,0.40197277069091797,0.0,0.0,0.0,-0.1505346479845109,0.14289883250703572,-0.8137597637423561,-1.03,0.5,8.0,1.381,0.8667312264442444,0.0,0.012945037335157394,1.0,1.0,7.7,0.21800000000000003,True,True,False
8.422372341156006,stop_after_005,0.42237234115600586,0.0,0.0,0.0,-0.2596177262341565,0.13744467859455345,-0.5945027764605685,-0.55,1.53,7.58,1.074,0.8584831953048706,0.0,0.014274567365646362,1.0,1.0,7.7,0.21800000000000003,True,True,False
8.44274115562439,stop_after_005,0.44274115562438965,0.0,0.0,0.0,-0.17235126363444003,0.020725784867432664,-0.4014257279586958,-0.21,0.28,9.17,0.614,0.7861485481262207,0.0,0.01760711893439293,1.0,1.0,7.7,0.21800000000000003,True,True,False
8.463182926177979,stop_after_005,0.4631829261779785,0.0,0.0,0.0,-0.26398104936414235,0.20943951023931956,-0.2814343418840856,-0.76,0.2,8.06,0.384,0.7794654369354248,0.0,0.030040277633815997,1.0,1.0,7.7,0.21800000000000003,True,True,False
8.483554601669312,stop_after_005,0.4835546016693115,0.0,0.0,0.0,-0.35124751196385884,0.19744037163185854,-0.05345070834232634,-0.93,-0.96,8.67,0.384,0.7766863107681274,0.0,0.05078953504562378,1.0,1.0,7.7,0.21800000000000003,True,True,False
8.504003763198853,stop_after_005,0.5040037631988525,0.0,0.0,0.0,-0.34033920413889424,0.2378011105842274,0.29670597283903605,-0.42,-0.24,9.69,0.614,0.7579731345176697,0.0,0.03848547022789717,1.0,1.0,7.7,0.21800000000000003,True,True,False
8.524357795715332,stop_after_005,0.524357795715332,0.0,0.0,0.0,-0.3523383427463553,0.25634523388666713,0.4734205596034619,-0.81,-1.83,8.61,1.151,0.7734655141830444,0.0,0.0546325258910656,0.0,1.0,7.7,0.21800000000000003,True,True,False
8.544867753982544,stop_after_005,0.544867753982544,0.0,0.0,0.0,-0.3937899124812206,-0.10035643198967395,0.46796640569097964,-1.06,-1.61,7.87,1.074,0.8553402423858643,0.0,0.03640274330973625,0.0,1.0,7.7,0.21800000000000003,True,True,False
8.565330266952515,stop_after_005,0.5653302669525146,0.0,0.0,0.0,-0.48978302134090873,-0.32506757318394386,0.20943951023931956,-1.9100000000000001,-1.22,8.69,1.227,0.8001406788825989,0.0,0.0598848732188344,0.0,1.0,7.7,0.21800000000000003,True,True,False
8.585694551467896,stop_after_005,0.5856945514678955,0.0,0.0,0.0,-0.4276056667386107,-0.42215151282612845,-0.0916297857297023,-1.18,-3.04,8.49,1.074,0.8611420392990112,0.0,0.05639274208806455,1.0,1.0,7.4,0.994,True,True,False
8.606064558029175,stop_after_005,0.6060645580291748,0.0,0.0,0.0,-0.26725354171163174,-0.29670597283903605,-0.020725784867432664,-1.42,-2.06,7.58,0.844,0.8179598450660706,0.0,0.024338971823453903,1.0,1.0,7.4,0.994,True,True,False
8.626420736312866,stop_after_005,0.6264207363128662,0.0,0.0,0.0,0.210530341021816,-0.4014257279586958,0.031634092692397225,-1.42,-2.06,7.58,0.767,0.8100132346153259,0.0,0.017924247309565544,1.0,1.0,7.4,0.994,True,True,False
8.646798133850098,stop_after_005,0.6467981338500977,0.0,0.0,0.0,0.3763366199612773,-0.5257804371632918,-0.3021601267515183,-1.42,-2.06,7.58,0.9970000000000001,0.8161190748214722,0.0,0.014543607831001282,1.0,1.0,7.4,0.994,True,True,False
8.667170286178589,stop_after_005,0.6671702861785889,0.0,0.0,0.0,0.3043417883165112,-0.46142142099600086,-0.20616701789183017,1.31,-0.56,9.8,0.844,0.8117470145225525,0.0,0.022041141986846924,1.0,1.0,7.4,0.994,True,True,False
8.687543630599976,stop_after_005,0.6875436305999756,0.0,0.0,0.0,0.2683443724941282,-0.16471544815696484,-0.1559888018969932,-0.42,2.36,9.27,0.537,0.7223614454269409,0.0,0.02084658294916153,1.0,1.0,7.4,0.994,True,True,False
8.708062648773193,stop_after_005,0.7080626487731934,0.0,0.0,0.0,0.29343348049154666,-0.1636246173744684,-0.4494222823885399,-0.42,2.36,9.27,0.46,0.5692651867866516,0.0,0.05727570876479149,1.0,1.0,7.4,0.994,True,True,False
8.728416919708252,stop_after_005,0.728416919708252,0.0,0.0,0.0,0.2007128639793479,-0.08290313946973066,-0.5355979142057599,0.02,0.45,8.19,0.46,0.8673089742660522,0.0,0.08672203682363033,1.0,1.0,7.4,0.994,True,True,False
8.748786926269531,stop_after_005,0.7487869262695312,0.0,0.0,0.0,0.12871803233458182,-0.03381575425739013,-0.30870511144649704,-0.13,0.18,7.55,0.537,0.8649609088897705,0.0,0.0633039865642786,1.0,1.0,7.4,0.994,True,True,False
8.769148111343384,stop_after_005,0.7691481113433838,0.0,0.0,0.0,0.23889194136672387,-0.07526732399225546,0.16035212502697901,0.42,0.1,8.53,1.074,0.8443578481674194,0.0,0.023629844188690186,1.0,1.0,7.4,0.994,True,True,False
8.789517641067505,stop_after_005,0.7895176410675049,0.0,0.0,0.0,0.20289452554434081,-0.12762720155208535,0.2203478180642841,0.63,-0.77,7.8500000000000005,1.6110000000000002,0.8243268728256226,0.0,0.02048920840024948,1.0,1.0,7.7,0.155,True,True,False
8.809903860092163,stop_after_005,0.8099038600921631,0.0,0.0,0.0,0.3108867730114899,-0.2628902185816459,0.4134248665661568,-0.63,-2.31,9.11,1.688,0.8230092525482178,0.0,0.04657679796218872,1.0,1.0,7.7,0.155,True,True,False
8.830268859863281,stop_after_005,0.8302688598632812,0.0,0.0,0.0,0.34579335805137656,-0.2279836335417593,0.5759586531581288,0.67,-3.4,9.8,1.151,0.8231338262557983,0.0,0.07442063465714455,1.0,1.0,7.7,0.155,True,True,False
8.850788831710815,stop_after_005,0.8507888317108154,0.0,0.0,0.0,0.44505895925855404,-0.2617993877991494,0.49632800603588745,0.76,-2.16,7.74,0.537,0.8158866763114929,0.0,0.031200554221868515,1.0,1.0,7.7,0.155,True,True,False
8.871167182922363,stop_after_005,0.8711671829223633,0.0,0.0,0.0,0.4908738521234052,-0.32615840396644036,0.4177881896961426,0.76,-2.16,7.74,0.537,0.8232057690620422,0.0,0.020269469125196338,1.0,1.0,7.7,0.155,True,True,False
8.8915274143219,stop_after_005,0.8915274143218994,0.0,0.0,0.0,0.2650718801466388,0.06326818538479445,-0.136353847812057,0.76,-2.16,7.74,1.151,0.8059948086738586,0.0,0.015714555978775024,1.0,1.0,7.7,0.155,True,True,False
8.912152767181396,stop_after_005,0.9121527671813965,0.0,0.0,0.0,0.006544984694978736,0.08399397025222712,-0.6599526234103559,0.76,-2.16,7.74,1.534,0.871414303779602,0.0,0.023783715441823006,1.0,1.0,7.7,0.155,True,True,False
8.93264651298523,stop_after_005,0.9326465129852295,0.0,0.0,0.0,-0.04036073895236887,0.04254240051736178,-0.7417649320975901,0.76,-2.16,7.74,1.534,0.8699827790260315,0.0,0.009139440953731537,1.0,1.0,7.7,0.155,True,True,False
8.95301342010498,stop_after_005,0.9530134201049805,0.0,0.0,0.0,-0.1559888018969932,0.18544123302439752,-0.9010262263420726,1.44,2.44,9.02,1.304,0.8307268023490906,0.0,0.022388096898794174,1.0,1.0,7.7,0.155,True,True,False
8.97353744506836,stop_after_005,0.9735374450683594,0.0,0.0,0.0,-0.3392483733563978,0.21598449493429828,-0.9261153343394911,-0.14,-0.32,6.76,0.9210000000000002,0.8323249220848083,0.0,0.015326427994295955,1.0,1.0,7.7,0.155,True,True,False
8.993998527526855,stop_after_005,0.9939985275268555,0.0,0.0,0.0,-0.3523383427463553,0.08508480103472356,-0.39924406639370286,0.21,0.5700000000000001,7.34,0.384,0.6443041563034058,0.0,0.04088501073420048,1.0,1.0,7.7,0.096,True,True,False
9.014367580413818,stop_after_005,1.0143675804138184,0.0,0.0,0.0,-0.3119776037939864,0.17016960206944712,-0.002181661564992912,0.15,-0.58,8.700000000000001,0.46,0.5953637361526489,0.0,0.06778746470808983,1.0,1.0,7.7,0.096,True,True,False
9.034754276275635,stop_after_005,1.0347542762756348,0.0,0.0,0.0,-0.4036073895236887,0.28034351110158917,0.3621558197888234,0.15,-0.58,8.700000000000001,0.46,0.849425196647644,0.0,0.05926541704684496,1.0,1.0,7.7,0.096,True,True,False
9.055127620697021,stop_after_005,1.0551276206970215,0.0,0.0,0.0,-0.2585268954516601,0.1559888018969932,0.8890270877346116,0.15,-0.58,8.700000000000001,0.9970000000000001,0.9039167761802673,0.0,0.035268316976726055,1.0,1.0,7.7,0.096,True,True,False
9.075592756271362,stop_after_005,1.0755927562713623,0.0,0.0,0.0,-0.25743606466916363,0.21489366415180183,1.038470904936626,0.59,-0.05,7.25,1.151,0.8875809907913208,0.0,0.06419546715915203,1.0,1.0,7.7,0.096,True,True,False
9.096128702163696,stop_after_005,1.0961287021636963,0.0,0.0,0.0,-0.4079707126536745,-0.2519819107566813,0.5835944686356039,0.02,-2.95,7.59,1.458,0.8529292345046997,0.0,0.05456032603979111,1.0,1.0,7.7,0.096,True,True,False
9.116585969924927,stop_after_005,1.1165859699249268,0.0,0.0,0.0,-0.46687557490848314,-0.2083486794568231,0.5803219762881145,-1.8900000000000001,-0.34,8.96,1.227,0.8302655816078186,0.0,0.04351672064512968,1.0,1.0,7.7,0.096,True,True,False
9.136948108673096,stop_after_005,1.1369481086730957,0.0,0.0,0.0,-0.5225079448158024,0.13853550937704992,0.0818123086872342,-1.3800000000000001,-2.62,8.94,0.9210000000000002,0.8406071066856384,0.0,0.049638877622783184,1.0,1.0,7.7,0.096,True,True,False
9.157322883605957,stop_after_005,1.157322883605957,0.0,0.0,0.0,-0.39706240482870997,0.10471975511965978,-0.01090830782496456,-1.3800000000000001,-2.62,8.94,1.074,0.8109811544418335,0.0,0.03002768475562334,1.0,1.0,7.7,0.096,True,True,False
9.177679777145386,stop_after_005,1.1776797771453857,0.0,0.0,0.0,0.09381144729469522,-0.04690572364734761,-0.2748893571891069,-1.3800000000000001,-2.62,8.94,1.074,0.8030780553817749,0.0,0.025047405622899532,1.0,1.0,7.7,0.096,True,True,False
9.19804072380066,stop_after_005,1.1980407238006592,0.0,0.0,0.0,0.35124751196385884,0.05999569303730508,-0.28034351110158917,1.17,0.08,9.25,1.151,0.7725420594215393,0.0,0.021458525210618973,1.0,1.0,7.7,0.15500000000000003,True,True,False
9.21866250038147,stop_after_005,1.2186625003814697,0.0,0.0,0.0,0.40033489717619936,0.1538071403320003,-0.6446809924554054,1.17,0.08,9.25,0.9210000000000002,0.798832356929779,0.0,0.01569518819451332,1.0,1.0,7.7,0.15500000000000003,True,True,False
9.239017248153687,stop_after_005,1.2390172481536865,0.0,0.0,0.0,0.5530512067257032,0.08290313946973066,-0.605411084285533,1.17,0.08,9.25,0.6899999999999998,0.7295949459075928,0.0,0.01914987340569496,1.0,1.0,7.7,0.15500000000000003,True,True,False
9.259501934051514,stop_after_005,1.2595019340515137,0.0,0.0,0.0,0.619591884457987,0.08726646259971647,-0.3937899124812206,0.1,0.32,6.41,0.46,0.6963297724723816,0.0,0.03621040331199765,1.0,1.0,7.7,0.15500000000000003,True,True,False
9.27988862991333,stop_after_005,1.27988862991333,0.0,0.0,0.0,0.2977968036215325,0.1341721862470641,-0.23561944901923448,0.05,-1.01,7.7700000000000005,0.46,0.7467930912971497,0.0,0.07761359168216586,1.0,1.0,7.7,0.15500000000000003,True,True,False
9.300248384475708,stop_after_005,1.300248384475708,0.0,0.0,0.0,0.04799655442984406,0.11453723216212788,0.21271200258680892,-0.6900000000000001,-0.62,9.18,0.614,0.8414282202720642,0.0,0.0531218945980072,1.0,1.0,7.7,0.15500000000000003,True,True,False
9.320705890655518,stop_after_005,1.3207058906555176,0.0,0.0,0.0,-0.030543261909900768,0.10253809355466686,0.5312345910757741,-0.37,-0.58,8.370000000000001,0.9210000000000002,0.8725860118865967,0.0,0.02462619449943304,1.0,1.0,7.7,0.15500000000000003,True,True,False
9.341243743896484,stop_after_005,1.3412437438964844,0.0,0.0,0.0,-0.12217304763960307,-0.011999138607461015,0.6163193921104976,0.18,-0.9500000000000001,7.99,1.688,0.8627307415008545,0.0,0.05131346732378006,0.0,1.0,7.7,0.15500000000000003,True,True,False
9.36161994934082,stop_after_005,1.3616199493408203,0.0,0.0,0.0,-0.14508049407202864,-0.044724062082354694,0.842121364087264,-0.6900000000000001,-1.9100000000000001,8.65,1.6110000000000002,0.7822425961494446,0.0,0.049590907990932465,0.0,1.0,7.7,0.15500000000000003,True,True,False
9.382100343704224,stop_after_005,1.3821003437042236,0.0,0.0,0.0,0.11017390903214205,-0.09926560120717749,0.6534076387153771,-1.08,-1.03,8.09,1.381,0.763460636138916,0.0,0.06773612595861778,1.0,1.0,7.7,0.15500000000000003,True,True,False
9.402572393417358,stop_after_005,1.4025723934173584,0.0,0.0,0.0,0.3916082509162277,-0.3294308963139297,0.1559888018969932,-1.08,-1.03,8.09,0.9970000000000001,0.7795696258544922,0.0,0.023701202124357224,1.0,1.0,7.4,0.896,True,True,False
9.422972202301025,stop_after_005,1.4229722023010254,0.0,0.0,0.0,0.7308566242726255,-0.2399827721492203,-0.03381575425739013,-1.08,-1.03,8.09,0.9210000000000002,0.7870549559593201,0.0,0.02738691819831729,1.0,1.0,7.4,0.896,True,True,False
9.443483114242554,stop_after_005,1.4434831142425537,0.0,0.0,0.0,0.8912087492996045,-0.24652775684419906,-0.3076142806640006,-1.08,-1.03,8.09,1.151,0.7462965250015259,0.0,0.02036956697702408,1.0,1.0,7.4,0.896,True,True,False
9.46393346786499,stop_after_005,1.4639334678649902,0.0,0.0,0.0,0.6763150851478027,0.04799655442984406,-0.6784967467127956,-1.08,-1.03,8.09,1.381,0.5923796892166138,0.0,0.03770166635513306,1.0,0.0,7.4,0.896,True,True,False
9.4844331741333,stop_after_005,1.4844331741333008,0.0,0.0,0.0,0.0272707695624114,0.04254240051736178,-1.0995574287564276,-1.08,-1.03,8.09,1.381,0.774008572101593,0.0,0.029060617089271545,1.0,1.0,7.4,0.896,True,True,False
9.504793405532837,stop_after_005,1.504793405532837,0.0,0.0,0.0,-0.3523383427463553,-0.2683443724941282,-1.030835089459151,0.35000000000000003,1.87,8.64,1.227,0.7384244799613953,0.0,0.055420428048819304,1.0,1.0,7.4,0.896,True,True,False
9.525165796279907,stop_after_005,1.5251657962799072,0.0,0.0,0.0,-0.40906154343617096,0.015271630954950384,-0.9850201965942997,-0.36,0.5,6.05,0.844,0.726797878742218,0.0,0.021446820348501205,1.0,1.0,7.4,0.896,True,True,False
9.545518159866333,stop_after_005,1.545518159866333,0.0,0.0,0.0,-0.45487643630102215,-0.03599741582238305,-0.6185010536754906,-0.03,0.5700000000000001,7.96,0.537,0.6557986736297607,0.0,0.047846563160419464,1.0,1.0,7.4,0.896,True,True,False
9.56588864326477,stop_after_005,1.5658886432647705,0.0,0.0,0.0,-0.3687008044838021,-0.27379852640661045,-0.11562806294462433,1.0,0.6,9.36,0.614,0.8167139887809753,0.0,0.07272628601640463,1.0,1.0,7.4,0.896,True,True,False
9.586261749267578,stop_after_005,1.5862617492675781,0.0,0.0,0.0,-0.1407171709420428,-0.03381575425739013,0.39924406639370286,-0.72,-0.61,6.36,0.6899999999999998,0.9158486723899841,0.0,0.09641548013314605,1.0,1.0,7.4,0.896,True,True,False
9.606624126434326,stop_after_005,1.6066241264343262,0.0,0.0,0.0,-0.21489366415180183,0.07417649320975901,0.8039422866998881,0.66,-0.42,7.17,0.9970000000000001,0.905622661113739,0.0,0.01944298110902309,1.0,1.0,7.5,0.539,True,True,False
9.627031087875366,stop_after_005,1.6270310878753662,0.0,0.0,0.0,-0.13308135546456762,0.11453723216212788,1.064650843716541,0.66,-0.42,7.17,1.534,0.8919839859008789,0.0,0.03391563147306442,1.0,1.0,7.5,0.539,True,True,False
9.647422552108765,stop_after_005,1.6474225521087646,0.0,0.0,0.0,-0.18653206380689397,-0.05126904677733343,0.5279620987282847,1.61,-1.28,5.76,1.6110000000000002,0.8397696614265442,0.0,0.04318435862660408,1.0,1.0,7.5,0.539,True,True,False
9.667869806289673,stop_after_005,1.6678698062896729,0.0,0.0,0.0,-0.4363323129985824,-0.05672320068981571,0.4374231437810788,0.4,-0.63,6.13,0.9970000000000001,0.849487841129303,0.0,0.0332601445261389,1.0,1.0,7.5,0.539,True,True,False
9.688336849212646,stop_after_005,1.6883368492126465,0.0,0.0,0.0,-0.6948592084502424,-0.05126904677733343,-0.12544553998709243,0.4,-0.63,6.13,0.767,0.8660669326782227,0.0,0.04044722765684128,1.0,1.0,7.5,0.539,True,True,False
9.7087082862854,stop_after_005,1.7087082862854004,0.0,0.0,0.0,-0.6774059159302992,0.6719517620178169,-0.5683228376806536,0.4,-0.63,6.13,0.6899999999999998,0.8629190921783447,0.0,0.02802015095949173,1.0,1.0,7.5,0.539,True,True,False
9.729079484939575,stop_after_005,1.7290794849395752,0.0,0.0,0.0,-0.26616271092913524,0.1308996938995747,-0.4439681284760576,-0.5700000000000001,0.04,8.82,0.9210000000000002,0.8346380591392517,0.0,0.04158591665327549,1.0,1.0,7.5,0.539,True,True,False
9.749434471130371,stop_after_005,1.749434471130371,0.0,0.0,0.0,0.04254240051736178,0.25634523388666713,-0.5203262832508095,-0.5700000000000001,0.04,8.82,1.074,0.8649340271949768,0.0,0.005387343466281891,1.0,1.0,7.5,0.539,True,True,False
9.769811868667603,stop_after_005,1.7698118686676025,0.0,0.0,0.0,0.06217735460229799,0.2748893571891069,-0.4625122517784973,-0.8200000000000001,-0.9500000000000001,8.25,1.227,0.857791006565094,0.0,0.012114927172660828,1.0,1.0,7.5,0.539,True,True,False
9.79018759727478,stop_after_005,1.7901875972747803,0.0,0.0,0.0,0.3021601267515183,-0.025089107997418487,-0.09272061651219876,0.01,-0.8200000000000001,9.59,0.9970000000000001,0.7779786586761475,0.0,0.0189984068274498,1.0,1.0,7.5,0.539,True,True,False
9.810561418533325,stop_after_005,1.8105614185333252,0.0,0.0,0.0,0.32834006553143325,0.11017390903214205,0.08072147790473774,-0.61,-0.75,7.390000000000001,0.46,0.7379636764526367,0.0,0.04386871960014105,1.0,1.0,7.7,0.183,True,True,False
9.830918550491333,stop_after_005,1.830918550491333,0.0,0.0,0.0,0.14944381720201447,-0.0272707695624114,0.1189005552921137,-0.3,-1.26,8.700000000000001,0.307,0.7146596312522888,0.0,0.06962430570274591,1.0,1.0,7.7,0.183,True,True,False
9.851331233978271,stop_after_005,1.8513312339782715,0.0,0.0,0.0,-0.10144726277217041,0.061086523819801536,0.21707532571679475,-0.91,-0.98,8.39,0.384,0.8392642736434937,0.0,0.05375676602125168,1.0,1.0,7.7,0.183,True,True,False
9.871697664260864,stop_after_005,1.8716976642608643,0.0,0.0,0.0,-0.09599310885968812,-0.028361600344907856,0.3643374813538163,-0.11,-0.6,9.02,1.151,0.8763755559921265,0.0,0.023250714410096407,1.0,1.0,7.7,0.183,True,True,False
9.892070770263672,stop_after_005,1.8920707702636719,0.0,0.0,0.0,0.0,-0.001090830782496456,0.17562375598192942,-1.02,-1.76,7.5600000000000005,1.841,0.8390350341796875,0.0,0.02691904455423355,1.0,1.0,7.7,0.183,True,True,False
9.912437200546265,stop_after_005,1.9124372005462646,0.0,0.0,0.0,0.17671458676442586,-0.11562806294462433,0.04036073895236887,-0.6900000000000001,-2.35,7.65,1.765,0.7927885055541992,0.0,0.06061926484107971,1.0,1.0,7.7,0.183,True,True,False
9.932908535003662,stop_after_005,1.932908535003662,0.0,0.0,0.0,0.41996985126113556,-0.2454369260617026,0.06326818538479445,0.12,-1.9000000000000001,8.42,1.534,0.8012250661849976,0.0,0.07384882494807243,1.0,1.0,7.7,0.183,True,True,False
9.9532949924469,stop_after_005,1.9532949924468994,0.0,0.0,0.0,0.6719517620178169,-0.3719732968312915,-0.10253809355466686,-0.04,-2.7600000000000002,9.14,0.9970000000000001,0.8066056966781616,0.0,0.025141175836324692,1.0,1.0,7.7,0.183,True,True,False
9.973781824111938,stop_after_005,1.9737818241119385,0.0,0.0,0.0,0.7646723785300157,-0.25089107997418486,-0.22471114119426994,-0.04,-2.7600000000000002,9.14,0.46,0.7938516736030579,0.0,0.02306526992470026,1.0,1.0,7.7,0.183,True,True,False
9.994147777557373,stop_after_005,1.994147777557373,0.0,0.0,0.0,0.7232208087951503,0.07635815477475191,-0.3643374813538163,-0.04,-2.7600000000000002,9.14,1.304,0.727215051651001,0.0,0.022106707096099854,1.0,0.0,7.7,0.183,True,True,False
10.014574527740479,forward_010,0.014574527740478516,0.1,0.0,0.0,0.4265148359561143,0.08290313946973066,-0.605411084285533,-0.04,-2.7600000000000002,9.14,1.534,0.7188636064529419,0.0,0.06702697044238448,1.0,0.0,7.7,0.187,True,True,False
10.034975290298462,forward_010,0.034975290298461914,0.1,0.0,0.0,0.10471975511965978,-0.07526732399225546,-0.41996985126113556,2.3000000000000003,4.32,9.73,1.534,0.9132831692695618,0.0,0.06201627105474472,1.0,1.0,7.7,0.187,True,True,False
10.055371046066284,forward_010,0.05537104606628418,0.1,0.0,0.0,-0.10581058590215622,-0.017453292519943295,-0.001090830782496456,0.9,1.34,6.640000000000001,1.227,0.8932372331619263,0.0,0.018989097326993942,1.0,1.0,7.7,0.187,True,True,False
10.075737714767456,forward_010,0.07573771476745605,0.1,0.0,0.0,-0.24216443371421323,-0.006544984694978736,-0.5497787143782138,-0.52,0.05,6.32,0.6899999999999998,0.846960186958313,0.0,0.03216839209198952,1.0,1.0,7.7,0.187,True,True,False
10.096110820770264,forward_010,0.09611082077026367,0.1,0.0,0.0,-0.33488505022641196,-0.05890486225480862,-0.05890486225480862,0.31,2.29,8.61,1.227,0.8419097661972046,0.0,0.025503708980977535,1.0,1.0,7.7,0.187,True,True,False
10.116590738296509,forward_010,0.11659073829650879,0.1,0.0,0.0,-0.3370667117914049,0.061086523819801536,0.1538071403320003,0.06,1.41,8.57,0.844,0.8317052721977234,0.0,0.05820713937282562,1.0,1.0,7.7,0.187,True,True,False
10.137042760848999,forward_010,0.13704276084899902,0.1,0.0,0.0,-0.35779249665883756,0.3523383427463553,0.19198621771937624,0.16,1.1400000000000001,8.1,0.614,0.7553667426109314,0.0,0.07306558080017567,1.0,1.0,7.7,0.187,True,True,False
10.157406568527222,forward_010,0.15740656852722168,0.1,0.0,0.0,-0.32179508083645453,0.4308781590861001,0.27379852640661045,0.16,1.1400000000000001,8.1,0.6899999999999998,0.5321642160415649,0.0,0.07385565713047981,1.0,1.0,7.7,0.187,True,True,False
10.177777290344238,forward_010,0.17777729034423828,0.1,0.0,0.0,-0.04036073895236887,0.4046982203061852,0.4308781590861001,1.87,-1.2,7.21,1.227,0.6662810444831848,0.0,0.08844324015080929,1.0,1.0,7.7,0.187,True,True,False
10.198147773742676,forward_010,0.19814777374267578,0.1,0.0,0.0,0.009817477042468103,0.1559888018969932,0.002181661564992912,-0.21,-2.19,6.98,1.458,0.6706104874610901,0.0,0.05408988147974014,1.0,1.0,7.7,0.187,True,True,False
10.218522071838379,forward_010,0.2185220718383789,0.1,0.0,0.0,-0.1538071403320003,-0.04799655442984406,0.032724923474893676,-0.21,-2.19,6.98,1.304,0.8129913806915283,0.0,0.07913996186107397,1.0,1.0,7.7,0.279,True,True,False
10.239567041397095,forward_010,0.23956704139709473,0.1,0.0,0.0,-0.5399612373357457,-0.04145156973486533,-0.001090830782496456,-0.21,-2.19,6.98,1.074,0.8616336584091187,0.0,0.05891314707696438,1.0,1.0,7.7,0.279,True,True,False
10.260162115097046,forward_010,0.2601621150970459,0.1,0.0,0.0,-0.49960049838337683,-0.12980886311707826,-0.08508480103472356,-0.97,0.78,5.66,0.767,0.9169973731040955,0.0,0.0167782954958966,1.0,1.0,7.7,0.279,True,True,False
10.280666589736938,forward_010,0.2806665897369385,0.1,0.0,0.0,-0.5312345910757741,0.01090830782496456,0.24980024919168842,-0.97,0.78,5.66,1.227,0.818178653717041,0.0,0.024913262575864792,1.0,1.0,7.7,0.279,True,True,False
10.301037549972534,forward_010,0.3010375499725342,0.1,0.0,0.0,-0.5879577917655898,0.16907877128695067,0.23125612588924865,-0.97,0.78,5.66,1.227,0.7550868391990662,0.0,0.02147083729505539,1.0,1.0,7.7,0.279,True,True,False
10.321410417556763,forward_010,0.3214104175567627,0.1,0.0,0.0,-0.2825251726665821,0.18653206380689397,0.27707101875409984,-0.97,0.78,5.66,1.304,0.7645872235298157,0.0,0.014693863689899445,1.0,1.0,7.7,0.279,True,True,False
10.341780185699463,forward_010,0.3417801856994629,0.1,0.0,0.0,0.22580197197676638,-0.00545415391248228,-0.013089969389957472,0.23,-0.42,8.05,1.074,0.727946937084198,0.0,0.023630789015442133,1.0,1.0,7.7,0.279,True,True,False
10.36215877532959,forward_010,0.36215877532958984,0.1,0.0,0.0,0.28579766501407144,0.0818123086872342,-0.2617993877991494,0.2,-1.71,7.55,0.6899999999999998,0.712419331073761,0.0,0.03025146760046482,1.0,1.0,7.7,0.279,True,True,False
10.382548332214355,forward_010,0.38254833221435547,0.1,0.0,0.0,0.25416357232167425,0.08835729338221293,-0.421060682043632,-0.03,-1.48,8.76,0.46,0.5057159662246704,0.0,0.0473158061504364,1.0,1.0,7.7,0.279,True,True,False
10.402912139892578,forward_010,0.4029121398925781,0.1,0.0,0.0,0.2530727415391778,0.12762720155208535,-0.5530512067257032,-1.48,-3.09,8.61,0.384,0.6613885760307312,0.0,0.07136857509613037,1.0,1.0,7.7,0.279,True,True,False
10.423279523849487,forward_010,0.4232795238494873,0.1,0.0,0.0,0.36324665057131983,0.30870511144649704,-0.22907446432425577,-1.01,-3.2,8.66,0.767,0.7058004140853882,0.0,0.07580362260341644,0.0,1.0,7.5,0.766,True,True,False
10.443645477294922,forward_010,0.4436454772949219,0.1,0.0,0.0,0.1538071403320003,0.1439896632895322,0.11999138607461016,-0.33,-3.29,8.5,1.304,0.7861834168434143,0.0,0.15401936322450638,0.0,1.0,7.5,0.766,True,True,False
10.464118719100952,forward_010,0.46411871910095215,0.1,0.0,0.0,0.04145156973486533,0.1308996938995747,0.40251655874119224,-1.46,-3.3200000000000003,8.15,1.995,0.8609753251075745,0.0,0.07286389730870724,0.0,1.0,7.5,0.766,True,True,False
10.484631776809692,forward_010,0.4846317768096924,0.1,0.0,0.0,0.1461713248545251,0.07963064712224129,0.5410520681182421,-3.13,-2.1,8.11,1.765,0.9053156971931458,0.0,0.1419547274708748,1.0,1.0,7.5,0.766,True,True,False
10.50510573387146,forward_010,0.50510573387146,0.1,0.0,0.0,0.4439681284760576,0.044724062082354694,0.557414529855689,-1.71,-1.35,8.76,1.458,0.775273859500885,0.0,0.10463782772421837,1.0,1.0,7.5,0.766,True,True,False
10.525609254837036,forward_010,0.5256092548370361,0.1,0.0,0.0,0.667588438887831,0.16689710972195776,0.3937899124812206,-0.7000000000000001,-0.29,7.54,1.227,0.717052161693573,0.0,0.038142453879117966,1.0,1.0,7.5,0.766,True,True,False
10.545979499816895,forward_010,0.5459794998168945,0.1,0.0,0.0,0.918479518862016,0.016362461737446838,0.07853981633974483,-0.7000000000000001,-0.29,7.54,1.227,0.8327711820602417,0.0,0.021668531000614166,1.0,1.0,7.5,0.766,True,True,False
10.566333770751953,forward_010,0.5663337707519531,0.1,0.0,0.0,1.0133817969392076,-0.4166973589136462,-0.4636030825609938,-0.7000000000000001,-0.29,7.54,1.304,0.922410786151886,0.0,0.03465096093714237,1.0,1.0,7.5,0.766,True,True,False
10.586697101593018,forward_010,0.5866971015930176,0.1,0.0,0.0,0.9752027195518317,-0.32834006553143325,-0.7472190860100724,-0.7000000000000001,-0.29,7.54,1.6110000000000002,0.882333517074585,0.0,0.01533633843064308,1.0,1.0,7.5,0.766,True,True,False
10.607081651687622,forward_010,0.6070816516876221,0.1,0.0,0.0,0.6185010536754906,0.11453723216212788,-1.8009616219016489,-1.43,3.9,9.68,1.381,0.6417959332466125,0.0,0.04158958047628403,1.0,1.0,7.5,0.766,True,True,False
10.62746000289917,forward_010,0.6274600028991699,0.1,0.0,0.0,0.2814343418840856,-0.10471975511965978,-2.462005076094501,-0.61,0.1,7.94,1.074,0.7025600075721741,0.0,0.03404014464467764,1.0,1.0,7.6,0.324,True,True,False
10.64805817604065,forward_010,0.6480581760406494,0.1,0.0,0.0,-0.02945243112740431,-0.009817477042468103,-2.0867592869157203,0.47000000000000003,-2.84,5.68,0.767,0.684446394443512,0.0,0.03285008668899536,1.0,1.0,7.6,0.324,True,True,False
10.668417692184448,forward_010,0.6684176921844482,0.1,0.0,0.0,-0.21271200258680892,-0.21925698728178766,-1.124646536753846,1.43,-1.6400000000000001,8.0,0.767,0.8840011954307556,0.0,0.06199559196829796,1.0,1.0,7.6,0.324,True,True,False
10.68878722190857,forward_010,0.6887872219085693,0.1,0.0,0.0,-0.13853550937704992,-0.29670597283903605,-0.1559888018969932,0.3,-0.67,8.69,0.9210000000000002,0.9190860390663147,0.0,0.07228513807058334,1.0,1.0,7.6,0.324,True,True,False
10.709167957305908,forward_010,0.7091679573059082,0.1,0.0,0.0,-0.07308566242726255,-0.006544984694978736,0.4657847441259867,-0.79,-1.02,8.1,1.074,0.8606856465339661,0.0,0.09772295452421531,1.0,1.0,7.6,0.324,True,True,False
10.729681015014648,forward_010,0.7296810150146484,0.1,0.0,0.0,-0.03599741582238305,0.2552544031041707,0.8803004414746399,-1.0,0.01,7.8100000000000005,1.304,0.7724337577819824,0.0,0.0573908775113523,1.0,1.0,7.6,0.324,True,True,False
10.750165462493896,forward_010,0.7501654624938965,0.1,0.0,0.0,-0.08072147790473774,0.3141592653589793,1.05265170510908,-1.1,0.97,9.28,1.688,0.7243062257766724,0.0,0.05057436414062977,1.0,1.0,7.6,0.324,True,True,False
10.77051830291748,forward_010,0.7705183029174805,0.1,0.0,0.0,-0.1265363707695889,0.6719517620178169,0.8824821030396329,-2.73,0.9400000000000001,8.790000000000001,1.995,0.6914059519767761,0.0,0.06771581619977951,1.0,1.0,7.6,0.324,True,True,False
10.7910315990448,forward_010,0.7910315990447998,0.1,0.0,0.0,-0.46796640569097964,0.9817477042468103,0.6043202535030366,-1.47,1.21,8.08,1.6110000000000002,0.723288357257843,0.0,0.06099430471658707,1.0,1.0,7.6,0.324,True,True,False
10.811408281326294,forward_010,0.811408281326294,0.1,0.0,0.0,-0.954476934684399,0.7144941625351786,0.7766715171374766,-1.47,1.21,8.08,0.9970000000000001,0.8130172491073608,0.0,0.04469902068376541,1.0,1.0,7.6,0.324,True,True,False
10.831786394119263,forward_010,0.8317863941192627,0.1,0.0,0.0,-1.4660765716752369,0.44505895925855404,0.6643159465403417,-2.04,2.35,8.88,1.074,0.7197688221931458,0.0,0.02061581052839756,1.0,1.0,7.3,1.2730000000000001,True,True,False
10.85228419303894,forward_010,0.8522841930389404,0.1,0.0,0.0,-1.4224433403753787,0.32070425005395803,0.4428772976935611,-2.04,2.35,8.88,1.458,0.692785382270813,0.0,0.00896451622247696,1.0,1.0,7.3,1.2730000000000001,True,True,False
10.872737407684326,forward_010,0.8727374076843262,0.1,0.0,0.0,-0.7788531787024695,0.5388704065532492,0.7275841319251362,-2.04,2.35,8.88,1.688,0.7305536866188049,0.0,0.03722892329096794,0.0,1.0,7.3,1.2730000000000001,True,True,False
10.89310598373413,forward_010,0.8931059837341309,0.1,0.0,0.0,-0.2748893571891069,0.3523383427463553,0.8181230868723419,-2.04,2.35,8.88,1.304,0.6491987705230713,0.0,0.02364390715956688,0.0,1.0,7.3,1.2730000000000001,True,True,False
10.913478136062622,forward_010,0.9134781360626221,0.1,0.0,0.0,-0.21707532571679475,0.20616701789183017,0.13199052468207118,2.43,-2.37,3.94,0.844,0.6695039868354797,0.0,0.05423217732459307,0.0,1.0,7.3,1.2730000000000001,True,True,False
10.933843851089478,forward_010,0.9338438510894775,0.1,0.0,0.0,-0.21162117180431245,-0.519235452468313,-0.07963064712224129,2.43,-2.37,3.94,0.614,0.7352135181427002,0.0,0.06178884766995907,0.0,1.0,7.3,1.2730000000000001,True,True,False
10.954198837280273,forward_010,0.9541988372802734,0.1,0.0,0.0,0.07853981633974483,-0.6959500392327389,0.16689710972195776,-3.83,-2.44,8.42,0.537,0.7734001278877258,0.0,0.06292771175503731,0.0,1.0,7.3,1.2730000000000001,True,True,False
10.974569082260132,forward_010,0.9745690822601318,0.1,0.0,0.0,0.21925698728178766,-0.5061454830783556,0.022907446432425576,-1.92,-1.26,7.57,0.6899999999999998,0.6573488116264343,0.0,0.07065128919202834,0.0,1.0,7.3,1.2730000000000001,True,True,False
10.99494194984436,forward_010,0.9949419498443604,0.1,0.0,0.0,0.2825251726665821,-0.39269908169872414,-0.15271630954950383,-1.58,-3.0300000000000002,7.73,1.304,0.6857078075408936,0.0,0.0521063394844532,0.0,1.0,7.3,1.2730000000000001,True,True,False
11.01531195640564,forward_010,1.0153119564056396,0.1,0.0,0.0,0.18544123302439752,-0.42978732830360367,-0.2301652951067522,-1.33,-3.4,8.120000000000001,1.304,0.6875642538070679,0.0,0.05867966637015343,0.0,1.0,7.3,1.2730000000000001,True,True,False
11.03570294380188,forward_010,1.0357029438018799,0.1,0.0,0.0,0.12980886311707826,-0.5159629601208237,-0.24216443371421323,-1.02,-2.74,8.27,1.6110000000000002,0.8282936215400696,0.0,0.0340560176409781,0.0,1.0,7.6,0.5120000000000001,True,True,False
11.05606460571289,forward_010,1.0560646057128906,0.1,0.0,0.0,0.3021601267515183,-0.557414529855689,-0.3141592653589793,-1.02,-2.74,8.27,1.688,0.8804495334625244,0.0,0.028357570990920067,1.0,1.0,7.6,0.5120000000000001,True,True,False
11.07642936706543,forward_010,1.0764293670654297,0.1,0.0,0.0,1.0057459814617324,-0.2923426497090502,-0.32506757318394386,-0.2,-1.99,7.21,1.074,0.86339271068573,0.0,0.03415285097435117,1.0,1.0,7.6,0.5120000000000001,True,True,False
11.096800088882446,forward_010,1.0968000888824463,0.1,0.0,0.0,1.1475539831862718,-0.47123889803846897,-0.41560652813114973,-0.2,-1.99,7.21,0.9970000000000001,0.8741318583488464,0.0,0.03342532366514206,1.0,0.0,7.6,0.5120000000000001,True,True,False
11.117277145385742,forward_010,1.1172771453857422,0.1,0.0,0.0,0.4701480672559725,0.22907446432425577,-0.8148505945248526,-0.2,-1.99,7.21,0.844,0.8770611882209778,0.0,0.03330477327108383,1.0,0.0,7.6,0.5120000000000001,True,True,False
11.137640953063965,forward_010,1.1376409530639648,0.1,0.0,0.0,0.16035212502697901,0.06217735460229799,-0.8192139176548384,-0.84,3.73,9.24,1.151,0.8854694366455078,0.0,0.0413248036056757,1.0,1.0,7.6,0.5120000000000001,True,True,False
11.158005714416504,forward_010,1.158005714416504,0.1,0.0,0.0,0.12544553998709243,-0.05126904677733343,-0.892299580082101,1.16,2.35,9.01,1.227,0.8249120116233826,0.0,0.03158119251020253,1.0,1.0,7.6,0.5120000000000001,True,True,False
11.178362846374512,forward_010,1.1783628463745117,0.1,0.0,0.0,0.12326387842209953,-0.11780972450961724,-1.0242901047641721,0.26,-0.18,7.94,0.9210000000000002,0.6957804560661316,0.0,0.024568576365709305,1.0,1.0,7.6,0.5120000000000001,True,True,False
11.198829650878906,forward_010,1.1988296508789062,0.1,0.0,0.0,-0.02945243112740431,-0.25743606466916363,-0.5705044992456465,0.26,-0.18,7.94,0.844,0.7905026078224182,0.0,0.027054153382778168,1.0,1.0,7.6,0.5120000000000001,True,True,False
11.219199657440186,forward_010,1.2191996574401855,0.1,0.0,0.0,0.15926129424448257,-0.2628902185816459,-0.04145156973486533,0.25,1.09,7.44,0.844,0.833206832408905,0.0,0.028560958802700043,1.0,1.0,7.6,0.5120000000000001,True,True,False
11.239595651626587,forward_010,1.239595651626587,0.1,0.0,0.0,0.15926129424448257,-0.2628902185816459,-0.04145156973486533,-0.8300000000000001,0.2,6.45,0.767,0.8351842164993286,0.0,0.05517172859981656,1.0,1.0,7.7,0.199,True,True,False
11.260637521743774,forward_010,1.2606375217437744,0.1,0.0,0.0,0.12871803233458182,-0.2628902185816459,0.3817907738737596,-0.43,-0.22,8.77,1.074,0.8395153284072876,0.0,0.08420287817716599,1.0,1.0,7.7,0.199,True,True,False
11.281007289886475,forward_010,1.2810072898864746,0.1,0.0,0.0,-0.12762720155208535,-0.008726646259971648,0.5115996369908379,-0.43,-0.22,8.77,1.458,0.8376164436340332,0.0,0.02590887574478984,1.0,1.0,7.7,0.199,True,True,False
11.30137586593628,forward_010,1.3013758659362793,0.1,0.0,0.0,-0.20398535632683726,0.45160394395353276,0.6697701004528239,-1.8800000000000001,-0.11,7.97,1.918,0.8155472874641418,0.0,0.053100794553756714,1.0,1.0,7.7,0.199,True,True,False
11.321740865707397,forward_010,1.3217408657073975,0.1,0.0,0.0,-0.36106498900632694,0.17889624832941878,0.7374016089676042,1.83,0.32,8.96,1.918,0.6870262026786804,0.0,0.10618781950324774,1.0,1.0,7.7,0.199,True,True,False
11.342092275619507,forward_010,1.3420922756195068,0.1,0.0,0.0,-0.5803219762881145,0.1439896632895322,0.8170322560898455,-0.29,1.5,6.71,1.227,0.847827136516571,0.0,0.04494696855545044,1.0,1.0,7.7,0.199,True,True,False
11.362467765808105,forward_010,1.3624677658081055,0.1,0.0,0.0,-1.0351984125891367,0.06763150851478027,0.5203262832508095,-0.29,1.5,6.71,0.6899999999999998,0.8729609251022339,0.0,0.02581656165421009,1.0,1.0,7.7,0.199,True,True,False
11.382831573486328,forward_010,1.3828315734863281,0.1,0.0,0.0,-1.2359112765684845,0.08508480103472356,0.19853120241435498,-0.29,1.5,6.71,0.9970000000000001,0.778002917766571,0.0,0.01758268754929304,1.0,1.0,7.7,0.199,True,True,False
11.403202533721924,forward_010,1.4032025337219238,0.1,0.0,0.0,-0.9795660426818175,0.3043417883165112,0.34143003492139073,-0.29,1.5,6.71,1.765,0.69975346326828,0.0,0.03834633715450764,0.0,1.0,7.7,0.199,True,True,False
11.42357611656189,forward_010,1.4235761165618896,0.1,0.0,0.0,-0.5705044992456465,0.3567016658763411,0.41233403578366035,-0.29,1.5,6.71,1.765,0.7104198336601257,0.0,0.021619143895804882,0.0,1.0,7.7,0.199,True,True,False
11.44408917427063,forward_010,1.4440891742706299,0.1,0.0,0.0,-0.1636246173744684,0.019634954084936207,0.16035212502697901,-0.29,1.5,6.71,1.534,0.7242292761802673,0.0,0.025902487337589264,0.0,1.0,7.6,0.37700000000000006,True,True,False
11.464458227157593,forward_010,1.4644582271575928,0.1,0.0,0.0,0.013089969389957472,0.3665191429188092,0.07635815477475191,0.72,-1.3800000000000001,5.42,0.9210000000000002,0.7208306789398193,0.0,0.03660888969898224,0.0,1.0,7.6,0.37700000000000006,True,True,False
11.484831809997559,forward_010,1.4848318099975586,0.1,0.0,0.0,0.18435040224190105,0.04145156973486533,0.06981317007977318,0.72,-1.3800000000000001,5.42,0.6899999999999998,0.6952100992202759,0.0,0.06226593255996704,0.0,1.0,7.6,0.37700000000000006,True,True,False
11.505199909210205,forward_010,1.505199909210205,0.1,0.0,0.0,0.30870511144649704,0.008726646259971648,-0.22689280275926285,-2.59,-2.84,8.96,0.6899999999999998,0.579382598400116,0.0,0.08808419294655323,0.0,1.0,7.6,0.37700000000000006,True,True,False
11.525573968887329,forward_010,1.525573968887329,0.1,0.0,0.0,0.41560652813114973,0.2552544031041707,-0.32288591161895097,-1.28,-2.23,6.42,1.227,0.6843529939651489,0.0,0.05340513400733471,0.0,1.0,7.6,0.37700000000000006,True,True,False
11.545939445495605,forward_010,1.5459394454956055,0.1,0.0,0.0,0.5203262832508095,0.10035643198967395,-0.28688849579656794,-0.85,-3.75,8.66,1.688,0.7014045119285583,0.0,0.056656163185834885,0.0,1.0,7.6,0.37700000000000006,True,True,False
11.566409587860107,forward_010,1.5664095878601074,0.1,0.0,0.0,0.495237175253391,-0.0916297857297023,-0.07417649320975901,-0.7000000000000001,-3.5500000000000003,9.56,1.841,0.8112316131591797,0.0,0.05512794107198715,0.0,1.0,7.6,0.37700000000000006,True,True,False
11.58687973022461,forward_010,1.5868797302246094,0.1,0.0,0.0,0.3665191429188092,-0.19198621771937624,0.061086523819801536,-2.36,-2.77,8.21,1.918,0.7654448747634888,0.0,0.08147558569908142,1.0,1.0,7.6,0.37700000000000006,True,True,False
11.607298851013184,forward_010,1.6072988510131836,0.1,0.0,0.0,0.4112432050011639,-0.3752457891787809,0.037088246604879506,-2.24,-2.98,8.43,1.6110000000000002,0.8595811724662781,0.0,0.05175930052064359,1.0,1.0,7.6,0.37700000000000006,True,True,False
11.62765622138977,forward_010,1.6276562213897705,0.1,0.0,0.0,0.6512259771503842,-0.29670597283903605,0.16144295580947549,0.07,-0.18,9.42,1.074,0.8643177151679993,0.0,0.032582297921180725,1.0,1.0,7.6,0.37700000000000006,True,True,False
11.648019790649414,forward_010,1.648019790649414,0.1,0.0,0.0,0.7363107781851078,-0.3959715740462135,0.003272492347489368,0.07,-0.18,9.42,1.074,0.9138486385345459,0.0,0.023140467703342438,1.0,1.0,7.5,0.941,True,True,False
11.668399095535278,forward_010,1.6683990955352783,0.1,0.0,0.0,0.6566801310628665,-0.22689280275926285,-0.5355979142057599,0.07,-0.18,9.42,1.151,0.9151127934455872,0.0,0.025190912187099457,1.0,1.0,7.5,0.941,True,True,False
11.688767671585083,forward_010,1.688767671585083,0.1,0.0,0.0,0.3839724354387525,0.12871803233458182,-1.4791665410651942,0.07,-0.18,9.42,1.458,0.853469729423523,0.0,0.025016450323164463,1.0,1.0,7.5,0.941,True,True,False
11.709249496459961,forward_010,1.709249496459961,0.1,0.0,0.0,0.37306412761378793,0.14180800172453928,-1.7769633446867268,0.28,1.26,8.44,1.381,0.6972422003746033,0.0,0.03131598234176636,1.0,1.0,7.5,0.941,True,True,False
11.729695796966553,forward_010,1.7296957969665527,0.1,0.0,0.0,0.04254240051736178,0.17889624832941878,-1.9002272231088262,0.37,-0.39,5.67,1.151,0.7222616076469421,0.0,0.0315692238509655,1.0,1.0,7.5,0.941,True,True,False
11.7500901222229,forward_010,1.7500901222229004,0.1,0.0,0.0,0.0,-0.23234695667174513,-1.1879147221386406,2.14,-0.84,8.59,0.6899999999999998,0.7367719411849976,0.0,0.04969477280974388,1.0,1.0,7.5,0.941,True,True,False
11.770600080490112,forward_010,1.7706000804901123,0.1,0.0,0.0,0.17016960206944712,-0.23561944901923448,-0.19962203319685143,-0.44,-1.04,9.38,0.614,0.6738534569740295,0.0,0.09593763947486877,1.0,1.0,7.5,0.941,True,True,False
11.790986061096191,forward_010,1.7909860610961914,0.1,0.0,0.0,0.1090830782496456,-0.17671458676442586,0.5115996369908379,-1.44,-0.19,7.1000000000000005,0.9210000000000002,0.8841801285743713,0.0,0.10017473809421062,1.0,1.0,7.5,0.941,True,True,False
11.811350345611572,forward_010,1.8113503456115723,0.1,0.0,0.0,0.04581489286485115,-0.08617563181722002,0.7886706557449377,-0.3,-0.38,6.37,1.074,0.8670127391815186,0.0,0.04981469362974167,1.0,1.0,7.5,0.941,True,True,False
11.831771850585938,forward_010,1.8317718505859375,0.1,0.0,0.0,-0.013089969389957472,-0.0719948316447661,0.9915651812892785,-0.44,0.22,9.07,1.151,0.813347339630127,0.0,0.03233731910586357,1.0,1.0,7.5,0.941,True,True,False
11.852129936218262,forward_010,1.8521299362182617,0.1,0.0,0.0,-0.12435470920459599,0.210530341021816,1.1279190291013355,-0.44,0.22,9.07,1.841,0.7874573469161987,0.0,0.05414784699678421,1.0,1.0,7.7,0.16799999999999998,True,True,False
11.87249207496643,forward_010,1.8724920749664307,0.1,0.0,0.0,-0.3043417883165112,0.5028729907308662,1.1497356447512646,-2.06,2.18,7.1000000000000005,2.148,0.6918190717697144,0.0,0.07795923203229904,1.0,1.0,7.7,0.16799999999999998,True,True,False
11.892992496490479,forward_010,1.8929924964904785,0.1,0.0,0.0,-0.6763150851478027,0.2945243112740431,0.5475970528132209,0.29,1.03,6.0,1.765,0.7914459109306335,0.0,0.051743075251579285,1.0,1.0,7.7,0.16799999999999998,True,True,False
11.913369417190552,forward_010,1.9133694171905518,0.1,0.0,0.0,-1.100648259538924,0.17235126363444003,0.3817907738737596,0.29,1.03,6.0,1.381,0.8372514247894287,0.0,0.03098965622484684,1.0,1.0,7.7,0.16799999999999998,True,True,False
11.933735370635986,forward_010,1.9337353706359863,0.1,0.0,0.0,-1.265363707695889,0.29888763440402893,0.16580627893946132,0.29,1.03,6.0,1.227,0.7571482062339783,0.0,0.019930073991417885,1.0,1.0,7.7,0.16799999999999998,True,True,False
11.954313039779663,forward_010,1.954313039779663,0.1,0.0,0.0,-0.8584838258247108,0.3043417883165112,0.5617778529856748,0.29,1.03,6.0,1.6110000000000002,0.743202805519104,0.0,0.01891292631626129,1.0,1.0,7.7,0.16799999999999998,True,True,False
11.97472071647644,forward_010,1.9747207164764404,0.1,0.0,0.0,-0.5945027764605685,0.35997415822383044,0.6774059159302992,0.29,1.03,6.0,1.765,0.6885554790496826,0.0,0.02708575874567032,0.0,1.0,7.7,0.16799999999999998,True,True,False
11.99509596824646,forward_010,1.99509596824646,0.1,0.0,0.0,-0.32506757318394386,0.2901609881440573,0.8650288105196896,0.45,0.16,7.01,1.381,0.7199549078941345,0.0,0.019015904515981674,0.0,1.0,7.7,0.16799999999999998,True,True,False
12.015480279922485,forward_010,2.0154802799224854,0.1,0.0,0.0,-0.23452861823673804,0.23671027980173096,0.4821472058634335,-0.29,-1.4000000000000001,6.49,0.9970000000000001,0.6869577169418335,0.0,0.04345958959311247,0.0,1.0,7.7,0.16799999999999998,True,True,False
12.035858869552612,forward_010,2.0358588695526123,0.1,0.0,0.0,-0.044724062082354694,-0.21380283336930536,0.15271630954950383,-2.2,-1.53,8.14,0.614,0.7478928565979004,0.0,0.029110091738402843,0.0,1.0,7.7,0.16799999999999998,True,True,False
12.056229829788208,forward_010,2.056229829788208,0.1,0.0,0.0,0.13526301702956053,-0.1930770485018727,-0.007635815477475192,-2.7800000000000002,-1.4000000000000001,8.64,0.537,0.6515926122665405,0.0,0.08159299194812775,0.0,1.0,7.6,0.539,True,True,False
12.076587200164795,forward_010,2.076587200164795,0.1,0.0,0.0,0.2683443724941282,-0.2279836335417593,-0.27598018797160334,-2.16,-1.94,7.74,1.074,0.659944474697113,0.0,0.03925035893917084,0.0,1.0,7.6,0.539,True,True,False
12.096950769424438,forward_010,2.0969507694244385,0.1,0.0,0.0,0.2901609881440573,0.007635815477475192,-0.5290529295107811,-0.87,-3.37,6.96,1.227,0.5575439929962158,0.0,0.027053188532590866,0.0,1.0,7.6,0.539,True,True,False
12.117609024047852,forward_010,2.1176090240478516,0.1,0.0,0.0,0.4046982203061852,-0.2912518189265537,-0.44505895925855404,-0.05,-3.63,9.47,1.227,0.627708375453949,0.0,0.03189745917916298,0.0,1.0,7.6,0.539,True,True,False
12.138086795806885,forward_010,2.1380867958068848,0.1,0.0,0.0,0.4145156973486533,-0.3490658503988659,-0.22689280275926285,-0.05,-3.63,9.47,1.458,0.6905667781829834,0.0,0.052271575666964054,1.0,1.0,7.6,0.539,True,True,False
12.158453226089478,forward_010,2.1584532260894775,0.1,0.0,0.0,0.35561083509384467,-0.49741883681838395,0.0,-1.56,-1.82,9.13,1.381,0.8508749604225159,0.0,0.035192875657230616,1.0,1.0,7.6,0.539,True,True,False
12.178818464279175,forward_010,2.178818464279175,0.1,0.0,0.0,0.5857761302005968,-0.2378011105842274,0.21598449493429828,-0.75,-1.84,7.140000000000001,0.9970000000000001,0.8644895553588867,0.0,0.03403181582689285,1.0,1.0,7.6,0.539,True,True,False
12.199177026748657,forward_010,2.1991770267486572,0.1,0.0,0.0,0.631591023065448,-0.33488505022641196,0.15162547876700738,0.18,0.04,9.15,0.9210000000000002,0.8684149980545044,0.0,0.02988619962707162,1.0,0.0,7.6,0.539,True,True,False
12.219643592834473,forward_010,2.2196435928344727,0.1,0.0,0.0,0.495237175253391,-0.5039638215133626,0.044724062082354694,0.18,0.04,9.15,0.9970000000000001,0.9324751496315002,0.0,0.02763322927057743,1.0,0.0,7.6,0.539,True,True,False
12.240018844604492,forward_010,2.240018844604492,0.1,0.0,0.0,0.10035643198967395,-0.04036073895236887,-0.29561514205653955,0.18,0.04,9.15,1.151,0.90900057554245,0.0,0.039832137525081635,1.0,1.0,7.6,0.539,True,True,False
12.260400772094727,forward_010,2.2604007720947266,0.1,0.0,0.0,0.09272061651219876,0.06654067773228381,-0.5050546522958591,-0.29,3.79,9.8,1.151,0.6971672773361206,0.0,0.03389332443475723,1.0,1.0,7.7,0.195,True,True,False
12.281524419784546,forward_010,2.281524419784546,0.1,0.0,0.0,0.05999569303730508,0.14508049407202864,-1.153008137098754,-0.56,-0.28,8.21,0.9970000000000001,0.6768670678138733,0.0,0.04804430902004242,1.0,1.0,7.7,0.195,True,True,False
12.301997423171997,forward_010,2.301997423171997,0.1,0.0,0.0,-0.0719948316447661,-0.04254240051736178,-0.8988445647770797,-0.77,1.43,8.57,0.6899999999999998,0.7020117044448853,0.0,0.022306721657514572,1.0,1.0,7.7,0.195,True,True,False
12.322530508041382,forward_010,2.322530508041382,0.1,0.0,0.0,0.013089969389957472,0.006544984694978736,-0.743946593662583,-1.34,-0.92,7.54,0.614,0.6016513705253601,0.0,0.04563568998128176,1.0,1.0,7.7,0.195,True,True,False
12.34300422668457,forward_010,2.3430042266845703,0.1,0.0,0.0,0.1341721862470641,-0.07417649320975901,-0.29561514205653955,0.51,-0.85,7.54,0.9970000000000001,0.7541089057922363,0.0,0.09053664281964302,1.0,1.0,7.7,0.195,True,True,False
12.363484621047974,forward_010,2.3634846210479736,0.1,0.0,0.0,0.04145156973486533,-0.17562375598192942,0.21271200258680892,0.35000000000000003,-1.44,8.040000000000001,1.227,0.832423746585846,0.0,0.10149846971035004,1.0,1.0,7.7,0.195,True,True,False
12.38393497467041,forward_010,2.38393497467041,0.1,0.0,0.0,-0.06544984694978735,0.006544984694978736,0.5661411761156606,-1.22,-1.21,8.56,1.304,0.7409927845001221,0.0,0.0544749335385859,1.0,1.0,7.7,0.195,True,True,False
12.404298067092896,forward_010,2.4042980670928955,0.1,0.0,0.0,-0.05345070834232634,-0.0916297857297023,0.868301302867179,-1.22,-1.21,8.56,1.227,0.774633526802063,0.0,0.043446674942970276,1.0,1.0,7.7,0.195,True,True,False
12.424701690673828,forward_010,2.424701690673828,0.1,0.0,0.0,-0.16907877128695067,-0.08508480103472356,1.1933688760511227,-0.6900000000000001,-1.37,7.76,1.688,0.7756217122077942,0.0,0.05519859306514263,1.0,1.0,7.7,0.195,True,True,False
12.445167541503906,forward_010,2.4451675415039062,0.1,0.0,0.0,-0.4701480672559725,-0.00545415391248228,1.1540989678812503,-1.6300000000000001,1.04,5.89,1.381,0.8158279061317444,0.0,0.032264526933431625,1.0,1.0,7.7,0.195,True,True,False
12.465537786483765,forward_010,2.4655377864837646,0.1,0.0,0.0,-0.9097528726020443,0.050178215994836975,0.7221299780126539,-0.61,2.29,8.09,1.227,0.8804751634597778,0.0,0.020535171031951904,1.0,1.0,7.5,0.8450000000000001,True,True,False
12.485927104949951,forward_010,2.485927104949951,0.1,0.0,0.0,-1.4911656796726553,-0.12544553998709243,0.5650503453331642,-0.61,2.29,8.09,1.381,0.820117175579071,0.0,0.02484366064891219,1.0,1.0,7.5,0.8450000000000001,True,True,False
12.506287813186646,forward_010,2.5062878131866455,0.1,0.0,0.0,-1.3744467859455345,0.15817046346198613,0.3981532356112064,-0.61,2.29,8.09,1.688,0.7189080119132996,0.0,0.01932453364133835,1.0,1.0,7.5,0.8450000000000001,True,True,False
12.526651859283447,forward_010,2.5266518592834473,0.1,0.0,0.0,-0.4286964975211072,0.11562806294462433,0.30543261909900765,1.01,-2.73,9.64,1.534,0.7196357250213623,0.0,0.03642053157091141,1.0,1.0,7.5,0.8450000000000001,True,True,False
12.547014236450195,forward_010,2.5470142364501953,0.1,0.0,0.0,0.05672320068981571,0.05781403147231216,-0.15817046346198613,0.01,-1.8800000000000001,9.3,1.151,0.7442636489868164,0.0,0.030674148350954056,1.0,1.0,7.5,0.8450000000000001,True,True,False
12.567382097244263,forward_010,2.5673820972442627,0.1,0.0,0.0,0.1908953869368798,-0.001090830782496456,-0.22143864884678055,-0.35000000000000003,-2.0300000000000002,8.790000000000001,0.767,0.7715307474136353,0.0,0.04546077083796263,1.0,1.0,7.5,0.8450000000000001,True,True,False
12.587809085845947,forward_010,2.5878090858459473,0.1,0.0,0.0,0.2694352032766246,0.0818123086872342,-0.4756022211684548,-1.35,-3.8200000000000003,7.16,0.46,0.710778534412384,0.0,0.062022377736866474,1.0,1.0,7.5,0.8450000000000001,True,True,False
12.608166933059692,forward_010,2.6081669330596924,0.1,0.0,0.0,0.5443245604657315,0.1189005552921137,-0.1636246173744684,-1.1500000000000001,-1.69,8.24,0.9210000000000002,0.5516430735588074,0.0,0.04564986377954483,1.0,1.0,7.5,0.8450000000000001,True,True,False
12.62864637374878,forward_010,2.6286463737487793,0.1,0.0,0.0,0.4537856055185257,0.21707532571679475,-0.028361600344907856,-1.1500000000000001,-1.69,8.24,1.534,0.6450057625770569,0.0,0.1626153588294983,0.0,1.0,7.5,0.8450000000000001,True,True,False
12.64902114868164,forward_010,2.6490211486816406,0.1,0.0,0.0,0.29670597283903605,0.17562375598192942,0.1636246173744684,0.08,-2.81,7.49,1.918,0.8418470025062561,0.0,0.2121020406484604,0.0,1.0,7.5,0.8450000000000001,True,True,False
12.669387340545654,forward_010,2.6693873405456543,0.1,0.0,0.0,0.13526301702956053,0.15489797111449674,0.1930770485018727,0.08,-2.39,7.78,1.995,0.7846554517745972,0.0,0.04454702511429787,0.0,1.0,7.7,0.402,True,True,False
12.689752101898193,forward_010,2.6897521018981934,0.1,0.0,0.0,0.30652344988150415,0.009817477042468103,0.41233403578366035,-2.37,-1.76,7.74,1.841,0.8651109337806702,0.0,0.11773154512047768,1.0,1.0,7.7,0.402,True,True,False
12.710119724273682,forward_010,2.7101197242736816,0.1,0.0,0.0,0.595593607243065,-0.12762720155208535,0.11344640137963143,-2.45,-1.75,9.71,1.458,0.8043670058250427,0.0,0.0904434286057949,1.0,1.0,7.7,0.402,True,True,False
12.730603456497192,forward_010,2.7306034564971924,0.1,0.0,0.0,0.7733990247899872,-0.016362461737446838,0.007635815477475192,-1.92,-1.74,9.19,0.844,0.8360692858695984,0.0,0.04041726142168045,1.0,1.0,7.7,0.402,True,True,False
12.75097393989563,forward_010,2.75097393989563,0.1,0.0,0.0,0.7624907169650227,-0.10144726277217041,-0.030543261909900768,-1.92,-1.74,9.19,0.9970000000000001,0.886928141117096,0.0,0.014515060931444168,1.0,1.0,7.7,0.402,True,True,False
12.771382331848145,forward_010,2.7713823318481445,0.1,0.0,0.0,0.6250460383704692,-0.2999784651865254,-0.346884188833873,-1.92,-1.74,9.19,1.074,0.9324479103088379,0.0,0.032255567610263824,1.0,1.0,7.7,0.402,True,True,False
12.791852474212646,forward_010,2.7918524742126465,0.1,0.0,0.0,0.4374231437810788,-0.42215151282612845,-0.7057675162752071,-1.92,-1.74,9.19,1.458,0.9180441498756409,0.0,0.0231290222145617,1.0,1.0,7.7,0.402,True,True,False
12.81220817565918,forward_010,2.8122081756591797,0.1,0.0,0.0,0.27379852640661045,0.08835729338221293,-1.3788101090755203,-1.93,2.79,8.94,1.458,0.6705876588821411,0.0,0.040032707154750824,1.0,1.0,7.7,0.402,True,True,False
12.832570791244507,forward_010,2.832570791244507,0.1,0.0,0.0,-0.06544984694978735,-0.09381144729469522,-1.4191708480278893,-0.74,-0.02,7.62,0.9970000000000001,0.6913612484931946,0.0,0.036815233528614044,1.0,1.0,7.7,0.402,True,True,False
12.852985620498657,forward_010,2.8529856204986572,0.1,0.0,0.0,-0.3043417883165112,-0.13853550937704992,-1.1737339219661866,2.11,0.8,7.73,0.6899999999999998,0.8324275612831116,0.0,0.06406534370034933,1.0,1.0,7.7,0.402,True,True,False
12.873446464538574,forward_010,2.873446464538574,0.1,0.0,0.0,-0.1832595714594046,0.10362892433716332,-0.791943148092427,0.22,-1.47,7.95,0.6899999999999998,0.780918538570404,0.0,0.06254877150058746,1.0,1.0,7.6,0.357,True,True,False
12.89380693435669,forward_010,2.8938069343566895,0.1,0.0,0.0,-0.007635815477475192,0.038179077387375956,0.15489797111449674,-0.39,-0.11,7.91,1.074,0.7921761274337769,0.0,0.06801926158368587,1.0,1.0,7.6,0.357,True,True,False
12.914197444915771,forward_010,2.9141974449157715,0.1,0.0,0.0,0.00545415391248228,0.04908738521234052,0.5715953300281429,-0.34,-0.2,7.16,1.227,0.7636942863464355,0.0,0.05762728350237012,1.0,1.0,7.6,0.357,True,True,False
12.934580326080322,forward_010,2.9345803260803223,0.1,0.0,0.0,-0.03381575425739013,0.015271630954950384,0.6970408700152354,0.25,-1.12,8.21,1.151,0.7767232656478882,0.0,0.0381661057472229,1.0,1.0,7.6,0.357,True,True,False
12.954957962036133,forward_010,2.954957962036133,0.1,0.0,0.0,-0.038179077387375956,0.14835298641951802,1.1257373675363425,-0.8,-1.58,8.97,1.765,0.8266005516052246,0.0,0.04627124220132828,1.0,1.0,7.6,0.357,True,True,False
12.975322961807251,forward_010,2.975322961807251,0.1,0.0,0.0,-0.210530341021816,0.21598449493429828,1.473712387152712,-0.8,-1.58,8.97,2.071,0.6901811361312866,0.0,0.10033885575830936,1.0,1.0,7.6,0.357,True,True,False
12.996583461761475,forward_010,2.9965834617614746,0.1,0.0,0.0,-0.7101308394051928,0.022907446432425576,1.0133817969392076,-1.62,2.44,8.97,1.918,0.8327844142913818,0.0,0.035108644515275955,1.0,1.0,7.6,0.357,True,True,False
13.016943216323853,forward_010,3.0169432163238525,0.1,0.0,0.0,-1.1824605682261582,0.11671889372712078,0.4821472058634335,-1.0,1.35,6.78,0.6899999999999998,0.8757924437522888,0.0,0.03888809308409691,1.0,1.0,7.6,0.357,True,True,False
13.037318468093872,forward_010,3.037318468093872,0.1,0.0,0.0,-1.3024519543007684,0.17889624832941878,0.48651052899341934,-1.0,1.35,6.78,1.458,0.7561905980110168,0.0,0.019136302173137665,1.0,1.0,7.6,0.357,True,True,False
13.057721853256226,forward_010,3.0577218532562256,0.1,0.0,0.0,-1.1301006906663285,0.284706834231575,0.4788747135159442,-1.0,1.35,6.78,1.918,0.7164408564567566,0.0,0.021869370713829994,0.0,1.0,7.6,0.357,True,True,False
13.078086614608765,forward_010,3.0780866146087646,0.1,0.0,0.0,-0.6381360077604268,0.3370667117914049,0.5148721293383273,-1.0,1.35,6.78,1.765,0.7348149418830872,0.0,0.016586191952228546,0.0,1.0,7.6,0.33000000000000007,True,True,False
13.098445177078247,forward_010,3.098445177078247,0.1,0.0,0.0,-0.04036073895236887,0.03599741582238305,0.19525871006686563,2.21,-2.24,9.38,1.381,0.7603266835212708,0.0,0.049249909818172455,0.0,1.0,7.6,0.33000000000000007,True,True,False
13.11882209777832,forward_010,3.1188220977783203,0.1,0.0,0.0,0.1712604328519436,0.08944812416470939,0.1712604328519436,0.53,-0.9500000000000001,7.21,0.844,0.7226465344429016,0.0,0.03879879601299763,0.0,1.0,7.6,0.33000000000000007,True,True,False
13.139196872711182,forward_010,3.1391968727111816,0.1,0.0,0.0,0.2716168648416175,-0.11453723216212788,-0.34033920413889424,-1.18,-2.74,9.28,0.844,0.6779307723045349,0.0,0.0633693765848875,0.0,1.0,7.6,0.33000000000000007,True,True,False
13.159585237503052,forward_010,3.1595852375030518,0.1,0.0,0.0,0.4188790204786391,-0.10581058590215622,-0.39269908169872414,-2.67,-1.52,6.43,0.9970000000000001,0.6478120684623718,0.0,0.057111844420433044,1.0,1.0,7.6,0.33000000000000007,True,True,False
13.180039167404175,forward_010,3.180039167404175,0.1,0.0,0.0,0.5345070834232635,0.16580627893946132,-0.2694352032766246,-1.3,-3.39,8.51,1.6110000000000002,0.6503867506980896,0.0,0.09712435398250818,0.0,1.0,7.6,0.33000000000000007,True,True,False
13.200467824935913,forward_010,3.200467824935913,0.1,0.0,0.0,0.346884188833873,0.15926129424448257,-0.3097959422289935,-0.68,-3.47,8.72,1.995,0.79234379529953,0.0,0.08367140684276819,0.0,1.0,7.6,0.33000000000000007,True,True,False
13.220821857452393,forward_010,3.2208218574523926,0.1,0.0,0.0,0.210530341021816,-0.06981317007977318,-0.11235557059713497,-0.63,-3.67,9.23,2.148,0.7688530683517456,0.0,0.028345339000225067,0.0,1.0,7.6,0.33000000000000007,True,True,False
13.24121904373169,forward_010,3.2412190437316895,0.1,0.0,0.0,0.4014257279586958,-0.1439896632895322,0.30652344988150415,-1.68,-3.0500000000000003,8.22,1.841,0.774886429309845,0.0,0.06418573809787631,1.0,1.0,7.6,0.33000000000000007,True,True,False
13.261593580245972,forward_010,3.2615935802459717,0.1,0.0,0.0,0.5606870222031783,-0.29670597283903605,0.3239767424014474,-2.7600000000000002,-1.4000000000000001,8.46,1.381,0.8598243594169617,0.0,0.05623315740376711,1.0,1.0,7.6,0.33000000000000007,True,True,False
13.281994819641113,forward_010,3.2819948196411133,0.1,0.0,0.0,0.7123125009701857,-0.3817907738737596,-0.009817477042468103,-2.7600000000000002,-1.4000000000000001,8.46,0.537,0.9072139263153076,0.0,0.02335362136363983,1.0,1.0,7.4,1.15,True,True,False
13.303242206573486,forward_010,3.3032422065734863,0.1,0.0,0.0,0.755945732270044,-0.1810779098944117,-0.2814343418840856,-2.7600000000000002,-1.4000000000000001,8.46,0.9970000000000001,0.9078211188316345,0.0,0.020797912031412125,1.0,1.0,7.4,1.15,True,True,False
13.324360847473145,forward_010,3.3243608474731445,0.1,0.0,0.0,0.6217735460229799,-0.19744037163185854,-0.7494007475750653,-2.7600000000000002,-1.4000000000000001,8.46,1.074,0.9208399653434753,0.0,0.023666292428970337,1.0,1.0,7.4,1.15,True,True,False
13.344728231430054,forward_010,3.3447282314300537,0.1,0.0,0.0,0.35779249665883756,-0.20398535632683726,-1.3755376167280309,-2.7600000000000002,-1.4000000000000001,8.46,1.227,0.8983071446418762,0.0,0.021541867405176163,1.0,1.0,7.4,1.15,True,True,False
13.365118026733398,forward_010,3.3651180267333984,0.1,0.0,0.0,0.0916297857297023,-0.003272492347489368,-1.6853335589570244,-0.66,1.11,7.390000000000001,1.074,0.7563303112983704,0.0,0.02951180934906006,1.0,1.0,7.4,1.15,True,True,False
13.385481357574463,forward_010,3.385481357574463,0.1,0.0,0.0,-0.20398535632683726,-0.06654067773228381,-1.5697054960124002,-0.6,-0.45,6.66,0.9970000000000001,0.7039610743522644,0.0,0.03146891202777624,1.0,1.0,7.4,1.15,True,True,False
13.405861854553223,forward_010,3.4058618545532227,0.1,0.0,0.0,-0.15271630954950383,-0.44833145160604343,-1.069014166846527,-0.6,-0.45,6.66,0.767,0.7895123958587646,0.0,0.03009682521224022,1.0,1.0,7.4,1.15,True,True,False
13.426331996917725,forward_010,3.4263319969177246,0.1,0.0,0.0,0.17235126363444003,-0.29888763440402893,-0.2203478180642841,1.44,-0.01,8.84,0.844,0.8368896245956421,0.0,0.07885402254760265,1.0,1.0,7.4,1.15,True,True,False
13.446699142456055,forward_010,3.4466991424560547,0.1,0.0,0.0,-0.03490658503988659,-0.19416787928436915,0.5781403147231217,-0.37,0.55,7.48,1.074,0.8782961368560791,0.0,0.11685816943645477,1.0,1.0,7.4,1.15,True,True,False
13.467225313186646,forward_010,3.4672253131866455,0.1,0.0,0.0,-0.00545415391248228,-0.09053895494720585,0.7821256710499589,-0.37,0.55,7.48,0.767,0.8646440505981445,0.0,0.07128970604389906,1.0,1.0,7.4,1.15,True,True,False
13.48771619796753,forward_010,3.4877161979675293,0.1,0.0,0.0,-0.07635815477475191,0.12108221685710661,1.090830782496456,-0.14,0.0,9.43,0.9210000000000002,0.7913845181465149,0.0,0.03319247253239155,1.0,1.0,7.5,0.969,True,True,False
13.508082151412964,forward_010,3.508082151412964,0.1,0.0,0.0,-0.21707532571679475,0.4385139745635753,1.2522737383059315,-0.58,1.01,8.59,1.765,0.7690944075584412,0.0,0.03885897411964834,1.0,1.0,7.5,0.969,True,True,False
13.528462886810303,forward_010,3.5284628868103027,0.1,0.0,0.0,-0.5868669609830933,0.16035212502697901,1.213003830136059,0.6,1.73,9.8,2.148,0.6699195504188538,0.0,0.07370008761063218,1.0,1.0,7.5,0.969,True,True,False
13.548834800720215,forward_010,3.548834800720215,0.1,0.0,0.0,-1.1857330605736476,0.1636246173744684,0.9064803802545549,0.6,1.73,9.8,1.765,0.793662428855896,0.0,0.05704782158136368,1.0,1.0,7.5,0.969,True,True,False
13.569282293319702,forward_010,3.569282293319702,0.1,0.0,0.0,-1.4038992170729387,0.2476185876266955,0.5475970528132209,-2.02,1.46,7.8100000000000005,0.844,0.841938853263855,0.0,0.028912145644426346,1.0,1.0,7.5,0.969,True,True,False
13.589648246765137,forward_010,3.5896482467651367,0.1,0.0,0.0,-1.0231992739816758,0.07744898555724837,0.6032294227205401,-2.02,1.46,7.8100000000000005,0.9210000000000002,0.7702729105949402,0.0,0.027156351134181023,1.0,1.0,7.5,0.969,True,True,False
13.610046863555908,forward_010,3.610046863555908,0.1,0.0,0.0,-0.5803219762881145,0.43196898986859655,0.5355979142057599,-2.02,1.46,7.8100000000000005,1.841,0.7755258679389954,0.0,0.037409760523587465,0.0,1.0,7.5,0.969,True,True,False
13.630398750305176,forward_010,3.630398750305176,0.1,0.0,0.0,-0.12326387842209953,0.33161255787892263,0.16689710972195776,2.49,-1.94,6.0,1.6110000000000002,0.814893364906311,0.0,0.05939780920743942,0.0,1.0,7.5,0.969,True,True,False
13.650765657424927,forward_010,3.6507656574249268,0.1,0.0,0.0,-0.030543261909900768,0.22471114119426994,-0.06981317007977318,0.62,-1.71,7.94,1.151,0.6788108944892883,0.0,0.03676742687821388,0.0,1.0,7.5,0.969,True,True,False
13.671140193939209,forward_010,3.671140193939209,0.1,0.0,0.0,0.1505346479845109,0.1265363707695889,-0.2901609881440573,0.62,-1.71,7.94,0.844,0.6960146427154541,0.0,0.04133237944915891,0.0,1.0,7.5,0.969,True,True,False
13.691510915756226,forward_010,3.6915109157562256,0.1,0.0,0.0,0.4439681284760576,-0.016362461737446838,-0.33597588100890846,0.62,-1.71,7.94,0.6899999999999998,0.621127188205719,0.0,0.07806238159537315,0.0,1.0,7.6,0.443,True,True,False
13.711875915527344,forward_010,3.7118759155273438,0.1,0.0,0.0,0.48323803664593,0.2301652951067522,-0.23452861823673804,-0.7000000000000001,-2.31,6.37,1.074,0.6195705533027649,0.0,0.10765260830521584,0.0,1.0,7.6,0.443,True,True,False
13.732338666915894,forward_010,3.7323386669158936,0.1,0.0,0.0,0.30870511144649704,0.11453723216212788,-0.14180800172453928,-1.01,-3.2800000000000002,8.73,1.6110000000000002,0.8534847497940063,0.0,0.1985187530517578,0.0,1.0,7.6,0.443,True,True,False
13.752943754196167,forward_010,3.752943754196167,0.1,0.0,0.0,0.21598449493429828,-0.05345070834232634,0.2181661564992912,-1.01,-3.2800000000000002,8.73,1.841,0.7222674489021301,0.0,0.060672104358673096,0.0,1.0,7.6,0.443,True,True,False
13.773314476013184,forward_010,3.7733144760131836,0.1,0.0,0.0,0.4036073895236887,-0.10690141668465268,0.7243116395776468,-2.86,-2.94,7.97,2.071,0.8902894258499146,0.0,0.126627990975976,1.0,1.0,7.6,0.443,True,True,False
13.793685674667358,forward_010,3.7936856746673584,0.1,0.0,0.0,0.607592745850526,-0.15162547876700738,0.7494007475750653,-1.81,-2.57,6.55,1.765,0.765815794467926,0.0,0.07117845676839352,1.0,1.0,7.6,0.443,True,True,False
13.814058780670166,forward_010,3.814058780670166,0.1,0.0,0.0,0.7450374244450795,-0.36106498900632694,0.7581273938350369,-1.81,-2.57,6.55,0.844,0.7930490374565125,0.0,0.027927761897444725,1.0,1.0,7.6,0.443,True,True,False
13.834428787231445,forward_010,3.8344287872314453,0.1,0.0,0.0,0.6457718232379019,-0.28361600344907856,0.2399827721492203,-1.81,-2.57,6.55,1.227,0.8576650619506836,0.0,0.022297535091638565,1.0,1.0,7.6,0.443,True,True,False
13.854928255081177,forward_010,3.8549282550811768,0.1,0.0,0.0,0.46142142099600086,0.05345070834232634,-0.6512259771503842,-1.81,-2.57,6.55,1.304,0.8973726034164429,0.0,0.03616616502404213,1.0,1.0,7.6,0.443,True,True,False
13.875386953353882,forward_010,3.875386953353882,0.1,0.0,0.0,0.3916082509162277,0.4188790204786391,-1.547888880362471,-1.81,-2.57,6.55,1.151,0.8707796335220337,0.0,0.028323568403720856,1.0,1.0,7.6,0.443,True,True,False
13.895744323730469,forward_010,3.8957443237304688,0.1,0.0,0.0,0.2825251726665821,0.3425208657038872,-1.7736908523392374,-0.5700000000000001,0.55,8.39,1.304,0.8306294083595276,0.0,0.01443459838628769,1.0,1.0,7.6,0.40700000000000003,True,True,False
13.916112422943115,forward_010,3.9161124229431152,0.1,0.0,0.0,0.07417649320975901,0.22580197197676638,-1.7409659288643438,1.48,-0.9400000000000001,7.21,1.074,0.8135526776313782,0.0,0.029244471341371536,1.0,1.0,7.6,0.40700000000000003,True,True,False
13.936481475830078,forward_010,3.936481475830078,0.1,0.0,0.0,0.09490227807719166,0.2519819107566813,-1.0264717663291651,0.73,-1.23,9.01,0.9210000000000002,0.6942168474197388,0.0,0.0542856827378273,1.0,1.0,7.6,0.40700000000000003,True,True,False
13.956852912902832,forward_010,3.956852912902832,0.1,0.0,0.0,0.23125612588924865,0.1810779098944117,0.05126904677733343,-0.22,-1.12,8.620000000000001,0.6899999999999998,0.7800463438034058,0.0,0.06021938472986221,1.0,1.0,7.6,0.40700000000000003,True,True,False
13.977227926254272,forward_010,3.9772279262542725,0.1,0.0,0.0,0.10471975511965978,0.01090830782496456,0.533416252640767,-0.45,-0.99,6.33,0.614,0.8566471934318542,0.0,0.04401843249797821,1.0,1.0,7.6,0.40700000000000003,True,True,False
13.99760627746582,forward_010,3.9976062774658203,0.1,0.0,0.0,-0.002181661564992912,0.11017390903214205,0.6981317007977318,-1.8900000000000001,1.45,9.31,1.074,0.7219388484954834,0.0,0.061294639483094215,1.0,1.0,7.6,0.40700000000000003,True,True,False
14.018088817596436,forward_010,4.0180888175964355,0.1,0.0,0.0,-0.18544123302439752,0.4308781590861001,0.5181446216858165,-1.8900000000000001,1.45,9.31,1.227,0.654226541519165,0.0,0.11170557956211269,1.0,1.0,7.6,0.40700000000000003,True,True,False
14.038445949554443,forward_010,4.038445949554443,0.1,0.0,0.0,-0.17453292519943295,0.433059820651093,0.12871803233458182,-0.9500000000000001,0.75,8.94,1.458,0.5736321806907654,0.0,0.08833263255655766,1.0,1.0,7.6,0.40700000000000003,True,True,False
14.058943271636963,forward_010,4.058943271636963,0.1,0.0,0.0,-0.2923426497090502,0.29561514205653955,-0.24652775684419906,-0.71,0.92,7.0600000000000005,1.458,0.6934652328491211,0.0,0.03198582865297794,1.0,1.0,7.6,0.40700000000000003,True,True,False
14.079310178756714,forward_010,4.079310178756714,0.1,0.0,0.0,-0.5508695451607103,0.044724062082354694,-0.5061454830783556,-3.33,0.75,8.6,0.9210000000000002,0.7950244545936584,0.0,0.05568055622279643,1.0,0.0,7.6,0.40700000000000003,True,True,False
14.099798440933228,forward_010,4.0997984409332275,0.1,0.0,0.0,-0.6904958853202566,-0.039269908169872414,-0.46687557490848314,-2.67,2.64,9.78,1.074,0.8609436750411987,0.0,0.049087099730968475,1.0,0.0,7.4,0.9470000000000001,True,True,False
14.120158910751343,forward_010,4.120158910751343,0.1,0.0,0.0,-0.8006697943523987,-0.04908738521234052,-0.2585268954516601,0.9400000000000001,0.55,8.21,1.074,0.8409464359283447,0.0,0.033245816826820374,1.0,1.0,7.4,0.9470000000000001,True,True,False
14.140528917312622,forward_010,4.140528917312622,0.1,0.0,0.0,-0.9195703496445123,-0.3817907738737596,0.12217304763960307,-0.36,1.9000000000000001,8.84,1.151,0.8529649972915649,0.0,0.0388487558811903,1.0,1.0,7.4,0.9470000000000001,True,True,False
14.160984516143799,forward_010,4.160984516143799,0.1,0.0,0.0,-0.9708393964218458,-0.3883357585687383,0.30870511144649704,-0.36,1.9000000000000001,8.84,1.151,0.8014954924583435,0.0,0.013866359367966652,1.0,1.0,7.4,0.9470000000000001,True,True,False
14.181343078613281,forward_010,4.181343078613281,0.1,0.0,0.0,-0.13526301702956053,-0.23561944901923448,0.6883142237552637,-0.36,1.9000000000000001,8.84,1.151,0.7798735499382019,0.0,0.025696099968627095,0.0,1.0,7.4,0.9470000000000001,True,True,False
14.20170545578003,forward_010,4.201705455780029,0.1,0.0,0.0,0.07963064712224129,-0.05235987755982989,0.36324665057131983,0.77,-2.12,5.33,0.9210000000000002,0.8113541007041931,0.0,0.022986526833847165,0.0,1.0,7.4,0.9470000000000001,True,True,False
14.222069501876831,forward_010,4.222069501876831,0.1,0.0,0.0,-0.10253809355466686,-0.09272061651219876,-0.40251655874119224,-1.74,-3.62,9.52,0.6899999999999998,0.6081176996231079,0.0,0.04420516453683376,0.0,1.0,7.4,0.9470000000000001,True,True,False
14.242462635040283,forward_010,4.242462635040283,0.1,0.0,0.0,-0.2650718801466388,-0.16907877128695067,-0.5999569303730508,-1.74,-3.62,9.52,0.307,0.7748878598213196,0.0,0.0532973394729197,0.0,1.0,7.4,0.9470000000000001,True,True,False
14.262817621231079,forward_010,4.262817621231079,0.1,0.0,0.0,0.05345070834232634,-0.061086523819801536,-0.1439896632895322,-0.8300000000000001,-3.81,5.66,0.46,0.6025339365005493,0.0,0.08159654855262488,0.0,1.0,7.4,0.9470000000000001,True,True,False
14.28320574760437,forward_010,4.28320574760437,0.1,0.0,0.0,0.2181661564992912,-0.4701480672559725,-0.032724923474893676,-0.85,-3.27,6.94,1.304,0.7966711521148682,0.0,0.11193016439210624,0.0,1.0,7.4,0.9470000000000001,True,True,False
14.303691864013672,forward_010,4.303691864013672,0.1,0.0,0.0,0.5050546522958591,-0.4854196982109229,0.18435040224190105,-0.85,-3.27,6.94,1.304,0.7550598978996277,0.0,0.027858808636665344,0.0,1.0,7.7,0.41300000000000014,True,True,False
14.32488751411438,forward_010,4.32488751411438,0.1,0.0,0.0,0.5050546522958591,-0.4854196982109229,0.18435040224190105,-0.85,-3.27,6.94,1.534,0.7268454432487488,0.0,0.04502654820680618,0.0,1.0,7.7,0.41300000000000014,True,True,False
14.345256805419922,forward_010,4.345256805419922,0.1,0.0,0.0,0.5355979142057599,-0.35779249665883756,0.3719732968312915,-0.85,-3.27,6.94,1.6110000000000002,0.7482299208641052,0.0,0.05057882145047188,1.0,1.0,7.7,0.41300000000000014,True,True,False
14.365703582763672,forward_010,4.365703582763672,0.1,0.0,0.0,0.5759586531581288,-0.16035212502697901,0.2901609881440573,-0.34,-1.92,5.88,1.151,0.7920389771461487,0.0,0.0510923657566309,1.0,1.0,7.7,0.41300000000000014,True,True,False
14.386070728302002,forward_010,4.386070728302002,0.1,0.0,0.0,0.6130468997630083,-0.3839724354387525,0.07090400086226964,1.01,0.45,6.9,0.9970000000000001,0.8592096567153931,0.0,0.033540476113557816,1.0,1.0,7.7,0.41300000000000014,True,True,False
14.406447649002075,forward_010,4.406447649002075,0.1,0.0,0.0,0.7581273938350369,-0.6228643768054763,-0.2945243112740431,1.01,0.45,6.9,1.381,0.9269400835037231,0.0,0.031179875135421753,1.0,1.0,7.7,0.41300000000000014,True,True,False
14.426864624023438,forward_010,4.4268646240234375,0.1,0.0,0.0,0.7144941625351786,-0.32288591161895097,-0.9653852425093635,1.01,0.45,6.9,1.304,0.9387430548667908,0.0,0.026533529569860548,1.0,1.0,7.7,0.41300000000000014,True,True,False
14.447247982025146,forward_010,4.4472479820251465,0.1,0.0,0.0,0.35997415822383044,0.33161255787892263,-1.6787885742620456,1.01,0.45,6.9,1.534,0.8494171500205994,0.0,0.049050675705075264,1.0,1.0,7.7,0.41300000000000014,True,True,False
14.467617750167847,forward_010,4.467617750167847,0.1,0.0,0.0,0.08617563181722002,0.14726215563702155,-1.9864028549260464,0.03,2.18,9.790000000000001,1.304,0.7128325700759888,0.0,0.03171524219214916,1.0,1.0,7.7,0.41300000000000014,True,True,False
14.48810362815857,forward_010,4.488103628158569,0.1,0.0,0.0,-0.16580627893946132,0.18216874067690814,-1.7791450062517198,0.67,0.46,9.78,0.9970000000000001,0.6959138512611389,0.0,0.03574139624834061,1.0,1.0,7.7,0.41300000000000014,True,True,False
14.508479833602905,forward_010,4.508479833602905,0.1,0.0,0.0,-0.19198621771937624,0.3174317577064687,-1.246819584393449,0.66,-1.94,8.17,0.6899999999999998,0.7517260909080505,0.0,0.040608812123537064,1.0,1.0,7.6,0.3960000000000001,True,True,False
14.528863668441772,forward_010,4.5288636684417725,0.1,0.0,0.0,0.039269908169872414,0.12762720155208535,-0.08290313946973066,0.63,-1.26,8.19,0.9970000000000001,0.5492026805877686,0.0,0.13456019386649132,1.0,1.0,7.6,0.3960000000000001,True,True,False
14.549234390258789,forward_010,4.549234390258789,0.1,0.0,0.0,0.02181661564992912,-0.16253378659197193,0.6119560689805118,-0.64,-1.67,7.36,1.074,0.782151460647583,0.0,0.16834656894207,1.0,1.0,7.6,0.3960000000000001,True,True,False
14.56960391998291,forward_010,4.56960391998291,0.1,0.0,0.0,-0.032724923474893676,-0.29561514205653955,0.9152070265145266,-0.67,-0.99,7.66,1.227,0.8667896389961243,0.0,0.07845304347574711,1.0,1.0,7.6,0.3960000000000001,True,True,False
14.589980602264404,forward_010,4.589980602264404,0.1,0.0,0.0,-0.06544984694978735,-0.2476185876266955,1.1486448139687682,-0.67,-0.99,7.66,1.534,0.8198108673095703,0.0,0.036596376448869705,1.0,1.0,7.6,0.3960000000000001,True,True,False
14.610365629196167,forward_010,4.610365629196167,0.1,0.0,0.0,-0.22471114119426994,-0.038179077387375956,1.1922780452686264,-0.67,-0.99,7.66,1.6110000000000002,0.678112268447876,0.0,0.04073231667280197,1.0,1.0,7.6,0.3960000000000001,True,True,False
14.630751371383667,forward_010,4.630751371383667,0.1,0.0,0.0,-0.5203262832508095,0.23125612588924865,0.5345070834232635,-0.8200000000000001,1.05,3.65,1.918,0.684124767780304,0.0,0.0643799901008606,1.0,1.0,7.6,0.3960000000000001,True,True,False
14.651125431060791,forward_010,4.651125431060791,0.1,0.0,0.0,-0.6534076387153771,0.2912518189265537,0.037088246604879506,2.0100000000000002,1.34,6.640000000000001,1.381,0.8215089440345764,0.0,0.04935421049594879,1.0,1.0,7.6,0.3960000000000001,True,True,False
14.671491384506226,forward_010,4.671491384506226,0.1,0.0,0.0,-0.8312130562622995,-0.025089107997418487,0.13744467859455345,2.0100000000000002,1.34,6.640000000000001,0.614,0.8782451748847961,0.0,0.02174590528011322,1.0,1.0,7.6,0.3960000000000001,True,True,False
14.6919424533844,forward_010,4.691942453384399,0.1,0.0,0.0,-1.1519173063162575,-0.14944381720201447,0.2083486794568231,2.0100000000000002,1.34,6.640000000000001,0.9970000000000001,0.8093144297599792,0.0,0.01761716604232788,1.0,1.0,7.6,0.3960000000000001,True,True,False
14.71232008934021,forward_010,4.71232008934021,0.1,0.0,0.0,-0.8672104720846825,0.10581058590215622,0.5170537909033202,2.0100000000000002,1.34,6.640000000000001,1.688,0.6896454095840454,0.0,0.03850854281336069,0.0,1.0,7.6,0.42000000000000004,True,True,False
14.732705354690552,forward_010,4.732705354690552,0.1,0.0,0.0,-0.36324665057131983,-0.006544984694978736,0.533416252640767,2.0100000000000002,1.34,6.640000000000001,1.688,0.7485296130180359,0.0,0.029872710816562176,0.0,1.0,7.6,0.42000000000000004,True,True,False
14.753077030181885,forward_010,4.753077030181885,0.1,0.0,0.0,-0.08835729338221293,0.21162117180431245,0.2650718801466388,0.07,-3.02,8.85,1.304,0.6576181650161743,0.0,0.05351120978593826,0.0,1.0,7.6,0.42000000000000004,True,True,False
14.773506164550781,forward_010,4.773506164550781,0.1,0.0,0.0,-0.1908953869368798,0.27052603405912107,0.030543261909900768,0.6900000000000001,-1.73,4.93,0.6899999999999998,0.6657744646072388,0.0,0.051052313297986984,1.0,1.0,7.6,0.42000000000000004,True,True,False
14.793891191482544,forward_010,4.793891191482544,0.1,0.0,0.0,0.06872233929727672,0.0818123086872342,-0.23889194136672387,-0.76,-2.15,8.17,0.307,0.5836892127990723,0.0,0.045326774939894676,1.0,1.0,7.6,0.42000000000000004,True,True,False
14.814349889755249,forward_010,4.814349889755249,0.1,0.0,0.0,0.34033920413889424,0.013089969389957472,-0.29343348049154666,-1.19,-3.73,8.85,0.614,0.6079747080802917,0.0,0.05089147202670574,1.0,1.0,7.6,0.42000000000000004,True,True,False
14.834785223007202,forward_010,4.834785223007202,0.1,0.0,0.0,0.35997415822383044,0.02945243112740431,-0.2301652951067522,-0.71,-2.4,7.67,1.304,0.7539440989494324,0.0,0.05542288161814213,1.0,1.0,7.6,0.42000000000000004,True,True,False
14.855314493179321,forward_010,4.855314493179321,0.1,0.0,0.0,0.4068798818711781,-0.08835729338221293,-0.16907877128695067,-0.78,-3.48,8.13,1.381,0.7113333940505981,0.0,0.06146927335066721,0.0,1.0,7.6,0.42000000000000004,True,True,False
14.875749826431274,forward_010,4.875749826431274,0.1,0.0,0.0,0.4068798818711781,-0.37306412761378793,0.08072147790473774,-0.85,-3.3200000000000003,9.77,1.534,0.8276004791259766,0.0,0.11109764501452446,0.0,1.0,7.6,0.42000000000000004,True,True,False
14.896121501922607,forward_010,4.896121501922607,0.1,0.0,0.0,0.4046982203061852,-0.3719732968312915,0.34470252726888007,-1.73,-1.53,8.23,1.765,0.7587769627571106,0.0,0.057451595552265644,1.0,1.0,7.6,0.42000000000000004,True,True,False
14.916493654251099,forward_010,4.916493654251099,0.1,0.0,0.0,0.5377795757707527,-0.4166973589136462,0.3687008044838021,-1.6400000000000001,-1.43,6.96,1.227,0.8301671147346497,0.0,0.04662985145114362,1.0,1.0,7.3,1.076,True,True,False
14.936861515045166,forward_010,4.936861515045166,0.1,0.0,0.0,0.7046766854927106,-0.5115996369908379,0.07090400086226964,-0.7000000000000001,0.1,9.700000000000001,0.767,0.8948363661766052,0.0,0.035617757588624954,1.0,1.0,7.3,1.076,True,True,False
14.95723271369934,forward_010,4.957232713699341,0.1,0.0,0.0,0.9893835197242855,-0.41996985126113556,-0.17780541754692233,-0.7000000000000001,0.1,9.700000000000001,0.9210000000000002,0.9067895412445068,0.0,0.035974880680441856,1.0,0.0,7.3,1.076,True,True,False
14.977609634399414,forward_010,4.977609634399414,0.1,0.0,0.0,0.8977537339945832,-0.23343778745424157,-0.5628686837681712,-0.7000000000000001,0.1,9.700000000000001,1.304,0.9264677166938782,0.0,0.02040242962539196,1.0,0.0,7.3,1.076,True,True,False
14.99797797203064,forward_010,4.99797797203064,0.1,0.0,0.0,0.36979163526629855,0.08726646259971647,-1.0428342280666119,-0.7000000000000001,0.1,9.700000000000001,1.381,0.8826587796211243,0.0,0.027056198567152023,1.0,1.0,7.3,1.076,True,True,False
15.018345594406128,forward_010,5.018345594406128,0.1,0.0,0.0,-0.10471975511965978,0.11453723216212788,-1.3820826014230096,-0.1,2.24,8.4,1.304,0.7352747917175293,0.0,0.029144843108952045,1.0,1.0,7.3,1.076,True,True,False
15.038703680038452,forward_010,5.038703680038452,0.1,0.0,0.0,-0.4014257279586958,-0.001090830782496456,-1.1650072757062149,-0.45,1.27,6.66,0.9210000000000002,0.6982817649841309,0.0,0.03048797696828842,1.0,1.0,7.3,1.076,True,True,False
15.059187412261963,forward_010,5.059187412261963,0.1,0.0,0.0,-0.43524148221608594,-0.17016960206944712,-0.5759586531581288,-0.45,1.27,6.66,0.6899999999999998,0.7447553277015686,0.0,0.024124011397361755,1.0,1.0,7.3,1.076,True,True,False
15.079565048217773,forward_010,5.079565048217773,0.1,0.0,0.0,-0.22907446432425577,0.05999569303730508,0.3239767424014474,0.24,-0.72,7.57,0.9210000000000002,0.6462525725364685,0.0,0.09063496766611934,1.0,1.0,7.3,1.076,True,True,False
15.100124597549438,forward_010,5.1001245975494385,0.1,0.0,0.0,-0.30870511144649704,-0.21598449493429828,0.6948592084502424,-0.56,-1.19,5.93,0.844,0.8614402413368225,0.0,0.10702997073531151,1.0,1.0,7.3,1.076,True,True,False
15.120486974716187,forward_010,5.1204869747161865,0.1,0.0,0.0,-0.2923426497090502,-0.3010692959690218,0.7995789635699022,-1.24,-1.36,7.57,0.9970000000000001,0.9084097743034363,0.0,0.07284985855221748,1.0,1.0,7.5,0.9160000000000001,True,True,False
15.140857696533203,forward_010,5.140857696533203,0.1,0.0,0.0,-0.18871372537188688,-0.2476185876266955,0.964294411726867,-1.24,-1.36,7.57,1.151,0.8107022047042847,0.0,0.041410259902477264,1.0,1.0,7.5,0.9160000000000001,True,True,False
15.161227464675903,forward_010,5.161227464675903,0.1,0.0,0.0,-0.1538071403320003,-0.14508049407202864,1.0810133054539879,-1.24,-1.36,7.57,1.688,0.6980801820755005,0.0,0.04266561567783356,1.0,1.0,7.5,0.9160000000000001,True,True,False
15.181686878204346,forward_010,5.181686878204346,0.1,0.0,0.0,-0.4232423436086249,-0.2617993877991494,0.5792311455056182,0.56,0.07,4.87,1.995,0.7456225156784058,0.0,0.048084527254104614,1.0,1.0,7.5,0.9160000000000001,True,True,False
15.202066421508789,forward_010,5.202066421508789,0.1,0.0,0.0,-0.5541420375081997,-0.5563236990731926,0.30652344988150415,1.45,0.74,8.4,1.381,0.9351073503494263,0.0,0.055336210876703255,1.0,1.0,7.5,0.9160000000000001,True,True,False
15.222554206848145,forward_010,5.2225542068481445,0.1,0.0,0.0,-0.7755806863549802,-0.43196898986859655,0.346884188833873,1.45,0.74,8.4,0.537,0.9411272406578064,0.0,0.03141391836106777,1.0,1.0,7.5,0.9160000000000001,True,True,False
15.243056535720825,forward_010,5.243056535720825,0.1,0.0,0.0,-0.8770279491271507,0.10471975511965978,0.07635815477475191,1.45,0.74,8.4,1.304,0.8652783632278442,0.0,0.029737285804003477,1.0,1.0,7.5,0.9160000000000001,True,True,False
15.263442277908325,forward_010,5.263442277908325,0.1,0.0,0.0,-0.4112432050011639,0.04799655442984406,-0.14180800172453928,1.45,0.74,8.4,1.534,0.8613241314888,0.0,0.03279251605272293,1.0,1.0,7.5,0.9160000000000001,True,True,False
15.283816814422607,forward_010,5.283816814422607,0.1,0.0,0.0,-0.07090400086226964,0.28907015736156083,-0.2378011105842274,1.45,0.74,8.4,1.534,0.7524939179420471,0.0,0.01987763959914446,1.0,1.0,7.5,0.9160000000000001,True,True,False
15.304184436798096,forward_010,5.304184436798096,0.1,0.0,0.0,0.1090830782496456,0.4788747135159442,-0.1308996938995747,0.81,-2.39,7.61,1.074,0.652053952217102,0.0,0.032463327050209045,1.0,1.0,7.5,0.9160000000000001,True,True,False
15.324559688568115,forward_010,5.324559688568115,0.1,0.0,0.0,0.038179077387375956,0.27052603405912107,-0.25416357232167425,1.01,-2.5100000000000002,7.49,0.384,0.6252752542495728,0.0,0.04096459085121751,1.0,1.0,7.7,0.30400000000000005,True,True,False
15.34563684463501,forward_010,5.34563684463501,0.1,0.0,0.0,0.16253378659197193,0.2879793265790644,-0.2301652951067522,0.18,-3.5500000000000003,7.7700000000000005,0.46,0.7166644930839539,0.0,0.047782649751752615,1.0,1.0,7.7,0.30400000000000005,True,True,False
15.366172313690186,forward_010,5.3661723136901855,0.1,0.0,0.0,0.2552544031041707,0.25416357232167425,0.1908953869368798,-0.8,-3.13,7.13,0.767,0.680635929107666,0.0,0.06158076040446758,1.0,1.0,7.7,0.30400000000000005,True,True,False
15.386540412902832,forward_010,5.386540412902832,0.1,0.0,0.0,0.18762289458939044,0.1636246173744684,0.6065019150680295,-1.02,-3.0500000000000003,9.15,1.074,0.6732592582702637,0.0,0.06220141611993313,0.0,1.0,7.7,0.30400000000000005,True,True,False
15.406941890716553,forward_010,5.406941890716553,0.1,0.0,0.0,0.18653206380689397,0.009817477042468103,0.9490227807719167,-1.69,-2.67,8.56,1.534,0.7099698781967163,0.0,0.05585460364818573,0.0,1.0,7.7,0.30400000000000005,True,True,False
15.427312850952148,forward_010,5.427312850952148,0.1,0.0,0.0,0.34470252726888007,-0.1439896632895322,1.3439035240356338,0.43,-1.56,9.22,1.765,0.8239703178405762,0.0,0.0742598520591855,0.0,1.0,7.7,0.30400000000000005,True,True,False
15.4476900100708,forward_010,5.447690010070801,0.1,0.0,0.0,0.4363323129985824,0.07417649320975901,1.3504485087306124,0.36,2.24,8.39,1.381,0.7615253925323486,0.0,0.0622328482568264,1.0,1.0,7.7,0.30400000000000005,True,True,False
15.468059062957764,forward_010,5.468059062957764,0.1,0.0,0.0,0.5977752688080579,-0.09053895494720585,0.954476934684399,0.66,0.77,9.19,0.9210000000000002,0.7331021428108215,0.0,0.0465211383998394,1.0,1.0,7.7,0.30400000000000005,True,True,False
15.488431453704834,forward_010,5.488431453704834,0.1,0.0,0.0,0.8137597637423561,-0.4385139745635753,0.904298718689562,1.46,0.9,9.8,0.9970000000000001,0.7886777520179749,0.0,0.030037593096494675,1.0,1.0,7.7,0.30400000000000005,True,True,False
15.508819580078125,forward_010,5.508819580078125,0.1,0.0,0.0,0.9370236421644557,-0.5399612373357457,0.7733990247899872,0.01,0.93,8.64,0.844,0.8622629642486572,0.0,0.025891998782753937,1.0,1.0,7.7,0.30400000000000005,True,True,False
15.52918791770935,forward_010,5.529187917709351,0.1,0.0,0.0,0.681769239060285,-0.33161255787892263,0.7875798249624412,0.01,0.93,8.64,1.458,0.8810884356498718,0.0,0.018130147829651833,1.0,1.0,7.7,0.287,True,True,False
15.549874782562256,forward_010,5.549874782562256,0.1,0.0,0.0,-0.06326818538479445,0.272707695624114,0.4046982203061852,0.01,0.93,8.64,1.381,0.79200279712677,0.0,0.028831535018980496,1.0,1.0,7.7,0.287,True,True,False
15.570236206054688,forward_010,5.5702362060546875,0.1,0.0,0.0,-0.44724062082354693,0.19744037163185854,0.11344640137963143,-0.97,1.12,8.41,1.074,0.58625328540802,0.0,0.035924509167671204,1.0,1.0,7.7,0.287,True,True,False
15.590675354003906,forward_010,5.590675354003906,0.1,0.0,0.0,-0.5181446216858165,0.12108221685710661,0.5006913291658733,1.93,0.64,8.120000000000001,0.844,0.7936328649520874,0.0,0.041013505309820175,1.0,1.0,7.7,0.287,True,True,False
15.611051321029663,forward_010,5.611051321029663,0.1,0.0,0.0,-0.6021385919380436,0.2650718801466388,0.7144941625351786,-0.14,0.22,7.69,0.46,0.7289392948150635,0.0,0.060403890907764435,1.0,1.0,7.7,0.287,True,True,False
15.631422996520996,forward_010,5.631422996520996,0.1,0.0,0.0,-0.6861325621902709,0.06217735460229799,0.5835944686356039,-0.09,-1.37,9.700000000000001,0.614,0.8326207995414734,0.0,0.056990496814250946,1.0,1.0,7.7,0.287,True,True,False
15.651794910430908,forward_010,5.651794910430908,0.1,0.0,0.0,-0.49632800603588745,-0.14180800172453928,0.6872233929727672,-0.63,-2.41,8.3,0.9210000000000002,0.9470710158348083,0.0,0.09081830218201503,1.0,1.0,7.7,0.287,True,True,False
15.672169923782349,forward_010,5.672169923782349,0.1,0.0,0.0,-0.09817477042468103,-0.09926560120717749,0.9446594576419308,0.26,-1.06,7.0,1.151,0.8119243383407593,0.0,0.03768736124038696,1.0,1.0,7.7,0.287,True,True,False
15.692545652389526,forward_010,5.692545652389526,0.1,0.0,0.0,0.26616271092913524,-0.24434609527920614,0.9948376736367679,-0.17,-1.51,8.78,1.534,0.7833707928657532,0.0,0.04222225397825241,1.0,1.0,7.7,0.287,True,True,False
15.71291446685791,forward_010,5.71291446685791,0.1,0.0,0.0,0.20725784867432664,-0.2585268954516601,0.7755806863549802,-0.49,-1.33,8.68,1.918,0.6819912195205688,0.0,0.04423296730965376,1.0,1.0,7.7,0.287,True,True,False
15.733282089233398,forward_010,5.733282089233398,0.1,0.0,0.0,-0.10035643198967395,-0.27052603405912107,0.7057675162752071,0.48,0.43,5.43,1.765,0.7400882840156555,0.0,0.045046353712677956,1.0,1.0,7.5,1.064,True,True,False
15.753666639328003,forward_010,5.753666639328003,0.1,0.0,0.0,-0.519235452468313,-0.2825251726665821,0.4559672670835186,0.48,0.43,5.43,0.537,0.8923822045326233,0.0,0.051891520619392395,1.0,1.0,7.5,1.064,True,True,False
15.774030208587646,forward_010,5.7740302085876465,0.1,0.0,0.0,-0.5792311455056182,0.26070855701665296,0.31525009614147576,0.48,0.43,5.43,0.9210000000000002,0.8916377425193787,0.0,0.025664170272648335,1.0,1.0,7.5,1.064,True,True,False
15.794469833374023,forward_010,5.794469833374023,0.1,0.0,0.0,-0.6588617926278594,0.1810779098944117,0.15489797111449674,0.48,0.43,5.43,1.227,0.8574694991111755,0.0,0.01258833333849907,1.0,1.0,7.5,1.064,True,True,False
15.814848899841309,forward_010,5.814848899841309,0.1,0.0,0.0,-0.358883327441334,0.43524148221608594,0.25743606466916363,0.25,-1.68,8.47,1.765,0.736262321472168,0.0,0.023318606428802013,1.0,1.0,7.5,1.064,True,True,False
15.835291624069214,forward_010,5.835291624069214,0.1,0.0,0.0,-0.17998707911191522,0.47778388273344774,0.19634954084936207,0.25,-1.68,8.47,1.688,0.6980790495872498,0.0,0.02147701382637024,1.0,1.0,7.5,1.064,True,True,False
15.855660200119019,forward_010,5.8556602001190186,0.1,0.0,0.0,0.23452861823673804,0.41996985126113556,0.20725784867432664,0.93,-1.16,8.73,1.227,0.6759975552558899,0.0,0.017603830434381962,1.0,1.0,7.5,1.064,True,True,False
15.876155376434326,forward_010,5.876155376434326,0.1,0.0,0.0,0.29343348049154666,0.4265148359561143,0.15817046346198613,0.88,-1.33,5.74,0.614,0.6851414442062378,0.0,0.039317394606769085,1.0,1.0,7.5,1.064,True,True,False
15.896634340286255,forward_010,5.896634340286255,0.1,0.0,0.0,0.41560652813114973,0.41560652813114973,-0.10799224746714914,-0.41000000000000003,-1.37,9.14,0.46,0.36140015721321106,0.0,0.07603023201227188,1.0,1.0,7.5,1.064,True,True,False
15.917112350463867,forward_010,5.917112350463867,0.1,0.0,0.0,0.346884188833873,0.519235452468313,-0.026179938779914945,-1.42,-1.52,8.9,0.767,0.538459062576294,0.0,0.07466561906039715,1.0,1.0,7.5,1.064,True,True,False
15.937480926513672,forward_010,5.937480926513672,0.1,0.0,0.0,0.25089107997418486,0.4930555136883981,-0.016362461737446838,-0.98,-1.72,7.7700000000000005,1.151,0.8190775513648987,0.0,0.11384948249906301,1.0,1.0,7.4,0.8640000000000001,True,True,False
15.958309412002563,forward_010,5.9583094120025635,0.1,0.0,0.0,0.16580627893946132,0.3021601267515183,0.05890486225480862,-1.57,-2.16,8.32,1.304,0.8723557591438293,0.0,0.07079866342246532,1.0,1.0,7.4,0.8640000000000001,True,True,False
15.978832483291626,forward_010,5.978832483291626,0.1,0.0,0.0,0.11671889372712078,0.16907877128695067,0.08072147790473774,-2.89,-1.86,7.26,1.765,0.9326682090759277,0.0,0.1056908406317234,1.0,1.0,7.4,0.8640000000000001,True,True,False
15.999196290969849,forward_010,5.999196290969849,0.1,0.0,0.0,0.38069994309126315,-0.008726646259971648,0.17562375598192942,-1.67,-1.51,9.05,1.995,0.8313289284706116,0.0,0.11599987559020519,1.0,1.0,7.4,0.8640000000000001,True,True,False
16.01955795288086,forward_010,6.019557952880859,0.1,0.0,0.0,0.7112216701876893,0.06763150851478027,-0.16144295580947549,-0.78,0.33,8.72,1.688,0.6904006600379944,0.0,0.0335683673620224,1.0,1.0,7.4,0.8640000000000001,True,True,False
16.03995108604431,forward_010,6.0399510860443115,0.1,0.0,0.0,0.9315694882519734,-0.19853120241435498,-0.46687557490848314,-0.78,0.33,8.72,0.9210000000000002,0.8467117547988892,0.0,0.034052200615406036,1.0,1.0,7.4,0.8640000000000001,True,True,False
16.060500383377075,forward_010,6.060500383377075,0.1,0.0,0.0,0.7984881327874057,0.14289883250703572,-1.0428342280666119,-0.78,0.33,8.72,0.844,0.8748131990432739,0.0,0.028230823576450348,1.0,1.0,7.4,0.8640000000000001,True,True,False
16.080923557281494,forward_010,6.080923557281494,0.1,0.0,0.0,0.6359543461954338,0.03599741582238305,-1.758419221384287,-0.78,0.33,8.72,1.304,0.9012584686279297,0.0,0.023686593398451805,1.0,1.0,7.4,0.8640000000000001,True,True,False
16.101439714431763,forward_010,6.101439714431763,0.1,0.0,0.0,0.29343348049154666,-0.028361600344907856,-1.6886060513045138,-0.78,0.33,8.72,1.304,0.8910104632377625,0.0,0.024977974593639374,1.0,1.0,7.4,0.8640000000000001,True,True,False
16.121801614761353,forward_010,6.1218016147613525,0.1,0.0,0.0,0.06872233929727672,-0.1341721862470641,-1.1115565673638885,0.6,-1.5,6.47,1.534,0.8645011782646179,0.0,0.03475986048579216,1.0,1.0,7.4,0.8640000000000001,True,True,False
16.14216685295105,forward_010,6.14216685295105,0.1,0.0,0.0,-0.20725784867432664,-0.48651052899341934,-0.5323254218582705,0.73,-1.92,7.72,1.304,0.9023057818412781,0.0,0.04718882404267788,1.0,1.0,7.7,0.10899999999999999,True,True,False
16.162529945373535,forward_010,6.162529945373535,0.1,0.0,0.0,-0.24434609527920614,-0.14944381720201447,0.20289452554434081,-1.69,-0.34,9.0,0.844,0.8064903020858765,0.0,0.07165012508630753,1.0,1.0,7.7,0.10899999999999999,True,True,False
16.183021545410156,forward_010,6.183021545410156,0.1,0.0,0.0,-0.07963064712224129,0.04036073895236887,0.7515824091400581,-1.3800000000000001,0.88,6.54,0.537,0.8988509178161621,0.0,0.06283922027796507,1.0,1.0,7.7,0.10899999999999999,True,True,False
16.203486442565918,forward_010,6.203486442565918,0.1,0.0,0.0,-0.022907446432425576,0.32288591161895097,0.904298718689562,-1.19,0.51,6.640000000000001,0.767,0.9137568473815918,0.0,0.04472263064235449,1.0,1.0,7.7,0.10899999999999999,True,True,False
16.223857402801514,forward_010,6.223857402801514,0.1,0.0,0.0,-0.11126473981463851,0.48432886742842646,0.5770494839406252,-1.19,0.51,6.640000000000001,0.9210000000000002,0.690726101398468,0.0,0.11151960492134094,1.0,1.0,7.7,0.10899999999999999,True,True,False
16.244303226470947,forward_010,6.244303226470947,0.1,0.0,0.0,-0.1810779098944117,0.6654067773228381,0.47451139038595835,-1.01,1.26,7.33,1.534,0.6866501569747925,0.0,0.09955323673784733,1.0,1.0,7.7,0.10899999999999999,True,True,False
16.264670610427856,forward_010,6.2646706104278564,0.1,0.0,0.0,-0.2596177262341565,0.12108221685710661,0.17889624832941878,-0.04,1.36,8.6,1.765,0.6639352440834045,0.0,0.044443875551223755,1.0,1.0,7.7,0.10899999999999999,True,True,False
16.285038471221924,forward_010,6.285038471221924,0.1,0.0,0.0,-0.6784967467127956,-0.16689710972195776,-0.3119776037939864,-0.04,1.36,8.6,1.688,0.8126001358032227,0.0,0.053262559697031975,1.0,1.0,7.7,0.10899999999999999,True,True,False
16.3053982257843,forward_010,6.305398225784302,0.1,0.0,0.0,-0.7581273938350369,-0.08835729338221293,-0.421060682043632,-3.64,1.0,8.8,0.6899999999999998,0.8741925954818726,0.0,0.027104340493679047,1.0,1.0,7.7,0.10899999999999999,True,True,False
16.325759649276733,forward_010,6.325759649276733,0.1,0.0,0.0,-0.8432121948697605,-0.08726646259971647,-0.358883327441334,-0.8200000000000001,1.26,7.3,0.9970000000000001,0.8416593670845032,0.0,0.023569926619529724,1.0,1.0,7.7,0.10899999999999999,True,True,False
16.34624695777893,forward_010,6.346246957778931,0.1,0.0,0.0,-0.7995789635699022,-0.2203478180642841,-0.21162117180431245,-0.8200000000000001,1.26,7.3,0.9970000000000001,0.8348730802536011,0.0,0.021364878863096237,1.0,1.0,7.6,0.388,True,True,False
16.37074899673462,forward_010,6.370748996734619,0.1,0.0,0.0,-0.40033489717619936,0.03490658503988659,0.38069994309126315,-0.8200000000000001,1.26,7.3,1.304,0.7872491478919983,0.0,0.02872364316135645,0.0,1.0,7.6,0.388,True,True,False
16.391130924224854,forward_010,6.3911309242248535,0.1,0.0,0.0,0.15489797111449674,0.05890486225480862,0.5530512067257032,-1.44,-0.7000000000000001,6.3100000000000005,1.074,0.8234080672264099,0.0,0.02513315388932824,0.0,1.0,7.6,0.388,True,True,False
16.411499500274658,forward_010,6.411499500274658,0.1,0.0,0.0,0.06981317007977318,-0.17453292519943295,0.2792526803190927,-0.33,-2.35,5.01,0.614,0.8385716080665588,0.0,0.02585693448781967,0.0,1.0,7.6,0.388,True,True,False
16.431872606277466,forward_010,6.431872606277466,0.1,0.0,0.0,0.013089969389957472,-0.013089969389957472,-0.004363323129985824,-0.62,-1.99,8.57,0.537,0.6115781664848328,0.0,0.08922208100557327,0.0,1.0,7.6,0.388,True,True,False
16.452305793762207,forward_010,6.452305793762207,0.1,0.0,0.0,-0.032724923474893676,-0.04799655442984406,-0.25634523388666713,-0.62,-1.99,8.57,0.307,0.6967557072639465,0.0,0.11982623860239983,0.0,1.0,7.6,0.388,True,True,False
16.472686529159546,forward_010,6.472686529159546,0.1,0.0,0.0,0.03381575425739013,0.24980024919168842,0.05235987755982989,-0.07,-3.09,5.8500000000000005,0.46,0.8822942972183228,0.0,0.18874627351760864,0.0,1.0,7.6,0.388,True,True,False
16.4931902885437,forward_010,6.493190288543701,0.1,0.0,0.0,0.17780541754692233,0.05235987755982989,0.2519819107566813,-0.53,-2.25,6.61,1.304,0.7903518676757812,0.0,0.0446970981429331,0.0,1.0,7.6,0.388,True,True,False
16.513656854629517,forward_010,6.513656854629517,0.1,0.0,0.0,0.45160394395353276,-0.1505346479845109,0.4341506514335895,-0.53,-2.25,6.61,1.458,0.886825680732727,0.0,0.06438055634498596,0.0,1.0,7.6,0.388,True,True,False
16.534034490585327,forward_010,6.534034490585327,0.1,0.0,0.0,0.5257804371632918,-0.14180800172453928,0.7003133623627247,-0.96,-1.09,7.36,1.688,0.8333037495613098,0.0,0.06462452840059996,1.0,1.0,7.6,0.388,True,True,False
16.554396152496338,forward_010,6.554396152496338,0.1,0.0,0.0,0.5050546522958591,-0.3119776037939864,0.7079491778402,0.74,0.3,8.45,1.6110000000000002,0.6990435719490051,0.0,0.07688808999955654,1.0,1.0,7.5,0.6680000000000001,True,True,False
16.574764013290405,forward_010,6.574764013290405,0.1,0.0,0.0,0.5541420375081997,-0.2007128639793479,-0.11671889372712078,1.6500000000000001,1.61,8.89,1.381,0.7578797340393066,0.0,0.04581369832158089,1.0,1.0,7.5,0.6680000000000001,True,True,False
16.59512734413147,forward_010,6.59512734413147,0.1,0.0,0.0,0.6915867161027531,-0.3621558197888234,-0.6119560689805118,1.6500000000000001,1.61,8.89,0.9970000000000001,0.8933703899383545,0.0,0.043157899752259254,1.0,1.0,7.5,0.6680000000000001,True,True,False
16.61552882194519,forward_010,6.61552882194519,0.1,0.0,0.0,0.6228643768054763,0.2454369260617026,-1.4071717094204281,1.6500000000000001,1.61,8.89,0.9210000000000002,0.8660992383956909,0.0,0.02798387221992016,1.0,1.0,7.5,0.6680000000000001,True,True,False
16.636067390441895,forward_010,6.6360673904418945,0.1,0.0,0.0,0.45814892864851153,0.15926129424448257,-2.138028333693054,1.6500000000000001,1.61,8.89,1.381,0.8932112455368042,0.0,0.023470789194107056,1.0,1.0,7.5,0.6680000000000001,True,True,False
16.656431913375854,forward_010,6.6564319133758545,0.1,0.0,0.0,0.14944381720201447,0.12326387842209953,-1.9624045777111243,0.17,1.16,8.33,1.458,0.8795035481452942,0.0,0.019553489983081818,1.0,1.0,7.5,0.6680000000000001,True,True,False
16.67679762840271,forward_010,6.67679762840271,0.1,0.0,0.0,-0.06326818538479445,0.2585268954516601,-1.5686146652299038,0.08,-1.86,6.25,1.381,0.7552630305290222,0.0,0.048979856073856354,1.0,1.0,7.5,0.6680000000000001,True,True,False
16.697153329849243,forward_010,6.697153329849243,0.1,0.0,0.0,0.05999569303730508,0.05999569303730508,-0.581412807070611,0.08,-1.86,6.25,1.074,0.6506938338279724,0.0,0.038273364305496216,1.0,1.0,7.5,0.6680000000000001,True,True,False
16.71764063835144,forward_010,6.71764063835144,0.1,0.0,0.0,0.15707963267948966,0.12108221685710661,0.2683443724941282,-0.9,-1.24,6.51,0.537,0.7761650681495667,0.0,0.041173242032527924,1.0,1.0,7.5,0.6680000000000001,True,True,False
16.738013744354248,forward_010,6.738013744354248,0.1,0.0,0.0,-0.031634092692397225,-0.06654067773228381,0.48432886742842646,-1.1400000000000001,-0.24,6.47,0.844,0.8261091709136963,0.0,0.034603871405124664,1.0,1.0,7.5,0.6680000000000001,True,True,False
16.758532762527466,forward_010,6.758532762527466,0.1,0.0,0.0,-0.13199052468207118,0.2476185876266955,0.3839724354387525,-1.1400000000000001,-0.24,6.47,1.074,0.6763058304786682,0.0,0.07026335224509239,1.0,1.0,7.6,0.44900000000000007,True,True,False
16.77890181541443,forward_010,6.778901815414429,0.1,0.0,0.0,-0.27052603405912107,0.543233729683235,0.21162117180431245,-2.34,1.04,9.76,1.227,0.6540220379829407,0.0,0.1442893035709858,1.0,1.0,7.6,0.44900000000000007,True,True,False
16.799413919448853,forward_010,6.7994139194488525,0.1,0.0,0.0,-0.2007128639793479,0.30870511144649704,0.08617563181722002,0.31,1.71,8.2,1.381,0.5982584357261658,0.0,0.10406955145299435,1.0,1.0,7.6,0.44900000000000007,True,True,False
16.81977939605713,forward_010,6.819779396057129,0.1,0.0,0.0,-0.3370667117914049,0.13308135546456762,-0.2279836335417593,-1.22,0.54,8.540000000000001,1.381,0.6892597079277039,0.0,0.05182068236172199,1.0,1.0,7.6,0.44900000000000007,True,True,False
16.840229749679565,forward_010,6.840229749679565,0.1,0.0,0.0,-0.5606870222031783,-0.10690141668465268,-0.36106498900632694,-3.37,0.35000000000000003,8.55,1.304,0.7558022141456604,0.0,0.07124858163297176,1.0,1.0,7.6,0.44900000000000007,True,True,False
16.860604763031006,forward_010,6.860604763031006,0.1,0.0,0.0,-0.6610434541928523,-0.15926129424448257,-0.32179508083645453,-2.35,2.27,9.8,1.074,0.8220383524894714,0.0,0.06831605266779661,1.0,1.0,7.6,0.44900000000000007,True,True,False
16.880987644195557,forward_010,6.880987644195557,0.1,0.0,0.0,-0.7014041931452212,-0.044724062082354694,0.007635815477475192,-0.44,0.9400000000000001,6.58,1.381,0.8156545758247375,0.0,0.02865815907716751,1.0,1.0,7.6,0.44900000000000007,True,True,False
16.901363849639893,forward_010,6.901363849639893,0.1,0.0,0.0,-0.8443030256522569,-0.38724492778624187,0.4276056667386107,-0.44,0.9400000000000001,6.58,0.844,0.8043034672737122,0.0,0.01952361688017845,1.0,1.0,7.6,0.44900000000000007,True,True,False
16.921729564666748,forward_010,6.921729564666748,0.1,0.0,0.0,-0.7254024703601433,-0.27707101875409984,0.4908738521234052,-0.44,0.9400000000000001,6.58,1.074,0.8633217215538025,0.0,0.03164908196777105,0.0,1.0,7.6,0.44900000000000007,True,True,False
16.942153215408325,forward_010,6.942153215408325,0.1,0.0,0.0,0.07853981633974483,-0.0916297857297023,0.681769239060285,-1.01,-0.29,7.7,0.9970000000000001,0.7463133931159973,0.0,0.03561008349061012,0.0,1.0,7.6,0.44900000000000007,True,True,False
16.962520599365234,forward_010,6.962520599365234,0.1,0.0,0.0,0.09490227807719166,-0.39706240482870997,0.12435470920459599,1.0,-1.8800000000000001,7.82,0.844,0.8788977265357971,0.0,0.04267549887299538,0.0,1.0,7.6,0.39000000000000007,True,True,False
16.98288106918335,forward_010,6.98288106918335,0.1,0.0,0.0,-0.011999138607461015,-0.04799655442984406,-0.14726215563702155,1.0,-1.8800000000000001,7.82,0.6899999999999998,0.6998142600059509,0.0,0.037874775007367134,0.0,1.0,7.6,0.39000000000000007,True,True,False
17.00336194038391,forward_010,7.003361940383911,0.1,0.0,0.0,-0.04799655442984406,-0.00545415391248228,-0.43196898986859655,-1.37,-3.94,9.0,0.23,0.6521376371383667,0.0,0.12382733263075352,0.0,1.0,7.6,0.39000000000000007,True,True,False
17.023727893829346,forward_010,7.023727893829346,0.1,0.0,0.0,0.136353847812057,0.1439896632895322,-0.136353847812057,-1.25,-2.82,6.04,0.6899999999999998,0.764152467250824,0.0,0.06098752678371966,0.0,1.0,7.6,0.39000000000000007,True,True,False
17.04416060447693,forward_010,7.044160604476929,0.1,0.0,0.0,0.23343778745424157,0.013089969389957472,-0.11562806294462433,-0.19,-3.86,7.34,1.151,0.7328939437866211,0.0,0.028733476996421814,0.0,1.0,7.6,0.39000000000000007,True,True,False
17.064522981643677,forward_010,7.064522981643677,0.1,0.0,0.0,0.2879793265790644,-0.22362031041177347,0.15926129424448257,-0.19,-3.86,7.34,1.381,0.7528443336486816,0.0,0.08986134640872478,0.0,1.0,7.6,0.39000000000000007,True,True,False
17.084970474243164,forward_010,7.084970474243164,0.1,0.0,0.0,0.44724062082354693,-0.20507618710933373,0.5803219762881145,-0.19,-3.86,7.34,1.6110000000000002,0.7330348491668701,0.0,0.03766675293445587,1.0,1.0,7.6,0.39000000000000007,True,True,False
17.105329751968384,forward_010,7.105329751968384,0.1,0.0,0.0,0.5235987755982988,-0.22689280275926285,0.6795875774952921,-0.09,0.16,9.200000000000001,1.534,0.7550116777420044,0.0,0.06800757721066475,1.0,1.0,7.6,0.39000000000000007,True,True,False
17.125730991363525,forward_010,7.125730991363525,0.1,0.0,0.0,0.48978302134090873,-0.20943951023931956,0.30325095753401476,1.34,1.22,9.07,1.304,0.7636040449142456,0.0,0.03999937977641821,1.0,1.0,7.6,0.39000000000000007,True,True,False
17.146098375320435,forward_010,7.146098375320435,0.1,0.0,0.0,0.5748678223756323,-0.17998707911191522,-0.23343778745424157,1.34,1.22,9.07,0.9970000000000001,0.8625829219818115,0.0,0.037197139114141464,1.0,1.0,7.6,0.39000000000000007,True,True,False
17.166463613510132,forward_010,7.166463613510132,0.1,0.0,0.0,0.5835944686356039,-0.2792526803190927,-0.7221299780126539,1.34,1.22,9.07,0.9970000000000001,0.9312971234321594,0.0,0.03328297846019268,1.0,1.0,7.5,0.921,True,True,False
17.18683385848999,forward_010,7.18683385848999,0.1,0.0,0.0,0.5039638215133626,0.3370667117914049,-1.7213309747794074,1.34,1.22,9.07,1.151,0.8766629695892334,0.0,0.025184249505400658,1.0,1.0,7.5,0.921,True,True,False
17.20720672607422,forward_010,7.207206726074219,0.1,0.0,0.0,0.36979163526629855,0.14289883250703572,-1.9722220547535925,-1.09,0.89,8.65,1.458,0.8554991483688354,0.0,0.02412150800228119,1.0,1.0,7.5,0.921,True,True,False
17.22757601737976,forward_010,7.227576017379761,0.1,0.0,0.0,0.06872233929727672,0.18216874067690814,-1.7071501746069535,1.28,-1.33,8.18,1.227,0.8166908025741577,0.0,0.03759479522705078,1.0,1.0,7.5,0.921,True,True,False
17.24797034263611,forward_010,7.247970342636108,0.1,0.0,0.0,-0.002181661564992912,0.3076142806640006,-0.8737554567796613,0.22,-1.32,7.45,1.074,0.6703256368637085,0.0,0.06661851704120636,1.0,1.0,7.5,0.921,True,True,False
17.26840853691101,forward_010,7.268408536911011,0.1,0.0,0.0,0.1265363707695889,0.10799224746714914,0.17889624832941878,-0.1,-1.1,8.22,0.6899999999999998,0.7337806224822998,0.0,0.038344940170645714,1.0,1.0,7.5,0.921,True,True,False
17.288886308670044,forward_010,7.288886308670044,0.1,0.0,0.0,-0.006544984694978736,-0.08072147790473774,0.5650503453331642,-0.75,-0.73,6.32,0.9970000000000001,0.8339554667472839,0.0,0.04016032628715038,1.0,1.0,7.5,0.921,True,True,False
17.30927038192749,forward_010,7.30927038192749,0.1,0.0,0.0,-0.11344640137963143,-0.044724062082354694,0.7363107781851078,-1.69,0.29,8.15,1.151,0.7929461598396301,0.0,0.056219790130853646,1.0,1.0,7.5,0.921,True,True,False
17.329630613327026,forward_010,7.329630613327026,0.1,0.0,0.0,-0.2748893571891069,0.2792526803190927,0.6632251157578453,-1.69,0.29,8.15,1.304,0.7719548344612122,0.0,0.056873537600040436,1.0,1.0,7.5,0.921,True,True,False
17.350099802017212,forward_010,7.350099802017212,0.1,0.0,0.0,-0.33488505022641196,0.3839724354387525,0.22580197197676638,-1.54,0.78,8.82,1.458,0.7022405862808228,0.0,0.06127063184976578,1.0,1.0,7.5,0.921,True,True,False
17.37047290802002,forward_010,7.3704729080200195,0.1,0.0,0.0,-0.3937899124812206,0.15707963267948966,-0.20616701789183017,-0.13,1.48,5.13,1.6110000000000002,0.6726984977722168,0.0,0.06575819477438927,1.0,1.0,7.7,0.298,True,True,False
17.391505241394043,forward_010,7.391505241394043,0.1,0.0,0.0,-0.3937899124812206,0.15707963267948966,-0.20616701789183017,-0.13,1.48,5.13,1.151,0.7792288064956665,0.0,0.053220786154270165,1.0,0.0,7.7,0.298,True,True,False
17.411989450454712,forward_010,7.411989450454712,0.1,0.0,0.0,-0.7101308394051928,-0.17453292519943295,-0.2650718801466388,-1.81,2.08,9.3,1.074,0.8415237069129944,0.0,0.028375575318932533,1.0,0.0,7.7,0.298,True,True,False
17.432363033294678,forward_010,7.432363033294678,0.1,0.0,0.0,-0.8432121948697605,-0.22689280275926285,-0.16907877128695067,-1.81,2.08,9.3,1.304,0.8666992783546448,0.0,0.027754269540309906,1.0,1.0,7.7,0.298,True,True,False
17.452735662460327,forward_010,7.452735662460327,0.1,0.0,0.0,-1.0013826583317467,-0.2825251726665821,0.011999138607461015,0.48,1.52,8.55,0.844,0.8776088356971741,0.0,0.021069291979074478,1.0,1.0,7.7,0.298,True,True,False
17.473153829574585,forward_010,7.473153829574585,0.1,0.0,0.0,-1.05265170510908,-0.2977968036215325,0.2279836335417593,0.48,1.52,8.55,1.227,0.8694579005241394,0.0,0.028495024889707565,0.0,1.0,7.7,0.298,True,True,False
17.493525981903076,forward_010,7.493525981903076,0.1,0.0,0.0,0.055632369907319255,-0.020725784867432664,0.5203262832508095,0.48,1.52,8.55,1.074,0.8708128929138184,0.0,0.030391438864171505,0.0,1.0,7.7,0.298,True,True,False
17.513921976089478,forward_010,7.5139219760894775,0.1,0.0,0.0,0.36760997370130566,-0.20398535632683726,0.5312345910757741,-0.06,-2.2600000000000002,4.82,0.844,0.7648211717605591,0.0,0.03336845338344574,1.0,1.0,7.7,0.298,True,True,False
17.53429412841797,forward_010,7.534294128417969,0.1,0.0,0.0,0.2792526803190927,-0.20943951023931956,0.061086523819801536,-0.36,-2.04,4.04,0.46,0.7300938367843628,0.0,0.04621248599141836,0.0,1.0,7.7,0.298,True,True,False
17.554708003997803,forward_010,7.554708003997803,0.1,0.0,0.0,-0.002181661564992912,-0.1712604328519436,-0.2203478180642841,-0.36,-2.04,4.04,0.307,0.6905524730682373,0.0,0.04105579573661089,0.0,1.0,7.7,0.298,True,True,False
17.575076818466187,forward_010,7.5750768184661865,0.1,0.0,0.0,-0.08399397025222712,0.2694352032766246,-0.210530341021816,-3.02,-4.54,9.19,0.6899999999999998,0.6096171140670776,0.0,0.1630425527691841,0.0,1.0,7.5,0.5640000000000001,True,True,False
17.595710515975952,forward_010,7.595710515975952,0.1,0.0,0.0,-0.06326818538479445,0.00545415391248228,-0.06435901616729091,-0.78,-2.58,5.18,1.381,0.8376366496086121,0.0,0.18473342061042786,0.0,1.0,7.5,0.5640000000000001,True,True,False
17.616074323654175,forward_010,7.616074323654175,0.1,0.0,0.0,0.22580197197676638,-0.1538071403320003,-0.004363323129985824,1.56,-2.68,8.9,1.304,0.7698826789855957,0.0,0.02190617471933365,0.0,1.0,7.5,0.5640000000000001,True,True,False
17.636467695236206,forward_010,7.636467695236206,0.1,0.0,0.0,0.545415391248228,-0.1341721862470641,0.10799224746714914,1.56,-2.68,8.9,1.304,0.7207373976707458,0.0,0.0719880685210228,1.0,1.0,7.5,0.5640000000000001,True,True,False
17.65684986114502,forward_010,7.6568498611450195,0.1,0.0,0.0,0.6435901616729091,-0.433059820651093,0.3763366199612773,1.56,-2.68,8.9,1.304,0.7869220972061157,0.0,0.05313511937856674,1.0,1.0,7.5,0.5640000000000001,True,True,False
17.677223205566406,forward_010,7.677223205566406,0.1,0.0,0.0,0.6043202535030366,0.21707532571679475,0.33488505022641196,-2.39,-0.92,6.57,0.9970000000000001,0.7256963849067688,0.0,0.04451822582632303,1.0,1.0,7.5,0.5640000000000001,True,True,False
17.69761848449707,forward_010,7.69761848449707,0.1,0.0,0.0,0.6141377305455047,0.10799224746714914,0.15817046346198613,-0.8200000000000001,0.19,8.57,0.844,0.8182297348976135,0.0,0.02923956047743559,1.0,1.0,7.5,0.5640000000000001,True,True,False
17.718037605285645,forward_010,7.7180376052856445,0.1,0.0,0.0,0.6141377305455047,-0.3741549583962844,-0.09053895494720585,-0.8200000000000001,0.19,8.57,0.9210000000000002,0.9217013120651245,0.0,0.029758352786302567,1.0,1.0,7.5,0.5640000000000001,True,True,False
17.738515377044678,forward_010,7.738515377044678,0.1,0.0,0.0,0.3523383427463553,-0.05126904677733343,-0.5203262832508095,-0.8200000000000001,0.19,8.57,1.074,0.9212865829467773,0.0,0.019420545548200607,1.0,1.0,7.5,0.5640000000000001,True,True,False
17.758893966674805,forward_010,7.758893966674805,0.1,0.0,0.0,0.1908953869368798,0.19744037163185854,-1.0755591515415055,-0.8200000000000001,0.19,8.57,0.9970000000000001,0.8758224844932556,0.0,0.01974799670279026,1.0,1.0,7.5,0.5640000000000001,True,True,False
17.779285192489624,forward_010,7.779285192489624,0.1,0.0,0.0,0.1810779098944117,0.22143864884678055,-1.3068152774307542,-0.19,1.59,8.8,1.074,0.7369031310081482,0.0,0.031014555832371116,1.0,1.0,7.6,0.311,True,True,False
17.799662113189697,forward_010,7.799662113189697,0.1,0.0,0.0,0.07526732399225546,0.026179938779914945,-1.2729995231733642,-1.01,0.5700000000000001,7.68,0.9210000000000002,0.6839985847473145,0.0,0.03184499591588974,1.0,1.0,7.6,0.311,True,True,False
17.820034980773926,forward_010,7.820034980773926,0.1,0.0,0.0,0.05126904677733343,0.31634092692397225,-0.8377580409572782,-0.53,-0.33,9.09,0.614,0.6898607611656189,0.0,0.06222142279148102,1.0,1.0,7.6,0.311,True,True,False
17.840457916259766,forward_010,7.840457916259766,0.1,0.0,0.0,-0.03599741582238305,0.3916082509162277,-0.13308135546456762,0.31,-1.18,7.72,0.537,0.5269261002540588,0.0,0.12064382433891296,1.0,1.0,7.6,0.311,True,True,False
17.860827922821045,forward_010,7.860827922821045,0.1,0.0,0.0,-0.09490227807719166,0.04254240051736178,0.3981532356112064,1.04,0.13,8.23,0.844,0.752869188785553,0.0,0.12110733613371849,1.0,1.0,7.6,0.311,True,True,False
17.881203413009644,forward_010,7.8812034130096436,0.1,0.0,0.0,-0.12980886311707826,0.06326818538479445,0.5705044992456465,-0.96,-0.47000000000000003,8.39,1.458,0.7600917220115662,0.0,0.058926187455654144,1.0,1.0,7.6,0.311,True,True,False
17.901580333709717,forward_010,7.901580333709717,0.1,0.0,0.0,-0.16035212502697901,0.04799655442984406,0.6664976081053346,-1.94,-0.91,9.72,1.458,0.6982451677322388,0.0,0.028549395501613617,1.0,1.0,7.6,0.311,True,True,False
17.922159433364868,forward_010,7.922159433364868,0.1,0.0,0.0,-0.30543261909900765,0.16253378659197193,0.5508695451607103,-1.94,-0.91,9.72,1.304,0.6431489586830139,0.0,0.057211726903915405,1.0,1.0,7.6,0.311,True,True,False
17.942543745040894,forward_010,7.9425437450408936,0.1,0.0,0.0,-0.5203262832508095,0.24870941840919197,-0.002181661564992912,-2.18,0.47000000000000003,6.63,1.688,0.6711631417274475,0.0,0.05720847976044752,1.0,1.0,7.6,0.311,True,True,False
17.96290898323059,forward_010,7.962908983230591,0.1,0.0,0.0,-0.5846852994181004,0.05345070834232634,-0.12435470920459599,0.86,0.51,3.92,1.304,0.8115288615226746,0.0,0.04660865664482117,1.0,1.0,7.6,0.311,True,True,False
17.983339071273804,forward_010,7.983339071273804,0.1,0.0,0.0,-0.7166758241001716,-0.16035212502697901,0.04581489286485115,-1.6600000000000001,2.12,8.48,0.9970000000000001,0.8179828524589539,0.0,0.03973274677991867,1.0,1.0,7.5,0.7780000000000001,True,True,False
18.003705978393555,stop_after_010,0.0037059783935546875,0.0,0.0,0.0,-1.0722866591940161,-0.20289452554434081,0.15271630954950383,-1.6600000000000001,2.12,8.48,0.844,0.7437591552734375,0.0,0.05338958650827408,1.0,1.0,7.5,0.7780000000000001,True,True,False
18.024106979370117,stop_after_010,0.024106979370117188,0.0,0.0,0.0,-0.8792096106921435,0.0719948316447661,0.5563236990731926,-1.8900000000000001,-0.89,7.16,1.074,0.7286481857299805,0.0,0.026624921709299088,0.0,1.0,7.5,0.7780000000000001,True,True,False
18.04447889328003,stop_after_010,0.0444788932800293,0.0,0.0,0.0,-0.2748893571891069,0.06654067773228381,1.2282754610910094,-1.8900000000000001,-0.89,7.16,0.9210000000000002,0.7283817529678345,0.0,0.02889350801706314,0.0,1.0,7.5,0.7780000000000001,True,True,False
18.0648455619812,stop_after_010,0.06484556198120117,0.0,0.0,0.0,0.23234695667174513,-0.3839724354387525,0.9141161957320301,-1.8900000000000001,-0.89,7.16,0.9210000000000002,0.7476089596748352,0.0,0.034927576780319214,0.0,1.0,7.5,0.7780000000000001,True,True,False
18.085214614868164,stop_after_010,0.08521461486816406,0.0,0.0,0.0,-0.004363323129985824,-0.17562375598192942,0.15817046346198613,0.14,-1.8900000000000001,5.84,0.6899999999999998,0.710589587688446,0.0,0.04759369604289532,0.0,1.0,7.5,0.7780000000000001,True,True,False
18.105582237243652,stop_after_010,0.10558223724365234,0.0,0.0,0.0,0.09926560120717749,-0.15162547876700738,-0.008726646259971648,-2.33,-0.86,8.75,0.6899999999999998,0.7395144701004028,0.0,0.03658159147016704,1.0,1.0,7.5,0.7780000000000001,True,True,False
18.125947952270508,stop_after_010,0.1259479522705078,0.0,0.0,0.0,0.47669305195095124,-0.3490658503988659,-0.35997415822383044,-2.29,-3.38,9.53,0.9210000000000002,0.7615988254547119,0.0,0.0542226443067193,1.0,1.0,7.5,0.7780000000000001,True,True,False
18.14632749557495,stop_after_010,0.14632749557495117,0.0,0.0,0.0,0.49414634447089456,0.04799655442984406,-0.5214171140333059,-0.54,-2.1,7.11,1.381,0.7601895928382874,0.0,0.04487987235188484,1.0,1.0,7.5,0.7780000000000001,True,True,False
18.166715621948242,stop_after_010,0.1667156219482422,0.0,0.0,0.0,0.3981532356112064,0.21489366415180183,-0.5541420375081997,-0.21,-2.97,8.17,1.6110000000000002,0.7351002097129822,0.0,0.019349999725818634,1.0,1.0,7.5,0.7780000000000001,True,True,False
18.187254190444946,stop_after_010,0.1872541904449463,0.0,0.0,0.0,0.3981532356112064,-0.05345070834232634,-0.385063266221249,-0.21,-2.97,8.17,1.688,0.7432146668434143,0.0,0.033942144364118576,1.0,1.0,7.7,0.37,True,True,False
18.20764398574829,stop_after_010,0.20764398574829102,0.0,0.0,0.0,0.3785182815262702,-0.24870941840919197,0.08617563181722002,-0.8200000000000001,-2.67,7.94,1.151,0.7975195646286011,0.0,0.04629344120621681,1.0,1.0,7.7,0.37,True,True,False
18.22800302505493,stop_after_010,0.22800302505493164,0.0,0.0,0.0,0.4734205596034619,-0.4537856055185257,0.3327033886614191,-1.35,-1.6500000000000001,8.11,0.537,0.8196563720703125,0.0,0.02863869071006775,1.0,1.0,7.7,0.37,True,True,False
18.248469829559326,stop_after_010,0.24846982955932617,0.0,0.0,0.0,0.5301437602932776,-0.4723297288209654,0.6479534848028948,-1.35,-1.6500000000000001,8.11,0.384,0.8179148435592651,0.0,0.019272899255156517,1.0,1.0,7.7,0.37,True,True,False
18.268850326538086,stop_after_010,0.26885032653808594,0.0,0.0,0.0,0.24434609527920614,-0.2923426497090502,0.619591884457987,-1.35,-1.6500000000000001,8.11,0.844,0.8069950342178345,0.0,0.01040589064359665,1.0,1.0,7.7,0.37,True,True,False
18.28921103477478,stop_after_010,0.2892110347747803,0.0,0.0,0.0,0.0545415391248228,-0.3337942194439155,0.30652344988150415,-1.35,-1.6500000000000001,8.11,1.151,0.8074008226394653,0.0,0.010880451649427414,1.0,1.0,7.7,0.37,True,True,False
18.309569835662842,stop_after_010,0.3095698356628418,0.0,0.0,0.0,-0.0719948316447661,-0.05672320068981571,-0.3174317577064687,-1.35,-1.6500000000000001,8.11,1.227,0.8575097322463989,0.0,0.020957132801413536,1.0,1.0,7.7,0.37,True,True,False
18.329941987991333,stop_after_010,0.329941987991333,0.0,0.0,0.0,-0.36979163526629855,0.09708393964218458,-0.6130468997630083,-0.49,0.9,8.65,0.9970000000000001,0.8934984803199768,0.0,0.01813596487045288,1.0,1.0,7.7,0.37,True,True,False
18.350321769714355,stop_after_010,0.35032176971435547,0.0,0.0,0.0,-0.4799655442984406,0.05781403147231216,-0.4625122517784973,-0.64,2.31,6.57,0.767,0.8834813833236694,0.0,0.017319511622190475,1.0,1.0,7.7,0.37,True,True,False
18.370691299438477,stop_after_010,0.37069129943847656,0.0,0.0,0.0,-0.3174317577064687,-0.07526732399225546,-0.5279620987282847,1.43,1.94,9.74,0.46,0.8583366870880127,0.0,0.028662942349910736,1.0,1.0,7.7,0.37,True,True,False
18.391085386276245,stop_after_010,0.3910853862762451,0.0,0.0,0.0,-0.20507618710933373,0.10253809355466686,-0.2901609881440573,0.53,0.96,8.61,0.384,0.8008742928504944,0.0,0.023077143356204033,1.0,1.0,7.7,0.136,True,True,False
18.412158966064453,stop_after_010,0.4121589660644531,0.0,0.0,0.0,-0.33161255787892263,0.22143864884678055,-0.02945243112740431,-1.1400000000000001,-0.67,8.040000000000001,0.23,0.8401826620101929,0.0,0.055047137662768364,1.0,1.0,7.7,0.136,True,True,False
18.432535886764526,stop_after_010,0.43253588676452637,0.0,0.0,0.0,-0.40251655874119224,0.11562806294462433,0.2585268954516601,-0.9500000000000001,-1.53,9.33,0.46,0.8880743384361267,0.0,0.034138455986976624,1.0,1.0,7.7,0.136,True,True,False
18.45294690132141,stop_after_010,0.45294690132141113,0.0,0.0,0.0,-0.3567016658763411,0.12980886311707826,0.3294308963139297,-1.03,-2.41,8.76,0.6899999999999998,0.7154355645179749,0.0,0.053322892636060715,0.0,1.0,7.7,0.136,True,True,False
18.47332453727722,stop_after_010,0.4733245372772217,0.0,0.0,0.0,-0.28907015736156083,-0.03381575425739013,0.4526947747360292,-0.12,-1.94,7.65,0.844,0.8551309108734131,0.0,0.06272747553884983,0.0,1.0,7.7,0.136,True,True,False
18.493752002716064,stop_after_010,0.49375200271606445,0.0,0.0,0.0,-0.34143003492139073,-0.358883327441334,0.37960911230876665,-0.7000000000000001,-2.02,9.32,0.9210000000000002,0.796882688999176,0.0,0.05664779897779226,0.0,1.0,7.7,0.136,True,True,False
18.51412034034729,stop_after_010,0.51412034034729,0.0,0.0,0.0,-0.19634954084936207,-0.5846852994181004,0.05345070834232634,-1.8900000000000001,-2.45,8.23,1.227,0.8755374550819397,0.0,0.057967353612184525,1.0,1.0,7.7,0.136,True,True,False
18.53448748588562,stop_after_010,0.5344874858856201,0.0,0.0,0.0,0.09272061651219876,-0.5312345910757741,-0.022907446432425576,-0.78,-2.61,8.89,1.074,0.8374006152153015,0.0,0.027264613658189774,1.0,1.0,7.7,0.136,True,True,False
18.554856538772583,stop_after_010,0.554856538772583,0.0,0.0,0.0,0.358883327441334,-0.46142142099600086,-0.028361600344907856,-0.78,-2.61,8.89,0.614,0.8257644176483154,0.0,0.012433763593435287,1.0,1.0,7.7,0.136,True,True,False
18.575404405593872,stop_after_010,0.5754044055938721,0.0,0.0,0.0,0.41996985126113556,-0.4985096676008804,-0.13308135546456762,-0.78,-2.61,8.89,1.074,0.8114411234855652,0.0,0.026142634451389313,1.0,0.0,7.7,0.136,True,True,False
18.595898389816284,stop_after_010,0.5958983898162842,0.0,0.0,0.0,0.23671027980173096,-0.05672320068981571,-0.24652775684419906,-1.07,0.04,9.5,1.074,0.6596562266349792,0.0,0.03274787217378616,1.0,0.0,7.7,0.16199999999999998,True,True,False
18.61626386642456,stop_after_010,0.6162638664245605,0.0,0.0,0.0,0.17889624832941878,-0.11671889372712078,-0.30325095753401476,-0.77,2.8000000000000003,7.87,0.844,0.6043885350227356,0.0,0.06237135827541351,1.0,0.0,7.7,0.16199999999999998,True,True,False
18.636645078659058,stop_after_010,0.6366450786590576,0.0,0.0,0.0,0.14180800172453928,-0.09490227807719166,-0.5552328682906961,-0.33,0.85,7.62,0.767,0.7381983995437622,0.0,0.07520364224910736,1.0,1.0,7.7,0.16199999999999998,True,True,False
18.657111644744873,stop_after_010,0.657111644744873,0.0,0.0,0.0,0.10362892433716332,-0.11126473981463851,-0.2977968036215325,1.35,1.18,8.16,0.9210000000000002,0.8936187028884888,0.0,0.03310989588499069,1.0,1.0,7.7,0.16199999999999998,True,True,False
18.677479028701782,stop_after_010,0.6774790287017822,0.0,0.0,0.0,0.4068798818711781,-0.1930770485018727,0.055632369907319255,1.28,0.8200000000000001,7.72,0.9970000000000001,0.7987813353538513,0.0,0.06275290623307228,1.0,1.0,7.7,0.16199999999999998,True,True,False
18.697948455810547,stop_after_010,0.6979484558105469,0.0,0.0,0.0,0.5585053606381855,-0.2901609881440573,0.20616701789183017,1.28,0.8200000000000001,7.72,1.227,0.8185223937034607,0.0,0.03386582713574171,1.0,1.0,7.7,0.16199999999999998,True,True,False
18.71833062171936,stop_after_010,0.7183306217193604,0.0,0.0,0.0,0.3883357585687383,-0.25416357232167425,0.5301437602932776,0.4,-3.3000000000000003,9.59,1.151,0.8386208415031433,0.0,0.023205440491437912,1.0,1.0,7.7,0.16199999999999998,True,True,False
18.738692045211792,stop_after_010,0.738692045211792,0.0,0.0,0.0,0.02399827721492203,-0.24434609527920614,0.5355979142057599,0.73,-2.92,7.55,1.227,0.823258638381958,0.0,0.03918306529521942,1.0,1.0,7.7,0.16199999999999998,True,True,False
18.7590754032135,stop_after_010,0.759075403213501,0.0,0.0,0.0,0.07417649320975901,-0.3119776037939864,0.4908738521234052,0.87,-0.99,7.46,0.9210000000000002,0.8124160766601562,0.0,0.08098418731242418,1.0,1.0,7.7,0.16199999999999998,True,True,False
18.779450178146362,stop_after_010,0.7794501781463623,0.0,0.0,0.0,0.17780541754692233,-0.20398535632683726,0.09272061651219876,0.87,-0.99,7.46,0.614,0.7978076934814453,0.0,0.03818339388817549,1.0,1.0,7.7,0.16199999999999998,True,True,False
18.800041675567627,stop_after_010,0.800041675567627,0.0,0.0,0.0,0.27707101875409984,0.20289452554434081,-0.495237175253391,0.87,-0.99,7.46,0.537,0.7872873544692993,0.0,0.023044109344482422,1.0,1.0,7.5,0.8830000000000001,True,True,False
18.820490837097168,stop_after_010,0.820490837097168,0.0,0.0,0.0,0.11126473981463851,0.22362031041177347,-0.8672104720846825,0.87,-0.99,7.46,1.227,0.8504947423934937,0.0,0.013913586735725403,1.0,1.0,7.5,0.8830000000000001,True,True,False
18.840927839279175,stop_after_010,0.8409278392791748,0.0,0.0,0.0,0.11126473981463851,0.22362031041177347,-0.8672104720846825,0.87,-0.99,7.46,1.534,0.8332728147506714,0.0,0.016255177557468414,1.0,1.0,7.5,0.8830000000000001,True,True,False
18.861368417739868,stop_after_010,0.8613684177398682,0.0,0.0,0.0,-0.026179938779914945,0.2530727415391778,-0.9577494270318884,0.64,2.4,9.49,1.381,0.7990686297416687,0.0,0.018867529928684235,1.0,1.0,7.5,0.8830000000000001,True,True,False
18.8817777633667,stop_after_010,0.8817777633666992,0.0,0.0,0.0,-0.16253378659197193,0.14835298641951802,-0.9861110273767962,1.23,1.45,8.71,1.151,0.7976354360580444,0.0,0.01768387109041214,1.0,1.0,7.5,0.8830000000000001,True,True,False
18.902151346206665,stop_after_010,0.902151346206665,0.0,0.0,0.0,-0.3916082509162277,0.23671027980173096,-0.8246680715673207,0.86,0.38,7.78,0.6899999999999998,0.7287140488624573,0.0,0.02084609493613243,1.0,1.0,7.5,0.8830000000000001,True,True,False
18.92257046699524,stop_after_010,0.9225704669952393,0.0,0.0,0.0,-0.5279620987282847,0.15817046346198613,-0.3392483733563978,0.28,-0.64,6.86,0.46,0.5992389917373657,0.0,0.0435539111495018,1.0,1.0,7.5,0.8830000000000001,True,True,False
18.94308376312256,stop_after_010,0.9430837631225586,0.0,0.0,0.0,-0.4385139745635753,-0.00545415391248228,0.2530727415391778,0.68,-0.8,9.450000000000001,0.46,0.5919703841209412,0.0,0.07462748885154724,1.0,1.0,7.5,0.8830000000000001,True,True,False
18.963476419448853,stop_after_010,0.9634764194488525,0.0,0.0,0.0,-0.21380283336930536,0.28579766501407144,0.7897614865274342,-0.47000000000000003,-2.2600000000000002,8.91,0.6899999999999998,0.8918417096138,0.0,0.06988653913140297,1.0,1.0,7.5,0.8830000000000001,True,True,False
18.983850479125977,stop_after_010,0.9838504791259766,0.0,0.0,0.0,-0.17016960206944712,0.20616701789183017,1.19118721448613,0.06,-1.6300000000000001,7.75,1.074,0.9091057181358337,0.0,0.022252412512898445,1.0,1.0,7.5,0.8830000000000001,True,True,False
19.004271507263184,stop_after_010,1.0042715072631836,0.0,0.0,0.0,-0.1832595714594046,0.08072147790473774,0.8868454261696187,1.45,-1.43,9.16,1.534,0.8692202568054199,0.0,0.06383072258904576,1.0,1.0,7.7,0.271,True,True,False
19.02463936805725,stop_after_010,1.024639368057251,0.0,0.0,0.0,-0.24870941840919197,-0.019634954084936207,0.6010477611555473,0.44,-1.57,7.57,1.304,0.8409111499786377,0.0,0.04089741501957178,1.0,1.0,7.7,0.271,True,True,False
19.045042753219604,stop_after_010,1.0450427532196045,0.0,0.0,0.0,-0.42542400517361784,0.13199052468207118,0.35015668118136234,-1.31,0.25,8.32,0.9970000000000001,0.8267996311187744,0.0,0.047578442841768265,1.0,1.0,7.7,0.271,True,True,False
19.06542420387268,stop_after_010,1.0654242038726807,0.0,0.0,0.0,-0.5094179754258449,0.3948807432637171,-0.16471544815696484,-1.31,0.25,8.32,0.9970000000000001,0.8325582146644592,0.0,0.039969380479305976,1.0,1.0,7.7,0.271,True,True,False
19.08583354949951,stop_after_010,1.0858335494995117,0.0,0.0,0.0,-0.39269908169872414,0.33597588100890846,-0.26070855701665296,-1.31,0.25,8.32,0.9210000000000002,0.8073490858078003,0.0,0.027480501332320273,1.0,1.0,7.7,0.271,True,True,False
19.10620355606079,stop_after_010,1.106203556060791,0.0,0.0,0.0,-0.04908738521234052,0.3883357585687383,-0.18762289458939044,0.68,0.67,7.72,1.074,0.8092036843299866,0.0,0.010451797395944595,1.0,1.0,7.7,0.271,True,True,False
19.1265811920166,stop_after_010,1.1265811920166016,0.0,0.0,0.0,0.2454369260617026,0.018544123302439753,-0.2181661564992912,0.68,0.67,7.72,1.074,0.7986615300178528,0.0,0.018963394686579704,1.0,1.0,7.7,0.271,True,True,False
19.14697003364563,stop_after_010,1.1469700336456299,0.0,0.0,0.0,0.3719732968312915,0.17889624832941878,-0.5050546522958591,0.68,0.67,7.72,1.074,0.7913796901702881,0.0,0.013128012418746948,1.0,1.0,7.7,0.271,True,True,False
19.16743230819702,stop_after_010,1.1674323081970215,0.0,0.0,0.0,0.4625122517784973,0.14944381720201447,-0.4908738521234052,-0.51,0.03,7.7700000000000005,0.844,0.7416881322860718,0.0,0.01706220954656601,1.0,1.0,7.7,0.271,True,True,False
19.187811613082886,stop_after_010,1.1878116130828857,0.0,0.0,0.0,0.5661411761156606,0.009817477042468103,-0.2476185876266955,-0.37,-0.45,8.290000000000001,0.537,0.6794768571853638,0.0,0.042481598909944296,1.0,1.0,7.7,0.271,True,True,False
19.20825982093811,stop_after_010,1.2082598209381104,0.0,0.0,0.0,0.2792526803190927,0.12762720155208535,-0.15926129424448257,-0.03,-1.07,7.74,0.384,0.7158865928649902,0.0,0.07937444979324937,1.0,1.0,7.7,0.20700000000000002,True,True,False
19.228625535964966,stop_after_010,1.2286255359649658,0.0,0.0,0.0,-0.01090830782496456,0.11671889372712078,-0.009817477042468103,-0.78,-1.1,8.47,0.614,0.8399710059165955,0.0,0.046967118978500366,1.0,1.0,7.7,0.20700000000000002,True,True,False
19.248987436294556,stop_after_010,1.2489874362945557,0.0,0.0,0.0,-0.13853550937704992,0.04581489286485115,0.5486878835957173,-0.46,-0.6900000000000001,8.46,0.614,0.8829060792922974,0.0,0.02996773272752762,1.0,1.0,7.7,0.20700000000000002,True,True,False
19.269470691680908,stop_after_010,1.2694706916809082,0.0,0.0,0.0,-0.2628902185816459,0.0916297857297023,0.6904958853202566,-1.09,-0.84,8.03,1.304,0.8617600798606873,0.0,0.033089857548475266,1.0,1.0,7.7,0.20700000000000002,True,True,False
19.28984045982361,stop_after_010,1.2898404598236084,0.0,0.0,0.0,-0.07744898555724837,-0.07308566242726255,0.7461282552275759,-1.18,-0.61,8.41,1.841,0.7645191550254822,0.0,0.04769685119390488,0.0,1.0,7.7,0.20700000000000002,True,True,False
19.310218572616577,stop_after_010,1.3102185726165771,0.0,0.0,0.0,0.32070425005395803,-0.17780541754692233,0.45705809786601503,-0.1,-0.52,8.91,1.151,0.7790578603744507,0.0,0.07698022946715355,1.0,1.0,7.7,0.20700000000000002,True,True,False
19.33059549331665,stop_after_010,1.3305954933166504,0.0,0.0,0.0,0.5465062220307244,-0.3108867730114899,-0.05235987755982989,0.27,-2.0300000000000002,9.8,0.6899999999999998,0.7953611612319946,0.0,0.02700958400964737,1.0,1.0,7.7,0.20700000000000002,True,True,False
19.350951194763184,stop_after_010,1.3509511947631836,0.0,0.0,0.0,0.5923211148955756,-0.358883327441334,-0.30543261909900765,0.27,-2.0300000000000002,9.8,0.537,0.762633204460144,0.0,0.025874018669128418,1.0,1.0,7.7,0.20700000000000002,True,True,False
19.371361017227173,stop_after_010,1.3713610172271729,0.0,0.0,0.0,0.7221299780126539,-0.24980024919168842,-0.6239552075879728,-0.85,-2.39,9.34,1.227,0.719857394695282,0.0,0.026399429887533188,1.0,0.0,7.7,0.20700000000000002,True,True,False
19.391806840896606,stop_after_010,1.3918068408966064,0.0,0.0,0.0,0.6992225315802283,0.016362461737446838,-0.7395832705325971,-0.85,-2.39,9.34,1.458,0.597688615322113,0.0,0.03573691472411156,1.0,0.0,7.7,0.20700000000000002,True,True,False
19.412204027175903,stop_after_010,1.4122040271759033,0.0,0.0,0.0,0.1341721862470641,-0.026179938779914945,-0.7046766854927106,-0.85,-2.39,9.34,1.458,0.5677613615989685,0.0,0.05535626411437988,1.0,0.0,7.7,0.169,True,True,False
19.432855129241943,stop_after_010,1.4328551292419434,0.0,0.0,0.0,-0.3392483733563978,-0.25089107997418486,-0.6970408700152354,0.76,2.68,8.81,1.074,0.8420983552932739,0.0,0.0814957597758621,1.0,1.0,7.7,0.169,True,True,False
19.453394651412964,stop_after_010,1.4533946514129639,0.0,0.0,0.0,-0.40251655874119224,-0.06763150851478027,-0.6141377305455047,0.22,0.52,6.48,0.9210000000000002,0.7047947645187378,0.0,0.04610638692975044,1.0,1.0,7.7,0.169,True,True,False
19.47376775741577,stop_after_010,1.4737677574157715,0.0,0.0,0.0,-0.5650503453331642,-0.08617563181722002,-0.32179508083645453,0.02,0.66,8.61,1.074,0.7095032334327698,0.0,0.04420475475490093,1.0,1.0,7.7,0.169,True,True,False
19.49413537979126,stop_after_010,1.4941353797912598,0.0,0.0,0.0,-0.6152285613280012,-0.2007128639793479,-0.05890486225480862,-0.06,0.88,9.06,1.074,0.77064049243927,0.0,0.07687908969819546,1.0,1.0,7.7,0.169,True,True,False
19.51462173461914,stop_after_010,1.5146217346191406,0.0,0.0,0.0,-0.21380283336930536,0.055632369907319255,0.1810779098944117,-0.06,0.88,9.06,0.844,0.9102482795715332,0.0,0.06750438967719674,1.0,1.0,7.7,0.169,True,True,False
19.534991979599,stop_after_010,1.534991979598999,0.0,0.0,0.0,0.12326387842209953,0.37088246604879505,0.7112216701876893,0.72,-2.25,8.18,1.227,0.8818914294242859,0.0,0.03266441076993942,1.0,1.0,7.7,0.169,True,True,False
19.555399656295776,stop_after_010,1.5553996562957764,0.0,0.0,0.0,0.14508049407202864,0.001090830782496456,0.7504915783575618,3.13,-2.0100000000000002,7.49,1.6110000000000002,0.8357700109481812,0.0,0.0408420180901885,1.0,1.0,7.7,0.169,True,True,False
19.575773239135742,stop_after_010,1.5757732391357422,0.0,0.0,0.0,-0.12980886311707826,0.17235126363444003,0.6534076387153771,1.41,-0.87,4.61,1.688,0.8333823680877686,0.0,0.042285291478037834,1.0,1.0,7.7,0.169,True,True,False
19.596163511276245,stop_after_010,1.5961635112762451,0.0,0.0,0.0,-0.4079707126536745,-0.23889194136672387,0.4134248665661568,1.41,-0.87,4.61,1.227,0.8528213500976562,0.0,0.03356832265853882,1.0,1.0,7.7,0.169,True,True,False
19.61654305458069,stop_after_010,1.6165430545806885,0.0,0.0,0.0,-0.619591884457987,-0.36324665057131983,0.16689710972195776,1.41,-0.87,4.61,0.844,0.8619112968444824,0.0,0.03215975407510996,1.0,1.0,7.5,0.7789999999999999,True,True,False
19.636907815933228,stop_after_010,1.6369078159332275,0.0,0.0,0.0,-0.6806784082777885,0.48651052899341934,-0.23343778745424157,-2.27,3.11,7.8100000000000005,0.9210000000000002,0.8260729908943176,0.0,0.03491159062832594,1.0,1.0,7.5,0.7789999999999999,True,True,False
19.657273769378662,stop_after_010,1.657273769378662,0.0,0.0,0.0,-0.10144726277217041,0.11235557059713497,-0.5497787143782138,-1.3900000000000001,-1.24,9.13,0.9970000000000001,0.8337185382843018,0.0,0.042655142955482006,1.0,1.0,7.5,0.7789999999999999,True,True,False
19.67765235900879,stop_after_010,1.677652359008789,0.0,0.0,0.0,-0.04799655442984406,0.40251655874119224,-0.5650503453331642,-1.3900000000000001,-1.24,9.13,1.074,0.8841760158538818,0.0,0.012755122035741806,1.0,1.0,7.5,0.7789999999999999,True,True,False
19.698103666305542,stop_after_010,1.698103666305542,0.0,0.0,0.0,-0.17453292519943295,0.3883357585687383,-0.729765793490129,0.52,-0.5,9.8,1.074,0.880898118019104,0.0,0.011611100286245346,1.0,1.0,7.5,0.7789999999999999,True,True,False
19.71860432624817,stop_after_010,1.718604326248169,0.0,0.0,0.0,-0.17453292519943295,0.3883357585687383,-0.729765793490129,-1.19,-2.67,9.14,0.9210000000000002,0.8944070339202881,0.0,0.013966966420412064,1.0,1.0,7.5,0.7789999999999999,True,True,False
19.73897647857666,stop_after_010,1.7389764785766602,0.0,0.0,0.0,0.2901609881440573,0.22143864884678055,0.06544984694978735,-0.96,-1.6400000000000001,7.11,0.6899999999999998,0.795574963092804,0.0,0.03505547717213631,1.0,1.0,7.5,0.7789999999999999,True,True,False
19.75934410095215,stop_after_010,1.7593441009521484,0.0,0.0,0.0,0.20943951023931956,-0.003272492347489368,0.2694352032766246,0.34,-1.95,8.11,0.384,0.7779515981674194,0.0,0.07012734934687614,1.0,1.0,7.5,0.7789999999999999,True,True,False
19.77980136871338,stop_after_010,1.779801368713379,0.0,0.0,0.0,-0.04581489286485115,0.009817477042468103,0.38724492778624187,-0.5700000000000001,-1.36,8.950000000000001,0.307,0.8078852295875549,0.0,0.0486895889043808,1.0,1.0,7.5,0.7789999999999999,True,True,False
19.800173044204712,stop_after_010,1.800173044204712,0.0,0.0,0.0,0.018544123302439753,0.013089969389957472,0.5323254218582705,-0.71,-0.59,8.92,0.6899999999999998,0.8549590706825256,0.0,0.018421851098537445,1.0,1.0,7.5,0.7789999999999999,True,True,False
19.820552349090576,stop_after_010,1.8205523490905762,0.0,0.0,0.0,0.004363323129985824,0.011999138607461015,0.20725784867432664,-0.3,-0.46,8.83,1.227,0.8523976802825928,0.0,0.034776560962200165,0.0,1.0,7.6,0.533,True,True,False
19.844793558120728,stop_after_010,1.8447935581207275,0.0,0.0,0.0,0.06544984694978735,-0.038179077387375956,-0.05890486225480862,-0.4,-1.9000000000000001,7.69,1.765,0.7809129953384399,0.0,0.06213207729160786,1.0,1.0,7.6,0.533,True,True,False
19.865146160125732,stop_after_010,1.8651461601257324,0.0,0.0,0.0,0.36760997370130566,-0.23671027980173096,-0.055632369907319255,-0.22,-2.0,8.8,1.534,0.7578237652778625,0.0,0.07026340393349528,1.0,1.0,7.6,0.533,True,True,False
19.885905742645264,stop_after_010,1.8859057426452637,0.0,0.0,0.0,0.7952156404399164,-0.24216443371421323,-0.1810779098944117,-0.22,-2.0,8.8,0.844,0.7785072326660156,0.0,0.037927505094558,1.0,1.0,7.6,0.533,True,True,False
19.906272649765015,stop_after_010,1.9062726497650146,0.0,0.0,0.0,0.9250245035569946,-0.09817477042468103,-0.16035212502697901,-0.22,-2.0,8.8,0.384,0.7752239108085632,0.0,0.03837116528302431,1.0,1.0,7.6,0.533,True,True,False
19.926639556884766,stop_after_010,1.9266395568847656,0.0,0.0,0.0,0.779944009484966,0.07853981633974483,-0.2007128639793479,-0.22,-2.0,8.8,1.151,0.6766276955604553,0.0,0.02188105508685112,1.0,0.0,7.6,0.533,True,True,False
19.947115898132324,stop_after_010,1.9471158981323242,0.0,0.0,0.0,0.30543261909900765,0.07308566242726255,-0.39051742013373125,-0.22,-2.0,8.8,1.458,0.5025460720062256,0.0,0.0641473289579153,1.0,0.0,7.6,0.533,True,True,False
19.967488050460815,stop_after_010,1.9674880504608154,0.0,0.0,0.0,0.1265363707695889,-0.003272492347489368,-0.4134248665661568,-0.22,-2.0,8.8,1.6110000000000002,0.6876881718635559,0.0,0.050236526876688004,1.0,1.0,7.6,0.533,True,True,False
19.987884998321533,stop_after_010,1.9878849983215332,0.0,0.0,0.0,-0.25089107997418486,-0.08508480103472356,-0.6239552075879728,0.25,1.92,6.8500000000000005,1.304,0.7240009903907776,0.0,0.03917942970292643,1.0,1.0,7.6,0.533,True,True,False
20.008277893066406,forward_015,0.00827789306640625,0.15,0.0,0.0,-0.25089107997418486,-0.08508480103472356,-0.6239552075879728,0.36,0.92,7.17,0.9970000000000001,0.9065473675727844,0.0,0.05980595387518406,1.0,1.0,7.6,0.533,True,True,False
20.028708934783936,forward_015,0.028708934783935547,0.15,0.0,0.0,-0.3523383427463553,-0.001090830782496456,-0.11671889372712078,0.43,2.3000000000000003,8.43,0.767,0.8491429686546326,0.0,0.029367748647928238,1.0,1.0,7.7,0.136,True,True,False
20.049122095108032,forward_015,0.04912209510803223,0.15,0.0,0.0,-0.2378011105842274,0.017453292519943295,-0.028361600344907856,-0.32,0.96,8.39,0.767,0.8946568369865417,0.0,0.04698152840137482,1.0,1.0,7.7,0.136,True,True,False
20.07039713859558,forward_015,0.07039713859558105,0.15,0.0,0.0,-0.2923426497090502,0.19962203319685143,0.06981317007977318,-0.86,0.58,8.23,0.614,0.8369525671005249,0.0,0.0612148754298687,1.0,1.0,7.7,0.136,True,True,False
20.09076690673828,forward_015,0.09076690673828125,0.15,0.0,0.0,-0.2301652951067522,0.36760997370130566,0.28579766501407144,-0.86,0.58,8.23,0.6899999999999998,0.6809996366500854,0.0,0.06152176111936569,1.0,1.0,7.7,0.136,True,True,False
20.111202716827393,forward_015,0.11120271682739258,0.15,0.0,0.0,0.044724062082354694,0.607592745850526,0.4439681284760576,0.91,-0.21,9.59,0.9970000000000001,0.583332896232605,0.0,0.0862024836242199,1.0,1.0,7.7,0.136,True,True,False
20.131568670272827,forward_015,0.13156867027282715,0.15,0.0,0.0,0.1308996938995747,0.039269908169872414,0.19634954084936207,1.69,-1.84,7.140000000000001,1.458,0.7949906587600708,0.0,0.06461840122938156,1.0,1.0,7.7,0.136,True,True,False
20.151943922042847,forward_015,0.15194392204284668,0.15,0.0,0.0,-0.20616701789183017,-0.018544123302439753,0.2530727415391778,-0.4,-2.68,7.11,1.381,0.8595589995384216,0.0,0.03847461938858032,1.0,1.0,7.7,0.136,True,True,False
20.172328233718872,forward_015,0.17232823371887207,0.15,0.0,0.0,-0.6850417314077744,-0.055632369907319255,0.18435040224190105,-0.4,-2.68,7.11,0.767,0.9148384928703308,0.0,0.047488559037446976,1.0,1.0,7.7,0.136,True,True,False
20.192697525024414,forward_015,0.19269752502441406,0.15,0.0,0.0,-0.8999353955595761,0.05126904677733343,-0.07526732399225546,-0.4,-2.68,7.11,0.9210000000000002,0.9119829535484314,0.0,0.025050846859812737,1.0,1.0,7.7,0.136,True,True,False
20.213058471679688,forward_015,0.2130584716796875,0.15,0.0,0.0,-0.5181446216858165,0.1461713248545251,-0.006544984694978736,0.32,2.2,9.08,0.9970000000000001,0.9361806511878967,0.0,0.031032630242407322,1.0,1.0,7.7,0.136,True,True,False
20.233502626419067,forward_015,0.23350262641906738,0.15,0.0,0.0,-0.33815754257390135,0.3097959422289935,0.1712604328519436,0.32,2.2,9.08,1.151,0.866561770439148,0.0,0.04072423931211233,1.0,1.0,7.6,0.38800000000000007,True,True,False
20.253875255584717,forward_015,0.2538752555847168,0.15,0.0,0.0,-0.01090830782496456,0.33161255787892263,0.25743606466916363,0.32,2.2,9.08,1.381,0.7313787341117859,0.0,0.02162928879261017,1.0,1.0,7.6,0.38800000000000007,True,True,False
20.274261236190796,forward_015,0.2742612361907959,0.15,0.0,0.0,0.11126473981463851,0.3534291735288517,-0.17671458676442586,0.64,-0.79,6.2,1.304,0.7515105605125427,0.0,0.03370634466409683,1.0,1.0,7.6,0.38800000000000007,True,True,False
20.29463815689087,forward_015,0.29463815689086914,0.15,0.0,0.0,0.23125612588924865,0.18980455615438332,-0.41015237421866746,0.23,-1.42,8.53,0.767,0.7623988389968872,0.0,0.028937499038875103,1.0,1.0,7.6,0.38800000000000007,True,True,False
20.315009832382202,forward_015,0.31500983238220215,0.15,0.0,0.0,0.4374231437810788,0.35997415822383044,-0.003272492347489368,-1.74,-2.49,9.01,0.614,0.7607166171073914,0.0,0.04273792292224243,1.0,1.0,7.6,0.38800000000000007,True,True,False
20.335397481918335,forward_015,0.33539748191833496,0.15,0.0,0.0,0.29888763440402893,0.28034351110158917,-0.18762289458939044,-1.6,-3.38,8.16,0.767,0.7150063514709473,0.0,0.09062965278280899,1.0,1.0,7.6,0.38800000000000007,True,True,False
20.355831146240234,forward_015,0.3558311462402344,0.15,0.0,0.0,0.14726215563702155,0.09817477042468103,-0.19525871006686563,-1.72,-1.93,8.83,0.9210000000000002,0.7957948446273804,0.0,0.05277254804968834,0.0,1.0,7.6,0.38800000000000007,True,True,False
20.376343727111816,forward_015,0.3763437271118164,0.15,0.0,0.0,-0.11780972450961724,0.031634092692397225,0.08944812416470939,-1.58,-2.48,8.88,1.227,0.8136154413223267,0.0,0.04270674288272858,0.0,1.0,7.6,0.38800000000000007,True,True,False
20.39680767059326,forward_015,0.3968076705932617,0.15,0.0,0.0,-0.16035212502697901,-0.05781403147231216,0.4134248665661568,-2.05,-1.54,8.0,1.688,0.8105654716491699,0.0,0.03722582012414932,0.0,1.0,7.6,0.38800000000000007,True,True,False
20.41725254058838,forward_015,0.4172525405883789,0.15,0.0,0.0,-0.05672320068981571,-0.16471544815696484,0.3839724354387525,-2.11,-1.43,7.75,1.6110000000000002,0.882023274898529,0.0,0.05506395548582077,0.0,1.0,7.6,0.38800000000000007,True,True,False
20.43762516975403,forward_015,0.4376251697540283,0.15,0.0,0.0,0.272707695624114,-0.35452000431134817,0.07308566242726255,-1.1400000000000001,-2.31,7.82,1.151,0.9198436737060547,0.0,0.022759411484003067,1.0,1.0,7.4,0.904,True,True,False
20.45833730697632,forward_015,0.45833730697631836,0.15,0.0,0.0,0.7395832705325971,-0.45160394395353276,-0.12762720155208535,-0.55,-3.2,8.64,0.9210000000000002,0.9398787021636963,0.0,0.034559749998152256,1.0,1.0,7.4,0.904,True,True,False
20.478735208511353,forward_015,0.47873520851135254,0.15,0.0,0.0,1.0297442586766545,-0.7930339788749234,-0.3043417883165112,-0.55,-3.2,8.64,1.304,0.9531298279762268,0.07142857142857142,0.01953175663948059,1.0,1.0,7.4,0.904,True,True,False
20.499099731445312,forward_015,0.4990997314453125,0.15,0.0,0.0,1.076649982324002,-0.7668540400950086,-0.11453723216212788,-0.55,-3.2,8.64,0.9210000000000002,0.9539222717285156,0.07142857142857142,0.017852952238172293,1.0,0.0,7.4,0.904,True,True,False
20.519476652145386,forward_015,0.5194766521453857,0.15,0.0,0.0,0.31525009614147576,0.17016960206944712,-0.9948376736367679,-0.55,-3.2,8.64,1.304,0.9165417551994324,0.0,0.046514905989170074,1.0,1.0,7.4,0.904,True,True,False
20.53985047340393,forward_015,0.5398504734039307,0.15,0.0,0.0,0.05890486225480862,-0.13962634015954636,-1.3231777391682011,-0.78,3.0700000000000003,8.07,1.151,0.8346208930015564,0.0,0.030802985187619925,1.0,1.0,7.4,0.904,True,True,False
20.560373544692993,forward_015,0.5603735446929932,0.15,0.0,0.0,0.13199052468207118,-0.3174317577064687,-1.2380929381334775,2.08,0.73,7.21,0.9210000000000002,0.8521752953529358,0.0,0.04747205600142479,1.0,1.0,7.4,0.904,True,True,False
20.58084535598755,forward_015,0.5808453559875488,0.15,0.0,0.0,-0.11235557059713497,0.08072147790473774,-1.3079061082132506,-0.3,-1.1500000000000001,5.91,0.767,0.7995173931121826,0.0,0.03447011113166809,1.0,1.0,7.4,0.904,True,True,False
20.60121202468872,forward_015,0.6012120246887207,0.15,0.0,0.0,-0.1461713248545251,-0.4341506514335895,-0.5083271446433485,-0.3,-1.1500000000000001,5.91,0.9210000000000002,0.8216530680656433,0.0,0.06308194063603878,1.0,1.0,7.4,0.904,True,True,False
20.621704578399658,forward_015,0.6217045783996582,0.15,0.0,0.0,0.29670597283903605,-0.3043417883165112,0.1308996938995747,0.65,0.8300000000000001,9.64,0.9210000000000002,0.7851201295852661,0.0,0.051865290850400925,1.0,1.0,7.4,0.904,True,True,False
20.642207145690918,forward_015,0.642207145690918,0.15,0.0,0.0,0.31634092692397225,-0.29888763440402893,0.5170537909033202,0.24,0.5700000000000001,6.98,1.227,0.7475494146347046,0.0,0.06604762375354767,1.0,1.0,7.7,0.279,True,True,False
20.66257333755493,forward_015,0.6625733375549316,0.15,0.0,0.0,0.1559888018969932,-0.20616701789183017,0.6959500392327389,0.24,0.5700000000000001,6.98,1.6110000000000002,0.7523759007453918,0.0,0.038618188351392746,1.0,1.0,7.7,0.279,True,True,False
20.682950973510742,forward_015,0.6829509735107422,0.15,0.0,0.0,-0.09708393964218458,0.09490227807719166,0.9861110273767962,0.28,1.31,8.61,1.995,0.7551817893981934,0.0,0.05785968527197838,1.0,0.0,7.7,0.279,True,True,False
20.703316926956177,forward_015,0.7033169269561768,0.15,0.0,0.0,-0.35015668118136234,0.07417649320975901,0.9926560120717749,0.31,0.9500000000000001,8.07,1.918,0.8992008566856384,0.0,0.08992016315460205,1.0,0.0,7.7,0.279,True,True,False
20.723713397979736,forward_015,0.7237133979797363,0.15,0.0,0.0,-0.6970408700152354,0.07744898555724837,1.119192382841364,0.27,1.62,9.25,1.227,0.9451133012771606,0.0,0.04465677961707115,1.0,0.0,7.7,0.279,True,True,False
20.744139194488525,forward_015,0.7441391944885254,0.15,0.0,0.0,-1.2457287536109527,0.12544553998709243,1.102829921103917,0.27,1.62,9.25,1.227,0.9211006164550781,0.0,0.020334002561867237,1.0,1.0,7.7,0.279,True,True,False
20.76460361480713,forward_015,0.7646036148071289,0.15,0.0,0.0,-1.265363707695889,0.17562375598192942,1.054833366674073,0.27,1.62,9.25,1.458,0.8568005561828613,0.0,0.024853025563061237,1.0,1.0,7.7,0.279,True,True,False
20.78497314453125,forward_015,0.78497314453125,0.15,0.0,0.0,-1.0188359508516898,0.5846852994181004,1.0090184738092218,0.27,1.62,9.25,2.225,0.7725008130073547,0.0,0.02065393701195717,0.0,1.0,7.7,0.279,True,True,False
20.805351495742798,forward_015,0.8053514957427979,0.15,0.0,0.0,-0.43196898986859655,0.7046766854927106,0.8039422866998881,0.27,1.62,9.25,2.148,0.7454057931900024,0.0,0.02476802095770836,0.0,1.0,7.7,0.279,True,True,False
20.82573175430298,forward_015,0.8257317543029785,0.15,0.0,0.0,-0.13526301702956053,0.36760997370130566,0.3817907738737596,-0.73,-2.35,6.8100000000000005,1.304,0.7343191504478455,0.0,0.025301112327724695,0.0,1.0,7.7,0.279,True,True,False
20.84609580039978,forward_015,0.8460958003997803,0.15,0.0,0.0,-0.14508049407202864,0.5421428989007386,0.11235557059713497,0.5700000000000001,-2.71,4.88,0.844,0.722249448299408,0.0,0.047302255406975746,0.0,1.0,7.7,0.266,True,True,False
20.866466760635376,forward_015,0.866466760635376,0.15,0.0,0.0,-0.04036073895236887,0.3097959422289935,-0.18653206380689397,-3.06,-5.42,7.84,0.537,0.7458157539367676,0.0,0.06119884364306927,0.0,1.0,7.7,0.266,True,True,False
20.886849641799927,forward_015,0.8868496417999268,0.15,0.0,0.0,0.24107360293171676,0.04363323129985824,0.08726646259971647,-1.72,-3.3000000000000003,9.26,0.614,0.6325533986091614,0.0,0.06173178553581238,0.0,1.0,7.7,0.266,True,True,False
20.907219886779785,forward_015,0.9072198867797852,0.15,0.0,0.0,0.16907877128695067,0.32070425005395803,0.27598018797160334,-1.6300000000000001,-3.63,8.35,1.227,0.7906250357627869,0.0,0.02933821827173233,0.0,1.0,7.7,0.266,True,True,False
20.92759108543396,forward_015,0.92759108543396,0.15,0.0,0.0,0.020725784867432664,0.20398535632683726,0.15707963267948966,-1.3900000000000001,-3.54,9.01,1.534,0.8303496837615967,0.0,0.03456123545765877,0.0,1.0,7.7,0.266,True,True,False
20.94809341430664,forward_015,0.9480934143066406,0.15,0.0,0.0,-0.07635815477475191,0.08944812416470939,0.136353847812057,-1.56,-2.46,7.8100000000000005,2.302,0.8380857706069946,0.0,0.048875934444367886,0.0,1.0,7.7,0.266,True,True,False
20.968491554260254,forward_015,0.9684915542602539,0.15,0.0,0.0,0.10144726277217041,0.030543261909900768,0.21271200258680892,-1.12,-1.9000000000000001,7.07,2.148,0.8383913636207581,0.0,0.04930512420833111,0.0,1.0,7.7,0.266,True,True,False
20.98885440826416,forward_015,0.9888544082641602,0.15,0.0,0.0,0.5781403147231217,-0.1559888018969932,0.04581489286485115,-2.22,-2.1,6.65,1.534,0.886782705783844,0.0,0.01863759383559227,1.0,1.0,7.7,0.266,True,True,False
21.0092511177063,forward_015,1.0092511177062988,0.15,0.0,0.0,0.8584838258247108,-0.5759586531581288,-0.2683443724941282,-0.35000000000000003,-3.66,8.01,1.458,0.9440759420394897,0.0,0.027480613440275192,1.0,1.0,7.7,0.266,True,True,False
21.029666900634766,forward_015,1.0296669006347656,0.15,0.0,0.0,1.119192382841364,-0.6883142237552637,-0.04036073895236887,-0.08,-3.39,7.76,0.767,0.9390792846679688,0.0,0.021912695840001106,1.0,0.0,7.7,0.266,True,True,False
21.050040245056152,forward_015,1.0500402450561523,0.15,0.0,0.0,1.2522737383059315,-0.729765793490129,0.17453292519943295,-0.08,-3.39,7.76,1.151,0.9432610869407654,0.0,0.01576825976371765,1.0,0.0,7.6,0.47400000000000003,True,True,False
21.07041335105896,forward_015,1.07041335105896,0.15,0.0,0.0,0.495237175253391,-0.07417649320975901,-0.07526732399225546,-0.08,-3.39,7.76,1.381,0.9268994331359863,0.0,0.028645897284150124,1.0,0.0,7.6,0.47400000000000003,True,True,False
21.0907781124115,forward_015,1.090778112411499,0.15,0.0,0.0,0.09926560120717749,-0.2879793265790644,-0.631591023065448,-0.16,3.65,6.47,1.304,0.8584487438201904,0.0,0.04284533113241196,1.0,1.0,7.6,0.47400000000000003,True,True,False
21.111196517944336,forward_015,1.111196517944336,0.15,0.0,0.0,0.16798794050445423,-0.28034351110158917,-0.7384924397501007,1.09,2.5100000000000002,8.91,1.074,0.7612157464027405,0.0,0.03466228395700455,1.0,1.0,7.6,0.47400000000000003,True,True,False
21.131569862365723,forward_015,1.1315698623657227,0.15,0.0,0.0,-0.031634092692397225,0.032724923474893676,-0.5323254218582705,-0.5700000000000001,0.9400000000000001,6.25,0.844,0.7465552687644958,0.0,0.0318914745002985,1.0,0.0,7.6,0.47400000000000003,True,True,False
21.15202784538269,forward_015,1.1520278453826904,0.15,0.0,0.0,-0.031634092692397225,0.032724923474893676,-0.5323254218582705,-0.5700000000000001,0.9400000000000001,6.25,0.767,0.8178789019584656,0.0,0.057798366993665695,1.0,1.0,7.6,0.47400000000000003,True,True,False
21.172404527664185,forward_015,1.1724045276641846,0.15,0.0,0.0,0.32179508083645453,-0.04363323129985824,0.05235987755982989,0.47000000000000003,1.68,7.25,0.844,0.8098362684249878,0.0,0.06178518198430538,1.0,1.0,7.6,0.47400000000000003,True,True,False
21.192785263061523,forward_015,1.1927852630615234,0.15,0.0,0.0,0.3370667117914049,-0.09599310885968812,0.15817046346198613,0.31,1.54,7.26,1.227,0.704691469669342,0.0,0.05412398464977741,1.0,1.0,7.6,0.47400000000000003,True,True,False
21.21316623687744,forward_015,1.2131662368774414,0.15,0.0,0.0,0.03490658503988659,-0.12762720155208535,0.2650718801466388,-0.17,0.9400000000000001,9.28,1.458,0.7876811623573303,0.0,0.044781554490327835,1.0,1.0,7.6,0.47400000000000003,True,True,False
21.233550786972046,forward_015,1.233550786972046,0.15,0.0,0.0,-0.17453292519943295,0.050178215994836975,0.4636030825609938,0.32,1.35,8.88,1.688,0.7259460687637329,0.0,0.03511594235897064,1.0,1.0,7.6,0.47400000000000003,True,True,False
21.253924131393433,forward_015,1.2539241313934326,0.15,0.0,0.0,-0.22362031041177347,0.06981317007977318,0.5585053606381855,-0.71,0.44,6.91,1.688,0.8797181248664856,0.0,0.07067839428782463,1.0,0.0,7.6,0.37,True,True,False
21.274296522140503,forward_015,1.274296522140503,0.15,0.0,0.0,-0.4537856055185257,-0.05235987755982989,0.6043202535030366,-0.39,0.34,8.88,1.381,0.9386659264564514,0.0,0.04709156975150108,1.0,0.0,7.6,0.37,True,True,False
21.29467797279358,forward_015,1.294677972793579,0.15,0.0,0.0,-0.9708393964218458,0.14835298641951802,0.8464846872172498,-0.26,-0.32,9.3,1.765,0.9130606055259705,0.0,0.025616470724344254,1.0,1.0,7.6,0.37,True,True,False
21.31511950492859,forward_015,1.3151195049285889,0.15,0.0,0.0,-1.2697270308258748,0.11344640137963143,0.7984881327874057,0.09,4.16,9.24,1.074,0.8869327306747437,0.0,0.028634821996092796,1.0,1.0,7.6,0.37,True,True,False
21.335490465164185,forward_015,1.3354904651641846,0.15,0.0,0.0,-1.2010046915285981,0.19416787928436915,0.6544984694978736,0.09,4.16,9.24,1.688,0.8805334568023682,0.0,0.018328429199755192,0.0,1.0,7.6,0.37,True,True,False
21.355857849121094,forward_015,1.3558578491210938,0.15,0.0,0.0,-0.9130253649495337,0.45705809786601503,0.19744037163185854,0.09,4.16,9.24,2.148,0.7620036602020264,0.0,0.02212875336408615,0.0,1.0,7.6,0.37,True,True,False
21.376235961914062,forward_015,1.3762359619140625,0.15,0.0,0.0,-0.19744037163185854,0.7548549014875475,-0.003272492347489368,0.18,-0.71,9.290000000000001,1.381,0.6883686780929565,0.0,0.02651350572705269,0.0,1.0,7.6,0.37,True,True,False
21.396609783172607,forward_015,1.3966097831726074,0.15,0.0,0.0,-0.13853550937704992,0.2203478180642841,-0.3621558197888234,-0.61,-3.19,3.58,0.614,0.7206414341926575,0.0,0.04360397346317768,0.0,1.0,7.6,0.37,True,True,False
21.41704559326172,forward_015,1.4170455932617188,0.15,0.0,0.0,-0.020725784867432664,0.4374231437810788,-0.5105088062083414,-1.18,-3.89,8.14,0.537,0.685951828956604,0.0,0.05343861132860184,0.0,1.0,7.6,0.37,True,True,False
21.437416076660156,forward_015,1.4374160766601562,0.15,0.0,0.0,0.13199052468207118,0.46469391334349025,-0.30652344988150415,-1.97,-4.3100000000000005,7.19,0.844,0.6121256947517395,0.0,0.05371499061584473,0.0,1.0,7.6,0.37,True,True,False
21.457789421081543,forward_015,1.457789421081543,0.15,0.0,0.0,0.32506757318394386,0.26398104936414235,0.18871372537188688,-1.97,-4.3100000000000005,7.19,1.304,0.6630687117576599,0.0,0.07071720156818628,0.0,1.0,7.4,0.77,True,True,False
21.478786945343018,forward_015,1.4787869453430176,0.15,0.0,0.0,0.14180800172453928,0.30543261909900765,0.06981317007977318,-1.16,-2.49,6.5,1.458,0.8069502115249634,0.0,0.05620076972991228,0.0,1.0,7.4,0.77,True,True,False
21.49923086166382,forward_015,1.4992308616638184,0.15,0.0,0.0,0.09817477042468103,0.008726646259971648,0.04690572364734761,-1.4000000000000001,-2.54,8.93,2.071,0.8462490439414978,0.0,0.04502581851556897,0.0,1.0,7.4,0.77,True,True,False
21.519670486450195,forward_015,1.5196704864501953,0.15,0.0,0.0,0.4188790204786391,-0.12326387842209953,0.12871803233458182,-1.97,-2.54,8.22,1.841,0.7884992361068726,0.0,0.03403158113360405,1.0,1.0,7.4,0.77,True,True,False
21.54004406929016,forward_015,1.5400440692901611,0.15,0.0,0.0,0.6763150851478027,-0.26398104936414235,-0.21380283336930536,-2.85,-2.63,8.22,1.534,0.8917520046234131,0.0,0.046393550001084805,1.0,1.0,7.4,0.77,True,True,False
21.560406923294067,forward_015,1.5604069232940674,0.15,0.0,0.0,1.036289243371633,-0.48432886742842646,-0.27707101875409984,-0.6900000000000001,-2.5100000000000002,6.91,0.9210000000000002,0.9299769997596741,0.0,0.024773746728897095,1.0,1.0,7.4,0.77,True,True,False
21.58092713356018,forward_015,1.5809271335601807,0.15,0.0,0.0,1.08646745936647,-0.4734205596034619,0.008726646259971648,-0.6900000000000001,-2.5100000000000002,6.91,1.074,0.9385738372802734,0.0,0.02041861042380333,1.0,1.0,7.4,0.77,True,True,False
21.601382970809937,forward_015,1.6013829708099365,0.15,0.0,0.0,0.5792311455056182,0.3643374813538163,-0.8759371183446542,-0.6900000000000001,-2.5100000000000002,6.91,1.151,0.8912683725357056,0.0,0.056254131719470024,1.0,0.0,7.4,0.77,True,True,False
21.62175703048706,forward_015,1.6217570304870605,0.15,0.0,0.0,0.5050546522958591,-0.12980886311707826,-1.4060808786379317,-0.6900000000000001,-2.5100000000000002,6.91,1.304,0.9387750625610352,0.0,0.031936273677274585,1.0,1.0,7.4,0.77,True,True,False
21.64220952987671,forward_015,1.642209529876709,0.15,0.0,0.0,0.358883327441334,-0.09053895494720585,-1.4704398948052226,-0.6900000000000001,-2.5100000000000002,6.91,1.074,0.8892070651054382,0.0,0.01901345932856202,1.0,1.0,7.4,0.77,True,True,False
21.662602424621582,forward_015,1.662602424621582,0.15,0.0,0.0,0.11671889372712078,0.18435040224190105,-1.3908092476829814,-0.35000000000000003,0.32,3.77,0.9970000000000001,0.7810379862785339,0.0,0.0382971465587616,1.0,1.0,7.7,0.18100000000000002,True,True,False
21.682964086532593,forward_015,1.6829640865325928,0.15,0.0,0.0,0.04254240051736178,-0.4046982203061852,-0.8759371183446542,1.6400000000000001,-0.72,9.3,0.844,0.8745654225349426,0.0,0.056390369310975075,1.0,1.0,7.7,0.18100000000000002,True,True,False
21.70338749885559,forward_015,1.7033874988555908,0.15,0.0,0.0,0.20180369476184434,-0.17998707911191522,-0.044724062082354694,1.6400000000000001,-0.72,9.3,0.767,0.8414704203605652,0.0,0.04289063811302185,1.0,1.0,7.7,0.18100000000000002,True,True,False
21.723881244659424,forward_015,1.7238812446594238,0.15,0.0,0.0,0.21598449493429828,-0.013089969389957472,0.38069994309126315,-1.44,0.23,6.97,0.9210000000000002,0.8444753289222717,0.0,0.10360922291874886,1.0,1.0,7.7,0.18100000000000002,True,True,False
21.74436092376709,forward_015,1.7443609237670898,0.15,0.0,0.0,0.038179077387375956,0.04908738521234052,0.4690572364734761,0.14,0.74,6.44,0.9970000000000001,0.7177398204803467,0.0,0.040608104318380356,1.0,1.0,7.7,0.18100000000000002,True,True,False
21.76473116874695,forward_015,1.7647311687469482,0.15,0.0,0.0,0.003272492347489368,0.20289452554434081,0.5781403147231217,0.14,0.74,6.44,1.227,0.7158820629119873,0.0,0.032098568975925446,1.0,1.0,7.7,0.18100000000000002,True,True,False
21.785146951675415,forward_015,1.785146951675415,0.15,0.0,0.0,0.04581489286485115,0.7003133623627247,0.7515824091400581,-0.88,1.1300000000000001,8.56,1.995,0.8051275610923767,0.0,0.07819024310447276,1.0,0.0,7.7,0.18100000000000002,True,True,False
21.805620670318604,forward_015,1.8056206703186035,0.15,0.0,0.0,-0.1407171709420428,0.6424993308904126,0.856302164259718,-0.88,1.1300000000000001,8.56,1.918,0.8339830636978149,0.0,0.0860749538987875,1.0,0.0,7.7,0.18100000000000002,True,True,False
21.82599663734436,forward_015,1.8259966373443604,0.15,0.0,0.0,-0.7188574856651645,0.4537856055185257,0.5050546522958591,-1.23,2.07,9.33,1.6110000000000002,0.9017606377601624,0.0,0.027327377349138253,1.0,0.0,7.7,0.18100000000000002,True,True,False
21.846372842788696,forward_015,1.8463728427886963,0.15,0.0,0.0,-1.100648259538924,0.4112432050011639,0.272707695624114,-0.78,2.56,8.22,1.841,0.8392717242240906,0.0,0.022301265504211187,1.0,1.0,7.7,0.18100000000000002,True,True,False
21.866731643676758,forward_015,1.8667316436767578,0.15,0.0,0.0,-0.9555677654668955,0.5672320068981571,0.56941366846315,-1.27,1.8900000000000001,9.32,1.458,0.8045234680175781,0.0,0.02386686811223626,1.0,1.0,7.5,1.001,True,True,False
21.88710045814514,forward_015,1.8871004581451416,0.15,0.0,0.0,-0.8988445647770797,0.6032294227205401,0.6206827152404835,-1.27,1.8900000000000001,9.32,1.151,0.7919390201568604,0.0,0.006647851318120956,1.0,1.0,7.5,1.001,True,True,False
21.907464265823364,forward_015,1.9074642658233643,0.15,0.0,0.0,-0.878118779909647,0.7395832705325971,0.4734205596034619,-1.27,1.8900000000000001,9.32,1.381,0.7686347961425781,0.0,0.024002037942409515,0.0,1.0,7.5,1.001,True,True,False
21.9279043674469,forward_015,1.9279043674468994,0.15,0.0,0.0,-0.3948807432637171,0.7581273938350369,0.9217520112095053,-1.27,1.8900000000000001,9.32,1.227,0.7751597166061401,0.0,0.01841481775045395,0.0,1.0,7.5,1.001,True,True,False
21.948402881622314,forward_015,1.9484028816223145,0.15,0.0,0.0,-0.3959715740462135,0.025089107997418487,0.3327033886614191,1.49,-0.76,7.28,0.767,0.7028553485870361,0.0,0.051702067255973816,0.0,1.0,7.5,1.001,True,True,False
21.968815565109253,forward_015,1.968815565109253,0.15,0.0,0.0,-0.35015668118136234,-0.10144726277217041,0.1189005552921137,-0.32,-4.09,6.21,0.537,0.7274064421653748,0.0,0.06202103942632675,0.0,1.0,7.5,1.001,True,True,False
21.98917818069458,forward_015,1.98917818069458,0.15,0.0,0.0,-0.31306843457648287,-0.5268712679457882,0.5552328682906961,-0.32,-4.09,6.21,0.46,0.7502736449241638,0.0,0.04207473248243332,0.0,1.0,7.5,1.001,True,True,False
22.009543895721436,forward_015,2.0095438957214355,0.15,0.0,0.0,-0.19853120241435498,-0.3119776037939864,0.5443245604657315,-2.77,-2.69,8.52,0.844,0.7729490995407104,0.0,0.049413057044148445,0.0,1.0,7.5,1.001,True,True,False
22.029913902282715,forward_015,2.029913902282715,0.15,0.0,0.0,-0.2007128639793479,-0.17016960206944712,0.2792526803190927,-1.48,-2.29,6.91,1.381,0.7650682330131531,0.0,0.022296257317066193,0.0,1.0,7.5,1.001,True,True,False
22.05029320716858,forward_015,2.050293207168579,0.15,0.0,0.0,-0.2378011105842274,-0.3294308963139297,-0.00545415391248228,-1.53,-3.68,8.34,1.995,0.8289578557014465,0.0,0.045835115015506744,0.0,1.0,7.5,1.001,True,True,False
22.07065725326538,forward_015,2.070657253265381,0.15,0.0,0.0,-0.1734420944169365,-0.3763366199612773,0.06217735460229799,-1.44,-2.68,8.38,1.841,0.906572163105011,0.0,0.03778520226478577,0.0,1.0,7.6,0.518,True,True,False
22.09102201461792,forward_015,2.09102201461792,0.15,0.0,0.0,0.433059820651093,-0.5552328682906961,-0.3097959422289935,-1.41,-2.45,7.19,1.458,0.928175151348114,0.0,0.03870134428143501,0.0,1.0,7.6,0.518,True,True,False
22.111383199691772,forward_015,2.1113831996917725,0.15,0.0,0.0,0.8148505945248526,-0.892299580082101,-0.45160394395353276,-0.52,-3.48,8.51,1.304,0.9467703104019165,0.0,0.025501694530248642,1.0,1.0,7.6,0.518,True,True,False
22.13175344467163,forward_015,2.131753444671631,0.15,0.0,0.0,0.9752027195518317,-0.8333947178272924,-0.21925698728178766,-0.55,-4.95,6.7700000000000005,0.767,0.9532120227813721,0.07142857142857142,0.025743559002876282,1.0,1.0,7.6,0.518,True,True,False
22.152188301086426,forward_015,2.152188301086426,0.15,0.0,0.0,1.2948161388232933,-1.0493792127615906,0.22689280275926285,-0.55,-4.95,6.7700000000000005,0.844,0.9360324740409851,0.0,0.011919867247343063,1.0,0.0,7.6,0.518,True,True,False
22.172680616378784,forward_015,2.172680616378784,0.15,0.0,0.0,0.5999569303730508,-0.272707695624114,0.34579335805137656,-0.55,-4.95,6.7700000000000005,1.074,0.9447131156921387,0.0,0.0267547145485878,1.0,0.0,7.6,0.518,True,True,False
22.193062782287598,forward_015,2.1930627822875977,0.15,0.0,0.0,0.1439896632895322,0.11235557059713497,-0.0818123086872342,-0.56,3.37,8.93,1.534,0.8295451998710632,0.0,0.04197430983185768,1.0,0.0,7.6,0.518,True,True,False
22.21360492706299,forward_015,2.2136049270629883,0.15,0.0,0.0,0.20180369476184434,-0.37088246604879505,-0.10253809355466686,-1.04,4.2700000000000005,6.390000000000001,1.304,0.7759945392608643,0.0,0.042842461727559566,1.0,1.0,7.6,0.518,True,True,False
22.23398518562317,forward_015,2.233985185623169,0.15,0.0,0.0,0.33597588100890846,-0.17562375598192942,-0.36324665057131983,3.39,2.83,6.42,1.074,0.7374610304832458,0.0,0.03869890794157982,1.0,1.0,7.6,0.518,True,True,False
22.254377841949463,forward_015,2.254377841949463,0.15,0.0,0.0,0.21925698728178766,-0.13199052468207118,-0.29561514205653955,0.61,0.23,8.67,0.9210000000000002,0.7058461904525757,0.0,0.050032734870910645,1.0,1.0,7.6,0.518,True,True,False
22.27474808692932,forward_015,2.2747480869293213,0.15,0.0,0.0,0.3010692959690218,-0.4636030825609938,0.05672320068981571,0.67,2.27,9.16,0.767,0.7432944774627686,0.0,0.07857179269194603,1.0,1.0,7.7,0.21300000000000002,True,True,False
22.29511833190918,forward_015,2.2951183319091797,0.15,0.0,0.0,0.28579766501407144,-0.284706834231575,0.017453292519943295,0.28,1.71,6.140000000000001,1.074,0.738705039024353,0.0,0.05149748548865318,1.0,1.0,7.7,0.21300000000000002,True,True,False
22.315669059753418,forward_015,2.315669059753418,0.15,0.0,0.0,0.1832595714594046,-0.23452861823673804,-0.03599741582238305,-0.97,1.0,7.82,1.304,0.7760878205299377,0.0,0.04353642463684082,1.0,1.0,7.7,0.21300000000000002,True,True,False
22.336038827896118,forward_015,2.336038827896118,0.15,0.0,0.0,0.008726646259971648,-0.22362031041177347,0.12871803233458182,-0.97,1.0,7.82,1.534,0.7948245406150818,0.0,0.03798747807741165,1.0,0.0,7.7,0.21300000000000002,True,True,False
22.356468439102173,forward_015,2.356468439102173,0.15,0.0,0.0,-0.04581489286485115,0.05999569303730508,0.38069994309126315,0.2,0.5700000000000001,8.24,1.918,0.8599138259887695,0.0,0.07145594386383891,1.0,0.0,7.7,0.21300000000000002,True,True,False
22.376873016357422,forward_015,2.376873016357422,0.15,0.0,0.0,-0.29343348049154666,0.026179938779914945,0.5683228376806536,0.04,0.09,6.95,1.304,0.9412696361541748,0.0,0.04421137645840645,1.0,0.0,7.7,0.21300000000000002,True,True,False
22.397245168685913,forward_015,2.397245168685913,0.15,0.0,0.0,-0.878118779909647,-0.04690572364734761,0.8868454261696187,0.48,0.23,9.01,1.688,0.9483776092529297,0.0,0.04069211333990097,1.0,1.0,7.7,0.21300000000000002,True,True,False
22.417647123336792,forward_015,2.417647123336792,0.15,0.0,0.0,-1.2446379228284563,0.02399827721492203,0.9021170571245691,0.48,0.23,9.01,1.458,0.8929262161254883,0.0,0.01963589433580637,1.0,1.0,7.7,0.21300000000000002,True,True,False
22.438015460968018,forward_015,2.4380154609680176,0.15,0.0,0.0,-1.016654289286697,0.10144726277217041,0.8737554567796613,0.48,0.23,9.01,1.918,0.8555713295936584,0.0,0.021099821664392948,1.0,1.0,7.7,0.21300000000000002,True,True,False
22.458425998687744,forward_015,2.458425998687744,0.15,0.0,0.0,-1.0275625971116615,0.44178646691106466,0.28361600344907856,0.48,0.23,9.01,1.918,0.7337990403175354,0.0,0.035896381828933954,0.0,1.0,7.7,0.21300000000000002,True,True,False
22.478790521621704,forward_015,2.478790521621704,0.15,0.0,0.0,-0.3337942194439155,0.5486878835957173,-0.13853550937704992,0.48,0.23,9.01,1.304,0.728967010974884,0.0,0.026193737983703613,0.0,1.0,7.6,0.3880000000000001,True,True,False
22.500359773635864,forward_015,2.5003597736358643,0.15,0.0,0.0,-0.38724492778624187,0.2585268954516601,-0.6086835766330224,-0.26,-1.69,4.0,0.614,0.6829546093940735,0.0,0.044282089453190565,0.0,1.0,7.6,0.3880000000000001,True,True,False
22.52072763442993,forward_015,2.5207276344299316,0.15,0.0,0.0,-0.1265363707695889,0.7243116395776468,-0.4908738521234052,-2.1,-3.49,6.8,0.46,0.7412738800048828,0.0,0.026016034185886383,0.0,1.0,7.6,0.3880000000000001,True,True,False
22.54121732711792,forward_015,2.54121732711792,0.15,0.0,0.0,-0.1265363707695889,0.7243116395776468,-0.4908738521234052,-1.05,-3.47,5.78,0.9210000000000002,0.7786149978637695,0.0,0.09711632318794727,0.0,1.0,7.6,0.3880000000000001,True,True,False
22.561760902404785,forward_015,2.561760902404785,0.15,0.0,0.0,0.1090830782496456,0.3196134192714616,-0.21489366415180183,-1.05,-3.47,5.78,1.151,0.590501606464386,0.0,0.06030508130788803,0.0,1.0,7.6,0.3880000000000001,True,True,False
22.582239151000977,forward_015,2.5822391510009766,0.15,0.0,0.0,0.07635815477475191,0.5726861608106394,-0.028361600344907856,-0.55,-4.97,9.06,1.381,0.778747022151947,0.0,0.10281068459153175,0.0,1.0,7.6,0.3880000000000001,True,True,False
22.602609395980835,forward_015,2.602609395980835,0.15,0.0,0.0,0.14180800172453928,0.3272492347489368,-0.03599741582238305,-1.79,-3.47,8.11,1.765,0.8736745715141296,0.0,0.05729313939809799,0.0,1.0,7.6,0.3880000000000001,True,True,False
22.622982263565063,forward_015,2.6229822635650635,0.15,0.0,0.0,0.26070855701665296,0.14180800172453928,-0.015271630954950384,-2.17,-3.81,8.07,1.6110000000000002,0.8745648860931396,0.0,0.07362109422683716,1.0,1.0,7.6,0.3880000000000001,True,True,False
22.64339780807495,forward_015,2.643397808074951,0.15,0.0,0.0,0.4014257279586958,0.07417649320975901,0.1439896632895322,-2.2800000000000002,-3.02,7.3,1.688,0.849640965461731,0.0,0.08630386833101511,1.0,1.0,7.6,0.3880000000000001,True,True,False
22.663904905319214,forward_015,2.663904905319214,0.15,0.0,0.0,0.8464846872172498,-0.038179077387375956,0.32834006553143325,-0.8,0.32,5.9,1.381,0.8106358647346497,0.0,0.04717632755637169,1.0,1.0,7.6,0.3880000000000001,True,True,False
22.684359073638916,forward_015,2.684359073638916,0.15,0.0,0.0,1.3024519543007684,-0.22143864884678055,-0.03381575425739013,-0.8,0.32,5.9,1.458,0.8795306086540222,0.0,0.022046644240617752,1.0,1.0,7.5,0.6940000000000001,True,True,False
22.705146074295044,forward_015,2.705146074295044,0.15,0.0,0.0,1.1650072757062149,-0.26616271092913524,-0.17998707911191522,-0.8,0.32,5.9,1.458,0.912373423576355,0.0,0.02979929419234395,1.0,0.0,7.5,0.6940000000000001,True,True,False
22.72550868988037,forward_015,2.725508689880371,0.15,0.0,0.0,1.1650072757062149,-0.26616271092913524,-0.17998707911191522,-0.8,0.32,5.9,1.151,0.9137958288192749,0.0,0.017411798238754272,1.0,0.0,7.5,0.6940000000000001,True,True,False
22.745947122573853,forward_015,2.7459471225738525,0.15,0.0,0.0,1.1650072757062149,-0.26616271092913524,-0.17998707911191522,-0.8,0.32,5.9,1.381,0.8531525731086731,0.0,0.04768293630331755,1.0,1.0,7.5,0.6940000000000001,True,True,False
22.76632785797119,forward_015,2.7663278579711914,0.15,0.0,0.0,1.1650072757062149,-0.26616271092913524,-0.17998707911191522,1.07,-1.5,4.62,0.9210000000000002,0.7070801258087158,0.0,0.032094985246658325,1.0,1.0,7.5,0.6940000000000001,True,True,False
22.786708116531372,forward_015,2.786708116531372,0.15,0.0,0.0,0.2814343418840856,-0.22907446432425577,-2.1631174416904724,2.77,-0.53,7.8,0.767,0.8174858689308167,0.0,0.05927649699151516,1.0,1.0,7.5,0.6940000000000001,True,True,False
22.807074785232544,forward_015,2.807074785232544,0.15,0.0,0.0,-0.09381144729469522,-0.17889624832941878,-1.4802573718476908,-0.14,-0.38,7.17,1.151,0.7901353240013123,0.0,0.06844256725162268,1.0,1.0,7.5,0.6940000000000001,True,True,False
22.827446460723877,forward_015,2.827446460723877,0.15,0.0,0.0,-0.25634523388666713,-0.5214171140333059,-0.3665191429188092,-0.7000000000000001,-0.07,7.140000000000001,0.9210000000000002,0.8340725898742676,0.0,0.05282768327742815,1.0,1.0,7.5,0.6940000000000001,True,True,False
22.847835540771484,forward_015,2.8478355407714844,0.15,0.0,0.0,-0.2476185876266955,-0.433059820651093,-0.22907446432425577,-0.7000000000000001,-0.07,7.140000000000001,0.767,0.8161270022392273,0.0,0.047324568033218384,1.0,1.0,7.5,0.6940000000000001,True,True,False
22.868231058120728,forward_015,2.8682310581207275,0.15,0.0,0.0,0.050178215994836975,0.2694352032766246,0.17671458676442586,-0.7000000000000001,-0.07,7.140000000000001,1.304,0.7341622114181519,0.0,0.06509780953638256,1.0,1.0,7.5,0.6940000000000001,True,True,False
22.888610363006592,forward_015,2.888610363006592,0.15,0.0,0.0,0.21598449493429828,0.7570365630525404,0.4657847441259867,-3.19,1.86,7.53,1.765,0.8585296273231506,0.0,0.057650983333587646,1.0,1.0,7.5,0.753,True,True,False
22.908976078033447,forward_015,2.9089760780334473,0.15,0.0,0.0,0.11671889372712078,0.8224864100023278,-0.008726646259971648,-3.19,1.86,7.53,1.6110000000000002,0.8326420783996582,0.0,0.05782219022512436,1.0,0.0,7.5,0.753,True,True,False
22.929447650909424,forward_015,2.929447650909424,0.15,0.0,0.0,-0.09708393964218458,0.5988660995905544,-0.08399397025222712,0.29,0.59,8.94,1.6110000000000002,0.8660783171653748,0.0,0.06127740815281868,1.0,0.0,7.5,0.753,True,True,False
22.949812650680542,forward_015,2.949812650680542,0.15,0.0,0.0,-0.42978732830360367,0.9490227807719167,0.2007128639793479,-4.0200000000000005,2.46,8.89,1.6110000000000002,0.8626851439476013,0.0,0.05656140297651291,1.0,0.0,7.5,0.753,True,True,False
22.97022795677185,forward_015,2.9702279567718506,0.15,0.0,0.0,-0.8519388411297321,0.5737769915931359,0.2694352032766246,-3.22,2.81,8.99,1.688,0.8375139236450195,0.0,0.020700108259916306,1.0,1.0,7.5,0.753,True,True,False
22.990604162216187,forward_015,2.9906041622161865,0.15,0.0,0.0,-1.114829059711378,0.24652775684419906,-0.10035643198967395,-1.1300000000000001,1.74,8.96,0.6899999999999998,0.8643477559089661,0.0,0.018250785768032074,1.0,1.0,7.5,0.753,True,True,False
23.010969638824463,forward_015,3.010969638824463,0.15,0.0,0.0,-1.299179461953279,0.31525009614147576,-0.11562806294462433,-1.1300000000000001,1.74,8.96,1.227,0.7479113340377808,0.0,0.018629826605319977,1.0,1.0,7.5,0.753,True,True,False
23.031474351882935,forward_015,3.0314743518829346,0.15,0.0,0.0,-0.9599310885968813,0.40578905108868163,0.22362031041177347,-1.1300000000000001,1.74,8.96,1.227,0.7297214865684509,0.0,0.027963481843471527,0.0,1.0,7.5,0.753,True,True,False
23.05185055732727,forward_015,3.0518505573272705,0.15,0.0,0.0,-0.22362031041177347,0.5235987755982988,0.9599310885968813,1.3,-0.89,6.95,0.9970000000000001,0.7638229727745056,0.0,0.028275441378355026,0.0,1.0,7.5,0.753,True,True,False
23.072224855422974,forward_015,3.0722248554229736,0.15,0.0,0.0,-0.31306843457648287,-0.21598449493429828,0.10581058590215622,1.5,-1.8800000000000001,6.890000000000001,0.537,0.7278360724449158,0.0,0.06876463443040848,0.0,1.0,7.5,0.753,True,True,False
23.09269380569458,forward_015,3.09269380569458,0.15,0.0,0.0,-0.39924406639370286,-0.533416252640767,-0.10799224746714914,-4.58,-1.53,9.200000000000001,0.614,0.8530773520469666,0.0,0.0663294866681099,0.0,1.0,7.7,0.41600000000000004,True,True,False
23.113117694854736,forward_015,3.1131176948547363,0.15,0.0,0.0,-0.4243331743911214,-0.6741334235828098,0.32834006553143325,-3.43,-2.21,6.99,0.767,0.8305567502975464,0.0,0.04511495772749185,0.0,1.0,7.7,0.41600000000000004,True,True,False
23.13348388671875,forward_015,3.13348388671875,0.15,0.0,0.0,-0.2781618495365963,-0.47669305195095124,-0.06435901616729091,-2.66,-2.74,5.88,1.151,0.8303574323654175,0.0,0.045817339327186346,0.0,1.0,7.7,0.41600000000000004,True,True,False
23.153865337371826,forward_015,3.153865337371826,0.15,0.0,0.0,-0.019634954084936207,-0.5639595145506677,-0.02399827721492203,-2.0300000000000002,-2.99,6.7,1.918,0.8628948926925659,0.0,0.04135337844491005,0.0,1.0,7.7,0.41600000000000004,True,True,False
23.17424964904785,forward_015,3.1742496490478516,0.15,0.0,0.0,0.17453292519943295,-0.6381360077604268,0.1505346479845109,-1.67,-1.6400000000000001,7.4,1.765,0.8877078294754028,0.0,0.033117860555648804,0.0,1.0,7.7,0.41600000000000004,True,True,False
23.194618463516235,forward_015,3.1946184635162354,0.15,0.0,0.0,0.3490658503988659,-0.667588438887831,0.12217304763960307,-2.02,-1.59,7.16,1.227,0.9322386384010315,0.0,0.0330340601503849,0.0,1.0,7.7,0.41600000000000004,True,True,False
23.215048789978027,forward_015,3.2150487899780273,0.15,0.0,0.0,0.5323254218582705,-0.8606654873897037,-0.14726215563702155,-0.36,-3.92,9.19,1.151,0.9491404294967651,0.0,0.029576029628515244,1.0,1.0,7.7,0.41600000000000004,True,True,False
23.23543620109558,forward_015,3.235436201095581,0.15,0.0,0.0,0.8803004414746399,-1.2020955223110945,-0.19525871006686563,-0.36,-3.92,9.19,0.767,0.952527642250061,0.07142857142857142,0.02038372214883566,1.0,1.0,7.7,0.41600000000000004,True,True,False
23.255802392959595,forward_015,3.2558023929595947,0.15,0.0,0.0,1.1290098598838318,-1.22500296874352,0.13526301702956053,1.36,-2.32,8.67,0.9970000000000001,0.9324243664741516,0.0,0.026852279901504517,1.0,0.0,7.7,0.41600000000000004,True,True,False
23.27618145942688,forward_015,3.27618145942688,0.15,0.0,0.0,0.7417649320975901,-0.7123125009701857,0.43524148221608594,1.36,-2.32,8.67,1.151,0.9496915936470032,0.0,0.013717027381062508,1.0,0.0,7.7,0.41600000000000004,True,True,False
23.296586275100708,forward_015,3.296586275100708,0.15,0.0,0.0,0.019634954084936207,0.20180369476184434,-0.41996985126113556,-2.81,4.04,8.63,1.227,0.782659649848938,0.0,0.04009300470352173,1.0,1.0,7.7,0.29800000000000004,True,True,False
23.31695032119751,forward_015,3.3169503211975098,0.15,0.0,0.0,-0.044724062082354694,-0.5148721293383273,-0.7548549014875475,1.29,3.44,9.43,0.9970000000000001,0.7879855036735535,0.0,0.041072721127420664,1.0,1.0,7.7,0.29800000000000004,True,True,False
23.337324619293213,forward_015,3.337324619293213,0.15,0.0,0.0,0.08835729338221293,-0.08399397025222712,-0.7930339788749234,1.29,3.44,9.43,0.614,0.7616514563560486,0.0,0.039661966264247894,1.0,1.0,7.7,0.29800000000000004,True,True,False
23.3576877117157,forward_015,3.3576877117156982,0.15,0.0,0.0,0.04908738521234052,-0.1930770485018727,-0.5159629601208237,0.86,0.79,7.890000000000001,0.614,0.7955417633056641,0.0,0.0393964322283864,1.0,1.0,7.7,0.29800000000000004,True,True,False
23.37805962562561,forward_015,3.3780596256256104,0.15,0.0,0.0,0.1341721862470641,-0.5345070834232635,0.07853981633974483,0.62,1.6500000000000001,9.8,0.844,0.7530307769775391,0.0,0.06174726039171219,1.0,1.0,7.7,0.29800000000000004,True,True,False
23.398469924926758,forward_015,3.398469924926758,0.15,0.0,0.0,0.15271630954950383,-0.32179508083645453,0.10690141668465268,-1.17,0.04,6.5600000000000005,1.074,0.7827178239822388,0.0,0.0637600775808096,1.0,1.0,7.7,0.29800000000000004,True,True,False
23.41884732246399,forward_015,3.4188473224639893,0.15,0.0,0.0,0.1461713248545251,-0.5214171140333059,0.32506757318394386,-0.04,0.84,8.13,1.227,0.7571479082107544,0.0,0.03705161064863205,1.0,1.0,7.7,0.29800000000000004,True,True,False
23.43922781944275,forward_015,3.439227819442749,0.15,0.0,0.0,0.11344640137963143,-0.4625122517784973,0.559596191420682,-0.04,0.84,8.13,1.841,0.8107094168663025,0.0,0.03762148320674896,1.0,1.0,7.7,0.29800000000000004,True,True,False
23.459603548049927,forward_015,3.4596035480499268,0.15,0.0,0.0,-0.10253809355466686,-0.24870941840919197,0.8803004414746399,0.18,0.29,7.08,1.995,0.8672093152999878,0.0,0.06247361749410629,1.0,1.0,7.7,0.29800000000000004,True,True,False
23.48004674911499,forward_015,3.4800467491149902,0.15,0.0,0.0,-0.4603305902135044,-0.18762289458939044,0.866119641302186,0.32,0.09,7.45,1.534,0.9458125233650208,0.0,0.056368859484791756,1.0,1.0,7.7,0.29800000000000004,True,True,False
23.500473499298096,forward_015,3.5004734992980957,0.15,0.0,0.0,-0.9675669040743564,-0.24434609527920614,1.141008998491293,0.32,0.09,7.45,0.9970000000000001,0.9538018703460693,0.07142857142857142,0.04114560782909393,1.0,1.0,7.5,0.9620000000000002,True,True,False
23.52178716659546,forward_015,3.521787166595459,0.15,0.0,0.0,-1.3100877697782436,-0.28034351110158917,1.265363707695889,0.32,0.09,7.45,1.074,0.9277458786964417,0.0,0.019275996019132435,1.0,1.0,7.5,0.9620000000000002,True,True,False
23.542243003845215,forward_015,3.542243003845215,0.15,0.0,0.0,-0.8257589023498172,0.46142142099600086,0.9130253649495337,0.32,0.09,7.45,1.918,0.8417991995811462,0.0,0.05226464616134763,1.0,1.0,7.5,0.9620000000000002,True,True,False
23.56272029876709,forward_015,3.56272029876709,0.15,0.0,0.0,-0.48651052899341934,0.4177881896961426,0.5868669609830933,0.32,0.09,7.45,2.225,0.7479475736618042,0.0,0.022410578676499426,1.0,1.0,7.5,0.9620000000000002,True,True,False
23.5831081867218,forward_015,3.5831081867218018,0.15,0.0,0.0,-0.2683443724941282,0.38942658935123475,0.2748893571891069,4.82,-1.62,8.28,1.534,0.7528706789016724,0.0,0.051207054406404495,1.0,1.0,7.5,0.9620000000000002,True,True,False
23.603482484817505,forward_015,3.603482484817505,0.15,0.0,0.0,-0.0916297857297023,0.40251655874119224,-0.136353847812057,1.17,-1.19,6.03,0.9970000000000001,0.7515891790390015,0.0,0.04290907829999924,1.0,1.0,7.5,0.9620000000000002,True,True,False
23.623852014541626,forward_015,3.623852014541626,0.15,0.0,0.0,0.1265363707695889,0.16689710972195776,-0.6784967467127956,-0.12,-3.34,7.91,0.46,0.7598540186882019,0.0,0.08011497743427753,1.0,1.0,7.5,0.9620000000000002,True,True,False
23.64437437057495,forward_015,3.644374370574951,0.15,0.0,0.0,0.47451139038595835,0.12435470920459599,-0.4461497900410505,-0.86,-3.49,9.77,1.074,0.636130690574646,0.0,0.05267071723937988,1.0,1.0,7.5,0.9620000000000002,True,True,False
23.664743423461914,forward_015,3.664743423461914,0.15,0.0,0.0,0.5355979142057599,0.5399612373357457,-0.11235557059713497,-2.94,-4.68,8.2,1.765,0.6707062721252441,0.0,0.1120323883369565,0.0,1.0,7.5,0.9620000000000002,True,True,False
23.685205221176147,forward_015,3.6852052211761475,0.15,0.0,0.0,0.41996985126113556,0.45814892864851153,0.07526732399225546,-1.77,-3.7800000000000002,7.61,2.225,0.7638152837753296,0.0,0.04518414381891489,0.0,1.0,7.5,0.9620000000000002,True,True,False
23.705573558807373,forward_015,3.705573558807373,0.15,0.0,0.0,0.23234695667174513,0.12108221685710661,0.20943951023931956,-1.77,-3.7800000000000002,7.61,1.841,0.8763837218284607,0.0,0.06450947746634483,0.0,1.0,7.4,0.887,True,True,False
23.72594404220581,forward_015,3.7259440422058105,0.15,0.0,0.0,0.3741549583962844,0.6752242543653062,0.5825036378531074,-1.78,-0.96,5.89,2.071,0.9144408702850342,0.0,0.0981735959649086,1.0,1.0,7.4,0.887,True,True,False
23.74641752243042,forward_015,3.74641752243042,0.15,0.0,0.0,0.6544984694978736,0.050178215994836975,0.5290529295107811,-3.12,-0.02,9.040000000000001,1.304,0.8217332363128662,0.0,0.09970582625828683,1.0,1.0,7.4,0.887,True,True,False
23.766929388046265,forward_015,3.7669293880462646,0.15,0.0,0.0,0.7428557628800865,0.019634954084936207,-0.12326387842209953,-0.7000000000000001,-0.18,8.43,1.151,0.8779298067092896,0.0,0.03396731638349593,1.0,1.0,7.4,0.887,True,True,False
23.787314653396606,forward_015,3.7873146533966064,0.15,0.0,0.0,0.7428557628800865,0.015271630954950384,-0.5214171140333059,-0.7000000000000001,-0.18,8.43,1.381,0.9073399901390076,0.0,0.02890688180923462,1.0,1.0,7.4,0.887,True,True,True
23.843681573867798,forward_015,3.843681573867798,0.15,0.0,0.0,0.6239552075879728,0.4265148359561143,-1.0068368122442288,-0.7000000000000001,-0.18,8.43,1.304,0.913438618183136,0.0,0.027240821160376072,1.0,1.0,7.4,0.887,True,True,False
23.864211320877075,forward_015,3.864211320877075,0.15,0.0,0.0,0.48651052899341934,0.33488505022641196,-1.9351338081487128,1.54,-0.67,6.36,1.074,0.8833114504814148,0.0,0.029433837393298745,1.0,1.0,7.4,0.887,True,True,False
23.88458514213562,forward_015,3.88458514213562,0.15,0.0,0.0,0.09817477042468103,-0.30870511144649704,-1.4540774330677757,0.6900000000000001,-1.31,7.44,0.9210000000000002,0.9393238425254822,0.0,0.04412971599958837,1.0,1.0,7.4,0.887,True,True,False
23.905025720596313,forward_015,3.9050257205963135,0.15,0.0,0.0,-0.07963064712224129,-0.272707695624114,-0.9272061651219876,0.6900000000000001,-1.31,7.44,0.767,0.9106272459030151,0.0,0.03129273932427168,1.0,1.0,7.4,0.887,True,True,False
23.925385236740112,forward_015,3.9253852367401123,0.15,0.0,0.0,0.006544984694978736,-0.08508480103472356,0.07417649320975901,-1.56,1.05,8.86,0.9210000000000002,0.7998525500297546,0.0,0.084456417709589,1.0,1.0,7.4,0.887,True,True,False
23.945759773254395,forward_015,3.9457597732543945,0.15,0.0,0.0,-0.07853981633974483,0.2792526803190927,0.7090400086226963,-0.31,0.3,7.32,0.614,0.9242534637451172,0.0,0.05657853418961167,1.0,1.0,7.6,0.675,True,True,False
23.966503858566284,forward_015,3.966503858566284,0.15,0.0,0.0,-0.0916297857297023,0.5617778529856748,0.7941248096574199,-0.93,1.78,7.55,0.844,0.8305501341819763,0.0,0.06607663934119046,1.0,1.0,7.6,0.675,True,True,False
23.98688578605652,forward_015,3.9868857860565186,0.15,0.0,0.0,-0.003272492347489368,0.8693921336496754,0.7428557628800865,-1.69,1.24,8.09,1.074,0.7634134888648987,0.0,0.14663127902895212,1.0,1.0,7.6,0.675,True,True,False
24.007253170013428,forward_015,4.007253170013428,0.15,0.0,0.0,-0.06981317007977318,0.9686577348568529,0.5541420375081997,-0.8,1.7,8.86,1.534,0.6266950964927673,0.0,0.07649952860083431,1.0,1.0,7.6,0.675,True,True,False
24.02763080596924,forward_015,4.027630805969238,0.15,0.0,0.0,-0.16471544815696484,0.8268497331323136,0.2596177262341565,-2.05,1.57,7.91,1.918,0.7946653366088867,0.0,0.04048170289024711,1.0,1.0,7.6,0.675,True,True,False
24.04807949066162,forward_015,4.048079490661621,0.15,0.0,0.0,-0.2628902185816459,0.5530512067257032,-0.20289452554434081,-2.24,1.43,9.22,1.458,0.8115903735160828,0.0,0.04950238205492496,1.0,0.0,7.6,0.675,True,True,False
24.06851553916931,forward_015,4.0685155391693115,0.15,0.0,0.0,-0.44833145160604343,0.2628902185816459,-0.5039638215133626,-2.4,1.48,8.15,1.6110000000000002,0.8958178758621216,0.0,0.05146162584424019,1.0,0.0,7.6,0.675,True,True,False
24.088884353637695,forward_015,4.088884353637695,0.15,0.0,0.0,-0.8203047484373349,0.17998707911191522,-0.6457718232379019,-3.63,1.49,8.26,1.918,0.8375813961029053,0.0,0.030050292611122124,1.0,1.0,7.6,0.675,True,True,False
24.109245777130127,forward_015,4.109245777130127,0.15,0.0,0.0,-0.8759371183446542,0.26616271092913524,-0.272707695624114,0.24,0.96,6.98,1.458,0.8511905670166016,0.0,0.025064028799533844,1.0,1.0,7.6,0.675,True,True,False
24.129616737365723,forward_015,4.129616737365723,0.15,0.0,0.0,-0.8824821030396329,-0.1908953869368798,0.006544984694978736,0.24,0.96,6.98,0.9970000000000001,0.8813838362693787,0.0,0.021593417041003704,1.0,1.0,7.6,0.675,True,True,False
24.150022745132446,forward_015,4.150022745132446,0.15,0.0,0.0,-0.8704829644321719,-0.06217735460229799,0.28688849579656794,0.24,0.96,6.98,1.151,0.7314653992652893,0.0,0.026721417903900146,1.0,1.0,7.6,0.44200000000000006,True,True,False
24.170387268066406,forward_015,4.170387268066406,0.15,0.0,0.0,-0.0719948316447661,0.16144295580947549,1.19118721448613,-1.04,0.1,5.92,1.074,0.7395670413970947,0.0,0.04532305896282196,1.0,1.0,7.6,0.44200000000000006,True,True,False
24.190751552581787,forward_015,4.190751552581787,0.15,0.0,0.0,-0.05345070834232634,-0.20616701789183017,0.8050331174823845,-1.57,-1.3800000000000001,7.87,0.844,0.7294527292251587,0.0,0.04916021600365639,0.0,1.0,7.6,0.44200000000000006,True,True,False
24.211126804351807,forward_015,4.211126804351807,0.15,0.0,0.0,-0.16798794050445423,-0.3719732968312915,0.04254240051736178,-3.35,-0.77,9.120000000000001,0.6899999999999998,0.7898460030555725,0.0,0.058497264981269836,0.0,1.0,7.6,0.44200000000000006,True,True,False
24.231500387191772,forward_015,4.2315003871917725,0.15,0.0,0.0,-0.3534291735288517,-0.4788747135159442,-0.11780972450961724,-2.05,-1.99,8.51,0.767,0.782688558101654,0.0,0.060317572206258774,0.0,1.0,7.6,0.44200000000000006,True,True,False
24.25186800956726,forward_015,4.251868009567261,0.15,0.0,0.0,-0.22689280275926285,-0.559596191420682,-0.09599310885968812,-2.19,-3.0100000000000002,7.66,0.767,0.7993094325065613,0.0,0.027577118948101997,0.0,1.0,7.6,0.44200000000000006,True,True,False
24.27224063873291,forward_015,4.27224063873291,0.15,0.0,0.0,-0.17671458676442586,-0.6435901616729091,-0.3141592653589793,-2.7,-2.84,8.51,1.227,0.8554574251174927,0.0,0.016071263700723648,0.0,1.0,7.6,0.44200000000000006,True,True,False
24.29263424873352,forward_015,4.2926342487335205,0.15,0.0,0.0,-0.00545415391248228,-0.6348635154129374,-0.07417649320975901,-0.67,-2.87,6.7,1.458,0.8395202159881592,0.0,0.02410023659467697,0.0,1.0,7.6,0.44200000000000006,True,True,False
24.313005208969116,forward_015,4.313005208969116,0.15,0.0,0.0,0.09053895494720585,-0.5225079448158024,0.08072147790473774,0.03,-1.17,9.59,1.995,0.9032195806503296,0.0,0.04719098936766386,1.0,1.0,7.6,0.44200000000000006,True,True,False
24.33337378501892,forward_015,4.333373785018921,0.15,0.0,0.0,0.4276056667386107,-0.5475970528132209,-0.13199052468207118,0.1,-2.77,9.09,1.765,0.9277557134628296,0.0,0.03825835511088371,1.0,1.0,7.6,0.44200000000000006,True,True,False
24.35374879837036,forward_015,4.353748798370361,0.15,0.0,0.0,0.8093964406123704,-0.7603090554000298,-0.6163193921104976,0.68,-3.12,7.42,1.304,0.9302546977996826,0.0,0.031195014948025346,1.0,1.0,7.5,0.734,True,True,False
24.374124765396118,forward_015,4.374124765396118,0.15,0.0,0.0,1.1595531217937327,-0.6632251157578453,-0.3141592653589793,0.68,-3.12,7.42,0.844,0.9158585667610168,0.0,0.03701076260767877,1.0,0.0,7.5,0.734,True,True,False
24.394484043121338,forward_015,4.394484043121338,0.15,0.0,0.0,0.6381360077604268,0.1538071403320003,-0.4177881896961426,0.68,-3.12,7.42,1.151,0.9354897141456604,0.0,0.02643374726176262,1.0,0.0,7.5,0.734,True,True,False
24.414855003356934,forward_015,4.414855003356934,0.15,0.0,0.0,0.10035643198967395,0.07963064712224129,-0.8279405639148101,0.68,-3.12,7.42,1.151,0.9545554518699646,0.07142857142857142,0.035357482731342316,1.0,1.0,7.5,0.734,True,True,False
24.43522000312805,forward_015,4.435220003128052,0.15,0.0,0.0,0.08726646259971647,0.001090830782496456,-0.7864889941799448,-0.02,3.2800000000000002,8.76,1.074,0.8698103427886963,0.0,0.03798742592334747,1.0,1.0,7.5,0.734,True,True,False
24.45557713508606,forward_015,4.45557713508606,0.15,0.0,0.0,0.10362892433716332,0.11344640137963143,-0.7515824091400581,2.48,2.69,8.42,1.151,0.7308965921401978,0.0,0.034852586686611176,1.0,1.0,7.5,0.734,True,True,False
24.476050853729248,forward_015,4.476050853729248,0.15,0.0,0.0,-0.006544984694978736,-0.04908738521234052,-0.6239552075879728,2.69,1.2,8.92,0.844,0.8185458779335022,0.0,0.034177716821432114,1.0,1.0,7.5,0.734,True,True,False
24.496446132659912,forward_015,4.496446132659912,0.15,0.0,0.0,0.08944812416470939,-0.22580197197676638,0.006544984694978736,-0.03,2.09,7.86,0.9210000000000002,0.7995554804801941,0.0,0.06793047860264778,1.0,1.0,7.5,0.734,True,True,False
24.516814708709717,forward_015,4.516814708709717,0.15,0.0,0.0,0.1461713248545251,-0.34143003492139073,0.11344640137963143,-0.9,-0.25,7.53,0.844,0.805729866027832,0.0,0.06447802763432264,1.0,1.0,7.5,0.734,True,True,False
24.537184715270996,forward_015,4.537184715270996,0.15,0.0,0.0,0.16580627893946132,-0.19744037163185854,0.3392483733563978,-0.41000000000000003,0.29,6.99,0.9210000000000002,0.7590266466140747,0.0,0.05953619256615639,1.0,1.0,7.5,0.734,True,True,False
24.5575430393219,forward_015,4.557543039321899,0.15,0.0,0.0,0.07308566242726255,-0.16035212502697901,0.40578905108868163,-0.5700000000000001,-0.96,9.56,1.458,0.7963712811470032,0.0,0.039759017527103424,1.0,1.0,7.7,0.279,True,True,False
24.578543424606323,forward_015,4.578543424606323,0.15,0.0,0.0,-0.002181661564992912,0.1810779098944117,0.619591884457987,-1.35,-0.41000000000000003,9.13,1.918,0.7555902004241943,0.0,0.05903390981256962,1.0,1.0,7.7,0.279,True,True,False
24.598982572555542,forward_015,4.598982572555542,0.15,0.0,0.0,-0.2181661564992912,0.26398104936414235,0.6206827152404835,0.37,-0.35000000000000003,8.45,1.918,0.8621679544448853,0.0,0.09216044843196869,1.0,0.0,7.7,0.279,True,True,False
24.619489669799805,forward_015,4.619489669799805,0.15,0.0,0.0,-0.49960049838337683,0.018544123302439753,0.6599526234103559,0.51,0.99,8.11,1.227,0.9313384294509888,0.0,0.03152908757328987,1.0,0.0,7.7,0.279,True,True,False
24.639876127243042,forward_015,4.639876127243042,0.15,0.0,0.0,-0.9152070265145266,0.14944381720201447,0.693768377667746,-0.77,2.31,9.200000000000001,1.458,0.9169312715530396,0.0,0.025138527154922485,1.0,1.0,7.7,0.279,True,True,False
24.66024661064148,forward_015,4.6602466106414795,0.15,0.0,0.0,-1.1344640137963142,0.19198621771937624,0.667588438887831,-0.9,2.32,9.790000000000001,1.534,0.8441206812858582,0.0,0.03316999971866608,1.0,1.0,7.7,0.279,True,True,False
24.680715322494507,forward_015,4.680715322494507,0.15,0.0,0.0,-0.9293878266869805,0.30870511144649704,0.6915867161027531,-1.43,2.81,9.17,1.765,0.8486536741256714,0.0,0.022096503525972366,0.0,1.0,7.7,0.279,True,True,False
24.701087474822998,forward_015,4.701087474822998,0.15,0.0,0.0,-0.8443030256522569,0.3981532356112064,0.7275841319251362,-1.43,2.81,9.17,1.918,0.7451785802841187,0.0,0.025621674954891205,0.0,1.0,7.7,0.279,True,True,False
24.72146487236023,forward_015,4.7214648723602295,0.15,0.0,0.0,-0.26616271092913524,0.5661411761156606,0.5279620987282847,-1.43,2.81,9.17,1.6110000000000002,0.7090520262718201,0.0,0.0234261155128479,0.0,1.0,7.7,0.279,True,True,False
24.741835355758667,forward_015,4.741835355758667,0.15,0.0,0.0,-0.025089107997418487,0.2683443724941282,0.039269908169872414,-0.13,-2.5,5.04,0.9970000000000001,0.7420476078987122,0.0,0.03947252035140991,0.0,1.0,7.7,0.279,True,True,False
24.76220679283142,forward_015,4.762206792831421,0.15,0.0,0.0,0.015271630954950384,0.4537856055185257,0.003272492347489368,-2.98,-1.92,7.11,0.46,0.7200621962547302,0.0,0.047747351694852114,0.0,1.0,7.6,0.3940000000000001,True,True,False
24.782575845718384,forward_015,4.782575845718384,0.15,0.0,0.0,0.015271630954950384,0.07635815477475191,-0.23452861823673804,-2.98,-1.92,7.11,0.537,0.6340194940567017,0.0,0.0765729146078229,0.0,1.0,7.6,0.3940000000000001,True,True,False
24.802945375442505,forward_015,4.802945375442505,0.15,0.0,0.0,0.05999569303730508,0.1734420944169365,-0.05890486225480862,-1.3900000000000001,-3.35,7.04,1.151,0.6894881129264832,0.0,0.028384342789649963,0.0,1.0,7.6,0.3940000000000001,True,True,False
24.823461771011353,forward_015,4.8234617710113525,0.15,0.0,0.0,0.08508480103472356,0.06326818538479445,0.1090830782496456,-1.0,-3.63,8.45,1.6110000000000002,0.7723310589790344,0.0,0.03427654504776001,0.0,1.0,7.6,0.3940000000000001,True,True,False
24.84393334388733,forward_015,4.843933343887329,0.15,0.0,0.0,0.008726646259971648,0.050178215994836975,0.15707963267948966,-2.6,-3.41,7.22,1.688,0.8435696959495544,0.0,0.057790941558778286,0.0,1.0,7.6,0.3940000000000001,True,True,False
24.86431336402893,forward_015,4.864313364028931,0.15,0.0,0.0,0.09272061651219876,-0.22689280275926285,0.15162547876700738,-1.6500000000000001,-2.5500000000000003,8.05,2.071,0.8761749863624573,0.0,0.05581619404256344,0.0,1.0,7.6,0.3940000000000001,True,True,False
24.884740591049194,forward_015,4.884740591049194,0.15,0.0,0.0,0.40251655874119224,-0.23889194136672387,0.03599741582238305,-1.97,-1.1300000000000001,8.63,1.534,0.9106984734535217,0.0,0.02089066058397293,1.0,1.0,7.6,0.3940000000000001,True,True,False
24.905208826065063,forward_015,4.9052088260650635,0.15,0.0,0.0,0.8890270877346116,-0.4657847441259867,-0.31306843457648287,-0.47000000000000003,-2.22,7.34,0.9970000000000001,0.9310515522956848,0.0,0.0334315225481987,1.0,1.0,7.6,0.3940000000000001,True,True,False
24.925598621368408,forward_015,4.925598621368408,0.15,0.0,0.0,1.1650072757062149,-0.7243116395776468,-0.3097959422289935,-0.07,-3.62,7.55,1.074,0.9404764771461487,0.0,0.023188507184386253,1.0,0.0,7.6,0.3940000000000001,True,True,False
24.945963382720947,forward_015,4.945963382720947,0.15,0.0,0.0,1.2948161388232933,-0.7788531787024695,0.09053895494720585,-0.07,-3.62,7.55,1.074,0.9459291696548462,0.0,0.018779650330543518,1.0,0.0,7.6,0.3940000000000001,True,True,False
24.966511726379395,forward_015,4.9665117263793945,0.15,0.0,0.0,0.33597588100890846,0.17016960206944712,-0.5126904677733343,-0.07,-3.62,7.55,1.151,0.9106544852256775,0.0,0.04060800187289714,1.0,0.0,7.6,0.383,True,True,False
24.98691749572754,forward_015,4.986917495727539,0.15,0.0,0.0,0.0916297857297023,-0.15707963267948966,-0.9490227807719167,-0.91,2.69,7.73,1.227,0.847630500793457,0.0,0.0513297775760293,1.0,1.0,7.6,0.383,True,True,False
25.007328987121582,forward_015,5.007328987121582,0.15,0.0,0.0,0.050178215994836975,-0.43196898986859655,-1.0722866591940161,3.77,1.6600000000000001,8.61,1.074,0.9144077897071838,0.0,0.07267332077026367,1.0,1.0,7.6,0.383,True,True,False
25.027756690979004,forward_015,5.027756690979004,0.15,0.0,0.0,0.025089107997418487,0.13308135546456762,-0.8148505945248526,-0.39,-0.36,4.99,0.844,0.7795746922492981,0.0,0.061566293239593506,1.0,1.0,7.6,0.383,True,True,False
25.048157930374146,forward_015,5.0481579303741455,0.15,0.0,0.0,0.05781403147231216,-0.49632800603588745,-0.30870511144649704,-0.39,-0.36,4.99,0.6899999999999998,0.8197720646858215,0.0,0.07216033339500427,1.0,1.0,7.6,0.383,True,True,False
25.06852388381958,forward_015,5.06852388381958,0.15,0.0,0.0,0.2781618495365963,-0.24980024919168842,0.032724923474893676,0.6900000000000001,1.36,8.34,0.9210000000000002,0.7902262806892395,0.0,0.04315327852964401,1.0,1.0,7.6,0.383,True,True,False
25.088940858840942,forward_015,5.088940858840942,0.15,0.0,0.0,0.3567016658763411,-0.1734420944169365,0.23452861823673804,0.93,0.8200000000000001,6.37,0.844,0.7278065085411072,0.0,0.04237555339932442,1.0,1.0,7.6,0.383,True,True,False
25.10931921005249,forward_015,5.10931921005249,0.15,0.0,0.0,0.2814343418840856,-0.05345070834232634,0.4068798818711781,-1.02,0.89,7.92,1.918,0.7630391716957092,0.0,0.038252804428339005,1.0,1.0,7.6,0.383,True,True,False
25.129796028137207,forward_015,5.129796028137207,0.15,0.0,0.0,0.04581489286485115,0.09817477042468103,0.6359543461954338,-0.2,0.9400000000000001,9.66,1.918,0.765270471572876,0.0,0.05756183248013258,1.0,1.0,7.6,0.383,True,True,False
25.150171041488647,forward_015,5.1501710414886475,0.15,0.0,0.0,-0.34579335805137656,0.20398535632683726,0.5377795757707527,-0.21,1.23,6.8500000000000005,1.688,0.8739959597587585,0.0,0.07879156817216426,1.0,0.0,7.6,0.383,True,True,False
25.170624494552612,forward_015,5.170624494552612,0.15,0.0,0.0,-0.5966844380255614,0.08072147790473774,0.49741883681838395,0.16,0.26,9.26,1.458,0.9221289753913879,0.0,0.04648290574550629,1.0,0.0,7.4,1.3260000000000003,True,True,False
25.19100046157837,forward_015,5.191000461578369,0.15,0.0,0.0,-0.9926560120717749,0.12108221685710661,0.8115781021773633,-0.13,1.6500000000000001,9.31,1.6110000000000002,0.9061553478240967,0.0,0.023728519678115845,1.0,1.0,7.4,1.3260000000000003,True,True,False
25.211474895477295,forward_015,5.211474895477295,0.15,0.0,0.0,-1.1879147221386406,0.1505346479845109,0.8868454261696187,-0.42,3.52,7.47,0.9970000000000001,0.8443233370780945,0.0,0.02309358399361372,1.0,1.0,7.4,1.3260000000000003,True,True,False
25.231910705566406,forward_015,5.231910705566406,0.15,0.0,0.0,-1.1202832136238603,0.2454369260617026,0.7286749627076325,-0.42,3.52,7.47,2.071,0.8345796465873718,0.0,0.01946025062352419,0.0,1.0,7.4,1.3260000000000003,True,True,False
25.2523455619812,forward_015,5.252345561981201,0.15,0.0,0.0,-1.1977321991811087,0.681769239060285,0.5486878835957173,-0.42,3.52,7.47,1.765,0.7157590985298157,0.0,0.02706419676542282,0.0,1.0,7.4,1.3260000000000003,True,True,False
25.272705554962158,forward_015,5.272705554962158,0.15,0.0,0.0,-0.3076142806640006,0.7494007475750653,0.17562375598192942,-0.81,-1.31,7.16,1.534,0.6615828275680542,0.0,0.02319334400817752,0.0,1.0,7.4,1.3260000000000003,True,True,False
25.293114185333252,forward_015,5.293114185333252,0.15,0.0,0.0,-0.13962634015954636,0.4690572364734761,-0.12217304763960307,-1.53,-3.5700000000000003,3.86,0.6899999999999998,0.6894005537033081,0.0,0.03826591745018959,0.0,1.0,7.4,1.3260000000000003,True,True,False
25.313486099243164,forward_015,5.313486099243164,0.15,0.0,0.0,-0.06654067773228381,0.7210391472301574,-0.3141592653589793,-1.08,-3.17,5.72,0.6899999999999998,0.6707520484924316,0.0,0.03630493301898241,0.0,1.0,7.4,1.3260000000000003,True,True,False
25.3338885307312,forward_015,5.333888530731201,0.15,0.0,0.0,-0.10144726277217041,0.3076142806640006,-0.5552328682906961,-1.08,-3.17,5.72,0.6899999999999998,0.700771689414978,0.0,0.06849184539169073,0.0,1.0,7.4,1.3260000000000003,True,True,False
25.354280471801758,forward_015,5.354280471801758,0.15,0.0,0.0,0.11780972450961724,0.30870511144649704,-0.22689280275926285,-2.38,-5.26,8.39,1.227,0.618285059928894,0.0,0.04655609279870987,0.0,1.0,7.4,1.3260000000000003,True,True,False
25.37469983100891,forward_015,5.374699831008911,0.15,0.0,0.0,0.3043417883165112,0.10362892433716332,0.29343348049154666,-1.08,-2.24,7.69,1.381,0.687885582447052,0.0,0.0471670925617218,0.0,1.0,7.3,1.2669999999999997,True,True,False
25.39507031440735,forward_015,5.395070314407349,0.15,0.0,0.0,0.13526301702956053,0.008726646259971648,0.1407171709420428,-2.99,-3.09,7.930000000000001,1.918,0.8422684073448181,0.0,0.08989187702536583,0.0,1.0,7.3,1.2669999999999997,True,True,False
25.41546630859375,forward_015,5.41546630859375,0.15,0.0,0.0,0.2748893571891069,-0.2399827721492203,0.2792526803190927,-2.23,-3.0700000000000003,8.52,1.688,0.8367874026298523,0.0,0.03919634222984314,0.0,1.0,7.3,1.2669999999999997,True,True,False
25.43585205078125,forward_015,5.43585205078125,0.15,0.0,0.0,0.5475970528132209,-0.1461713248545251,0.37960911230876665,-2.82,-1.57,7.73,1.304,0.8151021599769592,0.0,0.016843874007463455,1.0,1.0,7.3,1.2669999999999997,True,True,False
25.456227779388428,forward_015,5.456227779388428,0.15,0.0,0.0,0.9741118887693352,-0.26070855701665296,0.11235557059713497,-1.8,-2.27,6.7700000000000005,1.074,0.9183619618415833,0.0,0.03546029236167669,1.0,1.0,7.3,1.2669999999999997,True,True,False
25.477017641067505,forward_015,5.477017641067505,0.15,0.0,0.0,1.2849986617808251,-0.49414634447089456,-0.04908738521234052,-1.8,-2.27,6.7700000000000005,0.9970000000000001,0.9298313856124878,0.0,0.016984224319458008,1.0,1.0,7.3,1.2669999999999997,True,True,False
25.497393369674683,forward_015,5.497393369674683,0.15,0.0,0.0,0.7930339788749234,0.08290313946973066,-0.4821472058634335,-1.8,-2.27,6.7700000000000005,1.074,0.9170439839363098,0.0,0.027432110160589218,1.0,1.0,7.3,1.2669999999999997,True,True,False
25.517761707305908,forward_015,5.517761707305908,0.15,0.0,0.0,0.4537856055185257,0.23889194136672387,-1.4180800172453927,-1.8,-2.27,6.7700000000000005,1.151,0.9107888340950012,0.0,0.037049127742648125,1.0,1.0,7.3,1.2669999999999997,True,True,False
25.538191080093384,forward_015,5.538191080093384,0.15,0.0,0.0,0.47451139038595835,-0.12326387842209953,-1.878410607458897,-1.8,-2.27,6.7700000000000005,1.151,0.890119731426239,0.0,0.021787961944937706,1.0,1.0,7.3,1.2669999999999997,True,True,False
25.558560609817505,forward_015,5.558560609817505,0.15,0.0,0.0,0.4799655442984406,0.3370667117914049,-1.7529650674718047,0.04,-0.26,5.3500000000000005,1.074,0.7893019318580627,0.0,0.04353730380535126,1.0,1.0,7.3,1.2669999999999997,True,True,False
25.57904028892517,forward_015,5.579040288925171,0.15,0.0,0.0,0.4068798818711781,-0.1461713248545251,-1.2042771838760873,0.04,-0.26,5.3500000000000005,0.9210000000000002,0.8061742782592773,0.0,0.03331262804567814,1.0,1.0,7.7,0.266,True,True,False
25.599900484085083,forward_015,5.599900484085083,0.15,0.0,0.0,0.31634092692397225,-0.11126473981463851,-0.5257804371632918,0.04,-0.26,5.3500000000000005,0.767,0.835293710231781,0.0,0.038287416100502014,1.0,1.0,7.7,0.266,True,True,False
25.62027645111084,forward_015,5.62027645111084,0.15,0.0,0.0,0.3097959422289935,0.08835729338221293,0.3119776037939864,0.01,0.46,6.59,0.844,0.7851402759552002,0.0,0.05195719376206398,1.0,1.0,7.7,0.266,True,True,False
25.640650272369385,forward_015,5.640650272369385,0.15,0.0,0.0,0.136353847812057,0.11453723216212788,0.595593607243065,-0.32,0.7000000000000001,9.1,1.074,0.6699228286743164,0.0,0.10065921023488045,1.0,1.0,7.7,0.266,True,True,False
25.66108465194702,forward_015,5.6610846519470215,0.15,0.0,0.0,0.01090830782496456,0.21271200258680892,0.7504915783575618,-0.96,2.04,9.5,1.381,0.6875118017196655,0.0,0.05371088907122612,1.0,1.0,7.7,0.266,True,True,False
25.68144655227661,forward_015,5.681446552276611,0.15,0.0,0.0,0.0,0.5279620987282847,0.940296134511945,-2.09,3.0300000000000002,8.49,1.765,0.8123681545257568,0.0,0.06288777571171522,1.0,1.0,7.7,0.266,True,True,False
25.701812505722046,forward_015,5.701812505722046,0.15,0.0,0.0,-0.1559888018969932,0.5792311455056182,0.6795875774952921,-1.83,2.14,8.33,1.688,0.7934703230857849,0.0,0.06923125358298421,1.0,0.0,7.7,0.266,True,True,False
25.72218084335327,forward_015,5.7221808433532715,0.15,0.0,0.0,-0.5170537909033202,0.7068583470577035,0.016362461737446838,-1.93,2.3000000000000003,9.02,1.151,0.8729285597801208,0.0,0.0300054419785738,1.0,0.0,7.7,0.266,True,True,False
25.742609977722168,forward_015,5.742609977722168,0.15,0.0,0.0,-0.868301302867179,0.5530512067257032,-0.21271200258680892,-2.1,1.12,9.03,1.688,0.8257701396942139,0.0,0.025408827234059572,1.0,1.0,7.7,0.266,True,True,False
25.76297903060913,forward_015,5.762979030609131,0.15,0.0,0.0,-0.8868454261696187,0.5094179754258449,0.11780972450961724,-1.81,0.52,7.5200000000000005,1.918,0.7811546325683594,0.0,0.017843588953837752,1.0,1.0,7.7,0.266,True,True,False
25.78333020210266,forward_015,5.783330202102661,0.15,0.0,0.0,-1.0242901047641721,0.31852258848896514,0.2203478180642841,-0.74,2.47,8.08,1.074,0.8028457164764404,0.0,0.007368565071374178,1.0,1.0,7.4,0.882,True,True,False
25.803691387176514,forward_015,5.803691387176514,0.15,0.0,0.0,-1.1486448139687682,0.34579335805137656,0.23452861823673804,-0.74,2.47,8.08,0.9970000000000001,0.7124241590499878,0.0,0.01897016167640686,1.0,1.0,7.4,0.882,True,True,False
25.824235439300537,forward_015,5.824235439300537,0.15,0.0,0.0,-0.3043417883165112,0.2912518189265537,1.205368014658584,-0.74,2.47,8.08,0.9970000000000001,0.7236723303794861,0.0,0.038043953478336334,1.0,1.0,7.4,0.882,True,True,False
25.844676733016968,forward_015,5.844676733016968,0.15,0.0,0.0,-0.24216443371421323,-0.022907446432425576,0.7886706557449377,0.85,0.88,6.21,0.767,0.7199434041976929,0.0,0.04884503036737442,0.0,1.0,7.4,0.882,True,True,False
25.865046977996826,forward_015,5.865046977996826,0.15,0.0,0.0,-0.3392483733563978,-0.4494222823885399,0.1461713248545251,-2.6,-1.71,7.930000000000001,0.46,0.7707727551460266,0.0,0.06134732812643051,0.0,1.0,7.4,0.882,True,True,False
25.885401248931885,forward_015,5.885401248931885,0.15,0.0,0.0,-0.45160394395353276,-0.5977752688080579,0.21925698728178766,-2.6,-1.71,7.930000000000001,0.6899999999999998,0.8243755102157593,0.0,0.06121248006820679,0.0,1.0,7.4,0.882,True,True,False
25.905779123306274,forward_015,5.905779123306274,0.15,0.0,0.0,-0.34470252726888007,-0.5050546522958591,0.13744467859455345,-2.49,-1.6600000000000001,8.03,0.767,0.8200507760047913,0.0,0.028956187888979912,0.0,1.0,7.4,0.882,True,True,False
25.926154613494873,forward_015,5.926154613494873,0.15,0.0,0.0,-0.23343778745424157,-0.5225079448158024,-0.044724062082354694,-2.05,-2.62,7.36,1.151,0.8325080871582031,0.0,0.020931754261255264,0.0,1.0,7.4,0.882,True,True,False
25.946517944335938,forward_015,5.9465179443359375,0.15,0.0,0.0,-0.05781403147231216,-0.48651052899341934,-0.09272061651219876,-1.78,-2.46,6.53,1.918,0.8490132093429565,0.0,0.024540670216083527,0.0,1.0,7.4,0.882,True,True,False
25.966883182525635,forward_015,5.966883182525635,0.15,0.0,0.0,0.03599741582238305,-0.56941366846315,-0.039269908169872414,-1.37,-2.87,9.43,1.841,0.9023599028587341,0.0,0.030626553441834403,0.0,1.0,7.4,0.882,True,True,False
25.98731565475464,forward_015,5.987315654754639,0.15,0.0,0.0,0.32615840396644036,-0.5137812985558308,-0.21925698728178766,-1.37,-2.87,9.43,1.304,0.9311990737915039,0.0,0.04099016636610031,0.0,1.0,7.6,0.35500000000000004,True,True,False
26.00769066810608,forward_015,6.007690668106079,0.15,0.0,0.0,0.6708609312353204,-0.8552113334772214,-0.7472190860100724,0.6,-4.78,9.72,1.304,0.9387102127075195,0.0,0.03689791262149811,1.0,1.0,7.6,0.35500000000000004,True,True,False
26.02812361717224,forward_015,6.028123617172241,0.15,0.0,0.0,0.8726646259971648,-0.7515824091400581,-0.4068798818711781,-0.23,-2.94,5.5200000000000005,0.844,0.9410122036933899,0.0,0.02199048176407814,1.0,1.0,7.6,0.35500000000000004,True,True,False
26.048583984375,forward_015,6.048583984375,0.15,0.0,0.0,1.160643952576229,-0.753764070705051,-0.09708393964218458,-0.23,-2.94,5.5200000000000005,0.9210000000000002,0.9251893162727356,0.0,0.018678609281778336,1.0,0.0,7.6,0.35500000000000004,True,True,False
26.06896138191223,forward_015,6.0689613819122314,0.15,0.0,0.0,0.717766654882668,-0.5094179754258449,0.10799224746714914,-0.23,-2.94,5.5200000000000005,1.304,0.9454541802406311,0.0,0.01773763494566083,1.0,0.0,7.6,0.35500000000000004,True,True,False
26.089324951171875,forward_015,6.089324951171875,0.15,0.0,0.0,0.07308566242726255,0.23125612588924865,-0.43960480534607177,0.66,2.69,8.52,1.304,0.8267660737037659,0.0,0.038642920553684235,1.0,1.0,7.6,0.35500000000000004,True,True,False
26.109695196151733,forward_015,6.109695196151733,0.15,0.0,0.0,0.08944812416470939,-0.0272707695624114,-0.2617993877991494,-0.5,4.71,5.67,0.9970000000000001,0.7382118105888367,0.0,0.048075586557388306,1.0,1.0,7.6,0.35500000000000004,True,True,False
26.130068063735962,forward_015,6.130068063735962,0.15,0.0,0.0,0.34470252726888007,-0.14289883250703572,-0.24980024919168842,2.37,2.45,6.390000000000001,0.767,0.75022292137146,0.0,0.025905713438987732,1.0,1.0,7.6,0.35500000000000004,True,True,False
26.150436401367188,forward_015,6.1504364013671875,0.15,0.0,0.0,0.2083486794568231,-0.2748893571891069,-0.16253378659197193,2.37,2.45,6.390000000000001,0.9970000000000001,0.7889887094497681,0.0,0.03641204163432121,1.0,1.0,7.6,0.35500000000000004,True,True,False
26.17081117630005,forward_015,6.170811176300049,0.15,0.0,0.0,0.2552544031041707,-0.4112432050011639,0.09817477042468103,0.13,3.02,8.56,0.767,0.6869019865989685,0.0,0.06906269304454327,1.0,1.0,7.6,0.35500000000000004,True,True,False
26.191177129745483,forward_015,6.191177129745483,0.15,0.0,0.0,0.3043417883165112,-0.4079707126536745,0.031634092692397225,-0.15,-0.01,7.3500000000000005,0.9210000000000002,0.7312978506088257,0.0,0.047527335584163666,1.0,1.0,7.7,0.279,True,True,False
26.211555242538452,forward_015,6.211555242538452,0.15,0.0,0.0,0.23671027980173096,-0.2279836335417593,0.2007128639793479,-0.03,0.74,8.47,1.304,0.7781716585159302,0.0,0.04780007340013981,1.0,1.0,7.7,0.279,True,True,False
26.232003927230835,forward_015,6.232003927230835,0.15,0.0,0.0,0.026179938779914945,-0.0719948316447661,0.1832595714594046,-0.03,0.74,8.47,1.688,0.7580162882804871,0.0,0.05157526023685932,1.0,1.0,7.7,0.279,True,True,False
26.252458333969116,forward_015,6.252458333969116,0.15,0.0,0.0,-0.1810779098944117,0.16580627893946132,0.22143864884678055,-0.17,-0.68,8.18,1.458,0.8605831265449524,0.0,0.07471045712009072,1.0,0.0,7.7,0.279,True,True,False
26.27283000946045,forward_015,6.272830009460449,0.15,0.0,0.0,-0.3719732968312915,-0.06981317007977318,0.5203262832508095,-0.33,0.08,8.92,1.304,0.9462195038795471,0.0,0.04672357067465782,1.0,0.0,7.7,0.279,True,True,False
26.293332815170288,forward_015,6.293332815170288,0.15,0.0,0.0,-0.6457718232379019,0.02399827721492203,0.8224864100023278,-0.33,0.08,8.92,1.458,0.9463228583335876,0.0,0.03370347619056702,1.0,1.0,7.7,0.279,True,True,False
26.313814401626587,forward_015,6.313814401626587,0.15,0.0,0.0,-1.213003830136059,-0.13744467859455345,0.806123948264881,0.18,3.27,9.27,1.074,0.9196977019309998,0.0,0.021828895434737206,1.0,1.0,7.7,0.279,True,True,False
26.33419370651245,forward_015,6.334193706512451,0.15,0.0,0.0,-1.2740903539558606,0.09708393964218458,0.6774059159302992,0.18,3.27,9.27,1.304,0.8995463848114014,0.0,0.02840312384068966,0.0,1.0,7.7,0.279,True,True,False
26.35462737083435,forward_015,6.354627370834351,0.15,0.0,0.0,-1.1301006906663285,0.4166973589136462,0.5792311455056182,0.18,3.27,9.27,1.995,0.7428018450737,0.0,0.0334180798381567,0.0,1.0,7.7,0.279,True,True,False
26.375001430511475,forward_015,6.375001430511475,0.15,0.0,0.0,-0.23561944901923448,0.6239552075879728,0.1439896632895322,0.18,3.27,9.27,1.765,0.7590053677558899,0.0,0.023104071617126465,0.0,1.0,7.7,0.279,True,True,False
26.395359992980957,forward_015,6.395359992980957,0.15,0.0,0.0,-0.2007128639793479,0.3392483733563978,-0.29561514205653955,2.94,-2.42,7.44,0.844,0.678532600402832,0.0,0.04758930578827858,0.0,1.0,7.6,0.40299999999999997,True,True,False
26.415722846984863,forward_015,6.415722846984863,0.15,0.0,0.0,-0.12544553998709243,0.43524148221608594,-0.6479534848028948,-2.34,-5.69,7.28,0.46,0.6898095607757568,0.0,0.053949492052197456,0.0,1.0,7.6,0.40299999999999997,True,True,False
26.43611168861389,forward_015,6.436111688613892,0.15,0.0,0.0,0.12544553998709243,0.4690572364734761,-0.6163193921104976,-2.93,-5.62,7.1000000000000005,1.151,0.5657203793525696,0.0,0.04665208049118519,0.0,1.0,7.6,0.40299999999999997,True,True,False
26.456620931625366,forward_015,6.456620931625366,0.15,0.0,0.0,0.47123889803846897,0.28361600344907856,-0.12871803233458182,-0.29,-4.76,8.41,1.6110000000000002,0.6346073746681213,0.0,0.10677412338554859,0.0,1.0,7.6,0.40299999999999997,True,True,False
26.476996898651123,forward_015,6.476996898651123,0.15,0.0,0.0,0.5465062220307244,0.34143003492139073,-0.014180800172453928,-1.8800000000000001,-2.6,8.25,1.841,0.7290610074996948,0.0,0.08436261489987373,0.0,1.0,7.6,0.40299999999999997,True,True,False
26.497371435165405,forward_015,6.497371435165405,0.15,0.0,0.0,0.4494222823885399,0.0545415391248228,-0.06435901616729091,-1.4000000000000001,-4.38,8.39,1.841,0.8618115186691284,0.0,0.046109892427921295,0.0,1.0,7.6,0.40299999999999997,True,True,False
26.5178325176239,forward_015,6.517832517623901,0.15,0.0,0.0,0.4068798818711781,0.004363323129985824,-0.019634954084936207,-2.18,-2.73,7.38,1.841,0.8040978312492371,0.0,0.06097773090004921,1.0,1.0,7.6,0.40299999999999997,True,True,False
26.538210153579712,forward_015,6.538210153579712,0.15,0.0,0.0,0.6457718232379019,-0.12544553998709243,-0.04581489286485115,-3.02,-1.97,8.91,1.381,0.8708774447441101,0.0,0.055869636591523886,1.0,1.0,7.6,0.40299999999999997,True,True,False
26.5586838722229,forward_015,6.5586838722229,0.15,0.0,0.0,0.9555677654668955,-0.09708393964218458,-0.23125612588924865,-1.72,-0.48,8.5,0.9210000000000002,0.9016628861427307,0.0,0.025714943651109934,1.0,1.0,7.6,0.40299999999999997,True,True,False
26.57905077934265,forward_015,6.579050779342651,0.15,0.0,0.0,0.9632035809443706,-0.1505346479845109,-0.6370451769779303,-1.72,-0.48,8.5,0.9970000000000001,0.9299941658973694,0.0,0.026345402002334595,1.0,1.0,7.6,0.40299999999999997,True,True,False
26.599417448043823,forward_015,6.599417448043823,0.15,0.0,0.0,0.6621342849753488,0.2683443724941282,-1.1453723216212788,-1.72,-0.48,8.5,1.151,0.9260696172714233,0.0,0.02417180687189102,1.0,1.0,7.5,0.588,True,True,False
26.620888710021973,forward_015,6.620888710021973,0.15,0.0,0.0,0.6086835766330224,0.05126904677733343,-1.6733344203495635,-1.72,-0.48,8.5,1.304,0.9163231253623962,0.0,0.018292013555765152,1.0,1.0,7.5,0.588,True,True,False
26.64128875732422,forward_015,6.641288757324219,0.15,0.0,0.0,0.5890486225480862,0.1189005552921137,-1.7540558982543013,-0.2,0.23,7.890000000000001,1.227,0.8324612379074097,0.0,0.024139411747455597,1.0,1.0,7.5,0.588,True,True,False
26.661656856536865,forward_015,6.661656856536865,0.15,0.0,0.0,0.22580197197676638,-0.04908738521234052,-1.4846206949776766,1.27,-0.74,7.24,1.151,0.7842111587524414,0.0,0.032808161806315184,1.0,1.0,7.5,0.588,True,True,False
26.68203377723694,forward_015,6.6820337772369385,0.15,0.0,0.0,0.04690572364734761,-0.2628902185816459,-0.918479518862016,0.72,-0.26,7.87,0.844,0.7766609787940979,0.0,0.029075680766254663,1.0,1.0,7.5,0.588,True,True,False
26.702494144439697,forward_015,6.702494144439697,0.15,0.0,0.0,0.04799655442984406,-0.20398535632683726,0.008726646259971648,-0.4,-0.23,9.290000000000001,0.6899999999999998,0.801824152469635,0.0,0.08143752440810204,1.0,1.0,7.5,0.588,True,True,False
26.72296643257141,forward_015,6.722966432571411,0.15,0.0,0.0,0.031634092692397225,0.008726646259971648,0.7504915783575618,-1.01,0.74,7.99,0.9970000000000001,0.8909446597099304,0.0,0.07379202172160149,1.0,1.0,7.5,0.588,True,True,False
26.743340253829956,forward_015,6.743340253829956,0.15,0.0,0.0,-0.011999138607461015,0.22362031041177347,0.7908523173099306,-1.21,1.01,6.83,0.844,0.6904892921447754,0.0,0.06574410852044821,1.0,1.0,7.5,0.588,True,True,False
26.763701915740967,forward_015,6.763701915740967,0.15,0.0,0.0,0.02399827721492203,0.18216874067690814,0.8726646259971648,-1.21,1.01,6.83,1.304,0.7436253428459167,0.0,0.044044554233551025,1.0,1.0,7.5,0.588,True,True,False
26.784178018569946,forward_015,6.784178018569946,0.15,0.0,0.0,-0.10362892433716332,0.5748678223756323,0.5748678223756323,-2.27,2.17,9.56,1.688,0.8323252201080322,0.0,0.08890777826309204,1.0,1.0,7.5,0.588,True,True,False
26.8045334815979,forward_015,6.8045334815979,0.15,0.0,0.0,-0.20616701789183017,0.6523168079328807,0.19198621771937624,-0.9,2.09,8.89,1.995,0.8234508037567139,0.0,0.07996736839413643,1.0,0.0,7.5,0.857,True,True,False
26.824885606765747,forward_015,6.824885606765747,0.15,0.0,0.0,-0.36324665057131983,0.29561514205653955,-0.1090830782496456,-0.06,1.95,9.040000000000001,1.458,0.8822281360626221,0.0,0.034064291045069695,1.0,0.0,7.5,0.857,True,True,False
26.845288515090942,forward_015,6.845288515090942,0.15,0.0,0.0,-0.6894050545377601,0.022907446432425576,-0.22362031041177347,-2.41,1.8900000000000001,9.3,1.995,0.8876989483833313,0.0,0.029841944575309753,1.0,0.0,7.5,0.857,True,True,False
26.865662097930908,forward_015,6.865662097930908,0.15,0.0,0.0,-0.8333947178272924,0.17780541754692233,-0.05235987755982989,-2.63,1.56,7.5600000000000005,1.534,0.8353889584541321,0.0,0.026691284961998463,1.0,1.0,7.5,0.857,True,True,False
26.886042594909668,forward_015,6.886042594909668,0.15,0.0,0.0,-0.9795660426818175,-0.08726646259971647,0.13962634015954636,0.21,2.85,8.42,0.9970000000000001,0.8679924011230469,0.0,0.01875537633895874,1.0,1.0,7.5,0.857,True,True,False
26.906421899795532,forward_015,6.906421899795532,0.15,0.0,0.0,-1.0428342280666119,0.07090400086226964,0.1407171709420428,-0.25,3.75,8.57,0.9970000000000001,0.8132964968681335,0.0,0.019962506368756294,0.0,1.0,7.5,0.857,True,True,False
26.926794052124023,forward_015,6.926794052124023,0.15,0.0,0.0,-0.5105088062083414,-0.08944812416470939,0.21380283336930536,-0.25,3.75,8.57,1.381,0.7535400390625,0.0,0.02569764107465744,0.0,1.0,7.5,0.857,True,True,False
26.947184324264526,forward_015,6.947184324264526,0.15,0.0,0.0,-0.11126473981463851,0.09381144729469522,0.3719732968312915,-0.68,0.09,7.71,1.227,0.7269973158836365,0.0,0.02857568860054016,0.0,1.0,7.5,0.857,True,True,False
26.96761465072632,forward_015,6.967614650726318,0.15,0.0,0.0,-0.08072147790473774,-0.4494222823885399,-0.36106498900632694,0.24,-2.77,4.11,0.6899999999999998,0.7375649809837341,0.0,0.0675097294151783,0.0,1.0,7.5,0.857,True,True,False
26.988152742385864,forward_015,6.988152742385864,0.15,0.0,0.0,-0.1189005552921137,-0.5868669609830933,-0.18871372537188688,-2.5100000000000002,-2.25,7.96,0.537,0.7570914030075073,0.0,0.04910437390208244,0.0,1.0,7.5,0.857,True,True,False
27.008516788482666,forward_015,7.008516788482666,0.15,0.0,0.0,0.019634954084936207,-0.5857761302005968,-0.08399397025222712,-2.5100000000000002,-2.25,7.96,0.614,0.7872698903083801,0.0,0.03267406299710274,0.0,1.0,7.6,0.544,True,True,False
27.02888321876526,forward_015,7.028883218765259,0.15,0.0,0.0,0.14180800172453928,-0.4505131131710363,0.015271630954950384,-1.6400000000000001,-2.62,7.92,1.688,0.7424919009208679,0.0,0.016750499606132507,0.0,1.0,7.6,0.544,True,True,False
27.049365282058716,forward_015,7.049365282058716,0.15,0.0,0.0,0.08508480103472356,-0.5345070834232635,-0.05999569303730508,-0.68,-2.2600000000000002,7.2,1.995,0.8305723667144775,0.0,0.022618948481976986,0.0,1.0,7.6,0.544,True,True,False
27.069740056991577,forward_015,7.069740056991577,0.15,0.0,0.0,0.1712604328519436,-0.6479534848028948,-0.04581489286485115,0.03,-3.39,7.78,1.6110000000000002,0.9006792306900024,0.0,0.030853649601340294,1.0,1.0,7.6,0.544,True,True,False
27.090105295181274,forward_015,7.090105295181274,0.15,0.0,0.0,0.5115996369908379,-0.693768377667746,-0.09053895494720585,0.26,-3.22,8.6,1.304,0.919647216796875,0.0,0.02982017584145069,1.0,1.0,7.6,0.544,True,True,False
27.110474109649658,forward_015,7.110474109649658,0.15,0.0,0.0,0.8530296719122286,-0.791943148092427,-0.1505346479845109,1.19,-1.95,8.38,0.537,0.9140469431877136,0.0,0.03163282317109406,1.0,1.0,7.6,0.544,True,True,False
27.13085436820984,forward_015,7.130854368209839,0.15,0.0,0.0,0.9719302272043423,-0.7788531787024695,0.05672320068981571,1.19,-1.95,8.38,0.844,0.9264430403709412,0.0,0.026347946375608444,1.0,1.0,7.6,0.544,True,True,False
27.151227235794067,forward_015,7.151227235794067,0.15,0.0,0.0,0.5835944686356039,-0.017453292519943295,0.08072147790473774,1.19,-1.95,8.38,0.844,0.9305723905563354,0.0,0.03175072371959686,1.0,0.0,7.6,0.544,True,True,False
27.17160964012146,forward_015,7.17160964012146,0.15,0.0,0.0,0.05235987755982989,0.2203478180642841,-0.45160394395353276,-1.82,2.32,9.75,1.227,0.8816352486610413,0.0,0.032202052883803844,1.0,0.0,7.6,0.544,True,True,False
27.192067623138428,forward_015,7.192067623138428,0.15,0.0,0.0,-0.00545415391248228,-0.14726215563702155,-0.5203262832508095,-1.82,2.32,9.75,1.304,0.8412271738052368,0.0,0.04405157105065882,1.0,1.0,7.6,0.544,True,True,False
27.212438583374023,forward_015,7.212438583374023,0.15,0.0,0.0,0.025089107997418487,-0.07417649320975901,-0.6610434541928523,0.44,1.52,7.86,0.9970000000000001,0.7333271503448486,0.0,0.030524097906891257,1.0,1.0,7.7,0.26,True,True,False
27.232807874679565,forward_015,7.232807874679565,0.15,0.0,0.0,-0.05999569303730508,0.04254240051736178,-0.6141377305455047,0.9,1.21,7.95,0.537,0.7777369618415833,0.0,0.02820514887571335,1.0,1.0,7.7,0.26,True,True,False
27.25318479537964,forward_015,7.253184795379639,0.15,0.0,0.0,-0.14726215563702155,-0.3108867730114899,-0.3108867730114899,-0.08,0.07,9.0,0.614,0.7804737091064453,0.0,0.03557250089943409,1.0,1.0,7.7,0.26,True,True,False
27.2736873626709,forward_015,7.273687362670898,0.15,0.0,0.0,-0.16144295580947549,-0.3119776037939864,-0.022907446432425576,-0.68,0.15,8.07,0.767,0.762319803237915,0.0,0.05902481637895107,1.0,1.0,7.7,0.26,True,True,False
27.29417586326599,forward_015,7.294175863265991,0.15,0.0,0.0,-0.038179077387375956,-0.3141592653589793,0.2279836335417593,-0.6,-1.08,7.5,0.9210000000000002,0.7727940082550049,0.0,0.06349621061235666,1.0,1.0,7.7,0.26,True,True,False
27.314552545547485,forward_015,7.314552545547485,0.15,0.0,0.0,-0.04363323129985824,-0.22362031041177347,0.4145156973486533,-0.48,-1.53,8.35,1.227,0.7899889945983887,0.0,0.034271303564310074,1.0,1.0,7.7,0.26,True,True,False
27.335025787353516,forward_015,7.335025787353516,0.15,0.0,0.0,-0.04690572364734761,-0.2596177262341565,0.7570365630525404,0.01,-0.71,8.13,1.6110000000000002,0.7610593438148499,0.0,0.050384607166051865,1.0,1.0,7.7,0.26,True,True,False
27.355403661727905,forward_015,7.355403661727905,0.15,0.0,0.0,-0.13744467859455345,-0.3141592653589793,1.0264717663291651,0.12,-0.29,7.78,1.995,0.8881648182868958,0.0,0.06490320153534412,1.0,1.0,7.7,0.26,True,True,False
27.375824689865112,forward_015,7.375824689865112,0.15,0.0,0.0,-0.3817907738737596,-0.5083271446433485,0.9970193352017608,0.76,-0.12,9.08,1.534,0.9619966149330139,0.07142857142857142,0.04749961569905281,1.0,1.0,7.7,0.26,True,True,False
27.39631199836731,forward_015,7.39631199836731,0.15,0.0,0.0,-0.7024950239277177,-0.39269908169872414,0.9981101659842572,0.76,-0.12,9.08,0.767,0.958031177520752,0.07142857142857142,0.022711763624101877,1.0,1.0,7.7,0.26,True,True,False
27.416685342788696,forward_015,7.416685342788696,0.15,0.0,0.0,-0.9850201965942997,-0.2879793265790644,0.9992009967667537,0.76,-0.12,9.08,1.151,0.9338563680648804,0.0,0.020387064665555954,1.0,1.0,7.6,0.506,True,True,False
27.43706512451172,forward_015,7.437065124511719,0.15,0.0,0.0,-0.7657632093125121,0.004363323129985824,1.1202832136238603,0.76,-0.12,9.08,1.841,0.9208307862281799,0.0,0.023994045332074165,1.0,1.0,7.6,0.506,True,True,False
27.457433223724365,forward_015,7.457433223724365,0.15,0.0,0.0,-0.29888763440402893,0.3883357585687383,0.6021385919380436,0.76,-0.12,9.08,2.071,0.8484893441200256,0.0,0.0389582272619009,1.0,1.0,7.6,0.506,True,True,False
27.4778151512146,forward_015,7.4778151512146,0.15,0.0,0.0,-0.13199052468207118,0.26070855701665296,0.17780541754692233,2.71,0.29,7.5600000000000005,1.304,0.8059408664703369,0.0,0.03870589658617973,1.0,1.0,7.6,0.506,True,True,False
27.498190879821777,forward_015,7.498190879821777,0.15,0.0,0.0,-0.12326387842209953,0.30543261909900765,-0.4166973589136462,1.04,-0.04,6.23,0.614,0.7737264633178711,0.0,0.04599727285676636,1.0,1.0,7.6,0.506,True,True,False
27.518555641174316,forward_015,7.518555641174316,0.15,0.0,0.0,0.0818123086872342,0.07744898555724837,-1.069014166846527,0.91,-0.28,9.46,0.537,0.8092721700668335,0.0,0.07270453902310692,1.0,1.0,7.6,0.506,True,True,False
27.53893208503723,forward_015,7.5389320850372314,0.15,0.0,0.0,0.18653206380689397,-0.07744898555724837,-1.3929909092479742,-0.81,-4.8,8.77,0.767,0.7949265241622925,0.0,0.03682451695203781,1.0,1.0,7.6,0.506,True,True,False
27.55930995941162,forward_015,7.559309959411621,0.15,0.0,0.0,0.28361600344907856,0.1407171709420428,-0.7308566242726255,-1.27,-4.6000000000000005,8.18,1.304,0.6381481289863586,0.0,0.07714404538273811,0.0,1.0,7.6,0.506,True,True,False
27.57968258857727,forward_015,7.5796825885772705,0.15,0.0,0.0,0.3719732968312915,-0.008726646259971648,-0.003272492347489368,0.0,-4.2,8.94,1.841,0.7055754065513611,0.0,0.07846793904900551,0.0,1.0,7.6,0.506,True,True,False
27.600148677825928,forward_015,7.600148677825928,0.15,0.0,0.0,0.595593607243065,-0.06872233929727672,0.5770494839406252,0.77,-4.25,9.55,2.302,0.7348027229309082,0.0,0.059601087123155594,0.0,1.0,7.6,0.506,True,True,False
27.620664358139038,forward_015,7.620664358139038,0.15,0.0,0.0,0.6348635154129374,0.13744467859455345,1.177006414313676,0.73,-3.56,8.31,1.381,0.7346017360687256,0.0,0.057484814897179604,1.0,1.0,7.5,0.8050000000000002,True,True,False
27.641354084014893,forward_015,7.641354084014893,0.15,0.0,0.0,0.7712173632249943,0.18762289458939044,1.4944381720201447,-1.01,-1.34,8.84,1.227,0.7955794930458069,0.0,0.04353669844567776,1.0,1.0,7.5,0.8050000000000002,True,True,False
27.661830186843872,forward_015,7.661830186843872,0.15,0.0,0.0,1.0188359508516898,0.16798794050445423,1.3395402009056478,0.37,-1.3900000000000001,8.22,0.6899999999999998,0.8072137236595154,0.0,0.015227592550218105,1.0,1.0,7.5,0.8050000000000002,True,True,False
27.68229842185974,forward_015,7.682298421859741,0.15,0.0,0.0,0.9326603190344699,-0.2378011105842274,1.3700834628155487,0.37,-1.3900000000000001,8.22,1.227,0.8675203323364258,0.0,0.016778189688920975,1.0,0.0,7.5,0.8050000000000002,True,True,False
27.70267415046692,forward_015,7.702674150466919,0.15,0.0,0.0,0.46687557490848314,0.6435901616729091,0.868301302867179,0.37,-1.3900000000000001,8.22,1.304,0.8862748146057129,0.0,0.04902879148721695,1.0,1.0,7.5,0.8050000000000002,True,True,False
27.723050117492676,forward_015,7.723050117492676,0.15,0.0,0.0,0.08944812416470939,0.7635815477475192,0.5377795757707527,0.37,-1.3900000000000001,8.22,1.304,0.8659292459487915,0.0,0.014928147196769714,1.0,1.0,7.5,0.8050000000000002,True,True,False
27.743536233901978,forward_015,7.7435362339019775,0.15,0.0,0.0,-0.05781403147231216,0.8933904108645975,1.05265170510908,-0.76,1.12,6.61,1.074,0.8094178438186646,0.0,0.019028589129447937,1.0,1.0,7.5,0.8050000000000002,True,True,False
27.763975143432617,forward_015,7.763975143432617,0.15,0.0,0.0,-0.1930770485018727,0.7134033317526822,1.124646536753846,-0.32,0.9,7.49,0.614,0.8367781043052673,0.0,0.03082164376974106,1.0,1.0,7.5,0.8050000000000002,True,True,False
27.78434991836548,forward_015,7.7843499183654785,0.15,0.0,0.0,-0.35561083509384467,0.5519603759432067,1.2926344772583003,-0.23,1.9000000000000001,6.22,0.46,0.8896162509918213,0.0,0.05516130477190018,1.0,1.0,7.5,0.8050000000000002,True,True,False
27.80472731590271,forward_015,7.80472731590271,0.15,0.0,0.0,-0.4461497900410505,0.4308781590861001,1.1704614296186973,-0.56,0.64,7.94,0.46,0.9460717439651489,0.0,0.0446778517216444,1.0,1.0,7.5,0.8050000000000002,True,True,False
27.82510018348694,forward_015,7.8251001834869385,0.15,0.0,0.0,-0.48432886742842646,-0.015271630954950384,0.9435686268594344,-0.4,0.52,7.87,0.537,0.9306617975234985,0.0,0.0991846714168787,1.0,1.0,7.5,0.7530000000000001,True,True,False
27.845494985580444,forward_015,7.845494985580444,0.15,0.0,0.0,-0.43960480534607177,-0.35124751196385884,0.7210391472301574,-1.17,-1.33,9.55,0.9210000000000002,0.7767662405967712,0.0,0.05800873599946499,1.0,1.0,7.5,0.7530000000000001,True,True,False
27.86600375175476,forward_015,7.866003751754761,0.15,0.0,0.0,-0.23452861823673804,-0.6065019150680295,0.8050331174823845,-1.34,-1.1400000000000001,7.66,1.304,0.720467746257782,0.0,0.03571271896362305,1.0,1.0,7.5,0.7530000000000001,True,True,False
27.886369943618774,forward_015,7.886369943618774,0.15,0.0,0.0,-0.08726646259971647,-0.9326603190344699,0.9893835197242855,0.15,-1.19,8.19,1.841,0.8723834156990051,0.0,0.08035087212920189,1.0,0.0,7.5,0.7530000000000001,True,True,False
27.90675926208496,forward_015,7.906759262084961,0.15,0.0,0.0,-0.2007128639793479,-0.9206611804270088,0.9773843811168246,0.12,-0.48,5.17,1.765,0.9115607738494873,0.0,0.04817129159346223,1.0,0.0,7.5,0.7530000000000001,True,True,False
27.92716670036316,forward_015,7.927166700363159,0.15,0.0,0.0,-0.4363323129985824,-0.8846637646046258,1.10501158266891,0.64,2.81,7.71,1.458,0.9630531072616577,0.07142857142857142,0.05459820665419102,1.0,1.0,7.5,0.7530000000000001,True,True,False
27.947531700134277,forward_015,7.947531700134277,0.15,0.0,0.0,-0.4985096676008804,-0.4232423436086249,0.990474350506782,0.64,2.81,7.71,0.767,0.94898521900177,0.0,0.02885729819536209,1.0,1.0,7.5,0.7530000000000001,True,True,False
27.967894077301025,forward_015,7.967894077301025,0.15,0.0,0.0,-0.7952156404399164,-0.26070855701665296,0.8901179185171081,0.64,2.81,7.71,1.534,0.9290750026702881,0.0,0.023825526237487793,1.0,1.0,7.5,0.7530000000000001,True,True,False
27.988272666931152,forward_015,7.988272666931152,0.15,0.0,0.0,-0.4821472058634335,0.07308566242726255,0.5825036378531074,0.64,2.81,7.71,1.841,0.9287089705467224,0.0,0.024967419914901257,1.0,1.0,7.5,0.7530000000000001,True,True,False
28.008671045303345,forward_015,8.008671045303345,0.15,0.0,0.0,-0.10799224746714914,0.3043417883165112,0.4559672670835186,1.21,-1.9000000000000001,6.18,1.074,0.8940155506134033,0.0,0.04363710805773735,1.0,1.0,7.5,0.7530000000000001,True,True,False
28.029054641723633,forward_015,8.029054641723633,0.15,0.0,0.0,-0.032724923474893676,-0.061086523819801536,0.46687557490848314,2.18,-4.8500000000000005,6.62,1.304,0.8432828783988953,0.0,0.03168348968029022,1.0,1.0,7.6,0.30500000000000005,True,True,False
28.04941201210022,forward_015,8.04941201210022,0.15,0.0,0.0,-0.1810779098944117,0.06217735460229799,0.05999569303730508,1.3900000000000001,-1.49,8.42,0.614,0.8335809111595154,0.0,0.050027402117848396,1.0,1.0,7.6,0.30500000000000005,True,True,False
28.069777965545654,forward_015,8.069777965545654,0.15,0.0,0.0,-0.2716168648416175,-0.026179938779914945,-0.543233729683235,-1.97,-1.6,7.7,0.384,0.785664975643158,0.0,0.054303599521517754,1.0,1.0,7.6,0.30500000000000005,True,True,False
28.09025812149048,forward_015,8.090258121490479,0.15,0.0,0.0,-0.1308996938995747,-0.10690141668465268,-0.7024950239277177,-1.97,-1.6,7.7,0.767,0.8170506358146667,0.0,0.042883358895778656,1.0,1.0,7.6,0.30500000000000005,True,True,False
28.1106436252594,forward_015,8.1106436252594,0.15,0.0,0.0,0.19416787928436915,0.06326818538479445,-0.2792526803190927,-1.97,-1.6,7.7,1.534,0.718574047088623,0.0,0.0421091690659523,1.0,1.0,7.6,0.30500000000000005,True,True,False
28.131029844284058,forward_015,8.131029844284058,0.15,0.0,0.0,0.33815754257390135,0.31525009614147576,-0.13526301702956053,0.01,-3.75,7.66,2.148,0.6705777645111084,0.0,0.04262127727270126,1.0,1.0,7.6,0.30500000000000005,True,True,False
28.151429414749146,forward_015,8.151429414749146,0.15,0.0,0.0,0.6392268385429232,0.23561944901923448,0.06217735460229799,0.59,-2.96,8.68,2.148,0.7074469327926636,0.0,0.04377836361527443,1.0,1.0,7.6,0.30500000000000005,True,True,False
28.171809673309326,forward_015,8.171809673309326,0.15,0.0,0.0,0.8912087492996045,0.4134248665661568,0.33597588100890846,0.61,-2.93,9.4,1.765,0.7917918562889099,0.0,0.0542235616594553,1.0,1.0,7.6,0.30500000000000005,True,True,False
28.192277908325195,forward_015,8.192277908325195,0.15,0.0,0.0,1.076649982324002,0.6119560689805118,0.5268712679457882,-0.12,-2.9,9.23,1.227,0.7658200263977051,0.0,0.04724119044840336,1.0,1.0,7.6,0.30500000000000005,True,True,False
28.212656259536743,forward_015,8.212656259536743,0.15,0.0,0.0,0.9010262263420726,0.6697701004528239,0.5934119456780721,-0.8,-1.86,8.23,0.767,0.7995636463165283,0.0,0.014129415154457092,1.0,1.0,7.6,0.30500000000000005,True,True,False
28.23303723335266,forward_015,8.233037233352661,0.15,0.0,0.0,0.657770961845363,0.6534076387153771,0.27052603405912107,-0.8,-1.86,8.23,1.151,0.8445519804954529,0.0,0.018528155982494354,1.0,1.0,7.5,0.545,True,True,False
28.25340247154236,forward_015,8.253402471542358,0.15,0.0,0.0,0.39924406639370286,0.6883142237552637,-0.2825251726665821,-0.8,-1.86,8.23,1.151,0.8775842785835266,0.0,0.0323544517159462,1.0,1.0,7.5,0.545,True,True,False
28.27376627922058,forward_015,8.273766279220581,0.15,0.0,0.0,0.2650718801466388,0.605411084285533,-0.8126689329598596,-0.8,-1.86,8.23,1.381,0.8663396835327148,0.0,0.02272536139935255,1.0,1.0,7.5,0.545,True,True,False
28.294142961502075,forward_015,8.294142961502075,0.15,0.0,0.0,0.10253809355466686,0.7112216701876893,-0.7963064712224128,-0.97,-0.01,6.390000000000001,1.151,0.7250546813011169,0.0,0.029356506653130054,1.0,1.0,7.5,0.545,True,True,False
28.31450319290161,forward_015,8.314503192901611,0.15,0.0,0.0,0.028361600344907856,0.35452000431134817,-0.5617778529856748,-0.75,0.47000000000000003,8.01,0.9970000000000001,0.7437410354614258,0.0,0.05871376022696495,1.0,1.0,7.5,0.545,True,True,False
28.334908723831177,forward_015,8.334908723831177,0.15,0.0,0.0,-0.008726646259971648,0.3817907738737596,-0.6632251157578453,-0.78,-0.08,8.97,0.844,0.7713649272918701,0.0,0.026540590450167656,1.0,1.0,7.5,0.545,True,True,False
28.355273723602295,forward_015,8.355273723602295,0.15,0.0,0.0,0.017453292519943295,0.358883327441334,-0.33597588100890846,-0.54,0.2,7.8500000000000005,0.614,0.74248868227005,0.0,0.03573379199951887,1.0,1.0,7.5,0.545,True,True,False
28.375642776489258,forward_015,8.375642776489258,0.15,0.0,0.0,0.039269908169872414,0.6370451769779303,0.02181661564992912,-1.04,-0.01,6.21,1.151,0.4797159731388092,0.0,0.06829938665032387,1.0,1.0,7.5,0.545,True,True,False
28.396011114120483,forward_015,8.396011114120483,0.15,0.0,0.0,0.04690572364734761,0.44833145160604343,0.015271630954950384,-1.04,-0.01,6.21,1.381,0.5917503237724304,0.0,0.14517885074019432,1.0,1.0,7.5,0.545,True,True,False
28.416374444961548,forward_015,8.416374444961548,0.15,0.0,0.0,0.14508049407202864,0.5137812985558308,-0.003272492347489368,-2.57,-0.09,8.36,1.227,0.7175589799880981,0.0,0.1298234760761261,1.0,1.0,7.5,0.545,True,True,False
28.436756372451782,forward_015,8.436756372451782,0.15,0.0,0.0,0.20943951023931956,0.35015668118136234,0.03599741582238305,-1.47,0.49,8.36,1.227,0.7459242343902588,0.0,0.03288249540491961,1.0,1.0,7.6,0.591,True,True,False
28.457125186920166,forward_015,8.457125186920166,0.15,0.0,0.0,0.07744898555724837,0.1930770485018727,-0.07963064712224129,-3.1,0.8200000000000001,7.74,1.381,0.8416229486465454,0.0,0.054260168224573135,1.0,0.0,7.6,0.591,True,True,False
28.47750496864319,forward_015,8.477504968643188,0.15,0.0,0.0,-0.5323254218582705,-0.017453292519943295,-0.0719948316447661,-3.66,0.5700000000000001,9.6,1.304,0.8899083137512207,0.0,0.05814610794186592,1.0,0.0,7.6,0.591,True,True,False
28.497886657714844,forward_015,8.497886657714844,0.15,0.0,0.0,-0.7123125009701857,0.05672320068981571,0.06654067773228381,-2.05,1.59,5.23,0.9210000000000002,0.84388267993927,0.0,0.03604061342775822,1.0,1.0,7.6,0.591,True,True,False
28.518339157104492,forward_015,8.518339157104492,0.15,0.0,0.0,-0.7821256710499589,-0.5705044992456465,0.2476185876266955,0.03,1.1500000000000001,8.5,1.227,0.9333701133728027,0.0,0.0281090522184968,1.0,1.0,7.6,0.591,True,True,False
28.538716554641724,forward_015,8.538716554641724,0.15,0.0,0.0,-1.1813697374436618,-0.3021601267515183,0.33161255787892263,-0.36,3.9,9.59,0.9210000000000002,0.9109413623809814,0.0,0.025877229869365692,1.0,1.0,7.6,0.591,True,True,False
28.559091806411743,forward_015,8.559091806411743,0.15,0.0,0.0,-1.0450158896316049,-0.4526947747360292,0.23343778745424157,-0.36,3.9,9.59,1.074,0.8676291704177856,0.0,0.03380819410085678,0.0,1.0,7.6,0.591,True,True,False
28.57945442199707,forward_015,8.57945442199707,0.15,0.0,0.0,-0.1538071403320003,-0.17780541754692233,0.6108652381980153,-0.33,1.51,9.13,1.151,0.757586658000946,0.0,0.03445448540151119,1.0,1.0,7.6,0.591,True,True,False
28.599870204925537,forward_015,8.599870204925537,0.15,0.0,0.0,-0.09053895494720585,-0.43196898986859655,-0.3010692959690218,0.26,-3.63,6.37,0.844,0.7538936734199524,0.0,0.063770580884011,0.0,1.0,7.6,0.591,True,True,False
28.62024688720703,forward_015,8.620246887207031,0.15,0.0,0.0,-0.05235987755982989,-0.26398104936414235,-0.34470252726888007,-2.2800000000000002,-2.48,9.120000000000001,0.537,0.7324385046958923,0.0,0.040441129509417806,0.0,1.0,7.6,0.591,True,True,False
28.640628814697266,forward_015,8.640628814697266,0.15,0.0,0.0,-0.061086523819801536,-0.30543261909900765,-0.4188790204786391,-2.2800000000000002,-2.48,9.120000000000001,0.537,0.7537436485290527,0.0,0.048373766243457794,0.0,1.0,7.6,0.336,True,True,False
28.661999702453613,forward_015,8.661999702453613,0.15,0.0,0.0,0.136353847812057,-0.24980024919168842,-0.16798794050445423,-0.5,-3.61,7.140000000000001,1.151,0.6609130501747131,0.0,0.03339557349681854,0.0,1.0,7.6,0.336,True,True,False
28.682483673095703,forward_015,8.682483673095703,0.15,0.0,0.0,0.16144295580947549,-0.4723297288209654,0.02181661564992912,-0.5,-3.61,7.140000000000001,1.381,0.709710419178009,0.0,0.020406067371368408,0.0,1.0,7.6,0.336,True,True,False
28.702901363372803,forward_015,8.702901363372803,0.15,0.0,0.0,0.17889624832941878,-0.4723297288209654,0.26398104936414235,-0.5,-3.61,7.140000000000001,1.6110000000000002,0.8125630617141724,0.0,0.029426630586385727,0.0,1.0,7.6,0.336,True,True,False
28.723285675048828,forward_015,8.723285675048828,0.15,0.0,0.0,0.31634092692397225,-0.4243331743911214,0.17562375598192942,-0.5,-3.61,7.140000000000001,1.6110000000000002,0.8874229192733765,0.0,0.03833411051891744,1.0,1.0,7.6,0.336,True,True,False
28.74420714378357,forward_015,8.74420714378357,0.15,0.0,0.0,0.545415391248228,-0.2650718801466388,0.002181661564992912,0.46,-1.05,8.21,1.458,0.9003391861915588,0.0,0.03403136134147644,1.0,1.0,7.6,0.336,True,True,False
28.764590978622437,forward_015,8.764590978622437,0.15,0.0,0.0,0.7668540400950086,-0.39924406639370286,-0.09381144729469522,0.46,-1.05,8.21,0.6899999999999998,0.9204919338226318,0.0,0.021352087147533894,1.0,1.0,7.6,0.336,True,True,False
28.784966468811035,forward_015,8.784966468811035,0.15,0.0,0.0,0.6021385919380436,0.018544123302439753,-0.4734205596034619,0.46,-1.05,8.21,0.9970000000000001,0.9270479083061218,0.0,0.029911857098340988,1.0,1.0,7.6,0.336,True,True,False
28.80534052848816,forward_015,8.80534052848816,0.15,0.0,0.0,0.31306843457648287,0.25634523388666713,-0.8813912722571364,0.46,-1.05,8.21,0.9970000000000001,0.9326517581939697,0.0,0.017938809469342232,1.0,1.0,7.6,0.336,True,True,False
28.825800895690918,forward_015,8.825800895690918,0.15,0.0,0.0,0.18871372537188688,0.10362892433716332,-0.990474350506782,0.46,-1.05,8.21,1.151,0.9370736479759216,0.0,0.023051847703754902,1.0,1.0,7.6,0.336,True,True,False
28.846169471740723,forward_015,8.846169471740723,0.15,0.0,0.0,0.16144295580947549,0.1810779098944117,-1.0875582901489667,-0.06,1.58,8.120000000000001,1.151,0.8472501635551453,0.0,0.030958428978919983,1.0,1.0,7.7,0.268,True,True,False
28.866536617279053,forward_015,8.866536617279053,0.15,0.0,0.0,0.09053895494720585,0.020725784867432664,-0.9599310885968813,-0.28,0.32,9.35,0.9210000000000002,0.7519069314002991,0.0,0.02550608664751053,1.0,1.0,7.7,0.268,True,True,False
28.886903524398804,forward_015,8.886903524398804,0.15,0.0,0.0,0.13526301702956053,0.17780541754692233,-0.40033489717619936,-0.5700000000000001,-1.12,8.17,0.767,0.7429898381233215,0.0,0.06051431968808174,1.0,1.0,7.7,0.268,True,True,False
28.907283544540405,forward_015,8.907283544540405,0.15,0.0,0.0,0.07526732399225546,0.03381575425739013,0.09490227807719166,-0.2,-0.89,7.8100000000000005,0.537,0.7852756381034851,0.0,0.04062282107770443,1.0,1.0,7.7,0.268,True,True,False
28.92764949798584,forward_015,8.92764949798584,0.15,0.0,0.0,-0.06872233929727672,-0.03599741582238305,0.32834006553143325,-1.07,-1.43,7.21,0.844,0.8361989259719849,0.0,0.06640780158340931,1.0,1.0,7.7,0.268,True,True,False
28.948118209838867,forward_015,8.948118209838867,0.15,0.0,0.0,-0.04908738521234052,-0.09599310885968812,0.495237175253391,-0.72,-0.02,8.39,0.9970000000000001,0.6898486614227295,0.0,0.062472663819789886,1.0,1.0,7.7,0.268,True,True,False
28.968486309051514,forward_015,8.968486309051514,0.15,0.0,0.0,0.08399397025222712,-0.07090400086226964,0.7035858547102141,-0.44,-0.07,9.5,1.534,0.7687758803367615,0.0,0.03666331432759762,1.0,1.0,7.7,0.268,True,True,False
28.98894476890564,forward_015,8.98894476890564,0.15,0.0,0.0,0.030543261909900768,-0.1930770485018727,0.7624907169650227,-0.2,0.2,9.64,1.688,0.7316961884498596,0.0,0.061603900976479053,1.0,1.0,7.7,0.268,True,True,False
29.00931668281555,forward_015,9.009316682815552,0.15,0.0,0.0,-0.1090830782496456,-0.21925698728178766,0.581412807070611,-1.24,0.74,7.3,1.765,0.8934842348098755,0.0,0.07677074184175581,1.0,0.0,7.7,0.268,True,True,False
29.02969741821289,forward_015,9.02969741821289,0.15,0.0,0.0,-0.32506757318394386,-0.16798794050445423,0.23125612588924865,-0.01,1.67,8.74,1.074,0.92034912109375,0.0,0.031926508992910385,1.0,0.0,7.7,0.268,True,True,False
29.050074338912964,forward_015,9.050074338912964,0.15,0.0,0.0,-0.6719517620178169,0.11235557059713497,0.1930770485018727,-0.01,1.67,8.74,1.151,0.9387372136116028,0.0,0.02584480494260788,1.0,0.0,7.5,0.8310000000000002,True,True,False
29.070446491241455,forward_015,9.070446491241455,0.15,0.0,0.0,-0.9064803802545549,0.13526301702956053,0.2650718801466388,-0.01,1.67,8.74,1.458,0.8920497894287109,0.0,0.037780382204800844,1.0,1.0,7.5,0.8310000000000002,True,True,False
29.091172695159912,forward_015,9.091172695159912,0.15,0.0,0.0,-0.8464846872172498,0.1559888018969932,0.2912518189265537,-0.43,2.89,8.64,1.381,0.8354122638702393,0.0,0.025427966844290495,1.0,1.0,7.5,0.8310000000000002,True,True,False
29.111557960510254,forward_015,9.111557960510254,0.15,0.0,0.0,-0.8584838258247108,0.1439896632895322,0.2694352032766246,-0.43,2.89,8.64,1.765,0.7973308563232422,0.0,0.02536829560995102,0.0,1.0,7.5,0.8310000000000002,True,True,False
29.13211488723755,forward_015,9.132114887237549,0.15,0.0,0.0,-0.03381575425739013,0.2694352032766246,0.4243331743911214,-0.43,2.89,8.64,1.534,0.7214937210083008,0.0,0.02154233306646347,0.0,1.0,7.5,0.8310000000000002,True,True,False
29.15262460708618,forward_015,9.152624607086182,0.15,0.0,0.0,0.06872233929727672,0.16798794050445423,0.33052172709642613,-0.1,-3.15,4.1,0.767,0.7413336634635925,0.0,0.0373726524412632,0.0,1.0,7.5,0.8310000000000002,True,True,False
29.17301082611084,forward_015,9.17301082611084,0.15,0.0,0.0,0.19416787928436915,0.06435901616729091,0.04799655442984406,-0.22,-0.93,5.72,0.384,0.7306451797485352,0.0,0.06348267942667007,0.0,1.0,7.5,0.8310000000000002,True,True,False
29.19348168373108,forward_015,9.193481683731079,0.15,0.0,0.0,-0.07744898555724837,0.18871372537188688,-0.5410520681182421,-3.0500000000000003,-3.5100000000000002,8.11,0.537,0.663973331451416,0.0,0.05856015160679817,0.0,1.0,7.5,0.8310000000000002,True,True,False
29.21387004852295,forward_015,9.21387004852295,0.15,0.0,0.0,0.08617563181722002,0.02399827721492203,-0.20943951023931956,-3.0500000000000003,-3.5100000000000002,8.11,1.151,0.6857243776321411,0.0,0.05506138410419226,0.0,1.0,7.5,0.8310000000000002,True,True,False
29.234246492385864,forward_015,9.234246492385864,0.15,0.0,0.0,0.2399827721492203,0.1461713248545251,0.21489366415180183,-0.9,-3.52,7.2,1.688,0.8027183413505554,0.0,0.05349870026111603,0.0,1.0,7.5,0.8310000000000002,True,True,False
29.254634618759155,forward_015,9.254634618759155,0.15,0.0,0.0,0.17998707911191522,-0.18762289458939044,0.20616701789183017,-0.86,-2.15,7.24,1.841,0.7738407850265503,0.0,0.040592119097709656,0.0,1.0,7.6,0.468,True,True,False
29.2750723361969,forward_015,9.2750723361969,0.15,0.0,0.0,0.284706834231575,-0.35997415822383044,0.02399827721492203,-1.48,-2.56,8.23,1.918,0.8715243935585022,0.0,0.03520756587386131,1.0,1.0,7.6,0.468,True,True,False
29.29543423652649,forward_015,9.29543423652649,0.15,0.0,0.0,0.6021385919380436,-0.31634092692397225,0.01090830782496456,-0.8,-2.17,8.66,1.6110000000000002,0.9141998887062073,0.0,0.028283107094466686,1.0,1.0,7.6,0.468,True,True,False
29.315807580947876,forward_015,9.315807580947876,0.15,0.0,0.0,0.940296134511945,-0.5028729907308662,-0.14508049407202864,-0.8,-2.17,8.66,0.9210000000000002,0.9335092306137085,0.0,0.018813195638358593,1.0,1.0,7.6,0.468,True,True,False
29.33627462387085,forward_015,9.33627462387085,0.15,0.0,0.0,1.0253809355466685,-0.6403176693254197,-0.14180800172453928,-0.8,-2.17,8.66,0.844,0.9347683787345886,0.0,0.024174878373742104,1.0,0.0,7.6,0.468,True,True,False
29.356654405593872,forward_015,9.356654405593872,0.15,0.0,0.0,0.5094179754258449,0.22580197197676638,-0.6403176693254197,-0.8,-2.17,8.66,0.9210000000000002,0.9113743305206299,0.0,0.03564907982945442,1.0,0.0,7.6,0.468,True,True,False
29.377023458480835,forward_015,9.377023458480835,0.15,0.0,0.0,0.1308996938995747,0.02945243112740431,-1.1420998292737894,-0.8,-2.17,8.66,1.074,0.9314348697662354,0.0,0.03291583061218262,1.0,1.0,7.6,0.468,True,True,False
29.397490739822388,forward_015,9.397490739822388,0.15,0.0,0.0,0.11017390903214205,-0.1734420944169365,-1.3166327544732224,2.6,1.49,9.040000000000001,0.9970000000000001,0.9391071200370789,0.0,0.04450760781764984,1.0,1.0,7.6,0.468,True,True,False
29.41787338256836,forward_015,9.41787338256836,0.15,0.0,0.0,-0.09053895494720585,0.12326387842209953,-1.3569934934255912,0.11,-0.22,6.86,0.9210000000000002,0.7662110328674316,0.0,0.04482771456241608,1.0,1.0,7.6,0.468,True,True,False
29.438275575637817,forward_015,9.438275575637817,0.15,0.0,0.0,-0.1341721862470641,-0.026179938779914945,-0.8312130562622995,0.98,-0.28,9.23,0.767,0.7948104739189148,0.0,0.02914678491652012,1.0,1.0,7.6,0.468,True,True,False
29.45879888534546,forward_015,9.458798885345459,0.15,0.0,0.0,0.16907877128695067,-0.2585268954516601,0.05126904677733343,-0.62,-0.9500000000000001,7.58,0.767,0.8249779343605042,0.0,0.04964026063680649,1.0,1.0,7.7,0.20600000000000002,True,True,False
29.47916269302368,forward_015,9.479162693023682,0.15,0.0,0.0,0.13962634015954636,-0.1461713248545251,0.5225079448158024,-0.68,-0.3,6.7,0.844,0.8820938467979431,0.0,0.06714018853381276,1.0,1.0,7.7,0.20600000000000002,True,True,False
29.49958610534668,forward_015,9.49958610534668,0.15,0.0,0.0,-0.02399827721492203,-0.001090830782496456,0.8290313946973066,-1.07,-0.86,8.82,1.227,0.7732372879981995,0.0,0.060741047374904156,1.0,1.0,7.7,0.20600000000000002,True,True,False
29.519998788833618,forward_015,9.519998788833618,0.15,0.0,0.0,-0.10362892433716332,0.006544984694978736,1.0482883819790942,-1.35,-0.21,8.55,1.841,0.7653969526290894,0.0,0.04130655527114868,1.0,1.0,7.7,0.20600000000000002,True,True,False
29.540395975112915,forward_015,9.540395975112915,0.15,0.0,0.0,-0.14944381720201447,0.08835729338221293,1.0428342280666119,-0.15,-0.09,8.05,2.071,0.8208169937133789,0.0,0.06832778453826904,1.0,0.0,7.7,0.20600000000000002,True,True,False
29.560776948928833,forward_015,9.560776948928833,0.15,0.0,0.0,-0.4276056667386107,0.031634092692397225,0.842121364087264,0.33,1.33,8.19,1.6110000000000002,0.899118185043335,0.0,0.06360977236181498,1.0,0.0,7.7,0.20600000000000002,True,True,False
29.581165075302124,forward_015,9.581165075302124,0.15,0.0,0.0,-0.7712173632249943,-0.2007128639793479,0.6228643768054763,0.52,2.2,9.46,0.9970000000000001,0.9345601201057434,0.0,0.027921016328036785,1.0,0.0,7.7,0.20600000000000002,True,True,False
29.601535081863403,forward_015,9.601535081863403,0.15,0.0,0.0,-0.9741118887693352,0.0272707695624114,0.5541420375081997,-1.48,2.75,8.15,1.534,0.907391369342804,0.0,0.026131102815270424,1.0,1.0,7.7,0.20600000000000002,True,True,False
29.62192177772522,forward_015,9.62192177772522,0.15,0.0,0.0,-0.8268497331323136,0.19416787928436915,0.5323254218582705,-1.48,2.75,8.15,1.458,0.8404009938240051,0.0,0.03782384470105171,1.0,1.0,7.7,0.20600000000000002,True,True,False
29.642298936843872,forward_015,9.642298936843872,0.15,0.0,0.0,-0.8268497331323136,0.22252947962927702,0.459239759431008,-1.48,2.75,8.15,1.995,0.8672632575035095,0.0,0.03059089556336403,0.0,1.0,7.7,0.20600000000000002,True,True,False
29.662680864334106,forward_015,9.662680864334106,0.15,0.0,0.0,-0.48432886742842646,0.3621558197888234,0.3643374813538163,-1.48,2.75,8.15,1.534,0.7905861735343933,0.0,0.03138456866145134,0.0,1.0,7.6,0.35600000000000004,True,True,False
29.684184789657593,forward_015,9.684184789657593,0.15,0.0,0.0,-0.04145156973486533,0.3621558197888234,0.24434609527920614,0.63,-0.66,6.91,1.227,0.7166298031806946,0.0,0.03625660389661789,0.0,1.0,7.6,0.35600000000000004,True,True,False
29.704554319381714,forward_015,9.704554319381714,0.15,0.0,0.0,0.038179077387375956,0.21707532571679475,0.039269908169872414,0.36,-2.17,7.08,0.6899999999999998,0.7465804219245911,0.0,0.039900295436382294,0.0,1.0,7.6,0.35600000000000004,True,True,False
29.724934577941895,forward_015,9.724934577941895,0.15,0.0,0.0,0.11780972450961724,0.32179508083645453,-0.13199052468207118,-1.25,-3.14,7.87,0.614,0.7342913746833801,0.0,0.06056639552116394,0.0,1.0,7.6,0.35600000000000004,True,True,False
29.74531078338623,forward_015,9.74531078338623,0.15,0.0,0.0,0.2552544031041707,0.14508049407202864,-0.03490658503988659,-2.14,-3.63,8.56,0.9210000000000002,0.5992995500564575,0.0,0.06071358174085617,0.0,1.0,7.6,0.35600000000000004,True,True,False
29.765824556350708,forward_015,9.765824556350708,0.15,0.0,0.0,0.21925698728178766,0.2945243112740431,0.004363323129985824,-1.68,-4.17,7.8,1.458,0.7369768619537354,0.0,0.027471594512462616,0.0,1.0,7.6,0.35600000000000004,True,True,False
29.786192417144775,forward_015,9.786192417144775,0.15,0.0,0.0,0.09926560120717749,0.19634954084936207,0.039269908169872414,-0.7000000000000001,-3.72,8.69,1.765,0.8213673830032349,0.0,0.0218481607735157,0.0,1.0,7.6,0.35600000000000004,True,True,False
29.806573390960693,forward_015,9.806573390960693,0.15,0.0,0.0,0.06435901616729091,0.1461713248545251,0.24434609527920614,-1.56,-2.73,7.62,2.071,0.8599169850349426,0.0,0.05648813582956791,0.0,1.0,7.6,0.35600000000000004,True,True,False
29.82694435119629,forward_015,9.826944351196289,0.15,0.0,0.0,0.16689710972195776,-0.14726215563702155,0.2596177262341565,-0.9,-2.5500000000000003,8.120000000000001,1.918,0.8644963502883911,0.0,0.06172047555446625,0.0,1.0,7.6,0.35600000000000004,True,True,False
29.847318172454834,forward_015,9.847318172454834,0.15,0.0,0.0,0.4756022211684548,-0.18216874067690814,0.014180800172453928,-1.57,-3.41,6.53,1.6110000000000002,0.8954222798347473,0.0,0.013754047453403473,1.0,1.0,7.6,0.35600000000000004,True,True,False
29.86784839630127,forward_015,9.86784839630127,0.15,0.0,0.0,0.8453938564347534,-0.5083271446433485,-0.3534291735288517,-0.15,-3.24,8.22,0.9210000000000002,0.93852698802948,0.0,0.03201141208410263,1.0,1.0,7.4,0.876,True,True,False
29.88822317123413,forward_015,9.88822317123413,0.15,0.0,0.0,1.1617347833587257,-0.7930339788749234,-0.11344640137963143,0.41000000000000003,-4.43,9.71,1.074,0.9476957321166992,0.0,0.02313479781150818,1.0,0.0,7.4,0.876,True,True,False
29.90860867500305,forward_015,9.908608675003052,0.15,0.0,0.0,1.0210176124166828,-0.5105088062083414,0.23343778745424157,0.41000000000000003,-4.43,9.71,1.074,0.9505239725112915,0.07142857142857142,0.017057843506336212,1.0,0.0,7.4,0.876,True,True,False
29.929017543792725,forward_015,9.929017543792725,0.15,0.0,0.0,0.2617993877991494,0.2683443724941282,-0.8028514559173916,0.66,5.42,8.88,1.227,0.8973756432533264,0.0,0.06710975803434849,1.0,0.0,7.4,0.876,True,True,False
29.949389219284058,forward_015,9.949389219284058,0.15,0.0,0.0,0.02945243112740431,-0.2945243112740431,-1.1224648751888533,-0.54,3.83,8.45,1.151,0.8584171533584595,0.0,0.052826808765530586,1.0,1.0,7.4,0.876,True,True,False
29.96981167793274,forward_015,9.96981167793274,0.15,0.0,0.0,0.09708393964218458,-0.11344640137963143,-1.040652566501619,-1.28,0.64,4.72,0.9210000000000002,0.7379230260848999,0.0,0.03891195356845856,1.0,1.0,7.4,0.876,True,True,False
29.990189790725708,forward_015,9.990189790725708,0.15,0.0,0.0,-0.17889624832941878,0.032724923474893676,-0.8595746566072073,1.96,0.89,8.040000000000001,0.844,0.7439879179000854,0.0,0.0616927370429039,1.0,1.0,7.4,0.876,True,True,False
30.010615587234497,stand_post,0.01061558723449707,0.0,0.0,0.0,0.0818123086872342,-0.2814343418840856,-0.05890486225480862,1.96,0.89,8.040000000000001,0.9970000000000001,0.8243187665939331,0.0,0.08187207765877247,1.0,1.0,7.4,0.876,True,True,False
30.031001806259155,stand_post,0.031001806259155273,0.0,0.0,0.0,0.16253378659197193,-0.19198621771937624,0.20289452554434081,0.15,0.87,6.5600000000000005,0.9210000000000002,0.8108702898025513,0.0,0.08367004804313183,1.0,1.0,7.4,0.876,True,True,False
30.0513813495636,stand_post,0.05138134956359863,0.0,0.0,0.0,0.1505346479845109,-0.11017390903214205,0.5017821599483697,-0.12,0.9,6.42,1.227,0.8900580406188965,0.0,0.04909931868314743,1.0,1.0,7.4,0.876,True,True,False
30.07185387611389,stand_post,0.0718538761138916,0.0,0.0,0.0,-0.008726646259971648,-0.05345070834232634,0.5159629601208237,-0.12,0.9,6.42,1.227,0.8694664835929871,0.0,0.045767538249492645,1.0,1.0,7.6,0.4020000000000001,True,True,False
30.092217445373535,stand_post,0.09221744537353516,0.0,0.0,0.0,-0.04690572364734761,0.14508049407202864,0.6435901616729091,-0.43,0.19,7.38,1.765,0.8686175346374512,0.0,0.024673622101545334,1.0,1.0,7.6,0.4020000000000001,True,True,False
30.112585306167603,stand_post,0.11258530616760254,0.0,0.0,0.0,-0.24870941840919197,0.20943951023931956,0.7973973020049093,-0.43,-1.6,7.73,1.995,0.8152672052383423,0.0,0.06296350434422493,1.0,1.0,7.6,0.4020000000000001,True,True,False
30.132954835891724,stand_post,0.13295483589172363,0.0,0.0,0.0,-0.7472190860100724,0.2716168648416175,1.0679233360640303,-0.86,-0.85,9.120000000000001,1.458,0.7948889136314392,0.0,0.05381924659013748,1.0,1.0,7.6,0.4020000000000001,True,True,False
30.153330326080322,stand_post,0.15333032608032227,0.0,0.0,0.0,-1.2195488148310378,0.2083486794568231,1.0657416744990376,-0.86,-0.85,9.120000000000001,0.6899999999999998,0.7899635434150696,0.0,0.02929796278476715,1.0,1.0,7.6,0.4020000000000001,True,True,False
30.173702716827393,stand_post,0.17370271682739258,0.0,0.0,0.0,-1.1126473981463851,0.2301652951067522,1.05265170510908,-0.21,2.5300000000000002,6.94,0.614,0.7603302597999573,0.0,0.020899031311273575,1.0,1.0,7.6,0.4020000000000001,True,True,False
30.194065809249878,stand_post,0.19406580924987793,0.0,0.0,0.0,-0.7984881327874057,0.0545415391248228,1.0842857978014773,-0.21,2.5300000000000002,6.94,1.227,0.7758017182350159,0.0,0.027194497175514698,1.0,1.0,7.6,0.4020000000000001,True,True,False
30.214542627334595,stand_post,0.21454262733459473,0.0,0.0,0.0,-0.4145156973486533,0.2378011105842274,0.6806784082777885,-0.21,2.5300000000000002,6.94,1.688,0.7666498422622681,0.0,0.01975119858980179,1.0,1.0,7.6,0.4020000000000001,True,True,False
30.23491930961609,stand_post,0.23491930961608887,0.0,0.0,0.0,-0.06872233929727672,0.030543261909900768,-0.14726215563702155,-0.08,1.21,9.16,1.074,0.7560073137283325,0.0,0.02683255448937416,1.0,1.0,7.6,0.4020000000000001,True,True,False
30.25529193878174,stand_post,0.2552919387817383,0.0,0.0,0.0,0.2279836335417593,0.03490658503988659,-0.4537856055185257,-0.53,-0.45,6.29,0.767,0.7488327622413635,0.0,0.021016431041061878,1.0,1.0,7.6,0.4020000000000001,True,True,False
30.275673389434814,stand_post,0.27567338943481445,0.0,0.0,0.0,0.34143003492139073,0.10471975511965978,-0.4788747135159442,-0.53,-0.45,6.29,0.614,0.7410258650779724,0.0,0.04304391797631979,1.0,1.0,7.6,0.37600000000000006,True,True,False
30.296063899993896,stand_post,0.2960638999938965,0.0,0.0,0.0,0.20180369476184434,0.16798794050445423,-0.5181446216858165,-1.12,-1.95,8.07,0.537,0.7681393027305603,0.0,0.045132748782634735,1.0,1.0,7.6,0.37600000000000006,True,True,False
30.316445112228394,stand_post,0.31644511222839355,0.0,0.0,0.0,0.19744037163185854,0.061086523819801536,-0.35997415822383044,0.4,-2.39,7.98,0.9970000000000001,0.8123383522033691,0.0,0.018508341163396835,1.0,1.0,7.6,0.37600000000000006,True,True,False
30.33681845664978,stand_post,0.3368184566497803,0.0,0.0,0.0,0.09708393964218458,0.038179077387375956,-0.17235126363444003,-0.84,-3.18,8.1,1.381,0.8198986649513245,0.0,0.020010214298963547,1.0,1.0,7.6,0.37600000000000006,True,True,False
30.3571994304657,stand_post,0.35719943046569824,0.0,0.0,0.0,0.031634092692397225,-0.24980024919168842,0.2901609881440573,-0.44,-2.77,9.36,1.6110000000000002,0.8531237840652466,0.0,0.0334511399269104,1.0,1.0,7.6,0.37600000000000006,True,True,False
30.377586364746094,stand_post,0.37758636474609375,0.0,0.0,0.0,0.16689710972195776,-0.37306412761378793,0.6784967467127956,-0.15,-2.34,8.950000000000001,1.304,0.8460232019424438,0.0,0.056961169466376305,1.0,1.0,7.6,0.37600000000000006,True,True,False
30.397960662841797,stand_post,0.3979606628417969,0.0,0.0,0.0,0.4461497900410505,-0.5279620987282847,0.5966844380255614,-0.19,-2.18,9.43,0.537,0.8318792581558228,0.0,0.036922676488757133,1.0,1.0,7.6,0.37600000000000006,True,True,False
30.418318033218384,stand_post,0.4183180332183838,0.0,0.0,0.0,0.5443245604657315,-0.48432886742842646,0.5497787143782138,-0.19,-2.18,9.43,0.614,0.8286800980567932,0.0,0.0183217478916049,1.0,1.0,7.6,0.37600000000000006,True,True,False
30.438697338104248,stand_post,0.43869733810424805,0.0,0.0,0.0,0.24980024919168842,-0.19962203319685143,0.2181661564992912,-0.19,-2.18,9.43,0.844,0.8015967011451721,0.0,0.00823574885725975,1.0,1.0,7.6,0.37600000000000006,True,True,False
30.459075450897217,stand_post,0.4590754508972168,0.0,0.0,0.0,0.025089107997418487,-0.12544553998709243,-0.3196134192714616,-0.19,-2.18,9.43,1.151,0.8496094942092896,0.0,0.02039286494255066,1.0,1.0,7.6,0.37600000000000006,True,True,False
30.47945237159729,stand_post,0.47945237159729004,0.0,0.0,0.0,0.05126904677733343,0.10471975511965978,-0.5857761302005968,-0.19,-2.18,9.43,1.227,0.8691650629043579,0.0,0.019090399146080017,1.0,1.0,7.7,0.198,True,True,False
30.499815464019775,stand_post,0.4998154640197754,0.0,0.0,0.0,-0.017453292519943295,-0.011999138607461015,-0.65558930028037,0.0,2.0100000000000002,8.28,1.074,0.8611302375793457,0.0,0.02413472905755043,1.0,1.0,7.7,0.198,True,True,False
30.5202898979187,stand_post,0.5202898979187012,0.0,0.0,0.0,-0.3174317577064687,0.10035643198967395,-0.7286749627076325,0.03,1.09,6.94,0.767,0.8598516583442688,0.0,0.012827932834625244,1.0,1.0,7.7,0.198,True,True,False
30.54066300392151,stand_post,0.5406630039215088,0.0,0.0,0.0,-0.37088246604879505,-0.02181661564992912,-0.5126904677733343,0.7000000000000001,1.54,8.48,0.537,0.7909672260284424,0.0,0.024860341101884842,1.0,1.0,7.7,0.198,True,True,False
30.561137437820435,stand_post,0.5611374378204346,0.0,0.0,0.0,-0.3239767424014474,0.1439896632895322,-0.22362031041177347,-0.71,-0.47000000000000003,9.14,0.46,0.7030797600746155,0.0,0.05560886859893798,1.0,1.0,7.7,0.198,True,True,False
30.581502199172974,stand_post,0.5815021991729736,0.0,0.0,0.0,-0.3741549583962844,0.2181661564992912,0.2530727415391778,-0.85,-0.6900000000000001,8.33,0.384,0.7887447476387024,0.0,0.045316845178604126,1.0,1.0,7.7,0.198,True,True,False
30.601869344711304,stand_post,0.6018693447113037,0.0,0.0,0.0,-0.3752457891787809,0.1189005552921137,0.56941366846315,-0.12,-2.02,9.27,0.6899999999999998,0.925996720790863,0.0,0.062388695776462555,1.0,1.0,7.7,0.198,True,True,False
30.62223982810974,stand_post,0.6222398281097412,0.0,0.0,0.0,-0.29670597283903605,0.04799655442984406,0.8323038870447959,0.66,-2.33,8.9,0.9970000000000001,0.9142716526985168,0.0,0.05689648352563381,0.0,1.0,7.7,0.198,True,True,False
30.642664432525635,stand_post,0.6426644325256348,0.0,0.0,0.0,-0.31852258848896514,-0.17889624832941878,0.7275841319251362,-0.2,-1.4000000000000001,7.74,0.9970000000000001,0.871220588684082,0.0,0.046533260494470596,0.0,1.0,7.7,0.198,True,True,False
30.663182258605957,stand_post,0.663182258605957,0.0,0.0,0.0,-0.4134248665661568,-0.4068798818711781,0.5323254218582705,-0.06,-3.5,9.78,1.151,0.8428211808204651,0.0,0.06330593302845955,1.0,1.0,7.7,0.198,True,True,False
30.68355417251587,stand_post,0.6835541725158691,0.0,0.0,0.0,-0.4406956361285682,-0.136353847812057,0.27707101875409984,-1.84,-2.0,6.65,1.227,0.840970516204834,0.0,0.042074529454112046,1.0,1.0,7.5,1.096,True,True,False
30.704535007476807,stand_post,0.7045350074768066,0.0,0.0,0.0,-0.19634954084936207,-0.28361600344907856,0.018544123302439753,-0.25,-1.37,6.83,0.767,0.8403061032295227,0.0,0.021094098687171936,1.0,1.0,7.5,1.096,True,True,False
30.725095987319946,stand_post,0.7250959873199463,0.0,0.0,0.0,0.13308135546456762,-0.2748893571891069,-0.13744467859455345,-0.25,-1.37,6.83,1.074,0.8240814805030823,0.0,0.01104380190372467,1.0,1.0,7.5,1.096,True,True,False
30.745630502700806,stand_post,0.7456305027008057,0.0,0.0,0.0,0.31634092692397225,-0.11562806294462433,-0.3763366199612773,-0.66,-0.28,8.19,0.9970000000000001,0.7908040285110474,0.0,0.015145272016525269,1.0,1.0,7.5,1.096,True,True,False
30.76602053642273,stand_post,0.7660205364227295,0.0,0.0,0.0,0.31852258848896514,0.050178215994836975,-0.4145156973486533,0.21,1.35,9.43,0.9970000000000001,0.7356438040733337,0.0,0.02663359045982361,1.0,1.0,7.5,1.096,True,True,False
30.786389589309692,stand_post,0.7863895893096924,0.0,0.0,0.0,0.33815754257390135,0.09272061651219876,-0.459239759431008,-1.11,2.64,9.77,0.767,0.6452258825302124,0.0,0.020651523023843765,1.0,1.0,7.5,1.096,True,True,False
30.806966304779053,stand_post,0.8069663047790527,0.0,0.0,0.0,0.37088246604879505,0.039269908169872414,-0.6534076387153771,0.04,0.77,6.19,0.537,0.6330289840698242,0.0,0.056346217170357704,1.0,1.0,7.5,1.096,True,True,False
30.82732653617859,stand_post,0.8273265361785889,0.0,0.0,0.0,0.3370667117914049,0.004363323129985824,-0.5781403147231217,0.45,0.11,6.94,0.384,0.8277527689933777,0.0,0.06326167471706867,1.0,1.0,7.5,1.096,True,True,False
30.84773850440979,stand_post,0.84773850440979,0.0,0.0,0.0,0.24870941840919197,0.0272707695624114,-0.14944381720201447,-0.03,0.08,8.870000000000001,0.614,0.8597731590270996,0.0,0.029719874262809753,1.0,1.0,7.5,1.096,True,True,False
30.868175268173218,stand_post,0.8681752681732178,0.0,0.0,0.0,0.2476185876266955,0.08726646259971647,0.3141592653589793,-0.29,-0.56,8.45,1.304,0.8500116467475891,0.0,0.02756976243108511,1.0,1.0,7.5,1.096,True,True,False
30.888554096221924,stand_post,0.8885540962219238,0.0,0.0,0.0,0.061086523819801536,0.03490658503988659,0.2650718801466388,-0.67,-2.19,8.25,1.688,0.8461463451385498,0.0,0.02432151883840561,1.0,1.0,7.7,0.18800000000000003,True,True,False
30.9089252948761,stand_post,0.9089252948760986,0.0,0.0,0.0,0.06435901616729091,-0.16907877128695067,0.7057675162752071,0.46,-2.71,8.1,1.227,0.8385533094406128,0.0,0.056345272809267044,1.0,1.0,7.7,0.18800000000000003,True,True,False
30.929285287857056,stand_post,0.9292852878570557,0.0,0.0,0.0,0.1505346479845109,-0.10035643198967395,1.0973757671914346,0.75,-0.96,7.66,0.9970000000000001,0.7971795201301575,0.0,0.06890017539262772,1.0,1.0,7.7,0.18800000000000003,True,True,False
30.949779748916626,stand_post,0.949779748916626,0.0,0.0,0.0,0.36760997370130566,-0.42978732830360367,0.5388704065532492,0.75,-0.96,7.66,0.614,0.8148588538169861,0.0,0.025650419294834137,1.0,1.0,7.7,0.18800000000000003,True,True,False
30.970152854919434,stand_post,0.9701528549194336,0.0,0.0,0.0,0.34579335805137656,0.061086523819801536,0.14835298641951802,-0.4,-1.0,9.58,0.767,0.7993518114089966,0.0,0.022570739034563303,1.0,1.0,7.7,0.18800000000000003,True,True,False
30.99052906036377,stand_post,0.9905290603637695,0.0,0.0,0.0,0.3948807432637171,0.13199052468207118,-0.3687008044838021,-0.4,-1.0,9.58,1.381,0.7401924133300781,0.0,0.03623116761445999,1.0,0.0,7.7,0.18800000000000003,True,True,False
31.010939836502075,stand_post,1.0109398365020752,0.0,0.0,0.0,0.21380283336930536,0.30543261909900765,-0.9064803802545549,-0.4,-1.0,9.58,1.458,0.8400984406471252,0.0,0.017367348074913025,1.0,1.0,7.7,0.18800000000000003,True,True,False
31.031314611434937,stand_post,1.0313146114349365,0.0,0.0,0.0,0.009817477042468103,0.15271630954950383,-0.9064803802545549,0.13,2.43,8.86,1.381,0.7941756844520569,0.0,0.026001915335655212,1.0,1.0,7.7,0.18800000000000003,True,True,False
31.05169677734375,stand_post,1.05169677734375,0.0,0.0,0.0,-0.2585268954516601,0.23671027980173096,-1.0155634585042006,1.9000000000000001,1.97,7.28,1.074,0.8301841616630554,0.0,0.02053907886147499,1.0,1.0,7.7,0.18800000000000003,True,True,False
31.072144746780396,stand_post,1.0721447467803955,0.0,0.0,0.0,-0.32615840396644036,0.22907446432425577,-0.7973973020049093,0.18,0.37,7.44,0.537,0.7372397184371948,0.0,0.027222879230976105,1.0,1.0,7.7,0.18800000000000003,True,True,False
31.092524766921997,stand_post,1.092524766921997,0.0,0.0,0.0,-0.23561944901923448,0.09926560120717749,-0.2378011105842274,-0.66,0.06,7.9,0.537,0.5887919664382935,0.0,0.061802756041288376,1.0,1.0,7.7,0.14900000000000002,True,True,False
31.112911701202393,stand_post,1.1129117012023926,0.0,0.0,0.0,-0.20507618710933373,-0.028361600344907856,0.2781618495365963,0.33,-0.77,8.9,0.46,0.6888747215270996,0.0,0.06434809137135744,1.0,1.0,7.7,0.14900000000000002,True,True,False
31.133386611938477,stand_post,1.1333866119384766,0.0,0.0,0.0,-0.28361600344907856,0.26070855701665296,0.6643159465403417,-0.59,-1.59,7.890000000000001,0.614,0.9165143966674805,0.0,0.05589034245349467,1.0,1.0,7.7,0.14900000000000002,True,True,False
31.153873920440674,stand_post,1.1538739204406738,0.0,0.0,0.0,-0.3196134192714616,0.2378011105842274,1.0799224746714915,-1.23,-1.28,9.66,0.767,0.9034186601638794,0.0,0.06611035019159317,1.0,1.0,7.7,0.14900000000000002,True,True,False
31.174251317977905,stand_post,1.1742513179779053,0.0,0.0,0.0,-0.459239759431008,0.3021601267515183,1.0537425358915764,-1.21,-0.54,8.55,1.304,0.9036542177200317,0.0,0.03685124381445348,1.0,1.0,7.7,0.14900000000000002,True,True,False
31.194629192352295,stand_post,1.194629192352295,0.0,0.0,0.0,-0.5977752688080579,0.20507618710933373,0.38288160465625604,-0.55,1.06,5.75,1.534,0.8439152836799622,0.0,0.04599656257778406,1.0,1.0,7.7,0.14900000000000002,True,True,False
31.214995861053467,stand_post,1.2149958610534668,0.0,0.0,0.0,-0.5585053606381855,0.04690572364734761,0.03381575425739013,0.17,-0.37,8.52,0.9970000000000001,0.8053939938545227,0.0,0.023413211805745952,1.0,1.0,7.7,0.14900000000000002,True,True,False
31.23539090156555,stand_post,1.2353909015655518,0.0,0.0,0.0,-0.5377795757707527,0.01090830782496456,-0.04254240051736178,0.17,-0.37,8.52,0.767,0.8144230246543884,0.0,0.034024519845843315,1.0,1.0,7.7,0.14900000000000002,True,True,False
31.255775451660156,stand_post,1.2557754516601562,0.0,0.0,0.0,-0.14289883250703572,-0.2617993877991494,-0.31306843457648287,0.17,-0.37,8.52,0.767,0.8140298128128052,0.0,0.030024046078324318,1.0,1.0,7.7,0.14900000000000002,True,True,False
31.276267766952515,stand_post,1.2762677669525146,0.0,0.0,0.0,0.2378011105842274,-0.14180800172453928,-0.25416357232167425,-1.1300000000000001,-1.96,8.92,0.844,0.7958405613899231,0.0,0.011807730421423912,1.0,1.0,7.7,0.14900000000000002,True,True,False
31.29664182662964,stand_post,1.2966418266296387,0.0,0.0,0.0,0.4341506514335895,-0.14289883250703572,-0.17453292519943295,-1.1300000000000001,-1.96,8.92,0.9210000000000002,0.787898600101471,0.0,0.005731850862503052,1.0,1.0,7.7,0.167,True,True,False
31.317012071609497,stand_post,1.317012071609497,0.0,0.0,0.0,0.4428772976935611,-0.0818123086872342,-0.2923426497090502,-1.1300000000000001,-1.96,8.92,0.9210000000000002,0.7365185618400574,0.0,0.011411808431148529,1.0,1.0,7.7,0.167,True,True,False
31.337391138076782,stand_post,1.3373911380767822,0.0,0.0,0.0,0.4428772976935611,-0.12435470920459599,-0.3327033886614191,0.45,0.74,7.98,0.614,0.6805341839790344,0.0,0.021933428943157196,1.0,1.0,7.7,0.167,True,True,False
31.357795000076294,stand_post,1.357795000076294,0.0,0.0,0.0,0.3490658503988659,-0.11562806294462433,-0.26070855701665296,0.21,0.5,8.27,0.307,0.5831478238105774,0.0,0.0603766106069088,1.0,1.0,7.7,0.167,True,True,False
31.37816548347473,stand_post,1.3781654834747314,0.0,0.0,0.0,0.11999138607461016,0.11562806294462433,-0.13853550937704992,-0.41000000000000003,0.36,7.83,0.307,0.811830461025238,0.0,0.06627845764160156,1.0,1.0,7.7,0.167,True,True,False
31.39857006072998,stand_post,1.3985700607299805,0.0,0.0,0.0,-0.01090830782496456,-0.01090830782496456,0.08508480103472356,-0.6900000000000001,-0.1,9.15,0.614,0.8992326259613037,0.0,0.022370733320713043,1.0,1.0,7.7,0.167,True,True,False
31.41907572746277,stand_post,1.4190757274627686,0.0,0.0,0.0,-0.05890486225480862,0.031634092692397225,0.3239767424014474,-1.1300000000000001,-0.99,7.49,0.767,0.7991457581520081,0.0,0.05644013360142708,1.0,1.0,7.7,0.167,True,True,False
31.439477920532227,stand_post,1.4394779205322266,0.0,0.0,0.0,-0.07963064712224129,-0.09272061651219876,0.4526947747360292,0.21,-1.3900000000000001,9.3,1.458,0.8247610330581665,0.0,0.018171019852161407,1.0,1.0,7.7,0.167,True,True,False
31.460007905960083,stand_post,1.460007905960083,0.0,0.0,0.0,-0.016362461737446838,-0.06654067773228381,0.5672320068981571,0.26,-4.16,9.06,1.381,0.7882294654846191,0.0,0.0354086309671402,0.0,1.0,7.7,0.167,True,True,False
31.480404376983643,stand_post,1.4804043769836426,0.0,0.0,0.0,0.16471544815696484,-0.02181661564992912,0.49632800603588745,0.26,-4.16,9.06,1.304,0.7879205942153931,0.0,0.09283170662820339,1.0,1.0,7.7,0.167,True,True,False
31.50084662437439,stand_post,1.5008466243743896,0.0,0.0,0.0,0.34143003492139073,-0.30325095753401476,0.2628902185816459,-0.36,-2.81,8.45,0.9210000000000002,0.7978980541229248,0.0,0.02799426205456257,1.0,1.0,7.3,0.883,True,True,False
31.521217107772827,stand_post,1.5212171077728271,0.0,0.0,0.0,0.45705809786601503,-0.26616271092913524,0.08726646259971647,-0.58,-0.8,7.88,0.537,0.7915961146354675,0.0,0.02837980806361884,1.0,1.0,7.3,0.883,True,True,False
31.54157304763794,stand_post,1.5415730476379395,0.0,0.0,0.0,0.7275841319251362,-0.2476185876266955,-0.28907015736156083,-0.58,-0.8,7.88,1.381,0.7625095248222351,0.0,0.02184870094060898,1.0,0.0,7.3,0.883,True,True,False
31.561997890472412,stand_post,1.561997890472412,0.0,0.0,0.0,0.39706240482870997,0.39706240482870997,-0.8748462875621577,-0.58,-0.8,7.88,1.534,0.7054208517074585,0.0,0.05226212739944458,1.0,0.0,7.3,0.883,True,True,False
31.58236050605774,stand_post,1.5823605060577393,0.0,0.0,0.0,0.037088246604879506,-0.02399827721492203,-0.9501136115544131,-0.58,-0.8,7.88,1.534,0.8071309924125671,0.0,0.02823660522699356,1.0,1.0,7.3,0.883,True,True,False
31.602763414382935,stand_post,1.6027634143829346,0.0,0.0,0.0,-0.11780972450961724,-0.09599310885968812,-1.0210176124166828,2.94,2.02,8.36,1.227,0.7636641263961792,0.0,0.047859594225883484,1.0,1.0,7.3,0.883,True,True,False
31.623167514801025,stand_post,1.6231675148010254,0.0,0.0,0.0,-0.35561083509384467,0.21598449493429828,-0.9555677654668955,-0.46,0.68,6.21,0.6899999999999998,0.7576466202735901,0.0,0.03817153023555875,1.0,1.0,7.3,0.883,True,True,False
31.643574953079224,stand_post,1.6435749530792236,0.0,0.0,0.0,-0.42215151282612845,0.006544984694978736,-0.433059820651093,-0.34,0.31,7.65,0.767,0.6274555325508118,0.0,0.05687675718218088,1.0,1.0,7.3,0.883,True,True,False
31.664127588272095,stand_post,1.6641275882720947,0.0,0.0,0.0,-0.20616701789183017,-0.210530341021816,0.05781403147231216,0.23,1.98,8.81,0.46,0.7116076350212097,0.0,0.06125025078654289,1.0,1.0,7.3,0.883,True,True,False
31.68450427055359,stand_post,1.6845042705535889,0.0,0.0,0.0,-0.16144295580947549,0.04690572364734761,0.35561083509384467,-0.35000000000000003,-0.54,7.55,0.537,0.8935936689376831,0.0,0.05216132057830691,1.0,1.0,7.3,0.883,True,True,False
31.704859495162964,stand_post,1.7048594951629639,0.0,0.0,0.0,-0.3534291735288517,0.12762720155208535,0.5934119456780721,-0.35000000000000003,-0.54,7.55,0.9210000000000002,0.9005178809165955,0.0,0.039727019146084785,1.0,1.0,7.6,0.277,True,True,False
31.725446224212646,stand_post,1.7254462242126465,0.0,0.0,0.0,-0.40578905108868163,0.26616271092913524,0.8257589023498172,-0.35000000000000003,-0.54,7.55,1.534,0.9043272733688354,0.0,0.05333063751459122,1.0,1.0,7.6,0.277,True,True,False
31.74581027030945,stand_post,1.7458102703094482,0.0,0.0,0.0,-0.45814892864851153,0.136353847812057,0.56941366846315,-0.18,0.04,5.64,1.765,0.8421615362167358,0.0,0.029444949701428413,1.0,1.0,7.6,0.277,True,True,False
31.76623558998108,stand_post,1.766235589981079,0.0,0.0,0.0,-0.5519603759432067,0.06544984694978735,0.23671027980173096,-0.6900000000000001,-0.85,6.87,1.227,0.8397715091705322,0.0,0.04122251644730568,1.0,1.0,7.6,0.277,True,True,False
31.786625146865845,stand_post,1.7866251468658447,0.0,0.0,0.0,-0.6599526234103559,0.1090830782496456,0.02399827721492203,-0.6900000000000001,-0.85,6.87,0.767,0.84089195728302,0.0,0.039165087509900325,1.0,1.0,7.6,0.277,True,True,False
31.807007551193237,stand_post,1.8070075511932373,0.0,0.0,0.0,-0.6534076387153771,0.01090830782496456,-0.28579766501407144,-0.6900000000000001,-0.85,6.87,0.767,0.8343024849891663,0.0,0.025322209112346172,1.0,1.0,7.6,0.277,True,True,False
31.82746124267578,stand_post,1.8274612426757812,0.0,0.0,0.0,-0.20289452554434081,-0.11017390903214205,-0.41233403578366035,-0.6900000000000001,-0.85,6.87,0.9210000000000002,0.835935652256012,0.0,0.021680567413568497,1.0,1.0,7.6,0.277,True,True,False
31.847817182540894,stand_post,1.8478171825408936,0.0,0.0,0.0,0.11235557059713497,-0.1810779098944117,-0.16471544815696484,-0.6900000000000001,-0.85,6.87,1.151,0.817249596118927,0.0,0.008056707680225372,1.0,1.0,7.6,0.277,True,True,False
31.868332862854004,stand_post,1.868332862854004,0.0,0.0,0.0,0.21707532571679475,0.038179077387375956,-0.2999784651865254,-0.6900000000000001,-0.85,6.87,0.9970000000000001,0.8399094939231873,0.0,0.008629679679870605,1.0,1.0,7.6,0.277,True,True,False
31.888705492019653,stand_post,1.8887054920196533,0.0,0.0,0.0,0.2628902185816459,0.09817477042468103,-0.3327033886614191,-0.15,-0.62,8.61,0.614,0.8120148777961731,0.0,0.019001908600330353,1.0,1.0,7.6,0.277,True,True,False
31.909085512161255,stand_post,1.9090855121612549,0.0,0.0,0.0,0.4308781590861001,0.017453292519943295,-0.037088246604879506,-0.71,0.42,6.62,0.384,0.7727156281471252,0.0,0.0284318495541811,1.0,1.0,7.7,0.13799999999999998,True,True,False
31.92950677871704,stand_post,1.929506778717041,0.0,0.0,0.0,0.3621558197888234,0.013089969389957472,0.0,1.11,1.22,9.17,0.307,0.7753305435180664,0.0,0.0673652421683073,1.0,1.0,7.7,0.13799999999999998,True,True,False
31.94986915588379,stand_post,1.949869155883789,0.0,0.0,0.0,0.05781403147231216,0.1538071403320003,-0.16035212502697901,-1.18,-0.48,8.15,0.384,0.7750393748283386,0.0,0.04322587698698044,1.0,1.0,7.7,0.13799999999999998,True,True,False
31.970237016677856,stand_post,1.9702370166778564,0.0,0.0,0.0,-0.06654067773228381,0.032724923474893676,0.022907446432425576,0.25,-0.37,9.53,0.6899999999999998,0.8473595380783081,0.0,0.0323210135102272,1.0,1.0,7.7,0.13799999999999998,True,True,False
31.990603923797607,stand_post,1.9906039237976074,0.0,0.0,0.0,-0.13199052468207118,0.09053895494720585,0.14289883250703572,-0.02,-1.82,8.35,1.151,0.8619071245193481,0.0,0.021859657019376755,1.0,1.0,7.7,0.13799999999999998,True,True,False
32.01099920272827,stand_post,2.0109992027282715,0.0,0.0,0.0,-0.06872233929727672,-0.055632369907319255,0.19744037163185854,-0.1,-1.79,8.52,1.458,0.7452365756034851,0.0,0.046266146935522556,0.0,1.0,7.7,0.13799999999999998,True,True,False
32.0314724445343,stand_post,2.0314724445343018,0.0,0.0,0.0,0.18762289458939044,-0.03490658503988659,0.2977968036215325,-0.88,-2.4,8.48,1.534,0.8105157017707825,0.0,0.07128493045456707,1.0,1.0,7.7,0.13799999999999998,True,True,False
32.051904916763306,stand_post,2.0519049167633057,0.0,0.0,0.0,0.4734205596034619,-0.32070425005395803,0.22689280275926285,0.14,-2.84,9.06,1.227,0.805543065071106,0.0,0.03770650248043239,1.0,1.0,7.7,0.13799999999999998,True,True,False
32.072274684906006,stand_post,2.072274684906006,0.0,0.0,0.0,0.6108652381980153,-0.39051742013373125,0.07853981633974483,-0.71,-3.12,9.16,0.844,0.804767906665802,0.0,0.017192065715789795,1.0,1.0,7.7,0.13799999999999998,True,True,False
32.092644453048706,stand_post,2.092644453048706,0.0,0.0,0.0,0.7003133623627247,-0.20289452554434081,-0.055632369907319255,-0.79,-1.59,9.53,0.767,0.7684698104858398,0.0,0.013916455209255219,1.0,1.0,7.7,0.13799999999999998,True,True,False
32.11316752433777,stand_post,2.1131675243377686,0.0,0.0,0.0,0.7494007475750653,-0.017453292519943295,-0.34033920413889424,-0.79,-1.59,9.53,1.151,0.6920966506004333,0.0,0.031255911104381084,1.0,0.0,7.6,0.382,True,True,False
32.1335232257843,stand_post,2.1335232257843018,0.0,0.0,0.0,0.30543261909900765,0.1341721862470641,-0.6795875774952921,-0.79,-1.59,9.53,1.304,0.5194264054298401,0.0,0.05679583549499512,1.0,0.0,7.6,0.382,True,True,False
32.15390610694885,stand_post,2.1539061069488525,0.0,0.0,0.0,-0.18980455615438332,-0.050178215994836975,-0.6370451769779303,0.62,3.13,8.790000000000001,1.381,0.7558209896087646,0.0,0.05842870008200407,1.0,1.0,7.6,0.382,True,True,False
32.1742947101593,stand_post,2.1742947101593018,0.0,0.0,0.0,-0.28361600344907856,0.00545415391248228,-0.7450374244450795,0.2,1.62,6.19,0.844,0.7106559872627258,0.0,0.025481849908828735,1.0,1.0,7.6,0.382,True,True,False
32.19469666481018,stand_post,2.1946966648101807,0.0,0.0,0.0,-0.36324665057131983,-0.006544984694978736,-0.47451139038595835,0.58,0.33,8.18,0.844,0.6818169951438904,0.0,0.03178443480283022,1.0,1.0,7.6,0.382,True,True,False
32.2152054309845,stand_post,2.215205430984497,0.0,0.0,0.0,-0.3272492347489368,0.11562806294462433,-0.10362892433716332,-0.54,1.6500000000000001,7.0,0.767,0.7904934287071228,0.0,0.05500655993819237,1.0,1.0,7.6,0.382,True,True,False
32.23557162284851,stand_post,2.2355716228485107,0.0,0.0,0.0,-0.14508049407202864,0.022907446432425576,0.09817477042468103,-0.19,0.29,7.63,0.6899999999999998,0.8294436931610107,0.0,0.03476352617144585,1.0,1.0,7.6,0.382,True,True,False
32.25604510307312,stand_post,2.25604510307312,0.0,0.0,0.0,-0.17016960206944712,-0.008726646259971648,0.4036073895236887,-0.19,0.29,7.63,0.9970000000000001,0.8949049711227417,0.0,0.04514307249337435,1.0,1.0,7.6,0.382,True,True,False
32.27643632888794,stand_post,2.2764363288879395,0.0,0.0,0.0,-0.2203478180642841,0.19962203319685143,0.6468626540203984,0.2,-1.17,9.66,1.6110000000000002,0.8863368034362793,0.0,0.04876848869025707,1.0,1.0,7.6,0.382,True,True,False
32.29681396484375,stand_post,2.29681396484375,0.0,0.0,0.0,-0.3425208657038872,0.032724923474893676,0.48978302134090873,0.43,-1.04,5.51,1.6110000000000002,0.8391425013542175,0.0,0.057846225798130035,1.0,1.0,7.6,0.382,True,True,False
32.317184925079346,stand_post,2.3171849250793457,0.0,0.0,0.0,-0.4734205596034619,-0.19744037163185854,0.2912518189265537,-0.59,-2.16,7.47,1.074,0.8402748703956604,0.0,0.04467174783349037,1.0,1.0,7.5,0.9299999999999999,True,True,False
32.33755612373352,stand_post,2.3375561237335205,0.0,0.0,0.0,-0.607592745850526,-0.15162547876700738,0.3076142806640006,-1.37,-0.87,9.05,0.844,0.8482623100280762,0.0,0.03321632556617259,1.0,1.0,7.5,0.9299999999999999,True,True,False
32.35792517662048,stand_post,2.3579251766204834,0.0,0.0,0.0,-0.5890486225480862,-0.12544553998709243,0.05126904677733343,-1.37,-0.87,9.05,0.767,0.8359148502349854,0.0,0.021533308550715446,1.0,1.0,7.5,0.9299999999999999,True,True,False
32.37829947471619,stand_post,2.3782994747161865,0.0,0.0,0.0,-0.2683443724941282,-0.08399397025222712,-0.23234695667174513,-1.37,-0.87,9.05,1.074,0.8103247284889221,0.0,0.017425788566470146,1.0,1.0,7.5,0.9299999999999999,True,True,False
32.39868426322937,stand_post,2.39868426322937,0.0,0.0,0.0,-0.08290313946973066,-0.17235126363444003,-0.3436116964863836,-1.37,-0.87,9.05,1.151,0.7905316352844238,0.0,0.01237451657652855,1.0,1.0,7.5,0.9299999999999999,True,True,False
32.41961097717285,stand_post,2.4196109771728516,0.0,0.0,0.0,0.009817477042468103,0.26725354171163174,-0.4505131131710363,-1.37,-0.87,9.05,0.9210000000000002,0.8144820928573608,0.0,0.023993896320462227,1.0,1.0,7.5,0.9299999999999999,True,True,False
32.44017052650452,stand_post,2.4401705265045166,0.0,0.0,0.0,0.2530727415391778,0.20398535632683726,-0.5355979142057599,-1.37,-0.87,9.05,0.6899999999999998,0.754262387752533,0.0,0.018738947808742523,1.0,1.0,7.5,0.9299999999999999,True,True,False
32.46053981781006,stand_post,2.4605398178100586,0.0,0.0,0.0,0.45160394395353276,0.16580627893946132,-0.37306412761378793,0.13,0.14,8.16,0.537,0.647284746170044,0.0,0.038739800453186035,1.0,1.0,7.5,0.9299999999999999,True,True,False
32.48091006278992,stand_post,2.480910062789917,0.0,0.0,0.0,0.4701480672559725,0.17562375598192942,-0.06217735460229799,-0.72,-0.76,7.82,0.307,0.6859328150749207,0.0,0.06774263456463814,1.0,1.0,7.5,0.9299999999999999,True,True,False
32.501415729522705,stand_post,2.501415729522705,0.0,0.0,0.0,0.2399827721492203,0.10362892433716332,0.17780541754692233,0.1,-0.17,7.92,0.46,0.8292027711868286,0.0,0.06495318561792374,1.0,1.0,7.5,0.9299999999999999,True,True,False
32.52180528640747,stand_post,2.5218052864074707,0.0,0.0,0.0,0.039269908169872414,0.10799224746714914,0.22143864884678055,-0.33,-1.53,9.36,0.767,0.8803689479827881,0.0,0.01765894703567028,1.0,1.0,7.6,0.4660000000000001,True,True,False
32.54217553138733,stand_post,2.542175531387329,0.0,0.0,0.0,-0.015271630954950384,0.08944812416470939,0.4286964975211072,-0.96,-1.31,9.18,1.458,0.8532202243804932,0.0,0.05661353748291731,0.0,1.0,7.6,0.4660000000000001,True,True,False
32.56255483627319,stand_post,2.5625548362731934,0.0,0.0,0.0,0.12435470920459599,-0.05999569303730508,0.48978302134090873,0.0,-1.53,8.1,1.765,0.7931006550788879,0.0,0.047962937504053116,0.0,1.0,7.6,0.4660000000000001,True,True,False
32.582924365997314,stand_post,2.5829243659973145,0.0,0.0,0.0,0.19853120241435498,-0.12544553998709243,0.3425208657038872,-0.25,-1.8800000000000001,8.46,1.458,0.7709324359893799,0.0,0.08930264436639845,1.0,1.0,7.6,0.4660000000000001,True,True,False
32.60328912734985,stand_post,2.6032891273498535,0.0,0.0,0.0,0.5246896063807953,-0.23125612588924865,0.14289883250703572,-0.51,-3.48,9.450000000000001,1.074,0.774286150932312,0.0,0.026010286509063008,1.0,1.0,7.6,0.4660000000000001,True,True,False
32.62366271018982,stand_post,2.6236627101898193,0.0,0.0,0.0,0.6839509006252779,-0.11344640137963143,0.02181661564992912,-0.51,-3.48,9.450000000000001,0.6899999999999998,0.7921524047851562,0.0,0.026811003238890407,1.0,1.0,7.6,0.4660000000000001,True,True,False
32.64421105384827,stand_post,2.6442110538482666,0.0,0.0,0.0,0.7886706557449377,-0.016362461737446838,-0.4014257279586958,-0.53,-1.1,9.8,1.074,0.7124674916267395,0.0,0.02597079426050186,1.0,0.0,7.6,0.4660000000000001,True,True,False
32.66458249092102,stand_post,2.6645824909210205,0.0,0.0,0.0,0.5966844380255614,0.23343778745424157,-0.7101308394051928,-0.53,-1.1,9.8,1.227,0.5553634762763977,0.0,0.05296686291694641,1.0,0.0,7.6,0.4660000000000001,True,True,False
32.6849639415741,stand_post,2.6849639415740967,0.0,0.0,0.0,0.12435470920459599,0.10035643198967395,-0.842121364087264,-0.53,-1.1,9.8,1.534,0.7125586271286011,0.0,0.028633052483201027,1.0,1.0,7.6,0.4660000000000001,True,True,False
32.7053382396698,stand_post,2.7053382396698,0.0,0.0,0.0,-0.18871372537188688,-0.12326387842209953,-0.9577494270318884,0.79,2.97,8.040000000000001,1.458,0.7109856605529785,0.0,0.05261745676398277,1.0,1.0,7.6,0.4660000000000001,True,True,False
32.72584128379822,stand_post,2.7258412837982178,0.0,0.0,0.0,-0.3174317577064687,0.09599310885968812,-0.9457502884244273,0.5,0.36,6.63,0.9970000000000001,0.714598536491394,0.0,0.024685844779014587,1.0,1.0,7.7,0.149,True,True,False
32.7464394569397,stand_post,2.7464394569396973,0.0,0.0,0.0,-0.2945243112740431,-0.025089107997418487,-0.4134248665661568,0.12,0.25,7.42,0.767,0.6266173720359802,0.0,0.04877644032239914,1.0,1.0,7.7,0.149,True,True,False
32.76681184768677,stand_post,2.7668118476867676,0.0,0.0,0.0,-0.19744037163185854,-0.19634954084936207,-0.030543261909900768,0.21,0.9,8.18,0.537,0.6947879791259766,0.0,0.05526036210358143,1.0,1.0,7.7,0.149,True,True,False
32.787193059921265,stand_post,2.7871930599212646,0.0,0.0,0.0,-0.20725784867432664,0.01090830782496456,0.16689710972195776,-0.3,0.54,7.61,0.614,0.8975951671600342,0.0,0.053676800802350044,1.0,1.0,7.7,0.149,True,True,False
32.80755853652954,stand_post,2.807558536529541,0.0,0.0,0.0,-0.32615840396644036,0.10253809355466686,0.38069994309126315,-0.3,0.54,7.61,0.767,0.8830564618110657,0.0,0.03040886856615543,1.0,1.0,7.7,0.149,True,True,False
32.82804560661316,stand_post,2.828045606613159,0.0,0.0,0.0,-0.28361600344907856,0.2825251726665821,0.6926775468852495,0.2,0.16,9.38,1.458,0.8795078992843628,0.0,0.03988359123468399,1.0,1.0,7.7,0.149,True,True,False
32.848427057266235,stand_post,2.8484270572662354,0.0,0.0,0.0,-0.41996985126113556,0.12762720155208535,0.4232423436086249,0.07,-0.32,5.76,1.841,0.8492620587348938,0.0,0.03924361616373062,1.0,1.0,7.7,0.149,True,True,False
32.86880826950073,stand_post,2.8688082695007324,0.0,0.0,0.0,-0.5934119456780721,-0.12871803233458182,0.23125612588924865,-1.09,-0.77,9.33,1.458,0.8460685014724731,0.0,0.040740227326750755,1.0,1.0,7.7,0.149,True,True,False
32.88919162750244,stand_post,2.8891916275024414,0.0,0.0,0.0,-0.7243116395776468,-0.04254240051736178,0.14180800172453928,-1.09,-0.77,9.33,0.844,0.8478698134422302,0.0,0.03787028975784778,1.0,1.0,7.7,0.149,True,True,False
32.90962529182434,stand_post,2.909625291824341,0.0,0.0,0.0,-0.7210391472301574,0.039269908169872414,-0.21707532571679475,-1.1,-0.39,9.36,0.844,0.8350052237510681,0.0,0.01928437501192093,1.0,1.0,7.7,0.149,True,True,False
32.930009841918945,stand_post,2.9300098419189453,0.0,0.0,0.0,-0.30325095753401476,-0.14726215563702155,-0.2912518189265537,-0.28,-1.3900000000000001,9.22,1.074,0.8130478262901306,0.0,0.025375942699611187,1.0,1.0,7.6,0.4680000000000001,True,True,False
32.95037531852722,stand_post,2.9503753185272217,0.0,0.0,0.0,-0.04799655442984406,-0.21925698728178766,-0.15489797111449674,-0.28,-1.3900000000000001,9.22,1.074,0.8070831298828125,0.0,0.01271086186170578,1.0,1.0,7.6,0.4680000000000001,True,True,False
32.97083783149719,stand_post,2.9708378314971924,0.0,0.0,0.0,0.08726646259971647,-0.13962634015954636,-0.31306843457648287,-0.28,-1.3900000000000001,9.22,0.9970000000000001,0.7976723909378052,0.0,0.010427717119455338,1.0,1.0,7.6,0.4680000000000001,True,True,False
32.99131369590759,stand_post,2.9913136959075928,0.0,0.0,0.0,0.19525871006686563,0.12871803233458182,-0.3621558197888234,-1.0,-1.11,7.33,0.6899999999999998,0.7747812867164612,0.0,0.022672444581985474,1.0,1.0,7.6,0.4680000000000001,True,True,False
