time_s,phase,phase_elapsed_s,cmd_x,cmd_y,cmd_yaw,gyro_x,gyro_y,gyro_z,accel_x,accel_y,accel_z,joint_vel_abs_max,action_abs_max,action_saturation_frac,target_delta_abs_max,left_contact,right_contact,min_voltage,sum_abs_current,obs_finite,action_finite,missed_deadline
0.0001983642578125,stand_pre,0.0001983642578125,0.0,0.0,0.0,0.24434609527920614,-0.26616271092913524,-2.049671040310841,1.97,2.08,9.33,0.0,0.7961196899414062,0.0,0.15922394394874573,1.0,1.0,7.9,0.14100000000000001,True,True,True
0.03292369842529297,stand_pre,0.03292369842529297,0.0,0.0,0.0,-0.02399827721492203,-0.004363323129985824,-1.718058482431918,1.75,1.98,9.700000000000001,0.0,0.853801429271698,0.0,0.04693612363189459,1.0,1.0,7.9,0.14100000000000001,True,True,False
0.05355191230773926,stand_pre,0.05355191230773926,0.0,0.0,0.0,0.001090830782496456,0.014180800172453928,0.006544984694978736,0.25,-0.4,9.24,0.6899999999999998,0.8125303983688354,0.0,0.08094087615609169,1.0,1.0,7.9,0.14100000000000001,True,True,False
0.07421636581420898,stand_pre,0.07421636581420898,0.0,0.0,0.0,-0.003272492347489368,0.015271630954950384,0.00545415391248228,0.79,-0.06,8.36,1.458,0.8290957808494568,0.0,0.03787684440612793,1.0,1.0,7.9,0.14100000000000001,True,True,False
0.09468412399291992,stand_pre,0.09468412399291992,0.0,0.0,0.0,-0.04363323129985824,-0.011999138607461015,0.02945243112740431,1.1300000000000001,0.0,9.19,1.918,0.8531213998794556,0.0,0.02325866324827075,1.0,1.0,7.9,0.14100000000000001,True,True,False
0.11517739295959473,stand_pre,0.11517739295959473,0.0,0.0,0.0,-0.5006913291658733,-0.08508480103472356,-0.007635815477475192,1.1300000000000001,0.0,9.19,1.995,0.85440993309021,0.0,0.017340150196105242,1.0,1.0,7.9,0.14100000000000001,True,True,False
0.13557195663452148,stand_pre,0.13557195663452148,0.0,0.0,0.0,-1.0711958284115197,-0.5028729907308662,0.3425208657038872,2.31,0.18,5.54,2.071,0.8311946392059326,0.0,0.023457749281078577,1.0,1.0,7.9,0.14100000000000001,True,True,False
0.15596389770507812,stand_pre,0.15596389770507812,0.0,0.0,0.0,-1.3722651243805417,-0.9850201965942997,0.9882926889417891,1.42,-0.45,4.84,1.6110000000000002,0.8290534019470215,0.0,0.04657149966806173,1.0,1.0,7.9,0.14100000000000001,True,True,False
0.17632627487182617,stand_pre,0.17632627487182617,0.0,0.0,0.0,-1.6918785436520032,-1.090830782496456,1.0755591515415055,1.42,-0.45,4.84,0.844,0.8056133389472961,0.0,0.01851547695696354,1.0,1.0,7.9,0.14100000000000001,True,True,False
0.19671130180358887,stand_pre,0.19671130180358887,0.0,0.0,0.0,-1.014472627721704,-0.8497571795647392,1.4671674024577332,1.42,-0.45,4.84,0.6899999999999998,0.8261671662330627,0.0,0.031772419810295105,1.0,1.0,7.9,0.14100000000000001,True,True,False
0.21707987785339355,stand_pre,0.21707987785339355,0.0,0.0,0.0,-0.5355979142057599,-0.33161255787892263,0.8944812416470939,0.66,0.8200000000000001,8.91,0.6899999999999998,0.769983172416687,0.0,0.046388305723667145,1.0,1.0,7.7,0.31700000000000006,True,True,False
0.23745059967041016,stand_pre,0.23745059967041016,0.0,0.0,0.0,-0.40906154343617096,-0.18435040224190105,0.09926560120717749,0.49,-1.01,8.950000000000001,0.9970000000000001,0.8139339089393616,0.0,0.03617818094789982,1.0,1.0,7.7,0.31700000000000006,True,True,False
0.25781869888305664,stand_pre,0.25781869888305664,0.0,0.0,0.0,-0.5050546522958591,0.19198621771937624,-0.8006697943523987,0.49,-1.01,8.950000000000001,0.9970000000000001,0.9069778919219971,0.0,0.04764976352453232,1.0,1.0,7.7,0.31700000000000006,True,True,False
0.2783522605895996,stand_pre,0.2783522605895996,0.0,0.0,0.0,0.12762720155208535,0.4919646829059016,-0.9882926889417891,2.08,-3.63,7.78,0.844,0.9349812269210815,0.0,0.013643279671669006,1.0,1.0,7.7,0.31700000000000006,True,True,False
0.29871082305908203,stand_pre,0.29871082305908203,0.0,0.0,0.0,0.3523383427463553,0.36760997370130566,-0.9021170571245691,-0.97,-4.45,7.43,0.46,0.9287813305854797,0.0,0.023488007485866547,1.0,1.0,7.7,0.31700000000000006,True,True,False
0.31908202171325684,stand_pre,0.31908202171325684,0.0,0.0,0.0,0.4537856055185257,0.2519819107566813,-0.6719517620178169,-0.97,-4.45,7.43,0.9210000000000002,0.92952960729599,0.0,0.007072581909596922,1.0,1.0,7.7,0.31700000000000006,True,True,False
0.3395683765411377,stand_pre,0.3395683765411377,0.0,0.0,0.0,0.04363323129985824,0.11126473981463851,0.11562806294462433,-0.97,-4.45,7.43,0.844,0.8832611441612244,0.0,0.03542371839284897,1.0,1.0,7.7,0.31700000000000006,True,True,False
0.36000967025756836,stand_pre,0.36000967025756836,0.0,0.0,0.0,0.014180800172453928,-0.08399397025222712,0.519235452468313,2.17,-3.21,6.86,0.9210000000000002,0.8674578070640564,0.0,0.019821926951408386,1.0,1.0,7.7,0.31700000000000006,True,True,False
0.38039445877075195,stand_pre,0.38039445877075195,0.0,0.0,0.0,0.02181661564992912,-0.5170537909033202,1.7246034671268968,0.91,-2.18,7.38,0.384,0.7964147329330444,0.0,0.04410420358181,1.0,1.0,7.7,0.31700000000000006,True,True,False
0.4007840156555176,stand_pre,0.4007840156555176,0.0,0.0,0.0,-0.00545415391248228,-0.6643159465403417,2.0867592869157203,0.91,-2.18,7.38,0.384,0.7943007946014404,0.0,0.034082040190696716,1.0,1.0,7.7,0.31700000000000006,True,True,False
0.4211452007293701,stand_pre,0.4211452007293701,0.0,0.0,0.0,0.05345070834232634,-0.6250460383704692,1.6177020504422441,0.91,-2.18,7.38,0.537,0.7937832474708557,0.0,0.02150053158402443,1.0,1.0,7.7,0.512,True,True,False
0.4415125846862793,stand_pre,0.4415125846862793,0.0,0.0,0.0,-0.03381575425739013,-0.2628902185816459,0.8006697943523987,0.91,-2.18,7.38,0.844,0.8159609436988831,0.0,0.039840273559093475,1.0,1.0,7.7,0.512,True,True,False
0.4620096683502197,stand_pre,0.4620096683502197,0.0,0.0,0.0,-0.24434609527920614,-0.06981317007977318,-0.05672320068981571,0.91,-2.18,7.38,0.9970000000000001,0.84397953748703,0.0,0.03927885740995407,1.0,1.0,7.7,0.512,True,True,False
0.48239779472351074,stand_pre,0.48239779472351074,0.0,0.0,0.0,-0.31852258848896514,0.2378011105842274,-1.00029182754925,0.91,-2.18,7.38,0.767,0.9125468730926514,0.0,0.03092009946703911,1.0,1.0,7.7,0.512,True,True,False
0.5027785301208496,stand_pre,0.5027785301208496,0.0,0.0,0.0,-0.2552544031041707,0.6348635154129374,-1.6362461737446838,0.45,-0.87,8.86,0.537,0.9436265826225281,0.0,0.018612615764141083,1.0,1.0,7.7,0.512,True,True,False
0.5232405662536621,stand_pre,0.5232405662536621,0.0,0.0,0.0,-0.06544984694978735,0.5486878835957173,-1.7791450062517198,-0.97,-4.16,8.11,0.537,0.9302492737770081,0.0,0.01866276189684868,1.0,1.0,7.7,0.512,True,True,False
0.5436067581176758,stand_pre,0.5436067581176758,0.0,0.0,0.0,0.04145156973486533,0.4286964975211072,-1.3319043854281727,-0.97,-4.16,8.11,0.537,0.9228541851043701,0.0,0.010304819792509079,1.0,1.0,7.7,0.512,True,True,False
0.5639989376068115,stand_pre,0.5639989376068115,0.0,0.0,0.0,-0.07090400086226964,0.25743606466916363,-0.6708609312353204,2.81,-4.69,6.94,0.537,0.9175453186035156,0.0,0.01888241246342659,1.0,1.0,7.7,0.512,True,True,False
0.5843839645385742,stand_pre,0.5843839645385742,0.0,0.0,0.0,-0.06435901616729091,-0.2694352032766246,0.23561944901923448,1.59,-4.98,6.9,0.537,0.8853431940078735,0.0,0.025086797773838043,1.0,1.0,7.7,0.512,True,True,False
0.6047453880310059,stand_pre,0.6047453880310059,0.0,0.0,0.0,-0.08072147790473774,-0.4265148359561143,1.0711958284115197,0.3,-4.5,9.56,0.767,0.8523223400115967,0.0,0.03799018543213606,1.0,1.0,7.7,0.512,True,True,False
0.6251792907714844,stand_pre,0.6251792907714844,0.0,0.0,0.0,0.001090830782496456,-0.49960049838337683,1.5947946040098187,2.83,0.25,9.290000000000001,0.384,0.8000651001930237,0.0,0.061927489936351776,1.0,1.0,7.9,0.259,True,True,False
0.6455450057983398,stand_pre,0.6455450057983398,0.0,0.0,0.0,0.07308566242726255,-0.3665191429188092,1.385355093770499,1.82,-1.37,7.41,0.307,0.8361095190048218,0.0,0.018994972109794617,1.0,1.0,7.9,0.259,True,True,False
0.6660411357879639,stand_pre,0.6660411357879639,0.0,0.0,0.0,0.1265363707695889,-0.5126904677733343,1.1846422297911512,1.82,-1.37,7.41,0.537,0.8194757699966431,0.0,0.005655989050865173,1.0,1.0,7.9,0.259,True,True,False
0.6865289211273193,stand_pre,0.6865289211273193,0.0,0.0,0.0,-0.07417649320975901,-0.17016960206944712,0.7548549014875475,0.64,-0.48,9.41,0.9210000000000002,0.8335042595863342,0.0,0.03444035351276398,1.0,1.0,7.9,0.259,True,True,False
0.7068955898284912,stand_pre,0.7068955898284912,0.0,0.0,0.0,-0.15926129424448257,0.1538071403320003,0.001090830782496456,0.06,1.5,8.57,0.6899999999999998,0.8678010702133179,0.0,0.044002193957567215,1.0,1.0,7.9,0.259,True,True,False
0.7272560596466064,stand_pre,0.7272560596466064,0.0,0.0,0.0,-0.05672320068981571,0.27707101875409984,-0.8519388411297321,0.06,1.5,8.57,0.844,0.9066994786262512,0.0,0.02536720782518387,1.0,1.0,7.9,0.259,True,True,False
0.7476441860198975,stand_pre,0.7476441860198975,0.0,0.0,0.0,0.06435901616729091,0.19525871006686563,-1.0210176124166828,0.06,1.5,8.57,0.384,0.9146504998207092,0.0,0.016448423266410828,1.0,1.0,7.9,0.259,True,True,False
0.7680182456970215,stand_pre,0.7680182456970215,0.0,0.0,0.0,0.05890486225480862,0.619591884457987,-1.0613783513690516,0.8,-2.9,9.03,0.307,0.9315588474273682,0.0,0.028012197464704514,1.0,1.0,7.9,0.259,True,True,False
0.788398265838623,stand_pre,0.788398265838623,0.0,0.0,0.0,0.10035643198967395,0.5279620987282847,-1.1279190291013355,0.8,-2.9,9.03,0.537,0.9399452209472656,0.0,0.009937435388565063,1.0,1.0,7.9,0.259,True,True,False
0.8087756633758545,stand_pre,0.8087756633758545,0.0,0.0,0.0,0.08508480103472356,0.31634092692397225,-0.6021385919380436,3.25,-3.42,9.290000000000001,0.537,0.9249352216720581,0.0,0.03368989937007427,1.0,1.0,7.9,0.259,True,True,False
0.829160213470459,stand_pre,0.829160213470459,0.0,0.0,0.0,0.10253809355466686,0.011999138607461015,0.32288591161895097,1.73,-2.7800000000000002,6.08,0.767,0.9024367332458496,0.0,0.035646792501211166,1.0,1.0,7.9,0.162,True,True,False
0.8495383262634277,stand_pre,0.8495383262634277,0.0,0.0,0.0,0.07417649320975901,-0.3370667117914049,1.1584622910112363,0.15,-2.74,8.31,0.844,0.8952341675758362,0.0,0.035847391933202744,1.0,1.0,7.9,0.162,True,True,False
0.8699102401733398,stand_pre,0.8699102401733398,0.0,0.0,0.0,-0.16580627893946132,-0.3534291735288517,1.7213309747794074,0.15,-2.74,8.31,0.307,0.8663140535354614,0.0,0.03555431216955185,1.0,1.0,7.9,0.162,True,True,False
0.8902726173400879,stand_pre,0.8902726173400879,0.0,0.0,0.0,0.038179077387375956,-0.13853550937704992,1.5969762655748114,2.89,2.0100000000000002,9.0,0.384,0.8489120006561279,0.0,0.024285148829221725,1.0,1.0,7.9,0.162,True,True,False
0.910632848739624,stand_pre,0.910632848739624,0.0,0.0,0.0,0.04254240051736178,-0.12980886311707826,0.755945732270044,0.93,0.4,9.27,0.537,0.8954430818557739,0.0,0.0324442982673645,1.0,1.0,7.9,0.162,True,True,False
0.9310562610626221,stand_pre,0.9310562610626221,0.0,0.0,0.0,-0.12326387842209953,0.0545415391248228,0.10581058590215622,0.93,0.4,9.27,0.537,0.9064382314682007,0.0,0.016543976962566376,1.0,1.0,7.9,0.162,True,True,False
0.9514248371124268,stand_pre,0.9514248371124268,0.0,0.0,0.0,-0.28034351110158917,0.28907015736156083,-0.5050546522958591,-0.12,-1.1300000000000001,9.18,0.537,0.9118660092353821,0.0,0.023788563907146454,1.0,1.0,7.9,0.162,True,True,False
0.9718055725097656,stand_pre,0.9718055725097656,0.0,0.0,0.0,-0.1461713248545251,0.38724492778624187,-0.9697485656393493,-1.42,-2.85,8.16,0.384,0.9175528287887573,0.0,0.0272674597799778,1.0,1.0,7.9,0.162,True,True,False
0.992234468460083,stand_pre,0.992234468460083,0.0,0.0,0.0,-0.022907446432425576,0.35452000431134817,-0.8933904108645975,-1.42,-2.85,8.16,0.384,0.919188380241394,0.0,0.006338819861412048,1.0,1.0,7.9,0.162,True,True,False
1.012615442276001,stand_pre,1.012615442276001,0.0,0.0,0.0,-0.020725784867432664,0.4788747135159442,-0.7188574856651645,-1.42,-2.85,8.16,0.537,0.9179404973983765,0.0,0.004783598706126213,1.0,1.0,7.9,0.162,True,True,False
1.0331134796142578,stand_pre,1.0331134796142578,0.0,0.0,0.0,0.02399827721492203,0.11017390903214205,-0.35452000431134817,2.31,-3.06,7.82,0.46,0.9139901399612427,0.0,0.0315968282520771,1.0,1.0,7.9,0.208,True,True,False
1.0540590286254883,stand_pre,1.0540590286254883,0.0,0.0,0.0,0.16471544815696484,-0.16580627893946132,0.284706834231575,0.32,-2.98,8.38,0.537,0.9093964099884033,0.0,0.013552583754062653,1.0,1.0,7.9,0.208,True,True,False
1.074432373046875,stand_pre,1.074432373046875,0.0,0.0,0.0,0.12980886311707826,-0.13962634015954636,0.6992225315802283,-0.17,-2.35,9.01,0.537,0.8909192681312561,0.0,0.017567649483680725,1.0,1.0,7.9,0.208,True,True,False
1.0949599742889404,stand_pre,1.0949599742889404,0.0,0.0,0.0,0.08835729338221293,-0.1636246173744684,0.9512044423369096,1.5,-1.46,9.21,0.307,0.8645123839378357,0.0,0.016638964414596558,1.0,1.0,7.9,0.208,True,True,False
1.1153249740600586,stand_pre,1.1153249740600586,0.0,0.0,0.0,0.05999569303730508,-0.03599741582238305,1.0395617357191225,1.97,1.07,9.1,0.23,0.8639336824417114,0.0,0.008929640054702759,1.0,1.0,7.9,0.208,True,True,False
1.1357100009918213,stand_pre,1.1357100009918213,0.0,0.0,0.0,-0.08399397025222712,-0.10581058590215622,0.39051742013373125,1.97,1.07,9.1,0.153,0.8822519779205322,0.0,0.028568103909492493,1.0,1.0,7.9,0.208,True,True,False
1.1561071872711182,stand_pre,1.1561071872711182,0.0,0.0,0.0,-0.025089107997418487,-0.017453292519943295,0.1308996938995747,0.18,-1.52,9.46,0.384,0.8932176232337952,0.0,0.0059783607721328735,1.0,1.0,7.9,0.208,True,True,False
1.1765341758728027,stand_pre,1.1765341758728027,0.0,0.0,0.0,-0.09272061651219876,0.20725784867432664,-0.1559888018969932,0.68,-1.52,9.42,0.307,0.8979024887084961,0.0,0.00662657618522644,1.0,1.0,7.9,0.208,True,True,False
1.1969268321990967,stand_pre,1.1969268321990967,0.0,0.0,0.0,-0.03490658503988659,0.27707101875409984,-0.44178646691106466,0.84,-3.29,9.18,0.153,0.9020358324050903,0.0,0.008309632539749146,1.0,1.0,7.9,0.208,True,True,False
1.2173070907592773,stand_pre,1.2173070907592773,0.0,0.0,0.0,-0.04036073895236887,0.21489366415180183,-0.4625122517784973,0.78,-3.33,9.41,0.077,0.9046909213066101,0.0,0.003152690827846527,1.0,1.0,7.9,0.208,True,True,False
1.2377326488494873,stand_pre,1.2377326488494873,0.0,0.0,0.0,0.03490658503988659,0.1461713248545251,-0.2585268954516601,0.87,-3.22,8.83,0.23,0.906459391117096,0.0,0.005035065114498138,1.0,1.0,7.9,0.219,True,True,False
1.2581048011779785,stand_pre,1.2581048011779785,0.0,0.0,0.0,0.07417649320975901,-0.025089107997418487,-0.001090830782496456,1.0,-2.84,8.78,0.23,0.9059222936630249,0.0,0.006046608090400696,1.0,1.0,7.9,0.219,True,True,False
1.2785656452178955,stand_pre,1.2785656452178955,0.0,0.0,0.0,0.055632369907319255,-0.13526301702956053,0.29670597283903605,0.31,-1.57,9.08,0.077,0.9035556316375732,0.0,0.008165985345840454,1.0,1.0,7.9,0.219,True,True,False
1.2989437580108643,stand_pre,1.2989437580108643,0.0,0.0,0.0,0.031634092692397225,-0.13199052468207118,0.28034351110158917,0.58,-1.18,9.5,0.153,0.9029465317726135,0.0,0.001552872359752655,1.0,1.0,7.9,0.219,True,True,False
1.3193044662475586,stand_pre,1.3193044662475586,0.0,0.0,0.0,0.020725784867432664,-0.0916297857297023,0.25634523388666713,0.8,-0.72,9.39,0.153,0.9041221141815186,0.0,0.0021607503294944763,1.0,1.0,7.9,0.219,True,True,False
1.3397254943847656,stand_pre,1.3397254943847656,0.0,0.0,0.0,-0.003272492347489368,0.04036073895236887,0.0818123086872342,0.44,-1.1,9.13,0.0,0.9077658653259277,0.0,0.00510513037443161,1.0,1.0,7.9,0.219,True,True,False
1.3601229190826416,stand_pre,1.3601229190826416,0.0,0.0,0.0,-0.016362461737446838,0.06217735460229799,0.025089107997418487,0.39,-1.46,9.42,0.077,0.9090367555618286,0.0,0.0023290514945983887,1.0,1.0,7.9,0.219,True,True,False
1.3804941177368164,stand_pre,1.3804941177368164,0.0,0.0,0.0,-0.044724062082354694,0.06654067773228381,-0.08944812416470939,0.63,-1.79,9.0,0.077,0.9098315238952637,0.0,0.004700183868408203,1.0,1.0,7.9,0.219,True,True,False
1.4008769989013672,stand_pre,1.4008769989013672,0.0,0.0,0.0,-0.025089107997418487,0.03490658503988659,-0.1308996938995747,0.39,-2.61,9.07,0.0,0.911496102809906,0.0,0.0029875189065933228,1.0,1.0,7.9,0.219,True,True,False
1.4212369918823242,stand_pre,1.4212369918823242,0.0,0.0,0.0,-0.00545415391248228,0.002181661564992912,0.00545415391248228,0.52,-2.57,8.75,0.077,0.911384642124176,0.0,0.0038748085498809814,1.0,1.0,7.9,0.219,True,True,False
1.4415974617004395,stand_pre,1.4415974617004395,0.0,0.0,0.0,-0.01090830782496456,-0.06326818538479445,0.05781403147231216,0.42,-2.0100000000000002,9.25,0.077,0.9132046103477478,0.0,0.0018558129668235779,1.0,1.0,7.9,0.19200000000000003,True,True,False
1.4619543552398682,stand_pre,1.4619543552398682,0.0,0.0,0.0,0.013089969389957472,-0.061086523819801536,0.039269908169872414,0.44,-1.61,9.27,0.077,0.9147265553474426,0.0,0.0008262842893600464,1.0,1.0,7.9,0.19200000000000003,True,True,False
1.4824750423431396,stand_pre,1.4824750423431396,0.0,0.0,0.0,0.020725784867432664,-0.0545415391248228,-0.028361600344907856,0.56,-1.6500000000000001,9.25,0.077,0.9162383675575256,0.0,0.0014229733496904373,1.0,1.0,7.9,0.19200000000000003,True,True,False
1.502845048904419,stand_pre,1.502845048904419,0.0,0.0,0.0,-0.015271630954950384,-0.025089107997418487,-0.03381575425739013,0.88,-1.29,8.91,0.077,0.9154624342918396,0.0,0.0015361607074737549,1.0,1.0,7.9,0.19200000000000003,True,True,False
1.5232031345367432,stand_pre,1.5232031345367432,0.0,0.0,0.0,-0.014180800172453928,-0.032724923474893676,-0.06872233929727672,0.67,-1.74,9.51,0.0,0.9159239530563354,0.0,0.0016445666551589966,1.0,1.0,7.9,0.19200000000000003,True,True,False
1.5435736179351807,stand_pre,1.5435736179351807,0.0,0.0,0.0,-0.009817477042468103,-0.02181661564992912,-0.02945243112740431,0.59,-1.93,9.11,0.0,0.913986325263977,0.0,0.001938261091709137,1.0,1.0,7.9,0.19200000000000003,True,True,False
1.563938856124878,stand_pre,1.563938856124878,0.0,0.0,0.0,-0.038179077387375956,-0.016362461737446838,-0.00545415391248228,0.65,-1.96,9.08,0.077,0.9111089706420898,0.0,0.0013887584209442139,1.0,1.0,7.9,0.19200000000000003,True,True,False
1.5844388008117676,stand_pre,1.5844388008117676,0.0,0.0,0.0,-0.02945243112740431,-0.013089969389957472,0.013089969389957472,0.74,-2.0100000000000002,9.35,0.0,0.9081054329872131,0.0,0.0015176236629486084,1.0,1.0,7.9,0.19200000000000003,True,True,False
1.6048662662506104,stand_pre,1.6048662662506104,0.0,0.0,0.0,-0.008726646259971648,-0.013089969389957472,-0.001090830782496456,0.77,-2.05,8.99,0.0,0.9063358902931213,0.0,0.000946730375289917,1.0,1.0,7.9,0.19200000000000003,True,True,False
1.6253437995910645,stand_pre,1.6253437995910645,0.0,0.0,0.0,0.001090830782496456,-0.02181661564992912,0.015271630954950384,0.68,-2.09,9.18,0.0,0.903752863407135,0.0,0.0010590702295303345,1.0,1.0,7.9,0.19200000000000003,True,True,False
1.6457064151763916,stand_pre,1.6457064151763916,0.0,0.0,0.0,-0.008726646259971648,-0.001090830782496456,0.015271630954950384,0.77,-1.6500000000000001,9.17,0.0,0.9024447202682495,0.0,0.0008656978607177734,1.0,1.0,7.9,0.18000000000000002,True,True,False
1.6660666465759277,stand_pre,1.6660666465759277,0.0,0.0,0.0,0.014180800172453928,0.001090830782496456,-0.05126904677733343,0.67,-2.12,9.24,0.0,0.9025869965553284,0.0,0.002280883491039276,1.0,1.0,7.9,0.18000000000000002,True,True,False
1.686535358428955,stand_pre,1.686535358428955,0.0,0.0,0.0,0.022907446432425576,0.011999138607461015,-0.004363323129985824,0.77,-1.97,8.99,0.0,0.9008611440658569,0.0,0.001007869839668274,1.0,1.0,7.9,0.18000000000000002,True,True,False
1.7070033550262451,stand_pre,1.7070033550262451,0.0,0.0,0.0,-0.002181661564992912,0.006544984694978736,0.011999138607461015,0.72,-1.76,9.290000000000001,0.0,0.9003000259399414,0.0,0.00040668249130249023,1.0,1.0,7.9,0.18000000000000002,True,True,False
1.7273690700531006,stand_pre,1.7273690700531006,0.0,0.0,0.0,0.011999138607461015,0.013089969389957472,0.03490658503988659,0.73,-1.6300000000000001,9.24,0.0,0.90038001537323,0.0,0.0007310733199119568,1.0,1.0,7.9,0.18000000000000002,True,True,False
1.7477328777313232,stand_pre,1.7477328777313232,0.0,0.0,0.0,0.00545415391248228,0.02399827721492203,0.015271630954950384,0.66,-1.79,9.14,0.0,0.9010273814201355,0.0,0.0006269067525863647,1.0,1.0,7.9,0.18000000000000002,True,True,False
1.7681052684783936,stand_pre,1.7681052684783936,0.0,0.0,0.0,-0.009817477042468103,0.037088246604879506,0.006544984694978736,0.68,-1.82,9.22,0.0,0.9015705585479736,0.0,0.0009251460433006287,1.0,1.0,7.9,0.18000000000000002,True,True,False
1.7884876728057861,stand_pre,1.7884876728057861,0.0,0.0,0.0,0.002181661564992912,0.037088246604879506,0.007635815477475192,0.64,-2.05,9.08,0.0,0.9024413824081421,0.0,0.0007791891694068909,1.0,1.0,7.9,0.18000000000000002,True,True,False
1.808868646621704,stand_pre,1.808868646621704,0.0,0.0,0.0,0.003272492347489368,0.030543261909900768,0.015271630954950384,0.56,-2.07,9.06,0.0,0.9035828709602356,0.0,0.0008357018232345581,1.0,1.0,7.9,0.18000000000000002,True,True,False
1.829228162765503,stand_pre,1.829228162765503,0.0,0.0,0.0,0.0,0.019634954084936207,0.03381575425739013,0.55,-1.87,9.16,0.0,0.9047111868858337,0.0,0.001042284071445465,1.0,1.0,7.9,0.18000000000000002,True,True,False
1.8495914936065674,stand_pre,1.8495914936065674,0.0,0.0,0.0,0.011999138607461015,0.016362461737446838,0.015271630954950384,0.5700000000000001,-1.85,9.16,0.0,0.9064473509788513,0.0,0.000692218542098999,1.0,1.0,7.9,0.18799999999999997,True,True,False
1.869962453842163,stand_pre,1.869962453842163,0.0,0.0,0.0,0.014180800172453928,0.014180800172453928,-0.001090830782496456,0.5700000000000001,-1.8,9.13,0.0,0.9079073071479797,0.0,0.0006612390279769897,1.0,1.0,7.9,0.18799999999999997,True,True,False
1.8903443813323975,stand_pre,1.8903443813323975,0.0,0.0,0.0,0.003272492347489368,0.007635815477475192,-0.006544984694978736,0.56,-1.82,9.19,0.0,0.9088993668556213,0.0,0.0008845925331115723,1.0,1.0,7.9,0.18799999999999997,True,True,False
1.9107580184936523,stand_pre,1.9107580184936523,0.0,0.0,0.0,0.00545415391248228,0.001090830782496456,0.00545415391248228,0.58,-1.76,9.13,0.0,0.9097944498062134,0.0,0.0006082206964492798,1.0,1.0,7.9,0.18799999999999997,True,True,False
1.9312379360198975,stand_pre,1.9312379360198975,0.0,0.0,0.0,-0.001090830782496456,-0.003272492347489368,0.008726646259971648,0.56,-1.74,9.120000000000001,0.0,0.9106306433677673,0.0,0.000993281602859497,1.0,1.0,7.9,0.18799999999999997,True,True,False
1.9516139030456543,stand_pre,1.9516139030456543,0.0,0.0,0.0,-0.008726646259971648,-0.003272492347489368,0.002181661564992912,0.58,-1.73,9.22,0.0,0.9115767478942871,0.0,0.0011800900101661682,1.0,1.0,7.9,0.18799999999999997,True,True,False
1.9719812870025635,stand_pre,1.9719812870025635,0.0,0.0,0.0,-0.006544984694978736,-0.003272492347489368,-0.007635815477475192,0.5700000000000001,-1.84,9.120000000000001,0.0,0.9124711751937866,0.0,0.0010582730174064636,1.0,1.0,7.9,0.18799999999999997,True,True,False
1.992354154586792,stand_pre,1.992354154586792,0.0,0.0,0.0,-0.014180800172453928,-0.007635815477475192,-0.009817477042468103,0.5700000000000001,-1.94,9.15,0.0,0.9132431149482727,0.0,0.0006681084632873535,1.0,1.0,7.9,0.18799999999999997,True,True,False
2.0127227306365967,forward_005,0.01272273063659668,0.05,0.0,0.0,-0.007635815477475192,-0.011999138607461015,-0.004363323129985824,0.58,-1.95,9.13,0.0,0.8246332406997681,0.0,0.04645353555679321,1.0,1.0,7.9,0.18799999999999997,True,True,False
2.0331056118011475,forward_005,0.03310561180114746,0.05,0.0,0.0,-0.004363323129985824,-0.018544123302439753,-0.003272492347489368,0.59,-1.93,9.14,0.0,0.8239186406135559,0.0,0.006873801350593567,1.0,1.0,7.9,0.18799999999999997,True,True,False
2.053468942642212,forward_005,0.053468942642211914,0.05,0.0,0.0,0.0,-0.02181661564992912,-0.008726646259971648,0.63,-1.85,9.19,0.384,0.8214556574821472,0.0,0.003189966082572937,1.0,1.0,7.8,0.29600000000000004,True,True,False
2.0743894577026367,forward_005,0.07438945770263672,0.05,0.0,0.0,-0.001090830782496456,-0.02399827721492203,-0.014180800172453928,0.6900000000000001,-1.83,9.21,0.46,0.8122432231903076,0.0,0.007170382887125015,1.0,1.0,7.8,0.29600000000000004,True,True,False
2.0947678089141846,forward_005,0.09476780891418457,0.05,0.0,0.0,0.025089107997418487,0.032724923474893676,-0.039269908169872414,1.36,-1.29,9.28,0.537,0.8127472996711731,0.0,0.004568498698063195,1.0,1.0,7.8,0.29600000000000004,True,True,False
2.1151912212371826,forward_005,0.11519122123718262,0.05,0.0,0.0,0.11562806294462433,0.12435470920459599,-0.16144295580947549,1.36,-1.29,9.28,0.537,0.8146033883094788,0.0,0.005439509637653828,1.0,1.0,7.8,0.29600000000000004,True,True,False
2.1355676651000977,forward_005,0.13556766510009766,0.05,0.0,0.0,0.14835298641951802,0.25634523388666713,-0.20725784867432664,1.19,-1.98,9.38,0.384,0.8080995082855225,0.0,0.003856666386127472,1.0,1.0,7.8,0.29600000000000004,True,True,False
2.1559364795684814,forward_005,0.15593647956848145,0.05,0.0,0.0,0.11780972450961724,0.3392483733563978,-0.27052603405912107,0.92,-2.02,8.89,0.307,0.8080898523330688,0.0,0.0050235316157341,1.0,1.0,7.8,0.29600000000000004,True,True,False
2.176311492919922,forward_005,0.17631149291992188,0.05,0.0,0.0,0.1265363707695889,0.4439681284760576,-0.2585268954516601,0.99,-2.75,8.9,0.307,0.8073304295539856,0.0,0.004016648977994919,1.0,1.0,7.8,0.29600000000000004,True,True,False
2.196730375289917,forward_005,0.196730375289917,0.05,0.0,0.0,0.15707963267948966,0.41996985126113556,-0.061086523819801536,1.19,-2.56,9.11,0.23,0.7932510375976562,0.0,0.00686299055814743,1.0,1.0,7.8,0.29600000000000004,True,True,False
2.2171175479888916,forward_005,0.2171175479888916,0.05,0.0,0.0,0.1308996938995747,0.41560652813114973,0.12980886311707826,0.87,-2.17,8.8,0.153,0.7810398936271667,0.0,0.008257895708084106,1.0,1.0,7.8,0.29600000000000004,True,True,False
2.241375684738159,forward_005,0.24137568473815918,0.05,0.0,0.0,0.1559888018969932,0.38069994309126315,0.30325095753401476,0.12,-1.8800000000000001,9.39,0.153,0.7691185474395752,0.0,0.008748268039198592,1.0,1.0,7.8,0.29600000000000004,True,True,False
2.261741876602173,forward_005,0.26174187660217285,0.05,0.0,0.0,0.16471544815696484,0.385063266221249,0.36324665057131983,-0.31,-1.51,8.93,0.077,0.7625153660774231,0.0,0.007367554324446246,1.0,1.0,7.8,0.3480000000000001,True,True,False
2.282111883163452,forward_005,0.28211188316345215,0.05,0.0,0.0,0.10362892433716332,0.385063266221249,0.2596177262341565,-0.1,-1.48,9.27,0.153,0.7646371126174927,0.0,0.0028502047061920166,1.0,1.0,7.8,0.3480000000000001,True,True,False
2.302557945251465,forward_005,0.30255794525146484,0.05,0.0,0.0,0.08617563181722002,0.385063266221249,0.18216874067690814,-0.12,-0.9,9.16,0.23,0.7647197246551514,0.0,0.004034087061882019,1.0,1.0,7.8,0.3480000000000001,True,True,False
2.3229267597198486,forward_005,0.32292675971984863,0.05,0.0,0.0,0.10581058590215622,0.32615840396644036,-0.04254240051736178,-0.5700000000000001,-0.74,9.3,0.307,0.7791234254837036,0.0,0.016262449324131012,1.0,1.0,7.8,0.3480000000000001,True,True,False
2.3433079719543457,forward_005,0.3433079719543457,0.05,0.0,0.0,0.13853550937704992,0.41996985126113556,-0.2279836335417593,-0.9500000000000001,-1.17,9.200000000000001,0.23,0.7838459014892578,0.0,0.009103480726480484,1.0,1.0,7.8,0.3480000000000001,True,True,False
2.3636887073516846,forward_005,0.36368870735168457,0.05,0.0,0.0,0.13199052468207118,0.3752457891787809,-0.346884188833873,-0.53,-1.49,8.86,0.23,0.799342930316925,0.0,0.009696900844573975,1.0,1.0,7.8,0.3480000000000001,True,True,False
2.3840653896331787,forward_005,0.3840653896331787,0.05,0.0,0.0,0.14289883250703572,0.35561083509384467,-0.3490658503988659,-0.61,-1.92,9.040000000000001,0.153,0.8087701797485352,0.0,0.004343025386333466,1.0,1.0,7.8,0.3480000000000001,True,True,False
2.4044547080993652,forward_005,0.40445470809936523,0.05,0.0,0.0,0.16471544815696484,0.2552544031041707,-0.16144295580947549,-0.59,-1.92,9.44,0.307,0.8071315884590149,0.0,0.008656356483697891,1.0,1.0,7.8,0.3480000000000001,True,True,False
2.424830675125122,forward_005,0.42483067512512207,0.05,0.0,0.0,0.12871803233458182,0.1636246173744684,0.019634954084936207,-0.32,-1.77,8.65,0.307,0.804550051689148,0.0,0.007107340206857771,1.0,1.0,7.8,0.3480000000000001,True,True,False
2.4451985359191895,forward_005,0.44519853591918945,0.05,0.0,0.0,0.1189005552921137,0.07853981633974483,0.15489797111449674,-0.92,-2.13,9.07,0.307,0.7992823719978333,0.0,0.010931437427643687,1.0,1.0,7.8,0.3480000000000001,True,True,False
2.465575933456421,forward_005,0.4655759334564209,0.05,0.0,0.0,0.09599310885968812,0.05345070834232634,0.3719732968312915,-0.99,-1.24,9.18,0.153,0.7849741578102112,0.0,0.009783954359591007,1.0,1.0,7.8,0.323,True,True,False
2.4859530925750732,forward_005,0.48595309257507324,0.05,0.0,0.0,0.016362461737446838,0.04254240051736178,0.3021601267515183,-0.74,-0.42,8.89,0.077,0.786445140838623,0.0,0.004230305552482605,1.0,1.0,7.8,0.323,True,True,False
2.506312370300293,forward_005,0.506312370300293,0.05,0.0,0.0,0.003272492347489368,0.031634092692397225,0.1734420944169365,-0.8300000000000001,-0.52,9.290000000000001,0.23,0.7877293229103088,0.0,0.006046660244464874,1.0,1.0,7.8,0.323,True,True,False
2.5267815589904785,forward_005,0.5267815589904785,0.05,0.0,0.0,-0.004363323129985824,-0.020725784867432664,0.08617563181722002,-0.89,-0.53,9.03,0.384,0.7871483564376831,0.0,0.0065572839230299,1.0,1.0,7.8,0.323,True,True,False
2.54716420173645,forward_005,0.5471642017364502,0.05,0.0,0.0,-0.05781403147231216,-0.016362461737446838,-0.055632369907319255,-0.87,-0.13,8.34,0.307,0.7948428392410278,0.0,0.0084525803104043,1.0,1.0,7.8,0.323,True,True,False
2.5675442218780518,forward_005,0.5675442218780518,0.05,0.0,0.0,-0.08835729338221293,-0.055632369907319255,-0.19416787928436915,-0.79,-1.71,9.620000000000001,0.153,0.8118894100189209,0.0,0.011846456851344556,1.0,1.0,7.8,0.323,True,True,False
2.58792781829834,forward_005,0.5879278182983398,0.05,0.0,0.0,-0.1265363707695889,-0.05235987755982989,-0.13744467859455345,-0.47000000000000003,-1.85,9.450000000000001,0.0,0.8093110918998718,0.0,0.004924260079860687,1.0,1.0,7.8,0.323,True,True,False
2.608400821685791,forward_005,0.608400821685791,0.05,0.0,0.0,-0.09490227807719166,-0.11344640137963143,-0.0719948316447661,-0.17,-1.68,9.28,0.153,0.8029354214668274,0.0,0.0076249632984399796,1.0,1.0,7.8,0.323,True,True,False
2.6287808418273926,forward_005,0.6287808418273926,0.05,0.0,0.0,-0.02181661564992912,-0.136353847812057,-0.04799655442984406,-0.58,-2.21,9.06,0.23,0.7991718649864197,0.0,0.008564502000808716,1.0,1.0,7.8,0.323,True,True,False
2.649202823638916,forward_005,0.649202823638916,0.05,0.0,0.0,-0.013089969389957472,-0.17453292519943295,0.013089969389957472,-0.3,-2.34,9.19,0.23,0.7958226799964905,0.0,0.008886237628757954,1.0,1.0,7.8,0.323,True,True,False
2.669583797454834,forward_005,0.669583797454834,0.05,0.0,0.0,-0.00545415391248228,-0.11671889372712078,0.15162547876700738,-0.21,-1.78,9.24,0.307,0.7907508015632629,0.0,0.004570484161376953,1.0,1.0,7.8,0.32500000000000007,True,True,False
2.689953565597534,forward_005,0.6899535655975342,0.05,0.0,0.0,0.02181661564992912,-0.09926560120717749,0.2083486794568231,-0.19,-1.11,9.32,0.384,0.7886339426040649,0.0,0.0063292658887803555,1.0,1.0,7.8,0.32500000000000007,True,True,False
2.71039080619812,forward_005,0.7103908061981201,0.05,0.0,0.0,0.038179077387375956,-0.13308135546456762,0.10144726277217041,-0.2,-0.92,9.35,0.307,0.7920199632644653,0.0,0.016255089081823826,1.0,1.0,7.8,0.32500000000000007,True,True,False
2.7308099269866943,forward_005,0.7308099269866943,0.05,0.0,0.0,0.03381575425739013,-0.08835729338221293,-0.002181661564992912,0.01,-0.7000000000000001,9.26,0.307,0.7868793606758118,0.0,0.010549645870923996,1.0,1.0,7.8,0.32500000000000007,True,True,False
2.75119686126709,forward_005,0.7511968612670898,0.05,0.0,0.0,0.0272707695624114,-0.05781403147231216,-0.09599310885968812,0.19,-1.34,9.24,0.384,0.7970312237739563,0.0,0.011896289885044098,1.0,1.0,7.8,0.32500000000000007,True,True,False
2.771616220474243,forward_005,0.7716162204742432,0.05,0.0,0.0,-0.01090830782496456,-0.06326818538479445,-0.1734420944169365,0.14,-2.06,9.41,0.307,0.8179070949554443,0.0,0.018749196082353592,1.0,1.0,7.8,0.32500000000000007,True,True,False
2.7919862270355225,forward_005,0.7919862270355225,0.05,0.0,0.0,-0.008726646259971648,-0.018544123302439753,-0.1308996938995747,0.11,-2.0,9.43,0.46,0.8220486640930176,0.0,0.008753493428230286,1.0,1.0,7.8,0.32500000000000007,True,True,False
2.8123514652252197,forward_005,0.8123514652252197,0.05,0.0,0.0,0.08290313946973066,0.04581489286485115,-0.025089107997418487,0.31,-2.04,9.09,0.46,0.8181971907615662,0.0,0.006012335419654846,1.0,1.0,7.8,0.32500000000000007,True,True,False
2.8328092098236084,forward_005,0.8328092098236084,0.05,0.0,0.0,0.17562375598192942,0.0719948316447661,0.04690572364734761,0.43,-2.14,9.26,0.537,0.8146458268165588,0.0,0.008065213449299335,1.0,1.0,7.8,0.32500000000000007,True,True,False
2.853170871734619,forward_005,0.8531708717346191,0.05,0.0,0.0,0.2203478180642841,0.13308135546456762,0.12762720155208535,0.41000000000000003,-1.98,9.58,0.46,0.8089091181755066,0.0,0.0071311648935079575,1.0,1.0,7.8,0.32500000000000007,True,True,False
2.87353777885437,forward_005,0.8735377788543701,0.05,0.0,0.0,0.2181661564992912,0.1908953869368798,0.23343778745424157,0.18,-1.37,9.08,0.46,0.7987847328186035,0.0,0.005700470879673958,1.0,1.0,7.8,0.43400000000000005,True,True,False
2.893916368484497,forward_005,0.8939163684844971,0.05,0.0,0.0,0.14289883250703572,0.22580197197676638,0.27598018797160334,0.07,-0.93,8.92,0.537,0.8016429543495178,0.0,0.0052097998559474945,1.0,1.0,7.8,0.43400000000000005,True,True,False
2.9142796993255615,forward_005,0.9142796993255615,0.05,0.0,0.0,0.04363323129985824,0.29888763440402893,0.11344640137963143,0.1,-0.54,9.53,0.384,0.8273758292198181,0.0,0.016188882291316986,1.0,1.0,7.8,0.43400000000000005,True,True,False
2.9346654415130615,forward_005,0.9346654415130615,0.05,0.0,0.0,0.030543261909900768,0.3741549583962844,-0.01090830782496456,0.0,-0.78,9.5,0.384,0.837041974067688,0.0,0.007912054657936096,1.0,1.0,7.8,0.43400000000000005,True,True,False
2.955040693283081,forward_005,0.955040693283081,0.05,0.0,0.0,0.026179938779914945,0.4145156973486533,-0.017453292519943295,-0.44,-0.61,9.07,0.384,0.8339964747428894,0.0,0.015294868499040604,1.0,1.0,7.8,0.43400000000000005,True,True,False
2.975416898727417,forward_005,0.975416898727417,0.05,0.0,0.0,0.001090830782496456,0.48432886742842646,-0.16580627893946132,-0.5700000000000001,-1.1,9.5,0.307,0.8558514714241028,0.0,0.013137643691152334,1.0,1.0,7.8,0.43400000000000005,True,True,False
2.995805501937866,forward_005,0.9958055019378662,0.05,0.0,0.0,0.007635815477475192,0.5770494839406252,-0.21162117180431245,-0.85,-1.26,9.450000000000001,0.46,0.8632799983024597,0.0,0.016812842804938555,1.0,1.0,7.8,0.43400000000000005,True,True,False
3.0161852836608887,forward_005,1.0161852836608887,0.05,0.0,0.0,0.039269908169872414,0.5246896063807953,-0.19198621771937624,-0.62,-1.94,8.82,0.46,0.8595583438873291,0.0,0.02273985743522644,1.0,1.0,7.8,0.43400000000000005,True,True,False
3.0365681648254395,forward_005,1.0365681648254395,0.05,0.0,0.0,0.018544123302439753,0.36106498900632694,-0.06217735460229799,-0.8,-1.8,9.41,0.537,0.8471178412437439,0.0,0.0404864102602005,1.0,1.0,7.8,0.43400000000000005,True,True,False
3.057123899459839,forward_005,1.0571238994598389,0.05,0.0,0.0,-0.009817477042468103,0.24652775684419906,-0.003272492347489368,-2.07,-1.97,9.14,0.46,0.9126061201095581,0.0,0.06463543325662613,1.0,1.0,7.8,0.43400000000000005,True,True,False
3.077549695968628,forward_005,1.077549695968628,0.05,0.0,0.0,0.04690572364734761,0.2181661564992912,0.061086523819801536,-2.29,-1.42,9.03,0.6899999999999998,0.936853289604187,0.0,0.05922891013324261,1.0,1.0,7.7,0.725,True,True,False
3.09879207611084,forward_005,1.0987920761108398,0.05,0.0,0.0,0.039269908169872414,0.2083486794568231,0.07963064712224129,-2.06,-0.66,8.73,1.074,0.9256511330604553,0.0,0.02949107438325882,1.0,1.0,7.7,0.725,True,True,False
3.119166374206543,forward_005,1.119166374206543,0.05,0.0,0.0,0.02399827721492203,0.17235126363444003,0.030543261909900768,-1.06,-0.03,9.34,0.9970000000000001,0.9233941435813904,0.0,0.014042846858501434,1.0,1.0,7.7,0.725,True,True,False
3.1395859718322754,forward_005,1.1395859718322754,0.05,0.0,0.0,0.08399397025222712,0.17562375598192942,-0.008726646259971648,-1.06,-0.03,9.34,1.304,0.9242511987686157,0.0,0.030658127274364233,1.0,1.0,7.7,0.725,True,True,False
3.15995192527771,forward_005,1.15995192527771,0.05,0.0,0.0,0.14289883250703572,0.28688849579656794,-0.20398535632683726,-1.06,-0.03,9.34,1.304,0.9169113039970398,0.0,0.042438382748514414,1.0,1.0,7.7,0.725,True,True,False
3.1803224086761475,forward_005,1.1803224086761475,0.05,0.0,0.0,0.13526301702956053,0.3174317577064687,-0.2203478180642841,-1.3800000000000001,-1.8900000000000001,9.120000000000001,0.9970000000000001,0.9349521994590759,0.0,0.03301668260246515,1.0,1.0,7.7,0.725,True,True,False
3.2006924152374268,forward_005,1.2006924152374268,0.05,0.0,0.0,0.12980886311707826,0.4821472058634335,0.0916297857297023,-1.8900000000000001,-1.05,8.23,0.844,0.896752119064331,0.0,0.08397691696882248,1.0,1.0,7.7,0.725,True,True,False
3.2210750579833984,forward_005,1.2210750579833984,0.05,0.0,0.0,0.09490227807719166,0.459239759431008,0.2792526803190927,-1.51,-1.24,9.200000000000001,1.074,0.8396542072296143,0.0,0.1169010978192091,1.0,1.0,7.7,0.725,True,True,False
3.241553544998169,forward_005,1.241553544998169,0.05,0.0,0.0,-0.0818123086872342,0.23561944901923448,0.2694352032766246,-1.51,-1.24,9.200000000000001,1.458,0.9013420939445496,0.0,0.09523199871182442,1.0,1.0,7.7,0.725,True,True,False
3.262058973312378,forward_005,1.262058973312378,0.05,0.0,0.0,-0.3196134192714616,0.06217735460229799,0.2181661564992912,-2.09,-0.33,8.52,1.841,0.8953789472579956,0.0,0.06535828113555908,0.0,1.0,7.7,0.725,True,True,False
3.2824299335479736,forward_005,1.2824299335479736,0.05,0.0,0.0,-0.39051742013373125,-0.1090830782496456,0.08944812416470939,-2.12,0.89,6.5200000000000005,1.765,0.9346977472305298,0.0,0.05833132378756999,0.0,1.0,7.6,0.9750000000000001,True,True,False
3.302807569503784,forward_005,1.3028075695037842,0.05,0.0,0.0,-0.18762289458939044,-0.46687557490848314,-0.21162117180431245,-0.13,0.21,9.05,2.762,0.8554763793945312,0.0,0.09452969674021006,0.0,1.0,7.6,0.9750000000000001,True,True,False
3.32319974899292,forward_005,1.32319974899292,0.05,0.0,0.0,0.681769239060285,-0.7472190860100724,-0.7908523173099306,1.01,-1.17,8.76,2.302,0.9187865257263184,0.0,0.10161207523196936,0.0,1.0,7.6,0.9750000000000001,True,True,False
3.343576431274414,forward_005,1.343576431274414,0.05,0.0,0.0,1.0842857978014773,-0.5890486225480862,-1.4562590946327687,1.01,-1.17,8.76,2.378,0.9703393578529358,0.14285714285714285,0.10262611682992429,0.0,1.0,7.6,0.9750000000000001,True,True,False
3.364043712615967,forward_005,1.3640437126159668,0.05,0.0,0.0,1.3744467859455345,-0.7603090554000298,-0.7308566242726255,-0.77,-9.13,7.66,1.6110000000000002,0.9859210848808289,0.07142857142857142,0.08714261278510094,0.0,1.0,7.6,0.9750000000000001,True,True,False
3.384469985961914,forward_005,1.384469985961914,0.05,0.0,0.0,1.5915221116623293,-0.7035858547102141,0.3010692959690218,0.29,-6.12,7.7700000000000005,1.381,0.9788554906845093,0.07142857142857142,0.04875126015394926,1.0,1.0,7.6,0.9750000000000001,True,True,False
3.404845952987671,forward_005,1.404845952987671,0.05,0.0,0.0,1.7813266678167126,-0.3174317577064687,0.7363107781851078,-2.2600000000000002,-1.51,3.42,1.534,0.9812440872192383,0.07142857142857142,0.1008956111036241,1.0,0.0,7.6,0.9750000000000001,True,True,False
3.4252512454986572,forward_005,1.4252512454986572,0.05,0.0,0.0,1.6689710972195777,-0.5388704065532492,0.8453938564347534,-2.2600000000000002,-1.51,3.42,1.381,0.9719378352165222,0.07142857142857142,0.07531508430838585,1.0,0.0,7.6,0.9750000000000001,True,True,False
3.44562029838562,forward_005,1.4456202983856201,0.05,0.0,0.0,-0.27707101875409984,-0.09926560120717749,0.8257589023498172,-2.2600000000000002,-1.51,3.42,1.227,0.983788013458252,0.14285714285714285,0.06325242388993502,1.0,0.0,7.6,0.9750000000000001,True,True,False
3.4660515785217285,forward_005,1.4660515785217285,0.05,0.0,0.0,-0.6664976081053346,-0.5672320068981571,-0.26725354171163174,1.71,3.8200000000000003,5.93,0.9970000000000001,0.9793871641159058,0.14285714285714285,0.11066792719066143,1.0,1.0,7.6,0.9750000000000001,True,True,False
3.4864931106567383,forward_005,1.4864931106567383,0.05,0.0,0.0,-0.7635815477475192,-0.6828600698427815,-0.3392483733563978,-0.07,0.79,3.35,0.9210000000000002,0.9880192279815674,0.21428571428571427,0.13630294241011143,1.0,1.0,7.6,0.8050000000000002,True,True,False
3.5068702697753906,forward_005,1.5068702697753906,0.05,0.0,0.0,-0.6621342849753488,-0.1189005552921137,0.4068798818711781,-2.2,-1.75,4.4,0.537,0.9914617538452148,0.2857142857142857,0.1296388953924179,1.0,1.0,7.6,0.8050000000000002,True,True,False
3.5275251865386963,forward_005,1.5275251865386963,0.05,0.0,0.0,-0.4734205596034619,0.2879793265790644,0.23452861823673804,-2.2,-1.75,4.4,1.304,0.9851877689361572,0.2857142857142857,0.08476338163018227,1.0,0.0,7.6,0.8050000000000002,True,True,False
3.5480282306671143,forward_005,1.5480282306671143,0.05,0.0,0.0,-0.24870941840919197,0.03381575425739013,-0.17780541754692233,-2.2,-1.75,4.4,1.534,0.9869798421859741,0.35714285714285715,0.028650999069213867,1.0,0.0,7.6,0.8050000000000002,True,True,False
3.5684010982513428,forward_005,1.5684010982513428,0.05,0.0,0.0,-0.16907877128695067,-0.35779249665883756,-0.08835729338221293,-0.53,-0.18,6.640000000000001,2.148,0.9869821667671204,0.14285714285714285,0.063812755048275,1.0,1.0,7.6,0.8050000000000002,True,True,False
3.588787078857422,forward_005,1.5887870788574219,0.05,0.0,0.0,-0.5345070834232635,-0.5094179754258449,0.2181661564992912,0.79,-1.76,5.41,2.225,0.9842436909675598,0.14285714285714285,0.05188553419429809,1.0,1.0,7.6,0.8050000000000002,True,True,False
3.609158515930176,forward_005,1.6091585159301758,0.05,0.0,0.0,-0.8333947178272924,-0.17235126363444003,0.5890486225480862,0.9,0.88,7.45,1.227,0.983613133430481,0.14285714285714285,0.04909605160355568,1.0,1.0,7.6,0.8050000000000002,True,True,False
3.6295483112335205,forward_005,1.6295483112335205,0.05,0.0,0.0,-1.0221084431991792,-0.4308781590861001,0.5235987755982988,0.9,0.88,7.45,0.537,0.9832188487052917,0.14285714285714285,0.053637292236089706,1.0,1.0,7.6,0.8050000000000002,True,True,False
3.6499266624450684,forward_005,1.6499266624450684,0.05,0.0,0.0,-0.4788747135159442,0.36324665057131983,0.980656873464314,0.9,0.88,7.45,0.614,0.9770700931549072,0.14285714285714285,0.07889448665082455,1.0,1.0,7.6,0.8050000000000002,True,True,False
3.6702919006347656,forward_005,1.6702919006347656,0.05,0.0,0.0,-0.01090830782496456,0.48978302134090873,1.3319043854281727,1.0,-1.51,9.540000000000001,0.614,0.9675633311271667,0.07142857142857142,0.027543850243091583,1.0,1.0,7.6,0.8050000000000002,True,True,False
3.6907763481140137,forward_005,1.6907763481140137,0.05,0.0,0.0,0.21489366415180183,0.346884188833873,0.9610219193793778,1.94,-0.25,8.73,0.46,0.9624115824699402,0.14285714285714285,0.034322462510317564,1.0,1.0,7.8,0.55,True,True,False
3.7111425399780273,forward_005,1.7111425399780273,0.05,0.0,0.0,-0.1090830782496456,0.4537856055185257,-0.13526301702956053,1.28,-1.37,7.25,0.46,0.9665737748146057,0.07142857142857142,0.05052320659160614,1.0,1.0,7.8,0.55,True,True,False
3.7315123081207275,forward_005,1.7315123081207275,0.05,0.0,0.0,-0.05672320068981571,0.39051742013373125,-0.6588617926278594,-1.06,-2.0100000000000002,8.02,0.767,0.9763190746307373,0.07142857142857142,0.04067119210958481,1.0,1.0,7.8,0.55,True,True,False
3.7518868446350098,forward_005,1.7518868446350098,0.05,0.0,0.0,-0.14726215563702155,0.5126904677733343,-0.7079491778402,-1.06,-2.0100000000000002,8.02,0.6899999999999998,0.9635021090507507,0.07142857142857142,0.031054869294166565,1.0,1.0,7.8,0.55,True,True,False
3.7722573280334473,forward_005,1.7722573280334473,0.05,0.0,0.0,-0.22143864884678055,0.830122225479803,-0.5923211148955756,0.26,-1.3800000000000001,9.47,0.9210000000000002,0.922675371170044,0.0,0.07746610417962074,1.0,1.0,7.8,0.55,True,True,False
3.7926712036132812,forward_005,1.7926712036132812,0.05,0.0,0.0,-0.19853120241435498,0.65558930028037,-0.5115996369908379,0.87,-4.1,9.76,1.227,0.9326240420341492,0.0,0.08103685826063156,1.0,1.0,7.8,0.55,True,True,False
3.813101291656494,forward_005,1.8131012916564941,0.05,0.0,0.0,-0.16253378659197193,0.9708393964218458,0.4406956361285682,0.3,-2.42,7.890000000000001,0.844,0.8384921550750732,0.0,0.15333329048007727,1.0,1.0,7.8,0.55,True,True,False
3.8335764408111572,forward_005,1.8335764408111572,0.05,0.0,0.0,-0.06872233929727672,1.335176877775662,1.203186353093591,0.3,-2.42,7.890000000000001,1.304,0.8634708523750305,0.0,0.1668497398495674,1.0,1.0,7.8,0.55,True,True,False
3.8540570735931396,forward_005,1.8540570735931396,0.05,0.0,0.0,0.04036073895236887,1.5926129424448257,0.9697485656393493,0.3,-2.42,7.890000000000001,1.6110000000000002,0.9176695346832275,0.0,0.09205349814146757,1.0,1.0,7.8,0.55,True,True,False
3.8744282722473145,forward_005,1.8744282722473145,0.05,0.0,0.0,-0.3621558197888234,1.2402745996984705,0.028361600344907856,0.3,-2.42,7.890000000000001,1.841,0.6981823444366455,0.0,0.12483640015125275,0.0,1.0,7.8,0.55,True,True,False
3.89479660987854,forward_005,1.89479660987854,0.05,0.0,0.0,-0.5803219762881145,1.1475539831862718,0.2378011105842274,-1.0,1.24,6.21,2.455,0.7803230285644531,0.0,0.14487135782837868,0.0,1.0,7.0,2.2589999999999995,True,True,False
3.9151737689971924,forward_005,1.9151737689971924,0.05,0.0,0.0,-0.32288591161895097,0.8464846872172498,0.1341721862470641,-5.07,-3.0,7.51,2.532,0.8280494213104248,0.0,0.1357506476342678,0.0,1.0,7.0,2.2589999999999995,True,True,False
3.93554949760437,forward_005,1.9355494976043701,0.05,0.0,0.0,0.7788531787024695,0.08726646259971647,-0.2694352032766246,-5.07,-3.0,7.51,1.6110000000000002,0.7964443564414978,0.0,0.07930891960859299,0.0,1.0,7.0,2.2589999999999995,True,True,False
3.955918550491333,forward_005,1.955918550491333,0.05,0.0,0.0,1.1301006906663285,-0.13199052468207118,-0.717766654882668,-5.07,-3.0,7.51,1.458,0.8822231292724609,0.0,0.13884809985756874,0.0,1.0,7.0,2.2589999999999995,True,True,False
3.976328134536743,forward_005,1.9763281345367432,0.05,0.0,0.0,1.2457287536109527,-0.5901394533305827,0.3687008044838021,0.59,-6.66,7.15,1.841,0.8179007172584534,0.0,0.16215164214372635,0.0,1.0,7.0,2.2589999999999995,True,True,False
3.996736526489258,forward_005,1.9967365264892578,0.05,0.0,0.0,1.1584622910112363,-0.5235987755982988,0.940296134511945,-1.81,-1.78,5.48,1.304,0.975341260433197,0.14285714285714285,0.25309908390045166,0.0,1.0,7.0,2.2589999999999995,True,True,False
4.017105340957642,forward_005,2.0171053409576416,0.05,0.0,0.0,1.3209960776032081,-0.13853550937704992,0.7788531787024695,-3.35,-3.2800000000000002,5.34,0.6899999999999998,0.9482759237289429,0.0,0.18228502571582794,1.0,1.0,7.0,2.2589999999999995,True,True,False
4.03747820854187,forward_005,2.03747820854187,0.05,0.0,0.0,1.2686362000433782,0.08944812416470939,0.7134033317526822,-3.09,2.48,5.97,1.841,0.957142174243927,0.07142857142857142,0.12274621799588203,1.0,1.0,7.0,2.2589999999999995,True,True,False
4.057969808578491,forward_005,2.057969808578491,0.05,0.0,0.0,0.9588402578143848,0.31634092692397225,0.4603305902135044,-3.09,2.48,5.97,1.151,0.9741916060447693,0.14285714285714285,0.0705847404897213,1.0,0.0,7.0,2.2589999999999995,True,True,False
4.078382253646851,forward_005,2.0783822536468506,0.05,0.0,0.0,0.14835298641951802,0.8181230868723419,-0.5988660995905544,-3.09,2.48,5.97,1.151,0.9649578332901001,0.07142857142857142,0.22221656516194344,1.0,0.0,7.0,2.2589999999999995,True,True,False
4.098759412765503,forward_005,2.098759412765503,0.05,0.0,0.0,-0.03599741582238305,0.008726646259971648,-0.8366672101747817,0.45,5.29,8.01,0.844,0.9289025068283081,0.0,0.130238251760602,1.0,0.0,7.1,3.1839999999999997,True,True,False
4.1195151805877686,forward_005,2.1195151805877686,0.05,0.0,0.0,0.3174317577064687,0.27707101875409984,-1.1660981064887115,-2.11,0.76,9.13,1.381,0.952164888381958,0.07142857142857142,0.08354469574987888,1.0,0.0,7.1,3.1839999999999997,True,True,False
4.139888525009155,forward_005,2.1398885250091553,0.05,0.0,0.0,0.3523383427463553,0.6599526234103559,-0.8595746566072073,-2.35,0.9500000000000001,8.19,2.148,0.920011579990387,0.0,0.09530473127961159,1.0,0.0,7.1,3.1839999999999997,True,True,False
4.16025972366333,forward_005,2.16025972366333,0.05,0.0,0.0,0.03381575425739013,0.4243331743911214,-0.6795875774952921,-2.25,1.19,8.8,3.069,0.8854062557220459,0.0,0.041496306657791145,1.0,0.0,7.1,3.1839999999999997,True,True,False
4.180627822875977,forward_005,2.1806278228759766,0.05,0.0,0.0,-0.5563236990731926,0.2879793265790644,-0.5530512067257032,-2.97,0.24,4.72,3.376,0.8848872184753418,0.0,0.05216412991285324,1.0,0.0,7.1,3.1839999999999997,True,True,False
4.201014995574951,forward_005,2.201014995574951,0.05,0.0,0.0,-1.5053464798451093,-0.24870941840919197,0.3534291735288517,-2.61,0.36,5.16,2.608,0.9162545204162598,0.0,0.08211558684706688,1.0,1.0,7.1,3.1839999999999997,True,True,False
4.221429109573364,forward_005,2.2214291095733643,0.05,0.0,0.0,-1.7780541754692232,-0.6032294227205401,0.4886921905584123,-2.61,0.36,5.16,1.918,0.9305567741394043,0.0,0.03590679168701172,1.0,1.0,7.1,3.1839999999999997,True,True,False
4.241836071014404,forward_005,2.2418360710144043,0.05,0.0,0.0,-2.2449297503777066,-1.1562806294462433,-0.7134033317526822,-2.61,0.36,5.16,1.381,0.9357020854949951,0.0,0.14091071486473083,0.0,1.0,7.1,3.1839999999999997,True,True,False
4.262269735336304,forward_005,2.2622697353363037,0.05,0.0,0.0,-2.217658980815295,-1.3046336158657614,-1.3079061082132506,-2.61,0.36,5.16,1.304,0.9256106019020081,0.0,0.07966522127389908,0.0,1.0,7.1,3.1839999999999997,True,True,False
4.282641172409058,forward_005,2.2826411724090576,0.05,0.0,0.0,-0.44178646691106466,-0.030543261909900768,-1.0221084431991792,-2.61,0.36,5.16,1.304,0.9427990317344666,0.0,0.12370435148477554,0.0,1.0,7.1,3.1839999999999997,True,True,False
4.303055763244629,forward_005,2.303055763244629,0.05,0.0,0.0,-0.001090830782496456,-0.3752457891787809,-0.8606654873897037,-3.86,-4.8100000000000005,6.86,1.151,0.9627747535705566,0.07142857142857142,0.059005009941756725,0.0,1.0,7.8,0.37,True,True,False
4.323432922363281,forward_005,2.3234329223632812,0.05,0.0,0.0,0.1908953869368798,-0.1407171709420428,-1.3777192782930239,-1.83,-3.61,8.86,1.304,0.9400110244750977,0.0,0.041702575981616974,0.0,1.0,7.8,0.37,True,True,False
4.343819618225098,forward_005,2.3438196182250977,0.05,0.0,0.0,0.7232208087951503,0.2399827721492203,-1.3788101090755203,-1.72,-2.45,6.12,0.9970000000000001,0.9707487225532532,0.07142857142857142,0.09832683391869068,0.0,1.0,7.8,0.37,True,True,False
4.364223957061768,forward_005,2.3642239570617676,0.05,0.0,0.0,0.9119345341670372,0.13199052468207118,-0.9882926889417891,0.62,-6.41,4.91,0.9210000000000002,0.946343183517456,0.0,0.06547150947153568,0.0,1.0,7.8,0.37,True,True,False
4.384615898132324,forward_005,2.384615898132324,0.05,0.0,0.0,0.667588438887831,0.07635815477475191,-0.7243116395776468,0.39,-6.0200000000000005,7.25,0.767,0.9358078837394714,0.0,0.05752761475741863,0.0,1.0,7.8,0.37,True,True,False
4.4049928188323975,forward_005,2.4049928188323975,0.05,0.0,0.0,0.7515824091400581,-0.001090830782496456,-0.43196898986859655,-1.31,-5.13,9.68,1.227,0.9660525918006897,0.07142857142857142,0.13881434965878725,1.0,1.0,7.8,0.37,True,True,False
4.425365209579468,forward_005,2.4253652095794678,0.05,0.0,0.0,0.4788747135159442,0.3567016658763411,0.1636246173744684,-1.31,-5.13,9.68,1.074,0.9383302927017212,0.0,0.07196399010717869,0.0,1.0,7.8,0.37,True,True,False
4.4457316398620605,forward_005,2.4457316398620605,0.05,0.0,0.0,-0.1341721862470641,0.1559888018969932,0.47123889803846897,-1.31,-5.13,9.68,1.534,0.9429879188537598,0.0,0.06197551637887955,0.0,1.0,7.8,0.37,True,True,False
4.466163158416748,forward_005,2.466163158416748,0.05,0.0,0.0,-0.32288591161895097,0.032724923474893676,0.6610434541928523,0.27,0.14,9.65,1.918,0.9198668003082275,0.0,0.09868468716740608,0.0,1.0,7.8,0.37,True,True,False
4.486527919769287,forward_005,2.486527919769287,0.05,0.0,0.0,0.29561514205653955,0.42215151282612845,0.5715953300281429,-1.8900000000000001,1.62,1.81,2.915,0.9657430052757263,0.07142857142857142,0.0788379730656743,0.0,1.0,7.8,0.37,True,True,False
4.506909608840942,forward_005,2.5069096088409424,0.05,0.0,0.0,0.40578905108868163,-0.16253378659197193,-0.07417649320975901,-1.37,-0.5700000000000001,7.9,3.2220000000000004,0.9634329676628113,0.07142857142857142,0.04076935723423958,1.0,1.0,7.6,1.1290000000000002,True,True,False
4.52727746963501,forward_005,2.5272774696350098,0.05,0.0,0.0,0.8999353955595761,-0.16144295580947549,-0.878118779909647,-1.37,-0.5700000000000001,7.9,1.304,0.9633735418319702,0.07142857142857142,0.07809913624078035,1.0,1.0,7.6,1.1290000000000002,True,True,False
4.547644853591919,forward_005,2.547644853591919,0.05,0.0,0.0,1.3940817400304708,-0.6403176693254197,-1.1726430911836903,0.45,-7.51,8.92,1.227,0.9723507761955261,0.07142857142857142,0.060903966426849365,1.0,1.0,7.6,1.1290000000000002,True,True,False
4.568164587020874,forward_005,2.568164587020874,0.05,0.0,0.0,1.2675453692608818,-0.5737769915931359,-0.050178215994836975,0.45,-7.51,8.92,0.9970000000000001,0.9742400050163269,0.07142857142857142,0.05770311877131462,1.0,1.0,7.6,1.1290000000000002,True,True,False
4.588529586791992,forward_005,2.588529586791992,0.05,0.0,0.0,0.56941366846315,-0.06435901616729091,-0.7973973020049093,-5.2,0.28,3.38,0.9970000000000001,0.9824041724205017,0.21428571428571427,0.16531512700021267,1.0,0.0,7.6,1.1290000000000002,True,True,False
4.6088972091674805,forward_005,2.6088972091674805,0.05,0.0,0.0,0.27707101875409984,-0.767944870877505,-0.5803219762881145,-5.2,0.28,3.38,1.6110000000000002,0.9893471598625183,0.35714285714285715,0.1043464969843626,1.0,0.0,7.6,1.1290000000000002,True,True,False
4.629377603530884,forward_005,2.629377603530884,0.05,0.0,0.0,0.32070425005395803,-0.36106498900632694,0.09708393964218458,0.91,0.89,9.58,1.841,0.9784418344497681,0.21428571428571427,0.15585719980299473,1.0,0.0,7.6,1.1290000000000002,True,True,False
4.649764776229858,forward_005,2.6497647762298584,0.05,0.0,0.0,0.1265363707695889,-0.2454369260617026,0.38724492778624187,-0.77,-0.51,4.96,1.765,0.9887708425521851,0.2857142857142857,0.08305966854095459,1.0,0.0,7.6,1.1290000000000002,True,True,False
4.670300722122192,forward_005,2.6703007221221924,0.05,0.0,0.0,-0.42215151282612845,-0.3436116964863836,0.4046982203061852,-0.22,0.64,8.5,2.071,0.9783559441566467,0.14285714285714285,0.06384415831416845,1.0,0.0,7.6,1.1290000000000002,True,True,False
4.6907758712768555,forward_005,2.6907758712768555,0.05,0.0,0.0,-0.6719517620178169,-0.2476185876266955,0.6043202535030366,-1.85,0.89,6.76,1.151,0.9857636094093323,0.2857142857142857,0.053698486648499966,1.0,1.0,7.6,1.1290000000000002,True,True,False
4.711158275604248,forward_005,2.711158275604248,0.05,0.0,0.0,-0.8257589023498172,-0.17671458676442586,0.4494222823885399,-0.84,5.88,8.57,0.9970000000000001,0.989993155002594,0.14285714285714285,0.036377936601638794,1.0,1.0,7.8,0.18000000000000002,True,True,False
4.731539726257324,forward_005,2.731539726257324,0.05,0.0,0.0,-1.040652566501619,0.09926560120717749,-0.815941425307349,-0.84,5.88,8.57,0.844,0.9747319221496582,0.14285714285714285,0.104664396494627,1.0,1.0,7.8,0.18000000000000002,True,True,False
4.751916170120239,forward_005,2.7519161701202393,0.05,0.0,0.0,-0.3294308963139297,1.1333731830138178,-1.4551682638502723,-1.21,4.11,8.75,0.844,0.95450359582901,0.07142857142857142,0.1647501140832901,1.0,1.0,7.8,0.18000000000000002,True,True,False
4.772438049316406,forward_005,2.7724380493164062,0.05,0.0,0.0,0.04036073895236887,1.1126473981463851,-2.0027653166634933,-0.67,-1.58,7.8100000000000005,0.537,0.9042888879776001,0.0,0.053391304798424244,1.0,1.0,7.8,0.18000000000000002,True,True,False
4.792809009552002,forward_005,2.792809009552002,0.05,0.0,0.0,0.11780972450961724,1.0297442586766545,-2.1707532571679473,-0.67,-1.58,7.8100000000000005,1.381,0.8562940359115601,0.0,0.07108686864376068,0.0,1.0,7.8,0.18000000000000002,True,True,False
4.813180923461914,forward_005,2.813180923461914,0.05,0.0,0.0,-0.25634523388666713,1.574068819142386,-1.7769633446867268,-0.67,-1.58,7.8100000000000005,1.841,0.8285104632377625,0.0,0.069276824593544,1.0,1.0,7.8,0.18000000000000002,True,True,False
4.833601474761963,forward_005,2.833601474761963,0.05,0.0,0.0,-0.27052603405912107,1.8991363923263298,-0.15489797111449674,-0.67,-1.58,7.8100000000000005,1.688,0.8533812165260315,0.0,0.21938136965036392,1.0,1.0,7.8,0.18000000000000002,True,True,False
4.853963851928711,forward_005,2.853963851928711,0.05,0.0,0.0,-0.4036073895236887,1.956950423798642,1.0941032748439454,-6.45,-2.83,9.4,1.688,0.9688786268234253,0.14285714285714285,0.1913783811032772,1.0,1.0,7.8,0.18000000000000002,True,True,False
4.8743813037872314,forward_005,2.8743813037872314,0.05,0.0,0.0,-0.7646723785300157,1.3842642629880026,1.0439250588491085,-6.45,-2.83,9.4,1.765,0.9474588632583618,0.0,0.05249243229627609,0.0,1.0,7.8,0.18000000000000002,True,True,False
4.894755840301514,forward_005,2.8947558403015137,0.05,0.0,0.0,-1.174824752748683,0.978475211899321,1.8936822384138476,-1.81,-1.22,7.45,2.071,0.7577423453330994,0.0,0.11669427435845137,0.0,1.0,7.8,0.18000000000000002,True,True,False
4.915239334106445,forward_005,2.9152393341064453,0.05,0.0,0.0,-1.2719086923908676,0.3337942194439155,2.2471114119426994,-3.7,0.17,6.48,2.148,0.7126673460006714,0.0,0.06965125817805529,0.0,1.0,7.0,3.218,True,True,False
4.9356184005737305,forward_005,2.9356184005737305,0.05,0.0,0.0,-0.9381144729469522,-0.7450374244450795,1.8958638999788404,-2.79,1.07,9.3,2.148,0.8642076253890991,0.0,0.147336651571095,0.0,1.0,7.0,3.218,True,True,False
4.956095457077026,forward_005,2.9560954570770264,0.05,0.0,0.0,0.08290313946973066,-1.0417433972841155,0.5617778529856748,-7.97,-2.7,9.41,1.534,0.8795981407165527,0.0,0.12220713123679161,0.0,1.0,7.0,3.218,True,True,False
4.976521730422974,forward_005,2.9765217304229736,0.05,0.0,0.0,0.32179508083645453,-1.3526301702956054,0.2999784651865254,0.04,-6.58,9.28,1.074,0.8989384174346924,0.0,0.1267068050801754,0.0,1.0,7.0,3.218,True,True,False
4.997021198272705,forward_005,2.997021198272705,0.05,0.0,0.0,0.5912302841130791,-1.4464416175903005,1.2020955223110945,0.56,-4.76,7.08,1.227,0.8841390609741211,0.0,0.1730944626033306,0.0,0.0,7.0,3.218,True,True,False
5.017467021942139,forward_005,3.0174670219421387,0.05,0.0,0.0,1.0962849364089382,-1.2729995231733642,1.961313746928628,-1.18,-3.4,4.2700000000000005,1.6110000000000002,0.8865087032318115,0.0,0.1145351268351078,0.0,1.0,7.0,3.218,True,True,False
5.037904262542725,forward_005,3.0379042625427246,0.05,0.0,0.0,1.5609788497524284,-0.6206827152404835,2.4150993524471533,0.53,-1.1400000000000001,2.74,2.302,0.9026731252670288,0.0,0.050802141427993774,1.0,1.0,7.0,3.218,True,True,False
5.0583226680755615,forward_005,3.0583226680755615,0.05,0.0,0.0,1.8522306686789822,-0.2628902185816459,2.493639168786898,1.33,-1.1400000000000001,0.39,2.302,0.8759630918502808,0.0,0.04105664789676666,1.0,1.0,7.0,3.218,True,True,False
5.078728675842285,forward_005,3.078728675842285,0.05,0.0,0.0,1.9078630385863016,-0.011999138607461015,2.482730860961934,-1.45,3.72,5.74,1.841,0.8818339705467224,0.0,0.09221656620502472,1.0,1.0,7.0,3.218,True,True,False
5.099244594573975,forward_005,3.0992445945739746,0.05,0.0,0.0,1.10501158266891,1.0101093045917182,0.8824821030396329,-1.45,3.72,5.74,1.381,0.8809783458709717,0.0,0.06505201570689678,1.0,0.0,7.0,3.218,True,True,False
5.119686126708984,forward_005,3.1196861267089844,0.05,0.0,0.0,1.10501158266891,1.0101093045917182,0.8824821030396329,0.89,2.16,7.68,1.304,0.877098798751831,0.0,0.03606472909450531,1.0,0.0,7.3,1.6239999999999999,True,True,False
5.140897035598755,forward_005,3.140897035598755,0.05,0.0,0.0,1.10501158266891,1.0101093045917182,0.8824821030396329,0.89,2.16,7.68,1.304,0.7756841778755188,0.0,0.04440639028325677,1.0,0.0,7.3,1.6239999999999999,True,True,False
5.161279916763306,forward_005,3.1612799167633057,0.05,0.0,0.0,1.10501158266891,1.0101093045917182,0.8824821030396329,-5.75,-1.82,2.81,1.381,0.7810640335083008,0.0,0.16105087846517563,1.0,0.0,7.3,1.6239999999999999,True,True,False
5.181721210479736,forward_005,3.1817212104797363,0.05,0.0,0.0,1.10501158266891,1.0101093045917182,0.8824821030396329,-2.82,2.94,5.78,1.688,0.8354068994522095,0.0,0.07549609988927841,1.0,0.0,7.3,1.6239999999999999,True,True,False
5.202373743057251,forward_005,3.202373743057251,0.05,0.0,0.0,1.10501158266891,1.0101093045917182,0.8824821030396329,-1.94,1.8800000000000001,8.39,1.304,0.7300076484680176,0.0,0.06988722831010818,1.0,0.0,7.3,1.6239999999999999,True,True,False
5.222758054733276,forward_005,3.2227580547332764,0.05,0.0,0.0,1.10501158266891,1.0101093045917182,0.8824821030396329,-4.58,4.23,5.47,1.227,0.8815764784812927,0.0,0.08688435330986977,1.0,1.0,7.3,1.6239999999999999,True,True,False
5.243262767791748,forward_005,3.243262767791748,0.05,0.0,0.0,1.10501158266891,1.0101093045917182,0.8824821030396329,-5.3100000000000005,2.2800000000000002,8.86,1.151,0.8825982809066772,0.0,0.0351879708468914,1.0,1.0,7.3,1.6239999999999999,True,True,False
5.2636871337890625,forward_005,3.2636871337890625,0.05,0.0,0.0,1.10501158266891,1.0101093045917182,0.8824821030396329,-5.3100000000000005,2.2800000000000002,8.86,1.458,0.840874433517456,0.0,0.010788023471832275,1.0,1.0,7.3,1.6239999999999999,True,True,False
5.284205198287964,forward_005,3.284205198287964,0.05,0.0,0.0,-0.31634092692397225,-0.32615840396644036,-0.7810348402674625,-5.3100000000000005,2.2800000000000002,8.86,1.6110000000000002,0.6649234890937805,0.0,0.12644046591594815,1.0,1.0,7.3,1.6239999999999999,True,True,False
5.304630756378174,forward_005,3.304630756378174,0.05,0.0,0.0,0.02181661564992912,-0.7723081940074908,-0.5268712679457882,-2.82,-2.18,9.24,1.381,0.840200662612915,0.0,0.0916828247718513,1.0,1.0,7.3,1.6239999999999999,True,True,False
5.32513427734375,forward_005,3.32513427734375,0.05,0.0,0.0,-0.4068798818711781,-0.7144941625351786,-0.6479534848028948,-1.11,-1.17,5.57,0.9210000000000002,0.9469906687736511,0.0,0.07072995603084564,0.0,1.0,7.6,1.117,True,True,False
5.345613718032837,forward_005,3.345613718032837,0.05,0.0,0.0,-0.7199483164476609,-1.251182907523435,-0.5137812985558308,-1.72,-2.95,7.99,0.6899999999999998,0.9386066198348999,0.0,0.16196011332795024,0.0,1.0,7.6,1.117,True,True,False
5.3661370277404785,forward_005,3.3661370277404785,0.05,0.0,0.0,-0.56941366846315,-0.5203262832508095,0.346884188833873,-0.44,-2.63,7.37,1.458,0.8537996411323547,0.0,0.13814619509503245,0.0,1.0,7.6,1.117,True,True,False
5.3894734382629395,forward_005,3.3894734382629395,0.05,0.0,0.0,-0.05126904677733343,0.37742745074377376,0.7548549014875475,-2.35,-0.12,2.87,1.765,0.9387321472167969,0.0,0.136733865365386,0.0,1.0,7.6,1.117,True,True,False
5.409888744354248,forward_005,3.409888744354248,0.05,0.0,0.0,0.16798794050445423,0.8388488717397746,0.9228428419920017,-2.94,-5.54,7.54,2.225,0.8534965515136719,0.0,0.0822116769850254,0.0,1.0,7.6,1.117,True,True,False
5.430308818817139,forward_005,3.4303088188171387,0.05,0.0,0.0,0.23671027980173096,1.6853335589570244,1.9634954084936207,-0.34,-6.21,7.94,2.378,0.6995689272880554,0.0,0.16839976236224174,1.0,1.0,7.6,1.117,True,True,False
5.450666904449463,forward_005,3.450666904449463,0.05,0.0,0.0,0.42542400517361784,2.023491101530926,2.715077817633679,-2.0,-2.5100000000000002,3.93,2.071,0.8024131059646606,0.0,0.07755663990974426,1.0,1.0,7.6,1.117,True,True,False
5.471129655838013,forward_005,3.4711296558380127,0.05,0.0,0.0,0.6970408700152354,1.4868023565426696,2.741257756413594,-1.6500000000000001,-1.1400000000000001,6.25,0.844,0.6912639737129211,0.0,0.0765213705599308,1.0,1.0,7.6,1.117,True,True,False
5.491512775421143,forward_005,3.4915127754211426,0.05,0.0,0.0,-0.011999138607461015,1.8151424220741028,1.8315048838115495,-1.6500000000000001,-1.1400000000000001,6.25,1.534,0.8138014078140259,0.0,0.0960910003632307,0.0,1.0,7.6,1.117,True,True,False
5.512063503265381,forward_005,3.512063503265381,0.05,0.0,0.0,-0.7843073326149519,1.5969762655748114,1.014472627721704,-1.6500000000000001,-1.1400000000000001,6.25,1.995,0.8642188906669617,0.0,0.12869646772742271,0.0,1.0,7.6,1.117,True,True,False
5.533423662185669,forward_005,3.533423662185669,0.05,0.0,0.0,-0.5650503453331642,0.5519603759432067,0.519235452468313,-1.6500000000000001,-1.1400000000000001,6.25,1.995,0.7541986107826233,0.0,0.13539587333798409,0.0,0.0,7.4,1.7670000000000003,True,True,True
5.555579900741577,forward_005,3.555579900741577,0.05,0.0,0.0,0.35452000431134817,-0.1189005552921137,-0.2378011105842274,-5.21,-0.99,8.8,1.841,0.6937958598136902,0.0,0.09875931032001972,1.0,1.0,7.4,1.7670000000000003,True,True,False
5.576017379760742,forward_005,3.576017379760742,0.05,0.0,0.0,0.5465062220307244,0.3294308963139297,-0.48432886742842646,-3.72,1.28,9.73,1.688,0.5149544477462769,0.0,0.11838151700794697,0.0,0.0,7.4,1.7670000000000003,True,True,False
5.596461057662964,forward_005,3.596461057662964,0.05,0.0,0.0,0.5301437602932776,-0.10690141668465268,-0.9130253649495337,-0.85,0.3,5.24,1.381,0.8859226703643799,0.0,0.08437226712703705,0.0,0.0,7.4,1.7670000000000003,True,True,False
5.61699366569519,forward_005,3.6169936656951904,0.05,0.0,0.0,0.6010477611555473,0.14508049407202864,-0.8464846872172498,-1.97,0.09,3.73,1.304,0.920285165309906,0.0,0.04517826437950134,0.0,0.0,7.4,1.7670000000000003,True,True,False
5.637458801269531,forward_005,3.6374588012695312,0.05,0.0,0.0,0.6861325621902709,-0.025089107997418487,-0.47669305195095124,-2.0,-1.06,3.79,1.765,0.9230307340621948,0.0,0.09225785359740257,0.0,0.0,7.4,1.7670000000000003,True,True,False
5.65791392326355,forward_005,3.65791392326355,0.05,0.0,0.0,0.5312345910757741,0.16689710972195776,-0.20398535632683726,-6.99,2.67,9.48,2.302,0.8047416806221008,0.0,0.13948550447821617,0.0,0.0,7.4,1.7670000000000003,True,True,False
5.678553819656372,forward_005,3.678553819656372,0.05,0.0,0.0,0.06435901616729091,0.7363107781851078,-0.2683443724941282,-6.66,2.32,7.73,2.532,0.8373941779136658,0.0,0.09020058065652847,0.0,0.0,7.4,1.7670000000000003,True,True,True
5.7068140506744385,forward_005,3.7068140506744385,0.05,0.0,0.0,0.06435901616729091,0.7363107781851078,-0.2683443724941282,-6.66,2.32,7.73,1.6110000000000002,0.8627540469169617,0.0,0.12612834945321083,0.0,0.0,7.4,1.7670000000000003,True,True,False
5.728384494781494,forward_005,3.728384494781494,0.05,0.0,0.0,-0.6468626540203984,0.7014041931452212,-0.605411084285533,-6.0,3.17,6.47,1.458,0.9559746384620667,0.07142857142857142,0.12232191674411297,0.0,0.0,7.4,1.7670000000000003,True,True,False
5.748990774154663,forward_005,3.748990774154663,0.05,0.0,0.0,-0.23343778745424157,0.7984881327874057,-0.6741334235828098,-7.8100000000000005,2.5,7.890000000000001,0.9970000000000001,0.9535202980041504,0.14285714285714285,0.13267375528812408,0.0,0.0,6.8,4.204,True,True,True
5.771766185760498,forward_005,3.771766185760498,0.05,0.0,0.0,0.019634954084936207,0.8366672101747817,-0.9872018581592926,-4.34,-3.61,8.47,1.841,0.9235237836837769,0.0,0.12570858001708984,0.0,0.0,6.8,4.204,True,True,False
5.79228949546814,forward_005,3.7922894954681396,0.05,0.0,0.0,-0.34579335805137656,0.7264933011426397,-0.6294093615004551,-7.47,-1.6500000000000001,8.950000000000001,2.762,0.9500985741615295,0.07142857142857142,0.0825033113360405,0.0,0.0,6.8,4.204,True,True,False
5.81298565864563,forward_005,3.81298565864563,0.05,0.0,0.0,-0.8039422866998881,-0.03599741582238305,0.11126473981463851,-7.47,-1.6500000000000001,8.950000000000001,2.992,0.8757235407829285,0.0,0.1649784930050373,0.0,0.0,6.8,4.204,True,True,False
5.833509922027588,forward_005,3.833509922027588,0.05,0.0,0.0,-1.5707963267948966,-0.0818123086872342,1.0919216132789524,-6.22,0.03,7.59,2.302,0.8705797791481018,0.0,0.2107309177517891,0.0,0.0,6.8,4.204,True,True,False
5.853956460952759,forward_005,3.853956460952759,0.05,0.0,0.0,-2.183843226557905,-0.7963064712224128,0.8312130562622995,-3.99,1.68,8.19,2.685,0.9174519777297974,0.0,0.16236192733049393,0.0,1.0,6.8,4.204,True,True,False
5.874465227127075,forward_005,3.874465227127075,0.05,0.0,0.0,-2.4860033533094232,-1.1126473981463851,0.136353847812057,-4.68,5.05,4.6000000000000005,2.148,0.8888225555419922,0.0,0.11997750774025917,0.0,1.0,6.8,4.204,True,True,False
5.894853353500366,forward_005,3.894853353500366,0.05,0.0,0.0,-2.636538001293934,-1.8980455615438334,-0.9501136115544131,-5.21,1.55,8.88,1.688,0.9553132653236389,0.07142857142857142,0.11872655991464853,0.0,1.0,6.8,4.204,True,True,False
5.915225982666016,forward_005,3.9152259826660156,0.05,0.0,0.0,-2.2972896279375363,-1.626428696702216,-1.1235557059713497,-5.75,-6.0,4.6000000000000005,1.534,0.9490250945091248,0.0,0.0744645856320858,0.0,1.0,6.8,4.204,True,True,False
5.935620307922363,forward_005,3.9356203079223633,0.05,0.0,0.0,-0.9370236421644557,-1.2479104151759457,0.20725784867432664,-7.78,-2.69,9.290000000000001,2.455,0.948294997215271,0.0,0.08119021356105804,0.0,1.0,6.8,4.204,True,True,False
5.956129312515259,forward_005,3.956129312515259,0.05,0.0,0.0,0.2683443724941282,-0.6806784082777885,0.17780541754692233,-5.69,-5.83,3.27,2.302,0.972928524017334,0.14285714285714285,0.10172983969096094,0.0,1.0,7.8,0.31999999999999995,True,True,False
5.976586818695068,forward_005,3.9765868186950684,0.05,0.0,0.0,0.4308781590861001,-1.1650072757062149,-0.05235987755982989,-2.97,-7.9,5.93,1.765,0.979541540145874,0.21428571428571427,0.21880681067705154,0.0,1.0,7.8,0.31999999999999995,True,True,False
5.996968030929565,forward_005,3.9969680309295654,0.05,0.0,0.0,1.5642513420999178,-1.3755376167280309,0.7014041931452212,-3.68,-2.04,2.46,1.534,0.9822388291358948,0.14285714285714285,0.12747470661997795,0.0,1.0,7.8,0.31999999999999995,True,True,False
6.017351388931274,forward_005,4.017351388931274,0.05,0.0,0.0,1.8904097460663583,-1.574068819142386,0.40033489717619936,-5.42,-5.65,4.44,1.304,0.9806936979293823,0.14285714285714285,0.0808049002662301,0.0,0.0,7.8,0.31999999999999995,True,True,False
6.0377607345581055,forward_005,4.0377607345581055,0.05,0.0,0.0,1.7267851286918898,-1.5140731261050808,0.6643159465403417,-4.5,-4.11,6.84,0.9970000000000001,0.982887327671051,0.07142857142857142,0.06589731480926275,1.0,1.0,7.8,0.31999999999999995,True,True,False
6.058195114135742,forward_005,4.058195114135742,0.05,0.0,0.0,1.3199052468207118,-1.7027868514769677,1.2828170002158321,-5.03,-2.8000000000000003,2.46,1.6110000000000002,0.9874078035354614,0.14285714285714285,0.031336648389697075,1.0,1.0,7.8,0.31999999999999995,True,True,False
6.078567266464233,forward_005,4.078567266464233,0.05,0.0,0.0,1.401717555507946,-2.0758509790907556,0.9021170571245691,-5.58,9.42,8.1,2.378,0.9839475750923157,0.21428571428571427,0.0721522830426693,1.0,0.0,7.8,0.31999999999999995,True,True,False
6.098933219909668,forward_005,4.098933219909668,0.05,0.0,0.0,0.8050331174823845,-0.9970193352017608,-0.21162117180431245,-5.58,9.42,8.1,2.455,0.9842703342437744,0.14285714285714285,0.08890586718916893,1.0,1.0,7.8,0.31999999999999995,True,True,False
6.119321584701538,forward_005,4.119321584701538,0.05,0.0,0.0,0.4439681284760576,-0.18435040224190105,-1.5195272800175632,-5.58,9.42,8.1,2.378,0.9850665330886841,0.14285714285714285,0.13359412923455238,1.0,1.0,7.8,0.31999999999999995,True,True,False
6.13972806930542,forward_005,4.13972806930542,0.05,0.0,0.0,0.8115781021773633,-0.4232423436086249,-2.5994497546890547,-6.88,2.4,4.73,1.381,0.9731519222259521,0.21428571428571427,0.15720960311591625,1.0,1.0,7.8,0.31999999999999995,True,True,False
6.160102844238281,forward_005,4.160102844238281,0.05,0.0,0.0,0.65558930028037,-0.4886921905584123,-2.2209314731627843,-1.21,-5.67,4.24,0.9210000000000002,0.9586876034736633,0.07142857142857142,0.08294757083058357,1.0,0.0,6.8,2.8659999999999997,True,True,False
6.18127179145813,forward_005,4.18127179145813,0.05,0.0,0.0,0.6403176693254197,-1.471530725587719,-1.538071403320003,2.45,-2.05,4.3,1.765,0.9766420125961304,0.21428571428571427,0.21687960252165794,1.0,0.0,6.8,2.8659999999999997,True,True,False
6.201643705368042,forward_005,4.201643705368042,0.05,0.0,0.0,0.0916297857297023,-1.878410607458897,-1.038470904936626,2.45,-2.05,4.3,2.378,0.9770161509513855,0.14285714285714285,0.08348286524415016,1.0,1.0,6.8,2.8659999999999997,True,True,False
6.225299119949341,forward_005,4.225299119949341,0.05,0.0,0.0,-0.44505895925855404,-2.027854424660912,-0.14508049407202864,-0.87,-0.89,9.15,2.8389999999999995,0.9847790002822876,0.21428571428571427,0.05408163368701935,1.0,1.0,6.8,2.8659999999999997,True,True,False
6.245709180831909,forward_005,4.245709180831909,0.05,0.0,0.0,-1.05265170510908,-2.6332655089464447,0.1712604328519436,0.63,-1.6400000000000001,3.6,2.148,0.9650619626045227,0.07142857142857142,0.15099607780575752,1.0,1.0,6.8,2.8659999999999997,True,True,False
6.26620888710022,forward_005,4.26620888710022,0.05,0.0,0.0,-1.1802789066611654,-2.7216228023286577,-0.12435470920459599,0.63,-1.6400000000000001,3.6,1.458,0.9184684753417969,0.0,0.09411444142460823,1.0,1.0,6.8,2.8659999999999997,True,True,False
6.286630392074585,forward_005,4.286630392074585,0.05,0.0,0.0,-0.3719732968312915,-1.6613352817421025,-0.7024950239277177,0.63,-1.6400000000000001,3.6,2.148,0.9552049040794373,0.07142857142857142,0.13375920802354813,1.0,1.0,6.8,2.8659999999999997,True,True,False
6.307334899902344,forward_005,4.307334899902344,0.05,0.0,0.0,0.9108437033845407,-1.6951510359994926,0.3021601267515183,1.94,0.2,7.78,2.302,0.7228311896324158,0.0,0.08461484685540199,1.0,1.0,6.8,2.8659999999999997,True,True,False
6.32774019241333,forward_005,4.32774019241333,0.05,0.0,0.0,1.0581058590215622,-1.5304355878425278,-0.9850201965942997,1.94,0.2,7.78,2.302,0.6989571452140808,0.0,0.07556433603167534,1.0,1.0,6.8,2.8659999999999997,True,True,False
6.349521636962891,forward_005,4.349521636962891,0.05,0.0,0.0,0.26725354171163174,-1.6231562043547265,-1.4911656796726553,1.82,-1.72,9.48,1.6110000000000002,0.7197809219360352,0.0,0.1068995501846075,1.0,0.0,6.8,2.8659999999999997,True,True,False
6.369959115982056,forward_005,4.369959115982056,0.05,0.0,0.0,-0.07090400086226964,-1.6078845733997762,-1.3744467859455345,2.52,1.3,9.09,1.534,0.7001475691795349,0.0,0.059479149989783764,1.0,0.0,7.7,0.662,True,True,False
6.3904664516448975,forward_005,4.3904664516448975,0.05,0.0,0.0,-0.11126473981463851,-0.9533861039019025,-1.5729779883598896,0.79,1.35,7.59,1.918,0.777377724647522,0.0,0.06403767317533493,1.0,0.0,7.7,0.662,True,True,False
6.410933256149292,forward_005,4.410933256149292,0.05,0.0,0.0,-0.16471544815696484,-0.5835944686356039,-1.2042771838760873,1.36,3.09,9.67,2.225,0.9041577577590942,0.0,0.06146318465471268,1.0,0.0,7.7,0.662,True,True,False
6.431311845779419,forward_005,4.431311845779419,0.05,0.0,0.0,-0.24652775684419906,-0.17562375598192942,-0.10035643198967395,1.36,3.09,9.67,1.304,0.7900919318199158,0.0,0.05284415069036186,1.0,0.0,7.7,0.662,True,True,False
6.451824426651001,forward_005,4.451824426651001,0.05,0.0,0.0,-0.28034351110158917,-0.36979163526629855,-0.4341506514335895,1.36,3.09,9.67,1.151,0.8893448710441589,0.0,0.09100957214832306,1.0,1.0,7.7,0.662,True,True,False
6.472213506698608,forward_005,4.472213506698608,0.05,0.0,0.0,-0.8453938564347534,-0.16144295580947549,-0.8323038870447959,1.36,3.09,9.67,1.381,0.8984089493751526,0.0,0.06893436051905155,1.0,1.0,7.7,0.662,True,True,False
6.492577075958252,forward_005,4.492577075958252,0.05,0.0,0.0,-1.327541062298187,0.5541420375081997,-0.07635815477475191,4.54,-1.02,7.66,1.381,0.9062266945838928,0.0,0.0835412759333849,1.0,1.0,7.7,0.662,True,True,False
6.514185667037964,forward_005,4.514185667037964,0.05,0.0,0.0,-1.471530725587719,0.48432886742842646,-0.044724062082354694,4.54,-1.02,7.66,1.534,0.9004506468772888,0.0,0.03217059001326561,1.0,1.0,7.7,0.662,True,True,False
6.534673690795898,forward_005,4.534673690795898,0.05,0.0,0.0,-0.6424993308904126,0.5203262832508095,0.5083271446433485,4.54,-1.02,7.66,1.227,0.938476026058197,0.0,0.030261214822530746,1.0,1.0,7.7,0.662,True,True,False
6.555089473724365,forward_005,4.555089473724365,0.05,0.0,0.0,0.17998707911191522,1.2697270308258748,1.3689926320330523,4.07,-2.7600000000000002,6.5,0.767,0.8171137571334839,0.0,0.09448977187275887,1.0,1.0,7.7,0.662,True,True,False
6.575484037399292,forward_005,4.575484037399292,0.05,0.0,0.0,0.2279836335417593,1.2926344772583003,1.1159198904938745,2.32,-1.82,4.54,0.6899999999999998,0.6927409172058105,0.0,0.10262645594775677,1.0,1.0,7.6,0.7470000000000001,True,True,False
6.595873832702637,forward_005,4.595873832702637,0.05,0.0,0.0,0.34033920413889424,0.7744898555724837,0.3687008044838021,3.22,-2.66,7.95,0.9210000000000002,0.8446168899536133,0.0,0.07023916393518448,1.0,1.0,7.6,0.7470000000000001,True,True,False
6.616311550140381,forward_005,4.616311550140381,0.05,0.0,0.0,0.41996985126113556,0.7363107781851078,0.1505346479845109,1.04,-0.08,9.0,1.534,0.8633764386177063,0.0,0.0924929827451706,1.0,1.0,7.6,0.7470000000000001,True,True,False
6.636774301528931,forward_005,4.636774301528931,0.05,0.0,0.0,0.17998707911191522,0.7035858547102141,-0.2378011105842274,0.5,-1.42,7.24,1.841,0.862129271030426,0.0,0.0687954593449831,1.0,1.0,7.6,0.7470000000000001,True,True,False
6.6571643352508545,forward_005,4.6571643352508545,0.05,0.0,0.0,0.2181661564992912,0.6032294227205401,-0.32288591161895097,0.61,0.5700000000000001,8.42,1.227,0.9165810942649841,0.0,0.13273082580417395,0.0,1.0,7.6,0.7470000000000001,True,True,False
6.677599191665649,forward_005,4.677599191665649,0.05,0.0,0.0,0.5683228376806536,0.581412807070611,-0.7374016089676042,-0.66,-0.35000000000000003,7.96,1.381,0.9191924333572388,0.0,0.17620037402957678,0.0,1.0,7.6,0.7470000000000001,True,True,False
6.698011159896851,forward_005,4.698011159896851,0.05,0.0,0.0,0.8377580409572782,0.23561944901923448,-0.5039638215133626,-0.66,-0.35000000000000003,7.96,1.688,0.9276384115219116,0.0,0.04002292826771736,0.0,1.0,7.6,0.7470000000000001,True,True,False
6.718561410903931,forward_005,4.718561410903931,0.05,0.0,0.0,1.227184630308513,0.4526947747360292,-0.23561944901923448,-0.66,-0.35000000000000003,7.96,1.765,0.9378069639205933,0.0,0.055894285440444946,1.0,1.0,7.6,0.7470000000000001,True,True,False
6.73896336555481,forward_005,4.73896336555481,0.05,0.0,0.0,1.22500296874352,0.830122225479803,-0.07090400086226964,-1.78,-3.0,8.620000000000001,1.534,0.9336650371551514,0.0,0.06779927760726423,1.0,1.0,7.6,0.7470000000000001,True,True,False
6.759372234344482,forward_005,4.759372234344482,0.05,0.0,0.0,1.1355548445788106,0.8192139176548384,-0.22689280275926285,0.44,-2.0300000000000002,6.3100000000000005,1.381,0.9419773817062378,0.0,0.12254529446363449,1.0,1.0,7.6,0.7470000000000001,True,True,False
6.779841184616089,forward_005,4.779841184616089,0.05,0.0,0.0,0.6686792696703275,0.9522952731194061,-0.19634954084936207,0.44,-2.0300000000000002,6.3100000000000005,1.151,0.920708417892456,0.0,0.07725137192755938,1.0,1.0,7.6,0.773,True,True,False
6.804889440536499,forward_005,4.804889440536499,0.05,0.0,0.0,0.04254240051736178,1.2806353386508393,-0.7057675162752071,-0.23,1.97,4.42,0.844,0.8020742535591125,0.0,0.07111112028360367,1.0,1.0,7.6,0.773,True,True,False
6.825366973876953,forward_005,4.825366973876953,0.05,0.0,0.0,0.2203478180642841,0.49960049838337683,-0.7188574856651645,-0.23,1.97,4.42,0.9210000000000002,0.9202819466590881,0.0,0.06464193016290665,1.0,0.0,7.6,0.773,True,True,False
6.845923185348511,forward_005,4.845923185348511,0.05,0.0,0.0,0.2399827721492203,1.227184630308513,-0.6795875774952921,-1.1400000000000001,-0.47000000000000003,6.21,1.304,0.8465853333473206,0.0,0.09218396060168743,1.0,0.0,7.6,0.773,True,True,False
6.866343021392822,forward_005,4.866343021392822,0.05,0.0,0.0,-0.004363323129985824,0.9828385350293068,-0.17453292519943295,-1.28,0.36,8.36,1.918,0.8632035255432129,0.0,0.05298591125756502,1.0,0.0,7.6,0.773,True,True,False
6.88702392578125,forward_005,4.88702392578125,0.05,0.0,0.0,-0.4930555136883981,0.6217735460229799,0.18653206380689397,-1.58,-0.63,7.99,1.918,0.9125899076461792,0.0,0.07936398219317198,1.0,0.0,7.6,0.773,True,True,False
6.9074742794036865,forward_005,4.9074742794036865,0.05,0.0,0.0,-0.8933904108645975,0.36324665057131983,0.928296995904484,-2.73,2.85,6.55,2.225,0.9240990281105042,0.0,0.037751439958810806,1.0,0.0,7.6,0.773,True,True,False
6.927889585494995,forward_005,4.927889585494995,0.05,0.0,0.0,-1.3809917706405133,0.14835298641951802,0.6872233929727672,-2.49,2.5500000000000003,6.72,1.6110000000000002,0.9420714974403381,0.0,0.0366024374961853,1.0,1.0,7.6,0.773,True,True,False
6.9482762813568115,forward_005,4.9482762813568115,0.05,0.0,0.0,-1.7169676516494217,0.11017390903214205,0.04036073895236887,-2.62,4.22,9.69,1.227,0.9465280175209045,0.0,0.037222255021333694,1.0,1.0,7.6,0.773,True,True,False
6.9688122272491455,forward_005,4.9688122272491455,0.05,0.0,0.0,-1.634064512179691,0.09272061651219876,-0.4919646829059016,-2.62,4.22,9.69,0.9970000000000001,0.944869339466095,0.0,0.06504577212035656,0.0,1.0,7.6,0.773,True,True,False
6.9895219802856445,forward_005,4.9895219802856445,0.05,0.0,0.0,-0.5268712679457882,0.43196898986859655,-0.5246896063807953,-2.62,4.22,9.69,1.381,0.9331246018409729,0.0,0.034099409356713295,0.0,1.0,7.7,0.799,True,True,False
7.010050058364868,forward_005,5.010050058364868,0.05,0.0,0.0,0.07744898555724837,0.18544123302439752,-0.9228428419920017,-0.21,-2.84,5.99,0.614,0.9378167986869812,0.0,0.07037607207894325,0.0,1.0,7.7,0.799,True,True,False
7.030555963516235,forward_005,5.030555963516235,0.05,0.0,0.0,0.3141592653589793,-0.05126904677733343,-1.1682797680537043,0.65,-3.0700000000000003,8.57,1.304,0.9385461807250977,0.0,0.03988434839993715,0.0,1.0,7.7,0.799,True,True,False
7.0510241985321045,forward_005,5.0510241985321045,0.05,0.0,0.0,0.02399827721492203,0.6261368691529657,-0.7003133623627247,0.65,-3.0700000000000003,8.57,1.074,0.905990481376648,0.0,0.06407295446842909,1.0,1.0,7.7,0.799,True,True,False
7.071546792984009,forward_005,5.071546792984009,0.05,0.0,0.0,-0.21380283336930536,1.153008137098754,0.5203262832508095,-3.0,-8.85,7.0600000000000005,0.614,0.7815265655517578,0.0,0.15155893191695213,1.0,1.0,7.7,0.799,True,True,False
7.091938018798828,forward_005,5.091938018798828,0.05,0.0,0.0,0.13199052468207118,0.5181446216858165,1.1399181677087964,-3.0,-8.85,7.0600000000000005,0.6899999999999998,0.6634299755096436,0.0,0.13404959440231323,1.0,1.0,7.7,0.799,True,True,False
7.112448215484619,forward_005,5.112448215484619,0.05,0.0,0.0,0.26616271092913524,0.8770279491271507,1.3122694313432366,-2.59,-0.71,9.24,0.767,0.9416757225990295,0.0,0.1998717561364174,1.0,1.0,7.7,0.799,True,True,False
7.1328582763671875,forward_005,5.1328582763671875,0.05,0.0,0.0,0.19416787928436915,0.7221299780126539,1.2697270308258748,-2.59,-0.71,9.24,1.841,0.965322732925415,0.07142857142857142,0.05809164233505726,1.0,1.0,7.7,0.799,True,True,False
7.153343915939331,forward_005,5.153343915939331,0.05,0.0,0.0,0.10690141668465268,0.8148505945248526,0.7810348402674625,-2.23,3.56,7.34,2.071,0.854824423789978,0.0,0.11577102169394493,0.0,1.0,7.7,0.799,True,True,False
7.173751592636108,forward_005,5.173751592636108,0.05,0.0,0.0,0.37742745074377376,-0.006544984694978736,-0.37306412761378793,-5.59,2.34,8.39,3.069,0.7349103689193726,0.0,0.06941304914653301,0.0,1.0,7.7,0.799,True,True,False
7.195112943649292,forward_005,5.195112943649292,0.05,0.0,0.0,0.7886706557449377,-0.3534291735288517,-1.0711958284115197,-3.68,2.12,5.49,2.992,0.8113011121749878,0.0,0.23346804827451706,0.0,1.0,7.3,1.4930000000000003,True,True,False
7.216403484344482,forward_005,5.216403484344482,0.05,0.0,0.0,1.1399181677087964,-1.1573714602287397,-1.9351338081487128,-1.9100000000000001,-2.54,6.32,2.071,0.935075581073761,0.0,0.16192593425512314,0.0,1.0,7.3,1.4930000000000003,True,True,False
7.236836910247803,forward_005,5.236836910247803,0.05,0.0,0.0,1.4529866022852793,-1.4551682638502723,-1.301361123518272,0.02,-8.74,7.58,1.381,0.96714186668396,0.07142857142857142,0.17029870674014091,0.0,0.0,7.3,1.4930000000000003,True,True,False
7.257680177688599,forward_005,5.257680177688599,0.05,0.0,0.0,1.7802358370342162,-1.5566155266224426,-0.20507618710933373,0.11,-3.97,7.88,1.304,0.9878129363059998,0.14285714285714285,0.0472861947491765,1.0,0.0,7.3,1.4930000000000003,True,True,False
7.2781946659088135,forward_005,5.2781946659088135,0.05,0.0,0.0,1.9133171924987837,-1.117010721276371,0.44724062082354693,-0.84,-4.17,3.02,1.765,0.9748091697692871,0.07142857142857142,0.06999960821121931,1.0,0.0,7.3,1.4930000000000003,True,True,False
7.298589468002319,forward_005,5.298589468002319,0.05,0.0,0.0,1.686424389739521,-0.9261153343394911,1.2435470920459597,1.1400000000000001,-1.1,2.2600000000000002,1.6110000000000002,0.9673965573310852,0.07142857142857142,0.08182471245527267,1.0,0.0,7.3,1.4930000000000003,True,True,False
7.319098949432373,forward_005,5.319098949432373,0.05,0.0,0.0,0.2683443724941282,-0.36979163526629855,1.8151424220741028,1.1400000000000001,-1.1,2.2600000000000002,1.765,0.9751221537590027,0.07142857142857142,0.14447646215558052,1.0,0.0,7.3,1.4930000000000003,True,True,False
7.3399083614349365,forward_005,5.3399083614349365,0.05,0.0,0.0,-1.1071932442339028,-0.8999353955595761,1.2817261694333357,1.1400000000000001,-1.1,2.2600000000000002,1.918,0.9766262769699097,0.07142857142857142,0.0728038502857089,1.0,1.0,7.3,1.4930000000000003,True,True,False
7.360395431518555,forward_005,5.360395431518555,0.05,0.0,0.0,-1.992947839621025,-1.119192382841364,-0.25743606466916363,-2.85,2.02,6.4,1.381,0.9842707514762878,0.21428571428571427,0.12229912681505084,1.0,1.0,7.3,1.4930000000000003,True,True,False
7.380844831466675,forward_005,5.380844831466675,0.05,0.0,0.0,-2.1707532571679473,-0.1908953869368798,-0.5988660995905544,-1.5,-0.8300000000000001,-1.49,1.074,0.9936659336090088,0.21428571428571427,0.11076740548014641,1.0,1.0,7.3,1.4930000000000003,True,True,False
7.401363849639893,forward_005,5.401363849639893,0.05,0.0,0.0,-1.457349925415265,-0.29343348049154666,1.1061024134514064,-1.5,-0.8300000000000001,-1.49,1.074,0.987154483795166,0.21428571428571427,0.09839754924178123,1.0,0.0,7.7,0.7740000000000001,True,True,False
7.421773195266724,forward_005,5.421773195266724,0.05,0.0,0.0,-0.27598018797160334,0.7363107781851078,1.5991579271398044,1.7,2.3000000000000003,8.31,1.918,0.9678033590316772,0.07142857142857142,0.08737994125112891,1.0,0.0,7.7,0.7740000000000001,True,True,False
7.442292213439941,forward_005,5.442292213439941,0.05,0.0,0.0,0.28907015736156083,-0.1265363707695889,1.251182907523435,-0.63,1.92,9.3,1.765,0.9873442649841309,0.21428571428571427,0.03919088840484619,1.0,0.0,7.7,0.7740000000000001,True,True,False
7.462830066680908,forward_005,5.462830066680908,0.05,0.0,0.0,-0.29670597283903605,0.45487643630102215,1.1519173063162575,-0.63,1.92,9.3,1.841,0.9834487438201904,0.14285714285714285,0.04023899510502815,1.0,0.0,7.7,0.7740000000000001,True,True,False
7.483500957489014,forward_005,5.483500957489014,0.05,0.0,0.0,-0.6534076387153771,0.9522952731194061,0.5519603759432067,-0.5700000000000001,4.09,8.75,1.151,0.9680435061454773,0.07142857142857142,0.043910130858421326,1.0,1.0,7.7,0.7740000000000001,True,True,False
7.50397253036499,forward_005,5.50397253036499,0.05,0.0,0.0,-0.6414085001079161,0.7341291166201148,-0.02945243112740431,-0.5700000000000001,4.09,8.75,1.381,0.9704271554946899,0.07142857142857142,0.036170877516269684,1.0,1.0,7.7,0.7740000000000001,True,True,False
7.524392604827881,forward_005,5.524392604827881,0.05,0.0,0.0,-1.0035643198967394,0.7843073326149519,-0.3643374813538163,-0.5700000000000001,4.09,8.75,0.6899999999999998,0.9492524862289429,0.0,0.04235437139868736,1.0,1.0,7.7,0.7740000000000001,True,True,False
7.544768810272217,forward_005,5.544768810272217,0.05,0.0,0.0,-1.1780972450961724,1.0930124440614488,-0.5879577917655898,-0.5700000000000001,4.09,8.75,0.9210000000000002,0.8908581137657166,0.0,0.039574132300913334,1.0,1.0,7.7,0.7740000000000001,True,True,False
7.565166711807251,forward_005,5.565166711807251,0.05,0.0,0.0,-0.7243116395776468,1.4246250019403714,-0.4690572364734761,-0.5700000000000001,4.09,8.75,1.074,0.8109647035598755,0.0,0.05168120563030243,0.0,1.0,7.7,0.7740000000000001,True,True,False
7.585540771484375,forward_005,5.585540771484375,0.05,0.0,0.0,-0.4243331743911214,1.5587971881874356,0.23561944901923448,-1.02,-5.61,9.8,1.227,0.8013170957565308,0.0,0.09862104244530201,1.0,1.0,7.7,0.7740000000000001,True,True,False
7.606088876724243,forward_005,5.606088876724243,0.05,0.0,0.0,-0.22143864884678055,1.3329952162106693,0.7853981633974483,-1.19,-5.16,7.29,0.9210000000000002,0.6333531141281128,0.0,0.18017426878213882,1.0,1.0,7.2,2.665,True,True,False
7.626468896865845,forward_005,5.626468896865845,0.05,0.0,0.0,-0.10362892433716332,1.4606224177627545,1.0962849364089382,-1.19,-5.16,7.29,1.151,0.7915568947792053,0.0,0.15846775472164154,1.0,1.0,7.2,2.665,True,True,False
7.648990631103516,forward_005,5.648990631103516,0.05,0.0,0.0,-0.3392483733563978,1.4158983556804,1.076649982324002,-1.19,-5.16,7.29,1.6110000000000002,0.8813149929046631,0.0,0.08833536133170128,0.0,1.0,7.2,2.665,True,True,False
7.669362783432007,forward_005,5.669362783432007,0.05,0.0,0.0,-0.4265148359561143,1.1431906600562858,1.4660765716752369,-2.32,-0.67,9.38,1.765,0.8306565284729004,0.0,0.10163767356425524,0.0,1.0,7.2,2.665,True,True,False
7.689723253250122,forward_005,5.689723253250122,0.05,0.0,0.0,-0.24870941840919197,0.7788531787024695,1.1071932442339028,-2.62,0.12,6.29,2.532,0.8098796606063843,0.0,0.10914000496268272,0.0,1.0,7.2,2.665,True,True,False
7.710161924362183,forward_005,5.710161924362183,0.05,0.0,0.0,0.27052603405912107,-0.08944812416470939,0.5519603759432067,-2.62,0.12,6.29,2.455,0.7816038131713867,0.0,0.14761121571063995,0.0,1.0,7.2,2.665,True,True,False
7.7306413650512695,forward_005,5.7306413650512695,0.05,0.0,0.0,0.9348419805994628,-0.3108867730114899,-0.1505346479845109,-4.62,-2.74,6.71,1.765,0.8498948216438293,0.0,0.12292852997779846,0.0,1.0,7.2,2.665,True,True,False
7.751075029373169,forward_005,5.751075029373169,0.05,0.0,0.0,1.0788316438889949,-1.0035643198967394,-0.3108867730114899,-4.62,-2.74,6.71,1.304,0.9638088941574097,0.07142857142857142,0.11089952429756522,0.0,0.0,7.2,2.665,True,True,False
7.771455526351929,forward_005,5.771455526351929,0.05,0.0,0.0,1.1562806294462433,-1.3144510929082294,0.385063266221249,-1.1,-5.62,8.68,1.151,0.9534676671028137,0.07142857142857142,0.28269482403993607,0.0,0.0,7.2,2.665,True,True,False
7.791827201843262,forward_005,5.791827201843262,0.05,0.0,0.0,1.0591966898040588,-1.249001245958442,1.0351984125891367,-0.8300000000000001,-2.74,4.16,2.302,0.9437073469161987,0.0,0.20547430217266083,1.0,1.0,7.2,2.665,True,True,False
7.812277317047119,forward_005,5.812277317047119,0.05,0.0,0.0,1.0930124440614488,-0.495237175253391,1.8042341142491383,-1.25,-3.31,0.62,2.915,0.9328554272651672,0.0,0.14862695336341858,1.0,1.0,7.1,3.152,True,True,False
7.832829236984253,forward_005,5.832829236984253,0.05,0.0,0.0,1.155189798663747,-0.26616271092913524,2.3507403362798627,-0.81,4.09,4.2,2.302,0.9381616115570068,0.0,0.11722716689109802,1.0,1.0,7.1,3.152,True,True,False
7.853382349014282,forward_005,5.853382349014282,0.05,0.0,0.0,0.5345070834232635,0.28907015736156083,0.5650503453331642,-0.81,4.09,4.2,2.378,0.9356698393821716,0.0,0.09000763949006796,1.0,1.0,7.1,3.152,True,True,False
7.8737633228302,forward_005,5.8737633228302,0.05,0.0,0.0,0.9108437033845407,0.8573929950422144,0.3010692959690218,-0.81,4.09,4.2,2.608,0.893622100353241,0.0,0.17476655170321465,1.0,1.0,7.1,3.152,True,True,False
7.894159317016602,forward_005,5.894159317016602,0.05,0.0,0.0,1.2664545384783854,0.830122225479803,-1.2522737383059315,-0.81,4.09,4.2,2.378,0.8316622972488403,0.0,0.08856476959772408,1.0,0.0,7.1,3.152,True,True,False
7.914541721343994,forward_005,5.914541721343994,0.05,0.0,0.0,1.0635600129340446,1.1093749057988957,-2.1423916568230394,-1.76,0.26,9.63,1.381,0.9396072030067444,0.0,0.15936152637004852,1.0,0.0,7.1,3.152,True,True,False
7.934911012649536,forward_005,5.934911012649536,0.05,0.0,0.0,0.24107360293171676,1.2260937995260166,-1.9645862392761173,-1.49,-0.2,3.41,1.381,0.9533202648162842,0.07142857142857142,0.09799813386052847,1.0,0.0,7.1,3.152,True,True,False
7.955280065536499,forward_005,5.955280065536499,0.05,0.0,0.0,-0.2748893571891069,0.5519603759432067,-1.8140515912916062,1.45,0.03,4.78,1.918,0.880060076713562,0.0,0.07212794944643974,1.0,0.0,7.1,3.152,True,True,False
7.975762128829956,forward_005,5.975762128829956,0.05,0.0,0.0,-0.6501351463678877,0.16471544815696484,-1.0897399517139594,1.45,0.03,4.78,2.532,0.8366347551345825,0.0,0.046058204025030136,1.0,0.0,7.1,3.152,True,True,False
7.996127128601074,forward_005,5.996127128601074,0.05,0.0,0.0,-0.8257589023498172,-0.11562806294462433,0.272707695624114,-6.55,-0.42,7.33,3.2220000000000004,0.8979184031486511,0.0,0.136609373614192,1.0,0.0,7.1,3.152,True,True,False
8.016509056091309,stop_after_005,0.016509056091308594,0.0,0.0,0.0,-1.3580843242080878,-1.0395617357191225,0.29888763440402893,-6.55,-0.42,7.33,2.302,0.9077997207641602,0.0,0.13936501741409302,1.0,0.0,7.4,1.5990000000000002,True,True,False
8.036949157714844,stop_after_005,0.03694915771484375,0.0,0.0,0.0,-1.8020524526841453,-1.102829921103917,-0.31634092692397225,-4.98,3.67,5.7,1.6110000000000002,0.9073220491409302,0.0,0.09209113754332066,1.0,0.0,7.4,1.5990000000000002,True,True,False
8.057320833206177,stop_after_005,0.05732083320617676,0.0,0.0,0.0,-1.7169676516494217,-1.8238690683340744,-0.5039638215133626,-1.94,3.52,9.120000000000001,1.534,0.9068021178245544,0.0,0.12805601954460144,0.0,0.0,7.4,1.5990000000000002,True,True,False
8.077697038650513,stop_after_005,0.0776970386505127,0.0,0.0,0.0,-1.9122263617162873,-1.5926129424448257,-1.0701049976290233,-1.4000000000000001,1.11,5.8500000000000005,1.458,0.8135353326797485,0.0,0.04307442903518677,0.0,1.0,7.4,1.5990000000000002,True,True,False
8.098129272460938,stop_after_005,0.0981292724609375,0.0,0.0,0.0,-1.7256942979093934,-1.538071403320003,-1.6656986048720883,-0.23,0.47000000000000003,2.07,1.995,0.8363357782363892,0.0,0.039523422718048096,0.0,1.0,7.4,1.5990000000000002,True,True,False
8.118545532226562,stop_after_005,0.1185455322265625,0.0,0.0,0.0,-1.5282539262775348,-1.6253378659197193,-1.6504269739171378,-0.23,0.47000000000000003,2.07,1.918,0.8268578052520752,0.0,0.04146250756457448,0.0,1.0,7.4,1.5990000000000002,True,True,False
8.138918399810791,stop_after_005,0.13891839981079102,0.0,0.0,0.0,-0.17453292519943295,-1.0635600129340446,-1.6177020504422441,-0.23,0.47000000000000003,2.07,2.071,0.9135299921035767,0.0,0.07101135374978185,0.0,1.0,7.4,1.5990000000000002,True,True,False
8.15932559967041,stop_after_005,0.15932559967041016,0.0,0.0,0.0,0.5585053606381855,-0.6588617926278594,-0.5868669609830933,0.48,-3.7600000000000002,7.69,1.6110000000000002,0.9178386330604553,0.0,0.04917293228209018,0.0,1.0,7.4,1.5990000000000002,True,True,False
8.179707527160645,stop_after_005,0.17970752716064453,0.0,0.0,0.0,1.210822168571066,-0.9599310885968813,-0.6763150851478027,0.34,-3.0300000000000002,2.91,1.534,0.8901403546333313,0.0,0.05291401967406273,0.0,1.0,7.4,1.5990000000000002,True,True,False
8.200083255767822,stop_after_005,0.20008325576782227,0.0,0.0,0.0,1.215185491701052,-0.5203262832508095,-1.557706357404939,0.64,-2.09,6.9,0.844,0.8524734377861023,0.0,0.052010707557201385,0.0,1.0,7.4,1.5990000000000002,True,True,False
8.220451354980469,stop_after_005,0.22045135498046875,0.0,0.0,0.0,1.1301006906663285,-0.5421428989007386,-1.5206181108000596,0.64,-2.09,6.9,0.614,0.8931286931037903,0.0,0.04033158719539642,1.0,1.0,7.8,0.364,True,True,False
8.241849660873413,stop_after_005,0.24184966087341309,0.0,0.0,0.0,0.8693921336496754,-0.25743606466916363,-0.19525871006686563,-1.08,-2.3000000000000003,6.92,0.844,0.8811766505241394,0.0,0.042792859487235546,1.0,1.0,7.8,0.364,True,True,False
8.262226104736328,stop_after_005,0.2622261047363281,0.0,0.0,0.0,0.38069994309126315,-0.36106498900632694,-0.5126904677733343,-1.8900000000000001,-1.9000000000000001,7.2,0.6899999999999998,0.8795813322067261,0.0,0.033576843328773975,1.0,0.0,7.8,0.364,True,True,False
8.282609939575195,stop_after_005,0.2826099395751953,0.0,0.0,0.0,0.23671027980173096,-0.4799655442984406,-0.4919646829059016,-1.8900000000000001,-1.9000000000000001,7.2,0.9210000000000002,0.8787773847579956,0.0,0.02517859637737274,1.0,0.0,7.8,0.364,True,True,False
8.303043127059937,stop_after_005,0.3030431270599365,0.0,0.0,0.0,0.004363323129985824,-0.5672320068981571,0.6021385919380436,0.97,1.08,9.53,0.9970000000000001,0.8166321516036987,0.0,0.05987086147069931,1.0,1.0,7.8,0.364,True,True,False
8.32341456413269,stop_after_005,0.32341456413269043,0.0,0.0,0.0,0.0818123086872342,-0.5530512067257032,0.5639595145506677,0.92,1.45,7.8100000000000005,0.9210000000000002,0.8088570833206177,0.0,0.027811303734779358,1.0,1.0,7.8,0.364,True,True,False
8.343814611434937,stop_after_005,0.3438146114349365,0.0,0.0,0.0,-0.1734420944169365,-0.23452861823673804,0.0545415391248228,-0.56,1.06,9.16,0.614,0.808844804763794,0.0,0.028383523225784302,1.0,1.0,7.8,0.364,True,True,False
8.364260911941528,stop_after_005,0.3642609119415283,0.0,0.0,0.0,-0.5159629601208237,-0.5039638215133626,-0.020725784867432664,-0.56,1.06,9.16,0.46,0.8128475546836853,0.0,0.015048179775476456,1.0,1.0,7.8,0.364,True,True,False
8.384633779525757,stop_after_005,0.38463377952575684,0.0,0.0,0.0,-0.3687008044838021,0.11126473981463851,-0.3043417883165112,-0.56,1.06,9.16,0.614,0.8024915456771851,0.0,0.03197389096021652,1.0,1.0,7.8,0.364,True,True,False
8.405077457427979,stop_after_005,0.4050774574279785,0.0,0.0,0.0,-0.20398535632683726,0.6326818538479445,-0.3741549583962844,-1.3900000000000001,-0.17,9.19,0.767,0.8127789497375488,0.0,0.07077979668974876,1.0,1.0,7.8,0.364,True,True,False
8.425470352172852,stop_after_005,0.42547035217285156,0.0,0.0,0.0,-0.10581058590215622,0.7624907169650227,-0.40251655874119224,-1.3900000000000001,-0.17,9.19,0.614,0.8230313062667847,0.0,0.03092018887400627,1.0,1.0,7.8,0.681,True,True,False
8.445837497711182,stop_after_005,0.44583749771118164,0.0,0.0,0.0,-0.06217735460229799,1.0450158896316049,-0.24870941840919197,0.68,-3.14,8.63,0.844,0.8005633354187012,0.0,0.04576897248625755,1.0,1.0,7.8,0.681,True,True,False
8.466278553009033,stop_after_005,0.4662785530090332,0.0,0.0,0.0,-0.02945243112740431,0.9937468428542714,0.07417649320975901,-0.26,-2.95,8.09,1.074,0.8168578743934631,0.0,0.028735515661537647,1.0,1.0,7.8,0.681,True,True,False
8.48668122291565,stop_after_005,0.4866812229156494,0.0,0.0,0.0,0.032724923474893676,0.5028729907308662,0.5421428989007386,-0.26,-2.95,8.09,1.381,0.8563902974128723,0.0,0.022974364459514618,1.0,1.0,7.8,0.681,True,True,False
8.507044553756714,stop_after_005,0.5070445537567139,0.0,0.0,0.0,-0.07526732399225546,0.21380283336930536,0.9577494270318884,-1.02,-2.59,8.97,1.227,0.8513879179954529,0.0,0.028387705446220934,1.0,1.0,7.8,0.681,True,True,False
8.527425765991211,stop_after_005,0.5274257659912109,0.0,0.0,0.0,-0.09599310885968812,0.06872233929727672,0.9861110273767962,-1.75,-2.05,8.33,1.074,0.7885717749595642,0.0,0.040209267288446426,0.0,1.0,7.8,0.681,True,True,False
8.547791242599487,stop_after_005,0.5477912425994873,0.0,0.0,0.0,0.003272492347489368,-0.17780541754692233,0.5421428989007386,-2.23,-1.07,9.75,0.9970000000000001,0.8434575200080872,0.0,0.04562183469533921,1.0,1.0,7.8,0.681,True,True,False
8.568161249160767,stop_after_005,0.5681612491607666,0.0,0.0,0.0,0.03381575425739013,-0.07635815477475191,-0.05672320068981571,-2.02,-1.24,7.96,0.9970000000000001,0.8661996722221375,0.0,0.04000324755907059,1.0,1.0,7.8,0.681,True,True,False
8.588612079620361,stop_after_005,0.5886120796203613,0.0,0.0,0.0,0.0719948316447661,-0.11562806294462433,-0.3643374813538163,0.39,0.58,7.62,1.074,0.9006765484809875,0.0,0.021722085773944855,1.0,1.0,7.8,0.681,True,True,False
8.609095335006714,stop_after_005,0.6090953350067139,0.0,0.0,0.0,0.13853550937704992,0.04036073895236887,-0.6981317007977318,0.39,0.58,7.62,0.537,0.9257673621177673,0.0,0.02447739988565445,1.0,1.0,7.8,0.681,True,True,False
8.629486799240112,stop_after_005,0.6294867992401123,0.0,0.0,0.0,0.2203478180642841,0.1461713248545251,-0.8432121948697605,0.39,0.58,7.62,0.537,0.9375479817390442,0.0,0.01010168343782425,1.0,1.0,7.8,0.31600000000000006,True,True,False
8.64986777305603,stop_after_005,0.6498677730560303,0.0,0.0,0.0,0.26398104936414235,0.23452861823673804,-0.6206827152404835,-0.86,-0.24,9.22,0.6899999999999998,0.9266270995140076,0.0,0.014977296814322472,1.0,1.0,7.8,0.31600000000000006,True,True,False
8.670310497283936,stop_after_005,0.6703104972839355,0.0,0.0,0.0,0.2617993877991494,0.2716168648416175,-0.2181661564992912,-1.48,-1.52,7.59,0.767,0.9029794931411743,0.0,0.01973017305135727,1.0,1.0,7.8,0.31600000000000006,True,True,False
8.690699815750122,stop_after_005,0.6906998157501221,0.0,0.0,0.0,0.05672320068981571,0.08617563181722002,0.5246896063807953,-1.48,-1.52,7.59,0.9210000000000002,0.8803536295890808,0.0,0.027540870010852814,1.0,1.0,7.8,0.31600000000000006,True,True,False
8.711127281188965,stop_after_005,0.7111272811889648,0.0,0.0,0.0,-0.05890486225480862,0.23343778745424157,1.1857330605736476,-0.44,-2.19,8.700000000000001,0.537,0.8236876130104065,0.0,0.0349617674946785,1.0,1.0,7.8,0.31600000000000006,True,True,False
8.731502056121826,stop_after_005,0.7315020561218262,0.0,0.0,0.0,-0.14508049407202864,0.23234695667174513,1.016654289286697,-2.34,2.2800000000000002,7.97,0.537,0.8491997122764587,0.0,0.013250946998596191,1.0,1.0,7.8,0.31600000000000006,True,True,False
8.751979112625122,stop_after_005,0.7519791126251221,0.0,0.0,0.0,-0.28361600344907856,0.2999784651865254,0.5443245604657315,-1.87,1.56,8.82,0.767,0.8675847053527832,0.0,0.014268619939684868,1.0,1.0,7.8,0.31600000000000006,True,True,False
8.77234935760498,stop_after_005,0.7723493576049805,0.0,0.0,0.0,-0.38288160465625604,0.23671027980173096,0.09926560120717749,-1.77,1.81,9.18,0.844,0.8861647248268127,0.0,0.010384656488895416,1.0,1.0,7.8,0.31600000000000006,True,True,False
8.792756795883179,stop_after_005,0.7927567958831787,0.0,0.0,0.0,-0.4276056667386107,0.08072147790473774,-0.2650718801466388,-2.13,0.29,9.74,0.767,0.8983227610588074,0.0,0.01389552652835846,1.0,1.0,7.8,0.31600000000000006,True,True,False
8.813128471374512,stop_after_005,0.8131284713745117,0.0,0.0,0.0,-0.33597588100890846,-0.039269908169872414,-0.5737769915931359,-2.0100000000000002,0.09,9.52,0.6899999999999998,0.9076648950576782,0.0,0.014465391635894775,1.0,1.0,7.8,0.31600000000000006,True,True,False
8.83367657661438,stop_after_005,0.8336765766143799,0.0,0.0,0.0,-0.1908953869368798,-0.16689710972195776,-0.7046766854927106,-1.43,-2.43,8.58,0.307,0.909958004951477,0.0,0.008566305041313171,1.0,1.0,7.8,0.199,True,True,False
8.856508731842041,stop_after_005,0.856508731842041,0.0,0.0,0.0,-0.05345070834232634,-0.2454369260617026,-0.4232423436086249,-0.9400000000000001,-2.94,9.14,0.46,0.9134552478790283,0.0,0.008133433759212494,1.0,1.0,7.8,0.199,True,True,False
8.876917600631714,stop_after_005,0.8769176006317139,0.0,0.0,0.0,-0.08399397025222712,-0.284706834231575,0.14944381720201447,-0.54,-1.68,8.55,0.384,0.9112802147865295,0.0,0.015653245151042938,1.0,1.0,7.8,0.199,True,True,False
8.897303104400635,stop_after_005,0.8973031044006348,0.0,0.0,0.0,-0.08399397025222712,-0.284706834231575,0.14944381720201447,-0.8200000000000001,-1.97,9.39,0.23,0.90982985496521,0.0,0.001058986410498619,1.0,1.0,7.8,0.199,True,True,False
8.917711019515991,stop_after_005,0.9177110195159912,0.0,0.0,0.0,-0.061086523819801536,-0.2825251726665821,0.2203478180642841,-1.05,-2.66,9.44,0.077,0.9036852717399597,0.0,0.003365849144756794,1.0,1.0,7.8,0.199,True,True,False
8.93812894821167,stop_after_005,0.9381289482116699,0.0,0.0,0.0,0.002181661564992912,-0.13744467859455345,0.47669305195095124,-0.67,-0.29,8.27,0.153,0.8953095078468323,0.0,0.017220795154571533,1.0,1.0,7.8,0.199,True,True,False
8.958545446395874,stop_after_005,0.958545446395874,0.0,0.0,0.0,-0.17780541754692233,-0.22689280275926285,0.21598449493429828,-0.49,-0.66,9.23,0.153,0.8971383571624756,0.0,0.01490524411201477,1.0,1.0,7.8,0.199,True,True,False
8.978920698165894,stop_after_005,0.9789206981658936,0.0,0.0,0.0,-0.2007128639793479,-0.22580197197676638,0.1461713248545251,-0.71,-0.86,9.71,0.153,0.9006601572036743,0.0,0.0016106963157653809,1.0,1.0,7.8,0.199,True,True,False
8.999294996261597,stop_after_005,0.9992949962615967,0.0,0.0,0.0,-0.1712604328519436,-0.20289452554434081,0.1461713248545251,-0.96,-1.04,8.66,0.23,0.902199387550354,0.0,0.00478459894657135,1.0,1.0,7.8,0.199,True,True,False
9.01965594291687,stop_after_005,1.0196559429168701,0.0,0.0,0.0,-0.10471975511965978,-0.2203478180642841,0.10581058590215622,-0.93,-0.9500000000000001,8.83,0.077,0.9057970643043518,0.0,0.0031243562698364258,1.0,1.0,7.8,0.199,True,True,False
9.040027618408203,stop_after_005,1.0400276184082031,0.0,0.0,0.0,-0.16907877128695067,-0.284706834231575,-0.007635815477475192,-0.46,-1.57,9.41,0.153,0.9067469835281372,0.0,0.0074183642864227295,1.0,1.0,7.8,0.192,True,True,False
9.060404777526855,stop_after_005,1.0604047775268555,0.0,0.0,0.0,-0.11453723216212788,-0.20289452554434081,0.05126904677733343,-0.63,-1.57,8.93,0.077,0.9069834351539612,0.0,0.006459198892116547,1.0,1.0,7.8,0.192,True,True,False
9.08079195022583,stop_after_005,1.08079195022583,0.0,0.0,0.0,-0.09926560120717749,-0.2552544031041707,0.08072147790473774,-0.67,-1.61,9.19,0.153,0.9089290499687195,0.0,0.0015508830547332764,1.0,1.0,7.8,0.192,True,True,False
9.101163625717163,stop_after_005,1.101163625717163,0.0,0.0,0.0,-0.11780972450961724,-0.2617993877991494,0.06544984694978735,-0.73,-1.6,9.27,0.23,0.9099522829055786,0.0,0.0011937767267227173,1.0,1.0,7.8,0.192,True,True,False
9.121597051620483,stop_after_005,1.1215970516204834,0.0,0.0,0.0,-0.13962634015954636,-0.2792526803190927,0.14180800172453928,-0.32,-1.51,9.120000000000001,0.23,0.9091667532920837,0.0,0.0024483725428581238,1.0,1.0,7.8,0.192,True,True,False
9.141968250274658,stop_after_005,1.1419682502746582,0.0,0.0,0.0,-0.1439896632895322,-0.2912518189265537,0.17235126363444003,-0.03,-1.08,9.05,0.0,0.9091494083404541,0.0,0.0012509748339653015,1.0,1.0,7.8,0.192,True,True,False
9.162396430969238,stop_after_005,1.1623964309692383,0.0,0.0,0.0,-0.12871803233458182,-0.32834006553143325,0.2083486794568231,0.0,-1.08,9.28,0.23,0.9104236960411072,0.0,0.0015195831656455994,1.0,1.0,7.8,0.192,True,True,False
9.182863473892212,stop_after_005,1.182863473892212,0.0,0.0,0.0,-0.11562806294462433,-0.28688849579656794,0.20180369476184434,-0.56,-1.04,9.540000000000001,0.153,0.9120047092437744,0.0,0.0043890029191970825,1.0,1.0,7.8,0.192,True,True,False
9.203278064727783,stop_after_005,1.2032780647277832,0.0,0.0,0.0,-0.12762720155208535,-0.1734420944169365,0.1505346479845109,-0.5700000000000001,-1.05,9.17,0.0,0.9105457663536072,0.0,0.005457177758216858,1.0,1.0,7.8,0.192,True,True,False
9.223781108856201,stop_after_005,1.2237811088562012,0.0,0.0,0.0,-0.15162547876700738,-0.14944381720201447,0.002181661564992912,0.13,-1.76,9.15,0.0,0.9104424715042114,0.0,0.006278373301029205,1.0,1.0,7.8,0.192,True,True,False
9.244176149368286,stop_after_005,1.2441761493682861,0.0,0.0,0.0,-0.1538071403320003,-0.14180800172453928,0.001090830782496456,-0.03,-1.92,9.18,0.077,0.9113709330558777,0.0,0.002115115523338318,1.0,1.0,7.9,0.20700000000000002,True,True,False
9.26526427268982,stop_after_005,1.2652642726898193,0.0,0.0,0.0,-0.13853550937704992,-0.21489366415180183,0.06763150851478027,-0.15,-1.93,9.200000000000001,0.0,0.9130051136016846,0.0,0.0018724054098129272,1.0,1.0,7.9,0.20700000000000002,True,True,False
9.285648345947266,stop_after_005,1.2856483459472656,0.0,0.0,0.0,-0.12544553998709243,-0.23343778745424157,0.050178215994836975,-0.3,-1.87,9.21,0.153,0.9142335057258606,0.0,0.0017617270350456238,1.0,1.0,7.9,0.20700000000000002,True,True,False
9.306066036224365,stop_after_005,1.3060660362243652,0.0,0.0,0.0,-0.09490227807719166,-0.23452861823673804,0.018544123302439753,0.05,-1.51,9.25,0.0,0.9148690104484558,0.0,0.003054186701774597,1.0,1.0,7.9,0.20700000000000002,True,True,False
9.326596975326538,stop_after_005,1.326596975326538,0.0,0.0,0.0,-0.06326818538479445,-0.21707532571679475,-0.004363323129985824,0.49,-1.42,9.290000000000001,0.077,0.9142991304397583,0.0,0.0021573062986135483,1.0,1.0,7.9,0.20700000000000002,True,True,False
9.346992254257202,stop_after_005,1.3469922542572021,0.0,0.0,0.0,-0.0719948316447661,-0.21489366415180183,-0.032724923474893676,0.25,-1.37,9.01,0.077,0.9136708974838257,0.0,0.001436568796634674,1.0,1.0,7.9,0.20700000000000002,True,True,False
9.36748480796814,stop_after_005,1.3674848079681396,0.0,0.0,0.0,-0.0545415391248228,-0.16689710972195776,-0.03381575425739013,0.01,-1.6,9.44,0.0,0.911608874797821,0.0,0.0015873387455940247,1.0,1.0,7.9,0.20700000000000002,True,True,False
9.388143301010132,stop_after_005,1.3881433010101318,0.0,0.0,0.0,-0.06435901616729091,-0.1439896632895322,-0.039269908169872414,0.37,-1.51,8.86,0.077,0.9092779159545898,0.0,0.0021736323833465576,1.0,1.0,7.9,0.20700000000000002,True,True,False
9.408506870269775,stop_after_005,1.4085068702697754,0.0,0.0,0.0,-0.07963064712224129,-0.09599310885968812,-0.019634954084936207,0.22,-1.75,9.3,0.077,0.9055646061897278,0.0,0.0022831857204437256,1.0,1.0,7.9,0.20700000000000002,True,True,False
9.428971290588379,stop_after_005,1.428971290588379,0.0,0.0,0.0,-0.06435901616729091,-0.08617563181722002,-0.001090830782496456,0.21,-1.85,9.63,0.077,0.9032883048057556,0.0,0.0007340908050537109,1.0,1.0,7.9,0.20700000000000002,True,True,False
9.449355125427246,stop_after_005,1.449355125427246,0.0,0.0,0.0,-0.06981317007977318,-0.09708393964218458,0.01090830782496456,0.19,-1.74,8.77,0.0,0.9022390246391296,0.0,0.0011132657527923584,1.0,1.0,7.9,0.18400000000000002,True,True,False
9.46973729133606,stop_after_005,1.4697372913360596,0.0,0.0,0.0,-0.04799655442984406,-0.08290313946973066,0.01090830782496456,-0.03,-2.14,9.44,0.0,0.9015811085700989,0.0,0.0008371472358703613,1.0,1.0,7.9,0.18400000000000002,True,True,False
9.490111589431763,stop_after_005,1.4901115894317627,0.0,0.0,0.0,-0.03381575425739013,-0.06654067773228381,0.009817477042468103,0.3,-1.73,9.23,0.0,0.9020622372627258,0.0,0.001986496150493622,1.0,1.0,7.9,0.18400000000000002,True,True,False
9.510506629943848,stop_after_005,1.5105066299438477,0.0,0.0,0.0,-0.028361600344907856,-0.039269908169872414,-0.044724062082354694,0.38,-1.9100000000000001,9.23,0.077,0.9029053449630737,0.0,0.0007027536630630493,1.0,1.0,7.9,0.18400000000000002,True,True,False
9.530881404876709,stop_after_005,1.530881404876709,0.0,0.0,0.0,0.014180800172453928,-0.04908738521234052,-0.04908738521234052,0.3,-2.0,9.41,0.0,0.9047484993934631,0.0,0.0007690936326980591,1.0,1.0,7.9,0.18400000000000002,True,True,False
9.551355838775635,stop_after_005,1.5513558387756348,0.0,0.0,0.0,0.006544984694978736,-0.025089107997418487,-0.03599741582238305,0.34,-1.81,9.01,0.0,0.9046995043754578,0.0,0.002107366919517517,1.0,1.0,7.9,0.18400000000000002,True,True,False
9.571731567382812,stop_after_005,1.5717315673828125,0.0,0.0,0.0,0.004363323129985824,-0.009817477042468103,-0.014180800172453928,0.35000000000000003,-1.76,9.3,0.0,0.9052191376686096,0.0,0.0018180161714553833,1.0,1.0,7.9,0.18400000000000002,True,True,False
9.592113256454468,stop_after_005,1.5921132564544678,0.0,0.0,0.0,0.006544984694978736,0.00545415391248228,0.017453292519943295,0.43,-1.71,9.15,0.0,0.9049824476242065,0.0,0.0020695552229881287,1.0,1.0,7.9,0.18400000000000002,True,True,False
9.612534523010254,stop_after_005,1.612534523010254,0.0,0.0,0.0,0.006544984694978736,0.014180800172453928,0.050178215994836975,0.26,-1.61,9.200000000000001,0.077,0.9055702686309814,0.0,0.0017630606889724731,1.0,1.0,7.9,0.18400000000000002,True,True,False
9.633024215698242,stop_after_005,1.6330242156982422,0.0,0.0,0.0,0.002181661564992912,0.02399827721492203,0.050178215994836975,0.15,-1.6,9.370000000000001,0.0,0.9061427116394043,0.0,0.0009335353970527649,1.0,1.0,7.9,0.18400000000000002,True,True,False
9.653510093688965,stop_after_005,1.6535100936889648,0.0,0.0,0.0,0.003272492347489368,0.04145156973486533,0.037088246604879506,0.12,-1.6,9.13,0.0,0.9064792394638062,0.0,0.0010220706462860107,1.0,1.0,7.9,0.265,True,True,False
9.673893451690674,stop_after_005,1.6738934516906738,0.0,0.0,0.0,-0.00545415391248228,0.050178215994836975,0.022907446432425576,0.21,-1.6600000000000001,9.17,0.0,0.907053530216217,0.0,0.0011837482452392578,1.0,1.0,7.9,0.265,True,True,False
9.694350481033325,stop_after_005,1.6943504810333252,0.0,0.0,0.0,-0.007635815477475192,0.039269908169872414,0.008726646259971648,0.06,-1.83,9.19,0.0,0.9080458283424377,0.0,0.0019012987613677979,1.0,1.0,7.9,0.265,True,True,False
9.715106010437012,stop_after_005,1.7151060104370117,0.0,0.0,0.0,0.00545415391248228,0.02399827721492203,0.018544123302439753,-0.02,-1.83,9.09,0.0,0.9091996550559998,0.0,0.0010883286595344543,1.0,1.0,7.9,0.265,True,True,False
9.735525608062744,stop_after_005,1.7355256080627441,0.0,0.0,0.0,0.00545415391248228,0.011999138607461015,0.028361600344907856,-0.01,-1.77,9.19,0.0,0.9104514718055725,0.0,0.000764600932598114,1.0,1.0,7.9,0.265,True,True,False
9.755908966064453,stop_after_005,1.7559089660644531,0.0,0.0,0.0,0.001090830782496456,-0.002181661564992912,0.015271630954950384,0.1,-1.67,9.14,0.0,0.9115544557571411,0.0,0.0007739067077636719,1.0,1.0,7.9,0.265,True,True,False
9.7763032913208,stop_after_005,1.7763032913208008,0.0,0.0,0.0,0.007635815477475192,-0.00545415391248228,0.001090830782496456,0.11,-1.6400000000000001,9.18,0.0,0.9128276109695435,0.0,0.0008659809827804565,1.0,1.0,7.9,0.265,True,True,False
9.796717166900635,stop_after_005,1.7967171669006348,0.0,0.0,0.0,0.009817477042468103,-0.013089969389957472,-0.018544123302439753,0.05,-1.68,9.15,0.0,0.913772702217102,0.0,0.0011497735977172852,1.0,1.0,7.9,0.265,True,True,False
9.817101001739502,stop_after_005,1.817101001739502,0.0,0.0,0.0,0.00545415391248228,-0.014180800172453928,-0.028361600344907856,0.14,-1.61,9.17,0.0,0.9142466187477112,0.0,0.0007995888590812683,1.0,1.0,7.9,0.265,True,True,False
9.837703466415405,stop_after_005,1.8377034664154053,0.0,0.0,0.0,0.002181661564992912,-0.01090830782496456,-0.006544984694978736,0.18,-1.6,9.200000000000001,0.0,0.9136833548545837,0.0,0.0012159273028373718,1.0,1.0,7.9,0.265,True,True,False
9.85809063911438,stop_after_005,1.8580906391143799,0.0,0.0,0.0,-0.007635815477475192,-0.017453292519943295,0.004363323129985824,0.17,-1.58,9.25,0.0,0.912580132484436,0.0,0.0010055899620056152,1.0,1.0,7.8,0.232,True,True,False
9.878488302230835,stop_after_005,1.878488302230835,0.0,0.0,0.0,-0.006544984694978736,-0.016362461737446838,0.011999138607461015,0.14,-1.61,9.14,0.0,0.9108942151069641,0.0,0.0010946840047836304,1.0,1.0,7.8,0.232,True,True,False
9.898864030838013,stop_after_005,1.8988640308380127,0.0,0.0,0.0,-0.016362461737446838,-0.008726646259971648,-0.004363323129985824,0.16,-1.75,9.22,0.0,0.9088313579559326,0.0,0.0012155920267105103,1.0,1.0,7.8,0.232,True,True,False
9.919458627700806,stop_after_005,1.9194586277008057,0.0,0.0,0.0,-0.01090830782496456,-0.01090830782496456,-0.008726646259971648,0.16,-1.82,9.11,0.0,0.9068852663040161,0.0,0.0010456293821334839,1.0,1.0,7.8,0.232,True,True,False
9.9398353099823,stop_after_005,1.9398353099822998,0.0,0.0,0.0,-0.01090830782496456,-0.009817477042468103,-0.007635815477475192,0.15,-1.8900000000000001,9.17,0.0,0.9047284126281738,0.0,0.0009531080722808838,1.0,1.0,7.8,0.232,True,True,False
9.960208177566528,stop_after_005,1.9602081775665283,0.0,0.0,0.0,-0.004363323129985824,-0.011999138607461015,0.001090830782496456,0.19,-1.74,9.18,0.0,0.903247058391571,0.0,0.000906527042388916,1.0,1.0,7.8,0.232,True,True,False
9.980664253234863,stop_after_005,1.9806642532348633,0.0,0.0,0.0,0.001090830782496456,-0.013089969389957472,0.003272492347489368,0.18,-1.72,9.19,0.0,0.9020965099334717,0.0,0.0009285882115364075,1.0,1.0,7.8,0.232,True,True,False
10.001461505889893,forward_010,0.0014615058898925781,0.1,0.0,0.0,0.004363323129985824,-0.006544984694978736,-0.003272492347489368,0.21,-1.67,9.200000000000001,0.0,0.7863209843635559,0.0,0.18828894197940826,1.0,1.0,7.8,0.232,True,True,False
10.0221586227417,forward_010,0.02215862274169922,0.1,0.0,0.0,0.004363323129985824,0.0,-0.006544984694978736,0.19,-1.6400000000000001,9.17,0.0,0.9014955163002014,0.0,0.07243534550070763,1.0,1.0,7.8,0.232,True,True,False
10.042595386505127,forward_010,0.04259538650512695,0.1,0.0,0.0,0.003272492347489368,0.00545415391248228,-0.003272492347489368,0.22,-1.6500000000000001,9.18,0.23,0.9287805557250977,0.0,0.13830028101801872,1.0,1.0,7.8,0.232,True,True,False
10.063001155853271,forward_010,0.06300115585327148,0.1,0.0,0.0,-0.001090830782496456,0.009817477042468103,0.006544984694978736,0.21,-1.6600000000000001,9.16,1.381,0.8729313015937805,0.0,0.10777628421783447,1.0,1.0,6.9,2.9880000000000004,True,True,False
10.083380222320557,forward_010,0.08338022232055664,0.1,0.0,0.0,0.04145156973486533,0.04581489286485115,-0.02181661564992912,0.21,-1.6600000000000001,9.16,1.995,0.9140962958335876,0.0,0.08207619935274124,1.0,1.0,6.9,2.9880000000000004,True,True,False
10.103771448135376,forward_010,0.10377144813537598,0.1,0.0,0.0,0.5705044992456465,0.41996985126113556,-0.2792526803190927,0.21,-1.6600000000000001,9.16,2.532,0.9363288879394531,0.0,0.05650031007826328,1.0,1.0,6.9,2.9880000000000004,True,True,False
10.124275207519531,forward_010,0.12427520751953125,0.1,0.0,0.0,1.2697270308258748,0.7450374244450795,-0.9621127501618741,0.21,-1.6600000000000001,9.16,2.915,0.9410434365272522,0.0,0.10027313604950905,0.0,1.0,6.9,2.9880000000000004,True,True,False
10.144641399383545,forward_010,0.14464139938354492,0.1,0.0,0.0,1.313360262125733,0.9522952731194061,-1.6275195274847123,1.6600000000000001,-4.09,9.57,2.992,0.7631653547286987,0.0,0.18542702123522758,1.0,1.0,6.9,2.9880000000000004,True,True,False
10.165132999420166,forward_010,0.16513299942016602,0.1,0.0,0.0,1.2370021073509812,0.8399397025222711,-2.0060378090109827,1.6600000000000001,-4.09,9.57,2.532,0.9498626589775085,0.0,0.15784721076488495,1.0,1.0,6.9,2.9880000000000004,True,True,False
10.18817663192749,forward_010,0.18817663192749023,0.1,0.0,0.0,1.6951510359994926,0.7843073326149519,-1.714785990084429,-2.2800000000000002,-3.63,8.53,1.688,0.9733821749687195,0.07142857142857142,0.16099157091230154,1.0,0.0,6.9,2.9880000000000004,True,True,False
10.208574056625366,forward_010,0.2085740566253662,0.1,0.0,0.0,2.1347558413455645,0.6359543461954338,-1.4224433403753787,-2.2800000000000002,-3.63,8.53,2.225,0.8199858665466309,0.0,0.10566529631614685,1.0,0.0,6.9,2.9880000000000004,True,True,False
10.229003190994263,forward_010,0.2290031909942627,0.1,0.0,0.0,1.1377365061438036,0.5137812985558308,-1.8795014382413937,-0.25,-2.95,6.45,2.455,0.8724397420883179,0.0,0.09135652706027031,1.0,0.0,6.9,2.9880000000000004,True,True,False
10.249505043029785,forward_010,0.24950504302978516,0.1,0.0,0.0,-0.06217735460229799,-0.09817477042468103,-2.165299103255465,-0.25,-2.95,6.45,2.8389999999999995,0.9014662504196167,0.0,0.07556106895208359,1.0,0.0,6.9,2.9880000000000004,True,True,False
10.269888877868652,forward_010,0.26988887786865234,0.1,0.0,0.0,-0.22689280275926285,-0.8017606251348951,-0.5759586531581288,-1.98,-3.68,5.75,2.225,0.9428008794784546,0.0,0.22744294255971909,1.0,0.0,7.7,0.6040000000000001,True,True,False
10.29096245765686,forward_010,0.29096245765686035,0.1,0.0,0.0,-0.18435040224190105,-1.1039207518864134,1.1442814908387824,-1.98,-3.68,5.75,1.458,0.984641969203949,0.21428571428571427,0.13129106536507607,1.0,0.0,7.7,0.6040000000000001,True,True,False
10.311334609985352,forward_010,0.31133460998535156,0.1,0.0,0.0,-1.0221084431991792,-1.3766284475105275,0.3839724354387525,-1.98,-3.68,5.75,1.381,0.9780908823013306,0.2857142857142857,0.11760497465729713,1.0,1.0,7.7,0.6040000000000001,True,True,False
10.331788301467896,forward_010,0.3317883014678955,0.1,0.0,0.0,-1.3864459245529954,-1.1519173063162575,-0.8279405639148101,4.55,4.54,6.140000000000001,1.995,0.9483329653739929,0.0,0.18138045445084572,1.0,1.0,7.7,0.6040000000000001,True,True,False
10.352184057235718,forward_010,0.3521840572357178,0.1,0.0,0.0,-1.6373370045271805,-1.088649120931463,-1.2642728769133924,4.55,4.54,6.140000000000001,2.992,0.9574158191680908,0.07142857142857142,0.12732375040650368,1.0,1.0,7.7,0.6040000000000001,True,True,False
10.372720956802368,forward_010,0.37272095680236816,0.1,0.0,0.0,-1.6373370045271805,-1.088649120931463,-1.2642728769133924,4.55,4.54,6.140000000000001,2.915,0.9712625741958618,0.07142857142857142,0.0837225615978241,1.0,1.0,7.7,0.6040000000000001,True,True,False
10.3931303024292,forward_010,0.3931303024291992,0.1,0.0,0.0,-0.2301652951067522,-0.4265148359561143,-0.13308135546456762,4.55,4.54,6.140000000000001,2.302,0.953757643699646,0.07142857142857142,0.22558654844760895,1.0,1.0,7.7,0.6040000000000001,True,True,False
10.413552045822144,forward_010,0.41355204582214355,0.1,0.0,0.0,-0.2203478180642841,-0.32615840396644036,-0.13853550937704992,4.55,4.54,6.140000000000001,1.765,0.963601291179657,0.14285714285714285,0.1994129680097103,1.0,1.0,7.7,0.6040000000000001,True,True,False
10.433937788009644,forward_010,0.43393778800964355,0.1,0.0,0.0,0.11780972450961724,-0.9882926889417891,-0.433059820651093,4.55,4.54,6.140000000000001,2.148,0.989881694316864,0.21428571428571427,0.07263898104429245,1.0,1.0,7.7,0.6040000000000001,True,True,False
10.454304456710815,forward_010,0.45430445671081543,0.1,0.0,0.0,0.9021170571245691,-1.1922780452686264,-0.7930339788749234,3.2600000000000002,-1.8900000000000001,8.09,1.995,0.9891703128814697,0.21428571428571427,0.09414478950202465,1.0,1.0,7.7,0.6040000000000001,True,True,False
10.474678993225098,forward_010,0.47467899322509766,0.1,0.0,0.0,1.0231992739816758,-1.387536755335492,-0.8639379797371931,1.9100000000000001,-0.77,7.2,1.765,0.9645935297012329,0.14285714285714285,0.09210718423128128,1.0,1.0,7.7,0.702,True,True,False
10.49542236328125,forward_010,0.49542236328125,0.1,0.0,0.0,0.940296134511945,-0.9446594576419308,-1.040652566501619,-1.8800000000000001,-3.11,7.12,1.381,0.9212878942489624,0.0,0.1198287270963192,1.0,1.0,7.7,0.702,True,True,False
10.515831708908081,forward_010,0.515831708908081,0.1,0.0,0.0,0.27379852640661045,-0.7483099167925688,-1.399535893942953,-0.13,-1.51,8.3,1.688,0.8462122678756714,0.0,0.06980302929878235,1.0,0.0,7.7,0.702,True,True,False
10.536292552947998,forward_010,0.536292552947998,0.1,0.0,0.0,-0.2825251726665821,-1.0962849364089382,-1.6406094968746698,1.71,0.38,7.07,1.918,0.6175762414932251,0.0,0.12903594691306353,1.0,0.0,7.7,0.702,True,True,False
10.556752443313599,forward_010,0.5567524433135986,0.1,0.0,0.0,-0.6763150851478027,-0.7112216701876893,-1.2642728769133924,1.79,0.12,5.93,1.841,0.609348475933075,0.0,0.14024895429611206,1.0,1.0,7.7,0.702,True,True,False
10.577356338500977,forward_010,0.5773563385009766,0.1,0.0,0.0,-0.41015237421866746,-0.6752242543653062,-0.1189005552921137,-0.48,0.28,8.03,2.302,0.6699817776679993,0.0,0.14099343866109848,1.0,1.0,7.7,0.702,True,True,False
10.59794282913208,forward_010,0.5979428291320801,0.1,0.0,0.0,-0.4603305902135044,-0.44505895925855404,0.23889194136672387,-0.48,0.28,8.03,2.225,0.7075381278991699,0.0,0.20278999954462051,1.0,1.0,7.7,0.702,True,True,False
10.618331670761108,forward_010,0.6183316707611084,0.1,0.0,0.0,-0.5923211148955756,0.5159629601208237,-0.3119776037939864,-0.48,0.28,8.03,1.765,0.8781029582023621,0.0,0.13782819500193,0.0,1.0,7.7,0.702,True,True,False
10.639265060424805,forward_010,0.6392650604248047,0.1,0.0,0.0,-0.433059820651093,0.9152070265145266,-0.3294308963139297,-0.48,0.28,8.03,1.918,0.7879781126976013,0.0,0.07710373401641846,0.0,1.0,7.7,0.702,True,True,False
10.659706830978394,forward_010,0.6597068309783936,0.1,0.0,0.0,0.5530512067257032,1.4431691252428112,0.44724062082354693,-0.48,0.28,8.03,1.841,0.7341341376304626,0.0,0.09868829697370529,0.0,1.0,7.7,0.702,True,True,False
10.68019700050354,forward_010,0.68019700050354,0.1,0.0,0.0,0.5705044992456465,1.1999138607461015,0.4188790204786391,6.67,-1.99,8.43,2.455,0.7089346647262573,0.0,0.11254134122282267,0.0,1.0,7.6,0.827,True,True,False
10.70117449760437,forward_010,0.7011744976043701,0.1,0.0,0.0,0.7144941625351786,0.2203478180642841,0.0719948316447661,6.0,-1.48,3.22,2.148,0.9478188157081604,0.0,0.13000399619340897,1.0,1.0,7.6,0.827,True,True,False
10.722987174987793,forward_010,0.722987174987793,0.1,0.0,0.0,0.40033489717619936,0.17780541754692233,-0.3861540970037454,3.83,-1.86,5.28,1.227,0.9288961291313171,0.0,0.1435473933815956,1.0,0.0,7.6,0.827,True,True,False
10.743533849716187,forward_010,0.7435338497161865,0.1,0.0,0.0,0.7363107781851078,0.04363323129985824,0.21707532571679475,3.83,-1.86,5.28,0.9210000000000002,0.9485246539115906,0.0,0.13363003265112638,1.0,1.0,7.6,0.827,True,True,False
10.764068126678467,forward_010,0.7640681266784668,0.1,0.0,0.0,-0.27707101875409984,-0.15162547876700738,0.6752242543653062,3.83,-1.86,5.28,1.304,0.9785318970680237,0.07142857142857142,0.11000775918364525,1.0,1.0,7.6,0.827,True,True,False
10.784589767456055,forward_010,0.7845897674560547,0.1,0.0,0.0,-0.545415391248228,-0.09817477042468103,0.11780972450961724,1.03,2.87,6.55,1.074,0.9587687253952026,0.07142857142857142,0.05476900935173035,1.0,1.0,7.6,0.827,True,True,False
10.805130243301392,forward_010,0.8051302433013916,0.1,0.0,0.0,-0.5323254218582705,0.07090400086226964,-0.28688849579656794,1.03,2.87,6.55,0.844,0.957547128200531,0.07142857142857142,0.049579963088035583,1.0,1.0,7.6,0.827,True,True,False
10.82550859451294,forward_010,0.8255085945129395,0.1,0.0,0.0,0.2825251726665821,0.33488505022641196,-0.3567016658763411,2.15,3.49,9.28,0.9970000000000001,0.949765682220459,0.0,0.041387501172721386,1.0,1.0,7.6,0.827,True,True,False
10.845906734466553,forward_010,0.8459067344665527,0.1,0.0,0.0,-0.346884188833873,0.7003133623627247,-1.2217304763960306,1.02,-1.28,6.45,1.534,0.9371933937072754,0.0,0.07080826023593545,1.0,1.0,7.6,0.827,True,True,False
10.86636233329773,forward_010,0.8663623332977295,0.1,0.0,0.0,-0.8006697943523987,0.96647607329186,-1.6896968820870102,-2.29,-1.76,7.88,1.841,0.9104553461074829,0.0,0.07295585796236992,1.0,1.0,7.6,0.827,True,True,False
10.88673448562622,forward_010,0.8867344856262207,0.1,0.0,0.0,-1.040652566501619,0.44833145160604343,-0.9326603190344699,-2.29,-1.76,7.88,1.458,0.933331310749054,0.0,0.050592005252838135,1.0,1.0,7.6,0.8820000000000001,True,True,False
10.90736436843872,forward_010,0.9073643684387207,0.1,0.0,0.0,-0.5323254218582705,0.9162978572970231,0.19525871006686563,0.79,-2.11,8.91,1.6110000000000002,0.8951244950294495,0.0,0.073853250592947,1.0,1.0,7.6,0.8820000000000001,True,True,False
10.927812337875366,forward_010,0.9278123378753662,0.1,0.0,0.0,-0.46687557490848314,0.918479518862016,1.2304571226560024,0.79,-2.11,8.91,1.534,0.9022544026374817,0.0,0.05074876919388771,1.0,1.0,7.6,0.8820000000000001,True,True,False
10.948298215866089,forward_010,0.9482982158660889,0.1,0.0,0.0,-0.21271200258680892,1.0951941056264418,2.3954643983622175,1.6300000000000001,-2.66,9.65,1.227,0.8078628182411194,0.0,0.07596344873309135,1.0,1.0,7.6,0.8820000000000001,True,True,False
10.968756437301636,forward_010,0.9687564373016357,0.1,0.0,0.0,-0.05672320068981571,0.9217520112095053,2.8579766501407144,1.4000000000000001,-3.7600000000000002,9.64,1.151,0.6771652698516846,0.0,0.13759296759963036,1.0,1.0,7.6,0.8820000000000001,True,True,False
10.990111112594604,forward_010,0.9901111125946045,0.1,0.0,0.0,0.13962634015954636,0.8410305333047675,2.808889264928374,0.45,-2.84,8.65,1.074,0.836846113204956,0.0,0.0828792080283165,0.0,1.0,7.6,0.8820000000000001,True,True,False
11.012544631958008,forward_010,1.0125446319580078,0.1,0.0,0.0,0.3643374813538163,0.9381144729469522,2.664899601638842,0.9,0.98,9.17,1.841,0.8501800894737244,0.0,0.0723552443087101,0.0,1.0,7.6,0.8820000000000001,True,True,False
11.0356764793396,forward_010,1.0356764793395996,0.1,0.0,0.0,0.39051742013373125,0.8312130562622995,1.9362246389312094,0.9,0.98,9.17,2.455,0.8685362339019775,0.0,0.05017852550372481,0.0,1.0,7.6,0.8820000000000001,True,True,False
11.056111574172974,forward_010,1.0561115741729736,0.1,0.0,0.0,0.39051742013373125,0.8312130562622995,1.9362246389312094,0.25,1.28,4.42,1.995,0.8233146667480469,0.0,0.06698687234893441,0.0,1.0,7.6,0.8820000000000001,True,True,False
11.076534986495972,forward_010,1.0765349864959717,0.1,0.0,0.0,0.39051742013373125,0.8312130562622995,1.9362246389312094,0.25,1.28,4.42,1.151,0.8020129799842834,0.0,0.06398361176252365,0.0,1.0,7.6,0.8820000000000001,True,True,False
11.096994876861572,forward_010,1.0969948768615723,0.1,0.0,0.0,0.39051742013373125,0.8312130562622995,1.9362246389312094,0.25,1.28,4.42,0.9210000000000002,0.8487297296524048,0.0,0.06191209703683853,0.0,1.0,7.7,0.42800000000000005,True,True,False
11.117420434951782,forward_010,1.1174204349517822,0.1,0.0,0.0,0.39051742013373125,0.8312130562622995,1.9362246389312094,1.6600000000000001,-3.36,5.48,1.534,0.8969012498855591,0.0,0.10085929185152054,1.0,1.0,7.7,0.42800000000000005,True,True,False
11.137907981872559,forward_010,1.1379079818725586,0.1,0.0,0.0,0.39051742013373125,0.8312130562622995,1.9362246389312094,-1.68,-1.03,4.39,1.074,0.8883480429649353,0.0,0.09409451764076948,1.0,1.0,7.7,0.42800000000000005,True,True,False
11.158307790756226,forward_010,1.1583077907562256,0.1,0.0,0.0,0.39051742013373125,0.8312130562622995,1.9362246389312094,-1.68,-1.03,4.39,1.381,0.8513056635856628,0.0,0.03015783429145813,1.0,1.0,7.7,0.42800000000000005,True,True,False
11.179292678833008,forward_010,1.1792926788330078,0.1,0.0,0.0,1.261000384565903,-0.1265363707695889,-0.004363323129985824,-1.68,-1.03,4.39,1.227,0.9266547560691833,0.0,0.11091212928295135,1.0,1.0,7.7,0.42800000000000005,True,True,False
11.20024061203003,forward_010,1.2002406120300293,0.1,0.0,0.0,0.6959500392327389,0.8279405639148101,-0.6806784082777885,-1.68,-1.03,4.39,1.381,0.8846429586410522,0.0,0.11903546005487442,1.0,1.0,7.7,0.42800000000000005,True,True,False
11.220735788345337,forward_010,1.220735788345337,0.1,0.0,0.0,0.6883142237552637,0.5225079448158024,-1.2893619849108109,-2.71,4.21,8.71,1.765,0.8666550517082214,0.0,0.20174556225538254,1.0,1.0,7.7,0.42800000000000005,True,True,False
11.249587774276733,forward_010,1.2495877742767334,0.1,0.0,0.0,0.8988445647770797,0.5672320068981571,-1.3199052468207118,-3.2800000000000002,1.28,9.22,1.458,0.794675886631012,0.0,0.11214336007833481,1.0,1.0,7.7,0.42800000000000005,True,True,False
11.274001359939575,forward_010,1.2740013599395752,0.1,0.0,0.0,0.9632035809443706,0.631591023065448,-1.8609573149389538,-0.07,0.96,8.0,1.151,0.8834521174430847,0.0,0.109445720911026,1.0,0.0,7.7,0.42800000000000005,True,True,False
11.294399499893188,forward_010,1.2943994998931885,0.1,0.0,0.0,0.5159629601208237,0.7592182246175333,-2.0463985479633515,-0.6900000000000001,0.85,9.58,1.304,0.961871862411499,0.07142857142857142,0.07957916264422238,1.0,0.0,7.7,0.42800000000000005,True,True,False
11.314786672592163,forward_010,1.314786672592163,0.1,0.0,0.0,0.2999784651865254,0.24652775684419906,-1.1671889372712079,-1.21,1.26,9.200000000000001,2.915,0.9555462598800659,0.07142857142857142,0.07982713263481855,1.0,0.0,7.3,1.4210000000000003,True,True,False
11.338472604751587,forward_010,1.338472604751587,0.1,0.0,0.0,-0.29343348049154666,-0.016362461737446838,-0.5846852994181004,0.32,-0.6900000000000001,8.8,3.069,0.8893689513206482,0.0,0.07255727052688599,1.0,0.0,7.3,1.4210000000000003,True,True,False
11.359031677246094,forward_010,1.3590316772460938,0.1,0.0,0.0,-0.29343348049154666,-0.016362461737446838,-0.5846852994181004,0.07,0.59,2.79,3.2220000000000004,0.946502149105072,0.0,0.0572986975312233,1.0,0.0,7.3,1.4210000000000003,True,True,False
11.379443645477295,forward_010,1.379443645477295,0.1,0.0,0.0,-0.29343348049154666,-0.016362461737446838,-0.5846852994181004,-0.14,2.05,7.88,3.376,0.9438385963439941,0.0,0.04486342519521713,1.0,1.0,7.3,1.4210000000000003,True,True,False
11.399827480316162,forward_010,1.399827480316162,0.1,0.0,0.0,-0.29343348049154666,-0.016362461737446838,-0.5846852994181004,-0.14,2.05,7.88,3.069,0.9400096535682678,0.0,0.03761047124862671,1.0,1.0,7.3,1.4210000000000003,True,True,False
11.42025351524353,forward_010,1.4202535152435303,0.1,0.0,0.0,-0.29343348049154666,-0.016362461737446838,-0.5846852994181004,2.4,5.79,5.8500000000000005,1.534,0.8932552933692932,0.0,0.0716692078858614,0.0,1.0,7.3,1.4210000000000003,True,True,False
11.440623998641968,forward_010,1.4406239986419678,0.1,0.0,0.0,-0.29343348049154666,-0.016362461737446838,-0.5846852994181004,2.4,5.79,5.8500000000000005,1.304,0.8928425312042236,0.0,0.017325378954410553,0.0,1.0,7.3,1.4210000000000003,True,True,False
11.46114730834961,forward_010,1.4611473083496094,0.1,0.0,0.0,-0.8901179185171081,0.20180369476184434,0.47669305195095124,-2.7600000000000002,-7.36,9.76,0.9210000000000002,0.7613391280174255,0.0,0.089580949395895,0.0,1.0,7.3,1.4210000000000003,True,True,False
11.481986999511719,forward_010,1.4819869995117188,0.1,0.0,0.0,-0.3021601267515183,-0.5039638215133626,0.9075712110370514,-2.0300000000000002,2.96,6.41,1.6110000000000002,0.9416698217391968,0.0,0.12395860254764557,0.0,1.0,7.3,1.4210000000000003,True,True,False
11.502422571182251,forward_010,1.502422571182251,0.1,0.0,0.0,0.20725784867432664,-0.6894050545377601,0.6904958853202566,0.5,-0.41000000000000003,9.17,1.688,0.929548442363739,0.0,0.0905755665153265,0.0,1.0,7.3,1.4210000000000003,True,True,False
11.522839784622192,forward_010,1.5228397846221924,0.1,0.0,0.0,0.3043417883165112,-0.3436116964863836,-0.13199052468207118,0.5,-0.41000000000000003,9.17,1.151,0.9446483850479126,0.0,0.06098446249961853,0.0,1.0,7.4,1.401,True,True,False
11.543398380279541,forward_010,1.543398380279541,0.1,0.0,0.0,0.49960049838337683,-0.5148721293383273,0.11562806294462433,-0.38,-1.48,6.95,1.841,0.9552366137504578,0.07142857142857142,0.07672576233744621,0.0,1.0,7.4,1.401,True,True,False
11.563825845718384,forward_010,1.5638258457183838,0.1,0.0,0.0,0.4494222823885399,-0.8672104720846825,-0.25743606466916363,2.31,-3.71,5.65,1.995,0.9487641453742981,0.0,0.18086210079491138,1.0,1.0,7.4,1.401,True,True,False
11.584319114685059,forward_010,1.5843191146850586,0.1,0.0,0.0,0.7243116395776468,-0.8203047484373349,-0.20289452554434081,0.6,-2.38,7.32,2.071,0.964352548122406,0.14285714285714285,0.20198030956089497,1.0,1.0,7.4,1.401,True,True,False
11.607576370239258,forward_010,1.6075763702392578,0.1,0.0,0.0,1.0079276430267252,-0.7613998861825263,-0.5606870222031783,0.6,-2.38,7.32,2.148,0.9815472364425659,0.14285714285714285,0.11718842387199402,1.0,1.0,7.4,1.401,True,True,False
11.636717557907104,forward_010,1.6367175579071045,0.1,0.0,0.0,1.1039207518864134,-1.1290098598838318,-0.5203262832508095,-0.41000000000000003,-1.75,3.39,1.304,0.9878189563751221,0.14285714285714285,0.10413713753223419,1.0,1.0,7.4,1.401,True,True,False
11.660393476486206,forward_010,1.660393476486206,0.1,0.0,0.0,0.7886706557449377,-0.7668540400950086,-0.9152070265145266,-0.41000000000000003,-1.75,3.39,1.381,0.9939276576042175,0.21428571428571427,0.05552593898028135,1.0,1.0,7.4,1.401,True,True,False
11.68086552619934,forward_010,1.6808655261993408,0.1,0.0,0.0,0.6490443155853913,-1.002473489114243,-1.3940817400304708,-0.41000000000000003,-1.75,3.39,1.151,0.9948221445083618,0.2857142857142857,0.048964112997055054,1.0,1.0,7.4,1.401,True,True,False
11.701253652572632,forward_010,1.7012536525726318,0.1,0.0,0.0,0.3959715740462135,-0.014180800172453928,-1.9482237775386704,-0.02,-1.04,6.24,0.9210000000000002,0.9936581254005432,0.21428571428571427,0.07400764524936676,1.0,0.0,7.4,1.401,True,True,False
11.721615076065063,forward_010,1.7216150760650635,0.1,0.0,0.0,0.3839724354387525,-0.7384924397501007,-1.9754945471010819,-0.02,-1.04,6.24,0.384,0.9929819703102112,0.2857142857142857,0.06891973316669464,1.0,0.0,7.4,1.401,True,True,False
11.74213457107544,forward_010,1.7421345710754395,0.1,0.0,0.0,0.20289452554434081,-0.6348635154129374,-1.7965982987716629,2.66,-0.27,9.32,0.537,0.9816591739654541,0.14285714285714285,0.14971243357285857,1.0,0.0,7.8,0.179,True,True,False
11.762505769729614,forward_010,1.7625057697296143,0.1,0.0,0.0,0.17780541754692233,-0.18544123302439752,-1.2697270308258748,-0.4,-0.56,7.55,0.767,0.9924817681312561,0.21428571428571427,0.13994885422289371,1.0,0.0,7.8,0.179,True,True,False
11.78288221359253,forward_010,1.7828822135925293,0.1,0.0,0.0,-0.1341721862470641,-0.7657632093125121,-0.1265363707695889,1.54,0.6,9.16,0.767,0.9753997325897217,0.14285714285714285,0.1489409226924181,1.0,1.0,7.8,0.179,True,True,False
11.803244590759277,forward_010,1.8032445907592773,0.1,0.0,0.0,-0.2552544031041707,-0.8846637646046258,0.20507618710933373,1.24,1.96,7.19,0.767,0.9845662713050842,0.21428571428571427,0.10441316105425358,1.0,1.0,7.8,0.179,True,True,False
11.823673725128174,forward_010,1.8236737251281738,0.1,0.0,0.0,-0.27707101875409984,-0.7395832705325971,0.4166973589136462,1.24,1.96,7.19,0.9970000000000001,0.9844152331352234,0.21428571428571427,0.04555394873023033,0.0,1.0,7.8,0.179,True,True,False
11.844044208526611,forward_010,1.8440442085266113,0.1,0.0,0.0,-0.3327033886614191,-0.8759371183446542,0.4308781590861001,1.24,1.96,7.19,0.9210000000000002,0.9765926599502563,0.14285714285714285,0.01042504608631134,0.0,1.0,7.8,0.179,True,True,False
11.86441969871521,forward_010,1.86441969871521,0.1,0.0,0.0,-0.06326818538479445,-0.9152070265145266,0.34579335805137656,1.56,-2.27,6.99,0.9970000000000001,0.9799225330352783,0.14285714285714285,0.009419981390237808,0.0,1.0,7.8,0.179,True,True,False
11.884893894195557,forward_010,1.8848938941955566,0.1,0.0,0.0,-0.12435470920459599,-0.7875798249624412,-0.32834006553143325,3.66,-3.5300000000000002,7.95,0.6899999999999998,0.9803992509841919,0.14285714285714285,0.09949796460568905,0.0,1.0,7.8,0.179,True,True,False
11.905269145965576,forward_010,1.9052691459655762,0.1,0.0,0.0,-0.3567016658763411,-1.1900963837036334,-0.557414529855689,2.54,-2.3000000000000003,6.8500000000000005,0.614,0.9832713007926941,0.21428571428571427,0.034818002954125404,0.0,1.0,7.8,0.179,True,True,False
11.925668001174927,forward_010,1.9256680011749268,0.1,0.0,0.0,-0.44505895925855404,-0.7995789635699022,-0.6686792696703275,1.37,-1.69,8.53,0.537,0.9857054352760315,0.21428571428571427,0.06725110113620758,0.0,1.0,7.8,0.179,True,True,False
11.946038961410522,forward_010,1.9460389614105225,0.1,0.0,0.0,-0.3108867730114899,-0.6610434541928523,-0.56941366846315,1.37,-1.69,8.53,0.6899999999999998,0.9858843088150024,0.21428571428571427,0.043129763449542224,0.0,1.0,7.8,0.135,True,True,False
11.966432094573975,forward_010,1.9664320945739746,0.1,0.0,0.0,-0.16035212502697901,-0.6523168079328807,-0.6228643768054763,1.37,-1.69,8.53,0.767,0.9840438961982727,0.21428571428571427,0.016342759015969932,0.0,1.0,7.8,0.135,True,True,False
11.986814498901367,forward_010,1.9868144989013672,0.1,0.0,0.0,0.14508049407202864,-0.6981317007977318,0.04690572364734761,3.81,-0.88,8.540000000000001,0.307,0.9808099865913391,0.14285714285714285,0.13740368001163006,1.0,1.0,7.8,0.135,True,True,False
12.00719428062439,forward_010,2.0071942806243896,0.1,0.0,0.0,0.2596177262341565,-0.5563236990731926,0.39269908169872414,2.33,-0.05,7.25,0.307,0.979227602481842,0.2857142857142857,0.08596101589500904,1.0,1.0,7.8,0.135,True,True,False
12.027590036392212,forward_010,2.027590036392212,0.1,0.0,0.0,0.19744037163185854,-0.3883357585687383,0.5028729907308662,2.38,-0.2,8.2,0.384,0.9773691296577454,0.14285714285714285,0.03924775216728449,1.0,1.0,7.8,0.135,True,True,False
12.047961711883545,forward_010,2.047961711883545,0.1,0.0,0.0,0.16144295580947549,-0.2923426497090502,0.6828600698427815,3.72,0.22,9.65,0.614,0.9792490005493164,0.14285714285714285,0.027098321355879307,1.0,1.0,7.8,0.135,True,True,False
12.068455696105957,forward_010,2.068455696105957,0.1,0.0,0.0,0.17562375598192942,-0.17889624832941878,0.7984881327874057,4.37,0.28,9.15,0.614,0.9735226631164551,0.14285714285714285,0.02933189645409584,1.0,1.0,7.8,0.135,True,True,False
12.088823080062866,forward_010,2.088823080062866,0.1,0.0,0.0,0.16580627893946132,-0.2912518189265537,0.6784967467127956,4.38,0.24,8.98,0.6899999999999998,0.9837900400161743,0.21428571428571427,0.031321246176958084,1.0,1.0,7.8,0.135,True,True,False
12.10918641090393,forward_010,2.1091864109039307,0.1,0.0,0.0,0.038179077387375956,-0.23234695667174513,0.19962203319685143,4.09,0.21,7.33,0.844,0.989533543586731,0.21428571428571427,0.023843393195420504,1.0,1.0,7.8,0.135,True,True,False
12.129552841186523,forward_010,2.1295528411865234,0.1,0.0,0.0,0.04581489286485115,-0.23671027980173096,-0.25089107997418486,4.48,0.26,8.47,0.9970000000000001,0.9927678108215332,0.2857142857142857,0.03435162012465298,1.0,1.0,7.8,0.135,True,True,False
12.149975776672363,forward_010,2.1499757766723633,0.1,0.0,0.0,0.0719948316447661,-0.22689280275926285,-0.5181446216858165,4.86,-0.35000000000000003,9.08,0.6899999999999998,0.9921554923057556,0.2857142857142857,0.1191836316138506,1.0,0.0,7.8,0.322,True,True,False
12.170338153839111,forward_010,2.1703381538391113,0.1,0.0,0.0,0.14835298641951802,-0.12871803233458182,-0.5617778529856748,4.57,-0.46,8.8,0.767,0.9896044135093689,0.21428571428571427,0.08056375943124294,1.0,0.0,7.8,0.322,True,True,False
12.190710067749023,forward_010,2.1907100677490234,0.1,0.0,0.0,0.15271630954950383,-0.04799655442984406,-0.4232423436086249,4.99,-0.9500000000000001,8.74,0.9210000000000002,0.9739601612091064,0.07142857142857142,0.046556172892451286,1.0,0.0,7.8,0.322,True,True,False
12.211446046829224,forward_010,2.2114460468292236,0.1,0.0,0.0,0.14180800172453928,0.3327033886614191,-0.13526301702956053,4.78,-0.98,9.120000000000001,2.302,0.9506114721298218,0.07142857142857142,0.048310352489352226,1.0,0.0,7.8,0.322,True,True,False
12.231940269470215,forward_010,2.231940269470215,0.1,0.0,0.0,0.07744898555724837,0.5988660995905544,0.28579766501407144,5.07,-0.8300000000000001,9.36,3.145,0.981884241104126,0.07142857142857142,0.18359600007534027,0.0,1.0,7.8,0.322,True,True,False
12.252418279647827,forward_010,2.252418279647827,0.1,0.0,0.0,0.08290313946973066,0.8464846872172498,0.6185010536754906,5.16,-0.02,8.77,2.608,0.9713603258132935,0.14285714285714285,0.03947132080793381,0.0,1.0,7.8,0.322,True,True,False
12.27285647392273,forward_010,2.2728564739227295,0.1,0.0,0.0,0.01090830782496456,1.3897184169004848,0.6283185307179586,4.88,-0.5,8.120000000000001,1.381,0.9287744760513306,0.0,0.09207463264465332,0.0,1.0,7.8,0.322,True,True,False
12.293241500854492,forward_010,2.293241500854492,0.1,0.0,0.0,-0.11671889372712078,2.045307717180855,0.7003133623627247,4.88,-0.5,8.120000000000001,0.9210000000000002,0.8578465580940247,0.0,0.050174713134765625,0.0,0.0,7.8,0.322,True,True,False
12.3137047290802,forward_010,2.3137047290802,0.1,0.0,0.0,0.2530727415391778,2.2645647044626425,0.7963064712224128,4.62,-1.76,8.23,2.302,0.8566532135009766,0.0,0.060604131780564785,0.0,0.0,7.8,0.322,True,True,False
12.334168195724487,forward_010,2.3341681957244873,0.1,0.0,0.0,0.05235987755982989,1.6504269739171378,-0.001090830782496456,3.81,-1.75,6.3500000000000005,2.532,0.9166261553764343,0.0,0.06244979868642986,1.0,0.0,7.8,0.322,True,True,False
12.35465383529663,forward_010,2.354653835296631,0.1,0.0,0.0,0.18544123302439752,1.978767039448571,0.6130468997630083,-1.03,-1.6500000000000001,5.0200000000000005,2.302,0.8666395545005798,0.0,0.11289619654417038,1.0,1.0,7.8,0.532,True,True,False
12.37534213066101,forward_010,2.3753421306610107,0.1,0.0,0.0,0.16907877128695067,2.52090993834931,1.3504485087306124,-0.16,-2.11,7.19,1.765,0.741772472858429,0.0,0.07665928825736046,1.0,1.0,7.8,0.532,True,True,False
12.395749568939209,forward_010,2.395749568939209,0.1,0.0,0.0,0.23452861823673804,2.3136520896749833,1.5849771269673505,-0.16,-2.11,7.19,0.6899999999999998,0.7501510977745056,0.0,0.07510880753397942,0.0,1.0,7.8,0.532,True,True,False
12.41627049446106,forward_010,2.4162704944610596,0.1,0.0,0.0,-0.23234695667174513,2.333287043759919,1.5446163880149817,-0.16,-2.11,7.19,0.6899999999999998,0.7574574947357178,0.0,0.04106637788936496,0.0,1.0,7.8,0.532,True,True,False
12.436657905578613,forward_010,2.4366579055786133,0.1,0.0,0.0,-0.10690141668465268,1.4933473412376481,1.682061066609535,-0.16,-2.11,7.19,1.304,0.8672038316726685,0.0,0.11044948734343052,0.0,1.0,7.8,0.532,True,True,False
12.457167387008667,forward_010,2.457167387008667,0.1,0.0,0.0,0.09817477042468103,1.100648259538924,0.6719517620178169,-1.83,0.36,5.23,1.304,0.8161147832870483,0.0,0.08892179280519485,1.0,1.0,7.8,0.532,True,True,False
12.477547645568848,forward_010,2.4775476455688477,0.1,0.0,0.0,0.4526947747360292,0.6632251157578453,0.8639379797371931,-1.53,-1.78,5.26,0.9970000000000001,0.9348105192184448,0.0,0.12568956054747105,0.0,1.0,7.8,0.532,True,True,False
12.497976303100586,forward_010,2.497976303100586,0.1,0.0,0.0,0.27052603405912107,0.13744467859455345,0.6610434541928523,-4.15,1.57,9.790000000000001,1.227,0.9043253064155579,0.0,0.19975505396723747,0.0,1.0,7.8,0.532,True,True,False
12.518372297286987,forward_010,2.5183722972869873,0.1,0.0,0.0,0.11780972450961724,0.18762289458939044,0.5748678223756323,-4.23,1.44,8.38,1.765,0.9576950073242188,0.14285714285714285,0.09316349774599075,1.0,1.0,7.8,0.532,True,True,False
12.538820743560791,forward_010,2.538820743560791,0.1,0.0,0.0,-0.1090830782496456,-0.0719948316447661,0.2301652951067522,-1.03,2.25,5.92,1.765,0.9884182810783386,0.07142857142857142,0.12204863131046295,1.0,1.0,7.8,0.532,True,True,False
12.559221982955933,forward_010,2.5592219829559326,0.1,0.0,0.0,0.07853981633974483,0.10035643198967395,0.04036073895236887,-1.21,1.4000000000000001,7.8500000000000005,1.381,0.9890187382698059,0.07142857142857142,0.07687421143054962,1.0,0.0,7.5,1.795,True,True,False
12.57960844039917,forward_010,2.57960844039917,0.1,0.0,0.0,0.05999569303730508,0.27598018797160334,-0.15162547876700738,-1.21,1.4000000000000001,7.8500000000000005,1.6110000000000002,0.9600751399993896,0.07142857142857142,0.0847470760345459,1.0,0.0,7.5,1.795,True,True,False
12.600028991699219,forward_010,2.6000289916992188,0.1,0.0,0.0,-0.22907446432425577,0.6861325621902709,-0.533416252640767,-1.21,1.4000000000000001,7.8500000000000005,2.225,0.9207994937896729,0.0,0.13668719679117203,1.0,1.0,7.5,1.795,True,True,False
12.620417833328247,forward_010,2.620417833328247,0.1,0.0,0.0,-0.8770279491271507,1.0515608743265836,-0.46687557490848314,0.9,-0.05,9.58,2.455,0.8775385618209839,0.0,0.07978025078773499,1.0,1.0,7.5,1.795,True,True,False
12.640825510025024,forward_010,2.6408255100250244,0.1,0.0,0.0,-1.1824605682261582,1.040652566501619,0.20398535632683726,-0.99,-2.2800000000000002,2.97,1.765,0.7814550399780273,0.0,0.08135684207081795,0.0,1.0,7.5,1.795,True,True,False
12.661209106445312,forward_010,2.6612091064453125,0.1,0.0,0.0,-1.872956453546415,0.3534291735288517,0.6261368691529657,-0.99,-2.2800000000000002,2.97,1.765,0.7706917524337769,0.0,0.10824383958242834,1.0,1.0,7.5,1.795,True,True,False
12.68159008026123,forward_010,2.6815900802612305,0.1,0.0,0.0,-1.0101093045917182,1.2097313377885697,1.4093533709854211,-2.14,-5.0200000000000005,5.0,1.688,0.9253130555152893,0.0,0.2061869502067566,1.0,1.0,7.5,1.795,True,True,False
12.701959609985352,forward_010,2.7019596099853516,0.1,0.0,0.0,-0.2476185876266955,1.1071932442339028,3.358667979306588,-0.15,1.97,3.36,1.6110000000000002,0.84025639295578,0.0,0.120528444647789,0.0,1.0,7.5,1.795,True,True,False
12.722410678863525,forward_010,2.7224106788635254,0.1,0.0,0.0,0.6294093615004551,0.7461282552275759,2.5907231084290827,-0.15,1.97,3.36,1.765,0.7901506423950195,0.0,0.11351483315229416,0.0,1.0,7.5,1.795,True,True,False
12.742774963378906,forward_010,2.7427749633789062,0.1,0.0,0.0,0.6294093615004551,0.7461282552275759,2.5907231084290827,0.71,-3.0100000000000002,9.08,2.532,0.9068297147750854,0.0,0.08974333480000496,0.0,1.0,7.5,1.795,True,True,False
12.763150453567505,forward_010,2.763150453567505,0.1,0.0,0.0,0.6294093615004551,0.7461282552275759,2.5907231084290827,0.81,0.66,6.75,2.302,0.749582827091217,0.0,0.04385808436200023,0.0,1.0,7.2,1.6560000000000004,True,True,False
12.78352403640747,forward_010,2.7835240364074707,0.1,0.0,0.0,0.6294093615004551,0.7461282552275759,2.5907231084290827,-6.43,-6.99,9.67,1.151,0.7574715614318848,0.0,0.13314037770032883,0.0,1.0,7.2,1.6560000000000004,True,True,False
12.803998947143555,forward_010,2.8039989471435547,0.1,0.0,0.0,0.6294093615004551,0.7461282552275759,2.5907231084290827,0.9500000000000001,-5.09,9.69,1.151,0.8507360816001892,0.0,0.11788484267890453,0.0,1.0,7.2,1.6560000000000004,True,True,False
12.824373245239258,forward_010,2.824373245239258,0.1,0.0,0.0,0.6294093615004551,0.7461282552275759,2.5907231084290827,1.27,-1.76,5.17,0.9210000000000002,0.7085819244384766,0.0,0.07893476821482182,0.0,1.0,7.2,1.6560000000000004,True,True,False
12.844741582870483,forward_010,2.8447415828704834,0.1,0.0,0.0,0.6294093615004551,0.7461282552275759,2.5907231084290827,-2.52,-2.08,5.26,1.304,0.808323860168457,0.0,0.08613405376672745,1.0,1.0,7.2,1.6560000000000004,True,True,False
12.865132331848145,forward_010,2.8651323318481445,0.1,0.0,0.0,0.6294093615004551,0.7461282552275759,2.5907231084290827,-2.52,-2.08,5.26,1.765,0.8085330128669739,0.0,0.07772795995697379,1.0,1.0,7.2,1.6560000000000004,True,True,False
12.885510683059692,forward_010,2.8855106830596924,0.1,0.0,0.0,0.6294093615004551,0.7461282552275759,2.5907231084290827,-0.04,-2.21,8.89,1.227,0.8244358897209167,0.0,0.0972293452359736,1.0,1.0,7.2,1.6560000000000004,True,True,False
12.905894041061401,forward_010,2.9058940410614014,0.1,0.0,0.0,0.6294093615004551,0.7461282552275759,2.5907231084290827,-0.04,-2.21,8.89,0.9970000000000001,0.8900518417358398,0.0,0.03372460789978504,1.0,1.0,7.2,1.6560000000000004,True,True,False
12.926272630691528,forward_010,2.9262726306915283,0.1,0.0,0.0,0.6294093615004551,0.7461282552275759,2.5907231084290827,-0.04,-2.21,8.89,0.844,0.8743093013763428,0.0,0.03588443994522095,1.0,1.0,7.2,1.6560000000000004,True,True,False
12.946639060974121,forward_010,2.946639060974121,0.1,0.0,0.0,0.6294093615004551,0.7461282552275759,2.5907231084290827,-0.04,-2.21,8.89,0.6899999999999998,0.8617244958877563,0.0,0.058715452905744314,1.0,1.0,7.2,1.6560000000000004,True,True,False
12.967053413391113,forward_010,2.9670534133911133,0.1,0.0,0.0,0.6294093615004551,0.7461282552275759,2.5907231084290827,1.3900000000000001,5.28,7.08,0.844,0.9534358978271484,0.07142857142857142,0.12865629279986024,1.0,0.0,7.8,0.649,True,True,False
12.987426042556763,forward_010,2.9874260425567627,0.1,0.0,0.0,0.6294093615004551,0.7461282552275759,2.5907231084290827,1.08,1.05,7.94,0.6899999999999998,0.9504507184028625,0.07142857142857142,0.048220664262771606,1.0,0.0,7.8,0.649,True,True,False
13.007795095443726,forward_010,3.0077950954437256,0.1,0.0,0.0,0.6294093615004551,0.7461282552275759,2.5907231084290827,2.33,3.97,8.870000000000001,1.6110000000000002,0.9585687518119812,0.07142857142857142,0.08354144729673862,1.0,0.0,7.8,0.649,True,True,False
13.028162956237793,forward_010,3.028162956237793,0.1,0.0,0.0,0.6294093615004551,0.7461282552275759,2.5907231084290827,-0.01,1.93,8.39,2.762,0.9609962701797485,0.07142857142857142,0.06437686085700989,1.0,0.0,7.8,0.649,True,True,False
13.048653841018677,forward_010,3.0486538410186768,0.1,0.0,0.0,0.6294093615004551,0.7461282552275759,2.5907231084290827,-1.6600000000000001,-0.73,8.5,2.685,0.9520614743232727,0.07142857142857142,0.07963593397289515,1.0,0.0,7.8,0.649,True,True,False
13.069025993347168,forward_010,3.069025993347168,0.1,0.0,0.0,0.6294093615004551,0.7461282552275759,2.5907231084290827,-1.5,0.3,6.92,2.608,0.9454687237739563,0.0,0.07101285364478827,1.0,0.0,7.8,0.649,True,True,False
13.089432716369629,forward_010,3.089432716369629,0.1,0.0,0.0,0.6294093615004551,0.7461282552275759,2.5907231084290827,-0.5700000000000001,0.71,7.140000000000001,1.918,0.9418448209762573,0.0,0.047279151156544685,1.0,0.0,7.8,0.649,True,True,False
13.109914064407349,forward_010,3.1099140644073486,0.1,0.0,0.0,0.6294093615004551,0.7461282552275759,2.5907231084290827,0.45,1.42,8.3,1.688,0.935042142868042,0.0,0.04255445022135973,1.0,1.0,7.8,0.649,True,True,False
13.130358457565308,forward_010,3.1303584575653076,0.1,0.0,0.0,0.6294093615004551,0.7461282552275759,2.5907231084290827,0.43,2.3000000000000003,9.75,1.918,0.9274847507476807,0.0,0.02009900682605803,1.0,1.0,7.8,0.649,True,True,False
13.150798797607422,forward_010,3.150798797607422,0.1,0.0,0.0,0.6294093615004551,0.7461282552275759,2.5907231084290827,0.48,2.63,7.67,1.918,0.9370242953300476,0.0,0.07313413918018341,0.0,1.0,7.8,0.649,True,True,False
13.171165943145752,forward_010,3.171165943145752,0.1,0.0,0.0,0.6294093615004551,0.7461282552275759,2.5907231084290827,0.48,2.63,7.67,1.765,0.9171699285507202,0.0,0.018409881042316556,0.0,1.0,7.8,0.402,True,True,False
13.191534757614136,forward_010,3.1915347576141357,0.1,0.0,0.0,0.6294093615004551,0.7461282552275759,2.5907231084290827,-2.88,-4.91,6.8100000000000005,1.227,0.918999195098877,0.0,0.08211165852844715,1.0,1.0,7.8,0.402,True,True,False
13.211905241012573,forward_010,3.2119052410125732,0.1,0.0,0.0,-0.11126473981463851,0.6457718232379019,1.0439250588491085,1.71,2.71,6.17,1.381,0.8760767579078674,0.0,0.042369307950139046,1.0,1.0,7.8,0.402,True,True,False
13.232383966445923,forward_010,3.232383966445923,0.1,0.0,0.0,0.5901394533305827,0.8072147790473774,1.3548118318605984,2.88,0.49,5.79,0.9210000000000002,0.8002027273178101,0.0,0.055884554982185364,0.0,1.0,7.8,0.402,True,True,False
13.252923250198364,forward_010,3.2529232501983643,0.1,0.0,0.0,0.6992225315802283,1.1737339219661866,0.7548549014875475,2.88,0.49,5.79,0.9210000000000002,0.7173190712928772,0.0,0.08382496517151594,0.0,1.0,7.8,0.402,True,True,False
13.273310661315918,forward_010,3.273310661315918,0.1,0.0,0.0,0.24216443371421323,0.8093964406123704,0.6446809924554054,2.88,0.49,5.79,1.227,0.6685630679130554,0.0,0.07829488907009363,0.0,1.0,7.8,0.402,True,True,False
13.293707847595215,forward_010,3.293707847595215,0.1,0.0,0.0,-0.35997415822383044,0.358883327441334,0.7199483164476609,0.13,-1.45,9.52,1.227,0.8469153046607971,0.0,0.09282866213470697,0.0,1.0,7.8,0.402,True,True,False
13.31409478187561,forward_010,3.3140947818756104,0.1,0.0,0.0,-0.30543261909900765,0.32615840396644036,0.33597588100890846,-1.19,-2.99,7.09,1.841,0.8376121520996094,0.0,0.055574292317032814,0.0,1.0,7.8,0.402,True,True,False
13.337318420410156,forward_010,3.3373184204101562,0.1,0.0,0.0,-0.16907877128695067,0.3272492347489368,0.2748893571891069,-1.4000000000000001,-3.71,6.32,2.225,0.8860988020896912,0.0,0.05288402270525694,0.0,1.0,7.8,0.402,True,True,False
13.357831478118896,forward_010,3.3578314781188965,0.1,0.0,0.0,0.017453292519943295,-0.24870941840919197,0.6741334235828098,-1.4000000000000001,-3.71,6.32,2.148,0.9512489438056946,0.07142857142857142,0.08666657749563456,0.0,1.0,7.8,0.402,True,True,False
13.37822151184082,forward_010,3.3782215118408203,0.1,0.0,0.0,0.25416357232167425,-0.2694352032766246,0.6719517620178169,0.21,-2.77,7.98,1.765,0.9477729797363281,0.0,0.08517465740442276,0.0,1.0,7.6,0.9880000000000001,True,True,False
13.398840427398682,forward_010,3.3988404273986816,0.1,0.0,0.0,0.5312345910757741,-0.48432886742842646,0.6774059159302992,0.0,-4.11,8.69,1.765,0.9608732461929321,0.07142857142857142,0.07796874083578587,0.0,1.0,7.6,0.9880000000000001,True,True,False
13.419201135635376,forward_010,3.419201135635376,0.1,0.0,0.0,1.124646536753846,-0.559596191420682,1.2664545384783854,-2.09,-4.36,8.68,1.841,0.9516183137893677,0.07142857142857142,0.06810919754207134,1.0,1.0,7.6,0.9880000000000001,True,True,False
13.439571142196655,forward_010,3.4395711421966553,0.1,0.0,0.0,1.3089969389957472,-0.6032294227205401,1.4246250019403714,-1.96,-2.93,7.95,2.225,0.9485467672348022,0.0,0.09329337999224663,1.0,1.0,7.6,0.9880000000000001,True,True,False
13.4599289894104,forward_010,3.4599289894104004,0.1,0.0,0.0,1.6449728200046556,-0.753764070705051,1.571887157577393,-1.61,-3.31,8.42,1.6110000000000002,0.9504386186599731,0.07142857142857142,0.10144804790616035,1.0,1.0,7.6,0.9880000000000001,True,True,False
13.480345726013184,forward_010,3.4803457260131836,0.1,0.0,0.0,1.844594853201507,-0.7766715171374766,1.5064373106276057,-1.61,-3.31,8.42,1.995,0.9535669684410095,0.07142857142857142,0.04602375440299511,1.0,0.0,7.6,0.9880000000000001,True,True,False
13.500814437866211,forward_010,3.500814437866211,0.1,0.0,0.0,1.0253809355466685,-0.3097959422289935,1.6831518973920316,-5.79,3.5300000000000002,9.120000000000001,1.6110000000000002,0.9838671088218689,0.14285714285714285,0.07913652062416077,1.0,0.0,7.6,0.9880000000000001,True,True,False
13.521249055862427,forward_010,3.5212490558624268,0.1,0.0,0.0,1.0253809355466685,-0.3097959422289935,1.6831518973920316,-1.12,8.55,5.68,0.9970000000000001,0.9715738892555237,0.14285714285714285,0.07552969455718994,1.0,0.0,7.6,0.9880000000000001,True,True,False
13.54162883758545,forward_010,3.541628837585449,0.1,0.0,0.0,1.0253809355466685,-0.3097959422289935,1.6831518973920316,3.79,1.68,4.46,1.534,0.9441917538642883,0.0,0.15626460406929255,1.0,0.0,7.6,0.9880000000000001,True,True,False
13.562081336975098,forward_010,3.5620813369750977,0.1,0.0,0.0,0.10253809355466686,0.3370667117914049,-0.23234695667174513,-1.24,-5.41,1.72,2.148,0.9861063361167908,0.2857142857142857,0.18529307935386896,1.0,0.0,7.6,0.9880000000000001,True,True,False
13.582480192184448,forward_010,3.5824801921844482,0.1,0.0,0.0,0.03490658503988659,-0.06981317007977318,0.8017606251348951,-0.36,5.61,6.83,2.302,0.9858020544052124,0.14285714285714285,0.1272047497332096,1.0,0.0,7.6,0.825,True,True,False
13.60287857055664,forward_010,3.6028785705566406,0.1,0.0,0.0,0.13526301702956053,-0.33597588100890846,0.5530512067257032,-0.53,2.49,9.72,1.765,0.9897699952125549,0.14285714285714285,0.13820180296897888,1.0,0.0,7.6,0.825,True,True,False
13.62333607673645,forward_010,3.62333607673645,0.1,0.0,0.0,-0.16689710972195776,-0.5203262832508095,0.507236313860852,-0.14,1.58,9.51,1.458,0.9888544082641602,0.14285714285714285,0.0420046541839838,1.0,0.0,7.6,0.825,True,True,False
13.643821001052856,forward_010,3.6438210010528564,0.1,0.0,0.0,-0.6719517620178169,-0.6021385919380436,0.459239759431008,0.41000000000000003,1.78,7.15,1.765,0.9850284457206726,0.14285714285714285,0.08181897178292274,1.0,0.0,7.6,0.825,True,True,False
13.66430950164795,forward_010,3.664309501647949,0.1,0.0,0.0,-0.9610219193793778,-0.6795875774952921,0.43524148221608594,-0.55,-0.37,7.55,1.227,0.9864122867584229,0.14285714285714285,0.03392042964696884,1.0,0.0,7.6,0.825,True,True,False
13.684699058532715,forward_010,3.684699058532715,0.1,0.0,0.0,-1.1671889372712079,-0.47123889803846897,0.5355979142057599,0.02,1.3,5.14,1.304,0.9870449304580688,0.14285714285714285,0.041447213850915425,1.0,1.0,7.6,0.825,True,True,False
13.705113649368286,forward_010,3.705113649368286,0.1,0.0,0.0,-1.4846206949776766,-0.3981532356112064,0.4177881896961426,0.02,1.3,5.14,1.151,0.9810462594032288,0.14285714285714285,0.032416912727057934,1.0,1.0,7.6,0.825,True,True,False
13.725513458251953,forward_010,3.725513458251953,0.1,0.0,0.0,-1.4388058021128254,0.04908738521234052,-0.46687557490848314,0.02,1.3,5.14,0.844,0.9799214005470276,0.07142857142857142,0.09361233934760094,1.0,1.0,7.6,0.825,True,True,False
13.745915174484253,forward_010,3.745915174484253,0.1,0.0,0.0,-1.1377365061438036,0.6959500392327389,-1.1344640137963142,0.02,1.3,5.14,0.614,0.9605920910835266,0.07142857142857142,0.07693461450980976,1.0,1.0,7.6,0.825,True,True,False
13.766401052474976,forward_010,3.7664010524749756,0.1,0.0,0.0,-0.210530341021816,0.7450374244450795,-1.3908092476829814,1.18,0.9,7.2,0.6899999999999998,0.9628939628601074,0.07142857142857142,0.046280860900878906,1.0,1.0,7.6,0.825,True,True,False
13.78682255744934,forward_010,3.786822557449341,0.1,0.0,0.0,0.015271630954950384,0.44833145160604343,-2.093304271610699,1.17,-3.2,3.96,0.767,0.9635223150253296,0.07142857142857142,0.04821435734629631,0.0,1.0,7.7,0.4790000000000001,True,True,False
13.8071928024292,forward_010,3.807192802429199,0.1,0.0,0.0,-0.34470252726888007,0.3272492347489368,-2.0856684561332237,1.17,-3.2,3.96,1.458,0.9630283117294312,0.07142857142857142,0.032952845096588135,0.0,1.0,7.7,0.4790000000000001,True,True,False
13.827717065811157,forward_010,3.8277170658111572,0.1,0.0,0.0,-0.940296134511945,1.076649982324002,-0.6523168079328807,1.17,-3.2,3.96,2.378,0.875645101070404,0.0,0.14664928894490004,0.0,1.0,7.7,0.4790000000000001,True,True,False
13.848315238952637,forward_010,3.8483152389526367,0.1,0.0,0.0,-0.8028514559173916,1.4191708480278893,0.559596191420682,-4.19,-5.5,7.76,1.841,0.7743029594421387,0.0,0.20195983350276947,0.0,1.0,7.7,0.4790000000000001,True,True,False
13.868688344955444,forward_010,3.8686883449554443,0.1,0.0,0.0,-0.47778388273344774,1.0897399517139594,1.1704614296186973,1.45,-2.83,8.3,1.151,0.8859667181968689,0.0,0.15208247303962708,1.0,1.0,7.7,0.4790000000000001,True,True,False
13.889055252075195,forward_010,3.8890552520751953,0.1,0.0,0.0,-0.2378011105842274,1.1999138607461015,1.2708178616083712,1.45,-2.83,8.3,1.688,0.7932509779930115,0.0,0.051967829233035445,0.0,1.0,7.7,0.4790000000000001,True,True,False
13.909436464309692,forward_010,3.9094364643096924,0.1,0.0,0.0,-0.14835298641951802,1.5609788497524284,1.2260937995260166,-2.29,2.2600000000000002,9.27,1.918,0.8370474576950073,0.0,0.07736360654234886,0.0,1.0,7.7,0.4790000000000001,True,True,False
13.929866790771484,forward_010,3.9298667907714844,0.1,0.0,0.0,0.13308135546456762,0.9926560120717749,0.8628471489546967,-3.77,1.49,7.21,2.455,0.7250742316246033,0.0,0.08710084483027458,0.0,1.0,7.7,0.4790000000000001,True,True,False
13.950321912765503,forward_010,3.950321912765503,0.1,0.0,0.0,0.6435901616729091,0.6174102228929941,0.22907446432425577,-3.86,0.92,9.53,2.915,0.8089473843574524,0.0,0.0795673243701458,0.0,1.0,7.7,0.4790000000000001,True,True,False
13.970803499221802,forward_010,3.9708034992218018,0.1,0.0,0.0,0.9010262263420726,0.2912518189265537,-0.9162978572970231,-3.86,0.92,9.53,1.074,0.8221249580383301,0.0,0.10463863611221313,0.0,1.0,7.7,0.4790000000000001,True,True,False
13.99118709564209,forward_010,3.99118709564209,0.1,0.0,0.0,0.9086620418195478,-0.24107360293171676,-0.6446809924554054,-3.86,0.92,9.53,1.458,0.828514039516449,0.0,0.08584573864936829,0.0,1.0,7.7,0.63,True,True,False
14.011570692062378,forward_010,4.011570692062378,0.1,0.0,0.0,1.040652566501619,-0.8312130562622995,0.6784967467127956,-2.38,-3.84,8.28,1.227,0.9140382409095764,0.0,0.1999565288424492,0.0,0.0,7.7,0.63,True,True,False
14.031943082809448,forward_010,4.031943082809448,0.1,0.0,0.0,0.9861110273767962,-0.940296134511945,0.7548549014875475,-1.1500000000000001,-3.14,2.57,1.534,0.9790739417076111,0.14285714285714285,0.19018417014740407,1.0,0.0,7.7,0.63,True,True,False
14.052323341369629,forward_010,4.052323341369629,0.1,0.0,0.0,0.9086620418195478,-0.9697485656393493,1.1039207518864134,-0.23,-2.33,1.86,1.458,0.9605048298835754,0.14285714285714285,0.12469004839658737,1.0,1.0,7.7,0.63,True,True,False
14.072695255279541,forward_010,4.072695255279541,0.1,0.0,0.0,0.8486663487822428,-0.6795875774952921,1.8718656227639185,0.48,-0.41000000000000003,2.08,1.6110000000000002,0.9560513496398926,0.14285714285714285,0.12490351870656013,1.0,1.0,7.7,0.63,True,True,False
14.0930757522583,forward_010,4.093075752258301,0.1,0.0,0.0,0.533416252640767,-0.36979163526629855,2.3092887665449973,0.48,-0.41000000000000003,2.08,2.378,0.9670901894569397,0.14285714285714285,0.07953173667192459,1.0,1.0,7.7,0.63,True,True,False
14.113588094711304,forward_010,4.113588094711304,0.1,0.0,0.0,-0.9337511498169663,0.6610434541928523,0.6795875774952921,0.48,-0.41000000000000003,2.08,1.458,0.9869999885559082,0.07142857142857142,0.1913330750539899,0.0,1.0,7.7,0.63,True,True,False
14.133967399597168,forward_010,4.133967399597168,0.1,0.0,0.0,-0.6806784082777885,0.7494007475750653,-0.5170537909033202,1.09,2.3000000000000003,6.0,1.227,0.9352613091468811,0.0,0.10363286174833775,1.0,1.0,7.7,0.63,True,True,False
14.154346942901611,forward_010,4.154346942901611,0.1,0.0,0.0,-0.23125612588924865,0.9392053037294485,-0.4166973589136462,4.58,-1.34,2.4,1.765,0.9122559428215027,0.0,0.12291200831532478,1.0,1.0,7.7,0.63,True,True,False
14.174805402755737,forward_010,4.174805402755737,0.1,0.0,0.0,0.07635815477475191,1.0755591515415055,-0.20507618710933373,4.58,-1.34,2.4,1.995,0.9253655076026917,0.0,0.05797064118087291,1.0,1.0,7.7,0.63,True,True,False
14.195218324661255,forward_010,4.195218324661255,0.1,0.0,0.0,-0.34797501961636945,0.7014041931452212,0.272707695624114,-3.5100000000000002,1.16,7.34,1.995,0.9532834887504578,0.07142857142857142,0.08201511949300766,1.0,1.0,7.6,0.9940000000000001,True,True,False
14.215588092803955,forward_010,4.215588092803955,0.1,0.0,0.0,-1.2075496762235767,0.9446594576419308,0.11017390903214205,-3.5100000000000002,1.16,7.34,1.6110000000000002,0.8640180230140686,0.0,0.07990439981222153,1.0,1.0,7.6,0.9940000000000001,True,True,False
14.235958576202393,forward_010,4.235958576202393,0.1,0.0,0.0,-1.3897184169004848,0.8181230868723419,0.6588617926278594,-3.5100000000000002,1.16,7.34,1.151,0.8527881503105164,0.0,0.05591044947504997,1.0,1.0,7.6,0.9940000000000001,True,True,False
14.25634217262268,forward_010,4.256342172622681,0.1,0.0,0.0,-1.365720139685563,0.46469391334349025,1.162825614141222,-3.5100000000000002,1.16,7.34,1.074,0.8422554135322571,0.0,0.05305424518883228,1.0,1.0,7.6,0.9940000000000001,True,True,False
14.276702165603638,forward_010,4.276702165603638,0.1,0.0,0.0,-1.0941032748439454,0.7886706557449377,1.3319043854281727,-3.98,2.92,7.47,0.767,0.8269652128219604,0.0,0.11135051026940346,0.0,1.0,7.6,0.9940000000000001,True,True,False
14.297162532806396,forward_010,4.2971625328063965,0.1,0.0,0.0,-0.7275841319251362,0.37960911230876665,0.9075712110370514,-3.98,2.92,7.47,0.844,0.8837674260139465,0.0,0.15185267478227615,0.0,1.0,7.6,0.9940000000000001,True,True,False
14.317542552947998,forward_010,4.317542552947998,0.1,0.0,0.0,-0.6643159465403417,0.5181446216858165,0.5465062220307244,-3.2800000000000002,-1.23,7.24,1.227,0.900475800037384,0.0,0.06337657570838928,0.0,1.0,7.6,0.9940000000000001,True,True,False
14.33823561668396,forward_010,4.33823561668396,0.1,0.0,0.0,-0.5617778529856748,0.11999138607461016,0.30870511144649704,-2.67,-3.84,8.23,1.765,0.8759946227073669,0.0,0.06218496710062027,0.0,1.0,7.6,0.9940000000000001,True,True,False
14.358711242675781,forward_010,4.358711242675781,0.1,0.0,0.0,-0.3534291735288517,-0.07090400086226964,0.5290529295107811,-3.96,-4.78,7.78,2.071,0.9300282597541809,0.0,0.07017080415971577,0.0,1.0,7.6,0.9940000000000001,True,True,False
14.379085540771484,forward_010,4.379085540771484,0.1,0.0,0.0,-0.1712604328519436,-0.22471114119426994,0.5377795757707527,-4.4,-4.11,8.61,2.148,0.9694690704345703,0.07142857142857142,0.0265638530254364,0.0,1.0,7.6,0.9940000000000001,True,True,False
14.399455785751343,forward_010,4.399455785751343,0.1,0.0,0.0,0.6130468997630083,-0.41560652813114973,0.20398535632683726,-3.39,-3.5,9.11,2.302,0.9792612791061401,0.07142857142857142,0.12984009832143784,0.0,1.0,7.4,1.597,True,True,False
14.420088291168213,forward_010,4.420088291168213,0.1,0.0,0.0,0.5966844380255614,-0.35561083509384467,-0.18216874067690814,-2.12,-3.9,7.74,2.302,0.9033322930335999,0.0,0.06156386807560921,0.0,1.0,7.4,1.597,True,True,False
14.440591096878052,forward_010,4.440591096878052,0.1,0.0,0.0,0.717766654882668,-0.5737769915931359,-0.14944381720201447,-1.4000000000000001,-3.44,6.3,1.841,0.923041820526123,0.0,0.05206438899040222,0.0,1.0,7.4,1.597,True,True,False
14.460952520370483,forward_010,4.460952520370483,0.1,0.0,0.0,0.8792096106921435,-0.8268497331323136,-0.0545415391248228,0.2,-2.84,7.58,1.688,0.9237800240516663,0.0,0.06581195630133152,0.0,1.0,7.4,1.597,True,True,False
14.48131513595581,forward_010,4.4813151359558105,0.1,0.0,0.0,1.2871803233458181,-1.0242901047641721,0.10471975511965978,-2.25,-1.21,6.53,2.071,0.9563506245613098,0.07142857142857142,0.0509042926132679,0.0,1.0,7.4,1.597,True,True,False
14.501797914505005,forward_010,4.501797914505005,0.1,0.0,0.0,1.5544338650574498,-1.2337296150034918,-0.02181661564992912,-1.54,-1.05,7.48,2.302,0.9463318586349487,0.0,0.04504681937396526,0.0,1.0,7.4,1.597,True,True,False
14.522396087646484,forward_010,4.522396087646484,0.1,0.0,0.0,1.8107790989441168,-1.2566370614359172,-0.061086523819801536,-1.32,-1.35,7.3500000000000005,1.074,0.9514350295066833,0.07142857142857142,0.04779013991355896,1.0,1.0,7.4,1.597,True,True,False
14.542760848999023,forward_010,4.542760848999023,0.1,0.0,0.0,2.237293934900231,-0.9752027195518317,0.2716168648416175,-1.21,-3.4,4.86,1.458,0.9297363758087158,0.0,0.029049646109342575,1.0,0.0,7.4,1.597,True,True,False
14.563127279281616,forward_010,4.563127279281616,0.1,0.0,0.0,2.528545753826785,-1.0155634585042006,0.7450374244450795,-1.21,-3.4,4.86,1.304,0.9479089379310608,0.0,0.02676064521074295,1.0,0.0,7.4,1.597,True,True,False
14.58349347114563,forward_010,4.58349347114563,0.1,0.0,0.0,0.6599526234103559,-0.013089969389957472,0.1439896632895322,-1.21,-3.4,4.86,1.995,0.970930278301239,0.07142857142857142,0.13171502575278282,1.0,0.0,7.4,1.597,True,True,False
14.60386872291565,forward_010,4.603868722915649,0.1,0.0,0.0,-0.23125612588924865,-0.2007128639793479,-0.6566801310628665,0.0,5.92,4.08,1.841,0.9521666765213013,0.07142857142857142,0.11813799291849136,1.0,0.0,7.4,1.541,True,True,False
14.624342203140259,forward_010,4.624342203140259,0.1,0.0,0.0,-0.5028729907308662,-1.3940817400304708,-1.1879147221386406,3.7,1.3,6.2700000000000005,1.381,0.8471440672874451,0.0,0.11162004619836807,1.0,0.0,7.4,1.541,True,True,False
14.644713640213013,forward_010,4.644713640213013,0.1,0.0,0.0,-0.557414529855689,-0.5410520681182421,-0.5475970528132209,0.63,2.08,5.67,2.532,0.9752972722053528,0.07142857142857142,0.11758366972208023,1.0,0.0,7.4,1.541,True,True,False
14.665189743041992,forward_010,4.665189743041992,0.1,0.0,0.0,-0.9566585962493919,-1.0493792127615906,0.23125612588924865,0.63,2.08,5.67,2.455,0.9640879034996033,0.07142857142857142,0.11161777749657631,1.0,0.0,7.4,1.541,True,True,False
14.68555998802185,forward_010,4.685559988021851,0.1,0.0,0.0,-0.7581273938350369,-0.8977537339945832,0.018544123302439753,0.63,2.08,5.67,1.995,0.9751831889152527,0.07142857142857142,0.03514670580625534,1.0,0.0,7.4,1.541,True,True,False
14.706009864807129,forward_010,4.706009864807129,0.1,0.0,0.0,-0.46142142099600086,-0.8726646259971648,0.2694352032766246,-1.6600000000000001,3.5100000000000002,8.83,2.302,0.9949405789375305,0.14285714285714285,0.06798087060451508,1.0,0.0,7.4,1.541,True,True,False
14.726502180099487,forward_010,4.726502180099487,0.1,0.0,0.0,-0.2650718801466388,-0.9959285044192643,0.4799655442984406,-0.89,1.98,7.7700000000000005,0.9970000000000001,0.9877603650093079,0.14285714285714285,0.07996246218681335,1.0,0.0,7.4,1.541,True,True,False
14.746970176696777,forward_010,4.746970176696777,0.1,0.0,0.0,-0.33815754257390135,-0.7374016089676042,0.3294308963139297,1.3,3.75,7.38,1.151,0.9775246977806091,0.14285714285714285,0.0381426140666008,1.0,0.0,7.4,1.541,True,True,False
14.767343282699585,forward_010,4.767343282699585,0.1,0.0,0.0,-0.6643159465403417,-0.48651052899341934,-0.7330382858376184,1.6,2.92,9.46,1.534,0.9802218675613403,0.14285714285714285,0.02878328412771225,1.0,1.0,7.4,1.541,True,True,False
14.787750244140625,forward_010,4.787750244140625,0.1,0.0,0.0,-1.213003830136059,-0.09053895494720585,-1.4944381720201447,-0.53,-0.11,9.040000000000001,1.151,0.9842715859413147,0.14285714285714285,0.07732699625194073,1.0,1.0,7.4,1.541,True,True,False
14.808118343353271,forward_010,4.8081183433532715,0.1,0.0,0.0,-1.784599160164202,0.7232208087951503,-1.4551682638502723,-0.55,1.52,6.84,0.9210000000000002,0.9388499855995178,0.0,0.11090868897736073,0.0,1.0,7.7,0.42800000000000005,True,True,False
14.82851266860962,forward_010,4.828512668609619,0.1,0.0,0.0,-1.944951285191181,0.49960049838337683,-1.624247035137223,-0.55,1.52,6.84,0.614,0.9487671256065369,0.0,0.03760325908660889,1.0,1.0,7.7,0.42800000000000005,True,True,False
14.848890781402588,forward_010,4.848890781402588,0.1,0.0,0.0,0.028361600344907856,0.5737769915931359,-1.4038992170729387,0.33,-5.83,2.7800000000000002,1.304,0.9750292301177979,0.07142857142857142,0.07870125770568848,1.0,1.0,7.7,0.42800000000000005,True,True,False
14.869284629821777,forward_010,4.869284629821777,0.1,0.0,0.0,-0.21707532571679475,0.36542831213631277,-0.7395832705325971,0.55,-7.12,4.24,1.458,0.9757606387138367,0.07142857142857142,0.025549933314323425,0.0,1.0,7.7,0.42800000000000005,True,True,False
14.889752388000488,forward_010,4.889752388000488,0.1,0.0,0.0,-0.41233403578366035,1.2064588454410803,-0.5290529295107811,0.55,-7.12,4.24,2.071,0.8860535025596619,0.0,0.0805351585149765,0.0,1.0,7.7,0.42800000000000005,True,True,False
14.910217761993408,forward_010,4.910217761993408,0.1,0.0,0.0,-0.6643159465403417,1.6035212502697902,0.038179077387375956,0.55,-7.12,4.24,0.9210000000000002,0.7682803273200989,0.0,0.20088518410921097,1.0,1.0,7.7,0.42800000000000005,True,True,False
14.930597066879272,forward_010,4.9305970668792725,0.1,0.0,0.0,-0.5421428989007386,1.5151639568875774,1.2980886311707827,-0.35000000000000003,-3.65,8.33,0.844,0.8497333526611328,0.0,0.1868409663438797,1.0,1.0,7.7,0.42800000000000005,True,True,False
14.950970649719238,forward_010,4.950970649719238,0.1,0.0,0.0,-0.12871803233458182,1.6013395887047974,1.1213740444063567,0.1,-1.6600000000000001,9.35,0.9970000000000001,0.902638852596283,0.0,0.030532613396644592,1.0,1.0,7.7,0.42800000000000005,True,True,False
14.971390008926392,forward_010,4.971390008926392,0.1,0.0,0.0,0.1265363707695889,1.2424562612634633,0.5563236990731926,0.1,-1.6600000000000001,9.35,1.841,0.7674780488014221,0.0,0.08679591305553913,0.0,1.0,7.7,0.42800000000000005,True,True,False
14.99177098274231,forward_010,4.99177098274231,0.1,0.0,0.0,-0.00545415391248228,1.0450158896316049,-0.30652344988150415,-1.6,-0.09,8.63,2.148,0.641542911529541,0.0,0.11554886121302843,0.0,1.0,7.7,0.42800000000000005,True,True,False
15.012175559997559,forward_010,5.012175559997559,0.1,0.0,0.0,0.48978302134090873,0.8137597637423561,-0.5355979142057599,-4.6000000000000005,-1.35,5.8500000000000005,2.148,0.680779218673706,0.0,0.13164460193365812,0.0,1.0,7.3,2.3329999999999997,True,True,False
15.032549858093262,forward_010,5.032549858093262,0.1,0.0,0.0,1.2293662918735058,0.40033489717619936,-0.8693921336496754,-4.6000000000000005,-1.35,5.8500000000000005,2.071,0.8116556406021118,0.0,0.07240899227326736,0.0,1.0,7.3,2.3329999999999997,True,True,False
15.052937984466553,forward_010,5.052937984466553,0.1,0.0,0.0,1.3940817400304708,0.25416357232167425,-1.0919216132789524,-0.22,-8.17,9.8,1.688,0.9413145184516907,0.0,0.14160439372062683,0.0,1.0,7.3,2.3329999999999997,True,True,False
15.07332992553711,forward_010,5.073329925537109,0.1,0.0,0.0,1.1988230299636051,-0.34033920413889424,-0.1308996938995747,1.6500000000000001,-5.45,8.21,1.841,0.9195032119750977,0.0,0.10699239000678062,1.0,1.0,7.3,2.3329999999999997,True,True,False
15.093690872192383,forward_010,5.093690872192383,0.1,0.0,0.0,1.1900963837036334,-0.017453292519943295,0.6152285613280012,-0.86,-2.97,7.17,1.765,0.9438406825065613,0.0,0.12071994226425886,1.0,1.0,7.3,2.3329999999999997,True,True,False
15.114081144332886,forward_010,5.114081144332886,0.1,0.0,0.0,1.399535893942953,0.45160394395353276,1.0657416744990376,-3.98,-1.75,4.88,1.458,0.9533911943435669,0.07142857142857142,0.09942295867949724,1.0,1.0,7.3,2.3329999999999997,True,True,False
15.134484767913818,forward_010,5.134484767913818,0.1,0.0,0.0,1.499892325932627,0.6337726846304409,1.2119129993535627,-3.98,-1.75,4.88,2.378,0.9496198296546936,0.0,0.08770331554114819,1.0,1.0,7.3,2.3329999999999997,True,True,False
15.154864311218262,forward_010,5.154864311218262,0.1,0.0,0.0,1.499892325932627,0.6337726846304409,1.2119129993535627,-3.98,-1.75,4.88,2.148,0.8912386894226074,0.0,0.09287738287821412,1.0,1.0,7.3,2.3329999999999997,True,True,False
15.175236463546753,forward_010,5.175236463546753,0.1,0.0,0.0,1.499892325932627,0.6337726846304409,1.2119129993535627,-0.19,2.7800000000000002,6.08,1.995,0.9010178446769714,0.0,0.24204161018133163,1.0,1.0,7.3,2.3329999999999997,True,True,False
15.195730447769165,forward_010,5.195730447769165,0.1,0.0,0.0,1.499892325932627,0.6337726846304409,1.2119129993535627,-1.93,4.1,8.96,1.841,0.9469438791275024,0.0,0.06735527887940407,1.0,1.0,7.3,2.3329999999999997,True,True,False
15.216117143630981,forward_010,5.2161171436309814,0.1,0.0,0.0,1.499892325932627,0.6337726846304409,1.2119129993535627,-3.84,0.35000000000000003,7.930000000000001,1.534,0.9129669666290283,0.0,0.10516059026122093,1.0,0.0,7.3,2.2549999999999994,True,True,False
15.236492156982422,forward_010,5.236492156982422,0.1,0.0,0.0,1.499892325932627,0.6337726846304409,1.2119129993535627,-3.84,0.35000000000000003,7.930000000000001,1.304,0.8871908783912659,0.0,0.0567876473069191,1.0,0.0,7.3,2.2549999999999994,True,True,False
15.256903409957886,forward_010,5.256903409957886,0.1,0.0,0.0,1.499892325932627,0.6337726846304409,1.2119129993535627,-2.42,-0.9400000000000001,6.140000000000001,1.995,0.9366211891174316,0.0,0.02604588493704796,1.0,0.0,7.3,2.2549999999999994,True,True,False
15.277293920516968,forward_010,5.277293920516968,0.1,0.0,0.0,1.499892325932627,0.6337726846304409,1.2119129993535627,-5.2700000000000005,0.41000000000000003,8.68,2.532,0.9411327242851257,0.0,0.03791578859090805,1.0,0.0,7.3,2.2549999999999994,True,True,False
15.297661304473877,forward_010,5.297661304473877,0.1,0.0,0.0,1.499892325932627,0.6337726846304409,1.2119129993535627,-6.8,0.87,7.34,2.915,0.910544216632843,0.0,0.08609340712428093,1.0,0.0,7.3,2.2549999999999994,True,True,False
15.31804895401001,forward_010,5.31804895401001,0.1,0.0,0.0,1.499892325932627,0.6337726846304409,1.2119129993535627,-2.41,7.7700000000000005,6.38,2.148,0.9725677967071533,0.07142857142857142,0.08967971429228783,1.0,1.0,7.3,2.2549999999999994,True,True,False
15.338629484176636,forward_010,5.338629484176636,0.1,0.0,0.0,1.499892325932627,0.6337726846304409,1.2119129993535627,-2.5500000000000003,3.2600000000000002,4.94,1.458,0.9363521933555603,0.0,0.12239973992109299,0.0,1.0,7.3,2.2549999999999994,True,True,False
15.358996868133545,forward_010,5.358996868133545,0.1,0.0,0.0,1.499892325932627,0.6337726846304409,1.2119129993535627,-2.5500000000000003,3.2600000000000002,4.94,0.844,0.9579254388809204,0.07142857142857142,0.04970364272594452,0.0,1.0,7.3,2.2549999999999994,True,True,False
15.379373788833618,forward_010,5.379373788833618,0.1,0.0,0.0,1.499892325932627,0.6337726846304409,1.2119129993535627,-2.5500000000000003,3.2600000000000002,4.94,1.458,0.9276228547096252,0.0,0.0606067031621933,0.0,1.0,7.3,2.2549999999999994,True,True,False
15.399744749069214,forward_010,5.399744749069214,0.1,0.0,0.0,-0.3785182815262702,0.3010692959690218,0.03381575425739013,-3.79,-5.86,4.65,1.688,0.7929787635803223,0.0,0.22614704817533493,0.0,1.0,7.3,2.2549999999999994,True,True,False
15.420180320739746,forward_010,5.420180320739746,0.1,0.0,0.0,-0.12326387842209953,-0.5792311455056182,0.495237175253391,-3.79,-5.86,4.65,1.841,0.5427722930908203,0.0,0.1936490312218666,0.0,1.0,7.2,2.2549999999999994,True,True,False
15.441715717315674,forward_010,5.441715717315674,0.1,0.0,0.0,-0.6523168079328807,-0.27052603405912107,0.007635815477475192,-4.03,-6.1000000000000005,8.77,1.918,0.8027616143226624,0.0,0.0859571099281311,0.0,1.0,7.2,2.2549999999999994,True,True,False
15.462088346481323,forward_010,5.462088346481323,0.1,0.0,0.0,-0.7613998861825263,-0.904298718689562,0.4068798818711781,-3.0500000000000003,-4.14,7.29,1.995,0.5265416502952576,0.0,0.11250593140721321,0.0,1.0,7.2,2.2549999999999994,True,True,False
15.48247218132019,forward_010,5.48247218132019,0.1,0.0,0.0,-0.3981532356112064,-0.7908523173099306,0.5126904677733343,-2.86,-4.05,6.74,2.148,0.735653817653656,0.0,0.08694903319701552,0.0,1.0,7.2,2.2549999999999994,True,True,False
15.502849340438843,forward_010,5.502849340438843,0.1,0.0,0.0,0.28034351110158917,-0.6523168079328807,1.0439250588491085,-2.62,-2.2600000000000002,6.79,2.685,0.9327778220176697,0.0,0.08507515303790569,0.0,1.0,7.2,2.2549999999999994,True,True,False
15.52323865890503,forward_010,5.523238658905029,0.1,0.0,0.0,0.4821472058634335,-0.044724062082354694,1.3679018012505557,-2.7,-3.54,4.94,2.992,0.9280599355697632,0.0,0.1561734601855278,0.0,1.0,7.2,2.2549999999999994,True,True,False
15.543607234954834,forward_010,5.543607234954834,0.1,0.0,0.0,0.5966844380255614,0.8432121948697605,2.021309439965933,-1.68,-2.7600000000000002,3.15,2.148,0.6853326559066772,0.0,0.14001876977272332,0.0,1.0,7.2,2.2549999999999994,True,True,False
15.563977003097534,forward_010,5.563977003097534,0.1,0.0,0.0,0.7461282552275759,1.1813697374436618,2.743439417978587,-2.98,-0.17,4.51,2.378,0.7298890352249146,0.0,0.0578664168715477,0.0,1.0,7.2,2.2549999999999994,True,True,False
15.584349393844604,forward_010,5.5843493938446045,0.1,0.0,0.0,0.9828385350293068,1.6177020504422441,2.0823959637857343,-4.29,-0.23,3.42,1.841,0.8131461143493652,0.0,0.07099541695788503,0.0,1.0,7.2,2.2549999999999994,True,True,False
15.604758024215698,forward_010,5.604758024215698,0.1,0.0,0.0,1.239183768915974,1.3929909092479742,1.6853335589570244,-4.29,-0.23,3.42,2.225,0.7863320708274841,0.0,0.051453158259391785,0.0,1.0,7.2,2.2549999999999994,True,True,False
15.625144720077515,forward_010,5.625144720077515,0.1,0.0,0.0,1.074468320759009,1.3057244466482578,0.495237175253391,-4.29,-0.23,3.42,2.455,0.8008033633232117,0.0,0.1233294908888638,1.0,0.0,7.4,1.117,True,True,False
15.645876169204712,forward_010,5.645876169204712,0.1,0.0,0.0,0.5225079448158024,0.8519388411297321,-0.36760997370130566,-4.29,-0.23,3.42,1.841,0.7489728331565857,0.0,0.06726118130609393,1.0,0.0,7.4,1.117,True,True,False
15.666238784790039,forward_010,5.666238784790039,0.1,0.0,0.0,0.4406956361285682,0.05999569303730508,-0.6479534848028948,-5.55,4.5,6.45,1.6110000000000002,0.6364516019821167,0.0,0.0752100758254528,1.0,0.0,7.4,1.117,True,True,False
15.686633110046387,forward_010,5.686633110046387,0.1,0.0,0.0,0.2781618495365963,0.07090400086226964,-1.1453723216212788,-5.97,4.14,6.890000000000001,1.074,0.7992247343063354,0.0,0.1447350662201643,0.0,0.0,7.4,1.117,True,True,False
15.707027673721313,forward_010,5.7070276737213135,0.1,0.0,0.0,0.044724062082354694,0.028361600344907856,-1.5108006337575914,-4.33,0.36,7.53,0.9210000000000002,0.7511332035064697,0.0,0.08010132238268852,0.0,0.0,7.4,1.117,True,True,False
15.7274010181427,forward_010,5.7274010181427,0.1,0.0,0.0,-0.039269908169872414,0.2454369260617026,-1.0428342280666119,-4.3500000000000005,-0.1,7.5200000000000005,1.841,0.9035562872886658,0.0,0.08204353600740433,0.0,0.0,7.4,1.117,True,True,False
15.747780323028564,forward_010,5.7477803230285645,0.1,0.0,0.0,0.4341506514335895,0.1308996938995747,-0.32070425005395803,-5.6000000000000005,1.45,6.53,1.6110000000000002,0.7994972467422485,0.0,0.1480122385546565,0.0,0.0,7.4,1.117,True,True,False
15.768170595169067,forward_010,5.768170595169067,0.1,0.0,0.0,0.45705809786601503,0.4068798818711781,-0.4657847441259867,-5.01,1.34,4.2700000000000005,2.302,0.7729591131210327,0.0,0.11805467586964369,0.0,0.0,7.4,1.117,True,True,False
15.788549423217773,forward_010,5.788549423217773,0.1,0.0,0.0,-0.1189005552921137,0.12108221685710661,-0.533416252640767,-6.890000000000001,0.62,7.99,3.2220000000000004,0.9381698369979858,0.0,0.08776314742863178,0.0,0.0,7.4,1.117,True,True,False
15.809033632278442,forward_010,5.809033632278442,0.1,0.0,0.0,-0.806123948264881,0.07417649320975901,-0.06217735460229799,-5.19,-0.11,6.97,3.299,0.9731422662734985,0.07142857142857142,0.06866934895515442,1.0,0.0,7.4,1.117,True,True,False
15.829529047012329,forward_010,5.829529047012329,0.1,0.0,0.0,-1.4311699866353502,-0.358883327441334,0.5050546522958591,-6.19,4.05,6.26,2.302,0.9182655215263367,0.0,0.10410750098526478,1.0,0.0,7.4,1.475,True,True,False
15.849895238876343,forward_010,5.849895238876343,0.1,0.0,0.0,-1.5195272800175632,-0.6795875774952921,0.5508695451607103,-5.34,3.09,8.34,2.225,0.9410620331764221,0.0,0.053330957889556885,0.0,0.0,7.4,1.475,True,True,False
15.87026572227478,forward_010,5.87026572227478,0.1,0.0,0.0,-1.758419221384287,-1.0831949670189809,0.6446809924554054,-5.24,1.42,8.64,2.455,0.9518734216690063,0.07142857142857142,0.04588206112384796,0.0,0.0,7.4,1.475,True,True,False
15.890652418136597,forward_010,5.890652418136597,0.1,0.0,0.0,-2.1522091338655076,-1.3046336158657614,0.4308781590861001,-5.33,0.92,7.38,1.765,0.9405305981636047,0.0,0.0787069983780384,0.0,0.0,7.4,1.475,True,True,False
15.911131620407104,forward_010,5.9111316204071045,0.1,0.0,0.0,-2.409645198534671,-1.4835298641951802,0.1341721862470641,-4.75,-0.72,4.79,1.151,0.9454461932182312,0.0,0.03635598346590996,0.0,1.0,7.4,1.475,True,True,False
15.931498527526855,forward_010,5.9314985275268555,0.1,0.0,0.0,-2.430370983402104,-1.8020524526841453,-0.02399827721492203,-4.58,0.11,2.83,1.227,0.9564062356948853,0.14285714285714285,0.10503212176263332,0.0,1.0,7.4,1.475,True,True,False
15.95188856124878,forward_010,5.951888561248779,0.1,0.0,0.0,-2.2863813201125716,-2.0202186091834364,-0.2203478180642841,-4.58,0.11,2.83,1.534,0.968385636806488,0.14285714285714285,0.07929274626076221,0.0,1.0,7.4,1.475,True,True,False
15.97231674194336,forward_010,5.972316741943359,0.1,0.0,0.0,-0.7657632093125121,-1.0930124440614488,0.2585268954516601,-4.58,0.11,2.83,1.995,0.9794884920120239,0.14285714285714285,0.15862156823277473,0.0,1.0,7.4,1.475,True,True,False
15.992688655853271,forward_010,5.9926886558532715,0.1,0.0,0.0,-0.006544984694978736,-1.4409874636778184,0.4526947747360292,-0.84,-5.17,5.39,2.225,0.9736592769622803,0.07142857142857142,0.22237799689173698,0.0,1.0,7.4,1.475,True,True,False
16.01316523551941,forward_010,6.013165235519409,0.1,0.0,0.0,0.581412807070611,-1.8751381151114077,0.07853981633974483,-0.11,-2.7800000000000002,3.66,2.608,0.9757253527641296,0.14285714285714285,0.041250002570450306,0.0,1.0,7.4,1.475,True,True,False
16.033547401428223,forward_010,6.033547401428223,0.1,0.0,0.0,0.2716168648416175,-2.0158552860534504,-0.22689280275926285,-2.02,-3.97,7.67,2.071,0.9851146340370178,0.2857142857142857,0.04751152545213699,0.0,1.0,7.8,0.27299999999999996,True,True,False
16.05392074584961,forward_010,6.053920745849609,0.1,0.0,0.0,0.4177881896961426,-2.159844949342983,-0.5966844380255614,-2.02,-3.97,7.67,1.995,0.9832855463027954,0.14285714285714285,0.09610196389257908,0.0,1.0,7.8,0.27299999999999996,True,True,False
16.074383974075317,forward_010,6.074383974075317,0.1,0.0,0.0,0.4439681284760576,-1.7638733752967692,-0.5715953300281429,1.07,-4.3,4.96,2.148,0.9786624908447266,0.14285714285714285,0.06678579188883305,0.0,1.0,7.8,0.27299999999999996,True,True,False
16.09477162361145,forward_010,6.09477162361145,0.1,0.0,0.0,0.5017821599483697,-1.7289667902568826,-0.4439681284760576,0.23,-3.24,9.05,1.995,0.9821131229400635,0.14285714285714285,0.04904540683492087,0.0,1.0,7.8,0.27299999999999996,True,True,False
16.115145683288574,forward_010,6.115145683288574,0.1,0.0,0.0,0.6392268385429232,-1.4977106643676341,-0.5235987755982988,0.23,-3.24,9.05,1.458,0.9797329902648926,0.14285714285714285,0.056266183499246836,0.0,1.0,7.8,0.27299999999999996,True,True,False
16.135520458221436,forward_010,6.1355204582214355,0.1,0.0,0.0,0.7417649320975901,-1.1922780452686264,-0.29670597283903605,0.71,-3.75,8.950000000000001,1.534,0.9795387387275696,0.14285714285714285,0.02893975004553795,0.0,1.0,7.8,0.27299999999999996,True,True,False
16.15590190887451,forward_010,6.155901908874512,0.1,0.0,0.0,0.9981101659842572,-1.0242901047641721,0.14180800172453928,0.71,-3.75,8.950000000000001,1.381,0.9743697643280029,0.14285714285714285,0.02932344365399331,0.0,1.0,7.8,0.27299999999999996,True,True,False
16.176283836364746,forward_010,6.176283836364746,0.1,0.0,0.0,1.1093749057988957,-0.7144941625351786,0.2617993877991494,-1.17,-4.2700000000000005,8.78,1.458,0.9851717948913574,0.2857142857142857,0.04871954210102558,1.0,1.0,7.8,0.27299999999999996,True,True,False
16.196768045425415,forward_010,6.196768045425415,0.1,0.0,0.0,1.074468320759009,-0.47778388273344774,0.22362031041177347,0.0,-1.62,7.66,0.614,0.9822676777839661,0.14285714285714285,0.03670006990432739,1.0,1.0,7.8,0.27299999999999996,True,True,False
16.217143058776855,forward_010,6.2171430587768555,0.1,0.0,0.0,1.0461067204141012,-0.2650718801466388,0.061086523819801536,0.0,-1.62,7.66,0.537,0.9832334518432617,0.21428571428571427,0.05271867476403713,1.0,1.0,7.8,0.27299999999999996,True,True,False
16.23752188682556,forward_010,6.2375218868255615,0.1,0.0,0.0,0.7973973020049093,0.1407171709420428,-0.16798794050445423,0.0,-1.62,7.66,0.537,0.9842295050621033,0.14285714285714285,0.08429990708827972,1.0,1.0,7.8,0.318,True,True,False
16.257899284362793,forward_010,6.257899284362793,0.1,0.0,0.0,0.7428557628800865,0.16144295580947549,-0.29343348049154666,1.16,0.06,8.08,0.767,0.9762142896652222,0.14285714285714285,0.048207271844148636,1.0,0.0,7.8,0.318,True,True,False
16.278340816497803,forward_010,6.278340816497803,0.1,0.0,0.0,0.6294093615004551,0.3010692959690218,-0.5312345910757741,1.86,1.51,8.72,1.074,0.965488612651825,0.14285714285714285,0.021822214126586914,1.0,0.0,7.8,0.318,True,True,False
16.298715591430664,forward_010,6.298715591430664,0.1,0.0,0.0,0.5006913291658733,0.3141592653589793,-0.4363323129985824,1.86,1.51,8.72,1.304,0.9689037203788757,0.14285714285714285,0.02265002205967903,1.0,0.0,7.8,0.318,True,True,False
16.319087505340576,forward_010,6.319087505340576,0.1,0.0,0.0,0.3119776037939864,0.32070425005395803,-0.28688849579656794,1.09,1.24,8.33,1.304,0.9804250001907349,0.14285714285714285,0.03176510485354811,1.0,0.0,7.8,0.318,True,True,False
16.339521646499634,forward_010,6.339521646499634,0.1,0.0,0.0,0.17671458676442586,0.2683443724941282,-0.1810779098944117,-0.32,0.73,8.78,1.381,0.987851083278656,0.14285714285714285,0.03947189822793007,1.0,0.0,7.8,0.318,True,True,False
16.35989475250244,forward_010,6.359894752502441,0.1,0.0,0.0,-0.20289452554434081,0.23671027980173096,0.32179508083645453,1.16,3.2600000000000002,7.72,1.151,0.9813477396965027,0.14285714285714285,0.05630873888731003,1.0,0.0,7.8,0.318,True,True,False
16.38038682937622,forward_010,6.380386829376221,0.1,0.0,0.0,-0.4036073895236887,0.20507618710933373,0.21598449493429828,0.42,2.0300000000000002,7.87,0.9970000000000001,0.9842655658721924,0.14285714285714285,0.06428967043757439,1.0,1.0,7.8,0.318,True,True,False
16.400755643844604,forward_010,6.4007556438446045,0.1,0.0,0.0,-0.9610219193793778,0.20725784867432664,-0.6337726846304409,0.5,1.36,7.33,0.844,0.9800643920898438,0.14285714285714285,0.0757870264351368,1.0,1.0,7.8,0.318,True,True,False
16.421143054962158,forward_010,6.421143054962158,0.1,0.0,0.0,-1.0973757671914346,0.29670597283903605,-0.6599526234103559,0.16,0.9,8.89,0.9210000000000002,0.9766644835472107,0.14285714285714285,0.06266672536730766,1.0,1.0,7.8,0.318,True,True,False
16.44151496887207,forward_010,6.44151496887207,0.1,0.0,0.0,-1.054833366674073,0.5508695451607103,-0.7068583470577035,0.16,0.9,8.89,0.767,0.9692819118499756,0.07142857142857142,0.04950191080570221,1.0,1.0,7.8,0.264,True,True,False
16.4636447429657,forward_010,6.463644742965698,0.1,0.0,0.0,-0.0719948316447661,1.1595531217937327,-0.37742745074377376,0.16,0.9,8.89,0.9210000000000002,0.9536594748497009,0.07142857142857142,0.07243282347917557,1.0,1.0,7.8,0.264,True,True,False
16.48402214050293,forward_010,6.48402214050293,0.1,0.0,0.0,-0.017453292519943295,1.0199267816341864,-0.1407171709420428,-0.71,-4.97,6.98,1.227,0.9489202499389648,0.0,0.06013798341155052,1.0,1.0,7.8,0.264,True,True,False
16.50443172454834,forward_010,6.50443172454834,0.1,0.0,0.0,0.032724923474893676,1.1311915214488248,0.22143864884678055,-0.71,-4.97,6.98,1.304,0.8957481384277344,0.0,0.09861687943339348,1.0,1.0,7.8,0.264,True,True,False
16.52479910850525,forward_010,6.524799108505249,0.1,0.0,0.0,-0.12871803233458182,1.4202616788103857,1.0253809355466685,-0.71,-4.97,6.98,1.074,0.7105353474617004,0.0,0.18163498491048813,1.0,1.0,7.8,0.264,True,True,False
16.54520893096924,forward_010,6.545208930969238,0.1,0.0,0.0,-0.30652344988150415,1.301361123518272,1.7758725139042304,-0.71,-4.97,6.98,1.074,0.919736385345459,0.0,0.19149787724018097,1.0,1.0,7.8,0.264,True,True,False
16.565576553344727,forward_010,6.565576553344727,0.1,0.0,0.0,-0.6272276999354622,1.3777192782930239,1.0930124440614488,-0.71,-4.97,6.98,1.995,0.8964205980300903,0.0,0.026112817227840424,0.0,1.0,7.8,0.264,True,True,False
16.58599829673767,forward_010,6.585998296737671,0.1,0.0,0.0,-0.7668540400950086,0.8977537339945832,0.9828385350293068,-3.11,1.79,8.16,1.995,0.7641380429267883,0.0,0.09144688583910465,0.0,1.0,7.8,0.264,True,True,False
16.606459140777588,forward_010,6.606459140777588,0.1,0.0,0.0,-0.6479534848028948,0.681769239060285,0.7057675162752071,-1.4000000000000001,-2.47,6.75,2.455,0.6952207088470459,0.0,0.07719377428293228,0.0,1.0,7.8,0.264,True,True,False
16.626830577850342,forward_010,6.626830577850342,0.1,0.0,0.0,-0.20616701789183017,0.07526732399225546,0.5672320068981571,-5.13,-3.64,7.13,1.995,0.8432480692863464,0.0,0.11978599429130554,0.0,1.0,7.8,0.264,True,True,False
16.647245168685913,forward_010,6.647245168685913,0.1,0.0,0.0,0.385063266221249,-0.37960911230876665,0.0818123086872342,-5.13,-3.64,7.13,1.688,0.9205167889595032,0.0,0.05690401419997215,0.0,1.0,7.4,1.375,True,True,False
16.667611598968506,forward_010,6.667611598968506,0.1,0.0,0.0,0.7897614865274342,-0.6065019150680295,-0.14180800172453928,-3.02,-6.68,9.36,1.227,0.917796790599823,0.0,0.19927465170621872,0.0,1.0,7.4,1.375,True,True,False
16.687991857528687,forward_010,6.6879918575286865,0.1,0.0,0.0,0.7886706557449377,-1.3722651243805417,1.1104657365813921,0.4,-4.3100000000000005,7.55,1.458,0.7047950029373169,0.0,0.12833691015839577,0.0,1.0,7.4,1.375,True,True,False
16.708494663238525,forward_010,6.708494663238525,0.1,0.0,0.0,0.8868454261696187,-1.1868238913561442,1.4104442017679175,-3.2,-1.85,5.53,1.6110000000000002,0.9664756059646606,0.07142857142857142,0.16212070360779762,0.0,1.0,7.4,1.375,True,True,False
16.728864192962646,forward_010,6.7288641929626465,0.1,0.0,0.0,1.1573714602287397,-1.0057459814617324,1.53588974175501,-3.0300000000000002,-0.29,6.32,2.148,0.9314920902252197,0.0,0.17977070435881615,0.0,1.0,7.4,1.375,True,True,False
16.749233722686768,forward_010,6.749233722686768,0.1,0.0,0.0,1.401717555507946,-0.557414529855689,1.2184579840485412,-1.06,1.42,3.7800000000000002,1.841,0.9473169445991516,0.0,0.054972704499959946,1.0,1.0,7.4,1.375,True,True,False
16.769644498825073,forward_010,6.769644498825073,0.1,0.0,0.0,1.275181184738357,-0.038179077387375956,0.7232208087951503,-0.48,0.99,5.01,1.688,0.9069540500640869,0.0,0.08668847382068634,1.0,1.0,7.4,1.375,True,True,False
16.790008306503296,forward_010,6.790008306503296,0.1,0.0,0.0,1.4169891864628963,-0.21598449493429828,0.7908523173099306,-0.87,-3.21,7.55,1.841,0.8849366903305054,0.0,0.16485033929347992,1.0,1.0,7.4,1.375,True,True,False
16.810375928878784,forward_010,6.810375928878784,0.1,0.0,0.0,1.0515608743265836,0.37088246604879505,0.6250460383704692,-0.87,-3.21,7.55,1.6110000000000002,0.9478870630264282,0.0,0.04145720787346363,1.0,0.0,7.4,1.375,True,True,False
16.830849647521973,forward_010,6.830849647521973,0.1,0.0,0.0,0.19634954084936207,0.8072147790473774,-0.41015237421866746,-1.81,4.61,6.92,1.765,0.9614235758781433,0.07142857142857142,0.23773225396871567,1.0,0.0,7.4,1.375,True,True,False
16.85123372077942,forward_010,6.851233720779419,0.1,0.0,0.0,-0.3436116964863836,-0.2650718801466388,-1.1999138607461015,-1.81,4.61,6.92,1.841,0.9461597204208374,0.0,0.12943796440958977,1.0,0.0,7.2,2.456,True,True,False
16.87160873413086,forward_010,6.871608734130859,0.1,0.0,0.0,-0.495237175253391,0.5803219762881145,-0.7374016089676042,0.19,-2.0100000000000002,3.06,2.608,0.9566232562065125,0.07142857142857142,0.1226174645125866,1.0,0.0,7.2,2.456,True,True,False
16.891988039016724,forward_010,6.891988039016724,0.1,0.0,0.0,-0.842121364087264,0.013089969389957472,0.31525009614147576,-1.97,1.92,7.96,2.8389999999999995,0.7757750749588013,0.0,0.12163299322492094,1.0,0.0,7.2,2.456,True,True,False
16.912370681762695,forward_010,6.912370681762695,0.1,0.0,0.0,-0.7843073326149519,0.05345070834232634,0.559596191420682,-0.79,0.98,8.5,2.762,0.931682825088501,0.0,0.062088778242468834,1.0,0.0,7.2,2.456,True,True,False
16.932751417160034,forward_010,6.932751417160034,0.1,0.0,0.0,-0.9108437033845407,-0.40578905108868163,1.4955290028026411,-1.07,-0.33,5.87,3.6060000000000003,0.9488492608070374,0.0,0.06720549333840609,1.0,0.0,7.2,2.456,True,True,False
16.95318078994751,forward_010,6.95318078994751,0.1,0.0,0.0,-1.4333516482003432,-0.619591884457987,1.9536779314511525,-3.52,3.46,9.76,2.608,0.9546002149581909,0.07142857142857142,0.07812298089265823,1.0,0.0,7.2,2.456,True,True,False
16.973663330078125,forward_010,6.973663330078125,0.1,0.0,0.0,-2.0365810709208834,-0.26725354171163174,1.3929909092479742,-3.34,6.6000000000000005,9.28,2.148,0.9426207542419434,0.0,0.05023261904716492,1.0,1.0,7.2,2.456,True,True,False
16.994029998779297,forward_010,6.994029998779297,0.1,0.0,0.0,-2.153299964648004,-0.6566801310628665,-0.026179938779914945,0.54,5.57,8.24,1.227,0.9296531677246094,0.0,0.08126452192664146,1.0,1.0,7.2,2.456,True,True,False
17.014498949050903,forward_010,7.014498949050903,0.1,0.0,0.0,-2.291835474025054,-0.5214171140333059,-0.7853981633974483,0.54,5.57,8.24,1.458,0.9137991070747375,0.0,0.027683865278959274,0.0,1.0,7.2,2.456,True,True,False
17.034975051879883,forward_010,7.034975051879883,0.1,0.0,0.0,-0.8028514559173916,0.35779249665883756,-1.1159198904938745,0.54,5.57,8.24,0.9210000000000002,0.8707364797592163,0.0,0.04976037982851267,0.0,1.0,7.2,2.456,True,True,False
17.05534791946411,forward_010,7.055347919464111,0.1,0.0,0.0,0.01090830782496456,0.2301652951067522,-0.5585053606381855,-4.14,0.0,5.3100000000000005,0.9970000000000001,0.9307972192764282,0.0,0.09921690821647644,0.0,1.0,7.8,0.266,True,True,False
17.075714588165283,forward_010,7.075714588165283,0.1,0.0,0.0,0.49632800603588745,-0.44724062082354693,-0.5945027764605685,2.65,-1.51,8.72,1.227,0.9525471329689026,0.07142857142857142,0.13771555572748184,0.0,1.0,7.8,0.266,True,True,False
17.096122980117798,forward_010,7.096122980117798,0.1,0.0,0.0,0.38724492778624187,0.3119776037939864,-0.9795660426818175,0.6900000000000001,-2.08,7.33,0.6899999999999998,0.9365638494491577,0.0,0.13879641145467758,0.0,1.0,7.8,0.266,True,True,False
17.11651110649109,forward_010,7.116511106491089,0.1,0.0,0.0,0.6305001922829515,0.013089969389957472,-0.7963064712224128,-1.67,-5.23,9.26,0.614,0.9649688005447388,0.14285714285714285,0.058126915246248245,0.0,1.0,7.8,0.266,True,True,False
17.136879920959473,forward_010,7.136879920959473,0.1,0.0,0.0,0.41233403578366035,-0.10471975511965978,-0.667588438887831,1.1,-5.76,9.08,0.6899999999999998,0.9648270606994629,0.07142857142857142,0.10410993546247482,0.0,1.0,7.8,0.266,True,True,False
17.15727949142456,forward_010,7.1572794914245605,0.1,0.0,0.0,0.37742745074377376,0.3763366199612773,-0.11017390903214205,-0.9,-1.7,8.28,0.767,0.9718191027641296,0.07142857142857142,0.14657415449619293,1.0,1.0,7.8,0.266,True,True,False
17.177647590637207,forward_010,7.177647590637207,0.1,0.0,0.0,0.46796640569097964,0.41996985126113556,-0.26070855701665296,-1.48,-3.73,8.76,1.151,0.9765048027038574,0.07142857142857142,0.1514236517250538,0.0,1.0,7.8,0.266,True,True,False
17.19802236557007,forward_010,7.198022365570068,0.1,0.0,0.0,0.3567016658763411,0.16580627893946132,-0.3839724354387525,-0.73,-1.75,8.66,1.6110000000000002,0.9672569632530212,0.07142857142857142,0.10320195183157921,0.0,1.0,7.8,0.266,True,True,False
17.21839475631714,forward_010,7.218394756317139,0.1,0.0,0.0,0.25416357232167425,0.7581273938350369,-0.08726646259971647,-0.63,0.97,4.5,1.688,0.9555249214172363,0.07142857142857142,0.07882227189838886,0.0,1.0,7.8,0.266,True,True,False
17.2387638092041,forward_010,7.238763809204102,0.1,0.0,0.0,0.46687557490848314,0.4886921905584123,-0.1341721862470641,-1.44,0.2,3.93,2.302,0.9519465565681458,0.07142857142857142,0.043895967304706573,1.0,1.0,7.8,0.266,True,True,False
17.25913667678833,forward_010,7.25913667678833,0.1,0.0,0.0,0.6915867161027531,0.2825251726665821,-0.5497787143782138,-1.0,-0.38,8.13,2.532,0.9415906667709351,0.0,0.07082325220108032,1.0,1.0,7.3,1.752,True,True,False
17.279513597488403,forward_010,7.279513597488403,0.1,0.0,0.0,1.0057459814617324,0.37742745074377376,-0.693768377667746,-1.0,-0.38,8.13,1.918,0.9518946409225464,0.07142857142857142,0.06006211042404175,1.0,1.0,7.3,1.752,True,True,False
17.299996614456177,forward_010,7.299996614456177,0.1,0.0,0.0,1.2697270308258748,0.9959285044192643,-0.9315694882519734,-1.0,-0.38,8.13,1.304,0.9119846820831299,0.0,0.14805271849036217,1.0,1.0,7.3,1.752,True,True,False
17.320369958877563,forward_010,7.3203699588775635,0.1,0.0,0.0,1.485711525760173,0.8933904108645975,-1.7693275292092516,-3.48,1.94,5.25,1.151,0.8806849718093872,0.0,0.12143996823579073,1.0,1.0,7.3,1.752,True,True,False
17.34074306488037,forward_010,7.340743064880371,0.1,0.0,0.0,1.4486232791552935,0.10799224746714914,-2.0583976865708125,-3.48,1.94,5.25,1.458,0.9202611446380615,0.0,0.08693871460855007,1.0,1.0,7.3,1.752,True,True,False
17.361239910125732,forward_010,7.361239910125732,0.1,0.0,0.0,0.9752027195518317,0.8344855486097889,-1.8489581763314928,-1.82,-3.12,6.25,1.6110000000000002,0.9322375655174255,0.0,0.09908715263009071,1.0,0.0,7.3,1.752,True,True,False
17.381657600402832,forward_010,7.381657600402832,0.1,0.0,0.0,0.5105088062083414,-0.003272492347489368,-0.5366887449882564,-1.41,-2.0,8.620000000000001,2.071,0.9445894360542297,0.0,0.16388468816876411,1.0,0.0,7.3,1.752,True,True,False
17.402042627334595,forward_010,7.402042627334595,0.1,0.0,0.0,0.14726215563702155,-0.1810779098944117,0.6479534848028948,-2.9,-1.31,4.22,2.992,0.9901610612869263,0.2857142857142857,0.10436304798349738,1.0,0.0,7.3,1.752,True,True,False
17.422410011291504,forward_010,7.422410011291504,0.1,0.0,0.0,-0.3490658503988659,-0.20507618710933373,1.490074848890159,-8.67,1.32,9.620000000000001,2.378,0.9916067123413086,0.21428571428571427,0.0789544340223074,1.0,0.0,7.3,1.752,True,True,False
17.442885160446167,forward_010,7.442885160446167,0.1,0.0,0.0,-1.028653427894158,-0.29561514205653955,1.712604328519436,-7.5,6.01,6.04,1.6110000000000002,0.9878200888633728,0.21428571428571427,0.07893147505819798,0.0,0.0,7.3,1.752,True,True,False
17.463304042816162,forward_010,7.463304042816162,0.1,0.0,0.0,-1.2882711541283145,-0.42215151282612845,0.7472190860100724,-7.5,6.01,6.04,1.6110000000000002,0.9861551523208618,0.2857142857142857,0.09595355577766895,0.0,0.0,7.9,0.025,True,True,False
17.485326051712036,forward_010,7.485326051712036,0.1,0.0,0.0,-1.1846422297911512,-0.27052603405912107,-0.14835298641951802,-2.57,3.17,4.7,1.918,0.9857933521270752,0.2857142857142857,0.043410615995526314,1.0,0.0,7.9,0.025,True,True,False
17.505698442459106,forward_010,7.5056984424591064,0.1,0.0,0.0,-0.8432121948697605,-0.39706240482870997,0.08399397025222712,-4.76,2.2800000000000002,5.4,2.148,0.9891974925994873,0.2857142857142857,0.030172597616910934,1.0,0.0,7.9,0.025,True,True,False
17.52614974975586,forward_010,7.526149749755859,0.1,0.0,0.0,-0.6370451769779303,-0.29561514205653955,0.284706834231575,1.41,-2.25,4.48,1.381,0.9744705557823181,0.14285714285714285,0.12049093469977379,1.0,1.0,7.9,0.025,True,True,False
17.54651641845703,forward_010,7.546516418457031,0.1,0.0,0.0,-1.064650843716541,0.09053895494720585,0.7624907169650227,1.41,-2.25,4.48,1.6110000000000002,0.9684094786643982,0.07142857142857142,0.09188709035515785,1.0,1.0,7.9,0.025,True,True,False
17.56699252128601,forward_010,7.566992521286011,0.1,0.0,0.0,-1.6035212502697902,0.6774059159302992,0.9097528726020443,1.41,-2.25,4.48,1.688,0.9051763415336609,0.0,0.07377956062555313,0.0,1.0,7.9,0.025,True,True,False
17.587377786636353,forward_010,7.5873777866363525,0.1,0.0,0.0,-0.9970193352017608,0.495237175253391,1.435533309765336,1.41,-2.25,4.48,1.381,0.90095055103302,0.0,0.04615972936153412,0.0,1.0,7.9,0.025,True,True,False
17.607747793197632,forward_010,7.607747793197632,0.1,0.0,0.0,-0.7777623479199731,0.9304786574694769,1.980948701013564,-0.27,-5.14,1.9000000000000001,1.688,0.7542270421981812,0.0,0.18861163407564163,0.0,1.0,7.9,0.025,True,True,False
17.628114461898804,forward_010,7.628114461898804,0.1,0.0,0.0,-0.5377795757707527,0.49414634447089456,2.2023873498603446,0.22,-4.18,9.040000000000001,1.458,0.9362313747406006,0.0,0.15516096306964755,0.0,1.0,7.9,0.025,True,True,False
17.648483753204346,forward_010,7.648483753204346,0.1,0.0,0.0,-0.7603090554000298,0.8552113334772214,0.5443245604657315,0.22,-4.18,9.040000000000001,1.765,0.843624472618103,0.0,0.06458567082881927,0.0,1.0,7.9,0.025,True,True,False
17.668863773345947,forward_010,7.668863773345947,0.1,0.0,0.0,-1.0351984125891367,0.3239767424014474,-0.2716168648416175,-0.46,1.87,9.33,1.765,0.7258540987968445,0.0,0.13952539302408695,0.0,1.0,6.9,2.6959999999999997,True,True,False
17.689477920532227,forward_010,7.689477920532227,0.1,0.0,0.0,-0.5945027764605685,0.4243331743911214,-0.2977968036215325,-3.5500000000000003,-4.88,5.94,2.225,0.8853405117988586,0.0,0.10258191451430321,0.0,1.0,6.9,2.6959999999999997,True,True,False
17.70986318588257,forward_010,7.709863185882568,0.1,0.0,0.0,0.1189005552921137,0.2552544031041707,0.5323254218582705,-3.66,-6.7700000000000005,9.77,1.918,0.8650217652320862,0.0,0.11053112149238586,0.0,1.0,6.9,2.6959999999999997,True,True,False
17.730315923690796,forward_010,7.730315923690796,0.1,0.0,0.0,0.7941248096574199,-0.07417649320975901,0.31306843457648287,-3.66,-6.7700000000000005,9.77,1.151,0.9590066075325012,0.07142857142857142,0.16801798716187477,0.0,1.0,6.9,2.6959999999999997,True,True,False
17.750691175460815,forward_010,7.750691175460815,0.1,0.0,0.0,1.0133817969392076,0.055632369907319255,-0.3534291735288517,-1.19,-2.6,6.32,1.151,0.8968714475631714,0.0,0.0606146864593029,0.0,1.0,6.9,2.6959999999999997,True,True,False
17.77106475830078,forward_010,7.771064758300781,0.1,0.0,0.0,0.9479319499894202,-0.27379852640661045,0.41015237421866746,0.29,-4.87,5.45,1.458,0.9166498184204102,0.0,0.054078180342912674,0.0,1.0,6.9,2.6959999999999997,True,True,False
17.79143261909485,forward_010,7.791432619094849,0.1,0.0,0.0,1.2839078309983287,-0.4908738521234052,1.4202616788103857,-3.67,-4.99,6.54,1.534,0.9330590963363647,0.0,0.11074506118893623,0.0,1.0,6.9,2.6959999999999997,True,True,False
17.811815977096558,forward_010,7.811815977096558,0.1,0.0,0.0,1.7573283906017905,-0.385063266221249,1.2577278922184136,-5.11,3.23,6.12,2.8389999999999995,0.9647823572158813,0.07142857142857142,0.10414673294872046,0.0,1.0,6.9,2.6959999999999997,True,True,False
17.832188606262207,forward_010,7.832188606262207,0.1,0.0,0.0,1.878410607458897,-0.44833145160604343,0.22362031041177347,1.07,-3.29,5.75,2.992,0.9371339082717896,0.0,0.10418908298015594,1.0,1.0,6.9,2.6959999999999997,True,True,False
17.852564096450806,forward_010,7.852564096450806,0.1,0.0,0.0,1.6493361431346414,-0.7973973020049093,0.14726215563702155,1.25,-1.36,3.11,1.074,0.9018531441688538,0.0,0.06567849963903427,1.0,1.0,6.9,2.6959999999999997,True,True,False
17.872944116592407,forward_010,7.872944116592407,0.1,0.0,0.0,1.9264071618887413,-0.4537856055185257,1.2086405070060733,1.25,-1.36,3.11,1.458,0.9171398878097534,0.0,0.05298639927059412,1.0,0.0,7.6,0.852,True,True,False
17.893360137939453,forward_010,7.893360137939453,0.1,0.0,0.0,1.421352509592882,0.04799655442984406,1.036289243371633,1.25,-1.36,3.11,1.918,0.9608172178268433,0.07142857142857142,0.10836980398744345,1.0,0.0,7.6,0.852,True,True,False
17.91375184059143,forward_010,7.913751840591431,0.1,0.0,0.0,1.421352509592882,0.04799655442984406,1.036289243371633,-1.3800000000000001,7.43,8.11,1.688,0.9448034167289734,0.0,0.05597904324531555,1.0,0.0,7.6,0.852,True,True,False
17.934300661087036,forward_010,7.934300661087036,0.1,0.0,0.0,1.421352509592882,0.04799655442984406,1.036289243371633,-1.3800000000000001,7.43,8.11,2.148,0.9404084086418152,0.0,0.04698982089757919,1.0,0.0,7.6,0.852,True,True,False
17.95477271080017,forward_010,7.954772710800171,0.1,0.0,0.0,-0.3141592653589793,1.1639164449237185,-0.2781618495365963,-1.59,0.46,5.64,2.992,0.9471055865287781,0.0,0.1826329007744789,1.0,0.0,7.6,0.852,True,True,False
17.97515034675598,forward_010,7.9751503467559814,0.1,0.0,0.0,-0.9533861039019025,0.8104872713948668,-0.4406956361285682,-5.7700000000000005,4.55,3.47,3.069,0.977792501449585,0.07142857142857142,0.14778183866292238,1.0,0.0,7.6,0.852,True,True,False
17.99552297592163,forward_010,7.995522975921631,0.1,0.0,0.0,-0.9272061651219876,0.16253378659197193,-0.6032294227205401,-3.85,1.26,8.63,2.915,0.9374534487724304,0.0,0.06596418097615242,1.0,0.0,7.6,0.852,True,True,False
18.01594352722168,stop_after_010,0.015943527221679688,0.0,0.0,0.0,-0.7984881327874057,0.46469391334349025,0.16253378659197193,-3.85,1.26,8.63,1.995,0.9252010583877563,0.0,0.12693190947175026,1.0,0.0,7.6,0.852,True,True,False
18.036319494247437,stop_after_010,0.03631949424743652,0.0,0.0,0.0,-0.8933904108645975,0.1734420944169365,0.017453292519943295,-3.85,1.26,8.63,2.992,0.8870285153388977,0.0,0.09602886065840721,1.0,0.0,7.6,0.852,True,True,False
18.056796073913574,stop_after_010,0.05679607391357422,0.0,0.0,0.0,-0.9392053037294485,0.037088246604879506,-0.05126904677733343,-4.5200000000000005,3.5700000000000003,7.5600000000000005,2.8389999999999995,0.8177498579025269,0.0,0.04141071159392595,1.0,0.0,7.6,0.852,True,True,False
18.077255725860596,stop_after_010,0.0772557258605957,0.0,0.0,0.0,-1.1322823522313212,-0.46142142099600086,0.0916297857297023,-2.7600000000000002,-1.55,8.94,1.534,0.7700535655021667,0.0,0.07385509740561247,1.0,0.0,7.7,0.9740000000000001,True,True,False
18.097625017166138,stop_after_010,0.0976250171661377,0.0,0.0,0.0,-1.313360262125733,-0.7417649320975901,0.5214171140333059,-3.63,3.3200000000000003,6.44,1.765,0.7977784276008606,0.0,0.026051913388073437,1.0,1.0,7.7,0.9740000000000001,True,True,False
18.11799192428589,stop_after_010,0.11799192428588867,0.0,0.0,0.0,-1.3951725708129672,-1.3286318930806833,0.038179077387375956,1.09,5.76,9.700000000000001,1.688,0.8372615575790405,0.0,0.029334671795368195,1.0,1.0,7.7,0.9740000000000001,True,True,False
18.138439893722534,stop_after_010,0.13843989372253418,0.0,0.0,0.0,-1.2740903539558606,-1.5369805725375065,-1.1868238913561442,1.09,5.76,9.700000000000001,1.381,0.8502501845359802,0.0,0.05891485698521137,0.0,1.0,7.7,0.9740000000000001,True,True,False
18.158815383911133,stop_after_010,0.1588153839111328,0.0,0.0,0.0,-1.2042771838760873,-0.4232423436086249,-1.9274979926712377,-7.96,-4.89,9.32,0.767,0.7739156484603882,0.0,0.0715901330113411,0.0,1.0,7.7,0.9740000000000001,True,True,False
18.17923641204834,stop_after_010,0.17923641204833984,0.0,0.0,0.0,-0.4177881896961426,-0.0818123086872342,-0.6326818538479445,-7.96,-4.89,9.32,0.767,0.8652500510215759,0.0,0.06372904777526855,0.0,1.0,7.7,0.9740000000000001,True,True,False
18.199602365493774,stop_after_010,0.19960236549377441,0.0,0.0,0.0,0.4406956361285682,-0.5159629601208237,-0.7941248096574199,-0.55,-7.13,9.27,1.074,0.8397235870361328,0.0,0.09641471318900585,0.0,1.0,7.7,0.9740000000000001,True,True,False
18.219972610473633,stop_after_010,0.2199726104736328,0.0,0.0,0.0,0.4985096676008804,-0.20289452554434081,-0.8083056098298739,-0.22,-3.6,6.07,0.6899999999999998,0.8652470111846924,0.0,0.039048194885253906,0.0,1.0,7.7,0.9740000000000001,True,True,False
18.24036145210266,stop_after_010,0.24036145210266113,0.0,0.0,0.0,0.47123889803846897,-0.34797501961636945,-0.23343778745424157,-2.62,-5.2700000000000005,6.53,0.614,0.8930632472038269,0.0,0.03299364447593689,0.0,1.0,7.7,0.9740000000000001,True,True,False
18.260717153549194,stop_after_010,0.26071715354919434,0.0,0.0,0.0,0.27598018797160334,-0.39706240482870997,0.29561514205653955,-6.88,-3.27,5.28,0.614,0.8554266691207886,0.0,0.059413463226519525,0.0,1.0,7.7,0.9740000000000001,True,True,False
18.28109121322632,stop_after_010,0.28109121322631836,0.0,0.0,0.0,0.04363323129985824,-0.44724062082354693,-0.5279620987282847,-3.75,-4.37,6.68,0.384,0.8657253980636597,0.0,0.05825457884930074,0.0,1.0,7.8,0.337,True,True,False
18.301464080810547,stop_after_010,0.3014640808105469,0.0,0.0,0.0,0.20180369476184434,-0.8323038870447959,-0.2879793265790644,-3.75,-4.37,6.68,0.46,0.8906523585319519,0.0,0.028310291469097137,0.0,1.0,7.8,0.337,True,True,False
18.32183337211609,stop_after_010,0.32183337211608887,0.0,0.0,0.0,0.2628902185816459,-0.4385139745635753,0.7624907169650227,-2.66,-1.28,7.54,0.6899999999999998,0.8851712346076965,0.0,0.047570519149303436,1.0,1.0,7.8,0.337,True,True,False
18.34228777885437,stop_after_010,0.3422877788543701,0.0,0.0,0.0,0.17562375598192942,-0.5290529295107811,0.791943148092427,-1.24,-0.61,9.22,0.614,0.8872635364532471,0.0,0.02657464426010847,1.0,1.0,7.8,0.337,True,True,False
18.362690210342407,stop_after_010,0.3626902103424072,0.0,0.0,0.0,-0.09381144729469522,-0.5563236990731926,-0.1636246173744684,-2.59,0.18,8.86,0.384,0.9394776225090027,0.0,0.04740751534700394,1.0,1.0,7.8,0.337,True,True,False
18.383063793182373,stop_after_010,0.38306379318237305,0.0,0.0,0.0,0.12980886311707826,-0.5181446216858165,-0.1090830782496456,-2.59,0.18,8.86,0.46,0.9378818273544312,0.0,0.005167212337255478,1.0,1.0,7.8,0.337,True,True,False
18.40345525741577,stop_after_010,0.4034552574157715,0.0,0.0,0.0,0.28579766501407144,-0.6839509006252779,-0.4537856055185257,-2.59,0.18,8.86,0.537,0.9449672698974609,0.0,0.011835009325295687,1.0,1.0,7.8,0.337,True,True,False
18.42383050918579,stop_after_010,0.423830509185791,0.0,0.0,0.0,0.20616701789183017,-0.6861325621902709,-0.6501351463678877,-0.45,0.24,8.41,0.537,0.9324511289596558,0.0,0.013352539390325546,1.0,1.0,7.8,0.337,True,True,False
18.4442138671875,stop_after_010,0.4442138671875,0.0,0.0,0.0,0.1341721862470641,-0.8170322560898455,-0.6010477611555473,0.23,0.21,8.55,0.384,0.9262848496437073,0.0,0.004737485200166702,1.0,1.0,7.8,0.337,True,True,False
18.46466851234436,stop_after_010,0.46466851234436035,0.0,0.0,0.0,-0.02399827721492203,-0.6043202535030366,-0.4046982203061852,-0.48,-0.12,9.25,0.307,0.9310318827629089,0.0,0.00760062038898468,1.0,1.0,7.8,0.337,True,True,False
18.485089540481567,stop_after_010,0.4850895404815674,0.0,0.0,0.0,-0.13962634015954636,-0.4046982203061852,-0.11126473981463851,-0.23,-0.25,9.55,0.23,0.928519606590271,0.0,0.018993020057678223,1.0,1.0,7.9,0.12800000000000003,True,True,False
18.50727081298828,stop_after_010,0.5072708129882812,0.0,0.0,0.0,-0.30652344988150415,-0.3108867730114899,0.36979163526629855,0.13,-0.96,9.39,0.46,0.911021888256073,0.0,0.028861992061138153,1.0,1.0,7.9,0.12800000000000003,True,True,False
18.527768850326538,stop_after_010,0.5277688503265381,0.0,0.0,0.0,-0.35779249665883756,-0.07635815477475191,0.8770279491271507,-0.37,-1.97,9.02,0.307,0.8480701446533203,0.0,0.034221659414470196,1.0,1.0,7.9,0.12800000000000003,True,True,False
18.548144817352295,stop_after_010,0.5481448173522949,0.0,0.0,0.0,-0.3741549583962844,-0.06435901616729091,1.064650843716541,-1.1400000000000001,-0.01,9.71,0.307,0.8367874622344971,0.0,0.007987499237060547,1.0,1.0,7.9,0.12800000000000003,True,True,False
18.56852102279663,stop_after_010,0.5685210227966309,0.0,0.0,0.0,-0.36760997370130566,-0.055632369907319255,0.42215151282612845,-1.16,-0.44,9.72,0.614,0.8887560367584229,0.0,0.03715720772743225,1.0,1.0,7.9,0.12800000000000003,True,True,False
18.58890652656555,stop_after_010,0.5889065265655518,0.0,0.0,0.0,-0.21380283336930536,-0.03599741582238305,-0.006544984694978736,-0.81,0.47000000000000003,8.77,0.844,0.9026079773902893,0.0,0.02976399101316929,1.0,1.0,7.9,0.12800000000000003,True,True,False
18.60944104194641,stop_after_010,0.6094410419464111,0.0,0.0,0.0,-0.25634523388666713,-0.028361600344907856,-0.34033920413889424,-1.46,-1.01,8.58,0.6899999999999998,0.9053972959518433,0.0,0.018272660672664642,1.0,1.0,7.9,0.12800000000000003,True,True,False
18.629822492599487,stop_after_010,0.6298224925994873,0.0,0.0,0.0,-0.12435470920459599,0.0272707695624114,-0.5715953300281429,-1.46,-1.01,8.58,0.6899999999999998,0.9165542125701904,0.0,0.016118676052428782,1.0,1.0,7.9,0.12800000000000003,True,True,False
18.65021300315857,stop_after_010,0.6502130031585693,0.0,0.0,0.0,0.002181661564992912,0.1341721862470641,-0.6599526234103559,-1.18,-2.62,9.56,0.614,0.9243699312210083,0.0,0.019003264023922384,1.0,1.0,7.9,0.12800000000000003,True,True,False
18.67058515548706,stop_after_010,0.6705851554870605,0.0,0.0,0.0,0.16144295580947549,-0.14944381720201447,-0.5301437602932776,-0.33,-2.19,9.25,0.614,0.9273342490196228,0.0,0.019463762640953064,1.0,1.0,7.9,0.12800000000000003,True,True,False
18.690963745117188,stop_after_010,0.6909637451171875,0.0,0.0,0.0,0.07635815477475191,-0.23125612588924865,-0.2683443724941282,-0.18,-2.63,9.07,0.6899999999999998,0.9216507077217102,0.0,0.01357455924153328,1.0,1.0,7.8,0.16600000000000004,True,True,False
18.711370944976807,stop_after_010,0.7113709449768066,0.0,0.0,0.0,-0.03599741582238305,-0.3010692959690218,0.1189005552921137,-0.55,-2.3000000000000003,8.870000000000001,0.614,0.9200103878974915,0.0,0.017506323754787445,1.0,1.0,7.8,0.16600000000000004,True,True,False
18.731751441955566,stop_after_010,0.7317514419555664,0.0,0.0,0.0,0.04908738521234052,-0.31306843457648287,0.5530512067257032,-0.73,-1.87,9.040000000000001,0.46,0.9075393676757812,0.0,0.024330006912350655,1.0,1.0,7.8,0.16600000000000004,True,True,False
18.75212264060974,stop_after_010,0.7521226406097412,0.0,0.0,0.0,0.04363323129985824,-0.3425208657038872,0.6806784082777885,-0.11,-0.61,8.06,0.537,0.8928274512290955,0.0,0.01146223396062851,1.0,1.0,7.8,0.16600000000000004,True,True,False
18.772494554519653,stop_after_010,0.7724945545196533,0.0,0.0,0.0,-0.13308135546456762,-0.22362031041177347,0.5137812985558308,-0.79,-0.24,9.36,0.537,0.8932725787162781,0.0,0.008353643119335175,1.0,1.0,7.8,0.16600000000000004,True,True,False
18.792869091033936,stop_after_010,0.7928690910339355,0.0,0.0,0.0,-0.21380283336930536,-0.16798794050445423,0.44724062082354693,-0.79,-0.24,9.36,0.6899999999999998,0.8862531781196594,0.0,0.008595019578933716,1.0,1.0,7.8,0.16600000000000004,True,True,False
18.81324315071106,stop_after_010,0.8132431507110596,0.0,0.0,0.0,-0.2945243112740431,0.001090830782496456,-0.00545415391248228,-1.01,0.29,8.85,0.614,0.8939133882522583,0.0,0.009461313486099243,1.0,1.0,7.8,0.16600000000000004,True,True,False
18.833618879318237,stop_after_010,0.8336188793182373,0.0,0.0,0.0,-0.23234695667174513,-0.10799224746714914,-0.47669305195095124,-1.01,0.29,8.85,0.6899999999999998,0.9031915068626404,0.0,0.023166172206401825,1.0,1.0,7.8,0.16600000000000004,True,True,False
18.85400128364563,stop_after_010,0.8540012836456299,0.0,0.0,0.0,-0.16798794050445423,-0.017453292519943295,-0.5999569303730508,-0.19,-1.3800000000000001,9.14,0.537,0.9022272825241089,0.0,0.006014741957187653,1.0,1.0,7.8,0.16600000000000004,True,True,False
18.874473571777344,stop_after_010,0.8744735717773438,0.0,0.0,0.0,-0.0916297857297023,-0.1734420944169365,-0.5519603759432067,-0.21,-2.02,9.22,0.537,0.9051714539527893,0.0,0.007120974361896515,1.0,1.0,7.8,0.16600000000000004,True,True,False
18.894858360290527,stop_after_010,0.8948583602905273,0.0,0.0,0.0,-0.05890486225480862,-0.14508049407202864,-0.4723297288209654,-0.34,-2.17,9.51,0.384,0.9057967066764832,0.0,0.0023100078105926514,1.0,1.0,7.9,0.17800000000000002,True,True,False
18.915950775146484,stop_after_010,0.9159507751464844,0.0,0.0,0.0,-0.006544984694978736,-0.14944381720201447,-0.31525009614147576,-0.02,-2.05,9.13,0.307,0.9070050120353699,0.0,0.00741228461265564,1.0,1.0,7.9,0.17800000000000002,True,True,False
18.936326265335083,stop_after_010,0.936326265335083,0.0,0.0,0.0,-0.007635815477475192,-0.13744467859455345,0.12871803233458182,0.47000000000000003,-2.32,7.7700000000000005,0.384,0.9028952717781067,0.0,0.01762814074754715,1.0,1.0,7.9,0.17800000000000002,True,True,False
18.956695556640625,stop_after_010,0.956695556640625,0.0,0.0,0.0,-0.015271630954950384,-0.15817046346198613,0.3741549583962844,0.4,-1.84,8.89,0.307,0.8980066180229187,0.0,0.0075029656291007996,1.0,1.0,7.9,0.17800000000000002,True,True,False
18.977062463760376,stop_after_010,0.977062463760376,0.0,0.0,0.0,-0.04145156973486533,-0.18762289458939044,0.5181446216858165,-0.5700000000000001,-1.9000000000000001,8.9,0.23,0.8915534019470215,0.0,0.008609828539192677,1.0,1.0,7.9,0.17800000000000002,True,True,False
18.9974308013916,stop_after_010,0.9974308013916016,0.0,0.0,0.0,-0.10581058590215622,-0.2476185876266955,0.48651052899341934,-0.44,-1.23,9.22,0.384,0.8911328315734863,0.0,0.0029099807143211365,1.0,1.0,7.9,0.17800000000000002,True,True,False
19.017801761627197,stop_after_010,1.0178017616271973,0.0,0.0,0.0,-0.1538071403320003,-0.1189005552921137,0.2999784651865254,-1.8,-0.41000000000000003,9.14,0.307,0.8988775014877319,0.0,0.006673306226730347,1.0,1.0,7.9,0.17800000000000002,True,True,False
19.038264274597168,stop_after_010,1.038264274597168,0.0,0.0,0.0,-0.16689710972195776,-0.17235126363444003,-0.04581489286485115,-0.46,-1.12,9.49,0.384,0.9031133055686951,0.0,0.016727738082408905,1.0,1.0,7.9,0.17800000000000002,True,True,False
19.058730363845825,stop_after_010,1.0587303638458252,0.0,0.0,0.0,-0.17889624832941878,-0.0818123086872342,-0.24107360293171676,0.11,-0.97,9.33,0.23,0.9048236608505249,0.0,0.002982012927532196,1.0,1.0,7.9,0.17800000000000002,True,True,False
19.07910180091858,stop_after_010,1.079101800918579,0.0,0.0,0.0,-0.11453723216212788,-0.15707963267948966,-0.3817907738737596,-0.21,-1.37,9.5,0.153,0.9079245924949646,0.0,0.008311785757541656,1.0,1.0,7.9,0.17800000000000002,True,True,False
19.099475860595703,stop_after_010,1.0994758605957031,0.0,0.0,0.0,-0.032724923474893676,-0.13853550937704992,-0.4079707126536745,-0.34,-1.61,9.55,0.153,0.91141676902771,0.0,0.004552386701107025,1.0,1.0,7.8,0.2,True,True,False
19.11984395980835,stop_after_010,1.1198439598083496,0.0,0.0,0.0,0.03490658503988659,-0.06763150851478027,-0.29888763440402893,-0.34,-1.61,9.55,0.077,0.9140771627426147,0.0,0.004433333873748779,1.0,1.0,7.8,0.2,True,True,False
19.140228271484375,stop_after_010,1.140228271484375,0.0,0.0,0.0,0.001090830782496456,0.026179938779914945,-0.15162547876700738,0.25,-1.52,8.35,0.153,0.9105082750320435,0.0,0.008069761097431183,1.0,1.0,7.8,0.2,True,True,False
19.160614252090454,stop_after_010,1.160614252090454,0.0,0.0,0.0,-0.022907446432425576,-0.1341721862470641,-0.022907446432425576,0.11,-2.11,9.4,0.153,0.9135382771492004,0.0,0.0050348639488220215,1.0,1.0,7.8,0.2,True,True,False
19.18098258972168,stop_after_010,1.1809825897216797,0.0,0.0,0.0,0.02399827721492203,-0.14835298641951802,0.2596177262341565,0.3,-1.69,9.13,0.077,0.911539614200592,0.0,0.010058671236038208,1.0,1.0,7.8,0.2,True,True,False
19.2013521194458,stop_after_010,1.2013521194458008,0.0,0.0,0.0,-0.039269908169872414,-0.17453292519943295,0.22689280275926285,-0.46,-1.55,9.38,0.077,0.9118877053260803,0.0,0.003336794674396515,1.0,1.0,7.8,0.2,True,True,False
19.221718311309814,stop_after_010,1.2217183113098145,0.0,0.0,0.0,-0.06763150851478027,-0.1090830782496456,0.13199052468207118,-0.25,-1.17,9.32,0.153,0.9106674790382385,0.0,0.0044126370921730995,1.0,1.0,7.8,0.2,True,True,False
19.242130756378174,stop_after_010,1.2421307563781738,0.0,0.0,0.0,-0.04799655442984406,-0.07853981633974483,0.008726646259971648,0.08,-1.27,9.21,0.0,0.9121923446655273,0.0,0.0037588439881801605,1.0,1.0,7.8,0.2,True,True,False
19.26250410079956,stop_after_010,1.2625041007995605,0.0,0.0,0.0,-0.050178215994836975,-0.05126904677733343,-0.07744898555724837,0.35000000000000003,-1.58,9.08,0.153,0.9126105308532715,0.0,0.0018836650997400284,1.0,1.0,7.8,0.2,True,True,False
19.28298807144165,stop_after_010,1.2829880714416504,0.0,0.0,0.0,-0.06217735460229799,-0.07963064712224129,-0.05781403147231216,0.37,-1.53,9.09,0.153,0.9125581979751587,0.0,0.001687265932559967,1.0,1.0,7.8,0.2,True,True,False
19.303366899490356,stop_after_010,1.3033668994903564,0.0,0.0,0.0,-0.08835729338221293,-0.0719948316447661,-0.12326387842209953,-0.19,-2.13,9.51,0.077,0.9116618037223816,0.0,0.004461310803890228,1.0,1.0,7.8,0.22600000000000003,True,True,False
19.32373595237732,stop_after_010,1.3237359523773193,0.0,0.0,0.0,-0.02945243112740431,-0.06326818538479445,-0.03490658503988659,0.21,-1.69,9.21,0.077,0.9106799364089966,0.0,0.0043556541204452515,1.0,1.0,7.8,0.22600000000000003,True,True,False
19.344124794006348,stop_after_010,1.3441247940063477,0.0,0.0,0.0,0.017453292519943295,-0.061086523819801536,-0.014180800172453928,0.19,-1.76,9.31,0.153,0.9090994596481323,0.0,0.0010793805122375488,1.0,1.0,7.8,0.22600000000000003,True,True,False
19.364598989486694,stop_after_010,1.3645989894866943,0.0,0.0,0.0,0.017453292519943295,-0.044724062082354694,0.030543261909900768,0.09,-1.6300000000000001,9.14,0.077,0.9058766961097717,0.0,0.0012225955724716187,1.0,1.0,7.8,0.22600000000000003,True,True,False
19.38497805595398,stop_after_010,1.3849780559539795,0.0,0.0,0.0,0.003272492347489368,-0.05781403147231216,0.003272492347489368,0.05,-1.45,9.21,0.0,0.9048852920532227,0.0,0.002041153609752655,1.0,1.0,7.8,0.22600000000000003,True,True,False
19.405349254608154,stop_after_010,1.4053492546081543,0.0,0.0,0.0,-0.007635815477475192,-0.026179938779914945,-0.011999138607461015,0.04,-1.52,9.23,0.0,0.902968168258667,0.0,0.0005891919136047363,1.0,1.0,7.8,0.22600000000000003,True,True,False
19.425761699676514,stop_after_010,1.4257616996765137,0.0,0.0,0.0,-0.002181661564992912,-0.03490658503988659,-0.00545415391248228,0.26,-1.49,9.290000000000001,0.0,0.902105450630188,0.0,0.001252107322216034,1.0,1.0,7.8,0.22600000000000003,True,True,False
19.446152925491333,stop_after_010,1.446152925491333,0.0,0.0,0.0,-0.02181661564992912,-0.007635815477475192,-0.008726646259971648,0.15,-1.5,9.14,0.077,0.901211678981781,0.0,0.0006376504898071289,1.0,1.0,7.8,0.22600000000000003,True,True,False
19.466562747955322,stop_after_010,1.4665627479553223,0.0,0.0,0.0,-0.02399827721492203,-0.019634954084936207,-0.016362461737446838,0.11,-1.6600000000000001,9.4,0.153,0.9015735983848572,0.0,0.0009526833891868591,1.0,1.0,7.8,0.22600000000000003,True,True,False
19.48693609237671,stop_after_010,1.486936092376709,0.0,0.0,0.0,-0.0272707695624114,-0.01090830782496456,0.020725784867432664,0.22,-1.6500000000000001,9.05,0.077,0.9009198546409607,0.0,0.0015102773904800415,1.0,1.0,7.8,0.22600000000000003,True,True,False
19.507315397262573,stop_after_010,1.5073153972625732,0.0,0.0,0.0,-0.03381575425739013,-0.019634954084936207,0.05235987755982989,0.21,-1.69,8.89,0.0,0.900668203830719,0.0,0.0012660101056098938,1.0,1.0,7.8,0.23800000000000002,True,True,False
19.52910351753235,stop_after_010,1.5291035175323486,0.0,0.0,0.0,-0.016362461737446838,-0.014180800172453928,0.06544984694978735,0.0,-1.57,9.4,0.0,0.9024105072021484,0.0,0.0009099617600440979,1.0,1.0,7.8,0.23800000000000002,True,True,False
19.549484968185425,stop_after_010,1.5494849681854248,0.0,0.0,0.0,-0.02181661564992912,-0.00545415391248228,0.032724923474893676,0.11,-1.73,9.26,0.0,0.9030008912086487,0.0,0.0006894692778587341,1.0,1.0,7.8,0.23800000000000002,True,True,False
19.569864988327026,stop_after_010,1.5698649883270264,0.0,0.0,0.0,-0.011999138607461015,0.013089969389957472,0.02181661564992912,0.06,-1.71,8.91,0.0,0.9037768840789795,0.0,0.001352153718471527,1.0,1.0,7.8,0.23800000000000002,True,True,False
19.590317964553833,stop_after_010,1.590317964553833,0.0,0.0,0.0,-0.006544984694978736,0.006544984694978736,-0.006544984694978736,0.06,-1.79,9.46,0.0,0.9057595133781433,0.0,0.0014421716332435608,1.0,1.0,7.8,0.23800000000000002,True,True,False
19.61076784133911,stop_after_010,1.6107678413391113,0.0,0.0,0.0,0.001090830782496456,0.011999138607461015,-0.03381575425739013,0.01,-1.82,8.97,0.077,0.9061042666435242,0.0,0.000941544771194458,1.0,1.0,7.8,0.23800000000000002,True,True,False
19.63114619255066,stop_after_010,1.6311461925506592,0.0,0.0,0.0,0.020725784867432664,-0.011999138607461015,-0.009817477042468103,0.09,-1.83,9.17,0.077,0.9076679348945618,0.0,0.0007793307304382324,1.0,1.0,7.8,0.23800000000000002,True,True,False
19.651525735855103,stop_after_010,1.6515257358551025,0.0,0.0,0.0,0.002181661564992912,-0.017453292519943295,0.001090830782496456,0.07,-1.68,9.28,0.0,0.9085379242897034,0.0,0.0010853856801986694,1.0,1.0,7.8,0.23800000000000002,True,True,False
19.67200207710266,stop_after_010,1.6720020771026611,0.0,0.0,0.0,0.001090830782496456,-0.02945243112740431,-0.00545415391248228,0.1,-1.3900000000000001,9.1,0.0,0.9095479249954224,0.0,0.0009290575981140137,1.0,1.0,7.8,0.23800000000000002,True,True,False
19.692372798919678,stop_after_010,1.6923727989196777,0.0,0.0,0.0,0.019634954084936207,-0.030543261909900768,-0.028361600344907856,0.14,-1.47,9.31,0.0,0.9113073348999023,0.0,0.0019374638795852661,1.0,1.0,7.8,0.23800000000000002,True,True,False
19.712764024734497,stop_after_010,1.712764024734497,0.0,0.0,0.0,0.008726646259971648,0.0,-0.019634954084936207,0.03,-1.52,9.11,0.0,0.9111087918281555,0.0,0.0019228681921958923,1.0,1.0,7.8,0.22,True,True,False
19.73312997817993,stop_after_010,1.7331299781799316,0.0,0.0,0.0,-0.011999138607461015,-0.00545415391248228,-0.025089107997418487,0.09,-1.57,9.11,0.0,0.9116771221160889,0.0,0.0004746764898300171,1.0,1.0,7.8,0.22,True,True,False
19.753609657287598,stop_after_010,1.7536096572875977,0.0,0.0,0.0,-0.008726646259971648,0.00545415391248228,0.007635815477475192,0.2,-1.6,9.18,0.0,0.9121289253234863,0.0,0.0016508698463439941,1.0,1.0,7.8,0.22,True,True,False
19.774065732955933,stop_after_010,1.7740657329559326,0.0,0.0,0.0,-0.006544984694978736,-0.007635815477475192,0.007635815477475192,0.03,-1.76,9.13,0.0,0.9126321077346802,0.0,0.0013458207249641418,1.0,1.0,7.8,0.22,True,True,False
19.794455528259277,stop_after_010,1.7944555282592773,0.0,0.0,0.0,-0.002181661564992912,-0.00545415391248228,0.019634954084936207,0.03,-1.7,9.16,0.0,0.9127359986305237,0.0,0.0009437426924705505,1.0,1.0,7.8,0.22,True,True,False
19.814828872680664,stop_after_010,1.814828872680664,0.0,0.0,0.0,-0.014180800172453928,-0.001090830782496456,0.018544123302439753,0.08,-1.6,9.14,0.0,0.9120121002197266,0.0,0.001098625361919403,1.0,1.0,7.8,0.22,True,True,False
19.835204362869263,stop_after_010,1.8352043628692627,0.0,0.0,0.0,-0.009817477042468103,0.003272492347489368,-0.016362461737446838,0.13,-1.74,9.22,0.0,0.9114157557487488,0.0,0.001155305653810501,1.0,1.0,7.8,0.22,True,True,False
19.855574369430542,stop_after_010,1.855574369430542,0.0,0.0,0.0,0.009817477042468103,-0.002181661564992912,-0.008726646259971648,0.09,-1.72,9.08,0.077,0.9103537201881409,0.0,0.0009403824806213379,1.0,1.0,7.8,0.22,True,True,False
19.875956773757935,stop_after_010,1.8759567737579346,0.0,0.0,0.0,0.001090830782496456,-0.008726646259971648,-0.008726646259971648,0.01,-1.71,9.24,0.077,0.9091089963912964,0.0,0.0009814947843551636,1.0,1.0,7.8,0.22,True,True,False
19.89637017250061,stop_after_010,1.8963701725006104,0.0,0.0,0.0,0.004363323129985824,-0.015271630954950384,0.008726646259971648,0.01,-1.52,9.13,0.077,0.9072394967079163,0.0,0.001085534691810608,1.0,1.0,7.8,0.22,True,True,False
19.916759252548218,stop_after_010,1.9167592525482178,0.0,0.0,0.0,0.007635815477475192,-0.022907446432425576,0.002181661564992912,0.34,-1.49,9.27,0.0,0.9054446220397949,0.0,0.0017416849732398987,1.0,1.0,7.8,0.22500000000000003,True,True,False
19.93720269203186,stop_after_010,1.9372026920318604,0.0,0.0,0.0,-0.01090830782496456,0.016362461737446838,-0.018544123302439753,0.13,-1.57,9.15,0.0,0.9031132459640503,0.0,0.0011108070611953735,1.0,1.0,7.8,0.22500000000000003,True,True,False
19.957603216171265,stop_after_010,1.9576032161712646,0.0,0.0,0.0,-0.00545415391248228,0.039269908169872414,-0.00545415391248228,0.23,-1.6,9.05,0.0,0.9009667038917542,0.0,0.000715300440788269,1.0,1.0,7.8,0.22500000000000003,True,True,False
19.978394031524658,stop_after_010,1.9783940315246582,0.0,0.0,0.0,-0.003272492347489368,-0.013089969389957472,0.007635815477475192,-0.05,-1.82,9.1,0.0,0.9006569385528564,0.0,0.002581290900707245,1.0,1.0,7.8,0.22500000000000003,True,True,False
19.99876856803894,stop_after_010,1.9987685680389404,0.0,0.0,0.0,-0.002181661564992912,0.030543261909900768,0.03381575425739013,0.0,-1.62,9.120000000000001,0.0,0.8996556997299194,0.0,0.001826167106628418,1.0,1.0,7.8,0.22500000000000003,True,True,False
20.019147157669067,forward_015,0.019147157669067383,0.15,0.0,0.0,-0.008726646259971648,-0.001090830782496456,-0.003272492347489368,0.14,-1.71,9.34,0.0,0.8468310236930847,0.0,0.22385919839143753,1.0,1.0,7.8,0.22500000000000003,True,True,False
20.039520263671875,forward_015,0.039520263671875,0.15,0.0,0.0,0.004363323129985824,0.022907446432425576,0.007635815477475192,0.13,-1.6500000000000001,9.1,0.0,0.9179808497428894,0.0,0.08329468697775155,1.0,1.0,7.8,0.22500000000000003,True,True,False
20.05988621711731,forward_015,0.05988621711730957,0.15,0.0,0.0,0.011999138607461015,-0.009817477042468103,-0.006544984694978736,0.05,-1.6600000000000001,9.27,0.537,0.9494866132736206,0.0,0.11397328600287437,1.0,1.0,7.8,0.22500000000000003,True,True,False
20.080271244049072,forward_015,0.08027124404907227,0.15,0.0,0.0,0.008726646259971648,0.014180800172453928,-0.007635815477475192,-0.05,-1.71,9.16,1.304,0.8926529288291931,0.0,0.12824755534529686,1.0,1.0,7.8,0.22500000000000003,True,True,False
20.10077404975891,forward_015,0.10077404975891113,0.15,0.0,0.0,0.17562375598192942,0.07744898555724837,-0.061086523819801536,-0.05,-1.71,9.16,1.6110000000000002,0.9471828937530518,0.0,0.05991297774016857,1.0,1.0,7.8,0.22500000000000003,True,True,False
20.121266841888428,forward_015,0.12126684188842773,0.15,0.0,0.0,0.7046766854927106,0.49960049838337683,-0.5519603759432067,1.3,2.32,9.55,2.762,0.9195629358291626,0.0,0.06568763963878155,1.0,1.0,7.8,0.32400000000000007,True,True,False
20.141640186309814,forward_015,0.14164018630981445,0.15,0.0,0.0,1.0635600129340446,0.7864889941799448,-1.349357677948116,1.3,2.32,9.55,2.915,0.9381242394447327,0.0,0.14317945949733257,1.0,1.0,7.8,0.32400000000000007,True,True,False
20.162074089050293,forward_015,0.16207408905029297,0.15,0.0,0.0,0.9206611804270088,0.9741118887693352,-1.9013180538913228,2.44,-2.79,7.26,2.455,0.9827648401260376,0.07142857142857142,0.17311333492398262,1.0,1.0,7.8,0.32400000000000007,True,True,False
20.18251943588257,forward_015,0.18251943588256836,0.15,0.0,0.0,0.7777623479199731,0.9522952731194061,-2.1620266109079758,1.07,-3.39,6.19,2.071,0.9884947538375854,0.07142857142857142,0.16683796048164368,1.0,1.0,7.8,0.32400000000000007,True,True,False
20.202890634536743,forward_015,0.20289063453674316,0.15,0.0,0.0,0.8672104720846825,1.2828170002158321,-2.171844087950444,-2.89,-0.31,8.84,1.151,0.9776803255081177,0.07142857142857142,0.11539942771196365,1.0,0.0,7.8,0.32400000000000007,True,True,False
20.223276138305664,forward_015,0.22327613830566406,0.15,0.0,0.0,0.2083486794568231,1.4682582332402296,-2.3681936287998058,-2.89,-0.31,8.84,1.918,0.979488730430603,0.14285714285714285,0.0948848519474268,1.0,1.0,7.8,0.32400000000000007,True,True,False
20.243653297424316,forward_015,0.2436532974243164,0.15,0.0,0.0,-0.19525871006686563,0.5508695451607103,-1.251182907523435,0.27,-0.52,9.25,2.762,0.9649295210838318,0.07142857142857142,0.08135385811328888,1.0,1.0,7.8,0.32400000000000007,True,True,False
20.264015674591064,forward_015,0.26401567459106445,0.15,0.0,0.0,-0.4559672670835186,-0.06763150851478027,-0.07417649320975901,0.47000000000000003,-2.11,3.31,2.455,0.8302192687988281,0.0,0.1754316637525335,1.0,1.0,7.8,0.32400000000000007,True,True,False
20.284390926361084,forward_015,0.284390926361084,0.15,0.0,0.0,-0.7526732399225546,-0.6206827152404835,0.5039638215133626,0.7000000000000001,-0.6900000000000001,5.14,2.532,0.8884232044219971,0.0,0.15692529582884163,1.0,0.0,7.8,0.32400000000000007,True,True,False
20.304762840270996,forward_015,0.3047628402709961,0.15,0.0,0.0,-1.064650843716541,0.33052172709642613,0.7428557628800865,0.7000000000000001,-0.6900000000000001,5.14,1.765,0.9187605977058411,0.0,0.2792288064956665,0.0,0.0,7.8,0.32400000000000007,True,True,False
20.325135946273804,forward_015,0.3251359462738037,0.15,0.0,0.0,-1.4584407561977617,0.7952156404399164,0.6239552075879728,-0.88,0.18,5.07,0.9970000000000001,0.8832628130912781,0.0,0.14902431517839432,0.0,1.0,7.1,2.8789999999999996,True,True,False
20.34549903869629,forward_015,0.34549903869628906,0.15,0.0,0.0,-1.3319043854281727,-0.14289883250703572,0.7417649320975901,7.37,-2.23,3.54,1.458,0.7004102468490601,0.0,0.19093729183077812,0.0,1.0,7.1,2.8789999999999996,True,True,False
20.365883111953735,forward_015,0.36588311195373535,0.15,0.0,0.0,-1.325359400733194,0.08399397025222712,1.3068152774307542,7.37,-2.23,3.54,2.225,0.7217603921890259,0.0,0.1445125788450241,0.0,1.0,7.1,2.8789999999999996,True,True,False
20.386329650878906,forward_015,0.38632965087890625,0.15,0.0,0.0,-0.21598449493429828,-0.16907877128695067,1.6329736813971947,7.37,-2.23,3.54,2.532,0.9474644660949707,0.0,0.1407844014465809,0.0,1.0,7.1,2.8789999999999996,True,True,False
20.406691551208496,forward_015,0.4066915512084961,0.15,0.0,0.0,-0.21598449493429828,-0.16907877128695067,1.6329736813971947,-1.22,-2.37,6.390000000000001,1.918,0.8641911745071411,0.0,0.20333725214004517,0.0,1.0,7.1,2.8789999999999996,True,True,False
20.42705273628235,forward_015,0.42705273628234863,0.15,0.0,0.0,-0.21598449493429828,-0.16907877128695067,1.6329736813971947,0.81,-7.69,7.18,2.225,0.7445657849311829,0.0,0.16313856840133667,0.0,1.0,7.1,2.8789999999999996,True,True,False
20.4474356174469,forward_015,0.4474356174468994,0.15,0.0,0.0,1.3209960776032081,-0.6294093615004551,1.557706357404939,0.81,-7.69,7.18,2.071,0.8498348593711853,0.0,0.26238003373146057,0.0,1.0,7.1,2.8789999999999996,True,True,False
20.467796802520752,forward_015,0.46779680252075195,0.15,0.0,0.0,1.545707218797478,-0.33488505022641196,3.0248737598626723,0.45,-5.82,6.45,1.6110000000000002,0.9060749411582947,0.0,0.2108982875943184,1.0,1.0,7.1,2.8789999999999996,True,True,False
20.488184690475464,forward_015,0.48818469047546387,0.15,0.0,0.0,1.714785990084429,-0.7864889941799448,2.3300145514124297,-1.41,-2.93,2.08,1.381,0.8694716095924377,0.0,0.07877591997385025,1.0,1.0,7.1,2.8789999999999996,True,True,False
20.508580207824707,forward_015,0.508580207824707,0.15,0.0,0.0,1.968949562406103,-0.4734205596034619,1.8118699297266134,-3.63,-0.78,8.8,1.688,0.9594665765762329,0.07142857142857142,0.06398732960224152,1.0,1.0,7.1,2.8789999999999996,True,True,False
20.5289945602417,forward_015,0.5289945602416992,0.15,0.0,0.0,1.662426112524599,0.001090830782496456,2.159844949342983,-3.63,-0.78,8.8,2.455,0.9604193568229675,0.07142857142857142,0.06768625229597092,1.0,1.0,7.3,1.8929999999999998,True,True,False
20.5506751537323,forward_015,0.5506751537322998,0.15,0.0,0.0,1.36353847812057,1.2479104151759457,0.9315694882519734,-2.61,5.24,7.15,2.685,0.870795726776123,0.0,0.09901716560125351,1.0,1.0,7.3,1.8929999999999998,True,True,False
20.571170806884766,forward_015,0.5711708068847656,0.15,0.0,0.0,1.4126258633329105,0.9730210579868387,-0.7090400086226963,-2.61,5.24,7.15,2.302,0.8806449174880981,0.0,0.17158001847565174,1.0,1.0,7.3,1.8929999999999998,True,True,False
20.59153962135315,forward_015,0.5915396213531494,0.15,0.0,0.0,1.4889840181076623,0.892299580082101,-1.6776977434795493,-2.61,5.24,7.15,1.841,0.9288595914840698,0.0,0.15246023051440716,1.0,1.0,7.3,1.8929999999999998,True,True,False
20.611916303634644,forward_015,0.6119163036346436,0.15,0.0,0.0,1.7911441448591807,0.533416252640767,-2.704169509808714,-2.61,5.24,7.15,1.688,0.9171455502510071,0.0,0.12048208527266979,1.0,0.0,7.3,1.8929999999999998,True,True,False
20.632404327392578,forward_015,0.6324043273925781,0.15,0.0,0.0,2.0180369476184437,0.37088246604879505,-3.6979163526629857,0.7000000000000001,1.1400000000000001,8.82,1.227,0.8702926635742188,0.0,0.04459967045113444,1.0,0.0,7.3,1.8929999999999998,True,True,False
20.652793645858765,forward_015,0.6527936458587646,0.15,0.0,0.0,1.8195057452040886,0.29343348049154666,-3.667373090753085,-1.24,0.6900000000000001,4.63,2.225,0.934301495552063,0.0,0.03827613219618797,1.0,0.0,7.3,1.8929999999999998,True,True,False
20.673160552978516,forward_015,0.6731605529785156,0.15,0.0,0.0,0.7821256710499589,0.031634092692397225,-3.845178508300007,2.27,-2.87,7.19,3.069,0.9165947437286377,0.0,0.13918167352676392,1.0,0.0,7.3,1.8929999999999998,True,True,False
20.693525791168213,forward_015,0.6935257911682129,0.15,0.0,0.0,0.7821256710499589,0.031634092692397225,-3.845178508300007,1.73,1.28,0.19,3.145,0.9609598517417908,0.07142857142857142,0.08630980271846056,1.0,0.0,7.3,1.8929999999999998,True,True,False
20.714005708694458,forward_015,0.714005708694458,0.15,0.0,0.0,0.7821256710499589,0.031634092692397225,-3.845178508300007,-5.61,5.84,9.68,3.069,0.9186261892318726,0.0,0.11779722309438512,1.0,0.0,7.3,1.8929999999999998,True,True,False
20.7344651222229,forward_015,0.7344651222229004,0.15,0.0,0.0,0.7821256710499589,0.031634092692397225,-3.845178508300007,-5.61,5.84,9.68,0.9970000000000001,0.9530571699142456,0.07142857142857142,0.10511096939444542,1.0,0.0,7.3,2.261,True,True,False
20.754836082458496,forward_015,0.7548360824584961,0.15,0.0,0.0,0.7821256710499589,0.031634092692397225,-3.845178508300007,-5.61,5.84,9.68,1.458,0.963991641998291,0.07142857142857142,0.02325458824634552,1.0,0.0,7.3,2.261,True,True,False
20.77520251274109,forward_015,0.7752025127410889,0.15,0.0,0.0,-1.0341075818066403,-1.335176877775662,-2.6289021858164587,-3.35,-0.84,5.68,1.6110000000000002,0.8849316239356995,0.0,0.2869204059243202,1.0,0.0,7.3,2.261,True,True,False
20.795563220977783,forward_015,0.7955632209777832,0.15,0.0,0.0,-1.3002702927357754,-1.4726215563702156,-2.0562160250058197,-4.01,-2.73,7.7,1.6110000000000002,0.9525162577629089,0.07142857142857142,0.0730208121240139,1.0,0.0,7.3,2.261,True,True,False
20.81605339050293,forward_015,0.8160533905029297,0.15,0.0,0.0,-1.696241866781989,-1.4049900478554354,-2.179479903427919,-1.29,-0.93,5.33,2.532,0.8936269283294678,0.0,0.04368176311254501,1.0,1.0,7.3,2.261,True,True,False
20.836427211761475,forward_015,0.8364272117614746,0.15,0.0,0.0,-1.9013180538913228,-2.0027653166634933,-1.3122694313432366,-0.46,0.59,6.57,2.225,0.9573984146118164,0.07142857142857142,0.12715085968375206,0.0,1.0,7.3,2.261,True,True,False
20.856804132461548,forward_015,0.8568041324615479,0.15,0.0,0.0,-2.1663899340379618,-2.067124332830784,-1.150826475533761,1.03,2.18,8.36,2.148,0.8593670129776001,0.0,0.1987360119819641,0.0,1.0,7.3,2.261,True,True,False
20.87728524208069,forward_015,0.8772852420806885,0.15,0.0,0.0,-1.0591966898040588,-1.153008137098754,-1.1093749057988957,1.03,2.18,8.36,3.145,0.9447548389434814,0.0,0.22915402799844742,0.0,1.0,7.3,2.261,True,True,False
20.89766550064087,forward_015,0.8976655006408691,0.15,0.0,0.0,-1.0591966898040588,-1.153008137098754,-1.1093749057988957,-2.63,-8.16,8.98,2.8389999999999995,0.9225588440895081,0.0,0.22763201594352722,0.0,1.0,7.3,2.261,True,True,False
20.918107271194458,forward_015,0.918107271194458,0.15,0.0,0.0,-1.0591966898040588,-1.153008137098754,-1.1093749057988957,0.25,-6.23,8.59,2.071,0.9695896506309509,0.14285714285714285,0.036030914168804884,0.0,1.0,7.3,2.261,True,True,False
20.93849515914917,forward_015,0.9384951591491699,0.15,0.0,0.0,0.1810779098944117,-0.12544553998709243,0.18980455615438332,-0.46,0.5700000000000001,9.44,2.071,0.9411407709121704,0.0,0.11935357796028256,0.0,1.0,7.5,1.0639999999999998,True,True,False
20.958872318267822,forward_015,0.9588723182678223,0.15,0.0,0.0,0.904298718689562,-1.4093533709854211,-0.44724062082354693,-0.46,0.5700000000000001,9.44,1.381,0.9816641211509705,0.21428571428571427,0.18299351073801517,1.0,1.0,7.5,1.0639999999999998,True,True,False
20.979270458221436,forward_015,0.9792704582214355,0.15,0.0,0.0,1.064650843716541,-1.2577278922184136,-0.39269908169872414,2.49,-2.24,3.7600000000000002,2.071,0.9739606976509094,0.07142857142857142,0.08400373160839081,1.0,1.0,7.5,1.0639999999999998,True,True,False
20.999635696411133,forward_015,0.9996356964111328,0.15,0.0,0.0,1.2500920767409385,-2.232930611770245,-0.6654067773228381,0.9,-0.4,3.13,2.148,0.9740150570869446,0.07142857142857142,0.037424176931381226,1.0,1.0,7.5,1.0639999999999998,True,True,False
21.020013570785522,forward_015,1.0200135707855225,0.15,0.0,0.0,0.6403176693254197,-2.234021442552742,-1.2380929381334775,-0.6900000000000001,-2.41,4.24,2.148,0.9800235629081726,0.14285714285714285,0.027929872274398804,1.0,1.0,7.5,1.0639999999999998,True,True,False
21.04040217399597,forward_015,1.0404021739959717,0.15,0.0,0.0,-0.5705044992456465,-1.631882850614698,-1.8293232222465567,-0.6900000000000001,-2.41,4.24,2.071,0.9929618835449219,0.21428571428571427,0.05763893947005272,1.0,1.0,7.5,1.0639999999999998,True,True,False
21.060887098312378,forward_015,1.060887098312378,0.15,0.0,0.0,-0.8181230868723419,-1.660244450959606,-2.5536348618242033,-0.6900000000000001,-2.41,4.24,2.148,0.9879843592643738,0.07142857142857142,0.07551101455464959,1.0,1.0,7.5,1.0639999999999998,True,True,False
21.081255197525024,forward_015,1.0812551975250244,0.15,0.0,0.0,-0.13199052468207118,-1.8598664841564574,-2.5798148006041184,-0.6900000000000001,-2.41,4.24,1.458,0.9146738648414612,0.0,0.13378154626116157,1.0,0.0,7.5,1.0639999999999998,True,True,False
21.10162925720215,forward_015,1.1016292572021484,0.15,0.0,0.0,0.18653206380689397,-2.6638087708563454,-1.9744037163185852,7.47,-2.54,7.95,1.304,0.8908728361129761,0.0,0.19696405809372663,1.0,0.0,7.5,1.0639999999999998,True,True,False
21.12206530570984,forward_015,1.1220653057098389,0.15,0.0,0.0,0.07635815477475191,-2.592904769994076,-1.4224433403753787,4.76,0.52,7.19,1.841,0.8372251391410828,0.0,0.09848630428314209,1.0,0.0,7.5,1.0639999999999998,True,True,False
21.142446756362915,forward_015,1.142446756362915,0.15,0.0,0.0,-0.18435040224190105,-2.7063511713737074,-1.2784536770858463,0.27,0.53,9.25,2.532,0.7476201057434082,0.0,0.09200341743417084,0.0,0.0,7.5,1.71,True,True,False
21.1628258228302,forward_015,1.1628258228302002,0.15,0.0,0.0,-0.23234695667174513,-2.655082124596374,-1.014472627721704,0.19,1.29,4.23,1.765,0.7672006487846375,0.0,0.08573297155089676,0.0,0.0,7.5,1.71,True,True,False
21.18318819999695,forward_015,1.1831881999969482,0.15,0.0,0.0,-0.037088246604879506,-2.6114488932965156,-0.5017821599483697,0.19,1.29,4.23,2.071,0.7041659355163574,0.0,0.04751252382993698,0.0,0.0,7.5,1.71,True,True,False
21.203673839569092,forward_015,1.2036738395690918,0.15,0.0,0.0,-0.011999138607461015,-1.7038776822594641,1.1780972450961724,6.18,-0.52,7.7700000000000005,2.378,0.7627073526382446,0.0,0.09861939400434494,0.0,1.0,7.5,1.71,True,True,False
21.22415065765381,forward_015,1.2241506576538086,0.15,0.0,0.0,-0.47778388273344774,-0.8333947178272924,1.9078630385863016,7.76,0.88,8.32,2.225,0.835128128528595,0.0,0.099546754732728,0.0,1.0,7.5,1.71,True,True,False
21.244555950164795,forward_015,1.244555950164795,0.15,0.0,0.0,-0.5661411761156606,-0.061086523819801536,1.9722220547535925,9.5,2.24,7.24,1.304,0.8691504001617432,0.0,0.16483710147440434,0.0,0.0,7.5,1.71,True,True,False
21.264938354492188,forward_015,1.2649383544921875,0.15,0.0,0.0,-0.6763150851478027,0.6708609312353204,1.8795014382413937,9.5,2.24,7.24,2.302,0.9103614687919617,0.0,0.13828619942069054,0.0,0.0,7.5,1.71,True,True,False
21.28535747528076,forward_015,1.2853574752807617,0.15,0.0,0.0,-0.5759586531581288,-0.006544984694978736,0.6752242543653062,9.5,2.24,7.24,2.378,0.9835000038146973,0.2857142857142857,0.14419805258512497,0.0,0.0,7.5,1.71,True,True,False
21.305837869644165,forward_015,1.305837869644165,0.15,0.0,0.0,-0.8432121948697605,0.48432886742842646,-0.032724923474893676,9.5,2.24,7.24,2.148,0.9294760227203369,0.0,0.19613739848136902,0.0,0.0,7.5,1.71,True,True,False
21.326339721679688,forward_015,1.3263397216796875,0.15,0.0,0.0,-0.9512044423369096,1.0897399517139594,0.10035643198967395,8.05,-1.59,4.8100000000000005,3.299,0.9272619485855103,0.0,0.058420928195118904,0.0,0.0,7.5,1.71,True,True,False
21.35020160675049,forward_015,1.3502016067504883,0.15,0.0,0.0,-0.7864889941799448,1.08646745936647,-0.42978732830360367,8.790000000000001,-5.64,6.98,3.069,0.949230432510376,0.0,0.057151131331920624,0.0,0.0,7.8,0.394,True,True,False
21.37129282951355,forward_015,1.3712928295135498,0.15,0.0,0.0,-0.12435470920459599,1.088649120931463,0.06217735460229799,4.89,-2.4,6.38,1.688,0.9501799941062927,0.07142857142857142,0.07017303816974163,0.0,0.0,7.8,0.394,True,True,False
21.39166784286499,forward_015,1.3916678428649902,0.15,0.0,0.0,0.8977537339945832,1.31117860056074,0.27052603405912107,6.04,-1.19,7.22,1.688,0.9407901167869568,0.0,0.057898472994565964,0.0,0.0,7.8,0.394,True,True,False
21.412038326263428,forward_015,1.4120383262634277,0.15,0.0,0.0,1.2228213071785272,2.004946978228486,0.20616701789183017,3.94,-2.04,6.88,1.381,0.8890386819839478,0.0,0.09235523885581642,0.0,0.0,7.8,0.394,True,True,False
21.432402849197388,forward_015,1.4324028491973877,0.15,0.0,0.0,1.5282539262775348,2.0376719017033795,0.2716168648416175,1.62,-3.33,5.38,0.844,0.8936986327171326,0.0,0.03825308009982109,0.0,0.0,7.8,0.394,True,True,False
21.452784538269043,forward_015,1.452784538269043,0.15,0.0,0.0,1.6787885742620456,2.1413008260405433,0.35561083509384467,3.44,-2.1,7.43,0.614,0.8783497214317322,0.0,0.04344003647565842,1.0,0.0,7.8,0.394,True,True,False
21.47316861152649,forward_015,1.4731686115264893,0.15,0.0,0.0,1.612247896529762,2.282017996982586,0.6643159465403417,2.3000000000000003,-1.8800000000000001,6.54,0.9970000000000001,0.7890069484710693,0.0,0.06174154579639435,1.0,0.0,7.8,0.394,True,True,False
21.4935622215271,forward_015,1.4935622215270996,0.15,0.0,0.0,1.3580843242080878,2.383465259754756,1.0657416744990376,3.17,-0.76,9.0,0.767,0.7489372491836548,0.0,0.02546922117471695,1.0,0.0,7.8,0.394,True,True,False
21.51394033432007,forward_015,1.5139403343200684,0.15,0.0,0.0,0.9413869652944415,2.5078199689593523,1.4148075248979033,3.17,-0.76,9.0,0.9210000000000002,0.6420356035232544,0.0,0.10829706117510796,1.0,0.0,7.8,0.394,True,True,False
21.534321069717407,forward_015,1.5343210697174072,0.15,0.0,0.0,0.8475755179997463,2.200205688295352,1.8435040224190107,3.17,-0.76,9.0,1.304,0.6238112449645996,0.0,0.07008260115981102,1.0,0.0,7.8,0.394,True,True,False
21.55470061302185,forward_015,1.5547006130218506,0.15,0.0,0.0,0.5999569303730508,1.870774791981422,1.8315048838115495,2.35,1.36,6.91,1.074,0.8339006900787354,0.0,0.10825865715742111,0.0,0.0,7.7,0.6030000000000001,True,True,False
21.576393127441406,forward_015,1.5763931274414062,0.15,0.0,0.0,0.40578905108868163,1.872956453546415,1.978767039448571,2.17,0.06,6.640000000000001,1.841,0.653760552406311,0.0,0.08244937285780907,0.0,0.0,7.7,0.6030000000000001,True,True,False
21.596767902374268,forward_015,1.5967679023742676,0.15,0.0,0.0,0.2748893571891069,1.995129501186018,1.959132085363635,0.64,0.65,5.7,1.918,0.7596598267555237,0.0,0.07930366322398186,0.0,1.0,7.7,0.6030000000000001,True,True,False
21.617167472839355,forward_015,1.6171674728393555,0.15,0.0,0.0,0.2923426497090502,1.8882280845013653,1.9274979926712377,0.47000000000000003,1.53,8.98,1.458,0.8186684250831604,0.0,0.10122565645724535,1.0,1.0,7.7,0.6030000000000001,True,True,False
21.637531757354736,forward_015,1.6375317573547363,0.15,0.0,0.0,0.29343348049154666,2.0823959637857343,1.9242255003237483,-1.3800000000000001,0.77,6.640000000000001,1.534,0.8288004398345947,0.0,0.10753659252077341,0.0,1.0,7.7,0.6030000000000001,True,True,False
21.65792155265808,forward_015,1.657921552658081,0.15,0.0,0.0,0.2585268954516601,1.7998707911191523,1.7420567596468401,-1.3800000000000001,0.77,6.640000000000001,1.381,0.7106963992118835,0.0,0.047863634303212166,0.0,1.0,7.7,0.6030000000000001,True,True,False
21.67839002609253,forward_015,1.6783900260925293,0.15,0.0,0.0,-0.23889194136672387,1.160643952576229,0.7079491778402,-1.3800000000000001,0.77,6.640000000000001,0.767,0.7171961069107056,0.0,0.06903115287423134,0.0,1.0,7.7,0.6030000000000001,True,True,False
21.69876503944397,forward_015,1.6987650394439697,0.15,0.0,0.0,-0.3861540970037454,0.9981101659842572,0.9162978572970231,-1.99,-1.02,6.08,0.9210000000000002,0.7752614617347717,0.0,0.027847571298480034,0.0,1.0,7.7,0.6030000000000001,True,True,False
21.719158411026,forward_015,1.719158411026001,0.15,0.0,0.0,-0.22689280275926285,0.4308781590861001,1.1900963837036334,-4.84,2.64,7.17,0.9210000000000002,0.838173508644104,0.0,0.07502985186874866,0.0,1.0,7.7,0.6030000000000001,True,True,False
21.739521741867065,forward_015,1.7395217418670654,0.15,0.0,0.0,-0.13744467859455345,0.1712604328519436,1.0210176124166828,-1.6500000000000001,-0.1,7.17,0.9970000000000001,0.8815082311630249,0.0,0.09037901647388935,0.0,1.0,7.7,0.6030000000000001,True,True,False
21.759902477264404,forward_015,1.7599024772644043,0.15,0.0,0.0,-0.2716168648416175,-0.12217304763960307,0.8519388411297321,-0.54,0.11,7.68,0.9210000000000002,0.868112325668335,0.0,0.11626550741493702,0.0,1.0,7.4,1.5260000000000002,True,True,False
21.78026270866394,forward_015,1.7802627086639404,0.15,0.0,0.0,-0.1439896632895322,-0.11017390903214205,0.9108437033845407,-1.6300000000000001,1.36,8.74,1.074,0.922515869140625,0.0,0.06126853078603745,0.0,1.0,7.4,1.5260000000000002,True,True,False
21.8007390499115,forward_015,1.800739049911499,0.15,0.0,0.0,-0.19198621771937624,0.11344640137963143,0.5377795757707527,-1.6300000000000001,1.36,8.74,1.918,0.9369714856147766,0.0,0.11844195611774921,0.0,1.0,7.4,1.5260000000000002,True,True,False
21.82111430168152,forward_015,1.8211143016815186,0.15,0.0,0.0,-0.595593607243065,0.3752457891787809,-0.020725784867432664,1.02,-0.21,7.7700000000000005,2.302,0.9567192196846008,0.07142857142857142,0.20074356347322464,0.0,1.0,7.4,1.5260000000000002,True,True,False
21.841625213623047,forward_015,1.8416252136230469,0.15,0.0,0.0,-0.8890270877346116,0.3174317577064687,0.10471975511965978,0.06,-1.48,6.41,1.765,0.9876754283905029,0.21428571428571427,0.21290408074855804,0.0,1.0,7.4,1.5260000000000002,True,True,False
21.862011194229126,forward_015,1.862011194229126,0.15,0.0,0.0,-0.6948592084502424,0.21162117180431245,0.8148505945248526,-0.24,-2.31,5.97,1.765,0.989058792591095,0.07142857142857142,0.16596347093582153,0.0,1.0,7.4,1.5260000000000002,True,True,False
21.882399082183838,forward_015,1.882399082183838,0.15,0.0,0.0,-0.21489366415180183,-0.11562806294462433,1.0570150282390658,-0.24,-2.31,5.97,1.765,0.9850329160690308,0.07142857142857142,0.06338109262287617,0.0,1.0,7.4,1.5260000000000002,True,True,False
21.902778387069702,forward_015,1.9027783870697021,0.15,0.0,0.0,0.015271630954950384,-0.31525009614147576,1.0602875205865552,-0.24,-2.31,5.97,1.995,0.9853042960166931,0.07142857142857142,0.11324742436408997,0.0,0.0,7.4,1.5260000000000002,True,True,False
21.92314910888672,forward_015,1.9231491088867188,0.15,0.0,0.0,-0.18216874067690814,-0.06217735460229799,1.4638949101102439,-0.24,-2.31,5.97,1.995,0.9864192605018616,0.14285714285714285,0.10809808596968651,1.0,0.0,7.4,1.5260000000000002,True,True,False
21.94362711906433,forward_015,1.943627119064331,0.15,0.0,0.0,-0.37742745074377376,0.5323254218582705,1.0657416744990376,-3.06,-2.37,8.82,2.225,0.961330235004425,0.07142857142857142,0.17205465212464333,1.0,1.0,7.4,1.5260000000000002,True,True,False
21.96412467956543,forward_015,1.9641246795654297,0.15,0.0,0.0,-0.4723297288209654,0.6752242543653062,1.0973757671914346,-2.49,2.08,4.65,2.148,0.9465456008911133,0.0,0.07085257489234209,1.0,1.0,7.6,1.086,True,True,False
21.984525203704834,forward_015,1.984525203704834,0.15,0.0,0.0,-1.1420998292737894,0.3839724354387525,0.7592182246175333,-2.49,2.08,4.65,2.532,0.9422556161880493,0.0,0.030687160789966583,1.0,1.0,7.6,1.086,True,True,False
22.004902362823486,forward_015,2.0049023628234863,0.15,0.0,0.0,-0.6894050545377601,1.1464631524037752,0.6806784082777885,0.34,5.89,6.54,2.302,0.92582106590271,0.0,0.08627719432115555,1.0,1.0,7.6,1.086,True,True,False
22.02533221244812,forward_015,2.02533221244812,0.15,0.0,0.0,-0.6468626540203984,1.265363707695889,0.39924406639370286,-0.42,-5.8,6.69,2.148,0.8584921956062317,0.0,0.13647590950131416,1.0,1.0,7.6,1.086,True,True,False
22.045708417892456,forward_015,2.045708417892456,0.15,0.0,0.0,-0.5683228376806536,1.1519173063162575,0.6108652381980153,0.77,-2.32,8.24,1.765,0.736844003200531,0.0,0.15511242300271988,1.0,1.0,7.6,1.086,True,True,False
22.066097736358643,forward_015,2.0660977363586426,0.15,0.0,0.0,-0.928296995904484,1.1519173063162575,1.0112001353742146,0.77,-2.32,8.24,1.381,0.8820082545280457,0.0,0.1441236436367035,0.0,1.0,7.6,1.086,True,True,False
22.08647871017456,forward_015,2.0864787101745605,0.15,0.0,0.0,-0.7384924397501007,1.6144295580947547,1.7311484518218756,0.77,-2.32,8.24,2.455,0.8899038434028625,0.0,0.06465061753988266,0.0,1.0,7.6,1.086,True,True,False
22.106858253479004,forward_015,2.106858253479004,0.15,0.0,0.0,-1.054833366674073,0.8552113334772214,1.4115350325504141,0.77,-2.32,8.24,2.532,0.7333052754402161,0.0,0.12547463551163673,0.0,1.0,7.6,1.086,True,True,False
22.127220630645752,forward_015,2.127220630645752,0.15,0.0,0.0,-1.102829921103917,0.6643159465403417,1.6951510359994926,-2.0300000000000002,-1.7,3.92,2.915,0.79898601770401,0.0,0.057253273203969,0.0,1.0,7.6,1.086,True,True,False
22.14760398864746,forward_015,2.147603988647461,0.15,0.0,0.0,-0.4908738521234052,0.2628902185816459,1.1540989678812503,-2.94,1.8800000000000001,5.5,2.608,0.8502954244613647,0.0,0.09607189707458019,0.0,1.0,7.6,1.086,True,True,False
22.16802430152893,forward_015,2.1680243015289307,0.15,0.0,0.0,0.36760997370130566,-0.7264933011426397,0.5661411761156606,-2.94,1.8800000000000001,5.5,1.688,0.8809136152267456,0.0,0.14495517686009407,0.0,1.0,7.5,0.963,True,True,False
22.188398361206055,forward_015,2.1883983612060547,0.15,0.0,0.0,0.5552328682906961,-0.8148505945248526,-0.001090830782496456,-0.87,-6.23,8.46,1.381,0.8935337662696838,0.0,0.18160006031394005,0.0,1.0,7.5,0.963,True,True,False
22.2088303565979,forward_015,2.2088303565979004,0.15,0.0,0.0,0.842121364087264,-1.2817261694333357,1.2217304763960306,-1.1,-3.24,7.34,1.381,0.9091771245002747,0.0,0.12723052874207497,0.0,1.0,7.5,0.963,True,True,False
22.229286909103394,forward_015,2.2292869091033936,0.15,0.0,0.0,1.0613783513690516,-1.2097313377885697,1.4802573718476908,-2.38,-1.08,6.640000000000001,1.841,0.9312343597412109,0.0,0.11323192343115807,0.0,0.0,7.5,0.963,True,True,False
22.249732732772827,forward_015,2.249732732772827,0.15,0.0,0.0,1.2228213071785272,-0.8410305333047675,1.2555462306534209,-0.5700000000000001,2.37,6.390000000000001,2.302,0.9572135806083679,0.07142857142857142,0.09294170886278152,0.0,1.0,7.5,0.963,True,True,False
22.270194053649902,forward_015,2.2701940536499023,0.15,0.0,0.0,1.126828198318839,-0.29561514205653955,0.8999353955595761,1.05,-0.74,1.6600000000000001,2.762,0.9260149002075195,0.0,0.06915943324565887,1.0,1.0,7.5,0.963,True,True,False
22.290668487548828,forward_015,2.290668487548828,0.15,0.0,0.0,1.3984450631604566,-0.17235126363444003,1.2173671532660448,-1.83,2.23,2.86,3.376,0.86887526512146,0.0,0.15278554521501064,1.0,1.0,7.5,0.963,True,True,False
22.311044931411743,forward_015,2.311044931411743,0.15,0.0,0.0,1.8009616219016489,-0.21271200258680892,0.8803004414746399,-1.83,2.23,2.86,1.918,0.9365874528884888,0.0,0.13174309767782688,1.0,1.0,7.5,0.963,True,True,False
22.331457138061523,forward_015,2.3314571380615234,0.15,0.0,0.0,1.5795229730548683,0.16471544815696484,0.8464846872172498,-1.83,2.23,2.86,1.841,0.9704410433769226,0.07142857142857142,0.03897105995565653,1.0,1.0,7.5,0.963,True,True,False
22.351831197738647,forward_015,2.3518311977386475,0.15,0.0,0.0,0.19634954084936207,1.1486448139687682,-0.6566801310628665,-5.1000000000000005,1.4000000000000001,6.42,2.071,0.9768578410148621,0.07142857142857142,0.23097998648881912,1.0,0.0,7.5,0.963,True,True,False
22.37232232093811,forward_015,2.3723223209381104,0.15,0.0,0.0,-0.09817477042468103,-0.11671889372712078,-1.2119129993535627,0.39,4.79,6.3500000000000005,1.995,0.9531821608543396,0.07142857142857142,0.1150628887116909,1.0,0.0,7.1,3.042,True,True,False
22.392688274383545,forward_015,2.392688274383545,0.15,0.0,0.0,0.002181661564992912,0.48105637508093707,-0.8857545953871222,2.39,-0.58,5.74,2.992,0.9383515119552612,0.0,0.08782489597797394,1.0,0.0,7.1,3.042,True,True,False
22.413066864013672,forward_015,2.413066864013672,0.15,0.0,0.0,-0.2923426497090502,0.23452861823673804,0.0916297857297023,-3.9,0.54,5.97,2.8389999999999995,0.8966370820999146,0.0,0.10106656886637211,1.0,0.0,7.1,3.042,True,True,False
22.43344235420227,forward_015,2.4334423542022705,0.15,0.0,0.0,-0.8312130562622995,0.1832595714594046,0.4930555136883981,-3.3200000000000003,2.56,9.74,3.376,0.901634156703949,0.0,0.07293291762471199,1.0,0.0,7.1,3.042,True,True,False
22.45382070541382,forward_015,2.4538207054138184,0.15,0.0,0.0,-1.2042771838760873,-0.12326387842209953,1.2424562612634633,-1.59,0.92,4.7700000000000005,3.145,0.9183114171028137,0.0,0.0752621740102768,1.0,0.0,7.1,3.042,True,True,False
22.47430109977722,forward_015,2.4743010997772217,0.15,0.0,0.0,-1.686424389739521,-0.5683228376806536,1.2599095537834066,-1.36,5.15,7.67,2.225,0.9499371647834778,0.0,0.05603484809398651,1.0,0.0,7.1,3.042,True,True,False
22.49468684196472,forward_015,2.4946868419647217,0.15,0.0,0.0,-2.237293934900231,-0.42542400517361784,0.6206827152404835,-0.22,3.42,7.67,2.148,0.9135938286781311,0.0,0.0705982930958271,1.0,1.0,7.1,3.042,True,True,False
22.51509690284729,forward_015,2.51509690284729,0.15,0.0,0.0,-2.614721385644005,-0.8235772407848243,-0.13962634015954636,-2.36,5.33,8.46,1.534,0.9217512011528015,0.0,0.12168318592011929,0.0,1.0,7.1,3.042,True,True,False
22.535477876663208,forward_015,2.535477876663208,0.15,0.0,0.0,-2.7139869868511823,-1.102829921103917,-1.0591966898040588,-2.99,5.22,8.33,1.074,0.9082366824150085,0.0,0.033792220056056976,0.0,1.0,7.1,3.042,True,True,False
22.55588674545288,forward_015,2.555886745452881,0.15,0.0,0.0,-1.5326172494075205,-0.2279836335417593,-1.6471544815696486,-2.99,5.22,8.33,1.151,0.9258961081504822,0.0,0.038045600056648254,0.0,1.0,7.1,3.042,True,True,False
22.576253414154053,forward_015,2.5762534141540527,0.15,0.0,0.0,-0.7592182246175333,0.24652775684419906,0.0545415391248228,-2.99,5.22,8.33,1.381,0.9587039947509766,0.07142857142857142,0.09303003642708063,0.0,1.0,7.8,0.176,True,True,False
22.597995042800903,forward_015,2.5979950428009033,0.15,0.0,0.0,-0.11235557059713497,-0.16035212502697901,1.1540989678812503,0.56,-5.76,8.15,1.381,0.9095010757446289,0.0,0.13896357268095016,0.0,1.0,7.8,0.176,True,True,False
22.618536710739136,forward_015,2.6185367107391357,0.15,0.0,0.0,0.21598449493429828,0.6021385919380436,0.8344855486097889,-1.1500000000000001,-3.7,4.63,0.844,0.8878451585769653,0.0,0.10480421036481857,0.0,1.0,7.8,0.176,True,True,False
22.638909101486206,forward_015,2.638909101486206,0.15,0.0,0.0,0.04799655442984406,0.3239767424014474,0.9610219193793778,1.09,-6.16,9.19,0.6899999999999998,0.8904531598091125,0.0,0.14349556900560856,0.0,1.0,7.8,0.176,True,True,False
22.659396409988403,forward_015,2.6593964099884033,0.15,0.0,0.0,-0.23343778745424157,0.3785182815262702,1.2435470920459597,-0.42,-3.79,8.34,1.381,0.8440726399421692,0.0,0.06528847105801105,0.0,1.0,7.8,0.176,True,True,False
22.679765462875366,forward_015,2.679765462875366,0.15,0.0,0.0,0.020725784867432664,0.29670597283903605,1.0973757671914346,-2.37,-1.6400000000000001,6.84,1.918,0.9193886518478394,0.0,0.1495965290814638,0.0,1.0,7.8,0.176,True,True,False
22.700144290924072,forward_015,2.7001442909240723,0.15,0.0,0.0,0.6152285613280012,0.18762289458939044,0.8006697943523987,-0.91,-2.81,5.83,2.532,0.9585089087486267,0.07142857142857142,0.09953654929995537,0.0,1.0,7.8,0.176,True,True,False
22.720536470413208,forward_015,2.720536470413208,0.15,0.0,0.0,0.6512259771503842,-0.24434609527920614,0.6959500392327389,-1.77,-2.0300000000000002,5.67,3.299,0.932014524936676,0.0,0.079863790422678,0.0,1.0,7.8,0.176,True,True,False
22.740909576416016,forward_015,2.7409095764160156,0.15,0.0,0.0,0.7592182246175333,-0.11017390903214205,0.31634092692397225,0.0,0.11,7.640000000000001,3.145,0.9713319540023804,0.07142857142857142,0.1285712644457817,0.0,1.0,7.8,0.176,True,True,False
22.761278867721558,forward_015,2.7612788677215576,0.15,0.0,0.0,1.0210176124166828,-0.2879793265790644,0.7155849933176751,0.0,0.11,7.640000000000001,3.069,0.9820012450218201,0.07142857142857142,0.09527309238910675,0.0,1.0,7.8,0.176,True,True,False
22.781757831573486,forward_015,2.7817578315734863,0.15,0.0,0.0,1.2904528156933075,-0.8279405639148101,1.335176877775662,0.0,0.11,7.640000000000001,2.992,0.9848423004150391,0.07142857142857142,0.04406449943780899,0.0,1.0,7.1,3.056,True,True,False
22.80212926864624,forward_015,2.8021292686462402,0.15,0.0,0.0,1.4409874636778184,-1.1235557059713497,1.526072264712542,-3.06,-4.38,7.94,2.148,0.9778987169265747,0.07142857142857142,0.03846316039562225,0.0,1.0,7.1,3.056,True,True,False
22.822593688964844,forward_015,2.8225936889648438,0.15,0.0,0.0,1.3449943548181302,-1.2620912153483996,1.6046120810522868,-2.34,-1.3900000000000001,8.93,2.532,0.958617627620697,0.07142857142857142,0.128120431676507,1.0,1.0,7.1,3.056,True,True,False
22.842966556549072,forward_015,2.8429665565490723,0.15,0.0,0.0,1.1704614296186973,-1.3799009398580169,1.7736908523392374,-2.34,-1.3900000000000001,8.93,2.685,0.9414005279541016,0.0,0.09401107393205166,1.0,1.0,7.1,3.056,True,True,False
22.863351821899414,forward_015,2.863351821899414,0.15,0.0,0.0,1.5369805725375065,-1.700605189911975,2.10530341021816,0.31,-2.05,6.11,1.534,0.9560766816139221,0.07142857142857142,0.09582943096756935,1.0,0.0,7.1,3.056,True,True,False
22.88372492790222,forward_015,2.8837249279022217,0.15,0.0,0.0,1.3919000784654778,-1.7169676516494217,2.270018858375125,0.31,-2.05,6.11,1.6110000000000002,0.9608185887336731,0.14285714285714285,0.043694408610463135,1.0,0.0,7.1,3.056,True,True,False
22.90410304069519,forward_015,2.9041030406951904,0.15,0.0,0.0,0.1636246173744684,-0.5094179754258449,0.717766654882668,0.31,-2.05,6.11,1.841,0.9653484225273132,0.14285714285714285,0.11802781000733376,1.0,0.0,7.1,3.056,True,True,False
22.924474954605103,forward_015,2.9244749546051025,0.15,0.0,0.0,-0.2716168648416175,-1.1519173063162575,0.4112432050011639,-0.9400000000000001,5.84,3.92,1.995,0.9796084761619568,0.14285714285714285,0.06210600212216377,1.0,0.0,7.1,3.056,True,True,False
22.944852352142334,forward_015,2.944852352142334,0.15,0.0,0.0,-0.2552544031041707,-0.559596191420682,0.10471975511965978,1.79,-4.19,3.67,1.918,0.9722322225570679,0.14285714285714285,0.07002943009138107,1.0,0.0,7.1,3.056,True,True,False
22.965216159820557,forward_015,2.9652161598205566,0.15,0.0,0.0,-0.14180800172453928,-0.6185010536754906,1.0177451200691934,1.18,2.97,6.0,1.841,0.9937663078308105,0.14285714285714285,0.06589557603001595,1.0,0.0,7.1,3.056,True,True,False
22.985591173171997,forward_015,2.985591173171997,0.15,0.0,0.0,-0.5901394533305827,-0.8006697943523987,0.8617563181722002,1.18,2.97,6.0,1.918,0.9836904406547546,0.14285714285714285,0.07075880467891693,1.0,0.0,7.9,0.056999999999999995,True,True,False
23.005953550338745,forward_015,3.005953550338745,0.15,0.0,0.0,-0.7635815477475192,-0.6359543461954338,0.28688849579656794,0.0,3.91,7.76,1.765,0.9914999008178711,0.14285714285714285,0.07598136365413666,1.0,0.0,7.9,0.056999999999999995,True,True,False
23.02639627456665,forward_015,3.0263962745666504,0.15,0.0,0.0,-0.8333947178272924,-0.7428557628800865,-0.05345070834232634,-0.67,2.09,6.2,1.381,0.9888601303100586,0.21428571428571427,0.013762165093794465,1.0,0.0,7.9,0.056999999999999995,True,True,False
23.0467689037323,forward_015,3.0467689037323,0.15,0.0,0.0,-0.6883142237552637,-0.8006697943523987,-0.1189005552921137,1.49,0.43,7.55,1.304,0.9800984859466553,0.21428571428571427,0.08321864902973175,1.0,0.0,7.9,0.056999999999999995,True,True,False
23.06716775894165,forward_015,3.0671677589416504,0.15,0.0,0.0,-0.8366672101747817,-0.6163193921104976,-0.19198621771937624,1.49,0.43,7.55,1.074,0.9825850129127502,0.21428571428571427,0.0433276928961277,1.0,0.0,7.9,0.056999999999999995,True,True,False
23.08756375312805,forward_015,3.0875637531280518,0.15,0.0,0.0,-0.8628471489546967,-0.4701480672559725,-0.2814343418840856,1.49,0.43,7.55,0.9210000000000002,0.9815535545349121,0.14285714285714285,0.01733979769051075,1.0,1.0,7.9,0.056999999999999995,True,True,False
23.10798406600952,forward_015,3.1079840660095215,0.15,0.0,0.0,-0.755945732270044,-0.33052172709642613,-0.3567016658763411,1.49,0.43,7.55,0.46,0.9835131764411926,0.14285714285714285,0.02447042614221573,1.0,1.0,7.9,0.056999999999999995,True,True,False
23.12837028503418,forward_015,3.1283702850341797,0.15,0.0,0.0,-0.7068583470577035,0.037088246604879506,-0.37088246604879505,1.49,0.43,7.55,0.614,0.9827030897140503,0.14285714285714285,0.025355465710163116,1.0,1.0,7.9,0.056999999999999995,True,True,False
23.148850679397583,forward_015,3.148850679397583,0.15,0.0,0.0,-0.3752457891787809,0.18980455615438332,-0.3337942194439155,1.49,0.43,7.55,0.537,0.98294597864151,0.14285714285714285,0.022371284663677216,1.0,1.0,7.9,0.056999999999999995,True,True,False
23.169214248657227,forward_015,3.1692142486572266,0.15,0.0,0.0,0.003272492347489368,0.47451139038595835,-0.24216443371421323,2.0,-2.24,7.6000000000000005,0.537,0.9816405177116394,0.14285714285714285,0.020381134003400803,1.0,1.0,7.9,0.056999999999999995,True,True,False
23.18963861465454,forward_015,3.189638614654541,0.15,0.0,0.0,-0.1189005552921137,0.6446809924554054,-0.10362892433716332,1.92,-3.19,7.25,0.384,0.9823405742645264,0.14285714285714285,0.06032056687399745,1.0,1.0,7.9,0.07500000000000001,True,True,False
23.210012435913086,forward_015,3.210012435913086,0.15,0.0,0.0,-0.32179508083645453,0.8977537339945832,-0.06544984694978735,1.99,-3.86,8.83,0.46,0.9767316579818726,0.07142857142857142,0.04640448885038495,1.0,1.0,7.9,0.07500000000000001,True,True,False
23.230449438095093,forward_015,3.2304494380950928,0.15,0.0,0.0,-0.35997415822383044,0.9315694882519734,0.23452861823673804,0.49,-4.79,9.26,0.384,0.9718199968338013,0.14285714285714285,0.054922156035900116,1.0,1.0,7.9,0.07500000000000001,True,True,False
23.250865936279297,forward_015,3.250865936279297,0.15,0.0,0.0,-0.16798794050445423,1.0788316438889949,0.607592745850526,1.86,-2.66,8.86,0.6899999999999998,0.9672801494598389,0.07142857142857142,0.15291099305613898,1.0,0.0,7.9,0.07500000000000001,True,True,False
23.271231412887573,forward_015,3.2712314128875732,0.15,0.0,0.0,0.20725784867432664,1.0788316438889949,0.978475211899321,2.32,-1.07,9.6,0.844,0.9406325817108154,0.0,0.12077407538890839,1.0,0.0,7.9,0.07500000000000001,True,True,False
23.291603326797485,forward_015,3.2916033267974854,0.15,0.0,0.0,0.3883357585687383,1.1475539831862718,1.3537210010781018,1.33,-0.63,9.01,1.151,0.9697533845901489,0.07142857142857142,0.06225648522377014,1.0,0.0,7.9,0.07500000000000001,True,True,False
23.31208062171936,forward_015,3.3120806217193604,0.15,0.0,0.0,0.5312345910757741,1.325359400733194,1.4333516482003432,0.28,-0.07,8.23,1.458,0.9547199606895447,0.07142857142857142,0.08482158556580544,1.0,1.0,7.9,0.07500000000000001,True,True,False
23.33245086669922,forward_015,3.3324508666992188,0.15,0.0,0.0,0.6883142237552637,1.7595100521667835,0.9915651812892785,-2.02,3.2600000000000002,7.7700000000000005,2.8389999999999995,0.9198124408721924,0.0,0.0644540935754776,1.0,1.0,7.9,0.07500000000000001,True,True,False
23.35282063484192,forward_015,3.352820634841919,0.15,0.0,0.0,0.7308566242726255,1.9493146083211668,0.30652344988150415,-0.74,1.61,8.34,2.8389999999999995,0.8640927672386169,0.0,0.09606100991368294,1.0,1.0,7.9,0.07500000000000001,True,True,False
23.37318515777588,forward_015,3.373185157775879,0.15,0.0,0.0,0.9948376736367679,2.083486794568231,-0.06435901616729091,-0.74,1.61,8.34,3.069,0.8448857665061951,0.0,0.21497507020831108,0.0,1.0,7.9,0.07500000000000001,True,True,False
23.393566608428955,forward_015,3.393566608428955,0.15,0.0,0.0,1.0733774899765127,1.437714971330329,-1.2686362000433782,-0.74,1.61,8.34,2.915,0.8709513545036316,0.0,0.11231914721429348,0.0,1.0,7.5,1.1960000000000002,True,True,False
23.41395115852356,forward_015,3.4139511585235596,0.15,0.0,0.0,1.2446379228284563,0.7264933011426397,-1.3559026626430948,-0.37,-3.25,7.55,1.918,0.9065626859664917,0.0,0.10067826695740223,1.0,0.0,7.5,1.1960000000000002,True,True,False
23.434327840805054,forward_015,3.4343278408050537,0.15,0.0,0.0,1.0439250588491085,0.17235126363444003,-0.6512259771503842,-2.69,-2.66,3.43,1.688,0.918524980545044,0.0,0.12174507975578308,1.0,0.0,7.5,1.1960000000000002,True,True,False
23.454739570617676,forward_015,3.454739570617676,0.15,0.0,0.0,0.8093964406123704,-0.22907446432425577,-0.2999784651865254,-2.84,2.29,4.38,2.071,0.8649157881736755,0.0,0.10698694689199328,1.0,0.0,7.5,1.1960000000000002,True,True,False
23.4752299785614,forward_015,3.4752299785614014,0.15,0.0,0.0,0.1090830782496456,-0.32070425005395803,-0.06654067773228381,-2.84,2.29,4.38,3.452,0.9477010369300842,0.0,0.05293773114681244,1.0,0.0,7.5,1.1960000000000002,True,True,False
23.495605945587158,forward_015,3.495605945587158,0.15,0.0,0.0,-0.49741883681838395,-0.7046766854927106,1.2282754610910094,-2.0,1.01,8.96,3.2220000000000004,0.9539244174957275,0.07142857142857142,0.09664063435047865,1.0,0.0,7.5,1.1960000000000002,True,True,False
23.51609969139099,forward_015,3.516099691390991,0.15,0.0,0.0,-1.0559241974565694,-0.667588438887831,0.49632800603588745,-2.0,1.01,8.96,2.8389999999999995,0.977602481842041,0.14285714285714285,0.05698163062334061,1.0,0.0,7.5,1.1960000000000002,True,True,False
23.53647494316101,forward_015,3.5364749431610107,0.15,0.0,0.0,-1.6297011890497053,-0.7712173632249943,0.16144295580947549,-1.18,3.72,6.390000000000001,2.608,0.9717172980308533,0.14285714285714285,0.0734105035662651,1.0,0.0,7.5,1.1960000000000002,True,True,False
23.556842803955078,forward_015,3.556842803955078,0.15,0.0,0.0,-1.7802358370342162,-0.9577494270318884,-0.1908953869368798,-0.65,-0.02,6.18,2.071,0.9661352038383484,0.14285714285714285,0.07800796814262867,1.0,1.0,7.5,1.1960000000000002,True,True,False
23.577211618423462,forward_015,3.577211618423462,0.15,0.0,0.0,-1.9645862392761173,-1.3886275861179884,-0.5203262832508095,-1.03,2.49,6.46,1.534,0.9787607789039612,0.14285714285714285,0.11202003620564938,1.0,1.0,7.5,1.1960000000000002,True,True,False
23.59760308265686,forward_015,3.5976030826568604,0.15,0.0,0.0,-1.9133171924987837,-1.571887157577393,-1.0602875205865552,-0.33,2.92,6.09,0.9970000000000001,0.9754195809364319,0.14285714285714285,0.054000817239284515,0.0,1.0,7.5,1.5850000000000002,True,True,False
23.61869168281555,forward_015,3.6186916828155518,0.15,0.0,0.0,-1.896954730761337,-1.475894048717705,-1.2697270308258748,-1.06,1.59,9.4,0.9210000000000002,0.9685155749320984,0.07142857142857142,0.028595072217285633,0.0,1.0,7.5,1.5850000000000002,True,True,False
23.63906979560852,forward_015,3.6390697956085205,0.15,0.0,0.0,-0.48105637508093707,-0.05890486225480862,-0.07963064712224129,-1.06,1.59,9.4,1.6110000000000002,0.9532018899917603,0.07142857142857142,0.15840400755405426,0.0,1.0,7.5,1.5850000000000002,True,True,False
23.65944766998291,forward_015,3.65944766998291,0.15,0.0,0.0,-0.2923426497090502,-0.47778388273344774,-0.09817477042468103,-1.06,1.59,9.4,2.225,0.9794812202453613,0.14285714285714285,0.14240317046642303,0.0,1.0,7.5,1.5850000000000002,True,True,False
23.679836988449097,forward_015,3.6798369884490967,0.15,0.0,0.0,0.6086835766330224,-0.6032294227205401,-0.2999784651865254,-1.54,1.29,7.33,1.995,0.9817061424255371,0.14285714285714285,0.07049615308642387,0.0,1.0,7.5,1.5850000000000002,True,True,False
23.700202226638794,forward_015,3.700202226638794,0.15,0.0,0.0,0.9304786574694769,-0.6294093615004551,-1.545707218797478,1.02,-4.4,9.46,1.688,0.9844800233840942,0.14285714285714285,0.115709338337183,0.0,1.0,7.5,1.5850000000000002,True,True,False
23.720572471618652,forward_015,3.7205724716186523,0.15,0.0,0.0,1.1879147221386406,-0.7908523173099306,-1.8533214994614786,1.02,-4.4,9.46,0.767,0.9904369711875916,0.14285714285714285,0.04260856658220291,1.0,1.0,7.5,1.5850000000000002,True,True,False
23.740960836410522,forward_015,3.7409608364105225,0.15,0.0,0.0,0.8355763793922852,0.2901609881440573,-0.17235126363444003,-0.92,-5.28,9.41,0.767,0.9869973063468933,0.14285714285714285,0.1350980349816382,1.0,1.0,7.5,1.5850000000000002,True,True,False
23.761432886123657,forward_015,3.7614328861236572,0.15,0.0,0.0,0.7134033317526822,0.36979163526629855,-0.2454369260617026,-0.92,-5.28,9.41,0.844,0.9901696443557739,0.14285714285714285,0.06805387884378433,1.0,1.0,7.5,1.5850000000000002,True,True,False
23.781806707382202,forward_015,3.781806707382202,0.15,0.0,0.0,0.9021170571245691,0.2912518189265537,-0.15162547876700738,-0.92,-5.28,9.41,0.9210000000000002,0.9886714816093445,0.14285714285714285,0.07928076386451721,1.0,0.0,7.5,1.5850000000000002,True,True,False
23.802266120910645,forward_015,3.8022661209106445,0.15,0.0,0.0,0.7155849933176751,0.770126532442498,-0.10144726277217041,-0.92,-5.28,9.41,0.537,0.9873834252357483,0.14285714285714285,0.12577945366501808,1.0,0.0,7.8,0.174,True,True,False
23.822641372680664,forward_015,3.822641372680664,0.15,0.0,0.0,0.6435901616729091,0.5017821599483697,0.08835729338221293,-0.92,-5.28,9.41,0.614,0.9732354283332825,0.21428571428571427,0.1762446090579033,1.0,0.0,7.8,0.174,True,True,False
23.843026876449585,forward_015,3.843026876449585,0.15,0.0,0.0,0.15926129424448257,0.9326603190344699,0.1559888018969932,-0.45,-0.01,6.890000000000001,0.767,0.9666043519973755,0.07142857142857142,0.05056914687156677,1.0,1.0,7.8,0.174,True,True,False
23.863405227661133,forward_015,3.863405227661133,0.15,0.0,0.0,-0.011999138607461015,0.779944009484966,0.3043417883165112,-1.01,-1.73,5.47,1.227,0.9632494449615479,0.07142857142857142,0.050830373074859374,1.0,1.0,7.8,0.174,True,True,False
23.88377594947815,forward_015,3.8837759494781494,0.15,0.0,0.0,-0.2792526803190927,0.3196134192714616,0.6850417314077744,-1.9000000000000001,-1.17,3.98,2.608,0.9368307590484619,0.0,0.03280307538807392,1.0,1.0,7.8,0.174,True,True,False
23.941699266433716,forward_015,3.941699266433716,0.15,0.0,0.0,0.04254240051736178,0.33161255787892263,0.06435901616729091,-1.9000000000000001,-1.17,3.98,1.6110000000000002,0.9400861263275146,0.0,0.11557389050722122,1.0,1.0,7.8,0.174,True,True,False
23.96207070350647,forward_015,3.9620707035064697,0.15,0.0,0.0,1.1693705988362009,0.7123125009701857,-1.0035643198967394,-1.9000000000000001,-1.17,3.98,1.151,0.8705785870552063,0.0,0.13542920351028442,1.0,1.0,7.8,0.174,True,True,False
23.98245143890381,forward_015,3.9824514389038086,0.15,0.0,0.0,1.0177451200691934,0.37306412761378793,-1.3002702927357754,-1.1500000000000001,-2.84,6.78,0.6899999999999998,0.9211069941520691,0.0,0.13127992674708366,1.0,1.0,7.8,0.174,True,True,False
24.002867937088013,forward_015,4.002867937088013,0.15,0.0,0.0,0.9981101659842572,-0.061086523819801536,-1.4475324483727972,1.54,-3.56,5.1000000000000005,1.304,0.9316655993461609,0.0,0.0828603245317936,1.0,0.0,7.8,0.174,True,True,False
24.023330688476562,forward_015,4.0233306884765625,0.15,0.0,0.0,0.7657632093125121,-0.10362892433716332,-0.6708609312353204,-1.02,-0.37,7.53,1.6110000000000002,0.968471884727478,0.07142857142857142,0.06023718789219856,1.0,0.0,7.8,0.174,True,True,False
24.043710470199585,forward_015,4.043710470199585,0.15,0.0,0.0,0.5759586531581288,-0.2378011105842274,-0.4461497900410505,-2.37,-0.92,9.6,2.608,0.9852676391601562,0.07142857142857142,0.0487908236682415,1.0,0.0,7.7,0.40900000000000003,True,True,False
24.06408452987671,forward_015,4.064084529876709,0.15,0.0,0.0,-0.26398104936414235,-0.3665191429188092,0.05235987755982989,-0.88,-1.85,6.94,2.608,0.9886555075645447,0.07142857142857142,0.08661624044179916,1.0,0.0,7.7,0.40900000000000003,True,True,False
24.084481477737427,forward_015,4.084481477737427,0.15,0.0,0.0,-0.607592745850526,-0.7744898555724837,1.351539339513109,-1.05,-6.43,3.74,3.069,0.9801972508430481,0.14285714285714285,0.11139734461903572,1.0,0.0,7.7,0.40900000000000003,True,True,False
24.104881286621094,forward_015,4.104881286621094,0.15,0.0,0.0,-1.213003830136059,-0.8355763793922852,2.6801712325937923,0.8300000000000001,1.19,4.36,1.841,0.9909356832504272,0.14285714285714285,0.053179942071437836,1.0,0.0,7.7,0.40900000000000003,True,True,False
24.12526226043701,forward_015,4.125262260437012,0.15,0.0,0.0,-1.44971410993779,-0.7864889941799448,2.615812216426501,1.47,6.45,6.5600000000000005,1.458,0.9950754642486572,0.14285714285714285,0.053264863789081573,1.0,1.0,7.7,0.40900000000000003,True,True,False
24.145652770996094,forward_015,4.145652770996094,0.15,0.0,0.0,-1.4300791558528538,-0.7134033317526822,1.7758725139042304,1.47,6.45,6.5600000000000005,1.6110000000000002,0.9915265440940857,0.14285714285714285,0.038436971604824066,1.0,1.0,7.7,0.40900000000000003,True,True,False
24.16629385948181,forward_015,4.1662938594818115,0.15,0.0,0.0,-1.6133387273122584,0.044724062082354694,0.22689280275926285,1.47,6.45,6.5600000000000005,1.918,0.9798250794410706,0.14285714285714285,0.08846457302570343,1.0,1.0,7.7,0.40900000000000003,True,True,False
24.1866672039032,forward_015,4.186667203903198,0.15,0.0,0.0,-1.2173671532660448,0.5923211148955756,-1.117010721276371,1.47,6.45,6.5600000000000005,1.841,0.9674243330955505,0.14285714285714285,0.14890403300523758,1.0,1.0,7.7,0.40900000000000003,True,True,False
24.207035064697266,forward_015,4.207035064697266,0.15,0.0,0.0,0.06763150851478027,0.2912518189265537,-1.5206181108000596,-1.9000000000000001,1.86,5.73,1.074,0.9836061000823975,0.14285714285714285,0.07353121042251587,1.0,1.0,7.7,0.40900000000000003,True,True,False
24.227410316467285,forward_015,4.227410316467285,0.15,0.0,0.0,0.09708393964218458,-0.16035212502697901,-2.1129392256956354,2.12,-1.05,3.93,0.767,0.9724082350730896,0.14285714285714285,0.138911260291934,1.0,1.0,7.7,0.40900000000000003,True,True,False
24.24782967567444,forward_015,4.2478296756744385,0.15,0.0,0.0,0.17016960206944712,0.36542831213631277,-1.3624476473380736,1.81,-3.56,7.08,1.765,0.9799584150314331,0.07142857142857142,0.04132441338151693,1.0,1.0,7.8,0.161,True,True,False
24.268201112747192,forward_015,4.268201112747192,0.15,0.0,0.0,-0.18871372537188688,0.3119776037939864,-0.45160394395353276,1.81,-3.56,7.08,1.765,0.9692564606666565,0.07142857142857142,0.05304275453090668,0.0,1.0,7.8,0.161,True,True,False
24.28863286972046,forward_015,4.288632869720459,0.15,0.0,0.0,-0.26398104936414235,-0.09381144729469522,0.7788531787024695,1.81,-3.56,7.08,1.688,0.9593712687492371,0.07142857142857142,0.11232191324234009,0.0,1.0,7.8,0.161,True,True,False
24.309011697769165,forward_015,4.309011697769165,0.15,0.0,0.0,-0.4461497900410505,0.11999138607461016,1.7616917137317765,-1.16,-1.1500000000000001,7.890000000000001,0.9970000000000001,0.9707851409912109,0.14285714285714285,0.08245214447379112,1.0,1.0,7.8,0.161,True,True,False
24.329493045806885,forward_015,4.329493045806885,0.15,0.0,0.0,-0.12326387842209953,0.6839509006252779,2.89942821987558,-1.16,-1.1500000000000001,7.890000000000001,0.6899999999999998,0.8575447201728821,0.0,0.12359992135316133,0.0,1.0,7.8,0.161,True,True,False
24.349859476089478,forward_015,4.3498594760894775,0.15,0.0,0.0,0.16035212502697901,0.7668540400950086,2.5514532002592105,-1.16,-1.1500000000000001,7.890000000000001,0.6899999999999998,0.8857176899909973,0.0,0.11814941745251417,0.0,1.0,7.8,0.161,True,True,False
24.370222806930542,forward_015,4.370222806930542,0.15,0.0,0.0,0.3916082509162277,0.9512044423369096,1.387536755335492,-2.84,1.1400000000000001,6.3100000000000005,1.227,0.9448233842849731,0.0,0.15053512901067734,0.0,1.0,7.8,0.161,True,True,False
24.39070963859558,forward_015,4.390709638595581,0.15,0.0,0.0,0.06872233929727672,0.7450374244450795,-0.02945243112740431,2.37,1.23,7.41,1.918,0.9260103702545166,0.0,0.14004620164632797,1.0,1.0,7.8,0.161,True,True,False
24.4112548828125,forward_015,4.4112548828125,0.15,0.0,0.0,0.22143864884678055,0.9872018581592926,-0.20616701789183017,-3.23,-0.76,2.29,1.841,0.8935507535934448,0.0,0.11969664320349693,0.0,1.0,7.8,0.161,True,True,False
24.431665897369385,forward_015,4.431665897369385,0.15,0.0,0.0,0.6119560689805118,0.8519388411297321,-0.16689710972195776,-3.23,-0.76,2.29,2.608,0.9209626317024231,0.0,0.07161527127027512,0.0,1.0,7.8,0.161,True,True,False
24.452057123184204,forward_015,4.452057123184204,0.15,0.0,0.0,1.203186353093591,0.2879793265790644,0.1407171709420428,-3.23,-0.76,2.29,3.145,0.9614938497543335,0.07142857142857142,0.10308190574869514,0.0,1.0,7.3,1.7819999999999998,True,True,False
24.472421646118164,forward_015,4.472421646118164,0.15,0.0,0.0,1.1224648751888533,0.34579335805137656,-0.019634954084936207,-3.7,-3.22,6.640000000000001,3.299,0.9770269393920898,0.07142857142857142,0.04068174213171005,1.0,1.0,7.3,1.7819999999999998,True,True,False
24.492788076400757,forward_015,4.492788076400757,0.15,0.0,0.0,1.3188144160382154,-0.33597588100890846,0.0719948316447661,-1.55,-1.77,6.94,1.688,0.9644010663032532,0.07142857142857142,0.07064273121068254,1.0,1.0,7.3,1.7819999999999998,True,True,False
24.51315712928772,forward_015,4.51315712928772,0.15,0.0,0.0,1.3929909092479742,-0.6152285613280012,0.21598449493429828,-2.33,-0.7000000000000001,8.64,1.841,0.9338745474815369,0.0,0.14942381903529167,1.0,1.0,7.3,1.7819999999999998,True,True,False
24.533541917800903,forward_015,4.533541917800903,0.15,0.0,0.0,1.6078845733997762,-0.8792096106921435,0.2650718801466388,-3.31,2.7800000000000002,8.33,2.148,0.947438657283783,0.0,0.09856035187840462,1.0,1.0,7.3,1.7819999999999998,True,True,False
24.553932666778564,forward_015,4.5539326667785645,0.15,0.0,0.0,0.9926560120717749,-0.3141592653589793,-0.779944009484966,-3.31,2.7800000000000002,8.33,1.534,0.9661285877227783,0.07142857142857142,0.09646058827638626,1.0,0.0,7.3,1.7819999999999998,True,True,False
24.574467182159424,forward_015,4.574467182159424,0.15,0.0,0.0,0.5017821599483697,-0.40906154343617096,-1.0253809355466685,0.06,5.39,6.91,1.458,0.9593009948730469,0.07142857142857142,0.1299908384680748,1.0,0.0,7.3,1.7819999999999998,True,True,False
24.59484839439392,forward_015,4.594848394393921,0.15,0.0,0.0,0.08726646259971647,-0.6086835766330224,-1.119192382841364,0.1,1.1400000000000001,7.3,2.071,0.9761576652526855,0.07142857142857142,0.03836888785008341,1.0,0.0,7.3,1.7819999999999998,True,True,False
24.61525011062622,forward_015,4.615250110626221,0.15,0.0,0.0,-0.31634092692397225,-0.48323803664593,-0.6534076387153771,-0.46,-0.76,3.8000000000000003,3.145,0.989304780960083,0.07142857142857142,0.05650165257975459,1.0,0.0,7.3,1.7819999999999998,True,True,False
24.63562798500061,forward_015,4.63562798500061,0.15,0.0,0.0,-0.8028514559173916,-1.1835513990086548,0.4232423436086249,-2.0,2.16,7.26,3.069,0.995492696762085,0.07142857142857142,0.1802731454372406,1.0,0.0,7.3,1.7819999999999998,True,True,False
24.65601110458374,forward_015,4.65601110458374,0.15,0.0,0.0,-0.8737554567796613,-0.904298718689562,1.6035212502697902,-1.41,2.92,5.49,3.069,0.9952746033668518,0.14285714285714285,0.0849912092089653,1.0,0.0,7.5,1.46,True,True,False
24.677008628845215,forward_015,4.677008628845215,0.15,0.0,0.0,-1.0231992739816758,-1.2184579840485412,1.8402315300715213,-1.41,2.92,5.49,2.378,0.9955689907073975,0.14285714285714285,0.0387711226940155,1.0,0.0,7.5,1.46,True,True,False
24.697489976882935,forward_015,4.697489976882935,0.15,0.0,0.0,-1.1202832136238603,-0.9348419805994628,1.2315479534384988,0.06,4.53,7.74,1.381,0.9950838685035706,0.14285714285714285,0.03591621667146683,1.0,0.0,7.5,1.46,True,True,False
24.717931509017944,forward_015,4.717931509017944,0.15,0.0,0.0,-1.313360262125733,-0.607592745850526,0.5323254218582705,0.4,2.2800000000000002,7.72,1.688,0.995665431022644,0.14285714285714285,0.05165238678455353,1.0,1.0,7.5,1.46,True,True,False
24.738385677337646,forward_015,4.7383856773376465,0.15,0.0,0.0,-1.3624476473380736,-0.7624907169650227,-0.4461497900410505,0.4,2.2800000000000002,7.72,1.918,0.9907663464546204,0.14285714285714285,0.054679568856954575,1.0,1.0,7.5,1.46,True,True,False
24.75876784324646,forward_015,4.75876784324646,0.15,0.0,0.0,-1.487893187325166,-0.05999569303730508,-1.371174293598045,0.4,2.2800000000000002,7.72,1.688,0.9837238192558289,0.14285714285714285,0.11720412597060204,1.0,1.0,7.5,1.46,True,True,False
24.779135942459106,forward_015,4.7791359424591064,0.15,0.0,0.0,-0.892299580082101,0.3436116964863836,-1.3777192782930239,0.4,2.2800000000000002,7.72,1.304,0.9820489287376404,0.14285714285714285,0.11640949174761772,1.0,1.0,7.5,1.46,True,True,False
24.799525022506714,forward_015,4.799525022506714,0.15,0.0,0.0,0.5792311455056182,-0.09381144729469522,-1.1922780452686264,2.32,-9.040000000000001,3.29,1.227,0.9733931422233582,0.14285714285714285,0.20042084902524948,1.0,1.0,7.5,1.46,True,True,False
24.819899797439575,forward_015,4.819899797439575,0.15,0.0,0.0,0.37306412761378793,-0.14726215563702155,-1.251182907523435,2.05,0.51,5.92,0.9210000000000002,0.9859680533409119,0.14285714285714285,0.06690674275159836,1.0,1.0,7.5,1.46,True,True,False
24.840268850326538,forward_015,4.840268850326538,0.15,0.0,0.0,0.32506757318394386,0.32070425005395803,-0.5825036378531074,2.05,0.51,5.92,1.304,0.9855322241783142,0.14285714285714285,0.09350613132119179,1.0,1.0,7.5,1.46,True,True,False
24.860636711120605,forward_015,4.8606367111206055,0.15,0.0,0.0,-0.03381575425739013,0.2977968036215325,-0.7450374244450795,2.05,0.51,5.92,1.304,0.9875640273094177,0.14285714285714285,0.055558349937200546,1.0,1.0,7.8,0.11599999999999999,True,True,False
24.88101100921631,forward_015,4.881011009216309,0.15,0.0,0.0,-0.34470252726888007,-0.20398535632683726,0.16798794050445423,0.51,-1.27,6.8,0.9970000000000001,0.9868147969245911,0.07142857142857142,0.10038083791732788,1.0,1.0,7.8,0.11599999999999999,True,True,False
24.901503801345825,forward_015,4.901503801345825,0.15,0.0,0.0,-0.5879577917655898,0.16035212502697901,1.3362677085581585,0.5700000000000001,-0.54,8.11,0.767,0.9747642874717712,0.07142857142857142,0.03460497409105301,1.0,1.0,7.8,0.11599999999999999,True,True,False
24.921881675720215,forward_015,4.921881675720215,0.15,0.0,0.0,0.31525009614147576,0.4428772976935611,1.475894048717705,0.5700000000000001,-0.54,8.11,0.844,0.9716848731040955,0.14285714285714285,0.07835157960653305,1.0,1.0,7.8,0.11599999999999999,True,True,False
24.942426681518555,forward_015,4.942426681518555,0.15,0.0,0.0,0.2825251726665821,0.5181446216858165,1.5173456184525702,2.22,-2.5,9.1,0.46,0.9477603435516357,0.0,0.10608059004880488,1.0,1.0,7.8,0.11599999999999999,True,True,False
24.962807416915894,forward_015,4.9628074169158936,0.15,0.0,0.0,0.0,0.36324665057131983,1.249001245958442,1.75,0.7000000000000001,7.930000000000001,1.074,0.9629622101783752,0.07142857142857142,0.036958215525373816,1.0,1.0,7.8,0.11599999999999999,True,True,False
24.98324179649353,forward_015,4.98324179649353,0.15,0.0,0.0,-0.08835729338221293,0.9424777960769379,0.36106498900632694,-0.45,1.12,8.64,1.304,0.9750983715057373,0.07142857142857142,0.0694560818374157,1.0,1.0,7.8,0.11599999999999999,True,True,False
25.003621816635132,forward_015,5.003621816635132,0.15,0.0,0.0,0.21489366415180183,1.1868238913561442,-0.631591023065448,-0.45,1.12,8.64,1.918,0.955346405506134,0.07142857142857142,0.10899227400659584,1.0,1.0,7.8,0.11599999999999999,True,True,False
25.024116039276123,forward_015,5.024116039276123,0.15,0.0,0.0,0.5214171140333059,1.2064588454410803,-0.9130253649495337,-0.45,1.12,8.64,1.918,0.9586343169212341,0.07142857142857142,0.037305813282728195,1.0,1.0,7.8,0.11599999999999999,True,True,False
25.044482469558716,forward_015,5.044482469558716,0.15,0.0,0.0,0.5268712679457882,1.4038992170729387,-0.8377580409572782,-0.45,1.12,8.64,1.995,0.9113696217536926,0.0,0.09628349915146828,1.0,1.0,7.8,0.11599999999999999,True,True,False
25.06486439704895,forward_015,5.06486439704895,0.15,0.0,0.0,1.004655150679236,1.3973542323779602,-0.10144726277217041,-1.72,-1.27,7.26,1.918,0.9155257940292358,0.0,0.18799472972750664,1.0,1.0,7.7,0.847,True,True,False
25.085293769836426,forward_015,5.085293769836426,0.15,0.0,0.0,1.05265170510908,0.7832165018324554,-0.3272492347489368,-1.72,-1.27,7.26,1.458,0.935656726360321,0.0,0.08767104148864746,1.0,1.0,7.7,0.847,True,True,False
25.10570788383484,forward_015,5.105707883834839,0.15,0.0,0.0,0.9882926889417891,0.35452000431134817,-0.47669305195095124,-1.72,-1.27,7.26,1.6110000000000002,0.957834005355835,0.07142857142857142,0.050525014754384756,1.0,0.0,7.7,0.847,True,True,False
25.126080751419067,forward_015,5.126080751419067,0.15,0.0,0.0,0.8693921336496754,0.2694352032766246,-0.6217735460229799,-0.96,-0.6900000000000001,4.9,1.688,0.941230297088623,0.0,0.04425427597016096,1.0,0.0,7.7,0.847,True,True,False
25.146562576293945,forward_015,5.146562576293945,0.15,0.0,0.0,0.8573929950422144,-0.05235987755982989,-0.6479534848028948,-1.18,0.71,6.3500000000000005,2.071,0.9742150902748108,0.14285714285714285,0.0705920085310936,1.0,0.0,7.7,0.847,True,True,False
25.16694927215576,forward_015,5.166949272155762,0.15,0.0,0.0,0.21489366415180183,-0.1832595714594046,-0.7264933011426397,-1.74,-1.25,7.47,2.455,0.9868294596672058,0.14285714285714285,0.044767843559384346,1.0,0.0,7.7,0.847,True,True,False
25.187326908111572,forward_015,5.187326908111572,0.15,0.0,0.0,-0.3174317577064687,-0.42215151282612845,0.4603305902135044,-2.85,0.26,5.36,2.302,0.989719033241272,0.21428571428571427,0.04775693640112877,1.0,0.0,7.7,0.847,True,True,False
25.207702159881592,forward_015,5.207702159881592,0.15,0.0,0.0,-0.6305001922829515,-0.559596191420682,1.3068152774307542,-0.75,2.41,5.07,1.688,0.9925399422645569,0.14285714285714285,0.08816952258348465,1.0,0.0,7.7,0.847,True,True,False
25.228175401687622,forward_015,5.228175401687622,0.15,0.0,0.0,-0.6283185307179586,-0.7973973020049093,0.9675669040743564,-0.29,6.03,8.34,1.381,0.9943364858627319,0.14285714285714285,0.018684178590774536,1.0,0.0,7.7,0.847,True,True,False
25.24853825569153,forward_015,5.248538255691528,0.15,0.0,0.0,-0.6403176693254197,-0.4134248665661568,0.20943951023931956,-0.29,6.03,8.34,1.381,0.9961766004562378,0.14285714285714285,0.0577438292093575,1.0,1.0,7.7,0.847,True,True,False
25.268914461135864,forward_015,5.268914461135864,0.15,0.0,0.0,-0.9304786574694769,0.14508049407202864,-1.1584622910112363,-3.43,2.5100000000000002,9.78,1.995,0.9915475845336914,0.35714285714285715,0.1997818723320961,1.0,1.0,7.9,0.109,True,True,False
25.289286851882935,forward_015,5.289286851882935,0.15,0.0,0.0,-1.0995574287564276,0.7788531787024695,-1.892591407631351,-2.18,2.04,6.2,1.6110000000000002,0.9699003100395203,0.14285714285714285,0.1389116384088993,1.0,1.0,7.9,0.109,True,True,False
25.30971121788025,forward_015,5.309711217880249,0.15,0.0,0.0,-1.3439035240356338,0.4734205596034619,-2.201296519077848,-2.18,2.04,6.2,0.614,0.9584100246429443,0.07142857142857142,0.06274689361453056,1.0,1.0,7.9,0.109,True,True,False
25.330145835876465,forward_015,5.330145835876465,0.15,0.0,0.0,-0.605411084285533,0.38942658935123475,-2.0802143022207416,-1.2,-2.14,6.19,1.074,0.9427704215049744,0.0,0.040253374725580215,1.0,1.0,7.9,0.109,True,True,False
25.350569486618042,forward_015,5.350569486618042,0.15,0.0,0.0,-0.16144295580947549,0.41015237421866746,-1.7049685130419607,0.77,-7.48,5.72,2.225,0.9640449285507202,0.07142857142857142,0.11560669774189591,1.0,1.0,7.9,0.109,True,True,False
25.37095284461975,forward_015,5.370952844619751,0.15,0.0,0.0,-0.18435040224190105,0.2530727415391778,-0.8552113334772214,0.77,-7.48,5.72,2.608,0.9783437848091125,0.07142857142857142,0.03411128371953964,1.0,1.0,7.9,0.109,True,True,False
25.391328811645508,forward_015,5.391328811645508,0.15,0.0,0.0,-0.47123889803846897,0.6795875774952921,0.2301652951067522,0.77,-7.48,5.72,1.688,0.918975293636322,0.0,0.14731107279658318,1.0,1.0,7.9,0.109,True,True,False
25.411830186843872,forward_015,5.411830186843872,0.15,0.0,0.0,-0.6239552075879728,1.2446379228284563,1.7998707911191523,-5.87,-1.12,9.040000000000001,1.151,0.9267380833625793,0.0,0.21923300623893738,1.0,1.0,7.9,0.109,True,True,False
25.43222713470459,forward_015,5.43222713470459,0.15,0.0,0.0,-0.5846852994181004,0.8737554567796613,1.662426112524599,-5.87,-1.12,9.040000000000001,0.844,0.9614673852920532,0.14285714285714285,0.1450176015496254,0.0,1.0,7.9,0.109,True,True,False
25.452599048614502,forward_015,5.452599048614502,0.15,0.0,0.0,-0.8235772407848243,0.3861540970037454,1.4278974942878608,0.79,1.11,6.11,1.688,0.8140217661857605,0.0,0.10255960747599602,0.0,1.0,7.9,0.109,True,True,False
25.472978353500366,forward_015,5.472978353500366,0.15,0.0,0.0,-0.7515824091400581,0.7897614865274342,1.114829059711378,-4.03,3.61,5.16,1.841,0.7109919190406799,0.0,0.08215975761413574,0.0,1.0,6.9,3.049,True,True,False
25.493350982666016,forward_015,5.493350982666016,0.15,0.0,0.0,-0.24870941840919197,-0.22252947962927702,0.4788747135159442,-4.6000000000000005,-0.01,9.58,2.148,0.8078292608261108,0.0,0.16917132399976254,0.0,1.0,6.9,3.049,True,True,False
25.513734102249146,forward_015,5.5137341022491455,0.15,0.0,0.0,0.48323803664593,-0.6719517620178169,-0.2901609881440573,-5.17,-4.79,9.71,2.302,0.9427366852760315,0.0,0.1681157574057579,0.0,1.0,6.9,3.049,True,True,False
25.534109115600586,forward_015,5.534109115600586,0.15,0.0,0.0,0.9326603190344699,-0.6272276999354622,-0.8115781021773633,-5.17,-4.79,9.71,1.765,0.9540637135505676,0.07142857142857142,0.11725295707583427,0.0,1.0,6.9,3.049,True,True,False
25.55457067489624,forward_015,5.55457067489624,0.15,0.0,0.0,1.1835513990086548,-0.8999353955595761,-0.06654067773228381,0.8200000000000001,-6.640000000000001,6.59,0.9970000000000001,0.9591293334960938,0.07142857142857142,0.12388021498918533,0.0,0.0,6.9,3.049,True,True,False
25.575352907180786,forward_015,5.575352907180786,0.15,0.0,0.0,1.3209960776032081,-1.1999138607461015,0.918479518862016,-0.28,-1.28,7.55,1.074,0.9746143817901611,0.21428571428571427,0.03995661251246929,0.0,0.0,6.9,3.049,True,True,False
25.595736503601074,forward_015,5.595736503601074,0.15,0.0,0.0,1.1519173063162575,-0.6283185307179586,0.9348419805994628,-2.19,-1.98,0.53,1.6110000000000002,0.9732811450958252,0.14285714285714285,0.09233971685171127,1.0,1.0,6.9,3.049,True,True,False
25.61612582206726,forward_015,5.616125822067261,0.15,0.0,0.0,1.351539339513109,-0.21707532571679475,0.7079491778402,-1.82,1.48,0.0,1.841,0.9546206593513489,0.07142857142857142,0.08242396707646549,1.0,1.0,6.9,3.049,True,True,False
25.636489868164062,forward_015,5.6364898681640625,0.15,0.0,0.0,1.263182046130896,-0.41996985126113556,0.17235126363444003,-1.37,3.81,3.73,1.6110000000000002,0.9650061726570129,0.14285714285714285,0.10397149925120175,1.0,1.0,6.9,3.049,True,True,False
25.656856298446655,forward_015,5.656856298446655,0.15,0.0,0.0,1.0395617357191225,-0.284706834231575,-0.27052603405912107,-1.37,3.81,3.73,1.534,0.9852817058563232,0.14285714285714285,0.10344089940190315,1.0,1.0,6.9,3.049,True,True,False
25.67724609375,forward_015,5.67724609375,0.15,0.0,0.0,-0.24107360293171676,1.5751596499248823,-0.5465062220307244,-2.7,-0.84,7.2700000000000005,0.614,0.9776604175567627,0.07142857142857142,0.20318018645048141,1.0,1.0,7.4,1.267,True,True,False
25.69833469390869,forward_015,5.698334693908691,0.15,0.0,0.0,0.014180800172453928,-0.2977968036215325,-1.5467980495799745,-0.51,0.63,7.7700000000000005,1.688,0.9684585332870483,0.07142857142857142,0.1323237381875515,1.0,0.0,7.4,1.267,True,True,False
25.718790769577026,forward_015,5.718790769577026,0.15,0.0,0.0,0.09708393964218458,0.2650718801466388,-1.746420082776826,-0.99,-0.17,2.69,2.225,0.9459180235862732,0.0,0.1073285723105073,1.0,0.0,7.4,1.267,True,True,False
25.739156484603882,forward_015,5.739156484603882,0.15,0.0,0.0,-0.013089969389957472,0.40578905108868163,-0.10799224746714914,0.96,-1.24,5.0,3.145,0.8970120549201965,0.0,0.08231787197291851,1.0,0.0,7.4,1.267,True,True,False
25.759528875350952,forward_015,5.759528875350952,0.15,0.0,0.0,-0.32179508083645453,0.5105088062083414,0.016362461737446838,-1.6600000000000001,0.19,8.01,3.6060000000000003,0.9587262272834778,0.07142857142857142,0.06012624502182007,1.0,0.0,7.4,1.267,True,True,False
25.779921770095825,forward_015,5.779921770095825,0.15,0.0,0.0,-0.6119560689805118,0.011999138607461015,0.2999784651865254,-1.51,0.96,8.18,2.148,0.9493626356124878,0.0,0.07050355151295662,1.0,1.0,7.4,1.267,True,True,False
25.800293445587158,forward_015,5.800293445587158,0.15,0.0,0.0,-1.0635600129340446,-0.6894050545377601,0.46687557490848314,-0.56,4.78,9.76,1.304,0.9676002264022827,0.14285714285714285,0.11730106920003891,1.0,1.0,7.4,1.267,True,True,False
25.820674657821655,forward_015,5.820674657821655,0.15,0.0,0.0,-1.5086189721925987,-0.5617778529856748,0.3141592653589793,-0.56,4.78,9.76,1.458,0.9663944840431213,0.07142857142857142,0.043830178678035736,1.0,1.0,7.4,1.267,True,True,False
25.841159343719482,forward_015,5.841159343719482,0.15,0.0,0.0,-1.6111570657472654,-0.7428557628800865,-1.2849986617808251,-0.56,4.78,9.76,1.227,0.93049156665802,0.0,0.07085884362459183,0.0,1.0,7.4,1.267,True,True,False
25.861546516418457,forward_015,5.861546516418457,0.15,0.0,0.0,-1.0995574287564276,0.24325526449670967,-1.3842642629880026,-2.09,-1.62,3.63,1.074,0.9464542865753174,0.0,0.10378184914588928,0.0,1.0,7.4,1.267,True,True,False
25.882099151611328,forward_015,5.882099151611328,0.15,0.0,0.0,-0.918479518862016,0.3643374813538163,-0.7853981633974483,-0.6900000000000001,-3.89,5.82,0.767,0.9120312333106995,0.0,0.05657993257045746,0.0,1.0,7.6,1.025,True,True,False
25.90247082710266,forward_015,5.902470827102661,0.15,0.0,0.0,-0.8115781021773633,-0.18980455615438332,-0.856302164259718,-1.08,-4.39,8.71,0.46,0.942927360534668,0.0,0.05882953107357025,0.0,1.0,7.6,1.025,True,True,False
25.92296862602234,forward_015,5.922968626022339,0.15,0.0,0.0,-0.3534291735288517,1.0831949670189809,-0.210530341021816,-1.08,-4.39,8.71,0.9210000000000002,0.9043922424316406,0.0,0.1346675343811512,0.0,1.0,7.6,1.025,True,True,False
25.943340063095093,forward_015,5.943340063095093,0.15,0.0,0.0,-0.09926560120717749,0.8323038870447959,-0.13526301702956053,-1.08,-4.39,8.71,0.614,0.9040281176567078,0.0,0.14967121370136738,0.0,1.0,7.6,1.025,True,True,False
25.963710069656372,forward_015,5.963710069656372,0.15,0.0,0.0,-0.27598018797160334,0.7897614865274342,-0.21162117180431245,-1.61,-3.39,9.15,0.844,0.8816892504692078,0.0,0.1851156186312437,0.0,1.0,7.6,1.025,True,True,False
25.984089851379395,forward_015,5.9840898513793945,0.15,0.0,0.0,-0.2617993877991494,1.0657416744990376,-0.061086523819801536,-2.08,-4.94,6.62,1.458,0.8787052631378174,0.0,0.13193253427743912,0.0,1.0,7.6,1.025,True,True,False
26.004456758499146,forward_015,6.0044567584991455,0.15,0.0,0.0,-0.20507618710933373,0.9555677654668955,0.595593607243065,-4.17,-3.9,8.790000000000001,2.532,0.9349395036697388,0.0,0.07209601253271103,0.0,1.0,7.6,1.025,True,True,False
26.024821281433105,forward_015,6.0248212814331055,0.15,0.0,0.0,-0.2301652951067522,0.5486878835957173,0.5530512067257032,-4.17,-3.9,8.790000000000001,2.915,0.8950894474983215,0.0,0.053589252755045884,0.0,1.0,7.6,1.025,True,True,False
26.045193910598755,forward_015,6.045193910598755,0.15,0.0,0.0,0.21162117180431245,0.3327033886614191,0.6643159465403417,-2.12,-3.19,7.930000000000001,2.685,0.8563137650489807,0.0,0.03852703887969255,0.0,1.0,7.6,1.025,True,True,False
26.06557297706604,forward_015,6.06557297706604,0.15,0.0,0.0,1.1344640137963142,-0.08072147790473774,0.7461282552275759,-2.77,0.6,7.87,2.762,0.936398983001709,0.0,0.08238289505243301,0.0,1.0,7.6,1.025,True,True,False
26.085951328277588,forward_015,6.085951328277588,0.15,0.0,0.0,1.3449943548181302,-0.4908738521234052,-0.37742745074377376,-3.94,-5.16,8.39,2.762,0.9592425227165222,0.07142857142857142,0.1307009868323803,0.0,1.0,7.4,1.467,True,True,False
26.10633087158203,forward_015,6.106330871582031,0.15,0.0,0.0,1.5337080801900171,-0.6926775468852495,-0.5148721293383273,-2.25,-3.23,7.63,1.534,0.964163064956665,0.07142857142857142,0.0824735015630722,0.0,1.0,7.4,1.467,True,True,False
26.126709461212158,forward_015,6.126709461212158,0.15,0.0,0.0,1.9984019935335073,-1.0221084431991792,-0.039269908169872414,-1.84,-5.3100000000000005,7.2,1.765,0.9676976799964905,0.07142857142857142,0.07724649971351027,0.0,1.0,7.4,1.467,True,True,False
26.147112131118774,forward_015,6.147112131118774,0.15,0.0,0.0,2.199114857512855,-1.0951941056264418,0.37960911230876665,-3.39,-3.17,4.09,2.915,0.9614025950431824,0.07142857142857142,0.049073994159698486,0.0,1.0,7.4,1.467,True,True,False
26.167487859725952,forward_015,6.167487859725952,0.15,0.0,0.0,1.9154988540637767,-1.0122909661567112,0.2476185876266955,-1.43,0.35000000000000003,5.66,2.608,0.9430404305458069,0.0,0.0729776993393898,1.0,1.0,7.4,1.467,True,True,False
26.18800163269043,forward_015,6.18800163269043,0.15,0.0,0.0,1.7267851286918898,-0.5726861608106394,-0.23125612588924865,-1.61,1.25,6.25,2.148,0.8989425897598267,0.0,0.1357089765369892,1.0,1.0,7.4,1.467,True,True,False
26.20838761329651,forward_015,6.208387613296509,0.15,0.0,0.0,1.6078845733997762,-0.24652775684419906,-0.8410305333047675,-0.47000000000000003,-1.0,8.11,1.304,0.8588083982467651,0.0,0.05754608288407326,1.0,0.0,7.4,1.467,True,True,False
26.228810787200928,forward_015,6.228810787200928,0.15,0.0,0.0,1.7038776822594641,-0.28034351110158917,-0.6065019150680295,-0.47000000000000003,-1.0,8.11,1.304,0.9181248545646667,0.0,0.06768100336194038,1.0,0.0,7.4,1.467,True,True,False
26.24918246269226,forward_015,6.249182462692261,0.15,0.0,0.0,0.6468626540203984,0.9730210579868387,-1.0570150282390658,-0.47000000000000003,-1.0,8.11,1.458,0.9555456042289734,0.07142857142857142,0.21087909489870071,1.0,0.0,7.4,1.467,True,True,False
26.269551753997803,forward_015,6.269551753997803,0.15,0.0,0.0,0.1930770485018727,0.38724492778624187,-0.47123889803846897,-1.2,2.13,2.81,2.8389999999999995,0.9461312890052795,0.0,0.04928559809923172,1.0,0.0,7.4,1.467,True,True,False
26.289928436279297,forward_015,6.289928436279297,0.15,0.0,0.0,-0.07526732399225546,-0.2977968036215325,-0.17780541754692233,1.12,-2.44,1.57,3.452,0.9335362911224365,0.0,0.07942286320030689,1.0,0.0,7.4,1.6700000000000002,True,True,False
26.31031370162964,forward_015,6.310313701629639,0.15,0.0,0.0,-0.3981532356112064,0.2279836335417593,0.9239336727744982,-2.84,4.03,3.0100000000000002,3.069,0.9397029876708984,0.0,0.09896220825612545,1.0,0.0,7.4,1.6700000000000002,True,True,False
26.330683946609497,forward_015,6.330683946609497,0.15,0.0,0.0,-0.4985096676008804,0.31852258848896514,1.1399181677087964,-2.84,4.03,3.0100000000000002,3.069,0.9260340929031372,0.0,0.05701182782649994,1.0,0.0,7.4,1.6700000000000002,True,True,False
26.351056814193726,forward_015,6.351056814193726,0.15,0.0,0.0,-0.5563236990731926,-0.1810779098944117,0.815941425307349,-2.84,4.03,3.0100000000000002,3.145,0.9642196297645569,0.07142857142857142,0.04898872226476669,1.0,0.0,7.4,1.6700000000000002,True,True,False
26.371424913406372,forward_015,6.371424913406372,0.15,0.0,0.0,-0.5639595145506677,-0.2181661564992912,0.56941366846315,-0.68,4.13,7.17,2.532,0.9607909917831421,0.07142857142857142,0.0460839569568634,1.0,0.0,7.4,1.6700000000000002,True,True,False
26.391788959503174,forward_015,6.391788959503174,0.15,0.0,0.0,-0.7744898555724837,0.09708393964218458,0.02181661564992912,-1.17,2.54,6.87,1.918,0.9498776197433472,0.0,0.023532375693321228,1.0,0.0,7.4,1.6700000000000002,True,True,False
26.412158727645874,forward_015,6.412158727645874,0.15,0.0,0.0,-0.8988445647770797,-0.1308996938995747,-0.5257804371632918,-1.17,2.54,6.87,1.6110000000000002,0.9634138345718384,0.07142857142857142,0.05366247147321701,1.0,0.0,7.4,1.6700000000000002,True,True,False
26.432537317276,forward_015,6.432537317276001,0.15,0.0,0.0,-1.177006414313676,-0.27598018797160334,-0.9446594576419308,-2.49,1.35,6.890000000000001,0.9970000000000001,0.9659473299980164,0.07142857142857142,0.02021489292383194,1.0,0.0,7.4,1.6700000000000002,True,True,False
26.45290446281433,forward_015,6.452904462814331,0.15,0.0,0.0,-1.4791665410651942,-0.2617993877991494,-1.3362677085581585,-3.2,0.86,5.66,0.9210000000000002,0.9631331562995911,0.14285714285714285,0.024511948227882385,1.0,1.0,7.4,1.6700000000000002,True,True,False
26.47330069541931,forward_015,6.4733006954193115,0.15,0.0,0.0,-1.6002487579223008,-0.39051742013373125,-1.4486232791552935,-2.1,-0.99,8.0,0.767,0.9620173573493958,0.14285714285714285,0.060977242421358824,1.0,1.0,7.4,1.6700000000000002,True,True,False
26.493728160858154,forward_015,6.493728160858154,0.15,0.0,0.0,-1.461713248545251,-0.22471114119426994,-0.7330382858376184,-1.61,0.23,8.38,0.6899999999999998,0.9613181352615356,0.07142857142857142,0.06131327198818326,1.0,1.0,7.8,0.182,True,True,False
26.51409101486206,forward_015,6.5140910148620605,0.15,0.0,0.0,-1.3144510929082294,-0.17016960206944712,-0.3643374813538163,-1.61,0.23,8.38,0.384,0.9410109519958496,0.0,0.05934452265501022,0.0,1.0,7.8,0.182,True,True,False
26.534507513046265,forward_015,6.534507513046265,0.15,0.0,0.0,-0.5563236990731926,0.6632251157578453,-0.2454369260617026,-3.06,-2.18,9.47,0.6899999999999998,0.9369329214096069,0.0,0.05874728411436081,0.0,1.0,7.8,0.182,True,True,False
26.5548837184906,forward_015,6.554883718490601,0.15,0.0,0.0,-0.4428772976935611,0.3621558197888234,-0.37742745074377376,-0.88,-2.84,8.68,1.151,0.9624212384223938,0.07142857142857142,0.0701485127210617,0.0,1.0,7.8,0.182,True,True,False
26.575298070907593,forward_015,6.575298070907593,0.15,0.0,0.0,-0.2825251726665821,0.595593607243065,-0.33161255787892263,-0.61,-3.29,6.640000000000001,1.534,0.9448357820510864,0.0,0.10018839873373508,0.0,1.0,7.8,0.182,True,True,False
26.595674514770508,forward_015,6.595674514770508,0.15,0.0,0.0,-0.09817477042468103,0.5803219762881145,-0.4112432050011639,-1.04,-4.62,8.17,1.6110000000000002,0.9647166132926941,0.07142857142857142,0.09476817958056927,0.0,1.0,7.8,0.182,True,True,False
26.61610221862793,forward_015,6.61610221862793,0.15,0.0,0.0,0.13308135546456762,0.4636030825609938,-0.2203478180642841,-1.85,-4.97,7.71,1.995,0.9497804641723633,0.0,0.07904482074081898,0.0,1.0,7.8,0.182,True,True,False
26.636472463607788,forward_015,6.636472463607788,0.15,0.0,0.0,0.3741549583962844,0.23671027980173096,0.20725784867432664,-1.94,-3.87,7.07,2.225,0.9402230978012085,0.0,0.06058201938867569,0.0,1.0,7.8,0.182,True,True,False
26.65688681602478,forward_015,6.65688681602478,0.15,0.0,0.0,0.7232208087951503,0.2977968036215325,0.779944009484966,-2.2600000000000002,-2.0300000000000002,7.71,2.685,0.9681084752082825,0.07142857142857142,0.06510460749268532,0.0,1.0,7.8,0.182,True,True,False
26.677255868911743,forward_015,6.677255868911743,0.15,0.0,0.0,1.2359112765684845,0.3490658503988659,0.9686577348568529,-2.2600000000000002,-2.0300000000000002,7.71,3.682,0.9705418944358826,0.07142857142857142,0.07310136640444398,1.0,1.0,7.8,0.182,True,True,False
26.697688579559326,forward_015,6.697688579559326,0.15,0.0,0.0,1.5806138038373647,0.06763150851478027,0.6730425928003133,-2.2600000000000002,-2.0300000000000002,7.71,1.841,0.9650813341140747,0.07142857142857142,0.05469204857945442,1.0,1.0,7.0,1.82,True,True,False
26.71883749961853,forward_015,6.71883749961853,0.15,0.0,0.0,2.1129392256956354,-0.136353847812057,0.20289452554434081,-1.32,-1.58,5.99,1.6110000000000002,0.9229888916015625,0.0,0.13183841854333878,1.0,1.0,7.0,1.82,True,True,False
26.739280223846436,forward_015,6.7392802238464355,0.15,0.0,0.0,2.165299103255465,-0.6774059159302992,0.0719948316447661,-1.32,-1.58,5.99,2.148,0.9237421154975891,0.0,0.12031523138284683,1.0,1.0,7.0,1.82,True,True,False
26.75966739654541,forward_015,6.75966739654541,0.15,0.0,0.0,1.557706357404939,0.25743606466916363,-0.9915651812892785,-6.25,2.23,5.72,1.841,0.8680312633514404,0.0,0.08597740903496742,1.0,0.0,7.0,1.82,True,True,False
26.78009796142578,forward_015,6.780097961425781,0.15,0.0,0.0,1.2326387842209952,0.5094179754258449,-2.1063942410006566,-0.32,3.42,9.74,1.381,0.9508203864097595,0.07142857142857142,0.21705032140016556,1.0,0.0,7.0,1.82,True,True,False
26.800519943237305,forward_015,6.800519943237305,0.15,0.0,0.0,1.3286318930806833,0.037088246604879506,-1.583886296184854,-0.32,3.42,9.74,1.841,0.9033820629119873,0.0,0.06905732676386833,1.0,0.0,7.0,1.82,True,True,False
26.820902824401855,forward_015,6.8209028244018555,0.15,0.0,0.0,0.8050331174823845,0.8464846872172498,-1.3024519543007684,-1.86,-1.58,2.2,2.762,0.9691072106361389,0.07142857142857142,0.1475178236141801,1.0,0.0,7.0,1.82,True,True,False
26.841285705566406,forward_015,6.841285705566406,0.15,0.0,0.0,0.050178215994836975,0.08944812416470939,-0.014180800172453928,-2.38,-1.51,6.94,2.762,0.9287395477294922,0.0,0.11553765484131873,1.0,0.0,7.0,1.82,True,True,False
26.861650943756104,forward_015,6.8616509437561035,0.15,0.0,0.0,-0.26070855701665296,0.28034351110158917,1.1235557059713497,-5.83,1.31,4.5200000000000005,3.529,0.9564657211303711,0.07142857142857142,0.07706965319812298,1.0,0.0,7.0,1.82,True,True,False
26.882078170776367,forward_015,6.882078170776367,0.15,0.0,0.0,-0.6719517620178169,-0.3861540970037454,1.4049900478554354,-5.83,1.31,4.5200000000000005,3.452,0.9738786816596985,0.14285714285714285,0.1137975212186575,1.0,0.0,7.0,1.82,True,True,False
26.902540922164917,forward_015,6.902540922164917,0.15,0.0,0.0,-1.0057459814617324,-0.5825036378531074,1.0722866591940161,-5.83,1.31,4.5200000000000005,2.378,0.9796590805053711,0.21428571428571427,0.02306313067674637,1.0,0.0,7.4,1.423,True,True,False
26.92299199104309,forward_015,6.922991991043091,0.15,0.0,0.0,-1.4562590946327687,-0.06763150851478027,0.5825036378531074,-1.44,6.45,7.25,2.148,0.942177951335907,0.0,0.07648644968867302,1.0,0.0,7.4,1.423,True,True,False
26.943365812301636,forward_015,6.943365812301636,0.15,0.0,0.0,-1.4388058021128254,-0.7450374244450795,0.01090830782496456,-2.64,5.69,7.98,1.841,0.976201593875885,0.14285714285714285,0.10870078578591347,1.0,0.0,7.4,1.423,True,True,False
26.96373748779297,forward_015,6.963737487792969,0.15,0.0,0.0,-1.746420082776826,-0.8050331174823845,-1.2762720155208536,-2.5500000000000003,1.27,7.79,1.6110000000000002,0.967900812625885,0.07142857142857142,0.034468330442905426,1.0,1.0,7.4,1.423,True,True,False
26.98416829109192,forward_015,6.984168291091919,0.15,0.0,0.0,-1.8675022996339325,-0.7472190860100724,-1.6766069126970529,-2.37,3.27,5.33,0.9210000000000002,0.9431406259536743,0.0,0.049416329711675644,0.0,1.0,7.4,1.423,True,True,False
27.00454878807068,forward_015,7.004548788070679,0.15,0.0,0.0,-2.177298241862926,-0.6479534848028948,-2.2405664272477206,-2.89,-0.72,7.33,0.844,0.9577788710594177,0.07142857142857142,0.03093397244811058,0.0,1.0,7.4,1.423,True,True,False
27.024932384490967,forward_015,7.024932384490967,0.15,0.0,0.0,-1.9013180538913228,-0.36979163526629855,-2.181661564992912,-2.89,-0.72,7.33,0.46,0.9648192524909973,0.07142857142857142,0.0199056938290596,0.0,1.0,7.4,1.423,True,True,False
27.045319080352783,forward_015,7.045319080352783,0.15,0.0,0.0,-1.1159198904938745,0.421060682043632,-1.3319043854281727,-1.28,-4.03,5.99,0.614,0.9554281234741211,0.07142857142857142,0.08019505441188812,0.0,1.0,7.4,1.423,True,True,False
27.065693616867065,forward_015,7.065693616867065,0.15,0.0,0.0,-0.2748893571891069,0.32506757318394386,0.36979163526629855,-1.28,-4.03,5.99,0.6899999999999998,0.9333128929138184,0.0,0.14480135217308998,0.0,1.0,7.4,1.423,True,True,False
27.086085081100464,forward_015,7.086085081100464,0.15,0.0,0.0,-0.4603305902135044,0.9108437033845407,0.4701480672559725,-0.6,-1.92,5.28,0.9970000000000001,0.7519616484642029,0.0,0.20089849829673767,0.0,1.0,7.4,1.423,True,True,False
27.10646390914917,forward_015,7.10646390914917,0.15,0.0,0.0,-0.5410520681182421,0.6752242543653062,0.003272492347489368,-0.22,-5.01,9.200000000000001,1.304,0.8201415538787842,0.0,0.12631334364414215,0.0,1.0,7.1,2.507,True,True,False
27.12682294845581,forward_015,7.1268229484558105,0.15,0.0,0.0,-0.4374231437810788,0.7417649320975901,-0.12980886311707826,0.05,-5.09,8.27,1.765,0.7444300651550293,0.0,0.041080377995967865,0.0,1.0,7.1,2.507,True,True,False
27.147202014923096,forward_015,7.147202014923096,0.15,0.0,0.0,-0.16253378659197193,0.5726861608106394,-0.09926560120717749,-0.93,-2.4,6.37,2.302,0.8489927649497986,0.0,0.04424767941236496,0.0,1.0,7.1,2.507,True,True,False
27.167612075805664,forward_015,7.167612075805664,0.15,0.0,0.0,0.37960911230876665,0.5126904677733343,-0.15707963267948966,-1.32,-4.2700000000000005,6.49,2.225,0.8867506980895996,0.0,0.07679129857569933,0.0,1.0,7.1,2.507,True,True,False
27.187984228134155,forward_015,7.187984228134155,0.15,0.0,0.0,0.8432121948697605,0.45160394395353276,-0.01090830782496456,-1.32,-4.2700000000000005,6.49,2.762,0.8837198615074158,0.0,0.07570956647396088,0.0,1.0,7.1,2.507,True,True,False
27.208401679992676,forward_015,7.208401679992676,0.15,0.0,0.0,1.4126258633329105,0.3010692959690218,0.11671889372712078,-1.32,-4.2700000000000005,6.49,1.918,0.966612696647644,0.07142857142857142,0.08955654501914978,0.0,1.0,7.1,2.507,True,True,False
27.228774309158325,forward_015,7.228774309158325,0.15,0.0,0.0,1.806415775814131,0.06217735460229799,0.061086523819801536,0.25,-5.62,5.44,1.841,0.9768240451812744,0.07142857142857142,0.11806662008166313,0.0,1.0,7.1,2.507,True,True,False
27.2491557598114,forward_015,7.249155759811401,0.15,0.0,0.0,2.1707532571679473,-0.5083271446433485,0.7024950239277177,-2.5300000000000002,-2.38,7.73,2.685,0.9779074788093567,0.07142857142857142,0.04843098297715187,0.0,1.0,7.1,2.507,True,True,False
27.269527912139893,forward_015,7.269527912139893,0.15,0.0,0.0,2.4358251373145863,-0.5966844380255614,0.7057675162752071,-4.0600000000000005,-0.9,7.24,3.145,0.9489372968673706,0.0,0.10427198931574821,1.0,1.0,7.1,2.507,True,True,False
27.289896726608276,forward_015,7.289896726608276,0.15,0.0,0.0,2.3289237206299336,-0.8148505945248526,0.21598449493429828,-2.21,-2.7800000000000002,6.86,1.995,0.9085705280303955,0.0,0.11297598108649254,1.0,1.0,7.1,2.507,True,True,False
27.310277700424194,forward_015,7.310277700424194,0.15,0.0,0.0,2.2165681500327987,-0.8803004414746399,-0.136353847812057,-1.54,-3.37,8.11,1.841,0.9186125993728638,0.0,0.05142413079738617,1.0,0.0,7.5,1.4040000000000001,True,True,False
27.330650329589844,forward_015,7.330650329589844,0.15,0.0,0.0,2.1587541185604864,-0.8966629032120869,0.4821472058634335,-1.54,-3.37,8.11,1.458,0.9474292397499084,0.0,0.0396114606410265,1.0,0.0,7.5,1.4040000000000001,True,True,False
27.351033449172974,forward_015,7.351033449172974,0.15,0.0,0.0,0.990474350506782,-0.06981317007977318,0.6719517620178169,-1.54,-3.37,8.11,1.765,0.9755260944366455,0.07142857142857142,0.04967439593747258,1.0,0.0,7.5,1.4040000000000001,True,True,False
27.371406078338623,forward_015,7.371406078338623,0.15,0.0,0.0,0.36979163526629855,0.1505346479845109,0.014180800172453928,-2.38,6.32,4.61,2.532,0.9892892241477966,0.14285714285714285,0.19809360802173615,1.0,0.0,7.5,1.4040000000000001,True,True,False
27.39182758331299,forward_015,7.391827583312988,0.15,0.0,0.0,0.39924406639370286,-0.2683443724941282,-0.3021601267515183,-0.47000000000000003,3.4,2.97,2.608,0.994476318359375,0.07142857142857142,0.09667234495282173,1.0,0.0,7.5,1.4040000000000001,True,True,False
27.412195444107056,forward_015,7.412195444107056,0.15,0.0,0.0,0.31525009614147576,0.49960049838337683,0.4756022211684548,-1.53,1.05,-0.02,2.455,0.9873281121253967,0.21428571428571427,0.11749237030744553,1.0,0.0,7.5,1.4040000000000001,True,True,False
27.432575225830078,forward_015,7.432575225830078,0.15,0.0,0.0,0.22580197197676638,0.4723297288209654,0.6523168079328807,-1.53,1.05,-0.02,2.378,0.9790855646133423,0.21428571428571427,0.07877758704125881,1.0,0.0,7.5,1.4040000000000001,True,True,False
27.45294976234436,forward_015,7.45294976234436,0.15,0.0,0.0,0.04799655442984406,0.36760997370130566,0.23125612588924865,-1.53,1.05,-0.02,2.532,0.9701528549194336,0.07142857142857142,0.07069119811058044,1.0,0.0,7.5,1.4040000000000001,True,True,False
27.473320245742798,forward_015,7.473320245742798,0.15,0.0,0.0,-0.16253378659197193,0.6043202535030366,-0.0272707695624114,-2.22,1.85,6.46,2.378,0.9549710750579834,0.14285714285714285,0.05355270206928253,1.0,0.0,7.5,1.4040000000000001,True,True,False
27.493801832199097,forward_015,7.493801832199097,0.15,0.0,0.0,-0.2454369260617026,0.6185010536754906,0.015271630954950384,-1.6300000000000001,2.62,7.7,2.225,0.9522006511688232,0.07142857142857142,0.033187493681907654,1.0,0.0,7.5,1.4040000000000001,True,True,False
27.51418924331665,forward_015,7.51418924331665,0.15,0.0,0.0,-0.28579766501407144,0.7897614865274342,0.1832595714594046,-4.68,3.52,9.03,1.841,0.956203818321228,0.07142857142857142,0.06532987952232361,1.0,0.0,6.9,3.1510000000000002,True,True,False
27.534582376480103,forward_015,7.5345823764801025,0.15,0.0,0.0,-0.7035858547102141,0.5050546522958591,-0.4265148359561143,-4.45,3.86,9.02,1.841,0.9610428214073181,0.07142857142857142,0.018148601055145264,1.0,0.0,6.9,3.1510000000000002,True,True,False
27.554969549179077,forward_015,7.554969549179077,0.15,0.0,0.0,-1.6275195274847123,0.284706834231575,-0.7526732399225546,-2.27,1.72,8.71,1.304,0.9474371671676636,0.0,0.07418147474527359,1.0,0.0,6.9,3.1510000000000002,True,True,False
27.57534670829773,forward_015,7.5753467082977295,0.15,0.0,0.0,-1.7049685130419607,0.08072147790473774,-0.23125612588924865,-3.45,3.91,8.68,1.304,0.9414323568344116,0.0,0.09685759712010622,1.0,0.0,6.9,3.1510000000000002,True,True,False
27.595723152160645,forward_015,7.5957231521606445,0.15,0.0,0.0,-1.6547902970471238,0.01090830782496456,-0.16798794050445423,-4.15,4.01,7.890000000000001,1.304,0.9446561932563782,0.0,0.06796228419989347,1.0,0.0,6.9,3.1510000000000002,True,True,False
27.61609387397766,forward_015,7.616093873977661,0.15,0.0,0.0,-1.5064373106276057,-0.26616271092913524,-0.6228643768054763,-2.89,2.95,9.76,1.304,0.9383954405784607,0.0,0.04763679951429367,1.0,0.0,6.9,3.1510000000000002,True,True,False
27.63646411895752,forward_015,7.6364641189575195,0.15,0.0,0.0,-1.3679018012505557,-0.1090830782496456,-0.96647607329186,-2.56,2.81,6.78,1.151,0.9596452116966248,0.14285714285714285,0.03419163340004161,1.0,1.0,6.9,3.1510000000000002,True,True,False
27.65684962272644,forward_015,7.65684962272644,0.15,0.0,0.0,-1.19118721448613,-0.14289883250703572,-1.0602875205865552,-1.11,1.19,4.42,1.458,0.9568489789962769,0.07142857142857142,0.035821401688735925,0.0,1.0,6.9,3.1510000000000002,True,True,False
27.677335262298584,forward_015,7.677335262298584,0.15,0.0,0.0,-0.9195703496445123,0.10362892433716332,-1.150826475533761,-1.84,1.12,3.56,1.458,0.9620100259780884,0.14285714285714285,0.03998035192489624,0.0,1.0,6.9,3.1510000000000002,True,True,False
27.697795391082764,forward_015,7.697795391082764,0.15,0.0,0.0,-0.7515824091400581,0.46687557490848314,-1.5304355878425278,-1.84,1.12,3.56,1.6110000000000002,0.9627953171730042,0.07142857142857142,0.056163035333156586,0.0,1.0,6.9,3.1510000000000002,True,True,False
27.718237161636353,forward_015,7.7182371616363525,0.15,0.0,0.0,-0.08399397025222712,0.9512044423369096,-0.7592182246175333,-1.84,1.12,3.56,0.9210000000000002,0.9453108906745911,0.0,0.08536067046225071,0.0,1.0,7.6,0.8890000000000001,True,True,False
27.739450216293335,forward_015,7.739450216293335,0.15,0.0,0.0,0.08835729338221293,1.0188359508516898,0.3981532356112064,-1.84,1.12,3.56,0.6899999999999998,0.8814201951026917,0.0,0.17048872262239456,0.0,1.0,7.6,0.8890000000000001,True,True,False
27.760062217712402,forward_015,7.760062217712402,0.15,0.0,0.0,0.11562806294462433,0.8846637646046258,0.9588402578143848,0.19,-3.5,6.12,1.534,0.8774929642677307,0.0,0.16456670686602592,0.0,1.0,7.6,0.8890000000000001,True,True,False
27.780428171157837,forward_015,7.780428171157837,0.15,0.0,0.0,-0.044724062082354694,1.327541062298187,0.4036073895236887,-3.2600000000000002,-2.5300000000000002,3.1,1.151,0.9503332376480103,0.07142857142857142,0.16202315408736467,0.0,1.0,7.6,0.8890000000000001,True,True,False
27.800815105438232,forward_015,7.800815105438232,0.15,0.0,0.0,-0.11017390903214205,0.9577494270318884,0.5770494839406252,-4.5,-3.97,8.34,1.6110000000000002,0.919369637966156,0.0,0.03882716502994299,0.0,1.0,7.6,0.8890000000000001,True,True,False
27.82119369506836,forward_015,7.821193695068359,0.15,0.0,0.0,0.16035212502697901,0.8148505945248526,0.767944870877505,-4.5,-3.97,8.34,2.532,0.8539190888404846,0.0,0.04826635867357254,0.0,1.0,7.6,0.8890000000000001,True,True,False
27.841565132141113,forward_015,7.841565132141113,0.15,0.0,0.0,0.5366887449882564,0.5552328682906961,0.20943951023931956,-3.77,-2.02,9.75,3.452,0.817448079586029,0.0,0.04382583242841064,0.0,1.0,7.6,0.8890000000000001,True,True,False
27.861934661865234,forward_015,7.861934661865234,0.15,0.0,0.0,0.7155849933176751,0.16253378659197193,-0.6730425928003133,-3.83,-2.0,6.3,3.529,0.823313295841217,0.0,0.05446977447718382,0.0,1.0,7.6,0.8890000000000001,True,True,False
27.882304906845093,forward_015,7.882304906845093,0.15,0.0,0.0,1.1093749057988957,-0.5170537909033202,-1.1137382289288815,-2.71,-3.65,6.3500000000000005,1.995,0.8780943751335144,0.0,0.1134017314761877,0.0,1.0,7.6,0.8890000000000001,True,True,False
27.902768850326538,forward_015,7.902768850326538,0.15,0.0,0.0,1.892591407631351,-0.8552113334772214,-0.5159629601208237,-3.31,-7.36,7.16,1.6110000000000002,0.9330867528915405,0.0,0.11833734437823296,1.0,1.0,7.6,0.8890000000000001,True,True,False
27.923150062561035,forward_015,7.923150062561035,0.15,0.0,0.0,2.3387411976724017,-1.2708178616083712,0.4734205596034619,-1.54,-2.35,7.21,1.6110000000000002,0.9382551312446594,0.0,0.08461617305874825,1.0,1.0,7.5,1.6239999999999999,True,True,False
27.94352126121521,forward_015,7.94352126121521,0.15,0.0,0.0,2.532909076956771,-1.511891464540088,0.9992009967667537,-1.52,-1.9100000000000001,6.4,1.534,0.9570831656455994,0.07142857142857142,0.03800608962774277,1.0,0.0,7.5,1.6239999999999999,True,True,False
27.96389412879944,forward_015,7.9638941287994385,0.15,0.0,0.0,2.318015412804969,-1.4409874636778184,1.0079276430267252,-1.52,-1.9100000000000001,6.4,1.765,0.979300856590271,0.14285714285714285,0.03328053653240204,1.0,0.0,7.5,1.6239999999999999,True,True,False
27.984262943267822,forward_015,7.984262943267822,0.15,0.0,0.0,1.1279190291013355,-0.3883357585687383,0.7646723785300157,-1.52,-1.9100000000000001,6.4,1.765,0.989666759967804,0.14285714285714285,0.06890673656016588,1.0,0.0,7.5,1.6239999999999999,True,True,False
28.004639148712158,forward_015,8.004639148712158,0.15,0.0,0.0,0.0719948316447661,0.5781403147231217,-0.5050546522958591,-4.7700000000000005,3.21,5.84,2.071,0.9829494953155518,0.14285714285714285,0.2446545884013176,1.0,0.0,7.5,1.6239999999999999,True,True,False
28.025145530700684,forward_015,8.025145530700684,0.15,0.0,0.0,0.1461713248545251,0.3817907738737596,-0.6490443155853913,-0.51,0.7000000000000001,1.6600000000000001,1.918,0.9660839438438416,0.07142857142857142,0.047043122351169586,1.0,0.0,7.5,1.6239999999999999,True,True,False
28.04552912712097,forward_015,8.045529127120972,0.15,0.0,0.0,0.34797501961636945,0.6654067773228381,-0.459239759431008,-2.06,-0.74,4.5,1.918,0.9722602963447571,0.07142857142857142,0.06610386818647385,1.0,0.0,7.5,1.6239999999999999,True,True,False
28.066064596176147,forward_015,8.066064596176147,0.15,0.0,0.0,0.519235452468313,0.8137597637423561,0.21925698728178766,-4.72,4.47,5.93,1.765,0.9438655972480774,0.0,0.11600777064450085,1.0,0.0,7.5,1.6239999999999999,True,True,False
28.086505651474,forward_015,8.086505651473999,0.15,0.0,0.0,0.38288160465625604,1.0962849364089382,-0.03599741582238305,-4.72,4.47,5.93,2.378,0.9531933069229126,0.07142857142857142,0.06241884082555771,1.0,0.0,7.5,1.6239999999999999,True,True,False
28.106929302215576,forward_015,8.106929302215576,0.15,0.0,0.0,0.08508480103472356,1.213003830136059,-0.4046982203061852,-4.64,1.99,9.06,3.6060000000000003,0.9602429866790771,0.07142857142857142,0.09265800192952156,1.0,0.0,7.5,1.6239999999999999,True,True,False
28.1272976398468,forward_015,8.127297639846802,0.15,0.0,0.0,-0.15271630954950383,0.6130468997630083,0.49414634447089456,-4.64,1.99,9.06,3.836,0.8671333193778992,0.0,0.2016444569453597,1.0,0.0,6.0,4.85,True,True,False
28.147663354873657,forward_015,8.147663354873657,0.15,0.0,0.0,-0.1407171709420428,0.35015668118136234,0.9261153343394911,-4.5200000000000005,5.0600000000000005,9.48,1.304,0.9263908863067627,0.0,0.17568231467157602,1.0,0.0,6.0,4.85,True,True,False
28.16816473007202,forward_015,8.168164730072021,0.15,0.0,0.0,-0.5825036378531074,-0.11999138607461016,0.4559672670835186,-4.94,6.37,6.98,1.841,0.9490565657615662,0.0,0.13676831871271133,1.0,0.0,6.0,4.85,True,True,False
28.188554286956787,forward_015,8.188554286956787,0.15,0.0,0.0,-0.9064803802545549,-0.6643159465403417,-0.5028729907308662,-3.17,5.64,8.82,2.532,0.6924108266830444,0.0,0.1893933229148388,1.0,0.0,6.0,4.85,True,True,False
28.20893430709839,forward_015,8.208934307098389,0.15,0.0,0.0,-1.0264717663291651,-0.7134033317526822,-1.387536755335492,-2.14,4.99,6.5600000000000005,3.452,0.8419229388237,0.0,0.17412956431508064,0.0,0.0,6.0,4.85,True,True,False
28.22930884361267,forward_015,8.229308843612671,0.15,0.0,0.0,-0.5781403147231217,-0.8072147790473774,-1.660244450959606,-0.67,3.49,3.56,3.913,0.960995614528656,0.07142857142857142,0.13812905736267567,0.0,1.0,6.0,4.85,True,True,False
28.249672174453735,forward_015,8.249672174453735,0.15,0.0,0.0,0.028361600344907856,-0.5912302841130791,-1.9220438387587555,-3.2,1.7,3.67,2.685,0.953519880771637,0.07142857142857142,0.1975637674331665,0.0,1.0,6.0,4.85,True,True,False
28.270061492919922,forward_015,8.270061492919922,0.15,0.0,0.0,0.3817907738737596,0.15926129424448257,-2.327832889847437,-4.22,-2.84,-1.04,2.148,0.930983304977417,0.0,0.12905262038111687,0.0,0.0,6.0,4.85,True,True,False
28.290460109710693,forward_015,8.290460109710693,0.15,0.0,0.0,0.7690357016600015,-0.03599741582238305,-1.2184579840485412,-4.22,-2.84,-1.04,1.918,0.9407613277435303,0.0,0.05988661199808121,0.0,0.0,6.0,4.85,True,True,False
28.31094002723694,forward_015,8.310940027236938,0.15,0.0,0.0,0.7690357016600015,-0.03599741582238305,-1.2184579840485412,1.26,-0.6900000000000001,5.18,3.299,0.9621136784553528,0.07142857142857142,0.16093417568481527,1.0,0.0,6.0,4.85,True,True,False
28.331314086914062,forward_015,8.331314086914062,0.15,0.0,0.0,0.7690357016600015,-0.03599741582238305,-1.2184579840485412,1.26,-0.6900000000000001,5.18,3.299,0.9711170196533203,0.21428571428571427,0.0934330690652132,1.0,0.0,7.6,0.9570000000000001,True,True,False
28.351720809936523,forward_015,8.351720809936523,0.15,0.0,0.0,0.050178215994836975,1.4344424789828396,0.01090830782496456,-7.96,0.18,6.96,2.071,0.9456686973571777,0.0,0.17821947671473026,1.0,0.0,7.6,0.9570000000000001,True,True,False
28.372085094451904,forward_015,8.372085094451904,0.15,0.0,0.0,-1.7627825445142729,0.20725784867432664,-0.3785182815262702,-3.34,4.89,9.68,0.9210000000000002,0.9131403565406799,0.0,0.21792741119861603,0.0,0.0,7.6,0.9570000000000001,True,True,False
28.39257502555847,forward_015,8.392575025558472,0.15,0.0,0.0,-1.844594853201507,-0.0272707695624114,-1.1693705988362009,-1.68,2.5500000000000003,8.42,1.918,0.9783857464790344,0.21428571428571427,0.18539079651236534,0.0,1.0,7.6,0.9570000000000001,True,True,False
28.41295027732849,forward_015,8.412950277328491,0.15,0.0,0.0,-2.0638518404832946,-0.9206611804270088,-0.8453938564347534,-1.68,2.5500000000000003,8.42,2.915,0.9811917543411255,0.14285714285714285,0.06057575345039368,0.0,1.0,7.6,0.9570000000000001,True,True,False
28.433321714401245,forward_015,8.433321714401245,0.15,0.0,0.0,-1.7158768208669253,-0.22143864884678055,-0.5290529295107811,-6.22,-4.25,8.31,1.074,0.9833237528800964,0.2857142857142857,0.16753583401441574,0.0,1.0,7.6,0.9570000000000001,True,True,False
28.45371723175049,forward_015,8.453717231750488,0.15,0.0,0.0,-0.6250460383704692,-0.09926560120717749,-0.5617778529856748,-6.22,-4.25,8.31,0.9210000000000002,0.9755234122276306,0.14285714285714285,0.09145368356257677,0.0,1.0,7.6,0.9570000000000001,True,True,False
28.474127769470215,forward_015,8.474127769470215,0.15,0.0,0.0,0.32834006553143325,-0.5715953300281429,0.41996985126113556,3.22,-7.4,8.16,1.841,0.9736135601997375,0.14285714285714285,0.28042857348918915,1.0,0.0,7.6,0.9570000000000001,True,True,False
28.49449896812439,forward_015,8.49449896812439,0.15,0.0,0.0,0.7483099167925688,-0.8519388411297321,1.557706357404939,1.31,-3.42,5.13,2.225,0.9715362787246704,0.2857142857142857,0.08904979191720486,1.0,0.0,7.6,0.9570000000000001,True,True,False
28.514875650405884,forward_015,8.514875650405884,0.15,0.0,0.0,0.5148721293383273,-0.7472190860100724,1.5893404500973363,-4.95,2.88,4.87,2.532,0.9940825700759888,0.2857142857142857,0.16272651590406895,1.0,0.0,7.6,0.9570000000000001,True,True,False
28.535354614257812,forward_015,8.535354614257812,0.15,0.0,0.0,-0.05126904677733343,-0.022907446432425576,1.2686362000433782,-4.95,2.88,4.87,1.074,0.9737917184829712,0.14285714285714285,0.1278398558497429,1.0,1.0,7.3,2.0220000000000002,True,True,False
28.555722951889038,forward_015,8.555722951889038,0.15,0.0,0.0,-1.0035643198967394,0.2617993877991494,-0.1832595714594046,-4.95,2.88,4.87,1.074,0.9638828635215759,0.14285714285714285,0.2079603224992752,1.0,1.0,7.3,2.0220000000000002,True,True,False
28.576156616210938,forward_015,8.576156616210938,0.15,0.0,0.0,-1.2849986617808251,-0.3916082509162277,-1.1780972450961724,-4.95,2.88,4.87,1.765,0.9766248464584351,0.14285714285714285,0.07659664284437895,0.0,1.0,7.3,2.0220000000000002,True,True,False
28.596649408340454,forward_015,8.596649408340454,0.15,0.0,0.0,-1.0711958284115197,-0.21162117180431245,-1.227184630308513,-6.69,2.45,6.72,1.688,0.9731279015541077,0.21428571428571427,0.09683986566960812,1.0,1.0,7.3,2.0220000000000002,True,True,False
28.61702251434326,forward_015,8.617022514343262,0.15,0.0,0.0,-0.23671027980173096,0.15926129424448257,-0.29343348049154666,-5.12,-3.73,6.41,0.844,0.964077353477478,0.07142857142857142,0.10661697760224342,1.0,1.0,7.3,2.0220000000000002,True,True,False
28.637412309646606,forward_015,8.637412309646606,0.15,0.0,0.0,0.16689710972195776,-0.40251655874119224,-1.1311915214488248,-5.12,-3.73,6.41,1.6110000000000002,0.9744760990142822,0.07142857142857142,0.05104362219572067,1.0,1.0,7.3,2.0220000000000002,True,True,False
28.657790660858154,forward_015,8.657790660858154,0.15,0.0,0.0,0.14726215563702155,-0.26725354171163174,-0.6828600698427815,-2.59,-4.26,8.78,2.455,0.9732237458229065,0.07142857142857142,0.031759947538375854,1.0,1.0,7.3,2.0220000000000002,True,True,False
28.6782386302948,forward_015,8.6782386302948,0.15,0.0,0.0,-0.8835729338221293,0.10471975511965978,0.44833145160604343,-5.0600000000000005,-3.86,5.07,1.765,0.9689767956733704,0.14285714285714285,0.08583398163318634,1.0,1.0,7.3,2.0220000000000002,True,True,False
28.69861602783203,forward_015,8.698616027832031,0.15,0.0,0.0,-1.153008137098754,-0.0818123086872342,0.9119345341670372,-5.0600000000000005,-3.86,5.07,1.151,0.972053050994873,0.07142857142857142,0.15187647147104144,1.0,1.0,7.3,2.0220000000000002,True,True,False
28.718990325927734,forward_015,8.718990325927734,0.15,0.0,0.0,-1.1879147221386406,0.15489797111449674,1.3046336158657614,-4.16,-1.08,8.2,1.074,0.8989667296409607,0.0,0.16476747393608093,1.0,1.0,7.3,2.0220000000000002,True,True,False
28.739365339279175,forward_015,8.739365339279175,0.15,0.0,0.0,-1.3417218624706408,0.11780972450961724,1.992947839621025,-0.79,-1.82,6.46,1.304,0.9016468524932861,0.0,0.1143571175634861,0.0,1.0,7.1,2.768,True,True,False
28.760505199432373,forward_015,8.760505199432373,0.15,0.0,0.0,-1.4191708480278893,-0.11017390903214205,2.122756702738103,-1.01,5.61,8.71,1.765,0.8714527487754822,0.0,0.06055046245455742,0.0,1.0,7.1,2.768,True,True,False
28.780896186828613,forward_015,8.780896186828613,0.15,0.0,0.0,-1.2948161388232933,-0.04581489286485115,0.6021385919380436,-2.8000000000000003,-3.0,7.72,2.302,0.8804308176040649,0.0,0.08774155378341675,0.0,1.0,7.1,2.768,True,True,False
28.801262140274048,forward_015,8.801262140274048,0.15,0.0,0.0,-1.1082840750163994,-0.3370667117914049,0.28907015736156083,-4.11,-0.1,8.0,2.071,0.9313544034957886,0.0,0.04498320072889328,0.0,1.0,7.1,2.768,True,True,False
28.821641206741333,forward_015,8.821641206741333,0.15,0.0,0.0,0.23234695667174513,-0.40033489717619936,0.44178646691106466,-4.11,-0.1,8.0,2.455,0.9454024434089661,0.0,0.07694408670067787,0.0,1.0,7.1,2.768,True,True,False
28.842618227005005,forward_015,8.842618227005005,0.15,0.0,0.0,0.904298718689562,-0.37088246604879505,-0.41015237421866746,-4.11,-0.1,8.0,2.608,0.9577825665473938,0.07142857142857142,0.06735189259052277,0.0,1.0,7.1,2.768,True,True,False
28.863104581832886,forward_015,8.863104581832886,0.15,0.0,0.0,1.3962634015954636,-0.5475970528132209,-0.5781403147231217,-0.14,-7.82,6.63,2.148,0.9700978994369507,0.07142857142857142,0.10972734726965427,0.0,1.0,7.1,2.768,True,True,False
28.883484363555908,forward_015,8.883484363555908,0.15,0.0,0.0,1.758419221384287,-0.7635815477475192,0.18980455615438332,-1.59,-5.33,7.4,2.148,0.9758132696151733,0.07142857142857142,0.04479318670928478,0.0,1.0,7.1,2.768,True,True,False
28.90385866165161,forward_015,8.903858661651611,0.15,0.0,0.0,1.820596575986585,-0.7068583470577035,0.6032294227205401,-3.3000000000000003,-3.56,3.2600000000000002,2.8389999999999995,0.9573668241500854,0.07142857142857142,0.06128259748220444,1.0,1.0,7.1,2.768,True,True,False
28.924248456954956,forward_015,8.924248456954956,0.15,0.0,0.0,2.127120025868089,-1.0657416744990376,0.3719732968312915,-3.8200000000000003,-1.73,7.83,2.148,0.9442817568778992,0.0,0.08741236105561256,1.0,1.0,7.1,2.768,True,True,False
28.94463062286377,forward_015,8.94463062286377,0.15,0.0,0.0,2.260201381332657,-1.0657416744990376,-0.09817477042468103,-1.51,-5.29,9.77,1.841,0.9367591738700867,0.0,0.061492497101426125,1.0,0.0,7.7,0.6440000000000001,True,True,False
28.964999437332153,forward_015,8.964999437332153,0.15,0.0,0.0,2.322378735934955,-1.038470904936626,0.31525009614147576,-1.51,-5.29,9.77,1.458,0.956146776676178,0.07142857142857142,0.034291568445041776,1.0,0.0,7.7,0.6440000000000001,True,True,False
28.985426902770996,forward_015,8.985426902770996,0.15,0.0,0.0,1.0133817969392076,0.02181661564992912,-0.46142142099600086,-3.14,-1.6,6.19,1.227,0.9688843488693237,0.07142857142857142,0.11735216155648232,1.0,0.0,7.7,0.6440000000000001,True,True,False
29.005799055099487,forward_015,9.005799055099487,0.15,0.0,0.0,0.5639595145506677,-0.35015668118136234,-1.2195488148310378,-2.59,8.07,5.28,1.381,0.9761157035827637,0.14285714285714285,0.22164005786180496,1.0,0.0,7.7,0.6440000000000001,True,True,False
29.026248693466187,forward_015,9.026248693466187,0.15,0.0,0.0,0.5257804371632918,-0.7832165018324554,-1.8511398378964858,2.64,-2.08,5.82,2.071,0.9692913889884949,0.07142857142857142,0.19351797550916672,1.0,0.0,7.7,0.6440000000000001,True,True,False
29.04663372039795,forward_015,9.04663372039795,0.15,0.0,0.0,0.34143003492139073,-0.1341721862470641,-0.7810348402674625,-0.36,-0.99,3.9,2.685,0.987432062625885,0.21428571428571427,0.1646169275045395,1.0,0.0,7.7,0.6440000000000001,True,True,False
29.06701898574829,forward_015,9.067018985748291,0.15,0.0,0.0,-0.1189005552921137,-0.2825251726665821,0.04145156973486533,-1.01,4.22,8.02,2.762,0.9954149127006531,0.14285714285714285,0.09925028495490551,1.0,0.0,7.7,0.6440000000000001,True,True,False
29.08739471435547,forward_015,9.087394714355469,0.15,0.0,0.0,-0.10471975511965978,-0.2530727415391778,-0.24652775684419906,-3.11,-1.69,7.22,2.071,0.9954413175582886,0.14285714285714285,0.07030859589576721,1.0,0.0,7.7,0.6440000000000001,True,True,False
29.107768774032593,forward_015,9.107768774032593,0.15,0.0,0.0,-0.16035212502697901,-0.35124751196385884,0.210530341021816,-3.11,-1.69,7.22,1.995,0.990938663482666,0.21428571428571427,0.05126143991947174,1.0,0.0,7.7,0.6440000000000001,True,True,False
29.12814426422119,forward_015,9.128144264221191,0.15,0.0,0.0,-0.3665191429188092,-0.1908953869368798,0.6021385919380436,-2.83,8.53,7.890000000000001,1.458,0.9884999394416809,0.14285714285714285,0.07217573374509811,1.0,0.0,7.7,0.6440000000000001,True,True,False
29.148520469665527,forward_015,9.148520469665527,0.15,0.0,0.0,-0.3752457891787809,-0.09708393964218458,-0.18435040224190105,-2.95,5.21,9.32,1.227,0.9893369674682617,0.2857142857142857,0.08213658351451159,1.0,0.0,7.8,0.258,True,True,False
29.168892860412598,forward_015,9.168892860412598,0.15,0.0,0.0,-0.6730425928003133,0.5050546522958591,-1.6067937426172796,-1.46,4.32,6.84,1.458,0.9702305197715759,0.14285714285714285,0.16199040040373802,1.0,1.0,7.8,0.258,True,True,False
29.189326524734497,forward_015,9.189326524734497,0.15,0.0,0.0,-0.9588402578143848,1.1879147221386406,-2.2449297503777066,-1.54,2.13,6.99,1.151,0.9441810250282288,0.0,0.0847129188477993,1.0,1.0,7.8,0.258,True,True,False
29.2097110748291,forward_015,9.209711074829102,0.15,0.0,0.0,-1.351539339513109,1.349357677948116,-2.538363230869253,-0.39,1.55,7.640000000000001,1.534,0.9014446139335632,0.0,0.06345763429999352,0.0,1.0,7.8,0.258,True,True,False
29.230159759521484,forward_015,9.230159759521484,0.15,0.0,0.0,-1.8544123302439752,1.0973757671914346,-2.6332655089464447,-0.39,1.55,7.640000000000001,1.995,0.8684199452400208,0.0,0.08385107293725014,0.0,1.0,7.8,0.258,True,True,False
29.25053381919861,forward_015,9.250533819198608,0.15,0.0,0.0,-1.8544123302439752,1.0973757671914346,-2.6332655089464447,-7.46,-6.8100000000000005,4.25,1.995,0.9118868112564087,0.0,0.08522954722866416,0.0,1.0,7.8,0.258,True,True,False
29.270919799804688,forward_015,9.270919799804688,0.15,0.0,0.0,-1.8544123302439752,1.0973757671914346,-2.6332655089464447,-7.46,-6.8100000000000005,4.25,2.071,0.9289674162864685,0.0,0.12008391879498959,0.0,1.0,7.8,0.258,True,True,False
29.291298151016235,forward_015,9.291298151016235,0.15,0.0,0.0,-1.8544123302439752,1.0973757671914346,-2.6332655089464447,-0.74,1.11,6.08,2.148,0.8466089367866516,0.0,0.11042404361069202,0.0,1.0,7.8,0.258,True,True,False
29.31167697906494,forward_015,9.311676979064941,0.15,0.0,0.0,-1.8544123302439752,1.0973757671914346,-2.6332655089464447,-3.85,0.35000000000000003,9.5,1.918,0.8727293610572815,0.0,0.07673615403473377,0.0,1.0,7.8,0.258,True,True,False
29.33204698562622,forward_015,9.33204698562622,0.15,0.0,0.0,-1.8544123302439752,1.0973757671914346,-2.6332655089464447,-3.73,-2.16,8.91,1.765,0.8259381651878357,0.0,0.060069262981414795,0.0,1.0,7.8,0.258,True,True,False
29.352415084838867,forward_015,9.352415084838867,0.15,0.0,0.0,-1.8544123302439752,1.0973757671914346,-2.6332655089464447,-1.7,-2.49,7.55,1.458,0.6826992034912109,0.0,0.09496056567877531,0.0,1.0,6.7,3.7689999999999997,True,True,False
29.372782945632935,forward_015,9.372782945632935,0.15,0.0,0.0,-1.8544123302439752,1.0973757671914346,-2.6332655089464447,-3.45,-4.87,7.32,1.534,0.7353705167770386,0.0,0.0599927082657814,0.0,1.0,6.7,3.7689999999999997,True,True,False
29.393159866333008,forward_015,9.393159866333008,0.15,0.0,0.0,-1.8544123302439752,1.0973757671914346,-2.6332655089464447,-3.02,-1.92,8.11,1.765,0.7618236541748047,0.0,0.0585313094779849,0.0,1.0,6.7,3.7689999999999997,True,True,False
29.413538932800293,forward_015,9.413538932800293,0.15,0.0,0.0,-1.8544123302439752,1.0973757671914346,-2.6332655089464447,-2.47,-2.32,5.23,1.765,0.7017953395843506,0.0,0.028625622391700745,0.0,1.0,6.7,3.7689999999999997,True,True,False
29.433903455734253,forward_015,9.433903455734253,0.15,0.0,0.0,-1.8544123302439752,1.0973757671914346,-2.6332655089464447,-2.66,-2.96,6.01,1.381,0.7049795389175415,0.0,0.03519251570105553,0.0,1.0,6.7,3.7689999999999997,True,True,False
29.454346179962158,forward_015,9.454346179962158,0.15,0.0,0.0,-1.8544123302439752,1.0973757671914346,-2.6332655089464447,-2.66,-2.96,6.01,1.458,0.7746074199676514,0.0,0.03403721749782562,0.0,1.0,6.7,3.7689999999999997,True,True,False
29.474825620651245,forward_015,9.474825620651245,0.15,0.0,0.0,-1.8544123302439752,1.0973757671914346,-2.6332655089464447,-7.8100000000000005,3.96,8.870000000000001,1.381,0.7610583305358887,0.0,0.052519172662869096,0.0,0.0,6.7,3.7689999999999997,True,True,False
29.495198249816895,forward_015,9.495198249816895,0.15,0.0,0.0,-1.8544123302439752,1.0973757671914346,-2.6332655089464447,-6.61,5.08,3.47,1.074,0.6847748160362244,0.0,0.024118825793266296,0.0,0.0,6.7,3.7689999999999997,True,True,False
29.51560926437378,forward_015,9.51560926437378,0.15,0.0,0.0,-1.8544123302439752,1.0973757671914346,-2.6332655089464447,-4.72,1.8,5.33,0.9970000000000001,0.7177752256393433,0.0,0.0516233667731285,0.0,0.0,6.7,3.7689999999999997,True,True,False
29.535980939865112,forward_015,9.535980939865112,0.15,0.0,0.0,-1.8544123302439752,1.0973757671914346,-2.6332655089464447,-2.19,0.9,3.52,1.074,0.7657337784767151,0.0,0.045845769345760345,0.0,0.0,6.7,3.7689999999999997,True,True,False
29.556403636932373,forward_015,9.556403636932373,0.15,0.0,0.0,-1.8544123302439752,1.0973757671914346,-2.6332655089464447,-5.68,1.83,5.41,1.304,0.7552615404129028,0.0,0.04391008242964744,0.0,0.0,7.7,0.47100000000000003,True,True,False
29.57676672935486,forward_015,9.576766729354858,0.15,0.0,0.0,-1.8544123302439752,1.0973757671914346,-2.6332655089464447,-5.1000000000000005,1.1,5.7,0.6899999999999998,0.7344496846199036,0.0,0.06446106918156147,0.0,0.0,7.7,0.47100000000000003,True,True,False
29.597132205963135,forward_015,9.597132205963135,0.15,0.0,0.0,-1.8544123302439752,1.0973757671914346,-2.6332655089464447,-5.94,1.48,5.97,0.767,0.7159942984580994,0.0,0.03479551523923874,0.0,0.0,7.7,0.47100000000000003,True,True,False
29.61760926246643,forward_015,9.61760926246643,0.15,0.0,0.0,-1.8544123302439752,1.0973757671914346,-2.6332655089464447,-5.51,-0.48,5.91,0.767,0.7250776290893555,0.0,0.04864879697561264,0.0,0.0,7.7,0.47100000000000003,True,True,False
29.63800549507141,forward_015,9.638005495071411,0.15,0.0,0.0,-1.8544123302439752,1.0973757671914346,-2.6332655089464447,-6.11,-2.49,5.38,1.227,0.7476198077201843,0.0,0.04200548119843006,0.0,0.0,7.7,0.47100000000000003,True,True,False
29.658501386642456,forward_015,9.658501386642456,0.15,0.0,0.0,-1.8544123302439752,1.0973757671914346,-2.6332655089464447,-6.11,-2.49,5.38,1.151,0.8072625398635864,0.0,0.036806090734899044,0.0,0.0,7.7,0.47100000000000003,True,True,False
29.67887806892395,forward_015,9.67887806892395,0.15,0.0,0.0,-1.8544123302439752,1.0973757671914346,-2.6332655089464447,-8.78,5.19,6.65,1.841,0.7411506772041321,0.0,0.03170362114906311,0.0,0.0,7.7,0.47100000000000003,True,True,False
29.699347257614136,forward_015,9.699347257614136,0.15,0.0,0.0,-1.8544123302439752,1.0973757671914346,-2.6332655089464447,-8.78,5.19,6.65,1.6110000000000002,0.7226248383522034,0.0,0.018891476094722748,0.0,0.0,7.7,0.47100000000000003,True,True,False
29.719828605651855,forward_015,9.719828605651855,0.15,0.0,0.0,-1.8544123302439752,1.0973757671914346,-2.6332655089464447,-9.44,4.25,3.85,1.534,0.709965169429779,0.0,0.012871034443378448,0.0,0.0,7.7,0.47100000000000003,True,True,False
29.740199327468872,forward_015,9.740199327468872,0.15,0.0,0.0,-1.8544123302439752,1.0973757671914346,-2.6332655089464447,-9.44,4.25,3.85,1.304,0.6853210926055908,0.0,0.016782107762992382,0.0,0.0,7.7,0.47100000000000003,True,True,False
29.760629415512085,forward_015,9.760629415512085,0.15,0.0,0.0,-1.8544123302439752,1.0973757671914346,-2.6332655089464447,-9.44,4.25,3.85,0.9210000000000002,0.6652945280075073,0.0,0.01916169933974743,0.0,0.0,7.8,0.15500000000000003,True,True,False
29.78180956840515,forward_015,9.781809568405151,0.15,0.0,0.0,-1.8544123302439752,1.0973757671914346,-2.6332655089464447,-9.44,4.25,3.85,0.46,0.6519761681556702,0.0,0.012781656347215176,0.0,0.0,7.8,0.15500000000000003,True,True,False
29.802260398864746,forward_015,9.802260398864746,0.15,0.0,0.0,-1.8544123302439752,1.0973757671914346,-2.6332655089464447,-9.44,4.25,3.85,0.384,0.659311830997467,0.0,0.011844402179121971,0.0,0.0,7.8,0.15500000000000003,True,True,False
29.822630643844604,forward_015,9.822630643844604,0.15,0.0,0.0,-1.8544123302439752,1.0973757671914346,-2.6332655089464447,-9.44,4.25,3.85,0.46,0.6698955297470093,0.0,0.011552032083272934,0.0,0.0,7.8,0.15500000000000003,True,True,False
29.843010663986206,forward_015,9.843010663986206,0.15,0.0,0.0,-1.8544123302439752,1.0973757671914346,-2.6332655089464447,-9.44,4.25,3.85,0.767,0.6893964409828186,0.0,0.011615384370088577,0.0,0.0,7.8,0.15500000000000003,True,True,False
29.863379955291748,forward_015,9.863379955291748,0.15,0.0,0.0,-1.8544123302439752,1.0973757671914346,-2.6332655089464447,-9.07,2.44,5.3100000000000005,0.844,0.7198657393455505,0.0,0.014065239578485489,0.0,0.0,7.8,0.15500000000000003,True,True,False
29.88376259803772,forward_015,9.88376259803772,0.15,0.0,0.0,-1.8544123302439752,1.0973757671914346,-2.6332655089464447,-8.93,1.62,4.55,0.844,0.7558826208114624,0.0,0.010140553116798401,0.0,0.0,7.8,0.15500000000000003,True,True,False
29.904253244400024,forward_015,9.904253244400024,0.15,0.0,0.0,-1.8544123302439752,1.0973757671914346,-2.6332655089464447,-7.9,0.05,2.8000000000000003,0.767,0.796989381313324,0.0,0.013427510857582092,0.0,0.0,7.8,0.15500000000000003,True,True,False
29.92462706565857,forward_015,9.92462706565857,0.15,0.0,0.0,-1.8544123302439752,1.0973757671914346,-2.6332655089464447,-5.86,-1.2,2.06,0.767,0.8304769992828369,0.0,0.023186687380075455,0.0,0.0,7.8,0.15500000000000003,True,True,False
29.94499897956848,forward_015,9.944998979568481,0.15,0.0,0.0,-1.8544123302439752,1.0973757671914346,-2.6332655089464447,-5.46,-3.2800000000000002,2.91,0.844,0.8475541472434998,0.0,0.01280532032251358,0.0,0.0,7.8,0.15500000000000003,True,True,False
29.965376377105713,forward_015,9.965376377105713,0.15,0.0,0.0,-1.8544123302439752,1.0973757671914346,-2.6332655089464447,-2.37,1.03,9.290000000000001,0.767,0.8590234518051147,0.0,0.04135095328092575,0.0,0.0,7.8,0.15400000000000003,True,True,False
29.98574161529541,forward_015,9.98574161529541,0.15,0.0,0.0,-1.8544123302439752,1.0973757671914346,-2.6332655089464447,-3.84,0.25,5.25,0.614,0.8637617826461792,0.0,0.023529719561338425,0.0,0.0,7.8,0.15400000000000003,True,True,False
30.00611424446106,stand_post,0.00611424446105957,0.0,0.0,0.0,-1.8544123302439752,1.0973757671914346,-2.6332655089464447,-3.68,0.66,6.8,0.844,0.7803514003753662,0.0,0.08050974272191525,0.0,0.0,7.8,0.15400000000000003,True,True,False
30.026481866836548,stand_post,0.02648186683654785,0.0,0.0,0.0,-1.8544123302439752,1.0973757671914346,-2.6332655089464447,-3.68,0.66,6.8,0.9210000000000002,0.7383156418800354,0.0,0.07464729063212872,0.0,0.0,7.8,0.15400000000000003,True,True,False
30.046861171722412,stand_post,0.04686117172241211,0.0,0.0,0.0,-1.8544123302439752,1.0973757671914346,-2.6332655089464447,-3.68,0.66,6.8,0.6899999999999998,0.6301400065422058,0.0,0.07503645867109299,0.0,0.0,7.8,0.15400000000000003,True,True,False
30.067334413528442,stand_post,0.06733441352844238,0.0,0.0,0.0,-1.8544123302439752,1.0973757671914346,-2.6332655089464447,-4.2700000000000005,1.43,7.63,1.227,0.5607938766479492,0.0,0.05452275276184082,0.0,0.0,7.8,0.15400000000000003,True,True,False
30.08771324157715,stand_post,0.08771324157714844,0.0,0.0,0.0,-1.8544123302439752,1.0973757671914346,-2.6332655089464447,-6.62,0.49,7.11,2.992,0.5112249255180359,0.0,0.052237778894777875,0.0,0.0,7.8,0.15400000000000003,True,True,False
30.10808539390564,stand_post,0.10808539390563965,0.0,0.0,0.0,-1.8544123302439752,1.0973757671914346,-2.6332655089464447,-5.33,1.52,6.41,3.2220000000000004,0.5830139517784119,0.0,0.026177406311035156,0.0,0.0,7.8,0.15400000000000003,True,True,False
30.12860417366028,stand_post,0.12860417366027832,0.0,0.0,0.0,-1.8544123302439752,1.0973757671914346,-2.6332655089464447,-5.33,1.52,6.41,2.225,0.6071473956108093,0.0,0.01963917911052704,0.0,0.0,7.8,0.15400000000000003,True,True,False
30.148986339569092,stand_post,0.1489863395690918,0.0,0.0,0.0,-1.8544123302439752,1.0973757671914346,-2.6332655089464447,-6.94,2.18,6.17,1.995,0.5581846237182617,0.0,0.02628970518708229,0.0,0.0,7.8,0.15400000000000003,True,True,False
30.169443368911743,stand_post,0.16944336891174316,0.0,0.0,0.0,-1.8544123302439752,1.0973757671914346,-2.6332655089464447,-5.5200000000000005,1.17,5.62,1.688,0.5485208630561829,0.0,0.03991026617586613,0.0,0.0,7.8,0.2,True,True,False
30.18980598449707,stand_post,0.1898059844970703,0.0,0.0,0.0,-1.8544123302439752,1.0973757671914346,-2.6332655089464447,-4.54,0.47000000000000003,6.25,0.844,0.5278497338294983,0.0,0.020822375314310193,0.0,0.0,7.8,0.2,True,True,False
30.210267066955566,stand_post,0.2102670669555664,0.0,0.0,0.0,-1.8544123302439752,1.0973757671914346,-2.6332655089464447,-4.64,0.72,6.49,0.9210000000000002,0.555856466293335,0.0,0.03061201423406601,0.0,1.0,7.8,0.2,True,True,False
30.230733633041382,stand_post,0.23073363304138184,0.0,0.0,0.0,-1.8544123302439752,1.0973757671914346,-2.6332655089464447,-4.01,1.27,7.24,0.614,0.6257684826850891,0.0,0.023266084492206573,0.0,1.0,7.8,0.2,True,True,False
30.25114679336548,stand_post,0.2511467933654785,0.0,0.0,0.0,-1.8544123302439752,1.0973757671914346,-2.6332655089464447,-4.09,1.92,8.120000000000001,0.537,0.6668559908866882,0.0,0.016823165118694305,0.0,1.0,7.8,0.2,True,True,False
30.271525621414185,stand_post,0.27152562141418457,0.0,0.0,0.0,-1.8544123302439752,1.0973757671914346,-2.6332655089464447,-4.09,1.92,8.120000000000001,0.614,0.6726866960525513,0.0,0.010022230446338654,0.0,1.0,7.8,0.2,True,True,False
30.291899919509888,stand_post,0.2918999195098877,0.0,0.0,0.0,-1.8544123302439752,1.0973757671914346,-2.6332655089464447,-4.09,1.92,8.120000000000001,0.614,0.6559922099113464,0.0,0.010897792875766754,0.0,1.0,7.8,0.2,True,True,False
30.312262058258057,stand_post,0.31226205825805664,0.0,0.0,0.0,-1.8544123302439752,1.0973757671914346,-2.6332655089464447,-2.3000000000000003,-1.61,7.1000000000000005,0.46,0.6446181535720825,0.0,0.029295776039361954,0.0,1.0,7.8,0.2,True,True,False
30.332684993743896,stand_post,0.3326849937438965,0.0,0.0,0.0,-1.8544123302439752,1.0973757671914346,-2.6332655089464447,-3.1,-0.33,7.55,0.537,0.6318984031677246,0.0,0.011944383382797241,0.0,1.0,7.8,0.2,True,True,False
30.353063106536865,stand_post,0.35306310653686523,0.0,0.0,0.0,-1.8544123302439752,1.0973757671914346,-2.6332655089464447,-3.0,-1.19,8.2,0.537,0.6407814621925354,0.0,0.017819097265601158,0.0,1.0,7.8,0.2,True,True,False
30.37344717979431,stand_post,0.3734471797943115,0.0,0.0,0.0,-1.8544123302439752,1.0973757671914346,-2.6332655089464447,-2.5500000000000003,-0.6900000000000001,7.95,0.537,0.6455427408218384,0.0,0.02404813771136105,0.0,1.0,7.7,0.5820000000000001,True,True,False
30.394405364990234,stand_post,0.3944053649902344,0.0,0.0,0.0,-1.8544123302439752,1.0973757671914346,-2.6332655089464447,-2.44,0.0,9.120000000000001,0.46,0.7146141529083252,0.0,0.025059740990400314,1.0,1.0,7.7,0.5820000000000001,True,True,False
30.414930820465088,stand_post,0.4149308204650879,0.0,0.0,0.0,-1.8544123302439752,1.0973757671914346,-2.6332655089464447,-2.2600000000000002,0.04,9.23,0.6899999999999998,0.7559179663658142,0.0,0.0113639235496521,1.0,1.0,7.7,0.5820000000000001,True,True,False
30.435316801071167,stand_post,0.435316801071167,0.0,0.0,0.0,-1.8544123302439752,1.0973757671914346,-2.6332655089464447,-1.8,0.09,8.61,0.844,0.7903758883476257,0.0,0.011120229959487915,1.0,1.0,7.7,0.5820000000000001,True,True,False
30.455694913864136,stand_post,0.45569491386413574,0.0,0.0,0.0,-1.8544123302439752,1.0973757671914346,-2.6332655089464447,-1.62,0.74,8.89,0.767,0.8236488103866577,0.0,0.01165277510881424,1.0,1.0,7.7,0.5820000000000001,True,True,False
30.47607707977295,stand_post,0.4760770797729492,0.0,0.0,0.0,-1.8544123302439752,1.0973757671914346,-2.6332655089464447,-1.16,0.89,9.4,0.614,0.8534510135650635,0.0,0.012070007622241974,1.0,1.0,7.7,0.5820000000000001,True,True,False
30.49645686149597,stand_post,0.4964568614959717,0.0,0.0,0.0,-1.8544123302439752,1.0973757671914346,-2.6332655089464447,0.42,-0.11,9.040000000000001,0.537,0.8848018050193787,0.0,0.013125739991664886,1.0,1.0,7.7,0.5820000000000001,True,True,False
30.51684546470642,stand_post,0.5168454647064209,0.0,0.0,0.0,-1.8544123302439752,1.0973757671914346,-2.6332655089464447,0.42,-0.11,9.040000000000001,0.537,0.900519847869873,0.0,0.006513059139251709,1.0,1.0,7.7,0.5820000000000001,True,True,False
30.537224292755127,stand_post,0.537224292755127,0.0,0.0,0.0,-1.8544123302439752,1.0973757671914346,-2.6332655089464447,1.2,0.04,9.8,0.614,0.9170297980308533,0.0,0.007449731230735779,1.0,1.0,7.7,0.5820000000000001,True,True,False
30.557596445083618,stand_post,0.5575964450836182,0.0,0.0,0.0,-1.8544123302439752,1.0973757671914346,-2.6332655089464447,0.36,-0.56,9.27,0.844,0.9158580303192139,0.0,0.008830085396766663,1.0,1.0,7.7,0.5820000000000001,True,True,False
30.57797646522522,stand_post,0.5779764652252197,0.0,0.0,0.0,-1.8544123302439752,1.0973757671914346,-2.6332655089464447,-0.55,-0.66,9.35,0.614,0.9132879376411438,0.0,0.0068361349403858185,1.0,1.0,7.8,0.462,True,True,False
30.598345518112183,stand_post,0.5983455181121826,0.0,0.0,0.0,-1.8544123302439752,1.0973757671914346,-2.6332655089464447,-0.98,-0.8,8.27,0.537,0.9104790687561035,0.0,0.0054296404123306274,1.0,1.0,7.8,0.462,True,True,False
30.61881375312805,stand_post,0.6188137531280518,0.0,0.0,0.0,-1.8544123302439752,1.0973757671914346,-2.6332655089464447,-0.36,-2.0300000000000002,8.23,0.537,0.9091590046882629,0.0,0.009913865476846695,1.0,1.0,7.8,0.462,True,True,False
30.639182806015015,stand_post,0.6391828060150146,0.0,0.0,0.0,-1.8544123302439752,1.0973757671914346,-2.6332655089464447,-0.73,-1.3800000000000001,9.77,0.46,0.9070912599563599,0.0,0.004571795463562015,1.0,1.0,7.8,0.462,True,True,False
30.659662008285522,stand_post,0.6596620082855225,0.0,0.0,0.0,-1.8544123302439752,1.0973757671914346,-2.6332655089464447,-0.73,-1.3800000000000001,9.77,0.46,0.90463787317276,0.0,0.003402017056941986,1.0,1.0,7.8,0.462,True,True,False
30.680036544799805,stand_post,0.6800365447998047,0.0,0.0,0.0,-1.8544123302439752,1.0973757671914346,-2.6332655089464447,0.9,-2.5500000000000003,9.74,0.384,0.9099117517471313,0.0,0.015525581315159798,1.0,1.0,7.8,0.462,True,True,False
30.70041513442993,stand_post,0.7004151344299316,0.0,0.0,0.0,-1.8544123302439752,1.0973757671914346,-2.6332655089464447,0.65,-2.09,8.93,0.46,0.9041028022766113,0.0,0.005921058356761932,1.0,1.0,7.8,0.462,True,True,False
30.720778942108154,stand_post,0.7207789421081543,0.0,0.0,0.0,-1.8544123302439752,1.0973757671914346,-2.6332655089464447,0.47000000000000003,-2.84,9.44,0.307,0.9008533954620361,0.0,0.0035844258964061737,1.0,1.0,7.8,0.462,True,True,False
30.741167068481445,stand_post,0.7411670684814453,0.0,0.0,0.0,-1.8544123302439752,1.0973757671914346,-2.6332655089464447,0.56,-3.7,8.68,0.23,0.898358166217804,0.0,0.007945879362523556,1.0,1.0,7.8,0.462,True,True,False
30.761536836624146,stand_post,0.7615368366241455,0.0,0.0,0.0,-1.8544123302439752,1.0973757671914346,-2.6332655089464447,0.6900000000000001,-2.68,8.88,0.23,0.9002394676208496,0.0,0.005285673774778843,1.0,1.0,7.8,0.462,True,True,False
30.781955003738403,stand_post,0.7819550037384033,0.0,0.0,0.0,-1.8544123302439752,1.0973757671914346,-2.6332655089464447,1.18,-2.59,9.58,0.23,0.9050713777542114,0.0,0.0033698081970214844,1.0,1.0,7.8,0.188,True,True,False
30.802938222885132,stand_post,0.8029382228851318,0.0,0.0,0.0,-1.8544123302439752,1.0973757671914346,-2.6332655089464447,0.98,-1.61,9.200000000000001,0.23,0.905845582485199,0.0,0.0044905049726367,1.0,1.0,7.8,0.188,True,True,False
30.82330894470215,stand_post,0.8233089447021484,0.0,0.0,0.0,-1.8544123302439752,1.0973757671914346,-2.6332655089464447,0.68,-0.76,8.94,0.307,0.905231237411499,0.0,0.004139363765716553,1.0,1.0,7.8,0.188,True,True,False
30.84377431869507,stand_post,0.8437743186950684,0.0,0.0,0.0,-1.8544123302439752,1.0973757671914346,-2.6332655089464447,0.74,-1.29,9.58,0.307,0.9053271412849426,0.0,0.003602057695388794,1.0,1.0,7.8,0.188,True,True,False
30.864161491394043,stand_post,0.864161491394043,0.0,0.0,0.0,-1.8544123302439752,1.0973757671914346,-2.6332655089464447,0.68,-1.5,9.23,0.153,0.9052695035934448,0.0,0.0031795985996723175,1.0,1.0,7.8,0.188,True,True,False
30.884541034698486,stand_post,0.8845410346984863,0.0,0.0,0.0,-1.8544123302439752,1.0973757671914346,-2.6332655089464447,1.22,-1.48,9.28,0.153,0.9082238674163818,0.0,0.0025909431278705597,1.0,1.0,7.8,0.188,True,True,False
30.904910802841187,stand_post,0.9049108028411865,0.0,0.0,0.0,-1.8544123302439752,1.0973757671914346,-2.6332655089464447,0.63,-1.86,9.23,0.077,0.9060018658638,0.0,0.004883909597992897,1.0,1.0,7.8,0.188,True,True,False
30.925275564193726,stand_post,0.9252755641937256,0.0,0.0,0.0,-1.8544123302439752,1.0973757671914346,-2.6332655089464447,0.64,-1.67,9.26,0.077,0.907403290271759,0.0,0.0029634442180395126,1.0,1.0,7.8,0.188,True,True,False
30.945875644683838,stand_post,0.9458756446838379,0.0,0.0,0.0,-1.8544123302439752,1.0973757671914346,-2.6332655089464447,0.65,-1.74,8.97,0.077,0.9074926376342773,0.0,0.001596221700310707,1.0,1.0,7.8,0.188,True,True,False
30.966285228729248,stand_post,0.966285228729248,0.0,0.0,0.0,-1.8544123302439752,1.0973757671914346,-2.6332655089464447,0.39,-1.75,9.49,0.153,0.90695720911026,0.0,0.0017443262040615082,1.0,1.0,7.8,0.188,True,True,False
30.98667073249817,stand_post,0.986670732498169,0.0,0.0,0.0,-1.8544123302439752,1.0973757671914346,-2.6332655089464447,0.5700000000000001,-1.48,9.18,0.153,0.9084257483482361,0.0,0.0012350194156169891,1.0,1.0,7.8,0.277,True,True,False
31.00703191757202,stand_post,1.0070319175720215,0.0,0.0,0.0,-1.8544123302439752,1.0973757671914346,-2.6332655089464447,0.47000000000000003,-1.85,9.200000000000001,0.153,0.9073190689086914,0.0,0.0011042207479476929,1.0,1.0,7.8,0.277,True,True,False
31.02747130393982,stand_post,1.0274713039398193,0.0,0.0,0.0,-1.8544123302439752,1.0973757671914346,-2.6332655089464447,0.64,-2.0300000000000002,9.14,0.153,0.908392071723938,0.0,0.002042412757873535,1.0,1.0,7.8,0.277,True,True,False
31.047832012176514,stand_post,1.0478320121765137,0.0,0.0,0.0,-1.8544123302439752,1.0973757671914346,-2.6332655089464447,0.65,-1.81,9.040000000000001,0.077,0.9105483293533325,0.0,0.0010199323296546936,1.0,1.0,7.8,0.277,True,True,False
31.06822419166565,stand_post,1.0682241916656494,0.0,0.0,0.0,-1.8544123302439752,1.0973757671914346,-2.6332655089464447,0.5,-1.5,9.47,0.077,0.9123379588127136,0.0,0.001354500651359558,1.0,1.0,7.8,0.277,True,True,False
31.08859944343567,stand_post,1.088599443435669,0.0,0.0,0.0,-1.8544123302439752,1.0973757671914346,-2.6332655089464447,0.49,-1.74,8.86,0.0,0.9125264883041382,0.0,0.002352369949221611,1.0,1.0,7.8,0.277,True,True,False
31.10898995399475,stand_post,1.108989953994751,0.0,0.0,0.0,-1.8544123302439752,1.0973757671914346,-2.6332655089464447,0.73,-1.71,9.11,0.0,0.9142071604728699,0.0,0.0035955682396888733,1.0,1.0,7.8,0.277,True,True,False
31.129446506500244,stand_post,1.1294465065002441,0.0,0.0,0.0,-1.8544123302439752,1.0973757671914346,-2.6332655089464447,0.43,-1.5,9.1,0.0,0.913385272026062,0.0,0.002337886020541191,1.0,1.0,7.8,0.277,True,True,False
31.150001287460327,stand_post,1.1500012874603271,0.0,0.0,0.0,-1.8544123302439752,1.0973757671914346,-2.6332655089464447,0.21,-1.82,9.06,0.077,0.9111648797988892,0.0,0.0032408926635980606,1.0,1.0,7.8,0.277,True,True,False
31.170475006103516,stand_post,1.1704750061035156,0.0,0.0,0.0,-1.8544123302439752,1.0973757671914346,-2.6332655089464447,0.49,-1.96,9.17,0.077,0.9112357497215271,0.0,0.004771776497364044,1.0,1.0,7.8,0.277,True,True,False
31.19087243080139,stand_post,1.1908724308013916,0.0,0.0,0.0,-1.8544123302439752,1.0973757671914346,-2.6332655089464447,0.53,-2.02,9.13,0.153,0.9093782901763916,0.0,0.0025496697053313255,1.0,1.0,7.8,0.16100000000000003,True,True,False
31.21124839782715,stand_post,1.2112483978271484,0.0,0.0,0.0,-1.8544123302439752,1.0973757671914346,-2.6332655089464447,0.12,-1.97,8.99,0.077,0.9043453931808472,0.0,0.003243960440158844,1.0,1.0,7.8,0.16100000000000003,True,True,False
31.23162579536438,stand_post,1.2316257953643799,0.0,0.0,0.0,-1.8544123302439752,1.0973757671914346,-2.6332655089464447,0.58,-1.76,9.41,0.153,0.9048845171928406,0.0,0.004021354019641876,1.0,1.0,7.8,0.16100000000000003,True,True,False
31.252208948135376,stand_post,1.252208948135376,0.0,0.0,0.0,-1.8544123302439752,1.0973757671914346,-2.6332655089464447,0.78,-1.68,9.06,0.077,0.9037297964096069,0.0,0.00235932320356369,1.0,1.0,7.8,0.16100000000000003,True,True,False
31.272589206695557,stand_post,1.2725892066955566,0.0,0.0,0.0,-1.8544123302439752,1.0973757671914346,-2.6332655089464447,0.99,-1.6600000000000001,9.56,0.0,0.9035429358482361,0.0,0.002115972340106966,1.0,1.0,7.8,0.16100000000000003,True,True,False
31.29308009147644,stand_post,1.2930800914764404,0.0,0.0,0.0,-1.8544123302439752,1.0973757671914346,-2.6332655089464447,0.5,-1.36,8.84,0.077,0.8981189131736755,0.0,0.004088178277015686,1.0,1.0,7.8,0.16100000000000003,True,True,False
31.313457250595093,stand_post,1.3134572505950928,0.0,0.0,0.0,-1.8544123302439752,1.0973757671914346,-2.6332655089464447,0.42,-1.9000000000000001,9.69,0.153,0.8966991305351257,0.0,0.0031649209558963776,1.0,1.0,7.8,0.16100000000000003,True,True,False
31.333837032318115,stand_post,1.3338370323181152,0.0,0.0,0.0,-1.8544123302439752,1.0973757671914346,-2.6332655089464447,0.55,-1.85,8.84,0.077,0.8973429799079895,0.0,0.0035972297191619873,1.0,1.0,7.8,0.16100000000000003,True,True,False
31.354199171066284,stand_post,1.3541991710662842,0.0,0.0,0.0,-1.8544123302439752,1.0973757671914346,-2.6332655089464447,0.71,-2.07,9.32,0.077,0.8996750116348267,0.0,0.0029107332229614258,1.0,1.0,7.8,0.16100000000000003,True,True,False
31.374568939208984,stand_post,1.3745689392089844,0.0,0.0,0.0,-1.8544123302439752,1.0973757671914346,-2.6332655089464447,0.58,-1.72,9.06,0.0,0.9007436037063599,0.0,0.0039268434047698975,1.0,1.0,7.8,0.16100000000000003,True,True,False
31.39493727684021,stand_post,1.39493727684021,0.0,0.0,0.0,-1.8544123302439752,1.0973757671914346,-2.6332655089464447,0.38,-1.47,9.290000000000001,0.0,0.9019572734832764,0.0,0.004224207252264023,1.0,1.0,7.8,0.201,True,True,False
31.415310382843018,stand_post,1.4153103828430176,0.0,0.0,0.0,-1.8544123302439752,1.0973757671914346,-2.6332655089464447,0.42,-1.49,9.22,0.0,0.9035390615463257,0.0,0.002554096281528473,1.0,1.0,7.8,0.201,True,True,False
31.4356849193573,stand_post,1.4356849193572998,0.0,0.0,0.0,-1.8544123302439752,1.0973757671914346,-2.6332655089464447,0.6,-1.85,9.13,0.0,0.9047494530677795,0.0,0.0014724954962730408,1.0,1.0,7.8,0.201,True,True,False
31.45604705810547,stand_post,1.4560470581054688,0.0,0.0,0.0,-1.8544123302439752,1.0973757671914346,-2.6332655089464447,0.46,-1.82,9.01,0.153,0.9049702286720276,0.0,0.0029995087534189224,1.0,1.0,7.8,0.201,True,True,False
31.476581811904907,stand_post,1.4765818119049072,0.0,0.0,0.0,-1.8544123302439752,1.0973757671914346,-2.6332655089464447,0.34,-1.56,9.21,0.077,0.9057378768920898,0.0,0.0032530948519706726,1.0,1.0,7.8,0.201,True,True,False
31.4969699382782,stand_post,1.4969699382781982,0.0,0.0,0.0,-1.8544123302439752,1.0973757671914346,-2.6332655089464447,0.53,-1.62,9.26,0.077,0.9073110818862915,0.0,0.0012115538120269775,1.0,1.0,7.8,0.201,True,True,False
31.51741623878479,stand_post,1.51741623878479,0.0,0.0,0.0,-1.8544123302439752,1.0973757671914346,-2.6332655089464447,0.54,-1.68,9.02,0.153,0.907598078250885,0.0,0.0012647546827793121,1.0,1.0,7.8,0.201,True,True,False
31.537792205810547,stand_post,1.5377922058105469,0.0,0.0,0.0,-1.8544123302439752,1.0973757671914346,-2.6332655089464447,0.39,-1.99,9.35,0.077,0.9064333438873291,0.0,0.0015027709305286407,1.0,1.0,7.8,0.201,True,True,False
31.558164596557617,stand_post,1.5581645965576172,0.0,0.0,0.0,-1.8544123302439752,1.0973757671914346,-2.6332655089464447,0.44,-1.75,9.0,0.0,0.9076831936836243,0.0,0.0019276980310678482,1.0,1.0,7.8,0.201,True,True,False
31.578543424606323,stand_post,1.5785434246063232,0.0,0.0,0.0,-1.8544123302439752,1.0973757671914346,-2.6332655089464447,0.47000000000000003,-1.85,9.22,0.0,0.9087799787521362,0.0,0.0018847361207008362,1.0,1.0,7.8,0.201,True,True,False
31.598933935165405,stand_post,1.5989339351654053,0.0,0.0,0.0,-1.8544123302439752,1.0973757671914346,-2.6332655089464447,0.59,-1.78,9.21,0.077,0.9106988906860352,0.0,0.0016733556985855103,1.0,1.0,7.8,0.194,True,True,False
31.61930775642395,stand_post,1.6193077564239502,0.0,0.0,0.0,-1.8544123302439752,1.0973757671914346,-2.6332655089464447,0.55,-1.82,9.07,0.077,0.9115638732910156,0.0,0.0010234862565994263,1.0,1.0,7.8,0.194,True,True,False
31.63975977897644,stand_post,1.6397597789764404,0.0,0.0,0.0,-1.8544123302439752,1.0973757671914346,-2.6332655089464447,0.47000000000000003,-1.69,9.17,0.077,0.9123489260673523,0.0,0.0013658031821250916,1.0,1.0,7.8,0.194,True,True,False
31.660123109817505,stand_post,1.6601231098175049,0.0,0.0,0.0,-1.8544123302439752,1.0973757671914346,-2.6332655089464447,0.56,-1.52,9.16,0.077,0.9138457179069519,0.0,0.0024381596595048904,1.0,1.0,7.8,0.194,True,True,False
31.680501222610474,stand_post,1.6805012226104736,0.0,0.0,0.0,-1.8544123302439752,1.0973757671914346,-2.6332655089464447,0.59,-1.83,9.16,0.0,0.9135971665382385,0.0,0.004221545532345772,1.0,1.0,7.8,0.194,True,True,False
31.700938940048218,stand_post,1.7009389400482178,0.0,0.0,0.0,-1.8544123302439752,1.0973757671914346,-2.6332655089464447,0.56,-1.86,9.07,0.0,0.9128444194793701,0.0,0.0038429033011198044,1.0,1.0,7.8,0.194,True,True,False
31.721315383911133,stand_post,1.7213153839111328,0.0,0.0,0.0,-1.8544123302439752,1.0973757671914346,-2.6332655089464447,0.43,-1.9100000000000001,9.200000000000001,0.0,0.9109994769096375,0.0,0.0030562449246644974,1.0,1.0,7.8,0.194,True,True,False
31.741767644882202,stand_post,1.7417676448822021,0.0,0.0,0.0,-1.8544123302439752,1.0973757671914346,-2.6332655089464447,0.5,-1.72,9.02,0.0,0.909811794757843,0.0,0.0030559413135051727,1.0,1.0,7.8,0.194,True,True,False
31.76222801208496,stand_post,1.762228012084961,0.0,0.0,0.0,-1.8544123302439752,1.0973757671914346,-2.6332655089464447,0.63,-1.68,9.19,0.0,0.9082640409469604,0.0,0.0038179196417331696,1.0,1.0,7.8,0.194,True,True,False
31.78259778022766,stand_post,1.7825977802276611,0.0,0.0,0.0,-1.8544123302439752,1.0973757671914346,-2.6332655089464447,0.53,-1.76,9.18,0.0,0.9045676589012146,0.0,0.00249645859003067,1.0,1.0,7.8,0.194,True,True,False
31.802975177764893,stand_post,1.8029751777648926,0.0,0.0,0.0,-1.8544123302439752,1.0973757671914346,-2.6332655089464447,0.5,-1.82,9.14,0.153,0.9013522267341614,0.0,0.0022053271532058716,1.0,1.0,7.8,0.12500000000000003,True,True,False
31.823650360107422,stand_post,1.8236503601074219,0.0,0.0,0.0,-1.8544123302439752,1.0973757671914346,-2.6332655089464447,0.49,-1.8800000000000001,9.200000000000001,0.153,0.8988819718360901,0.0,0.001597382128238678,1.0,1.0,7.8,0.12500000000000003,True,True,False
31.844024896621704,stand_post,1.844024896621704,0.0,0.0,0.0,-1.8544123302439752,1.0973757671914346,-2.6332655089464447,0.53,-1.9000000000000001,9.23,0.153,0.897633969783783,0.0,0.0016356408596038818,1.0,1.0,7.8,0.12500000000000003,True,True,False
31.864432096481323,stand_post,1.8644320964813232,0.0,0.0,0.0,-1.8544123302439752,1.0973757671914346,-2.6332655089464447,0.55,-1.71,9.15,0.077,0.8974153399467468,0.0,0.0022462941706180573,1.0,1.0,7.8,0.12500000000000003,True,True,False
31.884800672531128,stand_post,1.884800672531128,0.0,0.0,0.0,-1.8544123302439752,1.0973757671914346,-2.6332655089464447,0.53,-1.68,9.14,0.153,0.8976017236709595,0.0,0.0031691156327724457,1.0,1.0,7.8,0.12500000000000003,True,True,False
31.90517497062683,stand_post,1.905174970626831,0.0,0.0,0.0,-1.8544123302439752,1.0973757671914346,-2.6332655089464447,0.5700000000000001,-1.6,9.23,0.077,0.8990933299064636,0.0,0.003407299518585205,1.0,1.0,7.8,0.12500000000000003,True,True,False
31.92554473876953,stand_post,1.9255447387695312,0.0,0.0,0.0,-1.8544123302439752,1.0973757671914346,-2.6332655089464447,0.59,-1.6600000000000001,9.09,0.0,0.9007288813591003,0.0,0.004152446985244751,1.0,1.0,7.8,0.12500000000000003,True,True,False
31.946006536483765,stand_post,1.9460065364837646,0.0,0.0,0.0,-1.8544123302439752,1.0973757671914346,-2.6332655089464447,0.46,-1.81,9.42,0.077,0.9019201397895813,0.0,0.003639649599790573,1.0,1.0,7.8,0.12500000000000003,True,True,False
31.966376304626465,stand_post,1.9663763046264648,0.0,0.0,0.0,-1.8544123302439752,1.0973757671914346,-2.6332655089464447,0.49,-1.76,9.18,0.0,0.9035131931304932,0.0,0.0027119070291519165,1.0,1.0,7.8,0.12500000000000003,True,True,False
31.986822843551636,stand_post,1.9868228435516357,0.0,0.0,0.0,-1.8544123302439752,1.0973757671914346,-2.6332655089464447,0.56,-1.86,9.24,0.0,0.904913604259491,0.0,0.0025721583515405655,1.0,1.0,7.8,0.12500000000000003,True,True,False
32.00732207298279,stand_post,2.007322072982788,0.0,0.0,0.0,-1.8544123302439752,1.0973757671914346,-2.6332655089464447,0.59,-1.6600000000000001,9.27,0.0,0.9064618349075317,0.0,0.003505980595946312,1.0,1.0,7.8,0.22100000000000003,True,True,False
32.027687311172485,stand_post,2.0276873111724854,0.0,0.0,0.0,-1.8544123302439752,1.0973757671914346,-2.6332655089464447,0.47000000000000003,-1.6400000000000001,9.19,0.0,0.9069113731384277,0.0,0.002781640738248825,1.0,1.0,7.8,0.22100000000000003,True,True,False
32.04809284210205,stand_post,2.048092842102051,0.0,0.0,0.0,-1.8544123302439752,1.0973757671914346,-2.6332655089464447,0.45,-1.67,9.28,0.153,0.9073868989944458,0.0,0.0012151356786489487,1.0,1.0,7.8,0.22100000000000003,True,True,False
32.068458795547485,stand_post,2.0684587955474854,0.0,0.0,0.0,-1.8544123302439752,1.0973757671914346,-2.6332655089464447,0.51,-1.76,9.22,0.153,0.9075863361358643,0.0,0.0012187398970127106,1.0,1.0,7.8,0.22100000000000003,True,True,False
32.08891296386719,stand_post,2.0889129638671875,0.0,0.0,0.0,-1.8544123302439752,1.0973757671914346,-2.6332655089464447,0.52,-1.58,9.22,0.077,0.9083172082901001,0.0,0.001853741705417633,1.0,1.0,7.8,0.22100000000000003,True,True,False
32.10928177833557,stand_post,2.1092817783355713,0.0,0.0,0.0,-1.8544123302439752,1.0973757671914346,-2.6332655089464447,0.45,-1.55,9.21,0.153,0.9088267087936401,0.0,0.0010273773223161697,1.0,1.0,7.8,0.22100000000000003,True,True,False
32.12965655326843,stand_post,2.1296565532684326,0.0,0.0,0.0,-1.8544123302439752,1.0973757671914346,-2.6332655089464447,0.41000000000000003,-1.83,9.14,0.153,0.9084882140159607,0.0,0.0010363534092903137,1.0,1.0,7.8,0.22100000000000003,True,True,False
32.15013790130615,stand_post,2.1501379013061523,0.0,0.0,0.0,-1.8544123302439752,1.0973757671914346,-2.6332655089464447,0.42,-1.87,9.21,0.153,0.9093306660652161,0.0,0.001614697277545929,1.0,1.0,7.8,0.22100000000000003,True,True,False
32.17066311836243,stand_post,2.1706631183624268,0.0,0.0,0.0,-1.8544123302439752,1.0973757671914346,-2.6332655089464447,0.45,-1.79,9.35,0.077,0.9109300374984741,0.0,0.0018571987748146057,1.0,1.0,7.8,0.22100000000000003,True,True,False
32.191078901290894,stand_post,2.1910789012908936,0.0,0.0,0.0,-1.8544123302439752,1.0973757671914346,-2.6332655089464447,0.51,-1.6,9.120000000000001,0.0,0.912705659866333,0.0,0.0013166461139917374,1.0,1.0,7.8,0.22100000000000003,True,True,False
32.211546659469604,stand_post,2.2115466594696045,0.0,0.0,0.0,-1.8544123302439752,1.0973757671914346,-2.6332655089464447,0.51,-1.5,9.17,0.0,0.9135881662368774,0.0,0.0023872796446084976,1.0,1.0,7.8,0.18600000000000003,True,True,False
32.23191452026367,stand_post,2.231914520263672,0.0,0.0,0.0,-1.8544123302439752,1.0973757671914346,-2.6332655089464447,0.53,-1.8,9.11,0.0,0.9130527377128601,0.0,0.004191625863313675,1.0,1.0,7.8,0.18600000000000003,True,True,False
32.252296447753906,stand_post,2.2522964477539062,0.0,0.0,0.0,-1.8544123302439752,1.0973757671914346,-2.6332655089464447,0.47000000000000003,-1.75,9.25,0.0,0.9124927520751953,0.0,0.003444099798798561,1.0,1.0,7.8,0.18600000000000003,True,True,False
32.272831439971924,stand_post,2.272831439971924,0.0,0.0,0.0,-1.8544123302439752,1.0973757671914346,-2.6332655089464447,0.52,-1.74,9.290000000000001,0.0,0.9118174910545349,0.0,0.003339238464832306,1.0,1.0,7.8,0.18600000000000003,True,True,False
32.29320049285889,stand_post,2.2932004928588867,0.0,0.0,0.0,-1.8544123302439752,1.0973757671914346,-2.6332655089464447,0.59,-1.75,9.16,0.0,0.910353422164917,0.0,0.003128260374069214,1.0,1.0,7.8,0.18600000000000003,True,True,False
32.313584327697754,stand_post,2.313584327697754,0.0,0.0,0.0,-1.8544123302439752,1.0973757671914346,-2.6332655089464447,0.56,-1.8900000000000001,9.25,0.077,0.907622218132019,0.0,0.002439245581626892,1.0,1.0,7.8,0.18600000000000003,True,True,False
32.3339581489563,stand_post,2.333958148956299,0.0,0.0,0.0,-1.8544123302439752,1.0973757671914346,-2.6332655089464447,0.55,-1.94,9.15,0.153,0.9047514200210571,0.0,0.0021849051117897034,1.0,1.0,7.8,0.18600000000000003,True,True,False
32.354466915130615,stand_post,2.3544669151306152,0.0,0.0,0.0,-1.8544123302439752,1.0973757671914346,-2.6332655089464447,0.48,-2.05,9.28,0.153,0.9016023874282837,0.0,0.0019173994660377502,1.0,1.0,7.8,0.18600000000000003,True,True,False
32.37489914894104,stand_post,2.37489914894104,0.0,0.0,0.0,-1.8544123302439752,1.0973757671914346,-2.6332655089464447,0.63,-1.71,9.21,0.153,0.9006593227386475,0.0,0.002152286469936371,1.0,1.0,7.8,0.18600000000000003,True,True,False
32.39527773857117,stand_post,2.395277738571167,0.0,0.0,0.0,-1.8544123302439752,1.0973757671914346,-2.6332655089464447,0.58,-1.55,9.25,0.077,0.8987503051757812,0.0,0.0014743953943252563,1.0,1.0,7.8,0.18600000000000003,True,True,False
32.41565155982971,stand_post,2.415651559829712,0.0,0.0,0.0,-1.8544123302439752,1.0973757671914346,-2.6332655089464447,0.58,-1.47,9.31,0.077,0.8979686498641968,0.0,0.0020093806087970734,1.0,1.0,7.8,0.11400000000000002,True,True,False
32.43601751327515,stand_post,2.4360175132751465,0.0,0.0,0.0,-1.8544123302439752,1.0973757671914346,-2.6332655089464447,0.51,-1.78,9.18,0.153,0.8972917199134827,0.0,0.004120092839002609,1.0,1.0,7.8,0.11400000000000002,True,True,False
32.456413984298706,stand_post,2.456413984298706,0.0,0.0,0.0,-1.8544123302439752,1.0973757671914346,-2.6332655089464447,0.55,-1.84,9.21,0.077,0.8985179662704468,0.0,0.003615807741880417,1.0,1.0,7.8,0.11400000000000002,True,True,False
32.47677278518677,stand_post,2.4767727851867676,0.0,0.0,0.0,-1.8544123302439752,1.0973757671914346,-2.6332655089464447,0.49,-1.92,9.22,0.0,0.8998197317123413,0.0,0.004187323153018951,1.0,1.0,7.8,0.11400000000000002,True,True,False
32.49721693992615,stand_post,2.4972169399261475,0.0,0.0,0.0,-1.8544123302439752,1.0973757671914346,-2.6332655089464447,0.47000000000000003,-1.57,9.28,0.0,0.9019944071769714,0.0,0.0033425623551011086,1.0,1.0,7.8,0.11400000000000002,True,True,False
32.51811742782593,stand_post,2.5181174278259277,0.0,0.0,0.0,-1.8544123302439752,1.0973757671914346,-2.6332655089464447,0.43,-1.67,9.3,0.0,0.9033361077308655,0.0,0.0029627904295921326,1.0,1.0,7.8,0.11400000000000002,True,True,False
32.538491010665894,stand_post,2.5384910106658936,0.0,0.0,0.0,-1.8544123302439752,1.0973757671914346,-2.6332655089464447,0.54,-1.78,9.200000000000001,0.0,0.9048007130622864,0.0,0.0023515038192272186,1.0,1.0,7.8,0.11400000000000002,True,True,False
32.55886793136597,stand_post,2.558867931365967,0.0,0.0,0.0,-1.8544123302439752,1.0973757671914346,-2.6332655089464447,0.45,-1.82,9.21,0.0,0.9052456617355347,0.0,0.0028136763721704483,1.0,1.0,7.8,0.11400000000000002,True,True,False
32.57922983169556,stand_post,2.5792298316955566,0.0,0.0,0.0,-1.8544123302439752,1.0973757671914346,-2.6332655089464447,0.45,-1.6400000000000001,9.24,0.0,0.9064919352531433,0.0,0.0031822025775909424,1.0,1.0,7.8,0.11400000000000002,True,True,False
32.59971737861633,stand_post,2.599717378616333,0.0,0.0,0.0,-1.8544123302439752,1.0973757671914346,-2.6332655089464447,0.45,-1.67,9.200000000000001,0.0,0.9070424437522888,0.0,0.0014674216508865356,1.0,1.0,7.8,0.11400000000000002,True,True,False
32.62008810043335,stand_post,2.6200881004333496,0.0,0.0,0.0,-1.8544123302439752,1.0973757671914346,-2.6332655089464447,0.51,-1.6500000000000001,9.23,0.153,0.9077736139297485,0.0,0.0011437498033046722,1.0,1.0,7.8,0.258,True,True,False
32.64045310020447,stand_post,2.6404531002044678,0.0,0.0,0.0,-1.8544123302439752,1.0973757671914346,-2.6332655089464447,0.51,-1.69,9.22,0.077,0.907945454120636,0.0,0.0015722624957561493,1.0,1.0,7.8,0.258,True,True,False
32.660889625549316,stand_post,2.6608896255493164,0.0,0.0,0.0,-1.8544123302439752,1.0973757671914346,-2.6332655089464447,0.48,-1.69,9.26,0.153,0.908412754535675,0.0,0.0008439570665359497,1.0,1.0,7.8,0.258,True,True,False
32.681254148483276,stand_post,2.6812541484832764,0.0,0.0,0.0,-1.8544123302439752,1.0973757671914346,-2.6332655089464447,0.58,-1.84,9.35,0.0,0.9095599055290222,0.0,0.0023637712001800537,1.0,1.0,7.8,0.258,True,True,False
32.70163178443909,stand_post,2.701631784439087,0.0,0.0,0.0,-1.8544123302439752,1.0973757671914346,-2.6332655089464447,0.5,-1.94,9.1,0.153,0.909707248210907,0.0,0.0008441358804702759,1.0,1.0,7.8,0.258,True,True,False
32.722089529037476,stand_post,2.7220895290374756,0.0,0.0,0.0,-1.8544123302439752,1.0973757671914346,-2.6332655089464447,0.56,-1.8800000000000001,9.27,0.077,0.911322832107544,0.0,0.002340257167816162,1.0,1.0,7.8,0.258,True,True,False
32.74246644973755,stand_post,2.742466449737549,0.0,0.0,0.0,-1.8544123302439752,1.0973757671914346,-2.6332655089464447,0.6,-1.7,9.25,0.0,0.912948727607727,0.0,0.001406615599989891,1.0,1.0,7.8,0.258,True,True,False
32.762852907180786,stand_post,2.762852907180786,0.0,0.0,0.0,-1.8544123302439752,1.0973757671914346,-2.6332655089464447,0.59,-1.62,9.28,0.0,0.9139019250869751,0.0,0.0022236760705709457,1.0,1.0,7.8,0.258,True,True,False
32.7832145690918,stand_post,2.783214569091797,0.0,0.0,0.0,-1.8544123302439752,1.0973757671914346,-2.6332655089464447,0.51,-1.95,9.21,0.0,0.9128310084342957,0.0,0.004040367901325226,1.0,1.0,7.8,0.258,True,True,False
32.80358648300171,stand_post,2.803586483001709,0.0,0.0,0.0,-1.8544123302439752,1.0973757671914346,-2.6332655089464447,0.48,-1.84,9.18,0.0,0.9123745560646057,0.0,0.0034648347645998,1.0,1.0,7.8,0.258,True,True,False
32.8240761756897,stand_post,2.8240761756896973,0.0,0.0,0.0,-1.8544123302439752,1.0973757671914346,-2.6332655089464447,0.5,-1.87,9.22,0.0,0.9113560914993286,0.0,0.0034579765051603317,1.0,1.0,7.8,0.168,True,True,False
32.84515142440796,stand_post,2.845151424407959,0.0,0.0,0.0,-1.8544123302439752,1.0973757671914346,-2.6332655089464447,0.55,-1.78,9.25,0.077,0.9101658463478088,0.0,0.00306658074259758,1.0,1.0,7.8,0.168,True,True,False
32.865679025650024,stand_post,2.8656790256500244,0.0,0.0,0.0,-1.8544123302439752,1.0973757671914346,-2.6332655089464447,0.54,-1.71,9.16,0.153,0.9078987836837769,0.0,0.002370491623878479,1.0,1.0,7.8,0.168,True,True,False
32.88609790802002,stand_post,2.8860979080200195,0.0,0.0,0.0,-1.8544123302439752,1.0973757671914346,-2.6332655089464447,0.44,-2.02,9.290000000000001,0.153,0.9042525887489319,0.0,0.002112939953804016,1.0,1.0,7.8,0.168,True,True,False
32.906535387039185,stand_post,2.9065353870391846,0.0,0.0,0.0,-1.8544123302439752,1.0973757671914346,-2.6332655089464447,0.45,-1.98,9.120000000000001,0.077,0.9016395807266235,0.0,0.0024783089756965637,1.0,1.0,7.8,0.168,True,True,False
32.92701196670532,stand_post,2.9270119667053223,0.0,0.0,0.0,-1.8544123302439752,1.0973757671914346,-2.6332655089464447,0.5700000000000001,-1.68,9.3,0.077,0.9002591967582703,0.0,0.0017589107155799866,1.0,1.0,7.8,0.168,True,True,False
32.94739103317261,stand_post,2.9473910331726074,0.0,0.0,0.0,-1.8544123302439752,1.0973757671914346,-2.6332655089464447,0.55,-1.55,9.24,0.077,0.8984243869781494,0.0,0.0015943050384521484,1.0,1.0,7.8,0.168,True,True,False
32.96776819229126,stand_post,2.9677681922912598,0.0,0.0,0.0,-1.8544123302439752,1.0973757671914346,-2.6332655089464447,0.5700000000000001,-1.41,9.14,0.0,0.8975996971130371,0.0,0.00212695449590683,1.0,1.0,7.8,0.168,True,True,False
32.98812937736511,stand_post,2.9881293773651123,0.0,0.0,0.0,-1.8544123302439752,1.0973757671914346,-2.6332655089464447,0.53,-1.51,9.21,0.0,0.8972080945968628,0.0,0.0034206323325634003,1.0,1.0,7.8,0.168,True,True,False
