time_s,phase,phase_elapsed_s,cmd_x,cmd_y,cmd_yaw,gyro_x,gyro_y,gyro_z,accel_x,accel_y,accel_z,joint_vel_abs_max,action_abs_max,action_saturation_frac,target_delta_abs_max,left_contact,right_contact,min_voltage,sum_abs_current,obs_finite,action_finite,missed_deadline
0.0008358955383300781,stand_pre,0.0008358955383300781,0.0,0.0,0.0,-1.0471975511965976,0.6599526234103559,0.8366672101747817,0.48,-3.54,9.05,0.0,0.7851515412330627,0.0,0.15703031420707703,1.0,1.0,8.0,0.069,True,True,True
0.02420973777770996,stand_pre,0.02420973777770996,0.0,0.0,0.0,-0.5988660995905544,0.6403176693254197,0.5017821599483697,-1.28,-4.11,6.09,0.0,0.9565840363502502,0.07142857142857142,0.09963316470384598,1.0,1.0,8.0,0.069,True,True,False
0.044740915298461914,stand_pre,0.044740915298461914,0.0,0.0,0.0,0.1407171709420428,0.018544123302439753,-0.003272492347489368,0.49,-0.36,9.25,0.153,0.930749773979187,0.0,0.1191822700202465,1.0,1.0,8.0,0.069,True,True,False
0.06535792350769043,stand_pre,0.06535792350769043,0.0,0.0,0.0,0.002181661564992912,0.025089107997418487,-0.004363323129985824,1.83,-0.39,9.17,1.381,0.950755774974823,0.07142857142857142,0.05206511169672012,1.0,1.0,8.0,0.069,True,True,False
0.08627057075500488,stand_pre,0.08627057075500488,0.0,0.0,0.0,0.1538071403320003,0.014180800172453928,-0.017453292519943295,2.02,-0.24,8.66,1.765,0.9239997267723083,0.0,0.18176595494151115,0.0,1.0,8.0,0.069,True,True,False
0.10678482055664062,stand_pre,0.10678482055664062,0.0,0.0,0.0,0.24870941840919197,-0.15926129424448257,-0.4406956361285682,2.02,2.13,8.41,1.841,0.9350782036781311,0.0,0.18698761984705925,0.0,1.0,8.0,0.069,True,True,False
0.12717103958129883,stand_pre,0.12717103958129883,0.0,0.0,0.0,0.6894050545377601,-0.4919646829059016,-1.3788101090755203,-0.63,2.8000000000000003,7.28,2.302,0.6528562307357788,0.0,0.1524900607764721,0.0,1.0,8.0,0.069,True,True,False
0.14754176139831543,stand_pre,0.14754176139831543,0.0,0.0,0.0,1.0515608743265836,-0.7995789635699022,-1.808597437379124,-0.63,2.8000000000000003,7.28,1.688,0.6568200588226318,0.0,0.09044196270406246,1.0,1.0,8.0,0.069,True,True,False
0.16812348365783691,stand_pre,0.16812348365783691,0.0,0.0,0.0,1.3788101090755203,-0.9533861039019025,-1.0559241974565694,0.76,-3.3000000000000003,8.14,1.151,0.738657534122467,0.0,0.053215719759464264,1.0,0.0,8.0,0.069,True,True,False
0.18853473663330078,stand_pre,0.18853473663330078,0.0,0.0,0.0,1.928588823453734,-1.2828170002158321,-0.4145156973486533,-1.1400000000000001,-2.0300000000000002,4.29,0.9210000000000002,0.8635843992233276,0.0,0.03977703955024481,1.0,0.0,8.0,0.069,True,True,False
0.20892071723937988,stand_pre,0.20892071723937988,0.0,0.0,0.0,1.574068819142386,-1.6155203888772514,0.2901609881440573,-1.1400000000000001,-2.0300000000000002,4.29,1.841,0.9242536425590515,0.0,0.053052857518196106,1.0,0.0,7.8,0.429,True,True,False
0.2292935848236084,stand_pre,0.2292935848236084,0.0,0.0,0.0,-0.3534291735288517,-1.2915436464758039,-0.007635815477475192,0.0,0.43,6.09,2.455,0.8935426473617554,0.0,0.04370315372943878,1.0,0.0,7.8,0.429,True,True,False
0.24965906143188477,stand_pre,0.24965906143188477,0.0,0.0,0.0,-1.4988014951501305,-2.3245603974999476,0.9926560120717749,4.41,0.09,-0.02,2.762,0.5421141386032104,0.0,0.12559927441179752,1.0,0.0,7.8,0.429,True,True,False
0.27002811431884766,stand_pre,0.27002811431884766,0.0,0.0,0.0,-1.425715832722868,-2.7183503099811683,1.540253064884996,2.65,-0.87,4.65,3.069,0.6496986150741577,0.0,0.07198725827038288,1.0,0.0,7.8,0.429,True,True,False
0.29038381576538086,stand_pre,0.29038381576538086,0.0,0.0,0.0,-1.7693275292092516,-2.741257756413594,1.9318613158012234,2.36,3.88,8.53,2.225,0.6981326341629028,0.0,0.03212386555969715,1.0,1.0,7.8,0.429,True,True,False
0.31088852882385254,stand_pre,0.31088852882385254,0.0,0.0,0.0,-2.3365595361074085,-2.183843226557905,1.2500920767409385,2.36,3.88,8.53,2.148,0.5798428058624268,0.0,0.03551855683326721,0.0,1.0,7.8,0.429,True,True,False
0.33124732971191406,stand_pre,0.33124732971191406,0.0,0.0,0.0,-2.4696408915719763,-1.7900533140766843,0.08399397025222712,-2.8000000000000003,2.67,6.07,1.995,0.697690486907959,0.0,0.044547904282808304,0.0,1.0,7.8,0.429,True,True,False
0.35175514221191406,stand_pre,0.35175514221191406,0.0,0.0,0.0,-0.8672104720846825,-2.58854144686409,-0.2399827721492203,-2.8000000000000003,2.67,6.07,1.151,0.7825202941894531,0.0,0.043216411024332047,0.0,1.0,7.8,0.429,True,True,False
0.37212157249450684,stand_pre,0.37212157249450684,0.0,0.0,0.0,-0.00545415391248228,-1.8893189152838616,0.8988445647770797,-2.8000000000000003,2.67,6.07,0.614,0.867043673992157,0.0,0.04449061304330826,0.0,1.0,7.8,0.429,True,True,False
0.39249134063720703,stand_pre,0.39249134063720703,0.0,0.0,0.0,0.3567016658763411,-2.406372706187182,1.6766069126970529,7.640000000000001,-7.930000000000001,5.55,0.614,0.5753089189529419,0.0,0.10373563505709171,0.0,1.0,7.8,0.429,True,True,False
0.41295933723449707,stand_pre,0.41295933723449707,0.0,0.0,0.0,0.7428557628800865,-2.2351122733352384,1.983130362578557,5.1000000000000005,-1.8800000000000001,7.42,0.844,0.6638293862342834,0.0,0.03887469321489334,0.0,0.0,7.7,0.75,True,True,False
0.43332624435424805,stand_pre,0.43332624435424805,0.0,0.0,0.0,0.8443030256522569,-1.7900533140766843,1.7889624832941877,4.34,-3.0100000000000002,6.57,0.614,0.7291094064712524,0.0,0.03152827266603708,0.0,0.0,7.7,0.75,True,True,False
0.4537041187286377,stand_pre,0.4537041187286377,0.0,0.0,0.0,0.7155849933176751,-1.9133171924987837,1.4682582332402296,5.5600000000000005,-0.19,5.45,0.6899999999999998,0.702879011631012,0.0,0.024793014861643314,0.0,0.0,7.7,0.75,True,True,False
0.4740927219390869,stand_pre,0.4740927219390869,0.0,0.0,0.0,0.5552328682906961,-1.6940602052169962,0.7581273938350369,5.99,-0.84,7.1000000000000005,0.9210000000000002,0.6995512843132019,0.0,0.032925643026828766,0.0,0.0,7.7,0.75,True,True,False
0.49451160430908203,stand_pre,0.49451160430908203,0.0,0.0,0.0,0.6043202535030366,-1.4115350325504141,0.10035643198967395,5.5600000000000005,-0.73,7.5200000000000005,0.6899999999999998,0.7613689303398132,0.0,0.02685442380607128,0.0,0.0,7.7,0.75,True,True,False
0.5149195194244385,stand_pre,0.5149195194244385,0.0,0.0,0.0,0.3621558197888234,-1.2806353386508393,-0.533416252640767,8.51,-1.69,6.1000000000000005,0.614,0.7613576054573059,0.0,0.04336202144622803,0.0,0.0,7.7,0.75,True,True,False
0.5353834629058838,stand_pre,0.5353834629058838,0.0,0.0,0.0,0.2628902185816459,-0.9795660426818175,-1.074468320759009,8.26,-0.78,5.96,1.074,0.7816567420959473,0.0,0.04363960772752762,0.0,0.0,7.7,0.75,True,True,False
0.5557539463043213,stand_pre,0.5557539463043213,0.0,0.0,0.0,0.13308135546456762,-0.779944009484966,-1.485711525760173,8.31,-1.95,7.74,1.304,0.8010547161102295,0.0,0.03470709174871445,0.0,0.0,7.7,0.75,True,True,False
0.5761189460754395,stand_pre,0.5761189460754395,0.0,0.0,0.0,0.1810779098944117,-0.04799655442984406,-1.2162763224835484,7.15,-0.09,6.87,0.9970000000000001,0.8719829320907593,0.0,0.07996920868754387,0.0,0.0,7.7,0.75,True,True,False
0.5964961051940918,stand_pre,0.5964961051940918,0.0,0.0,0.0,0.5126904677733343,0.33597588100890846,-1.0319259202416473,8.46,-0.74,9.44,1.304,0.9016253352165222,0.0,0.034796785563230515,0.0,0.0,7.7,0.75,True,True,False
0.6169815063476562,stand_pre,0.6169815063476562,0.0,0.0,0.0,0.7275841319251362,0.9621127501618741,-0.8944812416470939,8.0,0.84,7.9,1.151,0.9017472863197327,0.0,0.03887208178639412,0.0,0.0,7.7,0.585,True,True,False
0.6373496055603027,stand_pre,0.6373496055603027,0.0,0.0,0.0,0.3883357585687383,0.7526732399225546,-0.18435040224190105,8.0,0.84,7.9,1.227,0.8775510787963867,0.0,0.03016684390604496,0.0,0.0,7.7,0.585,True,True,False
0.6577181816101074,stand_pre,0.6577181816101074,0.0,0.0,0.0,-0.49632800603588745,0.7472190860100724,0.42215151282612845,7.68,0.64,5.45,1.074,0.808894693851471,0.0,0.043300362303853035,0.0,0.0,7.7,0.585,True,True,False
0.6781799793243408,stand_pre,0.6781799793243408,0.0,0.0,0.0,-0.8192139176548384,0.5639595145506677,0.5235987755982988,8.93,0.64,5.8500000000000005,1.074,0.8456928730010986,0.0,0.017650233581662178,0.0,0.0,7.7,0.585,True,True,False
0.698552131652832,stand_pre,0.698552131652832,0.0,0.0,0.0,-0.9992009967667537,0.7646723785300157,0.4428772976935611,7.7,-0.59,5.42,0.767,0.8576789498329163,0.0,0.031528339721262455,0.0,0.0,7.7,0.585,True,True,False
0.7189311981201172,stand_pre,0.7189311981201172,0.0,0.0,0.0,-0.8333947178272924,1.126828198318839,0.65558930028037,6.6000000000000005,-0.86,5.97,0.537,0.9081854224205017,0.0,0.02498982474207878,0.0,0.0,7.7,0.585,True,True,False
0.7393147945404053,stand_pre,0.7393147945404053,0.0,0.0,0.0,-0.49414634447089456,1.0973757671914346,0.4985096676008804,7.1000000000000005,-0.75,5.5,0.767,0.9019310474395752,0.0,0.011991992592811584,0.0,0.0,7.7,0.585,True,True,False
0.7598228454589844,stand_pre,0.7598228454589844,0.0,0.0,0.0,0.10035643198967395,1.1682797680537043,-0.050178215994836975,7.0200000000000005,0.28,6.03,0.614,0.893338143825531,0.0,0.02221444807946682,1.0,0.0,7.7,0.585,True,True,False
0.7802999019622803,stand_pre,0.7802999019622803,0.0,0.0,0.0,0.20507618710933373,1.279544507868343,-0.23234695667174513,6.13,-0.06,6.53,0.614,0.894852340221405,0.0,0.01553143560886383,1.0,1.0,7.7,0.585,True,True,False
0.8006813526153564,stand_pre,0.8006813526153564,0.0,0.0,0.0,0.1461713248545251,1.365720139685563,-0.1930770485018727,6.33,-0.67,8.64,0.384,0.8922010064125061,0.0,0.01266950462013483,1.0,1.0,7.7,0.585,True,True,False
0.8210494518280029,stand_pre,0.8210494518280029,0.0,0.0,0.0,-0.15489797111449674,1.4693490640227262,-0.07744898555724837,6.2,-2.63,8.05,0.46,0.8991660475730896,0.0,0.022542331367731094,1.0,1.0,7.9,0.19200000000000003,True,True,False
0.8414201736450195,stand_pre,0.8414201736450195,0.0,0.0,0.0,-0.21271200258680892,1.634064512179691,0.39269908169872414,4.55,-1.49,7.32,0.537,0.9084816575050354,0.0,0.03939688578248024,1.0,1.0,7.9,0.19200000000000003,True,True,False
0.8619081974029541,stand_pre,0.8619081974029541,0.0,0.0,0.0,-0.28907015736156083,1.6078845733997762,0.6784967467127956,4.95,-1.33,8.57,0.614,0.9198484420776367,0.0,0.018371927551925182,1.0,1.0,7.9,0.19200000000000003,True,True,False
0.882272481918335,stand_pre,0.882272481918335,0.0,0.0,0.0,-0.2716168648416175,1.8031432834666417,0.6326818538479445,3.56,-1.12,7.79,0.767,0.8946314454078674,0.0,0.020774133503437042,1.0,1.0,7.9,0.19200000000000003,True,True,False
0.9027934074401855,stand_pre,0.9027934074401855,0.0,0.0,0.0,-0.06654067773228381,1.968949562406103,0.18435040224190105,4.58,-1.1300000000000001,7.140000000000001,0.844,0.8601295351982117,0.0,0.017984122037887573,1.0,1.0,7.9,0.19200000000000003,True,True,False
0.9233932495117188,stand_pre,0.9233932495117188,0.0,0.0,0.0,-0.0719948316447661,2.038762732485876,0.022907446432425576,3.0100000000000002,-1.27,7.3,1.074,0.8283851146697998,0.0,0.019115496426820755,1.0,1.0,7.9,0.19200000000000003,True,True,False
0.9437508583068848,stand_pre,0.9437508583068848,0.0,0.0,0.0,-0.00545415391248228,2.093304271610699,-0.2203478180642841,1.86,-2.2600000000000002,8.74,1.304,0.8021402359008789,0.0,0.029053600504994392,1.0,1.0,7.9,0.19200000000000003,True,True,False
0.9641115665435791,stand_pre,0.9641115665435791,0.0,0.0,0.0,0.11780972450961724,1.920953007976259,0.061086523819801536,1.86,-2.2600000000000002,8.74,1.304,0.8137850761413574,0.0,0.007454568520188332,1.0,1.0,7.9,0.19200000000000003,True,True,False
0.984586238861084,stand_pre,0.984586238861084,0.0,0.0,0.0,0.3817907738737596,2.033308578573394,0.4756022211684548,1.77,-3.95,9.72,1.074,0.850557804107666,0.0,0.01827274262905121,1.0,1.0,7.9,0.19200000000000003,True,True,False
1.005037784576416,stand_pre,1.005037784576416,0.0,0.0,0.0,0.4243331743911214,1.8936822384138476,0.6446809924554054,0.92,-1.53,7.58,0.9210000000000002,0.8241940140724182,0.0,0.010973252356052399,1.0,1.0,7.9,0.19200000000000003,True,True,False
1.0254077911376953,stand_pre,1.0254077911376953,0.0,0.0,0.0,0.29670597283903605,1.5151639568875774,0.4625122517784973,0.01,-0.21,7.2,0.767,0.8306822776794434,0.0,0.027807064354419708,1.0,1.0,7.9,0.09000000000000001,True,True,False
1.0464794635772705,stand_pre,1.0464794635772705,0.0,0.0,0.0,0.055632369907319255,1.1442814908387824,0.3108867730114899,0.01,-0.21,7.2,0.767,0.8593403100967407,0.0,0.019640818238258362,1.0,1.0,7.9,0.09000000000000001,True,True,False
1.0669896602630615,stand_pre,1.0669896602630615,0.0,0.0,0.0,0.020725784867432664,1.0711958284115197,0.21598449493429828,-1.35,-0.35000000000000003,8.16,0.6899999999999998,0.8841952681541443,0.0,0.011870607733726501,1.0,1.0,7.9,0.09000000000000001,True,True,False
1.0873703956604004,stand_pre,1.0873703956604004,0.0,0.0,0.0,-0.04581489286485115,0.6228643768054763,-0.08617563181722002,-1.6,-0.89,8.77,0.614,0.8864343762397766,0.0,0.022084087133407593,1.0,1.0,7.9,0.09000000000000001,True,True,False
1.107731819152832,stand_pre,1.107731819152832,0.0,0.0,0.0,-0.05235987755982989,0.38942658935123475,0.05345070834232634,-1.04,-1.46,7.59,0.614,0.889010488986969,0.0,0.00821211189031601,1.0,1.0,7.9,0.09000000000000001,True,True,False
1.1281969547271729,stand_pre,1.1281969547271729,0.0,0.0,0.0,-0.1461713248545251,0.1712604328519436,0.32179508083645453,-0.9500000000000001,-1.94,7.16,0.46,0.8857552409172058,0.0,0.01095116138458252,1.0,1.0,7.9,0.09000000000000001,True,True,False
1.1485602855682373,stand_pre,1.1485602855682373,0.0,0.0,0.0,-0.2585268954516601,0.10035643198967395,0.5323254218582705,-0.9500000000000001,-1.94,7.16,0.537,0.880970299243927,0.0,0.009390709921717644,1.0,1.0,7.9,0.09000000000000001,True,True,False
1.168933629989624,stand_pre,1.168933629989624,0.0,0.0,0.0,-0.24434609527920614,0.14726215563702155,1.0155634585042006,-0.9500000000000001,-1.94,7.16,0.384,0.8856549263000488,0.0,0.026684440672397614,1.0,1.0,7.9,0.09000000000000001,True,True,False
1.1893310546875,stand_pre,1.1893310546875,0.0,0.0,0.0,-0.19198621771937624,0.1559888018969932,1.1453723216212788,0.13,-2.32,8.11,0.23,0.8797672390937805,0.0,0.012935027480125427,1.0,1.0,7.9,0.09000000000000001,True,True,False
1.2097911834716797,stand_pre,1.2097911834716797,0.0,0.0,0.0,-0.0272707695624114,0.11126473981463851,1.0319259202416473,0.1,-0.26,9.26,0.46,0.8778424859046936,0.0,0.005986034870147705,1.0,1.0,7.9,0.09000000000000001,True,True,False
1.2301580905914307,stand_pre,1.2301580905914307,0.0,0.0,0.0,0.11780972450961724,0.14289883250703572,0.6566801310628665,0.1,-0.26,9.26,0.307,0.8826639652252197,0.0,0.015809201635420322,1.0,1.0,7.9,0.14200000000000002,True,True,False
1.2505154609680176,stand_pre,1.2505154609680176,0.0,0.0,0.0,0.2007128639793479,0.19744037163185854,0.21162117180431245,0.37,-0.67,9.13,0.307,0.8894705772399902,0.0,0.01903689280152321,1.0,1.0,7.9,0.14200000000000002,True,True,False
1.2710092067718506,stand_pre,1.2710092067718506,0.0,0.0,0.0,0.06544984694978735,0.21380283336930536,-0.11017390903214205,1.1,-1.78,9.76,0.23,0.8959701061248779,0.0,0.01733061671257019,1.0,1.0,7.9,0.14200000000000002,True,True,False
1.3243820667266846,stand_pre,1.3243820667266846,0.0,0.0,0.0,0.06544984694978735,0.21380283336930536,-0.11017390903214205,1.1,-1.78,9.76,0.46,0.9016042947769165,0.0,0.0033042877912521362,1.0,1.0,7.9,0.14200000000000002,True,True,False
1.3449063301086426,stand_pre,1.3449063301086426,0.0,0.0,0.0,0.0545415391248228,0.16471544815696484,-0.13199052468207118,0.64,-2.58,9.36,0.384,0.9047766327857971,0.0,0.0032363757491111755,1.0,1.0,7.9,0.14200000000000002,True,True,False
1.3653123378753662,stand_pre,1.3653123378753662,0.0,0.0,0.0,0.0545415391248228,0.16471544815696484,-0.13199052468207118,0.64,-2.58,9.36,0.23,0.9068291187286377,0.0,0.001629747450351715,1.0,1.0,7.9,0.14200000000000002,True,True,False
1.3856909275054932,stand_pre,1.3856909275054932,0.0,0.0,0.0,0.07635815477475191,0.2814343418840856,0.04581489286485115,-0.27,-1.24,8.91,0.23,0.9091908931732178,0.0,0.013095617294311523,1.0,1.0,7.9,0.14200000000000002,True,True,False
1.406050682067871,stand_pre,1.406050682067871,0.0,0.0,0.0,0.15817046346198613,0.3425208657038872,0.06654067773228381,-0.59,-1.08,8.75,0.153,0.9103251099586487,0.0,0.002456583082675934,1.0,1.0,7.9,0.14200000000000002,True,True,False
1.4277639389038086,stand_pre,1.4277639389038086,0.0,0.0,0.0,0.12871803233458182,0.2792526803190927,0.11344640137963143,-0.56,-2.04,8.97,0.153,0.910102367401123,0.0,0.0019254684448242188,1.0,1.0,7.9,0.14200000000000002,True,True,False
1.4481315612792969,stand_pre,1.4481315612792969,0.0,0.0,0.0,0.039269908169872414,0.2399827721492203,0.24107360293171676,-1.01,-1.43,8.040000000000001,0.153,0.910218358039856,0.0,0.009692765772342682,1.0,1.0,7.9,0.14200000000000002,True,True,False
1.4685139656066895,stand_pre,1.4685139656066895,0.0,0.0,0.0,-0.031634092692397225,0.08399397025222712,0.2617993877991494,-0.56,-0.91,9.28,0.153,0.9099304676055908,0.0,0.008659727871418,1.0,1.0,7.9,0.07,True,True,False
1.4888854026794434,stand_pre,1.4888854026794434,0.0,0.0,0.0,-0.04799655442984406,-0.018544123302439753,0.21271200258680892,-0.1,-2.24,8.56,0.307,0.9105249047279358,0.0,0.0027772188186645508,1.0,1.0,7.9,0.07,True,True,False
1.5092601776123047,stand_pre,1.5092601776123047,0.0,0.0,0.0,-0.11780972450961724,-0.044724062082354694,0.25743606466916363,-0.43,-0.78,9.65,0.153,0.9119988679885864,0.0,0.0024374350905418396,1.0,1.0,7.9,0.07,True,True,False
1.5297021865844727,stand_pre,1.5297021865844727,0.0,0.0,0.0,-0.1265363707695889,-0.05345070834232634,0.001090830782496456,-0.33,-0.4,9.290000000000001,0.077,0.9142571091651917,0.0,0.012811869382858276,1.0,1.0,7.9,0.07,True,True,False
1.5500686168670654,stand_pre,1.5500686168670654,0.0,0.0,0.0,-0.12871803233458182,-0.00545415391248228,-0.061086523819801536,-0.34,-1.73,9.59,0.153,0.9158312678337097,0.0,0.003981247544288635,1.0,1.0,7.9,0.07,True,True,False
1.5704445838928223,stand_pre,1.5704445838928223,0.0,0.0,0.0,-0.0545415391248228,0.016362461737446838,0.06435901616729091,-0.22,-1.26,8.83,0.153,0.9174094796180725,0.0,0.006173022091388702,1.0,1.0,7.9,0.07,True,True,False
1.590813398361206,stand_pre,1.590813398361206,0.0,0.0,0.0,-0.0545415391248228,0.016362461737446838,0.06435901616729091,-0.11,-2.47,9.18,0.153,0.9152846336364746,0.0,0.001519918441772461,1.0,1.0,7.9,0.07,True,True,False
1.6112372875213623,stand_pre,1.6112372875213623,0.0,0.0,0.0,-0.055632369907319255,-0.09381144729469522,0.24216443371421323,-0.15,-1.74,9.42,0.077,0.9120838642120361,0.0,0.005004912614822388,1.0,1.0,7.9,0.07,True,True,False
1.6316139698028564,stand_pre,1.6316139698028564,0.0,0.0,0.0,-0.05345070834232634,-0.10144726277217041,0.21707532571679475,-0.31,-1.18,8.61,0.153,0.9119665622711182,0.0,0.0010708197951316833,1.0,1.0,7.9,0.07,True,True,False
1.6519749164581299,stand_pre,1.6519749164581299,0.0,0.0,0.0,-0.05345070834232634,-0.12980886311707826,0.1734420944169365,-0.3,-0.5,9.52,0.077,0.9108088612556458,0.0,0.006187997758388519,1.0,1.0,7.9,0.07,True,True,False
1.6723556518554688,stand_pre,1.6723556518554688,0.0,0.0,0.0,-0.06763150851478027,-0.13526301702956053,0.055632369907319255,0.14,-0.39,9.42,0.077,0.9113145470619202,0.0,0.0064859166741371155,1.0,1.0,7.9,0.10900000000000001,True,True,False
1.6927201747894287,stand_pre,1.6927201747894287,0.0,0.0,0.0,-0.08508480103472356,-0.14289883250703572,-0.09490227807719166,0.12,-0.9500000000000001,9.16,0.153,0.912615180015564,0.0,0.005159705877304077,1.0,1.0,7.9,0.10900000000000001,True,True,False
1.7131907939910889,stand_pre,1.7131907939910889,0.0,0.0,0.0,-0.08508480103472356,-0.14289883250703572,-0.09490227807719166,-0.08,-1.46,9.0,0.0,0.911296546459198,0.0,0.001960277557373047,1.0,1.0,7.9,0.10900000000000001,True,True,False
1.7335562705993652,stand_pre,1.7335562705993652,0.0,0.0,0.0,-0.10581058590215622,-0.1265363707695889,-0.11235557059713497,-0.11,-1.99,9.35,0.23,0.9089524149894714,0.0,0.001691482961177826,1.0,1.0,7.9,0.10900000000000001,True,True,False
1.7539196014404297,stand_pre,1.7539196014404297,0.0,0.0,0.0,-0.08835729338221293,-0.11126473981463851,-0.0545415391248228,0.44,-1.97,9.06,0.153,0.905545711517334,0.0,0.0034493952989578247,1.0,1.0,7.9,0.10900000000000001,True,True,False
1.774287462234497,stand_pre,1.774287462234497,0.0,0.0,0.0,-0.08072147790473774,-0.14508049407202864,0.00545415391248228,0.4,-2.07,9.41,0.153,0.903212308883667,0.0,0.0013412386178970337,1.0,1.0,7.9,0.10900000000000001,True,True,False
1.794651985168457,stand_pre,1.794651985168457,0.0,0.0,0.0,-0.09599310885968812,-0.09272061651219876,0.18544123302439752,0.19,-1.94,9.06,0.153,0.8971890211105347,0.0,0.007849350571632385,1.0,1.0,7.9,0.10900000000000001,True,True,False
1.8150224685668945,stand_pre,1.8150224685668945,0.0,0.0,0.0,-0.09272061651219876,-0.09708393964218458,0.20289452554434081,0.48,-1.6600000000000001,9.57,0.153,0.8955152630805969,0.0,0.0020229294896125793,1.0,1.0,7.9,0.10900000000000001,True,True,False
1.8353888988494873,stand_pre,1.8353888988494873,0.0,0.0,0.0,-0.07090400086226964,0.0,0.2552544031041707,0.41000000000000003,-1.56,9.28,0.077,0.8942417502403259,0.0,0.0064129456877708435,1.0,1.0,7.9,0.10900000000000001,True,True,False
1.8557512760162354,stand_pre,1.8557512760162354,0.0,0.0,0.0,-0.038179077387375956,0.002181661564992912,0.20180369476184434,0.23,-1.3,9.16,0.0,0.8981660008430481,0.0,0.0014298558235168457,1.0,1.0,7.9,0.10900000000000001,True,True,False
1.8761286735534668,stand_pre,1.8761286735534668,0.0,0.0,0.0,-0.050178215994836975,-0.04908738521234052,0.05781403147231216,-0.1,-1.7,9.44,0.077,0.9035943150520325,0.0,0.005622662603855133,1.0,1.0,7.9,0.124,True,True,False
1.8965129852294922,stand_pre,1.8965129852294922,0.0,0.0,0.0,-0.02181661564992912,-0.05890486225480862,0.031634092692397225,0.06,-1.6,9.02,0.0,0.9064463973045349,0.0,0.0011801421642303467,1.0,1.0,7.9,0.124,True,True,False
1.916996717453003,stand_pre,1.916996717453003,0.0,0.0,0.0,-0.03490658503988659,-0.044724062082354694,-0.04145156973486533,0.04,-1.82,9.370000000000001,0.077,0.908330500125885,0.0,0.002550870180130005,1.0,1.0,7.9,0.124,True,True,False
1.937425136566162,stand_pre,1.937425136566162,0.0,0.0,0.0,0.004363323129985824,-0.05672320068981571,-0.050178215994836975,0.29,-1.75,9.17,0.077,0.9099704027175903,0.0,0.0013711899518966675,1.0,1.0,7.9,0.124,True,True,False
1.9577968120574951,stand_pre,1.9577968120574951,0.0,0.0,0.0,-0.013089969389957472,-0.020725784867432664,-0.10471975511965978,0.26,-1.94,9.38,0.077,0.9107421636581421,0.0,0.0026321187615394592,1.0,1.0,7.9,0.124,True,True,False
1.978165864944458,stand_pre,1.978165864944458,0.0,0.0,0.0,0.016362461737446838,-0.0272707695624114,-0.03490658503988659,0.11,-1.48,8.91,0.0,0.9121333956718445,0.0,0.003012627363204956,1.0,1.0,7.9,0.124,True,True,False
1.9985933303833008,stand_pre,1.9985933303833008,0.0,0.0,0.0,0.001090830782496456,-0.03599741582238305,0.015271630954950384,-0.07,-1.57,9.22,0.0,0.9125056266784668,0.0,0.001566171646118164,1.0,1.0,7.9,0.124,True,True,False
2.0190868377685547,forward_005,0.019086837768554688,0.05,0.0,0.0,-0.03381575425739013,-0.04908738521234052,-0.009817477042468103,0.06,-1.4000000000000001,9.18,0.0,0.8226116299629211,0.0,0.053080424666404724,1.0,1.0,7.9,0.124,True,True,False
2.039443016052246,forward_005,0.039443016052246094,0.05,0.0,0.0,-0.028361600344907856,-0.04799655442984406,0.013089969389957472,0.3,-1.49,9.13,0.0,0.8289573192596436,0.0,0.009412005543708801,1.0,1.0,7.9,0.124,True,True,False
2.059807062149048,forward_005,0.05980706214904785,0.05,0.0,0.0,-0.04145156973486533,-0.06217735460229799,-0.02181661564992912,0.29,-1.56,9.18,0.077,0.8290539383888245,0.0,0.00537969172000885,1.0,1.0,7.9,0.124,True,True,False
2.0801703929901123,forward_005,0.0801703929901123,0.05,0.0,0.0,-0.04036073895236887,-0.07308566242726255,-0.017453292519943295,0.18,-1.68,9.24,0.614,0.8174936175346375,0.0,0.008644398301839828,1.0,1.0,7.9,0.20099999999999998,True,True,False
2.1012332439422607,forward_005,0.10123324394226074,0.05,0.0,0.0,-0.02945243112740431,-0.06544984694978735,-0.032724923474893676,0.9500000000000001,-1.19,8.86,0.767,0.8194677233695984,0.0,0.004009291995316744,1.0,1.0,7.9,0.20099999999999998,True,True,False
2.1215999126434326,forward_005,0.12159991264343262,0.05,0.0,0.0,0.06872233929727672,0.14944381720201447,-0.05781403147231216,0.54,-1.3800000000000001,9.77,0.614,0.8075803518295288,0.0,0.01139187440276146,1.0,1.0,7.9,0.20099999999999998,True,True,False
2.1419670581817627,forward_005,0.1419670581817627,0.05,0.0,0.0,0.11562806294462433,0.2007128639793479,-0.0545415391248228,0.54,-1.3800000000000001,9.77,0.46,0.7998327016830444,0.0,0.002436995506286621,1.0,1.0,7.9,0.20099999999999998,True,True,False
2.162329912185669,forward_005,0.16232991218566895,0.05,0.0,0.0,0.10690141668465268,0.24980024919168842,-0.06981317007977318,0.62,-2.23,9.43,0.384,0.7939760684967041,0.0,0.002782091498374939,1.0,1.0,7.9,0.20099999999999998,True,True,False
2.182694673538208,forward_005,0.182694673538208,0.05,0.0,0.0,0.06544984694978735,0.22143864884678055,-0.05126904677733343,0.16,-2.22,9.27,0.307,0.790852427482605,0.0,0.002665415406227112,1.0,1.0,7.9,0.20099999999999998,True,True,False
2.2031829357147217,forward_005,0.20318293571472168,0.05,0.0,0.0,0.038179077387375956,0.17998707911191522,0.006544984694978736,-0.03,-2.21,9.120000000000001,0.307,0.790313184261322,0.0,0.00559433177113533,1.0,1.0,7.9,0.20099999999999998,True,True,False
2.2235610485076904,forward_005,0.22356104850769043,0.05,0.0,0.0,0.04908738521234052,0.14508049407202864,0.07963064712224129,0.22,-1.73,8.82,0.153,0.7900524139404297,0.0,0.006422173231840134,1.0,1.0,7.9,0.20099999999999998,True,True,False
2.243929147720337,forward_005,0.24392914772033691,0.05,0.0,0.0,0.015271630954950384,0.1189005552921137,0.05126904677733343,-0.4,-2.1,9.39,0.23,0.7906779050827026,0.0,0.0072529613971710205,1.0,1.0,7.9,0.20099999999999998,True,True,False
2.264497995376587,forward_005,0.2644979953765869,0.05,0.0,0.0,0.028361600344907856,0.1090830782496456,0.09053895494720585,-0.15,-1.73,9.09,0.153,0.7874724268913269,0.0,0.007472306489944458,1.0,1.0,7.9,0.20099999999999998,True,True,False
2.2848711013793945,forward_005,0.28487110137939453,0.05,0.0,0.0,0.025089107997418487,0.12544553998709243,0.05126904677733343,-0.7000000000000001,-1.5,8.97,0.23,0.7862908244132996,0.0,0.006609953939914703,1.0,1.0,7.9,0.32400000000000007,True,True,False
2.3052315711975098,forward_005,0.30523157119750977,0.05,0.0,0.0,0.03490658503988659,0.11017390903214205,-0.022907446432425576,-0.16,-1.6300000000000001,8.82,0.153,0.7908441424369812,0.0,0.008476775139570236,1.0,1.0,7.9,0.32400000000000007,True,True,False
2.3255958557128906,forward_005,0.3255958557128906,0.05,0.0,0.0,0.10035643198967395,0.06217735460229799,-0.044724062082354694,0.04,-1.5,9.36,0.307,0.7983415722846985,0.0,0.011082816869020462,1.0,1.0,7.9,0.32400000000000007,True,True,False
2.345975160598755,forward_005,0.3459751605987549,0.05,0.0,0.0,0.12217304763960307,0.04690572364734761,-0.0818123086872342,0.1,-1.73,9.27,0.23,0.8031086325645447,0.0,0.00967077724635601,1.0,1.0,7.9,0.32400000000000007,True,True,False
2.366339683532715,forward_005,0.36633968353271484,0.05,0.0,0.0,0.09817477042468103,0.06544984694978735,-0.10581058590215622,0.25,-1.0,9.52,0.307,0.8072775602340698,0.0,0.007901538163423538,1.0,1.0,7.9,0.32400000000000007,True,True,False
2.3867275714874268,forward_005,0.38672757148742676,0.05,0.0,0.0,0.16471544815696484,0.10362892433716332,-0.08290313946973066,0.1,-1.0,9.49,0.384,0.8036044836044312,0.0,0.002982659265398979,1.0,1.0,7.9,0.32400000000000007,True,True,False
2.4071552753448486,forward_005,0.40715527534484863,0.05,0.0,0.0,0.20289452554434081,0.1407171709420428,-0.05890486225480862,0.53,-1.41,9.6,0.307,0.8035145401954651,0.0,0.007313832640647888,1.0,1.0,7.9,0.32400000000000007,True,True,False
2.427518367767334,forward_005,0.427518367767334,0.05,0.0,0.0,0.16907877128695067,0.1930770485018727,-0.013089969389957472,0.01,-1.72,9.21,0.307,0.8049464821815491,0.0,0.0070797838270664215,1.0,1.0,7.9,0.32400000000000007,True,True,False
2.447971820831299,forward_005,0.44797182083129883,0.05,0.0,0.0,0.06544984694978735,0.26070855701665296,0.03381575425739013,0.06,-1.98,9.0,0.307,0.803673267364502,0.0,0.015327244997024536,1.0,1.0,7.9,0.32400000000000007,True,True,False
2.46848726272583,forward_005,0.4684872627258301,0.05,0.0,0.0,0.0818123086872342,0.2792526803190927,0.24870941840919197,-0.43,-1.28,8.78,0.153,0.7821801900863647,0.0,0.013981610187329352,1.0,1.0,7.9,0.32400000000000007,True,True,False
2.488964319229126,forward_005,0.488964319229126,0.05,0.0,0.0,0.050178215994836975,0.2716168648416175,0.2596177262341565,-0.44,-1.46,8.8,0.23,0.7807711362838745,0.0,0.0065473392605781555,1.0,1.0,7.9,0.298,True,True,False
2.509303569793701,forward_005,0.5093035697937012,0.05,0.0,0.0,-0.004363323129985824,0.16580627893946132,0.10690141668465268,-0.8200000000000001,-1.6,8.85,0.23,0.7878398895263672,0.0,0.010420475155115128,1.0,1.0,7.9,0.298,True,True,False
2.529675006866455,forward_005,0.5296750068664551,0.05,0.0,0.0,0.038179077387375956,0.055632369907319255,0.07635815477475191,-0.8200000000000001,-1.3,8.9,0.384,0.7905917763710022,0.0,0.010533329099416733,1.0,1.0,7.9,0.298,True,True,False
2.5501911640167236,forward_005,0.5501911640167236,0.05,0.0,0.0,-0.06217735460229799,0.006544984694978736,-0.0916297857297023,-1.1,-0.31,9.28,0.23,0.8098331689834595,0.0,0.016332276165485382,1.0,1.0,7.9,0.298,True,True,False
2.5705583095550537,forward_005,0.5705583095550537,0.05,0.0,0.0,-0.11017390903214205,0.04254240051736178,-0.3752457891787809,-1.1,-0.31,9.28,0.23,0.8436636924743652,0.0,0.022854600101709366,1.0,1.0,7.9,0.298,True,True,False
2.5910556316375732,forward_005,0.5910556316375732,0.05,0.0,0.0,-0.1090830782496456,0.09708393964218458,-0.4363323129985824,-0.53,-2.0100000000000002,9.0,0.153,0.8505854606628418,0.0,0.009838134050369263,1.0,1.0,7.9,0.298,True,True,False
2.6114375591278076,forward_005,0.6114375591278076,0.05,0.0,0.0,0.022907446432425576,0.06217735460229799,-0.2007128639793479,-0.6,-1.8900000000000001,8.93,0.384,0.8460503816604614,0.0,0.014187989756464958,1.0,1.0,7.9,0.298,True,True,False
2.6318254470825195,forward_005,0.6318254470825195,0.05,0.0,0.0,0.04908738521234052,0.038179077387375956,-0.022907446432425576,-0.59,-2.68,9.63,0.537,0.8455293774604797,0.0,0.008022183552384377,1.0,1.0,7.9,0.298,True,True,False
2.652190923690796,forward_005,0.6521909236907959,0.05,0.0,0.0,0.08072147790473774,-0.011999138607461015,0.2596177262341565,-0.05,-2.45,9.6,0.384,0.8218528032302856,0.0,0.011809380259364843,1.0,1.0,7.9,0.298,True,True,False
2.6728384494781494,forward_005,0.6728384494781494,0.05,0.0,0.0,0.09926560120717749,0.017453292519943295,0.5715953300281429,0.12,-1.03,8.26,0.384,0.8004612326622009,0.0,0.012407137081027031,1.0,1.0,7.9,0.298,True,True,False
2.6932034492492676,forward_005,0.6932034492492676,0.05,0.0,0.0,0.032724923474893676,-0.06544984694978735,0.5443245604657315,0.12,-1.03,8.26,0.46,0.7829107642173767,0.0,0.01324886828660965,1.0,1.0,7.9,0.31600000000000006,True,True,False
2.7135910987854004,forward_005,0.7135910987854004,0.05,0.0,0.0,-0.02181661564992912,-0.05781403147231216,0.421060682043632,-0.22,0.62,9.19,0.384,0.7814622521400452,0.0,0.00901935063302517,1.0,1.0,7.9,0.31600000000000006,True,True,False
2.733949661254883,forward_005,0.7339496612548828,0.05,0.0,0.0,-0.05999569303730508,-0.014180800172453928,0.07635815477475191,-0.5700000000000001,0.54,9.58,0.46,0.8154188990592957,0.0,0.014457855839282274,1.0,1.0,7.9,0.31600000000000006,True,True,False
2.754321336746216,forward_005,0.7543213367462158,0.05,0.0,0.0,-0.06217735460229799,0.10690141668465268,-0.3534291735288517,-0.65,-0.28,9.3,0.614,0.8510109782218933,0.0,0.02828454226255417,1.0,1.0,7.9,0.31600000000000006,True,True,False
2.774857521057129,forward_005,0.7748575210571289,0.05,0.0,0.0,-0.015271630954950384,0.17562375598192942,-0.5279620987282847,0.07,-1.6,9.450000000000001,0.307,0.8668063879013062,0.0,0.012111127376556396,1.0,1.0,7.9,0.31600000000000006,True,True,False
2.795332193374634,forward_005,0.7953321933746338,0.05,0.0,0.0,0.002181661564992912,0.2912518189265537,-0.5126904677733343,-0.31,-2.3000000000000003,9.14,0.384,0.8615666031837463,0.0,0.014661222696304321,1.0,1.0,7.9,0.31600000000000006,True,True,False
2.8157033920288086,forward_005,0.8157033920288086,0.05,0.0,0.0,0.11999138607461016,0.358883327441334,0.2301652951067522,-0.32,-3.18,9.6,0.6899999999999998,0.793708860874176,0.0,0.045688312500715256,1.0,1.0,7.9,0.31600000000000006,True,True,False
2.8360636234283447,forward_005,0.8360636234283447,0.05,0.0,0.0,0.20398535632683726,0.39924406639370286,0.5857761302005968,-0.8,-1.8800000000000001,8.44,0.9210000000000002,0.726312518119812,0.0,0.019135192036628723,1.0,1.0,7.9,0.31600000000000006,True,True,False
2.8564302921295166,forward_005,0.8564302921295166,0.05,0.0,0.0,0.25089107997418486,0.29561514205653955,0.657770961845363,-1.1400000000000001,0.06,8.9,0.384,0.6903078556060791,0.0,0.024052033957559615,1.0,1.0,7.9,0.31600000000000006,True,True,False
2.8769781589508057,forward_005,0.8769781589508057,0.05,0.0,0.0,0.2519819107566813,0.22907446432425577,0.45487643630102215,-2.14,0.56,8.11,0.307,0.6851909160614014,0.0,0.032386308535933495,1.0,1.0,7.9,0.31600000000000006,True,True,False
2.8974101543426514,forward_005,0.8974101543426514,0.05,0.0,0.0,0.12217304763960307,0.0,-0.08399397025222712,-1.8,0.11,9.32,0.767,0.7206370830535889,0.0,0.06211247015744448,1.0,1.0,7.7,0.637,True,True,False
2.9178261756896973,forward_005,0.9178261756896973,0.05,0.0,0.0,0.09490227807719166,0.061086523819801536,-0.5366887449882564,-1.09,-1.6,9.38,0.767,0.7281738519668579,0.0,0.08032012544572353,1.0,1.0,7.7,0.637,True,True,False
2.9383740425109863,forward_005,0.9383740425109863,0.05,0.0,0.0,0.3010692959690218,0.03490658503988659,-0.7068583470577035,-0.5700000000000001,-2.64,9.32,0.767,0.9000125527381897,0.0,0.06943824142217636,1.0,1.0,7.7,0.637,True,True,False
2.958750009536743,forward_005,0.9587500095367432,0.05,0.0,0.0,0.5312345910757741,0.05672320068981571,-0.6043202535030366,-0.5700000000000001,-2.64,9.32,1.074,0.961246132850647,0.07142857142857142,0.04884828720241785,1.0,1.0,7.7,0.637,True,True,False
2.9791224002838135,forward_005,0.9791224002838135,0.05,0.0,0.0,0.6250460383704692,0.29670597283903605,-0.21489366415180183,-0.5700000000000001,-2.64,9.32,1.227,0.9464097619056702,0.0,0.05029132217168808,1.0,1.0,7.7,0.637,True,True,False
2.9994795322418213,forward_005,0.9994795322418213,0.05,0.0,0.0,0.717766654882668,0.4734205596034619,0.1189005552921137,1.1300000000000001,-0.87,9.01,1.534,0.914941668510437,0.0,0.09740829467773438,1.0,1.0,7.7,0.637,True,True,False
3.01983904838562,forward_005,1.0198390483856201,0.05,0.0,0.0,0.7788531787024695,0.8333947178272924,0.030543261909900768,0.9500000000000001,0.26,9.48,1.534,0.9543154239654541,0.07142857142857142,0.1102767288684845,1.0,1.0,7.7,0.637,True,True,False
3.040315628051758,forward_005,1.0403156280517578,0.05,0.0,0.0,0.7897614865274342,1.0493792127615906,-0.519235452468313,-2.14,1.03,9.68,1.227,0.9125954508781433,0.0,0.16084174439311028,1.0,1.0,7.7,0.637,True,True,False
3.060683488845825,forward_005,1.0606834888458252,0.05,0.0,0.0,0.7635815477475192,1.2402745996984705,-1.2893619849108109,-3.12,-1.82,6.08,0.9970000000000001,0.9308738708496094,0.0,0.19810837134718895,1.0,1.0,7.7,0.637,True,True,False
3.0813541412353516,forward_005,1.0813541412353516,0.05,0.0,0.0,0.6424993308904126,0.8944812416470939,-1.5664330036649108,-3.12,-1.82,6.08,1.458,0.9235982298851013,0.0,0.07315841689705849,1.0,1.0,7.7,0.637,True,True,False
3.101824998855591,forward_005,1.1018249988555908,0.05,0.0,0.0,0.07090400086226964,0.507236313860852,-1.8402315300715213,-1.06,-3.52,4.37,2.071,0.7693400382995605,0.0,0.11550811678171158,1.0,0.0,7.1,2.6130000000000004,True,True,False
3.1228668689727783,forward_005,1.1228668689727783,0.05,0.0,0.0,-0.5366887449882564,-0.6359543461954338,-0.15707963267948966,-1.06,-3.52,4.37,2.685,0.9776511788368225,0.14285714285714285,0.25502536445856094,1.0,0.0,7.1,2.6130000000000004,True,True,False
3.143286943435669,forward_005,1.143286943435669,0.05,0.0,0.0,-1.1431906600562858,-0.16907877128695067,0.693768377667746,-6.07,3.58,6.87,2.071,0.9459856152534485,0.0,0.19789429008960724,1.0,0.0,7.1,2.6130000000000004,True,True,False
3.1637611389160156,forward_005,1.1637611389160156,0.05,0.0,0.0,-1.7573283906017905,-1.3548118318605984,-0.22907446432425577,-6.07,3.58,6.87,1.227,0.9691996574401855,0.07142857142857142,0.16154317185282707,1.0,1.0,7.1,2.6130000000000004,True,True,False
3.1841413974761963,forward_005,1.1841413974761963,0.05,0.0,0.0,-1.8740472843289113,-0.7046766854927106,-1.0941032748439454,2.7,2.5300000000000002,4.65,0.9210000000000002,0.8981077671051025,0.0,0.12427224963903427,0.0,1.0,7.1,2.6130000000000004,True,True,False
3.2045059204101562,forward_005,1.2045059204101562,0.05,0.0,0.0,-1.4158983556804,-0.43960480534607177,-0.8955720724295904,-1.37,-4.15,6.390000000000001,1.534,0.9413291811943054,0.0,0.11729993671178818,0.0,1.0,7.1,2.6130000000000004,True,True,False
3.224881172180176,forward_005,1.2248811721801758,0.05,0.0,0.0,-0.5225079448158024,-0.0272707695624114,-0.25416357232167425,-1.37,-4.15,6.390000000000001,1.381,0.894172728061676,0.0,0.07074342854321003,0.0,1.0,7.1,2.6130000000000004,True,True,False
3.2452590465545654,forward_005,1.2452590465545654,0.05,0.0,0.0,0.46142142099600086,0.29888763440402893,-0.019634954084936207,-3.18,-1.07,4.59,1.227,0.9018508195877075,0.0,0.10035345843061805,0.0,1.0,7.1,2.6130000000000004,True,True,False
3.2656290531158447,forward_005,1.2656290531158447,0.05,0.0,0.0,1.2086405070060733,-0.09381144729469522,0.02945243112740431,-3.18,-1.07,4.59,1.6110000000000002,0.9590638279914856,0.07142857142857142,0.039606548845767975,0.0,1.0,7.1,2.6130000000000004,True,True,False
3.285989761352539,forward_005,1.285989761352539,0.05,0.0,0.0,1.0930124440614488,0.31525009614147576,-0.41996985126113556,-3.18,-1.07,4.59,1.304,0.9406959414482117,0.0,0.1185312308371067,0.0,1.0,7.1,2.6130000000000004,True,True,False
3.3063650131225586,forward_005,1.3063650131225586,0.05,0.0,0.0,0.7832165018324554,0.6861325621902709,-0.6948592084502424,-1.24,-3.25,7.57,0.9970000000000001,0.9562992453575134,0.07142857142857142,0.07021646946668625,0.0,1.0,7.2,2.39,True,True,False
3.3267364501953125,forward_005,1.3267364501953125,0.05,0.0,0.0,0.33161255787892263,0.5792311455056182,-0.978475211899321,-1.24,-3.25,7.57,1.151,0.8715762495994568,0.0,0.18562237732112408,1.0,1.0,7.2,2.39,True,True,False
3.347224473953247,forward_005,1.347224473953247,0.05,0.0,0.0,-0.14289883250703572,0.830122225479803,-0.09053895494720585,-3.59,-0.08,9.28,1.534,0.7247953414916992,0.0,0.1557323895394802,1.0,1.0,7.2,2.39,True,True,False
3.367584705352783,forward_005,1.3675847053527832,0.05,0.0,0.0,-0.41560652813114973,0.48432886742842646,0.543233729683235,-3.42,-1.54,8.44,1.227,0.9407886862754822,0.0,0.11749784834682941,1.0,1.0,7.2,2.39,True,True,False
3.3879809379577637,forward_005,1.3879809379577637,0.05,0.0,0.0,-0.6414085001079161,0.13308135546456762,0.9981101659842572,0.85,0.19,5.89,1.458,0.7408196330070496,0.0,0.12040063180029392,0.0,1.0,7.2,2.39,True,True,False
3.408457040786743,forward_005,1.4084570407867432,0.05,0.0,0.0,-0.5792311455056182,0.5312345910757741,1.3406310316881445,-2.91,0.81,3.99,2.148,0.7728672027587891,0.0,0.115235417149961,0.0,1.0,7.2,2.39,True,True,False
3.428893566131592,forward_005,1.4288935661315918,0.05,0.0,0.0,-0.07417649320975901,-0.10690141668465268,1.3537210010781018,-2.91,0.81,3.99,2.608,0.8219987750053406,0.0,0.12197713181376457,0.0,1.0,7.2,2.39,True,True,False
3.449366331100464,forward_005,1.4493663311004639,0.05,0.0,0.0,0.38288160465625604,-0.3523383427463553,0.23671027980173096,-2.82,-6.17,8.74,1.995,0.9028990268707275,0.0,0.1153036393225193,0.0,1.0,7.2,2.39,True,True,False
3.469736337661743,forward_005,1.4697363376617432,0.05,0.0,0.0,0.13526301702956053,-0.5868669609830933,-0.8497571795647392,-2.82,-6.17,8.74,2.302,0.9384129643440247,0.0,0.12283738702535629,0.0,1.0,7.2,2.39,True,True,False
3.490241289138794,forward_005,1.490241289138794,0.05,0.0,0.0,0.5094179754258449,-1.1999138607461015,0.17998707911191522,-3.0100000000000002,-5.2,4.32,1.151,0.9578600525856018,0.07142857142857142,0.11040645465254784,0.0,1.0,7.2,2.39,True,True,False
3.510613203048706,forward_005,1.510613203048706,0.05,0.0,0.0,0.5486878835957173,-0.6490443155853913,0.11999138607461016,-1.8,-1.3900000000000001,3.98,1.151,0.9764661192893982,0.07142857142857142,0.06097528338432312,0.0,1.0,7.7,0.677,True,True,False
3.5310239791870117,forward_005,1.5310239791870117,0.05,0.0,0.0,0.8290313946973066,-0.7613998861825263,-0.06654067773228381,0.5,-1.85,9.11,1.6110000000000002,0.9639593362808228,0.07142857142857142,0.05663667758926749,0.0,1.0,7.7,0.677,True,True,False
3.5513863563537598,forward_005,1.5513863563537598,0.05,0.0,0.0,0.8650288105196896,0.001090830782496456,0.12326387842209953,-1.6500000000000001,-1.17,7.29,1.534,0.9716265797615051,0.07142857142857142,0.1108435234054923,1.0,1.0,7.7,0.677,True,True,False
3.5719873905181885,forward_005,1.5719873905181885,0.05,0.0,0.0,1.22500296874352,-0.17998707911191522,0.346884188833873,-1.6500000000000001,-1.17,7.29,1.381,0.9766718745231628,0.07142857142857142,0.07598481327295303,1.0,1.0,7.7,0.677,True,True,False
3.592353343963623,forward_005,1.592353343963623,0.05,0.0,0.0,1.5129822953225844,-0.27052603405912107,1.0188359508516898,-1.6500000000000001,-1.17,7.29,1.074,0.9723796844482422,0.14285714285714285,0.05272231251001359,1.0,0.0,7.7,0.677,True,True,False
3.6127257347106934,forward_005,1.6127257347106934,0.05,0.0,0.0,0.23452861823673804,-0.0545415391248228,0.5541420375081997,-2.12,1.57,4.65,1.074,0.984824538230896,0.21428571428571427,0.07789158821105957,1.0,0.0,7.7,0.677,True,True,False
3.6330833435058594,forward_005,1.6330833435058594,0.05,0.0,0.0,-0.2378011105842274,-0.9457502884244273,0.14180800172453928,0.32,4.13,3.66,1.688,0.9777228236198425,0.14285714285714285,0.10744767636060715,1.0,0.0,7.7,0.677,True,True,False
3.653444290161133,forward_005,1.6534442901611328,0.05,0.0,0.0,-0.13308135546456762,-0.42215151282612845,0.11344640137963143,-0.42,-1.54,5.66,1.918,0.9878101348876953,0.2857142857142857,0.05246753245592117,1.0,0.0,7.7,0.677,True,True,False
3.673813581466675,forward_005,1.6738135814666748,0.05,0.0,0.0,-0.36760997370130566,-0.1439896632895322,0.5115996369908379,-0.42,-1.54,5.66,1.6110000000000002,0.9868803024291992,0.21428571428571427,0.039039029739797115,1.0,0.0,7.7,0.677,True,True,False
3.6941707134246826,forward_005,1.6941707134246826,0.05,0.0,0.0,-0.4046982203061852,-0.11453723216212788,0.5977752688080579,-0.35000000000000003,5.83,9.64,1.227,0.9893187284469604,0.14285714285714285,0.024099081754684448,1.0,0.0,7.7,0.677,True,True,False
3.71466326713562,forward_005,1.7146632671356201,0.05,0.0,0.0,-0.5923211148955756,-0.29561514205653955,0.05126904677733343,-0.9400000000000001,0.16,7.92,1.304,0.9857997894287109,0.21428571428571427,0.03099319338798523,1.0,1.0,7.9,0.095,True,True,False
3.7350192070007324,forward_005,1.7350192070007324,0.05,0.0,0.0,-0.8955720724295904,-0.011999138607461015,0.028361600344907856,-0.09,1.76,8.16,1.074,0.9807015657424927,0.14285714285714285,0.043713025748729706,1.0,1.0,7.9,0.095,True,True,False
3.7553770542144775,forward_005,1.7553770542144775,0.05,0.0,0.0,-1.3580843242080878,0.27379852640661045,0.07417649320975901,-0.09,1.76,8.16,0.6899999999999998,0.9707831144332886,0.07142857142857142,0.05000116676092148,1.0,1.0,7.9,0.095,True,True,False
3.7757411003112793,forward_005,1.7757411003112793,0.05,0.0,0.0,-0.5475970528132209,0.5672320068981571,0.3294308963139297,-0.09,1.76,8.16,0.844,0.9607347249984741,0.07142857142857142,0.032471495680511,1.0,1.0,7.9,0.095,True,True,False
3.796088695526123,forward_005,1.796088695526123,0.05,0.0,0.0,-0.20943951023931956,0.6643159465403417,0.32288591161895097,0.04,-3.97,8.55,0.767,0.9386144876480103,0.0,0.05181993544101715,1.0,1.0,7.9,0.095,True,True,False
3.816450357437134,forward_005,1.8164503574371338,0.05,0.0,0.0,-0.22907446432425577,0.9882926889417891,0.7210391472301574,1.3,-4.08,8.67,1.458,0.8565047383308411,0.0,0.08090285584330559,1.0,1.0,7.9,0.095,True,True,False
3.8368208408355713,forward_005,1.8368208408355713,0.05,0.0,0.0,-0.40033489717619936,0.9261153343394911,0.9708393964218458,1.3,-4.08,8.67,1.381,0.7906634211540222,0.0,0.10993121564388275,1.0,1.0,7.9,0.095,True,True,False
3.8572559356689453,forward_005,1.8572559356689453,0.05,0.0,0.0,0.04036073895236887,1.1879147221386406,0.8432121948697605,1.3,-4.08,8.67,1.458,0.7472025156021118,0.0,0.1125017162412405,1.0,1.0,7.9,0.095,True,True,False
3.8776378631591797,forward_005,1.8776378631591797,0.05,0.0,0.0,-0.1559888018969932,1.2239121379610236,0.29670597283903605,1.3,-4.08,8.67,1.688,0.8324462175369263,0.0,0.11139020510017872,1.0,1.0,7.9,0.095,True,True,False
3.898155689239502,forward_005,1.898155689239502,0.05,0.0,0.0,-0.4374231437810788,1.2239121379610236,-0.433059820651093,-3.9,-1.47,7.78,1.688,0.8076286911964417,0.0,0.18196307867765427,0.0,1.0,7.9,0.095,True,True,False
3.9185094833374023,forward_005,1.9185094833374023,0.05,0.0,0.0,-0.11453723216212788,0.8672104720846825,0.15926129424448257,-0.76,0.51,7.86,2.762,0.8783004879951477,0.0,0.1337450984865427,0.0,1.0,6.8,3.3869999999999996,True,True,False
3.9388809204101562,forward_005,1.9388809204101562,0.05,0.0,0.0,0.7548549014875475,0.5181446216858165,0.09272061651219876,-4.25,-0.13,9.77,2.455,0.9117602705955505,0.0,0.09682091325521469,0.0,1.0,6.8,3.3869999999999996,True,True,False
3.959381103515625,forward_005,1.959381103515625,0.05,0.0,0.0,1.4224433403753787,-0.014180800172453928,-0.43196898986859655,-4.25,-0.13,9.77,1.765,0.7745884656906128,0.0,0.10877876356244087,0.0,1.0,6.8,3.3869999999999996,True,True,False
3.9797475337982178,forward_005,1.9797475337982178,0.05,0.0,0.0,1.1704614296186973,-0.23125612588924865,-0.33161255787892263,1.23,-5.37,5.72,1.534,0.790238082408905,0.0,0.10090279951691628,0.0,1.0,6.8,3.3869999999999996,True,True,False
4.000221014022827,forward_005,2.000221014022827,0.05,0.0,0.0,0.9915651812892785,-0.4068798818711781,0.6032294227205401,-3.0500000000000003,-2.19,6.92,1.6110000000000002,0.8564431667327881,0.0,0.15447243303060532,0.0,1.0,6.8,3.3869999999999996,True,True,False
4.0205817222595215,forward_005,2.0205817222595215,0.05,0.0,0.0,0.9424777960769379,-0.17780541754692233,0.7450374244450795,-3.77,-2.18,6.53,1.227,0.8912590742111206,0.0,0.12901584059000015,0.0,1.0,6.8,3.3869999999999996,True,True,False
4.0409417152404785,forward_005,2.0409417152404785,0.05,0.0,0.0,0.918479518862016,0.2945243112740431,0.5846852994181004,-2.56,0.93,6.55,1.304,0.8916881084442139,0.0,0.07924837991595268,1.0,1.0,6.8,3.3869999999999996,True,True,False
4.061397552490234,forward_005,2.0613975524902344,0.05,0.0,0.0,0.7352199474026113,0.581412807070611,0.8312130562622995,-2.56,0.93,6.55,1.918,0.8925435543060303,0.0,0.07556167710572481,1.0,1.0,6.8,3.3869999999999996,True,True,False
4.081768274307251,forward_005,2.081768274307251,0.05,0.0,0.0,0.2596177262341565,1.2435470920459597,-0.4723297288209654,-2.56,0.93,6.55,2.071,0.8160266876220703,0.0,0.12540485337376595,1.0,1.0,6.8,3.3869999999999996,True,True,False
4.10212779045105,forward_005,2.10212779045105,0.05,0.0,0.0,0.35997415822383044,1.0515608743265836,-1.4169891864628963,2.05,3.73,7.26,2.302,0.8363602757453918,0.0,0.1611063126474619,1.0,1.0,6.8,3.3869999999999996,True,True,False
4.122488975524902,forward_005,2.1224889755249023,0.05,0.0,0.0,0.9457502884244273,0.779944009484966,-1.581704634619861,-2.52,-1.31,4.51,1.765,0.9559943675994873,0.07142857142857142,0.10932178853545338,1.0,0.0,6.8,3.749,True,True,False
4.144137859344482,forward_005,2.1441378593444824,0.05,0.0,0.0,0.9457502884244273,0.779944009484966,-1.581704634619861,-2.52,-1.31,4.51,0.767,0.9549607038497925,0.07142857142857142,0.12646638043224812,1.0,0.0,6.8,3.749,True,True,False
4.164505243301392,forward_005,2.1645052433013916,0.05,0.0,0.0,1.0777408131064985,0.6239552075879728,-0.41996985126113556,-2.52,-1.31,4.51,1.227,0.814327597618103,0.0,0.12133239954710007,1.0,0.0,6.8,3.749,True,True,False
4.185031175613403,forward_005,2.1850311756134033,0.05,0.0,0.0,0.26616271092913524,0.45160394395353276,-0.6566801310628665,-2.52,-1.31,4.51,2.532,0.8918606638908386,0.0,0.08347257971763611,1.0,0.0,6.8,3.749,True,True,False
4.205392837524414,forward_005,2.205392837524414,0.05,0.0,0.0,-0.30870511144649704,0.1407171709420428,-0.08617563181722002,-4.38,-0.79,7.36,3.145,0.8752163648605347,0.0,0.08721952326595783,1.0,0.0,6.8,3.749,True,True,False
4.225752115249634,forward_005,2.225752115249634,0.05,0.0,0.0,-0.9697485656393493,-0.47451139038595835,1.00029182754925,-3.91,2.84,6.49,2.685,0.8949611186981201,0.0,0.21944867819547653,1.0,0.0,6.8,3.749,True,True,False
4.246117353439331,forward_005,2.246117353439331,0.05,0.0,0.0,-1.8129607605091098,-0.8464846872172498,0.16580627893946132,-4.55,7.71,5.87,2.8389999999999995,0.9467671513557434,0.0,0.15964775532484055,1.0,0.0,6.8,3.749,True,True,False
4.266496419906616,forward_005,2.266496419906616,0.05,0.0,0.0,-2.3136520896749833,-1.2086405070060733,-1.1540989678812503,-1.53,3.0500000000000003,8.74,2.378,0.9334202408790588,0.0,0.08333245012909174,1.0,1.0,6.8,3.749,True,True,False
4.286933183670044,forward_005,2.286933183670044,0.05,0.0,0.0,-2.609267231731523,-1.1966413683986121,-1.471530725587719,-2.41,4.5200000000000005,5.12,1.534,0.898078441619873,0.0,0.08536851685494184,0.0,1.0,6.8,3.749,True,True,False
4.307422161102295,forward_005,2.307422161102295,0.05,0.0,0.0,-2.746711910326076,-1.4311699866353502,-2.0365810709208834,0.78,0.22,6.0200000000000005,1.688,0.8808244466781616,0.0,0.09585031494498253,0.0,1.0,6.8,3.749,True,True,False
4.327850341796875,forward_005,2.327850341796875,0.05,0.0,0.0,-1.6373370045271805,-1.4584407561977617,-2.1369375029105573,0.78,0.22,6.0200000000000005,1.688,0.8990632891654968,0.0,0.06796582974493504,0.0,1.0,7.6,0.922,True,True,False
4.3482139110565186,forward_005,2.3482139110565186,0.05,0.0,0.0,-1.6373370045271805,-1.4584407561977617,-2.1369375029105573,-1.82,-6.38,6.33,1.534,0.9190356135368347,0.0,0.06179669592529535,0.0,1.0,7.6,0.922,True,True,False
4.368598699569702,forward_005,2.368598699569702,0.05,0.0,0.0,-1.6373370045271805,-1.4584407561977617,-2.1369375029105573,-1.84,0.19,9.27,1.458,0.9385300278663635,0.0,0.06914859171956778,0.0,1.0,7.6,0.922,True,True,False
4.389052629470825,forward_005,2.389052629470825,0.05,0.0,0.0,-1.6373370045271805,-1.4584407561977617,-2.1369375029105573,-2.57,-1.23,9.25,1.688,0.9434852004051208,0.0,0.04420003667473793,0.0,1.0,7.6,0.922,True,True,False
4.412301301956177,forward_005,2.4123013019561768,0.05,0.0,0.0,-1.6373370045271805,-1.4584407561977617,-2.1369375029105573,-1.18,-4.73,7.51,1.458,0.9486052989959717,0.0,0.046912744641304016,0.0,1.0,7.6,0.922,True,True,False
4.432805299758911,forward_005,2.432805299758911,0.05,0.0,0.0,-1.6373370045271805,-1.4584407561977617,-2.1369375029105573,2.38,-2.0,7.53,1.304,0.9335607290267944,0.0,0.03234997414983809,0.0,1.0,7.6,0.922,True,True,False
4.453158378601074,forward_005,2.453158378601074,0.05,0.0,0.0,-1.6373370045271805,-1.4584407561977617,-2.1369375029105573,-1.56,-2.35,5.53,1.304,0.9642117023468018,0.07142857142857142,0.08175505348481238,0.0,1.0,7.6,0.922,True,True,False
4.473622798919678,forward_005,2.4736227989196777,0.05,0.0,0.0,-1.6373370045271805,-1.4584407561977617,-2.1369375029105573,-1.4000000000000001,-4.79,8.65,1.458,0.9839716553688049,0.07142857142857142,0.09404826071113348,1.0,1.0,7.6,0.922,True,True,False
4.49407434463501,forward_005,2.4940743446350098,0.05,0.0,0.0,-1.6373370045271805,-1.4584407561977617,-2.1369375029105573,-1.4000000000000001,-4.79,8.65,1.227,0.9816394448280334,0.07142857142857142,0.0193130262196064,1.0,1.0,7.6,0.922,True,True,False
4.514502048492432,forward_005,2.5145020484924316,0.05,0.0,0.0,-1.6373370045271805,-1.4584407561977617,-2.1369375029105573,-1.4000000000000001,-4.79,8.65,1.227,0.9863723516464233,0.07142857142857142,0.02550806850194931,1.0,1.0,7.6,0.922,True,True,False
4.534879922866821,forward_005,2.5348799228668213,0.05,0.0,0.0,-1.6373370045271805,-1.4584407561977617,-2.1369375029105573,-2.59,-2.41,9.01,1.304,0.9905550479888916,0.14285714285714285,0.024146802723407745,1.0,1.0,7.7,0.636,True,True,False
4.555237293243408,forward_005,2.555237293243408,0.05,0.0,0.0,-1.6373370045271805,-1.4584407561977617,-2.1369375029105573,-1.2,0.46,8.13,1.074,0.9915999174118042,0.14285714285714285,0.03820816334336996,1.0,1.0,7.7,0.636,True,True,False
4.575618028640747,forward_005,2.575618028640747,0.05,0.0,0.0,-1.6373370045271805,-1.4584407561977617,-2.1369375029105573,-1.2,0.46,8.13,0.9970000000000001,0.9913958311080933,0.14285714285714285,0.05832112580537796,1.0,1.0,7.7,0.636,True,True,False
4.595988750457764,forward_005,2.5959887504577637,0.05,0.0,0.0,-1.6373370045271805,-1.4584407561977617,-2.1369375029105573,-1.2,0.46,8.13,1.074,0.9916630387306213,0.14285714285714285,0.13373968750238419,1.0,1.0,7.7,0.636,True,True,False
4.616391658782959,forward_005,2.616391658782959,0.05,0.0,0.0,-1.6373370045271805,-1.4584407561977617,-2.1369375029105573,-2.5,2.52,6.88,1.151,0.9841284155845642,0.07142857142857142,0.11705829203128815,1.0,1.0,7.7,0.636,True,True,False
4.636754512786865,forward_005,2.6367545127868652,0.05,0.0,0.0,-1.6373370045271805,-1.4584407561977617,-2.1369375029105573,-2.0300000000000002,1.95,9.01,1.227,0.9609886407852173,0.07142857142857142,0.07422315515577793,1.0,1.0,7.7,0.636,True,True,False
4.657180309295654,forward_005,2.6571803092956543,0.05,0.0,0.0,-1.6373370045271805,-1.4584407561977617,-2.1369375029105573,-2.71,1.0,9.61,1.765,0.8887952566146851,0.0,0.08202919363975525,1.0,1.0,7.7,0.636,True,True,False
4.67755126953125,forward_005,2.67755126953125,0.05,0.0,0.0,-1.6373370045271805,-1.4584407561977617,-2.1369375029105573,-2.71,1.0,9.61,2.762,0.8049131035804749,0.0,0.17324576526880264,0.0,1.0,7.7,0.636,True,True,False
4.697909832000732,forward_005,2.6979098320007324,0.05,0.0,0.0,-1.6373370045271805,-1.4584407561977617,-2.1369375029105573,-2.71,1.0,9.61,3.299,0.8327752947807312,0.0,0.08265185542404652,0.0,1.0,7.7,0.636,True,True,False
4.718397378921509,forward_005,2.718397378921509,0.05,0.0,0.0,-1.6373370045271805,-1.4584407561977617,-2.1369375029105573,-1.54,-1.03,8.25,3.145,0.8241784572601318,0.0,0.10275175422430038,1.0,0.0,7.7,0.636,True,True,False
4.738763093948364,forward_005,2.7387630939483643,0.05,0.0,0.0,-1.6373370045271805,-1.4584407561977617,-2.1369375029105573,-1.56,-2.0100000000000002,5.33,1.995,0.8200802803039551,0.0,0.05435663368552923,1.0,0.0,7.8,0.383,True,True,False
4.75916862487793,forward_005,2.7591686248779297,0.05,0.0,0.0,0.22143864884678055,-0.7472190860100724,-0.5792311455056182,-0.5,-0.38,2.97,2.455,0.8530706763267517,0.0,0.11579381674528122,1.0,0.0,7.8,0.383,True,True,False
4.779618501663208,forward_005,2.779618501663208,0.05,0.0,0.0,0.1908953869368798,-0.36324665057131983,-0.13526301702956053,-2.42,3.6,7.47,2.685,0.9410118460655212,0.0,0.14607221633195877,1.0,0.0,7.8,0.383,True,True,False
4.800140142440796,forward_005,2.800140142440796,0.05,0.0,0.0,-0.3043417883165112,-0.25089107997418486,0.33161255787892263,-2.42,3.6,7.47,2.302,0.9617756009101868,0.07142857142857142,0.06886168010532856,1.0,0.0,7.8,0.383,True,True,False
4.820502519607544,forward_005,2.820502519607544,0.05,0.0,0.0,-0.6239552075879728,-0.49960049838337683,-0.2552544031041707,1.11,4.71,9.64,1.6110000000000002,0.9277166724205017,0.0,0.052842436358332634,1.0,0.0,7.8,0.383,True,True,False
4.841041803359985,forward_005,2.8410418033599854,0.05,0.0,0.0,-1.0341075818066403,-0.6730425928003133,-1.5435255572324853,-0.32,-0.46,7.03,2.225,0.9307896494865417,0.0,0.06954747438430786,1.0,0.0,7.8,0.383,True,True,False
4.8614091873168945,forward_005,2.8614091873168945,0.05,0.0,0.0,-1.5162547876700738,-0.20289452554434081,-1.3449943548181302,1.59,0.39,7.46,2.685,0.8629497289657593,0.0,0.07570961117744446,1.0,1.0,7.8,0.383,True,True,False
4.881781101226807,forward_005,2.8817811012268066,0.05,0.0,0.0,-2.111848394913139,-0.19634954084936207,-1.0799224746714915,3.06,0.85,8.25,0.9210000000000002,0.8979097008705139,0.0,0.0586737294215709,0.0,1.0,7.8,0.383,True,True,False
4.902143955230713,forward_005,2.902143955230713,0.05,0.0,0.0,-2.7281677870236365,-0.039269908169872414,-1.05265170510908,3.06,0.85,8.25,0.9970000000000001,0.8431797623634338,0.0,0.07662743702530861,0.0,1.0,7.8,0.383,True,True,False
4.922684907913208,forward_005,2.922684907913208,0.05,0.0,0.0,-1.3449943548181302,-0.09708393964218458,-1.4169891864628963,3.06,0.85,8.25,1.151,0.915889322757721,0.0,0.05022116377949715,1.0,1.0,7.8,0.383,True,True,False
4.9431164264678955,forward_005,2.9431164264678955,0.05,0.0,0.0,0.38942658935123475,0.5181446216858165,-0.40578905108868163,-0.66,-1.9100000000000001,4.19,1.304,0.8823912739753723,0.0,0.09072240069508553,1.0,1.0,7.8,0.26699999999999996,True,True,False
4.96357536315918,forward_005,2.9635753631591797,0.05,0.0,0.0,0.8355763793922852,0.13962634015954636,0.5901394533305827,0.53,0.77,7.12,1.304,0.9392469525337219,0.0,0.10194323118776083,0.0,1.0,7.8,0.26699999999999996,True,True,False
4.984020233154297,forward_005,2.984020233154297,0.05,0.0,0.0,0.5585053606381855,0.6337726846304409,-1.030835089459151,0.53,0.77,7.12,0.844,0.9411866068840027,0.0,0.12967753317207098,1.0,1.0,7.8,0.26699999999999996,True,True,False
5.0043933391571045,forward_005,3.0043933391571045,0.05,0.0,0.0,0.5825036378531074,0.27598018797160334,-1.1879147221386406,-1.16,-4.22,9.51,0.46,0.923285722732544,0.0,0.07140385545790195,1.0,1.0,7.8,0.26699999999999996,True,True,False
5.024800062179565,forward_005,3.0248000621795654,0.05,0.0,0.0,0.3239767424014474,0.43524148221608594,-0.42215151282612845,-0.92,-1.3900000000000001,7.03,0.9970000000000001,0.9068751335144043,0.0,0.0702635794878006,1.0,1.0,7.8,0.26699999999999996,True,True,False
5.0451719760894775,forward_005,3.0451719760894775,0.05,0.0,0.0,-0.04145156973486533,0.7341291166201148,-0.30652344988150415,0.3,0.17,7.68,0.9970000000000001,0.8161375522613525,0.0,0.09558210708200932,1.0,1.0,7.8,0.26699999999999996,True,True,False
5.06552791595459,forward_005,3.06552791595459,0.05,0.0,0.0,-0.25416357232167425,0.6621342849753488,-0.33161255787892263,0.3,0.17,7.68,1.227,0.8367704749107361,0.0,0.09415382891893387,0.0,1.0,7.8,0.26699999999999996,True,True,False
5.085895538330078,forward_005,3.085895538330078,0.05,0.0,0.0,-0.3327033886614191,0.7581273938350369,0.12871803233458182,0.3,0.17,7.68,1.6110000000000002,0.7923378348350525,0.0,0.04475507140159607,0.0,1.0,7.8,0.26699999999999996,True,True,False
5.106279611587524,forward_005,3.1062796115875244,0.05,0.0,0.0,-0.33488505022641196,0.7494007475750653,0.21925698728178766,-2.29,1.42,8.75,1.304,0.8083003163337708,0.0,0.025990222580730915,0.0,1.0,7.8,0.26699999999999996,True,True,False
5.126654386520386,forward_005,3.1266543865203857,0.05,0.0,0.0,-0.2923426497090502,0.4799655442984406,-0.055632369907319255,-0.87,-1.0,8.790000000000001,1.841,0.9152089357376099,0.0,0.06685924157500267,0.0,1.0,7.8,0.26699999999999996,True,True,False
5.147030353546143,forward_005,3.1470303535461426,0.05,0.0,0.0,0.07744898555724837,0.2279836335417593,-0.008726646259971648,-0.8200000000000001,-0.64,8.9,2.378,0.9488649368286133,0.0,0.0676499642431736,0.0,1.0,7.6,0.9730000000000002,True,True,False
5.16824746131897,forward_005,3.1682474613189697,0.05,0.0,0.0,0.4701480672559725,-0.044724062082354694,-0.28688849579656794,-1.96,-3.38,9.26,1.6110000000000002,0.9671068787574768,0.07142857142857142,0.028346098493784666,0.0,1.0,7.6,0.9730000000000002,True,True,False
5.188729763031006,forward_005,3.188729763031006,0.05,0.0,0.0,0.6883142237552637,0.2399827721492203,-0.6348635154129374,-0.68,-4.3100000000000005,7.36,1.458,0.9353775382041931,0.0,0.07271866919472814,1.0,1.0,7.6,0.9730000000000002,True,True,False
5.209275484085083,forward_005,3.209275484085083,0.05,0.0,0.0,0.8879362569521152,-0.07963064712224129,-0.4363323129985824,1.04,-3.68,7.03,1.458,0.9605070948600769,0.07142857142857142,0.1409101001918316,1.0,1.0,7.6,0.9730000000000002,True,True,False
5.229640245437622,forward_005,3.229640245437622,0.05,0.0,0.0,0.8530296719122286,-0.3337942194439155,0.00545415391248228,1.04,-3.68,7.03,1.151,0.9672898054122925,0.07142857142857142,0.06991787999868393,1.0,1.0,7.6,0.9730000000000002,True,True,False
5.25007700920105,forward_005,3.25007700920105,0.05,0.0,0.0,0.5115996369908379,-0.4276056667386107,0.1930770485018727,1.04,-3.68,7.03,0.9970000000000001,0.9642819166183472,0.14285714285714285,0.04179677023785189,1.0,1.0,7.6,0.9730000000000002,True,True,False
5.270451545715332,forward_005,3.270451545715332,0.05,0.0,0.0,0.07090400086226964,-0.2399827721492203,-0.32288591161895097,-2.0300000000000002,3.0,7.79,1.458,0.9656115770339966,0.21428571428571427,0.14539885893464088,1.0,0.0,7.6,0.9730000000000002,True,True,False
5.29082989692688,forward_005,3.29082989692688,0.05,0.0,0.0,-0.001090830782496456,-0.3719732968312915,-0.3425208657038872,0.63,2.8000000000000003,8.290000000000001,1.688,0.9723994731903076,0.14285714285714285,0.1305428184568882,1.0,0.0,7.6,0.9730000000000002,True,True,False
5.311202049255371,forward_005,3.311202049255371,0.05,0.0,0.0,-0.15489797111449674,-0.29670597283903605,0.14944381720201447,0.04,1.84,6.390000000000001,1.995,0.9823222756385803,0.14285714285714285,0.060758575797080994,1.0,0.0,7.6,0.9730000000000002,True,True,False
5.331578969955444,forward_005,3.3315789699554443,0.05,0.0,0.0,-0.4494222823885399,-0.15271630954950383,0.04363323129985824,-2.62,0.45,6.72,1.841,0.9830148816108704,0.21428571428571427,0.059231311082839966,1.0,0.0,7.6,0.9730000000000002,True,True,False
5.351949691772461,forward_005,3.351949691772461,0.05,0.0,0.0,-0.743946593662583,-0.29561514205653955,0.38069994309126315,-0.84,0.66,6.61,1.6110000000000002,0.9854865670204163,0.14285714285714285,0.06846305727958679,1.0,1.0,7.8,0.38400000000000006,True,True,False
5.372314691543579,forward_005,3.372314691543579,0.05,0.0,0.0,-1.0199267816341864,-0.46469391334349025,0.3883357585687383,0.25,2.7800000000000002,8.06,0.9970000000000001,0.9874646067619324,0.14285714285714285,0.03613718319684267,1.0,1.0,7.8,0.38400000000000006,True,True,False
5.392685651779175,forward_005,3.392685651779175,0.05,0.0,0.0,-1.3079061082132506,-0.19416787928436915,-0.3327033886614191,0.25,2.7800000000000002,8.06,0.9210000000000002,0.977847158908844,0.14285714285714285,0.05016239732503891,1.0,1.0,7.8,0.38400000000000006,True,True,False
5.413070201873779,forward_005,3.4130702018737793,0.05,0.0,0.0,-0.5377795757707527,0.9741118887693352,-1.162825614141222,0.25,2.7800000000000002,8.06,0.9970000000000001,0.9101358652114868,0.0,0.12229092419147491,1.0,1.0,7.8,0.38400000000000006,True,True,False
5.433430910110474,forward_005,3.4334309101104736,0.05,0.0,0.0,-0.10035643198967395,1.0875582901489667,-1.3809917706405133,-3.0500000000000003,-3.77,7.71,0.844,0.923682451248169,0.0,0.07560543715953827,1.0,1.0,7.8,0.38400000000000006,True,True,False
5.453796863555908,forward_005,3.453796863555908,0.05,0.0,0.0,0.3763366199612773,0.7199483164476609,-1.5206181108000596,1.6,-2.2,8.07,0.9970000000000001,0.9303991198539734,0.0,0.06976136565208435,1.0,1.0,7.8,0.38400000000000006,True,True,False
5.474170923233032,forward_005,3.4741709232330322,0.05,0.0,0.0,0.5312345910757741,0.9119345341670372,-1.5566155266224426,-0.61,-2.87,7.3,1.765,0.9259117841720581,0.0,0.052818767726421356,1.0,1.0,7.8,0.38400000000000006,True,True,False
5.494539499282837,forward_005,3.494539499282837,0.05,0.0,0.0,0.14508049407202864,0.7853981633974483,-0.8617563181722002,-0.61,-2.87,7.3,1.458,0.9236470460891724,0.0,0.04941623657941818,1.0,1.0,7.8,0.38400000000000006,True,True,False
5.514906644821167,forward_005,3.514906644821167,0.05,0.0,0.0,-0.05999569303730508,1.1737339219661866,0.581412807070611,-4.74,-3.39,9.76,1.151,0.8077037334442139,0.0,0.26677460223436356,1.0,1.0,7.8,0.38400000000000006,True,True,False
5.535443544387817,forward_005,3.5354435443878174,0.05,0.0,0.0,-0.5879577917655898,1.0330167510241437,0.6719517620178169,-4.86,-3.99,9.61,0.844,0.8522657155990601,0.0,0.16206208802759647,1.0,1.0,7.8,0.38400000000000006,True,True,False
5.555877208709717,forward_005,3.555877208709717,0.05,0.0,0.0,-0.7286749627076325,0.5781403147231217,1.487893187325166,-4.86,-3.99,9.61,0.844,0.957728922367096,0.07142857142857142,0.09564040042459965,1.0,1.0,6.6,4.464,True,True,False
5.576266288757324,forward_005,3.576266288757324,0.05,0.0,0.0,-1.088649120931463,0.8792096106921435,1.521708941582556,0.13,-0.78,7.97,1.918,0.6814268827438354,0.0,0.12048542127013206,0.0,1.0,6.6,4.464,True,True,False
5.5966455936431885,forward_005,3.5966455936431885,0.05,0.0,0.0,-0.9119345341670372,0.5792311455056182,1.610066234964769,-3.97,2.68,4.7700000000000005,2.225,0.7334907054901123,0.0,0.127263308968395,0.0,1.0,6.6,4.464,True,True,False
5.617141246795654,forward_005,3.6171412467956543,0.05,0.0,0.0,-0.5497787143782138,-0.2879793265790644,0.5879577917655898,-2.79,-1.69,9.120000000000001,2.685,0.8291640281677246,0.0,0.1231406219303608,0.0,1.0,6.6,4.464,True,True,False
5.63752007484436,forward_005,3.6375200748443604,0.05,0.0,0.0,0.09053895494720585,0.1461713248545251,-0.013089969389957472,-5.98,0.79,7.72,1.841,0.917244553565979,0.0,0.10434367507696152,0.0,1.0,6.6,4.464,True,True,False
5.657892465591431,forward_005,3.6578924655914307,0.05,0.0,0.0,0.5214171140333059,-0.43196898986859655,-0.7003133623627247,-5.98,0.79,7.72,0.9210000000000002,0.9395657181739807,0.0,0.09416066110134125,0.0,1.0,6.6,4.464,True,True,False
5.678272008895874,forward_005,3.678272008895874,0.05,0.0,0.0,0.7810348402674625,-0.7286749627076325,0.2628902185816459,0.68,-6.69,8.18,1.381,0.9510939121246338,0.07142857142857142,0.2771991863846779,0.0,0.0,6.6,4.464,True,True,False
5.698641538619995,forward_005,3.698641538619995,0.05,0.0,0.0,0.9522952731194061,-1.1431906600562858,1.4966198335851375,-1.55,-3.24,5.57,1.6110000000000002,0.9701135158538818,0.07142857142857142,0.09389857389032841,0.0,0.0,6.6,4.464,True,True,False
5.719018936157227,forward_005,3.7190189361572266,0.05,0.0,0.0,0.9261153343394911,-0.6435901616729091,1.5893404500973363,-0.62,-1.26,4.1,1.841,0.9794503450393677,0.14285714285714285,0.07482380233705044,1.0,1.0,6.6,4.464,True,True,False
5.739375114440918,forward_005,3.739375114440918,0.05,0.0,0.0,0.8573929950422144,-0.34470252726888007,1.7780541754692232,1.12,-0.36,2.37,1.458,0.9483302235603333,0.0,0.08254165900871158,1.0,1.0,6.6,4.464,True,True,False
5.759756326675415,forward_005,3.759756326675415,0.05,0.0,0.0,1.0613783513690516,-0.26616271092913524,2.227476457857763,-1.81,6.21,3.5,1.918,0.9702922105789185,0.07142857142857142,0.12455357797443867,1.0,1.0,7.5,1.3050000000000002,True,True,False
5.78012490272522,forward_005,3.7801249027252197,0.05,0.0,0.0,-0.18980455615438332,0.8606654873897037,0.3392483733563978,-1.81,6.21,3.5,2.225,0.9393584132194519,0.0,0.1440202984958887,1.0,1.0,7.5,1.3050000000000002,True,True,False
5.800511121749878,forward_005,3.800511121749878,0.05,0.0,0.0,-0.09926560120717749,1.3177235852557188,-1.0373800741541297,-1.81,6.21,3.5,1.918,0.9457128047943115,0.0,0.15050202049314976,1.0,1.0,7.5,1.3050000000000002,True,True,False
5.821011543273926,forward_005,3.821011543273926,0.05,0.0,0.0,0.6872233929727672,0.10581058590215622,-1.6667894356545847,3.0700000000000003,0.89,8.13,0.614,0.8782833814620972,0.0,0.10728336870670319,1.0,0.0,7.5,1.3050000000000002,True,True,False
5.841372013092041,forward_005,3.841372013092041,0.05,0.0,0.0,1.2173671532660448,0.7613998861825263,-1.459531586980258,-3.48,-3.31,4.74,1.227,0.9232158660888672,0.0,0.18989689275622368,1.0,0.0,7.5,1.3050000000000002,True,True,False
5.861741304397583,forward_005,3.861741304397583,0.05,0.0,0.0,0.23671027980173096,0.1439896632895322,-1.315541923690726,-2.71,-1.54,5.62,1.765,0.9355081915855408,0.0,0.09573221951723099,1.0,0.0,7.5,1.3050000000000002,True,True,False
5.882216691970825,forward_005,3.882216691970825,0.05,0.0,0.0,-0.6719517620178169,-0.17998707911191522,-1.066832505281534,-4.5200000000000005,-3.2600000000000002,9.46,1.765,0.9393504858016968,0.0,0.10176833346486092,1.0,0.0,7.5,1.3050000000000002,True,True,False
5.902588844299316,forward_005,3.9025888442993164,0.05,0.0,0.0,-0.9773843811168246,-0.4363323129985824,-0.05235987755982989,-1.35,2.69,8.81,1.765,0.9626670479774475,0.14285714285714285,0.07598190382122993,1.0,0.0,7.5,1.3050000000000002,True,True,False
5.92296838760376,forward_005,3.9229683876037598,0.05,0.0,0.0,-1.5424347264499887,-0.9512044423369096,0.45814892864851153,-0.66,3.31,8.15,1.304,0.9639952778816223,0.07142857142857142,0.12083576247096062,1.0,1.0,7.5,1.3050000000000002,True,True,False
5.943340539932251,forward_005,3.943340539932251,0.05,0.0,0.0,-1.894773069196344,-0.7548549014875475,0.38288160465625604,-3.23,2.56,9.17,1.227,0.9684687256813049,0.07142857142857142,0.04708590777590871,1.0,1.0,7.5,1.3050000000000002,True,True,False
5.9637086391448975,forward_005,3.9637086391448975,0.05,0.0,0.0,-1.8195057452040886,-1.1726430911836903,-0.007635815477475192,-3.23,2.56,9.17,0.9970000000000001,0.9751834869384766,0.07142857142857142,0.0844084806740284,0.0,1.0,7.8,0.462,True,True,False
5.984084844589233,forward_005,3.9840848445892334,0.05,0.0,0.0,-0.9621127501618741,0.04036073895236887,-0.04799655442984406,-3.23,2.56,9.17,1.304,0.9402773976325989,0.0,0.10159678384661674,0.0,1.0,7.8,0.462,True,True,False
6.004461050033569,forward_005,4.004461050033569,0.05,0.0,0.0,-0.1090830782496456,0.41015237421866746,0.533416252640767,-3.59,-1.74,8.52,1.381,0.9110189080238342,0.0,0.09594522602856159,0.0,1.0,7.8,0.462,True,True,False
6.0250160694122314,forward_005,4.0250160694122314,0.05,0.0,0.0,0.4526947747360292,0.07744898555724837,0.4134248665661568,0.66,-5.55,7.18,1.074,0.941981852054596,0.0,0.06323104165494442,0.0,1.0,7.8,0.462,True,True,False
6.045485496520996,forward_005,4.045485496520996,0.05,0.0,0.0,0.8268497331323136,-0.12871803233458182,0.4625122517784973,1.43,-1.6600000000000001,7.26,0.614,0.9651966691017151,0.07142857142857142,0.040070705115795135,1.0,1.0,7.8,0.462,True,True,False
6.065855503082275,forward_005,4.065855503082275,0.05,0.0,0.0,1.0319259202416473,-0.050178215994836975,0.001090830782496456,0.59,-3.61,6.36,1.151,0.9753837585449219,0.14285714285714285,0.04789092903956771,1.0,1.0,7.8,0.462,True,True,False
6.086230516433716,forward_005,4.086230516433716,0.05,0.0,0.0,0.9468411192069238,-0.0272707695624114,-0.2203478180642841,0.59,-3.61,6.36,0.6899999999999998,0.9781244993209839,0.14285714285714285,0.023812204599380493,1.0,1.0,7.8,0.462,True,True,False
6.106598615646362,forward_005,4.106598615646362,0.05,0.0,0.0,0.4363323129985824,0.39051742013373125,-0.41560652813114973,0.59,-3.61,6.36,0.46,0.9647093415260315,0.07142857142857142,0.13127503916621208,1.0,1.0,7.8,0.462,True,True,False
6.1269707679748535,forward_005,4.1269707679748535,0.05,0.0,0.0,0.20398535632683726,0.6730425928003133,-0.47778388273344774,-2.24,-0.97,4.91,0.537,0.9536722302436829,0.07142857142857142,0.05143986642360687,1.0,1.0,7.8,0.462,True,True,False
6.1473283767700195,forward_005,4.1473283767700195,0.05,0.0,0.0,0.10471975511965978,0.35997415822383044,0.011999138607461015,-2.24,-0.97,4.91,0.9970000000000001,0.9633455872535706,0.07142857142857142,0.13141376245766878,1.0,1.0,7.8,0.462,True,True,False
6.167720794677734,forward_005,4.167720794677734,0.05,0.0,0.0,-0.1407171709420428,0.9501136115544131,0.37960911230876665,-2.46,0.29,7.32,1.381,0.8331530690193176,0.0,0.1718589849770069,1.0,1.0,7.5,1.5220000000000002,True,True,False
6.188746213912964,forward_005,4.188746213912964,0.05,0.0,0.0,-0.42978732830360367,0.5661411761156606,0.4701480672559725,-2.46,0.29,7.32,1.458,0.8695429563522339,0.0,0.06863027438521385,0.0,1.0,7.5,1.5220000000000002,True,True,False
6.209117889404297,forward_005,4.209117889404297,0.05,0.0,0.0,-0.6130468997630083,0.5421428989007386,0.36324665057131983,-2.38,-0.8300000000000001,8.86,2.148,0.8723549246788025,0.0,0.049981676042079926,0.0,1.0,7.5,1.5220000000000002,True,True,False
6.22949743270874,forward_005,4.22949743270874,0.05,0.0,0.0,-0.6970408700152354,0.2476185876266955,0.3719732968312915,-1.75,0.47000000000000003,5.65,2.532,0.9382969737052917,0.0,0.07460502348840237,0.0,1.0,7.5,1.5220000000000002,True,True,False
6.24986457824707,forward_005,4.24986457824707,0.05,0.0,0.0,-0.15489797111449674,0.022907446432425576,0.4308781590861001,-2.88,-0.93,6.34,3.452,0.9777937531471252,0.14285714285714285,0.0760485790669918,0.0,1.0,7.5,1.5220000000000002,True,True,False
6.270342826843262,forward_005,4.270342826843262,0.05,0.0,0.0,0.06872233929727672,-0.09053895494720585,-0.24434609527920614,-2.88,-0.93,6.34,1.841,0.9731523990631104,0.07142857142857142,0.10330605506896973,0.0,1.0,7.5,1.5220000000000002,True,True,False
6.290724277496338,forward_005,4.290724277496338,0.05,0.0,0.0,0.4374231437810788,-0.23234695667174513,-0.56941366846315,-2.05,-5.28,9.790000000000001,0.9210000000000002,0.9789682030677795,0.07142857142857142,0.03861860791221261,0.0,1.0,7.5,1.5220000000000002,True,True,False
6.311100482940674,forward_005,4.311100482940674,0.05,0.0,0.0,0.8126689329598596,-0.631591023065448,0.13308135546456762,0.8,-2.83,3.95,1.074,0.9780504703521729,0.14285714285714285,0.055180562660098076,1.0,1.0,7.5,1.5220000000000002,True,True,False
6.331550598144531,forward_005,4.331550598144531,0.05,0.0,0.0,1.1813697374436618,-1.124646536753846,0.7014041931452212,-2.7800000000000002,-3.7600000000000002,2.31,1.841,0.986517608165741,0.21428571428571427,0.049152545630931854,1.0,0.0,7.5,1.5220000000000002,True,True,False
6.352112293243408,forward_005,4.352112293243408,0.05,0.0,0.0,1.076649982324002,-1.2533645690884279,0.8530296719122286,-1.8,-1.1500000000000001,2.44,0.9970000000000001,0.9841296076774597,0.2857142857142857,0.04658913612365723,1.0,0.0,7.5,1.5220000000000002,True,True,False
6.372554302215576,forward_005,4.372554302215576,0.05,0.0,0.0,0.8912087492996045,-1.119192382841364,1.4060808786379317,-1.8,-1.1500000000000001,2.44,1.458,0.9860150814056396,0.2857142857142857,0.03579315263777971,1.0,0.0,7.8,0.31100000000000005,True,True,False
6.392906904220581,forward_005,4.392906904220581,0.05,0.0,0.0,-0.11126473981463851,-0.03381575425739013,1.275181184738357,-1.8,-1.1500000000000001,2.44,0.537,0.9853340983390808,0.21428571428571427,0.10149903688579798,1.0,1.0,7.8,0.31100000000000005,True,True,False
6.413372278213501,forward_005,4.413372278213501,0.05,0.0,0.0,-0.4265148359561143,0.004363323129985824,-0.39051742013373125,-1.8,-1.1500000000000001,2.44,0.767,0.985817015171051,0.2857142857142857,0.15240969136357307,1.0,1.0,7.8,0.31100000000000005,True,True,False
6.433755397796631,forward_005,4.433755397796631,0.05,0.0,0.0,-0.5934119456780721,0.767944870877505,-1.0297442586766545,-2.37,0.8300000000000001,3.6,0.9970000000000001,0.9451794624328613,0.0,0.16553889587521553,1.0,1.0,7.8,0.31100000000000005,True,True,False
6.454119443893433,forward_005,4.454119443893433,0.05,0.0,0.0,-0.6283185307179586,0.7144941625351786,-0.8988445647770797,-2.37,0.8300000000000001,3.6,0.9210000000000002,0.9166178703308105,0.0,0.049560368061065674,1.0,1.0,7.8,0.31100000000000005,True,True,False
6.474494934082031,forward_005,4.474494934082031,0.05,0.0,0.0,-0.5148721293383273,1.4268066635053644,-0.557414529855689,-2.37,0.8300000000000001,3.6,1.381,0.8445855975151062,0.0,0.14592317771166563,1.0,1.0,7.8,0.31100000000000005,True,True,False
6.494860887527466,forward_005,4.494860887527466,0.05,0.0,0.0,-0.4908738521234052,1.3788101090755203,-0.681769239060285,-0.91,-4.01,6.7,2.302,0.8728092312812805,0.0,0.14755239617079496,1.0,1.0,7.8,0.31100000000000005,True,True,False
6.515227556228638,forward_005,4.515227556228638,0.05,0.0,0.0,-0.4232423436086249,0.9348419805994628,0.5748678223756323,-2.0100000000000002,-4.19,8.64,2.225,0.7425510287284851,0.0,0.1814168393611908,1.0,1.0,7.8,0.31100000000000005,True,True,False
6.535598278045654,forward_005,4.535598278045654,0.05,0.0,0.0,-0.9457502884244273,1.7213309747794074,1.2577278922184136,-7.5,-2.37,9.44,1.304,0.9572731852531433,0.07142857142857142,0.25216487795114517,1.0,1.0,7.8,0.31100000000000005,True,True,False
6.556236505508423,forward_005,4.556236505508423,0.05,0.0,0.0,-1.1093749057988957,1.0395617357191225,1.5947946040098187,-7.5,-2.37,9.44,1.458,0.9350366592407227,0.0,0.07568668946623802,1.0,1.0,7.8,0.31100000000000005,True,True,False
6.576728820800781,forward_005,4.576728820800781,0.05,0.0,0.0,-1.3329952162106693,0.346884188833873,1.4453507868078042,-0.64,-0.15,8.81,2.302,0.8213175535202026,0.0,0.10724993050098419,0.0,1.0,6.1,6.148,True,True,False
6.597093105316162,forward_005,4.597093105316162,0.05,0.0,0.0,-1.0395617357191225,-0.12326387842209953,1.461713248545251,-1.07,0.8200000000000001,6.0,2.071,0.8928756713867188,0.0,0.09087847732007504,0.0,1.0,6.1,6.148,True,True,False
6.61746621131897,forward_005,4.61746621131897,0.05,0.0,0.0,-0.533416252640767,-0.9468411192069238,1.351539339513109,-4.38,-1.61,9.49,2.071,0.9108070731163025,0.0,0.18625343590974808,0.0,1.0,6.1,6.148,True,True,False
6.637829780578613,forward_005,4.637829780578613,0.05,0.0,0.0,0.11235557059713497,-1.205368014658584,0.9413869652944415,-4.38,-1.61,9.49,1.688,0.9607681632041931,0.07142857142857142,0.10824412107467651,0.0,1.0,6.1,6.148,True,True,False
6.658323049545288,forward_005,4.658323049545288,0.05,0.0,0.0,0.8104872713948668,-1.2959069696057897,0.07853981633974483,-1.93,-6.5600000000000005,9.19,2.071,0.9695894122123718,0.14285714285714285,0.11562711372971535,0.0,1.0,6.1,6.148,True,True,False
6.678823471069336,forward_005,4.678823471069336,0.05,0.0,0.0,1.150826475533761,-1.275181184738357,0.4166973589136462,1.06,-8.040000000000001,6.21,1.841,0.9740908145904541,0.07142857142857142,0.14885835070163012,0.0,0.0,6.1,6.148,True,True,False
6.6992027759552,forward_005,4.6992027759552,0.05,0.0,0.0,1.054833366674073,-0.9097528726020443,1.3908092476829814,-0.48,-1.34,3.41,2.378,0.9863192439079285,0.07142857142857142,0.05524435359984636,1.0,1.0,6.1,6.148,True,True,False
6.719648122787476,forward_005,4.719648122787476,0.05,0.0,0.0,1.2228213071785272,-0.3076142806640006,1.349357677948116,-0.27,-1.08,4.3,2.685,0.9656040072441101,0.07142857142857142,0.06960547715425491,1.0,1.0,6.1,6.148,True,True,False
6.740027189254761,forward_005,4.740027189254761,0.05,0.0,0.0,1.3973542323779602,-0.04581489286485115,1.4300791558528538,-1.83,-1.1500000000000001,0.21,1.841,0.9592610597610474,0.07142857142857142,0.07368001900613308,1.0,1.0,6.1,6.148,True,True,False
6.760390043258667,forward_005,4.760390043258667,0.05,0.0,0.0,1.3144510929082294,-0.4046982203061852,1.4289883250703572,-1.83,-1.1500000000000001,0.21,2.225,0.9679164290428162,0.14285714285714285,0.03299638372845948,1.0,1.0,6.1,6.148,True,True,False
6.780941963195801,forward_005,4.780941963195801,0.05,0.0,0.0,-0.4188790204786391,1.124646536753846,0.30870511144649704,-1.83,-1.1500000000000001,0.21,2.302,0.9267297387123108,0.0,0.09670863300561905,1.0,1.0,7.7,0.6560000000000001,True,True,False
6.8013060092926025,forward_005,4.8013060092926025,0.05,0.0,0.0,-0.346884188833873,0.7243116395776468,-0.12762720155208535,-1.83,-1.1500000000000001,0.21,1.688,0.9123296737670898,0.0,0.08354005217552185,1.0,1.0,7.7,0.6560000000000001,True,True,False
6.82172703742981,forward_005,4.82172703742981,0.05,0.0,0.0,0.3523383427463553,1.0461067204141012,-1.327541062298187,-2.33,-5.01,4.8100000000000005,1.381,0.8029847741127014,0.0,0.14591813832521439,1.0,1.0,7.7,0.6560000000000001,True,True,False
6.8420891761779785,forward_005,4.8420891761779785,0.05,0.0,0.0,0.8039422866998881,1.100648259538924,-0.2530727415391778,-1.25,5.26,7.65,1.227,0.902599573135376,0.0,0.08951265597715974,1.0,1.0,7.7,0.6560000000000001,True,True,False
6.8625147342681885,forward_005,4.8625147342681885,0.05,0.0,0.0,0.8148505945248526,1.1486448139687682,-1.162825614141222,-3.65,0.7000000000000001,7.59,1.227,0.9397946000099182,0.0,0.09212204860523343,1.0,0.0,7.7,0.6560000000000001,True,True,False
6.882964611053467,forward_005,4.882964611053467,0.05,0.0,0.0,0.9250245035569946,0.6632251157578453,-1.1813697374436618,-3.65,0.7000000000000001,7.59,1.074,0.951953113079071,0.07142857142857142,0.07699200976639986,1.0,0.0,7.7,0.6560000000000001,True,True,False
6.903324842453003,forward_005,4.903324842453003,0.05,0.0,0.0,0.6915867161027531,0.346884188833873,-1.361356816555577,-1.6400000000000001,-1.01,8.13,2.071,0.9428452849388123,0.0,0.04747220128774643,1.0,0.0,7.7,0.6560000000000001,True,True,False
6.923792839050293,forward_005,4.923792839050293,0.05,0.0,0.0,0.18216874067690814,-0.007635815477475192,-0.5879577917655898,-1.6400000000000001,-1.01,8.13,2.915,0.9388712048530579,0.0,0.07804995216429234,1.0,0.0,7.7,0.6560000000000001,True,True,False
6.944238185882568,forward_005,4.944238185882568,0.05,0.0,0.0,-0.4276056667386107,-0.09053895494720585,-0.5923211148955756,-1.6400000000000001,-1.01,8.13,2.8389999999999995,0.9350026249885559,0.0,0.028874292969703674,1.0,0.0,7.7,0.6560000000000001,True,True,False
6.96477484703064,forward_005,4.96477484703064,0.05,0.0,0.0,-1.0810133054539879,-0.5988660995905544,-0.11780972450961724,-2.38,1.6,7.0,2.455,0.9279482960700989,0.0,0.15491736168041825,1.0,0.0,7.7,0.6560000000000001,True,True,False
6.985229015350342,forward_005,4.985229015350342,0.05,0.0,0.0,-1.7027868514769677,-1.126828198318839,-0.2825251726665821,-4.15,2.67,6.92,2.378,0.9675647616386414,0.14285714285714285,0.1078603956848383,1.0,0.0,7.7,0.754,True,True,False
7.0055859088897705,forward_005,5.0055859088897705,0.05,0.0,0.0,-2.3812835981897633,-1.437714971330329,-0.6010477611555473,-1.77,3.7600000000000002,8.25,1.841,0.9478112459182739,0.0,0.04901077412068844,1.0,1.0,7.7,0.754,True,True,False
7.025960922241211,forward_005,5.025960922241211,0.05,0.0,0.0,-2.712896156068686,-1.4093533709854211,-1.1213740444063567,-2.05,1.86,5.3100000000000005,1.6110000000000002,0.9477757811546326,0.0,0.07658722624182701,0.0,1.0,7.7,0.754,True,True,False
7.046323537826538,forward_005,5.046323537826538,0.05,0.0,0.0,-2.6954428635487426,-1.6253378659197193,-1.4911656796726553,-2.05,1.86,5.3100000000000005,1.995,0.9457700252532959,0.0,0.07710605021566153,0.0,1.0,7.7,0.754,True,True,False
7.066683053970337,forward_005,5.066683053970337,0.05,0.0,0.0,-1.315541923690726,-0.779944009484966,-1.1039207518864134,-2.05,1.86,5.3100000000000005,1.534,0.9531126618385315,0.07142857142857142,0.059068042784929276,0.0,1.0,7.7,0.754,True,True,False
7.087041854858398,forward_005,5.087041854858398,0.05,0.0,0.0,-1.315541923690726,-0.779944009484966,-1.1039207518864134,-3.43,-3.27,2.15,1.688,0.9568234086036682,0.07142857142857142,0.05615311115980148,0.0,1.0,7.7,0.754,True,True,False
7.107407331466675,forward_005,5.107407331466675,0.05,0.0,0.0,-1.315541923690726,-0.779944009484966,-1.1039207518864134,2.48,-1.93,9.8,1.995,0.9354200959205627,0.0,0.10919891484081745,0.0,1.0,7.7,0.754,True,True,False
7.127789258956909,forward_005,5.127789258956909,0.05,0.0,0.0,-1.315541923690726,-0.779944009484966,-1.1039207518864134,-1.56,-4.8500000000000005,7.8500000000000005,1.6110000000000002,0.9505504369735718,0.07142857142857142,0.14456255920231342,1.0,1.0,7.7,0.754,True,True,False
7.148176431655884,forward_005,5.148176431655884,0.05,0.0,0.0,-1.315541923690726,-0.779944009484966,-1.1039207518864134,-1.56,-4.8500000000000005,7.8500000000000005,1.304,0.9641266465187073,0.07142857142857142,0.08998608589172363,1.0,1.0,7.7,0.754,True,True,False
7.168629169464111,forward_005,5.168629169464111,0.05,0.0,0.0,-1.315541923690726,-0.779944009484966,-1.1039207518864134,0.54,-3.65,2.68,1.227,0.9530026912689209,0.07142857142857142,0.052193960174918175,1.0,1.0,7.7,0.754,True,True,False
7.188999652862549,forward_005,5.188999652862549,0.05,0.0,0.0,-1.315541923690726,-0.779944009484966,-1.1039207518864134,0.54,-3.65,2.68,1.304,0.9551296234130859,0.07142857142857142,0.021756775677204132,1.0,1.0,7.8,0.487,True,True,False
7.209760665893555,forward_005,5.209760665893555,0.05,0.0,0.0,-1.315541923690726,-0.779944009484966,-1.1039207518864134,0.54,-3.65,2.68,0.9970000000000001,0.957478940486908,0.07142857142857142,0.031213178299367428,1.0,1.0,7.8,0.487,True,True,False
7.230118989944458,forward_005,5.230118989944458,0.05,0.0,0.0,0.29888763440402893,0.19962203319685143,0.5715953300281429,-4.5,3.0,6.82,0.9210000000000002,0.9799126982688904,0.14285714285714285,0.11126818880438805,1.0,1.0,7.8,0.487,True,True,False
7.250722885131836,forward_005,5.250722885131836,0.05,0.0,0.0,0.4232423436086249,0.495237175253391,0.5530512067257032,-5.18,4.19,7.62,1.074,0.9780142903327942,0.14285714285714285,0.03075801394879818,1.0,1.0,7.8,0.487,True,True,False
7.271167278289795,forward_005,5.271167278289795,0.05,0.0,0.0,0.44505895925855404,0.45160394395353276,0.061086523819801536,-4.16,1.6500000000000001,9.49,0.9210000000000002,0.9840105175971985,0.14285714285714285,0.09362650290131569,1.0,1.0,7.8,0.487,True,True,False
7.291533946990967,forward_005,5.291533946990967,0.05,0.0,0.0,0.6414085001079161,0.46687557490848314,-0.1439896632895322,-2.36,1.8800000000000001,8.45,0.9970000000000001,0.9807882905006409,0.07142857142857142,0.12331398203969002,1.0,1.0,7.8,0.487,True,True,False
7.311898946762085,forward_005,5.311898946762085,0.05,0.0,0.0,0.7646723785300157,0.12326387842209953,-0.5094179754258449,-2.87,1.12,6.91,1.151,0.9743527770042419,0.14285714285714285,0.0771020995453,1.0,1.0,7.8,0.487,True,True,False
7.332278728485107,forward_005,5.332278728485107,0.05,0.0,0.0,0.6566801310628665,0.0272707695624114,-0.8704829644321719,-2.98,-0.19,8.44,1.227,0.9735361933708191,0.14285714285714285,0.04547504335641861,1.0,1.0,7.8,0.487,True,True,False
7.352636337280273,forward_005,5.352636337280273,0.05,0.0,0.0,0.5748678223756323,-0.0272707695624114,-0.9097528726020443,-2.92,-0.73,8.0,1.918,0.9762901663780212,0.07142857142857142,0.11090100277215242,1.0,1.0,7.8,0.487,True,True,False
7.373081922531128,forward_005,5.373081922531128,0.05,0.0,0.0,0.6992225315802283,-0.09053895494720585,-0.6010477611555473,-2.92,-0.73,8.0,2.225,0.9803059101104736,0.07142857142857142,0.1380199221894145,1.0,1.0,7.8,0.487,True,True,False
7.393455743789673,forward_005,5.393455743789673,0.05,0.0,0.0,0.7155849933176751,0.22143864884678055,-0.5748678223756323,-2.92,-0.73,8.0,1.381,0.9724342226982117,0.07142857142857142,0.11546900076791644,1.0,1.0,7.6,1.018,True,True,False
7.413839340209961,forward_005,5.413839340209961,0.05,0.0,0.0,0.7308566242726255,0.34797501961636945,-0.7374016089676042,-2.92,-0.73,8.0,0.9970000000000001,0.957685649394989,0.07142857142857142,0.07456530397757888,1.0,0.0,7.6,1.018,True,True,False
7.440678358078003,forward_005,5.440678358078003,0.05,0.0,0.0,0.5039638215133626,0.3174317577064687,-1.239183768915974,0.0,-0.51,3.96,1.995,0.9538071751594543,0.07142857142857142,0.054097939282655716,1.0,0.0,7.6,1.018,True,True,False
7.461228132247925,forward_005,5.461228132247925,0.05,0.0,0.0,0.11562806294462433,0.00545415391248228,-0.9239336727744982,-1.18,-0.35000000000000003,4.9,2.148,0.9749547243118286,0.14285714285714285,0.05341123044490814,1.0,0.0,7.6,1.018,True,True,False
7.481684923171997,forward_005,5.481684923171997,0.05,0.0,0.0,-0.4363323129985824,-0.3436116964863836,-0.11453723216212788,-3.49,-1.73,9.09,2.378,0.9871810674667358,0.2857142857142857,0.08850372210144997,1.0,0.0,7.6,1.018,True,True,False
7.502053737640381,forward_005,5.502053737640381,0.05,0.0,0.0,-1.0341075818066403,-0.36979163526629855,0.8290313946973066,-6.16,2.57,8.66,1.688,0.9857559204101562,0.2857142857142857,0.033637672662734985,1.0,0.0,7.6,1.018,True,True,False
7.522438287734985,forward_005,5.522438287734985,0.05,0.0,0.0,-1.7780541754692232,-0.7603090554000298,0.7504915783575618,-2.65,5.38,8.0,1.765,0.9831027984619141,0.14285714285714285,0.05453317612409592,1.0,1.0,7.6,1.018,True,True,False
7.542814254760742,forward_005,5.542814254760742,0.05,0.0,0.0,-2.0365810709208834,-0.8050331174823845,-0.25634523388666713,-0.63,4.64,7.84,1.151,0.9870763421058655,0.14285714285714285,0.04958024248480797,0.0,1.0,7.6,1.018,True,True,False
7.563314437866211,forward_005,5.563314437866211,0.05,0.0,0.0,-2.1805707342104155,-0.9566585962493919,-0.7766715171374766,-3.09,3.85,6.09,1.227,0.9874621033668518,0.21428571428571427,0.07610296458005905,0.0,1.0,7.6,1.018,True,True,False
7.5836968421936035,forward_005,5.5836968421936035,0.05,0.0,0.0,-1.5947946040098187,-0.7243116395776468,-1.325359400733194,-3.09,3.85,6.09,1.458,0.9796967506408691,0.21428571428571427,0.10917326435446739,0.0,1.0,7.6,1.018,True,True,False
7.6040685176849365,forward_005,5.6040685176849365,0.05,0.0,0.0,-0.28688849579656794,0.07744898555724837,-1.1224648751888533,-2.18,-0.8,9.06,1.074,0.9696308970451355,0.07142857142857142,0.06313502788543701,0.0,1.0,7.6,1.417,True,True,False
7.6244401931762695,forward_005,5.6244401931762695,0.05,0.0,0.0,0.40251655874119224,-0.4854196982109229,-1.0493792127615906,-2.18,-0.8,9.06,0.9210000000000002,0.9809077978134155,0.2857142857142857,0.04145197570323944,0.0,1.0,7.6,1.417,True,True,False
7.6448118686676025,forward_005,5.6448118686676025,0.05,0.0,0.0,0.6348635154129374,-0.11780972450961724,-0.8464846872172498,-0.86,-4.5,9.19,1.381,0.9788163900375366,0.07142857142857142,0.06440259516239166,0.0,1.0,7.6,1.417,True,True,False
7.66534423828125,forward_005,5.66534423828125,0.05,0.0,0.0,0.35124751196385884,0.7035858547102141,-0.49741883681838395,-2.32,-5.78,6.57,1.688,0.9563742280006409,0.07142857142857142,0.1259469836950302,1.0,1.0,7.6,1.417,True,True,False
7.685708522796631,forward_005,5.685708522796631,0.05,0.0,0.0,0.20943951023931956,0.6468626540203984,-0.07635815477475191,-2.98,-5.72,9.78,1.151,0.9407694935798645,0.0,0.06287577748298645,1.0,1.0,7.6,1.417,True,True,False
7.706079483032227,forward_005,5.706079483032227,0.05,0.0,0.0,0.2399827721492203,0.9326603190344699,0.6915867161027531,-2.98,-5.72,9.78,0.767,0.7964426279067993,0.0,0.21285967528820038,1.0,1.0,7.6,1.417,True,True,False
7.7265589237213135,forward_005,5.7265589237213135,0.05,0.0,0.0,0.002181661564992912,1.0101093045917182,0.8955720724295904,-2.18,-0.6,9.24,0.6899999999999998,0.8898897171020508,0.0,0.20301219075918198,1.0,1.0,7.6,1.417,True,True,False
7.7469236850738525,forward_005,5.7469236850738525,0.05,0.0,0.0,-0.07963064712224129,0.6806784082777885,0.8323038870447959,-2.18,-0.6,9.24,1.458,0.963443398475647,0.07142857142857142,0.12385282479226589,1.0,1.0,7.6,1.417,True,True,False
7.767303943634033,forward_005,5.767303943634033,0.05,0.0,0.0,-0.2519819107566813,0.8115781021773633,0.13199052468207118,-3.64,2.95,6.8100000000000005,2.071,0.8217993974685669,0.0,0.1458188910037279,0.0,1.0,7.6,1.417,True,True,False
7.787686824798584,forward_005,5.787686824798584,0.05,0.0,0.0,-0.2716168648416175,0.04581489286485115,-0.2792526803190927,-3.58,1.16,8.120000000000001,2.685,0.6909276247024536,0.0,0.11542400065809488,0.0,1.0,7.6,1.417,True,True,False
7.808186054229736,forward_005,5.808186054229736,0.05,0.0,0.0,-0.007635815477475192,-0.1341721862470641,-0.40251655874119224,-4.01,-3.33,7.140000000000001,2.685,0.7236441969871521,0.0,0.08607096690684557,0.0,1.0,7.1,2.5349999999999997,True,True,False
7.828555583953857,forward_005,5.828555583953857,0.05,0.0,0.0,0.7494007475750653,-0.34579335805137656,-0.8039422866998881,-5.17,-2.0300000000000002,9.44,2.915,0.8262473940849304,0.0,0.18079255521297455,0.0,1.0,7.1,2.5349999999999997,True,True,False
7.848981618881226,forward_005,5.848981618881226,0.05,0.0,0.0,1.2326387842209952,-0.4854196982109229,-1.1039207518864134,-5.17,-2.0300000000000002,9.44,1.6110000000000002,0.9285262227058411,0.0,0.1004039254039526,0.0,1.0,7.1,2.5349999999999997,True,True,False
7.869449615478516,forward_005,5.869449615478516,0.05,0.0,0.0,1.5969762655748114,-0.6948592084502424,0.1810779098944117,1.47,-5.0600000000000005,7.01,1.381,0.9639853239059448,0.07142857142857142,0.13150681369006634,0.0,1.0,7.1,2.5349999999999997,True,True,False
7.889817476272583,forward_005,5.889817476272583,0.05,0.0,0.0,1.7715091907742444,-0.7973973020049093,1.0875582901489667,1.47,-5.0600000000000005,7.01,1.765,0.9626349806785583,0.07142857142857142,0.07928791828453541,1.0,0.0,7.1,2.5349999999999997,True,True,False
7.910200119018555,forward_005,5.910200119018555,0.05,0.0,0.0,1.911135530933791,-0.6697701004528239,1.203186353093591,-2.09,-1.94,4.28,1.534,0.958614706993103,0.07142857142857142,0.0584691297262907,1.0,1.0,7.1,2.5349999999999997,True,True,False
7.930570602416992,forward_005,5.930570602416992,0.05,0.0,0.0,1.4104442017679175,-0.4526947747360292,1.4104442017679175,-1.22,-2.33,3.24,1.458,0.9574151039123535,0.07142857142857142,0.04650200344622135,1.0,1.0,7.1,2.5349999999999997,True,True,False
7.950941324234009,forward_005,5.950941324234009,0.05,0.0,0.0,0.5541420375081997,-0.01090830782496456,0.5628686837681712,-1.22,-2.33,3.24,1.765,0.9853482246398926,0.07142857142857142,0.14594255201518536,1.0,1.0,7.1,2.5349999999999997,True,True,False
7.971311092376709,forward_005,5.971311092376709,0.05,0.0,0.0,-0.9326603190344699,0.559596191420682,-1.1802789066611654,-1.22,-2.33,3.24,1.074,0.9634302854537964,0.07142857142857142,0.14085951820015907,1.0,1.0,7.1,2.5349999999999997,True,True,False
7.991789102554321,forward_005,5.991789102554321,0.05,0.0,0.0,-0.7363107781851078,0.1538071403320003,-1.7911441448591807,-0.8,2.5300000000000002,8.82,0.9210000000000002,0.9286560416221619,0.0,0.12825200334191322,1.0,1.0,7.1,2.5349999999999997,True,True,False
8.01216983795166,stop_after_005,0.012169837951660156,0.0,0.0,0.0,0.21598449493429828,0.46796640569097964,-1.0242901047641721,-2.79,0.61,1.99,1.074,0.9140486717224121,0.0,0.08414290845394135,1.0,1.0,7.3,2.331,True,True,False
8.0325288772583,stop_after_005,0.03252887725830078,0.0,0.0,0.0,0.5857761302005968,0.2454369260617026,-1.0188359508516898,-0.87,-1.05,4.44,1.6110000000000002,0.8988978266716003,0.0,0.09319913666695356,1.0,0.0,7.3,2.331,True,True,False
8.052895307540894,stop_after_005,0.052895307540893555,0.0,0.0,0.0,-0.061086523819801536,0.34470252726888007,-1.1311915214488248,-0.87,-1.05,4.44,2.225,0.937882661819458,0.0,0.07610157132148743,1.0,0.0,7.3,2.331,True,True,False
8.073370695114136,stop_after_005,0.07337069511413574,0.0,0.0,0.0,-0.9021170571245691,0.6534076387153771,-0.48651052899341934,-5.12,1.53,6.25,1.918,0.912526547908783,0.0,0.04806742072105408,1.0,0.0,7.3,2.331,True,True,False
8.093753337860107,stop_after_005,0.09375333786010742,0.0,0.0,0.0,-1.2260937995260166,0.35015668118136234,0.6621342849753488,-3.12,1.34,7.22,1.765,0.8440685272216797,0.0,0.06446024496108294,1.0,1.0,7.3,2.331,True,True,False
8.114133358001709,stop_after_005,0.11413335800170898,0.0,0.0,0.0,-1.5947946040098187,-0.4799655442984406,0.23561944901923448,-1.17,4.8100000000000005,6.24,1.074,0.821349024772644,0.0,0.0488370880484581,1.0,1.0,7.3,2.331,True,True,False
8.134562730789185,stop_after_005,0.13456273078918457,0.0,0.0,0.0,-2.0987584255231813,-0.35561083509384467,-0.31306843457648287,-2.66,4.58,8.32,0.9970000000000001,0.8002889752388,0.0,0.03909398801624775,0.0,1.0,7.3,2.331,True,True,False
8.1549813747406,stop_after_005,0.15498137474060059,0.0,0.0,0.0,-1.732239282604372,-0.8366672101747817,-0.5606870222031783,-2.66,4.58,8.32,1.074,0.8249651789665222,0.0,0.035349516198039055,0.0,1.0,7.3,2.331,True,True,False
8.175355911254883,stop_after_005,0.1753559112548828,0.0,0.0,0.0,-0.5912302841130791,0.26398104936414235,1.002473489114243,-4.12,-2.7600000000000002,4.61,0.844,0.9135230183601379,0.0,0.08952434733510017,0.0,1.0,7.3,2.331,True,True,False
8.195836544036865,stop_after_005,0.19583654403686523,0.0,0.0,0.0,-0.12762720155208535,-0.8497571795647392,0.1090830782496456,0.66,-2.46,7.25,0.767,0.8706631660461426,0.0,0.09667360968887806,0.0,1.0,7.3,2.331,True,True,False
8.216227293014526,stop_after_005,0.21622729301452637,0.0,0.0,0.0,0.05781403147231216,-0.7472190860100724,-0.05999569303730508,-0.16,-3.2,6.13,0.46,0.8683717846870422,0.0,0.013642273843288422,0.0,1.0,7.8,0.5010000000000001,True,True,False
8.238581895828247,stop_after_005,0.23858189582824707,0.0,0.0,0.0,0.48323803664593,-0.34470252726888007,0.7963064712224128,-3.04,-3.1,8.42,0.9210000000000002,0.8842857480049133,0.0,0.04805044550448656,0.0,1.0,7.8,0.5010000000000001,True,True,False
8.25895881652832,stop_after_005,0.2589588165283203,0.0,0.0,0.0,0.16689710972195776,-0.2901609881440573,-0.04799655442984406,-3.04,-3.1,8.42,0.384,0.8618752956390381,0.0,0.06163030304014683,0.0,1.0,7.8,0.5010000000000001,True,True,False
8.279333353042603,stop_after_005,0.27933335304260254,0.0,0.0,0.0,-0.14289883250703572,-0.32288591161895097,-0.7832165018324554,-2.64,-3.54,8.64,0.384,0.8503274917602539,0.0,0.02761547453701496,0.0,1.0,7.8,0.5010000000000001,True,True,False
8.299699544906616,stop_after_005,0.2996995449066162,0.0,0.0,0.0,0.2181661564992912,-0.07308566242726255,-0.026179938779914945,-1.47,-2.21,7.48,0.153,0.8385103940963745,0.0,0.046143244951963425,0.0,1.0,7.8,0.5010000000000001,True,True,False
8.320070505142212,stop_after_005,0.3200705051422119,0.0,0.0,0.0,0.5170537909033202,0.05345070834232634,0.17889624832941878,-1.8,-0.41000000000000003,6.4,0.307,0.8453158140182495,0.0,0.047012098133563995,0.0,1.0,7.8,0.5010000000000001,True,True,False
8.3404541015625,stop_after_005,0.3404541015625,0.0,0.0,0.0,0.4886921905584123,0.14726215563702155,-0.2628902185816459,-3.77,-1.5,9.74,0.614,0.922900378704071,0.0,0.04561050748452544,1.0,1.0,7.8,0.5010000000000001,True,True,False
8.360978603363037,stop_after_005,0.3609786033630371,0.0,0.0,0.0,0.4243331743911214,0.14508049407202864,-0.2585268954516601,-3.77,-1.5,9.74,0.6899999999999998,0.9144131541252136,0.0,0.009517587721347809,1.0,1.0,7.8,0.5010000000000001,True,True,False
8.381349563598633,stop_after_005,0.3813495635986328,0.0,0.0,0.0,0.5279620987282847,0.04581489286485115,0.07963064712224129,-1.6400000000000001,-0.51,9.47,0.844,0.9210106134414673,0.0,0.01979508250951767,1.0,1.0,7.8,0.5010000000000001,True,True,False
8.401728630065918,stop_after_005,0.40172863006591797,0.0,0.0,0.0,0.5017821599483697,-0.14835298641951802,-0.039269908169872414,-3.42,-0.52,8.06,0.9210000000000002,0.9296317100524902,0.0,0.0358273945748806,1.0,1.0,7.8,0.5010000000000001,True,True,False
8.422116994857788,stop_after_005,0.4221169948577881,0.0,0.0,0.0,0.4854196982109229,-0.36106498900632694,-0.11017390903214205,-2.93,0.51,8.61,0.9210000000000002,0.9428688883781433,0.0,0.021817557513713837,1.0,1.0,7.8,0.258,True,True,False
8.442480325698853,stop_after_005,0.44248032569885254,0.0,0.0,0.0,0.34797501961636945,-0.28034351110158917,-0.22252947962927702,-2.14,-0.14,7.87,0.9210000000000002,0.936323881149292,0.0,0.009733974933624268,1.0,1.0,7.8,0.258,True,True,False
8.462857723236084,stop_after_005,0.462857723236084,0.0,0.0,0.0,0.22689280275926285,-0.2792526803190927,-0.16035212502697901,-1.9000000000000001,0.37,9.16,0.537,0.942058265209198,0.0,0.00685187429189682,1.0,1.0,7.8,0.258,True,True,False
8.483241081237793,stop_after_005,0.48324108123779297,0.0,0.0,0.0,0.08508480103472356,-0.2181661564992912,-0.16580627893946132,-0.74,0.61,8.78,0.537,0.9349644780158997,0.0,0.01762818545103073,1.0,1.0,7.8,0.258,True,True,False
8.503720998764038,stop_after_005,0.5037209987640381,0.0,0.0,0.0,0.011999138607461015,-0.0719948316447661,-0.07417649320975901,-0.73,0.46,8.45,0.46,0.9286372065544128,0.0,0.03131486102938652,1.0,1.0,7.8,0.258,True,True,False
8.524221181869507,stop_after_005,0.5242211818695068,0.0,0.0,0.0,-0.1189005552921137,-0.020725784867432664,0.08508480103472356,-0.73,0.46,8.45,0.384,0.9179127812385559,0.0,0.03066515363752842,1.0,1.0,7.8,0.258,True,True,False
8.544586896896362,stop_after_005,0.5445868968963623,0.0,0.0,0.0,-0.21925698728178766,-0.09053895494720585,0.21271200258680892,-0.73,0.46,8.45,0.307,0.9095231890678406,0.0,0.014176097698509693,1.0,1.0,7.8,0.258,True,True,False
8.564948320388794,stop_after_005,0.564948320388794,0.0,0.0,0.0,-0.24870941840919197,-0.08617563181722002,0.2628902185816459,-1.94,0.07,8.49,0.384,0.9023135900497437,0.0,0.009199238586006686,1.0,1.0,7.8,0.258,True,True,False
8.58532428741455,stop_after_005,0.5853242874145508,0.0,0.0,0.0,-0.29561514205653955,-0.136353847812057,0.18980455615438332,-2.74,-0.61,9.08,0.614,0.9052232503890991,0.0,0.0043130069971084595,1.0,1.0,7.8,0.258,True,True,False
8.605708360671997,stop_after_005,0.6057083606719971,0.0,0.0,0.0,-0.3392483733563978,-0.19416787928436915,0.12217304763960307,-2.82,-1.05,8.85,0.614,0.9045781493186951,0.0,0.005675512598827481,1.0,1.0,7.8,0.258,True,True,False
8.626086711883545,stop_after_005,0.6260867118835449,0.0,0.0,0.0,-0.36324665057131983,-0.28361600344907856,0.15817046346198613,-1.74,-1.29,9.07,0.614,0.9079914689064026,0.0,0.011614685878157616,1.0,1.0,7.8,0.40900000000000003,True,True,False
8.646443843841553,stop_after_005,0.6464438438415527,0.0,0.0,0.0,-0.3643374813538163,-0.26725354171163174,0.13308135546456762,-2.05,-1.44,8.75,0.6899999999999998,0.9030614495277405,0.0,0.00816839374601841,1.0,1.0,7.8,0.40900000000000003,True,True,False
8.666805505752563,stop_after_005,0.6668055057525635,0.0,0.0,0.0,-0.2879793265790644,-0.33815754257390135,0.2007128639793479,-1.83,-1.19,9.01,0.537,0.9092100858688354,0.0,0.006042739376425743,1.0,1.0,7.8,0.40900000000000003,True,True,False
8.687186002731323,stop_after_005,0.6871860027313232,0.0,0.0,0.0,-0.2519819107566813,-0.34143003492139073,0.04799655442984406,-1.6300000000000001,-1.45,9.02,0.614,0.9102630019187927,0.0,0.006536076311022043,1.0,1.0,7.8,0.40900000000000003,True,True,False
8.707552194595337,stop_after_005,0.7075521945953369,0.0,0.0,0.0,-0.2301652951067522,-0.346884188833873,-0.008726646259971648,-1.5,-0.87,8.76,0.537,0.91066575050354,0.0,0.004415199160575867,1.0,1.0,7.8,0.40900000000000003,True,True,False
8.727941036224365,stop_after_005,0.7279410362243652,0.0,0.0,0.0,-0.16035212502697901,-0.39051742013373125,-0.04363323129985824,-1.45,-0.93,9.450000000000001,0.46,0.9181414246559143,0.0,0.0034447461366653442,1.0,1.0,7.8,0.40900000000000003,True,True,False
8.748332500457764,stop_after_005,0.7483325004577637,0.0,0.0,0.0,-0.136353847812057,-0.3327033886614191,0.015271630954950384,-0.98,-1.51,9.4,0.384,0.9161313772201538,0.0,0.0107511505484581,1.0,1.0,7.8,0.40900000000000003,True,True,False
8.768696546554565,stop_after_005,0.7686965465545654,0.0,0.0,0.0,-0.12217304763960307,-0.33052172709642613,0.044724062082354694,-0.78,-0.92,9.24,0.46,0.9178069829940796,0.0,0.0063894204795360565,1.0,1.0,7.8,0.40900000000000003,True,True,False
8.789130926132202,stop_after_005,0.7891309261322021,0.0,0.0,0.0,-0.07090400086226964,-0.32179508083645453,0.07744898555724837,-1.0,-1.21,8.96,0.384,0.9167448878288269,0.0,0.00583069771528244,1.0,1.0,7.8,0.40900000000000003,True,True,False
8.80950665473938,stop_after_005,0.8095066547393799,0.0,0.0,0.0,-0.06217735460229799,-0.3108867730114899,0.04581489286485115,-0.6900000000000001,-0.89,9.56,0.307,0.9183793067932129,0.0,0.004130227491259575,1.0,1.0,7.8,0.40900000000000003,True,True,False
8.829875946044922,stop_after_005,0.8298759460449219,0.0,0.0,0.0,-0.09381144729469522,-0.23561944901923448,0.014180800172453928,-0.5700000000000001,-0.98,8.91,0.384,0.9138069748878479,0.0,0.005630388855934143,1.0,1.0,7.8,0.369,True,True,False
8.850237131118774,stop_after_005,0.8502371311187744,0.0,0.0,0.0,-0.11780972450961724,-0.18871372537188688,0.022907446432425576,-1.06,-1.07,9.120000000000001,0.307,0.9106934070587158,0.0,0.004419788718223572,1.0,1.0,7.8,0.369,True,True,False
8.870659589767456,stop_after_005,0.870659589767456,0.0,0.0,0.0,-0.10144726277217041,-0.13853550937704992,0.025089107997418487,-1.07,-1.01,9.39,0.307,0.908579409122467,0.0,0.002968728542327881,1.0,1.0,7.8,0.369,True,True,False
8.891039371490479,stop_after_005,0.8910393714904785,0.0,0.0,0.0,-0.08944812416470939,-0.07090400086226964,-0.025089107997418487,-0.75,-1.34,9.13,0.307,0.9054464101791382,0.0,0.0030306950211524963,1.0,1.0,7.8,0.369,True,True,False
8.911421537399292,stop_after_005,0.911421537399292,0.0,0.0,0.0,-0.07308566242726255,-0.07853981633974483,-0.008726646259971648,-0.97,-1.47,9.21,0.23,0.9039644002914429,0.0,0.001654207706451416,1.0,1.0,7.8,0.369,True,True,False
8.931790351867676,stop_after_005,0.9317903518676758,0.0,0.0,0.0,-0.03381575425739013,-0.07308566242726255,0.011999138607461015,-1.07,-1.46,9.15,0.23,0.9031243920326233,0.0,0.0016825124621391296,1.0,1.0,7.8,0.369,True,True,False
8.95228099822998,stop_after_005,0.9522809982299805,0.0,0.0,0.0,-0.037088246604879506,-0.07308566242726255,-0.02399827721492203,-0.99,-1.3800000000000001,8.870000000000001,0.23,0.9032301902770996,0.0,0.0017990469932556152,1.0,1.0,7.8,0.369,True,True,False
8.972652912139893,stop_after_005,0.9726529121398926,0.0,0.0,0.0,-0.017453292519943295,-0.09599310885968812,-0.014180800172453928,-1.16,-1.37,9.39,0.153,0.9041454195976257,0.0,0.0012270733714103699,1.0,1.0,7.8,0.369,True,True,False
8.993126153945923,stop_after_005,0.9931261539459229,0.0,0.0,0.0,-0.015271630954950384,-0.04145156973486533,0.011999138607461015,-0.68,-1.17,8.92,0.153,0.9029287695884705,0.0,0.004055134952068329,1.0,1.0,7.8,0.369,True,True,False
9.013509750366211,stop_after_005,1.013509750366211,0.0,0.0,0.0,-0.008726646259971648,-0.07853981633974483,-0.007635815477475192,-0.97,-1.01,9.39,0.077,0.9050030708312988,0.0,0.0025329217314720154,1.0,1.0,7.8,0.369,True,True,False
9.03388261795044,stop_after_005,1.0338826179504395,0.0,0.0,0.0,-0.015271630954950384,-0.037088246604879506,-0.031634092692397225,-1.2,-1.33,9.06,0.077,0.9038179516792297,0.0,0.001895800232887268,1.0,1.0,7.8,0.35600000000000004,True,True,False
9.05426287651062,stop_after_005,1.0542628765106201,0.0,0.0,0.0,-0.028361600344907856,-0.08290313946973066,-0.009817477042468103,-0.97,-1.1400000000000001,9.16,0.077,0.9052625298500061,0.0,0.002813778817653656,1.0,1.0,7.8,0.35600000000000004,True,True,False
9.074650287628174,stop_after_005,1.0746502876281738,0.0,0.0,0.0,-0.04581489286485115,-0.0916297857297023,-0.01090830782496456,-1.1500000000000001,-1.34,9.06,0.077,0.9055942893028259,0.0,0.001988539472222328,1.0,1.0,7.8,0.35600000000000004,True,True,False
9.095027446746826,stop_after_005,1.0950274467468262,0.0,0.0,0.0,-0.030543261909900768,-0.14508049407202864,0.015271630954950384,-1.08,-1.25,9.23,0.077,0.9077861309051514,0.0,0.0011293739080429077,1.0,1.0,7.8,0.35600000000000004,True,True,False
9.11539077758789,stop_after_005,1.1153907775878906,0.0,0.0,0.0,-0.06217735460229799,-0.1461713248545251,0.013089969389957472,-0.91,-1.23,9.02,0.077,0.9070926904678345,0.0,0.0009547621011734009,1.0,1.0,7.8,0.35600000000000004,True,True,False
9.135775089263916,stop_after_005,1.135775089263916,0.0,0.0,0.0,-0.06544984694978735,-0.16035212502697901,0.04908738521234052,-0.8300000000000001,-1.1400000000000001,9.17,0.153,0.9078498482704163,0.0,0.0011340007185935974,1.0,1.0,7.8,0.35600000000000004,True,True,False
9.156253814697266,stop_after_005,1.1562538146972656,0.0,0.0,0.0,-0.08290313946973066,-0.1559888018969932,0.031634092692397225,-0.93,-1.1500000000000001,9.18,0.077,0.90773606300354,0.0,0.001409776508808136,1.0,1.0,7.8,0.35600000000000004,True,True,False
9.176618337631226,stop_after_005,1.1766183376312256,0.0,0.0,0.0,-0.08072147790473774,-0.15271630954950383,0.020725784867432664,-0.85,-1.21,9.05,0.077,0.9079146981239319,0.0,0.0008135735988616943,1.0,1.0,7.8,0.35600000000000004,True,True,False
9.197140455245972,stop_after_005,1.1971404552459717,0.0,0.0,0.0,-0.09708393964218458,-0.15162547876700738,-0.002181661564992912,-0.77,-1.33,9.13,0.0,0.9078927040100098,0.0,0.0016475096344947815,1.0,1.0,7.8,0.35600000000000004,True,True,False
9.217517137527466,stop_after_005,1.2175171375274658,0.0,0.0,0.0,-0.1090830782496456,-0.16471544815696484,-0.004363323129985824,-0.68,-1.6500000000000001,9.48,0.077,0.9094098806381226,0.0,0.0014956220984458923,1.0,1.0,7.8,0.35600000000000004,True,True,False
9.237996816635132,stop_after_005,1.2379968166351318,0.0,0.0,0.0,-0.09053895494720585,-0.15489797111449674,0.04690572364734761,-0.73,-1.45,9.02,0.077,0.9097880721092224,0.0,0.003867216408252716,1.0,1.0,7.8,0.34900000000000003,True,True,False
9.258610010147095,stop_after_005,1.2586100101470947,0.0,0.0,0.0,-0.0818123086872342,-0.16798794050445423,0.04908738521234052,-0.62,-1.44,9.120000000000001,0.0,0.9111373424530029,0.0,0.0006317300722002983,1.0,1.0,7.8,0.34900000000000003,True,True,False
9.278972625732422,stop_after_005,1.2789726257324219,0.0,0.0,0.0,-0.08835729338221293,-0.1505346479845109,0.0272707695624114,-0.59,-1.52,9.26,0.077,0.9115885496139526,0.0,0.000995546579360962,1.0,1.0,7.8,0.34900000000000003,True,True,False
9.299450159072876,stop_after_005,1.299450159072876,0.0,0.0,0.0,-0.0719948316447661,-0.1461713248545251,0.03599741582238305,-0.52,-1.42,9.23,0.077,0.9129838347434998,0.0,0.0012401789426803589,1.0,1.0,7.8,0.34900000000000003,True,True,False
9.319910526275635,stop_after_005,1.3199105262756348,0.0,0.0,0.0,-0.050178215994836975,-0.13199052468207118,0.06981317007977318,-0.41000000000000003,-1.3900000000000001,8.96,0.077,0.9127976298332214,0.0,0.002197735011577606,1.0,1.0,7.8,0.34900000000000003,True,True,False
9.340281009674072,stop_after_005,1.3402810096740723,0.0,0.0,0.0,-0.06217735460229799,-0.1538071403320003,0.05235987755982989,-0.59,-1.58,9.33,0.153,0.9130441546440125,0.0,0.0011274665594100952,1.0,1.0,7.8,0.34900000000000003,True,True,False
9.360658407211304,stop_after_005,1.3606584072113037,0.0,0.0,0.0,-0.05890486225480862,-0.1505346479845109,0.09053895494720585,-0.49,-1.52,9.290000000000001,0.077,0.9116891026496887,0.0,0.0018470436334609985,1.0,1.0,7.8,0.34900000000000003,True,True,False
9.381367206573486,stop_after_005,1.3813672065734863,0.0,0.0,0.0,-0.05672320068981571,-0.10799224746714914,0.0818123086872342,-0.47000000000000003,-1.3900000000000001,8.98,0.0,0.9097340703010559,0.0,0.0016987696290016174,1.0,1.0,7.8,0.34900000000000003,True,True,False
9.401748895645142,stop_after_005,1.4017488956451416,0.0,0.0,0.0,-0.04254240051736178,-0.13962634015954636,0.08508480103472356,-0.52,-1.41,9.51,0.077,0.9089105725288391,0.0,0.0021760091185569763,1.0,1.0,7.8,0.34900000000000003,True,True,False
9.422153949737549,stop_after_005,1.4221539497375488,0.0,0.0,0.0,-0.044724062082354694,-0.08508480103472356,0.06217735460229799,-0.54,-1.33,9.02,0.153,0.9067568778991699,0.0,0.0014794990420341492,1.0,1.0,7.8,0.34900000000000003,True,True,False
9.44252610206604,stop_after_005,1.44252610206604,0.0,0.0,0.0,-0.05672320068981571,-0.09926560120717749,0.004363323129985824,-0.4,-1.41,9.55,0.153,0.9059208631515503,0.0,0.003985688090324402,1.0,1.0,7.8,0.36300000000000004,True,True,False
9.462901592254639,stop_after_005,1.4629015922546387,0.0,0.0,0.0,-0.0545415391248228,-0.10362892433716332,0.009817477042468103,-0.3,-1.36,9.17,0.077,0.9046448469161987,0.0,0.0011257454752922058,1.0,1.0,7.8,0.36300000000000004,True,True,False
9.484296798706055,stop_after_005,1.4842967987060547,0.0,0.0,0.0,-0.055632369907319255,-0.11017390903214205,0.019634954084936207,-0.54,-1.44,9.13,0.077,0.9037246108055115,0.0,0.0010321587324142456,1.0,1.0,7.8,0.36300000000000004,True,True,False
9.504674911499023,stop_after_005,1.5046749114990234,0.0,0.0,0.0,-0.06981317007977318,-0.10581058590215622,0.031634092692397225,-0.28,-1.54,9.35,0.153,0.9024832248687744,0.0,0.001761898398399353,1.0,1.0,7.8,0.36300000000000004,True,True,False
9.5250403881073,stop_after_005,1.5250403881072998,0.0,0.0,0.0,-0.05672320068981571,-0.04036073895236887,0.06872233929727672,-0.3,-1.45,9.16,0.077,0.9005743861198425,0.0,0.003619551658630371,1.0,1.0,7.8,0.36300000000000004,True,True,False
9.545412302017212,stop_after_005,1.545412302017212,0.0,0.0,0.0,-0.07526732399225546,-0.05345070834232634,0.037088246604879506,-0.18,-1.61,9.07,0.077,0.90011066198349,0.0,0.0019584670662879944,1.0,1.0,7.8,0.36300000000000004,True,True,False
9.565778255462646,stop_after_005,1.5657782554626465,0.0,0.0,0.0,-0.04363323129985824,-0.07090400086226964,0.025089107997418487,-0.84,-1.71,8.94,0.0,0.9024633765220642,0.0,0.002640269696712494,1.0,1.0,7.8,0.36300000000000004,True,True,False
9.586140394210815,stop_after_005,1.5861403942108154,0.0,0.0,0.0,-0.022907446432425576,-0.06654067773228381,0.007635815477475192,-0.44,-1.37,9.38,0.077,0.9043161273002625,0.0,0.002143455669283867,1.0,1.0,7.8,0.36300000000000004,True,True,False
9.606514692306519,stop_after_005,1.6065146923065186,0.0,0.0,0.0,-0.044724062082354694,-0.04254240051736178,-0.07090400086226964,-0.32,-1.37,9.200000000000001,0.0,0.9049538969993591,0.0,0.0013819709420204163,1.0,1.0,7.8,0.36300000000000004,True,True,False
9.626877784729004,stop_after_005,1.626877784729004,0.0,0.0,0.0,-0.028361600344907856,-0.07744898555724837,-0.11126473981463851,-0.12,-1.6600000000000001,9.42,0.0,0.9069592952728271,0.0,0.00209161639213562,1.0,1.0,7.8,0.36300000000000004,True,True,False
9.647356033325195,stop_after_005,1.6473560333251953,0.0,0.0,0.0,-0.004363323129985824,-0.08726646259971647,-0.06872233929727672,-0.13,-1.6500000000000001,9.36,0.0,0.9085119962692261,0.0,0.0016187727451324463,1.0,1.0,7.8,0.266,True,True,False
9.667720556259155,stop_after_005,1.6677205562591553,0.0,0.0,0.0,-0.004363323129985824,-0.11126473981463851,-0.017453292519943295,-0.27,-1.62,9.19,0.077,0.9093265533447266,0.0,0.001453407108783722,1.0,1.0,7.8,0.266,True,True,False
9.688199520111084,stop_after_005,1.688199520111084,0.0,0.0,0.0,-0.04036073895236887,-0.05999569303730508,0.03490658503988659,-0.29,-1.3800000000000001,9.13,0.0,0.9076297283172607,0.0,0.0039396733045578,1.0,1.0,7.8,0.266,True,True,False
9.708571195602417,stop_after_005,1.708571195602417,0.0,0.0,0.0,-0.04799655442984406,-0.0719948316447661,0.03490658503988659,-0.09,-1.36,9.34,0.0,0.9080316424369812,0.0,0.001139909029006958,1.0,1.0,7.8,0.266,True,True,False
9.729013442993164,stop_after_005,1.729013442993164,0.0,0.0,0.0,-0.04581489286485115,-0.04799655442984406,0.015271630954950384,-0.22,-1.3800000000000001,9.13,0.077,0.9078278541564941,0.0,0.001992844045162201,1.0,1.0,7.8,0.266,True,True,False
9.749380826950073,stop_after_005,1.7493808269500732,0.0,0.0,0.0,-0.04036073895236887,-0.06217735460229799,-0.007635815477475192,-0.27,-1.56,9.31,0.077,0.9094135761260986,0.0,0.0020766034722328186,1.0,1.0,7.8,0.266,True,True,False
9.769757747650146,stop_after_005,1.7697577476501465,0.0,0.0,0.0,-0.037088246604879506,-0.05235987755982989,-0.007635815477475192,-0.35000000000000003,-1.8,9.01,0.0,0.9092534780502319,0.0,0.0016578547656536102,1.0,1.0,7.8,0.266,True,True,False
9.790118932723999,stop_after_005,1.790118932723999,0.0,0.0,0.0,-0.044724062082354694,-0.05126904677733343,0.015271630954950384,-0.22,-1.72,9.21,0.077,0.9105694890022278,0.0,0.0006603598594665527,1.0,1.0,7.8,0.266,True,True,False
9.810503244400024,stop_after_005,1.8105032444000244,0.0,0.0,0.0,-0.044724062082354694,-0.06981317007977318,-0.017453292519943295,-0.27,-1.75,9.200000000000001,0.0,0.9117191433906555,0.0,0.00163230299949646,1.0,1.0,7.8,0.266,True,True,False
9.83086347579956,stop_after_005,1.8308634757995605,0.0,0.0,0.0,-0.031634092692397225,-0.08617563181722002,-0.002181661564992912,-0.14,-1.74,9.18,0.0,0.9132761359214783,0.0,0.0007511302828788757,1.0,1.0,7.8,0.266,True,True,False
9.851343631744385,stop_after_005,1.8513436317443848,0.0,0.0,0.0,-0.014180800172453928,-0.08072147790473774,0.02181661564992912,-0.24,-1.6500000000000001,8.82,0.077,0.9136887788772583,0.0,0.002952761948108673,1.0,1.0,7.9,0.258,True,True,False
9.871709108352661,stop_after_005,1.8717091083526611,0.0,0.0,0.0,-0.0272707695624114,-0.06981317007977318,0.1439896632895322,-0.33,-1.6400000000000001,9.35,0.0,0.9124859571456909,0.0,0.004819810390472412,1.0,1.0,7.9,0.258,True,True,False
9.892193078994751,stop_after_005,1.892193078994751,0.0,0.0,0.0,-0.039269908169872414,-0.05781403147231216,-0.015271630954950384,-0.11,-1.48,9.24,0.0,0.9130613207817078,0.0,0.005715668201446533,1.0,1.0,7.9,0.258,True,True,False
9.912559509277344,stop_after_005,1.9125595092773438,0.0,0.0,0.0,-0.025089107997418487,-0.04908738521234052,-0.017453292519943295,-0.03,-1.52,9.15,0.077,0.9125921130180359,0.0,0.00102996826171875,1.0,1.0,7.9,0.258,True,True,False
9.933029651641846,stop_after_005,1.9330296516418457,0.0,0.0,0.0,-0.028361600344907856,-0.05999569303730508,-0.019634954084936207,-0.12,-1.67,9.24,0.0,0.9114199876785278,0.0,0.0009627342224121094,1.0,1.0,7.9,0.258,True,True,False
9.953415393829346,stop_after_005,1.9534153938293457,0.0,0.0,0.0,-0.0272707695624114,-0.04581489286485115,-0.02399827721492203,-0.17,-1.7,9.1,0.0,0.9097988605499268,0.0,0.0010573714971542358,1.0,1.0,7.9,0.258,True,True,False
9.973798274993896,stop_after_005,1.9737982749938965,0.0,0.0,0.0,-0.028361600344907856,-0.04254240051736178,-0.015271630954950384,-0.07,-1.75,9.21,0.077,0.9077581167221069,0.0,0.0012425631284713745,1.0,1.0,7.9,0.258,True,True,False
9.994169235229492,stop_after_005,1.9941692352294922,0.0,0.0,0.0,-0.03381575425739013,-0.037088246604879506,-0.009817477042468103,0.0,-1.7,9.120000000000001,0.0,0.9054078459739685,0.0,0.0010449886322021484,1.0,1.0,7.9,0.258,True,True,False
10.01453685760498,forward_010,0.014536857604980469,0.1,0.0,0.0,-0.02945243112740431,-0.04799655442984406,-0.002181661564992912,-0.1,-1.74,9.25,0.0,0.7934001684188843,0.0,0.1889660283923149,1.0,1.0,7.9,0.258,True,True,False
10.034898281097412,forward_010,0.03489828109741211,0.1,0.0,0.0,-0.019634954084936207,-0.038179077387375956,-0.002181661564992912,-0.08,-1.67,9.16,0.0,0.8953709006309509,0.0,0.07583980727940798,1.0,1.0,7.9,0.258,True,True,False
10.055285453796387,forward_010,0.05528545379638672,0.1,0.0,0.0,-0.015271630954950384,-0.032724923474893676,-0.019634954084936207,-0.08,-1.69,9.23,0.537,0.9062834978103638,0.0,0.11901148781180382,1.0,1.0,7.2,2.3670000000000004,True,True,False
10.075644969940186,forward_010,0.07564496994018555,0.1,0.0,0.0,-0.008726646259971648,-0.022907446432425576,-0.025089107997418487,0.0,-1.73,9.16,1.304,0.8293530344963074,0.0,0.11097370088100433,1.0,1.0,7.2,2.3670000000000004,True,True,False
10.096014738082886,forward_010,0.09601473808288574,0.1,0.0,0.0,0.07635815477475191,0.017453292519943295,-0.07526732399225546,0.0,-1.73,9.16,1.918,0.9196527004241943,0.0,0.10769319348037243,1.0,1.0,7.2,2.3670000000000004,True,True,False
10.116398096084595,forward_010,0.11639809608459473,0.1,0.0,0.0,0.6544984694978736,0.40033489717619936,-0.2814343418840856,2.72,-0.37,9.200000000000001,2.378,0.9250502586364746,0.0,0.08898822870105505,1.0,1.0,7.2,2.3670000000000004,True,True,False
10.136772394180298,forward_010,0.13677239418029785,0.1,0.0,0.0,1.2762720155208536,0.6370451769779303,-0.7592182246175333,2.72,-0.37,9.200000000000001,2.915,0.9117336869239807,0.0,0.07157305255532265,1.0,1.0,7.2,2.3670000000000004,True,True,False
10.15720796585083,forward_010,0.15720796585083008,0.1,0.0,0.0,1.4060808786379317,0.8366672101747817,-1.3744467859455345,1.82,-3.27,9.71,3.145,0.751720130443573,0.0,0.1708533614873886,1.0,1.0,7.2,2.3670000000000004,True,True,False
10.177664756774902,forward_010,0.17766475677490234,0.1,0.0,0.0,1.4475324483727972,0.6337726846304409,-1.7311484518218756,1.82,-3.27,9.71,2.762,0.8042579889297485,0.0,0.0844867005944252,1.0,1.0,7.2,2.3670000000000004,True,True,False
10.198155164718628,forward_010,0.19815516471862793,0.1,0.0,0.0,1.79441663720667,0.6872233929727672,-1.698423528346982,-2.5,-3.48,9.14,1.918,0.9494032263755798,0.0,0.15651430934667587,1.0,1.0,7.2,2.3670000000000004,True,True,False
10.218526124954224,forward_010,0.21852612495422363,0.1,0.0,0.0,2.01912777840094,0.6392268385429232,-0.8312130562622995,-2.5,-3.48,9.14,1.6110000000000002,0.8801619410514832,0.0,0.06856736075133085,1.0,0.0,7.2,2.3670000000000004,True,True,False
10.238892078399658,forward_010,0.2388920783996582,0.1,0.0,0.0,0.892299580082101,0.4177881896961426,-1.6177020504422441,-1.69,-0.44,5.46,2.071,0.9145779609680176,0.0,0.08757816255092621,1.0,0.0,7.2,2.3670000000000004,True,True,False
10.259262561798096,forward_010,0.2592625617980957,0.1,0.0,0.0,-0.018544123302439753,-0.44724062082354693,-1.3362677085581585,-0.01,-0.65,5.8100000000000005,2.225,0.9552323222160339,0.07142857142857142,0.12237100023776293,1.0,0.0,7.6,0.7999999999999998,True,True,False
10.280296802520752,forward_010,0.28029680252075195,0.1,0.0,0.0,-0.018544123302439753,-0.44724062082354693,-1.3362677085581585,-1.5,0.07,6.0,2.762,0.9630451202392578,0.07142857142857142,0.054700519889593124,1.0,0.0,7.6,0.7999999999999998,True,True,False
10.300655841827393,forward_010,0.3006558418273926,0.1,0.0,0.0,-0.018544123302439753,-0.44724062082354693,-1.3362677085581585,-0.28,1.7,6.49,2.915,0.9279739856719971,0.0,0.050310506601817906,1.0,0.0,7.6,0.7999999999999998,True,True,False
10.321072578430176,forward_010,0.3210725784301758,0.1,0.0,0.0,-0.018544123302439753,-0.44724062082354693,-1.3362677085581585,-0.28,1.7,6.49,2.302,0.9172139167785645,0.0,0.07247599586844444,1.0,0.0,7.6,0.7999999999999998,True,True,False
10.341594219207764,forward_010,0.34159421920776367,0.1,0.0,0.0,-1.3482668471656196,-0.8443030256522569,0.06544984694978735,-2.64,5.24,8.09,1.995,0.9388846158981323,0.0,0.07541342079639435,1.0,0.0,7.6,0.7999999999999998,True,True,False
10.362072944641113,forward_010,0.3620729446411133,0.1,0.0,0.0,-2.011491962923465,-1.1388273369263,-0.6272276999354622,0.26,2.82,9.15,1.765,0.8811347484588623,0.0,0.07767920382320881,1.0,1.0,7.6,0.7999999999999998,True,True,False
10.382456302642822,forward_010,0.38245630264282227,0.1,0.0,0.0,-2.4467334451395506,-1.3209960776032081,-0.5159629601208237,1.9000000000000001,-1.32,5.28,1.918,0.7906334400177002,0.0,0.12245110888034105,1.0,1.0,7.6,0.7999999999999998,True,True,False
10.402947425842285,forward_010,0.40294742584228516,0.1,0.0,0.0,-2.8176159111883456,-1.6155203888772514,-0.4374231437810788,1.17,-1.82,5.8100000000000005,1.995,0.6574104428291321,0.0,0.07494860235601664,0.0,1.0,7.6,0.7999999999999998,True,True,False
10.42337441444397,forward_010,0.4233744144439697,0.1,0.0,0.0,-1.8795014382413937,-1.1540989678812503,-0.19525871006686563,1.17,-1.82,5.8100000000000005,1.6110000000000002,0.6526174545288086,0.0,0.04847486037760973,0.0,1.0,7.6,0.7999999999999998,True,True,False
10.443754434585571,forward_010,0.4437544345855713,0.1,0.0,0.0,-0.23671027980173096,-0.4341506514335895,1.526072264712542,-3.34,-3.35,7.890000000000001,1.6110000000000002,0.8390246033668518,0.0,0.1627725437283516,0.0,1.0,7.6,0.7999999999999998,True,True,False
10.464217901229858,forward_010,0.4642179012298584,0.1,0.0,0.0,0.4734205596034619,-0.7134033317526822,1.4748032179352084,4.83,0.07,2.56,1.995,0.7618445754051208,0.0,0.24216069281101227,0.0,1.0,7.8,0.683,True,True,False
10.484579086303711,forward_010,0.48457908630371094,0.1,0.0,0.0,0.729765793490129,-1.5806138038373647,0.346884188833873,3.71,-3.93,7.640000000000001,1.765,0.5797738432884216,0.0,0.1829277127981186,0.0,1.0,7.8,0.683,True,True,False
10.504962682723999,forward_010,0.504962682723999,0.1,0.0,0.0,0.9621127501618741,-2.251474735072685,-0.38942658935123475,3.97,-3.46,8.02,1.381,0.8254453539848328,0.0,0.1011006897315383,0.0,1.0,7.8,0.683,True,True,False
10.52540636062622,forward_010,0.5254063606262207,0.1,0.0,0.0,1.0941032748439454,-2.45000593748704,-0.5355979142057599,1.9000000000000001,-3.96,5.43,1.688,0.8005436658859253,0.0,0.06918545812368393,0.0,1.0,7.8,0.683,True,True,False
10.545876026153564,forward_010,0.5458760261535645,0.1,0.0,0.0,1.1977321991811087,-2.2067506729903306,-0.43196898986859655,2.6,-1.16,6.09,1.995,0.6857161521911621,0.0,0.05415405007079244,0.0,1.0,7.8,0.683,True,True,False
10.566253900527954,forward_010,0.5662539005279541,0.1,0.0,0.0,1.4060808786379317,-2.073669317525763,-0.284706834231575,3.71,-0.52,8.32,2.302,0.8572543263435364,0.0,0.048942945431917906,0.0,1.0,7.8,0.683,True,True,False
10.586628198623657,forward_010,0.5866281986236572,0.1,0.0,0.0,1.2228213071785272,-1.9744037163185852,-0.7744898555724837,3.06,-1.16,8.08,2.762,0.8127972483634949,0.0,0.06417346856324002,0.0,1.0,7.8,0.683,True,True,False
10.606998205184937,forward_010,0.6069982051849365,0.1,0.0,0.0,0.5563236990731926,-1.3777192782930239,-0.9370236421644557,2.91,-3.04,6.23,2.225,0.6585740447044373,0.0,0.09223531372845173,0.0,1.0,7.8,0.683,True,True,False
10.627366542816162,forward_010,0.6273665428161621,0.1,0.0,0.0,0.3294308963139297,-0.5585053606381855,-1.0482883819790942,4.41,-2.34,8.21,1.381,0.7685640454292297,0.0,0.182659812271595,1.0,1.0,7.8,0.683,True,True,False
10.647740125656128,forward_010,0.6477401256561279,0.1,0.0,0.0,0.5094179754258449,-0.05126904677733343,-1.2380929381334775,4.41,-2.34,8.21,1.381,0.9191184043884277,0.0,0.10196300130337477,1.0,1.0,7.8,0.683,True,True,False
10.668128490447998,forward_010,0.668128490447998,0.1,0.0,0.0,0.8759371183446542,0.16035212502697901,-1.5893404500973363,4.41,-2.34,8.21,1.227,0.9405847191810608,0.0,0.0678241653367877,1.0,0.0,7.0,2.851,True,True,False
10.68862771987915,forward_010,0.6886277198791504,0.1,0.0,0.0,0.36106498900632694,0.26070855701665296,-1.6591536201771095,4.41,-2.34,8.21,1.381,0.9548085331916809,0.07142857142857142,0.06102464068681002,1.0,1.0,7.0,2.851,True,True,False
10.708990573883057,forward_010,0.7089905738830566,0.1,0.0,0.0,0.40578905108868163,0.40578905108868163,-0.5181446216858165,4.41,-2.34,8.21,2.378,0.9598733186721802,0.07142857142857142,0.041369013488292694,1.0,1.0,7.0,2.851,True,True,False
10.729355573654175,forward_010,0.7293555736541748,0.1,0.0,0.0,-0.31525009614147576,0.49632800603588745,-0.4036073895236887,4.41,-2.34,8.21,2.685,0.9689076542854309,0.07142857142857142,0.03858946729451418,1.0,1.0,7.0,2.851,True,True,False
10.749725103378296,forward_010,0.7497251033782959,0.1,0.0,0.0,-0.8181230868723419,0.29670597283903605,-0.34579335805137656,3.0500000000000003,-0.39,9.58,2.378,0.9754154682159424,0.07142857142857142,0.040305718779563904,1.0,1.0,7.0,2.851,True,True,False
10.7700936794281,forward_010,0.7700936794281006,0.1,0.0,0.0,-1.0090184738092218,0.36760997370130566,-0.00545415391248228,4.36,-0.29,4.93,1.918,0.9774026870727539,0.07142857142857142,0.06470972113311291,1.0,1.0,7.0,2.851,True,True,False
10.790560007095337,forward_010,0.7905600070953369,0.1,0.0,0.0,-0.9130253649495337,0.5203262832508095,0.3021601267515183,4.43,0.09,6.76,1.304,0.9760043621063232,0.07142857142857142,0.031004151329398155,1.0,1.0,7.0,2.851,True,True,False
10.810941696166992,forward_010,0.8109416961669922,0.1,0.0,0.0,-0.7155849933176751,0.6599526234103559,0.28034351110158917,3.66,1.09,7.55,0.9210000000000002,0.9761553406715393,0.07142857142857142,0.026562869548797607,1.0,1.0,7.0,2.851,True,True,False
10.831366062164307,forward_010,0.8313660621643066,0.1,0.0,0.0,-0.6839509006252779,0.9304786574694769,0.18980455615438332,3.11,-0.15,8.15,0.6899999999999998,0.9707881808280945,0.07142857142857142,0.02231721207499504,1.0,1.0,7.0,2.851,True,True,False
10.851730346679688,forward_010,0.8517303466796875,0.1,0.0,0.0,-0.5585053606381855,1.1540989678812503,0.06763150851478027,3.1,0.09,8.11,0.614,0.9655002355575562,0.07142857142857142,0.01654757559299469,1.0,1.0,7.0,2.851,True,True,False
10.872106313705444,forward_010,0.8721063137054443,0.1,0.0,0.0,-0.29561514205653955,1.1879147221386406,-0.1341721862470641,3.39,0.77,8.16,0.46,0.9609394669532776,0.07142857142857142,0.027581165311858058,1.0,1.0,7.9,0.11700000000000002,True,True,False
10.892473936080933,forward_010,0.8924739360809326,0.1,0.0,0.0,-0.3490658503988659,1.385355093770499,-0.2716168648416175,3.35,-0.62,7.9,0.46,0.9444628953933716,0.0,0.0145920030772686,1.0,1.0,7.9,0.11700000000000002,True,True,False
10.912842512130737,forward_010,0.9128425121307373,0.1,0.0,0.0,-0.32615840396644036,1.4693490640227262,-0.3021601267515183,2.7,0.12,8.05,0.384,0.9320089221000671,0.0,0.016909658908843994,1.0,1.0,7.9,0.11700000000000002,True,True,False
10.933218002319336,forward_010,0.9332180023193359,0.1,0.0,0.0,-0.1734420944169365,1.5784321422723717,-0.358883327441334,2.5,-0.35000000000000003,8.48,0.307,0.9064369797706604,0.0,0.01689978688955307,1.0,1.0,7.9,0.11700000000000002,True,True,False
10.95358657836914,forward_010,0.9535865783691406,0.1,0.0,0.0,-0.22252947962927702,1.631882850614698,-0.25089107997418486,2.38,-1.09,9.67,0.46,0.8772339820861816,0.0,0.02322457917034626,1.0,1.0,7.9,0.11700000000000002,True,True,False
10.97396206855774,forward_010,0.9739620685577393,0.1,0.0,0.0,-0.23561944901923448,1.6395186660921732,0.006544984694978736,1.47,-0.67,8.48,0.46,0.8623442053794861,0.0,0.038450755178928375,1.0,1.0,7.9,0.11700000000000002,True,True,False
10.994429349899292,forward_010,0.994429349899292,0.1,0.0,0.0,-0.1930770485018727,1.6329736813971947,0.12980886311707826,1.36,-1.09,8.23,0.614,0.8523009419441223,0.0,0.0321402233093977,1.0,1.0,7.9,0.11700000000000002,True,True,False
11.01482892036438,forward_010,1.0148289203643799,0.1,0.0,0.0,-0.1636246173744684,1.6362461737446838,0.34797501961636945,0.52,-1.78,9.200000000000001,0.614,0.8518316149711609,0.0,0.039405446499586105,1.0,1.0,7.9,0.11700000000000002,True,True,False
11.035295724868774,forward_010,1.0352957248687744,0.1,0.0,0.0,-0.06981317007977318,1.6078845733997762,0.6588617926278594,-0.22,-1.44,9.18,0.6899999999999998,0.7892444133758545,0.0,0.07644649408757687,1.0,1.0,7.9,0.11700000000000002,True,True,False
11.055680513381958,forward_010,1.055680513381958,0.1,0.0,0.0,-0.0272707695624114,1.624247035137223,0.9032078879070655,-0.74,-1.9100000000000001,9.07,0.9210000000000002,0.6432449221611023,0.0,0.09475602395832539,1.0,1.0,7.9,0.11700000000000002,True,True,False
11.076044797897339,forward_010,1.0760447978973389,0.1,0.0,0.0,0.050178215994836975,1.5653421728824144,1.1475539831862718,-0.74,-1.9100000000000001,9.07,1.304,0.7094407677650452,0.0,0.08384601585566998,1.0,1.0,7.2,2.275,True,True,False
11.096400737762451,forward_010,1.0964007377624512,0.1,0.0,0.0,0.1439896632895322,1.4169891864628963,1.2849986617808251,-0.74,-1.9100000000000001,9.07,1.534,0.8141754865646362,0.0,0.0758759155869484,0.0,1.0,7.2,2.275,True,True,False
11.1167733669281,forward_010,1.1167733669281006,0.1,0.0,0.0,0.10362892433716332,1.4944381720201447,0.40251655874119224,-5.0200000000000005,1.2,8.83,2.071,0.7753987908363342,0.0,0.08116275537759066,0.0,1.0,7.2,2.275,True,True,False
11.137138843536377,forward_010,1.137138843536377,0.1,0.0,0.0,0.19198621771937624,0.8955720724295904,0.2977968036215325,-2.64,-0.9500000000000001,7.44,1.765,0.7618194818496704,0.0,0.1073002852499485,0.0,1.0,7.2,2.275,True,True,False
11.157606363296509,forward_010,1.1576063632965088,0.1,0.0,0.0,0.4439681284760576,0.24107360293171676,-0.05890486225480862,-2.64,-2.77,5.43,1.381,0.9552538990974426,0.07142857142857142,0.10057083517313004,0.0,1.0,7.2,2.275,True,True,False
11.177974700927734,forward_010,1.1779747009277344,0.1,0.0,0.0,0.4559672670835186,-0.5105088062083414,-0.13199052468207118,-2.64,-2.77,5.43,1.304,0.8694446682929993,0.0,0.24317189306020737,0.0,1.0,7.2,2.275,True,True,False
11.198347091674805,forward_010,1.1983470916748047,0.1,0.0,0.0,0.48432886742842646,-0.7395832705325971,0.3425208657038872,-2.33,-5.72,6.8100000000000005,0.9970000000000001,0.8810462355613708,0.0,0.19350691512227058,0.0,1.0,7.2,2.275,True,True,False
11.218836784362793,forward_010,1.218836784362793,0.1,0.0,0.0,0.5312345910757741,-0.8966629032120869,0.7188574856651645,-0.11,-0.18,5.28,1.458,0.9523426294326782,0.07142857142857142,0.10958627238869667,0.0,1.0,7.2,2.275,True,True,False
11.23921823501587,forward_010,1.2392182350158691,0.1,0.0,0.0,0.5988660995905544,-0.7014041931452212,0.33815754257390135,0.6,-0.41000000000000003,4.14,2.685,0.958332896232605,0.14285714285714285,0.05638457281747833,0.0,1.0,7.2,2.275,True,True,False
11.259698390960693,forward_010,1.2596983909606934,0.1,0.0,0.0,0.5934119456780721,-0.44505895925855404,0.16907877128695067,-1.95,-0.5,6.72,1.918,0.9644562005996704,0.07142857142857142,0.10226616216823459,1.0,1.0,7.2,2.275,True,True,False
11.280091047286987,forward_010,1.2800910472869873,0.1,0.0,0.0,0.6588617926278594,-0.15271630954950383,0.14726215563702155,-2.82,0.9,8.0,1.458,0.972163200378418,0.07142857142857142,0.15638130204752088,1.0,1.0,7.7,0.52,True,True,False
11.30153751373291,forward_010,1.3015375137329102,0.1,0.0,0.0,1.1475539831862718,-0.16035212502697901,0.5835944686356039,-2.82,0.9,8.0,1.381,0.9804289937019348,0.14285714285714285,0.06375202536582947,1.0,1.0,7.7,0.52,True,True,False
11.321924209594727,forward_010,1.3219242095947266,0.1,0.0,0.0,0.24216443371421323,0.3272492347489368,-1.2020955223110945,-2.82,0.9,8.0,1.381,0.9777637124061584,0.07142857142857142,0.21258826553821564,1.0,1.0,7.7,0.52,True,True,False
11.342408657073975,forward_010,1.3424086570739746,0.1,0.0,0.0,-0.1930770485018727,-0.5050546522958591,-1.6766069126970529,0.8300000000000001,2.75,2.0,1.227,0.9657565951347351,0.07142857142857142,0.05827523209154606,1.0,0.0,7.7,0.52,True,True,False
11.362777948379517,forward_010,1.3627779483795166,0.1,0.0,0.0,-0.5508695451607103,-0.11235557059713497,-0.7046766854927106,1.57,-0.9500000000000001,1.68,2.302,0.9577851295471191,0.07142857142857142,0.11117953062057495,1.0,0.0,7.7,0.52,True,True,False
11.383253335952759,forward_010,1.3832533359527588,0.1,0.0,0.0,-0.7079491778402,-0.25743606466916363,-0.1538071403320003,-0.38,0.31,6.1000000000000005,2.608,0.9736981391906738,0.14285714285714285,0.049073901027441025,1.0,0.0,7.7,0.52,True,True,False
11.403620719909668,forward_010,1.403620719909668,0.1,0.0,0.0,-0.8203047484373349,-0.4374231437810788,0.42542400517361784,-0.38,0.31,6.1000000000000005,2.455,0.9793019890785217,0.14285714285714285,0.05705522932112217,1.0,1.0,7.7,0.52,True,True,False
11.424026012420654,forward_010,1.4240260124206543,0.1,0.0,0.0,-1.2980886311707827,-1.0341075818066403,0.9981101659842572,-0.38,0.31,6.1000000000000005,1.918,0.9915829300880432,0.14285714285714285,0.130210742354393,1.0,1.0,7.7,0.52,True,True,False
11.444414615631104,forward_010,1.4444146156311035,0.1,0.0,0.0,-1.6002487579223008,-1.1999138607461015,0.717766654882668,3.14,2.5300000000000002,7.05,1.381,0.9607991576194763,0.07142857142857142,0.14433620870113373,1.0,1.0,7.7,0.52,True,True,False
11.464881658554077,forward_010,1.4648816585540771,0.1,0.0,0.0,-1.3689926320330523,-0.9326603190344699,0.031634092692397225,3.14,2.5300000000000002,7.05,0.767,0.9558503031730652,0.07142857142857142,0.10978122055530548,0.0,1.0,7.7,0.52,True,True,False
11.48525857925415,forward_010,1.4852585792541504,0.1,0.0,0.0,-0.48978302134090873,-0.038179077387375956,0.4363323129985824,3.14,2.5300000000000002,7.05,1.6110000000000002,0.9589408040046692,0.07142857142857142,0.09215215593576431,0.0,1.0,7.7,0.42800000000000005,True,True,False
11.505629062652588,forward_010,1.505629062652588,0.1,0.0,0.0,0.06217735460229799,-0.19198621771937624,1.0330167510241437,-3.7600000000000002,-4.0600000000000005,8.28,1.765,0.9847028255462646,0.21428571428571427,0.13911204203031957,0.0,1.0,7.7,0.42800000000000005,True,True,False
11.526009798049927,forward_010,1.5260097980499268,0.1,0.0,0.0,0.9370236421644557,-0.6337726846304409,0.17562375598192942,2.25,-1.37,8.19,1.304,0.9695901870727539,0.14285714285714285,0.22444572113454342,1.0,1.0,7.7,0.42800000000000005,True,True,False
11.54637598991394,forward_010,1.5463759899139404,0.1,0.0,0.0,0.8988445647770797,-1.00029182754925,-0.6861325621902709,0.86,-2.32,6.66,0.767,0.9866597652435303,0.14285714285714285,0.14645897410809994,1.0,1.0,7.7,0.42800000000000005,True,True,False
11.566736698150635,forward_010,1.5667366981506348,0.1,0.0,0.0,0.8584838258247108,-0.8312130562622995,-0.8453938564347534,2.39,-0.74,6.55,0.46,0.9785816073417664,0.07142857142857142,0.10341335367411375,1.0,1.0,7.7,0.42800000000000005,True,True,False
11.587109565734863,forward_010,1.5871095657348633,0.1,0.0,0.0,0.41560652813114973,-0.2007128639793479,-1.1377365061438036,2.39,-0.74,6.55,0.46,0.9863110184669495,0.14285714285714285,0.12679361831396818,1.0,1.0,7.7,0.42800000000000005,True,True,False
11.607491254806519,forward_010,1.6074912548065186,0.1,0.0,0.0,0.09381144729469522,0.3108867730114899,-1.6711527587845705,2.39,-0.74,6.55,0.767,0.987438976764679,0.07142857142857142,0.06283651106059551,1.0,1.0,7.7,0.42800000000000005,True,True,False
11.627967834472656,forward_010,1.6279678344726562,0.1,0.0,0.0,0.04036073895236887,0.2781618495365963,-1.538071403320003,2.39,-0.74,6.55,1.151,0.9860936403274536,0.14285714285714285,0.024250579997897148,1.0,1.0,7.7,0.42800000000000005,True,True,False
11.648325204849243,forward_010,1.6483252048492432,0.1,0.0,0.0,0.0719948316447661,0.22907446432425577,-1.0057459814617324,3.94,-1.51,8.35,0.767,0.9836652874946594,0.07142857142857142,0.08777950704097748,1.0,1.0,7.7,0.42800000000000005,True,True,False
11.668757915496826,forward_010,1.6687579154968262,0.1,0.0,0.0,0.21162117180431245,0.09490227807719166,-0.7341291166201148,2.92,-0.44,7.68,0.844,0.9881218671798706,0.07142857142857142,0.06300250999629498,1.0,1.0,7.7,0.42800000000000005,True,True,False
11.689138174057007,forward_010,1.6891381740570068,0.1,0.0,0.0,0.4112432050011639,-0.13526301702956053,-0.19744037163185854,1.37,-1.59,9.290000000000001,0.767,0.987152099609375,0.07142857142857142,0.036600008606910706,1.0,1.0,7.9,0.17800000000000005,True,True,False
11.709514379501343,forward_010,1.7095143795013428,0.1,0.0,0.0,-0.37960911230876665,0.08617563181722002,0.18762289458939044,-1.53,-2.23,9.47,0.6899999999999998,0.9903416633605957,0.14285714285714285,0.15293589583598077,1.0,1.0,7.9,0.17800000000000005,True,True,False
11.729882717132568,forward_010,1.7298827171325684,0.1,0.0,0.0,-0.6795875774952921,0.04581489286485115,0.5017821599483697,-1.53,-2.23,9.47,0.46,0.9838271141052246,0.21428571428571427,0.03259542305022478,1.0,1.0,7.9,0.17800000000000005,True,True,False
11.750248670578003,forward_010,1.750248670578003,0.1,0.0,0.0,-0.1908953869368798,0.3337942194439155,1.0581058590215622,-1.53,-2.23,9.47,0.307,0.986387312412262,0.14285714285714285,0.07123644649982452,1.0,1.0,7.9,0.17800000000000005,True,True,False
11.770617008209229,forward_010,1.7706170082092285,0.1,0.0,0.0,-0.06544984694978735,0.543233729683235,1.1279190291013355,1.78,-0.06,8.24,0.537,0.9749399423599243,0.07142857142857142,0.09265803266316652,1.0,1.0,7.9,0.17800000000000005,True,True,False
11.790988683700562,forward_010,1.7909886837005615,0.1,0.0,0.0,0.038179077387375956,0.38069994309126315,0.8726646259971648,0.96,-0.48,9.41,1.688,0.9874202013015747,0.14285714285714285,0.04921821877360343,1.0,1.0,7.9,0.17800000000000005,True,True,False
11.811367273330688,forward_010,1.8113672733306885,0.1,0.0,0.0,-0.10253809355466686,0.954476934684399,0.3752457891787809,0.61,-0.07,9.28,1.458,0.9824298024177551,0.07142857142857142,0.046290092170238495,1.0,1.0,7.9,0.17800000000000005,True,True,False
11.83174204826355,forward_010,1.8317420482635498,0.1,0.0,0.0,0.061086523819801536,1.2228213071785272,-0.21598449493429828,0.61,-0.07,9.28,0.9970000000000001,0.9760227799415588,0.07142857142857142,0.07134994119405746,1.0,1.0,7.9,0.17800000000000005,True,True,False
11.85222339630127,forward_010,1.8522233963012695,0.1,0.0,0.0,0.3719732968312915,1.016654289286697,-0.717766654882668,0.61,-0.07,9.28,0.767,0.969045877456665,0.14285714285714285,0.09972264105454087,1.0,1.0,7.9,0.17800000000000005,True,True,False
11.872584581375122,forward_010,1.872584581375122,0.1,0.0,0.0,0.4701480672559725,1.1944597068336194,-0.6861325621902709,-1.44,-4.19,8.290000000000001,0.614,0.948253333568573,0.0,0.056143357418477535,1.0,1.0,7.9,0.17800000000000005,True,True,False
11.893014669418335,forward_010,1.893014669418335,0.1,0.0,0.0,0.4112432050011639,1.263182046130896,-0.1308996938995747,-1.87,-2.42,6.890000000000001,1.381,0.9182628393173218,0.0,0.06572404876351357,1.0,1.0,7.6,0.889,True,True,False
11.913382053375244,forward_010,1.9133820533752441,0.1,0.0,0.0,0.31634092692397225,1.2337296150034918,0.14944381720201447,-0.92,-2.0300000000000002,8.53,1.765,0.8905912041664124,0.0,0.05597627907991409,1.0,1.0,7.6,0.889,True,True,False
11.933762788772583,forward_010,1.933762788772583,0.1,0.0,0.0,-0.27052603405912107,1.1955505376161157,0.2617993877991494,0.6900000000000001,-0.1,9.28,2.071,0.8871604204177856,0.0,0.04969794303178787,1.0,1.0,7.6,0.889,True,True,False
11.954137802124023,forward_010,1.9541378021240234,0.1,0.0,0.0,-0.607592745850526,0.7690357016600015,1.423534171157875,1.1300000000000001,2.02,8.84,1.534,0.9009726047515869,0.0,0.05838356912136078,1.0,1.0,7.6,0.889,True,True,False
11.974507331848145,forward_010,1.9745073318481445,0.1,0.0,0.0,-0.6784967467127956,0.6141377305455047,1.9133171924987837,1.1300000000000001,2.02,8.84,1.151,0.89933842420578,0.0,0.0342559888958931,1.0,1.0,7.6,0.889,True,True,False
11.9949951171875,forward_010,1.9949951171875,0.1,0.0,0.0,-0.8584838258247108,0.8704829644321719,1.5991579271398044,1.1300000000000001,2.02,8.84,0.9210000000000002,0.883476734161377,0.0,0.044453565031290054,0.0,1.0,7.6,0.889,True,True,False
12.015360116958618,forward_010,2.015360116958618,0.1,0.0,0.0,-1.2260937995260166,1.451895771502783,1.0581058590215622,-2.82,1.58,5.17,0.9210000000000002,0.7735926508903503,0.0,0.15286124218255281,0.0,1.0,7.6,0.889,True,True,False
12.035786390304565,forward_010,2.0357863903045654,0.1,0.0,0.0,-1.2740903539558606,0.8508480103472357,0.49960049838337683,2.29,-1.71,7.61,0.614,0.8374263644218445,0.0,0.07214721292257309,0.0,1.0,7.6,0.889,True,True,False
12.056214332580566,forward_010,2.0562143325805664,0.1,0.0,0.0,-1.177006414313676,0.8999353955595761,-0.15707963267948966,-0.88,-4.5,6.4,0.844,0.7626363039016724,0.0,0.08599780342774466,0.0,1.0,7.6,0.889,True,True,False
12.076661586761475,forward_010,2.0766615867614746,0.1,0.0,0.0,-0.6610434541928523,0.9850201965942997,0.5017821599483697,-6.140000000000001,-5.84,8.57,1.227,0.893223226070404,0.0,0.14179871388478205,0.0,1.0,7.6,0.889,True,True,False
12.097097635269165,forward_010,2.097097635269165,0.1,0.0,0.0,-0.5585053606381855,0.8464846872172498,0.6010477611555473,-4.38,-5.05,8.02,1.151,0.850805401802063,0.0,0.11888712784275413,0.0,1.0,6.5,4.478,True,True,False
12.117469787597656,forward_010,2.1174697875976562,0.1,0.0,0.0,-0.3665191429188092,0.3883357585687383,0.6272276999354622,0.01,-4.01,7.03,1.841,0.6987266540527344,0.0,0.08921457082033157,0.0,1.0,6.5,4.478,True,True,False
12.137840032577515,forward_010,2.1378400325775146,0.1,0.0,0.0,0.10035643198967395,0.4930555136883981,0.7723081940074908,-4.6000000000000005,-1.97,5.54,2.608,0.8985412120819092,0.0,0.1119167935103178,0.0,1.0,6.5,4.478,True,True,False
12.1583731174469,forward_010,2.1583731174468994,0.1,0.0,0.0,0.605411084285533,-0.05672320068981571,0.6861325621902709,-4.0600000000000005,-2.23,8.290000000000001,2.378,0.9615301489830017,0.07142857142857142,0.04780993610620499,0.0,1.0,6.5,4.478,True,True,False
12.178726196289062,forward_010,2.1787261962890625,0.1,0.0,0.0,0.9010262263420726,-0.17671458676442586,0.18653206380689397,-4.29,-3.0100000000000002,9.02,3.145,0.9687336683273315,0.07142857142857142,0.17229309678077698,0.0,1.0,6.5,4.478,True,True,False
12.199092626571655,forward_010,2.1990926265716553,0.1,0.0,0.0,1.1475539831862718,-0.2912518189265537,-0.2825251726665821,-4.29,-3.0100000000000002,9.02,1.995,0.9418412446975708,0.0,0.10226661339402199,0.0,1.0,6.5,4.478,True,True,False
12.219560623168945,forward_010,2.2195606231689453,0.1,0.0,0.0,1.100648259538924,-0.3861540970037454,0.039269908169872414,-1.78,-3.41,6.62,1.918,0.9589802622795105,0.07142857142857142,0.07692927459720522,0.0,1.0,6.5,4.478,True,True,False
12.239951610565186,forward_010,2.2399516105651855,0.1,0.0,0.0,1.0853766285839737,-1.0264717663291651,0.48323803664593,-3.29,-0.68,8.67,2.071,0.9381096363067627,0.0,0.09461176302284002,0.0,1.0,6.5,4.478,True,True,False
12.260422229766846,forward_010,2.2604222297668457,0.1,0.0,0.0,1.2817261694333357,-1.1682797680537043,0.16144295580947549,-2.35,-2.79,9.4,3.145,0.9431532621383667,0.0,0.1022261306643486,0.0,1.0,6.5,4.478,True,True,False
12.280939817428589,forward_010,2.280939817428589,0.1,0.0,0.0,1.3929909092479742,-1.2817261694333357,0.09926560120717749,-0.91,0.54,9.03,3.529,0.958573043346405,0.07142857142857142,0.09535407461225986,0.0,1.0,6.5,4.478,True,True,False
12.301308631896973,forward_010,2.3013086318969727,0.1,0.0,0.0,1.499892325932627,-1.1333731830138178,-0.19744037163185854,-1.98,0.29,6.0600000000000005,3.2220000000000004,0.9551154375076294,0.07142857142857142,0.0512598380446434,1.0,1.0,7.3,1.8189999999999997,True,True,False
12.32299518585205,forward_010,2.322995185852051,0.1,0.0,0.0,1.9504054391036634,-1.3897184169004848,-0.07417649320975901,-1.32,-1.37,6.5,1.918,0.9112069606781006,0.0,0.06515669263899326,1.0,1.0,7.3,1.8189999999999997,True,True,False
12.343376398086548,forward_010,2.343376398086548,0.1,0.0,0.0,2.516546615219324,-1.3384493701231515,0.23889194136672387,-0.5700000000000001,-0.79,4.3100000000000005,1.304,0.928665280342102,0.0,0.020519761368632317,1.0,0.0,7.3,1.8189999999999997,True,True,False
12.363746881484985,forward_010,2.3637468814849854,0.1,0.0,0.0,2.686716217288771,-1.4922565104551517,0.6588617926278594,-0.5700000000000001,-0.79,4.3100000000000005,1.841,0.9591178894042969,0.07142857142857142,0.03999735973775387,1.0,0.0,7.3,1.8189999999999997,True,True,False
12.38421893119812,forward_010,2.38421893119812,0.1,0.0,0.0,2.686716217288771,-1.4922565104551517,0.6588617926278594,-0.5700000000000001,-0.79,4.3100000000000005,2.532,0.9668862819671631,0.07142857142857142,0.018438763916492462,1.0,0.0,7.3,1.8189999999999997,True,True,False
12.40469479560852,forward_010,2.4046947956085205,0.1,0.0,0.0,2.686716217288771,-1.4922565104551517,0.6588617926278594,-0.22,4.11,3.09,1.918,0.9720310568809509,0.07142857142857142,0.03007169341435656,1.0,0.0,7.3,1.8189999999999997,True,True,False
12.425167083740234,forward_010,2.4251670837402344,0.1,0.0,0.0,2.686716217288771,-1.4922565104551517,0.6588617926278594,3.34,-3.54,2.96,1.841,0.939640462398529,0.0,0.0666019469499588,1.0,0.0,7.3,1.8189999999999997,True,True,False
12.445595502853394,forward_010,2.4455955028533936,0.1,0.0,0.0,2.686716217288771,-1.4922565104551517,0.6588617926278594,-0.65,2.34,3.91,1.688,0.9732893705368042,0.14285714285714285,0.08474521525204182,1.0,0.0,7.3,1.8189999999999997,True,True,False
12.465990543365479,forward_010,2.4659905433654785,0.1,0.0,0.0,2.686716217288771,-1.4922565104551517,0.6588617926278594,-1.47,3.38,8.0,1.534,0.9597209095954895,0.07142857142857142,0.034196145832538605,1.0,0.0,7.3,1.8189999999999997,True,True,False
12.486360549926758,forward_010,2.486360549926758,0.1,0.0,0.0,2.686716217288771,-1.4922565104551517,0.6588617926278594,-1.47,3.38,8.0,1.074,0.9548650979995728,0.07142857142857142,0.04132090322673321,1.0,0.0,7.3,1.8189999999999997,True,True,False
12.506734848022461,forward_010,2.506734848022461,0.1,0.0,0.0,2.686716217288771,-1.4922565104551517,0.6588617926278594,1.42,2.75,6.44,1.074,0.7971749305725098,0.0,0.05910277320072055,1.0,0.0,7.8,0.227,True,True,False
12.527101039886475,forward_010,2.5271010398864746,0.1,0.0,0.0,2.686716217288771,-1.4922565104551517,0.6588617926278594,-0.36,1.82,7.19,0.767,0.9056248664855957,0.0,0.07752833468839526,1.0,1.0,7.8,0.227,True,True,False
12.547523021697998,forward_010,2.547523021697998,0.1,0.0,0.0,2.686716217288771,-1.4922565104551517,0.6588617926278594,0.49,-0.38,7.05,0.9970000000000001,0.8349919319152832,0.0,0.07484172680415213,1.0,1.0,7.8,0.227,True,True,False
12.567957878112793,forward_010,2.567957878112793,0.1,0.0,0.0,2.686716217288771,-1.4922565104551517,0.6588617926278594,0.49,-0.38,7.05,0.767,0.7830180525779724,0.0,0.03284643590450287,0.0,1.0,7.8,0.227,True,True,False
12.588318347930908,forward_010,2.588318347930908,0.1,0.0,0.0,2.686716217288771,-1.4922565104551517,0.6588617926278594,0.49,-0.38,7.05,0.6899999999999998,0.7443674802780151,0.0,0.020103377290070057,0.0,1.0,7.8,0.227,True,True,False
12.608802556991577,forward_010,2.608802556991577,0.1,0.0,0.0,2.686716217288771,-1.4922565104551517,0.6588617926278594,4.97,-8.25,8.28,0.6899999999999998,0.7172765731811523,0.0,0.12001502327620983,0.0,1.0,7.8,0.227,True,True,False
12.629167556762695,forward_010,2.6291675567626953,0.1,0.0,0.0,2.686716217288771,-1.4922565104551517,0.6588617926278594,4.97,-8.25,8.28,0.9210000000000002,0.5696355700492859,0.0,0.05500072054564953,0.0,1.0,7.8,0.227,True,True,False
12.649542331695557,forward_010,2.6495423316955566,0.1,0.0,0.0,2.686716217288771,-1.4922565104551517,0.6588617926278594,4.97,-8.25,8.28,0.767,0.5348660945892334,0.0,0.02383602410554886,0.0,1.0,7.8,0.227,True,True,False
12.669910669326782,forward_010,2.6699106693267822,0.1,0.0,0.0,2.686716217288771,-1.4922565104551517,0.6588617926278594,4.97,-1.57,8.99,0.9210000000000002,0.6055320501327515,0.0,0.033011794090270996,0.0,1.0,7.8,0.227,True,True,False
12.690280675888062,forward_010,2.6902806758880615,0.1,0.0,0.0,2.686716217288771,-1.4922565104551517,0.6588617926278594,3.08,-0.55,7.23,1.381,0.6165578961372375,0.0,0.03751692175865173,0.0,1.0,7.8,0.227,True,True,False
12.710659742355347,forward_010,2.7106597423553467,0.1,0.0,0.0,2.686716217288771,-1.4922565104551517,0.6588617926278594,1.6400000000000001,-2.62,8.17,1.304,0.6441901326179504,0.0,0.06195453181862831,1.0,1.0,7.8,0.244,True,True,False
12.731054544448853,forward_010,2.7310545444488525,0.1,0.0,0.0,2.686716217288771,-1.4922565104551517,0.6588617926278594,1.71,-2.38,8.09,1.074,0.7137895226478577,0.0,0.08350845612585545,1.0,1.0,7.8,0.244,True,True,False
12.751425743103027,forward_010,2.7514257431030273,0.1,0.0,0.0,2.686716217288771,-1.4922565104551517,0.6588617926278594,1.71,-2.38,8.09,1.304,0.7874309420585632,0.0,0.08872856199741364,1.0,0.0,7.8,0.244,True,True,False
12.771794557571411,forward_010,2.771794557571411,0.1,0.0,0.0,2.686716217288771,-1.4922565104551517,0.6588617926278594,1.71,-2.38,8.09,0.6899999999999998,0.8624432682991028,0.0,0.03727359510958195,1.0,0.0,7.8,0.244,True,True,False
12.792185306549072,forward_010,2.7921853065490723,0.1,0.0,0.0,2.686716217288771,-1.4922565104551517,0.6588617926278594,5.37,3.52,7.59,0.9210000000000002,0.8319253325462341,0.0,0.12140822736546397,1.0,1.0,7.8,0.244,True,True,False
12.812557220458984,forward_010,2.8125572204589844,0.1,0.0,0.0,2.686716217288771,-1.4922565104551517,0.6588617926278594,1.99,2.16,5.28,1.381,0.9611286520957947,0.07142857142857142,0.12845576647669077,1.0,1.0,7.8,0.244,True,True,False
12.832945585250854,forward_010,2.8329455852508545,0.1,0.0,0.0,2.686716217288771,-1.4922565104551517,0.6588617926278594,1.99,2.16,5.28,1.151,0.9869745373725891,0.14285714285714285,0.06125757098197937,1.0,1.0,7.8,0.244,True,True,False
12.85332202911377,forward_010,2.8533220291137695,0.1,0.0,0.0,2.686716217288771,-1.4922565104551517,0.6588617926278594,1.99,2.16,5.28,1.151,0.9876607060432434,0.14285714285714285,0.057880585081875324,1.0,1.0,7.8,0.244,True,True,False
12.873690843582153,forward_010,2.8736908435821533,0.1,0.0,0.0,2.686716217288771,-1.4922565104551517,0.6588617926278594,-0.16,0.43,7.46,1.841,0.9874544143676758,0.21428571428571427,0.04703590925782919,1.0,1.0,7.8,0.244,True,True,False
12.894055843353271,forward_010,2.8940558433532715,0.1,0.0,0.0,2.686716217288771,-1.4922565104551517,0.6588617926278594,-0.16,0.43,7.46,2.608,0.9745157957077026,0.21428571428571427,0.05010757129639387,1.0,1.0,7.8,0.244,True,True,False
12.914431095123291,forward_010,2.914431095123291,0.1,0.0,0.0,2.686716217288771,-1.4922565104551517,0.6588617926278594,0.09,-2.79,9.450000000000001,1.995,0.9488421678543091,0.0,0.07462473586201668,1.0,1.0,7.6,1.137,True,True,False
12.93483281135559,forward_010,2.934832811355591,0.1,0.0,0.0,2.686716217288771,-1.4922565104551517,0.6588617926278594,0.9,-1.1400000000000001,5.45,1.688,0.9100774526596069,0.0,0.11742350645363331,1.0,1.0,7.6,1.137,True,True,False
12.955315351486206,forward_010,2.955315351486206,0.1,0.0,0.0,2.686716217288771,-1.4922565104551517,0.6588617926278594,-1.86,1.35,7.04,1.151,0.8070659637451172,0.0,0.20726435631513596,1.0,0.0,7.6,1.137,True,True,False
12.975701332092285,forward_010,2.975701332092285,0.1,0.0,0.0,2.686716217288771,-1.4922565104551517,0.6588617926278594,-2.74,1.53,9.71,1.765,0.7602723836898804,0.0,0.05708792991936207,0.0,0.0,7.6,1.137,True,True,False
12.99608039855957,forward_010,2.9960803985595703,0.1,0.0,0.0,2.686716217288771,-1.4922565104551517,0.6588617926278594,-2.57,1.6500000000000001,7.47,2.071,0.7567440271377563,0.0,0.056762415915727615,0.0,1.0,7.6,1.137,True,True,False
13.016441345214844,forward_010,3.0164413452148438,0.1,0.0,0.0,2.686716217288771,-1.4922565104551517,0.6588617926278594,-0.33,-2.87,3.33,2.685,0.817801296710968,0.0,0.1136564202606678,0.0,1.0,7.6,1.137,True,True,False
13.036831617355347,forward_010,3.0368316173553467,0.1,0.0,0.0,2.686716217288771,-1.4922565104551517,0.6588617926278594,-0.33,-2.87,3.33,2.378,0.8696600794792175,0.0,0.05268822982907295,0.0,1.0,7.6,1.137,True,True,False
13.057254791259766,forward_010,3.0572547912597656,0.1,0.0,0.0,2.686716217288771,-1.4922565104551517,0.6588617926278594,-0.33,-2.87,3.33,2.378,0.876804769039154,0.0,0.02883921191096306,0.0,1.0,7.6,1.137,True,True,False
13.077737092971802,forward_010,3.0777370929718018,0.1,0.0,0.0,2.686716217288771,-1.4922565104551517,0.6588617926278594,3.06,-8.25,8.700000000000001,1.304,0.8496918678283691,0.0,0.031171754002571106,0.0,1.0,7.6,1.137,True,True,False
13.098098516464233,forward_010,3.0980985164642334,0.1,0.0,0.0,0.8126689329598596,0.3883357585687383,1.3395402009056478,4.0200000000000005,-4.97,4.76,1.304,0.82513427734375,0.0,0.2218218594789505,0.0,1.0,7.6,1.137,True,True,False
13.118476867675781,forward_010,3.1184768676757812,0.1,0.0,0.0,1.3689926320330523,-0.14508049407202864,1.8609573149389538,0.85,1.1,2.43,1.458,0.8102163076400757,0.0,0.1544719710946083,1.0,1.0,7.3,2.169,True,True,False
13.138851404190063,forward_010,3.1388514041900635,0.1,0.0,0.0,1.1573714602287397,-0.10581058590215622,0.6424993308904126,-1.1300000000000001,-0.71,5.2,0.9970000000000001,0.9691803455352783,0.07142857142857142,0.13464101031422615,1.0,1.0,7.3,2.169,True,True,False
13.159230709075928,forward_010,3.1592307090759277,0.1,0.0,0.0,1.3362677085581585,-0.3327033886614191,0.12762720155208535,-1.1300000000000001,-0.71,5.2,1.151,0.9749167561531067,0.14285714285714285,0.2525249496102333,1.0,0.0,7.3,2.169,True,True,False
13.179601669311523,forward_010,3.1796016693115234,0.1,0.0,0.0,1.399535893942953,-0.5345070834232635,-0.136353847812057,-1.1300000000000001,-0.71,5.2,2.455,0.9466396570205688,0.0,0.31709227710962296,1.0,1.0,7.3,2.169,True,True,False
13.199973583221436,forward_010,3.1999735832214355,0.1,0.0,0.0,0.43960480534607177,0.24652775684419906,-0.7112216701876893,2.29,3.46,5.98,2.762,0.9069421887397766,0.0,0.17827291041612625,1.0,1.0,7.3,2.169,True,True,False
13.220351219177246,forward_010,3.220351219177246,0.1,0.0,0.0,-0.5115996369908379,0.4985096676008804,-0.3043417883165112,2.29,3.46,5.98,2.225,0.8407487869262695,0.0,0.171574080362916,1.0,1.0,7.3,2.169,True,True,False
13.240736246109009,forward_010,3.240736246109009,0.1,0.0,0.0,-0.7024950239277177,0.27379852640661045,-0.32834006553143325,2.29,3.46,5.98,1.458,0.9083602428436279,0.0,0.08954387303674594,1.0,1.0,7.3,2.169,True,True,False
13.261172533035278,forward_010,3.2611725330352783,0.1,0.0,0.0,-0.605411084285533,0.6261368691529657,-0.08290313946973066,2.29,3.46,5.98,1.074,0.8377684354782104,0.0,0.08137061074376106,1.0,1.0,7.3,2.169,True,True,False
13.28158187866211,forward_010,3.2815818786621094,0.1,0.0,0.0,-0.21162117180431245,1.4464416175903005,0.11344640137963143,-0.52,0.72,3.2600000000000002,1.688,0.8258731961250305,0.0,0.13706296123564243,1.0,1.0,7.3,2.169,True,True,False
13.301953792572021,forward_010,3.3019537925720215,0.1,0.0,0.0,0.019634954084936207,1.3068152774307542,-0.09599310885968812,2.35,-1.1300000000000001,8.05,1.534,0.8201849460601807,0.0,0.09409162774682045,1.0,1.0,7.3,2.169,True,True,False
13.322326421737671,forward_010,3.322326421737671,0.1,0.0,0.0,0.4188790204786391,1.0635600129340446,0.18435040224190105,1.5,-1.11,8.93,1.458,0.8588727116584778,0.0,0.05477919134136755,1.0,1.0,7.5,1.2990000000000002,True,True,False
13.344030857086182,forward_010,3.3440308570861816,0.1,0.0,0.0,0.45814892864851153,0.36106498900632694,0.7166758241001716,1.02,1.32,8.370000000000001,0.9210000000000002,0.8925879597663879,0.0,0.08518056571483612,1.0,1.0,7.5,1.2990000000000002,True,True,False
13.364397287368774,forward_010,3.3643972873687744,0.1,0.0,0.0,0.9304786574694769,0.1189005552921137,0.5301437602932776,1.02,1.32,8.370000000000001,1.458,0.9224045872688293,0.0,0.06297232955694199,1.0,1.0,7.5,1.2990000000000002,True,True,False
13.384771823883057,forward_010,3.3847718238830566,0.1,0.0,0.0,0.7766715171374766,-0.08399397025222712,0.4439681284760576,-1.51,1.59,9.06,1.381,0.9447385668754578,0.0,0.05345889553427696,1.0,1.0,7.5,1.2990000000000002,True,True,False
13.405205726623535,forward_010,3.405205726623535,0.1,0.0,0.0,0.6337726846304409,-0.03381575425739013,-1.3548118318605984,1.72,1.27,7.09,1.841,0.856417715549469,0.0,0.11994417756795883,1.0,1.0,7.5,1.2990000000000002,True,True,False
13.425585269927979,forward_010,3.4255852699279785,0.1,0.0,0.0,0.9217520112095053,0.05672320068981571,-1.571887157577393,1.72,1.27,7.09,2.071,0.8531013131141663,0.0,0.044856746681034565,1.0,1.0,7.5,1.2990000000000002,True,True,False
13.445952415466309,forward_010,3.4459524154663086,0.1,0.0,0.0,0.46469391334349025,0.433059820651093,-1.942769623626188,1.72,1.27,7.09,1.765,0.8255179524421692,0.0,0.14984635636210442,1.0,1.0,7.5,1.2990000000000002,True,True,False
13.466431379318237,forward_010,3.4664313793182373,0.1,0.0,0.0,-0.026179938779914945,0.23452861823673804,-2.4685500607894797,1.72,1.27,7.09,1.765,0.7918740510940552,0.0,0.09275498536590021,1.0,1.0,7.5,1.2990000000000002,True,True,False
13.486892700195312,forward_010,3.4868927001953125,0.1,0.0,0.0,-0.31525009614147576,-0.04363323129985824,-2.2547472274201743,0.44,-1.77,6.15,1.995,0.8386517763137817,0.0,0.05072830431163311,1.0,1.0,7.5,1.2990000000000002,True,True,False
13.50726842880249,forward_010,3.5072684288024902,0.1,0.0,0.0,-0.767944870877505,-0.3337942194439155,-1.1650072757062149,1.82,-5.87,3.06,1.841,0.8176645040512085,0.0,0.10062889754772186,1.0,0.0,7.5,1.2990000000000002,True,True,False
13.527622699737549,forward_010,3.527622699737549,0.1,0.0,0.0,-1.2217304763960306,-1.036289243371633,0.35997415822383044,-0.22,-1.3900000000000001,4.3,2.685,0.913780927658081,0.0,0.09871547296643257,1.0,0.0,7.8,0.388,True,True,False
13.548352718353271,forward_010,3.5483527183532715,0.1,0.0,0.0,-1.6929693744344996,-1.05265170510908,0.9522952731194061,-0.88,0.4,4.36,2.992,0.9298513531684875,0.0,0.1728228311985731,1.0,1.0,7.8,0.388,True,True,False
13.56883955001831,forward_010,3.5688395500183105,0.1,0.0,0.0,-2.2634738736801463,-1.296997800388286,1.0799224746714915,0.76,5.96,6.74,1.841,0.8963687419891357,0.0,0.15680742263793945,1.0,1.0,7.8,0.388,True,True,False
13.589284658432007,forward_010,3.589284658432007,0.1,0.0,0.0,-1.7158768208669253,-1.2479104151759457,0.3937899124812206,0.76,5.96,6.74,1.534,0.921241044998169,0.0,0.07495468109846115,1.0,1.0,7.8,0.388,True,True,False
13.609656572341919,forward_010,3.609656572341919,0.1,0.0,0.0,-1.1584622910112363,-0.17889624832941878,-0.3327033886614191,0.76,5.96,6.74,1.458,0.9526005387306213,0.07142857142857142,0.14261167496442795,1.0,1.0,7.8,0.388,True,True,False
13.63001561164856,forward_010,3.6300156116485596,0.1,0.0,0.0,-0.37306412761378793,0.08835729338221293,-0.3567016658763411,0.76,5.96,6.74,1.765,0.9664637446403503,0.07142857142857142,0.12835105881094933,0.0,1.0,7.8,0.388,True,True,False
13.650382041931152,forward_010,3.6503820419311523,0.1,0.0,0.0,0.48978302134090873,-0.7548549014875475,-1.0297442586766545,2.47,-3.37,5.79,1.458,0.9710904955863953,0.14285714285714285,0.2167178951203823,1.0,1.0,7.8,0.388,True,True,False
13.670757293701172,forward_010,3.670757293701172,0.1,0.0,0.0,1.4278974942878608,-0.5290529295107811,-0.8104872713948668,2.47,-3.37,5.79,1.458,0.9855356216430664,0.14285714285714285,0.0808129170909524,1.0,1.0,7.8,0.388,True,True,False
13.691126585006714,forward_010,3.691126585006714,0.1,0.0,0.0,0.9675669040743564,-0.24652775684419906,-0.27707101875409984,-0.8200000000000001,-4.97,7.45,0.767,0.9884078502655029,0.14285714285714285,0.10548631474375725,1.0,1.0,7.8,0.388,True,True,False
13.711496591567993,forward_010,3.711496591567993,0.1,0.0,0.0,0.01090830782496456,-0.2879793265790644,-0.21271200258680892,-0.7000000000000001,-1.16,9.18,0.537,0.9836490750312805,0.14285714285714285,0.10105651617050171,1.0,1.0,7.8,0.388,True,True,False
13.731871128082275,forward_010,3.7318711280822754,0.1,0.0,0.0,-0.27052603405912107,-0.23889194136672387,0.06326818538479445,2.0300000000000002,1.1300000000000001,8.38,0.614,0.9723187685012817,0.14285714285714285,0.04119972512125969,1.0,1.0,7.9,0.135,True,True,False
13.752232551574707,forward_010,3.752232551574707,0.1,0.0,0.0,0.14726215563702155,0.01090830782496456,0.5705044992456465,3.44,-0.66,8.52,0.844,0.9606732726097107,0.07142857142857142,0.04579102247953415,1.0,1.0,7.9,0.135,True,True,False
13.772694110870361,forward_010,3.7726941108703613,0.1,0.0,0.0,-0.004363323129985824,0.631591023065448,0.5890486225480862,3.44,-0.66,8.52,0.844,0.953183114528656,0.07142857142857142,0.05743972212076187,1.0,1.0,7.9,0.135,True,True,False
13.793372392654419,forward_010,3.793372392654419,0.1,0.0,0.0,-0.20289452554434081,0.5148721293383273,-0.11126473981463851,3.44,-0.66,8.52,0.537,0.9596344828605652,0.07142857142857142,0.039976127445697784,1.0,1.0,7.9,0.135,True,True,False
13.813759088516235,forward_010,3.8137590885162354,0.1,0.0,0.0,-0.06326818538479445,0.3294308963139297,-0.49414634447089456,0.72,-0.13,8.69,0.767,0.9858318567276001,0.07142857142857142,0.09572155028581619,1.0,1.0,7.9,0.135,True,True,False
13.83422303199768,forward_010,3.8342230319976807,0.1,0.0,0.0,-0.04908738521234052,0.421060682043632,-0.48323803664593,1.44,-0.72,8.56,0.9970000000000001,0.9846388697624207,0.07142857142857142,0.05127386003732681,1.0,1.0,7.9,0.135,True,True,False
13.854586839675903,forward_010,3.8545868396759033,0.1,0.0,0.0,-0.19853120241435498,0.40251655874119224,-0.22252947962927702,1.02,-0.34,8.49,0.9210000000000002,0.9865333437919617,0.07142857142857142,0.050474973395466805,1.0,1.0,7.9,0.135,True,True,False
13.874950647354126,forward_010,3.874950647354126,0.1,0.0,0.0,-0.2650718801466388,0.2814343418840856,-0.06654067773228381,0.45,-0.92,8.44,0.537,0.987384557723999,0.14285714285714285,0.05460480600595474,1.0,1.0,7.9,0.135,True,True,False
13.895309209823608,forward_010,3.8953092098236084,0.1,0.0,0.0,-0.24870941840919197,0.5159629601208237,0.18435040224190105,0.74,-1.85,7.9,0.537,0.9774654507637024,0.14285714285714285,0.05390243884176016,1.0,1.0,7.9,0.135,True,True,False
13.915780544281006,forward_010,3.915780544281006,0.1,0.0,0.0,-0.3021601267515183,0.543233729683235,0.49414634447089456,0.74,-1.85,7.9,0.844,0.9736854434013367,0.14285714285714285,0.0941973328590393,1.0,1.0,7.9,0.135,True,True,False
13.936175346374512,forward_010,3.9361753463745117,0.1,0.0,0.0,-0.23561944901923448,0.9075712110370514,0.8443030256522569,-0.2,-1.77,8.59,1.074,0.9630496501922607,0.14285714285714285,0.11288433149456978,1.0,1.0,7.5,1.5930000000000002,True,True,False
13.956542253494263,forward_010,3.9565422534942627,0.1,0.0,0.0,0.04799655442984406,1.1279190291013355,0.9173886880795195,-0.2,-1.77,8.59,0.9970000000000001,0.9504826664924622,0.07142857142857142,0.059400953352451324,1.0,1.0,7.5,1.5930000000000002,True,True,False
13.976929187774658,forward_010,3.976929187774658,0.1,0.0,0.0,0.495237175253391,1.1301006906663285,0.5683228376806536,-0.2,-1.77,8.59,1.688,0.9604478478431702,0.07142857142857142,0.06983501464128494,1.0,1.0,7.5,1.5930000000000002,True,True,False
13.997351884841919,forward_010,3.997351884841919,0.1,0.0,0.0,0.8584838258247108,1.3319043854281727,0.31306843457648287,0.55,-1.41,9.17,2.608,0.9129388928413391,0.0,0.07850042171776295,1.0,1.0,7.5,1.5930000000000002,True,True,False
14.017719984054565,forward_010,4.017719984054565,0.1,0.0,0.0,1.038470904936626,1.2599095537834066,-0.2999784651865254,0.55,-1.41,9.17,2.455,0.8929685950279236,0.0,0.17323654145002365,1.0,1.0,7.5,1.5930000000000002,True,True,False
14.038086652755737,forward_010,4.038086652755737,0.1,0.0,0.0,1.1159198904938745,1.2708178616083712,-0.7832165018324554,0.55,-1.41,9.17,1.688,0.7697554230690002,0.0,0.09170135110616684,1.0,1.0,7.5,1.5930000000000002,True,True,False
14.058456897735596,forward_010,4.058456897735596,0.1,0.0,0.0,1.1715522604011936,1.1082840750163994,-0.9992009967667537,-0.14,-0.87,7.21,1.918,0.8052064180374146,0.0,0.05947974789887667,1.0,1.0,7.5,1.5930000000000002,True,True,False
14.078826665878296,forward_010,4.078826665878296,0.1,0.0,0.0,0.9839293658118032,0.6272276999354622,-0.8344855486097889,0.79,-0.99,6.8500000000000005,1.841,0.8053050637245178,0.0,0.03754186423611827,1.0,0.0,7.5,1.5930000000000002,True,True,False
14.099315166473389,forward_010,4.099315166473389,0.1,0.0,0.0,0.3392483733563978,0.37742745074377376,-0.3108867730114899,-0.29,-0.96,6.55,1.458,0.8556386232376099,0.0,0.05631644485401921,1.0,0.0,7.5,1.5930000000000002,True,True,False
14.119788646697998,forward_010,4.119788646697998,0.1,0.0,0.0,-0.11999138607461016,-0.33161255787892263,0.8606654873897037,-0.29,-0.96,6.55,2.071,0.9657294750213623,0.14285714285714285,0.13461896777153015,1.0,0.0,7.5,1.5930000000000002,True,True,False
14.140242099761963,forward_010,4.140242099761963,0.1,0.0,0.0,-0.34033920413889424,-0.026179938779914945,1.746420082776826,-5.46,2.7800000000000002,4.63,2.148,0.9889037013053894,0.21428571428571427,0.13005899265408516,1.0,0.0,7.5,1.8000000000000003,True,True,False
14.16061282157898,forward_010,4.1606128215789795,0.1,0.0,0.0,-1.0897399517139594,-0.8246680715673207,0.7995789635699022,-5.46,2.7800000000000002,4.63,2.225,0.9865717887878418,0.21428571428571427,0.05332715064287186,1.0,0.0,7.5,1.8000000000000003,True,True,False
14.18097472190857,forward_010,4.180974721908569,0.1,0.0,0.0,-1.3024519543007684,-0.385063266221249,-0.10799224746714914,0.92,6.0600000000000005,8.48,1.841,0.9758198857307434,0.07142857142857142,0.13591169426217675,1.0,0.0,7.5,1.8000000000000003,True,True,False
14.201346397399902,forward_010,4.201346397399902,0.1,0.0,0.0,-1.499892325932627,-0.14835298641951802,-0.8453938564347534,-0.99,2.14,9.23,1.918,0.9773823022842407,0.14285714285714285,0.19877322018146515,1.0,1.0,7.5,1.8000000000000003,True,True,False
14.221734762191772,forward_010,4.2217347621917725,0.1,0.0,0.0,-1.5391622341024993,0.5781403147231217,-1.0417433972841155,-3.61,1.03,6.8100000000000005,1.534,0.955418050289154,0.07142857142857142,0.11516457330435514,1.0,1.0,7.5,1.8000000000000003,True,True,False
14.24209976196289,forward_010,4.242099761962891,0.1,0.0,0.0,-0.3937899124812206,0.729765793490129,-1.7027868514769677,-3.61,1.03,6.8100000000000005,1.151,0.9332562685012817,0.0,0.14920379407703876,0.0,1.0,7.5,1.8000000000000003,True,True,False
14.262465476989746,forward_010,4.262465476989746,0.1,0.0,0.0,0.29670597283903605,-0.0545415391248228,-2.2929263048075503,0.79,-5.42,6.01,1.534,0.9537761807441711,0.07142857142857142,0.09859424596652389,1.0,1.0,7.5,1.8000000000000003,True,True,False
14.282923460006714,forward_010,4.282923460006714,0.1,0.0,0.0,0.2530727415391778,0.2181661564992912,-1.5042556490626129,3.0100000000000002,-5.21,4.74,1.381,0.9608551263809204,0.07142857142857142,0.11900586262345314,1.0,1.0,7.5,1.8000000000000003,True,True,False
14.303284406661987,forward_010,4.303284406661987,0.1,0.0,0.0,-0.2007128639793479,0.5617778529856748,-0.7068583470577035,3.0100000000000002,-5.21,4.74,2.225,0.9521263837814331,0.07142857142857142,0.049356792122125626,1.0,1.0,7.5,1.8000000000000003,True,True,False
14.323728799819946,forward_010,4.323728799819946,0.1,0.0,0.0,-0.2814343418840856,1.1726430911836903,0.3097959422289935,3.0100000000000002,-5.21,4.74,1.458,0.8107052445411682,0.0,0.14859276788774878,1.0,1.0,7.5,1.8000000000000003,True,True,False
14.344210147857666,forward_010,4.344210147857666,0.1,0.0,0.0,-0.28907015736156083,0.9337511498169663,0.8377580409572782,3.0100000000000002,-5.21,4.74,0.844,0.7005559802055359,0.0,0.1140721645206213,1.0,1.0,7.3,2.2150000000000003,True,True,False
14.365414381027222,forward_010,4.365414381027222,0.1,0.0,0.0,-0.28907015736156083,0.9337511498169663,0.8377580409572782,3.0100000000000002,-5.21,4.74,0.9970000000000001,0.783488929271698,0.0,0.1110452450811863,1.0,1.0,7.3,2.2150000000000003,True,True,False
14.385785818099976,forward_010,4.385785818099976,0.1,0.0,0.0,-0.4166973589136462,0.4286964975211072,0.9555677654668955,-0.54,0.81,5.12,1.381,0.8992370367050171,0.0,0.06471920642070472,1.0,1.0,7.3,2.2150000000000003,True,True,False
14.406158208847046,forward_010,4.406158208847046,0.1,0.0,0.0,-0.2999784651865254,1.054833366674073,0.9315694882519734,-3.0700000000000003,2.59,3.94,2.071,0.7851712703704834,0.0,0.11097057163715363,0.0,1.0,7.3,2.2150000000000003,True,True,False
14.4266357421875,forward_010,4.4266357421875,0.1,0.0,0.0,0.04254240051736178,-0.14289883250703572,0.3141592653589793,-3.0700000000000003,2.59,3.94,2.071,0.7859516739845276,0.0,0.16053465753793716,0.0,1.0,7.3,2.2150000000000003,True,True,False
14.447121381759644,forward_010,4.4471213817596436,0.1,0.0,0.0,0.6643159465403417,-0.4276056667386107,-0.136353847812057,-3.0700000000000003,2.59,3.94,2.378,0.9433661103248596,0.0,0.16824615886434913,0.0,1.0,7.3,2.2150000000000003,True,True,False
14.467493295669556,forward_010,4.467493295669556,0.1,0.0,0.0,1.2075496762235767,-0.619591884457987,-0.8693921336496754,-3.0700000000000003,2.59,3.94,2.225,0.945018470287323,0.0,0.11321142129600048,0.0,1.0,7.3,2.2150000000000003,True,True,False
14.487866878509521,forward_010,4.4878668785095215,0.1,0.0,0.0,1.3231777391682011,-1.054833366674073,-0.8388488717397746,-0.61,-6.2700000000000005,6.41,1.304,0.9803943037986755,0.14285714285714285,0.12498263083398342,0.0,0.0,7.3,2.2150000000000003,True,True,False
14.508243322372437,forward_010,4.5082433223724365,0.1,0.0,0.0,1.538071403320003,-1.2915436464758039,-0.01090830782496456,0.16,-2.15,9.02,1.304,0.9784859418869019,0.14285714285714285,0.10405188985168934,0.0,0.0,7.3,2.2150000000000003,True,True,False
14.528718948364258,forward_010,4.528718948364258,0.1,0.0,0.0,1.3668109704680593,-1.1213740444063567,0.6686792696703275,-0.46,0.66,0.99,2.225,0.9792065620422363,0.07142857142857142,0.03731164149940014,1.0,0.0,7.3,2.2150000000000003,True,True,False
14.54915475845337,forward_010,4.549154758453369,0.1,0.0,0.0,1.0417433972841155,-0.3752457891787809,0.8148505945248526,-0.97,2.14,0.19,1.6110000000000002,0.9762875437736511,0.07142857142857142,0.0742409045342356,1.0,0.0,7.4,1.118,True,True,False
14.569517135620117,forward_010,4.569517135620117,0.1,0.0,0.0,0.9457502884244273,-0.559596191420682,0.45705809786601503,-0.97,2.14,0.19,1.918,0.9802810549736023,0.14285714285714285,0.11068103834986687,1.0,1.0,7.4,1.118,True,True,False
14.589891195297241,forward_010,4.589891195297241,0.1,0.0,0.0,-0.918479518862016,-0.10471975511965978,-0.2999784651865254,-0.97,2.14,0.19,1.995,0.9902693033218384,0.21428571428571427,0.11569895595312119,1.0,1.0,7.4,1.118,True,True,False
14.610265254974365,forward_010,4.610265254974365,0.1,0.0,0.0,-1.399535893942953,0.28907015736156083,-0.7657632093125121,-0.97,2.14,0.19,0.9970000000000001,0.9675779938697815,0.14285714285714285,0.14265978150069714,1.0,1.0,7.4,1.118,True,True,False
14.630628824234009,forward_010,4.630628824234009,0.1,0.0,0.0,-1.155189798663747,0.5159629601208237,-0.48651052899341934,-4.26,2.19,6.5200000000000005,0.9210000000000002,0.959244430065155,0.14285714285714285,0.06590845808386803,1.0,1.0,7.4,1.118,True,True,False
14.651039361953735,forward_010,4.651039361953735,0.1,0.0,0.0,-0.1189005552921137,0.45705809786601503,0.003272492347489368,4.22,-6.640000000000001,7.08,1.765,0.945324718952179,0.0,0.1975545659661293,1.0,1.0,7.4,1.118,True,True,False
14.671405553817749,forward_010,4.671405553817749,0.1,0.0,0.0,0.05345070834232634,0.21162117180431245,0.3490658503988659,2.2600000000000002,-2.7600000000000002,6.11,1.995,0.9750253558158875,0.14285714285714285,0.08958216197788715,1.0,0.0,7.4,1.118,True,True,False
14.69177794456482,forward_010,4.691777944564819,0.1,0.0,0.0,-0.8126689329598596,0.5465062220307244,0.4821472058634335,-1.37,-2.06,8.61,2.302,0.9663549065589905,0.07142857142857142,0.11003564670681953,1.0,1.0,7.4,1.118,True,True,False
14.712189674377441,forward_010,4.712189674377441,0.1,0.0,0.0,-1.2675453692608818,0.29561514205653955,0.9381144729469522,-2.25,1.02,9.370000000000001,0.9970000000000001,0.9728609919548035,0.14285714285714285,0.0501824663951993,1.0,1.0,7.4,1.118,True,True,False
14.732614040374756,forward_010,4.732614040374756,0.1,0.0,0.0,-1.373355955163038,-0.21380283336930536,1.2708178616083712,-2.25,1.02,9.370000000000001,0.844,0.985829770565033,0.14285714285714285,0.048663049936294556,1.0,1.0,7.4,1.118,True,True,False
14.753044366836548,forward_010,4.753044366836548,0.1,0.0,0.0,-0.6501351463678877,0.3294308963139297,0.7973973020049093,-2.25,1.02,9.370000000000001,0.614,0.9785990715026855,0.07142857142857142,0.092031704261899,1.0,1.0,7.8,0.23800000000000004,True,True,False
14.773409605026245,forward_010,4.773409605026245,0.1,0.0,0.0,-0.45705809786601503,1.2708178616083712,1.1660981064887115,-2.6,1.98,6.25,0.614,0.9123541712760925,0.0,0.1602137740701437,1.0,1.0,7.8,0.23800000000000004,True,True,False
14.793883800506592,forward_010,4.793883800506592,0.1,0.0,0.0,0.04145156973486533,1.1115565673638885,0.16253378659197193,-1.75,0.23,8.67,0.614,0.8930652737617493,0.0,0.030500568449497223,1.0,1.0,7.8,0.23800000000000004,True,True,False
14.814296960830688,forward_010,4.8142969608306885,0.1,0.0,0.0,-0.07090400086226964,1.0471975511965976,-0.9981101659842572,1.36,-2.5100000000000002,8.72,0.537,0.8852341771125793,0.0,0.048260778188705444,1.0,1.0,7.8,0.23800000000000004,True,True,False
14.834784507751465,forward_010,4.834784507751465,0.1,0.0,0.0,0.10253809355466686,1.076649982324002,-0.4526947747360292,1.36,-2.5100000000000002,8.72,0.9970000000000001,0.8449342846870422,0.0,0.05101891607046127,1.0,1.0,7.8,0.23800000000000004,True,True,False
14.855175733566284,forward_010,4.855175733566284,0.1,0.0,0.0,0.04363323129985824,1.0493792127615906,-0.23889194136672387,1.36,-2.5100000000000002,8.72,1.381,0.8463050127029419,0.0,0.02494904398918152,1.0,1.0,7.8,0.23800000000000004,True,True,False
14.875545740127563,forward_010,4.8755457401275635,0.1,0.0,0.0,-0.21489366415180183,1.0417433972841155,-0.006544984694978736,1.36,-2.5100000000000002,8.72,1.381,0.7787935733795166,0.0,0.07862046314403415,1.0,1.0,7.8,0.23800000000000004,True,True,False
14.89592695236206,forward_010,4.8959269523620605,0.1,0.0,0.0,-0.5726861608106394,0.6086835766330224,0.3370667117914049,-1.37,-3.0,7.5,1.151,0.7432437539100647,0.0,0.19402402639389038,1.0,1.0,7.8,0.23800000000000004,True,True,False
14.916407346725464,forward_010,4.916407346725464,0.1,0.0,0.0,-0.5050546522958591,0.2650718801466388,1.076649982324002,-3.74,0.08,8.24,1.304,0.9399693608283997,0.0,0.13449528068304062,0.0,1.0,7.8,0.23800000000000004,True,True,False
14.936769008636475,forward_010,4.936769008636475,0.1,0.0,0.0,-0.5137812985558308,0.038179077387375956,0.8573929950422144,-3.67,-0.09,8.47,1.688,0.9613122344017029,0.07142857142857142,0.17097386717796326,0.0,1.0,7.8,0.23800000000000004,True,True,False
14.957222700119019,forward_010,4.9572227001190186,0.1,0.0,0.0,-0.32506757318394386,0.01090830782496456,0.4821472058634335,-2.59,0.05,7.140000000000001,2.148,0.9380717873573303,0.0,0.14428893104195595,0.0,1.0,7.3,1.9429999999999998,True,True,False
14.977592706680298,forward_010,4.977592706680298,0.1,0.0,0.0,0.013089969389957472,-0.04799655442984406,-0.006544984694978736,-2.56,-3.09,5.8,2.302,0.9323166012763977,0.0,0.043675802648067474,0.0,1.0,7.3,1.9429999999999998,True,True,False
14.997957944869995,forward_010,4.997957944869995,0.1,0.0,0.0,0.5366887449882564,-0.29561514205653955,-0.14508049407202864,-2.7,-4.7700000000000005,9.3,2.685,0.9234845638275146,0.0,0.10673199826851487,0.0,1.0,7.3,1.9429999999999998,True,True,False
15.018356800079346,forward_010,5.018356800079346,0.1,0.0,0.0,1.030835089459151,-0.02399827721492203,-0.1341721862470641,-3.0700000000000003,-6.2,8.41,2.762,0.9613546133041382,0.07142857142857142,0.09619783237576485,0.0,1.0,7.3,1.9429999999999998,True,True,False
15.038710117340088,forward_010,5.038710117340088,0.1,0.0,0.0,1.117010721276371,-0.07090400086226964,-0.002181661564992912,-1.67,-4.04,6.2,1.918,0.9675247669219971,0.07142857142857142,0.13693082192912698,0.0,1.0,7.3,1.9429999999999998,True,True,False
15.059085369110107,forward_010,5.059085369110107,0.1,0.0,0.0,1.0482883819790942,-0.032724923474893676,0.3948807432637171,-1.31,-3.49,5.32,1.841,0.9520578980445862,0.07142857142857142,0.05154941324144602,0.0,1.0,7.3,1.9429999999999998,True,True,False
15.079557418823242,forward_010,5.079557418823242,0.1,0.0,0.0,1.08646745936647,-0.33488505022641196,0.7897614865274342,-2.14,-1.25,6.29,2.148,0.9392906427383423,0.0,0.0485394150018692,1.0,1.0,7.3,1.9429999999999998,True,True,False
15.09997272491455,forward_010,5.099972724914551,0.1,0.0,0.0,1.2173671532660448,-0.49632800603588745,0.6806784082777885,-2.63,-0.98,5.36,1.458,0.9406497478485107,0.0,0.15009648725390434,1.0,1.0,7.3,1.9429999999999998,True,True,False
15.120462417602539,forward_010,5.120462417602539,0.1,0.0,0.0,1.5587971881874356,-0.9392053037294485,0.5061454830783556,-2.64,-4.48,7.2,1.381,0.9560917019844055,0.07142857142857142,0.033553967252373695,1.0,0.0,7.3,1.9429999999999998,True,True,False
15.140968799591064,forward_010,5.1409687995910645,0.1,0.0,0.0,1.7955074679891665,-1.0221084431991792,0.595593607243065,-2.64,-4.48,7.2,2.148,0.9615493416786194,0.07142857142857142,0.02836454752832651,1.0,0.0,7.3,1.9429999999999998,True,True,False
15.161425113677979,forward_010,5.1614251136779785,0.1,0.0,0.0,0.6326818538479445,-0.16144295580947549,0.18435040224190105,-2.64,-4.48,7.2,1.304,0.971895158290863,0.14285714285714285,0.08474130928516388,1.0,0.0,7.8,0.21900000000000003,True,True,False
15.181789636611938,forward_010,5.1817896366119385,0.1,0.0,0.0,0.3534291735288517,-0.4341506514335895,-0.7897614865274342,-1.8,5.41,4.08,1.381,0.9790369272232056,0.14285714285714285,0.1760779768228531,1.0,0.0,7.8,0.21900000000000003,True,True,False
15.202167749404907,forward_010,5.202167749404907,0.1,0.0,0.0,0.09381144729469522,-0.6774059159302992,-0.8235772407848243,2.14,-4.75,3.45,2.225,0.9660057425498962,0.14285714285714285,0.18590407073497772,1.0,0.0,7.8,0.21900000000000003,True,True,False
15.222649812698364,forward_010,5.222649812698364,0.1,0.0,0.0,-0.02399827721492203,-0.23889194136672387,0.3687008044838021,-1.03,3.5700000000000003,5.46,2.302,0.993070662021637,0.21428571428571427,0.20428716018795967,1.0,0.0,7.8,0.21900000000000003,True,True,False
15.243017673492432,forward_010,5.243017673492432,0.1,0.0,0.0,-0.3337942194439155,-0.32179508083645453,0.27052603405912107,-2.5100000000000002,3.35,6.65,1.995,0.9904123544692993,0.21428571428571427,0.10864072665572166,1.0,0.0,7.8,0.21900000000000003,True,True,False
15.263378620147705,forward_010,5.263378620147705,0.1,0.0,0.0,-0.545415391248228,-0.5301437602932776,0.3108867730114899,-1.45,2.21,9.42,1.841,0.9928193688392639,0.14285714285714285,0.0932159498333931,1.0,0.0,7.8,0.21900000000000003,True,True,False
15.283754348754883,forward_010,5.283754348754883,0.1,0.0,0.0,-0.9468411192069238,-0.5508695451607103,0.272707695624114,0.28,3.63,9.02,1.151,0.9876430630683899,0.14285714285714285,0.03833259269595146,1.0,0.0,7.8,0.21900000000000003,True,True,False
15.304118871688843,forward_010,5.304118871688843,0.1,0.0,0.0,-1.1126473981463851,-0.6403176693254197,0.28361600344907856,-1.56,3.12,5.21,1.151,0.990958571434021,0.21428571428571427,0.04561544768512249,1.0,0.0,7.8,0.21900000000000003,True,True,False
15.324488639831543,forward_010,5.324488639831543,0.1,0.0,0.0,-1.0842857978014773,-0.8366672101747817,-0.1538071403320003,-1.56,3.12,5.21,0.9970000000000001,0.9929431080818176,0.14285714285714285,0.029212595196440816,1.0,1.0,7.8,0.21900000000000003,True,True,False
15.344860076904297,forward_010,5.344860076904297,0.1,0.0,0.0,-1.327541062298187,-0.032724923474893676,-0.8203047484373349,-2.95,3.52,8.67,0.6899999999999998,0.9866036772727966,0.42857142857142855,0.17346561327576637,1.0,1.0,7.8,0.21900000000000003,True,True,False
15.36522650718689,forward_010,5.36522650718689,0.1,0.0,0.0,-1.545707218797478,0.17780541754692233,-1.6886060513045138,-2.95,3.52,8.67,0.614,0.9721755981445312,0.14285714285714285,0.0640896912664175,1.0,1.0,7.6,1.0190000000000001,True,True,False
15.387040853500366,forward_010,5.387040853500366,0.1,0.0,0.0,-1.0930124440614488,0.5792311455056182,-2.1249383643030963,-2.95,3.52,8.67,0.537,0.9729353785514832,0.07142857142857142,0.06762481480836868,1.0,1.0,7.6,1.0190000000000001,True,True,False
15.407437801361084,forward_010,5.407437801361084,0.1,0.0,0.0,-0.11126473981463851,0.8377580409572782,-2.057306855788316,-0.37,-2.07,5.7700000000000005,1.304,0.933907151222229,0.0,0.12069168593734503,1.0,1.0,7.6,1.0190000000000001,True,True,False
15.427807807922363,forward_010,5.427807807922363,0.1,0.0,0.0,-0.28034351110158917,0.21489366415180183,-1.6929693744344996,-0.37,-2.07,5.7700000000000005,2.225,0.954454243183136,0.07142857142857142,0.024946853518486023,0.0,1.0,7.6,1.0190000000000001,True,True,False
15.4481840133667,forward_010,5.448184013366699,0.1,0.0,0.0,-0.29888763440402893,0.7417649320975901,-0.29888763440402893,-0.37,-2.07,5.7700000000000005,1.841,0.9436829090118408,0.0,0.10978763550519943,1.0,1.0,7.6,1.0190000000000001,True,True,False
15.46856427192688,forward_010,5.46856427192688,0.1,0.0,0.0,-0.519235452468313,1.4584407561977617,0.6959500392327389,-0.37,-2.07,5.7700000000000005,1.458,0.8367944359779358,0.0,0.270529069006443,1.0,1.0,7.6,1.0190000000000001,True,True,False
15.488955736160278,forward_010,5.488955736160278,0.1,0.0,0.0,-0.47669305195095124,1.526072264712542,1.4584407561977617,-3.96,-0.46,7.86,0.844,0.9754728078842163,0.14285714285714285,0.1898559294641018,1.0,1.0,7.6,1.0190000000000001,True,True,False
15.509430885314941,forward_010,5.509430885314941,0.1,0.0,0.0,-0.5857761302005968,0.5148721293383273,1.2980886311707827,-3.96,-0.46,7.86,1.381,0.9649220108985901,0.14285714285714285,0.11674574762582779,1.0,1.0,7.6,1.0190000000000001,True,True,False
15.529904842376709,forward_010,5.529904842376709,0.1,0.0,0.0,-0.8083056098298739,0.770126532442498,1.0919216132789524,-4.61,1.8,5.74,1.841,0.7048792839050293,0.0,0.1453423872590065,0.0,1.0,7.6,1.0190000000000001,True,True,False
15.550373077392578,forward_010,5.550373077392578,0.1,0.0,0.0,-0.5312345910757741,0.3010692959690218,0.9424777960769379,-5.42,1.8900000000000001,7.83,2.455,0.6912989020347595,0.0,0.04905203508678824,0.0,1.0,7.6,1.0190000000000001,True,True,False
15.570737838745117,forward_010,5.570737838745117,0.1,0.0,0.0,-0.08726646259971647,-0.45160394395353276,0.4243331743911214,-4.5,-1.3900000000000001,9.44,2.685,0.7899472117424011,0.0,0.13672854227479547,0.0,1.0,7.2,2.177,True,True,False
15.591233491897583,forward_010,5.591233491897583,0.1,0.0,0.0,0.6915867161027531,-0.5825036378531074,-0.5115996369908379,-4.5,-1.3900000000000001,9.44,2.148,0.9428646564483643,0.0,0.14819313772022724,0.0,1.0,7.2,2.177,True,True,False
15.611608743667603,forward_010,5.6116087436676025,0.1,0.0,0.0,1.2620912153483996,-0.8606654873897037,-0.545415391248228,1.07,-8.040000000000001,8.66,1.227,0.9509416222572327,0.07142857142857142,0.1715246730018407,0.0,1.0,7.2,2.177,True,True,False
15.631986141204834,forward_010,5.631986141204834,0.1,0.0,0.0,1.5053464798451093,-1.2097313377885697,0.6283185307179586,0.53,-2.86,7.05,1.227,0.9860655069351196,0.14285714285714285,0.1625099778175354,0.0,0.0,7.2,2.177,True,True,False
15.652355670928955,forward_010,5.652355670928955,0.1,0.0,0.0,1.526072264712542,-1.1813697374436618,0.7592182246175333,-0.6,-2.09,6.95,1.534,0.9724404215812683,0.14285714285714285,0.06912347115576267,1.0,0.0,7.2,2.177,True,True,False
15.672714471817017,forward_010,5.672714471817017,0.1,0.0,0.0,1.2708178616083712,-0.33488505022641196,0.6392268385429232,-1.3800000000000001,-0.15,2.09,1.918,0.9690260291099548,0.07142857142857142,0.10475645773112774,1.0,1.0,7.2,2.177,True,True,False
15.693185329437256,forward_010,5.693185329437256,0.1,0.0,0.0,1.0428342280666119,-0.23889194136672387,0.5126904677733343,-1.12,0.98,1.1300000000000001,2.148,0.9725214242935181,0.14285714285714285,0.16382057592272758,1.0,1.0,7.2,2.177,True,True,False
15.713547468185425,forward_010,5.713547468185425,0.1,0.0,0.0,0.8846637646046258,-0.5181446216858165,0.2781618495365963,-1.12,0.98,1.1300000000000001,1.227,0.9782024025917053,0.14285714285714285,0.06523295491933823,1.0,1.0,7.2,2.177,True,True,False
15.733957290649414,forward_010,5.733957290649414,0.1,0.0,0.0,-0.2083486794568231,0.7286749627076325,-0.40251655874119224,-1.12,0.98,1.1300000000000001,1.227,0.9832216501235962,0.07142857142857142,0.2128327712416649,1.0,1.0,7.2,2.177,True,True,False
15.754339218139648,forward_010,5.754339218139648,0.1,0.0,0.0,-0.044724062082354694,0.5770494839406252,-0.31634092692397225,-3.88,6.8,5.12,0.6899999999999998,0.9746025204658508,0.07142857142857142,0.10937702562659979,1.0,0.0,7.2,2.177,True,True,False
15.774765729904175,forward_010,5.774765729904175,0.1,0.0,0.0,0.4014257279586958,0.2977968036215325,-1.2980886311707827,-1.67,-3.48,1.21,1.688,0.9508571028709412,0.07142857142857142,0.07930600270628929,1.0,0.0,7.3,2.665,True,True,False
15.795143365859985,forward_010,5.795143365859985,0.1,0.0,0.0,0.1090830782496456,0.385063266221249,-0.41996985126113556,0.34,1.17,2.99,2.378,0.9596129059791565,0.07142857142857142,0.07277443865314126,1.0,0.0,7.3,2.665,True,True,False
15.815514087677002,forward_010,5.815514087677002,0.1,0.0,0.0,-0.5683228376806536,0.5945027764605685,-0.3534291735288517,-0.24,-1.97,8.31,2.378,0.9560471773147583,0.07142857142857142,0.045628711581230164,1.0,0.0,7.3,2.665,True,True,False
15.835880517959595,forward_010,5.835880517959595,0.1,0.0,0.0,-1.2500920767409385,0.34143003492139073,0.1341721862470641,-0.24,-1.97,8.31,3.145,0.912423312664032,0.0,0.0536818653345108,1.0,1.0,7.3,2.665,True,True,False
15.856360673904419,forward_010,5.856360673904419,0.1,0.0,0.0,-1.6067937426172796,-0.3043417883165112,0.6992225315802283,-2.49,4.19,9.15,1.6110000000000002,0.9724459648132324,0.07142857142857142,0.08119139602058567,1.0,1.0,7.3,2.665,True,True,False
15.876726865768433,forward_010,5.876726865768433,0.1,0.0,0.0,-1.9296796542362307,-0.4756022211684548,0.11780972450961724,-1.24,5.2700000000000005,8.89,1.074,0.9602122902870178,0.07142857142857142,0.042960705235600465,1.0,1.0,7.3,2.665,True,True,False
15.897294998168945,forward_010,5.897294998168945,0.1,0.0,0.0,-1.5249814339300454,-0.2454369260617026,-0.6697701004528239,-1.24,5.2700000000000005,8.89,0.844,0.9371355175971985,0.0,0.06987596675753593,0.0,1.0,7.3,2.665,True,True,False
15.917669296264648,forward_010,5.917669296264648,0.1,0.0,0.0,-0.7766715171374766,0.9130253649495337,-0.4341506514335895,-5.84,0.7000000000000001,6.8,0.9970000000000001,0.9290665984153748,0.0,0.18334636464715004,0.0,1.0,7.3,2.665,True,True,False
15.938038349151611,forward_010,5.938038349151611,0.1,0.0,0.0,-0.33488505022641196,0.07090400086226964,-0.6185010536754906,-1.6500000000000001,-2.59,5.41,0.537,0.9329319000244141,0.0,0.07880907505750656,0.0,1.0,7.3,2.665,True,True,False
15.958400964736938,forward_010,5.9584009647369385,0.1,0.0,0.0,-0.33161255787892263,0.22907446432425577,-1.117010721276371,-1.6500000000000001,-2.59,5.41,0.46,0.9188273549079895,0.0,0.09676086530089378,0.0,1.0,7.3,2.665,True,True,False
15.978778600692749,forward_010,5.978778600692749,0.1,0.0,0.0,0.038179077387375956,1.2642728769133924,-0.46469391334349025,-2.72,-5.61,7.44,0.614,0.9231399893760681,0.0,0.1829533986747265,0.0,1.0,7.4,1.4860000000000002,True,True,False
15.999146699905396,forward_010,5.9991466999053955,0.1,0.0,0.0,0.20943951023931956,1.0133817969392076,0.16798794050445423,-1.9100000000000001,-4.14,7.69,0.6899999999999998,0.8171560168266296,0.0,0.2340685948729515,0.0,1.0,7.4,1.4860000000000002,True,True,False
16.019516468048096,forward_010,6.019516468048096,0.1,0.0,0.0,0.017453292519943295,0.5715953300281429,-0.20180369476184434,-1.9100000000000001,-4.14,7.69,0.9210000000000002,0.9359360337257385,0.0,0.2141815647482872,1.0,1.0,7.4,1.4860000000000002,True,True,False
16.039896726608276,forward_010,6.039896726608276,0.1,0.0,0.0,-0.2716168648416175,0.7330382858376184,0.10144726277217041,-3.67,-3.31,5.68,1.227,0.9142124056816101,0.0,0.08488919958472252,0.0,1.0,7.4,1.4860000000000002,True,True,False
16.060251712799072,forward_010,6.060251712799072,0.1,0.0,0.0,-0.35997415822383044,0.2716168648416175,0.4439681284760576,-3.67,-3.31,5.68,2.532,0.807476818561554,0.0,0.04519573226571083,0.0,1.0,7.4,1.4860000000000002,True,True,False
16.08061933517456,forward_010,6.0806193351745605,0.1,0.0,0.0,-0.43524148221608594,-0.29561514205653955,0.5999569303730508,-3.18,-1.21,7.2700000000000005,2.915,0.6693806648254395,0.0,0.12266638036817312,0.0,1.0,7.4,1.4860000000000002,True,True,False
16.10114336013794,forward_010,6.1011433601379395,0.1,0.0,0.0,0.19853120241435498,-0.5399612373357457,0.4276056667386107,-3.18,-1.21,7.2700000000000005,2.8389999999999995,0.9494854211807251,0.0,0.17106588929891586,0.0,1.0,7.4,1.4860000000000002,True,True,False
16.121520519256592,forward_010,6.121520519256592,0.1,0.0,0.0,0.6163193921104976,-0.48651052899341934,0.07526732399225546,-3.18,-1.21,7.2700000000000005,2.378,0.9187654256820679,0.0,0.07996188756078482,0.0,1.0,7.4,1.4860000000000002,True,True,False
16.14189887046814,forward_010,6.14189887046814,0.1,0.0,0.0,0.8137597637423561,-0.6174102228929941,-0.5377795757707527,-0.37,-3.29,7.08,1.458,0.9139955043792725,0.0,0.1374337039887905,0.0,1.0,7.4,1.4860000000000002,True,True,False
16.16236662864685,forward_010,6.162366628646851,0.1,0.0,0.0,0.8137597637423561,-0.6174102228929941,-0.5377795757707527,0.18,-2.54,4.14,1.765,0.927849531173706,0.0,0.11609228234738111,0.0,1.0,7.4,1.4860000000000002,True,True,False
16.182840824127197,forward_010,6.182840824127197,0.1,0.0,0.0,1.3308135546456763,-1.1857330605736476,-0.23561944901923448,-1.54,-0.35000000000000003,5.3100000000000005,2.071,0.9635924696922302,0.14285714285714285,0.05927575845271349,0.0,1.0,7.2,2.7539999999999996,True,True,False
16.20321035385132,forward_010,6.203210353851318,0.1,0.0,0.0,1.4726215563702156,-1.016654289286697,-0.12980886311707826,-1.84,0.9,4.01,1.534,0.963531494140625,0.07142857142857142,0.07146034156903625,0.0,1.0,7.2,2.7539999999999996,True,True,False
16.22360134124756,forward_010,6.223601341247559,0.1,0.0,0.0,1.7256942979093934,-0.495237175253391,-0.5203262832508095,-3.5500000000000003,-1.32,7.19,2.225,0.9392908811569214,0.0,0.1043092031031847,1.0,1.0,7.2,2.7539999999999996,True,True,False
16.243962049484253,forward_010,6.243962049484253,0.1,0.0,0.0,1.878410607458897,-0.6403176693254197,-0.20398535632683726,-3.5500000000000003,-1.32,7.19,2.532,0.9583466053009033,0.14285714285714285,0.09387239627540112,1.0,1.0,7.2,2.7539999999999996,True,True,False
16.2643404006958,forward_010,6.264340400695801,0.1,0.0,0.0,2.0943951023931953,-0.16907877128695067,0.19853120241435498,-3.5500000000000003,-1.32,7.19,1.765,0.9555791020393372,0.14285714285714285,0.0514833303168416,1.0,0.0,7.2,2.7539999999999996,True,True,False
16.284722089767456,forward_010,6.284722089767456,0.1,0.0,0.0,0.24107360293171676,-0.10471975511965978,-0.5486878835957173,-3.5500000000000003,-1.32,7.19,1.6110000000000002,0.9784754514694214,0.14285714285714285,0.17827131692320108,0.0,0.0,7.2,2.7539999999999996,True,True,False
16.30516219139099,forward_010,6.305162191390991,0.1,0.0,0.0,-0.47778388273344774,-0.8933904108645975,-0.7232208087951503,-0.77,7.6000000000000005,3.15,1.458,0.9826114773750305,0.07142857142857142,0.07876653457060456,1.0,0.0,7.2,2.7539999999999996,True,True,False
16.3256196975708,forward_010,6.325619697570801,0.1,0.0,0.0,-0.56941366846315,-0.8650288105196896,-0.6654067773228381,-0.14,-0.52,1.99,1.6110000000000002,0.9819256663322449,0.14285714285714285,0.08673599548637867,1.0,0.0,7.2,2.7539999999999996,True,True,False
16.34600591659546,forward_010,6.346005916595459,0.1,0.0,0.0,-0.6948592084502424,-0.3272492347489368,0.1461713248545251,-2.25,-1.48,4.66,1.918,0.9899425506591797,0.2857142857142857,0.1466301530599594,1.0,0.0,7.2,2.7539999999999996,True,True,False
16.366370916366577,forward_010,6.366370916366577,0.1,0.0,0.0,-0.9152070265145266,0.05999569303730508,0.09490227807719166,-3.47,2.47,7.140000000000001,1.765,0.9705032110214233,0.21428571428571427,0.05388520658016205,1.0,0.0,7.2,2.7539999999999996,True,True,False
16.38676357269287,forward_010,6.386763572692871,0.1,0.0,0.0,-0.830122225479803,-0.34143003492139073,0.020725784867432664,-3.47,2.47,7.140000000000001,1.534,0.9818636178970337,0.14285714285714285,0.016501870471984148,1.0,1.0,7.8,0.265,True,True,False
16.408299446105957,forward_010,6.408299446105957,0.1,0.0,0.0,-0.9228428419920017,-0.8453938564347534,0.15489797111449674,-3.47,2.47,7.140000000000001,1.458,0.9899659156799316,0.2857142857142857,0.07124452479183674,1.0,1.0,7.8,0.265,True,True,False
16.428675413131714,forward_010,6.428675413131714,0.1,0.0,0.0,-1.0722866591940161,-0.5726861608106394,-0.011999138607461015,0.91,2.43,5.22,1.304,0.9807469844818115,0.14285714285714285,0.0756171215325594,1.0,1.0,7.8,0.265,True,True,False
16.449217081069946,forward_010,6.449217081069946,0.1,0.0,0.0,-1.261000384565903,-0.6981317007977318,-0.543233729683235,0.91,2.43,5.22,0.9210000000000002,0.9780086278915405,0.14285714285714285,0.038068946450948715,1.0,1.0,7.8,0.265,True,True,False
16.469590187072754,forward_010,6.469590187072754,0.1,0.0,0.0,-0.7548549014875475,0.050178215994836975,-0.31525009614147576,0.91,2.43,5.22,0.46,0.975436806678772,0.07142857142857142,0.08732946403324604,1.0,1.0,7.8,0.265,True,True,False
16.489965200424194,forward_010,6.489965200424194,0.1,0.0,0.0,-0.4930555136883981,0.6774059159302992,0.8857545953871222,-4.34,-3.06,4.94,0.9210000000000002,0.9495006799697876,0.0,0.09050792828202248,1.0,1.0,7.8,0.265,True,True,False
16.51064395904541,forward_010,6.51064395904541,0.1,0.0,0.0,0.006544984694978736,0.25743606466916363,1.1595531217937327,2.38,-3.59,7.79,1.151,0.9500795006752014,0.07142857142857142,0.06609509512782097,1.0,1.0,7.8,0.265,True,True,False
16.531028270721436,forward_010,6.5310282707214355,0.1,0.0,0.0,0.13199052468207118,0.2378011105842274,0.6130468997630083,2.38,-3.59,7.79,1.227,0.9641749262809753,0.07142857142857142,0.06080291047692299,1.0,1.0,7.8,0.265,True,True,False
16.55140471458435,forward_010,6.551404714584351,0.1,0.0,0.0,0.22362031041177347,-0.006544984694978736,0.16907877128695067,0.39,-2.1,9.31,0.9970000000000001,0.9812662601470947,0.14285714285714285,0.0561254033818841,1.0,1.0,7.8,0.265,True,True,False
16.57177233695984,forward_010,6.571772336959839,0.1,0.0,0.0,0.38069994309126315,0.5628686837681712,0.015271630954950384,1.86,-2.3000000000000003,8.01,0.6899999999999998,0.9690635204315186,0.14285714285714285,0.054464079439640045,1.0,1.0,7.8,0.265,True,True,False
16.592173099517822,forward_010,6.592173099517822,0.1,0.0,0.0,0.3174317577064687,0.4526947747360292,-0.17889624832941878,1.86,-2.3000000000000003,8.01,0.9210000000000002,0.9765446186065674,0.14285714285714285,0.07992860861122608,1.0,1.0,7.8,0.42000000000000004,True,True,False
16.61254072189331,forward_010,6.6125407218933105,0.1,0.0,0.0,0.08617563181722002,0.5901394533305827,-0.7035858547102141,-3.42,2.72,9.33,0.537,0.9933292865753174,0.21428571428571427,0.0886021088808775,1.0,1.0,7.8,0.42000000000000004,True,True,False
16.632917642593384,forward_010,6.632917642593384,0.1,0.0,0.0,-0.06763150851478027,0.6119560689805118,-0.7930339788749234,-0.34,0.43,6.3100000000000005,0.6899999999999998,0.9825948476791382,0.14285714285714285,0.05470982939004898,1.0,1.0,7.8,0.42000000000000004,True,True,False
16.65328884124756,forward_010,6.653288841247559,0.1,0.0,0.0,0.008726646259971648,0.8192139176548384,-0.5966844380255614,-2.77,-0.8300000000000001,9.25,0.9210000000000002,0.9878209829330444,0.14285714285714285,0.11147616431117058,1.0,1.0,7.8,0.42000000000000004,True,True,False
16.673653602600098,forward_010,6.673653602600098,0.1,0.0,0.0,-0.026179938779914945,0.918479518862016,-0.39924406639370286,-2.43,-1.54,8.23,0.9210000000000002,0.9783245325088501,0.14285714285714285,0.12680259766057134,0.0,1.0,7.8,0.42000000000000004,True,True,False
16.694032192230225,forward_010,6.694032192230225,0.1,0.0,0.0,0.09272061651219876,0.767944870877505,-0.044724062082354694,-1.33,-2.56,7.73,0.844,0.968934178352356,0.14285714285714285,0.0891321781091392,0.0,1.0,7.8,0.42000000000000004,True,True,False
16.7144193649292,forward_010,6.714419364929199,0.1,0.0,0.0,0.0272707695624114,1.0875582901489667,0.40251655874119224,-1.33,-2.56,7.73,1.074,0.9464772343635559,0.0,0.07801114395260811,0.0,1.0,7.8,0.42000000000000004,True,True,False
16.734784603118896,forward_010,6.7347846031188965,0.1,0.0,0.0,0.136353847812057,0.9217520112095053,0.5857761302005968,-3.65,-2.05,8.73,2.225,0.951382040977478,0.07142857142857142,0.026224033907055855,0.0,1.0,7.8,0.42000000000000004,True,True,False
16.755215406417847,forward_010,6.755215406417847,0.1,0.0,0.0,0.3010692959690218,0.6839509006252779,0.5410520681182421,-3.65,-2.05,8.73,3.145,0.9620652794837952,0.07142857142857142,0.03790899063460529,1.0,1.0,7.8,0.42000000000000004,True,True,False
16.775578260421753,forward_010,6.775578260421753,0.1,0.0,0.0,0.8846637646046258,0.6130468997630083,0.16798794050445423,-2.22,-2.36,9.370000000000001,2.378,0.9366188049316406,0.0,0.10120134055614471,1.0,1.0,7.8,0.42000000000000004,True,True,False
16.79594373703003,forward_010,6.795943737030029,0.1,0.0,0.0,1.1366456753613072,-0.04908738521234052,-0.3665191429188092,-1.9100000000000001,-2.48,7.58,1.534,0.9592595100402832,0.07142857142857142,0.158877432346344,1.0,1.0,7.6,0.7350000000000001,True,True,False
16.81630802154541,forward_010,6.81630802154541,0.1,0.0,0.0,1.4988014951501305,-0.49960049838337683,-0.14835298641951802,-1.9100000000000001,-2.48,7.58,1.458,0.9770790338516235,0.14285714285714285,0.06408248096704483,1.0,1.0,7.6,0.7350000000000001,True,True,False
16.836731910705566,forward_010,6.836731910705566,0.1,0.0,0.0,1.1497356447512646,0.29343348049154666,-1.2784536770858463,-1.9100000000000001,-2.48,7.58,1.151,0.9519144892692566,0.07142857142857142,0.1171820443123579,1.0,0.0,7.6,0.7350000000000001,True,True,False
16.857178688049316,forward_010,6.857178688049316,0.1,0.0,0.0,0.940296134511945,-0.18653206380689397,-1.8107790989441168,-1.19,0.74,7.12,0.9970000000000001,0.9511288404464722,0.07142857142857142,0.0727218259125948,1.0,0.0,7.6,0.7350000000000001,True,True,False
16.877560138702393,forward_010,6.877560138702393,0.1,0.0,0.0,0.7755806863549802,-0.25743606466916363,-1.4431691252428112,1.24,0.18,8.85,1.765,0.9736424088478088,0.14285714285714285,0.08032900281250477,1.0,0.0,7.6,0.7350000000000001,True,True,False
16.89797329902649,forward_010,6.897973299026489,0.1,0.0,0.0,0.4276056667386107,0.284706834231575,-0.5966844380255614,-2.39,0.49,4.14,2.685,0.9627473950386047,0.07142857142857142,0.11073395237326622,1.0,0.0,7.6,0.7350000000000001,True,True,False
16.91845440864563,forward_010,6.91845440864563,0.1,0.0,0.0,-0.07963064712224129,-0.11017390903214205,-0.02399827721492203,-3.64,-1.1500000000000001,8.870000000000001,2.915,0.9786824584007263,0.14285714285714285,0.05152304098010063,1.0,0.0,7.6,0.7350000000000001,True,True,False
16.93884515762329,forward_010,6.938845157623291,0.1,0.0,0.0,-0.6185010536754906,-0.18653206380689397,0.9032078879070655,-2.7800000000000002,3.92,5.61,2.148,0.9769956469535828,0.07142857142857142,0.023964395746588707,1.0,0.0,7.6,0.7350000000000001,True,True,False
16.959243059158325,forward_010,6.959243059158325,0.1,0.0,0.0,-0.9577494270318884,-0.4439681284760576,0.4908738521234052,-2.66,3.67,8.64,1.688,0.9751367568969727,0.07142857142857142,0.031832593493163586,1.0,1.0,7.6,0.7350000000000001,True,True,False
16.97960352897644,forward_010,6.97960352897644,0.1,0.0,0.0,-1.5304355878425278,-0.3043417883165112,-0.23889194136672387,-1.99,6.1000000000000005,8.0,1.688,0.966862678527832,0.07142857142857142,0.029132917523384094,1.0,1.0,7.6,0.7350000000000001,True,True,False
16.999971628189087,forward_010,6.999971628189087,0.1,0.0,0.0,-1.820596575986585,-0.6163193921104976,-1.1235557059713497,-3.16,4.55,9.46,1.151,0.9704971313476562,0.07142857142857142,0.03334284387528896,1.0,1.0,7.7,0.5710000000000001,True,True,False
17.020339250564575,forward_010,7.020339250564575,0.1,0.0,0.0,-1.239183768915974,-0.4145156973486533,-1.7933258064241737,-3.16,4.55,9.46,0.6899999999999998,0.9586653709411621,0.14285714285714285,0.036493618972599506,1.0,1.0,7.7,0.5710000000000001,True,True,False
17.04072594642639,forward_010,7.040725946426392,0.1,0.0,0.0,-0.29343348049154666,0.4799655442984406,-0.8704829644321719,-0.56,-3.8200000000000003,3.6,0.6899999999999998,0.91597580909729,0.0,0.11891340836882591,0.0,1.0,7.7,0.5710000000000001,True,True,False
17.061160802841187,forward_010,7.0611608028411865,0.1,0.0,0.0,-0.20180369476184434,-0.15162547876700738,-0.6512259771503842,-1.21,-3.42,8.47,0.767,0.9551652073860168,0.07142857142857142,0.07687164098024368,0.0,1.0,7.7,0.5710000000000001,True,True,False
17.081528425216675,forward_010,7.081528425216675,0.1,0.0,0.0,-0.24652775684419906,0.3817907738737596,-0.7374016089676042,-1.21,-3.42,8.47,0.9210000000000002,0.9284015893936157,0.0,0.09267224743962288,1.0,1.0,7.7,0.5710000000000001,True,True,False
17.101945638656616,forward_010,7.101945638656616,0.1,0.0,0.0,-0.2694352032766246,0.6501351463678877,-0.12217304763960307,-1.21,-3.42,8.47,0.844,0.8387876152992249,0.0,0.1242915652692318,1.0,1.0,7.7,0.5710000000000001,True,True,False
17.122321367263794,forward_010,7.122321367263794,0.1,0.0,0.0,-0.3785182815262702,0.7504915783575618,0.45705809786601503,-2.0,-1.58,8.3,0.844,0.75826096534729,0.0,0.12785330414772034,1.0,1.0,7.7,0.5710000000000001,True,True,False
17.142687797546387,forward_010,7.142687797546387,0.1,0.0,0.0,-0.40906154343617096,0.2596177262341565,0.20398535632683726,-2.0,-1.58,8.3,1.381,0.8999091386795044,0.0,0.09349081199616194,0.0,1.0,7.7,0.5710000000000001,True,True,False
17.16305947303772,forward_010,7.16305947303772,0.1,0.0,0.0,-0.3425208657038872,0.385063266221249,0.26398104936414235,-1.06,-0.13,8.05,1.995,0.8647642135620117,0.0,0.05962175689637661,0.0,1.0,7.7,0.5710000000000001,True,True,False
17.183547735214233,forward_010,7.183547735214233,0.1,0.0,0.0,-0.3567016658763411,0.40251655874119224,0.33597588100890846,-3.92,-1.1,8.28,2.378,0.912950873374939,0.0,0.06435839086771011,0.0,1.0,7.7,0.5710000000000001,True,True,False
17.20392680168152,forward_010,7.2039268016815186,0.1,0.0,0.0,0.1559888018969932,-0.16035212502697901,0.28907015736156083,-3.13,-3.88,9.200000000000001,2.378,0.9339523315429688,0.0,0.1557181254029274,0.0,1.0,7.2,1.7539999999999998,True,True,False
17.22430396080017,forward_010,7.224303960800171,0.1,0.0,0.0,0.46469391334349025,-0.20507618710933373,0.24870941840919197,-3.94,0.02,9.55,2.608,0.9346532225608826,0.0,0.062757957726717,0.0,1.0,7.2,1.7539999999999998,True,True,False
17.24466109275818,forward_010,7.244661092758179,0.1,0.0,0.0,1.1290098598838318,-0.31525009614147576,-0.4505131131710363,-0.78,-6.3500000000000005,7.2700000000000005,1.151,0.9624431729316711,0.07142857142857142,0.13716547563672066,0.0,1.0,7.2,1.7539999999999998,True,True,False
17.26509976387024,forward_010,7.265099763870239,0.1,0.0,0.0,1.3482668471656196,-0.6370451769779303,0.4930555136883981,0.16,-4.64,7.34,1.458,0.9642764925956726,0.07142857142857142,0.05294356634840369,0.0,1.0,7.2,1.7539999999999998,True,True,False
17.285460710525513,forward_010,7.285460710525513,0.1,0.0,0.0,1.5533430342749532,-0.6479534848028948,0.6784967467127956,-3.87,-3.89,5.34,2.455,0.9601913690567017,0.07142857142857142,0.04679282754659653,0.0,1.0,7.2,1.7539999999999998,True,True,False
17.305830478668213,forward_010,7.305830478668213,0.1,0.0,0.0,1.6417003276571662,-1.0210176124166828,0.35997415822383044,-3.87,-3.89,5.34,3.145,0.9378849864006042,0.0,0.10979657433927059,1.0,1.0,7.2,1.7539999999999998,True,True,False
17.32631254196167,forward_010,7.32631254196167,0.1,0.0,0.0,1.6057029118347832,-0.9141161957320301,0.04799655442984406,-1.29,-3.06,9.3,1.6110000000000002,0.9548937678337097,0.07142857142857142,0.1004710216075182,1.0,1.0,7.2,1.7539999999999998,True,True,False
17.346678733825684,forward_010,7.346678733825684,0.1,0.0,0.0,1.5304355878425278,-0.9152070265145266,0.3741549583962844,-1.08,-3.7600000000000002,6.28,1.688,0.9672360420227051,0.07142857142857142,0.02900098543614149,1.0,0.0,7.2,1.7539999999999998,True,True,False
17.36705732345581,forward_010,7.3670573234558105,0.1,0.0,0.0,1.1868238913561442,-1.2959069696057897,1.2326387842209952,-1.08,-3.7600000000000002,6.28,1.381,0.9714879989624023,0.14285714285714285,0.045291170477867126,1.0,0.0,7.2,1.7539999999999998,True,True,False
17.387425184249878,forward_010,7.387425184249878,0.1,0.0,0.0,0.04690572364734761,-0.3916082509162277,-0.015271630954950384,-1.08,-3.7600000000000002,6.28,1.688,0.9733714461326599,0.14285714285714285,0.09755030274391174,1.0,0.0,7.2,1.7539999999999998,True,True,False
17.4078471660614,forward_010,7.407847166061401,0.1,0.0,0.0,-0.3108867730114899,-1.0875582901489667,0.04690572364734761,-1.41,4.5,3.72,1.995,0.9867182970046997,0.14285714285714285,0.06074321269989014,1.0,0.0,7.8,0.23900000000000002,True,True,False
17.429061889648438,forward_010,7.4290618896484375,0.1,0.0,0.0,-0.20180369476184434,-0.7995789635699022,0.03490658503988659,1.16,-0.97,5.32,1.841,0.9765507578849792,0.14285714285714285,0.0511530339717865,1.0,0.0,7.8,0.23900000000000002,True,True,False
17.449520587921143,forward_010,7.449520587921143,0.1,0.0,0.0,-0.33488505022641196,-0.29888763440402893,0.4232423436086249,0.03,3.95,8.2,1.995,0.9924253225326538,0.14285714285714285,0.07552932947874069,1.0,0.0,7.8,0.23900000000000002,True,True,False
17.46998953819275,forward_010,7.469989538192749,0.1,0.0,0.0,-0.3097959422289935,-0.3861540970037454,0.41560652813114973,0.03,3.95,8.2,1.841,0.9906197190284729,0.14285714285714285,0.06260939687490463,1.0,0.0,7.8,0.23900000000000002,True,True,False
17.490347146987915,forward_010,7.490347146987915,0.1,0.0,0.0,-0.3981532356112064,-0.45160394395353276,0.21489366415180183,0.31,2.46,8.86,1.227,0.9885603189468384,0.14285714285714285,0.019808566197752953,1.0,0.0,7.8,0.23900000000000002,True,True,False
17.51071548461914,forward_010,7.510715484619141,0.1,0.0,0.0,-0.42542400517361784,-0.581412807070611,-0.06654067773228381,-0.67,2.42,8.08,0.9210000000000002,0.9915421605110168,0.14285714285714285,0.025680769234895706,1.0,0.0,7.8,0.23900000000000002,True,True,False
17.53110647201538,forward_010,7.531106472015381,0.1,0.0,0.0,-0.543233729683235,-0.35779249665883756,-0.17235126363444003,-1.8,2.73,8.620000000000001,0.6899999999999998,0.990727424621582,0.2857142857142857,0.029727473855018616,1.0,0.0,7.8,0.23900000000000002,True,True,False
17.551482677459717,forward_010,7.551482677459717,0.1,0.0,0.0,-0.7657632093125121,0.050178215994836975,-0.4505131131710363,-1.06,2.47,9.52,0.6899999999999998,0.9863435626029968,0.14285714285714285,0.048063725233078,1.0,0.0,7.8,0.23900000000000002,True,True,False
17.571954488754272,forward_010,7.5719544887542725,0.1,0.0,0.0,-1.016654289286697,0.27379852640661045,-0.7613998861825263,-1.06,2.47,9.52,0.537,0.9815660715103149,0.21428571428571427,0.08347589318873361,1.0,1.0,7.8,0.23900000000000002,True,True,False
17.592318296432495,forward_010,7.592318296432495,0.1,0.0,0.0,-1.1355548445788106,0.4526947747360292,-0.9130253649495337,-0.8300000000000001,1.9000000000000001,8.53,0.844,0.9711071848869324,0.14285714285714285,0.04474553093314171,1.0,1.0,7.8,0.23900000000000002,True,True,False
17.612680912017822,forward_010,7.612680912017822,0.1,0.0,0.0,-1.036289243371633,0.5028729907308662,-0.9446594576419308,-0.8300000000000001,1.9000000000000001,8.53,1.458,0.9670095443725586,0.14285714285714285,0.029818528215400875,1.0,1.0,7.8,0.55,True,True,False
17.633177280426025,forward_010,7.633177280426025,0.1,0.0,0.0,-0.8475755179997463,0.7515824091400581,-0.6512259771503842,-0.8300000000000001,1.9000000000000001,8.53,1.841,0.9408020973205566,0.0,0.053038171608932316,0.0,1.0,7.8,0.55,True,True,False
17.653554916381836,forward_010,7.653554916381836,0.1,0.0,0.0,-0.7581273938350369,1.4268066635053644,0.43196898986859655,-2.37,-5.93,6.98,1.6110000000000002,0.8736340403556824,0.0,0.196717519313097,0.0,1.0,7.8,0.55,True,True,False
17.673924207687378,forward_010,7.673924207687378,0.1,0.0,0.0,-0.6119560689805118,1.335176877775662,1.1900963837036334,-2.37,-5.93,6.98,1.227,0.8820202350616455,0.0,0.19282788038253784,1.0,1.0,7.8,0.55,True,True,False
17.694396495819092,forward_010,7.694396495819092,0.1,0.0,0.0,-0.581412807070611,1.6569719586121165,1.3962634015954636,-2.37,-5.93,6.98,0.9970000000000001,0.9798600673675537,0.14285714285714285,0.12789279222488403,1.0,1.0,7.8,0.55,True,True,False
17.7147798538208,forward_010,7.714779853820801,0.1,0.0,0.0,-0.8388488717397746,1.1420998292737894,1.3035427850832648,-2.37,-5.93,6.98,1.227,0.8754361867904663,0.0,0.06423874048050493,0.0,1.0,7.8,0.55,True,True,False
17.735143184661865,forward_010,7.735143184661865,0.1,0.0,0.0,-0.8628471489546967,1.1159198904938745,1.4060808786379317,-1.46,0.48,8.040000000000001,2.302,0.6651498675346375,0.0,0.17088635661639273,0.0,1.0,7.8,0.55,True,True,False
17.75556254386902,forward_010,7.7555625438690186,0.1,0.0,0.0,-0.32615840396644036,0.5115996369908379,0.6904958853202566,-5.3500000000000005,-1.01,5.59,2.608,0.6798860430717468,0.0,0.08075821585953236,0.0,1.0,7.8,0.55,True,True,False
17.776033401489258,forward_010,7.776033401489258,0.1,0.0,0.0,0.4079707126536745,-0.2825251726665821,0.23561944901923448,-5.3500000000000005,-1.01,5.59,1.995,0.8870278000831604,0.0,0.13021382689476013,0.0,1.0,7.8,0.55,True,True,False
17.796504020690918,forward_010,7.796504020690918,0.1,0.0,0.0,0.7221299780126539,-0.5355979142057599,-0.34470252726888007,-5.3500000000000005,-1.01,5.59,1.6110000000000002,0.9033164381980896,0.0,0.10076430439949036,0.0,1.0,7.8,0.55,True,True,False
17.817034244537354,forward_010,7.8170342445373535,0.1,0.0,0.0,0.9675669040743564,-0.9152070265145266,0.5388704065532492,0.6900000000000001,-8.23,6.5600000000000005,1.304,0.9240630865097046,0.0,0.19466306269168854,0.0,1.0,7.7,0.8320000000000001,True,True,False
17.83739924430847,forward_010,7.837399244308472,0.1,0.0,0.0,1.1977321991811087,-1.2184579840485412,1.526072264712542,-1.1,-4.25,5.61,1.458,0.9384090304374695,0.0,0.10638548620045185,0.0,0.0,7.7,0.8320000000000001,True,True,False
17.857773303985596,forward_010,7.857773303985596,0.1,0.0,0.0,1.3842642629880026,-0.990474350506782,1.7376934365168544,-0.97,-1.26,3.77,1.765,0.954680860042572,0.14285714285714285,0.07179184630513191,1.0,1.0,7.7,0.8320000000000001,True,True,False
17.878249406814575,forward_010,7.878249406814575,0.1,0.0,0.0,1.457349925415265,-0.5301437602932776,2.016946116835947,-1.04,1.32,1.96,2.225,0.9018628597259521,0.0,0.09495436400175095,1.0,1.0,7.7,0.8320000000000001,True,True,False
17.89860773086548,forward_010,7.8986077308654785,0.1,0.0,0.0,1.4835298641951802,0.014180800172453928,1.9940386704035216,-1.08,0.63,1.42,2.225,0.9104812145233154,0.0,0.16050567477941513,1.0,1.0,7.7,0.8320000000000001,True,True,False
17.918981790542603,forward_010,7.9189817905426025,0.1,0.0,0.0,1.1202832136238603,0.16798794050445423,1.2064588454410803,-1.08,0.63,1.42,1.841,0.9497812390327454,0.0,0.07825633510947227,1.0,1.0,7.7,0.8320000000000001,True,True,False
17.939404487609863,forward_010,7.939404487609863,0.1,0.0,0.0,0.2879793265790644,1.3384493701231515,-0.6457718232379019,-1.08,0.63,1.42,1.534,0.9743818044662476,0.07142857142857142,0.20321793854236603,1.0,0.0,7.7,0.8320000000000001,True,True,False
17.95978331565857,forward_010,7.959783315658569,0.1,0.0,0.0,0.16471544815696484,0.2552544031041707,-1.2337296150034918,3.93,8.120000000000001,7.13,1.458,0.8723514080047607,0.0,0.10314318165183067,1.0,0.0,7.7,0.8320000000000001,True,True,False
17.98016929626465,forward_010,7.980169296264648,0.1,0.0,0.0,0.26398104936414235,0.9588402578143848,-1.9144080232812801,0.0,-0.84,3.67,2.608,0.9638411402702332,0.07142857142857142,0.24595532566308975,1.0,0.0,7.7,0.8320000000000001,True,True,False
18.000536918640137,stop_after_010,0.0005369186401367188,0.0,0.0,0.0,-0.29888763440402893,0.6534076387153771,-1.0570150282390658,-3.29,-5.96,6.49,2.455,0.8360835313796997,0.0,0.14579591527581215,1.0,0.0,7.7,0.8320000000000001,True,True,False
18.02099895477295,stop_after_010,0.02099895477294922,0.0,0.0,0.0,-0.9555677654668955,0.1832595714594046,-0.05672320068981571,-2.19,0.59,8.55,2.762,0.9453313946723938,0.0,0.13743659108877182,1.0,0.0,7.3,1.5870000000000002,True,True,False
18.041358947753906,stop_after_010,0.04135894775390625,0.0,0.0,0.0,-1.3089969389957472,-0.35997415822383044,0.2748893571891069,-3.68,0.61,7.12,3.2220000000000004,0.8753958940505981,0.0,0.08034832868725061,1.0,0.0,7.3,1.5870000000000002,True,True,False
18.061767578125,stop_after_010,0.061767578125,0.0,0.0,0.0,-1.6275195274847123,-0.791943148092427,0.6152285613280012,-2.7600000000000002,1.52,9.36,1.918,0.8110962510108948,0.0,0.06724941544234753,1.0,0.0,7.3,1.5870000000000002,True,True,False
18.082249641418457,stop_after_010,0.08224964141845703,0.0,0.0,0.0,-1.7715091907742444,-0.595593607243065,0.842121364087264,-3.72,4.5,7.5,1.995,0.8805540204048157,0.0,0.048626333475112915,0.0,1.0,7.3,1.5870000000000002,True,True,False
18.10263466835022,stop_after_010,0.10263466835021973,0.0,0.0,0.0,-2.073669317525763,-1.241365430480967,-0.22362031041177347,-4.3100000000000005,2.82,6.25,1.765,0.7644382119178772,0.0,0.05719078332185745,0.0,1.0,7.3,1.5870000000000002,True,True,False
18.123109817504883,stop_after_010,0.12310981750488281,0.0,0.0,0.0,-1.978767039448571,-1.6013395887047974,-1.2588187230009102,0.67,0.12,3.13,1.765,0.7181109189987183,0.0,0.042408932000398636,0.0,1.0,7.3,1.5870000000000002,True,True,False
18.14349055290222,stop_after_010,0.14349055290222168,0.0,0.0,0.0,-1.894773069196344,-1.3591751549905842,-1.9122263617162873,0.67,0.12,3.13,1.304,0.7020862102508545,0.0,0.023596523329615593,0.0,1.0,7.3,1.5870000000000002,True,True,False
18.163963079452515,stop_after_010,0.16396307945251465,0.0,0.0,0.0,-0.19198621771937624,-0.3665191429188092,-0.7199483164476609,0.67,0.12,3.13,1.6110000000000002,0.8311451077461243,0.0,0.06122850626707077,0.0,1.0,7.3,1.5870000000000002,True,True,False
18.184447526931763,stop_after_010,0.1844475269317627,0.0,0.0,0.0,0.4886921905584123,-0.6403176693254197,-0.031634092692397225,0.41000000000000003,-3.59,5.29,0.9210000000000002,0.8700979351997375,0.0,0.033529832027852535,1.0,1.0,7.3,1.5870000000000002,True,True,False
18.20482349395752,stop_after_010,0.20482349395751953,0.0,0.0,0.0,1.299179461953279,-0.4526947747360292,-0.13199052468207118,0.44,-1.02,4.16,0.537,0.8832760453224182,0.0,0.009728427976369858,1.0,1.0,7.3,1.5870000000000002,True,True,False
18.225279808044434,stop_after_010,0.2252798080444336,0.0,0.0,0.0,1.3057244466482578,-0.3097959422289935,-0.2683443724941282,-3.13,-2.2600000000000002,9.15,0.767,0.9446945786476135,0.0,0.02411239594221115,1.0,1.0,7.8,0.216,True,True,False
18.245646238327026,stop_after_010,0.24564623832702637,0.0,0.0,0.0,0.8203047484373349,-0.09599310885968812,-0.1090830782496456,-3.13,-2.2600000000000002,9.15,0.767,0.9339584708213806,0.0,0.031868837773799896,1.0,1.0,7.8,0.216,True,True,False
18.266026496887207,stop_after_010,0.26602649688720703,0.0,0.0,0.0,-0.07635815477475191,-0.11562806294462433,-0.4636030825609938,0.73,-3.45,9.08,0.614,0.9269792437553406,0.0,0.0388096459209919,1.0,1.0,7.8,0.216,True,True,False
18.286394834518433,stop_after_010,0.2863948345184326,0.0,0.0,0.0,-0.02945243112740431,-0.1636246173744684,0.018544123302439753,1.6,-0.6900000000000001,8.120000000000001,0.767,0.9042916893959045,0.0,0.029606860131025314,1.0,1.0,7.8,0.216,True,True,False
18.306773900985718,stop_after_010,0.3067739009857178,0.0,0.0,0.0,-0.08835729338221293,0.020725784867432664,0.49414634447089456,0.15,-1.68,9.38,0.6899999999999998,0.8803215026855469,0.0,0.05834534578025341,1.0,1.0,7.8,0.216,True,True,False
18.327143907546997,stop_after_010,0.32714390754699707,0.0,0.0,0.0,-0.27052603405912107,0.12326387842209953,0.8508480103472357,0.15,-1.68,9.38,0.6899999999999998,0.8042879700660706,0.0,0.042042359709739685,1.0,1.0,7.8,0.216,True,True,False
18.34752655029297,stop_after_010,0.34752655029296875,0.0,0.0,0.0,-0.2454369260617026,0.08835729338221293,0.6970408700152354,0.15,-1.68,9.38,0.614,0.8014200329780579,0.0,0.0099119171500206,1.0,1.0,7.8,0.216,True,True,False
18.36788535118103,stop_after_010,0.3678853511810303,0.0,0.0,0.0,-0.21707532571679475,0.11126473981463851,0.3337942194439155,-2.82,-0.06,9.05,0.9210000000000002,0.8374320864677429,0.0,0.021237701177597046,1.0,1.0,7.8,0.216,True,True,False
18.388270378112793,stop_after_010,0.38827037811279297,0.0,0.0,0.0,-0.2083486794568231,0.08290313946973066,-0.06872233929727672,-2.32,-0.96,8.47,0.9970000000000001,0.8627308011054993,0.0,0.012034215033054352,1.0,1.0,7.8,0.216,True,True,False
18.40880250930786,stop_after_010,0.40880250930786133,0.0,0.0,0.0,-0.19198621771937624,-0.026179938779914945,-0.21380283336930536,-2.32,-0.96,8.47,0.9970000000000001,0.8814948797225952,0.0,0.007494926452636719,1.0,1.0,7.8,0.216,True,True,False
18.429262161254883,stop_after_010,0.4292621612548828,0.0,0.0,0.0,-0.1461713248545251,-0.07635815477475191,-0.30652344988150415,-0.72,-0.51,9.51,0.9210000000000002,0.8980327248573303,0.0,0.007356315851211548,1.0,1.0,7.8,0.272,True,True,False
18.450764417648315,stop_after_010,0.45076441764831543,0.0,0.0,0.0,0.03599741582238305,-0.22143864884678055,-0.5039638215133626,-0.72,-0.51,9.51,0.6899999999999998,0.9083571434020996,0.0,0.01456804946064949,1.0,1.0,7.8,0.272,True,True,False
18.47128987312317,stop_after_010,0.47128987312316895,0.0,0.0,0.0,0.18544123302439752,-0.21598449493429828,-0.33488505022641196,-0.79,-0.72,8.97,0.614,0.9128450155258179,0.0,0.010587241500616074,1.0,1.0,7.8,0.272,True,True,False
18.491652488708496,stop_after_010,0.4916524887084961,0.0,0.0,0.0,0.25634523388666713,-0.16471544815696484,-0.28361600344907856,-0.49,-0.49,9.4,0.537,0.9154604077339172,0.0,0.007192406803369522,1.0,1.0,7.8,0.272,True,True,False
18.512015104293823,stop_after_010,0.5120151042938232,0.0,0.0,0.0,0.1505346479845109,-0.04690572364734761,-0.20725784867432664,-0.68,-0.54,8.91,0.384,0.9107075929641724,0.0,0.0075143203139305115,1.0,1.0,7.8,0.272,True,True,False
18.53237771987915,stop_after_010,0.5323777198791504,0.0,0.0,0.0,0.039269908169872414,0.014180800172453928,-0.06326818538479445,-0.56,-1.0,8.98,0.307,0.9054333567619324,0.0,0.008745402097702026,1.0,1.0,7.8,0.272,True,True,False
18.55275845527649,stop_after_010,0.5527584552764893,0.0,0.0,0.0,-0.061086523819801536,0.061086523819801536,0.07853981633974483,-0.36,-1.07,8.84,0.384,0.8989492654800415,0.0,0.00750163197517395,1.0,1.0,7.8,0.272,True,True,False
18.573192834854126,stop_after_010,0.573192834854126,0.0,0.0,0.0,-0.1832595714594046,0.013089969389957472,0.2552544031041707,-2.11,-0.9500000000000001,8.66,0.384,0.892695963382721,0.0,0.01578996330499649,1.0,1.0,7.8,0.272,True,True,False
18.593571424484253,stop_after_010,0.5935714244842529,0.0,0.0,0.0,-0.2519819107566813,-0.038179077387375956,0.2792526803190927,-1.82,-0.24,8.870000000000001,0.384,0.895850419998169,0.0,0.004846279043704271,1.0,1.0,7.8,0.272,True,True,False
18.61392855644226,stop_after_010,0.6139285564422607,0.0,0.0,0.0,-0.22580197197676638,-0.15926129424448257,0.10253809355466686,-0.73,-0.93,9.4,0.307,0.9041532874107361,0.0,0.010889381170272827,1.0,1.0,7.8,0.272,True,True,False
18.63431978225708,stop_after_010,0.6343197822570801,0.0,0.0,0.0,-0.21598449493429828,-0.210530341021816,0.03599741582238305,-1.5,-0.54,9.0,0.384,0.9079134464263916,0.0,0.0077704982832074165,1.0,1.0,7.8,0.29700000000000004,True,True,False
18.654725790023804,stop_after_010,0.6547257900238037,0.0,0.0,0.0,-0.2279836335417593,-0.22362031041177347,-0.0719948316447661,-1.51,-0.75,9.18,0.307,0.9111398458480835,0.0,0.00542110949754715,1.0,1.0,7.8,0.29700000000000004,True,True,False
18.67519736289978,stop_after_010,0.6751973628997803,0.0,0.0,0.0,-0.26070855701665296,-0.2814343418840856,-0.13526301702956053,-0.71,-2.13,9.16,0.153,0.9131172895431519,0.0,0.005611583590507507,1.0,1.0,7.8,0.29700000000000004,True,True,False
18.695669651031494,stop_after_010,0.6956696510314941,0.0,0.0,0.0,-0.22907446432425577,-0.25743606466916363,-0.06544984694978735,-1.45,-2.59,9.17,0.153,0.9137703776359558,0.0,0.009757786989212036,1.0,1.0,7.8,0.29700000000000004,True,True,False
18.71604895591736,stop_after_010,0.7160489559173584,0.0,0.0,0.0,-0.12326387842209953,-0.37960911230876665,0.05345070834232634,-0.65,-2.07,8.45,0.077,0.9181537628173828,0.0,0.008508957922458649,1.0,1.0,7.8,0.29700000000000004,True,True,False
18.736430406570435,stop_after_010,0.7364304065704346,0.0,0.0,0.0,-0.07744898555724837,-0.45814892864851153,0.08835729338221293,-0.02,-1.8800000000000001,8.540000000000001,0.23,0.9188446402549744,0.0,0.004884690046310425,1.0,1.0,7.8,0.29700000000000004,True,True,False
18.756966590881348,stop_after_010,0.7569665908813477,0.0,0.0,0.0,-0.06544984694978735,-0.543233729683235,0.12326387842209953,-0.35000000000000003,-1.45,9.4,0.307,0.9203944802284241,0.0,0.004638396203517914,1.0,1.0,7.8,0.29700000000000004,True,True,False
18.77734875679016,stop_after_010,0.7773487567901611,0.0,0.0,0.0,-0.08072147790473774,-0.5323254218582705,0.18762289458939044,0.25,-1.05,8.9,0.077,0.9163533449172974,0.0,0.0033117681741714478,1.0,1.0,7.8,0.29700000000000004,True,True,False
18.79771590232849,stop_after_010,0.7977159023284912,0.0,0.0,0.0,-0.13853550937704992,-0.4428772976935611,0.21598449493429828,-0.11,-0.9,9.52,0.077,0.9126632213592529,0.0,0.005715645849704742,1.0,1.0,7.8,0.29700000000000004,True,True,False
18.8180890083313,stop_after_010,0.8180890083312988,0.0,0.0,0.0,-0.1810779098944117,-0.32615840396644036,0.18544123302439752,0.21,-1.08,9.44,0.153,0.9062268137931824,0.0,0.005965083837509155,1.0,1.0,7.8,0.29700000000000004,True,True,False
18.838456630706787,stop_after_010,0.8384566307067871,0.0,0.0,0.0,-0.15271630954950383,-0.20289452554434081,0.15926129424448257,0.38,-1.05,9.200000000000001,0.077,0.9023618698120117,0.0,0.005786091089248657,1.0,1.0,7.8,0.31600000000000006,True,True,False
18.858871698379517,stop_after_010,0.8588716983795166,0.0,0.0,0.0,-0.1407171709420428,-0.13526301702956053,0.04690572364734761,0.52,-1.29,9.61,0.0,0.901718020439148,0.0,0.002709580585360527,1.0,1.0,7.8,0.31600000000000006,True,True,False
18.879253149032593,stop_after_010,0.8792531490325928,0.0,0.0,0.0,-0.0916297857297023,-0.09490227807719166,-0.04254240051736178,0.41000000000000003,-1.68,9.41,0.077,0.9025168418884277,0.0,0.001749567687511444,1.0,1.0,7.8,0.31600000000000006,True,True,False
18.89963459968567,stop_after_010,0.899634599685669,0.0,0.0,0.0,-0.05999569303730508,-0.031634092692397225,-0.06981317007977318,0.43,-1.69,9.28,0.153,0.9024354219436646,0.0,0.0015882253646850586,1.0,1.0,7.8,0.31600000000000006,True,True,False
18.920005559921265,stop_after_010,0.9200055599212646,0.0,0.0,0.0,-0.028361600344907856,0.0,-0.12544553998709243,0.06,-1.96,9.18,0.23,0.9034084677696228,0.0,0.0026916638016700745,1.0,1.0,7.8,0.31600000000000006,True,True,False
18.940377235412598,stop_after_010,0.9403772354125977,0.0,0.0,0.0,0.009817477042468103,-0.04799655442984406,-0.050178215994836975,0.38,-2.04,9.1,0.153,0.903972327709198,0.0,0.003064490854740143,1.0,1.0,7.8,0.31600000000000006,True,True,False
18.960748434066772,stop_after_010,0.9607484340667725,0.0,0.0,0.0,-0.009817477042468103,-0.06654067773228381,0.001090830782496456,0.3,-1.68,8.790000000000001,0.153,0.9039870500564575,0.0,0.0012702718377113342,1.0,1.0,7.8,0.31600000000000006,True,True,False
18.981122255325317,stop_after_010,0.9811222553253174,0.0,0.0,0.0,0.014180800172453928,-0.09053895494720585,0.061086523819801536,-0.35000000000000003,-2.02,9.57,0.153,0.9055296778678894,0.0,0.0020862817764282227,1.0,1.0,7.8,0.31600000000000006,True,True,False
19.001486778259277,stop_after_010,1.0014867782592773,0.0,0.0,0.0,-0.01090830782496456,-0.014180800172453928,0.09272061651219876,-0.26,-1.82,8.950000000000001,0.153,0.9032756686210632,0.0,0.005520440638065338,1.0,1.0,7.8,0.31600000000000006,True,True,False
19.021846055984497,stop_after_010,1.021846055984497,0.0,0.0,0.0,-0.030543261909900768,0.018544123302439753,0.0916297857297023,-0.23,-1.84,9.03,0.077,0.9030584692955017,0.0,0.0024460703134536743,1.0,1.0,7.8,0.31600000000000006,True,True,False
19.042264699935913,stop_after_010,1.042264699935913,0.0,0.0,0.0,-0.015271630954950384,0.04145156973486533,0.09817477042468103,-0.14,-1.59,9.05,0.077,0.9039086103439331,0.0,0.0015594810247421265,1.0,1.0,7.8,0.30300000000000005,True,True,False
19.06262755393982,stop_after_010,1.0626275539398193,0.0,0.0,0.0,-0.014180800172453928,0.003272492347489368,0.05999569303730508,-0.1,-1.55,9.36,0.077,0.906042754650116,0.0,0.0026762187480926514,1.0,1.0,7.8,0.30300000000000005,True,True,False
19.083032846450806,stop_after_010,1.0830328464508057,0.0,0.0,0.0,-0.02945243112740431,-0.030543261909900768,-0.00545415391248228,-0.28,-1.85,9.13,0.077,0.9074023365974426,0.0,0.0024024993181228638,1.0,1.0,7.8,0.30300000000000005,True,True,False
19.103418827056885,stop_after_010,1.1034188270568848,0.0,0.0,0.0,-0.00545415391248228,-0.06217735460229799,-0.039269908169872414,-0.39,-1.96,9.22,0.153,0.9098253846168518,0.0,0.0026720017194747925,1.0,1.0,7.8,0.30300000000000005,True,True,False
19.123798847198486,stop_after_010,1.1237988471984863,0.0,0.0,0.0,0.02399827721492203,-0.07417649320975901,-0.04145156973486533,-0.32,-2.08,9.32,0.0,0.9117698073387146,0.0,0.0014584288001060486,1.0,1.0,7.8,0.30300000000000005,True,True,False
19.144288063049316,stop_after_010,1.1442880630493164,0.0,0.0,0.0,0.019634954084936207,-0.04363323129985824,-0.018544123302439753,-0.07,-1.9000000000000001,9.040000000000001,0.153,0.9115321040153503,0.0,0.0014600977301597595,1.0,1.0,7.8,0.30300000000000005,True,True,False
19.164653539657593,stop_after_010,1.1646535396575928,0.0,0.0,0.0,-0.008726646259971648,-0.08508480103472356,-0.004363323129985824,0.08,-1.82,9.19,0.077,0.9127060770988464,0.0,0.0016184225678443909,1.0,1.0,7.8,0.30300000000000005,True,True,False
19.18509817123413,stop_after_010,1.1850981712341309,0.0,0.0,0.0,-0.009817477042468103,-0.07526732399225546,0.06654067773228381,0.08,-1.32,9.3,0.077,0.9134589433670044,0.0,0.0026940926909446716,1.0,1.0,7.8,0.30300000000000005,True,True,False
19.205466508865356,stop_after_010,1.2054665088653564,0.0,0.0,0.0,0.01090830782496456,-0.09817477042468103,0.09599310885968812,-0.02,-0.8300000000000001,9.07,0.0,0.914849042892456,0.0,0.001627206802368164,1.0,1.0,7.8,0.30300000000000005,True,True,False
19.225829362869263,stop_after_010,1.2258293628692627,0.0,0.0,0.0,-0.025089107997418487,-0.09053895494720585,0.006544984694978736,-0.06,-1.21,9.21,0.0,0.9149121642112732,0.0,0.002336367964744568,1.0,1.0,7.8,0.30300000000000005,True,True,False
19.246199369430542,stop_after_010,1.246199369430542,0.0,0.0,0.0,-0.031634092692397225,-0.10581058590215622,-0.037088246604879506,-0.09,-1.22,9.1,0.0,0.9156637191772461,0.0,0.001810222864151001,1.0,1.0,7.8,0.2,True,True,False
19.26656150817871,stop_after_010,1.266561508178711,0.0,0.0,0.0,-0.05345070834232634,-0.08072147790473774,-0.030543261909900768,0.0,-1.47,8.790000000000001,0.0,0.9143368005752563,0.0,0.0016046613454818726,1.0,1.0,7.8,0.2,True,True,False
19.28699493408203,stop_after_010,1.2869949340820312,0.0,0.0,0.0,-0.07744898555724837,-0.1559888018969932,0.02181661564992912,0.13,-1.59,9.28,0.0,0.9136874079704285,0.0,0.0029242411255836487,1.0,1.0,7.8,0.2,True,True,False
19.30738091468811,stop_after_010,1.3073809146881104,0.0,0.0,0.0,-0.12326387842209953,-0.16689710972195776,0.007635815477475192,-0.05,-1.6500000000000001,9.1,0.0,0.9118611812591553,0.0,0.000997111201286316,1.0,1.0,7.8,0.2,True,True,False
19.32774257659912,stop_after_010,1.327742576599121,0.0,0.0,0.0,-0.11562806294462433,-0.15707963267948966,-0.011999138607461015,0.11,-1.98,9.17,0.0,0.9099435210227966,0.0,0.001127690076828003,1.0,1.0,7.8,0.2,True,True,False
19.34811305999756,stop_after_010,1.3481130599975586,0.0,0.0,0.0,-0.07417649320975901,-0.15926129424448257,0.002181661564992912,0.25,-2.12,9.06,0.077,0.9083400964736938,0.0,0.0011580511927604675,1.0,1.0,7.8,0.2,True,True,False
19.368592023849487,stop_after_010,1.3685920238494873,0.0,0.0,0.0,-0.06217735460229799,-0.17016960206944712,-0.011999138607461015,0.65,-1.99,9.24,0.077,0.9064822793006897,0.0,0.0021989569067955017,1.0,1.0,7.8,0.2,True,True,False
19.389036893844604,stop_after_010,1.3890368938446045,0.0,0.0,0.0,-0.030543261909900768,-0.17889624832941878,-0.05235987755982989,0.52,-2.08,9.24,0.153,0.9065027236938477,0.0,0.002178475260734558,1.0,1.0,7.8,0.2,True,True,False
19.409416913986206,stop_after_010,1.409416913986206,0.0,0.0,0.0,0.004363323129985824,-0.14180800172453928,-0.08617563181722002,0.47000000000000003,-1.95,9.21,0.077,0.9066081643104553,0.0,0.001461714506149292,1.0,1.0,7.8,0.2,True,True,False
19.42978525161743,stop_after_010,1.4297852516174316,0.0,0.0,0.0,-0.00545415391248228,-0.09599310885968812,-0.11780972450961724,0.47000000000000003,-1.95,9.21,0.077,0.9057705998420715,0.0,0.000898413360118866,1.0,1.0,7.8,0.2,True,True,False
19.450255632400513,stop_after_010,1.4502556324005127,0.0,0.0,0.0,-0.006544984694978736,-0.017453292519943295,-0.0916297857297023,0.7000000000000001,-1.77,9.1,0.0,0.9038490653038025,0.0,0.003451913595199585,1.0,1.0,7.9,0.199,True,True,False
19.47144889831543,stop_after_010,1.4714488983154297,0.0,0.0,0.0,0.011999138607461015,0.014180800172453928,-0.039269908169872414,0.7000000000000001,-1.81,9.34,0.0,0.9026207327842712,0.0,0.0022510886192321777,1.0,1.0,7.9,0.199,True,True,False
19.49181294441223,stop_after_010,1.4918129444122314,0.0,0.0,0.0,0.001090830782496456,0.050178215994836975,0.008726646259971648,0.51,-1.85,8.99,0.0,0.9008845686912537,0.0,0.0029992684721946716,1.0,1.0,7.9,0.199,True,True,False
19.512203216552734,stop_after_010,1.5122032165527344,0.0,0.0,0.0,0.0,0.07526732399225546,0.05890486225480862,0.52,-1.79,9.040000000000001,0.153,0.8996435403823853,0.0,0.002796351909637451,1.0,1.0,7.9,0.199,True,True,False
19.53306221961975,stop_after_010,1.533062219619751,0.0,0.0,0.0,0.00545415391248228,0.08726646259971647,0.06654067773228381,0.27,-2.11,9.19,0.077,0.9001117944717407,0.0,0.0016855224967002869,1.0,1.0,7.9,0.199,True,True,False
19.553535223007202,stop_after_010,1.5535352230072021,0.0,0.0,0.0,0.013089969389957472,0.10144726277217041,0.09053895494720585,0.24,-2.11,9.16,0.077,0.9007150530815125,0.0,0.002022847533226013,1.0,1.0,7.9,0.199,True,True,False
19.57391333580017,stop_after_010,1.573913335800171,0.0,0.0,0.0,0.017453292519943295,0.11780972450961724,0.13526301702956053,0.07,-1.78,9.02,0.153,0.9014983773231506,0.0,0.002923130989074707,1.0,1.0,7.9,0.199,True,True,False
19.594299793243408,stop_after_010,1.5942997932434082,0.0,0.0,0.0,0.02399827721492203,0.08072147790473774,0.07090400086226964,0.01,-1.94,9.27,0.153,0.9041968584060669,0.0,0.0031189173460006714,1.0,1.0,7.9,0.199,True,True,False
19.614673137664795,stop_after_010,1.614673137664795,0.0,0.0,0.0,0.05235987755982989,0.06544984694978735,0.030543261909900768,0.01,-1.52,9.040000000000001,0.077,0.9069941639900208,0.0,0.0015670806169509888,1.0,1.0,7.9,0.199,True,True,False
19.635030508041382,stop_after_010,1.6350305080413818,0.0,0.0,0.0,0.06654067773228381,0.04254240051736178,-0.031634092692397225,-0.06,-1.6,9.19,0.153,0.9095409512519836,0.0,0.0027617663145065308,1.0,1.0,7.9,0.199,True,True,False
19.655510902404785,stop_after_010,1.6555109024047852,0.0,0.0,0.0,0.06435901616729091,0.014180800172453928,-0.061086523819801536,0.0,-1.56,9.08,0.077,0.9111500978469849,0.0,0.0021034330129623413,1.0,1.0,7.9,0.193,True,True,False
19.675877332687378,stop_after_010,1.675877332687378,0.0,0.0,0.0,0.04581489286485115,0.001090830782496456,-0.038179077387375956,0.09,-1.49,9.03,0.0,0.9117677211761475,0.0,0.0006863176822662354,1.0,1.0,7.9,0.193,True,True,False
19.696361303329468,stop_after_010,1.6963613033294678,0.0,0.0,0.0,-0.009817477042468103,-0.019634954084936207,0.026179938779914945,0.21,-1.46,9.09,0.0,0.9113844037055969,0.0,0.0012517031282186508,1.0,1.0,7.9,0.193,True,True,False
19.71672821044922,stop_after_010,1.7167282104492188,0.0,0.0,0.0,-0.019634954084936207,-0.02399827721492203,0.039269908169872414,0.15,-1.41,9.31,0.077,0.9122889041900635,0.0,0.0011172518134117126,1.0,1.0,7.9,0.193,True,True,False
19.737213850021362,stop_after_010,1.7372138500213623,0.0,0.0,0.0,-0.03599741582238305,-0.02181661564992912,0.02399827721492203,0.12,-1.36,9.200000000000001,0.0,0.9128032326698303,0.0,0.0007895380258560181,1.0,1.0,7.9,0.193,True,True,False
19.75759196281433,stop_after_010,1.757591962814331,0.0,0.0,0.0,-0.039269908169872414,-0.022907446432425576,0.001090830782496456,0.09,-1.76,9.13,0.077,0.913409411907196,0.0,0.0009875521063804626,1.0,1.0,7.9,0.193,True,True,False
19.77806806564331,stop_after_010,1.7780680656433105,0.0,0.0,0.0,-0.031634092692397225,-0.04363323129985824,0.00545415391248228,0.09,-1.76,9.13,0.0,0.9143134355545044,0.0,0.0007105320692062378,1.0,1.0,7.9,0.193,True,True,False
19.798442840576172,stop_after_010,1.7984428405761719,0.0,0.0,0.0,-0.037088246604879506,-0.04690572364734761,-0.007635815477475192,0.2,-1.8900000000000001,9.01,0.0,0.9141886234283447,0.0,0.0007809922099113464,1.0,1.0,7.9,0.193,True,True,False
19.818830013275146,stop_after_010,1.8188300132751465,0.0,0.0,0.0,-0.01090830782496456,-0.06872233929727672,-0.03599741582238305,0.08,-2.1,9.31,0.0,0.9151763319969177,0.0,0.001569017767906189,1.0,1.0,7.9,0.193,True,True,False
19.839314222335815,stop_after_010,1.8393142223358154,0.0,0.0,0.0,0.00545415391248228,-0.06326818538479445,-0.031634092692397225,0.27,-1.87,9.07,0.077,0.914543092250824,0.0,0.0017773807048797607,1.0,1.0,7.9,0.193,True,True,False
19.859787940979004,stop_after_010,1.859787940979004,0.0,0.0,0.0,-0.001090830782496456,-0.0719948316447661,-0.037088246604879506,0.41000000000000003,-1.75,9.28,0.0,0.9135137796401978,0.0,0.0014369040727615356,1.0,1.0,7.9,0.161,True,True,False
19.880198001861572,stop_after_010,1.8801980018615723,0.0,0.0,0.0,-0.003272492347489368,-0.06326818538479445,-0.009817477042468103,0.33,-1.71,9.290000000000001,0.0,0.9111196994781494,0.0,0.0011506378650665283,1.0,1.0,7.9,0.161,True,True,False
19.900567531585693,stop_after_010,1.9005675315856934,0.0,0.0,0.0,-0.014180800172453928,-0.05999569303730508,-0.015271630954950384,0.35000000000000003,-1.61,9.26,0.0,0.9090747237205505,0.0,0.0010151565074920654,1.0,1.0,7.9,0.161,True,True,False
19.921205043792725,stop_after_010,1.9212050437927246,0.0,0.0,0.0,-0.02399827721492203,-0.04690572364734761,-0.00545415391248228,0.36,-1.6600000000000001,9.25,0.0,0.9062811732292175,0.0,0.0010079741477966309,1.0,1.0,7.9,0.161,True,True,False
19.941575050354004,stop_after_010,1.941575050354004,0.0,0.0,0.0,-0.025089107997418487,-0.04254240051736178,0.006544984694978736,0.38,-1.6300000000000001,9.22,0.0,0.9039660096168518,0.0,0.000761568546295166,1.0,1.0,7.9,0.161,True,True,False
19.961944818496704,stop_after_010,1.961944818496704,0.0,0.0,0.0,-0.0272707695624114,-0.04036073895236887,-0.002181661564992912,0.32,-1.8,9.290000000000001,0.0,0.9023867249488831,0.0,0.0009604915976524353,1.0,1.0,7.9,0.161,True,True,False
19.982314348220825,stop_after_010,1.9823143482208252,0.0,0.0,0.0,-0.026179938779914945,-0.04036073895236887,0.003272492347489368,0.35000000000000003,-1.86,9.17,0.0,0.9013227224349976,0.0,0.000688605010509491,1.0,1.0,7.9,0.161,True,True,False
20.002740144729614,forward_015,0.002740144729614258,0.15,0.0,0.0,-0.0272707695624114,-0.037088246604879506,0.002181661564992912,0.36,-1.94,9.25,0.0,0.8495488166809082,0.0,0.22267638891935349,1.0,1.0,7.9,0.161,True,True,False
20.023117303848267,forward_015,0.0231173038482666,0.15,0.0,0.0,-0.018544123302439753,-0.037088246604879506,0.004363323129985824,0.38,-1.9100000000000001,9.27,0.0,0.902597188949585,0.0,0.08173926663585007,1.0,1.0,7.9,0.161,True,True,False
20.043476819992065,forward_015,0.04347681999206543,0.15,0.0,0.0,-0.006544984694978736,-0.03599741582238305,-0.001090830782496456,0.45,-1.85,9.25,0.537,0.9359211325645447,0.0,0.11724267527461052,1.0,1.0,7.9,0.161,True,True,False
20.063857555389404,forward_015,0.0638575553894043,0.15,0.0,0.0,-0.004363323129985824,-0.032724923474893676,-0.015271630954950384,0.39,-1.8800000000000001,9.26,1.381,0.866804838180542,0.0,0.15243586152791977,1.0,1.0,6.6,4.148,True,True,False
20.08422064781189,forward_015,0.08422064781188965,0.15,0.0,0.0,0.11999138607461016,0.0545415391248228,-0.08290313946973066,0.39,-1.8800000000000001,9.26,2.685,0.9208617806434631,0.0,0.04677249863743782,1.0,1.0,6.6,4.148,True,True,False
20.10458779335022,forward_015,0.10458779335021973,0.15,0.0,0.0,0.7155849933176751,0.4188790204786391,-0.5934119456780721,0.39,-1.8800000000000001,9.26,2.762,0.9195564985275269,0.0,0.05921851284801959,1.0,1.0,6.6,4.148,True,True,False
20.125025749206543,forward_015,0.12502574920654297,0.15,0.0,0.0,1.2620912153483996,0.7777623479199731,-1.3820826014230096,2.39,-4.7700000000000005,9.46,2.532,0.9194276928901672,0.0,0.11066193878650665,1.0,1.0,6.6,4.148,True,True,False
20.14539122581482,forward_015,0.14539122581481934,0.15,0.0,0.0,1.064650843716541,0.657770961845363,-1.3864459245529954,1.22,-4.92,8.91,2.071,0.9601342082023621,0.07142857142857142,0.15529346464609262,1.0,1.0,6.6,4.148,True,True,False
20.165776252746582,forward_015,0.16577625274658203,0.15,0.0,0.0,1.2380929381334775,0.4734205596034619,-1.239183768915974,-0.23,-2.17,6.93,1.765,0.9756069183349609,0.07142857142857142,0.09195233137870673,1.0,0.0,6.6,4.148,True,True,False
20.18614959716797,forward_015,0.18614959716796875,0.15,0.0,0.0,0.9970193352017608,0.3752457891787809,-1.2260937995260166,-0.23,-2.17,6.93,1.458,0.9703307151794434,0.07142857142857142,0.04106336086988449,1.0,0.0,6.6,4.148,True,True,False
20.206520557403564,forward_015,0.20652055740356445,0.15,0.0,0.0,0.013089969389957472,0.8486663487822428,-1.4464416175903005,-1.8800000000000001,-0.46,7.38,1.458,0.9819743037223816,0.07142857142857142,0.11546741798520088,1.0,0.0,6.6,4.148,True,True,False
20.227017402648926,forward_015,0.22701740264892578,0.15,0.0,0.0,-0.6512259771503842,0.18435040224190105,-1.10501158266891,-1.8800000000000001,-0.46,7.38,2.8389999999999995,0.945690393447876,0.0,0.0708337351679802,1.0,0.0,6.6,4.148,True,True,False
20.247549533843994,forward_015,0.24754953384399414,0.15,0.0,0.0,-0.5508695451607103,-0.16035212502697901,0.038179077387375956,-1.73,-0.91,6.890000000000001,3.529,0.9221379160881042,0.0,0.06402544677257538,1.0,1.0,6.6,4.148,True,True,False
20.26792311668396,forward_015,0.26792311668395996,0.15,0.0,0.0,-0.7090400086226963,-1.0439250588491085,1.1333731830138178,-0.97,-2.6,2.25,3.376,0.9521392583847046,0.07142857142857142,0.11896948516368866,1.0,1.0,7.8,0.5980000000000001,True,True,False
20.288280487060547,forward_015,0.2882804870605469,0.15,0.0,0.0,-1.1202832136238603,-1.27736284630335,1.3624476473380736,1.44,-0.43,5.45,2.378,0.9410038590431213,0.0,0.13174175843596458,1.0,1.0,7.8,0.5980000000000001,True,True,False
20.308660745620728,forward_015,0.30866074562072754,0.15,0.0,0.0,-1.2402745996984705,-1.6733344203495635,1.7246034671268968,1.44,-0.43,5.45,1.534,0.8348940014839172,0.0,0.08903074637055397,0.0,1.0,7.8,0.5980000000000001,True,True,False
20.32916784286499,forward_015,0.32916784286499023,0.15,0.0,0.0,-1.028653427894158,-0.7995789635699022,2.1085759025656494,1.44,-0.43,5.45,0.9210000000000002,0.9025464057922363,0.0,0.12822759710252285,0.0,1.0,7.8,0.5980000000000001,True,True,False
20.349643230438232,forward_015,0.3496432304382324,0.15,0.0,0.0,-0.8290313946973066,-0.20398535632683726,1.7267851286918898,1.44,-0.43,5.45,1.688,0.8630822896957397,0.0,0.08254859037697315,0.0,1.0,7.8,0.5980000000000001,True,True,False
20.37001943588257,forward_015,0.37001943588256836,0.15,0.0,0.0,-0.3839724354387525,-0.35452000431134817,1.459531586980258,-0.91,-2.7800000000000002,9.34,2.148,0.8855949640274048,0.0,0.17535457015037537,0.0,1.0,7.8,0.5980000000000001,True,True,False
20.39038896560669,forward_015,0.39038896560668945,0.15,0.0,0.0,0.45814892864851153,-1.119192382841364,0.8072147790473774,3.91,1.25,5.98,1.918,0.8719630241394043,0.0,0.2633480206131935,1.0,1.0,7.8,0.5980000000000001,True,True,False
20.410829544067383,forward_015,0.4108295440673828,0.15,0.0,0.0,1.3940817400304708,-1.714785990084429,-0.3392483733563978,4.5,0.6,4.19,1.841,0.8103950619697571,0.0,0.16287807747721672,1.0,1.0,7.8,0.5980000000000001,True,True,False
20.431305170059204,forward_015,0.4313051700592041,0.15,0.0,0.0,1.4289883250703572,-2.2078415037728267,-0.7646723785300157,2.5500000000000003,-4.75,9.75,1.304,0.8790080547332764,0.0,0.11303153447806835,1.0,1.0,7.8,0.5980000000000001,True,True,False
20.451781034469604,forward_015,0.4517810344696045,0.15,0.0,0.0,1.2959069696057897,-1.509709802975095,-0.607592745850526,2.5500000000000003,-4.75,9.75,1.381,0.8317989110946655,0.0,0.15614918246865273,1.0,1.0,7.8,0.5980000000000001,True,True,False
20.472175121307373,forward_015,0.47217512130737305,0.15,0.0,0.0,0.5541420375081997,-0.7766715171374766,-0.6774059159302992,2.5500000000000003,-4.75,9.75,1.458,0.6667983531951904,0.0,0.12236953340470791,0.0,1.0,7.5,1.274,True,True,False
20.49316096305847,forward_015,0.4931609630584717,0.15,0.0,0.0,0.19198621771937624,-0.5585053606381855,-0.4166973589136462,-0.81,-0.36,8.78,2.455,0.8241512179374695,0.0,0.1906183771789074,0.0,1.0,7.5,1.274,True,True,False
20.51357865333557,forward_015,0.5135786533355713,0.15,0.0,0.0,0.5039638215133626,-1.3002702927357754,-0.20507618710933373,8.48,-0.79,9.0,2.532,0.6035459637641907,0.0,0.1661645770072937,0.0,1.0,7.5,1.274,True,True,False
20.533950328826904,forward_015,0.5339503288269043,0.15,0.0,0.0,-0.009817477042468103,-0.22907446432425577,0.10035643198967395,-0.28,-3.86,3.5,2.225,0.9288070797920227,0.0,0.1902751848101616,1.0,1.0,7.5,1.274,True,True,False
20.554328680038452,forward_015,0.5543286800384521,0.15,0.0,0.0,0.002181661564992912,0.11562806294462433,0.3097959422289935,-1.95,0.35000000000000003,7.390000000000001,1.918,0.9341303706169128,0.0,0.17129503935575485,1.0,1.0,7.5,1.274,True,True,False
20.574698448181152,forward_015,0.5746984481811523,0.15,0.0,0.0,1.2337296150034918,0.7275841319251362,-0.37088246604879505,-1.95,0.35000000000000003,7.390000000000001,1.151,0.9226032495498657,0.0,0.10751420632004738,1.0,1.0,7.5,1.274,True,True,False
20.5950870513916,forward_015,0.5950870513916016,0.15,0.0,0.0,1.7955074679891665,0.48105637508093707,0.18980455615438332,-1.95,0.35000000000000003,7.390000000000001,1.688,0.9649032354354858,0.07142857142857142,0.1059318333864212,1.0,1.0,7.5,1.274,True,True,False
20.6154568195343,forward_015,0.6154568195343018,0.15,0.0,0.0,1.160643952576229,0.05781403147231216,-0.32615840396644036,-1.95,0.35000000000000003,7.390000000000001,1.841,0.9594556093215942,0.07142857142857142,0.039768368005752563,1.0,1.0,7.5,1.274,True,True,False
20.63581943511963,forward_015,0.6358194351196289,0.15,0.0,0.0,0.5399612373357457,0.4145156973486533,-1.7747816831217338,4.3,7.94,8.35,2.532,0.7838274240493774,0.0,0.10463941376656294,1.0,1.0,7.5,1.274,True,True,False
20.656184911727905,forward_015,0.6561849117279053,0.15,0.0,0.0,0.6828600698427815,0.44178646691106466,-2.530727415391778,4.3,7.94,8.35,2.532,0.7519248127937317,0.0,0.08281531557440758,1.0,0.0,7.5,1.274,True,True,False
20.67654848098755,forward_015,0.6765484809875488,0.15,0.0,0.0,0.6152285613280012,0.5759586531581288,-3.5539266893734536,1.46,1.4000000000000001,8.94,1.688,0.6857457160949707,0.0,0.10555264353752136,1.0,1.0,7.1,2.3449999999999998,True,True,False
20.696922063827515,forward_015,0.6969220638275146,0.15,0.0,0.0,-0.04690572364734761,0.9152070265145266,-3.6521014597981347,1.46,1.4000000000000001,8.94,1.381,0.7615852355957031,0.0,0.06889999285340309,1.0,0.0,7.1,2.3449999999999998,True,True,False
20.717296838760376,forward_015,0.717296838760376,0.15,0.0,0.0,-0.5672320068981571,0.5443245604657315,-3.799363615435156,1.46,1.4000000000000001,8.94,1.534,0.6925857663154602,0.0,0.04545246995985508,1.0,0.0,7.1,2.3449999999999998,True,True,False
20.737669229507446,forward_015,0.7376692295074463,0.15,0.0,0.0,-0.5672320068981571,0.5443245604657315,-3.799363615435156,-1.22,-0.14,5.46,2.992,0.7053645253181458,0.0,0.12374868616461754,1.0,0.0,7.1,2.3449999999999998,True,True,False
20.75812005996704,forward_015,0.758120059967041,0.15,0.0,0.0,-0.5672320068981571,0.5443245604657315,-3.799363615435156,1.77,-0.7000000000000001,3.09,2.992,0.8301601409912109,0.0,0.22165542095899582,1.0,0.0,7.1,2.3449999999999998,True,True,False
20.77859592437744,forward_015,0.7785959243774414,0.15,0.0,0.0,-0.5672320068981571,0.5443245604657315,-3.799363615435156,-0.93,-1.49,5.22,2.915,0.9800265431404114,0.07142857142857142,0.19340776652097702,1.0,0.0,7.1,2.3449999999999998,True,True,False
20.799082040786743,forward_015,0.7990820407867432,0.15,0.0,0.0,-0.5672320068981571,0.5443245604657315,-3.799363615435156,1.29,1.1,7.5,1.765,0.925063967704773,0.0,0.2415730468928814,1.0,0.0,7.1,2.3449999999999998,True,True,False
20.819464445114136,forward_015,0.8194644451141357,0.15,0.0,0.0,-0.5672320068981571,0.5443245604657315,-3.799363615435156,1.6400000000000001,2.46,8.88,2.071,0.7863990068435669,0.0,0.16191160678863525,1.0,1.0,7.1,2.3449999999999998,True,True,False
20.839887857437134,forward_015,0.8398878574371338,0.15,0.0,0.0,-0.5672320068981571,0.5443245604657315,-3.799363615435156,1.6400000000000001,2.46,8.88,2.148,0.874570369720459,0.0,0.11059947684407234,1.0,1.0,7.1,2.3449999999999998,True,True,False
20.86023449897766,forward_015,0.8602344989776611,0.15,0.0,0.0,-0.5672320068981571,0.5443245604657315,-3.799363615435156,-0.36,1.9100000000000001,9.52,0.9970000000000001,0.8685991764068604,0.0,0.052412115037441254,1.0,1.0,7.1,2.3449999999999998,True,True,False
20.88059687614441,forward_015,0.8805968761444092,0.15,0.0,0.0,-0.5672320068981571,0.5443245604657315,-3.799363615435156,0.0,-8.91,9.4,1.227,0.730577290058136,0.0,0.08031171187758446,1.0,1.0,7.6,0.7280000000000002,True,True,False
20.90095591545105,forward_015,0.9009559154510498,0.15,0.0,0.0,-0.5672320068981571,0.5443245604657315,-3.799363615435156,0.0,-8.91,9.4,2.378,0.6227468848228455,0.0,0.11295938119292259,1.0,0.0,7.6,0.7280000000000002,True,True,False
20.921319246292114,forward_015,0.9213192462921143,0.15,0.0,0.0,-0.5672320068981571,0.5443245604657315,-3.799363615435156,3.12,-8.8,3.3000000000000003,2.225,0.8404883146286011,0.0,0.1395150925964117,1.0,1.0,7.6,0.7280000000000002,True,True,False
20.94175934791565,forward_015,0.9417593479156494,0.15,0.0,0.0,-0.5672320068981571,0.5443245604657315,-3.799363615435156,4.5200000000000005,-1.1500000000000001,6.73,1.227,0.8919930458068848,0.0,0.11864410992711782,1.0,1.0,7.6,0.7280000000000002,True,True,False
20.962136030197144,forward_015,0.9621360301971436,0.15,0.0,0.0,-0.5672320068981571,0.5443245604657315,-3.799363615435156,4.5200000000000005,-1.1500000000000001,6.73,0.844,0.8703650832176208,0.0,0.1299998052418232,0.0,1.0,7.6,0.7280000000000002,True,True,False
20.982609510421753,forward_015,0.9826095104217529,0.15,0.0,0.0,-0.5672320068981571,0.5443245604657315,-3.799363615435156,4.5200000000000005,-1.1500000000000001,6.73,1.6110000000000002,0.8947930335998535,0.0,0.07039866223931313,0.0,1.0,7.6,0.7280000000000002,True,True,False
21.002991914749146,forward_015,1.0029919147491455,0.15,0.0,0.0,-0.5672320068981571,0.5443245604657315,-3.799363615435156,3.77,-0.9400000000000001,8.09,1.688,0.8915292024612427,0.0,0.0623428151011467,0.0,1.0,7.6,0.7280000000000002,True,True,False
21.0234956741333,forward_015,1.0234956741333008,0.15,0.0,0.0,-0.5672320068981571,0.5443245604657315,-3.799363615435156,4.7,-4.46,3.95,1.304,0.9279575943946838,0.0,0.12847720459103584,0.0,1.0,7.6,0.7280000000000002,True,True,False
21.043964624404907,forward_015,1.0439646244049072,0.15,0.0,0.0,-0.5672320068981571,0.5443245604657315,-3.799363615435156,2.37,-4.17,4.65,0.767,0.8899183869361877,0.0,0.15088998153805733,0.0,1.0,7.6,0.7280000000000002,True,True,False
21.064419269561768,forward_015,1.0644192695617676,0.15,0.0,0.0,-0.5672320068981571,0.5443245604657315,-3.799363615435156,2.37,-4.17,4.65,1.074,0.9433067440986633,0.0,0.09788837932865135,0.0,1.0,7.6,0.7280000000000002,True,True,False
21.084796905517578,forward_015,1.0847969055175781,0.15,0.0,0.0,-0.5672320068981571,0.5443245604657315,-3.799363615435156,2.37,-4.17,4.65,1.151,0.9725261926651001,0.07142857142857142,0.06603774428367615,1.0,1.0,7.8,0.5970000000000001,True,True,False
21.10549306869507,forward_015,1.1054930686950684,0.15,0.0,0.0,-0.5672320068981571,0.5443245604657315,-3.799363615435156,3.7600000000000002,-0.07,7.0200000000000005,0.767,0.942590594291687,0.0,0.056427814066410065,1.0,1.0,7.8,0.5970000000000001,True,True,False
21.125861644744873,forward_015,1.125861644744873,0.15,0.0,0.0,-0.5672320068981571,0.5443245604657315,-3.799363615435156,3.7600000000000002,-0.07,7.0200000000000005,1.534,0.9575695991516113,0.07142857142857142,0.032461799681186676,1.0,1.0,7.8,0.5970000000000001,True,True,False
21.14622735977173,forward_015,1.1462273597717285,0.15,0.0,0.0,-0.5672320068981571,0.5443245604657315,-3.799363615435156,3.7600000000000002,-0.07,7.0200000000000005,1.151,0.9172970056533813,0.0,0.028692200779914856,1.0,1.0,7.8,0.5970000000000001,True,True,False
21.166605949401855,forward_015,1.1666059494018555,0.15,0.0,0.0,-0.5672320068981571,0.5443245604657315,-3.799363615435156,3.7600000000000002,-0.07,7.0200000000000005,0.9970000000000001,0.9392258524894714,0.0,0.0691879652440548,1.0,0.0,7.8,0.5970000000000001,True,True,False
21.186973810195923,forward_015,1.1869738101959229,0.15,0.0,0.0,-0.5672320068981571,0.5443245604657315,-3.799363615435156,3.7600000000000002,-0.07,7.0200000000000005,0.9210000000000002,0.9461188912391663,0.0,0.03914437256753445,1.0,0.0,7.8,0.5970000000000001,True,True,False
21.207337141036987,forward_015,1.2073371410369873,0.15,0.0,0.0,-0.5672320068981571,0.5443245604657315,-3.799363615435156,2.79,0.92,7.94,0.767,0.949653148651123,0.0,0.03808625787496567,1.0,0.0,7.8,0.5970000000000001,True,True,False
21.227819204330444,forward_015,1.2278192043304443,0.15,0.0,0.0,-0.5672320068981571,0.5443245604657315,-3.799363615435156,2.72,0.61,8.69,0.9210000000000002,0.9094112515449524,0.0,0.03804797679185867,1.0,0.0,7.8,0.5970000000000001,True,True,False
21.24831247329712,forward_015,1.2483124732971191,0.15,0.0,0.0,-0.5672320068981571,0.5443245604657315,-3.799363615435156,3.23,1.25,8.370000000000001,1.074,0.9077488780021667,0.0,0.022487707436084747,1.0,0.0,7.8,0.5970000000000001,True,True,False
21.26867699623108,forward_015,1.268676996231079,0.15,0.0,0.0,-0.5672320068981571,0.5443245604657315,-3.799363615435156,2.94,2.16,9.120000000000001,0.767,0.8987104892730713,0.0,0.037661866284906864,1.0,0.0,7.8,0.5970000000000001,True,True,False
21.289051294326782,forward_015,1.2890512943267822,0.15,0.0,0.0,-0.5672320068981571,0.5443245604657315,-3.799363615435156,2.77,2.0,8.24,0.46,0.8756417036056519,0.0,0.03085924219340086,1.0,0.0,7.8,0.391,True,True,False
21.309409856796265,forward_015,1.3094098567962646,0.15,0.0,0.0,-0.5672320068981571,0.5443245604657315,-3.799363615435156,1.7,0.71,7.95,0.614,0.8618621230125427,0.0,0.07281963154673576,1.0,1.0,7.8,0.391,True,True,False
21.329776763916016,forward_015,1.3297767639160156,0.15,0.0,0.0,-0.5672320068981571,0.5443245604657315,-3.799363615435156,2.72,0.86,8.84,0.9970000000000001,0.8917138576507568,0.0,0.037175288423895836,1.0,1.0,7.8,0.391,True,True,False
21.350146770477295,forward_015,1.350146770477295,0.15,0.0,0.0,-0.5672320068981571,0.5443245604657315,-3.799363615435156,2.72,0.86,8.84,1.381,0.8969162106513977,0.0,0.017831087112426758,1.0,1.0,7.8,0.391,True,True,False
21.37061333656311,forward_015,1.3706133365631104,0.15,0.0,0.0,-0.5672320068981571,0.5443245604657315,-3.799363615435156,2.72,0.86,8.84,1.765,0.9108436703681946,0.0,0.011915657669305801,1.0,1.0,7.8,0.391,True,True,False
21.3909912109375,forward_015,1.3909912109375,0.15,0.0,0.0,-0.5672320068981571,0.5443245604657315,-3.799363615435156,-0.12,-3.71,6.6000000000000005,1.6110000000000002,0.9059175252914429,0.0,0.06066376157104969,1.0,1.0,7.8,0.391,True,True,False
21.411547660827637,forward_015,1.4115476608276367,0.15,0.0,0.0,-0.5672320068981571,0.5443245604657315,-3.799363615435156,-1.23,-0.13,7.15,1.304,0.9328552484512329,0.0,0.10368258692324162,0.0,1.0,7.8,0.391,True,True,False
21.431907653808594,forward_015,1.4319076538085938,0.15,0.0,0.0,-0.5672320068981571,0.5443245604657315,-3.799363615435156,-0.32,-0.64,9.21,0.844,0.9212511777877808,0.0,0.04368511587381363,1.0,1.0,7.8,0.391,True,True,False
21.452406883239746,forward_015,1.452406883239746,0.15,0.0,0.0,-0.5672320068981571,0.5443245604657315,-3.799363615435156,-2.5,0.26,8.89,1.304,0.9399935603141785,0.0,0.035752713680267334,1.0,1.0,7.8,0.391,True,True,False
21.47308611869812,forward_015,1.4730861186981201,0.15,0.0,0.0,-0.5672320068981571,0.5443245604657315,-3.799363615435156,-4.44,0.11,7.29,1.688,0.9342482686042786,0.0,0.03130282461643219,1.0,1.0,7.8,0.391,True,True,False
21.493452787399292,forward_015,1.493452787399292,0.15,0.0,0.0,-0.5672320068981571,0.5443245604657315,-3.799363615435156,-2.5100000000000002,0.12,9.790000000000001,1.534,0.9469611048698425,0.0,0.03747951239347458,1.0,1.0,7.7,0.545,True,True,False
21.514840364456177,forward_015,1.5148403644561768,0.15,0.0,0.0,-0.5672320068981571,0.5443245604657315,-3.799363615435156,-3.25,-2.89,9.07,1.458,0.9505215883255005,0.07142857142857142,0.039959635585546494,1.0,1.0,7.7,0.545,True,True,False
21.535340070724487,forward_015,1.5353400707244873,0.15,0.0,0.0,-0.5672320068981571,0.5443245604657315,-3.799363615435156,-3.25,-2.89,9.07,1.227,0.9562199711799622,0.07142857142857142,0.03358360752463341,1.0,1.0,7.7,0.545,True,True,False
21.555705547332764,forward_015,1.5557055473327637,0.15,0.0,0.0,-0.5672320068981571,0.5443245604657315,-3.799363615435156,-1.9000000000000001,-2.6,8.4,0.844,0.943946123123169,0.0,0.04352009296417236,1.0,1.0,7.7,0.545,True,True,False
21.57616639137268,forward_015,1.5761663913726807,0.15,0.0,0.0,-0.5672320068981571,0.5443245604657315,-3.799363615435156,-1.9000000000000001,-2.6,8.4,0.844,0.9302172064781189,0.0,0.0731653943657875,1.0,1.0,7.7,0.545,True,True,False
21.596524953842163,forward_015,1.596524953842163,0.15,0.0,0.0,-0.5672320068981571,0.5443245604657315,-3.799363615435156,-2.32,-1.77,8.97,0.9970000000000001,0.9554643630981445,0.07142857142857142,0.09286429616622627,0.0,1.0,7.7,0.545,True,True,False
21.616883516311646,forward_015,1.6168835163116455,0.15,0.0,0.0,-0.5672320068981571,0.5443245604657315,-3.799363615435156,-2.2800000000000002,-0.59,7.21,1.227,0.9727102518081665,0.14285714285714285,0.046463388949632645,0.0,1.0,7.7,0.545,True,True,False
21.637420177459717,forward_015,1.6374201774597168,0.15,0.0,0.0,-0.5672320068981571,0.5443245604657315,-3.799363615435156,-1.6300000000000001,-0.93,7.62,1.151,0.9795453548431396,0.14285714285714285,0.09863495081663132,0.0,1.0,7.7,0.545,True,True,False
21.657790422439575,forward_015,1.6577904224395752,0.15,0.0,0.0,-0.5672320068981571,0.5443245604657315,-3.799363615435156,-1.67,-3.5500000000000003,7.930000000000001,1.995,0.9790787100791931,0.14285714285714285,0.03375702723860741,0.0,1.0,7.7,0.545,True,True,False
21.678152799606323,forward_015,1.6781527996063232,0.15,0.0,0.0,-0.5672320068981571,0.5443245604657315,-3.799363615435156,-2.0300000000000002,-2.81,8.9,1.995,0.9654637575149536,0.07142857142857142,0.06317117949947715,0.0,1.0,7.7,0.545,True,True,False
21.698512315750122,forward_015,1.698512315750122,0.15,0.0,0.0,-0.5672320068981571,0.5443245604657315,-3.799363615435156,-2.38,-2.85,4.2700000000000005,1.688,0.9792339205741882,0.07142857142857142,0.10998310754075646,0.0,1.0,7.7,0.884,True,True,False
21.718900680541992,forward_015,1.7189006805419922,0.15,0.0,0.0,-0.5672320068981571,0.5443245604657315,-3.799363615435156,-2.38,-2.85,4.2700000000000005,0.844,0.9695020914077759,0.07142857142857142,0.02492021769285202,1.0,1.0,7.7,0.884,True,True,False
21.739272356033325,forward_015,1.7392723560333252,0.15,0.0,0.0,-0.5672320068981571,0.5443245604657315,-3.799363615435156,-2.38,-2.85,4.2700000000000005,1.151,0.9565881490707397,0.07142857142857142,0.03479209914803505,1.0,1.0,7.7,0.884,True,True,False
21.759639501571655,forward_015,1.7596395015716553,0.15,0.0,0.0,-0.5672320068981571,0.5443245604657315,-3.799363615435156,-2.38,-2.85,4.2700000000000005,1.151,0.8912413120269775,0.0,0.0825415663421154,1.0,0.0,7.7,0.884,True,True,False
21.77999997138977,forward_015,1.7799999713897705,0.15,0.0,0.0,-0.5672320068981571,0.5443245604657315,-3.799363615435156,-4.86,2.94,9.72,1.304,0.925341784954071,0.0,0.024726063013076782,1.0,0.0,7.7,0.884,True,True,False
21.800368785858154,forward_015,1.8003687858581543,0.15,0.0,0.0,-0.5672320068981571,0.5443245604657315,-3.799363615435156,0.38,2.04,9.31,1.151,0.9465787410736084,0.0,0.06917726248502731,1.0,0.0,7.7,0.884,True,True,False
21.82084012031555,forward_015,1.8208401203155518,0.15,0.0,0.0,-0.5672320068981571,0.5443245604657315,-3.799363615435156,1.46,2.69,7.97,0.9970000000000001,0.9516960978507996,0.07142857142857142,0.03432672470808029,1.0,0.0,7.7,0.884,True,True,False
21.84135127067566,forward_015,1.8413512706756592,0.15,0.0,0.0,-0.5672320068981571,0.5443245604657315,-3.799363615435156,-2.22,2.77,7.87,0.844,0.975115180015564,0.07142857142857142,0.07947086170315742,1.0,1.0,7.7,0.884,True,True,False
21.86171531677246,forward_015,1.861715316772461,0.15,0.0,0.0,-0.5672320068981571,0.5443245604657315,-3.799363615435156,-2.04,2.43,8.55,0.614,0.9723545908927917,0.07142857142857142,0.033914849162101746,1.0,1.0,7.7,0.884,True,True,False
21.88208270072937,forward_015,1.8820827007293701,0.15,0.0,0.0,-0.5672320068981571,0.5443245604657315,-3.799363615435156,-2.04,2.43,8.55,0.767,0.9708601832389832,0.07142857142857142,0.030560534447431564,1.0,1.0,7.7,0.884,True,True,False
21.902440071105957,forward_015,1.902440071105957,0.15,0.0,0.0,-0.5672320068981571,0.5443245604657315,-3.799363615435156,-2.31,-2.7800000000000002,8.86,0.6899999999999998,0.957714855670929,0.07142857142857142,0.03173911198973656,1.0,1.0,7.7,0.53,True,True,False
21.922810792922974,forward_015,1.9228107929229736,0.15,0.0,0.0,-0.5672320068981571,0.5443245604657315,-3.799363615435156,1.1,-1.34,9.35,1.074,0.9315740466117859,0.0,0.06737534701824188,1.0,1.0,7.7,0.53,True,True,False
21.943175077438354,forward_015,1.9431750774383545,0.15,0.0,0.0,-0.5672320068981571,0.5443245604657315,-3.799363615435156,0.38,-1.96,9.72,0.767,0.9423127770423889,0.0,0.020603861659765244,1.0,1.0,7.7,0.53,True,True,False
21.963533401489258,forward_015,1.9635334014892578,0.15,0.0,0.0,-0.5672320068981571,0.5443245604657315,-3.799363615435156,-0.05,-2.5100000000000002,9.19,0.6899999999999998,0.9516696333885193,0.07142857142857142,0.05359373241662979,0.0,1.0,7.7,0.53,True,True,False
21.98389482498169,forward_015,1.9838948249816895,0.15,0.0,0.0,-0.5672320068981571,0.5443245604657315,-3.799363615435156,-0.05,-2.5100000000000002,9.19,0.614,0.924149751663208,0.0,0.05120813846588135,0.0,1.0,7.7,0.53,True,True,False
22.004372119903564,forward_015,2.0043721199035645,0.15,0.0,0.0,-0.5672320068981571,0.5443245604657315,-3.799363615435156,1.11,-2.46,8.75,0.6899999999999998,0.9024271965026855,0.0,0.06053731590509415,0.0,1.0,7.7,0.53,True,True,False
22.02475118637085,forward_015,2.0247511863708496,0.15,0.0,0.0,-0.5672320068981571,0.5443245604657315,-3.799363615435156,0.76,-3.6,7.140000000000001,1.074,0.9046395421028137,0.0,0.05449032410979271,0.0,1.0,7.7,0.53,True,True,False
22.045117616653442,forward_015,2.0451176166534424,0.15,0.0,0.0,-0.5672320068981571,0.5443245604657315,-3.799363615435156,0.39,-3.12,7.92,1.458,0.9417985081672668,0.0,0.06912079080939293,0.0,1.0,7.7,0.53,True,True,False
22.06548571586609,forward_015,2.065485715866089,0.15,0.0,0.0,-0.5672320068981571,0.5443245604657315,-3.799363615435156,-0.45,-3.27,9.16,1.534,0.9639389514923096,0.07142857142857142,0.06470384448766708,0.0,1.0,7.7,0.53,True,True,False
22.085846424102783,forward_015,2.085846424102783,0.15,0.0,0.0,-0.5672320068981571,0.5443245604657315,-3.799363615435156,0.68,-3.71,8.4,2.148,0.9575899839401245,0.07142857142857142,0.08210884220898151,0.0,1.0,7.7,0.53,True,True,False
22.106295824050903,forward_015,2.1062958240509033,0.15,0.0,0.0,-0.5672320068981571,0.5443245604657315,-3.799363615435156,0.41000000000000003,-3.0300000000000002,7.25,2.378,0.970529317855835,0.07142857142857142,0.056206485256552696,0.0,1.0,7.8,0.585,True,True,False
22.126659154891968,forward_015,2.1266591548919678,0.15,0.0,0.0,-0.5672320068981571,0.5443245604657315,-3.799363615435156,-0.03,-3.15,7.0200000000000005,1.765,0.9761401414871216,0.07142857142857142,0.031664758920669556,0.0,1.0,7.8,0.585,True,True,False
22.147131204605103,forward_015,2.1471312046051025,0.15,0.0,0.0,-0.5672320068981571,0.5443245604657315,-3.799363615435156,-0.51,-3.25,7.57,1.458,0.9695038199424744,0.07142857142857142,0.030427508056163788,0.0,1.0,7.8,0.585,True,True,False
22.16749620437622,forward_015,2.1674962043762207,0.15,0.0,0.0,-0.5672320068981571,0.5443245604657315,-3.799363615435156,-0.07,-3.47,8.56,1.918,0.934802234172821,0.0,0.10543949715793133,1.0,1.0,7.8,0.585,True,True,False
22.187950134277344,forward_015,2.1879501342773438,0.15,0.0,0.0,-0.5672320068981571,0.5443245604657315,-3.799363615435156,-0.07,-3.47,8.56,0.844,0.9625139832496643,0.07142857142857142,0.11018221266567707,1.0,1.0,7.8,0.585,True,True,False
22.20842957496643,forward_015,2.2084295749664307,0.15,0.0,0.0,-0.5672320068981571,0.5443245604657315,-3.799363615435156,-0.07,-3.47,8.56,1.151,0.9920077919960022,0.14285714285714285,0.13324731029570103,1.0,1.0,7.8,0.585,True,True,False
22.228798866271973,forward_015,2.2287988662719727,0.15,0.0,0.0,-0.5672320068981571,0.5443245604657315,-3.799363615435156,-1.3900000000000001,1.1,4.08,1.688,0.9697370529174805,0.07142857142857142,0.14868397265672684,0.0,1.0,7.8,0.585,True,True,False
22.249345541000366,forward_015,2.249345541000366,0.15,0.0,0.0,-0.5672320068981571,0.5443245604657315,-3.799363615435156,2.39,4.68,4.41,1.765,0.9563263058662415,0.07142857142857142,0.14130018558353186,1.0,1.0,7.8,0.585,True,True,False
22.269720554351807,forward_015,2.2697205543518066,0.15,0.0,0.0,-0.5672320068981571,0.5443245604657315,-3.799363615435156,0.87,-1.54,6.12,1.841,0.9184045195579529,0.0,0.04620525799691677,1.0,1.0,7.8,0.585,True,True,False
22.29009485244751,forward_015,2.2900948524475098,0.15,0.0,0.0,-0.5672320068981571,0.5443245604657315,-3.799363615435156,0.87,-1.54,6.12,1.381,0.9325289130210876,0.0,0.06057489663362503,1.0,1.0,7.8,0.585,True,True,False
22.31045150756836,forward_015,2.3104515075683594,0.15,0.0,0.0,-0.5672320068981571,0.5443245604657315,-3.799363615435156,-0.36,2.07,9.18,1.074,0.9121491312980652,0.0,0.0427352711558342,1.0,0.0,7.5,1.228,True,True,False
22.330817222595215,forward_015,2.330817222595215,0.15,0.0,0.0,-0.5672320068981571,0.5443245604657315,-3.799363615435156,-0.36,2.07,9.18,1.534,0.9077826142311096,0.0,0.0464007630944252,1.0,0.0,7.5,1.228,True,True,False
22.35129427909851,forward_015,2.3512942790985107,0.15,0.0,0.0,-0.002181661564992912,0.2476185876266955,-1.8118699297266134,-0.36,2.07,9.18,1.765,0.9670546650886536,0.14285714285714285,0.1548645943403244,1.0,0.0,7.5,1.228,True,True,False
22.37165665626526,forward_015,2.371656656265259,0.15,0.0,0.0,-0.6806784082777885,0.09817477042468103,-0.6599526234103559,0.51,-1.34,6.8,1.227,0.9665806293487549,0.07142857142857142,0.12467295676469803,1.0,0.0,7.5,1.228,True,True,False
22.392034769058228,forward_015,2.3920347690582275,0.15,0.0,0.0,-1.0482883819790942,-0.4625122517784973,0.5181446216858165,1.53,1.34,7.5,1.381,0.9516822695732117,0.07142857142857142,0.13948105461895466,1.0,1.0,7.5,1.228,True,True,False
22.412426233291626,forward_015,2.412426233291626,0.15,0.0,0.0,-1.3068152774307542,0.013089969389957472,0.8093964406123704,-1.77,2.37,8.33,0.9970000000000001,0.9759759902954102,0.14285714285714285,0.20152748003602028,1.0,1.0,7.5,1.228,True,True,False
22.432794332504272,forward_015,2.4327943325042725,0.15,0.0,0.0,-1.1279190291013355,0.33052172709642613,0.6217735460229799,-2.74,0.76,9.11,1.381,0.9835301041603088,0.14285714285714285,0.11476656864397228,1.0,1.0,7.5,1.228,True,True,False
22.45317816734314,forward_015,2.4531781673431396,0.15,0.0,0.0,-0.3741549583962844,0.38942658935123475,0.13744467859455345,-2.74,0.76,9.11,1.227,0.9811972975730896,0.14285714285714285,0.05567101016640663,1.0,1.0,7.5,1.228,True,True,False
22.473644256591797,forward_015,2.473644256591797,0.15,0.0,0.0,0.3861540970037454,0.08290313946973066,-1.150826475533761,-0.36,0.47000000000000003,7.63,1.458,0.9855135083198547,0.14285714285714285,0.08097121864557266,1.0,1.0,7.5,1.228,True,True,False
22.494112014770508,forward_015,2.494112014770508,0.15,0.0,0.0,0.4385139745635753,0.17671458676442586,-2.0867592869157203,0.0,-1.78,5.87,1.074,0.9742227792739868,0.07142857142857142,0.07516322284936905,1.0,1.0,7.5,1.228,True,True,False
22.51448369026184,forward_015,2.514483690261841,0.15,0.0,0.0,0.2617993877991494,0.5126904677733343,-1.4126258633329105,0.0,-1.78,5.87,1.074,0.9610588550567627,0.07142857142857142,0.07674010843038559,1.0,1.0,7.6,0.9680000000000001,True,True,False
22.536261558532715,forward_015,2.536261558532715,0.15,0.0,0.0,-0.3752457891787809,0.8835729338221293,-1.1693705988362009,0.0,-1.78,5.87,1.688,0.9204248189926147,0.0,0.06653878465294838,0.0,1.0,7.6,0.9680000000000001,True,True,False
22.556623697280884,forward_015,2.556623697280884,0.15,0.0,0.0,-0.7406741013150936,0.5083271446433485,0.3327033886614191,-0.39,-4.03,9.47,1.6110000000000002,0.9062508940696716,0.0,0.0906151607632637,0.0,1.0,7.6,0.9680000000000001,True,True,False
22.57714033126831,forward_015,2.5771403312683105,0.15,0.0,0.0,-0.7930339788749234,0.7984881327874057,1.8271415606815637,-0.89,-1.54,8.1,2.302,0.9171766638755798,0.0,0.14933883398771286,1.0,1.0,7.6,0.9680000000000001,True,True,False
22.597518920898438,forward_015,2.5975189208984375,0.15,0.0,0.0,-0.4286964975211072,1.1290098598838318,2.237293934900231,-0.89,-1.54,8.1,1.841,0.9559521675109863,0.07142857142857142,0.25954966247081757,1.0,1.0,7.6,0.9680000000000001,True,True,False
22.617990493774414,forward_015,2.617990493774414,0.15,0.0,0.0,-0.5552328682906961,0.7504915783575618,1.0777408131064985,-0.89,-1.54,8.1,2.148,0.9596572518348694,0.07142857142857142,0.17228075861930847,0.0,1.0,7.6,0.9680000000000001,True,True,False
22.638354063034058,forward_015,2.6383540630340576,0.15,0.0,0.0,-0.8846637646046258,0.2814343418840856,0.5617778529856748,-0.2,0.33,3.64,2.685,0.6699987053871155,0.0,0.13582148542627692,0.0,1.0,7.6,0.9680000000000001,True,True,False
22.65873074531555,forward_015,2.6587307453155518,0.15,0.0,0.0,-0.6664976081053346,0.4014257279586958,0.5246896063807953,-0.5700000000000001,2.73,3.02,2.685,0.7214698791503906,0.0,0.08867497369647026,0.0,1.0,7.6,0.9680000000000001,True,True,False
22.67908787727356,forward_015,2.6790878772735596,0.15,0.0,0.0,0.05235987755982989,-0.9359328113819593,-0.23343778745424157,-0.5700000000000001,2.73,3.02,2.762,0.9207378029823303,0.0,0.20478234440088272,0.0,1.0,7.6,0.9680000000000001,True,True,False
22.6994526386261,forward_015,2.6994526386260986,0.15,0.0,0.0,0.9392053037294485,-0.5170537909033202,-0.7494007475750653,-0.5700000000000001,2.73,3.02,2.225,0.9671017527580261,0.14285714285714285,0.13938584923744202,0.0,1.0,7.6,0.9680000000000001,True,True,False
22.719917058944702,forward_015,2.719917058944702,0.15,0.0,0.0,1.4388058021128254,-1.0101093045917182,-0.10362892433716332,-0.5700000000000001,2.73,3.02,1.6110000000000002,0.9720486402511597,0.07142857142857142,0.1073189303278923,0.0,0.0,7.3,1.923,True,True,False
22.74032187461853,forward_015,2.7403218746185303,0.15,0.0,0.0,1.906772207803805,-1.2380929381334775,1.538071403320003,-0.09,-0.55,3.81,1.304,0.9845083951950073,0.14285714285714285,0.1372748725116253,0.0,0.0,7.3,1.923,True,True,False
22.760687351226807,forward_015,2.7606873512268066,0.15,0.0,0.0,1.4300791558528538,-1.241365430480967,1.1442814908387824,-0.92,-0.32,0.32,1.458,0.9780212640762329,0.07142857142857142,0.08685943856835365,1.0,0.0,7.3,1.923,True,True,False
22.781129121780396,forward_015,2.7811291217803955,0.15,0.0,0.0,1.261000384565903,-1.0591966898040588,1.0613783513690516,0.02,0.0,4.0600000000000005,1.381,0.9781277179718018,0.21428571428571427,0.10832278802990913,1.0,1.0,7.3,1.923,True,True,False
22.801506519317627,forward_015,2.801506519317627,0.15,0.0,0.0,-0.15817046346198613,-0.7090400086226963,1.1966413683986121,0.02,0.0,4.0600000000000005,1.381,0.9892508387565613,0.21428571428571427,0.18195735663175583,1.0,1.0,7.3,1.923,True,True,False
22.821879625320435,forward_015,2.8218796253204346,0.15,0.0,0.0,-1.351539339513109,-0.30325095753401476,-0.04254240051736178,0.02,0.0,4.0600000000000005,1.841,0.9865388870239258,0.14285714285714285,0.1040067975409329,1.0,1.0,7.3,1.923,True,True,False
22.842247247695923,forward_015,2.842247247695923,0.15,0.0,0.0,-1.2762720155208536,0.4854196982109229,-0.8715737952146683,-3.27,0.32,2.17,1.074,0.9777114391326904,0.21428571428571427,0.19043184351176023,1.0,1.0,7.3,1.923,True,True,False
22.86261773109436,forward_015,2.8626177310943604,0.15,0.0,0.0,-0.32288591161895097,0.06872233929727672,-0.13199052468207118,2.99,0.49,5.65,0.844,0.9679427742958069,0.07142857142857142,0.1913154972717166,1.0,1.0,7.3,1.923,True,True,False
22.883102655410767,forward_015,2.8831026554107666,0.15,0.0,0.0,0.16253378659197193,-0.20943951023931956,-0.08944812416470939,2.85,-2.22,5.11,1.227,0.9819205403327942,0.14285714285714285,0.049643152859061956,1.0,1.0,7.3,1.923,True,True,False
22.90346622467041,forward_015,2.90346622467041,0.15,0.0,0.0,-0.5039638215133626,0.3523383427463553,-0.08290313946973066,-0.26,-2.67,6.5600000000000005,2.148,0.9930650591850281,0.21428571428571427,0.10921945050358772,1.0,1.0,7.3,1.923,True,True,False
22.92385196685791,forward_015,2.92385196685791,0.15,0.0,0.0,-0.9053895494720584,0.23671027980173096,0.46142142099600086,-0.26,-2.67,6.5600000000000005,1.995,0.9841005802154541,0.21428571428571427,0.1037551686167717,1.0,1.0,7.7,0.4940000000000001,True,True,False
22.94425368309021,forward_015,2.94425368309021,0.15,0.0,0.0,-0.806123948264881,0.2530727415391778,0.6479534848028948,-0.26,-2.67,6.5600000000000005,0.844,0.9857415556907654,0.21428571428571427,0.1023919340223074,1.0,1.0,7.7,0.4940000000000001,True,True,False
22.964624881744385,forward_015,2.9646248817443848,0.15,0.0,0.0,-0.18871372537188688,0.2454369260617026,1.2500920767409385,-0.05,-0.43,5.8500000000000005,1.151,0.9931440353393555,0.14285714285714285,0.02819724753499031,1.0,1.0,7.7,0.4940000000000001,True,True,False
22.985095500946045,forward_015,2.985095500946045,0.15,0.0,0.0,-0.23889194136672387,0.4908738521234052,1.3526301702956054,0.7000000000000001,0.47000000000000003,7.53,1.227,0.9899594187736511,0.14285714285714285,0.023936775512993336,1.0,1.0,7.7,0.4940000000000001,True,True,False
23.00546884536743,forward_015,3.0054688453674316,0.15,0.0,0.0,-0.23889194136672387,0.4908738521234052,1.3526301702956054,0.7000000000000001,0.47000000000000003,7.53,0.767,0.9921466708183289,0.14285714285714285,0.02093666512519121,1.0,1.0,7.7,0.4940000000000001,True,True,False
23.025861263275146,forward_015,3.0258612632751465,0.15,0.0,0.0,-0.2476185876266955,1.3722651243805417,-0.07417649320975901,0.7000000000000001,0.47000000000000003,7.53,0.6899999999999998,0.9799553155899048,0.14285714285714285,0.12882265076041222,1.0,1.0,7.7,0.4940000000000001,True,True,False
23.046242475509644,forward_015,3.0462424755096436,0.15,0.0,0.0,-0.24870941840919197,1.3537210010781018,-0.2977968036215325,-2.27,-2.47,7.640000000000001,0.537,0.9748045206069946,0.07142857142857142,0.10530427470803261,1.0,1.0,7.7,0.4940000000000001,True,True,False
23.06662392616272,forward_015,3.0666239261627197,0.15,0.0,0.0,-0.04799655442984406,1.337358539340655,0.0818123086872342,-2.27,-2.47,7.640000000000001,1.151,0.9560277462005615,0.14285714285714285,0.04963505268096924,1.0,1.0,7.7,0.4940000000000001,True,True,False
23.08708167076111,forward_015,3.0870816707611084,0.15,0.0,0.0,0.07963064712224129,1.2075496762235767,0.2923426497090502,-0.71,-2.34,7.38,1.841,0.9476271271705627,0.0,0.05152048170566559,1.0,1.0,7.7,0.4940000000000001,True,True,False
23.10753035545349,forward_015,3.107530355453491,0.15,0.0,0.0,-0.1189005552921137,1.0613783513690516,0.6959500392327389,-1.95,-2.63,7.29,2.608,0.9564684629440308,0.07142857142857142,0.07575827091932297,1.0,1.0,7.7,0.4940000000000001,True,True,False
23.127939462661743,forward_015,3.127939462661743,0.15,0.0,0.0,-0.4308781590861001,0.6752242543653062,1.2522737383059315,-1.95,-2.63,7.29,2.071,0.9297709465026855,0.0,0.1226559653878212,1.0,1.0,7.1,2.0919999999999996,True,True,False
23.148303508758545,forward_015,3.148303508758545,0.15,0.0,0.0,-0.8039422866998881,1.4529866022852793,1.1704614296186973,-5.07,-0.39,6.01,1.6110000000000002,0.9330362677574158,0.0,0.21993429958820343,1.0,1.0,7.1,2.0919999999999996,True,True,False
23.168715476989746,forward_015,3.168715476989746,0.15,0.0,0.0,-1.076649982324002,0.6457718232379019,0.9948376736367679,-1.92,2.06,8.06,1.688,0.939289927482605,0.0,0.1669782241806388,0.0,1.0,7.1,2.0919999999999996,True,True,False
23.18909525871277,forward_015,3.1890952587127686,0.15,0.0,0.0,-1.1377365061438036,-0.03599741582238305,0.5977752688080579,-0.26,-0.13,9.21,2.302,0.74259352684021,0.0,0.16180283576250076,0.0,1.0,7.1,2.0919999999999996,True,True,False
23.209463596343994,forward_015,3.209463596343994,0.15,0.0,0.0,-0.8115781021773633,0.04363323129985824,0.4625122517784973,-4.67,-1.73,3.95,2.532,0.651316225528717,0.0,0.07205485552549362,0.0,1.0,7.1,2.0919999999999996,True,True,False
23.22984504699707,forward_015,3.2298450469970703,0.15,0.0,0.0,-0.026179938779914945,-0.8704829644321719,0.5170537909033202,-4.67,-1.73,3.95,2.762,0.9658414125442505,0.07142857142857142,0.1491429228335619,0.0,1.0,7.1,2.0919999999999996,True,True,False
23.25021266937256,forward_015,3.2502126693725586,0.15,0.0,0.0,0.8072147790473774,-0.7930339788749234,-0.014180800172453928,-4.67,-1.73,3.95,2.455,0.953827977180481,0.07142857142857142,0.1202531959861517,0.0,1.0,7.1,2.0919999999999996,True,True,False
23.270689487457275,forward_015,3.2706894874572754,0.15,0.0,0.0,0.9992009967667537,-0.7581273938350369,-0.21271200258680892,-1.53,-6.86,5.01,2.378,0.9366419911384583,0.0,0.06509334966540337,0.0,1.0,7.1,2.0919999999999996,True,True,False
23.29106044769287,forward_015,3.291060447692871,0.15,0.0,0.0,1.0701049976290233,-1.1442814908387824,0.806123948264881,0.81,-2.63,4.65,1.841,0.9024681448936462,0.0,0.11342114768922329,0.0,1.0,7.1,2.0919999999999996,True,True,False
23.311445236206055,forward_015,3.3114452362060547,0.15,0.0,0.0,1.1137382289288815,-0.9610219193793778,1.1071932442339028,-3.47,0.27,3.3000000000000003,1.918,0.9574620127677917,0.07142857142857142,0.05216779187321663,0.0,1.0,7.1,2.0919999999999996,True,True,False
23.331810235977173,forward_015,3.331810235977173,0.15,0.0,0.0,1.4933473412376481,-0.856302164259718,0.9741118887693352,-4.75,-1.05,7.26,2.992,0.977689266204834,0.07142857142857142,0.10490051296073943,0.0,1.0,7.2,2.2600000000000002,True,True,False
23.352185487747192,forward_015,3.3521854877471924,0.15,0.0,0.0,1.6776977434795493,-0.6337726846304409,0.7515824091400581,-4.75,-1.05,7.26,2.762,0.962932288646698,0.07142857142857142,0.05027471482753754,1.0,1.0,7.2,2.2600000000000002,True,True,False
23.372556924819946,forward_015,3.3725569248199463,0.15,0.0,0.0,1.7965982987716629,-0.8388488717397746,0.6392268385429232,-4.75,-1.05,7.26,1.227,0.9668561816215515,0.07142857142857142,0.06881564110517502,1.0,1.0,7.2,2.2600000000000002,True,True,False
23.392980813980103,forward_015,3.3929808139801025,0.15,0.0,0.0,2.038762732485876,-1.2020955223110945,0.878118779909647,-4.75,-1.05,7.26,1.765,0.9558294415473938,0.14285714285714285,0.11061197146773338,1.0,1.0,7.2,2.2600000000000002,True,True,False
23.413472890853882,forward_015,3.413472890853882,0.15,0.0,0.0,2.038762732485876,-1.2020955223110945,0.878118779909647,-1.3,6.53,4.74,1.534,0.9452313780784607,0.0,0.05016479687765241,1.0,0.0,7.2,2.2600000000000002,True,True,False
23.43384552001953,forward_015,3.4338455200195312,0.15,0.0,0.0,2.038762732485876,-1.2020955223110945,0.878118779909647,4.0,3.75,9.14,1.381,0.932754635810852,0.0,0.13999798148870468,1.0,0.0,7.2,2.2600000000000002,True,True,False
23.454276084899902,forward_015,3.4542760848999023,0.15,0.0,0.0,2.038762732485876,-1.2020955223110945,0.878118779909647,-1.44,-1.95,1.56,1.227,0.9709723591804504,0.14285714285714285,0.17940405011177063,1.0,0.0,7.2,2.2600000000000002,True,True,False
23.47464895248413,forward_015,3.474648952484131,0.15,0.0,0.0,2.038762732485876,-1.2020955223110945,0.878118779909647,-1.44,-1.95,1.56,1.841,0.9704513549804688,0.07142857142857142,0.06308658327907324,1.0,0.0,7.2,2.2600000000000002,True,True,False
23.495020151138306,forward_015,3.4950201511383057,0.15,0.0,0.0,2.038762732485876,-1.2020955223110945,0.878118779909647,-0.55,2.18,7.61,1.534,0.9716454744338989,0.14285714285714285,0.060481153428554535,1.0,0.0,7.2,2.2600000000000002,True,True,False
23.51539397239685,forward_015,3.5153939723968506,0.15,0.0,0.0,2.038762732485876,-1.2020955223110945,0.878118779909647,-0.08,2.24,5.92,1.688,0.9667806029319763,0.14285714285714285,0.0998841691762209,1.0,0.0,7.2,2.2600000000000002,True,True,False
23.535792112350464,forward_015,3.535792112350464,0.15,0.0,0.0,2.038762732485876,-1.2020955223110945,0.878118779909647,2.14,2.04,6.8,1.227,0.9618727564811707,0.14285714285714285,0.06055379845201969,1.0,0.0,7.8,0.3700000000000001,True,True,False
23.557417392730713,forward_015,3.557417392730713,0.15,0.0,0.0,2.038762732485876,-1.2020955223110945,0.878118779909647,-0.5700000000000001,1.77,7.66,0.9970000000000001,0.9822813272476196,0.21428571428571427,0.10722185298800468,1.0,0.0,7.8,0.3700000000000001,True,True,False
23.577881336212158,forward_015,3.577881336212158,0.15,0.0,0.0,2.038762732485876,-1.2020955223110945,0.878118779909647,-0.5700000000000001,1.77,7.66,0.9210000000000002,0.9606916308403015,0.21428571428571427,0.06248389929533005,1.0,1.0,7.8,0.3700000000000001,True,True,False
23.59825873374939,forward_015,3.5982587337493896,0.15,0.0,0.0,2.038762732485876,-1.2020955223110945,0.878118779909647,-0.5700000000000001,1.77,7.66,0.46,0.9737809896469116,0.14285714285714285,0.0642450600862503,1.0,1.0,7.8,0.3700000000000001,True,True,False
23.618619918823242,forward_015,3.618619918823242,0.15,0.0,0.0,2.038762732485876,-1.2020955223110945,0.878118779909647,-0.5700000000000001,1.77,7.66,0.614,0.9646685719490051,0.14285714285714285,0.050780901685357094,1.0,1.0,7.8,0.3700000000000001,True,True,False
23.63904118537903,forward_015,3.6390411853790283,0.15,0.0,0.0,2.038762732485876,-1.2020955223110945,0.878118779909647,-0.15,-1.6,6.0200000000000005,0.614,0.9601059556007385,0.14285714285714285,0.019603972818003967,1.0,1.0,7.8,0.3700000000000001,True,True,False
23.65940809249878,forward_015,3.6594080924987793,0.15,0.0,0.0,2.038762732485876,-1.2020955223110945,0.878118779909647,-0.15,-1.6,6.0200000000000005,0.767,0.9585760831832886,0.07142857142857142,0.03426919877529144,0.0,1.0,7.8,0.3700000000000001,True,True,False
23.679775714874268,forward_015,3.6797757148742676,0.15,0.0,0.0,2.038762732485876,-1.2020955223110945,0.878118779909647,2.71,-3.3000000000000003,9.370000000000001,0.767,0.8781143426895142,0.0,0.06283591687679291,0.0,1.0,7.8,0.3700000000000001,True,True,False
23.700143098831177,forward_015,3.7001430988311768,0.15,0.0,0.0,0.0719948316447661,-0.15271630954950383,-0.4166973589136462,2.71,-3.3000000000000003,9.370000000000001,0.614,0.9529080390930176,0.07142857142857142,0.16708046197891235,0.0,1.0,7.8,0.3700000000000001,True,True,False
23.72053599357605,forward_015,3.72053599357605,0.15,0.0,0.0,0.16580627893946132,0.10581058590215622,-0.495237175253391,2.49,-1.95,9.67,0.614,0.976140558719635,0.07142857142857142,0.08612839691340923,1.0,1.0,7.8,0.3700000000000001,True,True,False
23.740943670272827,forward_015,3.740943670272827,0.15,0.0,0.0,0.21380283336930536,0.30652344988150415,-0.6468626540203984,1.96,-1.61,8.16,0.767,0.9809098839759827,0.07142857142857142,0.025609178002923727,1.0,1.0,7.7,0.6620000000000001,True,True,False
23.761306762695312,forward_015,3.7613067626953125,0.15,0.0,0.0,0.3523383427463553,0.017453292519943295,-0.27052603405912107,1.96,-1.61,8.16,0.9210000000000002,0.9720189571380615,0.07142857142857142,0.04137301445007324,1.0,1.0,7.7,0.6620000000000001,True,True,False
23.781699657440186,forward_015,3.7816996574401855,0.15,0.0,0.0,0.30325095753401476,-0.015271630954950384,0.1341721862470641,1.96,-1.61,8.16,1.074,0.9754435420036316,0.07142857142857142,0.05082369223237038,1.0,1.0,7.7,0.6620000000000001,True,True,False
23.80206608772278,forward_015,3.8020660877227783,0.15,0.0,0.0,0.13853550937704992,-0.4134248665661568,1.0591966898040588,1.57,0.31,6.68,1.074,0.9747543931007385,0.07142857142857142,0.04010746069252491,1.0,1.0,7.7,0.6620000000000001,True,True,False
23.822439908981323,forward_015,3.8224399089813232,0.15,0.0,0.0,-0.03381575425739013,-0.7766715171374766,1.5653421728824144,2.67,2.47,6.86,0.767,0.9630873799324036,0.14285714285714285,0.09741324186325073,1.0,1.0,7.7,0.6620000000000001,True,True,False
23.8429057598114,forward_015,3.8429057598114014,0.15,0.0,0.0,-0.39924406639370286,-0.6850417314077744,1.1137382289288815,2.67,2.47,6.86,0.767,0.9722137451171875,0.14285714285714285,0.05932107428088784,1.0,1.0,7.7,0.6620000000000001,True,True,False
23.863285779953003,forward_015,3.863285779953003,0.15,0.0,0.0,-0.38942658935123475,-0.5290529295107811,1.0493792127615906,2.67,2.47,6.86,0.844,0.9736383557319641,0.14285714285714285,0.035565484780818224,1.0,1.0,7.7,0.6620000000000001,True,True,False
23.88366961479187,forward_015,3.88366961479187,0.15,0.0,0.0,0.30325095753401476,-0.5661411761156606,0.830122225479803,2.41,-1.41,7.8100000000000005,0.767,0.9854027628898621,0.21428571428571427,0.022467073053121567,1.0,1.0,7.7,0.6620000000000001,True,True,False
23.904030323028564,forward_015,3.9040303230285645,0.15,0.0,0.0,0.6337726846304409,-0.18544123302439752,0.36760997370130566,4.23,-2.15,9.06,0.844,0.984868586063385,0.14285714285714285,0.0683513730764389,1.0,1.0,7.7,0.6620000000000001,True,True,False
23.924494981765747,forward_015,3.924494981765747,0.15,0.0,0.0,0.3621558197888234,-0.13744467859455345,-0.4374231437810788,4.23,-2.15,9.06,0.537,0.9895570278167725,0.21428571428571427,0.04538496024906635,1.0,1.0,7.7,0.6620000000000001,True,True,False
23.94502282142639,forward_015,3.9450228214263916,0.15,0.0,0.0,0.15271630954950383,0.06981317007977318,-0.7374016089676042,1.16,0.5,8.58,0.844,0.9855230450630188,0.14285714285714285,0.1026520486921072,1.0,1.0,7.7,0.38799999999999996,True,True,False
23.96538734436035,forward_015,3.9653873443603516,0.15,0.0,0.0,-0.003272492347489368,0.05781403147231216,-0.7744898555724837,2.75,0.38,9.19,0.767,0.9854039549827576,0.07142857142857142,0.06609209161251783,1.0,1.0,7.7,0.38799999999999996,True,True,False
23.98576331138611,forward_015,3.9857633113861084,0.15,0.0,0.0,-0.13853550937704992,-0.01090830782496456,-0.7712173632249943,3.1,-0.38,8.16,0.614,0.9839800000190735,0.14285714285714285,0.01686256006360054,1.0,1.0,7.7,0.38799999999999996,True,True,False
24.00613260269165,forward_015,4.00613260269165,0.15,0.0,0.0,-0.19416787928436915,-0.35015668118136234,-0.4341506514335895,1.97,-0.68,7.25,0.9970000000000001,0.9873172640800476,0.2857142857142857,0.03106890805065632,1.0,1.0,7.7,0.38799999999999996,True,True,False
24.026493787765503,forward_015,4.026493787765503,0.15,0.0,0.0,-0.3108867730114899,-0.06326818538479445,-0.001090830782496456,2.12,-1.29,8.45,0.9210000000000002,0.9819843173027039,0.21428571428571427,0.030359637923538685,1.0,1.0,7.7,0.38799999999999996,True,True,False
24.04698133468628,forward_015,4.046981334686279,0.15,0.0,0.0,-0.4243331743911214,-0.09381144729469522,0.2999784651865254,2.12,-1.29,8.45,0.9210000000000002,0.9825051426887512,0.21428571428571427,0.013165906815629569,1.0,1.0,7.7,0.38799999999999996,True,True,False
24.06747603416443,forward_015,4.067476034164429,0.15,0.0,0.0,-0.1636246173744684,-0.16144295580947549,0.5759586531581288,1.78,-0.58,8.57,0.9210000000000002,0.9819610118865967,0.21428571428571427,0.028549810638651252,1.0,1.0,7.7,0.38799999999999996,True,True,False
24.087934017181396,forward_015,4.0879340171813965,0.15,0.0,0.0,-0.21925698728178766,-0.03599741582238305,0.767944870877505,2.42,-0.64,8.83,0.767,0.9816170930862427,0.21428571428571427,0.017031248658895493,1.0,1.0,7.7,0.38799999999999996,True,True,False
24.10841393470764,forward_015,4.108413934707642,0.15,0.0,0.0,-0.26398104936414235,0.07526732399225546,0.8813912722571364,2.42,-0.64,8.83,0.614,0.9815832376480103,0.21428571428571427,0.022087495774030685,1.0,1.0,7.7,0.38799999999999996,True,True,False
24.12878131866455,forward_015,4.128781318664551,0.15,0.0,0.0,-0.3076142806640006,0.05781403147231216,0.6152285613280012,2.35,-1.33,8.950000000000001,0.537,0.9812925457954407,0.21428571428571427,0.015571936964988708,1.0,1.0,7.7,0.38799999999999996,True,True,False
24.149309396743774,forward_015,4.149309396743774,0.15,0.0,0.0,-0.1090830782496456,-0.001090830782496456,0.4439681284760576,2.46,-1.6300000000000001,8.74,0.46,0.9797820448875427,0.21428571428571427,0.02219950035214424,1.0,1.0,7.9,0.23100000000000004,True,True,False
24.16967511177063,forward_015,4.16967511177063,0.15,0.0,0.0,0.12762720155208535,-0.08726646259971647,0.19744037163185854,2.77,-1.18,8.36,0.307,0.9787567257881165,0.21428571428571427,0.01730305515229702,1.0,1.0,7.9,0.23100000000000004,True,True,False
24.190139532089233,forward_015,4.190139532089233,0.15,0.0,0.0,0.2596177262341565,-0.20507618710933373,0.03381575425739013,2.61,-1.44,8.77,0.307,0.9787709712982178,0.21428571428571427,0.015293266449589282,1.0,1.0,7.9,0.23100000000000004,True,True,False
24.21051788330078,forward_015,4.210517883300781,0.15,0.0,0.0,0.20943951023931956,-0.25634523388666713,-0.13526301702956053,2.5,-0.88,9.46,0.614,0.9822187423706055,0.14285714285714285,0.01778198848478496,1.0,1.0,7.9,0.23100000000000004,True,True,False
24.230880737304688,forward_015,4.2308807373046875,0.15,0.0,0.0,0.28688849579656794,-0.284706834231575,-0.2552544031041707,2.2800000000000002,-0.41000000000000003,8.82,0.6899999999999998,0.9841841459274292,0.21428571428571427,0.014892328530550003,1.0,1.0,7.9,0.23100000000000004,True,True,False
24.251248598098755,forward_015,4.251248598098755,0.15,0.0,0.0,0.37306412761378793,-0.28688849579656794,-0.2792526803190927,3.02,-0.27,8.74,0.6899999999999998,0.9855597615242004,0.2857142857142857,0.03292915038764477,1.0,1.0,7.9,0.23100000000000004,True,True,False
24.271615743637085,forward_015,4.271615743637085,0.15,0.0,0.0,0.37088246604879505,-0.24980024919168842,-0.23561944901923448,2.98,-0.17,9.19,0.614,0.9847071170806885,0.21428571428571427,0.017422258853912354,1.0,1.0,7.9,0.23100000000000004,True,True,False
24.291987657546997,forward_015,4.291987657546997,0.15,0.0,0.0,0.3108867730114899,-0.346884188833873,-0.15926129424448257,2.83,0.35000000000000003,8.93,0.46,0.9867241382598877,0.2857142857142857,0.027557735797017813,1.0,1.0,7.9,0.23100000000000004,True,True,False
24.312350273132324,forward_015,4.312350273132324,0.15,0.0,0.0,0.23671027980173096,-0.4145156973486533,-0.050178215994836975,3.24,0.18,8.72,0.537,0.9872716665267944,0.21428571428571427,0.022232065442949533,1.0,1.0,7.9,0.23100000000000004,True,True,False
24.332709312438965,forward_015,4.332709312438965,0.15,0.0,0.0,0.12762720155208535,-0.5170537909033202,0.12435470920459599,3.02,0.16,8.55,0.614,0.9824209809303284,0.07142857142857142,0.029332485049962997,1.0,1.0,7.9,0.23100000000000004,True,True,False
24.353209972381592,forward_015,4.353209972381592,0.15,0.0,0.0,-0.07090400086226964,-0.5105088062083414,0.19525871006686563,2.84,-0.04,8.88,0.767,0.9651795029640198,0.07142857142857142,0.021504342555999756,1.0,1.0,7.9,0.122,True,True,False
24.37357783317566,forward_015,4.373577833175659,0.15,0.0,0.0,-0.23561944901923448,-0.5268712679457882,0.1407171709420428,2.84,-0.33,8.5,0.6899999999999998,0.9032995700836182,0.0,0.047590576112270355,1.0,1.0,7.9,0.122,True,True,False
24.39394211769104,forward_015,4.39394211769104,0.15,0.0,0.0,-0.2825251726665821,-0.4919646829059016,0.05781403147231216,2.87,-0.34,8.01,0.6899999999999998,0.6989225149154663,0.0,0.07313335686922073,1.0,1.0,7.9,0.122,True,True,False
24.414328813552856,forward_015,4.4143288135528564,0.15,0.0,0.0,-0.2825251726665821,-0.4919646829059016,0.05781403147231216,2.87,-0.34,8.01,0.844,0.7380328178405762,0.0,0.12043020874261856,1.0,1.0,7.9,0.122,True,True,False
24.434746503829956,forward_015,4.434746503829956,0.15,0.0,0.0,-0.29888763440402893,-0.3817907738737596,0.001090830782496456,3.24,-1.05,7.9,1.304,0.686453640460968,0.0,0.0704445131123066,1.0,1.0,7.9,0.122,True,True,False
24.45520782470703,forward_015,4.455207824707031,0.15,0.0,0.0,-0.06435901616729091,-0.32070425005395803,-0.018544123302439753,3.79,-0.8200000000000001,8.31,1.841,0.651771605014801,0.0,0.10797014832496643,0.0,1.0,7.9,0.122,True,True,False
24.475603342056274,forward_015,4.475603342056274,0.15,0.0,0.0,0.3043417883165112,0.358883327441334,0.32288591161895097,3.79,-0.8200000000000001,8.31,2.455,0.6863774061203003,0.0,0.1557779274880886,0.0,1.0,7.9,0.122,True,True,False
24.496063470840454,forward_015,4.496063470840454,0.15,0.0,0.0,0.28034351110158917,0.5705044992456465,-0.22252947962927702,3.79,-0.8200000000000001,8.31,2.455,0.8545055985450745,0.0,0.13717959076166153,0.0,1.0,7.9,0.122,True,True,False
24.516539096832275,forward_015,4.516539096832275,0.15,0.0,0.0,0.3567016658763411,0.23234695667174513,-0.5923211148955756,5.75,-2.2800000000000002,9.67,1.381,0.8881328701972961,0.0,0.13503795489668846,0.0,1.0,7.9,0.122,True,True,False
24.5369975566864,forward_015,4.536997556686401,0.15,0.0,0.0,0.7144941625351786,0.3043417883165112,-0.7635815477475192,6.73,-2.05,6.65,2.302,0.8770806193351746,0.0,0.04093688726425171,1.0,1.0,7.9,0.122,True,True,False
24.557430505752563,forward_015,4.5574305057525635,0.15,0.0,0.0,0.8464846872172498,0.21380283336930536,-0.37088246604879505,4.96,-0.5700000000000001,6.3100000000000005,1.534,0.9106988310813904,0.0,0.04003094136714935,1.0,1.0,7.6,0.837,True,True,False
24.579007625579834,forward_015,4.579007625579834,0.15,0.0,0.0,0.8868454261696187,0.7014041931452212,0.16907877128695067,4.96,-0.5700000000000001,6.3100000000000005,1.6110000000000002,0.9024998545646667,0.0,0.0542824137955904,1.0,0.0,7.6,0.837,True,True,False
24.59937286376953,forward_015,4.599372863769531,0.15,0.0,0.0,-0.5475970528132209,-0.3763366199612773,1.0701049976290233,4.96,-0.5700000000000001,6.3100000000000005,1.765,0.9826666712760925,0.07142857142857142,0.07618203945457935,1.0,0.0,7.6,0.837,True,True,False
24.619839906692505,forward_015,4.619839906692505,0.15,0.0,0.0,-1.0188359508516898,-0.5912302841130791,0.842121364087264,2.07,2.81,2.67,1.6110000000000002,0.9908284544944763,0.2857142857142857,0.11949095316231251,1.0,1.0,7.6,0.837,True,True,False
24.640208959579468,forward_015,4.640208959579468,0.15,0.0,0.0,-1.102829921103917,-0.40578905108868163,0.5170537909033202,2.07,0.25,6.36,1.458,0.9811547994613647,0.07142857142857142,0.024102112278342247,1.0,1.0,7.6,0.837,True,True,False
24.660619258880615,forward_015,4.660619258880615,0.15,0.0,0.0,-1.373355955163038,-0.09272061651219876,0.6065019150680295,2.07,0.25,6.36,1.227,0.9806166887283325,0.14285714285714285,0.04440079256892204,1.0,1.0,7.6,0.837,True,True,False
24.68098783493042,forward_015,4.68098783493042,0.15,0.0,0.0,-0.954476934684399,-0.04363323129985824,-0.06763150851478027,2.07,0.25,6.36,0.9970000000000001,0.9809829592704773,0.14285714285714285,0.03222133219242096,1.0,1.0,7.6,0.837,True,True,False
24.701356887817383,forward_015,4.701356887817383,0.15,0.0,0.0,-0.3010692959690218,-0.3741549583962844,-0.8672104720846825,2.66,-3.0300000000000002,7.86,1.151,0.9848392605781555,0.14285714285714285,0.06772288680076599,1.0,1.0,7.6,0.837,True,True,False
24.72172737121582,forward_015,4.72172737121582,0.15,0.0,0.0,-0.2203478180642841,0.044724062082354694,-0.20616701789183017,2.66,-3.0300000000000002,7.86,0.9210000000000002,0.9769257307052612,0.14285714285714285,0.06453551538288593,1.0,1.0,7.6,0.837,True,True,False
24.74210023880005,forward_015,4.742100238800049,0.15,0.0,0.0,-0.008726646259971648,0.27598018797160334,-0.061086523819801536,2.66,-3.0300000000000002,7.86,0.767,0.9774693846702576,0.14285714285714285,0.04341878858394921,1.0,1.0,7.6,0.837,True,True,False
24.762468338012695,forward_015,4.762468338012695,0.15,0.0,0.0,0.4625122517784973,0.18871372537188688,-0.4232423436086249,4.69,-2.7,8.08,1.151,0.9804694056510925,0.14285714285714285,0.07242654077708721,1.0,1.0,7.8,0.357,True,True,False
24.783308506011963,forward_015,4.783308506011963,0.15,0.0,0.0,0.6086835766330224,0.22471114119426994,-0.044724062082354694,3.5100000000000002,-1.3900000000000001,7.6000000000000005,0.9210000000000002,0.9739390015602112,0.14285714285714285,0.07282930426299572,1.0,1.0,7.8,0.357,True,True,False
24.803690910339355,forward_015,4.8036909103393555,0.15,0.0,0.0,0.6141377305455047,0.2814343418840856,0.009817477042468103,3.17,-1.3800000000000001,7.72,0.9970000000000001,0.9738860130310059,0.07142857142857142,0.04389733728021383,1.0,1.0,7.8,0.357,True,True,False
24.824066877365112,forward_015,4.824066877365112,0.15,0.0,0.0,0.47778388273344774,0.21271200258680892,-0.0545415391248228,4.28,-0.74,9.39,0.9970000000000001,0.9765811562538147,0.14285714285714285,0.024357721209526062,1.0,1.0,7.8,0.357,True,True,False
24.84443974494934,forward_015,4.844439744949341,0.15,0.0,0.0,0.47778388273344774,0.15817046346198613,-0.06981317007977318,4.17,-1.08,8.78,0.6899999999999998,0.9735834002494812,0.14285714285714285,0.012391440570354462,1.0,1.0,7.8,0.357,True,True,False
24.864809274673462,forward_015,4.864809274673462,0.15,0.0,0.0,0.42978732830360367,0.1832595714594046,0.06435901616729091,3.39,-0.03,8.36,0.6899999999999998,0.9744454622268677,0.07142857142857142,0.024371638894081116,1.0,1.0,7.8,0.357,True,True,False
24.885176181793213,forward_015,4.885176181793213,0.15,0.0,0.0,0.3108867730114899,0.3174317577064687,0.10690141668465268,3.72,0.51,9.790000000000001,0.46,0.9728775024414062,0.14285714285714285,0.019317850470542908,1.0,1.0,7.8,0.357,True,True,False
24.90554976463318,forward_015,4.905549764633179,0.15,0.0,0.0,0.1341721862470641,0.28688849579656794,0.19525871006686563,3.47,0.41000000000000003,8.57,0.384,0.9717330932617188,0.14285714285714285,0.0167098231613636,1.0,1.0,7.8,0.357,True,True,False
24.92600440979004,forward_015,4.926004409790039,0.15,0.0,0.0,-0.031634092692397225,0.4385139745635753,0.28907015736156083,2.85,0.39,8.38,0.23,0.9705111980438232,0.07142857142857142,0.026651223190128803,1.0,1.0,7.8,0.357,True,True,False
24.94637155532837,forward_015,4.946371555328369,0.15,0.0,0.0,-0.16253378659197193,0.5726861608106394,0.2901609881440573,2.94,0.43,9.35,0.23,0.9692624807357788,0.07142857142857142,0.016277547925710678,1.0,1.0,7.8,0.357,True,True,False
24.966844081878662,forward_015,4.966844081878662,0.15,0.0,0.0,-0.19198621771937624,0.6108652381980153,0.17562375598192942,2.97,-0.35000000000000003,9.0,0.307,0.9730693101882935,0.07142857142857142,0.012612989638000727,1.0,1.0,7.9,0.188,True,True,False
24.987216234207153,forward_015,4.987216234207153,0.15,0.0,0.0,-0.23343778745424157,0.7068583470577035,0.0916297857297023,2.52,-0.75,8.66,0.23,0.9795792698860168,0.07142857142857142,0.02966702403500676,1.0,1.0,7.9,0.188,True,True,False
25.0075843334198,forward_015,5.0075843334198,0.15,0.0,0.0,-0.2279836335417593,0.7450374244450795,0.09817477042468103,2.34,-0.97,9.290000000000001,0.23,0.9817301630973816,0.07142857142857142,0.012310191988945007,1.0,1.0,7.9,0.188,True,True,False
25.028063535690308,forward_015,5.028063535690308,0.15,0.0,0.0,-0.1439896632895322,0.6981317007977318,0.06326818538479445,2.05,-0.72,8.76,0.384,0.9853433966636658,0.07142857142857142,0.014342483133077621,1.0,1.0,7.9,0.188,True,True,False
25.048444032669067,forward_015,5.048444032669067,0.15,0.0,0.0,-0.06435901616729091,0.7144941625351786,-0.061086523819801536,2.09,-1.12,8.39,0.614,0.9858589768409729,0.07142857142857142,0.018396873027086258,1.0,1.0,7.9,0.188,True,True,False
25.06893229484558,forward_015,5.068932294845581,0.15,0.0,0.0,0.08944812416470939,0.717766654882668,-0.2007128639793479,1.6500000000000001,-1.9000000000000001,9.34,0.6899999999999998,0.985063910484314,0.07142857142857142,0.033099912106990814,1.0,1.0,7.9,0.188,True,True,False
25.08930277824402,forward_015,5.0893027782440186,0.15,0.0,0.0,0.13744467859455345,0.605411084285533,-0.20398535632683726,1.6,-1.6,9.69,0.537,0.9816250801086426,0.14285714285714285,0.01859414577484131,1.0,1.0,7.9,0.188,True,True,False
25.10967779159546,forward_015,5.109677791595459,0.15,0.0,0.0,0.11671889372712078,0.5977752688080579,-0.05235987755982989,0.8300000000000001,-1.3900000000000001,8.75,0.614,0.9828117489814758,0.14285714285714285,0.04385931044816971,1.0,1.0,7.9,0.188,True,True,False
25.13003897666931,forward_015,5.1300389766693115,0.15,0.0,0.0,0.0,0.5497787143782138,0.25416357232167425,0.75,-0.77,9.39,0.844,0.9814862608909607,0.14285714285714285,0.031995827332139015,1.0,1.0,7.9,0.188,True,True,False
25.150516748428345,forward_015,5.150516748428345,0.15,0.0,0.0,-0.22252947962927702,0.5159629601208237,0.65558930028037,0.78,-0.2,8.85,0.9970000000000001,0.9844902753829956,0.14285714285714285,0.03125545347575098,1.0,1.0,7.9,0.188,True,True,False
25.17088556289673,forward_015,5.1708855628967285,0.15,0.0,0.0,-0.3043417883165112,0.4799655442984406,0.7308566242726255,0.54,0.65,8.49,1.304,0.9888170957565308,0.14285714285714285,0.015714004635810852,1.0,1.0,7.9,0.24500000000000002,True,True,False
25.191253185272217,forward_015,5.191253185272217,0.15,0.0,0.0,-0.41015237421866746,0.5552328682906961,0.7384924397501007,0.8200000000000001,0.51,9.39,1.151,0.9885385036468506,0.14285714285714285,0.020226746797561646,1.0,1.0,7.9,0.24500000000000002,True,True,False
25.211626768112183,forward_015,5.211626768112183,0.15,0.0,0.0,-0.40906154343617096,0.5923211148955756,0.5563236990731926,0.8200000000000001,0.51,9.39,0.9210000000000002,0.9898471832275391,0.14285714285714285,0.015357062220573425,1.0,1.0,7.9,0.24500000000000002,True,True,False
25.231984853744507,forward_015,5.231984853744507,0.15,0.0,0.0,-0.3839724354387525,0.5552328682906961,0.2879793265790644,0.8200000000000001,0.51,9.39,0.844,0.9892456531524658,0.14285714285714285,0.016227595508098602,1.0,1.0,7.9,0.24500000000000002,True,True,False
25.252461910247803,forward_015,5.252461910247803,0.15,0.0,0.0,-0.22689280275926285,0.5770494839406252,0.05890486225480862,0.8200000000000001,0.51,9.39,0.767,0.9870505928993225,0.14285714285714285,0.03528561443090439,1.0,1.0,7.9,0.24500000000000002,True,True,False
25.272831678390503,forward_015,5.272831678390503,0.15,0.0,0.0,-0.06544984694978735,0.543233729683235,-0.003272492347489368,1.18,-1.25,9.02,0.537,0.9830245971679688,0.14285714285714285,0.018247313797473907,1.0,1.0,7.9,0.24500000000000002,True,True,False
25.293368816375732,forward_015,5.293368816375732,0.15,0.0,0.0,0.002181661564992912,0.43196898986859655,-0.15489797111449674,1.19,-1.54,9.0,0.46,0.9835673570632935,0.14285714285714285,0.014731034636497498,1.0,1.0,7.9,0.24500000000000002,True,True,False
25.313730239868164,forward_015,5.313730239868164,0.15,0.0,0.0,0.04908738521234052,0.31852258848896514,-0.16144295580947549,1.34,-2.2800000000000002,8.790000000000001,0.614,0.983799159526825,0.14285714285714285,0.016586829908192158,1.0,1.0,7.9,0.24500000000000002,True,True,False
25.3341965675354,forward_015,5.3341965675354,0.15,0.0,0.0,0.11344640137963143,0.22907446432425577,0.13526301702956053,1.1300000000000001,-1.87,9.63,0.767,0.9837413430213928,0.14285714285714285,0.029671072959899902,1.0,1.0,7.9,0.24500000000000002,True,True,False
25.354564905166626,forward_015,5.354564905166626,0.15,0.0,0.0,0.1559888018969932,0.24216443371421323,0.5279620987282847,0.9400000000000001,-1.1500000000000001,9.22,0.537,0.9841282963752747,0.14285714285714285,0.03620064631104469,1.0,1.0,7.9,0.24500000000000002,True,True,False
25.374923944473267,forward_015,5.374923944473267,0.15,0.0,0.0,0.29561514205653955,0.13744467859455345,0.7275841319251362,0.42,-0.38,8.69,0.384,0.986458420753479,0.14285714285714285,0.025426149368286133,1.0,1.0,7.8,0.247,True,True,False
25.395281076431274,forward_015,5.395281076431274,0.15,0.0,0.0,0.29343348049154666,-0.008726646259971648,0.7941248096574199,0.42,-0.38,8.69,0.46,0.9859592914581299,0.14285714285714285,0.030622214078903198,1.0,1.0,7.8,0.247,True,True,False
25.415780544281006,forward_015,5.415780544281006,0.15,0.0,0.0,0.09053895494720585,0.17016960206944712,0.5563236990731926,0.75,-0.3,9.01,0.614,0.9842289090156555,0.14285714285714285,0.04496452957391739,1.0,1.0,7.8,0.247,True,True,False
25.436141967773438,forward_015,5.4361419677734375,0.15,0.0,0.0,-0.06217735460229799,0.19853120241435498,0.21271200258680892,0.75,0.34,9.24,0.767,0.9845075607299805,0.14285714285714285,0.040249649435281754,1.0,1.0,7.8,0.247,True,True,False
25.45652151107788,forward_015,5.456521511077881,0.15,0.0,0.0,-0.003272492347489368,0.28688849579656794,-0.037088246604879506,0.77,-0.35000000000000003,8.59,0.46,0.9843178391456604,0.14285714285714285,0.04907013475894928,1.0,1.0,7.8,0.247,True,True,False
25.477185487747192,forward_015,5.477185487747192,0.15,0.0,0.0,0.13744467859455345,0.2530727415391778,-0.10581058590215622,0.65,-0.72,8.86,0.767,0.9819232821464539,0.14285714285714285,0.08132811635732651,1.0,1.0,7.8,0.247,True,True,False
25.497556447982788,forward_015,5.497556447982788,0.15,0.0,0.0,0.2781618495365963,0.33597588100890846,-0.19962203319685143,0.65,-0.07,8.83,1.151,0.9795562624931335,0.14285714285714285,0.08504738658666611,1.0,1.0,7.8,0.247,True,True,False
25.518012046813965,forward_015,5.518012046813965,0.15,0.0,0.0,0.5006913291658733,0.3817907738737596,-0.48105637508093707,0.65,-0.07,8.83,1.304,0.9712488651275635,0.07142857142857142,0.043717317283153534,1.0,1.0,7.8,0.247,True,True,False
25.538389205932617,forward_015,5.538389205932617,0.15,0.0,0.0,0.8246680715673207,0.3785182815262702,-0.7788531787024695,0.65,-0.07,8.83,1.918,0.9592132568359375,0.07142857142857142,0.04799141734838486,1.0,1.0,7.8,0.247,True,True,False
25.558751583099365,forward_015,5.558751583099365,0.15,0.0,0.0,0.8323038870447959,0.11126473981463851,-1.205368014658584,0.65,-0.07,8.83,2.685,0.9559722542762756,0.07142857142857142,0.08888695109635592,1.0,1.0,7.8,0.247,True,True,False
25.579119205474854,forward_015,5.5791192054748535,0.15,0.0,0.0,0.770126532442498,0.017453292519943295,-1.5653421728824144,0.65,-0.07,8.83,2.608,0.9614667296409607,0.07142857142857142,0.11794962268322706,1.0,1.0,7.8,0.44600000000000006,True,True,False
25.600489854812622,forward_015,5.600489854812622,0.15,0.0,0.0,0.681769239060285,0.11235557059713497,-2.0060378090109827,0.9,0.88,7.24,1.688,0.9485666751861572,0.0,0.09297527372837067,1.0,1.0,7.8,0.44600000000000006,True,True,False
25.620861768722534,forward_015,5.620861768722534,0.15,0.0,0.0,0.4701480672559725,-0.12871803233458182,-2.073669317525763,-0.2,-1.21,7.17,1.074,0.968931257724762,0.14285714285714285,0.08110803738236427,1.0,1.0,7.8,0.44600000000000006,True,True,False
25.641397714614868,forward_015,5.641397714614868,0.15,0.0,0.0,-0.13853550937704992,-0.1407171709420428,-1.9264071618887413,-0.2,-1.21,7.17,1.304,0.9656089544296265,0.07142857142857142,0.05667392909526825,1.0,0.0,7.8,0.44600000000000006,True,True,False
25.661776304244995,forward_015,5.661776304244995,0.15,0.0,0.0,-0.3010692959690218,-0.22689280275926285,-1.054833366674073,-0.31,-1.92,5.2700000000000005,2.455,0.9851555824279785,0.07142857142857142,0.05974419042468071,1.0,0.0,7.8,0.44600000000000006,True,True,False
25.682156562805176,forward_015,5.682156562805176,0.15,0.0,0.0,-0.4636030825609938,-0.7504915783575618,0.2923426497090502,0.34,-1.37,5.25,2.455,0.9894819855690002,0.14285714285714285,0.08546078950166702,1.0,1.0,7.8,0.44600000000000006,True,True,False
25.702526569366455,forward_015,5.702526569366455,0.15,0.0,0.0,-1.030835089459151,-0.8650288105196896,1.3526301702956054,1.72,3.27,8.17,2.532,0.9863874912261963,0.07142857142857142,0.08925070939585567,1.0,1.0,7.8,0.44600000000000006,True,True,False
25.722898244857788,forward_015,5.722898244857788,0.15,0.0,0.0,-1.4028083862904424,-0.7930339788749234,1.0221084431991792,1.72,3.27,8.17,1.304,0.9829370975494385,0.14285714285714285,0.019146695733070374,1.0,1.0,7.8,0.44600000000000006,True,True,False
25.74327516555786,forward_015,5.743275165557861,0.15,0.0,0.0,-1.2337296150034918,-0.7952156404399164,0.22252947962927702,1.72,3.27,8.17,1.381,0.9731702208518982,0.14285714285714285,0.016534142196178436,1.0,1.0,7.8,0.44600000000000006,True,True,False
25.763651847839355,forward_015,5.7636518478393555,0.15,0.0,0.0,-0.9937468428542714,-0.2781618495365963,-0.5225079448158024,1.72,3.27,8.17,1.458,0.9839855432510376,0.14285714285714285,0.06408525118604302,0.0,1.0,7.8,0.44600000000000006,True,True,False
25.784024000167847,forward_015,5.784024000167847,0.15,0.0,0.0,-0.33597588100890846,-0.09381144729469522,-1.1017390903214206,1.72,3.27,8.17,1.381,0.9808824062347412,0.14285714285714285,0.05418886989355087,0.0,1.0,7.9,0.195,True,True,False
25.804392337799072,forward_015,5.804392337799072,0.15,0.0,0.0,0.33052172709642613,-0.3741549583962844,-2.255838058202671,2.2600000000000002,-0.99,5.23,0.9970000000000001,0.9848676919937134,0.14285714285714285,0.08810462988913059,1.0,1.0,7.9,0.195,True,True,False
25.824763774871826,forward_015,5.824763774871826,0.15,0.0,0.0,0.6261368691529657,-0.2814343418840856,-1.5053464798451093,3.58,-3.71,9.75,0.537,0.9838330745697021,0.14285714285714285,0.0603600456379354,1.0,1.0,7.9,0.195,True,True,False
25.845195055007935,forward_015,5.845195055007935,0.15,0.0,0.0,-0.0545415391248228,0.0,-1.0177451200691934,3.58,-3.71,9.75,0.614,0.9743872880935669,0.14285714285714285,0.03298938041552901,1.0,1.0,7.9,0.195,True,True,False
25.86564588546753,forward_015,5.865645885467529,0.15,0.0,0.0,-0.21162117180431245,0.2203478180642841,-0.46796640569097964,3.58,-3.71,9.75,0.9210000000000002,0.9717034697532654,0.14285714285714285,0.03080213675275445,1.0,1.0,7.9,0.195,True,True,False
25.886003971099854,forward_015,5.8860039710998535,0.15,0.0,0.0,0.34143003492139073,-0.025089107997418487,0.23125612588924865,3.58,-3.71,9.75,0.9970000000000001,0.9688645005226135,0.14285714285714285,0.03578156977891922,1.0,1.0,7.9,0.195,True,True,False
25.906465530395508,forward_015,5.906465530395508,0.15,0.0,0.0,0.4930555136883981,0.08835729338221293,0.7264933011426397,3.36,-2.66,8.47,0.767,0.9643604159355164,0.14285714285714285,0.017763197422027588,1.0,1.0,7.9,0.195,True,True,False
25.92682695388794,forward_015,5.9268269538879395,0.15,0.0,0.0,0.4461497900410505,0.3490658503988659,0.6588617926278594,2.6,0.02,7.45,0.767,0.9691521525382996,0.14285714285714285,0.04329337924718857,1.0,1.0,7.9,0.195,True,True,False
25.947210550308228,forward_015,5.9472105503082275,0.15,0.0,0.0,0.11671889372712078,0.36760997370130566,0.08290313946973066,1.01,-0.4,8.8,0.614,0.9802886843681335,0.14285714285714285,0.036709241569042206,1.0,1.0,7.9,0.195,True,True,False
25.967679738998413,forward_015,5.967679738998413,0.15,0.0,0.0,0.009817477042468103,0.15162547876700738,-0.11344640137963143,1.01,-0.4,8.8,0.537,0.9834108352661133,0.14285714285714285,0.027973182499408722,1.0,1.0,7.9,0.195,True,True,False
25.988045930862427,forward_015,5.988045930862427,0.15,0.0,0.0,0.009817477042468103,0.15162547876700738,-0.11344640137963143,0.27,-0.5,8.66,0.537,0.988591194152832,0.14285714285714285,0.0393136590719223,1.0,1.0,7.9,0.10200000000000001,True,True,False
26.0084171295166,forward_015,6.008417129516602,0.15,0.0,0.0,-0.06654067773228381,0.5759586531581288,0.05999569303730508,0.61,-0.2,8.61,0.614,0.987367570400238,0.14285714285714285,0.028568816371262074,1.0,1.0,7.9,0.10200000000000001,True,True,False
26.028903007507324,forward_015,6.028903007507324,0.15,0.0,0.0,-0.16471544815696484,0.9010262263420726,0.16035212502697901,0.61,-0.2,8.61,0.614,0.987031877040863,0.14285714285714285,0.0322615266777575,1.0,1.0,7.9,0.10200000000000001,True,True,False
26.049358129501343,forward_015,6.049358129501343,0.15,0.0,0.0,-0.2814343418840856,0.8443030256522569,0.29561514205653955,0.8300000000000001,-0.61,9.06,0.844,0.9857966899871826,0.14285714285714285,0.05667508393526077,1.0,1.0,7.9,0.10200000000000001,True,True,False
26.06972360610962,forward_015,6.069723606109619,0.15,0.0,0.0,-0.31634092692397225,0.978475211899321,0.3239767424014474,0.75,-1.4000000000000001,9.33,0.844,0.9821274280548096,0.14285714285714285,0.09998831432312727,1.0,1.0,7.9,0.10200000000000001,True,True,False
26.090197801589966,forward_015,6.090197801589966,0.15,0.0,0.0,-0.19634954084936207,1.0461067204141012,0.35452000431134817,0.75,-1.4000000000000001,9.33,0.767,0.9695910811424255,0.14285714285714285,0.08317116368561983,1.0,1.0,7.9,0.10200000000000001,True,True,False
26.110670566558838,forward_015,6.110670566558838,0.15,0.0,0.0,0.003272492347489368,1.0679233360640303,0.28361600344907856,0.75,-1.4000000000000001,9.33,1.227,0.9540792107582092,0.14285714285714285,0.04851006716489792,1.0,1.0,7.9,0.10200000000000001,True,True,False
26.13104224205017,forward_015,6.131042242050171,0.15,0.0,0.0,0.3119776037939864,1.117010721276371,0.10799224746714914,0.07,0.13,9.4,2.302,0.9484858512878418,0.0,0.06734892725944519,1.0,1.0,7.9,0.10200000000000001,True,True,False
26.15141463279724,forward_015,6.151414632797241,0.15,0.0,0.0,0.6392268385429232,1.1224648751888533,-0.3436116964863836,0.66,-4.04,8.34,2.532,0.9431295990943909,0.0,0.10860784072428942,1.0,1.0,7.9,0.10200000000000001,True,True,False
26.17179226875305,forward_015,6.171792268753052,0.15,0.0,0.0,0.9479319499894202,0.5759586531581288,-0.29888763440402893,0.66,-4.04,8.34,1.995,0.9417786002159119,0.0,0.15540249180048704,1.0,1.0,7.9,0.10200000000000001,True,True,False
26.192175149917603,forward_015,6.1921751499176025,0.15,0.0,0.0,1.0755591515415055,0.9173886880795195,0.0,0.66,-4.04,8.34,1.381,0.9266912341117859,0.0,0.09933941066265106,1.0,1.0,7.7,1.0910000000000002,True,True,False
26.21254324913025,forward_015,6.212543249130249,0.15,0.0,0.0,0.8148505945248526,0.37960911230876665,-0.2825251726665821,-1.16,-0.66,6.73,1.688,0.973767876625061,0.07142857142857142,0.06523805484175682,1.0,0.0,7.7,1.0910000000000002,True,True,False
26.232908487319946,forward_015,6.232908487319946,0.15,0.0,0.0,0.1810779098944117,0.3119776037939864,-0.23671027980173096,-1.61,-0.02,5.5200000000000005,1.381,0.969598650932312,0.14285714285714285,0.06330472230911255,1.0,0.0,7.7,1.0910000000000002,True,True,False
26.25335717201233,forward_015,6.253357172012329,0.15,0.0,0.0,-0.3327033886614191,-0.12980886311707826,0.3687008044838021,-1.06,0.42,9.58,1.995,0.991317629814148,0.07142857142857142,0.09990222938358784,1.0,0.0,7.7,1.0910000000000002,True,True,False
26.27372169494629,forward_015,6.273721694946289,0.15,0.0,0.0,-0.48978302134090873,-0.055632369907319255,0.9162978572970231,-0.97,-2.29,7.49,2.762,0.9898631572723389,0.14285714285714285,0.08741323836147785,1.0,0.0,7.7,1.0910000000000002,True,True,False
26.29418659210205,forward_015,6.294186592102051,0.15,0.0,0.0,-0.7384924397501007,-0.39924406639370286,1.3897184169004848,0.24,1.04,5.07,2.532,0.99117112159729,0.14285714285714285,0.10010480135679245,1.0,0.0,7.7,1.0910000000000002,True,True,False
26.31466579437256,forward_015,6.314665794372559,0.15,0.0,0.0,-0.9610219193793778,-0.5934119456780721,1.2380929381334775,0.15,2.25,9.07,1.995,0.995086669921875,0.14285714285714285,0.0337413027882576,1.0,0.0,7.7,1.0910000000000002,True,True,False
26.335145235061646,forward_015,6.3351452350616455,0.15,0.0,0.0,-1.2566370614359172,-0.1810779098944117,0.3981532356112064,0.15,2.25,9.07,1.381,0.9896296858787537,0.14285714285714285,0.052014425396919244,1.0,1.0,7.7,1.0910000000000002,True,True,False
26.355632305145264,forward_015,6.355632305145264,0.15,0.0,0.0,-1.646063650787152,0.4505131131710363,-1.347176016383123,0.15,2.25,9.07,1.381,0.9701094031333923,0.14285714285714285,0.12632651469903067,1.0,1.0,7.7,1.0910000000000002,True,True,False
26.376136302947998,forward_015,6.376136302947998,0.15,0.0,0.0,-0.4112432050011639,0.8530296719122286,-1.347176016383123,0.15,2.25,9.07,1.304,0.9648919701576233,0.07142857142857142,0.10917137935757637,1.0,1.0,7.7,1.0910000000000002,True,True,False
26.396504878997803,forward_015,6.396504878997803,0.15,0.0,0.0,0.35779249665883756,0.1341721862470641,-2.1849340573404015,0.9500000000000001,-6.51,5.55,1.151,0.9738549590110779,0.14285714285714285,0.06709281913936138,1.0,1.0,7.3,1.7340000000000002,True,True,False
26.416889667510986,forward_015,6.416889667510986,0.15,0.0,0.0,0.6283185307179586,0.4286964975211072,-1.6133387273122584,2.32,-2.41,6.7,0.767,0.9745519757270813,0.07142857142857142,0.06929923500865698,1.0,1.0,7.3,1.7340000000000002,True,True,False
26.437347650527954,forward_015,6.437347650527954,0.15,0.0,0.0,-0.4145156973486533,0.43196898986859655,-1.0330167510241437,2.32,-2.41,6.7,1.918,0.974821925163269,0.07142857142857142,0.04603984206914902,1.0,1.0,7.3,1.7340000000000002,True,True,False
26.45780873298645,forward_015,6.45780873298645,0.15,0.0,0.0,-0.6490443155853913,0.4385139745635753,0.013089969389957472,2.32,-2.41,6.7,1.688,0.9525673389434814,0.07142857142857142,0.045093849301338196,0.0,1.0,7.3,1.7340000000000002,True,True,False
26.478187322616577,forward_015,6.478187322616577,0.15,0.0,0.0,-0.41015237421866746,1.1071932442339028,1.014472627721704,-3.83,-4.09,5.3500000000000005,1.074,0.8670381903648376,0.0,0.25524816662073135,1.0,1.0,7.3,1.7340000000000002,True,True,False
26.49855399131775,forward_015,6.498553991317749,0.15,0.0,0.0,-0.05999569303730508,0.8312130562622995,1.2675453692608818,-3.83,-4.09,5.3500000000000005,0.614,0.9258935451507568,0.0,0.17854934511706233,1.0,1.0,7.3,1.7340000000000002,True,True,False
26.51892614364624,forward_015,6.51892614364624,0.15,0.0,0.0,-0.24652775684419906,0.954476934684399,0.8497571795647392,-3.83,-4.09,5.3500000000000005,0.6899999999999998,0.9749124646186829,0.07142857142857142,0.11628853948786855,0.0,1.0,7.3,1.7340000000000002,True,True,False
26.539294719696045,forward_015,6.539294719696045,0.15,0.0,0.0,-0.41233403578366035,1.301361123518272,0.4046982203061852,-1.11,0.32,4.62,1.534,0.8796302080154419,0.0,0.09577821753919125,0.0,1.0,7.3,1.7340000000000002,True,True,False
26.559778451919556,forward_015,6.559778451919556,0.15,0.0,0.0,-0.136353847812057,0.32834006553143325,0.385063266221249,-4.63,2.19,4.64,2.148,0.7622160315513611,0.0,0.10916837677359581,0.0,1.0,7.3,1.7340000000000002,True,True,False
26.580241918563843,forward_015,6.580241918563843,0.15,0.0,0.0,0.6108652381980153,0.11999138607461016,0.22143864884678055,-4.63,2.19,4.64,2.378,0.8357129693031311,0.0,0.04898311197757721,0.0,1.0,7.3,1.7340000000000002,True,True,False
26.60073208808899,forward_015,6.600732088088989,0.15,0.0,0.0,1.1235557059713497,-0.0719948316447661,-0.38069994309126315,-4.63,2.19,4.64,2.225,0.8924908638000488,0.0,0.0787395122461021,0.0,1.0,7.4,1.1549999999999998,True,True,False
26.621328830718994,forward_015,6.621328830718994,0.15,0.0,0.0,1.3089969389957472,-0.5923211148955756,0.5486878835957173,1.23,-4.54,4.97,2.071,0.9483146071434021,0.0,0.14476947113871574,0.0,1.0,7.4,1.1549999999999998,True,True,False
26.641695022583008,forward_015,6.641695022583008,0.15,0.0,0.0,1.3940817400304708,-0.8355763793922852,0.9413869652944415,-2.72,-1.6600000000000001,3.42,1.151,0.9712087512016296,0.14285714285714285,0.08118515647947788,0.0,1.0,7.4,1.1549999999999998,True,True,False
26.66215205192566,forward_015,6.662152051925659,0.15,0.0,0.0,1.2959069696057897,-0.9293878266869805,0.8410305333047675,-2.2800000000000002,-0.73,4.36,1.151,0.967616856098175,0.07142857142857142,0.06882896646857262,1.0,1.0,7.4,1.1549999999999998,True,True,False
26.68252396583557,forward_015,6.682523965835571,0.15,0.0,0.0,1.3046336158657614,-1.030835089459151,0.8203047484373349,-1.27,-1.46,8.99,1.227,0.9577686786651611,0.14285714285714285,0.057265229523181915,1.0,1.0,7.4,1.1549999999999998,True,True,False
26.702892780303955,forward_015,6.702892780303955,0.15,0.0,0.0,0.5268712679457882,-0.4461497900410505,1.0602875205865552,-1.27,-1.46,8.99,1.381,0.9686779379844666,0.07142857142857142,0.1675119698047638,1.0,1.0,7.4,1.1549999999999998,True,True,False
26.72326421737671,forward_015,6.723264217376709,0.15,0.0,0.0,-0.1090830782496456,0.2596177262341565,0.10799224746714914,-3.13,4.79,6.33,1.227,0.986494243144989,0.21428571428571427,0.10862332582473755,1.0,1.0,7.4,1.1549999999999998,True,True,False
26.743624925613403,forward_015,6.743624925613403,0.15,0.0,0.0,0.06326818538479445,-0.4145156973486533,-0.7755806863549802,-2.5500000000000003,6.73,8.32,1.074,0.987341582775116,0.14285714285714285,0.1501505896449089,1.0,0.0,7.4,1.1549999999999998,True,True,False
26.76399278640747,forward_015,6.763992786407471,0.15,0.0,0.0,-0.006544984694978736,0.14944381720201447,-0.45705809786601503,0.0,-0.14,3.37,1.304,0.9814401865005493,0.07142857142857142,0.05919475853443146,1.0,0.0,7.4,1.1549999999999998,True,True,False
26.784367322921753,forward_015,6.784367322921753,0.15,0.0,0.0,-0.4439681284760576,-0.29561514205653955,-0.1439896632895322,1.58,0.61,5.89,2.532,0.9893307685852051,0.07142857142857142,0.10605187714099884,1.0,0.0,7.4,1.1549999999999998,True,True,False
26.80473494529724,forward_015,6.804734945297241,0.15,0.0,0.0,-0.533416252640767,-0.24980024919168842,0.6534076387153771,0.37,-0.02,9.41,2.915,0.9948882460594177,0.14285714285714285,0.059083376079797745,1.0,0.0,7.9,0.28700000000000003,True,True,False
26.82510209083557,forward_015,6.825102090835571,0.15,0.0,0.0,-0.7188574856651645,-0.31525009614147576,1.213003830136059,-0.37,2.25,5.67,2.915,0.9959423542022705,0.14285714285714285,0.07788426766637713,1.0,0.0,7.9,0.28700000000000003,True,True,False
26.845541954040527,forward_015,6.845541954040527,0.15,0.0,0.0,-1.0701049976290233,-0.8366672101747817,1.10501158266891,-0.37,2.25,5.67,2.455,0.994884192943573,0.14285714285714285,0.06816076440736651,1.0,0.0,7.9,0.28700000000000003,True,True,False
26.865928173065186,forward_015,6.8659281730651855,0.15,0.0,0.0,-1.4628040793277475,-1.213003830136059,0.2628902185816459,3.83,5.09,7.54,1.458,0.9546602964401245,0.07142857142857142,0.1875181682407856,1.0,1.0,7.9,0.28700000000000003,True,True,False
26.88630509376526,forward_015,6.886305093765259,0.15,0.0,0.0,-1.8685931304164292,-0.6992225315802283,-0.8497571795647392,3.83,5.09,7.54,1.381,0.9661505222320557,0.14285714285714285,0.13117064163088799,1.0,1.0,7.9,0.28700000000000003,True,True,False
26.906672477722168,forward_015,6.906672477722168,0.15,0.0,0.0,-1.7267851286918898,0.11562806294462433,-1.1540989678812503,3.83,5.09,7.54,1.6110000000000002,0.9659580588340759,0.07142857142857142,0.06507673487067223,1.0,1.0,7.9,0.28700000000000003,True,True,False
26.92703938484192,forward_015,6.927039384841919,0.15,0.0,0.0,-1.7267851286918898,0.11562806294462433,-1.1540989678812503,3.83,5.09,7.54,1.534,0.9636588096618652,0.07142857142857142,0.03216571733355522,1.0,1.0,7.9,0.28700000000000003,True,True,False
26.947428464889526,forward_015,6.947428464889526,0.15,0.0,0.0,-1.7267851286918898,0.11562806294462433,-1.1540989678812503,0.4,-6.72,4.37,1.227,0.9801754355430603,0.07142857142857142,0.06021327152848244,1.0,1.0,7.9,0.28700000000000003,True,True,False
26.967796325683594,forward_015,6.967796325683594,0.15,0.0,0.0,0.2203478180642841,0.09926560120717749,-1.8096882681616204,0.5,-0.1,5.76,0.767,0.9896988272666931,0.14285714285714285,0.08107859082520008,1.0,1.0,7.9,0.28700000000000003,True,True,False
26.988336324691772,forward_015,6.9883363246917725,0.15,0.0,0.0,-0.28579766501407144,0.09926560120717749,-1.7616917137317765,0.5,-0.1,5.76,0.614,0.9896708130836487,0.14285714285714285,0.04379961080849171,1.0,1.0,7.9,0.28700000000000003,True,True,False
27.00870108604431,forward_015,7.0087010860443115,0.15,0.0,0.0,0.028361600344907856,-0.23561944901923448,-0.46142142099600086,0.5,-0.1,5.76,0.384,0.9889602661132812,0.14285714285714285,0.07096334733068943,1.0,1.0,7.8,0.129,True,True,False
27.029062271118164,forward_015,7.029062271118164,0.15,0.0,0.0,-0.14726215563702155,0.2181661564992912,0.8693921336496754,-1.24,-1.93,8.72,0.537,0.9854257702827454,0.14285714285714285,0.12200605496764183,1.0,1.0,7.8,0.129,True,True,False
27.049574613571167,forward_015,7.049574613571167,0.15,0.0,0.0,0.05126904677733343,0.3567016658763411,0.9075712110370514,-1.24,-1.93,8.72,0.384,0.9862286448478699,0.21428571428571427,0.01728050410747528,1.0,1.0,7.8,0.129,True,True,False
27.069931268692017,forward_015,7.069931268692017,0.15,0.0,0.0,-0.013089969389957472,0.6468626540203984,0.5563236990731926,-0.92,-0.6900000000000001,7.75,0.46,0.9873510599136353,0.21428571428571427,0.0598360113799572,1.0,1.0,7.8,0.129,True,True,False
27.090461015701294,forward_015,7.090461015701294,0.15,0.0,0.0,0.08508480103472356,0.7952156404399164,0.32615840396644036,-0.32,-1.5,7.34,0.844,0.9905275702476501,0.14285714285714285,0.07833441626280546,1.0,1.0,7.8,0.129,True,True,False
27.110827207565308,forward_015,7.110827207565308,0.15,0.0,0.0,0.17671458676442586,1.1442814908387824,0.30325095753401476,-0.32,-1.5,7.34,0.9210000000000002,0.9882363677024841,0.14285714285714285,0.09535956103354692,1.0,1.0,7.8,0.129,True,True,False
27.131306409835815,forward_015,7.131306409835815,0.15,0.0,0.0,0.015271630954950384,1.3024519543007684,0.10035643198967395,-1.19,-1.98,9.71,1.074,0.9834884405136108,0.14285714285714285,0.18050648272037506,1.0,1.0,7.8,0.129,True,True,False
27.15166473388672,forward_015,7.151664733886719,0.15,0.0,0.0,-0.08944812416470939,1.2042771838760873,0.272707695624114,-1.46,-1.59,7.3,0.9970000000000001,0.9509464502334595,0.07142857142857142,0.055800482630729675,1.0,1.0,7.8,0.129,True,True,False
27.172026872634888,forward_015,7.172026872634888,0.15,0.0,0.0,0.13853550937704992,1.1802789066611654,0.6730425928003133,-2.14,-0.07,8.48,1.841,0.955005943775177,0.07142857142857142,0.05338607728481292,0.0,1.0,7.8,0.129,True,True,False
27.19239640235901,forward_015,7.192396402359009,0.15,0.0,0.0,0.38724492778624187,1.10501158266891,0.49414634447089456,-2.14,-0.07,8.48,2.225,0.966275155544281,0.07142857142857142,0.07092283293604851,1.0,1.0,7.8,0.129,True,True,False
27.2127628326416,forward_015,7.212762832641602,0.15,0.0,0.0,0.7155849933176751,0.9381144729469522,0.45487643630102215,-3.59,-2.16,9.44,3.069,0.9675340056419373,0.07142857142857142,0.014011412858963013,1.0,1.0,7.0,2.771,True,True,False
27.233123540878296,forward_015,7.233123540878296,0.15,0.0,0.0,1.2533645690884279,0.4014257279586958,0.009817477042468103,-3.59,-2.16,9.44,2.685,0.955572247505188,0.07142857142857142,0.08059465512633324,1.0,1.0,7.0,2.771,True,True,False
27.25349736213684,forward_015,7.253497362136841,0.15,0.0,0.0,1.347176016383123,0.4636030825609938,-0.5039638215133626,-3.68,0.8,8.57,1.995,0.9354978799819946,0.0,0.1977722868323326,1.0,1.0,7.0,2.771,True,True,False
27.273855924606323,forward_015,7.273855924606323,0.15,0.0,0.0,1.177006414313676,0.3839724354387525,-1.3340860469931657,-2.44,0.54,8.5,1.688,0.9418700337409973,0.0,0.15657003596425056,1.0,1.0,7.0,2.771,True,True,False
27.294222593307495,forward_015,7.294222593307495,0.15,0.0,0.0,1.1617347833587257,0.4690572364734761,-1.457349925415265,-2.68,0.11,6.7,1.151,0.9599500894546509,0.07142857142857142,0.12112382426857948,1.0,0.0,7.0,2.771,True,True,False
27.314589023590088,forward_015,7.314589023590088,0.15,0.0,0.0,0.7134033317526822,0.31634092692397225,-1.0101093045917182,-1.98,-0.7000000000000001,7.5600000000000005,1.074,0.95844966173172,0.07142857142857142,0.05082044005393982,1.0,0.0,7.0,2.771,True,True,False
27.334956169128418,forward_015,7.334956169128418,0.15,0.0,0.0,0.2454369260617026,-0.3174317577064687,0.09708393964218458,-2.11,-1.02,5.13,2.148,0.9672684073448181,0.07142857142857142,0.08370333723723888,1.0,0.0,7.0,2.771,True,True,False
27.355322122573853,forward_015,7.3553221225738525,0.15,0.0,0.0,-0.44724062082354693,-0.755945732270044,1.0853766285839737,-1.74,-0.61,8.13,2.378,0.9911908507347107,0.21428571428571427,0.1873030737042427,1.0,0.0,7.0,2.771,True,True,False
27.375678539276123,forward_015,7.375678539276123,0.15,0.0,0.0,-1.1290098598838318,-0.5846852994181004,1.9842211933610534,-4.18,3.96,6.75,3.299,0.9862477779388428,0.2857142857142857,0.11062203906476498,1.0,0.0,7.0,2.771,True,True,False
27.39604926109314,forward_015,7.39604926109314,0.15,0.0,0.0,-1.5195272800175632,-1.0493792127615906,1.0133817969392076,-4.18,3.96,6.75,2.8389999999999995,0.9916542768478394,0.14285714285714285,0.10159056261181831,1.0,0.0,7.0,2.771,True,True,False
27.416429042816162,forward_015,7.416429042816162,0.15,0.0,0.0,-1.7758725139042304,-0.6512259771503842,-0.18871372537188688,-0.9,7.15,8.0,2.532,0.9815962910652161,0.14285714285714285,0.07991042733192444,1.0,0.0,7.4,1.155,True,True,False
27.43679976463318,forward_015,7.436799764633179,0.15,0.0,0.0,-1.7038776822594641,-1.0341075818066403,-1.0821041362364843,-1.47,2.57,7.86,1.918,0.9910727739334106,0.14285714285714285,0.09424072876572609,1.0,1.0,7.4,1.155,True,True,False
27.457366228103638,forward_015,7.457366228103638,0.15,0.0,0.0,-1.6002487579223008,-0.27379852640661045,-1.2828170002158321,-0.66,-3.49,9.46,1.765,0.9826576113700867,0.14285714285714285,0.08278857544064522,1.0,1.0,7.4,1.155,True,True,False
27.47773551940918,forward_015,7.47773551940918,0.15,0.0,0.0,0.018544123302439753,0.07308566242726255,-0.8955720724295904,-0.66,-3.49,9.46,1.6110000000000002,0.988524854183197,0.14285714285714285,0.10068287700414658,1.0,1.0,7.4,1.155,True,True,False
27.498188972473145,forward_015,7.4981889724731445,0.15,0.0,0.0,0.39924406639370286,-0.8606654873897037,-1.3439035240356338,-1.2,-3.92,7.59,0.844,0.9928872585296631,0.14285714285714285,0.10671527311205864,1.0,1.0,7.4,1.155,True,True,False
27.518552780151367,forward_015,7.518552780151367,0.15,0.0,0.0,0.6948592084502424,-0.17016960206944712,-0.6784967467127956,2.84,-1.23,7.71,0.767,0.978580892086029,0.14285714285714285,0.10225046053528786,1.0,1.0,7.4,1.155,True,True,False
27.538918018341064,forward_015,7.5389180183410645,0.15,0.0,0.0,-0.0272707695624114,0.581412807070611,-0.5279620987282847,2.84,-1.23,7.71,0.6899999999999998,0.9789603352546692,0.07142857142857142,0.10591380670666695,1.0,1.0,7.4,1.155,True,True,False
27.55928635597229,forward_015,7.55928635597229,0.15,0.0,0.0,0.05999569303730508,0.3337942194439155,-0.2814343418840856,2.84,-1.23,7.71,0.537,0.9796697497367859,0.07142857142857142,0.07615700736641884,1.0,1.0,7.4,1.155,True,True,False
27.57964253425598,forward_015,7.5796425342559814,0.15,0.0,0.0,0.01090830782496456,0.3752457891787809,-0.0719948316447661,-0.53,-1.58,8.34,0.614,0.9870807528495789,0.14285714285714285,0.12946444936096668,1.0,1.0,7.4,1.155,True,True,False
27.600008964538574,forward_015,7.600008964538574,0.15,0.0,0.0,0.14835298641951802,0.4286964975211072,0.07308566242726255,-0.53,-1.58,8.34,0.9970000000000001,0.9863756895065308,0.14285714285714285,0.041331201791763306,1.0,1.0,7.4,1.155,True,True,False
27.62037992477417,forward_015,7.62037992477417,0.15,0.0,0.0,0.07744898555724837,0.433059820651093,-0.09817477042468103,-0.53,-1.58,8.34,0.6899999999999998,0.9851894974708557,0.14285714285714285,0.13709538208786398,1.0,0.0,7.7,0.669,True,True,False
27.64139699935913,forward_015,7.641396999359131,0.15,0.0,0.0,-0.19198621771937624,0.6872233929727672,-0.34033920413889424,-3.6,0.9,7.6000000000000005,0.537,0.9925571084022522,0.14285714285714285,0.08357683941721916,1.0,1.0,7.7,0.669,True,True,False
27.66176152229309,forward_015,7.661761522293091,0.15,0.0,0.0,-0.4908738521234052,0.5475970528132209,-0.4166973589136462,-3.36,-1.01,8.22,0.767,0.9927041530609131,0.14285714285714285,0.06165708415210247,1.0,1.0,7.7,0.669,True,True,False
27.68212890625,forward_015,7.68212890625,0.15,0.0,0.0,-0.5857761302005968,0.4079707126536745,-0.21925698728178766,-1.59,-0.75,8.33,0.767,0.985893964767456,0.14285714285714285,0.15394648490473628,0.0,1.0,7.7,0.669,True,True,False
27.702487468719482,forward_015,7.702487468719482,0.15,0.0,0.0,-0.25634523388666713,0.6141377305455047,0.19744037163185854,-2.86,-1.77,6.55,1.074,0.9815607070922852,0.14285714285714285,0.10806377604603767,0.0,1.0,7.7,0.669,True,True,False
27.72285556793213,forward_015,7.722855567932129,0.15,0.0,0.0,0.2399827721492203,0.4657847441259867,0.6217735460229799,-2.7800000000000002,-3.5,8.21,1.765,0.9752746224403381,0.14285714285714285,0.07805944234132767,0.0,1.0,7.7,0.669,True,True,False
27.74322533607483,forward_015,7.743225336074829,0.15,0.0,0.0,0.5366887449882564,0.543233729683235,0.41233403578366035,-2.7800000000000002,-3.5,8.21,1.918,0.970624566078186,0.07142857142857142,0.030379630625247955,0.0,1.0,7.7,0.669,True,True,False
27.763596534729004,forward_015,7.763596534729004,0.15,0.0,0.0,0.8333947178272924,0.6501351463678877,0.10799224746714914,-2.7800000000000002,-3.5,8.21,3.145,0.9718577861785889,0.07142857142857142,0.06808456964790821,0.0,1.0,7.7,0.669,True,True,False
27.784103870391846,forward_015,7.784103870391846,0.15,0.0,0.0,0.8333947178272924,0.6501351463678877,0.10799224746714914,-2.7800000000000002,-3.5,8.21,3.6060000000000003,0.965427041053772,0.07142857142857142,0.04962143115699291,1.0,1.0,7.7,0.669,True,True,False
27.804465532302856,forward_015,7.8044655323028564,0.15,0.0,0.0,1.3308135546456763,0.16471544815696484,-0.27052603405912107,-2.45,-2.25,7.78,2.685,0.94046950340271,0.0,0.09753314033150673,1.0,1.0,7.7,0.669,True,True,False
27.824996948242188,forward_015,7.8249969482421875,0.15,0.0,0.0,1.756237559819294,-0.38069994309126315,-0.1734420944169365,-1.26,-3.06,6.68,1.688,0.9278424382209778,0.0,0.18115560337901115,1.0,1.0,7.6,1.1300000000000001,True,True,False
27.84536337852478,forward_015,7.84536337852478,0.15,0.0,0.0,1.4769848795002014,-0.29343348049154666,-0.17562375598192942,-1.26,-3.06,6.68,1.841,0.9701563119888306,0.07142857142857142,0.06411027163267136,1.0,1.0,7.6,1.1300000000000001,True,True,False
27.865732431411743,forward_015,7.865732431411743,0.15,0.0,0.0,1.1071932442339028,0.20398535632683726,-1.545707218797478,-4.93,0.36,6.22,1.151,0.9768022894859314,0.07142857142857142,0.2026602402329445,1.0,0.0,7.6,1.1300000000000001,True,True,False
27.88611149787903,forward_015,7.886111497879028,0.15,0.0,0.0,1.1442814908387824,-0.32070425005395803,-1.8325957145940461,-2.7,0.71,5.94,1.6110000000000002,0.9568921327590942,0.07142857142857142,0.05434991978108883,1.0,0.0,7.6,1.1300000000000001,True,True,False
27.90656614303589,forward_015,7.906566143035889,0.15,0.0,0.0,0.6894050545377601,-0.1930770485018727,-1.3035427850832648,2.6,-1.0,7.87,2.071,0.9637654423713684,0.07142857142857142,0.10852107778191566,1.0,0.0,7.6,1.1300000000000001,True,True,False
27.926936149597168,forward_015,7.926936149597168,0.15,0.0,0.0,0.2519819107566813,-0.3534291735288517,-0.7068583470577035,-1.11,-0.42,4.69,2.455,0.9878407716751099,0.14285714285714285,0.07803615182638168,1.0,0.0,7.6,1.1300000000000001,True,True,False
27.947296857833862,forward_015,7.947296857833862,0.15,0.0,0.0,-0.3141592653589793,-0.7014041931452212,0.16798794050445423,-2.99,0.64,7.390000000000001,2.992,0.995363712310791,0.21428571428571427,0.053199220448732376,1.0,0.0,7.6,1.1300000000000001,True,True,False
27.96766448020935,forward_015,7.967664480209351,0.15,0.0,0.0,-0.928296995904484,-0.5683228376806536,1.1377365061438036,-2.88,0.42,5.21,2.378,0.9894022941589355,0.14285714285714285,0.09183779545128345,1.0,0.0,7.6,1.1300000000000001,True,True,False
27.988643646240234,forward_015,7.988643646240234,0.15,0.0,0.0,-1.2740903539558606,-1.0602875205865552,0.7984881327874057,-2.88,0.42,5.21,1.6110000000000002,0.9957367777824402,0.14285714285714285,0.050465840846300125,1.0,1.0,7.6,1.1300000000000001,True,True,False
28.00900173187256,forward_015,8.009001731872559,0.15,0.0,0.0,-1.461713248545251,-0.6828600698427815,0.025089107997418487,-1.1,8.24,7.7700000000000005,1.227,0.9885290265083313,0.14285714285714285,0.044150181114673615,1.0,1.0,7.6,1.1300000000000001,True,True,False
28.029371738433838,forward_015,8.029371738433838,0.15,0.0,0.0,-1.4693490640227262,-0.8813912722571364,-0.9588402578143848,-2.7600000000000002,4.4,7.78,1.688,0.989331841468811,0.14285714285714285,0.07248796243220568,1.0,1.0,7.8,0.38100000000000006,True,True,False
28.049766540527344,forward_015,8.049766540527344,0.15,0.0,0.0,-1.2740903539558606,-0.11344640137963143,-1.6111570657472654,-2.7600000000000002,4.4,7.78,1.688,0.9867010712623596,0.2857142857142857,0.13172063324600458,1.0,1.0,7.8,0.38100000000000006,True,True,False
28.070130825042725,forward_015,8.070130825042725,0.15,0.0,0.0,0.17889624832941878,0.8573929950422144,-1.0821041362364843,-2.24,-1.46,3.93,0.9970000000000001,0.9652449488639832,0.21428571428571427,0.13603984471410513,1.0,1.0,7.8,0.38100000000000006,True,True,False
28.090497255325317,forward_015,8.090497255325317,0.15,0.0,0.0,0.5803219762881145,-0.34470252726888007,-1.8991363923263298,4.16,-0.2,9.56,0.537,0.9768577814102173,0.07142857142857142,0.19233765453100204,1.0,1.0,7.8,0.38100000000000006,True,True,False
28.11085057258606,forward_015,8.11085057258606,0.15,0.0,0.0,0.6959500392327389,0.11017390903214205,-1.7595100521667835,-0.46,-4.34,8.59,1.381,0.9889481067657471,0.07142857142857142,0.12893475964665413,1.0,1.0,7.8,0.38100000000000006,True,True,False
28.131223440170288,forward_015,8.131223440170288,0.15,0.0,0.0,-0.011999138607461015,0.7079491778402,-1.50207398749762,-0.46,-4.34,8.59,1.688,0.9732584357261658,0.07142857142857142,0.09018912352621555,1.0,1.0,7.8,0.38100000000000006,True,True,False
28.15165662765503,forward_015,8.15165662765503,0.15,0.0,0.0,-0.2552544031041707,0.5465062220307244,-0.5312345910757741,-0.46,-4.34,8.59,0.9970000000000001,0.9748221635818481,0.14285714285714285,0.0935278544202447,1.0,1.0,7.8,0.38100000000000006,True,True,False
28.1720290184021,forward_015,8.1720290184021,0.15,0.0,0.0,-0.3785182815262702,1.3220869083857045,0.5465062220307244,-5.03,-2.35,7.11,0.614,0.8867297172546387,0.0,0.2836398780345917,1.0,1.0,7.8,0.38100000000000006,True,True,False
28.19239091873169,forward_015,8.19239091873169,0.15,0.0,0.0,-0.4701480672559725,0.7352199474026113,0.9250245035569946,-5.03,-2.35,7.11,0.6899999999999998,0.9461185336112976,0.0,0.23730536550283432,1.0,1.0,7.8,0.38100000000000006,True,True,False
28.21275234222412,forward_015,8.212752342224121,0.15,0.0,0.0,-0.4690572364734761,0.7134033317526822,0.8443030256522569,-0.13,-1.73,7.15,0.9210000000000002,0.874392569065094,0.0,0.06374671310186386,0.0,1.0,7.8,0.38100000000000006,True,True,False
28.233189821243286,forward_015,8.233189821243286,0.15,0.0,0.0,-0.657770961845363,0.9773843811168246,0.7810348402674625,-5.08,1.92,7.98,1.458,0.9124390482902527,0.0,0.1083107478916645,0.0,1.0,6.6,4.236,True,True,False
28.25355553627014,forward_015,8.253555536270142,0.15,0.0,0.0,-0.5181446216858165,0.3392483733563978,0.5628686837681712,-3.0500000000000003,-0.02,8.1,2.302,0.8096060752868652,0.0,0.12019877508282661,0.0,1.0,6.6,4.236,True,True,False
28.27393341064453,forward_015,8.273933410644531,0.15,0.0,0.0,0.4276056667386107,0.031634092692397225,-0.1461713248545251,-3.0500000000000003,-0.02,8.1,2.302,0.9320498704910278,0.0,0.06571126921335235,0.0,1.0,6.6,4.236,True,True,False
28.29430055618286,forward_015,8.294300556182861,0.15,0.0,0.0,1.050470043544087,-0.04036073895236887,-0.7090400086226963,-3.0500000000000003,-0.02,8.1,3.069,0.9709355235099792,0.07142857142857142,0.08717594901099801,0.0,1.0,6.6,4.236,True,True,False
28.31466054916382,forward_015,8.314660549163818,0.15,0.0,0.0,1.1900963837036334,-0.17235126363444003,-0.5181446216858165,-3.0500000000000003,-0.02,8.1,2.685,0.9808242917060852,0.07142857142857142,0.039854610338807106,0.0,1.0,6.6,4.236,True,True,False
28.335026025772095,forward_015,8.335026025772095,0.15,0.0,0.0,1.6209745427897335,-0.6610434541928523,0.5617778529856748,-0.53,-4.14,6.08,1.995,0.9532576203346252,0.07142857142857142,0.06148674339056015,1.0,1.0,6.6,4.236,True,True,False
28.35538959503174,forward_015,8.355389595031738,0.15,0.0,0.0,1.6417003276571662,-0.856302164259718,0.4559672670835186,-2.17,-3.64,6.65,1.534,0.943191647529602,0.0,0.13095011189579964,1.0,1.0,6.6,4.236,True,True,False
28.37582278251648,forward_015,8.37582278251648,0.15,0.0,0.0,1.6438819892221592,-0.9010262263420726,0.6065019150680295,-2.54,-2.41,7.62,1.6110000000000002,0.9596869945526123,0.14285714285714285,0.10208352282643318,1.0,1.0,6.6,4.236,True,True,False
28.39623212814331,forward_015,8.39623212814331,0.15,0.0,0.0,1.4148075248979033,-0.8552113334772214,1.2282754610910094,-2.54,-2.41,7.62,1.151,0.9734074473381042,0.14285714285714285,0.06086939573287964,1.0,0.0,6.6,4.236,True,True,False
28.41670322418213,forward_015,8.416703224182129,0.15,0.0,0.0,0.4265148359561143,0.2596177262341565,0.14944381720201447,-3.86,-0.99,9.03,1.381,0.9808123707771301,0.14285714285714285,0.10972364246845245,1.0,0.0,6.6,4.236,True,True,False
28.43720316886902,forward_015,8.437203168869019,0.15,0.0,0.0,0.1538071403320003,-0.3076142806640006,-0.27598018797160334,-1.56,6.71,2.62,2.225,0.9931589961051941,0.14285714285714285,0.13505851477384567,1.0,0.0,7.7,0.9090000000000001,True,True,False
28.457568883895874,forward_015,8.457568883895874,0.15,0.0,0.0,0.21162117180431245,-0.2716168648416175,-0.4788747135159442,-0.14,0.25,5.98,2.455,0.9924125075340271,0.07142857142857142,0.1515551060438156,1.0,0.0,7.7,0.9090000000000001,True,True,False
28.477948427200317,forward_015,8.477948427200317,0.15,0.0,0.0,-0.026179938779914945,0.36106498900632694,0.0818123086872342,-3.69,-0.68,5.65,2.532,0.982599139213562,0.2857142857142857,0.16563373059034348,1.0,0.0,7.7,0.9090000000000001,True,True,False
28.498322248458862,forward_015,8.498322248458862,0.15,0.0,0.0,-0.22907446432425577,0.17453292519943295,0.4854196982109229,-3.0500000000000003,5.47,7.84,2.302,0.9742782115936279,0.21428571428571427,0.04782388359308243,1.0,0.0,7.7,0.9090000000000001,True,True,False
28.51868748664856,forward_015,8.51868748664856,0.15,0.0,0.0,-0.27707101875409984,-0.01090830782496456,0.3272492347489368,-1.29,2.12,9.21,2.532,0.9748232364654541,0.14285714285714285,0.0307583287358284,1.0,0.0,7.7,0.9090000000000001,True,True,False
28.539205074310303,forward_015,8.539205074310303,0.15,0.0,0.0,-0.47669305195095124,0.026179938779914945,0.41560652813114973,-1.6500000000000001,1.48,7.29,2.071,0.9819416403770447,0.07142857142857142,0.06275876658037305,1.0,0.0,7.7,0.9090000000000001,True,True,False
28.559566974639893,forward_015,8.559566974639893,0.15,0.0,0.0,-0.8181230868723419,-0.031634092692397225,0.1810779098944117,-1.19,4.43,9.040000000000001,2.455,0.975195050239563,0.07142857142857142,0.02906785160303116,1.0,0.0,7.7,0.9090000000000001,True,True,False
28.579940795898438,forward_015,8.579940795898438,0.15,0.0,0.0,-1.1519173063162575,-0.06544984694978735,-0.4079707126536745,-1.19,4.43,9.040000000000001,1.995,0.9648252725601196,0.14285714285714285,0.03370484709739685,1.0,1.0,7.7,0.9090000000000001,True,True,False
28.600311040878296,forward_015,8.600311040878296,0.15,0.0,0.0,-1.696241866781989,-0.001090830782496456,-0.6981317007977318,-4.09,1.72,4.73,1.381,0.9575892686843872,0.14285714285714285,0.045426271855831146,1.0,1.0,7.7,0.9090000000000001,True,True,False
28.62078356742859,forward_015,8.620783567428589,0.15,0.0,0.0,-1.88059226902389,-0.35452000431134817,-0.6970408700152354,-4.16,2.5,9.53,0.9210000000000002,0.9638945460319519,0.07142857142857142,0.07303792238235474,1.0,1.0,7.7,0.9090000000000001,True,True,False
28.641161918640137,forward_015,8.641161918640137,0.15,0.0,0.0,-1.3668109704680593,0.21271200258680892,-0.6479534848028948,-4.16,2.5,9.53,1.227,0.9669493436813354,0.07142857142857142,0.06921283155679703,1.0,1.0,7.8,0.345,True,True,False
28.662598848342896,forward_015,8.662598848342896,0.15,0.0,0.0,-0.7144941625351786,0.7472190860100724,0.2181661564992912,-5.0200000000000005,0.76,7.0600000000000005,1.151,0.9449735283851624,0.0,0.121950414031744,0.0,1.0,7.8,0.345,True,True,False
28.68298053741455,forward_015,8.68298053741455,0.15,0.0,0.0,-0.6861325621902709,-0.2279836335417593,0.06981317007977318,0.84,-2.36,9.43,0.6899999999999998,0.9244961738586426,0.0,0.234524205327034,0.0,1.0,7.8,0.345,True,True,False
28.703351259231567,forward_015,8.703351259231567,0.15,0.0,0.0,-0.8006697943523987,0.3141592653589793,-0.35452000431134817,-0.7000000000000001,-3.79,7.34,1.074,0.8825078010559082,0.0,0.11146502010524273,0.0,1.0,7.8,0.345,True,True,False
28.723716259002686,forward_015,8.723716259002686,0.15,0.0,0.0,-0.47123889803846897,0.22362031041177347,-0.20398535632683726,-2.39,-2.73,9.34,1.534,0.9518932700157166,0.07142857142857142,0.10366639494895935,0.0,1.0,7.8,0.345,True,True,False
28.744282484054565,forward_015,8.744282484054565,0.15,0.0,0.0,-0.2279836335417593,0.044724062082354694,-0.31306843457648287,-2.39,-2.73,9.34,1.995,0.9848620295524597,0.07142857142857142,0.061816731467843056,0.0,1.0,7.8,0.345,True,True,False
28.76465606689453,forward_015,8.764656066894531,0.15,0.0,0.0,-0.11344640137963143,0.007635815477475192,-0.30325095753401476,-2.56,-3.66,8.91,2.455,0.9759853482246399,0.07142857142857142,0.05495079047977924,0.0,1.0,7.8,0.345,True,True,False
28.785037755966187,forward_015,8.785037755966187,0.15,0.0,0.0,0.5388704065532492,0.35124751196385884,0.32615840396644036,-2.23,-1.52,7.09,2.608,0.9751622676849365,0.07142857142857142,0.127952441573143,0.0,1.0,7.8,0.345,True,True,False
28.80540704727173,forward_015,8.805407047271729,0.15,0.0,0.0,1.1846422297911512,0.4886921905584123,0.0916297857297023,-2.7800000000000002,-2.81,8.45,3.069,0.9684804677963257,0.07142857142857142,0.09372779726982117,0.0,1.0,7.8,0.345,True,True,False
28.825944900512695,forward_015,8.825944900512695,0.15,0.0,0.0,1.4246250019403714,0.7603090554000298,0.016362461737446838,-2.34,-5.04,8.6,2.532,0.9759840965270996,0.07142857142857142,0.05158492922782898,0.0,1.0,7.8,0.345,True,True,False
28.846308708190918,forward_015,8.846308708190918,0.15,0.0,0.0,1.631882850614698,0.6250460383704692,0.46687557490848314,-2.81,-4.84,6.91,2.302,0.9660006761550903,0.07142857142857142,0.062047917395830154,0.0,1.0,6.9,3.978,True,True,False
28.866672039031982,forward_015,8.866672039031982,0.15,0.0,0.0,2.050761871093337,0.06544984694978735,0.779944009484966,-2.65,-1.56,7.68,2.378,0.945311427116394,0.0,0.07580255717039108,1.0,1.0,6.9,3.978,True,True,False
28.887128829956055,forward_015,8.887128829956055,0.15,0.0,0.0,1.9558595930161455,-0.46142142099600086,0.2552544031041707,-3.5,-3.33,7.3100000000000005,1.381,0.9402773380279541,0.0,0.11123844480607659,1.0,1.0,6.9,3.978,True,True,False
28.90751361846924,forward_015,8.907513618469238,0.15,0.0,0.0,1.9514962698861598,-0.9773843811168246,0.42542400517361784,-3.5,-3.33,7.3100000000000005,2.071,0.9483887553215027,0.0,0.11947607004549354,1.0,1.0,6.9,3.978,True,True,False
28.927881717681885,forward_015,8.927881717681885,0.15,0.0,0.0,0.770126532442498,0.1189005552921137,-0.978475211899321,-3.5,-3.33,7.3100000000000005,2.302,0.9439099431037903,0.0,0.11459063738584518,1.0,0.0,6.9,3.978,True,True,False
28.94835591316223,forward_015,8.948355913162231,0.15,0.0,0.0,0.6806784082777885,-0.8519388411297321,-1.718058482431918,-2.0300000000000002,3.7600000000000002,4.3500000000000005,1.458,0.9827292561531067,0.14285714285714285,0.14223022758960724,1.0,0.0,6.9,3.978,True,True,False
28.968730449676514,forward_015,8.968730449676514,0.15,0.0,0.0,0.5934119456780721,-0.9370236421644557,-1.117010721276371,4.3500000000000005,1.86,9.44,1.841,0.9483133554458618,0.0,0.22873211652040482,1.0,0.0,6.9,3.978,True,True,False
28.98910140991211,forward_015,8.98910140991211,0.15,0.0,0.0,0.4232423436086249,-0.4756022211684548,-0.7275841319251362,-2.2800000000000002,-2.69,5.37,2.148,0.9887638092041016,0.2857142857142857,0.21489427983760834,1.0,0.0,6.9,3.978,True,True,False
29.009477138519287,forward_015,9.009477138519287,0.15,0.0,0.0,-0.2628902185816459,-0.8192139176548384,-0.2977968036215325,-2.66,-0.1,8.69,2.532,0.9946324825286865,0.21428571428571427,0.19583378732204437,1.0,0.0,6.9,3.978,True,True,False
29.029837369918823,forward_015,9.029837369918823,0.15,0.0,0.0,-0.5006913291658733,-0.4494222823885399,0.47451139038595835,-2.56,0.63,6.51,2.378,0.994115948677063,0.21428571428571427,0.07985975034534931,1.0,0.0,6.9,3.978,True,True,False
29.050198793411255,forward_015,9.050198793411255,0.15,0.0,0.0,-0.7995789635699022,-0.7112216701876893,0.6065019150680295,-1.86,1.02,4.59,1.765,0.9932575225830078,0.14285714285714285,0.054083339869976044,1.0,0.0,7.7,0.7150000000000001,True,True,False
29.07055640220642,forward_015,9.070556402206421,0.15,0.0,0.0,-0.9512044423369096,-0.8693921336496754,0.15489797111449674,0.71,5.22,9.26,1.381,0.9886242151260376,0.14285714285714285,0.1445150524377823,1.0,0.0,7.7,0.7150000000000001,True,True,False
29.09094214439392,forward_015,9.090942144393921,0.15,0.0,0.0,-1.0493792127615906,-0.4756022211684548,-0.4276056667386107,-2.89,4.3500000000000005,6.41,1.304,0.9915048480033875,0.2857142857142857,0.21792652271687984,1.0,1.0,7.7,0.7150000000000001,True,True,False
29.11131191253662,forward_015,9.111311912536621,0.15,0.0,0.0,-1.2544553998709245,-0.018544123302439753,-1.1061024134514064,-3.44,2.88,8.34,1.534,0.9903703331947327,0.2857142857142857,0.11731456965208054,1.0,1.0,7.7,0.7150000000000001,True,True,False
29.131677389144897,forward_015,9.131677389144897,0.15,0.0,0.0,-1.3788101090755203,0.5366887449882564,-1.4628040793277475,-3.44,2.88,8.34,1.6110000000000002,0.9611405730247498,0.14285714285714285,0.12150243297219276,0.0,1.0,7.7,0.7150000000000001,True,True,False
29.15205478668213,forward_015,9.152054786682129,0.15,0.0,0.0,-0.49960049838337683,0.779944009484966,-2.055125194223323,-3.44,2.88,8.34,0.6899999999999998,0.9613755941390991,0.07142857142857142,0.06403553113341331,1.0,1.0,7.7,0.7150000000000001,True,True,False
29.172428846359253,forward_015,9.172428846359253,0.15,0.0,0.0,0.20616701789183017,0.3752457891787809,-2.021309439965933,-1.99,-1.85,5.5200000000000005,0.9970000000000001,0.9552934765815735,0.07142857142857142,0.0498337596654892,1.0,1.0,7.7,0.7150000000000001,True,True,False
29.19279456138611,forward_015,9.192794561386108,0.15,0.0,0.0,0.09708393964218458,0.38724492778624187,-1.3439035240356338,-0.7000000000000001,-2.41,6.63,2.608,0.9635456800460815,0.07142857142857142,0.059077201411128044,1.0,1.0,7.7,0.7150000000000001,True,True,False
29.213163137435913,forward_015,9.213163137435913,0.15,0.0,0.0,-0.11017390903214205,0.9708393964218458,-0.4439681284760576,-0.85,-5.8100000000000005,8.23,2.685,0.9333462119102478,0.0,0.08747227489948273,1.0,1.0,7.7,0.7150000000000001,True,True,False
29.233529090881348,forward_015,9.233529090881348,0.15,0.0,0.0,-0.43960480534607177,1.275181184738357,0.4243331743911214,-0.85,-5.8100000000000005,8.23,1.765,0.8187605142593384,0.0,0.25713301450014114,1.0,1.0,7.7,0.7150000000000001,True,True,False
29.253910064697266,forward_015,9.253910064697266,0.15,0.0,0.0,-0.7777623479199731,1.050470043544087,0.7570365630525404,-4.01,-1.09,9.01,1.151,0.9615707397460938,0.14285714285714285,0.15889567881822586,1.0,1.0,7.1,3.001,True,True,False
29.27427053451538,forward_015,9.27427053451538,0.15,0.0,0.0,-0.9992009967667537,0.37960911230876665,1.213003830136059,1.17,-0.58,7.44,1.458,0.8862984776496887,0.0,0.07882175148552051,0.0,1.0,7.1,3.001,True,True,False
29.294644832611084,forward_015,9.294644832611084,0.15,0.0,0.0,-1.0930124440614488,0.39924406639370286,0.8388488717397746,-2.82,-0.04,6.01,1.918,0.597494900226593,0.0,0.10439494624733925,0.0,1.0,7.1,3.001,True,True,False
29.31501317024231,forward_015,9.31501317024231,0.15,0.0,0.0,-0.7908523173099306,-0.3490658503988659,0.6392268385429232,-2.82,-0.04,6.01,2.302,0.7514424324035645,0.0,0.12231934629380703,0.0,1.0,7.1,3.001,True,True,False
29.335473775863647,forward_015,9.335473775863647,0.15,0.0,0.0,0.09272061651219876,-0.45160394395353276,0.5366887449882564,-3.3200000000000003,-3.0500000000000003,9.23,2.608,0.9519465565681458,0.07142857142857142,0.19920049235224724,0.0,1.0,7.1,3.001,True,True,False
29.355844020843506,forward_015,9.355844020843506,0.15,0.0,0.0,0.9468411192069238,-0.4494222823885399,-0.013089969389957472,-3.3200000000000003,-3.0500000000000003,9.23,2.225,0.958049476146698,0.07142857142857142,0.16818498820066452,0.0,1.0,7.1,3.001,True,True,False
29.37621545791626,forward_015,9.37621545791626,0.15,0.0,0.0,1.1213740444063567,-0.7003133623627247,-0.34579335805137656,-0.97,-6.45,6.58,1.458,0.9381881356239319,0.0,0.13937546173110604,0.0,1.0,7.1,3.001,True,True,False
29.396751880645752,forward_015,9.396751880645752,0.15,0.0,0.0,1.1933688760511227,-0.9086620418195478,0.8410305333047675,2.52,-5.19,4.11,1.6110000000000002,0.9360334873199463,0.0,0.11641840264201164,0.0,1.0,7.1,3.001,True,True,False
29.4172842502594,forward_015,9.4172842502594,0.15,0.0,0.0,1.2348204457859882,-0.5028729907308662,1.2228213071785272,-1.55,-6.09,6.15,1.6110000000000002,0.9321378469467163,0.0,0.10711005330085754,0.0,1.0,7.1,3.001,True,True,False
29.437658309936523,forward_015,9.437658309936523,0.15,0.0,0.0,1.3962634015954636,0.008726646259971648,1.53588974175501,-4.19,-0.3,-0.16,2.302,0.9025619029998779,0.0,0.07539289072155952,1.0,1.0,7.1,3.001,True,True,False
29.45809006690979,forward_015,9.45809006690979,0.15,0.0,0.0,1.698423528346982,-0.21925698728178766,1.1726430911836903,-3.54,0.33,9.53,1.841,0.9445429444313049,0.0,0.08413524180650711,1.0,1.0,7.6,0.9730000000000001,True,True,False
29.47846508026123,forward_015,9.47846508026123,0.15,0.0,0.0,1.7649642060792659,0.0,1.2533645690884279,-3.54,0.33,9.53,2.071,0.9522675275802612,0.07142857142857142,0.03941500559449196,1.0,1.0,7.6,0.9730000000000001,True,True,False
29.498834133148193,forward_015,9.498834133148193,0.15,0.0,0.0,0.05126904677733343,0.9053895494720584,0.20616701789183017,-3.54,0.33,9.53,1.304,0.9415391087532043,0.0,0.07863592356443405,1.0,0.0,7.6,0.9730000000000001,True,True,False
29.519201517105103,forward_015,9.519201517105103,0.15,0.0,0.0,-0.0719948316447661,-0.5345070834232635,-1.153008137098754,-0.64,3.77,0.64,1.074,0.9848689436912537,0.14285714285714285,0.18006252497434616,1.0,0.0,7.6,0.9730000000000001,True,True,False
29.539713144302368,forward_015,9.539713144302368,0.15,0.0,0.0,0.34033920413889424,0.03381575425739013,-1.3482668471656196,0.5,0.65,4.2700000000000005,1.534,0.9672743082046509,0.07142857142857142,0.05457292124629021,1.0,0.0,7.6,0.9730000000000001,True,True,False
29.560189485549927,forward_015,9.560189485549927,0.15,0.0,0.0,0.4985096676008804,0.37742745074377376,-0.49960049838337683,-2.22,-0.19,5.41,1.995,0.9540838003158569,0.07142857142857142,0.05328131653368473,1.0,0.0,7.6,0.9730000000000001,True,True,False
29.580575942993164,forward_015,9.580575942993164,0.15,0.0,0.0,0.16798794050445423,0.507236313860852,-0.35124751196385884,-2.22,-0.19,5.41,2.532,0.9457293748855591,0.0,0.06740530021488667,1.0,0.0,7.6,0.9730000000000001,True,True,False
29.600946187973022,forward_015,9.600946187973022,0.15,0.0,0.0,-0.001090830782496456,0.533416252640767,-0.545415391248228,-2.25,0.88,6.59,3.6060000000000003,0.943790078163147,0.0,0.0416327565908432,1.0,0.0,7.6,0.9730000000000001,True,True,False
29.62130355834961,forward_015,9.62130355834961,0.15,0.0,0.0,-0.21271200258680892,0.15817046346198613,-0.09817477042468103,-1.75,0.42,6.16,3.6060000000000003,0.9480791091918945,0.0,0.05227772146463395,1.0,0.0,7.6,0.9730000000000001,True,True,False
29.64165234565735,forward_015,9.641652345657349,0.15,0.0,0.0,-0.7494007475750653,0.28688849579656794,0.09926560120717749,-0.4,3.3200000000000003,7.2,2.762,0.939208984375,0.0,0.04395231604576111,1.0,0.0,7.6,0.9730000000000001,True,True,False
29.662036657333374,forward_015,9.662036657333374,0.15,0.0,0.0,-1.1922780452686264,-0.06544984694978735,-0.18762289458939044,-2.2600000000000002,4.36,8.790000000000001,1.995,0.9486092925071716,0.0,0.024448268115520477,1.0,1.0,7.4,2.04,True,True,False
29.683096885681152,forward_015,9.683096885681152,0.15,0.0,0.0,-1.7093318361719465,-0.48651052899341934,-1.4889840181076623,-2.2600000000000002,4.36,8.790000000000001,1.304,0.9448521733283997,0.0,0.03778605908155441,1.0,1.0,7.4,2.04,True,True,False
29.70352840423584,forward_015,9.70352840423584,0.15,0.0,0.0,-2.239475596465224,-0.8246680715673207,-2.6692629247688275,-2.2600000000000002,4.36,8.790000000000001,1.458,0.9347746968269348,0.0,0.04118084628134966,0.0,1.0,7.4,2.04,True,True,False
29.72389554977417,forward_015,9.72389554977417,0.15,0.0,0.0,-1.1061024134514064,0.5868669609830933,-1.9176805156287695,-2.2600000000000002,4.36,8.790000000000001,1.304,0.9644090533256531,0.07142857142857142,0.0765506699681282,0.0,1.0,7.4,2.04,True,True,False
29.74431014060974,forward_015,9.744310140609741,0.15,0.0,0.0,-0.9752027195518317,0.19525871006686563,-0.9053895494720584,-2.11,-8.02,5.89,1.151,0.890247642993927,0.0,0.08393953926861286,0.0,1.0,7.4,2.04,True,True,False
29.764684200286865,forward_015,9.764684200286865,0.15,0.0,0.0,-0.9752027195518317,0.19525871006686563,-0.9053895494720584,-2.37,-7.5,9.31,1.151,0.8537055850028992,0.0,0.11385749280452728,0.0,1.0,7.4,2.04,True,True,False
29.785133123397827,forward_015,9.785133123397827,0.15,0.0,0.0,-0.8235772407848243,1.1224648751888533,0.5083271446433485,-2.77,-5.68,8.24,1.227,0.8451977372169495,0.0,0.17298932000994682,0.0,1.0,7.4,2.04,True,True,False
29.80550980567932,forward_015,9.805509805679321,0.15,0.0,0.0,-0.6839509006252779,1.141008998491293,1.004655150679236,-4.25,-4.12,6.5600000000000005,1.227,0.9473240971565247,0.0,0.11188275553286076,0.0,1.0,7.4,2.04,True,True,False
29.825878143310547,forward_015,9.825878143310547,0.15,0.0,0.0,-0.4930555136883981,0.8933904108645975,0.6348635154129374,-0.7000000000000001,-1.19,6.12,1.765,0.8918325304985046,0.0,0.0916663110256195,0.0,1.0,7.4,2.04,True,True,False
29.846235752105713,forward_015,9.846235752105713,0.15,0.0,0.0,-0.19198621771937624,0.6261368691529657,0.04363323129985824,-2.48,-4.0,5.15,2.532,0.8822692036628723,0.0,0.04319208406377584,0.0,1.0,7.4,2.04,True,True,False
29.86659574508667,forward_015,9.86659574508667,0.15,0.0,0.0,0.26398104936414235,0.007635815477475192,-0.13308135546456762,-5.29,-3.27,5.25,3.069,0.8981357216835022,0.0,0.046648424933664494,0.0,1.0,6.3,5.139999999999999,True,True,False
29.88696050643921,forward_015,9.886960506439209,0.15,0.0,0.0,0.779944009484966,-0.22143864884678055,-0.6435901616729091,-5.29,-3.27,5.25,3.299,0.9108101725578308,0.0,0.08678979426622391,0.0,1.0,6.3,5.139999999999999,True,True,False
29.90733814239502,forward_015,9.90733814239502,0.15,0.0,0.0,1.0231992739816758,-0.47669305195095124,-1.1355548445788106,-3.74,-8.69,9.77,2.685,0.848072350025177,0.0,0.09437121450901031,0.0,1.0,6.3,5.139999999999999,True,True,False
29.927709341049194,forward_015,9.927709341049194,0.15,0.0,0.0,1.3079061082132506,-0.8235772407848243,-0.48651052899341934,-0.61,-6.21,8.86,1.841,0.9394319653511047,0.0,0.0948371128179133,0.0,1.0,6.3,5.139999999999999,True,True,False
29.948070526123047,forward_015,9.948070526123047,0.15,0.0,0.0,1.6493361431346414,-1.1966413683986121,0.2552544031041707,-3.8200000000000003,-6.03,8.1,1.841,0.943443775177002,0.0,0.10003215074539185,0.0,1.0,6.3,5.139999999999999,True,True,False
29.968507766723633,forward_015,9.968507766723633,0.15,0.0,0.0,1.930770485018727,-1.2664545384783854,0.5628686837681712,-3.6,-4.61,6.0200000000000005,1.765,0.9626492261886597,0.07142857142857142,0.06875650957226753,0.0,1.0,6.3,5.139999999999999,True,True,False
29.9888699054718,forward_015,9.988869905471802,0.15,0.0,0.0,2.3452861823673805,-1.2522737383059315,0.7613998861825263,0.03,0.21,4.8500000000000005,2.455,0.9530486464500427,0.07142857142857142,0.1317812306806445,0.0,1.0,6.3,5.139999999999999,True,True,False
30.009246587753296,stand_post,0.009246587753295898,0.0,0.0,0.0,2.1347558413455645,-1.0777408131064985,0.3948807432637171,-1.46,-0.77,3.7,3.2220000000000004,0.8073763847351074,0.0,0.12160011008381844,1.0,1.0,6.3,5.139999999999999,True,True,False
30.029660940170288,stand_post,0.029660940170288086,0.0,0.0,0.0,2.2209314731627843,-1.2359112765684845,0.04145156973486533,-2.06,-0.21,6.88,2.378,0.8477024435997009,0.0,0.08863896504044533,1.0,1.0,6.3,5.139999999999999,True,True,False
30.050026178359985,stand_post,0.05002617835998535,0.0,0.0,0.0,2.282017996982586,-0.7635815477475192,0.17998707911191522,-2.79,-0.27,6.51,2.071,0.8170645833015442,0.0,0.027890432626008987,1.0,0.0,6.3,5.139999999999999,True,True,False
30.070395708084106,stand_post,0.07039570808410645,0.0,0.0,0.0,1.347176016383123,-0.27707101875409984,0.6141377305455047,-2.79,-0.27,6.51,1.688,0.8492904901504517,0.0,0.09176414832472801,1.0,0.0,7.7,0.877,True,True,False
30.090755462646484,stand_post,0.09075546264648438,0.0,0.0,0.0,0.12871803233458182,0.13199052468207118,-0.7101308394051928,-6.37,3.63,9.74,2.148,0.8882549405097961,0.0,0.1355352522805333,1.0,0.0,7.7,0.877,True,True,False
30.11112666130066,stand_post,0.11112666130065918,0.0,0.0,0.0,-0.3196134192714616,-1.5424347264499887,-1.2282754610910094,-6.37,3.63,9.74,2.685,0.8857459425926208,0.0,0.16138218343257904,1.0,0.0,7.7,0.877,True,True,False
30.131600618362427,stand_post,0.13160061836242676,0.0,0.0,0.0,-0.8432121948697605,-0.30652344988150415,-0.3294308963139297,-0.22,3.12,-0.93,2.762,0.9167096018791199,0.0,0.07316092774271965,1.0,0.0,7.7,0.877,True,True,False
30.152087926864624,stand_post,0.15208792686462402,0.0,0.0,0.0,-1.150826475533761,-1.160643952576229,-0.3141592653589793,-1.75,2.67,5.43,2.532,0.8889849781990051,0.0,0.0894728577695787,1.0,0.0,7.7,0.877,True,True,False
30.172467947006226,stand_post,0.17246794700622559,0.0,0.0,0.0,-1.3809917706405133,-1.3460851856006266,-0.46469391334349025,-1.75,2.67,5.43,2.071,0.8736383318901062,0.0,0.03702253312803805,1.0,0.0,7.7,0.877,True,True,False
30.192912101745605,stand_post,0.19291210174560547,0.0,0.0,0.0,-1.2729995231733642,-1.210822168571066,-0.21489366415180183,-2.83,1.72,8.05,1.841,0.8845926523208618,0.0,0.024954982101917267,1.0,0.0,7.7,0.877,True,True,False
30.213282108306885,stand_post,0.21328210830688477,0.0,0.0,0.0,-1.3340860469931657,-1.0275625971116615,-0.559596191420682,-0.16,2.98,6.7700000000000005,1.381,0.8239849209785461,0.0,0.0374811552464962,1.0,0.0,7.7,0.877,True,True,False
30.233701705932617,stand_post,0.2337017059326172,0.0,0.0,0.0,-1.1780972450961724,-1.213003830136059,-0.980656873464314,-0.81,3.2800000000000002,6.63,1.074,0.8433632850646973,0.0,0.0479675717651844,1.0,1.0,7.7,0.877,True,True,False
30.254069089889526,stand_post,0.25406908988952637,0.0,0.0,0.0,-1.2326387842209952,-0.44833145160604343,-1.6493361431346414,-0.81,3.2800000000000002,6.63,0.9970000000000001,0.8271893858909607,0.0,0.04939696006476879,1.0,1.0,7.7,0.877,True,True,False
30.274437427520752,stand_post,0.27443742752075195,0.0,0.0,0.0,-1.5271630954950384,0.1712604328519436,-1.9220438387587555,-3.66,2.59,8.120000000000001,0.9210000000000002,0.7319197058677673,0.0,0.04219044744968414,0.0,1.0,7.8,0.37000000000000005,True,True,False
30.294822454452515,stand_post,0.29482245445251465,0.0,0.0,0.0,-0.8955720724295904,0.21598449493429828,-2.428189321837111,-3.66,2.59,8.120000000000001,0.6899999999999998,0.7219499349594116,0.0,0.03474707901477814,0.0,1.0,7.8,0.37000000000000005,True,True,False
30.315181493759155,stand_post,0.3151814937591553,0.0,0.0,0.0,-0.136353847812057,0.8323038870447959,-1.959132085363635,0.42,-6.140000000000001,6.57,0.614,0.8018165826797485,0.0,0.09078792482614517,0.0,1.0,7.8,0.37000000000000005,True,True,False
30.335551500320435,stand_post,0.33555150032043457,0.0,0.0,0.0,0.1090830782496456,0.5901394533305827,-0.5726861608106394,0.79,-5.34,4.94,0.537,0.8471314311027527,0.0,0.05688280798494816,0.0,1.0,7.8,0.37000000000000005,True,True,False
30.355934858322144,stand_post,0.35593485832214355,0.0,0.0,0.0,0.2814343418840856,1.0275625971116615,-0.3719732968312915,0.79,-5.34,4.94,0.614,0.8018117547035217,0.0,0.04200356546789408,0.0,1.0,7.8,0.37000000000000005,True,True,False
30.376306533813477,stand_post,0.37630653381347656,0.0,0.0,0.0,0.32834006553143325,0.9959285044192643,-0.29888763440402893,-2.93,-5.63,8.46,0.767,0.8050406575202942,0.0,0.025538946851156652,0.0,1.0,7.8,0.37000000000000005,True,True,False
30.396673679351807,stand_post,0.39667367935180664,0.0,0.0,0.0,0.2585268954516601,0.25089107997418486,-0.14508049407202864,0.0,-3.31,8.76,0.844,0.8848199844360352,0.0,0.03670297563076019,0.0,1.0,7.8,0.37000000000000005,True,True,False
30.4172146320343,stand_post,0.41721463203430176,0.0,0.0,0.0,0.20507618710933373,0.15817046346198613,-0.06217735460229799,0.0,-3.31,8.76,0.9210000000000002,0.8770415186882019,0.0,0.033254802227020264,0.0,1.0,7.8,0.37000000000000005,True,True,False
30.437668085098267,stand_post,0.4376680850982666,0.0,0.0,0.0,0.14944381720201447,-0.4854196982109229,0.09053895494720585,-3.11,-1.85,8.58,0.844,0.9275188446044922,0.0,0.06407753378152847,1.0,1.0,7.8,0.37000000000000005,True,True,False
30.458027124404907,stand_post,0.4580271244049072,0.0,0.0,0.0,0.1636246173744684,-0.7101308394051928,-0.20289452554434081,-1.26,-0.63,6.19,0.9210000000000002,0.9277936220169067,0.0,0.018637999892234802,1.0,1.0,7.8,0.37000000000000005,True,True,False
30.478394746780396,stand_post,0.4783947467803955,0.0,0.0,0.0,0.19525871006686563,-0.7144941625351786,-0.24107360293171676,-1.08,-0.47000000000000003,7.62,0.767,0.9341022372245789,0.0,0.011591194197535515,1.0,1.0,7.9,0.137,True,True,False
30.49877095222473,stand_post,0.49877095222473145,0.0,0.0,0.0,-0.07744898555724837,-0.6861325621902709,0.038179077387375956,-1.08,-0.47000000000000003,7.62,0.844,0.9238604307174683,0.0,0.020401086658239365,1.0,1.0,7.9,0.137,True,True,False
30.519202709197998,stand_post,0.519202709197998,0.0,0.0,0.0,-0.23125612588924865,-0.5705044992456465,0.026179938779914945,1.48,2.0300000000000002,9.28,0.6899999999999998,0.905524492263794,0.0,0.02641911804676056,1.0,1.0,7.9,0.137,True,True,False
30.539661407470703,stand_post,0.5396614074707031,0.0,0.0,0.0,-0.3425208657038872,-0.18653206380689397,-0.032724923474893676,1.52,0.61,9.71,0.537,0.9140132665634155,0.0,0.04442766308784485,1.0,1.0,7.9,0.137,True,True,False
30.560031414031982,stand_post,0.5600314140319824,0.0,0.0,0.0,-0.41015237421866746,0.17671458676442586,0.20507618710933373,1.52,0.61,9.71,0.614,0.8616458773612976,0.0,0.0593383964151144,1.0,1.0,7.9,0.137,True,True,False
30.58041286468506,stand_post,0.5804128646850586,0.0,0.0,0.0,-0.4636030825609938,0.3119776037939864,0.06544984694978735,1.52,0.61,9.71,0.307,0.8592859506607056,0.0,0.02027188241481781,1.0,1.0,7.9,0.137,True,True,False
30.600839376449585,stand_post,0.600839376449585,0.0,0.0,0.0,-0.40033489717619936,0.07744898555724837,-0.05999569303730508,1.52,0.61,9.71,0.614,0.8918796181678772,0.0,0.0100599107099697,1.0,1.0,7.9,0.137,True,True,False
30.62135624885559,stand_post,0.6213562488555908,0.0,0.0,0.0,-0.3337942194439155,0.05345070834232634,-0.2454369260617026,0.22,-1.47,9.18,0.9210000000000002,0.8898466229438782,0.0,0.010810434818267822,1.0,1.0,7.9,0.137,True,True,False
30.64182472229004,stand_post,0.6418247222900391,0.0,0.0,0.0,-0.32615840396644036,-0.0818123086872342,-0.05999569303730508,-1.98,-3.5300000000000002,8.32,0.9210000000000002,0.8736392855644226,0.0,0.012061951449140906,1.0,1.0,7.9,0.137,True,True,False
30.662295818328857,stand_post,0.6622958183288574,0.0,0.0,0.0,-0.24652775684419906,-0.17016960206944712,0.11017390903214205,-1.98,-3.5300000000000002,8.32,0.844,0.8842917084693909,0.0,0.008877657353878021,1.0,1.0,7.9,0.137,True,True,False
30.68267583847046,stand_post,0.682675838470459,0.0,0.0,0.0,-0.08072147790473774,-0.1930770485018727,0.05672320068981571,0.06,-1.61,8.97,0.767,0.9019249677658081,0.0,0.012182966631371528,1.0,1.0,7.9,0.212,True,True,False
30.70327854156494,stand_post,0.7032785415649414,0.0,0.0,0.0,0.019634954084936207,-0.3817907738737596,-0.04581489286485115,-0.18,-2.18,9.24,0.6899999999999998,0.9148253202438354,0.0,0.0108717679977417,1.0,1.0,7.9,0.212,True,True,False
30.72364091873169,stand_post,0.7236409187316895,0.0,0.0,0.0,-0.05345070834232634,-0.24652775684419906,0.04690572364734761,-0.47000000000000003,-1.1400000000000001,8.5,0.537,0.9078741669654846,0.0,0.012029357254505157,1.0,1.0,7.9,0.212,True,True,False
30.74400568008423,stand_post,0.7440056800842285,0.0,0.0,0.0,-0.15817046346198613,-0.23234695667174513,-0.16035212502697901,-0.47000000000000003,-1.1400000000000001,8.5,0.537,0.909609317779541,0.0,0.008309826254844666,1.0,1.0,7.9,0.212,True,True,False
30.764432907104492,stand_post,0.7644329071044922,0.0,0.0,0.0,-0.1505346479845109,-0.1734420944169365,-0.20180369476184434,-0.47000000000000003,-1.1400000000000001,8.5,0.46,0.9081591963768005,0.0,0.0037972182035446167,1.0,1.0,7.9,0.212,True,True,False
30.784809350967407,stand_post,0.7848093509674072,0.0,0.0,0.0,-0.06872233929727672,-0.1636246173744684,-0.1734420944169365,0.04,-0.98,8.84,0.46,0.9143803119659424,0.0,0.005807910114526749,1.0,1.0,7.9,0.212,True,True,False
30.80524253845215,stand_post,0.8052425384521484,0.0,0.0,0.0,-0.013089969389957472,-0.20180369476184434,-0.11017390903214205,0.07,-1.45,9.34,0.307,0.9176568984985352,0.0,0.0027585625648498535,1.0,1.0,7.9,0.212,True,True,False
30.82561755180359,stand_post,0.8256175518035889,0.0,0.0,0.0,-0.06544984694978735,-0.1341721862470641,0.003272492347489368,0.25,-1.45,9.64,0.307,0.9141058921813965,0.0,0.0072869956493377686,1.0,1.0,7.9,0.212,True,True,False
30.84598708152771,stand_post,0.84598708152771,0.0,0.0,0.0,-0.10035643198967395,-0.11453723216212788,0.031634092692397225,0.36,-0.8300000000000001,9.200000000000001,0.307,0.9118673205375671,0.0,0.004293359816074371,1.0,1.0,7.9,0.212,True,True,False
30.86635160446167,stand_post,0.8663516044616699,0.0,0.0,0.0,-0.08072147790473774,-0.08835729338221293,-0.044724062082354694,0.43,-1.21,9.48,0.307,0.9115673899650574,0.0,0.0015785302966833115,1.0,1.0,7.9,0.212,True,True,False
30.886719703674316,stand_post,0.8867197036743164,0.0,0.0,0.0,-0.028361600344907856,-0.06872233929727672,-0.039269908169872414,-0.14,-2.11,9.26,0.23,0.9102721214294434,0.0,0.004342086613178253,1.0,1.0,7.8,0.24,True,True,False
30.907085418701172,stand_post,0.9070854187011719,0.0,0.0,0.0,-0.0719948316447661,-0.061086523819801536,-0.015271630954950384,0.08,-2.07,9.01,0.307,0.9074675440788269,0.0,0.0027344822883605957,1.0,1.0,7.8,0.24,True,True,False
30.927467107772827,stand_post,0.9274671077728271,0.0,0.0,0.0,-0.0916297857297023,-0.09708393964218458,0.031634092692397225,-0.12,-1.97,9.16,0.23,0.9050790667533875,0.0,0.0013161450624465942,1.0,1.0,7.8,0.24,True,True,False
30.947840929031372,stand_post,0.9478409290313721,0.0,0.0,0.0,-0.0719948316447661,-0.10144726277217041,0.030543261909900768,0.28,-1.55,9.5,0.23,0.9039696455001831,0.0,0.0024980977177619934,1.0,1.0,7.8,0.24,True,True,False
30.968212366104126,stand_post,0.968212366104126,0.0,0.0,0.0,-0.018544123302439753,-0.12217304763960307,-0.002181661564992912,-0.02,-1.6300000000000001,9.32,0.153,0.9046153426170349,0.0,0.0022130757570266724,1.0,1.0,7.8,0.24,True,True,False
30.988689661026,stand_post,0.988689661026001,0.0,0.0,0.0,0.015271630954950384,-0.11235557059713497,0.008726646259971648,0.45,-1.26,9.1,0.077,0.9041537642478943,0.0,0.002274058759212494,1.0,1.0,7.8,0.24,True,True,False
31.00921058654785,stand_post,1.0092105865478516,0.0,0.0,0.0,-0.037088246604879506,-0.11235557059713497,-0.03381575425739013,0.18,-1.3800000000000001,9.06,0.077,0.9033219218254089,0.0,0.0018758699297904968,1.0,1.0,7.8,0.24,True,True,False
31.0295889377594,stand_post,1.0295889377593994,0.0,0.0,0.0,-0.05235987755982989,-0.09708393964218458,-0.028361600344907856,0.16,-1.59,9.42,0.077,0.9023177623748779,0.0,0.0004371926188468933,1.0,1.0,7.8,0.24,True,True,False
31.04995322227478,stand_post,1.0499532222747803,0.0,0.0,0.0,-0.032724923474893676,-0.07417649320975901,0.039269908169872414,-0.1,-1.49,9.16,0.077,0.9016795754432678,0.0,0.0028246864676475525,1.0,1.0,7.8,0.24,True,True,False
31.070323705673218,stand_post,1.0703237056732178,0.0,0.0,0.0,-0.016362461737446838,-0.08508480103472356,0.001090830782496456,0.04,-1.56,9.22,0.0,0.9031559228897095,0.0,0.0016731470823287964,1.0,1.0,7.8,0.24,True,True,False
31.09080743789673,stand_post,1.0908074378967285,0.0,0.0,0.0,-0.025089107997418487,-0.08617563181722002,-0.020725784867432664,0.1,-1.87,9.17,0.077,0.9034507274627686,0.0,0.0005694925785064697,1.0,1.0,7.9,0.19800000000000004,True,True,False
31.11116909980774,stand_post,1.1111690998077393,0.0,0.0,0.0,-0.03381575425739013,-0.09926560120717749,0.00545415391248228,0.17,-1.6400000000000001,8.99,0.0,0.903889000415802,0.0,0.001267358660697937,1.0,1.0,7.9,0.19800000000000004,True,True,False
31.131553411483765,stand_post,1.1315534114837646,0.0,0.0,0.0,-0.044724062082354694,-0.11999138607461016,0.007635815477475192,0.1,-1.6600000000000001,9.42,0.0,0.9054015278816223,0.0,0.0008393973112106323,1.0,1.0,7.9,0.19800000000000004,True,True,False
31.151931762695312,stand_post,1.1519317626953125,0.0,0.0,0.0,-0.04581489286485115,-0.10581058590215622,-0.025089107997418487,0.28,-1.62,9.27,0.0,0.9059069752693176,0.0,0.0008480921387672424,1.0,1.0,7.9,0.19800000000000004,True,True,False
31.172319889068604,stand_post,1.1723198890686035,0.0,0.0,0.0,-0.032724923474893676,-0.09053895494720585,-0.04363323129985824,0.43,-1.5,9.28,0.0,0.9069907069206238,0.0,0.0008909180760383606,1.0,1.0,7.9,0.19800000000000004,True,True,False
31.19268012046814,stand_post,1.1926801204681396,0.0,0.0,0.0,-0.038179077387375956,-0.08508480103472356,-0.06654067773228381,0.34,-1.58,9.28,0.153,0.9080261588096619,0.0,0.0014305412769317627,1.0,1.0,7.9,0.19800000000000004,True,True,False
31.2132306098938,stand_post,1.2132306098937988,0.0,0.0,0.0,-0.04581489286485115,-0.07963064712224129,-0.11999138607461016,0.34,-1.58,9.21,0.077,0.9089224934577942,0.0,0.0020335987210273743,1.0,1.0,7.9,0.19800000000000004,True,True,False
31.23359775543213,stand_post,1.233597755432129,0.0,0.0,0.0,-0.038179077387375956,-0.05999569303730508,-0.13962634015954636,0.56,-1.71,9.23,0.077,0.9095463156700134,0.0,0.0011192262172698975,1.0,1.0,7.9,0.19800000000000004,True,True,False
31.253961086273193,stand_post,1.2539610862731934,0.0,0.0,0.0,-0.050178215994836975,-0.06217735460229799,-0.17998707911191522,0.26,-2.22,9.120000000000001,0.077,0.9099361896514893,0.0,0.004028499126434326,1.0,1.0,7.9,0.19800000000000004,True,True,False
31.274332523345947,stand_post,1.2743325233459473,0.0,0.0,0.0,-0.06435901616729091,-0.07963064712224129,-0.001090830782496456,0.26,-2.34,9.19,0.077,0.9093425273895264,0.0,0.003439396619796753,1.0,1.0,7.9,0.19800000000000004,True,True,False
31.29470705986023,stand_post,1.2947070598602295,0.0,0.0,0.0,-0.03381575425739013,-0.08072147790473774,0.002181661564992912,0.47000000000000003,-2.04,9.33,0.153,0.9113197922706604,0.0,0.0008397288620471954,1.0,1.0,7.9,0.16,True,True,False
31.31508159637451,stand_post,1.3150815963745117,0.0,0.0,0.0,-0.014180800172453928,-0.06981317007977318,0.08835729338221293,0.55,-1.84,9.26,0.153,0.9112913012504578,0.0,0.0035464689135551453,1.0,1.0,7.9,0.16,True,True,False
31.33551025390625,stand_post,1.33551025390625,0.0,0.0,0.0,0.007635815477475192,-0.05781403147231216,0.09708393964218458,0.4,-1.67,9.21,0.153,0.911834180355072,0.0,0.002303294837474823,1.0,1.0,7.9,0.16,True,True,False
31.3558828830719,stand_post,1.3558828830718994,0.0,0.0,0.0,0.01090830782496456,-0.04036073895236887,0.11235557059713497,0.47000000000000003,-1.6,9.4,0.153,0.9118859767913818,0.0,0.0013696476817131042,1.0,1.0,7.9,0.16,True,True,False
31.376240730285645,stand_post,1.3762407302856445,0.0,0.0,0.0,-0.002181661564992912,-0.022907446432425576,0.08726646259971647,0.26,-1.6600000000000001,9.25,0.077,0.911530077457428,0.0,0.0015394464135169983,1.0,1.0,7.9,0.16,True,True,False
31.396602153778076,stand_post,1.3966021537780762,0.0,0.0,0.0,0.01090830782496456,0.003272492347489368,0.08944812416470939,0.44,-1.16,9.040000000000001,0.153,0.9110972285270691,0.0,0.0016970336437225342,1.0,1.0,7.9,0.16,True,True,False
31.416982412338257,stand_post,1.4169824123382568,0.0,0.0,0.0,0.017453292519943295,-0.013089969389957472,0.07635815477475191,0.4,-1.1500000000000001,9.35,0.077,0.9109295606613159,0.0,0.0008650422096252441,1.0,1.0,7.9,0.16,True,True,False
31.43734860420227,stand_post,1.4373486042022705,0.0,0.0,0.0,-0.019634954084936207,-0.03490658503988659,-0.07526732399225546,0.49,-1.33,9.35,0.153,0.9120389819145203,0.0,0.0046598464250564575,1.0,1.0,7.9,0.16,True,True,False
31.457735061645508,stand_post,1.4577350616455078,0.0,0.0,0.0,-0.016362461737446838,-0.04363323129985824,-0.13853550937704992,0.44,-1.6500000000000001,9.18,0.153,0.9119041562080383,0.0,0.0020289346575737,1.0,1.0,7.9,0.16,True,True,False
31.47809863090515,stand_post,1.4780986309051514,0.0,0.0,0.0,-0.016362461737446838,-0.04145156973486533,-0.16035212502697901,0.44,-2.11,9.39,0.077,0.9104011654853821,0.0,0.0010859295725822449,1.0,1.0,7.9,0.16,True,True,False
31.498461961746216,stand_post,1.4984619617462158,0.0,0.0,0.0,-0.039269908169872414,-0.0272707695624114,-0.13853550937704992,0.45,-2.19,9.16,0.0,0.9077196717262268,0.0,0.0009114742279052734,1.0,1.0,7.9,0.14100000000000001,True,True,False
31.51882314682007,stand_post,1.5188231468200684,0.0,0.0,0.0,-0.039269908169872414,-0.014180800172453928,-0.06435901616729091,0.58,-2.43,9.200000000000001,0.0,0.9035624861717224,0.0,0.0018149912357330322,1.0,1.0,7.9,0.14100000000000001,True,True,False
31.539189100265503,stand_post,1.539189100265503,0.0,0.0,0.0,0.009817477042468103,-0.00545415391248228,0.07635815477475191,0.62,-2.12,9.11,0.077,0.8992419838905334,0.0,0.0034733861684799194,1.0,1.0,7.9,0.14100000000000001,True,True,False
31.559553623199463,stand_post,1.559553623199463,0.0,0.0,0.0,0.0272707695624114,-0.04145156973486533,0.11235557059713497,0.61,-1.6300000000000001,9.290000000000001,0.0,0.8987233638763428,0.0,0.0019078031182289124,1.0,1.0,7.9,0.14100000000000001,True,True,False
31.57991600036621,stand_post,1.579916000366211,0.0,0.0,0.0,0.03381575425739013,-0.0272707695624114,0.06544984694978735,0.44,-1.69,9.48,0.0,0.8995357155799866,0.0,0.0012474879622459412,1.0,1.0,7.9,0.14100000000000001,True,True,False
31.6002995967865,stand_post,1.600299596786499,0.0,0.0,0.0,0.03490658503988659,0.014180800172453928,0.061086523819801536,0.5700000000000001,-1.06,9.25,0.0,0.9001867771148682,0.0,0.0014844909310340881,1.0,1.0,7.9,0.14100000000000001,True,True,False
31.620675086975098,stand_post,1.6206750869750977,0.0,0.0,0.0,0.008726646259971648,0.061086523819801536,-0.05890486225480862,0.61,-1.3800000000000001,9.46,0.0,0.9015789031982422,0.0,0.002303391695022583,1.0,1.0,7.9,0.14100000000000001,True,True,False
31.64119029045105,stand_post,1.6411902904510498,0.0,0.0,0.0,0.008726646259971648,0.08835729338221293,-0.0719948316447661,0.71,-1.52,9.31,0.0,0.90191251039505,0.0,0.0011989697813987732,1.0,1.0,7.9,0.14100000000000001,True,True,False
31.66155195236206,stand_post,1.6615519523620605,0.0,0.0,0.0,0.026179938779914945,0.10253809355466686,-0.03599741582238305,0.96,-1.68,9.36,0.077,0.9020098447799683,0.0,0.002211533486843109,1.0,1.0,7.9,0.14100000000000001,True,True,False
31.68191385269165,stand_post,1.6819138526916504,0.0,0.0,0.0,0.008726646259971648,0.12108221685710661,-0.007635815477475192,0.56,-2.31,9.19,0.077,0.9008886814117432,0.0,0.002261742949485779,1.0,1.0,7.9,0.14100000000000001,True,True,False
31.702280282974243,stand_post,1.7022802829742432,0.0,0.0,0.0,0.017453292519943295,0.14726215563702155,0.10035643198967395,0.6,-2.32,9.120000000000001,0.077,0.8994107246398926,0.0,0.0045598819851875305,1.0,1.0,7.8,0.19200000000000003,True,True,False
31.723829984664917,stand_post,1.723829984664917,0.0,0.0,0.0,0.03599741582238305,0.17562375598192942,0.18216874067690814,0.62,-2.2600000000000002,9.22,0.077,0.8980840444564819,0.0,0.003931328654289246,1.0,1.0,7.8,0.19200000000000003,True,True,False
31.744211435317993,stand_post,1.7442114353179932,0.0,0.0,0.0,0.05999569303730508,0.17780541754692233,0.1734420944169365,0.49,-1.8800000000000001,9.33,0.077,0.9003542065620422,0.0,0.0006511900573968887,1.0,1.0,7.8,0.19200000000000003,True,True,False
31.764583110809326,stand_post,1.7645831108093262,0.0,0.0,0.0,0.10690141668465268,0.1832595714594046,0.16689710972195776,0.64,-1.36,9.790000000000001,0.077,0.9032343029975891,0.0,0.000993199646472931,1.0,1.0,7.8,0.19200000000000003,True,True,False
31.784953832626343,stand_post,1.7849538326263428,0.0,0.0,0.0,0.11999138607461016,0.21707532571679475,0.11344640137963143,0.6,-1.33,9.33,0.0,0.9049021005630493,0.0,0.0020666569471359253,1.0,1.0,7.8,0.19200000000000003,True,True,False
31.805320978164673,stand_post,1.8053209781646729,0.0,0.0,0.0,0.13308135546456762,0.27379852640661045,0.001090830782496456,0.33,-1.7,9.17,0.0,0.9074785709381104,0.0,0.005177199840545654,1.0,1.0,7.8,0.19200000000000003,True,True,False
31.825697660446167,stand_post,1.825697660446167,0.0,0.0,0.0,0.16580627893946132,0.35015668118136234,-0.07308566242726255,0.28,-1.72,9.46,0.077,0.9103026986122131,0.0,0.0051089078187942505,1.0,1.0,7.8,0.19200000000000003,True,True,False
31.846176385879517,stand_post,1.8461763858795166,0.0,0.0,0.0,0.1810779098944117,0.40578905108868163,-0.08072147790473774,0.27,-1.57,9.16,0.153,0.9112629890441895,0.0,0.0021715164184570312,1.0,1.0,7.8,0.19200000000000003,True,True,False
31.866652727127075,stand_post,1.8666527271270752,0.0,0.0,0.0,0.16689710972195776,0.43960480534607177,-0.07417649320975901,0.08,-1.58,9.07,0.0,0.9113861918449402,0.0,0.0014484375715255737,1.0,1.0,7.8,0.19200000000000003,True,True,False
31.887145519256592,stand_post,1.8871455192565918,0.0,0.0,0.0,0.15707963267948966,0.42215151282612845,-0.055632369907319255,-0.26,-1.45,9.39,0.307,0.9117079973220825,0.0,0.0015919804573059082,1.0,1.0,7.8,0.19200000000000003,True,True,False
31.90751600265503,stand_post,1.9075160026550293,0.0,0.0,0.0,0.17453292519943295,0.39924406639370286,-0.02945243112740431,-0.65,-1.17,9.44,0.153,0.913271963596344,0.0,0.002546869218349457,1.0,1.0,7.8,0.201,True,True,False
31.927882194519043,stand_post,1.927882194519043,0.0,0.0,0.0,0.2083486794568231,0.40578905108868163,-0.020725784867432664,-0.85,-1.1300000000000001,9.19,0.23,0.9136201739311218,0.0,0.002666883170604706,1.0,1.0,7.8,0.201,True,True,False
31.948333978652954,stand_post,1.948333978652954,0.0,0.0,0.0,0.16471544815696484,0.42542400517361784,-0.11344640137963143,-1.1,-1.06,9.09,0.23,0.9145292639732361,0.0,0.0038461387157440186,1.0,1.0,7.8,0.201,True,True,False
31.96870470046997,stand_post,1.9687047004699707,0.0,0.0,0.0,0.1341721862470641,0.4385139745635753,-0.15162547876700738,-1.59,-0.85,8.85,0.307,0.91365647315979,0.0,0.004636548459529877,1.0,1.0,7.8,0.201,True,True,False
31.989087343215942,stand_post,1.9890873432159424,0.0,0.0,0.0,0.11235557059713497,0.29343348049154666,-0.17453292519943295,-1.04,-1.27,8.97,0.23,0.9144072532653809,0.0,0.0055649057030677795,1.0,1.0,7.8,0.201,True,True,False
32.009459257125854,stand_post,2.0094592571258545,0.0,0.0,0.0,0.07744898555724837,0.17780541754692233,-0.12980886311707826,-0.9400000000000001,-1.37,8.89,0.153,0.9128109216690063,0.0,0.004310116171836853,1.0,1.0,7.8,0.201,True,True,False
32.029826164245605,stand_post,2.0298261642456055,0.0,0.0,0.0,0.03599741582238305,0.07308566242726255,-0.07963064712224129,-1.18,-1.36,9.200000000000001,0.077,0.9115132093429565,0.0,0.002525225281715393,1.0,1.0,7.8,0.201,True,True,False
32.050193071365356,stand_post,2.0501930713653564,0.0,0.0,0.0,0.02181661564992912,0.028361600344907856,-0.039269908169872414,-0.6,-1.42,9.15,0.077,0.9095312356948853,0.0,0.004894942045211792,1.0,1.0,7.8,0.201,True,True,False
32.07056450843811,stand_post,2.0705645084381104,0.0,0.0,0.0,-0.001090830782496456,0.017453292519943295,0.006544984694978736,-0.61,-1.19,9.38,0.0,0.9067390561103821,0.0,0.0012640953063964844,1.0,1.0,7.8,0.201,True,True,False
32.09104371070862,stand_post,2.091043710708618,0.0,0.0,0.0,-0.016362461737446838,0.004363323129985824,0.031634092692397225,-0.92,-1.08,9.040000000000001,0.077,0.9052667617797852,0.0,0.0013529006391763687,1.0,1.0,7.8,0.201,True,True,False
32.11140704154968,stand_post,2.1114070415496826,0.0,0.0,0.0,-0.02181661564992912,-0.0916297857297023,0.05999569303730508,-1.04,-1.22,9.19,0.077,0.9053802490234375,0.0,0.004188433289527893,1.0,1.0,7.9,0.16,True,True,False
32.131778717041016,stand_post,2.1317787170410156,0.0,0.0,0.0,-0.031634092692397225,-0.1265363707695889,0.07308566242726255,-0.87,-1.29,9.09,0.0,0.9053906798362732,0.0,0.0016848072409629822,1.0,1.0,7.9,0.16,True,True,False
32.152201652526855,stand_post,2.1522016525268555,0.0,0.0,0.0,-0.06435901616729091,-0.14944381720201447,0.0916297857297023,-0.74,-1.25,9.33,0.153,0.9049032926559448,0.0,0.0010094642639160156,1.0,1.0,7.9,0.16,True,True,False
32.1726348400116,stand_post,2.1726348400115967,0.0,0.0,0.0,-0.07526732399225546,-0.15926129424448257,0.10035643198967395,-0.45,-1.06,9.44,0.077,0.9055787920951843,0.0,0.001836724579334259,1.0,1.0,7.9,0.16,True,True,False
32.192994356155396,stand_post,2.1929943561553955,0.0,0.0,0.0,-0.04036073895236887,-0.14835298641951802,0.10035643198967395,-0.43,-1.04,9.26,0.077,0.9068883061408997,0.0,0.0008635669946670532,1.0,1.0,7.9,0.16,True,True,False
32.21345829963684,stand_post,2.213458299636841,0.0,0.0,0.0,-0.017453292519943295,-0.15271630954950383,0.05126904677733343,-0.38,-1.29,9.25,0.077,0.9085689783096313,0.0,0.0012192949652671814,1.0,1.0,7.9,0.16,True,True,False
32.23394298553467,stand_post,2.233942985534668,0.0,0.0,0.0,-0.03381575425739013,-0.13853550937704992,0.026179938779914945,-0.46,-1.48,9.25,0.077,0.9091907739639282,0.0,0.0010801181197166443,1.0,1.0,7.9,0.16,True,True,False
32.25430774688721,stand_post,2.254307746887207,0.0,0.0,0.0,-0.050178215994836975,-0.1189005552921137,0.05126904677733343,-0.31,-1.41,9.01,0.077,0.9087993502616882,0.0,0.0024093538522720337,1.0,1.0,7.9,0.16,True,True,False
32.27469348907471,stand_post,2.274693489074707,0.0,0.0,0.0,-0.06763150851478027,-0.1265363707695889,0.025089107997418487,-0.37,-1.44,9.46,0.077,0.9098944067955017,0.0,0.0014022961258888245,1.0,1.0,7.9,0.16,True,True,False
32.29507923126221,stand_post,2.295079231262207,0.0,0.0,0.0,-0.05672320068981571,-0.1265363707695889,0.05345070834232634,-0.33,-1.3800000000000001,9.290000000000001,0.077,0.9104015827178955,0.0,0.0013022422790527344,1.0,1.0,7.9,0.16,True,True,False
32.315449714660645,stand_post,2.3154497146606445,0.0,0.0,0.0,-0.05890486225480862,-0.12762720155208535,0.025089107997418487,-0.25,-1.49,9.13,0.077,0.9108318090438843,0.0,0.0012025386095046997,1.0,1.0,7.8,0.143,True,True,False
32.33581781387329,stand_post,2.335817813873291,0.0,0.0,0.0,-0.04690572364734761,-0.14180800172453928,0.03599741582238305,-0.21,-1.44,9.23,0.077,0.9121101498603821,0.0,0.0008220747113227844,1.0,1.0,7.8,0.143,True,True,False
32.35619568824768,stand_post,2.3561956882476807,0.0,0.0,0.0,-0.039269908169872414,-0.14289883250703572,0.04690572364734761,-0.21,-1.42,9.26,0.077,0.9131208062171936,0.0,0.0011318325996398926,1.0,1.0,7.8,0.143,True,True,False
32.3765664100647,stand_post,2.3765664100646973,0.0,0.0,0.0,-0.04254240051736178,-0.1461713248545251,0.055632369907319255,-0.2,-1.47,9.24,0.077,0.9138085246086121,0.0,0.0009492039680480957,1.0,1.0,7.8,0.143,True,True,False
32.39699673652649,stand_post,2.3969967365264893,0.0,0.0,0.0,-0.050178215994836975,-0.14180800172453928,0.0916297857297023,-0.24,-1.46,9.31,0.0,0.9142190217971802,0.0,0.001774422824382782,1.0,1.0,7.8,0.143,True,True,False
32.41759395599365,stand_post,2.4175939559936523,0.0,0.0,0.0,-0.05345070834232634,-0.13308135546456762,0.10253809355466686,-0.19,-1.34,9.290000000000001,0.0,0.9147815704345703,0.0,0.0011962056159973145,1.0,1.0,7.8,0.143,True,True,False
32.43796706199646,stand_post,2.43796706199646,0.0,0.0,0.0,-0.061086523819801536,-0.11780972450961724,0.07417649320975901,-0.12,-1.33,9.290000000000001,0.0,0.9152178764343262,0.0,0.0008033383637666702,1.0,1.0,7.8,0.143,True,True,False
32.45833206176758,stand_post,2.458332061767578,0.0,0.0,0.0,-0.050178215994836975,-0.10253809355466686,0.05345070834232634,-0.09,-1.34,9.39,0.0,0.9159973859786987,0.0,0.0007711183279752731,1.0,1.0,7.8,0.143,True,True,False
32.47870588302612,stand_post,2.478705883026123,0.0,0.0,0.0,-0.05126904677733343,-0.09053895494720585,0.01090830782496456,-0.1,-1.36,9.27,0.0,0.9162588715553284,0.0,0.0011004060506820679,1.0,1.0,7.8,0.143,True,True,False
32.49907207489014,stand_post,2.4990720748901367,0.0,0.0,0.0,-0.04145156973486533,-0.07853981633974483,-0.019634954084936207,-0.12,-1.53,9.26,0.0,0.9162617921829224,0.0,0.0008453130722045898,1.0,1.0,7.8,0.143,True,True,False
32.51954436302185,stand_post,2.5195443630218506,0.0,0.0,0.0,-0.032724923474893676,-0.07090400086226964,-0.022907446432425576,0.0,-1.48,9.290000000000001,0.0,0.9156479239463806,0.0,0.0013619139790534973,1.0,1.0,7.9,0.15400000000000003,True,True,False
32.53991436958313,stand_post,2.53991436958313,0.0,0.0,0.0,-0.03381575425739013,-0.08290313946973066,-0.022907446432425576,-0.01,-1.54,9.26,0.0,0.9143915772438049,0.0,0.0010450631380081177,1.0,1.0,7.9,0.15400000000000003,True,True,False
32.56027913093567,stand_post,2.560279130935669,0.0,0.0,0.0,-0.030543261909900768,-0.08399397025222712,-0.004363323129985824,0.0,-1.59,9.23,0.077,0.9124388694763184,0.0,0.0012100189924240112,1.0,1.0,7.9,0.15400000000000003,True,True,False
32.58077049255371,stand_post,2.580770492553711,0.0,0.0,0.0,-0.04254240051736178,-0.08072147790473774,0.009817477042468103,0.21,-1.51,9.370000000000001,0.0,0.9095441102981567,0.0,0.001699589192867279,1.0,1.0,7.9,0.15400000000000003,True,True,False
32.601141929626465,stand_post,2.601141929626465,0.0,0.0,0.0,-0.04581489286485115,-0.0545415391248228,0.030543261909900768,0.25,-1.61,9.28,0.077,0.906212568283081,0.0,0.001204565167427063,1.0,1.0,7.9,0.15400000000000003,True,True,False
32.62151217460632,stand_post,2.6215121746063232,0.0,0.0,0.0,-0.02399827721492203,-0.03599741582238305,0.050178215994836975,0.2,-1.7,9.4,0.0,0.9033420085906982,0.0,0.0010301172733306885,1.0,1.0,7.9,0.15400000000000003,True,True,False
32.64190673828125,stand_post,2.64190673828125,0.0,0.0,0.0,-0.0272707695624114,0.01090830782496456,0.04145156973486533,0.0,-1.7,9.31,0.0,0.9015571475028992,0.0,0.0011624842882156372,1.0,1.0,7.9,0.15400000000000003,True,True,False
32.66228914260864,stand_post,2.6622891426086426,0.0,0.0,0.0,-0.018544123302439753,0.04145156973486533,-0.003272492347489368,0.14,-1.75,9.35,0.0,0.9010401368141174,0.0,0.0016435086727142334,1.0,1.0,7.9,0.15400000000000003,True,True,False
32.6826605796814,stand_post,2.6826605796813965,0.0,0.0,0.0,0.014180800172453928,0.05235987755982989,-0.016362461737446838,0.13,-1.6300000000000001,9.24,0.0,0.9019964337348938,0.0,0.0009233355522155762,1.0,1.0,7.9,0.15400000000000003,True,True,False
32.7030234336853,stand_post,2.7030234336853027,0.0,0.0,0.0,0.04036073895236887,0.038179077387375956,-0.05126904677733343,-0.07,-1.69,9.34,0.153,0.9039972424507141,0.0,0.0019385218620300293,1.0,1.0,7.9,0.15400000000000003,True,True,False
32.723388671875,stand_post,2.723388671875,0.0,0.0,0.0,0.05999569303730508,0.04145156973486533,-0.050178215994836975,-0.07,-1.56,9.200000000000001,0.0,0.9056302309036255,0.0,0.0008379966020584106,1.0,1.0,7.8,0.17900000000000002,True,True,False
32.74479079246521,stand_post,2.74479079246521,0.0,0.0,0.0,0.05999569303730508,0.055632369907319255,-0.04799655442984406,-0.1,-1.35,9.3,0.077,0.9068005084991455,0.0,0.0008231252431869507,1.0,1.0,7.8,0.17900000000000002,True,True,False
32.76522707939148,stand_post,2.7652270793914795,0.0,0.0,0.0,0.04799655442984406,0.06981317007977318,-0.044724062082354694,0.11,-1.33,9.31,0.0,0.9071944952011108,0.0,0.001398429274559021,1.0,1.0,7.8,0.17900000000000002,True,True,False
32.785605907440186,stand_post,2.7856059074401855,0.0,0.0,0.0,0.03599741582238305,0.05781403147231216,-0.032724923474893676,0.06,-1.34,9.23,0.0,0.9077962040901184,0.0,0.001084744930267334,1.0,1.0,7.8,0.17900000000000002,True,True,False
32.80597114562988,stand_post,2.805971145629883,0.0,0.0,0.0,0.025089107997418487,0.05781403147231216,-0.00545415391248228,-0.26,-1.46,9.25,0.077,0.9083690047264099,0.0,0.002037927508354187,1.0,1.0,7.8,0.17900000000000002,True,True,False
32.826393127441406,stand_post,2.8263931274414062,0.0,0.0,0.0,0.019634954084936207,0.06763150851478027,0.009817477042468103,-0.1,-1.57,9.33,0.0,0.9085678458213806,0.0,0.0016274675726890564,1.0,1.0,7.8,0.17900000000000002,True,True,False
32.84677171707153,stand_post,2.846771717071533,0.0,0.0,0.0,0.002181661564992912,0.09053895494720585,0.004363323129985824,-0.12,-1.59,9.28,0.0,0.9086672067642212,0.0,0.001434922218322754,1.0,1.0,7.8,0.17900000000000002,True,True,False
32.86714172363281,stand_post,2.8671417236328125,0.0,0.0,0.0,0.00545415391248228,0.09490227807719166,0.028361600344907856,-0.16,-1.46,9.24,0.0,0.9092734456062317,0.0,0.0013024210929870605,1.0,1.0,7.8,0.17900000000000002,True,True,False
32.88763165473938,stand_post,2.88763165473938,0.0,0.0,0.0,0.017453292519943295,0.08290313946973066,0.009817477042468103,-0.17,-1.71,9.39,0.0,0.9103488326072693,0.0,0.0016511976718902588,1.0,1.0,7.8,0.17900000000000002,True,True,False
32.90799069404602,stand_post,2.9079906940460205,0.0,0.0,0.0,0.032724923474893676,0.08072147790473774,0.015271630954950384,-0.06,-1.51,9.09,0.0,0.9111700654029846,0.0,0.0005297064781188965,1.0,1.0,7.8,0.17900000000000002,True,True,False
32.92835760116577,stand_post,2.9283576011657715,0.0,0.0,0.0,0.04363323129985824,0.06872233929727672,0.015271630954950384,-0.29,-1.44,9.3,0.0,0.9127663373947144,0.0,0.002186879515647888,1.0,1.0,7.9,0.192,True,True,False
32.94872713088989,stand_post,2.9487271308898926,0.0,0.0,0.0,0.04363323129985824,0.07526732399225546,0.007635815477475192,-0.3,-1.35,9.28,0.0,0.9136244654655457,0.0,0.0014000460505485535,1.0,1.0,7.9,0.192,True,True,False
32.969162464141846,stand_post,2.9691624641418457,0.0,0.0,0.0,0.019634954084936207,0.09490227807719166,0.002181661564992912,-0.14,-1.41,9.53,0.077,0.9139608144760132,0.0,0.0008581355214118958,1.0,1.0,7.9,0.192,True,True,False
32.98954463005066,stand_post,2.989544630050659,0.0,0.0,0.0,0.014180800172453928,0.12980886311707826,0.017453292519943295,-0.12,-1.3800000000000001,9.28,0.077,0.9138106107711792,0.0,0.0024424120783805847,1.0,1.0,7.9,0.192,True,True,False
