time_s,phase,phase_elapsed_s,cmd_x,cmd_y,cmd_yaw,gyro_x,gyro_y,gyro_z,accel_x,accel_y,accel_z,joint_vel_abs_max,action_abs_max,action_saturation_frac,target_delta_abs_max,left_contact,right_contact,min_voltage,sum_abs_current,obs_finite,action_finite,missed_deadline
0.0002505779266357422,stand_pre,0.0002505779266357422,0.0,0.0,0.0,-0.6185010536754906,0.4505131131710363,0.25634523388666713,-1.3900000000000001,-4.0,7.3,0.077,0.9024645686149597,0.0,0.18049292266368866,1.0,1.0,7.7,0.064,True,True,True
0.033831119537353516,stand_pre,0.033831119537353516,0.0,0.0,0.0,-0.13744467859455345,-0.008726646259971648,0.4406956361285682,-1.45,-3.97,7.29,0.0,0.7599504590034485,0.0,0.12102736160159111,1.0,1.0,7.7,0.064,True,True,False
0.05445075035095215,stand_pre,0.05445075035095215,0.0,0.0,0.0,-0.014180800172453928,-0.04581489286485115,-0.00545415391248228,0.08,-0.27,9.15,0.46,0.7732529044151306,0.0,0.05091517747496255,1.0,1.0,7.7,0.064,True,True,False
0.0749208927154541,stand_pre,0.0749208927154541,0.0,0.0,0.0,-0.016362461737446838,-0.07417649320975901,-0.030543261909900768,0.17,-0.13,9.06,1.458,0.8097113370895386,0.0,0.0420359643176198,1.0,1.0,7.7,0.064,True,True,False
0.09576106071472168,stand_pre,0.09576106071472168,0.0,0.0,0.0,-0.08944812416470939,-0.18216874067690814,-0.09708393964218458,0.25,1.49,7.26,2.071,0.8164416551589966,0.0,0.0212467759847641,1.0,1.0,7.7,0.064,True,True,False
0.1163947582244873,stand_pre,0.1163947582244873,0.0,0.0,0.0,-0.6959500392327389,-0.5912302841130791,-0.38942658935123475,2.2600000000000002,-0.04,8.85,1.841,0.885677695274353,0.0,0.03262267354875803,1.0,1.0,7.7,0.064,True,True,False
0.13679814338684082,stand_pre,0.13679814338684082,0.0,0.0,0.0,-1.521708941582556,-0.5683228376806536,-0.5312345910757741,1.07,0.78,8.51,1.688,0.8642501831054688,0.0,0.017415132373571396,1.0,1.0,7.7,0.064,True,True,False
0.1572713851928711,stand_pre,0.1572713851928711,0.0,0.0,0.0,-1.660244450959606,-0.8573929950422144,-0.004363323129985824,1.02,-1.36,8.78,1.458,0.8466862440109253,0.0,0.02315549273043871,1.0,1.0,7.7,0.064,True,True,False
0.17787551879882812,stand_pre,0.17787551879882812,0.0,0.0,0.0,-1.457349925415265,-0.9959285044192643,0.693768377667746,1.02,-1.36,8.78,0.844,0.8314356207847595,0.0,0.0302647789940238,1.0,1.0,7.7,0.064,True,True,False
0.1984395980834961,stand_pre,0.1984395980834961,0.0,0.0,0.0,-0.9075712110370514,-0.6828600698427815,1.1519173063162575,1.02,-1.36,8.78,0.46,0.8068743348121643,0.0,0.018568094819784164,1.0,1.0,7.7,0.064,True,True,False
0.21889376640319824,stand_pre,0.21889376640319824,0.0,0.0,0.0,-0.3337942194439155,-0.16580627893946132,1.3842642629880026,0.91,-2.25,8.700000000000001,0.614,0.8312196731567383,0.0,0.03981112316250801,1.0,1.0,7.7,0.355,True,True,False
0.23927664756774902,stand_pre,0.23927664756774902,0.0,0.0,0.0,-0.24870941840919197,-0.04363323129985824,0.767944870877505,1.44,-4.13,8.6,0.46,0.8559666872024536,0.0,0.030956147238612175,1.0,1.0,7.7,0.355,True,True,False
0.2597053050994873,stand_pre,0.2597053050994873,0.0,0.0,0.0,-0.2399827721492203,-0.07635815477475191,0.5399612373357457,1.41,-1.34,9.370000000000001,0.537,0.8331974148750305,0.0,0.01377011463046074,1.0,1.0,7.7,0.355,True,True,False
0.2802600860595703,stand_pre,0.2802600860595703,0.0,0.0,0.0,0.0272707695624114,0.02181661564992912,-0.2476185876266955,1.3,-1.8,6.53,0.614,0.8745360374450684,0.0,0.04025377333164215,1.0,1.0,7.7,0.355,True,True,False
0.30061960220336914,stand_pre,0.30061960220336914,0.0,0.0,0.0,0.16798794050445423,-0.19634954084936207,-0.557414529855689,1.03,-2.44,8.33,0.46,0.9032371044158936,0.0,0.020548373460769653,1.0,1.0,7.7,0.355,True,True,False
0.32111573219299316,stand_pre,0.32111573219299316,0.0,0.0,0.0,0.08726646259971647,-0.17998707911191522,-0.6152285613280012,1.03,-2.44,8.33,0.46,0.9091407656669617,0.0,0.012082904577255249,1.0,1.0,7.7,0.355,True,True,False
0.34160757064819336,stand_pre,0.34160757064819336,0.0,0.0,0.0,-0.055632369907319255,0.18762289458939044,-0.358883327441334,-0.09,-2.16,9.4,0.537,0.8949437737464905,0.0,0.026838218793272972,1.0,1.0,7.7,0.355,True,True,False
0.3620138168334961,stand_pre,0.3620138168334961,0.0,0.0,0.0,-0.07090400086226964,0.06763150851478027,-0.346884188833873,-0.09,-2.16,9.4,0.46,0.9074599146842957,0.0,0.004944920539855957,1.0,1.0,7.7,0.355,True,True,False
0.38237881660461426,stand_pre,0.38237881660461426,0.0,0.0,0.0,0.1559888018969932,-0.08399397025222712,0.4690572364734761,4.37,-1.7,8.91,0.46,0.8440342545509338,0.0,0.025086015462875366,1.0,1.0,7.7,0.355,True,True,False
0.4028172492980957,stand_pre,0.4028172492980957,0.0,0.0,0.0,0.09817477042468103,-0.11780972450961724,0.9882926889417891,2.35,-1.1300000000000001,7.83,0.6899999999999998,0.8168410658836365,0.0,0.02788669243454933,1.0,1.0,7.7,0.355,True,True,False
0.4233427047729492,stand_pre,0.4233427047729492,0.0,0.0,0.0,-0.018544123302439753,-0.22689280275926285,1.3177235852557188,0.47000000000000003,0.16,7.74,0.537,0.8058088421821594,0.0,0.015225715935230255,1.0,1.0,7.7,0.22500000000000003,True,True,False
0.4437098503112793,stand_pre,0.4437098503112793,0.0,0.0,0.0,-0.09381144729469522,-0.34797501961636945,1.1759155835311796,1.07,-0.18,9.33,0.384,0.8009418249130249,0.0,0.012301169335842133,1.0,1.0,7.7,0.22500000000000003,True,True,False
0.4641900062561035,stand_pre,0.4641900062561035,0.0,0.0,0.0,-0.13199052468207118,-0.2203478180642841,0.7733990247899872,1.07,-0.18,9.33,0.537,0.8215059041976929,0.0,0.017572715878486633,1.0,1.0,7.7,0.22500000000000003,True,True,False
0.48455381393432617,stand_pre,0.48455381393432617,0.0,0.0,0.0,-0.22252947962927702,0.017453292519943295,0.19525871006686563,0.93,0.13,8.78,0.46,0.8561070561408997,0.0,0.024422578513622284,1.0,1.0,7.7,0.22500000000000003,True,True,False
0.504920482635498,stand_pre,0.504920482635498,0.0,0.0,0.0,-0.27598018797160334,0.09926560120717749,-0.46469391334349025,1.31,-0.74,9.790000000000001,0.46,0.8949711322784424,0.0,0.019369497895240784,1.0,1.0,7.7,0.22500000000000003,True,True,False
0.5253145694732666,stand_pre,0.5253145694732666,0.0,0.0,0.0,-0.11126473981463851,0.2585268954516601,-0.753764070705051,1.09,-2.8000000000000003,9.43,0.384,0.9094884395599365,0.0,0.010266967117786407,1.0,1.0,7.7,0.22500000000000003,True,True,False
0.5456922054290771,stand_pre,0.5456922054290771,0.0,0.0,0.0,0.12326387842209953,0.2552544031041707,-0.5617778529856748,1.09,-2.8000000000000003,9.43,0.307,0.9061880707740784,0.0,0.0040273889899253845,1.0,1.0,7.7,0.22500000000000003,True,True,False
0.5660622119903564,stand_pre,0.5660622119903564,0.0,0.0,0.0,0.22580197197676638,0.14726215563702155,-0.20507618710933373,1.09,-2.8000000000000003,9.43,0.307,0.9032284617424011,0.0,0.008610032498836517,1.0,1.0,7.7,0.22500000000000003,True,True,False
0.5864212512969971,stand_pre,0.5864212512969971,0.0,0.0,0.0,0.12435470920459599,0.05235987755982989,0.09490227807719166,1.09,-2.8000000000000003,9.43,0.307,0.8928400278091431,0.0,0.00637296587228775,1.0,1.0,7.7,0.22500000000000003,True,True,False
0.6068906784057617,stand_pre,0.6068906784057617,0.0,0.0,0.0,0.01090830782496456,0.0719948316447661,0.45160394395353276,1.08,-1.72,8.57,0.537,0.871522843837738,0.0,0.010191239416599274,1.0,1.0,7.7,0.22500000000000003,True,True,False
0.6272487640380859,stand_pre,0.6272487640380859,0.0,0.0,0.0,0.04363323129985824,-0.02399827721492203,0.6261368691529657,1.46,-1.24,7.78,0.537,0.8567459583282471,0.0,0.007524318527430296,1.0,1.0,7.7,0.114,True,True,False
0.6476020812988281,stand_pre,0.6476020812988281,0.0,0.0,0.0,0.07308566242726255,-0.13308135546456762,0.6959500392327389,1.34,-0.9500000000000001,8.93,0.23,0.8518475294113159,0.0,0.005785733112134039,1.0,1.0,7.7,0.114,True,True,False
0.6680665016174316,stand_pre,0.6680665016174316,0.0,0.0,0.0,0.020725784867432664,-0.05235987755982989,0.6730425928003133,1.34,-0.9500000000000001,8.93,0.153,0.8513098955154419,0.0,0.006170332431793213,1.0,1.0,7.7,0.114,True,True,False
0.6884489059448242,stand_pre,0.6884489059448242,0.0,0.0,0.0,-0.026179938779914945,0.17780541754692233,0.4232423436086249,0.44,-1.03,9.75,0.307,0.8678359389305115,0.0,0.010763131082057953,1.0,1.0,7.7,0.114,True,True,False
0.7088179588317871,stand_pre,0.7088179588317871,0.0,0.0,0.0,-0.07744898555724837,0.22362031041177347,0.1930770485018727,1.1,-0.91,9.64,0.153,0.8771825432777405,0.0,0.006516195833683014,1.0,1.0,7.7,0.114,True,True,False
0.7291910648345947,stand_pre,0.7291910648345947,0.0,0.0,0.0,-0.1189005552921137,0.33597588100890846,-0.1265363707695889,0.52,-2.34,9.3,0.23,0.8923006057739258,0.0,0.006611675024032593,1.0,1.0,7.7,0.114,True,True,False
0.7495496273040771,stand_pre,0.7495496273040771,0.0,0.0,0.0,-0.031634092692397225,0.30543261909900765,-0.22907446432425577,0.03,-2.61,9.35,0.23,0.9010563492774963,0.0,0.0043317899107933044,1.0,1.0,7.7,0.114,True,True,False
0.7699110507965088,stand_pre,0.7699110507965088,0.0,0.0,0.0,0.07744898555724837,0.2181661564992912,-0.17889624832941878,0.1,-2.5300000000000002,8.790000000000001,0.153,0.904656171798706,0.0,0.003010965883731842,1.0,1.0,7.7,0.114,True,True,False
0.7902936935424805,stand_pre,0.7902936935424805,0.0,0.0,0.0,0.06435901616729091,0.12544553998709243,-0.12326387842209953,0.53,-2.36,8.72,0.077,0.9054224491119385,0.0,0.0024842023849487305,1.0,1.0,7.7,0.114,True,True,False
0.8108346462249756,stand_pre,0.8108346462249756,0.0,0.0,0.0,0.05999569303730508,0.10362892433716332,-0.014180800172453928,0.78,-2.19,9.120000000000001,0.077,0.9057987928390503,0.0,0.0017874836921691895,1.0,1.0,7.7,0.114,True,True,False
0.8311924934387207,stand_pre,0.8311924934387207,0.0,0.0,0.0,0.11453723216212788,0.06981317007977318,0.14289883250703572,0.67,-1.01,8.98,0.077,0.906399130821228,0.0,0.004339545965194702,1.0,1.0,7.7,0.118,True,True,False
0.8515670299530029,stand_pre,0.8515670299530029,0.0,0.0,0.0,0.08726646259971647,0.038179077387375956,0.12435470920459599,0.4,-0.99,9.040000000000001,0.077,0.9078996777534485,0.0,0.001431301236152649,1.0,1.0,7.7,0.118,True,True,False
0.8720004558563232,stand_pre,0.8720004558563232,0.0,0.0,0.0,0.019634954084936207,0.0719948316447661,0.05672320068981571,-0.01,-1.27,9.41,0.077,0.9087734222412109,0.0,0.004052907228469849,1.0,1.0,7.7,0.118,True,True,False
0.8923757076263428,stand_pre,0.8923757076263428,0.0,0.0,0.0,0.001090830782496456,0.0545415391248228,0.08508480103472356,0.29,-1.06,9.38,0.077,0.909030020236969,0.0,0.0012535080313682556,1.0,1.0,7.7,0.118,True,True,False
0.912851095199585,stand_pre,0.912851095199585,0.0,0.0,0.0,-0.030543261909900768,0.04799655442984406,0.05672320068981571,0.53,-1.33,8.48,0.077,0.908197820186615,0.0,0.0009066089987754822,1.0,1.0,7.7,0.118,True,True,False
0.9332196712493896,stand_pre,0.9332196712493896,0.0,0.0,0.0,-0.05345070834232634,-0.01090830782496456,0.02945243112740431,0.08,-2.07,9.39,0.077,0.9100650548934937,0.0,0.002354554831981659,1.0,1.0,7.7,0.118,True,True,False
0.9535939693450928,stand_pre,0.9535939693450928,0.0,0.0,0.0,-0.02181661564992912,-0.001090830782496456,0.04145156973486533,0.17,-1.7,9.08,0.077,0.9106078147888184,0.0,0.0012714192271232605,1.0,1.0,7.7,0.118,True,True,False
0.9741106033325195,stand_pre,0.9741106033325195,0.0,0.0,0.0,-0.02181661564992912,-0.04581489286485115,-0.05999569303730508,0.39,-1.74,9.16,0.077,0.9126121401786804,0.0,0.00463828444480896,1.0,1.0,7.7,0.118,True,True,False
0.9944858551025391,stand_pre,0.9944858551025391,0.0,0.0,0.0,-0.01090830782496456,-0.055632369907319255,-0.06872233929727672,0.34,-1.83,9.290000000000001,0.0,0.9127786159515381,0.0,0.0012571215629577637,1.0,1.0,7.7,0.118,True,True,False
1.0149824619293213,stand_pre,1.0149824619293213,0.0,0.0,0.0,-0.011999138607461015,-0.07308566242726255,-0.07417649320975901,0.39,-1.81,9.0,0.077,0.9122058153152466,0.0,0.001186758279800415,1.0,1.0,7.7,0.118,True,True,False
1.035447120666504,stand_pre,1.035447120666504,0.0,0.0,0.0,-0.019634954084936207,-0.11780972450961724,-0.07417649320975901,0.42,-1.81,9.13,0.0,0.911374568939209,0.0,0.0027198120951652527,1.0,1.0,7.7,0.123,True,True,False
1.0560564994812012,stand_pre,1.0560564994812012,0.0,0.0,0.0,-0.018544123302439753,-0.1341721862470641,-0.026179938779914945,0.67,-1.5,9.21,0.077,0.9090250730514526,0.0,0.0015486553311347961,1.0,1.0,7.7,0.123,True,True,False
1.0764544010162354,stand_pre,1.0764544010162354,0.0,0.0,0.0,-0.04254240051736178,-0.13308135546456762,-0.020725784867432664,0.58,-1.27,9.26,0.077,0.9073334336280823,0.0,0.0007622689008712769,1.0,1.0,7.7,0.123,True,True,False
1.096867322921753,stand_pre,1.096867322921753,0.0,0.0,0.0,-0.055632369907319255,-0.12980886311707826,-0.028361600344907856,0.64,-1.37,9.25,0.077,0.9053381085395813,0.0,0.0009923353791236877,1.0,1.0,7.7,0.123,True,True,False
1.1172356605529785,stand_pre,1.1172356605529785,0.0,0.0,0.0,-0.07090400086226964,-0.11999138607461016,-0.039269908169872414,0.68,-1.44,9.25,0.077,0.9036860466003418,0.0,0.0007939860224723816,1.0,1.0,7.7,0.123,True,True,False
1.1376502513885498,stand_pre,1.1376502513885498,0.0,0.0,0.0,-0.06326818538479445,-0.12871803233458182,-0.04363323129985824,0.8,-1.93,9.1,0.0,0.901964545249939,0.0,0.0010392442345619202,1.0,1.0,7.7,0.123,True,True,False
1.1580150127410889,stand_pre,1.1580150127410889,0.0,0.0,0.0,-0.0545415391248228,-0.12217304763960307,-0.0272707695624114,0.86,-1.95,9.14,0.0,0.900911271572113,0.0,0.0006500482559204102,1.0,1.0,7.7,0.123,True,True,False
1.1783735752105713,stand_pre,1.1783735752105713,0.0,0.0,0.0,-0.026179938779914945,-0.11671889372712078,-0.03490658503988659,0.9500000000000001,-1.93,9.24,0.0,0.9014110565185547,0.0,0.0005247816443443298,1.0,1.0,7.7,0.123,True,True,False
1.198740005493164,stand_pre,1.198740005493164,0.0,0.0,0.0,-0.013089969389957472,-0.08944812416470939,-0.05999569303730508,0.87,-2.06,9.23,0.0,0.9020654559135437,0.0,0.0011553391814231873,1.0,1.0,7.7,0.123,True,True,False
1.2191007137298584,stand_pre,1.2191007137298584,0.0,0.0,0.0,-0.009817477042468103,-0.06654067773228381,-0.05890486225480862,0.9400000000000001,-1.93,9.18,0.0,0.9021561145782471,0.0,0.0016751140356063843,1.0,1.0,7.7,0.123,True,True,False
1.2395730018615723,stand_pre,1.2395730018615723,0.0,0.0,0.0,0.003272492347489368,-0.037088246604879506,-0.044724062082354694,1.1300000000000001,-1.76,9.25,0.0,0.9020374417304993,0.0,0.002211526036262512,1.0,1.0,7.7,0.134,True,True,False
1.2599351406097412,stand_pre,1.2599351406097412,0.0,0.0,0.0,0.00545415391248228,-0.019634954084936207,-0.0272707695624114,1.1400000000000001,-1.78,9.25,0.0,0.9019126892089844,0.0,0.0019066333770751953,1.0,1.0,7.7,0.134,True,True,False
1.280304193496704,stand_pre,1.280304193496704,0.0,0.0,0.0,-0.001090830782496456,0.007635815477475192,0.001090830782496456,1.0,-1.96,9.24,0.0,0.9014254212379456,0.0,0.0025336965918540955,1.0,1.0,7.7,0.134,True,True,False
1.3006742000579834,stand_pre,1.3006742000579834,0.0,0.0,0.0,0.006544984694978736,0.038179077387375956,0.05235987755982989,1.01,-1.69,9.22,0.0,0.9010155200958252,0.0,0.002766825258731842,1.0,1.0,7.7,0.134,True,True,False
1.3210504055023193,stand_pre,1.3210504055023193,0.0,0.0,0.0,0.009817477042468103,0.06326818538479445,0.05126904677733343,1.02,-1.7,9.25,0.077,0.9016498923301697,0.0,0.0016048327088356018,1.0,1.0,7.7,0.134,True,True,False
1.3414428234100342,stand_pre,1.3414428234100342,0.0,0.0,0.0,0.014180800172453928,0.07526732399225546,0.05235987755982989,0.87,-1.81,9.06,0.0,0.902758002281189,0.0,0.0009096413850784302,1.0,1.0,7.7,0.134,True,True,False
1.3618218898773193,stand_pre,1.3618218898773193,0.0,0.0,0.0,0.018544123302439753,0.07090400086226964,0.07090400086226964,0.89,-1.7,9.0,0.0,0.903634250164032,0.0,0.0006909370422363281,1.0,1.0,7.7,0.134,True,True,False
1.3821957111358643,stand_pre,1.3821957111358643,0.0,0.0,0.0,0.016362461737446838,0.08835729338221293,0.055632369907319255,0.53,-1.8900000000000001,9.200000000000001,0.0,0.9054052829742432,0.0,0.00241648405790329,1.0,1.0,7.7,0.134,True,True,False
1.4025604724884033,stand_pre,1.4025604724884033,0.0,0.0,0.0,0.016362461737446838,0.08617563181722002,0.0545415391248228,0.66,-1.79,9.13,0.0,0.9062789678573608,0.0,0.0005263686180114746,1.0,1.0,7.7,0.134,True,True,False
1.4230446815490723,stand_pre,1.4230446815490723,0.0,0.0,0.0,0.017453292519943295,0.0916297857297023,0.025089107997418487,0.65,-1.82,9.07,0.077,0.9077451825141907,0.0,0.0013595148921012878,1.0,1.0,7.7,0.134,True,True,False
1.4434013366699219,stand_pre,1.4434013366699219,0.0,0.0,0.0,0.0272707695624114,0.06654067773228381,0.02945243112740431,0.6900000000000001,-1.71,9.03,0.0,0.9090580940246582,0.0,0.00108443945646286,1.0,1.0,7.7,0.137,True,True,False
1.4637548923492432,stand_pre,1.4637548923492432,0.0,0.0,0.0,0.016362461737446838,0.061086523819801536,0.038179077387375956,0.55,-1.55,9.02,0.0,0.9098710417747498,0.0,0.0011044219136238098,1.0,1.0,7.7,0.137,True,True,False
1.4843523502349854,stand_pre,1.4843523502349854,0.0,0.0,0.0,0.011999138607461015,0.05235987755982989,0.009817477042468103,0.45,-1.43,9.32,0.0,0.9114218950271606,0.0,0.0011641383171081543,1.0,1.0,7.7,0.137,True,True,False
1.5047276020050049,stand_pre,1.5047276020050049,0.0,0.0,0.0,0.004363323129985824,0.04363323129985824,-0.025089107997418487,0.47000000000000003,-1.56,8.870000000000001,0.0,0.9115192294120789,0.0,0.001139998435974121,1.0,1.0,7.7,0.137,True,True,False
1.5250937938690186,stand_pre,1.5250937938690186,0.0,0.0,0.0,-0.009817477042468103,0.014180800172453928,-0.011999138607461015,0.54,-1.9000000000000001,9.19,0.0,0.9108259081840515,0.0,0.0009021759033203125,1.0,1.0,7.7,0.137,True,True,False
1.5454628467559814,stand_pre,1.5454628467559814,0.0,0.0,0.0,0.0,-0.017453292519943295,0.004363323129985824,0.46,-1.67,9.13,0.0,0.9106261134147644,0.0,0.0012812092900276184,1.0,1.0,7.7,0.137,True,True,False
1.5658369064331055,stand_pre,1.5658369064331055,0.0,0.0,0.0,0.006544984694978736,-0.02945243112740431,-0.009817477042468103,0.46,-1.57,9.19,0.0,0.9101369380950928,0.0,0.001083269715309143,1.0,1.0,7.7,0.137,True,True,False
1.58628511428833,stand_pre,1.58628511428833,0.0,0.0,0.0,-0.01090830782496456,-0.04254240051736178,-0.018544123302439753,0.5700000000000001,-1.54,9.200000000000001,0.0,0.9085138440132141,0.0,0.0010571330785751343,1.0,1.0,7.7,0.137,True,True,False
1.606698989868164,stand_pre,1.606698989868164,0.0,0.0,0.0,-0.020725784867432664,-0.03599741582238305,-0.026179938779914945,0.66,-1.5,9.13,0.0,0.9066346287727356,0.0,0.0009199380874633789,1.0,1.0,7.7,0.137,True,True,False
1.6271405220031738,stand_pre,1.6271405220031738,0.0,0.0,0.0,-0.018544123302439753,-0.04799655442984406,-0.025089107997418487,0.61,-1.74,9.26,0.0,0.9044321775436401,0.0,0.0010835081338882446,1.0,1.0,7.7,0.137,True,True,False
1.6475071907043457,stand_pre,1.6475071907043457,0.0,0.0,0.0,-0.028361600344907856,-0.055632369907319255,-0.015271630954950384,0.61,-1.71,9.06,0.0,0.9025272130966187,0.0,0.0010042265057563782,1.0,1.0,7.7,0.128,True,True,False
1.6678667068481445,stand_pre,1.6678667068481445,0.0,0.0,0.0,-0.028361600344907856,-0.06763150851478027,-0.019634954084936207,0.7000000000000001,-1.82,9.25,0.0,0.9011581540107727,0.0,0.0014911890029907227,1.0,1.0,7.7,0.128,True,True,False
1.688317060470581,stand_pre,1.688317060470581,0.0,0.0,0.0,-0.025089107997418487,-0.05999569303730508,-0.019634954084936207,0.72,-1.85,9.14,0.0,0.900253415107727,0.0,0.0005946159362792969,1.0,1.0,7.7,0.128,True,True,False
1.7086901664733887,stand_pre,1.7086901664733887,0.0,0.0,0.0,-0.019634954084936207,-0.05781403147231216,-0.022907446432425576,0.76,-1.94,9.13,0.0,0.8998015522956848,0.0,0.00045847147703170776,1.0,1.0,7.7,0.128,True,True,False
1.7290558815002441,stand_pre,1.7290558815002441,0.0,0.0,0.0,-0.011999138607461015,-0.0545415391248228,-0.0272707695624114,0.78,-1.92,9.17,0.0,0.9001572728157043,0.0,0.00039089471101760864,1.0,1.0,7.7,0.128,True,True,False
1.749422550201416,stand_pre,1.749422550201416,0.0,0.0,0.0,-0.003272492347489368,-0.04908738521234052,-0.022907446432425576,0.79,-1.86,9.15,0.0,0.9005786776542664,0.0,0.0005462169647216797,1.0,1.0,7.7,0.128,True,True,False
1.7699036598205566,stand_pre,1.7699036598205566,0.0,0.0,0.0,0.002181661564992912,-0.030543261909900768,-0.017453292519943295,0.85,-1.79,9.13,0.0,0.900690495967865,0.0,0.0014682412147521973,1.0,1.0,7.7,0.128,True,True,False
1.7902863025665283,stand_pre,1.7902863025665283,0.0,0.0,0.0,0.001090830782496456,-0.02399827721492203,-0.01090830782496456,0.88,-1.75,9.200000000000001,0.0,0.9009614586830139,0.0,0.0011618584394454956,1.0,1.0,7.7,0.128,True,True,False
1.8106598854064941,stand_pre,1.8106598854064941,0.0,0.0,0.0,0.003272492347489368,-0.009817477042468103,-0.002181661564992912,0.87,-1.71,9.17,0.0,0.9013329744338989,0.0,0.0015838295221328735,1.0,1.0,7.7,0.128,True,True,False
1.831024169921875,stand_pre,1.831024169921875,0.0,0.0,0.0,0.004363323129985824,0.007635815477475192,0.007635815477475192,0.85,-1.73,9.18,0.0,0.9017155766487122,0.0,0.0017101764678955078,1.0,1.0,7.7,0.128,True,True,False
1.8513891696929932,stand_pre,1.8513891696929932,0.0,0.0,0.0,0.004363323129985824,0.02181661564992912,0.022907446432425576,0.79,-1.73,9.15,0.0,0.9021815657615662,0.0,0.0014908313751220703,1.0,1.0,7.7,0.129,True,True,False
1.8717477321624756,stand_pre,1.8717477321624756,0.0,0.0,0.0,0.002181661564992912,0.0272707695624114,0.02945243112740431,0.76,-1.8,9.15,0.0,0.9028881192207336,0.0,0.0009197220206260681,1.0,1.0,7.7,0.129,True,True,False
1.8921191692352295,stand_pre,1.8921191692352295,0.0,0.0,0.0,0.001090830782496456,0.03599741582238305,0.028361600344907856,0.75,-1.85,9.18,0.0,0.9039000868797302,0.0,0.0007677674293518066,1.0,1.0,7.7,0.129,True,True,False
1.9125308990478516,stand_pre,1.9125308990478516,0.0,0.0,0.0,0.006544984694978736,0.03490658503988659,0.020725784867432664,0.77,-1.83,9.200000000000001,0.0,0.905317485332489,0.0,0.0008767545223236084,1.0,1.0,7.7,0.129,True,True,False
1.9328880310058594,stand_pre,1.9328880310058594,0.0,0.0,0.0,0.01090830782496456,0.04145156973486533,0.02945243112740431,0.7000000000000001,-1.73,9.17,0.0,0.9064611196517944,0.0,0.0010007619857788086,1.0,1.0,7.7,0.129,True,True,False
1.9532556533813477,stand_pre,1.9532556533813477,0.0,0.0,0.0,0.013089969389957472,0.04363323129985824,0.019634954084936207,0.63,-1.79,9.19,0.0,0.9076610207557678,0.0,0.0014107078313827515,1.0,1.0,7.7,0.129,True,True,False
1.9737286567687988,stand_pre,1.9737286567687988,0.0,0.0,0.0,0.020725784867432664,0.04581489286485115,0.01090830782496456,0.63,-1.72,9.1,0.0,0.9088480472564697,0.0,0.0008630678057670593,1.0,1.0,7.7,0.129,True,True,False
1.994204044342041,stand_pre,1.994204044342041,0.0,0.0,0.0,0.020725784867432664,0.04254240051736178,0.017453292519943295,0.64,-1.72,9.11,0.0,0.9097161293029785,0.0,0.000558018684387207,1.0,1.0,7.7,0.129,True,True,False
2.01456356048584,forward_005,0.014563560485839844,0.05,0.0,0.0,0.006544984694978736,0.03381575425739013,0.017453292519943295,0.56,-1.68,9.23,0.0,0.8222697973251343,0.0,0.04754876345396042,1.0,1.0,7.7,0.129,True,True,False
2.03495454788208,forward_005,0.03495454788208008,0.05,0.0,0.0,0.007635815477475192,0.032724923474893676,0.019634954084936207,0.6,-1.71,9.290000000000001,0.0,0.8215885162353516,0.0,0.007620722055435181,1.0,1.0,7.7,0.129,True,True,False
2.0553407669067383,forward_005,0.05534076690673828,0.05,0.0,0.0,0.00545415391248228,0.02181661564992912,0.003272492347489368,0.55,-1.7,9.16,0.153,0.816968560218811,0.0,0.0035333335399627686,1.0,1.0,7.7,0.19300000000000003,True,True,False
2.0762877464294434,forward_005,0.07628774642944336,0.05,0.0,0.0,0.00545415391248228,0.00545415391248228,0.002181661564992912,0.56,-1.74,9.290000000000001,0.537,0.810545802116394,0.0,0.00827724114060402,1.0,1.0,7.7,0.19300000000000003,True,True,False
2.096663236618042,forward_005,0.09666323661804199,0.05,0.0,0.0,0.016362461737446838,0.03490658503988659,-0.013089969389957472,1.07,-1.22,9.31,0.384,0.8096573948860168,0.0,0.003138827858492732,1.0,1.0,7.7,0.19300000000000003,True,True,False
2.117140293121338,forward_005,0.11714029312133789,0.05,0.0,0.0,0.0818123086872342,0.09926560120717749,-0.09926560120717749,1.07,-1.22,9.31,0.46,0.809990406036377,0.0,0.004157578106969595,1.0,1.0,7.7,0.19300000000000003,True,True,False
2.137543201446533,forward_005,0.1375432014465332,0.05,0.0,0.0,0.14726215563702155,0.16035212502697901,-0.17235126363444003,1.11,-1.98,9.44,0.307,0.8077602982521057,0.0,0.004225283861160278,1.0,1.0,7.7,0.19300000000000003,True,True,False
2.157902956008911,forward_005,0.15790295600891113,0.05,0.0,0.0,0.1439896632895322,0.22907446432425577,-0.16035212502697901,1.09,-2.17,9.35,0.384,0.8035264611244202,0.0,0.0028606541454792023,1.0,1.0,7.7,0.19300000000000003,True,True,False
2.178267478942871,forward_005,0.1782674789428711,0.05,0.0,0.0,0.09381144729469522,0.29670597283903605,-0.09708393964218458,0.91,-2.21,9.35,0.23,0.7949756383895874,0.0,0.004681378602981567,1.0,1.0,7.7,0.19300000000000003,True,True,False
2.1986379623413086,forward_005,0.1986379623413086,0.05,0.0,0.0,0.08508480103472356,0.35561083509384467,-0.015271630954950384,0.76,-2.05,8.85,0.23,0.7873101830482483,0.0,0.005088485777378082,1.0,1.0,7.7,0.19300000000000003,True,True,False
2.2189958095550537,forward_005,0.2189958095550537,0.05,0.0,0.0,0.10471975511965978,0.36324665057131983,0.07090400086226964,0.97,-2.0100000000000002,9.200000000000001,0.23,0.7805773019790649,0.0,0.004450835287570953,1.0,1.0,7.7,0.19300000000000003,True,True,False
2.2418510913848877,forward_005,0.2418510913848877,0.05,0.0,0.0,0.14289883250703572,0.3490658503988659,0.136353847812057,0.75,-1.79,9.39,0.153,0.773663341999054,0.0,0.0052046701312065125,1.0,1.0,7.7,0.19300000000000003,True,True,False
2.2622110843658447,forward_005,0.2622110843658447,0.05,0.0,0.0,0.18653206380689397,0.3883357585687383,0.18435040224190105,-0.02,-1.3900000000000001,9.41,0.153,0.7713035941123962,0.0,0.0043619126081466675,1.0,1.0,7.7,0.277,True,True,False
2.282567262649536,forward_005,0.28256726264953613,0.05,0.0,0.0,0.1461713248545251,0.33815754257390135,0.17780541754692233,-0.02,-1.3900000000000001,9.41,0.153,0.7686752676963806,0.0,0.005346518009901047,1.0,1.0,7.7,0.277,True,True,False
2.3030405044555664,forward_005,0.3030405044555664,0.05,0.0,0.0,0.08617563181722002,0.35997415822383044,0.12871803233458182,-0.38,-1.34,9.040000000000001,0.153,0.769747793674469,0.0,0.005534008145332336,1.0,1.0,7.7,0.277,True,True,False
2.3234055042266846,forward_005,0.32340550422668457,0.05,0.0,0.0,0.07090400086226964,0.346884188833873,0.09272061651219876,-0.62,-1.09,9.51,0.153,0.770775556564331,0.0,0.0018907636404037476,1.0,1.0,7.7,0.277,True,True,False
2.3437676429748535,forward_005,0.3437676429748535,0.05,0.0,0.0,0.0818123086872342,0.2977968036215325,-0.01090830782496456,-0.39,-1.24,9.120000000000001,0.23,0.7774019241333008,0.0,0.006713494658470154,1.0,1.0,7.7,0.277,True,True,False
2.3641881942749023,forward_005,0.36418819427490234,0.05,0.0,0.0,0.09490227807719166,0.3436116964863836,-0.1189005552921137,-0.47000000000000003,-1.6,9.120000000000001,0.153,0.7833179831504822,0.0,0.006337765604257584,1.0,1.0,7.7,0.277,True,True,False
2.3845579624176025,forward_005,0.38455796241760254,0.05,0.0,0.0,0.1308996938995747,0.26725354171163174,-0.1505346479845109,-0.66,-1.74,9.15,0.077,0.7895100712776184,0.0,0.006585918366909027,1.0,1.0,7.7,0.277,True,True,False
2.404935598373413,forward_005,0.4049355983734131,0.05,0.0,0.0,0.12544553998709243,0.2519819107566813,-0.12871803233458182,-0.55,-1.93,9.19,0.077,0.7923623323440552,0.0,0.0030096471309661865,1.0,1.0,7.7,0.277,True,True,False
2.425305128097534,forward_005,0.4253051280975342,0.05,0.0,0.0,0.11671889372712078,0.06654067773228381,-0.11344640137963143,-0.27,-1.31,9.39,0.077,0.8026430606842041,0.0,0.012788549065589905,1.0,1.0,7.7,0.277,True,True,False
2.44567608833313,forward_005,0.4456760883331299,0.05,0.0,0.0,0.09053895494720585,0.12980886311707826,-0.020725784867432664,-0.51,-1.19,9.22,0.077,0.7984979152679443,0.0,0.006571441888809204,1.0,1.0,7.7,0.277,True,True,False
2.466029405593872,forward_005,0.46602940559387207,0.05,0.0,0.0,0.07744898555724837,0.07635815477475191,-0.025089107997418487,-0.66,-0.9500000000000001,9.21,0.23,0.8023161888122559,0.0,0.0069167762994766235,1.0,1.0,7.6,0.24500000000000002,True,True,False
2.4863858222961426,forward_005,0.4863858222961426,0.05,0.0,0.0,0.044724062082354694,0.0545415391248228,0.031634092692397225,-0.62,-1.03,9.16,0.153,0.7964046597480774,0.0,0.0048563540913164616,1.0,1.0,7.6,0.24500000000000002,True,True,False
2.5068752765655518,forward_005,0.5068752765655518,0.05,0.0,0.0,0.00545415391248228,0.04036073895236887,0.050178215994836975,-0.42,-0.98,9.16,0.153,0.8010702729225159,0.0,0.0022488832473754883,1.0,1.0,7.6,0.24500000000000002,True,True,False
2.5272579193115234,forward_005,0.5272579193115234,0.05,0.0,0.0,-0.00545415391248228,0.01090830782496456,0.14835298641951802,-0.41000000000000003,-1.42,9.35,0.153,0.7999794483184814,0.0,0.00680878758430481,1.0,1.0,7.6,0.24500000000000002,True,True,False
2.5477399826049805,forward_005,0.5477399826049805,0.05,0.0,0.0,-0.07308566242726255,-0.02399827721492203,0.20507618710933373,-0.6,-1.1500000000000001,9.120000000000001,0.153,0.8064397573471069,0.0,0.005707906559109688,1.0,1.0,7.6,0.24500000000000002,True,True,False
2.568112373352051,forward_005,0.5681123733520508,0.05,0.0,0.0,-0.10690141668465268,-0.05781403147231216,0.23234695667174513,-0.48,-1.08,8.98,0.153,0.8018708825111389,0.0,0.004919718950986862,1.0,1.0,7.6,0.24500000000000002,True,True,False
2.5884768962860107,forward_005,0.5884768962860107,0.05,0.0,0.0,-0.09817477042468103,-0.06326818538479445,0.18544123302439752,-0.5,-1.29,9.52,0.23,0.7976751327514648,0.0,0.0032853633165359497,1.0,1.0,7.6,0.24500000000000002,True,True,False
2.6088309288024902,forward_005,0.6088309288024902,0.05,0.0,0.0,-0.06544984694978735,-0.0272707695624114,0.08508480103472356,-0.36,-1.2,9.26,0.307,0.7784722447395325,0.0,0.005236534401774406,1.0,1.0,7.6,0.24500000000000002,True,True,False
2.6291980743408203,forward_005,0.6291980743408203,0.05,0.0,0.0,-0.019634954084936207,-0.019634954084936207,-0.044724062082354694,0.14,-1.41,9.36,0.23,0.778989315032959,0.0,0.009892947971820831,1.0,1.0,7.6,0.24500000000000002,True,True,False
2.649732828140259,forward_005,0.6497328281402588,0.05,0.0,0.0,0.006544984694978736,0.08835729338221293,-0.19198621771937624,-0.11,-1.78,9.53,0.23,0.799176812171936,0.0,0.011197378858923912,1.0,1.0,7.6,0.24500000000000002,True,True,False
2.6702260971069336,forward_005,0.6702260971069336,0.05,0.0,0.0,0.04363323129985824,0.08617563181722002,-0.31525009614147576,-0.14,-2.32,9.700000000000001,0.23,0.8069102168083191,0.0,0.013775410130620003,1.0,1.0,7.6,0.41500000000000004,True,True,False
2.690596342086792,forward_005,0.690596342086792,0.05,0.0,0.0,0.06981317007977318,0.0916297857297023,-0.26398104936414235,-0.18,-2.24,8.97,0.307,0.8084982633590698,0.0,0.007021402940154076,1.0,1.0,7.6,0.41500000000000004,True,True,False
2.711115598678589,forward_005,0.7111155986785889,0.05,0.0,0.0,0.08399397025222712,0.05672320068981571,-0.13526301702956053,0.0,-2.59,9.56,0.384,0.8049395084381104,0.0,0.007057100534439087,1.0,1.0,7.6,0.41500000000000004,True,True,False
2.7314813137054443,forward_005,0.7314813137054443,0.05,0.0,0.0,0.08072147790473774,0.10471975511965978,0.08399397025222712,-0.21,-1.47,9.48,0.384,0.7936187386512756,0.0,0.006243562325835228,1.0,1.0,7.6,0.41500000000000004,True,True,False
2.751852512359619,forward_005,0.7518525123596191,0.05,0.0,0.0,0.11126473981463851,0.10471975511965978,0.23561944901923448,-0.14,-1.01,9.74,0.384,0.7775167226791382,0.0,0.006848141551017761,1.0,1.0,7.6,0.41500000000000004,True,True,False
2.7722203731536865,forward_005,0.7722203731536865,0.05,0.0,0.0,0.11999138607461016,0.22143864884678055,0.4363323129985824,-0.04,-0.67,9.31,0.23,0.7535009384155273,0.0,0.022542482241988182,1.0,1.0,7.6,0.41500000000000004,True,True,False
2.792584180831909,forward_005,0.7925841808319092,0.05,0.0,0.0,0.10253809355466686,0.2279836335417593,0.4985096676008804,-0.5700000000000001,-0.28,8.9,0.153,0.7502803206443787,0.0,0.007887676358222961,1.0,1.0,7.6,0.41500000000000004,True,True,False
2.812939405441284,forward_005,0.8129394054412842,0.05,0.0,0.0,0.03599741582238305,0.21271200258680892,0.3621558197888234,-0.66,-0.34,8.99,0.23,0.7593815922737122,0.0,0.004340708343079314,1.0,1.0,7.6,0.41500000000000004,True,True,False
2.8333001136779785,forward_005,0.8333001136779785,0.05,0.0,0.0,0.009817477042468103,0.14835298641951802,0.14508049407202864,-1.02,-0.48,8.88,0.384,0.7738551497459412,0.0,0.016802698373794556,1.0,1.0,7.6,0.41500000000000004,True,True,False
2.8536720275878906,forward_005,0.8536720275878906,0.05,0.0,0.0,0.014180800172453928,0.1341721862470641,-0.03490658503988659,-1.35,-0.72,9.17,0.384,0.7801429629325867,0.0,0.020228540524840355,1.0,1.0,7.6,0.41500000000000004,True,True,False
2.874162435531616,forward_005,0.8741624355316162,0.05,0.0,0.0,0.050178215994836975,0.08617563181722002,-0.24216443371421323,-1.03,-1.29,9.5,0.307,0.7932882308959961,0.0,0.023479299619793892,1.0,1.0,7.6,0.4150000000000001,True,True,False
2.894521474838257,forward_005,0.8945214748382568,0.05,0.0,0.0,0.013089969389957472,0.09272061651219876,-0.3741549583962844,-0.89,-1.85,8.99,0.153,0.8155342936515808,0.0,0.01973273605108261,1.0,1.0,7.6,0.4150000000000001,True,True,False
2.9148895740509033,forward_005,0.9148895740509033,0.05,0.0,0.0,0.009817477042468103,0.06872233929727672,-0.2901609881440573,-0.77,-2.71,9.6,0.384,0.826620876789093,0.0,0.010548390448093414,1.0,1.0,7.6,0.4150000000000001,True,True,False
2.9353675842285156,forward_005,0.9353675842285156,0.05,0.0,0.0,0.05235987755982989,0.06217735460229799,-0.039269908169872414,-0.45,-1.86,8.9,0.46,0.822574257850647,0.0,0.010521775111556053,1.0,1.0,7.6,0.4150000000000001,True,True,False
2.9558370113372803,forward_005,0.9558370113372803,0.05,0.0,0.0,0.13308135546456762,-0.013089969389957472,0.2083486794568231,-0.47000000000000003,-1.54,9.57,0.6899999999999998,0.8161850571632385,0.0,0.022750187665224075,1.0,1.0,7.6,0.4150000000000001,True,True,False
2.976208209991455,forward_005,0.9762082099914551,0.05,0.0,0.0,0.1636246173744684,0.03599741582238305,0.2912518189265537,-0.25,-1.68,9.19,0.614,0.8120743036270142,0.0,0.007022649049758911,1.0,1.0,7.6,0.4150000000000001,True,True,False
2.996575355529785,forward_005,0.9965753555297852,0.05,0.0,0.0,0.15162547876700738,0.022907446432425576,0.42978732830360367,0.0,-1.0,8.51,0.46,0.8111196756362915,0.0,0.02069626934826374,1.0,1.0,7.6,0.4150000000000001,True,True,False
3.0169448852539062,forward_005,1.0169448852539062,0.05,0.0,0.0,-0.00545415391248228,-0.017453292519943295,0.4036073895236887,-0.55,-0.18,9.28,0.537,0.8345444202423096,0.0,0.04420924745500088,1.0,1.0,7.6,0.4150000000000001,True,True,False
3.0373103618621826,forward_005,1.0373103618621826,0.05,0.0,0.0,-0.0818123086872342,0.022907446432425576,0.19634954084936207,-0.76,-0.27,9.8,0.537,0.8466453552246094,0.0,0.05188632011413574,1.0,1.0,7.6,0.4150000000000001,True,True,False
3.0577683448791504,forward_005,1.0577683448791504,0.05,0.0,0.0,-0.015271630954950384,0.13308135546456762,-0.03599741582238305,-0.5,0.41000000000000003,9.65,0.614,0.8642385005950928,0.0,0.05306122452020645,1.0,1.0,7.6,0.4150000000000001,True,True,False
3.0781328678131104,forward_005,1.0781328678131104,0.05,0.0,0.0,0.038179077387375956,0.21380283336930536,-0.38069994309126315,0.26,-0.98,9.08,0.844,0.9187087416648865,0.0,0.05418538302183151,1.0,1.0,7.6,0.5710000000000001,True,True,False
3.099081516265869,forward_005,1.0990815162658691,0.05,0.0,0.0,0.061086523819801536,0.2814343418840856,-0.533416252640767,0.29,-1.6500000000000001,9.49,1.074,0.9185792803764343,0.0,0.04577507497742772,1.0,1.0,7.6,0.5710000000000001,True,True,False
3.119523286819458,forward_005,1.119523286819458,0.05,0.0,0.0,0.11671889372712078,0.43960480534607177,-0.5301437602932776,0.29,-1.6500000000000001,9.49,1.227,0.8878254294395447,0.0,0.03303643316030502,1.0,1.0,7.6,0.5710000000000001,True,True,False
3.140047788619995,forward_005,1.1400477886199951,0.05,0.0,0.0,0.19416787928436915,0.6294093615004551,-0.5006913291658733,0.25,-2.93,9.13,1.458,0.834013819694519,0.0,0.03853737562894821,1.0,1.0,7.6,0.5710000000000001,True,True,False
3.1604185104370117,forward_005,1.1604185104370117,0.05,0.0,0.0,0.2530727415391778,0.9293878266869805,-0.3272492347489368,0.43,-2.86,8.52,1.304,0.7698400020599365,0.0,0.06912807747721672,1.0,1.0,7.6,0.5710000000000001,True,True,False
3.1807901859283447,forward_005,1.1807901859283447,0.05,0.0,0.0,0.2399827721492203,0.9490227807719167,0.0545415391248228,-1.59,-1.61,9.040000000000001,0.9210000000000002,0.7648458480834961,0.0,0.11152948159724474,1.0,1.0,7.6,0.5710000000000001,True,True,False
3.201259136199951,forward_005,1.2012591361999512,0.05,0.0,0.0,0.2399827721492203,1.3842642629880026,0.39051742013373125,-2.87,-0.48,8.34,0.6899999999999998,0.8184436559677124,0.0,0.16053639724850655,1.0,1.0,7.6,0.5710000000000001,True,True,False
3.2216880321502686,forward_005,1.2216880321502686,0.05,0.0,0.0,0.10690141668465268,1.10501158266891,0.5530512067257032,-3.33,0.45,9.56,1.074,0.9354208111763,0.0,0.13112499192357063,1.0,1.0,7.6,0.5710000000000001,True,True,False
3.2420575618743896,forward_005,1.2420575618743896,0.05,0.0,0.0,-0.14180800172453928,0.7723081940074908,0.20398535632683726,-2.22,0.84,9.06,2.455,0.903368353843689,0.0,0.11754626221954823,0.0,1.0,7.6,0.5710000000000001,True,True,False
3.2624166011810303,forward_005,1.2624166011810303,0.05,0.0,0.0,-0.3021601267515183,0.657770961845363,-0.0272707695624114,-4.1,-0.29,8.23,2.762,0.8053672313690186,0.0,0.06751535972580314,0.0,1.0,7.6,0.5710000000000001,True,True,False
3.2827818393707275,forward_005,1.2827818393707275,0.05,0.0,0.0,-0.2301652951067522,0.1810779098944117,0.026179938779914945,-4.46,-3.14,7.99,2.915,0.808143138885498,0.0,0.05685950117185712,0.0,1.0,6.6,2.743,True,True,False
3.303165912628174,forward_005,1.3031659126281738,0.05,0.0,0.0,0.09490227807719166,-0.27598018797160334,-0.09490227807719166,-2.73,-0.24,7.7,2.071,0.8251994252204895,0.0,0.059370413422584534,0.0,1.0,6.6,2.743,True,True,False
3.323640823364258,forward_005,1.3236408233642578,0.05,0.0,0.0,0.8246680715673207,-0.7461282552275759,-0.4439681284760576,-2.73,-0.24,7.7,1.765,0.7770320773124695,0.0,0.16792476922273636,0.0,1.0,6.6,2.743,True,True,False
3.3440053462982178,forward_005,1.3440053462982178,0.05,0.0,0.0,0.8835729338221293,-0.6424993308904126,-0.8203047484373349,-2.0300000000000002,-4.9,7.11,1.074,0.7606791853904724,0.0,0.07244885712862015,0.0,1.0,6.6,2.743,True,True,False
3.3644394874572754,forward_005,1.3644394874572754,0.05,0.0,0.0,0.9850201965942997,-0.815941425307349,-0.25634523388666713,-0.4,-1.51,6.3500000000000005,1.304,0.8853002190589905,0.0,0.11303826991934329,0.0,1.0,6.6,2.743,True,True,False
3.3848087787628174,forward_005,1.3848087787628174,0.05,0.0,0.0,1.4191708480278893,-1.174824752748683,0.0818123086872342,-2.37,-3.9,6.0600000000000005,1.688,0.9637390971183777,0.07142857142857142,0.1341516578104347,1.0,0.0,6.6,2.743,True,True,False
3.4052703380584717,forward_005,1.4052703380584717,0.05,0.0,0.0,1.7900533140766843,-1.0962849364089382,0.5606870222031783,0.88,-0.01,3.5300000000000002,1.6110000000000002,0.946201503276825,0.0,0.10394752584397793,1.0,0.0,6.6,2.743,True,True,False
3.425628423690796,forward_005,1.425628423690796,0.05,0.0,0.0,1.6667894356545847,-0.9522952731194061,0.6130468997630083,0.35000000000000003,-1.67,1.24,2.225,0.957798182964325,0.07142857142857142,0.052417559549212456,1.0,0.0,6.6,2.743,True,True,False
3.445993185043335,forward_005,1.445993185043335,0.05,0.0,0.0,1.6667894356545847,-0.9522952731194061,0.6130468997630083,0.35000000000000003,-1.67,1.24,1.995,0.9435417056083679,0.0,0.0605509951710701,1.0,1.0,6.6,2.743,True,True,False
3.4663655757904053,forward_005,1.4663655757904053,0.05,0.0,0.0,1.6667894356545847,-0.9522952731194061,0.6130468997630083,0.35000000000000003,-1.67,1.24,1.995,0.9673733115196228,0.07142857142857142,0.052202058956027024,1.0,1.0,6.6,2.743,True,True,False
3.4867429733276367,forward_005,1.4867429733276367,0.05,0.0,0.0,1.6667894356545847,-0.9522952731194061,0.6130468997630083,-2.13,0.14,7.96,2.455,0.978509783744812,0.07142857142857142,0.11394326947629452,1.0,1.0,7.6,0.167,True,True,False
3.5071871280670166,forward_005,1.5071871280670166,0.05,0.0,0.0,1.6667894356545847,-0.9522952731194061,0.6130468997630083,-2.42,-6.3500000000000005,5.38,1.304,0.9718474745750427,0.07142857142857142,0.023033246397972107,1.0,1.0,7.6,0.167,True,True,False
3.5276105403900146,forward_005,1.5276105403900146,0.05,0.0,0.0,1.6667894356545847,-0.9522952731194061,0.6130468997630083,-3.7800000000000002,0.12,7.75,0.767,0.9801709651947021,0.21428571428571427,0.0635070763528347,1.0,0.0,7.6,0.167,True,True,False
3.5482265949249268,forward_005,1.5482265949249268,0.05,0.0,0.0,0.16144295580947549,-0.11344640137963143,-0.10035643198967395,-3.7800000000000002,0.12,7.75,1.688,0.983119547367096,0.21428571428571427,0.08643035404384136,1.0,0.0,7.6,0.167,True,True,False
3.568617582321167,forward_005,1.568617582321167,0.05,0.0,0.0,0.14508049407202864,-0.13308135546456762,-0.15817046346198613,-0.08,-2.32,6.54,2.071,0.9819344878196716,0.14285714285714285,0.0571761354804039,1.0,0.0,7.6,0.167,True,True,False
3.5889859199523926,forward_005,1.5889859199523926,0.05,0.0,0.0,-0.4374231437810788,-0.39706240482870997,-0.10471975511965978,-0.92,1.17,5.49,2.148,0.990260899066925,0.2857142857142857,0.0641809031367302,1.0,0.0,7.6,0.167,True,True,False
3.6093952655792236,forward_005,1.6093952655792236,0.05,0.0,0.0,-0.9272061651219876,-0.2825251726665821,-0.04363323129985824,-0.39,2.71,7.96,2.148,0.9823282957077026,0.14285714285714285,0.03322282433509827,1.0,1.0,7.6,0.167,True,True,False
3.629878520965576,forward_005,1.6298785209655762,0.05,0.0,0.0,-0.8595746566072073,0.11999138607461016,-0.31525009614147576,-1.33,0.52,8.36,1.841,0.9771580100059509,0.07142857142857142,0.0720458272844553,1.0,1.0,7.6,0.167,True,True,False
3.6502420902252197,forward_005,1.6502420902252197,0.05,0.0,0.0,-0.9686577348568529,0.055632369907319255,-0.49960049838337683,-1.33,0.52,8.36,0.9970000000000001,0.9766768217086792,0.07142857142857142,0.013079889118671417,1.0,1.0,7.6,0.167,True,True,False
3.670732021331787,forward_005,1.670732021331787,0.05,0.0,0.0,-1.0297442586766545,-0.16798794050445423,-0.6294093615004551,-1.33,0.52,8.36,0.767,0.9777617454528809,0.07142857142857142,0.016006352845579386,1.0,1.0,7.6,0.167,True,True,False
3.691098690032959,forward_005,1.691098690032959,0.05,0.0,0.0,-0.7406741013150936,0.1407171709420428,-0.856302164259718,-1.33,0.52,8.36,0.9210000000000002,0.959784746170044,0.07142857142857142,0.06562573800329119,0.0,1.0,7.6,0.335,True,True,False
3.7114763259887695,forward_005,1.7114763259887695,0.05,0.0,0.0,-0.5170537909033202,0.6992225315802283,-0.36106498900632694,-2.04,-4.48,6.8,0.9970000000000001,0.9297240972518921,0.0,0.0677523564081639,0.0,1.0,7.6,0.335,True,True,False
3.732006549835205,forward_005,1.732006549835205,0.05,0.0,0.0,-0.3741549583962844,0.36979163526629855,0.5639595145506677,-2.04,-4.48,6.8,1.458,0.95468670129776,0.14285714285714285,0.0649385079741478,0.0,1.0,7.6,0.335,True,True,False
3.752380609512329,forward_005,1.752380609512329,0.05,0.0,0.0,-0.25089107997418486,0.8552113334772214,0.8344855486097889,-0.61,-3.84,6.62,1.6110000000000002,0.8584402203559875,0.0,0.15503840241581202,1.0,1.0,7.6,0.335,True,True,False
3.7727551460266113,forward_005,1.7727551460266113,0.05,0.0,0.0,-0.055632369907319255,0.866119641302186,0.8693921336496754,-0.36,-3.58,6.36,0.9210000000000002,0.7215164303779602,0.0,0.11096475925296545,1.0,1.0,7.6,0.335,True,True,False
3.793123245239258,forward_005,1.7931232452392578,0.05,0.0,0.0,0.13744467859455345,0.6959500392327389,1.114829059711378,-0.36,-3.58,6.36,0.9210000000000002,0.8739088177680969,0.0,0.13620759919285774,1.0,1.0,7.6,0.335,True,True,False
3.813502788543701,forward_005,1.8135027885437012,0.05,0.0,0.0,0.3021601267515183,0.7526732399225546,0.5781403147231217,-0.36,-3.58,6.36,1.841,0.9106709957122803,0.0,0.08349213004112244,0.0,1.0,7.6,0.335,True,True,False
3.833871603012085,forward_005,1.833871603012085,0.05,0.0,0.0,0.02945243112740431,0.8726646259971648,-0.19634954084936207,-2.62,2.31,6.28,2.148,0.7991372346878052,0.0,0.1354326233267784,0.0,1.0,7.6,0.335,True,True,False
3.8544058799743652,forward_005,1.8544058799743652,0.05,0.0,0.0,-0.08835729338221293,0.3621558197888234,-0.7330382858376184,0.79,2.07,5.16,2.762,0.8924040198326111,0.0,0.2024567574262619,0.0,1.0,7.6,0.335,True,True,False
3.8747751712799072,forward_005,1.8747751712799072,0.05,0.0,0.0,0.17453292519943295,-0.01090830782496456,-0.7963064712224128,-1.7,0.14,8.92,2.532,0.9557482600212097,0.07142857142857142,0.12003116682171822,0.0,1.0,7.6,0.335,True,True,False
3.895139217376709,forward_005,1.895139217376709,0.05,0.0,0.0,0.9217520112095053,-0.05345070834232634,-1.05265170510908,-1.7,0.14,8.92,1.841,0.8398374319076538,0.0,0.09111466631293297,0.0,1.0,6.8,3.0940000000000003,True,True,False
3.915511131286621,forward_005,1.915511131286621,0.05,0.0,0.0,1.2380929381334775,-0.4821472058634335,-0.7363107781851078,-1.7,0.14,8.92,1.151,0.9589860439300537,0.21428571428571427,0.14886438846588135,0.0,0.0,6.8,3.0940000000000003,True,True,False
3.935875415802002,forward_005,1.935875415802002,0.05,0.0,0.0,1.4420782944603148,-0.8595746566072073,0.5934119456780721,1.53,-3.7600000000000002,2.5100000000000002,1.995,0.9689781069755554,0.07142857142857142,0.1312798671424389,1.0,0.0,6.8,3.0940000000000003,True,True,False
3.956244707107544,forward_005,1.956244707107544,0.05,0.0,0.0,1.0930124440614488,-0.5650503453331642,1.0941032748439454,-1.29,-1.72,2.42,1.765,0.9879028797149658,0.14285714285714285,0.15016729035414755,1.0,1.0,6.8,3.0940000000000003,True,True,False
3.976743221282959,forward_005,1.976743221282959,0.05,0.0,0.0,0.9086620418195478,-0.18653206380689397,1.1955505376161157,-1.44,0.12,1.16,1.227,0.9680434465408325,0.07142857142857142,0.13124355301260948,1.0,0.0,6.8,3.0940000000000003,True,True,False
3.99711012840271,forward_005,1.99711012840271,0.05,0.0,0.0,0.07526732399225546,-0.4636030825609938,0.9533861039019025,-1.44,0.12,1.16,1.688,0.9795318245887756,0.14285714285714285,0.13230277225375175,0.0,1.0,6.8,3.0940000000000003,True,True,False
4.01747727394104,forward_005,2.01747727394104,0.05,0.0,0.0,-1.461713248545251,-0.45814892864851153,-0.581412807070611,-1.44,0.12,1.16,2.608,0.9871546626091003,0.14285714285714285,0.14985319878906012,1.0,1.0,6.8,3.0940000000000003,True,True,False
4.037844896316528,forward_005,2.0378448963165283,0.05,0.0,0.0,-1.2446379228284563,-0.19634954084936207,-0.918479518862016,0.33,0.19,1.32,1.995,0.9768548011779785,0.14285714285714285,0.07944602519273758,1.0,1.0,6.8,3.0940000000000003,True,True,False
4.058209180831909,forward_005,2.058209180831909,0.05,0.0,0.0,-0.6992225315802283,-0.08835729338221293,-1.5784321422723717,-2.3000000000000003,-6.83,0.8,1.151,0.9731689095497131,0.21428571428571427,0.08973187021911144,1.0,1.0,6.8,3.0940000000000003,True,True,False
4.0786192417144775,forward_005,2.0786192417144775,0.05,0.0,0.0,-0.15707963267948966,-0.2399827721492203,-1.7671458676442586,-2.3000000000000003,-6.83,0.8,0.9970000000000001,0.9816939234733582,0.07142857142857142,0.06377974152565002,1.0,0.0,6.8,3.0940000000000003,True,True,False
4.098986625671387,forward_005,2.0989866256713867,0.05,0.0,0.0,0.2596177262341565,0.10144726277217041,-1.32972272386318,-2.07,-2.0100000000000002,7.29,1.534,0.9661246538162231,0.14285714285714285,0.08661858458071947,1.0,1.0,7.4,0.863,True,True,False
4.120116710662842,forward_005,2.120116710662842,0.05,0.0,0.0,0.4537856055185257,0.28907015736156083,-1.0581058590215622,-1.84,-3.7,3.36,1.918,0.9590244889259338,0.07142857142857142,0.05999521166086197,1.0,1.0,7.4,0.863,True,True,False
4.140486001968384,forward_005,2.140486001968384,0.05,0.0,0.0,-0.11999138607461016,-0.23343778745424157,-0.39051742013373125,-1.84,-3.7,3.36,1.534,0.9812111854553223,0.07142857142857142,0.05613744631409645,1.0,1.0,7.4,0.863,True,True,False
4.160898208618164,forward_005,2.160898208618164,0.05,0.0,0.0,-0.9653852425093635,-0.35124751196385884,0.5759586531581288,-1.84,-3.7,3.36,1.6110000000000002,0.9766838550567627,0.07142857142857142,0.037499314174056046,1.0,1.0,7.4,0.863,True,True,False
4.181509733200073,forward_005,2.1815097332000732,0.05,0.0,0.0,-0.8017606251348951,-0.31525009614147576,1.1333731830138178,-0.21,-1.3900000000000001,7.37,0.9210000000000002,0.9689120650291443,0.07142857142857142,0.027623403817415237,1.0,1.0,7.4,0.863,True,True,False
4.201891899108887,forward_005,2.2018918991088867,0.05,0.0,0.0,-0.7908523173099306,-0.11235557059713497,2.183843226557905,-0.21,-1.3900000000000001,7.37,0.6899999999999998,0.9577538371086121,0.07142857142857142,0.023263152688741684,1.0,1.0,7.4,0.863,True,True,False
4.222264528274536,forward_005,2.222264528274536,0.05,0.0,0.0,-0.3294308963139297,0.28361600344907856,2.6125397240790122,1.46,-1.02,9.42,0.767,0.9137148261070251,0.0,0.034348029643297195,1.0,1.0,7.4,0.863,True,True,False
4.24267840385437,forward_005,2.24267840385437,0.05,0.0,0.0,-0.1308996938995747,0.3425208657038872,2.3627394748873236,1.1,1.31,8.99,0.614,0.9240238666534424,0.0,0.011623069643974304,1.0,1.0,7.4,0.863,True,True,False
4.263141632080078,forward_005,2.263141632080078,0.05,0.0,0.0,0.1734420944169365,0.24652775684419906,1.6667894356545847,1.12,-0.2,7.74,0.614,0.9328761100769043,0.0,0.01937718316912651,1.0,1.0,7.4,0.863,True,True,False
4.283640146255493,forward_005,2.283640146255493,0.05,0.0,0.0,0.3076142806640006,0.421060682043632,1.0253809355466685,1.12,-0.2,7.74,0.767,0.916721761226654,0.0,0.04115612059831619,1.0,1.0,7.4,0.863,True,True,False
4.30419135093689,forward_005,2.3041913509368896,0.05,0.0,0.0,0.1734420944169365,0.7134033317526822,0.6130468997630083,-2.27,1.8,8.11,0.6899999999999998,0.9248324036598206,0.0,0.09805625677108765,1.0,1.0,7.5,0.7789999999999999,True,True,False
4.3245556354522705,forward_005,2.3245556354522705,0.05,0.0,0.0,0.07963064712224129,0.7886706557449377,-0.5541420375081997,-1.87,0.05,8.17,0.767,0.9136979579925537,0.0,0.04832195118069649,1.0,1.0,7.5,0.7789999999999999,True,True,False
4.344916105270386,forward_005,2.3449161052703857,0.05,0.0,0.0,-0.08617563181722002,0.8028514559173916,-1.2370021073509812,-1.41,-0.67,8.13,0.9970000000000001,0.8743664622306824,0.0,0.06440899148583412,1.0,1.0,7.5,0.7789999999999999,True,True,False
4.365286588668823,forward_005,2.3652865886688232,0.05,0.0,0.0,0.004363323129985824,0.770126532442498,-1.2075496762235767,-0.9,0.96,9.1,1.458,0.8648352026939392,0.0,0.08542603719979525,1.0,1.0,7.5,0.7789999999999999,True,True,False
4.385654449462891,forward_005,2.3856544494628906,0.05,0.0,0.0,0.018544123302439753,0.6468626540203984,-1.2849986617808251,-0.9,0.96,9.1,1.918,0.8984185457229614,0.0,0.10990090109407902,1.0,1.0,7.5,0.7789999999999999,True,True,False
4.406158924102783,forward_005,2.406158924102783,0.05,0.0,0.0,-0.2596177262341565,0.5639595145506677,-1.3068152774307542,-0.9,0.96,9.1,1.765,0.8597838282585144,0.0,0.043604426085948944,0.0,1.0,7.5,0.7789999999999999,True,True,False
4.426670074462891,forward_005,2.4266700744628906,0.05,0.0,0.0,-0.17016960206944712,0.42215151282612845,-0.4734205596034619,-3.2800000000000002,-1.98,9.57,1.534,0.8999431133270264,0.0,0.07240691222250462,0.0,1.0,7.5,0.7789999999999999,True,True,False
4.44713830947876,forward_005,2.4471383094787598,0.05,0.0,0.0,0.23889194136672387,0.20507618710933373,0.6719517620178169,-1.92,-4.64,7.3,1.688,0.8984442949295044,0.0,0.1080406429246068,0.0,1.0,7.5,0.7789999999999999,True,True,False
4.467620134353638,forward_005,2.4676201343536377,0.05,0.0,0.0,0.5181446216858165,-0.008726646259971648,1.2402745996984705,-1.52,-1.0,4.86,1.304,0.9176907539367676,0.0,0.07920262962579727,0.0,1.0,7.5,0.7789999999999999,True,True,False
4.488103628158569,forward_005,2.4881036281585693,0.05,0.0,0.0,0.6872233929727672,-0.06217735460229799,1.1660981064887115,-2.74,-2.59,6.17,1.841,0.943401038646698,0.0,0.032889670226722956,0.0,1.0,7.5,0.7789999999999999,True,True,False
4.50846004486084,forward_005,2.50846004486084,0.05,0.0,0.0,0.8257589023498172,-0.08726646259971647,0.6446809924554054,-2.59,-2.17,9.06,2.302,0.9519184231758118,0.07142857142857142,0.06701255775988102,1.0,1.0,7.0,2.508,True,True,False
4.5288245677948,forward_005,2.5288245677948,0.05,0.0,0.0,0.9326603190344699,-0.13853550937704992,-0.11235557059713497,-2.57,-1.09,6.87,2.071,0.9413991570472717,0.0,0.1057952456176281,1.0,1.0,7.0,2.508,True,True,False
4.549182176589966,forward_005,2.549182176589966,0.05,0.0,0.0,1.3362677085581585,-0.7112216701876893,-0.6850417314077744,-0.99,-2.24,8.0,1.304,0.9544255137443542,0.07142857142857142,0.10898659750819206,1.0,1.0,7.0,2.508,True,True,False
4.569595098495483,forward_005,2.5695950984954834,0.05,0.0,0.0,1.227184630308513,-0.8737554567796613,-0.7308566242726255,-0.99,-2.24,8.0,1.381,0.9653198719024658,0.07142857142857142,0.06806638091802597,1.0,1.0,7.0,2.508,True,True,False
4.590223550796509,forward_005,2.590223550796509,0.05,0.0,0.0,0.4363323129985824,-0.038179077387375956,-1.3766284475105275,-0.99,-2.24,8.0,1.534,0.9390792846679688,0.0,0.14838777296245098,1.0,0.0,7.0,2.508,True,True,False
4.610613584518433,forward_005,2.6106135845184326,0.05,0.0,0.0,0.08399397025222712,-0.6992225315802283,-1.7551467290367977,1.12,1.86,8.47,1.151,0.9564971923828125,0.07142857142857142,0.1170659102499485,1.0,0.0,7.0,2.508,True,True,False
4.6310858726501465,forward_005,2.6310858726501465,0.05,0.0,0.0,0.12762720155208535,-1.2719086923908676,-1.4682582332402296,3.83,2.67,9.47,1.918,0.9544282555580139,0.07142857142857142,0.13939929474145174,1.0,0.0,7.0,2.508,True,True,False
4.6514809131622314,forward_005,2.6514809131622314,0.05,0.0,0.0,0.12326387842209953,-0.5246896063807953,-1.0101093045917182,-0.98,-1.93,4.9,2.071,0.9789355993270874,0.21428571428571427,0.11654075980186462,1.0,0.0,7.0,2.508,True,True,False
4.672006130218506,forward_005,2.672006130218506,0.05,0.0,0.0,-0.30870511144649704,-0.9817477042468103,-0.06435901616729091,-0.42,-0.79,7.94,1.918,0.9784796237945557,0.21428571428571427,0.12355556711554527,1.0,0.0,7.0,2.508,True,True,False
4.69247579574585,forward_005,2.6924757957458496,0.05,0.0,0.0,-0.8606654873897037,-1.0930124440614488,0.6305001922829515,0.41000000000000003,2.44,6.67,1.381,0.9799443483352661,0.14285714285714285,0.027134500443935394,1.0,1.0,7.0,2.508,True,True,False
4.712836503982544,forward_005,2.712836503982544,0.05,0.0,0.0,-1.2370021073509812,-1.2424562612634633,0.7144941625351786,-0.73,1.9000000000000001,7.16,1.151,0.9830844402313232,0.14285714285714285,0.02693074196577072,1.0,1.0,7.5,0.7479999999999999,True,True,False
4.733205556869507,forward_005,2.733205556869507,0.05,0.0,0.0,-1.5042556490626129,-1.5653421728824144,0.03490658503988659,2.57,5.03,7.930000000000001,1.304,0.9541373252868652,0.07142857142857142,0.21125037223100662,1.0,1.0,7.5,0.7479999999999999,True,True,False
4.753575801849365,forward_005,2.7535758018493652,0.05,0.0,0.0,-0.9872018581592926,-0.7744898555724837,-1.3177235852557188,-4.14,-0.9400000000000001,7.890000000000001,1.6110000000000002,0.9912450909614563,0.2857142857142857,0.2822328954935074,1.0,1.0,7.5,0.7479999999999999,True,True,False
4.774103403091431,forward_005,2.7741034030914307,0.05,0.0,0.0,0.08944812416470939,0.5977752688080579,-1.5435255572324853,-1.3,-5.13,7.2700000000000005,1.151,0.9771134257316589,0.07142857142857142,0.14364389702677727,1.0,1.0,7.5,0.7479999999999999,True,True,False
4.794469833374023,forward_005,2.7944698333740234,0.05,0.0,0.0,0.4821472058634335,0.17235126363444003,-1.710422666954443,1.7,-1.0,8.98,0.767,0.9716662764549255,0.14285714285714285,0.09316406585276127,1.0,1.0,7.5,0.7479999999999999,True,True,False
4.814844131469727,forward_005,2.8148441314697266,0.05,0.0,0.0,0.5890486225480862,0.3948807432637171,-1.714785990084429,1.7,-1.0,8.98,0.537,0.9679689407348633,0.07142857142857142,0.042942069470882416,1.0,1.0,7.5,0.7479999999999999,True,True,False
4.835237503051758,forward_005,2.835237503051758,0.05,0.0,0.0,0.33161255787892263,0.39269908169872414,-1.521708941582556,1.11,-3.1,9.370000000000001,1.151,0.9696094989776611,0.07142857142857142,0.023863952606916428,1.0,1.0,7.5,0.7479999999999999,True,True,False
4.855715274810791,forward_005,2.855715274810791,0.05,0.0,0.0,-0.11344640137963143,0.5617778529856748,-0.8104872713948668,1.11,-3.1,9.370000000000001,0.844,0.9615474939346313,0.07142857142857142,0.03297431254759431,1.0,1.0,7.5,0.7479999999999999,True,True,False
4.8762428760528564,forward_005,2.8762428760528564,0.05,0.0,0.0,-0.284706834231575,0.8115781021773633,-0.4821472058634335,1.11,-3.1,9.370000000000001,0.9210000000000002,0.9312849640846252,0.0,0.06897229701280594,1.0,1.0,7.5,0.7479999999999999,True,True,False
4.896611213684082,forward_005,2.896611213684082,0.05,0.0,0.0,-0.22580197197676638,0.6424993308904126,0.7581273938350369,0.1,-2.59,8.790000000000001,0.844,0.9250306487083435,0.0,0.09738531708717346,1.0,1.0,7.5,0.7479999999999999,True,True,False
4.916981220245361,forward_005,2.9169812202453613,0.05,0.0,0.0,-0.23234695667174513,0.6719517620178169,1.19118721448613,0.88,-0.27,7.25,0.614,0.8840896487236023,0.0,0.0764666460454464,1.0,1.0,7.3,1.586,True,True,False
4.937338829040527,forward_005,2.9373388290405273,0.05,0.0,0.0,-0.29888763440402893,1.040652566501619,1.6111570657472654,0.88,-0.27,7.25,1.381,0.8232584595680237,0.0,0.16348492726683617,1.0,1.0,7.3,1.586,True,True,False
4.957829713821411,forward_005,2.957829713821411,0.05,0.0,0.0,-0.2781618495365963,1.2195488148310378,1.3079061082132506,0.88,-0.27,7.25,1.918,0.8841339349746704,0.0,0.11374234035611153,1.0,1.0,7.3,1.586,True,True,False
4.978197813034058,forward_005,2.9781978130340576,0.05,0.0,0.0,-0.32506757318394386,1.3046336158657614,-0.04036073895236887,-3.68,2.4,7.930000000000001,1.765,0.7803372144699097,0.0,0.1891021840274334,0.0,1.0,7.3,1.586,True,True,False
4.9985671043396,forward_005,2.9985671043395996,0.05,0.0,0.0,-0.3425208657038872,0.753764070705051,-0.6904958853202566,-1.37,0.06,8.56,2.071,0.7970386743545532,0.0,0.16761422157287598,0.0,1.0,7.3,1.586,True,True,False
5.019099235534668,forward_005,3.019099235534668,0.05,0.0,0.0,0.06654067773228381,0.8290313946973066,-0.8650288105196896,-0.58,-1.09,8.75,2.8389999999999995,0.8164578080177307,0.0,0.10108992829918861,0.0,1.0,7.3,1.586,True,True,False
5.039528846740723,forward_005,3.0395288467407227,0.05,0.0,0.0,0.6566801310628665,0.39924406639370286,-0.9010262263420726,-0.58,-1.09,8.75,2.378,0.8910079002380371,0.0,0.12045031785964966,0.0,1.0,7.3,1.586,True,True,False
5.059975862503052,forward_005,3.0599758625030518,0.05,0.0,0.0,1.2293662918735058,0.2399827721492203,-1.119192382841364,-0.58,-1.09,8.75,1.918,0.7617478370666504,0.0,0.10884354636073112,0.0,1.0,7.3,1.586,True,True,False
5.08045220375061,forward_005,3.0804522037506104,0.05,0.0,0.0,1.4671674024577332,-0.07308566242726255,-0.5399612373357457,1.48,-7.41,6.88,2.071,0.9518107175827026,0.07142857142857142,0.24504504352808,1.0,0.0,7.3,1.586,True,True,False
5.100831031799316,forward_005,3.1008310317993164,0.05,0.0,0.0,1.3319043854281727,-0.27379852640661045,0.6032294227205401,0.8200000000000001,-3.5500000000000003,4.3100000000000005,2.302,0.9652563333511353,0.07142857142857142,0.07473621889948845,1.0,0.0,7.3,1.586,True,True,False
5.121225357055664,forward_005,3.121225357055664,0.05,0.0,0.0,0.9741118887693352,-0.16580627893946132,0.6959500392327389,-1.07,-2.27,2.32,1.151,0.9871564507484436,0.14285714285714285,0.08949410915374756,1.0,0.0,7.3,1.121,True,True,False
5.142202615737915,forward_005,3.142202615737915,0.05,0.0,0.0,0.7690357016600015,-0.09926560120717749,0.8639379797371931,-1.07,-2.27,2.32,1.841,0.9748448133468628,0.14285714285714285,0.08742842450737953,1.0,1.0,7.3,1.121,True,True,False
5.162719488143921,forward_005,3.162719488143921,0.05,0.0,0.0,-1.0177451200691934,-0.08290313946973066,-1.0395617357191225,-1.07,-2.27,2.32,1.6110000000000002,0.9767370820045471,0.14285714285714285,0.17266568168997765,0.0,1.0,7.3,1.121,True,True,False
5.18316912651062,forward_005,3.18316912651062,0.05,0.0,0.0,-1.5009831567151235,-0.7232208087951503,-1.2500920767409385,1.6600000000000001,3.63,2.22,1.381,0.9523845911026001,0.07142857142857142,0.08155318163335323,1.0,1.0,7.3,1.121,True,True,False
5.203665494918823,forward_005,3.2036654949188232,0.05,0.0,0.0,-1.4682582332402296,-0.7515824091400581,-1.9907661780560322,-6.58,-4.09,6.88,1.458,0.9796102643013,0.2857142857142857,0.19019439071416855,1.0,1.0,7.3,1.121,True,True,False
5.224208354949951,forward_005,3.224208354949951,0.05,0.0,0.0,0.07417649320975901,0.017453292519943295,-0.6446809924554054,-4.59,-4.36,6.0,1.227,0.9708528518676758,0.14285714285714285,0.1262768842279911,1.0,1.0,7.3,1.121,True,True,False
5.244604110717773,forward_005,3.2446041107177734,0.05,0.0,0.0,0.4428772976935611,-0.7973973020049093,-0.5028729907308662,-0.43,-4.48,8.99,1.227,0.9917511343955994,0.21428571428571427,0.1491769291460514,1.0,1.0,7.3,1.121,True,True,False
5.264979839324951,forward_005,3.264979839324951,0.05,0.0,0.0,0.2530727415391778,-0.02399827721492203,-0.20180369476184434,0.8300000000000001,0.75,9.59,1.765,0.97445148229599,0.14285714285714285,0.08859000541269779,1.0,1.0,7.3,1.121,True,True,False
5.285466432571411,forward_005,3.285466432571411,0.05,0.0,0.0,-0.1930770485018727,0.34579335805137656,-0.006544984694978736,-0.21,-0.67,7.66,1.381,0.9671603441238403,0.07142857142857142,0.08523713331669569,1.0,1.0,7.3,1.121,True,True,False
5.305842876434326,forward_005,3.305842876434326,0.05,0.0,0.0,-0.5181446216858165,-0.543233729683235,0.6479534848028948,-0.21,-0.67,7.66,0.9970000000000001,0.9832392334938049,0.14285714285714285,0.11902378033846617,1.0,1.0,7.3,1.121,True,True,False
5.326218128204346,forward_005,3.3262181282043457,0.05,0.0,0.0,-0.6741334235828098,0.421060682043632,1.2304571226560024,-1.36,-3.0,8.06,0.6899999999999998,0.9367222785949707,0.0,0.1630536951124668,1.0,1.0,7.6,0.5960000000000001,True,True,False
5.346591234207153,forward_005,3.3465912342071533,0.05,0.0,0.0,-0.7221299780126539,0.5552328682906961,1.9624045777111243,-3.71,0.14,7.11,0.537,0.8933081030845642,0.0,0.1096879132091999,1.0,1.0,7.6,0.5960000000000001,True,True,False
5.366959571838379,forward_005,3.366959571838379,0.05,0.0,0.0,-0.26398104936414235,0.8999353955595761,2.1085759025656494,-3.71,0.14,7.11,0.537,0.7115480303764343,0.0,0.10690174624323845,1.0,1.0,7.6,0.5960000000000001,True,True,False
5.387439012527466,forward_005,3.387439012527466,0.05,0.0,0.0,-0.12980886311707826,0.9413869652944415,1.961313746928628,0.53,2.65,5.89,0.614,0.6427936553955078,0.0,0.1327260136604309,1.0,1.0,7.6,0.5960000000000001,True,True,False
5.40788722038269,forward_005,3.4078872203826904,0.05,0.0,0.0,-0.13308135546456762,0.7766715171374766,0.8606654873897037,-1.54,3.47,8.950000000000001,1.304,0.827974796295166,0.0,0.10624092072248459,1.0,1.0,7.6,0.5960000000000001,True,True,False
5.428298711776733,forward_005,3.4282987117767334,0.05,0.0,0.0,-0.272707695624114,1.2980886311707827,-0.6959500392327389,-1.54,3.47,8.950000000000001,1.688,0.6391043066978455,0.0,0.14724052511155605,0.0,1.0,7.6,0.5960000000000001,True,True,False
5.4487621784210205,forward_005,3.4487621784210205,0.05,0.0,0.0,-0.2454369260617026,0.9272061651219876,-1.1824605682261582,-6.32,-1.26,9.58,1.918,0.897974967956543,0.0,0.17404703795909882,0.0,1.0,7.6,0.5960000000000001,True,True,False
5.469123363494873,forward_005,3.469123363494873,0.05,0.0,0.0,0.3490658503988659,0.5399612373357457,-0.29670597283903605,-6.32,-1.26,9.58,2.148,0.9440356492996216,0.0,0.1065849430160597,0.0,1.0,7.6,0.5960000000000001,True,True,False
5.4894914627075195,forward_005,3.4894914627075195,0.05,0.0,0.0,0.9850201965942997,0.37306412761378793,-0.1265363707695889,-2.84,-4.1,6.55,1.381,0.9274072051048279,0.0,0.1237035021185875,0.0,1.0,7.6,0.5960000000000001,True,True,False
5.510007381439209,forward_005,3.510007381439209,0.05,0.0,0.0,1.275181184738357,-0.2945243112740431,-0.5628686837681712,-2.84,-4.1,6.55,1.227,0.9128401875495911,0.0,0.19922973401844501,0.0,1.0,7.6,0.5960000000000001,True,True,False
5.530373573303223,forward_005,3.5303735733032227,0.05,0.0,0.0,1.2086405070060733,0.3392483733563978,-0.11344640137963143,-1.19,-3.84,5.93,1.227,0.8761001229286194,0.0,0.056776268407702446,0.0,1.0,7.3,1.7070000000000003,True,True,False
5.550734519958496,forward_005,3.550734519958496,0.05,0.0,0.0,1.1737339219661866,0.1265363707695889,0.48978302134090873,1.08,-0.66,5.83,1.227,0.897893488407135,0.0,0.10802581533789635,1.0,1.0,7.3,1.7070000000000003,True,True,False
5.571252822875977,forward_005,3.5712528228759766,0.05,0.0,0.0,1.437714971330329,0.30652344988150415,0.4537856055185257,-6.11,1.1400000000000001,8.07,1.458,0.9368051886558533,0.0,0.10312490910291672,0.0,1.0,7.3,1.7070000000000003,True,True,False
5.591622591018677,forward_005,3.5916225910186768,0.05,0.0,0.0,1.119192382841364,0.7264933011426397,-0.23671027980173096,-6.11,1.1400000000000001,8.07,2.225,0.9750860929489136,0.07142857142857142,0.06929225474596024,0.0,1.0,7.3,1.7070000000000003,True,True,False
5.612149715423584,forward_005,3.612149715423584,0.05,0.0,0.0,0.08290313946973066,0.7461282552275759,-0.7930339788749234,1.37,6.3100000000000005,8.19,2.532,0.9457770586013794,0.0,0.1190824918448925,1.0,1.0,7.3,1.7070000000000003,True,True,False
5.63254451751709,forward_005,3.63254451751709,0.05,0.0,0.0,0.1832595714594046,1.1704614296186973,-1.8249598991165707,-0.79,-0.46,-0.29,1.151,0.926517903804779,0.0,0.1759572522714734,1.0,1.0,7.3,1.7070000000000003,True,True,False
5.652913331985474,forward_005,3.6529133319854736,0.05,0.0,0.0,0.8410305333047675,0.918479518862016,-1.2075496762235767,-4.63,-1.04,6.86,0.767,0.949120819568634,0.0,0.051149114267900586,1.0,0.0,7.3,1.7070000000000003,True,True,False
5.673274755477905,forward_005,3.6732747554779053,0.05,0.0,0.0,1.2239121379610236,0.5999569303730508,-1.2424562612634633,-4.63,-1.04,6.86,1.304,0.9516158103942871,0.07142857142857142,0.07214589882642031,1.0,0.0,7.3,1.7070000000000003,True,True,False
5.693631649017334,forward_005,3.693631649017334,0.05,0.0,0.0,1.1039207518864134,0.9675669040743564,-1.6886060513045138,-4.63,-1.04,6.86,1.6110000000000002,0.912457287311554,0.0,0.07334621250629425,1.0,0.0,7.3,1.7070000000000003,True,True,False
5.714121341705322,forward_005,3.7141213417053223,0.05,0.0,0.0,0.9162978572970231,0.7930339788749234,-0.507236313860852,-3.16,2.33,7.97,2.302,0.8927112817764282,0.0,0.061979494988918304,1.0,0.0,7.3,1.7070000000000003,True,True,False
5.734636545181274,forward_005,3.7346365451812744,0.05,0.0,0.0,0.7024950239277177,0.6261368691529657,0.09926560120717749,-3.16,2.33,7.97,2.532,0.7984971404075623,0.0,0.07504492253065109,1.0,0.0,6.2,4.75,True,True,False
5.755034446716309,forward_005,3.7550344467163086,0.05,0.0,0.0,0.12871803233458182,0.35779249665883756,-0.13744467859455345,-4.3500000000000005,1.34,6.51,2.762,0.8575862646102905,0.0,0.07532820664346218,1.0,0.0,6.2,4.75,True,True,False
5.775506019592285,forward_005,3.775506019592285,0.05,0.0,0.0,-0.7123125009701857,-0.21925698728178766,-0.2519819107566813,-4.29,4.49,4.96,2.378,0.8902683258056641,0.0,0.09487277991138399,1.0,0.0,6.2,4.75,True,True,False
5.795877933502197,forward_005,3.7958779335021973,0.05,0.0,0.0,-1.5533430342749532,-0.6883142237552637,-0.7254024703601433,-6.73,6.47,9.18,1.534,0.9608509540557861,0.07142857142857142,0.10022638365626335,1.0,0.0,6.2,4.75,True,True,False
5.816340208053589,forward_005,3.816340208053589,0.05,0.0,0.0,-1.8762289458939043,-1.1257373675363425,-1.2904528156933075,-4.24,2.69,5.59,1.841,0.9253024458885193,0.0,0.11133149825036526,0.0,0.0,6.2,4.75,True,True,False
5.83683967590332,forward_005,3.8368396759033203,0.05,0.0,0.0,-2.0485802095283443,-1.0788316438889949,-1.5315264186250241,-1.1500000000000001,-0.44,3.5300000000000002,2.148,0.9151783585548401,0.0,0.07783933728933334,0.0,0.0,6.2,4.75,True,True,False
5.857215881347656,forward_005,3.8572158813476562,0.05,0.0,0.0,-2.091122610045706,-1.6351553429621875,-1.3984450631604566,-3.54,-2.48,4.08,1.841,0.9658811688423157,0.07142857142857142,0.12198230344802141,0.0,1.0,6.2,4.75,True,True,False
5.877634286880493,forward_005,3.877634286880493,0.05,0.0,0.0,-2.232930611770245,-1.5293447570600314,-1.2544553998709245,-5.42,-3.8200000000000003,4.63,1.841,0.9604827165603638,0.07142857142857142,0.07008867803961039,0.0,1.0,6.2,4.75,True,True,False
5.89814305305481,forward_005,3.8981430530548096,0.05,0.0,0.0,-2.1576632877779898,-1.473712387152712,-0.631591023065448,-0.3,-2.42,7.11,2.071,0.8984420895576477,0.0,0.08446513395756483,0.0,1.0,6.2,4.75,True,True,False
5.918536901473999,forward_005,3.918536901473999,0.05,0.0,0.0,-1.7606008829492799,-1.3362677085581585,-0.7352199474026113,-0.3,-2.42,7.11,2.071,0.9382044076919556,0.0,0.02541656419634819,0.0,1.0,6.2,4.75,True,True,False
5.938940525054932,forward_005,3.9389405250549316,0.05,0.0,0.0,-0.018544123302439753,0.27379852640661045,0.45705809786601503,-4.03,-5.19,8.15,2.8389999999999995,0.914788007736206,0.0,0.15422678366303444,0.0,1.0,7.5,0.6180000000000001,True,True,False
5.959308624267578,forward_005,3.959308624267578,0.05,0.0,0.0,0.5345070834232635,-0.40906154343617096,0.09817477042468103,0.62,-2.82,5.84,2.378,0.9611009359359741,0.14285714285714285,0.1294839195907116,0.0,1.0,7.5,0.6180000000000001,True,True,False
5.9796741008758545,forward_005,3.9796741008758545,0.05,0.0,0.0,0.8770279491271507,-0.44833145160604343,-0.5792311455056182,-1.17,-0.91,4.84,2.148,0.9660388827323914,0.14285714285714285,0.09139668196439743,0.0,1.0,7.5,0.6180000000000001,True,True,False
6.00018572807312,forward_005,4.00018572807312,0.05,0.0,0.0,1.31117860056074,-1.0112001353742146,-0.4930555136883981,-2.37,-6.34,8.63,1.534,0.9763290286064148,0.14285714285714285,0.09562141075730324,0.0,1.0,7.5,0.6180000000000001,True,True,False
6.0205512046813965,forward_005,4.0205512046813965,0.05,0.0,0.0,1.4780757102826978,-1.5053464798451093,-0.2585268954516601,-0.38,-4.47,6.8500000000000005,1.534,0.9729588627815247,0.07142857142857142,0.09727847576141357,0.0,1.0,7.5,0.6180000000000001,True,True,False
6.0410566329956055,forward_005,4.0410566329956055,0.05,0.0,0.0,1.401717555507946,-1.6166112196597477,-0.10362892433716332,-0.29,-4.29,5.62,1.304,0.9811676144599915,0.14285714285714285,0.08066253550350666,1.0,1.0,7.5,0.6180000000000001,True,True,False
6.061416864395142,forward_005,4.061416864395142,0.05,0.0,0.0,1.401717555507946,-1.6166112196597477,-0.10362892433716332,-0.43,-5.18,6.890000000000001,0.6899999999999998,0.9840065240859985,0.21428571428571427,0.029955103993415833,1.0,1.0,7.5,0.6180000000000001,True,True,False
6.081791877746582,forward_005,4.081791877746582,0.05,0.0,0.0,0.9326603190344699,-0.29888763440402893,0.559596191420682,-0.43,-5.18,6.890000000000001,1.074,0.9761290550231934,0.07142857142857142,0.07526200637221336,1.0,1.0,7.5,0.6180000000000001,True,True,False
6.102169513702393,forward_005,4.102169513702393,0.05,0.0,0.0,0.30543261909900765,-0.04036073895236887,0.8377580409572782,-0.43,-5.18,6.890000000000001,0.9970000000000001,0.9627811908721924,0.07142857142857142,0.03955438919365406,1.0,1.0,7.5,0.6180000000000001,True,True,False
6.122696399688721,forward_005,4.122696399688721,0.05,0.0,0.0,0.6883142237552637,-0.2476185876266955,0.5290529295107811,0.71,4.03,7.6000000000000005,0.9210000000000002,0.9761929512023926,0.07142857142857142,0.05214638076722622,1.0,1.0,7.5,0.6180000000000001,True,True,False
6.143064975738525,forward_005,4.143064975738525,0.05,0.0,0.0,0.6566801310628665,0.30652344988150415,-0.14944381720201447,1.21,0.96,8.28,0.537,0.9618444442749023,0.07142857142857142,0.06544615887105465,1.0,1.0,7.6,0.45300000000000007,True,True,False
6.164045572280884,forward_005,4.164045572280884,0.05,0.0,0.0,0.5705044992456465,0.4243331743911214,-0.2694352032766246,1.21,0.96,8.28,0.614,0.9579734206199646,0.07142857142857142,0.03080580849200487,1.0,1.0,7.6,0.45300000000000007,True,True,False
6.184473991394043,forward_005,4.184473991394043,0.05,0.0,0.0,0.2552544031041707,0.2901609881440573,-1.0635600129340446,-2.5300000000000002,-0.63,8.39,0.614,0.9803653359413147,0.07142857142857142,0.15573496138677,1.0,1.0,7.6,0.45300000000000007,True,True,False
6.2048444747924805,forward_005,4.2048444747924805,0.05,0.0,0.0,0.28361600344907856,0.19962203319685143,-1.2217304763960306,-1.71,-2.0100000000000002,9.35,0.767,0.9653217196464539,0.07142857142857142,0.12593768164515495,1.0,1.0,7.6,0.45300000000000007,True,True,False
6.2252113819122314,forward_005,4.2252113819122314,0.05,0.0,0.0,0.21380283336930536,0.28579766501407144,-0.6141377305455047,-1.71,-2.0100000000000002,9.35,0.767,0.939770519733429,0.0,0.04232483729720116,1.0,1.0,7.6,0.45300000000000007,True,True,False
6.245584011077881,forward_005,4.245584011077881,0.05,0.0,0.0,0.1734420944169365,0.2781618495365963,0.35997415822383044,0.44,-1.5,8.38,1.765,0.9785518050193787,0.07142857142857142,0.13206872902810574,1.0,0.0,7.6,0.45300000000000007,True,True,False
6.265960931777954,forward_005,4.265960931777954,0.05,0.0,0.0,0.14508049407202864,0.29343348049154666,0.48978302134090873,0.98,-2.9,5.87,2.302,0.9716439843177795,0.07142857142857142,0.028589610010385513,1.0,1.0,7.6,0.45300000000000007,True,True,False
6.286324739456177,forward_005,4.286324739456177,0.05,0.0,0.0,-0.2279836335417593,0.006544984694978736,1.0602875205865552,-0.64,-5.21,8.56,1.918,0.9723966121673584,0.07142857142857142,0.04497531056404114,1.0,1.0,7.6,0.45300000000000007,True,True,False
6.3066911697387695,forward_005,4.3066911697387695,0.05,0.0,0.0,-0.8770279491271507,0.2945243112740431,1.9264071618887413,-2.2800000000000002,1.26,4.69,1.534,0.9703894853591919,0.07142857142857142,0.046053141355514526,1.0,1.0,7.6,0.45300000000000007,True,True,False
6.32725715637207,forward_005,4.32725715637207,0.05,0.0,0.0,-1.5369805725375065,-0.15162547876700738,1.088649120931463,-2.2800000000000002,1.26,4.69,1.151,0.9810637831687927,0.21428571428571427,0.03873191121965647,1.0,1.0,7.6,0.45300000000000007,True,True,False
6.3477466106414795,forward_005,4.3477466106414795,0.05,0.0,0.0,-0.8355763793922852,0.5006913291658733,-0.11344640137963143,-4.37,3.43,8.700000000000001,0.9210000000000002,0.9635501503944397,0.07142857142857142,0.08609278127551079,1.0,1.0,7.7,0.13,True,True,False
6.368103981018066,forward_005,4.368103981018066,0.05,0.0,0.0,-0.46469391334349025,0.9261153343394911,-0.00545415391248228,-2.12,0.22,5.48,0.767,0.9091563820838928,0.0,0.08103940263390541,1.0,1.0,7.7,0.13,True,True,False
6.3884735107421875,forward_005,4.3884735107421875,0.05,0.0,0.0,-0.10144726277217041,0.8213955792198313,-0.667588438887831,-2.12,0.22,5.48,0.6899999999999998,0.9165250062942505,0.0,0.038729846477508545,1.0,1.0,7.7,0.13,True,True,False
6.40897536277771,forward_005,4.40897536277771,0.05,0.0,0.0,-0.14835298641951802,1.1453723216212788,-1.1900963837036334,-0.91,-2.7600000000000002,9.620000000000001,0.537,0.8541446328163147,0.0,0.0499037429690361,1.0,1.0,7.7,0.13,True,True,False
6.429342985153198,forward_005,4.429342985153198,0.05,0.0,0.0,0.044724062082354694,0.7090400086226963,-0.5650503453331642,-0.91,-2.7600000000000002,9.620000000000001,0.9210000000000002,0.9285156726837158,0.0,0.043484507594257586,1.0,1.0,7.7,0.13,True,True,False
6.449711322784424,forward_005,4.449711322784424,0.05,0.0,0.0,-0.04036073895236887,0.755945732270044,0.05126904677733343,-0.91,-2.7600000000000002,9.620000000000001,1.227,0.8652717471122742,0.0,0.08845048025250435,1.0,1.0,7.7,0.13,True,True,False
6.470082521438599,forward_005,4.470082521438599,0.05,0.0,0.0,-0.40033489717619936,0.5825036378531074,0.37960911230876665,-0.91,-2.7600000000000002,9.620000000000001,1.227,0.8552063703536987,0.0,0.045193410478532314,1.0,1.0,7.7,0.13,True,True,False
6.490448474884033,forward_005,4.490448474884033,0.05,0.0,0.0,-0.7461282552275759,0.3043417883165112,0.4799655442984406,-3.31,-1.8800000000000001,8.15,0.767,0.8843762874603271,0.0,0.07698641438037157,1.0,1.0,7.7,0.13,True,True,False
6.510818719863892,forward_005,4.510818719863892,0.05,0.0,0.0,-0.7853981633974483,0.04581489286485115,1.2871803233458181,-3.31,-1.8800000000000001,8.15,1.534,0.8483642339706421,0.0,0.13827935885637999,1.0,1.0,7.7,0.13,True,True,False
6.531201124191284,forward_005,4.531201124191284,0.05,0.0,0.0,-0.7210391472301574,0.06654067773228381,1.4606224177627545,-3.27,0.81,6.73,1.688,0.8911316394805908,0.0,0.07207555789500475,0.0,1.0,7.7,0.13,True,True,False
6.551746368408203,forward_005,4.551746368408203,0.05,0.0,0.0,-0.6294093615004551,-0.11344640137963143,0.8857545953871222,-3.95,-0.09,8.24,1.381,0.9315117001533508,0.0,0.03376887831836939,0.0,1.0,6.8,2.756,True,True,False
6.572106122970581,forward_005,4.572106122970581,0.05,0.0,0.0,-0.36979163526629855,0.04254240051736178,0.3141592653589793,-2.95,-0.54,6.46,1.841,0.9402626156806946,0.0,0.054816278629004955,0.0,1.0,6.8,2.756,True,True,False
6.5925140380859375,forward_005,4.5925140380859375,0.05,0.0,0.0,0.0272707695624114,-0.16253378659197193,-0.0719948316447661,-1.9000000000000001,-2.71,6.890000000000001,2.532,0.918194591999054,0.0,0.07819009013473988,0.0,1.0,6.8,2.756,True,True,False
6.613024473190308,forward_005,4.613024473190308,0.05,0.0,0.0,0.6217735460229799,-0.12326387842209953,-0.27379852640661045,-4.76,-3.69,7.19,2.378,0.9132585525512695,0.0,0.08963021449744701,0.0,1.0,6.8,2.756,True,True,False
6.633423328399658,forward_005,4.633423328399658,0.05,0.0,0.0,1.1431906600562858,-0.4068798818711781,-0.3665191429188092,-4.76,-3.69,7.19,1.688,0.9493502974510193,0.0,0.05733103305101395,0.0,1.0,6.8,2.756,True,True,False
6.653803825378418,forward_005,4.653803825378418,0.05,0.0,0.0,1.210822168571066,-0.3490658503988659,-0.2650718801466388,-1.05,-7.61,6.67,0.9970000000000001,0.9588578343391418,0.07142857142857142,0.09811524674296379,0.0,1.0,6.8,2.756,True,True,False
6.674293518066406,forward_005,4.674293518066406,0.05,0.0,0.0,1.2959069696057897,-0.6337726846304409,0.28361600344907856,-2.67,-2.45,8.53,2.378,0.9583432674407959,0.07142857142857142,0.05584375932812691,0.0,1.0,6.8,2.756,True,True,False
6.694670915603638,forward_005,4.694670915603638,0.05,0.0,0.0,1.4420782944603148,-0.7308566242726255,0.3076142806640006,-2.42,-3.74,5.95,2.8389999999999995,0.9409666657447815,0.0,0.058346763253211975,1.0,1.0,6.8,2.756,True,True,False
6.715033531188965,forward_005,4.715033531188965,0.05,0.0,0.0,1.700605189911975,-0.9850201965942997,0.14180800172453928,-2.35,-0.81,7.390000000000001,1.304,0.9492272734642029,0.0,0.09453580807894468,1.0,1.0,6.8,2.756,True,True,False
6.735401630401611,forward_005,4.735401630401611,0.05,0.0,0.0,1.9874936857085428,-1.2075496762235767,-0.12871803233458182,-1.54,-2.07,6.9,1.688,0.966282844543457,0.07142857142857142,0.029707168694585562,1.0,0.0,6.8,2.756,True,True,False
6.755965948104858,forward_005,4.755965948104858,0.05,0.0,0.0,1.8129607605091098,-1.3668109704680593,0.4821472058634335,-1.54,-2.07,6.9,1.765,0.9759999513626099,0.14285714285714285,0.02600999199785292,1.0,0.0,7.6,0.34900000000000003,True,True,False
6.776329517364502,forward_005,4.776329517364502,0.05,0.0,0.0,0.41233403578366035,-0.061086523819801536,-0.6850417314077744,-1.54,-2.07,6.9,1.381,0.9637159109115601,0.07142857142857142,0.13415202870965004,1.0,0.0,7.6,0.34900000000000003,True,True,False
6.796740293502808,forward_005,4.796740293502808,0.05,0.0,0.0,0.15926129424448257,-1.595885434792315,-1.2435470920459597,1.94,1.1500000000000001,9.57,1.151,0.9383030533790588,0.0,0.11183479428291321,1.0,0.0,7.6,0.34900000000000003,True,True,False
6.8171067237854,forward_005,4.8171067237854,0.05,0.0,0.0,0.03490658503988659,-1.074468320759009,-0.9053895494720584,-0.53,-4.45,1.6400000000000001,1.458,0.977379560470581,0.21428571428571427,0.10730992257595062,1.0,0.0,7.6,0.34900000000000003,True,True,False
6.837499380111694,forward_005,4.837499380111694,0.05,0.0,0.0,-0.3337942194439155,-0.9675669040743564,0.8944812416470939,0.86,3.64,7.42,1.995,0.9662789702415466,0.14285714285714285,0.07099101692438126,1.0,0.0,7.6,0.34900000000000003,True,True,False
6.857867479324341,forward_005,4.857867479324341,0.05,0.0,0.0,-0.5279620987282847,-0.7952156404399164,0.8006697943523987,0.44,1.94,9.46,2.225,0.9755097031593323,0.21428571428571427,0.06265141442418098,1.0,0.0,7.6,0.34900000000000003,True,True,False
6.878252983093262,forward_005,4.878252983093262,0.05,0.0,0.0,-0.38288160465625604,-1.090830782496456,0.9741118887693352,-1.1,1.2,5.84,1.534,0.9851412773132324,0.21428571428571427,0.03793797641992569,1.0,0.0,7.6,0.34900000000000003,True,True,False
6.898610830307007,forward_005,4.898610830307007,0.05,0.0,0.0,-0.4341506514335895,-1.1846422297911512,0.7515824091400581,-0.81,4.5200000000000005,9.0,1.227,0.9810395836830139,0.2857142857142857,0.03726595640182495,1.0,0.0,7.6,0.34900000000000003,True,True,False
6.919003963470459,forward_005,4.919003963470459,0.05,0.0,0.0,-0.41015237421866746,-0.6904958853202566,0.4526947747360292,-0.91,4.0600000000000005,9.63,1.304,0.9874980449676514,0.2857142857142857,0.07202765345573425,1.0,0.0,7.6,0.34900000000000003,True,True,False
6.9394330978393555,forward_005,4.9394330978393555,0.05,0.0,0.0,-0.4603305902135044,0.07963064712224129,-0.9970193352017608,-0.91,4.0600000000000005,9.63,1.151,0.9846785068511963,0.2857142857142857,0.06716637313365936,1.0,0.0,7.6,0.34900000000000003,True,True,False
6.9598069190979,forward_005,4.9598069190979,0.05,0.0,0.0,-0.7395832705325971,0.5988660995905544,-1.631882850614698,0.24,0.92,9.09,0.9210000000000002,0.9571467041969299,0.07142857142857142,0.06644484773278236,1.0,1.0,7.5,0.6910000000000001,True,True,False
6.980173349380493,forward_005,4.980173349380493,0.05,0.0,0.0,-1.0602875205865552,0.7712173632249943,-1.7627825445142729,0.25,1.98,6.79,1.688,0.9512704610824585,0.07142857142857142,0.0326330391690135,1.0,1.0,7.5,0.6910000000000001,True,True,False
7.000543832778931,forward_005,5.000543832778931,0.05,0.0,0.0,-1.3079061082132506,0.4046982203061852,-1.571887157577393,0.63,-1.1,8.55,1.227,0.9288643598556519,0.0,0.038055047392845154,1.0,1.0,7.5,0.6910000000000001,True,True,False
7.020897150039673,forward_005,5.020897150039673,0.05,0.0,0.0,-1.2860894925633215,0.559596191420682,-0.5683228376806536,0.63,-1.1,8.55,1.765,0.9138134121894836,0.0,0.03208658052608371,0.0,1.0,7.5,0.6910000000000001,True,True,False
7.041312217712402,forward_005,5.041312217712402,0.05,0.0,0.0,-1.0755591515415055,1.0079276430267252,0.46142142099600086,0.63,-1.1,8.55,1.534,0.8928288221359253,0.0,0.07442227425053716,0.0,1.0,7.5,0.6910000000000001,True,True,False
7.061676502227783,forward_005,5.061676502227783,0.05,0.0,0.0,-0.9653852425093635,1.2457287536109527,1.6002487579223008,-3.46,-5.79,5.58,1.458,0.7476387619972229,0.0,0.20513099431991577,0.0,1.0,7.5,0.6910000000000001,True,True,False
7.082036018371582,forward_005,5.082036018371582,0.05,0.0,0.0,-0.5825036378531074,1.347176016383123,2.055125194223323,-3.46,-5.79,5.58,1.074,0.8905487060546875,0.0,0.18093229830265045,0.0,1.0,7.5,0.6910000000000001,True,True,False
7.102489709854126,forward_005,5.102489709854126,0.05,0.0,0.0,-0.507236313860852,1.3679018012505557,1.4693490640227262,-3.46,-5.79,5.58,1.074,0.8802682161331177,0.0,0.05936118960380554,0.0,1.0,7.5,0.6910000000000001,True,True,False
7.123031377792358,forward_005,5.123031377792358,0.05,0.0,0.0,-0.6294093615004551,0.9959285044192643,1.0613783513690516,-3.46,-5.79,5.58,1.688,0.8488912582397461,0.0,0.050929777324199677,0.0,1.0,7.5,0.6910000000000001,True,True,False
7.1434009075164795,forward_005,5.1434009075164795,0.05,0.0,0.0,-0.5257804371632918,1.1737339219661866,0.3108867730114899,-1.83,-0.36,3.61,2.071,0.7055639028549194,0.0,0.16151056997478008,0.0,1.0,7.5,0.6910000000000001,True,True,False
7.163774251937866,forward_005,5.163774251937866,0.05,0.0,0.0,-0.03599741582238305,0.3097959422289935,-0.23234695667174513,-4.05,-3.77,6.41,2.455,0.6479289531707764,0.0,0.13339287601411343,0.0,1.0,7.0,2.5669999999999997,True,True,False
7.184948444366455,forward_005,5.184948444366455,0.05,0.0,0.0,0.6446809924554054,0.3097959422289935,-0.2596177262341565,-5.3,-4.61,8.52,1.688,0.9009101390838623,0.0,0.07088472694158554,0.0,1.0,7.0,2.5669999999999997,True,True,False
7.205577373504639,forward_005,5.205577373504639,0.05,0.0,0.0,1.315541923690726,-0.13962634015954636,-0.23343778745424157,-5.3,-4.61,8.52,1.688,0.7994178533554077,0.0,0.0854397932998836,0.0,1.0,7.0,2.5669999999999997,True,True,False
7.226100444793701,forward_005,5.226100444793701,0.05,0.0,0.0,1.387536755335492,-0.38069994309126315,-0.07963064712224129,1.27,-7.3,8.6,1.458,0.8241670727729797,0.0,0.12756507471203804,0.0,1.0,7.0,2.5669999999999997,True,True,False
7.24646520614624,forward_005,5.24646520614624,0.05,0.0,0.0,1.3526301702956054,-0.5901394533305827,0.6970408700152354,0.46,-1.77,7.74,1.458,0.8898378014564514,0.0,0.1608559861779213,0.0,1.0,7.0,2.5669999999999997,True,True,False
7.266818046569824,forward_005,5.266818046569824,0.05,0.0,0.0,1.598067096357308,-0.33052172709642613,1.0679233360640303,-2.46,-3.06,4.43,1.458,0.9372256398200989,0.0,0.1532069370150566,1.0,1.0,7.0,2.5669999999999997,True,True,False
7.287179708480835,forward_005,5.287179708480835,0.05,0.0,0.0,1.9602229161461313,-0.3741549583962844,1.1999138607461015,-1.22,2.82,8.03,1.151,0.921230673789978,0.0,0.15245437901467085,1.0,0.0,7.0,2.5669999999999997,True,True,False
7.307563304901123,forward_005,5.307563304901123,0.05,0.0,0.0,2.061670178918302,-0.17016960206944712,0.7341291166201148,-0.27,-2.98,4.24,1.304,0.9433813691139221,0.0,0.11646703258156776,1.0,0.0,7.0,2.5669999999999997,True,True,False
7.327922821044922,forward_005,5.327922821044922,0.05,0.0,0.0,1.4911656796726553,-0.14944381720201447,0.1505346479845109,-0.27,-2.98,4.24,1.765,0.9710019826889038,0.07142857142857142,0.10220353398472071,1.0,0.0,7.0,2.5669999999999997,True,True,False
7.348286390304565,forward_005,5.348286390304565,0.05,0.0,0.0,0.2683443724941282,0.9850201965942997,-1.0210176124166828,-0.27,-2.98,4.24,2.071,0.9552702307701111,0.07142857142857142,0.11439038382377476,1.0,0.0,7.0,2.5669999999999997,True,True,False
7.368645191192627,forward_005,5.368645191192627,0.05,0.0,0.0,0.21271200258680892,0.8192139176548384,-1.6078845733997762,-2.39,6.2,9.540000000000001,1.458,0.8589289784431458,0.0,0.17500276491045952,1.0,0.0,6.8,3.6,True,True,False
7.389004468917847,forward_005,5.389004468917847,0.05,0.0,0.0,0.5759586531581288,1.1999138607461015,-1.806415775814131,-2.45,-0.26,5.67,0.9970000000000001,0.9519936442375183,0.07142857142857142,0.23209381103515625,1.0,0.0,6.8,3.6,True,True,False
7.409371376037598,forward_005,5.409371376037598,0.05,0.0,0.0,0.5475970528132209,1.2304571226560024,-0.6806784082777885,-2.2,2.09,9.39,2.225,0.9190531969070435,0.0,0.08108299877494574,1.0,0.0,6.8,3.6,True,True,False
7.42975378036499,forward_005,5.42975378036499,0.05,0.0,0.0,0.3817907738737596,1.030835089459151,-0.2596177262341565,-3.73,-1.21,6.19,3.299,0.7838757038116455,0.0,0.08970697224140167,1.0,0.0,6.8,3.6,True,True,False
7.45023775100708,forward_005,5.45023775100708,0.05,0.0,0.0,0.16689710972195776,0.3108867730114899,0.8039422866998881,-3.75,0.43,5.36,3.145,0.7326070070266724,0.0,0.1257943421951495,1.0,0.0,6.8,3.6,True,True,False
7.470608234405518,forward_005,5.470608234405518,0.05,0.0,0.0,-0.25634523388666713,-0.16907877128695067,1.1137382289288815,-5.79,0.8200000000000001,8.6,3.452,0.7677977681159973,0.0,0.16068498603999615,1.0,0.0,6.8,3.6,True,True,False
7.491093158721924,forward_005,5.491093158721924,0.05,0.0,0.0,-0.8966629032120869,-0.6032294227205401,0.7690357016600015,-5.79,0.8200000000000001,8.6,2.378,0.9140520691871643,0.0,0.0710422620177269,1.0,0.0,6.8,3.6,True,True,False
7.5114641189575195,forward_005,5.5114641189575195,0.05,0.0,0.0,-1.4006267247254494,-0.7210391472301574,0.05672320068981571,-2.82,6.95,7.46,1.765,0.8263566493988037,0.0,0.2654738649725914,0.0,0.0,6.8,3.6,True,True,False
7.531919717788696,forward_005,5.531919717788696,0.05,0.0,0.0,-1.6635169433070953,-1.315541923690726,-1.0253809355466685,-0.1,4.87,7.29,2.532,0.8136791586875916,0.0,0.16175837442278862,0.0,0.0,6.8,3.6,True,True,False
7.552292346954346,forward_005,5.552292346954346,0.05,0.0,0.0,-1.756237559819294,-1.3231777391682011,-1.734420944169365,-1.33,2.83,6.76,3.913,0.9048157334327698,0.0,0.09480280429124832,0.0,1.0,6.8,3.6,True,True,False
7.572686672210693,forward_005,5.572686672210693,0.05,0.0,0.0,-1.4769848795002014,-1.4442599560253078,-1.908953869368798,-3.46,2.3000000000000003,3.84,1.458,0.9156648516654968,0.0,0.10485482588410378,0.0,1.0,7.2,1.437,True,True,False
7.593058824539185,forward_005,5.593058824539185,0.05,0.0,0.0,-1.1693705988362009,-1.3231777391682011,-2.129301687433082,-0.53,-0.46,1.97,1.765,0.9385434985160828,0.0,0.10176726244390011,0.0,1.0,7.2,1.437,True,True,False
7.6134352684021,forward_005,5.6134352684021,0.05,0.0,0.0,-0.43960480534607177,-0.6621342849753488,-0.13962634015954636,-0.53,-0.46,1.97,2.378,0.9464921951293945,0.0,0.14342552796006203,0.0,0.0,7.2,1.437,True,True,False
7.633913278579712,forward_005,5.633913278579712,0.05,0.0,0.0,-0.43960480534607177,-0.6621342849753488,-0.13962634015954636,-1.1400000000000001,-0.12,4.3,2.225,0.9571909308433533,0.07142857142857142,0.06666849739849567,0.0,1.0,7.2,1.437,True,True,False
7.654288053512573,forward_005,5.654288053512573,0.05,0.0,0.0,-0.43960480534607177,-0.6621342849753488,-0.13962634015954636,-1.8900000000000001,-0.68,0.24,1.765,0.98653244972229,0.14285714285714285,0.06890847533941269,1.0,1.0,7.2,1.437,True,True,False
7.674657583236694,forward_005,5.674657583236694,0.05,0.0,0.0,-0.43960480534607177,-0.6621342849753488,-0.13962634015954636,-1.79,2.14,0.96,1.6110000000000002,0.9914519190788269,0.21428571428571427,0.022432781755924225,1.0,1.0,7.2,1.437,True,True,False
7.695026874542236,forward_005,5.695026874542236,0.05,0.0,0.0,0.13744467859455345,-0.41233403578366035,1.213003830136059,-1.79,2.14,0.96,1.074,0.9927741885185242,0.14285714285714285,0.07105659320950508,1.0,0.0,7.2,1.437,True,True,False
7.715408563613892,forward_005,5.715408563613892,0.05,0.0,0.0,0.17889624832941878,-0.13199052468207118,0.20180369476184434,-1.79,2.14,0.96,1.304,0.9921618103981018,0.21428571428571427,0.06263794377446175,1.0,1.0,7.2,1.437,True,True,False
7.735780477523804,forward_005,5.735780477523804,0.05,0.0,0.0,-0.4046982203061852,-0.22362031041177347,-0.4701480672559725,-0.73,0.23,2.36,1.534,0.9914617538452148,0.21428571428571427,0.026516839861869812,1.0,1.0,7.2,1.437,True,True,False
7.75624418258667,forward_005,5.75624418258667,0.05,0.0,0.0,-0.421060682043632,-0.23561944901923448,-0.2454369260617026,-3.69,-0.79,7.22,0.844,0.9935587048530579,0.21428571428571427,0.0339640025049448,1.0,1.0,7.2,1.437,True,True,False
7.776627779006958,forward_005,5.776627779006958,0.05,0.0,0.0,-0.7624907169650227,-0.0272707695624114,-0.09599310885968812,-2.49,-0.53,8.83,1.074,0.9879755973815918,0.14285714285714285,0.06133365863934159,1.0,1.0,7.6,0.103,True,True,False
7.796999931335449,forward_005,5.796999931335449,0.05,0.0,0.0,-0.41996985126113556,0.6414085001079161,0.16580627893946132,-2.49,-0.53,8.83,0.6899999999999998,0.9752199649810791,0.14285714285714285,0.1377599211409688,1.0,1.0,7.6,0.103,True,True,False
7.817366361618042,forward_005,5.817366361618042,0.05,0.0,0.0,-0.17453292519943295,0.8170322560898455,0.4636030825609938,-0.96,-1.34,8.93,0.6899999999999998,0.9332042336463928,0.0,0.15729199349880219,1.0,1.0,7.6,0.103,True,True,False
7.8377485275268555,forward_005,5.8377485275268555,0.05,0.0,0.0,-0.08726646259971647,0.49414634447089456,0.43196898986859655,-1.18,-2.06,6.99,1.304,0.9537238478660583,0.07142857142857142,0.09242495149374008,1.0,1.0,7.6,0.103,True,True,False
7.858114957809448,forward_005,5.858114957809448,0.05,0.0,0.0,0.07853981633974483,0.4734205596034619,0.38942658935123475,-0.44,-0.87,7.7700000000000005,1.765,0.9521895051002502,0.07142857142857142,0.06432707607746124,1.0,1.0,7.6,0.103,True,True,False
7.8786444664001465,forward_005,5.8786444664001465,0.05,0.0,0.0,0.2781618495365963,0.3741549583962844,0.3392483733563978,0.16,-0.8,7.5600000000000005,2.148,0.9471108913421631,0.0,0.18227363750338554,1.0,1.0,7.6,0.103,True,True,False
7.899008750915527,forward_005,5.899008750915527,0.05,0.0,0.0,0.5945027764605685,0.014180800172453928,-0.37960911230876665,0.16,-0.8,7.5600000000000005,1.765,0.9644331932067871,0.07142857142857142,0.1215660460293293,1.0,1.0,7.6,0.103,True,True,False
7.919373512268066,forward_005,5.919373512268066,0.05,0.0,0.0,0.6839509006252779,0.29343348049154666,-0.559596191420682,0.16,-0.8,7.5600000000000005,1.534,0.940032422542572,0.0,0.08391888113692403,1.0,1.0,7.6,0.103,True,True,False
7.939734220504761,forward_005,5.939734220504761,0.05,0.0,0.0,0.7526732399225546,0.7264933011426397,-1.5053464798451093,0.16,-0.8,7.5600000000000005,1.381,0.9261934757232666,0.0,0.06556935794651508,1.0,0.0,7.6,0.103,True,True,False
7.9601850509643555,forward_005,5.9601850509643555,0.05,0.0,0.0,0.7984881327874057,-0.2650718801466388,-1.9722220547535925,2.95,-1.97,7.7700000000000005,1.534,0.9528467655181885,0.07142857142857142,0.1383003517985344,1.0,0.0,7.6,0.103,True,True,False
7.980585336685181,forward_005,5.980585336685181,0.05,0.0,0.0,0.5748678223756323,0.22689280275926285,-1.451895771502783,1.54,-2.63,4.24,1.688,0.957429826259613,0.07142857142857142,0.05412900960072875,1.0,0.0,7.5,0.64,True,True,False
8.000951051712036,stop_after_005,0.0009510517120361328,0.0,0.0,0.0,0.09817477042468103,-0.09817477042468103,-0.22580197197676638,-3.59,-0.01,6.11,1.841,0.9303488731384277,0.0,0.06109382212162018,1.0,0.0,7.5,0.64,True,True,False
8.021330118179321,stop_after_005,0.02133011817932129,0.0,0.0,0.0,-0.4821472058634335,-0.20616701789183017,0.16580627893946132,-3.59,-0.01,6.11,2.302,0.9009261727333069,0.0,0.05289037059992552,1.0,0.0,7.5,0.64,True,True,False
8.041697978973389,stop_after_005,0.04169797897338867,0.0,0.0,0.0,-1.1562806294462433,-1.0450158896316049,0.37306412761378793,-1.76,2.49,8.49,1.458,0.9380625486373901,0.0,0.03558766841888428,1.0,1.0,7.5,0.64,True,True,False
8.06217336654663,stop_after_005,0.06217336654663086,0.0,0.0,0.0,-1.4126258633329105,-1.2424562612634633,-0.11999138607461016,1.72,3.88,8.66,1.458,0.9102929830551147,0.0,0.10117175802588463,1.0,1.0,7.5,0.64,True,True,False
8.082555770874023,stop_after_005,0.08255577087402344,0.0,0.0,0.0,-1.6536994662646272,-1.0788316438889949,-0.7494007475750653,-2.58,4.37,8.66,1.458,0.9437718987464905,0.0,0.08136869594454765,0.0,1.0,7.5,0.64,True,True,False
8.102917671203613,stop_after_005,0.10291767120361328,0.0,0.0,0.0,-1.0101093045917182,-0.507236313860852,-1.10501158266891,-2.58,4.37,8.66,1.381,0.9404467344284058,0.0,0.06231624819338321,1.0,1.0,7.5,0.64,True,True,False
8.123722791671753,stop_after_005,0.12372279167175293,0.0,0.0,0.0,-0.11235557059713497,-0.5181446216858165,-1.667880266437081,-2.7,-2.2800000000000002,8.35,0.844,0.93821781873703,0.0,0.020110561046749353,0.0,1.0,7.5,0.64,True,True,False
8.144108772277832,stop_after_005,0.14410877227783203,0.0,0.0,0.0,0.32834006553143325,-0.6119560689805118,-1.8380498685065283,-2.7,-2.2800000000000002,8.35,0.767,0.9396721124649048,0.0,0.026889871805906296,0.0,1.0,7.5,0.64,True,True,False
8.16448163986206,stop_after_005,0.16448163986206055,0.0,0.0,0.0,0.5934119456780721,0.1930770485018727,-0.866119641302186,-2.7,-2.2800000000000002,8.35,0.537,0.9386091232299805,0.0,0.09451490853098221,1.0,1.0,7.5,0.64,True,True,False
8.18485975265503,stop_after_005,0.1848597526550293,0.0,0.0,0.0,0.3294308963139297,0.667588438887831,-0.2683443724941282,-0.79,-7.2700000000000005,5.72,0.6899999999999998,0.8605552315711975,0.0,0.14372658543288708,1.0,1.0,7.5,0.5389999999999999,True,True,False
8.206319093704224,stop_after_005,0.20631909370422363,0.0,0.0,0.0,0.3861540970037454,0.21598449493429828,0.06326818538479445,-0.21,-3.47,4.97,0.6899999999999998,0.801945686340332,0.0,0.05988442711532116,1.0,1.0,7.5,0.5389999999999999,True,True,False
8.226806879043579,stop_after_005,0.2268068790435791,0.0,0.0,0.0,0.12762720155208535,0.3567016658763411,0.459239759431008,-0.21,-3.47,4.97,0.767,0.6758942604064941,0.0,0.06063246726989746,1.0,1.0,7.5,0.5389999999999999,True,True,False
8.247174978256226,stop_after_005,0.24717497825622559,0.0,0.0,0.0,-0.12217304763960307,0.35015668118136234,0.7232208087951503,-0.21,-3.47,4.97,1.227,0.7834369540214539,0.0,0.06615114817395806,1.0,1.0,7.5,0.5389999999999999,True,True,False
8.267545700073242,stop_after_005,0.2675457000732422,0.0,0.0,0.0,-0.16689710972195776,0.31306843457648287,0.2617993877991494,-0.21,-3.47,4.97,1.304,0.7535207271575928,0.0,0.044470299035310745,1.0,1.0,7.5,0.5389999999999999,True,True,False
8.287908792495728,stop_after_005,0.28790879249572754,0.0,0.0,0.0,-0.05890486225480862,0.18762289458939044,-0.04581489286485115,-0.21,-3.47,4.97,1.381,0.768195629119873,0.0,0.050127867609262466,1.0,1.0,7.5,0.5389999999999999,True,True,False
8.308366298675537,stop_after_005,0.3083662986755371,0.0,0.0,0.0,0.19198621771937624,0.03381575425739013,-0.017453292519943295,-2.57,0.02,8.82,1.151,0.8191981315612793,0.0,0.09097764547914267,0.0,1.0,7.5,0.5389999999999999,True,True,False
8.328731298446655,stop_after_005,0.3287312984466553,0.0,0.0,0.0,0.5290529295107811,-0.17780541754692233,-0.4886921905584123,-1.53,1.44,8.3,0.9970000000000001,0.8346656560897827,0.0,0.09675234684254974,0.0,1.0,7.5,0.5389999999999999,True,True,False
8.34909987449646,stop_after_005,0.34909987449645996,0.0,0.0,0.0,0.7744898555724837,-0.18762289458939044,-0.990474350506782,-1.6400000000000001,-1.08,5.86,0.9970000000000001,0.8200339674949646,0.0,0.04080789536237717,0.0,1.0,7.5,0.5389999999999999,True,True,False
8.369569063186646,stop_after_005,0.3695690631866455,0.0,0.0,0.0,0.978475211899321,-0.5345070834232635,-0.9533861039019025,-0.49,-3.67,8.71,1.074,0.8435227274894714,0.0,0.04961603134870529,1.0,1.0,7.5,0.5389999999999999,True,True,False
8.389940023422241,stop_after_005,0.3899400234222412,0.0,0.0,0.0,0.9261153343394911,-0.3141592653589793,-0.6348635154129374,-0.68,-2.5100000000000002,6.1000000000000005,0.6899999999999998,0.8652466535568237,0.0,0.026820476632565253,1.0,1.0,7.5,0.552,True,True,False
8.410324573516846,stop_after_005,0.4103245735168457,0.0,0.0,0.0,0.5268712679457882,-0.5508695451607103,-0.6130468997630083,-0.68,-2.5100000000000002,6.1000000000000005,1.151,0.8862490653991699,0.0,0.030975088477134705,1.0,1.0,7.5,0.552,True,True,False
8.430693864822388,stop_after_005,0.4306938648223877,0.0,0.0,0.0,-0.284706834231575,-0.6414085001079161,0.08617563181722002,-0.68,-2.5100000000000002,6.1000000000000005,1.381,0.87039715051651,0.0,0.04583689756691456,1.0,1.0,7.5,0.552,True,True,False
8.451059579849243,stop_after_005,0.45105957984924316,0.0,0.0,0.0,-0.4657847441259867,-0.543233729683235,0.7646723785300157,-0.61,0.19,5.5600000000000005,1.458,0.870097279548645,0.0,0.03389175981283188,1.0,1.0,7.5,0.552,True,True,False
8.471434831619263,stop_after_005,0.4714348316192627,0.0,0.0,0.0,-0.4701480672559725,-0.6228643768054763,1.0711958284115197,-0.34,0.68,7.4,0.9970000000000001,0.8677934408187866,0.0,0.011155754327774048,1.0,1.0,7.5,0.552,True,True,False
8.49194884300232,stop_after_005,0.49194884300231934,0.0,0.0,0.0,-0.7035858547102141,-0.6086835766330224,1.3100877697782436,-0.34,0.68,7.4,0.614,0.8557684421539307,0.0,0.01590857096016407,1.0,1.0,7.5,0.552,True,True,False
8.512316226959229,stop_after_005,0.5123162269592285,0.0,0.0,0.0,-1.0297442586766545,-0.22689280275926285,0.7930339788749234,-0.34,0.68,7.4,0.844,0.8412039279937744,0.0,0.04301290260627866,1.0,1.0,7.5,0.552,True,True,False
8.53269648551941,stop_after_005,0.5326964855194092,0.0,0.0,0.0,-0.6588617926278594,0.12544553998709243,0.15926129424448257,-2.35,0.79,9.76,0.767,0.8711960911750793,0.0,0.04159266082569957,1.0,1.0,7.5,0.552,True,True,False
8.553071022033691,stop_after_005,0.5530710220336914,0.0,0.0,0.0,-0.33597588100890846,0.06544984694978735,-0.3337942194439155,-2.35,0.79,9.76,0.614,0.8827366232872009,0.0,0.03160388767719269,1.0,1.0,7.5,0.552,True,True,False
8.57344102859497,stop_after_005,0.5734410285949707,0.0,0.0,0.0,-0.33052172709642613,0.08835729338221293,-0.8966629032120869,-2.35,0.79,9.76,0.614,0.8936252593994141,0.0,0.030395287089049816,1.0,1.0,7.5,0.552,True,True,False
8.593948364257812,stop_after_005,0.5939483642578125,0.0,0.0,0.0,-0.3141592653589793,0.4068798818711781,-0.9915651812892785,-1.9000000000000001,-1.96,7.42,0.767,0.8943819999694824,0.0,0.05295870080590248,1.0,1.0,7.6,0.47400000000000003,True,True,False
8.614319801330566,stop_after_005,0.6143198013305664,0.0,0.0,0.0,-0.09708393964218458,0.14180800172453928,-0.8333947178272924,-2.23,-3.29,8.790000000000001,0.614,0.9054550528526306,0.0,0.024972017854452133,1.0,1.0,7.6,0.47400000000000003,True,True,False
8.63469123840332,stop_after_005,0.6346912384033203,0.0,0.0,0.0,0.013089969389957472,0.02181661564992912,-0.3567016658763411,-1.1400000000000001,-4.04,9.01,0.844,0.9167245030403137,0.0,0.016411051154136658,1.0,1.0,7.6,0.47400000000000003,True,True,False
8.655051708221436,stop_after_005,0.6550517082214355,0.0,0.0,0.0,-0.008726646259971648,-0.09381144729469522,0.08835729338221293,-0.9400000000000001,-3.36,8.0,1.151,0.9138129949569702,0.0,0.021746527403593063,1.0,1.0,7.6,0.47400000000000003,True,True,False
8.675465106964111,stop_after_005,0.6754651069641113,0.0,0.0,0.0,-0.01090830782496456,-0.37742745074377376,0.5792311455056182,-0.9400000000000001,-3.36,8.0,0.6899999999999998,0.9072676301002502,0.0,0.016423791646957397,1.0,1.0,7.6,0.47400000000000003,True,True,False
8.695847749710083,stop_after_005,0.695847749710083,0.0,0.0,0.0,0.002181661564992912,-0.4145156973486533,1.0177451200691934,-0.44,-1.09,8.040000000000001,0.614,0.8723604083061218,0.0,0.02538602240383625,1.0,1.0,7.6,0.47400000000000003,True,True,False
8.716371536254883,stop_after_005,0.7163715362548828,0.0,0.0,0.0,-0.10690141668465268,-0.3010692959690218,0.9446594576419308,-0.98,-1.54,7.42,0.614,0.8628522157669067,0.0,0.02384409448131919,1.0,1.0,7.6,0.47400000000000003,True,True,False
8.736740827560425,stop_after_005,0.7367408275604248,0.0,0.0,0.0,-0.16580627893946132,-0.346884188833873,0.6806784082777885,-0.53,-0.35000000000000003,9.76,0.537,0.8669998049736023,0.0,0.013610206544399261,1.0,1.0,7.6,0.47400000000000003,True,True,False
8.757159948348999,stop_after_005,0.757159948348999,0.0,0.0,0.0,-0.18653206380689397,-0.3534291735288517,0.346884188833873,-0.53,-0.35000000000000003,9.76,0.767,0.8902820348739624,0.0,0.016765587031841278,1.0,1.0,7.6,0.47400000000000003,True,True,False
8.777533054351807,stop_after_005,0.7775330543518066,0.0,0.0,0.0,-0.23561944901923448,-0.11126473981463851,-0.1559888018969932,-1.11,0.4,9.290000000000001,0.6899999999999998,0.9045720100402832,0.0,0.01767623471096158,1.0,1.0,7.6,0.47400000000000003,True,True,False
8.797901630401611,stop_after_005,0.7979016304016113,0.0,0.0,0.0,-0.1308996938995747,-0.14180800172453928,-0.5061454830783556,-1.11,0.4,9.290000000000001,0.6899999999999998,0.9090667963027954,0.0,0.018224406987428665,1.0,1.0,7.6,0.29600000000000004,True,True,False
8.81826901435852,stop_after_005,0.8182690143585205,0.0,0.0,0.0,-0.04036073895236887,-0.03490658503988659,-0.6730425928003133,-0.74,-0.9400000000000001,8.950000000000001,0.6899999999999998,0.9029427766799927,0.0,0.008173950016498566,1.0,1.0,7.6,0.29600000000000004,True,True,False
8.838636875152588,stop_after_005,0.8386368751525879,0.0,0.0,0.0,-0.016362461737446838,-0.11671889372712078,-0.6654067773228381,0.2,-1.58,9.66,0.537,0.9090316295623779,0.0,0.003017619252204895,1.0,1.0,7.6,0.29600000000000004,True,True,False
8.859165668487549,stop_after_005,0.8591656684875488,0.0,0.0,0.0,-0.14289883250703572,-0.10035643198967395,-0.36760997370130566,0.0,-2.5500000000000003,9.3,0.537,0.901217520236969,0.0,0.016421858221292496,1.0,1.0,7.6,0.29600000000000004,True,True,False
8.879533529281616,stop_after_005,0.8795335292816162,0.0,0.0,0.0,-0.11126473981463851,-0.11017390903214205,-0.05345070834232634,0.0,-1.95,8.81,0.46,0.898833155632019,0.0,0.014515992254018784,1.0,1.0,7.6,0.29600000000000004,True,True,False
8.900044441223145,stop_after_005,0.9000444412231445,0.0,0.0,0.0,-0.001090830782496456,-0.11780972450961724,0.3752457891787809,-0.28,-3.31,9.32,0.537,0.8895870447158813,0.0,0.018042441457509995,1.0,1.0,7.6,0.29600000000000004,True,True,False
8.920416593551636,stop_after_005,0.9204165935516357,0.0,0.0,0.0,-0.02945243112740431,0.07308566242726255,0.5290529295107811,-1.6600000000000001,-1.37,8.61,0.46,0.8759605884552002,0.0,0.02005128562450409,1.0,1.0,7.6,0.29600000000000004,True,True,False
8.940792560577393,stop_after_005,0.9407925605773926,0.0,0.0,0.0,-0.11999138607461016,0.011999138607461015,0.44178646691106466,-0.8200000000000001,-1.69,8.58,0.537,0.8720027208328247,0.0,0.00541185587644577,1.0,1.0,7.6,0.29600000000000004,True,True,False
8.961310386657715,stop_after_005,0.9613103866577148,0.0,0.0,0.0,-0.16253378659197193,-0.06544984694978735,0.30543261909900765,-0.65,-0.67,9.120000000000001,0.46,0.8843631744384766,0.0,0.0051091741770505905,1.0,1.0,7.6,0.29600000000000004,True,True,False
8.981706857681274,stop_after_005,0.9817068576812744,0.0,0.0,0.0,-0.22362031041177347,-0.19744037163185854,0.17016960206944712,-1.0,-1.31,9.09,0.614,0.8938947319984436,0.0,0.005672886967658997,1.0,1.0,7.6,0.29600000000000004,True,True,False
9.00222373008728,stop_after_005,1.0022237300872803,0.0,0.0,0.0,-0.11999138607461016,-0.31306843457648287,0.09272061651219876,-1.12,-2.05,8.92,0.46,0.9037074446678162,0.0,0.006437838077545166,1.0,1.0,7.6,0.207,True,True,False
9.022589921951294,stop_after_005,1.022589921951294,0.0,0.0,0.0,-0.08508480103472356,-0.4177881896961426,0.06326818538479445,-0.46,-1.56,9.46,0.384,0.9108573198318481,0.0,0.006084538996219635,1.0,1.0,7.6,0.207,True,True,False
9.043065071105957,stop_after_005,1.043065071105957,0.0,0.0,0.0,-0.07963064712224129,-0.36979163526629855,-0.03599741582238305,-0.48,-1.46,9.47,0.23,0.9124969840049744,0.0,0.003497794270515442,1.0,1.0,7.6,0.207,True,True,False
9.063436269760132,stop_after_005,1.0634362697601318,0.0,0.0,0.0,-0.05781403147231216,-0.36979163526629855,-0.013089969389957472,0.29,-1.3800000000000001,9.53,0.077,0.913403332233429,0.0,0.0029693618416786194,1.0,1.0,7.6,0.207,True,True,False
9.083857297897339,stop_after_005,1.0838572978973389,0.0,0.0,0.0,-0.050178215994836975,-0.26725354171163174,0.05890486225480862,0.26,-0.85,9.32,0.077,0.9119957685470581,0.0,0.00550195574760437,1.0,1.0,7.6,0.207,True,True,False
9.104246139526367,stop_after_005,1.1042461395263672,0.0,0.0,0.0,-0.06544984694978735,-0.24980024919168842,0.08835729338221293,0.04,-0.6,9.44,0.077,0.9123979806900024,0.0,0.0012519732117652893,1.0,1.0,7.6,0.207,True,True,False
9.124643802642822,stop_after_005,1.1246438026428223,0.0,0.0,0.0,-0.07526732399225546,-0.2181661564992912,0.04254240051736178,0.04,-0.6,9.44,0.077,0.9120060205459595,0.0,0.002007097005844116,1.0,1.0,7.6,0.207,True,True,False
9.145010948181152,stop_after_005,1.1450109481811523,0.0,0.0,0.0,-0.12217304763960307,-0.20725784867432664,0.003272492347489368,0.0,-1.3800000000000001,9.46,0.153,0.9111241698265076,0.0,0.00266198068857193,1.0,1.0,7.6,0.207,True,True,False
9.165472745895386,stop_after_005,1.1654727458953857,0.0,0.0,0.0,-0.14180800172453928,-0.16035212502697901,0.003272492347489368,0.01,-1.71,9.32,0.23,0.9105063676834106,0.0,0.002971261739730835,1.0,1.0,7.6,0.207,True,True,False
9.185852766036987,stop_after_005,1.1858527660369873,0.0,0.0,0.0,-0.12762720155208535,-0.15162547876700738,0.038179077387375956,0.13,-1.94,9.46,0.153,0.9115795493125916,0.0,0.0018205717206001282,1.0,1.0,7.6,0.207,True,True,False
9.206230878829956,stop_after_005,1.206230878829956,0.0,0.0,0.0,-0.1090830782496456,-0.16907877128695067,0.06981317007977318,0.16,-2.1,9.33,0.23,0.9120192527770996,0.0,0.001550041139125824,1.0,1.0,7.7,0.14,True,True,False
9.22719120979309,stop_after_005,1.2271912097930908,0.0,0.0,0.0,-0.07635815477475191,-0.18871372537188688,0.16580627893946132,0.14,-2.0,9.11,0.23,0.9111583232879639,0.0,0.0037175416946411133,1.0,1.0,7.7,0.14,True,True,False
9.24755597114563,stop_after_005,1.2475559711456299,0.0,0.0,0.0,-0.04799655442984406,-0.18871372537188688,0.29670597283903605,-0.08,-1.96,9.17,0.23,0.9074193239212036,0.0,0.005996100604534149,1.0,1.0,7.7,0.14,True,True,False
9.267927169799805,stop_after_005,1.2679271697998047,0.0,0.0,0.0,-0.037088246604879506,-0.18871372537188688,0.36106498900632694,0.21,-2.14,9.46,0.153,0.9007394909858704,0.0,0.0032042115926742554,1.0,1.0,7.7,0.14,True,True,False
9.288499355316162,stop_after_005,1.288499355316162,0.0,0.0,0.0,-0.05126904677733343,-0.17453292519943295,0.5312345910757741,0.2,-1.82,9.290000000000001,0.153,0.8890354633331299,0.0,0.006947129964828491,1.0,1.0,7.7,0.14,True,True,False
9.308927059173584,stop_after_005,1.308927059173584,0.0,0.0,0.0,-0.025089107997418487,-0.21380283336930536,0.6468626540203984,0.21,-1.9100000000000001,9.22,0.153,0.8784108757972717,0.0,0.004707992076873779,1.0,1.0,7.7,0.14,True,True,False
9.329294204711914,stop_after_005,1.329294204711914,0.0,0.0,0.0,-0.017453292519943295,-0.24434609527920614,0.7657632093125121,0.25,-1.61,9.17,0.153,0.8674944043159485,0.0,0.004964292049407959,1.0,1.0,7.7,0.14,True,True,False
9.34984278678894,stop_after_005,1.3498427867889404,0.0,0.0,0.0,-0.0545415391248228,-0.2530727415391778,0.8432121948697605,0.04,-1.61,9.120000000000001,0.23,0.8647508025169373,0.0,0.006151944398880005,1.0,1.0,7.7,0.14,True,True,False
9.370262384414673,stop_after_005,1.3702623844146729,0.0,0.0,0.0,-0.09926560120717749,-0.29670597283903605,0.8639379797371931,0.02,-1.6400000000000001,8.81,0.23,0.8614591956138611,0.0,0.006001998786814511,1.0,1.0,7.7,0.14,True,True,False
9.390773296356201,stop_after_005,1.3907732963562012,0.0,0.0,0.0,-0.12544553998709243,-0.37742745074377376,0.9141161957320301,0.27,-1.68,9.19,0.307,0.85517418384552,0.0,0.008381617721170187,1.0,1.0,7.7,0.14,True,True,False
9.411149024963379,stop_after_005,1.411149024963379,0.0,0.0,0.0,-0.11562806294462433,-0.40578905108868163,0.9446594576419308,0.35000000000000003,-1.73,8.99,0.307,0.8555613160133362,0.0,0.008635872043669224,1.0,1.0,7.6,0.28400000000000003,True,True,False
9.431512355804443,stop_after_005,1.4315123558044434,0.0,0.0,0.0,-0.06544984694978735,-0.4603305902135044,1.0068368122442288,0.7000000000000001,-2.0,9.17,0.307,0.850223183631897,0.0,0.009590402245521545,1.0,1.0,7.6,0.28400000000000003,True,True,False
9.451919555664062,stop_after_005,1.4519195556640625,0.0,0.0,0.0,-0.00545415391248228,-0.4439681284760576,1.0471975511965976,0.87,-2.02,9.72,0.384,0.8499850630760193,0.0,0.0069764479994773865,1.0,1.0,7.6,0.28400000000000003,True,True,False
9.47228193283081,stop_after_005,1.4722819328308105,0.0,0.0,0.0,0.04690572364734761,-0.4036073895236887,1.0613783513690516,1.18,-2.18,9.48,0.384,0.8496080040931702,0.0,0.0064851343631744385,1.0,1.0,7.6,0.28400000000000003,True,True,False
9.492645025253296,stop_after_005,1.492645025253296,0.0,0.0,0.0,0.08072147790473774,-0.346884188833873,1.1213740444063567,1.27,-1.93,9.15,0.46,0.8496905565261841,0.0,0.00827411562204361,1.0,1.0,7.6,0.28400000000000003,True,True,False
9.513025522232056,stop_after_005,1.5130255222320557,0.0,0.0,0.0,0.09599310885968812,-0.27598018797160334,1.1104657365813921,1.28,-1.37,9.55,0.307,0.8553221225738525,0.0,0.005722925066947937,1.0,1.0,7.6,0.28400000000000003,True,True,False
9.533431053161621,stop_after_005,1.533431053161621,0.0,0.0,0.0,0.06435901616729091,-0.2083486794568231,0.9686577348568529,1.6400000000000001,-1.67,9.52,0.384,0.8612683415412903,0.0,0.005568590015172958,1.0,1.0,7.6,0.28400000000000003,True,True,False
9.553799629211426,stop_after_005,1.5537996292114258,0.0,0.0,0.0,0.00545415391248228,-0.13199052468207118,0.8912087492996045,1.2,-1.85,9.09,0.307,0.8745784163475037,0.0,0.008441179990768433,1.0,1.0,7.6,0.28400000000000003,True,True,False
9.574165344238281,stop_after_005,1.5741653442382812,0.0,0.0,0.0,-0.030543261909900768,-0.06544984694978735,0.8290313946973066,1.02,-1.51,9.200000000000001,0.23,0.883185088634491,0.0,0.005474448204040527,1.0,1.0,7.6,0.28400000000000003,True,True,False
9.594545841217041,stop_after_005,1.594545841217041,0.0,0.0,0.0,-0.044724062082354694,-0.031634092692397225,0.6566801310628665,0.42,-2.47,9.32,0.23,0.8979820609092712,0.0,0.00919034332036972,1.0,1.0,7.6,0.28400000000000003,True,True,False
9.614928722381592,stop_after_005,1.6149287223815918,0.0,0.0,0.0,-0.061086523819801536,0.016362461737446838,0.5628686837681712,0.44,-2.62,9.64,0.23,0.9054815173149109,0.0,0.007534347474575043,1.0,1.0,7.6,0.32300000000000006,True,True,False
9.63528847694397,stop_after_005,1.6352884769439697,0.0,0.0,0.0,-0.05235987755982989,0.0818123086872342,0.4385139745635753,-0.06,-2.05,9.32,0.23,0.9131949543952942,0.0,0.008080173283815384,1.0,1.0,7.6,0.32300000000000006,True,True,False
9.65565538406372,stop_after_005,1.6556553840637207,0.0,0.0,0.0,-0.006544984694978736,0.1439896632895322,0.2879793265790644,0.22,-2.22,9.57,0.307,0.9136593341827393,0.0,0.013535228557884693,1.0,1.0,7.6,0.32300000000000006,True,True,False
9.676178693771362,stop_after_005,1.6761786937713623,0.0,0.0,0.0,0.08726646259971647,0.16798794050445423,0.25416357232167425,0.24,-1.9000000000000001,9.71,0.307,0.915709376335144,0.0,0.006003834772855043,1.0,1.0,7.6,0.32300000000000006,True,True,False
9.69655704498291,stop_after_005,1.6965570449829102,0.0,0.0,0.0,0.1341721862470641,0.14944381720201447,0.27379852640661045,0.5700000000000001,-2.08,9.18,0.384,0.9160851240158081,0.0,0.002519160509109497,1.0,1.0,7.6,0.32300000000000006,True,True,False
9.716927289962769,stop_after_005,1.7169272899627686,0.0,0.0,0.0,0.16144295580947549,0.09272061651219876,0.4308781590861001,0.28,-1.7,8.85,0.614,0.9166146516799927,0.0,0.005860254168510437,1.0,1.0,7.6,0.32300000000000006,True,True,False
9.737292766571045,stop_after_005,1.737292766571045,0.0,0.0,0.0,0.08072147790473774,0.013089969389957472,0.519235452468313,-0.06,-1.6,9.61,0.767,0.9145471453666687,0.0,0.002063930034637451,1.0,1.0,7.6,0.32300000000000006,True,True,False
9.757666110992432,stop_after_005,1.7576661109924316,0.0,0.0,0.0,0.05781403147231216,-0.061086523819801536,0.6970408700152354,-0.06,-1.6,9.61,0.307,0.9111383557319641,0.0,0.007713306928053498,1.0,1.0,7.6,0.32300000000000006,True,True,False
9.778031349182129,stop_after_005,1.778031349182129,0.0,0.0,0.0,0.016362461737446838,-0.08399397025222712,0.8868454261696187,-0.01,-0.56,9.59,0.153,0.9097505211830139,0.0,0.006957605946809053,1.0,1.0,7.6,0.32300000000000006,True,True,False
9.79839825630188,stop_after_005,1.7983982563018799,0.0,0.0,0.0,-0.06872233929727672,-0.09708393964218458,0.904298718689562,-0.39,-0.55,8.0,0.153,0.9120116829872131,0.0,0.008196144364774227,1.0,1.0,7.6,0.32300000000000006,True,True,False
9.81888723373413,stop_after_005,1.8188872337341309,0.0,0.0,0.0,-0.11562806294462433,-0.2399827721492203,0.8846637646046258,0.66,-1.95,8.46,0.23,0.9003772735595703,0.0,0.009414076805114746,1.0,1.0,7.6,0.275,True,True,False
9.83926773071289,stop_after_005,1.8392677307128906,0.0,0.0,0.0,-0.16471544815696484,-0.2923426497090502,0.8617563181722002,-0.29,-1.76,9.23,0.307,0.9038825631141663,0.0,0.006959475576877594,1.0,1.0,7.6,0.275,True,True,False
9.859761714935303,stop_after_005,1.8597617149353027,0.0,0.0,0.0,-0.12762720155208535,-0.37088246604879505,0.6174102228929941,-0.01,-2.2800000000000002,9.23,0.23,0.8972265720367432,0.0,0.013528021983802319,1.0,1.0,7.6,0.275,True,True,False
9.880252361297607,stop_after_005,1.8802523612976074,0.0,0.0,0.0,-0.1090830782496456,-0.31634092692397225,0.46796640569097964,0.39,-1.94,9.3,0.307,0.8943146467208862,0.0,0.010550120030529797,1.0,1.0,7.6,0.275,True,True,False
9.900627374649048,stop_after_005,1.9006273746490479,0.0,0.0,0.0,-0.08290313946973066,-0.19525871006686563,0.2552544031041707,0.21,-2.06,9.13,0.077,0.8968198299407959,0.0,0.010083430330269039,1.0,1.0,7.6,0.275,True,True,False
9.921186923980713,stop_after_005,1.921186923980713,0.0,0.0,0.0,0.0,-0.08726646259971647,0.08508480103472356,-0.04,-2.48,9.59,0.153,0.8994196057319641,0.0,0.007351972162723541,1.0,1.0,7.6,0.275,True,True,False
9.941563606262207,stop_after_005,1.941563606262207,0.0,0.0,0.0,0.04690572364734761,-0.004363323129985824,-0.026179938779914945,0.16,-2.29,9.57,0.153,0.9015986323356628,0.0,0.007732667028903961,1.0,1.0,7.6,0.275,True,True,False
9.96196961402893,stop_after_005,1.9619696140289307,0.0,0.0,0.0,0.1341721862470641,0.0818123086872342,-0.03599741582238305,0.65,-1.78,9.63,0.307,0.902840793132782,0.0,0.004207827150821686,1.0,1.0,7.6,0.275,True,True,False
9.982381582260132,stop_after_005,1.9823815822601318,0.0,0.0,0.0,0.2203478180642841,0.06326818538479445,0.05781403147231216,0.65,-1.78,9.63,0.384,0.9028276801109314,0.0,0.0013558343052864075,1.0,1.0,7.6,0.275,True,True,False
10.002779960632324,forward_010,0.0027799606323242188,0.1,0.0,0.0,0.18980455615438332,0.04690572364734761,0.22471114119426994,1.53,-1.44,9.38,0.307,0.7951144576072693,0.0,0.154908187687397,1.0,1.0,7.6,0.275,True,True,False
10.02315640449524,forward_010,0.023156404495239258,0.1,0.0,0.0,0.10581058590215622,0.0545415391248228,0.34797501961636945,1.22,-1.1,9.22,0.307,0.891627311706543,0.0,0.06639862433075905,1.0,1.0,7.2,1.829,True,True,False
10.043526649475098,forward_010,0.043526649475097656,0.1,0.0,0.0,0.07635815477475191,0.1810779098944117,0.4494222823885399,0.91,-1.44,9.34,0.6899999999999998,0.9336063861846924,0.0,0.0819140337407589,1.0,1.0,7.2,1.829,True,True,False
10.063897609710693,forward_010,0.06389760971069336,0.1,0.0,0.0,0.044724062082354694,0.29343348049154666,0.5475970528132209,0.68,-1.28,9.35,1.688,0.916003406047821,0.0,0.08358145161764696,1.0,1.0,7.2,1.829,True,True,False
10.084369421005249,forward_010,0.08436942100524902,0.1,0.0,0.0,0.18544123302439752,0.4046982203061852,0.4985096676008804,0.9400000000000001,-0.5700000000000001,9.56,2.302,0.9313907623291016,0.0,0.07033782452344894,1.0,1.0,7.2,1.829,True,True,False
10.104743242263794,forward_010,0.10474324226379395,0.1,0.0,0.0,0.5999569303730508,0.6599526234103559,0.32288591161895097,1.47,-0.67,8.43,2.608,0.9551176428794861,0.07142857142857142,0.06420048815198243,1.0,1.0,7.2,1.829,True,True,False
10.125133991241455,forward_010,0.12513399124145508,0.1,0.0,0.0,0.9217520112095053,0.5879577917655898,0.4461497900410505,1.47,-0.67,8.43,2.378,0.9276632070541382,0.0,0.07959084212779999,1.0,1.0,7.2,1.829,True,True,False
10.14551854133606,forward_010,0.14551854133605957,0.1,0.0,0.0,0.9010262263420726,0.7035858547102141,0.6108652381980153,0.0,-1.41,9.19,2.378,0.8418904542922974,0.0,0.12185079231858253,1.0,1.0,7.2,1.829,True,True,False
10.165882349014282,forward_010,0.16588234901428223,0.1,0.0,0.0,0.9893835197242855,0.5345070834232635,0.4799655442984406,-0.5,-2.2800000000000002,7.05,2.071,0.9690150022506714,0.07142857142857142,0.17508536204695702,1.0,1.0,7.2,1.829,True,True,False
10.186252355575562,forward_010,0.18625235557556152,0.1,0.0,0.0,1.3089969389957472,0.43960480534607177,0.6261368691529657,-0.31,-2.69,9.39,1.458,0.9320566654205322,0.0,0.09809914976358414,1.0,0.0,7.2,1.829,True,True,False
10.206620216369629,forward_010,0.2066202163696289,0.1,0.0,0.0,1.1813697374436618,0.2399827721492203,0.5050546522958591,-0.31,-2.69,9.39,1.534,0.8732430934906006,0.0,0.0645051496103406,1.0,0.0,7.2,1.829,True,True,False
10.226988077163696,forward_010,0.2269880771636963,0.1,0.0,0.0,0.3141592653589793,0.5246896063807953,0.22689280275926285,-0.31,-2.69,9.39,1.534,0.8967044353485107,0.0,0.14481553249061108,1.0,0.0,7.6,0.383,True,True,False
10.24798583984375,forward_010,0.24798583984375,0.1,0.0,0.0,-0.4036073895236887,0.26725354171163174,-0.11453723216212788,-1.04,3.0100000000000002,8.44,1.841,0.9564216136932373,0.07142857142857142,0.21873122081160545,1.0,0.0,7.6,0.383,True,True,False
10.268460750579834,forward_010,0.268460750579834,0.1,0.0,0.0,-0.8333947178272924,-0.14289883250703572,0.24434609527920614,-2.34,-0.9500000000000001,6.43,1.6110000000000002,0.8812925815582275,0.0,0.08906761184334755,1.0,1.0,7.6,0.383,True,True,False
10.288925886154175,forward_010,0.2889258861541748,0.1,0.0,0.0,-1.3624476473380736,-0.8726646259971648,0.3621558197888234,-0.09,0.45,3.92,1.304,0.8936768770217896,0.0,0.12422827444970608,1.0,1.0,7.6,0.383,True,True,False
10.309296369552612,forward_010,0.3092963695526123,0.1,0.0,0.0,-1.5773413114898753,-0.6381360077604268,-0.061086523819801536,-0.09,0.45,3.92,1.995,0.9103490114212036,0.0,0.07422482408583164,1.0,1.0,7.6,0.383,True,True,False
10.329830884933472,forward_010,0.3298308849334717,0.1,0.0,0.0,-0.47669305195095124,0.38724492778624187,0.5715953300281429,-0.09,0.45,3.92,1.918,0.8443862199783325,0.0,0.11970608151750639,0.0,1.0,7.6,0.383,True,True,False
10.350300788879395,forward_010,0.35030078887939453,0.1,0.0,0.0,0.038179077387375956,0.0,2.476185876266955,1.5,-6.8100000000000005,2.91,1.534,0.7559126615524292,0.0,0.28445303440093994,0.0,1.0,7.6,0.383,True,True,False
10.370670080184937,forward_010,0.3706700801849365,0.1,0.0,0.0,0.4068798818711781,0.49960049838337683,2.043126055615862,1.5,-6.8100000000000005,2.91,0.844,0.7489863038063049,0.0,0.1469966396689415,0.0,1.0,7.6,0.383,True,True,False
10.391050815582275,forward_010,0.3910508155822754,0.1,0.0,0.0,0.025089107997418487,0.6348635154129374,0.8988445647770797,-2.83,-7.8,8.290000000000001,0.9970000000000001,0.9700231552124023,0.07142857142857142,0.1131958574987948,0.0,1.0,7.6,0.383,True,True,False
10.411415338516235,forward_010,0.41141533851623535,0.1,0.0,0.0,-0.44724062082354693,0.2814343418840856,0.8279405639148101,-2.83,-7.8,8.290000000000001,1.841,0.9490408301353455,0.0,0.09440670162439346,0.0,1.0,7.6,0.383,True,True,False
10.43194842338562,forward_010,0.4319484233856201,0.1,0.0,0.0,-0.32288591161895097,0.36106498900632694,0.4188790204786391,0.03,-2.6,6.08,2.685,0.8071123957633972,0.0,0.06208442151546478,0.0,1.0,7.0,1.8389999999999997,True,True,False
10.452311277389526,forward_010,0.45231127738952637,0.1,0.0,0.0,0.284706834231575,-0.14508049407202864,-0.09926560120717749,0.48,-1.1300000000000001,4.15,3.069,0.7200050950050354,0.0,0.07046788185834885,0.0,1.0,7.0,1.8389999999999997,True,True,False
10.47267770767212,forward_010,0.47267770767211914,0.1,0.0,0.0,0.8824821030396329,-0.8453938564347534,-1.2555462306534209,-0.49,2.88,7.87,2.762,0.8883669376373291,0.0,0.2876380831003189,0.0,1.0,7.0,1.8389999999999997,True,True,False
10.493043661117554,forward_010,0.4930436611175537,0.1,0.0,0.0,1.1813697374436618,-0.47778388273344774,-1.335176877775662,-0.49,2.88,7.87,1.918,0.9281624555587769,0.0,0.12357182055711746,0.0,1.0,7.0,1.8389999999999997,True,True,False
10.513541221618652,forward_010,0.5135412216186523,0.1,0.0,0.0,1.3722651243805417,-0.9861110273767962,-0.9970193352017608,-0.49,2.88,7.87,1.381,0.970015287399292,0.14285714285714285,0.14028130657970905,0.0,0.0,7.0,1.8389999999999997,True,True,False
10.534079313278198,forward_010,0.5340793132781982,0.1,0.0,0.0,1.6089754041822726,-1.205368014658584,-0.33161255787892263,2.2,-3.31,7.47,1.381,0.9761806726455688,0.14285714285714285,0.12631762400269508,0.0,0.0,7.0,1.8389999999999997,True,True,False
10.55446982383728,forward_010,0.5544698238372803,0.1,0.0,0.0,1.559888018969932,-1.1562806294462433,0.14508049407202864,-0.26,-0.79,2.22,1.995,0.980070173740387,0.14285714285714285,0.0677863322198391,1.0,1.0,7.0,1.8389999999999997,True,True,False
10.574945211410522,forward_010,0.5749452114105225,0.1,0.0,0.0,1.1355548445788106,-0.9413869652944415,0.5585053606381855,-0.84,-1.58,2.05,1.458,0.9825878143310547,0.14285714285714285,0.025258436799049377,1.0,1.0,7.0,1.8389999999999997,True,True,False
10.595322847366333,forward_010,0.595322847366333,0.1,0.0,0.0,1.050470043544087,-0.5934119456780721,1.1104657365813921,-0.84,-1.58,2.05,1.688,0.9810589551925659,0.14285714285714285,0.08302014321088791,1.0,0.0,7.0,1.8389999999999997,True,True,False
10.615705728530884,forward_010,0.6157057285308838,0.1,0.0,0.0,1.050470043544087,-0.5934119456780721,1.1104657365813921,-0.84,-1.58,2.05,1.995,0.9763046503067017,0.14285714285714285,0.06793642975389957,0.0,1.0,7.0,1.8389999999999997,True,True,False
10.6362943649292,forward_010,0.6362943649291992,0.1,0.0,0.0,1.050470043544087,-0.5934119456780721,1.1104657365813921,-3.89,6.93,4.14,1.458,0.983684778213501,0.14285714285714285,0.11708584278312628,0.0,1.0,7.6,0.12200000000000001,True,True,False
10.656870365142822,forward_010,0.6568703651428223,0.1,0.0,0.0,1.050470043544087,-0.5934119456780721,1.1104657365813921,-0.48,4.2,1.45,0.9970000000000001,0.9746413230895996,0.07142857142857142,0.08563563227653503,1.0,1.0,7.6,0.12200000000000001,True,True,False
10.677343606948853,forward_010,0.6773436069488525,0.1,0.0,0.0,1.050470043544087,-0.5934119456780721,1.1104657365813921,0.1,-5.33,7.08,0.9210000000000002,0.9753354787826538,0.21428571428571427,0.045755334198474884,1.0,1.0,7.6,0.12200000000000001,True,True,False
10.697822093963623,forward_010,0.697822093963623,0.1,0.0,0.0,-0.6043202535030366,0.39706240482870997,-0.8759371183446542,0.1,-5.33,7.08,1.227,0.980965256690979,0.14285714285714285,0.12787199765443802,1.0,1.0,7.6,0.12200000000000001,True,True,False
10.71820330619812,forward_010,0.7182033061981201,0.1,0.0,0.0,0.2781618495365963,0.5934119456780721,-0.19962203319685143,-0.84,-4.94,9.4,0.844,0.9704747200012207,0.21428571428571427,0.14230139553546906,1.0,1.0,7.6,0.12200000000000001,True,True,False
10.738577842712402,forward_010,0.7385778427124023,0.1,0.0,0.0,0.13962634015954636,0.7494007475750653,0.10471975511965978,0.9400000000000001,-1.3800000000000001,7.1000000000000005,0.9970000000000001,0.962648332118988,0.14285714285714285,0.05232059210538864,1.0,1.0,7.6,0.12200000000000001,True,True,False
10.758934259414673,forward_010,0.7589342594146729,0.1,0.0,0.0,-0.1189005552921137,0.6534076387153771,0.04363323129985824,0.75,-0.28,9.07,0.9970000000000001,0.9651452898979187,0.14285714285714285,0.035151928663253784,1.0,1.0,7.6,0.12200000000000001,True,True,False
10.779297351837158,forward_010,0.7792973518371582,0.1,0.0,0.0,-0.36106498900632694,0.18435040224190105,0.3817907738737596,0.75,-0.28,9.07,1.688,0.9805421233177185,0.14285714285714285,0.04815320670604706,1.0,1.0,7.6,0.12200000000000001,True,True,False
10.799760818481445,forward_010,0.7997608184814453,0.1,0.0,0.0,-0.48323803664593,0.284706834231575,0.6784967467127956,0.75,-0.28,9.07,1.458,0.973706066608429,0.14285714285714285,0.022709712386131287,1.0,1.0,7.6,0.12200000000000001,True,True,False
10.820300579071045,forward_010,0.8203005790710449,0.1,0.0,0.0,-0.607592745850526,0.657770961845363,1.4442599560253078,-0.08,-0.14,9.27,1.304,0.9588196873664856,0.07142857142857142,0.05483361519873142,1.0,1.0,7.6,0.12200000000000001,True,True,False
10.840685606002808,forward_010,0.8406856060028076,0.1,0.0,0.0,-0.6152285613280012,0.7526732399225546,1.9634954084936207,-0.08,-0.14,9.27,0.614,0.947715699672699,0.0,0.026173393242061138,1.0,1.0,7.5,0.754,True,True,False
10.861046314239502,forward_010,0.861046314239502,0.1,0.0,0.0,-0.39051742013373125,0.8323038870447959,2.1685715956029545,0.06,-3.2,9.36,0.614,0.9202771186828613,0.0,0.05407604202628136,1.0,1.0,7.5,0.754,True,True,False
10.881552457809448,forward_010,0.8815524578094482,0.1,0.0,0.0,-0.20398535632683726,0.9752027195518317,2.4270984910546147,0.35000000000000003,-1.71,9.38,0.6899999999999998,0.850742518901825,0.0,0.05382814258337021,1.0,1.0,7.5,0.754,True,True,False
10.9019296169281,forward_010,0.9019296169281006,0.1,0.0,0.0,0.15817046346198613,0.6708609312353204,1.9460421159736774,0.35000000000000003,-1.71,9.38,0.9210000000000002,0.8657681941986084,0.0,0.041706632822752,1.0,1.0,7.5,0.754,True,True,False
10.922416687011719,forward_010,0.9224166870117188,0.1,0.0,0.0,0.3883357585687383,0.7810348402674625,1.1366456753613072,0.97,-0.4,9.120000000000001,0.614,0.7938142418861389,0.0,0.05623616278171539,1.0,1.0,7.5,0.754,True,True,False
10.942793846130371,forward_010,0.9427938461303711,0.1,0.0,0.0,0.38724492778624187,0.8999353955595761,0.8803004414746399,0.97,-0.4,9.120000000000001,1.151,0.7276828289031982,0.0,0.1673923246562481,1.0,1.0,7.5,0.754,True,True,False
10.963161706924438,forward_010,0.9631617069244385,0.1,0.0,0.0,0.11780972450961724,0.7024950239277177,0.4134248665661568,0.97,-0.4,9.120000000000001,1.227,0.8951458930969238,0.0,0.11120079085230827,0.0,1.0,7.5,0.754,True,True,False
10.983583688735962,forward_010,0.9835836887359619,0.1,0.0,0.0,-0.12544553998709243,0.5726861608106394,-1.205368014658584,-0.87,3.5,7.8100000000000005,1.6110000000000002,0.9499273300170898,0.0,0.28574350476264954,0.0,1.0,7.5,0.754,True,True,False
11.003951787948608,forward_010,1.0039517879486084,0.1,0.0,0.0,-0.1265363707695889,0.03490658503988659,-1.1202832136238603,-0.78,0.86,9.790000000000001,1.995,0.9234737753868103,0.0,0.12597128003835678,0.0,1.0,7.5,0.754,True,True,False
11.02439546585083,forward_010,1.02439546585083,0.1,0.0,0.0,0.038179077387375956,0.4908738521234052,-1.1671889372712079,-4.17,-3.65,5.74,2.378,0.9250277280807495,0.0,0.1771540604531765,0.0,1.0,7.5,0.754,True,True,False
11.044899225234985,forward_010,1.0448992252349854,0.1,0.0,0.0,0.6643159465403417,0.014180800172453928,-0.8104872713948668,-4.17,-3.65,5.74,1.918,0.9856426119804382,0.14285714285714285,0.12899622321128845,0.0,1.0,7.5,0.5790000000000001,True,True,False
11.065299272537231,forward_010,1.0652992725372314,0.1,0.0,0.0,0.9141161957320301,0.1341721862470641,-0.5486878835957173,-4.17,-3.65,5.74,1.458,0.9770733118057251,0.14285714285714285,0.045679472386837006,0.0,1.0,7.5,0.5790000000000001,True,True,False
11.08566665649414,forward_010,1.0856666564941406,0.1,0.0,0.0,0.8901179185171081,0.18871372537188688,0.03381575425739013,0.31,-5.96,3.36,1.918,0.9857911467552185,0.14285714285714285,0.21864832565188408,1.0,1.0,7.5,0.5790000000000001,True,True,False
11.106034755706787,forward_010,1.106034755706787,0.1,0.0,0.0,0.7973973020049093,-0.19853120241435498,1.155189798663747,-1.4000000000000001,1.23,1.1500000000000001,1.765,0.9778357744216919,0.07142857142857142,0.139395073056221,1.0,1.0,7.5,0.5790000000000001,True,True,False
11.126529216766357,forward_010,1.1265292167663574,0.1,0.0,0.0,0.5410520681182421,-0.10799224746714914,0.8792096106921435,-0.54,-0.98,4.3,0.9970000000000001,0.9717302322387695,0.14285714285714285,0.08061985671520233,1.0,1.0,7.5,0.5790000000000001,True,True,False
11.146893978118896,forward_010,1.1468939781188965,0.1,0.0,0.0,0.7417649320975901,0.28579766501407144,0.39706240482870997,-0.54,-0.98,4.3,1.151,0.9602521061897278,0.14285714285714285,0.06174887344241142,1.0,1.0,7.5,0.5790000000000001,True,True,False
11.167264938354492,forward_010,1.1672649383544922,0.1,0.0,0.0,-0.4036073895236887,0.9021170571245691,-0.05890486225480862,-0.54,-0.98,4.3,2.608,0.8810499906539917,0.0,0.0877220924012363,1.0,1.0,7.5,0.5790000000000001,True,True,False
11.187666416168213,forward_010,1.187666416168213,0.1,0.0,0.0,-0.8050331174823845,0.5355979142057599,0.8606654873897037,-1.42,0.41000000000000003,3.58,2.302,0.9459024667739868,0.0,0.20470552891492844,1.0,1.0,7.5,0.5790000000000001,True,True,False
11.208049535751343,forward_010,1.2080495357513428,0.1,0.0,0.0,-0.16144295580947549,0.07090400086226964,-0.08726646259971647,-1.42,0.41000000000000003,3.58,1.534,0.977968692779541,0.21428571428571427,0.10690152272582054,1.0,1.0,7.5,0.5790000000000001,True,True,False
11.228440046310425,forward_010,1.2284400463104248,0.1,0.0,0.0,0.5639595145506677,0.2596177262341565,-0.6654067773228381,-1.42,0.41000000000000003,3.58,0.9210000000000002,0.963353157043457,0.07142857142857142,0.11813182011246681,1.0,1.0,7.5,0.5790000000000001,True,True,False
11.248812437057495,forward_010,1.2488124370574951,0.1,0.0,0.0,0.7668540400950086,0.8290313946973066,-0.8901179185171081,-3.4,0.61,4.46,1.534,0.9703086614608765,0.07142857142857142,0.13199419900774956,1.0,1.0,7.1,2.3319999999999994,True,True,False
11.270029067993164,forward_010,1.270029067993164,0.1,0.0,0.0,0.791943148092427,-0.12435470920459599,-2.1347558413455645,1.36,-2.8000000000000003,7.74,1.688,0.9299119114875793,0.0,0.12226160988211632,1.0,0.0,7.1,2.3319999999999994,True,True,False
11.290405035018921,forward_010,1.290405035018921,0.1,0.0,0.0,0.3174317577064687,0.10799224746714914,-2.07148765596077,-0.19,-3.1,3.98,2.148,0.959532618522644,0.07142857142857142,0.0440460667014122,1.0,0.0,7.1,2.3319999999999994,True,True,False
11.310951471328735,forward_010,1.3109514713287354,0.1,0.0,0.0,-0.4079707126536745,-0.5214171140333059,-0.6479534848028948,-0.19,-3.1,3.98,2.915,0.9676617980003357,0.07142857142857142,0.07851050049066544,1.0,1.0,7.1,2.3319999999999994,True,True,False
11.331433773040771,forward_010,1.3314337730407715,0.1,0.0,0.0,-0.8944812416470939,-0.050178215994836975,1.050470043544087,-3.22,0.01,2.0100000000000002,2.148,0.9593046307563782,0.07142857142857142,0.08240238949656487,1.0,1.0,7.1,2.3319999999999994,True,True,False
11.35200023651123,forward_010,1.3520002365112305,0.1,0.0,0.0,-1.634064512179691,-0.8650288105196896,1.1344640137963142,-3.22,0.01,2.0100000000000002,1.458,0.9778474569320679,0.14285714285714285,0.04672908969223499,1.0,1.0,7.1,2.3319999999999994,True,True,False
11.372385025024414,forward_010,1.372385025024414,0.1,0.0,0.0,-1.8642298072864432,-0.45814892864851153,-0.7592182246175333,-3.22,0.01,2.0100000000000002,0.9970000000000001,0.9626264572143555,0.07142857142857142,0.04766680300235748,1.0,1.0,7.1,2.3319999999999994,True,True,False
11.392858266830444,forward_010,1.3928582668304443,0.1,0.0,0.0,-1.2435470920459597,0.4232423436086249,-0.09381144729469522,-5.26,5.5200000000000005,5.51,1.151,0.9307917952537537,0.0,0.07510936260223389,1.0,1.0,7.1,2.3319999999999994,True,True,False
11.413223028182983,forward_010,1.4132230281829834,0.1,0.0,0.0,-0.5006913291658733,0.5988660995905544,0.4079707126536745,-1.6300000000000001,1.36,9.8,1.074,0.9134396314620972,0.0,0.0909401997923851,1.0,1.0,7.1,2.3319999999999994,True,True,False
11.43373966217041,forward_010,1.4337396621704102,0.1,0.0,0.0,-0.14835298641951802,0.33052172709642613,-0.4985096676008804,-1.6500000000000001,-1.62,9.790000000000001,0.537,0.9295834898948669,0.0,0.06861774623394012,1.0,1.0,7.1,2.3319999999999994,True,True,False
11.454113006591797,forward_010,1.4541130065917969,0.1,0.0,0.0,-0.08508480103472356,0.4756022211684548,-1.064650843716541,-2.0,-0.9,8.290000000000001,0.844,0.9192811846733093,0.0,0.07166967913508415,1.0,1.0,7.1,1.364,True,True,False
11.474483966827393,forward_010,1.4744839668273926,0.1,0.0,0.0,-0.23561944901923448,0.5421428989007386,-0.7995789635699022,-2.0,-0.9,8.290000000000001,0.844,0.9343550205230713,0.0,0.07979770749807358,0.0,1.0,7.1,1.364,True,True,False
11.494908332824707,forward_010,1.494908332824707,0.1,0.0,0.0,-0.4036073895236887,0.3523383427463553,-0.7308566242726255,-0.02,-2.19,9.77,1.765,0.8779078125953674,0.0,0.1944352388381958,0.0,1.0,7.1,1.364,True,True,False
11.515296459197998,forward_010,1.515296459197998,0.1,0.0,0.0,-0.5203262832508095,0.23125612588924865,-0.96647607329186,-2.0300000000000002,-2.74,7.930000000000001,1.841,0.9424053430557251,0.0,0.10003655217587948,0.0,1.0,7.1,1.364,True,True,False
11.535660982131958,forward_010,1.535660982131958,0.1,0.0,0.0,-0.5126904677733343,0.13526301702956053,-0.6228643768054763,-3.06,-4.84,7.78,1.534,0.9460649490356445,0.0,0.11422302573919296,0.0,1.0,7.1,1.364,True,True,False
11.55613923072815,forward_010,1.5561392307281494,0.1,0.0,0.0,-0.433059820651093,0.14508049407202864,0.28034351110158917,-3.5100000000000002,-4.22,8.98,1.304,0.9226304888725281,0.0,0.0732580148614943,0.0,1.0,7.1,1.364,True,True,False
11.576533079147339,forward_010,1.5765330791473389,0.1,0.0,0.0,-0.2083486794568231,0.11671889372712078,1.1726430911836903,-2.23,-3.16,9.27,2.532,0.9303498864173889,0.0,0.08623809553682804,0.0,1.0,7.1,1.364,True,True,False
11.596904516220093,forward_010,1.5969045162200928,0.1,0.0,0.0,0.22580197197676638,-0.02399827721492203,1.44971410993779,-2.7600000000000002,-3.39,6.5,2.915,0.8937152624130249,0.0,0.0735730230808258,0.0,1.0,7.1,1.364,True,True,False
11.617276906967163,forward_010,1.617276906967163,0.1,0.0,0.0,0.5170537909033202,-0.04908738521234052,1.0799224746714915,-1.95,-1.9000000000000001,6.68,2.532,0.9484609961509705,0.0,0.0819163853302598,0.0,1.0,7.1,1.364,True,True,False
11.637787818908691,forward_010,1.6377878189086914,0.1,0.0,0.0,0.878118779909647,0.00545415391248228,0.5628686837681712,-3.27,-0.6900000000000001,7.07,3.069,0.9639756083488464,0.07142857142857142,0.11810953449457884,0.0,1.0,7.1,1.364,True,True,False
11.658159732818604,forward_010,1.6581597328186035,0.1,0.0,0.0,1.3908092476829814,-0.15926129424448257,-0.22689280275926285,-1.34,-2.49,8.43,3.376,0.9612827897071838,0.07142857142857142,0.05852533131837845,0.0,1.0,6.8,3.3920000000000003,True,True,False
11.678529739379883,forward_010,1.6785297393798828,0.1,0.0,0.0,1.7780541754692232,-0.6130468997630083,-0.29670597283903605,-1.8900000000000001,-4.2,8.3,2.992,0.9526119232177734,0.07142857142857142,0.06373579800128937,0.0,1.0,6.8,3.3920000000000003,True,True,False
11.698890924453735,forward_010,1.6988909244537354,0.1,0.0,0.0,2.177298241862926,-0.7374016089676042,-0.08835729338221293,-1.56,-5.15,9.43,1.688,0.8972092270851135,0.0,0.09805310517549515,1.0,1.0,6.8,3.3920000000000003,True,True,False
11.719254732131958,forward_010,1.719254732131958,0.1,0.0,0.0,2.01912777840094,-1.241365430480967,-0.14835298641951802,-0.19,-4.19,8.65,1.841,0.9454559087753296,0.0,0.04261863976716995,1.0,0.0,6.8,3.3920000000000003,True,True,False
11.739617586135864,forward_010,1.7396175861358643,0.1,0.0,0.0,1.892591407631351,-1.4431691252428112,0.15707963267948966,-0.19,-4.19,8.65,1.688,0.9664181470870972,0.07142857142857142,0.040249546989798546,1.0,0.0,6.8,3.3920000000000003,True,True,False
11.760121583938599,forward_010,1.7601215839385986,0.1,0.0,0.0,0.9315694882519734,-1.521708941582556,0.3643374813538163,-4.48,0.53,7.05,1.765,0.9863883852958679,0.21428571428571427,0.111270512919873,1.0,0.0,6.8,3.3920000000000003,True,True,False
11.78052282333374,forward_010,1.7805228233337402,0.1,0.0,0.0,-0.11453723216212788,-0.866119641302186,-0.8432121948697605,-1.06,5.1000000000000005,3.5500000000000003,1.918,0.9651206135749817,0.14285714285714285,0.10096405074000359,1.0,0.0,6.8,3.3920000000000003,True,True,False
11.800888299942017,forward_010,1.8008882999420166,0.1,0.0,0.0,-0.3392483733563978,-1.758419221384287,-0.8759371183446542,0.93,0.18,3.94,2.148,0.973762035369873,0.14285714285714285,0.09516185894608498,1.0,0.0,6.8,3.3920000000000003,True,True,False
11.821281433105469,forward_010,1.8212814331054688,0.1,0.0,0.0,-0.05126904677733343,-1.4126258633329105,-0.29888763440402893,0.16,-1.26,3.72,1.918,0.9911562204360962,0.21428571428571427,0.07782118022441864,1.0,0.0,6.8,3.3920000000000003,True,True,False
11.841643571853638,forward_010,1.8416435718536377,0.1,0.0,0.0,-0.35124751196385884,-1.5195272800175632,0.607592745850526,0.91,4.5,9.59,1.995,0.9750990867614746,0.2857142857142857,0.11033925414085388,1.0,0.0,6.8,3.3920000000000003,True,True,False
11.86215591430664,forward_010,1.8621559143066406,0.1,0.0,0.0,-0.8333947178272924,-1.435533309765336,0.5726861608106394,-2.0100000000000002,2.17,7.5600000000000005,1.688,0.9899154305458069,0.21428571428571427,0.09459768235683441,1.0,0.0,7.4,0.5920000000000001,True,True,False
11.882523775100708,forward_010,1.882523775100708,0.1,0.0,0.0,-1.0428342280666119,-1.19118721448613,0.2999784651865254,-0.25,4.71,7.91,1.534,0.9784334301948547,0.14285714285714285,0.04894644767045975,1.0,1.0,7.4,0.5920000000000001,True,True,False
11.902943134307861,forward_010,1.9029431343078613,0.1,0.0,0.0,-1.1617347833587257,-1.6275195274847123,-0.14508049407202864,2.36,2.42,9.78,1.151,0.9725528359413147,0.21428571428571427,0.16869943588972092,1.0,1.0,7.4,0.5920000000000001,True,True,False
11.923319101333618,forward_010,1.9233191013336182,0.1,0.0,0.0,-1.2446379228284563,-1.0995574287564276,-0.5988660995905544,1.31,2.43,9.66,0.844,0.982521653175354,0.21428571428571427,0.1794671267271042,1.0,1.0,7.4,0.5920000000000001,True,True,False
11.943705320358276,forward_010,1.9437053203582764,0.1,0.0,0.0,-1.2828170002158321,-0.7057675162752071,-0.7941248096574199,1.31,2.43,9.66,0.614,0.9894744157791138,0.21428571428571427,0.07108045235509053,1.0,1.0,7.4,0.5920000000000001,True,True,False
11.964226722717285,forward_010,1.9642267227172852,0.1,0.0,0.0,-0.459239759431008,-0.35124751196385884,-1.3002702927357754,1.31,2.43,9.66,0.844,0.9908211827278137,0.21428571428571427,0.061783041805028915,1.0,1.0,7.4,0.5920000000000001,True,True,False
11.984612226486206,forward_010,1.984612226486206,0.1,0.0,0.0,-0.21271200258680892,-0.19744037163185854,-1.7595100521667835,3.8000000000000003,-4.53,7.57,0.767,0.9852588176727295,0.14285714285714285,0.0832596980035305,1.0,1.0,7.4,0.5920000000000001,True,True,False
12.005105257034302,forward_010,2.0051052570343018,0.1,0.0,0.0,-0.03381575425739013,-0.1090830782496456,-1.3286318930806833,3.75,-5.46,9.21,0.767,0.9863259792327881,0.21428571428571427,0.01985768973827362,1.0,1.0,7.4,0.5920000000000001,True,True,False
12.025541067123413,forward_010,2.025541067123413,0.1,0.0,0.0,0.11999138607461016,0.19198621771937624,-0.9501136115544131,1.85,-4.0600000000000005,8.38,0.9970000000000001,0.9849230647087097,0.14285714285714285,0.057537905260687694,1.0,1.0,7.4,0.5920000000000001,True,True,False
12.045912504196167,forward_010,2.045912504196167,0.1,0.0,0.0,-0.14508049407202864,0.09272061651219876,-0.43196898986859655,0.28,-4.0,8.51,0.9970000000000001,0.9860254526138306,0.14285714285714285,0.030083023011684418,1.0,1.0,7.4,0.5920000000000001,True,True,False
12.066286325454712,forward_010,2.066286325454712,0.1,0.0,0.0,-0.07744898555724837,0.2181661564992912,0.28034351110158917,1.02,-1.53,8.950000000000001,0.844,0.9801828265190125,0.14285714285714285,0.03719339147210121,1.0,1.0,7.6,0.11500000000000002,True,True,False
12.086655378341675,forward_010,2.086655378341675,0.1,0.0,0.0,0.17016960206944712,0.22252947962927702,0.7864889941799448,1.02,-1.53,8.950000000000001,0.6899999999999998,0.9772840142250061,0.14285714285714285,0.03021511621773243,1.0,1.0,7.6,0.11500000000000002,True,True,False
12.107014656066895,forward_010,2.1070146560668945,0.1,0.0,0.0,0.23671027980173096,0.2083486794568231,1.1202832136238603,1.47,-1.18,8.26,0.767,0.974094569683075,0.07142857142857142,0.039337873458862305,1.0,1.0,7.6,0.11500000000000002,True,True,False
12.12770938873291,forward_010,2.12770938873291,0.1,0.0,0.0,0.21271200258680892,0.6468626540203984,1.251182907523435,0.38,0.25,7.390000000000001,0.6899999999999998,0.9795373678207397,0.07142857142857142,0.05937712639570236,1.0,1.0,7.6,0.11500000000000002,True,True,False
12.148183345794678,forward_010,2.1481833457946777,0.1,0.0,0.0,0.038179077387375956,0.7472190860100724,0.8083056098298739,0.38,0.25,7.390000000000001,0.6899999999999998,0.9772273302078247,0.07142857142857142,0.015849575400352478,1.0,1.0,7.6,0.11500000000000002,True,True,False
12.16862940788269,forward_010,2.1686294078826904,0.1,0.0,0.0,-0.014180800172453928,0.8170322560898455,0.14726215563702155,1.74,-0.56,9.42,0.537,0.9760282635688782,0.07142857142857142,0.06926171109080315,1.0,1.0,7.6,0.11500000000000002,True,True,False
12.189095497131348,forward_010,2.1890954971313477,0.1,0.0,0.0,-0.08726646259971647,1.0341075818066403,-0.18435040224190105,1.33,-1.06,9.33,0.844,0.9754496216773987,0.14285714285714285,0.04537383234128356,1.0,1.0,7.6,0.11500000000000002,True,True,False
12.209490060806274,forward_010,2.2094900608062744,0.1,0.0,0.0,0.038179077387375956,1.1061024134514064,-0.2203478180642841,1.33,-1.06,9.33,0.6899999999999998,0.9716793298721313,0.07142857142857142,0.052668670658022165,1.0,1.0,7.6,0.11500000000000002,True,True,False
12.22985553741455,forward_010,2.229855537414551,0.1,0.0,0.0,0.07635815477475191,1.371174293598045,-0.05672320068981571,-0.38,-1.1400000000000001,8.25,0.767,0.9688118100166321,0.07142857142857142,0.04643040522933006,1.0,1.0,7.6,0.11500000000000002,True,True,False
12.250236749649048,forward_010,2.250236749649048,0.1,0.0,0.0,0.20180369476184434,1.4191708480278893,0.13962634015954636,-0.38,-1.1400000000000001,8.25,0.9210000000000002,0.9593268632888794,0.07142857142857142,0.044080860912799835,1.0,1.0,7.6,0.11500000000000002,True,True,False
12.270604848861694,forward_010,2.2706048488616943,0.1,0.0,0.0,0.3665191429188092,1.349357677948116,0.1341721862470641,-0.38,-1.1400000000000001,8.25,1.074,0.9646028876304626,0.07142857142857142,0.06476886942982674,1.0,1.0,7.2,1.389,True,True,False
12.291258096694946,forward_010,2.2912580966949463,0.1,0.0,0.0,0.8977537339945832,0.9621127501618741,0.21271200258680892,-0.38,-1.1400000000000001,8.25,1.458,0.9718548059463501,0.07142857142857142,0.14703432098031044,1.0,1.0,7.2,1.389,True,True,False
12.31167483329773,forward_010,2.3116748332977295,0.1,0.0,0.0,1.0242901047641721,1.114829059711378,0.09708393964218458,-2.11,-1.48,9.52,1.074,0.9449244141578674,0.0,0.08761115372180939,1.0,1.0,7.2,1.389,True,True,False
12.332037210464478,forward_010,2.3320372104644775,0.1,0.0,0.0,1.0810133054539879,0.8519388411297321,-0.10362892433716332,-1.73,1.08,8.03,0.844,0.9322239756584167,0.0,0.08847457356750965,1.0,1.0,7.2,1.389,True,True,False
12.35240650177002,forward_010,2.3524065017700195,0.1,0.0,0.0,0.8028514559173916,0.5803219762881145,-0.5345070834232635,-1.08,1.11,8.040000000000001,1.304,0.93205726146698,0.0,0.06315140565857291,1.0,0.0,7.2,1.389,True,True,False
12.3727707862854,forward_010,2.3727707862854004,0.1,0.0,0.0,0.2628902185816459,0.5017821599483697,-0.8846637646046258,-1.1500000000000001,1.6500000000000001,9.75,1.765,0.929036021232605,0.0,0.04088976792991161,1.0,0.0,7.2,1.389,True,True,False
12.393240213394165,forward_010,2.393240213394165,0.1,0.0,0.0,-0.10253809355466686,0.31525009614147576,-0.3981532356112064,-1.1500000000000001,1.6500000000000001,9.75,2.532,0.9348341226577759,0.0,0.05487232655286789,1.0,0.0,7.2,1.389,True,True,False
12.41369342803955,forward_010,2.413693428039551,0.1,0.0,0.0,-0.3294308963139297,0.35997415822383044,0.6763150851478027,-3.14,-0.58,6.47,2.8389999999999995,0.9763644933700562,0.07142857142857142,0.10024514049291611,1.0,0.0,7.2,1.389,True,True,False
12.434066534042358,forward_010,2.4340665340423584,0.1,0.0,0.0,-0.6523168079328807,-0.08290313946973066,1.2762720155208536,-2.75,2.21,8.19,1.995,0.9750984311103821,0.07142857142857142,0.07193832099437714,1.0,0.0,7.2,1.389,True,True,False
12.454429864883423,forward_010,2.454429864883423,0.1,0.0,0.0,-0.9926560120717749,-0.1908953869368798,0.8486663487822428,-3.11,3.75,9.040000000000001,1.534,0.9720965623855591,0.07142857142857142,0.03770199418067932,1.0,1.0,7.2,1.389,True,True,False
12.474940538406372,forward_010,2.474940538406372,0.1,0.0,0.0,-1.3624476473380736,-0.05126904677733343,0.1308996938995747,-2.13,4.39,7.43,1.534,0.965968906879425,0.07142857142857142,0.040948462672531605,1.0,1.0,7.6,0.6090000000000001,True,True,False
12.49530816078186,forward_010,2.4953081607818604,0.1,0.0,0.0,-1.521708941582556,-0.3665191429188092,-1.3624476473380736,-2.13,4.39,7.43,1.995,0.9644320011138916,0.07142857142857142,0.0787738673388958,1.0,1.0,7.6,0.6090000000000001,True,True,False
12.51578164100647,forward_010,2.5157816410064697,0.1,0.0,0.0,-0.4886921905584123,0.358883327441334,-1.509709802975095,-2.13,4.39,7.43,0.9970000000000001,0.9547448754310608,0.07142857142857142,0.0919325090944767,0.0,1.0,7.6,0.6090000000000001,True,True,False
12.536336183547974,forward_010,2.5363361835479736,0.1,0.0,0.0,-0.1559888018969932,0.06544984694978735,-1.3122694313432366,-1.52,-3.89,7.17,0.614,0.950006365776062,0.07142857142857142,0.07541457749903202,0.0,1.0,7.6,0.6090000000000001,True,True,False
12.556704044342041,forward_010,2.556704044342041,0.1,0.0,0.0,-0.11562806294462433,0.08290313946973066,-0.9926560120717749,-0.03,-3.24,9.47,0.9210000000000002,0.939677357673645,0.0,0.039147909730672836,0.0,1.0,7.6,0.6090000000000001,True,True,False
12.577087640762329,forward_010,2.577087640762329,0.1,0.0,0.0,-0.45705809786601503,0.6261368691529657,-0.8726646259971648,-0.03,-3.24,9.47,1.074,0.8847543001174927,0.0,0.08016245067119598,0.0,1.0,7.6,0.6090000000000001,True,True,False
12.597467184066772,forward_010,2.5974671840667725,0.1,0.0,0.0,-0.7134033317526822,0.7712173632249943,-0.26725354171163174,-0.03,-3.24,9.47,0.9210000000000002,0.8383663296699524,0.0,0.14665766805410385,0.0,1.0,7.6,0.6090000000000001,True,True,False
12.617946863174438,forward_010,2.6179468631744385,0.1,0.0,0.0,-0.7024950239277177,0.7166758241001716,0.4734205596034619,-1.62,-1.93,7.09,0.844,0.6966072916984558,0.0,0.13146286085247993,1.0,1.0,7.6,0.6090000000000001,True,True,False
12.638412714004517,forward_010,2.6384127140045166,0.1,0.0,0.0,-0.46469391334349025,0.35997415822383044,0.5770494839406252,-0.72,-0.28,8.67,1.534,0.7948437929153442,0.0,0.060040940530598164,0.0,1.0,7.6,0.6090000000000001,True,True,False
12.658884763717651,forward_010,2.6588847637176514,0.1,0.0,0.0,-0.21380283336930536,0.09599310885968812,0.16907877128695067,-0.72,-0.28,8.67,1.918,0.8528974056243896,0.0,0.09420875832438469,0.0,1.0,7.6,0.6090000000000001,True,True,False
12.679237365722656,forward_010,2.6792373657226562,0.1,0.0,0.0,0.08835729338221293,0.09817477042468103,-0.12326387842209953,-1.2,-1.46,6.93,2.071,0.9065777063369751,0.0,0.10211567860096693,0.0,1.0,7.2,1.481,True,True,False
12.699599027633667,forward_010,2.699599027633667,0.1,0.0,0.0,0.6544984694978736,-0.09708393964218458,-0.3141592653589793,-3.36,-3.0,8.34,2.608,0.9627100229263306,0.14285714285714285,0.09955628216266632,0.0,1.0,7.2,1.481,True,True,False
12.719971656799316,forward_010,2.7199716567993164,0.1,0.0,0.0,1.05265170510908,0.08399397025222712,-0.5923211148955756,-0.6900000000000001,-6.8500000000000005,8.32,3.069,0.9131453037261963,0.0,0.15407540276646614,0.0,1.0,7.2,1.481,True,True,False
12.740341901779175,forward_010,2.740341901779175,0.1,0.0,0.0,1.4071717094204281,-0.08290313946973066,-0.008726646259971648,0.01,-1.6600000000000001,7.96,2.378,0.9546283483505249,0.07142857142857142,0.10226778965443373,0.0,1.0,7.2,1.481,True,True,False
12.760701894760132,forward_010,2.760701894760132,0.1,0.0,0.0,1.5587971881874356,-0.13526301702956053,1.0461067204141012,-1.93,-1.51,6.84,1.995,0.9406977295875549,0.0,0.08230562135577202,0.0,1.0,7.2,1.481,True,True,False
12.781079769134521,forward_010,2.7810797691345215,0.1,0.0,0.0,1.8456856839840035,0.05672320068981571,1.0079276430267252,-3.08,1.33,9.22,2.608,0.9279371500015259,0.0,0.053396448493003845,1.0,1.0,7.2,1.481,True,True,False
12.801442861557007,forward_010,2.801442861557007,0.1,0.0,0.0,1.8522306686789822,-0.17453292519943295,0.3687008044838021,-1.86,-1.73,9.6,1.765,0.918382465839386,0.0,0.0773840956389904,1.0,1.0,7.2,1.481,True,True,False
12.821926593780518,forward_010,2.8219265937805176,0.1,0.0,0.0,1.8860464229363723,-0.48651052899341934,0.055632369907319255,-1.86,-1.73,9.6,1.918,0.9477213621139526,0.0,0.06827500835061073,1.0,1.0,7.2,1.481,True,True,False
12.842294931411743,forward_010,2.842294931411743,0.1,0.0,0.0,0.24980024919168842,0.05890486225480862,-0.4276056667386107,-3.81,-0.47000000000000003,6.71,1.688,0.971627414226532,0.14285714285714285,0.08768726140260696,1.0,0.0,7.2,1.481,True,True,False
12.862780570983887,forward_010,2.8627805709838867,0.1,0.0,0.0,-0.15271630954950383,-0.5257804371632918,-1.3700834628155487,-3.16,2.17,2.5100000000000002,1.381,0.9765570163726807,0.14285714285714285,0.15842273831367493,1.0,0.0,7.2,1.481,True,True,False
12.883175134658813,forward_010,2.8831751346588135,0.1,0.0,0.0,-0.16471544815696484,-0.8672104720846825,-1.1846422297911512,-1.03,-0.54,5.3,1.765,0.9823407530784607,0.14285714285714285,0.12657083198428154,1.0,0.0,7.2,1.2409999999999999,True,True,False
12.903548002243042,forward_010,2.903548002243042,0.1,0.0,0.0,-0.11562806294462433,-0.3327033886614191,-0.32615840396644036,-1.03,-0.54,5.3,1.995,0.9864991307258606,0.14285714285714285,0.037773264572024345,1.0,0.0,7.2,1.2409999999999999,True,True,False
12.924034118652344,forward_010,2.9240341186523438,0.1,0.0,0.0,-0.3097959422289935,-0.16035212502697901,-0.08944812416470939,-1.93,1.23,7.32,1.841,0.9833470582962036,0.14285714285714285,0.06038406863808632,1.0,0.0,7.2,1.2409999999999999,True,True,False
12.94446611404419,forward_010,2.9444661140441895,0.1,0.0,0.0,-0.4985096676008804,-0.47778388273344774,0.019634954084936207,-0.55,1.49,5.05,2.071,0.989664614200592,0.14285714285714285,0.19097604230046272,1.0,0.0,7.2,1.2409999999999999,True,True,False
12.964925050735474,forward_010,2.9649250507354736,0.1,0.0,0.0,-0.5705044992456465,-0.4919646829059016,-0.19744037163185854,-0.34,2.74,7.19,1.765,0.988493025302887,0.14285714285714285,0.04398774355649948,1.0,0.0,7.2,1.2409999999999999,True,True,False
12.985284328460693,forward_010,2.9852843284606934,0.1,0.0,0.0,-0.9239336727744982,-0.4461497900410505,-0.4723297288209654,-0.34,2.74,7.19,1.534,0.9849990606307983,0.14285714285714285,0.06898900866508484,1.0,1.0,7.2,1.2409999999999999,True,True,False
13.005799293518066,forward_010,3.0057992935180664,0.1,0.0,0.0,-1.3526301702956054,0.17998707911191522,-1.050470043544087,-1.78,4.26,7.72,0.6899999999999998,0.9703035354614258,0.14285714285714285,0.10318086482584476,1.0,1.0,7.2,1.2409999999999999,True,True,False
13.026281595230103,forward_010,3.0262815952301025,0.1,0.0,0.0,-1.1366456753613072,0.25743606466916363,-2.1358466721280607,-1.78,4.26,7.72,1.074,0.958049476146698,0.07142857142857142,0.08411939442157745,1.0,1.0,7.2,1.2409999999999999,True,True,False
13.046648263931274,forward_010,3.0466482639312744,0.1,0.0,0.0,0.10799224746714914,0.7046766854927106,-1.8325957145940461,-2.89,0.25,7.61,0.9970000000000001,0.9390355348587036,0.0,0.0784132368862629,1.0,1.0,7.2,1.2409999999999999,True,True,False
13.067044019699097,forward_010,3.0670440196990967,0.1,0.0,0.0,-0.018544123302439753,0.34143003492139073,-1.8380498685065283,1.85,-2.68,6.6000000000000005,1.304,0.9484356641769409,0.0,0.123089998960495,1.0,1.0,7.2,1.2409999999999999,True,True,False
13.087407350540161,forward_010,3.087407350540161,0.1,0.0,0.0,0.10035643198967395,0.5999569303730508,-1.2020955223110945,1.85,-2.68,6.6000000000000005,1.841,0.9487369656562805,0.0,0.04101506248116493,1.0,1.0,7.5,0.7990000000000002,True,True,False
13.107766151428223,forward_010,3.1077661514282227,0.1,0.0,0.0,-0.5519603759432067,1.6526086354821308,-0.42542400517361784,1.85,-2.68,6.6000000000000005,1.688,0.7780802249908447,0.0,0.17994622327387333,1.0,1.0,7.5,0.7990000000000002,True,True,False
13.128289699554443,forward_010,3.1282896995544434,0.1,0.0,0.0,-0.5519603759432067,1.6526086354821308,-0.42542400517361784,1.85,-2.68,6.6000000000000005,1.151,0.73165363073349,0.0,0.07300308858975768,0.0,1.0,7.5,0.7990000000000002,True,True,False
13.14865517616272,forward_010,3.1486551761627197,0.1,0.0,0.0,-0.9959285044192643,1.7027868514769677,0.33488505022641196,1.85,-2.68,6.6000000000000005,1.074,0.7473317384719849,0.0,0.21873898804187775,0.0,1.0,7.5,0.7990000000000002,True,True,False
13.169134378433228,forward_010,3.1691343784332275,0.1,0.0,0.0,-1.0101093045917182,0.5748678223756323,1.0657416744990376,1.85,-2.68,6.6000000000000005,1.381,0.5912809371948242,0.0,0.09152290597558022,0.0,1.0,7.5,0.7990000000000002,True,True,False
13.189648389816284,forward_010,3.189648389816284,0.1,0.0,0.0,-0.7810348402674625,0.9326603190344699,1.4388058021128254,-3.91,-1.08,5.9,1.841,0.8483394980430603,0.0,0.11948751471936703,0.0,1.0,7.5,0.7990000000000002,True,True,False
13.210129022598267,forward_010,3.2101290225982666,0.1,0.0,0.0,-0.4036073895236887,0.35452000431134817,1.3559026626430948,-3.91,-1.08,5.9,1.6110000000000002,0.8439717888832092,0.0,0.034241124987602234,0.0,1.0,7.5,0.7990000000000002,True,True,False
13.230506896972656,forward_010,3.2305068969726562,0.1,0.0,0.0,-0.10362892433716332,-0.008726646259971648,0.9708393964218458,-4.34,-0.68,7.0200000000000005,1.6110000000000002,0.856234610080719,0.0,0.07741970382630825,0.0,1.0,7.5,0.7990000000000002,True,True,False
13.250961065292358,forward_010,3.2509610652923584,0.1,0.0,0.0,0.3436116964863836,-0.17671458676442586,0.11780972450961724,-2.67,-2.15,6.72,2.302,0.8927501440048218,0.0,0.09282601438462734,0.0,1.0,7.5,0.7990000000000002,True,True,False
13.271336793899536,forward_010,3.271336793899536,0.1,0.0,0.0,0.7363107781851078,-0.4068798818711781,-0.6283185307179586,-2.6,-4.28,6.04,2.302,0.899624228477478,0.0,0.12055387254804373,0.0,1.0,7.5,0.7990000000000002,True,True,False
13.29170036315918,forward_010,3.2917003631591797,0.1,0.0,0.0,1.1093749057988957,-0.657770961845363,-0.3436116964863836,-1.3800000000000001,-2.79,9.71,1.688,0.8654006123542786,0.0,0.1256071962416172,0.0,1.0,7.3,1.317,True,True,False
13.312724351882935,forward_010,3.3127243518829346,0.1,0.0,0.0,1.337358539340655,-0.8726646259971648,-0.44505895925855404,-1.68,-7.07,8.88,1.381,0.941133975982666,0.0,0.14865396171808243,0.0,0.0,7.3,1.317,True,True,False
13.333104133605957,forward_010,3.333104133605957,0.1,0.0,0.0,1.490074848890159,-0.433059820651093,0.07526732399225546,-0.86,-2.14,2.97,1.534,0.959625780582428,0.07142857142857142,0.11709972750395536,0.0,0.0,7.3,1.317,True,True,False
13.353464365005493,forward_010,3.353464365005493,0.1,0.0,0.0,1.4693490640227262,-0.29888763440402893,0.16798794050445423,-0.24,0.08,2.45,2.071,0.922710120677948,0.0,0.0732128331437707,1.0,1.0,7.3,1.317,True,True,False
13.37385106086731,forward_010,3.3738510608673096,0.1,0.0,0.0,1.3755376167280309,-0.06435901616729091,0.1265363707695889,-1.16,1.24,3.5,2.225,0.9027984738349915,0.0,0.13065741350874305,1.0,1.0,7.3,1.317,True,True,False
13.394293069839478,forward_010,3.3942930698394775,0.1,0.0,0.0,1.3940817400304708,0.017453292519943295,0.028361600344907856,-0.81,-0.77,7.16,2.071,0.9451336860656738,0.0,0.11038727918639779,1.0,1.0,7.3,1.317,True,True,False
13.414675951004028,forward_010,3.4146759510040283,0.1,0.0,0.0,0.6915867161027531,0.7057675162752071,0.11562806294462433,-0.81,-0.77,7.16,1.534,0.9551653861999512,0.07142857142857142,0.0796618415042758,1.0,0.0,7.3,1.317,True,True,False
13.435052633285522,forward_010,3.4350526332855225,0.1,0.0,0.0,-0.136353847812057,1.487893187325166,-0.18216874067690814,-4.12,7.7700000000000005,4.44,1.458,0.9631146192550659,0.07142857142857142,0.17702465504407883,1.0,0.0,7.3,1.317,True,True,False
13.4554283618927,forward_010,3.4554283618927,0.1,0.0,0.0,0.10144726277217041,0.13853550937704992,-1.3046336158657614,1.6,2.52,9.71,0.9970000000000001,0.9265079498291016,0.0,0.10960887372493744,1.0,0.0,7.3,1.317,True,True,False
13.475837230682373,forward_010,3.475837230682373,0.1,0.0,0.0,0.20180369476184434,1.1999138607461015,-0.5388704065532492,-3.79,-2.54,1.78,2.302,0.9545398950576782,0.07142857142857142,0.287876196205616,1.0,0.0,7.3,1.317,True,True,False
13.496219635009766,forward_010,3.4962196350097656,0.1,0.0,0.0,-0.5126904677733343,0.3392483733563978,0.24216443371421323,-6.78,-0.2,8.61,2.532,0.9091774225234985,0.0,0.19123829901218414,1.0,0.0,6.8,2.7350000000000003,True,True,False
13.516580581665039,forward_010,3.516580581665039,0.1,0.0,0.0,-0.8093964406123704,0.5901394533305827,0.11780972450961724,-6.16,0.9500000000000001,5.82,3.299,0.8796933889389038,0.0,0.09950530901551247,1.0,0.0,6.8,2.7350000000000003,True,True,False
13.536967039108276,forward_010,3.5369670391082764,0.1,0.0,0.0,-1.030835089459151,-0.4079707126536745,0.6839509006252779,-6.16,0.9500000000000001,5.82,2.762,0.966941237449646,0.07142857142857142,0.1848074607551098,1.0,0.0,6.8,2.7350000000000003,True,True,False
13.557335138320923,forward_010,3.557335138320923,0.1,0.0,0.0,-1.3929909092479742,-0.2945243112740431,0.6468626540203984,-2.97,4.2700000000000005,7.53,1.688,0.9593383073806763,0.07142857142857142,0.06025789864361286,1.0,0.0,6.8,2.7350000000000003,True,True,False
13.577806949615479,forward_010,3.5778069496154785,0.1,0.0,0.0,-1.6853335589570244,-0.5497787143782138,0.29670597283903605,-2.7,6.25,7.59,1.458,0.9509984254837036,0.07142857142857142,0.056043073534965515,1.0,1.0,6.8,2.7350000000000003,True,True,False
13.598185062408447,forward_010,3.5981850624084473,0.1,0.0,0.0,-1.7333301133868686,-0.8137597637423561,-0.6185010536754906,-2.41,4.3100000000000005,7.73,1.304,0.9591488838195801,0.07142857142857142,0.0748770881909877,1.0,1.0,6.8,2.7350000000000003,True,True,False
13.618592977523804,forward_010,3.6185929775238037,0.1,0.0,0.0,-1.9874936857085428,-1.0373800741541297,-1.6427911584396626,-3.04,1.01,7.36,0.9970000000000001,0.9359239339828491,0.0,0.05022214981727302,0.0,1.0,6.8,2.7350000000000003,True,True,False
13.639082193374634,forward_010,3.639082193374634,0.1,0.0,0.0,-2.1620266109079758,-1.028653427894158,-1.6547902970471238,-0.44,-0.6900000000000001,8.14,0.614,0.926028847694397,0.0,0.0765409916639328,0.0,1.0,6.8,2.7350000000000003,True,True,False
13.65961742401123,forward_010,3.6596174240112305,0.1,0.0,0.0,-1.1355548445788106,-0.36324665057131983,-1.27736284630335,-0.44,-0.6900000000000001,8.14,0.767,0.9299484491348267,0.0,0.041517749428749084,0.0,1.0,6.8,2.7350000000000003,True,True,False
13.680159330368042,forward_010,3.680159330368042,0.1,0.0,0.0,-0.519235452468313,-0.028361600344907856,0.581412807070611,0.04,-6.23,6.75,1.304,0.9156000018119812,0.0,0.08831330249086022,0.0,1.0,6.8,2.7350000000000003,True,True,False
13.700677633285522,forward_010,3.7006776332855225,0.1,0.0,0.0,-0.18871372537188688,-0.16144295580947549,1.19118721448613,-0.84,-4.33,9.15,1.458,0.9215587377548218,0.0,0.09547002613544464,0.0,1.0,7.6,0.447,True,True,False
13.721053838729858,forward_010,3.7210538387298584,0.1,0.0,0.0,-0.2007128639793479,0.35561083509384467,0.5726861608106394,-3.48,-1.25,8.0,1.381,0.9477552771568298,0.0,0.055561669170856476,0.0,1.0,7.6,0.447,True,True,False
13.741421461105347,forward_010,3.7414214611053467,0.1,0.0,0.0,0.2694352032766246,0.29343348049154666,0.45487643630102215,-2.2800000000000002,-3.56,8.16,1.151,0.9609560370445251,0.07142857142857142,0.0836968943476677,0.0,1.0,7.6,0.447,True,True,False
13.762019395828247,forward_010,3.762019395828247,0.1,0.0,0.0,0.49960049838337683,0.41560652813114973,0.35015668118136234,-1.55,-3.27,4.8100000000000005,1.381,0.9562171697616577,0.07142857142857142,0.10300951823592186,0.0,1.0,7.6,0.447,True,True,False
13.782537937164307,forward_010,3.7825379371643066,0.1,0.0,0.0,0.8595746566072073,0.04254240051736178,0.23671027980173096,0.13,-1.6300000000000001,6.640000000000001,1.227,0.9474434852600098,0.0,0.09282762557268143,0.0,1.0,7.6,0.447,True,True,False
13.802916765213013,forward_010,3.8029167652130127,0.1,0.0,0.0,1.1813697374436618,-0.02399827721492203,0.29561514205653955,-1.74,-5.38,8.58,1.841,0.9437684416770935,0.0,0.09259894862771034,0.0,1.0,7.6,0.447,True,True,False
13.82337474822998,forward_010,3.8233747482299805,0.1,0.0,0.0,1.08646745936647,-0.061086523819801536,0.42215151282612845,-0.92,-4.49,9.02,1.995,0.9685070514678955,0.07142857142857142,0.10889185592532158,0.0,1.0,7.6,0.447,True,True,False
13.843734502792358,forward_010,3.8437345027923584,0.1,0.0,0.0,1.0570150282390658,0.05999569303730508,0.9468411192069238,-2.45,-1.98,8.44,2.8389999999999995,0.9491636753082275,0.0,0.09208841994404793,1.0,1.0,7.6,0.447,True,True,False
13.864163875579834,forward_010,3.864163875579834,0.1,0.0,0.0,1.2195488148310378,0.1308996938995747,0.9326603190344699,-2.45,-1.98,8.44,2.455,0.9506933689117432,0.07142857142857142,0.035706027410924435,1.0,1.0,7.6,0.447,True,True,False
13.884530067443848,forward_010,3.8845300674438477,0.1,0.0,0.0,1.5467980495799745,-0.2279836335417593,0.6294093615004551,-2.45,-1.98,8.44,1.995,0.930519163608551,0.0,0.07741463929414749,1.0,1.0,7.6,0.447,True,True,False
13.904903173446655,forward_010,3.9049031734466553,0.1,0.0,0.0,1.4748032179352084,0.17016960206944712,0.35124751196385884,-2.45,-1.98,8.44,1.918,0.9318996071815491,0.0,0.13733838498592377,1.0,1.0,7.4,0.656,True,True,False
13.925267934799194,forward_010,3.9252679347991943,0.1,0.0,0.0,1.2566370614359172,0.6774059159302992,-1.249001245958442,-5.08,2.48,3.18,1.688,0.908387303352356,0.0,0.13673025369644165,1.0,1.0,7.4,0.656,True,True,False
13.945634365081787,forward_010,3.945634365081787,0.1,0.0,0.0,1.3035427850832648,0.08835729338221293,-1.8380498685065283,-3.06,4.12,9.0,1.381,0.9399051666259766,0.0,0.1277550458908081,1.0,0.0,7.4,0.656,True,True,False
13.966016292572021,forward_010,3.9660162925720215,0.1,0.0,0.0,1.261000384565903,0.2596177262341565,-1.5293447570600314,1.93,-0.44,7.41,1.6110000000000002,0.8646081686019897,0.0,0.06604285538196564,1.0,0.0,7.4,0.656,True,True,False
13.986546039581299,forward_010,3.986546039581299,0.1,0.0,0.0,0.8170322560898455,0.06544984694978735,-1.2740903539558606,0.9,0.6,6.91,2.148,0.8853706121444702,0.0,0.04059271328151226,1.0,0.0,7.4,0.656,True,True,False
14.007117986679077,forward_010,4.007117986679077,0.1,0.0,0.0,0.16253378659197193,-0.3839724354387525,-0.5246896063807953,-2.17,0.71,7.3500000000000005,2.608,0.9482114911079407,0.0,0.08200409077107906,1.0,0.0,7.4,0.656,True,True,False
14.027503252029419,forward_010,4.027503252029419,0.1,0.0,0.0,-0.3010692959690218,-0.35997415822383044,0.17562375598192942,-5.7700000000000005,-0.66,8.18,2.302,0.9741422533988953,0.21428571428571427,0.07074534147977829,1.0,0.0,7.4,0.656,True,True,False
14.047967433929443,forward_010,4.047967433929443,0.1,0.0,0.0,-0.7526732399225546,-0.581412807070611,0.7733990247899872,-3.17,3.08,7.72,1.995,0.9813157320022583,0.2857142857142857,0.07538434560410678,1.0,0.0,7.4,0.656,True,True,False
14.068411827087402,forward_010,4.068411827087402,0.1,0.0,0.0,-1.004655150679236,-0.868301302867179,0.35452000431134817,-3.17,3.08,7.72,1.765,0.9840384721755981,0.2857142857142857,0.04730328172445297,1.0,0.0,7.4,0.656,True,True,False
14.08881402015686,forward_010,4.08881402015686,0.1,0.0,0.0,-1.2904528156933075,-0.5650503453331642,-0.459239759431008,-2.02,2.56,5.87,1.6110000000000002,0.9787710905075073,0.21428571428571427,0.051809161901474,1.0,0.0,7.4,0.656,True,True,False
14.109379053115845,forward_010,4.109379053115845,0.1,0.0,0.0,-1.4071717094204281,-0.9326603190344699,-0.6544984694978736,-2.31,3.13,7.68,1.534,0.9887740612030029,0.14285714285714285,0.06040018051862717,1.0,1.0,7.6,0.232,True,True,False
14.129831790924072,forward_010,4.129831790924072,0.1,0.0,0.0,-1.4398966328953218,-0.8104872713948668,-1.2544553998709245,-2.65,2.7800000000000002,5.21,1.381,0.9886859059333801,0.2857142857142857,0.04138126503676176,1.0,1.0,7.6,0.232,True,True,False
14.150269508361816,forward_010,4.150269508361816,0.1,0.0,0.0,-1.3395402009056478,-0.8486663487822428,-1.9547687622336491,-2.65,2.7800000000000002,5.21,0.9210000000000002,0.9799326062202454,0.21428571428571427,0.09086278546601534,0.0,1.0,7.6,0.232,True,True,False
14.170737981796265,forward_010,4.170737981796265,0.1,0.0,0.0,-0.25743606466916363,-0.4068798818711781,-2.3583761517573376,-2.65,2.7800000000000002,5.21,0.6899999999999998,0.9723756909370422,0.14285714285714285,0.05733855627477169,0.0,1.0,7.6,0.232,True,True,False
14.191254377365112,forward_010,4.191254377365112,0.1,0.0,0.0,0.09599310885968812,0.23889194136672387,-1.4409874636778184,-2.97,-3.44,5.55,0.537,0.9610716700553894,0.07142857142857142,0.07577345333993435,0.0,1.0,7.6,0.232,True,True,False
14.21163558959961,forward_010,4.211635589599609,0.1,0.0,0.0,0.28361600344907856,-0.2083486794568231,-1.1442814908387824,-1.31,-1.07,4.64,1.381,0.9680278897285461,0.07142857142857142,0.044453189708292484,0.0,1.0,7.6,0.232,True,True,False
14.23219084739685,forward_010,4.232190847396851,0.1,0.0,0.0,0.3490658503988659,-0.07853981633974483,-1.1584622910112363,-1.31,-1.07,4.64,1.458,0.965108335018158,0.07142857142857142,0.0377504862844944,0.0,1.0,7.6,0.232,True,True,False
14.252554893493652,forward_010,4.252554893493652,0.1,0.0,0.0,-0.12326387842209953,0.9152070265145266,0.5585053606381855,-1.31,-1.07,4.64,1.304,0.943242073059082,0.0,0.17859544605016708,1.0,1.0,7.6,0.232,True,True,False
14.273007869720459,forward_010,4.273007869720459,0.1,0.0,0.0,-0.19198621771937624,1.0842857978014773,1.054833366674073,-1.31,-1.07,4.64,0.9210000000000002,0.8617792725563049,0.0,0.20432642474770546,1.0,1.0,7.6,0.232,True,True,False
14.293375730514526,forward_010,4.293375730514526,0.1,0.0,0.0,-0.37960911230876665,0.8868454261696187,0.9632035809443706,-2.22,-2.0100000000000002,7.3,0.9970000000000001,0.9740592241287231,0.14285714285714285,0.20049940794706345,1.0,1.0,7.6,0.232,True,True,False
