time_s,phase,phase_elapsed_s,cmd_x,cmd_y,cmd_yaw,gyro_x,gyro_y,gyro_z,accel_x,accel_y,accel_z,joint_vel_abs_max,action_abs_max,action_saturation_frac,target_delta_abs_max,left_contact,right_contact,min_voltage,sum_abs_current,obs_finite,action_finite,missed_deadline
0.00016927719116210938,stand_pre,0.00016927719116210938,0.0,0.0,0.0,-0.11235557059713497,0.5639595145506677,0.3010692959690218,-2.37,-2.8000000000000003,5.71,0.0,0.8870823383331299,0.0,0.14193317294120789,1.0,1.0,7.6,0.08200000000000002,True,True,False
0.021952390670776367,stand_pre,0.021952390670776367,0.0,0.0,0.0,0.11671889372712078,0.1832595714594046,0.23889194136672387,-2.38,-2.5100000000000002,7.87,0.0,0.9533077478408813,0.07142857142857142,0.08723076013848186,1.0,1.0,7.6,0.08200000000000002,True,True,False
0.042540550231933594,stand_pre,0.042540550231933594,0.0,0.0,0.0,-0.001090830782496456,-0.011999138607461015,-0.007635815477475192,1.46,-0.34,9.27,0.46,0.9347103238105774,0.0,0.11644992232322693,1.0,1.0,7.6,0.08200000000000002,True,True,False
0.06316924095153809,stand_pre,0.06316924095153809,0.0,0.0,0.0,-0.001090830782496456,-0.008726646259971648,-0.00545415391248228,0.18,-0.35000000000000003,9.25,1.227,0.9760331511497498,0.07142857142857142,0.06909654289484024,1.0,1.0,7.6,0.08200000000000002,True,True,False
0.08369970321655273,stand_pre,0.08369970321655273,0.0,0.0,0.0,0.004363323129985824,-0.006544984694978736,-0.004363323129985824,2.04,0.39,7.62,1.534,0.9631540179252625,0.07142857142857142,0.11888360604643822,1.0,1.0,7.6,0.08200000000000002,True,True,False
0.10415101051330566,stand_pre,0.10415101051330566,0.0,0.0,0.0,0.21271200258680892,-0.0818123086872342,-0.1407171709420428,1.54,0.8300000000000001,7.63,1.6110000000000002,0.9478883147239685,0.0,0.15881699323654175,0.0,1.0,7.6,0.08200000000000002,True,True,False
0.12453055381774902,stand_pre,0.12453055381774902,0.0,0.0,0.0,0.46796640569097964,-0.28907015736156083,-1.1061024134514064,1.54,0.8300000000000001,7.63,1.765,0.8846940398216248,0.0,0.12535829097032547,1.0,1.0,7.6,0.08200000000000002,True,True,False
0.144974946975708,stand_pre,0.144974946975708,0.0,0.0,0.0,0.7788531787024695,-0.41015237421866746,-1.9984019935335073,1.17,-5.53,7.58,1.381,0.6032057404518127,0.0,0.1017427803017199,1.0,1.0,7.6,0.08200000000000002,True,True,False
0.16535115242004395,stand_pre,0.16535115242004395,0.0,0.0,0.0,1.2042771838760873,-0.8453938564347534,-1.5129822953225844,1.17,-5.53,7.58,1.151,0.679703950881958,0.0,0.05284857377409935,1.0,0.0,7.6,0.08200000000000002,True,True,False
0.1857452392578125,stand_pre,0.1857452392578125,0.0,0.0,0.0,1.6471544815696486,-0.6795875774952921,-1.124646536753846,1.17,-5.53,7.58,1.151,0.796210765838623,0.0,0.029424503445625305,1.0,0.0,7.6,0.08200000000000002,True,True,False
0.20611000061035156,stand_pre,0.20611000061035156,0.0,0.0,0.0,0.8475755179997463,-0.595593607243065,-1.275181184738357,1.17,-5.53,7.58,1.688,0.8751084208488464,0.0,0.04356373846530914,1.0,0.0,7.4,0.6769999999999999,True,True,False
0.22649502754211426,stand_pre,0.22649502754211426,0.0,0.0,0.0,-0.05999569303730508,-1.2086405070060733,-1.327541062298187,4.34,-0.96,7.47,2.225,0.856583297252655,0.0,0.05966064101085067,1.0,0.0,7.4,0.6769999999999999,True,True,False
0.2468562126159668,stand_pre,0.2468562126159668,0.0,0.0,0.0,-0.806123948264881,-1.9820395317960604,0.545415391248228,0.59,-0.89,1.62,2.8389999999999995,0.7899207472801208,0.0,0.06490988284349442,1.0,0.0,7.4,0.6769999999999999,True,True,False
0.2672238349914551,stand_pre,0.2672238349914551,0.0,0.0,0.0,-1.3439035240356338,-2.719441140763665,1.2457287536109527,1.37,2.12,7.13,2.762,0.6719250082969666,0.0,0.04299760423600674,1.0,0.0,7.4,0.6769999999999999,True,True,False
0.2876155376434326,stand_pre,0.2876155376434326,0.0,0.0,0.0,-1.5969762655748114,-2.7903451416259344,1.1061024134514064,1.37,2.12,7.13,1.765,0.6424657702445984,0.0,0.022801896557211876,1.0,0.0,7.4,0.6769999999999999,True,True,False
0.3079793453216553,stand_pre,0.3079793453216553,0.0,0.0,0.0,-1.942769623626188,-2.3965552291447136,1.1039207518864134,0.46,5.0,6.67,2.148,0.6623209714889526,0.0,0.027801794931292534,1.0,1.0,7.4,0.6769999999999999,True,True,False
0.32834863662719727,stand_pre,0.32834863662719727,0.0,0.0,0.0,-2.1358466721280607,-2.2972896279375363,0.22689280275926285,-1.77,3.9,3.23,1.304,0.669731080532074,0.0,0.024383654352277517,0.0,1.0,7.4,0.6769999999999999,True,True,False
0.3490016460418701,stand_pre,0.3490016460418701,0.0,0.0,0.0,-2.2591105505501603,-2.349649505497366,-0.6948592084502424,0.43,-1.2,5.09,1.151,0.6632310748100281,0.0,0.04376968555152416,0.0,1.0,7.4,0.6769999999999999,True,True,False
0.3695063591003418,stand_pre,0.3695063591003418,0.0,0.0,0.0,-0.7897614865274342,-2.3932827367972243,-1.4104442017679175,0.43,-1.2,5.09,0.9970000000000001,0.7556992173194885,0.0,0.029107695445418358,0.0,1.0,7.4,0.6769999999999999,True,True,False
0.3898661136627197,stand_pre,0.3898661136627197,0.0,0.0,0.0,0.385063266221249,-2.0322177477908974,-1.1344640137963142,3.5,-5.5200000000000005,7.6000000000000005,0.46,0.8350878953933716,0.0,0.0292804017663002,0.0,1.0,7.4,0.6769999999999999,True,True,False
0.4102170467376709,stand_pre,0.4102170467376709,0.0,0.0,0.0,0.9413869652944415,-1.9580412545811385,-0.27052603405912107,-0.36,-3.36,1.44,0.9210000000000002,0.8314991593360901,0.0,0.060979051515460014,0.0,0.0,7.6,0.159,True,True,False
0.4306004047393799,stand_pre,0.4306004047393799,0.0,0.0,0.0,1.00029182754925,-2.0682151636132806,-0.44505895925855404,0.8200000000000001,0.59,2.19,0.9970000000000001,0.7736950516700745,0.0,0.04196907579898834,0.0,0.0,7.6,0.159,True,True,False
0.45097899436950684,stand_pre,0.45097899436950684,0.0,0.0,0.0,0.7166758241001716,-2.3692844595823024,-0.581412807070611,1.86,-3.5,9.13,1.074,0.8621906638145447,0.0,0.03751715901307762,0.0,0.0,7.6,0.159,True,True,False
0.4714517593383789,stand_pre,0.4714517593383789,0.0,0.0,0.0,-0.1559888018969932,-3.163409269239722,0.6686792696703275,1.86,-3.5,9.13,1.074,0.6111107468605042,0.0,0.06941358931362629,0.0,0.0,7.6,0.159,True,True,False
0.4918789863586426,stand_pre,0.4918789863586426,0.0,0.0,0.0,-0.1559888018969932,-3.163409269239722,0.6686792696703275,1.6500000000000001,5.28,-5.69,0.614,0.772148609161377,0.0,0.03212750144302845,0.0,0.0,7.6,0.159,True,True,False
0.512296199798584,stand_pre,0.512296199798584,0.0,0.0,0.0,-0.1559888018969932,-3.163409269239722,0.6686792696703275,1.6500000000000001,5.28,-5.69,0.614,0.8073074817657471,0.0,0.015740644885227084,0.0,0.0,7.6,0.159,True,True,False
0.5327558517456055,stand_pre,0.5327558517456055,0.0,0.0,0.0,0.6446809924554054,-3.3608496408715807,1.8031432834666417,1.6500000000000001,5.28,-5.69,1.151,0.7415302395820618,0.0,0.0347941794898361,0.0,0.0,7.6,0.159,True,True,False
0.5531251430511475,stand_pre,0.5531251430511475,0.0,0.0,0.0,0.5530512067257032,-2.5950864315590687,1.038470904936626,1.6500000000000001,5.28,-5.69,1.381,0.7606967091560364,0.0,0.03148981090635061,0.0,0.0,7.6,0.159,True,True,False
0.573493242263794,stand_pre,0.573493242263794,0.0,0.0,0.0,0.8246680715673207,-2.454369260617026,-0.2628902185816459,6.17,-3.86,2.84,1.304,0.9098663330078125,0.0,0.07617022097110748,0.0,0.0,7.6,0.159,True,True,False
0.5938558578491211,stand_pre,0.5938558578491211,0.0,0.0,0.0,1.088649120931463,-2.007128639793479,-1.1846422297911512,6.17,-3.86,2.84,1.074,0.9335461258888245,0.0,0.028726684395223856,0.0,0.0,7.6,0.159,True,True,False
0.6143441200256348,stand_pre,0.6143441200256348,0.0,0.0,0.0,0.7843073326149519,-0.3174317577064687,-0.5530512067257032,6.17,-3.86,2.84,0.767,0.8212767243385315,0.0,0.10324292443692684,0.0,0.0,7.5,0.259,True,True,False
0.6346945762634277,stand_pre,0.6346945762634277,0.0,0.0,0.0,0.559596191420682,-0.23343778745424157,-0.40578905108868163,9.790000000000001,2.52,7.83,0.9210000000000002,0.8805316686630249,0.0,0.08085909161309246,0.0,0.0,7.5,0.259,True,True,False
0.6551659107208252,stand_pre,0.6551659107208252,0.0,0.0,0.0,0.8966629032120869,0.868301302867179,0.21162117180431245,9.790000000000001,2.52,7.83,1.151,0.8833873867988586,0.0,0.0888767521828413,1.0,0.0,7.5,0.259,True,True,False
0.6755716800689697,stand_pre,0.6755716800689697,0.0,0.0,0.0,1.1311915214488248,0.7810348402674625,0.421060682043632,7.09,2.49,3.87,0.6899999999999998,0.8684331178665161,0.0,0.03090456873178482,1.0,0.0,7.5,0.259,True,True,False
0.6960186958312988,stand_pre,0.6960186958312988,0.0,0.0,0.0,1.174824752748683,1.7267851286918898,0.9392053037294485,8.97,-1.11,1.44,1.151,0.8819664120674133,0.0,0.054142801091074944,0.0,0.0,7.5,0.259,True,True,False
0.7163829803466797,stand_pre,0.7163829803466797,0.0,0.0,0.0,1.1104657365813921,1.8882280845013653,0.49741883681838395,8.97,-1.11,1.44,1.688,0.846078634262085,0.0,0.03921311954036355,0.0,0.0,7.5,0.259,True,True,False
0.7367427349090576,stand_pre,0.7367427349090576,0.0,0.0,0.0,0.011999138607461015,1.7060593438244571,0.7744898555724837,8.97,-1.11,1.44,1.534,0.8899465799331665,0.0,0.038330938667058945,0.0,0.0,7.5,0.259,True,True,False
0.7572252750396729,stand_pre,0.7572252750396729,0.0,0.0,0.0,-0.6217735460229799,1.4911656796726553,0.767944870877505,4.82,-2.0100000000000002,5.98,1.6110000000000002,0.8857742547988892,0.0,0.028178438544273376,0.0,0.0,7.5,0.259,True,True,False
0.7777111530303955,stand_pre,0.7777111530303955,0.0,0.0,0.0,-0.29670597283903605,1.712604328519436,0.9872018581592926,4.96,0.21,7.43,0.844,0.8716472387313843,0.0,0.02044482622295618,0.0,0.0,7.5,0.259,True,True,False
0.7980868816375732,stand_pre,0.7980868816375732,0.0,0.0,0.0,0.03599741582238305,1.9024088846738192,0.7494007475750653,6.46,1.81,3.8200000000000003,0.46,0.8611225485801697,0.0,0.021335288882255554,0.0,0.0,7.5,0.259,True,True,False
0.8184492588043213,stand_pre,0.8184492588043213,0.0,0.0,0.0,0.23343778745424157,1.983130362578557,0.4701480672559725,5.03,-0.61,3.94,0.844,0.8850658535957336,0.0,0.04524931311607361,1.0,1.0,7.6,0.228,True,True,False
0.8388400077819824,stand_pre,0.8388400077819824,0.0,0.0,0.0,0.40578905108868163,1.8544123302439752,-0.19853120241435498,5.4,-0.5,3.41,0.46,0.843633234500885,0.0,0.03668174147605896,1.0,1.0,7.6,0.228,True,True,False
0.8592135906219482,stand_pre,0.8592135906219482,0.0,0.0,0.0,0.34470252726888007,1.696241866781989,-0.7024950239277177,5.54,-1.09,6.18,0.46,0.8463854193687439,0.0,0.03273493982851505,1.0,0.0,7.6,0.228,True,True,False
0.8795816898345947,stand_pre,0.8795816898345947,0.0,0.0,0.0,0.11671889372712078,1.6809702358270386,-0.8617563181722002,5.54,-1.09,6.18,0.537,0.8508447408676147,0.0,0.00886833667755127,1.0,0.0,7.6,0.228,True,True,False
0.9000046253204346,stand_pre,0.9000046253204346,0.0,0.0,0.0,-0.026179938779914945,1.6755160819145565,-0.65558930028037,3.66,-0.5,8.25,0.537,0.8460893630981445,0.0,0.00926288217306137,1.0,0.0,7.6,0.228,True,True,False
0.9203691482543945,stand_pre,0.9203691482543945,0.0,0.0,0.0,0.12871803233458182,1.6929693744344996,-0.43196898986859655,4.59,-2.42,9.27,0.46,0.8054388165473938,0.0,0.0121365487575531,1.0,0.0,7.6,0.228,True,True,False
0.9407296180725098,stand_pre,0.9407296180725098,0.0,0.0,0.0,0.08399397025222712,1.8151424220741028,-0.09272061651219876,4.63,-1.68,8.67,0.46,0.7971007227897644,0.0,0.021717887371778488,1.0,0.0,7.6,0.228,True,True,False
0.9611101150512695,stand_pre,0.9611101150512695,0.0,0.0,0.0,0.00545415391248228,1.7671458676442586,0.24870941840919197,4.57,-1.62,8.57,0.307,0.8423532247543335,0.0,0.017866538371890783,1.0,0.0,7.6,0.228,True,True,False
0.9815833568572998,stand_pre,0.9815833568572998,0.0,0.0,0.0,-0.04254240051736178,1.8096882681616204,0.4919646829059016,2.5500000000000003,-0.12,7.01,0.384,0.8631381392478943,0.0,0.016398801933974028,1.0,0.0,7.6,0.228,True,True,False
1.001997709274292,stand_pre,1.001997709274292,0.0,0.0,0.0,0.039269908169872414,1.8533214994614786,0.533416252640767,2.64,0.1,6.94,0.46,0.8600785732269287,0.0,0.007535435259342194,1.0,0.0,7.6,0.228,True,True,False
1.0223753452301025,stand_pre,1.0223753452301025,0.0,0.0,0.0,0.06435901616729091,1.7453292519943295,0.38942658935123475,2.41,0.27,7.91,0.6899999999999998,0.8468056917190552,0.0,0.01265351806068793,1.0,0.0,7.6,0.064,True,True,False
1.0433290004730225,stand_pre,1.0433290004730225,0.0,0.0,0.0,0.04690572364734761,1.5642513420999178,0.17671458676442586,2.49,0.6,7.59,0.6899999999999998,0.8227238059043884,0.0,0.013892456889152527,1.0,0.0,7.6,0.064,True,True,False
1.063706636428833,stand_pre,1.063706636428833,0.0,0.0,0.0,0.011999138607461015,1.4584407561977617,0.009817477042468103,1.57,0.37,7.95,0.767,0.8082394599914551,0.0,0.010945938527584076,1.0,0.0,7.6,0.064,True,True,False
1.0841996669769287,stand_pre,1.0841996669769287,0.0,0.0,0.0,-0.06326818538479445,1.349357677948116,-0.05890486225480862,1.95,-0.22,8.6,0.614,0.8138441443443298,0.0,0.018946431577205658,1.0,1.0,7.6,0.064,True,True,False
1.104569911956787,stand_pre,1.104569911956787,0.0,0.0,0.0,-0.08290313946973066,1.261000384565903,-0.030543261909900768,1.95,-0.22,8.6,0.384,0.8246845602989197,0.0,0.005226545035839081,1.0,1.0,7.6,0.064,True,True,False
1.1249332427978516,stand_pre,1.1249332427978516,0.0,0.0,0.0,-0.27052603405912107,1.2980886311707827,0.09381144729469522,1.31,-1.77,8.64,0.307,0.8062381744384766,0.0,0.008627578616142273,1.0,1.0,7.6,0.064,True,True,False
1.1453096866607666,stand_pre,1.1453096866607666,0.0,0.0,0.0,-0.26070855701665296,1.1377365061438036,0.09381144729469522,0.56,-1.31,8.93,0.307,0.8177310228347778,0.0,0.0044599175453186035,1.0,1.0,7.6,0.064,True,True,False
1.1657838821411133,stand_pre,1.1657838821411133,0.0,0.0,0.0,-0.18653206380689397,1.0177451200691934,0.05672320068981571,0.2,-2.07,8.700000000000001,0.307,0.829003095626831,0.0,0.003304228186607361,1.0,1.0,7.6,0.064,True,True,False
1.1861562728881836,stand_pre,1.1861562728881836,0.0,0.0,0.0,-0.09272061651219876,0.8104872713948668,0.13853550937704992,-0.18,-2.8000000000000003,8.290000000000001,0.23,0.8344236612319946,0.0,0.003147091716527939,1.0,1.0,7.6,0.064,True,True,False
1.2065277099609375,stand_pre,1.2065277099609375,0.0,0.0,0.0,0.003272492347489368,0.5421428989007386,0.3174317577064687,-0.54,-2.41,8.96,0.307,0.8335998058319092,0.0,0.0038378164172172546,1.0,1.0,7.6,0.064,True,True,False
1.2268917560577393,stand_pre,1.2268917560577393,0.0,0.0,0.0,0.01090830782496456,0.3567016658763411,0.35015668118136234,-0.46,-2.1,9.14,0.46,0.8354948163032532,0.0,0.0046136751770973206,1.0,1.0,7.6,0.083,True,True,False
1.2472846508026123,stand_pre,1.2472846508026123,0.0,0.0,0.0,0.04363323129985824,0.2279836335417593,0.4406956361285682,-0.42,-1.36,9.15,0.153,0.8371057510375977,0.0,0.0032167285680770874,1.0,1.0,7.6,0.083,True,True,False
1.2676548957824707,stand_pre,1.2676548957824707,0.0,0.0,0.0,-0.001090830782496456,0.11126473981463851,0.3916082509162277,-0.46,-1.41,8.950000000000001,0.23,0.8438798785209656,0.0,0.003664255142211914,1.0,1.0,7.6,0.083,True,True,False
1.2881109714508057,stand_pre,1.2881109714508057,0.0,0.0,0.0,0.04254240051736178,0.12326387842209953,0.23889194136672387,-0.47000000000000003,-0.71,8.77,0.153,0.8618015646934509,0.0,0.007222466170787811,1.0,1.0,7.6,0.083,True,True,False
1.308558702468872,stand_pre,1.308558702468872,0.0,0.0,0.0,0.07308566242726255,0.05235987755982989,0.07308566242726255,0.07,-0.15,9.66,0.153,0.8755490779876709,0.0,0.006931334733963013,1.0,1.0,7.6,0.083,True,True,False
1.328965187072754,stand_pre,1.328965187072754,0.0,0.0,0.0,0.00545415391248228,0.07744898555724837,-0.09490227807719166,0.62,-0.38,8.84,0.077,0.8837103843688965,0.0,0.0030789505690336227,1.0,1.0,7.6,0.083,True,True,False
1.3493447303771973,stand_pre,1.3493447303771973,0.0,0.0,0.0,-0.06217735460229799,0.01090830782496456,-0.13962634015954636,0.74,-0.88,8.8,0.153,0.8884091377258301,0.0,0.003400888293981552,1.0,1.0,7.6,0.083,True,True,False
1.3697113990783691,stand_pre,1.3697113990783691,0.0,0.0,0.0,-0.1341721862470641,-0.044724062082354694,-0.06981317007977318,0.89,-0.92,8.88,0.153,0.8898285031318665,0.0,0.001774229109287262,1.0,1.0,7.6,0.083,True,True,False
1.3901238441467285,stand_pre,1.3901238441467285,0.0,0.0,0.0,-0.11126473981463851,-0.0916297857297023,0.0,1.29,-0.76,9.38,0.153,0.8930245041847229,0.0,0.0014422610402107239,1.0,1.0,7.6,0.083,True,True,False
1.4105939865112305,stand_pre,1.4105939865112305,0.0,0.0,0.0,-0.09490227807719166,-0.05235987755982989,0.11780972450961724,1.28,-0.75,9.02,0.153,0.8900286555290222,0.0,0.003694143146276474,1.0,1.0,7.6,0.083,True,True,False
1.4309608936309814,stand_pre,1.4309608936309814,0.0,0.0,0.0,-0.15162547876700738,-0.10362892433716332,0.13199052468207118,0.84,-1.3,9.01,0.23,0.890899658203125,0.0,0.00258694589138031,1.0,1.0,7.6,0.142,True,True,False
1.4513294696807861,stand_pre,1.4513294696807861,0.0,0.0,0.0,-0.20180369476184434,-0.15817046346198613,0.0916297857297023,0.84,-1.3,9.01,0.077,0.8943850994110107,0.0,0.0024101026356220245,1.0,1.0,7.6,0.142,True,True,False
1.4717066287994385,stand_pre,1.4717066287994385,0.0,0.0,0.0,-0.17671458676442586,-0.12762720155208535,-0.0818123086872342,0.73,-1.85,8.99,0.077,0.90093994140625,0.0,0.0038466453552246094,1.0,1.0,7.6,0.142,True,True,False
1.4921550750732422,stand_pre,1.4921550750732422,0.0,0.0,0.0,-0.10581058590215622,-0.14944381720201447,-0.07853981633974483,0.85,-2.27,8.950000000000001,0.153,0.9028561115264893,0.0,0.0011227056384086609,1.0,1.0,7.6,0.142,True,True,False
1.5125243663787842,stand_pre,1.5125243663787842,0.0,0.0,0.0,-0.09381144729469522,-0.14944381720201447,-0.11999138607461016,1.28,-2.3000000000000003,8.99,0.153,0.9046474099159241,0.0,0.0012979088351130486,1.0,1.0,7.6,0.142,True,True,False
1.5328891277313232,stand_pre,1.5328891277313232,0.0,0.0,0.0,-0.037088246604879506,-0.1712604328519436,-0.12980886311707826,1.33,-2.48,9.08,0.153,0.9075877666473389,0.0,0.0016989856958389282,1.0,1.0,7.6,0.142,True,True,False
1.5532543659210205,stand_pre,1.5532543659210205,0.0,0.0,0.0,-0.00545415391248228,-0.16798794050445423,-0.0719948316447661,1.26,-2.74,8.75,0.153,0.9061252474784851,0.0,0.0016128793358802795,1.0,1.0,7.6,0.142,True,True,False
1.573655128479004,stand_pre,1.573655128479004,0.0,0.0,0.0,0.017453292519943295,-0.16035212502697901,0.020725784867432664,1.49,-1.93,9.28,0.23,0.9042944312095642,0.0,0.002498522400856018,1.0,1.0,7.6,0.142,True,True,False
1.5940232276916504,stand_pre,1.5940232276916504,0.0,0.0,0.0,0.05890486225480862,-0.15271630954950383,0.1265363707695889,1.74,-1.6400000000000001,9.5,0.23,0.8986333012580872,0.0,0.0019437521696090698,1.0,1.0,7.6,0.142,True,True,False
1.614497423171997,stand_pre,1.614497423171997,0.0,0.0,0.0,0.07853981633974483,-0.10035643198967395,0.17780541754692233,1.76,-0.44,9.36,0.153,0.8941687345504761,0.0,0.0021220967173576355,1.0,1.0,7.6,0.142,True,True,False
1.6349577903747559,stand_pre,1.6349577903747559,0.0,0.0,0.0,0.05672320068981571,-0.09817477042468103,0.06435901616729091,1.73,-0.8,9.200000000000001,0.307,0.8949659466743469,0.0,0.0024829618632793427,1.0,1.0,7.6,0.14100000000000001,True,True,False
1.655336618423462,stand_pre,1.655336618423462,0.0,0.0,0.0,0.015271630954950384,-0.08508480103472356,0.06763150851478027,3.17,-1.04,9.14,0.153,0.8822889924049377,0.0,0.004250623285770416,1.0,1.0,7.6,0.14100000000000001,True,True,False
1.6757171154022217,stand_pre,1.6757171154022217,0.0,0.0,0.0,-0.00545415391248228,0.0,-0.0719948316447661,1.1300000000000001,-1.6,9.34,0.23,0.8911934494972229,0.0,0.0039227306842803955,1.0,1.0,7.6,0.14100000000000001,True,True,False
1.6961455345153809,stand_pre,1.6961455345153809,0.0,0.0,0.0,-0.004363323129985824,0.013089969389957472,-0.10581058590215622,1.17,-1.6,9.13,0.153,0.8907414674758911,0.0,0.0014564953744411469,1.0,1.0,7.6,0.14100000000000001,True,True,False
1.716599464416504,stand_pre,1.716599464416504,0.0,0.0,0.0,-0.04363323129985824,0.011999138607461015,0.026179938779914945,2.02,-0.96,9.68,0.077,0.8798119425773621,0.0,0.0034439638257026672,1.0,1.0,7.6,0.14100000000000001,True,True,False
1.7369606494903564,stand_pre,1.7369606494903564,0.0,0.0,0.0,-0.02399827721492203,0.12108221685710661,0.037088246604879506,1.76,-1.86,8.97,0.077,0.8747930526733398,0.0,0.004214875400066376,1.0,1.0,7.6,0.14100000000000001,True,True,False
1.7574348449707031,stand_pre,1.7574348449707031,0.0,0.0,0.0,-0.022907446432425576,0.17780541754692233,0.04363323129985824,1.36,-2.06,8.950000000000001,0.153,0.8713970184326172,0.0,0.002274520695209503,1.0,1.0,7.6,0.14100000000000001,True,True,False
1.777801513671875,stand_pre,1.777801513671875,0.0,0.0,0.0,-0.014180800172453928,0.1407171709420428,0.0916297857297023,1.62,-2.05,9.64,0.23,0.8666002154350281,0.0,0.0013769343495368958,1.0,1.0,7.6,0.14100000000000001,True,True,False
1.7981817722320557,stand_pre,1.7981817722320557,0.0,0.0,0.0,0.00545415391248228,0.20725784867432664,0.11126473981463851,1.37,-1.83,9.66,0.153,0.8643955588340759,0.0,0.003200903534889221,1.0,1.0,7.6,0.14100000000000001,True,True,False
1.818549633026123,stand_pre,1.818549633026123,0.0,0.0,0.0,0.0,0.26398104936414235,0.12980886311707826,0.9,-1.6,8.63,0.077,0.8609488606452942,0.0,0.0034504681825637817,1.0,1.0,7.6,0.14100000000000001,True,True,False
1.8390240669250488,stand_pre,1.8390240669250488,0.0,0.0,0.0,0.003272492347489368,0.21489366415180183,0.09272061651219876,1.19,-1.34,9.02,0.077,0.8623152375221252,0.0,0.0027643442153930664,1.0,1.0,7.6,0.07700000000000001,True,True,False
1.859389066696167,stand_pre,1.859389066696167,0.0,0.0,0.0,0.019634954084936207,0.2083486794568231,0.050178215994836975,1.07,-1.7,9.33,0.153,0.8680340647697449,0.0,0.00199204683303833,1.0,1.0,7.6,0.07700000000000001,True,True,False
1.8797574043273926,stand_pre,1.8797574043273926,0.0,0.0,0.0,0.06435901616729091,0.21598449493429828,0.06763150851478027,0.9400000000000001,-1.59,8.68,0.153,0.8692190647125244,0.0,0.0007969439029693604,1.0,1.0,7.6,0.07700000000000001,True,True,False
1.900181770324707,stand_pre,1.900181770324707,0.0,0.0,0.0,0.05890486225480862,0.11453723216212788,0.10035643198967395,1.28,-1.92,9.11,0.23,0.8701387643814087,0.0,0.0026801899075508118,1.0,1.0,7.6,0.07700000000000001,True,True,False
1.9205634593963623,stand_pre,1.9205634593963623,0.0,0.0,0.0,0.0719948316447661,0.06763150851478027,0.15162547876700738,1.27,-1.28,9.25,0.077,0.8727249503135681,0.0,0.0013303980231285095,1.0,1.0,7.6,0.07700000000000001,True,True,False
1.940955638885498,stand_pre,1.940955638885498,0.0,0.0,0.0,0.0545415391248228,0.03490658503988659,0.061086523819801536,0.9400000000000001,-0.8,9.13,0.077,0.8847842216491699,0.0,0.0033691823482513428,1.0,1.0,7.6,0.07700000000000001,True,True,False
1.9613332748413086,stand_pre,1.9613332748413086,0.0,0.0,0.0,0.04036073895236887,0.06326818538479445,0.02399827721492203,0.65,-1.53,9.77,0.077,0.8903036117553711,0.0,0.0029211267828941345,1.0,1.0,7.6,0.07700000000000001,True,True,False
1.981715440750122,stand_pre,1.981715440750122,0.0,0.0,0.0,0.022907446432425576,0.17671458676442586,0.0545415391248228,0.41000000000000003,-1.35,9.24,0.077,0.8881238698959351,0.0,0.004336565732955933,1.0,1.0,7.6,0.07700000000000001,True,True,False
2.0021774768829346,forward_005,0.0021774768829345703,0.05,0.0,0.0,0.02399827721492203,0.17780541754692233,0.05672320068981571,0.79,-1.48,9.02,0.077,0.813642680644989,0.0,0.04370120167732239,1.0,1.0,7.6,0.07700000000000001,True,True,False
2.0225398540496826,forward_005,0.022539854049682617,0.05,0.0,0.0,0.019634954084936207,0.15162547876700738,0.09381144729469522,0.63,-1.57,8.98,0.077,0.810215950012207,0.0,0.010221682488918304,1.0,1.0,7.6,0.07700000000000001,True,True,False
2.042904853820801,forward_005,0.04290485382080078,0.05,0.0,0.0,0.004363323129985824,0.08290313946973066,0.136353847812057,0.33,-1.36,9.08,0.307,0.8156779408454895,0.0,0.004102878272533417,1.0,1.0,7.6,0.136,True,True,False
2.063832998275757,forward_005,0.06383299827575684,0.05,0.0,0.0,0.004363323129985824,0.032724923474893676,0.13199052468207118,0.4,-1.26,9.14,0.153,0.8050451278686523,0.0,0.008665431290864944,1.0,1.0,7.6,0.136,True,True,False
2.0842928886413574,forward_005,0.08429288864135742,0.05,0.0,0.0,0.008726646259971648,0.04363323129985824,0.08399397025222712,0.92,-1.27,9.19,0.384,0.8054643869400024,0.0,0.002581641951110214,1.0,1.0,7.6,0.136,True,True,False
2.104660987854004,forward_005,0.1046609878540039,0.05,0.0,0.0,0.025089107997418487,0.03599741582238305,0.039269908169872414,1.49,-0.88,9.77,0.46,0.8055670857429504,0.0,0.004017828963696957,1.0,1.0,7.6,0.136,True,True,False
2.1250410079956055,forward_005,0.12504100799560547,0.05,0.0,0.0,0.07635815477475191,0.05999569303730508,-0.055632369907319255,1.8,-1.45,9.39,0.307,0.8056629300117493,0.0,0.004719126969575882,1.0,1.0,7.6,0.136,True,True,False
2.145413875579834,forward_005,0.14541387557983398,0.05,0.0,0.0,0.10799224746714914,0.1189005552921137,-0.1810779098944117,1.23,-1.8900000000000001,8.78,0.384,0.8146650195121765,0.0,0.005765810608863831,1.0,1.0,7.6,0.136,True,True,False
2.1657755374908447,forward_005,0.16577553749084473,0.05,0.0,0.0,0.1265363707695889,0.16035212502697901,-0.22907446432425577,1.45,-2.79,9.120000000000001,0.307,0.8185060024261475,0.0,0.005369020625948906,1.0,1.0,7.6,0.136,True,True,False
2.1862587928771973,forward_005,0.18625879287719727,0.05,0.0,0.0,0.039269908169872414,0.2781618495365963,-0.02181661564992912,1.45,-2.11,9.1,0.307,0.7951224446296692,0.0,0.011891290545463562,1.0,1.0,7.6,0.136,True,True,False
2.2066245079040527,forward_005,0.20662450790405273,0.05,0.0,0.0,0.03490658503988659,0.28688849579656794,0.05126904677733343,1.3,-1.73,9.200000000000001,0.23,0.7837417721748352,0.0,0.003802075982093811,1.0,1.0,7.6,0.136,True,True,False
2.2311346530914307,forward_005,0.23113465309143066,0.05,0.0,0.0,0.07417649320975901,0.33488505022641196,0.2181661564992912,0.62,-1.61,9.24,0.23,0.7689992189407349,0.0,0.00741451233625412,1.0,1.0,7.6,0.136,True,True,False
2.2515552043914795,forward_005,0.2515552043914795,0.05,0.0,0.0,0.06544984694978735,0.3741549583962844,0.22471114119426994,0.76,-0.73,9.27,0.23,0.7604793310165405,0.0,0.006054416298866272,1.0,1.0,7.6,0.19700000000000004,True,True,False
2.271920680999756,forward_005,0.27192068099975586,0.05,0.0,0.0,0.07635815477475191,0.40578905108868163,0.15162547876700738,0.26,-1.52,8.73,0.153,0.7610030174255371,0.0,0.003295890986919403,1.0,1.0,7.6,0.19700000000000004,True,True,False
2.2923691272735596,forward_005,0.29236912727355957,0.05,0.0,0.0,0.15271630954950383,0.3839724354387525,0.2694352032766246,0.11,-1.26,9.700000000000001,0.23,0.7492912411689758,0.0,0.01018013246357441,1.0,1.0,7.6,0.19700000000000004,True,True,False
2.312743902206421,forward_005,0.3127439022064209,0.05,0.0,0.0,0.1341721862470641,0.41996985126113556,0.24216443371421323,-0.51,-0.97,8.790000000000001,0.153,0.7460831999778748,0.0,0.005004581529647112,1.0,1.0,7.6,0.19700000000000004,True,True,False
2.3331291675567627,forward_005,0.3331291675567627,0.05,0.0,0.0,0.13962634015954636,0.2912518189265537,0.21380283336930536,-0.02,-0.42,8.790000000000001,0.153,0.7465588450431824,0.0,0.016084380447864532,1.0,1.0,7.6,0.19700000000000004,True,True,False
2.3534934520721436,forward_005,0.35349345207214355,0.05,0.0,0.0,0.12326387842209953,0.25089107997418486,0.028361600344907856,-0.54,-1.6600000000000001,9.11,0.307,0.7654418349266052,0.0,0.01777995564043522,1.0,1.0,7.6,0.19700000000000004,True,True,False
2.373870849609375,forward_005,0.373870849609375,0.05,0.0,0.0,0.09708393964218458,0.12871803233458182,0.015271630954950384,-0.43,-0.9400000000000001,9.32,0.307,0.7786663770675659,0.0,0.017114941496402025,1.0,1.0,7.6,0.19700000000000004,True,True,False
2.394253969192505,forward_005,0.3942539691925049,0.05,0.0,0.0,0.06217735460229799,0.14508049407202864,-0.10690141668465268,-0.29,-1.1300000000000001,9.19,0.384,0.7927518486976624,0.0,0.015346288681030273,1.0,1.0,7.6,0.19700000000000004,True,True,False
2.4146382808685303,forward_005,0.4146382808685303,0.05,0.0,0.0,0.11562806294462433,0.10144726277217041,-0.20289452554434081,0.05,-1.37,9.34,0.46,0.8013554811477661,0.0,0.016729120165109634,1.0,1.0,7.6,0.19700000000000004,True,True,False
2.435176372528076,forward_005,0.43517637252807617,0.05,0.0,0.0,0.14508049407202864,0.1636246173744684,-0.14835298641951802,0.05,-1.37,9.34,0.46,0.7943874001502991,0.0,0.009401246905326843,1.0,1.0,7.6,0.19700000000000004,True,True,False
2.455662727355957,forward_005,0.45566272735595703,0.05,0.0,0.0,0.16144295580947549,0.23561944901923448,-0.12435470920459599,0.92,-1.3800000000000001,9.75,0.46,0.8064810633659363,0.0,0.0107274753972888,1.0,1.0,7.6,0.252,True,True,False
2.4760444164276123,forward_005,0.4760444164276123,0.05,0.0,0.0,0.22252947962927702,0.30543261909900765,-0.10144726277217041,0.92,-1.95,9.25,0.614,0.8216075897216797,0.0,0.005547147244215012,1.0,1.0,7.6,0.252,True,True,False
2.4964308738708496,forward_005,0.4964308738708496,0.05,0.0,0.0,0.20616701789183017,0.3425208657038872,0.04363323129985824,0.29,-2.16,9.01,0.537,0.8412442207336426,0.0,0.011651204898953438,1.0,1.0,7.6,0.252,True,True,False
2.516794443130493,forward_005,0.5167944431304932,0.05,0.0,0.0,0.11235557059713497,0.3392483733563978,0.19853120241435498,0.07,-1.68,9.03,0.46,0.8531237840652466,0.0,0.01786974584683776,1.0,1.0,7.6,0.252,True,True,False
2.537168502807617,forward_005,0.5371685028076172,0.05,0.0,0.0,0.06654067773228381,0.358883327441334,0.4112432050011639,-0.19,0.08,9.08,0.384,0.8625500202178955,0.0,0.028477385640144348,1.0,1.0,7.6,0.252,True,True,False
2.5576395988464355,forward_005,0.5576395988464355,0.05,0.0,0.0,0.0916297857297023,0.32615840396644036,0.36324665057131983,-0.35000000000000003,-0.7000000000000001,9.22,0.384,0.8706421852111816,0.0,0.03712156414985657,1.0,1.0,7.6,0.252,True,True,False
2.578031539916992,forward_005,0.5780315399169922,0.05,0.0,0.0,0.03490658503988659,0.272707695624114,0.2476185876266955,-0.51,0.22,9.03,0.46,0.8942509293556213,0.0,0.03562554717063904,1.0,1.0,7.6,0.252,True,True,False
2.598402261734009,forward_005,0.5984022617340088,0.05,0.0,0.0,0.003272492347489368,0.2977968036215325,0.14508049407202864,-0.79,0.79,9.8,0.614,0.9143630862236023,0.0,0.04092724807560444,1.0,1.0,7.6,0.252,True,True,False
2.6188831329345703,forward_005,0.6188831329345703,0.05,0.0,0.0,-0.011999138607461015,0.34579335805137656,0.06326818538479445,-0.89,0.62,9.370000000000001,0.6899999999999998,0.8886263966560364,0.0,0.020948372781276703,1.0,1.0,7.6,0.252,True,True,False
2.6394705772399902,forward_005,0.6394705772399902,0.05,0.0,0.0,0.030543261909900768,0.42542400517361784,-0.20180369476184434,-0.89,0.62,9.370000000000001,0.9210000000000002,0.8543201684951782,0.0,0.03208690881729126,1.0,1.0,7.6,0.252,True,True,False
2.6598501205444336,forward_005,0.6598501205444336,0.05,0.0,0.0,0.04254240051736178,0.4788747135159442,-0.18762289458939044,-0.67,-1.7,9.36,0.9970000000000001,0.8348621726036072,0.0,0.028744468465447426,0.0,1.0,7.5,0.40800000000000003,True,True,False
2.6802260875701904,forward_005,0.6802260875701904,0.05,0.0,0.0,0.08617563181722002,0.6784967467127956,0.03490658503988659,-0.77,-1.3,8.92,0.767,0.9241332411766052,0.0,0.067108154296875,0.0,1.0,7.5,0.40800000000000003,True,True,False
2.7005980014801025,forward_005,0.7005980014801025,0.05,0.0,0.0,0.10035643198967395,0.6621342849753488,0.136353847812057,-0.8300000000000001,-2.11,8.56,0.6899999999999998,0.9361889958381653,0.0,0.13519421219825745,0.0,1.0,7.5,0.40800000000000003,True,True,False
2.7209644317626953,forward_005,0.7209644317626953,0.05,0.0,0.0,0.001090830782496456,0.7134033317526822,0.15817046346198613,-1.28,-0.9,8.84,0.844,0.9649040699005127,0.07142857142857142,0.12606815807521343,0.0,1.0,7.5,0.40800000000000003,True,True,False
2.7414438724517822,forward_005,0.7414438724517822,0.05,0.0,0.0,-0.15817046346198613,0.557414529855689,0.015271630954950384,-1.22,-0.93,9.71,1.458,0.887382447719574,0.0,0.05839322414249182,0.0,1.0,7.5,0.40800000000000003,True,True,False
2.761829376220703,forward_005,0.7618293762207031,0.05,0.0,0.0,-0.29670597283903605,0.3839724354387525,-0.022907446432425576,-1.43,-0.48,8.46,1.6110000000000002,0.8972880840301514,0.0,0.06332112522795796,0.0,1.0,7.5,0.40800000000000003,True,True,False
2.782193183898926,forward_005,0.7821931838989258,0.05,0.0,0.0,-0.33488505022641196,0.08617563181722002,-0.015271630954950384,-1.16,-2.05,9.0,2.455,0.8169435858726501,0.0,0.03505869209766388,0.0,1.0,7.5,0.40800000000000003,True,True,False
2.8025596141815186,forward_005,0.8025596141815186,0.05,0.0,0.0,-0.031634092692397225,-0.06654067773228381,0.07308566242726255,-1.72,-4.83,9.01,2.378,0.8335065841674805,0.0,0.056771110743284225,0.0,1.0,7.5,0.40800000000000003,True,True,False
2.8229284286499023,forward_005,0.8229284286499023,0.05,0.0,0.0,0.6664976081053346,-0.29888763440402893,0.1538071403320003,-2.82,-3.0700000000000003,9.75,1.381,0.939247190952301,0.0,0.0826524905860424,0.0,1.0,7.5,0.40800000000000003,True,True,False
2.8433666229248047,forward_005,0.8433666229248047,0.05,0.0,0.0,0.7777623479199731,-0.3076142806640006,-0.23452861823673804,-1.97,-5.08,8.38,1.227,0.931814432144165,0.0,0.08975186198949814,0.0,1.0,7.5,0.40800000000000003,True,True,False
2.8637468814849854,forward_005,0.8637468814849854,0.05,0.0,0.0,0.9162978572970231,-0.7363107781851078,-0.011999138607461015,-0.39,-4.79,5.36,1.304,0.9440787434577942,0.0,0.04086702782660723,0.0,1.0,7.3,1.32,True,True,False
2.8841161727905273,forward_005,0.8841161727905273,0.05,0.0,0.0,1.203186353093591,-1.090830782496456,0.4046982203061852,-1.16,-0.3,5.14,1.458,0.9433090090751648,0.0,0.06192637141793966,1.0,1.0,7.3,1.32,True,True,False
2.904515504837036,forward_005,0.9045155048370361,0.05,0.0,0.0,1.5227997723650526,-1.4398966328953218,0.2628902185816459,-1.86,-2.35,4.9,0.844,0.9709445238113403,0.07142857142857142,0.07376816309988499,1.0,1.0,7.3,1.32,True,True,False
2.9249048233032227,forward_005,0.9249048233032227,0.05,0.0,0.0,1.8555031610264716,-1.3973542323779602,0.23343778745424157,-1.86,-2.35,4.9,1.304,0.9772629737854004,0.14285714285714285,0.025707297027111053,1.0,0.0,7.3,1.32,True,True,False
2.9452786445617676,forward_005,0.9452786445617676,0.05,0.0,0.0,1.002473489114243,-0.7014041931452212,0.31852258848896514,-1.86,-2.35,4.9,1.6110000000000002,0.9805805683135986,0.07142857142857142,0.05857994966208935,1.0,0.0,7.3,1.32,True,True,False
2.9656519889831543,forward_005,0.9656519889831543,0.05,0.0,0.0,-0.25089107997418486,-0.6283185307179586,-1.0701049976290233,2.14,2.85,7.72,1.381,0.937120258808136,0.0,0.0718742161989212,1.0,0.0,7.3,1.32,True,True,False
2.9860177040100098,forward_005,0.9860177040100098,0.05,0.0,0.0,-0.44833145160604343,-1.3406310316881445,-1.5555246958399462,2.37,-6.15,1.49,1.074,0.9162704944610596,0.0,0.08231564797461033,1.0,0.0,7.3,1.32,True,True,False
3.006389617919922,forward_005,1.0063896179199219,0.05,0.0,0.0,-0.5225079448158024,-1.215185491701052,-1.10501158266891,0.65,-1.6500000000000001,1.79,1.304,0.9566599130630493,0.07142857142857142,0.08724720403552055,1.0,0.0,7.3,1.32,True,True,False
3.02677321434021,forward_005,1.02677321434021,0.05,0.0,0.0,-0.6261368691529657,-1.6013395887047974,0.21380283336930536,0.38,2.74,7.75,1.6110000000000002,0.9157470464706421,0.0,0.05284390598535538,1.0,0.0,7.3,1.32,True,True,False
3.0472991466522217,forward_005,1.0472991466522217,0.05,0.0,0.0,-0.954476934684399,-1.4311699866353502,0.21707532571679475,-1.1,3.56,7.9,1.458,0.9107193350791931,0.0,0.030400583520531654,1.0,0.0,7.3,1.32,True,True,False
3.067668914794922,forward_005,1.0676689147949219,0.05,0.0,0.0,-0.806123948264881,-1.509709802975095,0.028361600344907856,1.0,3.54,8.4,1.688,0.8757954835891724,0.0,0.03491345793008804,1.0,0.0,7.6,0.12300000000000001,True,True,False
3.0885941982269287,forward_005,1.0885941982269287,0.05,0.0,0.0,-0.6435901616729091,-1.7409659288643438,0.05235987755982989,1.95,0.14,9.14,1.534,0.8127490878105164,0.0,0.06166452914476395,1.0,1.0,7.6,0.12300000000000001,True,True,False
3.108981132507324,forward_005,1.1089811325073242,0.05,0.0,0.0,-0.7603090554000298,-1.0450158896316049,0.14180800172453928,-0.72,2.92,7.72,1.765,0.8916093707084656,0.0,0.09502056241035461,1.0,1.0,7.6,0.12300000000000001,True,True,False
3.1293654441833496,forward_005,1.1293654441833496,0.05,0.0,0.0,-0.9075712110370514,-0.8083056098298739,-0.38069994309126315,-0.72,2.92,7.72,0.844,0.9416360259056091,0.0,0.08843594416975975,1.0,1.0,7.6,0.12300000000000001,True,True,False
3.149752140045166,forward_005,1.149752140045166,0.05,0.0,0.0,-1.074468320759009,-0.3763366199612773,-0.48651052899341934,-0.72,2.92,7.72,0.537,0.9184842109680176,0.0,0.06540933717042208,0.0,1.0,7.6,0.12300000000000001,True,True,False
3.1702334880828857,forward_005,1.1702334880828857,0.05,0.0,0.0,-0.7766715171374766,-0.46796640569097964,-0.2552544031041707,-0.72,2.92,7.72,0.844,0.9415234327316284,0.0,0.043315266259014606,0.0,1.0,7.6,0.12300000000000001,True,True,False
3.190599203109741,forward_005,1.1905992031097412,0.05,0.0,0.0,-0.24980024919168842,-0.6741334235828098,0.0272707695624114,4.58,-7.8,9.61,1.381,0.9646981358528137,0.07142857142857142,0.12232150509953499,0.0,1.0,7.6,0.12300000000000001,True,True,False
3.210988759994507,forward_005,1.2109887599945068,0.05,0.0,0.0,0.10253809355466686,-0.2945243112740431,0.6065019150680295,4.5200000000000005,-1.86,8.59,1.381,0.9114553332328796,0.0,0.07592079415917397,1.0,1.0,7.6,0.12300000000000001,True,True,False
3.2313804626464844,forward_005,1.2313804626464844,0.05,0.0,0.0,0.7374016089676042,-0.08508480103472356,0.22580197197676638,2.62,1.0,7.16,0.9210000000000002,0.9332417249679565,0.0,0.03693808242678642,1.0,1.0,7.6,0.12300000000000001,True,True,False
3.2517449855804443,forward_005,1.2517449855804443,0.05,0.0,0.0,1.1802789066611654,0.013089969389957472,0.08726646259971647,2.62,1.0,7.16,0.844,0.9484495520591736,0.0,0.04530176147818565,0.0,1.0,7.6,0.12300000000000001,True,True,False
3.2721409797668457,forward_005,1.2721409797668457,0.05,0.0,0.0,0.6752242543653062,0.25416357232167425,-0.016362461737446838,5.2700000000000005,-1.62,9.34,0.767,0.9727655053138733,0.07142857142857142,0.07448315247893333,1.0,1.0,7.6,0.135,True,True,False
3.2925336360931396,forward_005,1.2925336360931396,0.05,0.0,0.0,0.12871803233458182,-0.10362892433716332,-0.6981317007977318,4.64,0.47000000000000003,7.73,0.767,0.9897301197052002,0.21428571428571427,0.04141279309988022,1.0,1.0,7.6,0.135,True,True,False
3.31290340423584,forward_005,1.3129034042358398,0.05,0.0,0.0,0.04690572364734761,-0.028361600344907856,-0.7603090554000298,4.7700000000000005,-0.24,6.34,0.9210000000000002,0.9892047047615051,0.21428571428571427,0.03196614794433117,1.0,1.0,7.6,0.135,True,True,False
3.333272695541382,forward_005,1.3332726955413818,0.05,0.0,0.0,0.09599310885968812,0.044724062082354694,-0.42215151282612845,4.0600000000000005,0.19,8.77,1.074,0.9896472692489624,0.14285714285714285,0.024677272420376532,1.0,1.0,7.6,0.135,True,True,False
3.3536977767944336,forward_005,1.3536977767944336,0.05,0.0,0.0,0.04690572364734761,0.2628902185816459,-0.5235987755982988,4.0600000000000005,0.19,8.77,1.074,0.9904377460479736,0.07142857142857142,0.0153081975877285,1.0,1.0,7.6,0.135,True,True,False
3.374171733856201,forward_005,1.3741717338562012,0.05,0.0,0.0,0.06326818538479445,0.19744037163185854,-0.5366887449882564,3.12,-0.55,9.18,0.844,0.9901366233825684,0.07142857142857142,0.01883440650999546,1.0,1.0,7.6,0.135,True,True,False
3.394556760787964,forward_005,1.3945567607879639,0.05,0.0,0.0,-0.032724923474893676,0.12871803233458182,-0.358883327441334,2.93,-0.8,6.87,0.614,0.9900795817375183,0.14285714285714285,0.02036220021545887,1.0,1.0,7.6,0.135,True,True,False
3.4150390625,forward_005,1.4150390625,0.05,0.0,0.0,-0.210530341021816,0.1407171709420428,-0.2279836335417593,2.95,-0.43,7.3,0.46,0.9902516603469849,0.14285714285714285,0.013309039175510406,1.0,1.0,7.6,0.135,True,True,False
3.43542742729187,forward_005,1.4354274272918701,0.05,0.0,0.0,-0.037088246604879506,0.3523383427463553,-0.07526732399225546,1.34,-0.4,9.33,0.537,0.9861049652099609,0.07142857142857142,0.06118855904787779,1.0,1.0,7.6,0.135,True,True,False
3.4558088779449463,forward_005,1.4558088779449463,0.05,0.0,0.0,-0.008726646259971648,0.6774059159302992,0.24980024919168842,1.34,-0.4,9.33,0.537,0.9811723828315735,0.07142857142857142,0.022242292761802673,1.0,1.0,7.6,0.135,True,True,False
3.476180076599121,forward_005,1.476180076599121,0.05,0.0,0.0,-0.13308135546456762,0.9522952731194061,0.3687008044838021,2.37,-0.09,8.55,0.307,0.9716010093688965,0.07142857142857142,0.01679808646440506,1.0,1.0,7.6,0.16200000000000003,True,True,False
3.496551752090454,forward_005,1.496551752090454,0.05,0.0,0.0,-0.30325095753401476,1.1355548445788106,0.28361600344907856,2.47,-0.92,9.64,0.6899999999999998,0.9564183354377747,0.07142857142857142,0.02411195868626237,1.0,1.0,7.6,0.16200000000000003,True,True,False
3.516922950744629,forward_005,1.516922950744629,0.05,0.0,0.0,-0.19634954084936207,1.299179461953279,0.4374231437810788,1.17,-0.81,9.03,0.844,0.9389979839324951,0.0,0.05785566754639149,1.0,1.0,7.6,0.16200000000000003,True,True,False
3.5374867916107178,forward_005,1.5374867916107178,0.05,0.0,0.0,-0.12217304763960307,1.5631605113174214,0.5126904677733343,0.11,-1.1500000000000001,9.75,0.9210000000000002,0.8857795000076294,0.0,0.04466564022004604,1.0,1.0,7.6,0.16200000000000003,True,True,False
3.557861566543579,forward_005,1.557861566543579,0.05,0.0,0.0,-0.04908738521234052,1.634064512179691,0.5246896063807953,0.68,-1.35,9.59,0.844,0.8569559454917908,0.0,0.02302098646759987,1.0,1.0,7.6,0.16200000000000003,True,True,False
3.578225612640381,forward_005,1.5782256126403809,0.05,0.0,0.0,-0.011999138607461015,1.5947946040098187,0.6021385919380436,0.29,-1.4000000000000001,9.21,0.9210000000000002,0.8376988768577576,0.0,0.017598645761609077,1.0,1.0,7.6,0.16200000000000003,True,True,False
3.5986037254333496,forward_005,1.5986037254333496,0.05,0.0,0.0,0.0272707695624114,1.5424347264499887,0.7341291166201148,-0.67,-0.55,8.2,0.9210000000000002,0.8507004380226135,0.0,0.02400941401720047,1.0,1.0,7.6,0.16200000000000003,True,True,False
3.6190974712371826,forward_005,1.6190974712371826,0.05,0.0,0.0,0.1265363707695889,1.3417218624706408,0.6872233929727672,-1.3800000000000001,-0.36,9.44,0.844,0.8816259503364563,0.0,0.028801873326301575,1.0,1.0,7.6,0.16200000000000003,True,True,False
3.6394801139831543,forward_005,1.6394801139831543,0.05,0.0,0.0,0.05890486225480862,1.2915436464758039,0.5094179754258449,-1.3800000000000001,-0.36,9.44,0.537,0.8649353384971619,0.0,0.026561114937067032,1.0,1.0,7.6,0.16200000000000003,True,True,False
3.659905195236206,forward_005,1.659905195236206,0.05,0.0,0.0,-0.1341721862470641,1.1093749057988957,0.13962634015954636,-2.65,-0.6900000000000001,8.81,0.614,0.8513307571411133,0.0,0.023356374353170395,1.0,1.0,7.6,0.16200000000000003,True,True,False
3.6802783012390137,forward_005,1.6802783012390137,0.05,0.0,0.0,-0.23452861823673804,0.7199483164476609,0.12762720155208535,-1.28,-0.99,8.25,0.844,0.9156429171562195,0.0,0.04031217843294144,1.0,1.0,7.5,0.507,True,True,False
3.7006587982177734,forward_005,1.7006587982177734,0.05,0.0,0.0,-0.28688849579656794,0.5312345910757741,0.21598449493429828,-2.15,-0.41000000000000003,7.1000000000000005,0.9210000000000002,0.908460259437561,0.0,0.015502894297242165,1.0,1.0,7.5,0.507,True,True,False
3.7210512161254883,forward_005,1.7210512161254883,0.05,0.0,0.0,-0.28034351110158917,0.4014257279586958,0.35124751196385884,-3.29,-1.24,6.94,1.151,0.9164366722106934,0.0,0.030955016613006592,1.0,1.0,7.5,0.507,True,True,False
3.7415287494659424,forward_005,1.7415287494659424,0.05,0.0,0.0,-0.3108867730114899,0.1538071403320003,0.4854196982109229,-2.2800000000000002,-0.84,8.07,0.9970000000000001,0.9277450442314148,0.0,0.022981518879532814,1.0,1.0,7.5,0.507,True,True,False
3.7619080543518066,forward_005,1.7619080543518066,0.05,0.0,0.0,-0.3119776037939864,0.022907446432425576,0.5759586531581288,-1.79,-1.0,8.2,0.6899999999999998,0.9264461398124695,0.0,0.03307815082371235,0.0,1.0,7.5,0.507,True,True,False
3.782395124435425,forward_005,1.7823951244354248,0.05,0.0,0.0,-0.11671889372712078,-0.06872233929727672,0.6348635154129374,-1.79,-1.0,8.2,0.46,0.9246695637702942,0.0,0.032535966485738754,0.0,1.0,7.5,0.507,True,True,False
3.8028552532196045,forward_005,1.8028552532196045,0.05,0.0,0.0,0.11235557059713497,-0.23125612588924865,0.17671458676442586,-1.79,-1.0,8.2,0.384,0.9344284534454346,0.0,0.03292299259919673,0.0,1.0,7.5,0.507,True,True,False
3.823223829269409,forward_005,1.8232238292694092,0.05,0.0,0.0,0.10144726277217041,-0.41015237421866746,-0.11235557059713497,0.41000000000000003,-1.6300000000000001,8.94,0.767,0.947760283946991,0.0,0.07697449997067451,0.0,1.0,7.5,0.507,True,True,False
3.8435885906219482,forward_005,1.8435885906219482,0.05,0.0,0.0,0.1505346479845109,-0.3741549583962844,-0.22143864884678055,-0.22,-1.26,7.63,0.844,0.9607797265052795,0.14285714285714285,0.04920225590467453,1.0,1.0,7.5,0.507,True,True,False
3.8640623092651367,forward_005,1.8640623092651367,0.05,0.0,0.0,0.27707101875409984,-0.28579766501407144,-0.35561083509384467,-0.5,-1.94,8.23,1.074,0.9710196256637573,0.14285714285714285,0.017358675599098206,1.0,1.0,7.5,0.507,True,True,False
3.884434700012207,forward_005,1.884434700012207,0.05,0.0,0.0,0.284706834231575,-0.2585268954516601,-0.2716168648416175,-0.01,-1.74,9.19,0.9970000000000001,0.971796989440918,0.14285714285714285,0.03152788430452347,1.0,1.0,7.6,0.35100000000000003,True,True,False
3.9048116207122803,forward_005,1.9048116207122803,0.05,0.0,0.0,0.2999784651865254,-0.210530341021816,-0.14180800172453928,-0.01,-1.74,9.19,0.9210000000000002,0.9717026948928833,0.14285714285714285,0.021340113133192062,1.0,1.0,7.6,0.35100000000000003,True,True,False
3.9252030849456787,forward_005,1.9252030849456787,0.05,0.0,0.0,0.5290529295107811,-0.3097959422289935,-0.2203478180642841,-0.01,-1.74,9.19,0.767,0.9783941507339478,0.14285714285714285,0.04221796989440918,1.0,1.0,7.6,0.35100000000000003,True,True,False
3.9455697536468506,forward_005,1.9455697536468506,0.05,0.0,0.0,0.5105088062083414,0.04145156973486533,-0.31306843457648287,-0.01,-1.74,9.19,0.6899999999999998,0.9703430533409119,0.07142857142857142,0.030675798654556274,1.0,1.0,7.6,0.35100000000000003,True,True,False
3.965972661972046,forward_005,1.965972661972046,0.05,0.0,0.0,0.5399612373357457,0.39924406639370286,-0.8486663487822428,-0.01,-1.74,9.19,0.6899999999999998,0.9580181241035461,0.07142857142857142,0.027937516570091248,1.0,1.0,7.6,0.35100000000000003,True,True,False
3.986354351043701,forward_005,1.9863543510437012,0.05,0.0,0.0,0.48432886742842646,0.3741549583962844,-1.2926344772583003,-0.01,-1.74,9.19,0.767,0.9650172591209412,0.07142857142857142,0.04078241437673569,1.0,1.0,7.6,0.35100000000000003,True,True,False
4.006720781326294,forward_005,2.006720781326294,0.05,0.0,0.0,0.32834006553143325,0.4690572364734761,-1.3504485087306124,-0.01,-1.74,9.19,0.9210000000000002,0.9657917618751526,0.07142857142857142,0.06955077312886715,1.0,1.0,7.6,0.35100000000000003,True,True,False
4.027091979980469,forward_005,2.0270919799804688,0.05,0.0,0.0,0.26725354171163174,0.3752457891787809,-1.141008998491293,-1.61,-1.51,9.57,0.767,0.9626073241233826,0.07142857142857142,0.07661841157823801,1.0,1.0,7.6,0.35100000000000003,True,True,False
4.047546625137329,forward_005,2.047546625137329,0.05,0.0,0.0,0.38724492778624187,0.3337942194439155,-0.8410305333047675,-1.93,-2.68,8.66,0.767,0.956122100353241,0.07142857142857142,0.03389097983017564,1.0,1.0,7.6,0.35100000000000003,True,True,False
4.067991018295288,forward_005,2.067991018295288,0.05,0.0,0.0,0.39269908169872414,0.3370667117914049,-0.19744037163185854,0.0,-1.56,6.7,1.074,0.9649865031242371,0.07142857142857142,0.04694937635213137,1.0,1.0,7.6,0.35100000000000003,True,True,False
4.0883564949035645,forward_005,2.0883564949035645,0.05,0.0,0.0,0.15817046346198613,0.3327033886614191,0.23889194136672387,-0.06,-1.94,6.57,1.688,0.9782351851463318,0.07142857142857142,0.06542847864329815,1.0,0.0,7.6,0.22099999999999997,True,True,False
4.1100757122039795,forward_005,2.1100757122039795,0.05,0.0,0.0,-0.2825251726665821,0.0,0.8072147790473774,-0.09,-1.87,8.040000000000001,1.688,0.9665675759315491,0.07142857142857142,0.029233030974864953,1.0,1.0,7.6,0.22099999999999997,True,True,False
4.130464792251587,forward_005,2.130464792251587,0.05,0.0,0.0,-0.8388488717397746,-0.04908738521234052,1.5991579271398044,-0.85,0.09,8.06,1.304,0.9652435779571533,0.14285714285714285,0.049764469265937805,1.0,1.0,7.6,0.22099999999999997,True,True,False
4.150852203369141,forward_005,2.1508522033691406,0.05,0.0,0.0,-1.174824752748683,-0.22362031041177347,1.4977106643676341,-0.85,0.09,8.06,0.9970000000000001,0.9769839644432068,0.14285714285714285,0.015329055488109589,1.0,1.0,7.6,0.22099999999999997,True,True,False
4.171223878860474,forward_005,2.1712238788604736,0.05,0.0,0.0,-0.9839293658118032,0.2617993877991494,0.7264933011426397,-0.85,0.09,8.06,0.767,0.9607677459716797,0.07142857142857142,0.05221451073884964,1.0,1.0,7.6,0.22099999999999997,True,True,False
4.191592693328857,forward_005,2.1915926933288574,0.05,0.0,0.0,-0.4723297288209654,0.8650288105196896,0.06872233929727672,-3.0,1.79,7.55,0.767,0.9070563912391663,0.0,0.09114896645769477,1.0,1.0,7.6,0.22099999999999997,True,True,False
4.212116718292236,forward_005,2.2121167182922363,0.05,0.0,0.0,-0.05672320068981571,0.5377795757707527,-0.7254024703601433,-0.51,0.59,9.49,0.844,0.939612090587616,0.0,0.040920869214460254,1.0,1.0,7.6,0.22099999999999997,True,True,False
4.232497930526733,forward_005,2.2324979305267334,0.05,0.0,0.0,-0.03599741582238305,0.6152285613280012,-1.299179461953279,2.44,-1.2,9.71,0.614,0.8881723880767822,0.0,0.08228196715936065,1.0,1.0,7.6,0.22099999999999997,True,True,False
4.252881765365601,forward_005,2.2528817653656006,0.05,0.0,0.0,-0.06326818538479445,0.6806784082777885,-1.0341075818066403,-1.34,-1.69,7.7,0.767,0.8911433219909668,0.0,0.033717331010848284,1.0,1.0,7.6,0.22099999999999997,True,True,False
4.27336573600769,forward_005,2.2733657360076904,0.05,0.0,0.0,-0.014180800172453928,0.4068798818711781,-0.6806784082777885,-1.34,-1.69,7.7,0.9210000000000002,0.9066091179847717,0.0,0.02096056193113327,1.0,1.0,7.6,0.22099999999999997,True,True,False
4.293856143951416,forward_005,2.293856143951416,0.05,0.0,0.0,0.004363323129985824,0.3687008044838021,0.2977968036215325,-1.56,-5.51,9.42,1.151,0.8761520981788635,0.0,0.05395027808845043,1.0,1.0,7.5,0.625,True,True,False
4.314235687255859,forward_005,2.3142356872558594,0.05,0.0,0.0,-0.0545415391248228,0.3948807432637171,1.090830782496456,-2.42,-2.61,8.120000000000001,0.767,0.836976170539856,0.0,0.0648302398622036,1.0,1.0,7.5,0.625,True,True,False
4.334614038467407,forward_005,2.3346140384674072,0.05,0.0,0.0,-0.23671027980173096,0.35015668118136234,1.119192382841364,-2.32,-2.0,9.6,0.537,0.79252690076828,0.0,0.09164227172732353,1.0,1.0,7.5,0.625,True,True,False
4.355095624923706,forward_005,2.355095624923706,0.05,0.0,0.0,-0.4341506514335895,0.3490658503988659,1.1202832136238603,-1.74,2.0100000000000002,8.6,1.151,0.8534148335456848,0.0,0.10190276708453894,1.0,1.0,7.5,0.625,True,True,False
4.375462532043457,forward_005,2.375462532043457,0.05,0.0,0.0,-0.3523383427463553,0.20725784867432664,0.7068583470577035,-3.5,3.24,8.48,1.458,0.9603115320205688,0.07142857142857142,0.06217252602800727,0.0,1.0,7.5,0.625,True,True,False
4.395836353302002,forward_005,2.395836353302002,0.05,0.0,0.0,-0.11999138607461016,-0.04908738521234052,-0.2007128639793479,-3.27,0.6900000000000001,8.57,1.6110000000000002,0.9651818871498108,0.07142857142857142,0.06378012779168785,0.0,1.0,7.5,0.625,True,True,False
4.416275262832642,forward_005,2.4162752628326416,0.05,0.0,0.0,0.07853981633974483,-0.19525871006686563,-0.7472190860100724,-3.2600000000000002,-0.15,8.55,2.378,0.8940640091896057,0.0,0.08869835920631886,0.0,1.0,7.5,0.625,True,True,False
4.436729431152344,forward_005,2.4367294311523438,0.05,0.0,0.0,0.35997415822383044,-0.37742745074377376,-0.8312130562622995,-2.33,-2.14,6.5600000000000005,1.995,0.9130855798721313,0.0,0.05360422842204571,0.0,1.0,7.5,0.625,True,True,False
4.457099914550781,forward_005,2.4570999145507812,0.05,0.0,0.0,1.0101093045917182,-0.753764070705051,-1.0057459814617324,-2.43,-3.18,7.96,1.534,0.9798508286476135,0.21428571428571427,0.07600991055369377,0.0,1.0,7.5,0.625,True,True,False
4.477485656738281,forward_005,2.4774856567382812,0.05,0.0,0.0,1.2140946609185554,-0.7155849933176751,-0.7417649320975901,-2.0300000000000002,-4.08,8.73,1.227,0.988236129283905,0.21428571428571427,0.06521936133503914,0.0,1.0,7.5,0.625,True,True,False
4.497844696044922,forward_005,2.497844696044922,0.05,0.0,0.0,1.2293662918735058,-0.8650288105196896,-0.3839724354387525,-1.55,-2.05,6.37,1.074,0.9909704923629761,0.14285714285714285,0.015821658074855804,1.0,1.0,7.4,0.967,True,True,False
4.518253803253174,forward_005,2.518253803253174,0.05,0.0,0.0,1.162825614141222,-0.9217520112095053,0.11671889372712078,-1.86,-2.42,6.0200000000000005,0.9970000000000001,0.9884611368179321,0.14285714285714285,0.02404506877064705,1.0,1.0,7.4,0.967,True,True,False
4.538627862930298,forward_005,2.538627862930298,0.05,0.0,0.0,1.2959069696057897,-0.770126532442498,0.5366887449882564,1.92,-1.12,8.88,0.9210000000000002,0.9663240909576416,0.07142857142857142,0.09946045093238354,1.0,0.0,7.4,0.967,True,True,False
4.559091091156006,forward_005,2.559091091156006,0.05,0.0,0.0,-0.26616271092913524,-0.038179077387375956,0.6283185307179586,1.92,-1.12,8.88,1.227,0.9757131338119507,0.07142857142857142,0.08824600651860237,1.0,1.0,7.4,0.967,True,True,False
4.5794737339019775,forward_005,2.5794737339019775,0.05,0.0,0.0,-0.5170537909033202,-0.6261368691529657,-0.12762720155208535,-0.24,8.13,5.97,1.151,0.9816274046897888,0.07142857142857142,0.06409871205687523,1.0,1.0,7.4,0.967,True,True,False
4.599843978881836,forward_005,2.599843978881836,0.05,0.0,0.0,-0.6915867161027531,-0.46469391334349025,-0.866119641302186,-1.76,-2.23,5.86,0.9970000000000001,0.9839800000190735,0.14285714285714285,0.06387102883309126,1.0,1.0,7.4,0.967,True,True,False
4.620274782180786,forward_005,2.620274782180786,0.05,0.0,0.0,-0.5748678223756323,-0.18653206380689397,-0.30870511144649704,-1.34,-2.44,7.16,0.6899999999999998,0.9826189279556274,0.21428571428571427,0.036501262336969376,1.0,0.0,7.4,0.967,True,True,False
4.640645503997803,forward_005,2.6406455039978027,0.05,0.0,0.0,-0.33488505022641196,-0.4363323129985824,0.01090830782496456,-3.0100000000000002,2.48,8.9,0.6899999999999998,0.9815227389335632,0.21428571428571427,0.028169598430395126,1.0,0.0,7.4,0.967,True,True,False
4.661022663116455,forward_005,2.661022663116455,0.05,0.0,0.0,-0.17016960206944712,-0.3883357585687383,-0.26398104936414235,1.68,-1.83,7.55,1.151,0.9706014394760132,0.14285714285714285,0.07618105411529541,1.0,0.0,7.4,0.967,True,True,False
4.681398153305054,forward_005,2.6813981533050537,0.05,0.0,0.0,-0.16144295580947549,-0.3839724354387525,0.2716168648416175,1.68,-1.83,7.55,1.381,0.979458212852478,0.14285714285714285,0.07472894340753555,1.0,1.0,7.4,0.967,True,True,False
4.70176100730896,forward_005,2.70176100730896,0.05,0.0,0.0,-0.49414634447089456,-0.38069994309126315,0.5050546522958591,1.78,1.76,9.35,1.458,0.9758386611938477,0.14285714285714285,0.02381737530231476,1.0,1.0,7.6,0.135,True,True,False
4.722151279449463,forward_005,2.722151279449463,0.05,0.0,0.0,-0.868301302867179,-0.3665191429188092,0.3141592653589793,-0.28,2.84,8.540000000000001,0.537,0.9835959672927856,0.14285714285714285,0.038018375635147095,1.0,1.0,7.6,0.135,True,True,False
4.742530584335327,forward_005,2.742530584335327,0.05,0.0,0.0,-0.9217520112095053,-0.25089107997418486,0.009817477042468103,-0.28,2.84,8.540000000000001,0.614,0.9824821949005127,0.14285714285714285,0.010443806648254395,1.0,1.0,7.6,0.135,True,True,False
4.763231515884399,forward_005,2.7632315158843994,0.05,0.0,0.0,-0.6010477611555473,0.015271630954950384,-0.358883327441334,-0.28,2.84,8.540000000000001,0.384,0.9772290587425232,0.14285714285714285,0.04038076102733612,1.0,1.0,7.6,0.135,True,True,False
4.783590078353882,forward_005,2.783590078353882,0.05,0.0,0.0,-0.3839724354387525,0.11126473981463851,-0.6752242543653062,0.9,-2.58,7.94,0.307,0.9712954163551331,0.14285714285714285,0.0334126241505146,1.0,1.0,7.6,0.135,True,True,False
4.803958892822266,forward_005,2.8039588928222656,0.05,0.0,0.0,-0.2585268954516601,0.4276056667386107,-0.6828600698427815,0.9,-2.58,7.94,0.614,0.9560186266899109,0.07142857142857142,0.03887055069208145,1.0,1.0,7.6,0.135,True,True,False
4.824329853057861,forward_005,2.8243298530578613,0.05,0.0,0.0,-0.09926560120717749,0.5345070834232635,-0.6632251157578453,1.23,-2.75,9.24,0.46,0.9423739314079285,0.0,0.018290167674422264,1.0,1.0,7.6,0.135,True,True,False
4.844700336456299,forward_005,2.844700336456299,0.05,0.0,0.0,0.06872233929727672,0.5508695451607103,-0.3981532356112064,-1.04,-3.7600000000000002,9.48,0.6899999999999998,0.9410744905471802,0.0,0.026718187145888805,1.0,1.0,7.6,0.135,True,True,False
4.865133047103882,forward_005,2.865133047103882,0.05,0.0,0.0,0.08399397025222712,0.8868454261696187,0.12435470920459599,-1.04,-3.7600000000000002,9.48,0.9210000000000002,0.844262957572937,0.0,0.07609712705016136,1.0,1.0,7.6,0.135,True,True,False
4.885519742965698,forward_005,2.8855197429656982,0.05,0.0,0.0,0.20289452554434081,0.9773843811168246,0.5726861608106394,-1.58,-2.2800000000000002,8.52,0.767,0.771557629108429,0.0,0.09051002655178308,1.0,1.0,7.6,0.135,True,True,False
4.905885457992554,forward_005,2.9058854579925537,0.05,0.0,0.0,0.20289452554434081,0.9773843811168246,0.5726861608106394,-0.66,-2.2600000000000002,8.56,0.537,0.6648969054222107,0.0,0.08476136391982436,1.0,1.0,7.3,1.346,True,True,False
4.926255226135254,forward_005,2.926255226135254,0.05,0.0,0.0,0.23234695667174513,0.9599310885968813,0.8792096106921435,-1.79,-1.3900000000000001,9.370000000000001,1.074,0.9595804810523987,0.07142857142857142,0.15026577934622765,1.0,1.0,7.3,1.346,True,True,False
4.946625471115112,forward_005,2.9466254711151123,0.05,0.0,0.0,-0.00545415391248228,0.9032078879070655,0.4406956361285682,-3.72,-0.34,8.71,1.765,0.9529170989990234,0.07142857142857142,0.08403794094920158,0.0,1.0,7.3,1.346,True,True,False
4.9671032428741455,forward_005,2.9671032428741455,0.05,0.0,0.0,-0.19198621771937624,0.770126532442498,0.03490658503988659,-2.67,1.68,8.14,1.765,0.7644432783126831,0.0,0.07478601345792413,0.0,1.0,7.3,1.346,True,True,False
4.987581014633179,forward_005,2.9875810146331787,0.05,0.0,0.0,-0.07417649320975901,0.2552544031041707,-0.14835298641951802,-3.59,-1.3800000000000001,7.28,2.302,0.7681369185447693,0.0,0.06557535100728273,0.0,1.0,7.3,1.346,True,True,False
5.007951974868774,forward_005,3.0079519748687744,0.05,0.0,0.0,0.3839724354387525,-0.16471544815696484,-0.19962203319685143,-2.87,-0.22,8.52,2.148,0.8130639791488647,0.0,0.09140742942690849,0.0,1.0,7.3,1.346,True,True,False
5.028324127197266,forward_005,3.0283241271972656,0.05,0.0,0.0,0.9326603190344699,-0.49632800603588745,-0.6992225315802283,-2.87,-0.22,8.52,1.227,0.8444947600364685,0.0,0.10197554714977741,0.0,1.0,7.3,1.346,True,True,False
5.048702239990234,forward_005,3.0487022399902344,0.05,0.0,0.0,0.830122225479803,-0.755945732270044,-0.7384924397501007,1.02,-5.74,8.23,0.767,0.904137372970581,0.0,0.11641991510987282,0.0,1.0,7.3,1.346,True,True,False
5.0690834522247314,forward_005,3.0690834522247314,0.05,0.0,0.0,0.9457502884244273,-1.0122909661567112,0.03381575425739013,-0.11,-3.5500000000000003,6.9,1.074,0.6912434697151184,0.0,0.07904277741909027,0.0,0.0,7.3,1.346,True,True,False
5.089568138122559,forward_005,3.0895681381225586,0.05,0.0,0.0,0.9293878266869805,-1.0493792127615906,0.18544123302439752,-1.11,-1.71,6.62,2.071,0.864690363407135,0.0,0.05733152013272047,1.0,0.0,7.3,1.346,True,True,False
5.1099324226379395,forward_005,3.1099324226379395,0.05,0.0,0.0,1.0122909661567112,-0.48323803664593,0.4690572364734761,-0.41000000000000003,0.48,5.0600000000000005,1.151,0.9358761310577393,0.0,0.06799673149362206,1.0,0.0,7.5,0.6410000000000002,True,True,False
5.130916595458984,forward_005,3.1309165954589844,0.05,0.0,0.0,0.6130468997630083,0.011999138607461015,0.8050331174823845,0.63,-0.06,1.06,0.9970000000000001,0.9543799757957458,0.07142857142857142,0.04026470798999071,1.0,0.0,7.5,0.6410000000000002,True,True,False
5.1513001918792725,forward_005,3.1513001918792725,0.05,0.0,0.0,0.10253809355466686,0.24325526449670967,-0.07308566242726255,0.63,-0.06,1.06,1.304,0.9763004779815674,0.07142857142857142,0.14918971434235573,1.0,1.0,7.5,0.6410000000000002,True,True,False
5.1716814041137695,forward_005,3.1716814041137695,0.05,0.0,0.0,-0.5235987755982988,0.6272276999354622,-0.15926129424448257,0.63,-0.06,1.06,1.6110000000000002,0.9481545090675354,0.0,0.10222967341542244,1.0,1.0,7.5,0.6410000000000002,True,True,False
5.192140817642212,forward_005,3.192140817642212,0.05,0.0,0.0,-0.5661411761156606,0.4526947747360292,-0.8366672101747817,0.63,-0.06,1.06,0.9210000000000002,0.8985182642936707,0.0,0.08514351397752762,0.0,1.0,7.5,0.6410000000000002,True,True,False
5.212509870529175,forward_005,3.212509870529175,0.05,0.0,0.0,-0.33815754257390135,1.0853766285839737,-0.9850201965942997,-2.2800000000000002,-2.75,7.3100000000000005,0.9210000000000002,0.8856037259101868,0.0,0.07027418166399002,1.0,1.0,7.5,0.6410000000000002,True,True,False
5.232985258102417,forward_005,3.232985258102417,0.05,0.0,0.0,-0.09272061651219876,0.5410520681182421,-0.3785182815262702,-3.04,-2.0300000000000002,5.53,1.458,0.8901962041854858,0.0,0.05212006717920303,1.0,0.0,7.5,0.6410000000000002,True,True,False
5.253361225128174,forward_005,3.253361225128174,0.05,0.0,0.0,-0.0545415391248228,0.44724062082354693,-0.1090830782496456,1.34,-2.25,6.87,1.995,0.9133668541908264,0.0,0.08191592432558537,1.0,0.0,7.5,0.6410000000000002,True,True,False
5.273745775222778,forward_005,3.2737457752227783,0.05,0.0,0.0,-0.4079707126536745,0.4461497900410505,0.4145156973486533,1.34,-2.25,6.87,1.6110000000000002,0.927623987197876,0.0,0.057583581656217575,1.0,0.0,7.5,0.6410000000000002,True,True,False
5.29412055015564,forward_005,3.2941205501556396,0.05,0.0,0.0,-0.8803004414746399,0.43524148221608594,0.6861325621902709,-4.72,2.69,7.13,1.918,0.9250443577766418,0.0,0.06703684851527214,1.0,0.0,7.5,0.6410000000000002,True,True,False
5.314519166946411,forward_005,3.314519166946411,0.05,0.0,0.0,-1.3755376167280309,-0.5214171140333059,0.210530341021816,-4.72,2.69,7.13,1.074,0.9763703942298889,0.07142857142857142,0.07890653610229492,1.0,1.0,7.5,0.49899999999999994,True,True,False
5.334927558898926,forward_005,3.334927558898926,0.05,0.0,0.0,-1.8653206380689398,-0.5639595145506677,-0.27052603405912107,-1.3,2.59,7.5,0.6899999999999998,0.9327840209007263,0.0,0.0609973706305027,0.0,1.0,7.5,0.49899999999999994,True,True,False
5.35531210899353,forward_005,3.3553121089935303,0.05,0.0,0.0,-1.836959037724032,-0.8181230868723419,-0.7886706557449377,-1.3,2.59,7.5,0.767,0.9406747221946716,0.0,0.028477728366851807,0.0,1.0,7.5,0.49899999999999994,True,True,False
5.375789642333984,forward_005,3.3757896423339844,0.05,0.0,0.0,-0.49414634447089456,-0.008726646259971648,-1.189005552921137,-1.83,-4.63,7.38,0.767,0.9275199174880981,0.0,0.0649325642734766,0.0,1.0,7.5,0.49899999999999994,True,True,False
5.396233081817627,forward_005,3.396233081817627,0.05,0.0,0.0,0.21598449493429828,-0.008726646259971648,-0.56941366846315,-1.68,-6.46,6.94,0.6899999999999998,0.9544581770896912,0.07142857142857142,0.0332244117744267,0.0,1.0,7.5,0.49899999999999994,True,True,False
5.416714429855347,forward_005,3.4167144298553467,0.05,0.0,0.0,0.4603305902135044,0.14508049407202864,-0.6784967467127956,-0.88,-2.84,9.0,1.074,0.9294705390930176,0.0,0.02266424149274826,0.0,1.0,7.5,0.49899999999999994,True,True,False
5.43709135055542,forward_005,3.43709135055542,0.05,0.0,0.0,0.5388704065532492,0.5181446216858165,-0.6883142237552637,-0.23,-1.8800000000000001,9.69,0.614,0.8826829195022583,0.0,0.04369772970676422,0.0,1.0,7.5,0.49899999999999994,True,True,False
5.457483768463135,forward_005,3.4574837684631348,0.05,0.0,0.0,0.4636030825609938,0.545415391248228,-0.4701480672559725,-1.44,-4.82,7.38,0.307,0.9163582921028137,0.0,0.07587685948237777,0.0,1.0,7.5,0.49899999999999994,True,True,False
5.477860450744629,forward_005,3.477860450744629,0.05,0.0,0.0,0.42215151282612845,0.49632800603588745,-0.2585268954516601,-0.27,-0.52,8.96,0.384,0.9505427479743958,0.07142857142857142,0.03953123325482011,0.0,1.0,7.5,0.49899999999999994,True,True,False
5.498587131500244,forward_005,3.498587131500244,0.05,0.0,0.0,0.40578905108868163,0.5508695451607103,-0.42215151282612845,-0.27,-0.52,8.96,0.9210000000000002,0.9431425929069519,0.0,0.0534822940826416,0.0,1.0,7.5,0.49899999999999994,True,True,False
5.518951416015625,forward_005,3.518951416015625,0.05,0.0,0.0,0.24216443371421323,0.4930555136883981,-0.08508480103472356,-0.27,-0.52,8.96,1.381,0.779563844203949,0.0,0.0949601149186492,0.0,1.0,7.4,0.767,True,True,False
5.539309740066528,forward_005,3.5393097400665283,0.05,0.0,0.0,0.05345070834232634,0.3436116964863836,0.026179938779914945,-0.27,-0.52,8.96,1.6110000000000002,0.7940261363983154,0.0,0.11113709397614002,1.0,1.0,7.4,0.767,True,True,False
5.559693336486816,forward_005,3.5596933364868164,0.05,0.0,0.0,-0.4690572364734761,0.031634092692397225,0.11344640137963143,-3.46,-0.59,8.27,0.9970000000000001,0.8958026766777039,0.0,0.052649540826678276,0.0,1.0,7.4,0.767,True,True,False
5.5801262855529785,forward_005,3.5801262855529785,0.05,0.0,0.0,-0.6501351463678877,-0.19962203319685143,0.3294308963139297,-3.38,-1.35,8.52,1.688,0.8689285516738892,0.0,0.03463076613843441,0.0,1.0,7.4,0.767,True,True,False
5.600591421127319,forward_005,3.6005914211273193,0.05,0.0,0.0,-0.17671458676442586,-0.4886921905584123,0.5421428989007386,-2.42,1.45,4.97,2.225,0.9594006538391113,0.07142857142857142,0.07959258928894997,0.0,1.0,7.4,0.767,True,True,False
5.620959520339966,forward_005,3.620959520339966,0.05,0.0,0.0,0.34143003492139073,-0.6010477611555473,0.23234695667174513,-1.68,-2.15,7.29,1.765,0.9523658752441406,0.07142857142857142,0.08631201460957527,0.0,1.0,7.4,0.767,True,True,False
5.641333341598511,forward_005,3.6413333415985107,0.05,0.0,0.0,0.5323254218582705,-0.42978732830360367,0.011999138607461015,-1.68,-2.15,7.29,2.225,0.9667109251022339,0.07142857142857142,0.05882510030642152,0.0,1.0,7.4,0.767,True,True,False
5.661723613739014,forward_005,3.6617236137390137,0.05,0.0,0.0,0.8508480103472357,-0.605411084285533,-0.25089107997418486,-0.65,-1.08,7.26,1.841,0.9566713571548462,0.07142857142857142,0.06229996122419834,0.0,1.0,7.4,0.767,True,True,False
5.682096004486084,forward_005,3.682096004486084,0.05,0.0,0.0,1.2893619849108109,-0.7406741013150936,-0.21925698728178766,-0.6900000000000001,-2.5300000000000002,7.65,1.458,0.9450886249542236,0.0,0.07895533926784992,1.0,1.0,7.4,0.767,True,True,False
5.702462673187256,forward_005,3.702462673187256,0.05,0.0,0.0,1.5282539262775348,-0.856302164259718,-0.09490227807719166,-0.9400000000000001,-2.94,8.41,1.151,0.9591023921966553,0.07142857142857142,0.052823279052972794,1.0,1.0,7.4,0.767,True,True,False
5.722850799560547,forward_005,3.722850799560547,0.05,0.0,0.0,1.5184364492350666,-1.1464631524037752,0.09490227807719166,1.23,-2.92,9.64,1.304,0.9630740880966187,0.07142857142857142,0.05889716371893883,1.0,0.0,7.6,0.19000000000000003,True,True,False
5.7432215213775635,forward_005,3.7432215213775635,0.05,0.0,0.0,-0.016362461737446838,-0.5912302841130791,-0.025089107997418487,1.23,-2.92,9.64,1.6110000000000002,0.9713519811630249,0.07142857142857142,0.07221866026520729,1.0,0.0,7.6,0.19000000000000003,True,True,False
5.763588905334473,forward_005,3.7635889053344727,0.05,0.0,0.0,-0.543233729683235,-1.0570150282390658,-0.24980024919168842,-1.11,2.9,3.02,1.304,0.9789473414421082,0.21428571428571427,0.05508855730295181,1.0,0.0,7.6,0.19000000000000003,True,True,False
5.784034013748169,forward_005,3.784034013748169,0.05,0.0,0.0,-0.5835944686356039,-0.9392053037294485,0.018544123302439753,0.9,1.95,6.8100000000000005,1.227,0.9723434448242188,0.14285714285714285,0.04368948936462402,1.0,0.0,7.6,0.19000000000000003,True,True,False
5.804398536682129,forward_005,3.804398536682129,0.05,0.0,0.0,-0.5355979142057599,-0.6479534848028948,0.27707101875409984,-0.98,-1.51,6.58,1.381,0.9861540198326111,0.21428571428571427,0.06308908201754093,1.0,1.0,7.6,0.19000000000000003,True,True,False
5.824761152267456,forward_005,3.824761152267456,0.05,0.0,0.0,-0.8552113334772214,-0.8552113334772214,0.5912302841130791,-0.3,1.67,7.73,1.6110000000000002,0.9833418726921082,0.14285714285714285,0.04676639474928379,1.0,1.0,7.6,0.19000000000000003,True,True,False
5.845133066177368,forward_005,3.845133066177368,0.05,0.0,0.0,-0.964294411726867,-0.7657632093125121,0.3937899124812206,-0.19,3.56,9.74,0.9970000000000001,0.9851841330528259,0.21428571428571427,0.011799633502960205,1.0,1.0,7.6,0.19000000000000003,True,True,False
5.865499496459961,forward_005,3.865499496459961,0.05,0.0,0.0,-0.7592182246175333,-0.5715953300281429,-0.009817477042468103,-0.19,3.56,9.74,0.614,0.9862003922462463,0.14285714285714285,0.020619716495275497,1.0,1.0,7.6,0.19000000000000003,True,True,False
5.885975360870361,forward_005,3.8859753608703613,0.05,0.0,0.0,-0.4068798818711781,-0.07853981633974483,-0.2716168648416175,-0.19,3.56,9.74,0.46,0.9804683327674866,0.14285714285714285,0.02984042325988412,1.0,1.0,7.6,0.19000000000000003,True,True,False
5.906356334686279,forward_005,3.9063563346862793,0.05,0.0,0.0,-0.2476185876266955,0.10144726277217041,-0.25634523388666713,-2.94,-2.58,8.61,0.46,0.9837139844894409,0.2857142857142857,0.08245447464287281,1.0,1.0,7.6,0.19000000000000003,True,True,False
5.926727056503296,forward_005,3.926727056503296,0.05,0.0,0.0,0.06544984694978735,0.3937899124812206,-0.11671889372712078,-2.94,-2.58,8.61,0.307,0.9770042896270752,0.07142857142857142,0.04372924938797951,1.0,1.0,7.5,0.35600000000000004,True,True,False
5.9471447467803955,forward_005,3.9471447467803955,0.05,0.0,0.0,0.15926129424448257,0.4756022211684548,-0.16035212502697901,1.25,-2.96,6.67,0.844,0.9537975788116455,0.07142857142857142,0.0514344722032547,1.0,1.0,7.5,0.35600000000000004,True,True,False
5.967622756958008,forward_005,3.967622756958008,0.05,0.0,0.0,0.18762289458939044,0.5017821599483697,0.07526732399225546,0.4,-2.43,8.15,1.458,0.9472032785415649,0.0,0.04187505878508091,1.0,1.0,7.5,0.35600000000000004,True,True,False
5.988065242767334,forward_005,3.988065242767334,0.05,0.0,0.0,-0.015271630954950384,0.6686792696703275,0.24107360293171676,0.4,-2.43,8.15,1.074,0.903876543045044,0.0,0.05355611443519592,1.0,1.0,7.5,0.35600000000000004,True,True,False
6.008533000946045,forward_005,4.008533000946045,0.05,0.0,0.0,0.03381575425739013,1.1224648751888533,0.7014041931452212,0.4,-2.43,8.15,0.6899999999999998,0.7485578060150146,0.0,0.10964614525437355,1.0,1.0,7.5,0.35600000000000004,True,True,False
6.02889347076416,forward_005,4.02889347076416,0.05,0.0,0.0,0.1832595714594046,1.0635600129340446,1.124646536753846,0.4,-2.43,8.15,0.844,0.7419771552085876,0.0,0.09046599641442299,1.0,1.0,7.5,0.35600000000000004,True,True,False
6.04936671257019,forward_005,4.04936671257019,0.05,0.0,0.0,0.18871372537188688,1.0253809355466685,1.2762720155208536,-0.5700000000000001,0.71,8.3,1.381,0.8982449769973755,0.0,0.10265124216675758,1.0,1.0,7.5,0.35600000000000004,True,True,False
6.0697503089904785,forward_005,4.0697503089904785,0.05,0.0,0.0,0.19416787928436915,0.8279405639148101,1.0962849364089382,-0.5700000000000001,0.71,8.3,1.381,0.9170719981193542,0.0,0.05080670677125454,1.0,1.0,7.5,0.35600000000000004,True,True,False
6.090127944946289,forward_005,4.090127944946289,0.05,0.0,0.0,0.011999138607461015,1.1082840750163994,0.3643374813538163,-3.86,-0.41000000000000003,8.32,2.148,0.8420116901397705,0.0,0.08902982249855995,0.0,1.0,7.5,0.35600000000000004,True,True,False
6.11049485206604,forward_005,4.11049485206604,0.05,0.0,0.0,-0.07417649320975901,0.7995789635699022,-0.2650718801466388,-4.36,-0.33,7.95,2.225,0.7404026389122009,0.0,0.08468086831271648,0.0,1.0,7.5,0.35600000000000004,True,True,False
6.130861282348633,forward_005,4.130861282348633,0.05,0.0,0.0,0.4079707126536745,0.3392483733563978,-0.5770494839406252,-3.74,-1.99,8.58,2.148,0.7283732295036316,0.0,0.06677327118813992,0.0,1.0,7.2,1.701,True,True,False
6.1514575481414795,forward_005,4.1514575481414795,0.05,0.0,0.0,1.0602875205865552,-0.14944381720201447,-1.0995574287564276,-3.74,-1.99,8.58,1.381,0.7790619134902954,0.0,0.09356840327382088,0.0,1.0,7.2,1.701,True,True,False
6.171890020370483,forward_005,4.171890020370483,0.05,0.0,0.0,0.9850201965942997,-0.7232208087951503,-0.681769239060285,-0.6,-4.57,4.23,1.381,0.8310751914978027,0.0,0.09385559894144535,0.0,1.0,7.2,1.701,True,True,False
6.192282438278198,forward_005,4.192282438278198,0.05,0.0,0.0,0.9555677654668955,-1.1420998292737894,0.10471975511965978,-1.82,-0.56,8.17,1.534,0.6235373020172119,0.0,0.07123539410531521,0.0,0.0,7.2,1.701,True,True,False
6.212649583816528,forward_005,4.212649583816528,0.05,0.0,0.0,1.0417433972841155,-1.066832505281534,0.5726861608106394,-2.44,-2.8000000000000003,6.49,2.302,0.8739371299743652,0.0,0.08595561236143112,1.0,0.0,7.2,1.701,True,True,False
6.23306131362915,forward_005,4.23306131362915,0.05,0.0,0.0,0.8672104720846825,-0.6326818538479445,1.004655150679236,-1.95,-1.61,6.5200000000000005,1.227,0.9529705047607422,0.07142857142857142,0.1254066377878189,1.0,0.0,7.2,1.701,True,True,False
6.2534403800964355,forward_005,4.2534403800964355,0.05,0.0,0.0,0.5115996369908379,-0.34470252726888007,1.1388273369263,-1.95,-1.61,6.5200000000000005,0.9210000000000002,0.9669492840766907,0.07142857142857142,0.028514232486486435,1.0,0.0,7.2,1.701,True,True,False
6.27380895614624,forward_005,4.27380895614624,0.05,0.0,0.0,-0.6795875774952921,0.04254240051736178,0.2530727415391778,-1.95,-1.61,6.5200000000000005,1.381,0.9453741908073425,0.0,0.08322950080037117,1.0,1.0,7.2,1.701,True,True,False
6.294283628463745,forward_005,4.294283628463745,0.05,0.0,0.0,-0.8519388411297321,-0.15926129424448257,-0.4014257279586958,-1.95,-1.61,6.5200000000000005,1.765,0.9541627168655396,0.07142857142857142,0.14094983413815498,1.0,1.0,7.2,1.701,True,True,False
6.31497597694397,forward_005,4.31497597694397,0.05,0.0,0.0,-1.1235557059713497,0.30543261909900765,-0.559596191420682,0.77,2.67,8.06,0.9970000000000001,0.9002924561500549,0.0,0.17906532809138298,1.0,1.0,7.2,1.701,True,True,False
6.335351943969727,forward_005,4.335351943969727,0.05,0.0,0.0,-0.7024950239277177,0.5726861608106394,-0.23125612588924865,-3.95,-3.46,9.01,0.46,0.9235627055168152,0.0,0.06965505285188556,1.0,1.0,7.3,1.122,True,True,False
6.355910062789917,forward_005,4.355910062789917,0.05,0.0,0.0,-0.09053895494720585,0.1505346479845109,-0.055632369907319255,-3.59,0.89,7.33,1.227,0.9338916540145874,0.0,0.08176320232450962,1.0,0.0,7.3,1.122,True,True,False
6.376279592514038,forward_005,4.376279592514038,0.05,0.0,0.0,0.1832595714594046,-0.019634954084936207,-0.23889194136672387,0.17,1.24,6.38,1.688,0.9386658668518066,0.0,0.0540165938436985,1.0,0.0,7.3,1.122,True,True,False
6.396663427352905,forward_005,4.396663427352905,0.05,0.0,0.0,-0.2814343418840856,-0.04799655442984406,-0.1559888018969932,-1.34,-1.36,7.54,1.765,0.9447600245475769,0.0,0.039569735527038574,1.0,1.0,7.3,1.122,True,True,False
6.417137145996094,forward_005,4.417137145996094,0.05,0.0,0.0,-1.1999138607461015,-0.6457718232379019,0.29888763440402893,-1.34,-1.36,7.54,1.918,0.9552035927772522,0.07142857142857142,0.05875186808407307,1.0,1.0,7.3,1.122,True,True,False
6.4375083446502686,forward_005,4.4375083446502686,0.05,0.0,0.0,-1.6177020504422441,-0.6435901616729091,0.6872233929727672,-1.34,0.9,1.05,1.227,0.9590663909912109,0.07142857142857142,0.03174295648932457,0.0,1.0,7.3,1.122,True,True,False
6.457890033721924,forward_005,4.457890033721924,0.05,0.0,0.0,-1.844594853201507,-1.0177451200691934,0.2945243112740431,-1.34,0.9,1.05,0.614,0.9601759314537048,0.07142857142857142,0.044190993532538414,0.0,1.0,7.3,1.122,True,True,False
6.478264570236206,forward_005,4.478264570236206,0.05,0.0,0.0,-0.8017606251348951,0.6294093615004551,0.7155849933176751,-3.41,-2.36,5.72,0.767,0.7619249224662781,0.0,0.1278441697359085,0.0,1.0,7.3,1.122,True,True,False
6.498629093170166,forward_005,4.498629093170166,0.05,0.0,0.0,-0.032724923474893676,0.37306412761378793,1.2097313377885697,0.56,0.5,8.27,1.151,0.8975315690040588,0.0,0.07965438067913055,0.0,1.0,7.3,1.122,True,True,False
6.519014835357666,forward_005,4.519014835357666,0.05,0.0,0.0,0.657770961845363,0.5977752688080579,-0.21271200258680892,-1.25,-0.3,4.8,0.767,0.9118420481681824,0.0,0.08556583896279335,1.0,1.0,7.3,1.122,True,True,False
6.5393922328948975,forward_005,4.5393922328948975,0.05,0.0,0.0,0.7733990247899872,0.4243331743911214,-0.4799655442984406,0.43,-1.6400000000000001,8.81,0.844,0.9183224439620972,0.0,0.04385933838784695,1.0,1.0,7.3,0.9540000000000001,True,True,False
6.5597639083862305,forward_005,4.5597639083862305,0.05,0.0,0.0,0.6861325621902709,0.2923426497090502,-0.34797501961636945,0.43,-1.6400000000000001,8.81,0.46,0.9471036791801453,0.0,0.037032566498965025,1.0,1.0,7.3,0.9540000000000001,True,True,False
6.580313682556152,forward_005,4.580313682556152,0.05,0.0,0.0,0.38724492778624187,0.11017390903214205,-0.3981532356112064,0.43,-1.6400000000000001,8.81,0.6899999999999998,0.956247091293335,0.07142857142857142,0.03865449968725443,1.0,1.0,7.3,0.9540000000000001,True,True,False
6.600697040557861,forward_005,4.600697040557861,0.05,0.0,0.0,0.10471975511965978,0.7014041931452212,-0.6861325621902709,0.43,-1.6400000000000001,8.81,0.6899999999999998,0.8591699004173279,0.0,0.06424880772829056,1.0,1.0,7.3,0.9540000000000001,True,True,False
6.621074676513672,forward_005,4.621074676513672,0.05,0.0,0.0,-0.013089969389957472,0.6283185307179586,-0.5421428989007386,-3.5,-0.2,7.99,0.844,0.854144811630249,0.0,0.06891193613409996,1.0,1.0,7.3,0.9540000000000001,True,True,False
6.641445159912109,forward_005,4.641445159912109,0.05,0.0,0.0,-0.1341721862470641,0.3883357585687383,-0.1538071403320003,0.1,0.24,8.59,1.074,0.8781738877296448,0.0,0.09403849206864834,1.0,1.0,7.3,0.9540000000000001,True,True,False
6.661918640136719,forward_005,4.661918640136719,0.05,0.0,0.0,-0.2814343418840856,0.3436116964863836,-0.17671458676442586,-2.33,0.18,7.75,1.151,0.9314555525779724,0.0,0.05121249472722411,0.0,1.0,7.3,0.9540000000000001,True,True,False
6.682286262512207,forward_005,4.682286262512207,0.05,0.0,0.0,-0.2716168648416175,0.16907877128695067,-0.07963064712224129,-3.7,0.71,9.35,0.9970000000000001,0.9190813302993774,0.0,0.03289973735809326,0.0,1.0,7.3,0.9540000000000001,True,True,False
6.70277738571167,forward_005,4.70277738571167,0.05,0.0,0.0,-0.1505346479845109,-0.14726215563702155,-0.004363323129985824,-1.29,-2.61,8.46,1.6110000000000002,0.9193906784057617,0.0,0.05108658503741026,0.0,1.0,7.3,0.9540000000000001,True,True,False
6.723170042037964,forward_005,4.723170042037964,0.05,0.0,0.0,0.13962634015954636,-0.25634523388666713,0.19525871006686563,-1.5,-0.9400000000000001,6.15,1.765,0.9684336185455322,0.07142857142857142,0.06207456439733505,0.0,1.0,7.3,0.9540000000000001,True,True,False
6.743540525436401,forward_005,4.743540525436401,0.05,0.0,0.0,0.5290529295107811,-0.4756022211684548,0.11017390903214205,-1.48,-2.66,9.39,1.381,0.9574363827705383,0.07142857142857142,0.07840406242758036,1.0,1.0,7.3,1.1159999999999999,True,True,False
6.763939142227173,forward_005,4.763939142227173,0.05,0.0,0.0,0.815941425307349,-0.19744037163185854,0.06435901616729091,-0.99,-4.42,8.56,1.074,0.9512625336647034,0.07142857142857142,0.0340441819280386,1.0,1.0,7.3,1.1159999999999999,True,True,False
6.784311056137085,forward_005,4.784311056137085,0.05,0.0,0.0,0.856302164259718,-0.37306412761378793,0.136353847812057,1.6500000000000001,-1.6500000000000001,6.8500000000000005,1.534,0.936931312084198,0.0,0.0797251109033823,1.0,1.0,7.3,1.1159999999999999,True,True,False
6.804788589477539,forward_005,4.804788589477539,0.05,0.0,0.0,1.2370021073509812,-0.7635815477475192,0.21707532571679475,0.4,0.45,9.1,1.381,0.9646520018577576,0.07142857142857142,0.054769014939665794,1.0,1.0,7.3,1.1159999999999999,True,True,False
6.8253092765808105,forward_005,4.8253092765808105,0.05,0.0,0.0,0.5519603759432067,-0.33161255787892263,-0.10362892433716332,0.4,0.45,9.1,1.151,0.9607736468315125,0.07142857142857142,0.06330893188714981,1.0,1.0,7.3,1.1159999999999999,True,True,False
6.845670938491821,forward_005,4.845670938491821,0.05,0.0,0.0,-0.007635815477475192,-0.09599310885968812,-0.8432121948697605,-2.5,2.46,6.74,1.151,0.950852632522583,0.07142857142857142,0.11127011850476265,1.0,0.0,7.3,1.1159999999999999,True,True,False
6.866045236587524,forward_005,4.866045236587524,0.05,0.0,0.0,-0.026179938779914945,-0.8213955792198313,-0.8475755179997463,-0.16,1.6500000000000001,9.75,1.227,0.97562575340271,0.14285714285714285,0.09611960873007774,1.0,0.0,7.3,1.1159999999999999,True,True,False
6.886424779891968,forward_005,4.886424779891968,0.05,0.0,0.0,-0.07744898555724837,-0.4385139745635753,-0.40578905108868163,0.04,1.05,7.2,1.458,0.9725397229194641,0.14285714285714285,0.02643444389104843,1.0,0.0,7.3,1.1159999999999999,True,True,False
6.906865835189819,forward_005,4.906865835189819,0.05,0.0,0.0,-0.37088246604879505,-0.3370667117914049,-0.19525871006686563,-0.32,0.81,8.78,1.458,0.9736894369125366,0.14285714285714285,0.04054756090044975,1.0,0.0,7.3,1.1159999999999999,True,True,False
6.927233457565308,forward_005,4.927233457565308,0.05,0.0,0.0,-0.693768377667746,-0.5377795757707527,-0.007635815477475192,-0.24,-0.34,8.870000000000001,1.458,0.9848282933235168,0.14285714285714285,0.03763878718018532,1.0,1.0,7.3,1.1159999999999999,True,True,False
6.947720050811768,forward_005,4.947720050811768,0.05,0.0,0.0,-0.8290313946973066,-0.25743606466916363,0.6784967467127956,0.48,2.39,5.17,0.9970000000000001,0.9814385175704956,0.14285714285714285,0.028579045087099075,1.0,1.0,7.5,0.32500000000000007,True,True,False
6.968093156814575,forward_005,4.968093156814575,0.05,0.0,0.0,-0.9457502884244273,-0.4134248665661568,0.5345070834232635,0.09,2.16,6.21,0.614,0.985728919506073,0.14285714285714285,0.025642917957156897,1.0,1.0,7.5,0.32500000000000007,True,True,False
6.988461494445801,forward_005,4.988461494445801,0.05,0.0,0.0,-0.8868454261696187,-0.6544984694978736,0.00545415391248228,0.09,2.16,6.21,0.767,0.9874392151832581,0.14285714285714285,0.032913020346313715,1.0,1.0,7.5,0.32500000000000007,True,True,False
7.008837461471558,forward_005,5.008837461471558,0.05,0.0,0.0,-0.39269908169872414,0.12762720155208535,-0.08835729338221293,0.09,2.16,6.21,0.9210000000000002,0.9633457660675049,0.07142857142857142,0.10355463065207005,1.0,1.0,7.5,0.32500000000000007,True,True,False
7.0292134284973145,forward_005,5.0292134284973145,0.05,0.0,0.0,-0.11017390903214205,0.7112216701876893,-0.11780972450961724,2.15,-3.63,7.8500000000000005,0.6899999999999998,0.9034258723258972,0.0,0.07394714234396815,1.0,1.0,7.5,0.32500000000000007,True,True,False
7.049672365188599,forward_005,5.049672365188599,0.05,0.0,0.0,0.2301652951067522,0.22689280275926285,-0.28688849579656794,2.15,-3.63,7.8500000000000005,0.537,0.9462724328041077,0.0,0.02973184734582901,1.0,1.0,7.5,0.32500000000000007,True,True,False
7.070055723190308,forward_005,5.070055723190308,0.05,0.0,0.0,0.39706240482870997,0.3337942194439155,-0.08290313946973066,0.5,-3.18,9.620000000000001,0.6899999999999998,0.9433487057685852,0.0,0.06870286376215518,1.0,1.0,7.5,0.32500000000000007,True,True,False
7.090532302856445,forward_005,5.090532302856445,0.05,0.0,0.0,0.25089107997418486,0.48978302134090873,0.04581489286485115,-1.1300000000000001,-1.98,8.93,0.9210000000000002,0.9303508400917053,0.0,0.03332306444644928,1.0,1.0,7.5,0.32500000000000007,True,True,False
7.1109068393707275,forward_005,5.1109068393707275,0.05,0.0,0.0,0.12326387842209953,0.5366887449882564,0.17453292519943295,-1.1300000000000001,-1.98,8.93,0.844,0.9211115837097168,0.0,0.0771354865282774,1.0,1.0,7.5,0.32500000000000007,True,True,False
7.131387948989868,forward_005,5.131387948989868,0.05,0.0,0.0,0.007635815477475192,0.6086835766330224,0.24870941840919197,-1.1,0.62,9.51,0.614,0.9218242168426514,0.0,0.053032463416457176,1.0,1.0,7.5,0.32500000000000007,True,True,False
7.15182089805603,forward_005,5.15182089805603,0.05,0.0,0.0,-0.04690572364734761,0.519235452468313,0.44724062082354693,-0.91,-0.2,8.27,0.9210000000000002,0.8856915235519409,0.0,0.08811136707663536,1.0,1.0,7.4,0.6100000000000001,True,True,False
7.173258304595947,forward_005,5.173258304595947,0.05,0.0,0.0,-0.11999138607461016,0.5737769915931359,0.48323803664593,-0.91,-0.2,8.27,1.381,0.8126998543739319,0.0,0.09664290584623814,1.0,1.0,7.4,0.6100000000000001,True,True,False
7.193622827529907,forward_005,5.193622827529907,0.05,0.0,0.0,-0.136353847812057,0.8857545953871222,0.07308566242726255,-3.88,3.88,8.97,1.304,0.9007502198219299,0.0,0.07983077690005302,1.0,1.0,7.4,0.6100000000000001,True,True,False
7.214322090148926,forward_005,5.214322090148926,0.05,0.0,0.0,-0.23561944901923448,0.8824821030396329,-0.37306412761378793,-3.88,3.88,8.97,1.074,0.7658606171607971,0.0,0.06878332048654556,0.0,1.0,7.4,0.6100000000000001,True,True,False
7.234691143035889,forward_005,5.234691143035889,0.05,0.0,0.0,-0.4014257279586958,0.8388488717397746,-0.5061454830783556,-2.79,-1.82,6.53,1.765,0.7181023359298706,0.0,0.11949355900287628,0.0,1.0,7.4,0.6100000000000001,True,True,False
7.255063772201538,forward_005,5.255063772201538,0.05,0.0,0.0,-0.02945243112740431,0.210530341021816,-0.14180800172453928,-2.72,-2.83,8.0,2.148,0.8738080263137817,0.0,0.0955572109669447,0.0,1.0,7.4,0.6100000000000001,True,True,False
7.275432109832764,forward_005,5.275432109832764,0.05,0.0,0.0,0.5759586531581288,-0.06654067773228381,0.016362461737446838,-2.72,-2.83,8.0,2.608,0.8954129219055176,0.0,0.0697717871516943,0.0,1.0,7.4,0.6100000000000001,True,True,False
7.2958831787109375,forward_005,5.2958831787109375,0.05,0.0,0.0,1.1737339219661866,-0.07417649320975901,0.15707963267948966,-2.79,-6.47,8.94,0.844,0.9358834624290466,0.0,0.12119916453957558,1.0,1.0,7.4,0.6100000000000001,True,True,False
7.316473960876465,forward_005,5.316473960876465,0.05,0.0,0.0,1.4977106643676341,-0.35779249665883756,0.6479534848028948,-0.29,-5.24,3.06,0.767,0.9549779295921326,0.07142857142857142,0.04987332550808787,1.0,1.0,7.4,0.6100000000000001,True,True,False
7.336846351623535,forward_005,5.336846351623535,0.05,0.0,0.0,1.686424389739521,-1.0177451200691934,1.0624691821515482,-0.26,-1.6500000000000001,5.78,1.151,0.9554510116577148,0.07142857142857142,0.053178651724010706,1.0,1.0,7.4,0.6100000000000001,True,True,False
7.35721492767334,forward_005,5.35721492767334,0.05,0.0,0.0,1.349357677948116,-0.978475211899321,0.9872018581592926,-0.26,-1.6500000000000001,5.78,1.381,0.9730101823806763,0.07142857142857142,0.10319147631525993,1.0,1.0,7.5,0.48600000000000004,True,True,False
7.377589464187622,forward_005,5.377589464187622,0.05,0.0,0.0,0.12544553998709243,-0.7603090554000298,0.4494222823885399,-0.26,-1.6500000000000001,5.78,1.151,0.9858168959617615,0.07142857142857142,0.08429811522364616,1.0,1.0,7.5,0.48600000000000004,True,True,False
7.3980653285980225,forward_005,5.3980653285980225,0.05,0.0,0.0,-0.4908738521234052,-0.5890486225480862,0.04254240051736178,-2.09,4.1,7.16,1.151,0.9802470803260803,0.21428571428571427,0.10040383040904999,1.0,1.0,7.5,0.48600000000000004,True,True,False
7.418541193008423,forward_005,5.418541193008423,0.05,0.0,0.0,-0.5497787143782138,-0.47123889803846897,-0.6697701004528239,-1.17,2.5500000000000003,8.42,0.9970000000000001,0.9681268334388733,0.07142857142857142,0.0701993890106678,1.0,0.0,7.5,0.48600000000000004,True,True,False
7.438933372497559,forward_005,5.438933372497559,0.05,0.0,0.0,-0.5923211148955756,-0.6108652381980153,-0.6970408700152354,0.58,0.66,7.79,1.458,0.9741388559341431,0.14285714285714285,0.0575287900865078,1.0,0.0,7.5,0.48600000000000004,True,True,False
7.45938777923584,forward_005,5.45938777923584,0.05,0.0,0.0,-0.7635815477475192,-0.2683443724941282,-0.6021385919380436,-1.17,-0.54,4.96,1.765,0.9776965975761414,0.14285714285714285,0.06160396710038185,1.0,0.0,7.5,0.48600000000000004,True,True,False
7.479754447937012,forward_005,5.479754447937012,0.05,0.0,0.0,-0.9882926889417891,-0.4439681284760576,-0.3108867730114899,-0.65,-1.62,9.05,1.841,0.9657741189002991,0.14285714285714285,0.05802996829152107,1.0,1.0,7.5,0.48600000000000004,True,True,False
7.50020170211792,forward_005,5.50020170211792,0.05,0.0,0.0,-0.9937468428542714,-0.4788747135159442,0.11671889372712078,-2.06,0.7000000000000001,6.7700000000000005,1.995,0.9803004860877991,0.14285714285714285,0.03188478201627731,1.0,1.0,7.5,0.48600000000000004,True,True,False
7.520675182342529,forward_005,5.520675182342529,0.05,0.0,0.0,-1.299179461953279,-0.20507618710933373,0.6239552075879728,-2.06,0.7000000000000001,6.7700000000000005,0.46,0.9723198413848877,0.14285714285714285,0.024111801758408546,1.0,1.0,7.5,0.48600000000000004,True,True,False
7.5411481857299805,forward_005,5.5411481857299805,0.05,0.0,0.0,-1.2828170002158321,-0.48323803664593,0.2716168648416175,-2.06,0.7000000000000001,6.7700000000000005,0.537,0.9788621664047241,0.14285714285714285,0.020233426243066788,1.0,1.0,7.5,0.48600000000000004,True,True,False
7.561530113220215,forward_005,5.561530113220215,0.05,0.0,0.0,-0.43196898986859655,0.3567016658763411,0.3937899124812206,-3.1,-2.19,9.18,1.151,0.950920045375824,0.07142857142857142,0.07820197194814682,1.0,1.0,7.6,0.127,True,True,False
7.581897497177124,forward_005,5.581897497177124,0.05,0.0,0.0,0.07090400086226964,0.6348635154129374,0.8410305333047675,2.0100000000000002,-4.3100000000000005,7.63,0.537,0.8764230608940125,0.0,0.06864720955491066,1.0,1.0,7.6,0.127,True,True,False
7.6023759841918945,forward_005,5.6023759841918945,0.05,0.0,0.0,0.24216443371421323,0.32179508083645453,-0.06872233929727672,2.0100000000000002,-4.3100000000000005,7.63,0.537,0.9281123876571655,0.0,0.03004159778356552,1.0,1.0,7.6,0.127,True,True,False
7.622741222381592,forward_005,5.622741222381592,0.05,0.0,0.0,0.23889194136672387,0.8813912722571364,-0.06981317007977318,0.22,-3.7,7.79,0.9210000000000002,0.8324265480041504,0.0,0.048699915409088135,1.0,1.0,7.6,0.127,True,True,False
7.643146514892578,forward_005,5.643146514892578,0.05,0.0,0.0,0.20507618710933373,0.5781403147231217,0.037088246604879506,0.22,-3.7,7.79,0.844,0.891664445400238,0.0,0.020253827795386314,1.0,1.0,7.6,0.127,True,True,False
7.663509845733643,forward_005,5.663509845733643,0.05,0.0,0.0,0.35997415822383044,0.8617563181722002,0.39924406639370286,0.22,-3.7,7.79,0.614,0.7824930548667908,0.0,0.07420833688229322,1.0,1.0,7.6,0.127,True,True,False
7.683884620666504,forward_005,5.683884620666504,0.05,0.0,0.0,0.15707963267948966,0.7995789635699022,0.4046982203061852,-1.53,-1.94,8.96,0.9210000000000002,0.6895403265953064,0.0,0.09939486905932426,1.0,1.0,7.6,0.127,True,True,False
7.70425271987915,forward_005,5.70425271987915,0.05,0.0,0.0,0.07308566242726255,0.7788531787024695,0.559596191420682,-4.57,3.1,9.71,0.9970000000000001,0.8882023096084595,0.0,0.0929560661315918,1.0,1.0,7.6,0.127,True,True,False
7.724621772766113,forward_005,5.724621772766113,0.05,0.0,0.0,-0.11453723216212788,1.0428342280666119,0.07963064712224129,-4.53,-0.97,8.57,1.227,0.9670157432556152,0.07142857142857142,0.09009252954274416,1.0,1.0,7.6,0.127,True,True,False
7.744993209838867,forward_005,5.744993209838867,0.05,0.0,0.0,-0.11017390903214205,0.7603090554000298,0.09599310885968812,-2.88,2.6,9.32,1.765,0.7074060440063477,0.0,0.11276962608098984,0.0,1.0,7.6,0.127,True,True,False
7.7653489112854,forward_005,5.7653489112854,0.05,0.0,0.0,-0.0916297857297023,0.6239552075879728,-0.3436116964863836,-1.73,-0.37,7.09,2.148,0.8024072647094727,0.0,0.0728672705590725,0.0,1.0,7.1,1.5450000000000002,True,True,False
7.78577184677124,forward_005,5.78577184677124,0.05,0.0,0.0,0.24980024919168842,0.003272492347489368,-0.10799224746714914,-2.73,-3.5,7.76,1.765,0.8543476462364197,0.0,0.06677454337477684,0.0,1.0,7.1,1.5450000000000002,True,True,False
7.8061511516571045,forward_005,5.8061511516571045,0.05,0.0,0.0,0.7483099167925688,-0.284706834231575,-0.08508480103472356,-3.7,-4.3,9.08,1.074,0.8234565854072571,0.0,0.16554901003837585,0.0,1.0,7.1,1.5450000000000002,True,True,False
7.826519250869751,forward_005,5.826519250869751,0.05,0.0,0.0,1.2184579840485412,-0.4559672670835186,-0.03599741582238305,-2.71,-6.57,9.74,0.844,0.725654125213623,0.0,0.10170865338295698,0.0,1.0,7.1,1.5450000000000002,True,True,False
7.846895456314087,forward_005,5.846895456314087,0.05,0.0,0.0,1.313360262125733,-0.8377580409572782,0.30870511144649704,0.6900000000000001,-4.37,4.12,1.304,0.942863404750824,0.0,0.1461973947007209,1.0,1.0,7.1,1.5450000000000002,True,True,False
7.867377996444702,forward_005,5.867377996444702,0.05,0.0,0.0,1.1977321991811087,-1.2206396456135342,1.0679233360640303,0.73,-1.45,4.99,1.151,0.9736625552177429,0.14285714285714285,0.11161350458860397,1.0,1.0,7.1,1.5450000000000002,True,True,False
7.887749195098877,forward_005,5.887749195098877,0.05,0.0,0.0,1.0373800741541297,-1.1333731830138178,0.8857545953871222,-1.7,-0.85,5.34,1.074,0.9842701554298401,0.21428571428571427,0.057603090070188046,1.0,1.0,7.1,1.5450000000000002,True,True,False
7.908267259597778,forward_005,5.908267259597778,0.05,0.0,0.0,0.8290313946973066,-0.8933904108645975,0.7570365630525404,-1.7,-0.85,5.34,1.304,0.9851991534233093,0.14285714285714285,0.09947533905506134,1.0,1.0,7.1,1.5450000000000002,True,True,False
7.928640842437744,forward_005,5.928640842437744,0.05,0.0,0.0,-0.13853550937704992,-0.04908738521234052,-0.20398535632683726,-1.7,-0.85,5.34,1.381,0.968544065952301,0.07142857142857142,0.09256922081112862,1.0,1.0,7.1,1.5450000000000002,True,True,False
7.949023246765137,forward_005,5.949023246765137,0.05,0.0,0.0,-0.3392483733563978,-0.28034351110158917,-0.9675669040743564,-1.7,-0.85,5.34,1.458,0.967153787612915,0.14285714285714285,0.058715205639600754,1.0,0.0,7.1,1.5450000000000002,True,True,False
7.969486713409424,forward_005,5.969486713409424,0.05,0.0,0.0,-0.28034351110158917,0.25089107997418486,-0.964294411726867,0.54,-0.02,6.8100000000000005,1.151,0.9167261123657227,0.0,0.05887687485665083,1.0,0.0,7.5,0.46,True,True,False
7.989859342575073,forward_005,5.989859342575073,0.05,0.0,0.0,-0.3643374813538163,0.11671889372712078,-0.5323254218582705,-1.58,-1.82,6.04,1.995,0.9559621214866638,0.07142857142857142,0.05327936075627804,1.0,0.0,7.5,0.46,True,True,False
8.010236501693726,stop_after_005,0.010236501693725586,0.0,0.0,0.0,-0.7079491778402,-0.3719732968312915,-0.21271200258680892,-0.5,-0.09,5.58,2.302,0.892017126083374,0.0,0.08411138411611319,1.0,0.0,7.5,0.46,True,True,False
8.03073501586914,stop_after_005,0.030735015869140625,0.0,0.0,0.0,-1.0799224746714915,-0.45814892864851153,0.5137812985558308,-0.35000000000000003,0.19,8.18,1.841,0.8423511981964111,0.0,0.058915648609399796,1.0,0.0,7.5,0.46,True,True,False
8.05110216140747,stop_after_005,0.0511021614074707,0.0,0.0,0.0,-1.2849986617808251,-0.26725354171163174,0.8977537339945832,0.0,2.08,8.38,1.841,0.8184979557991028,0.0,0.030675724148750305,1.0,1.0,7.5,0.46,True,True,False
8.07169485092163,stop_after_005,0.07169485092163086,0.0,0.0,0.0,-1.2588187230009102,-0.5443245604657315,0.7973973020049093,0.0,2.08,8.38,0.9210000000000002,0.8408602476119995,0.0,0.009705979377031326,1.0,1.0,7.5,0.46,True,True,False
8.092214822769165,stop_after_005,0.09221482276916504,0.0,0.0,0.0,-1.1290098598838318,-0.385063266221249,0.11126473981463851,0.0,2.08,8.38,1.227,0.8289849758148193,0.0,0.02681811829097569,1.0,1.0,7.5,0.46,True,True,False
8.112596273422241,stop_after_005,0.11259627342224121,0.0,0.0,0.0,-0.9479319499894202,-0.16580627893946132,-0.3523383427463553,0.0,2.08,8.38,0.9210000000000002,0.8362105488777161,0.0,0.01972509967163205,1.0,1.0,7.5,0.46,True,True,False
8.133058309555054,stop_after_005,0.1330583095550537,0.0,0.0,0.0,-0.2596177262341565,0.003272492347489368,-0.9370236421644557,0.0,2.08,8.38,0.844,0.8755383491516113,0.0,0.027604777365922928,1.0,1.0,7.5,0.46,True,True,False
8.153467893600464,stop_after_005,0.15346789360046387,0.0,0.0,0.0,-0.1636246173744684,0.284706834231575,-1.2380929381334775,0.45,-4.04,8.61,0.6899999999999998,0.9133276343345642,0.0,0.045493317767977715,1.0,1.0,7.5,0.46,True,True,False
8.173837184906006,stop_after_005,0.17383718490600586,0.0,0.0,0.0,0.09381144729469522,0.34143003492139073,-0.8628471489546967,-0.76,-2.96,8.97,0.767,0.906221330165863,0.0,0.01686297357082367,1.0,1.0,7.5,0.45400000000000007,True,True,False
8.195250988006592,stop_after_005,0.1952509880065918,0.0,0.0,0.0,0.2748893571891069,0.35124751196385884,-0.3370667117914049,-1.5,-5.57,9.6,0.767,0.8853094577789307,0.0,0.016043221578001976,1.0,1.0,7.5,0.45400000000000007,True,True,False
8.215740442276001,stop_after_005,0.21574044227600098,0.0,0.0,0.0,0.14726215563702155,0.3534291735288517,0.17016960206944712,-0.53,-4.47,8.91,0.844,0.8567452430725098,0.0,0.02556106448173523,1.0,1.0,7.5,0.45400000000000007,True,True,False
8.236183881759644,stop_after_005,0.23618388175964355,0.0,0.0,0.0,-0.018544123302439753,0.061086523819801536,0.5650503453331642,-1.19,-2.66,8.68,0.844,0.8487210273742676,0.0,0.017868772149086,1.0,1.0,7.5,0.45400000000000007,True,True,False
8.256548166275024,stop_after_005,0.2565481662750244,0.0,0.0,0.0,-0.05672320068981571,-0.21380283336930536,0.7875798249624412,-1.1,-2.0300000000000002,8.8,0.844,0.8358399868011475,0.0,0.011323858052492142,1.0,1.0,7.5,0.45400000000000007,True,True,False
8.276912450790405,stop_after_005,0.2769124507904053,0.0,0.0,0.0,0.00545415391248228,-0.3327033886614191,0.7821256710499589,-1.51,0.41000000000000003,8.69,0.767,0.8420875668525696,0.0,0.009089622646570206,1.0,1.0,7.5,0.45400000000000007,True,True,False
8.297360181808472,stop_after_005,0.2973601818084717,0.0,0.0,0.0,0.05890486225480862,-0.4374231437810788,0.3425208657038872,-1.51,0.41000000000000003,8.69,0.6899999999999998,0.8895799517631531,0.0,0.014159418642520905,1.0,1.0,7.5,0.45400000000000007,True,True,False
8.31772494316101,stop_after_005,0.31772494316101074,0.0,0.0,0.0,-0.017453292519943295,-0.21707532571679475,-0.003272492347489368,-0.71,0.8,8.71,0.6899999999999998,0.8961554765701294,0.0,0.019884407869540155,1.0,1.0,7.5,0.45400000000000007,True,True,False
8.33810019493103,stop_after_005,0.3381001949310303,0.0,0.0,0.0,-0.007635815477475192,-0.10799224746714914,-0.2999784651865254,-0.02,0.56,9.5,0.537,0.9003699421882629,0.0,0.007730655372142792,1.0,1.0,7.5,0.45400000000000007,True,True,False
8.358527421951294,stop_after_005,0.35852742195129395,0.0,0.0,0.0,-0.01090830782496456,-0.07635815477475191,-0.5355979142057599,0.09,0.35000000000000003,9.44,0.46,0.9080091714859009,0.0,0.009601857513189316,1.0,1.0,7.5,0.45400000000000007,True,True,False
8.378895044326782,stop_after_005,0.3788950443267822,0.0,0.0,0.0,-0.061086523819801536,-0.0916297857297023,-0.5890486225480862,-0.19,-0.47000000000000003,9.59,0.384,0.9074056148529053,0.0,0.003874383866786957,1.0,1.0,7.6,0.16200000000000003,True,True,False
8.434403419494629,stop_after_005,0.4344034194946289,0.0,0.0,0.0,-0.08944812416470939,-0.05126904677733343,-0.6119560689805118,-0.84,-1.59,9.48,0.384,0.9018343091011047,0.0,0.00718478299677372,1.0,1.0,7.6,0.16200000000000003,True,True,False
8.454782247543335,stop_after_005,0.45478224754333496,0.0,0.0,0.0,-0.09708393964218458,-0.04036073895236887,-0.37742745074377376,0.19,-1.27,8.63,0.307,0.9038830995559692,0.0,0.012429703027009964,1.0,1.0,7.6,0.16200000000000003,True,True,False
8.47525930404663,stop_after_005,0.47525930404663086,0.0,0.0,0.0,0.017453292519943295,0.006544984694978736,0.38724492778624187,0.19,-1.04,8.99,0.23,0.8873451948165894,0.0,0.028394095599651337,1.0,1.0,7.6,0.16200000000000003,True,True,False
8.495638847351074,stop_after_005,0.4956388473510742,0.0,0.0,0.0,-0.03599741582238305,-0.028361600344907856,0.39051742013373125,-0.73,-1.71,9.09,0.23,0.8854801654815674,0.0,0.002419300377368927,1.0,1.0,7.6,0.16200000000000003,True,True,False
8.516090154647827,stop_after_005,0.5160901546478271,0.0,0.0,0.0,-0.05781403147231216,-0.06872233929727672,0.4265148359561143,-0.87,-0.7000000000000001,9.11,0.307,0.8808528780937195,0.0,0.004550904035568237,1.0,1.0,7.6,0.16200000000000003,True,True,False
8.536555290222168,stop_after_005,0.536555290222168,0.0,0.0,0.0,-0.09381144729469522,-0.04036073895236887,0.2792526803190927,-0.8,-0.45,8.66,0.384,0.8828111290931702,0.0,0.003058813512325287,1.0,1.0,7.6,0.16200000000000003,True,True,False
8.556920528411865,stop_after_005,0.5569205284118652,0.0,0.0,0.0,-0.11344640137963143,-0.1407171709420428,0.06435901616729091,-0.86,-0.93,9.32,0.307,0.8956788182258606,0.0,0.007159054279327393,1.0,1.0,7.6,0.16200000000000003,True,True,False
8.577343940734863,stop_after_005,0.5773439407348633,0.0,0.0,0.0,-0.136353847812057,-0.18216874067690814,-0.02399827721492203,-0.75,-0.8,9.36,0.307,0.9009390473365784,0.0,0.0026723816990852356,1.0,1.0,7.6,0.16200000000000003,True,True,False
8.597838878631592,stop_after_005,0.5978388786315918,0.0,0.0,0.0,-0.15817046346198613,-0.16798794050445423,-0.08835729338221293,-0.8200000000000001,-1.11,9.35,0.23,0.9033765196800232,0.0,0.003979191184043884,1.0,1.0,7.6,0.16200000000000003,True,True,False
8.61821699142456,stop_after_005,0.6182169914245605,0.0,0.0,0.0,-0.18653206380689397,-0.09817477042468103,-0.16580627893946132,-0.88,-1.52,9.31,0.153,0.9020543694496155,0.0,0.005402941256761551,1.0,1.0,7.6,0.24000000000000002,True,True,False
8.638606071472168,stop_after_005,0.638606071472168,0.0,0.0,0.0,-0.15271630954950383,-0.0916297857297023,-0.14944381720201447,-0.18,-1.25,9.540000000000001,0.077,0.9055816531181335,0.0,0.0022765658795833588,1.0,1.0,7.6,0.24000000000000002,True,True,False
8.65908670425415,stop_after_005,0.6590867042541504,0.0,0.0,0.0,-0.09053895494720585,-0.044724062082354694,-0.1265363707695889,0.24,-1.12,9.540000000000001,0.077,0.9071307182312012,0.0,0.002309352159500122,1.0,1.0,7.6,0.24000000000000002,True,True,False
8.67946457862854,stop_after_005,0.67946457862854,0.0,0.0,0.0,-0.04363323129985824,-0.07417649320975901,-0.11671889372712078,-0.8,-1.1,8.540000000000001,0.077,0.9076047539710999,0.0,0.004353837110102177,1.0,1.0,7.6,0.24000000000000002,True,True,False
8.699839115142822,stop_after_005,0.6998391151428223,0.0,0.0,0.0,-0.016362461737446838,-0.17889624832941878,-0.12980886311707826,-0.44,-1.33,9.39,0.153,0.9152690768241882,0.0,0.004638545215129852,1.0,1.0,7.6,0.24000000000000002,True,True,False
8.720270156860352,stop_after_005,0.7202701568603516,0.0,0.0,0.0,-0.06654067773228381,-0.11780972450961724,-0.14835298641951802,-0.6900000000000001,-1.3800000000000001,9.21,0.077,0.9117157459259033,0.0,0.0033286437392234802,1.0,1.0,7.6,0.24000000000000002,True,True,False
8.740648031234741,stop_after_005,0.7406480312347412,0.0,0.0,0.0,-0.0818123086872342,-0.16144295580947549,-0.09381144729469522,-0.06,-1.1300000000000001,9.17,0.077,0.9138041734695435,0.0,0.005585499107837677,1.0,1.0,7.6,0.24000000000000002,True,True,False
8.761130571365356,stop_after_005,0.7611305713653564,0.0,0.0,0.0,-0.07853981633974483,-0.1341721862470641,-0.04145156973486533,-0.16,-1.26,9.07,0.077,0.9114257097244263,0.0,0.0027272067964076996,1.0,1.0,7.6,0.24000000000000002,True,True,False
8.781621217727661,stop_after_005,0.7816212177276611,0.0,0.0,0.0,-0.06217735460229799,-0.15489797111449674,0.004363323129985824,-0.17,-1.5,9.23,0.077,0.9106405377388,0.0,0.0018564127385616302,1.0,1.0,7.6,0.24000000000000002,True,True,False
8.802091836929321,stop_after_005,0.8020918369293213,0.0,0.0,0.0,-0.04908738521234052,-0.14508049407202864,0.039269908169872414,-0.14,-1.4000000000000001,9.24,0.077,0.9079914093017578,0.0,0.0019157230854034424,1.0,1.0,7.6,0.24000000000000002,True,True,False
8.822461128234863,stop_after_005,0.8224611282348633,0.0,0.0,0.0,-0.025089107997418487,-0.13526301702956053,0.11017390903214205,-0.01,-1.26,9.290000000000001,0.153,0.9041299819946289,0.0,0.002197645604610443,1.0,1.0,7.6,0.23800000000000004,True,True,False
8.842849969863892,stop_after_005,0.8428499698638916,0.0,0.0,0.0,-0.009817477042468103,-0.1189005552921137,0.10035643198967395,-0.01,-1.12,9.040000000000001,0.153,0.9020867347717285,0.0,0.0008418336510658264,1.0,1.0,7.6,0.23800000000000004,True,True,False
8.863217830657959,stop_after_005,0.863217830657959,0.0,0.0,0.0,-0.04363323129985824,-0.10471975511965978,0.019634954084936207,-0.05,-1.48,9.35,0.077,0.9007884860038757,0.0,0.0019963905215263367,1.0,1.0,7.6,0.23800000000000004,True,True,False
8.883711576461792,stop_after_005,0.883711576461792,0.0,0.0,0.0,-0.03490658503988659,-0.07853981633974483,0.04363323129985824,0.02,-1.2,9.200000000000001,0.077,0.8982149362564087,0.0,0.0008799508213996887,1.0,1.0,7.6,0.23800000000000004,True,True,False
8.904160499572754,stop_after_005,0.9041604995727539,0.0,0.0,0.0,-0.020725784867432664,-0.06544984694978735,0.003272492347489368,0.07,-1.32,9.11,0.0,0.8980115056037903,0.0,0.0013959482312202454,1.0,1.0,7.6,0.23800000000000004,True,True,False
8.92464804649353,stop_after_005,0.9246480464935303,0.0,0.0,0.0,-0.01090830782496456,-0.06654067773228381,-0.03599741582238305,-0.1,-1.7,9.36,0.0,0.8982623815536499,0.0,0.0018655098974704742,1.0,1.0,7.6,0.23800000000000004,True,True,False
8.945107221603394,stop_after_005,0.9451072216033936,0.0,0.0,0.0,0.008726646259971648,-0.044724062082354694,-0.003272492347489368,0.08,-1.3800000000000001,9.05,0.0,0.8970915079116821,0.0,0.0011969320476055145,1.0,1.0,7.6,0.23800000000000004,True,True,False
8.965585708618164,stop_after_005,0.9655857086181641,0.0,0.0,0.0,0.0,-0.038179077387375956,-0.02399827721492203,0.09,-1.35,9.33,0.0,0.8975107669830322,0.0,0.0007914900779724121,1.0,1.0,7.6,0.23800000000000004,True,True,False
8.985960006713867,stop_after_005,0.9859600067138672,0.0,0.0,0.0,0.004363323129985824,-0.02181661564992912,-0.006544984694978736,0.18,-1.2,9.32,0.0,0.8966973423957825,0.0,0.0010346025228500366,1.0,1.0,7.6,0.23800000000000004,True,True,False
9.006329536437988,stop_after_005,1.0063295364379883,0.0,0.0,0.0,0.01090830782496456,0.002181661564992912,-0.002181661564992912,0.06,-1.19,9.16,0.0,0.8956777453422546,0.0,0.0012879818677902222,1.0,1.0,7.6,0.23800000000000004,True,True,False
9.026765584945679,stop_after_005,1.0267655849456787,0.0,0.0,0.0,0.001090830782496456,0.014180800172453928,0.00545415391248228,0.0,-1.33,9.36,0.0,0.89494788646698,0.0,0.0010312944650650024,1.0,1.0,7.6,0.23800000000000004,True,True,False
9.047168254852295,stop_after_005,1.047168254852295,0.0,0.0,0.0,-0.003272492347489368,0.037088246604879506,0.0272707695624114,0.01,-1.23,9.14,0.0,0.8930879235267639,0.0,0.0019717663526535034,1.0,1.0,7.6,0.23800000000000004,True,True,False
9.067532062530518,stop_after_005,1.0675320625305176,0.0,0.0,0.0,0.002181661564992912,0.037088246604879506,0.028361600344907856,-0.06,-1.3900000000000001,9.31,0.0,0.8935008645057678,0.0,0.0008234903216362,1.0,1.0,7.6,0.23800000000000004,True,True,False
9.087899446487427,stop_after_005,1.0878994464874268,0.0,0.0,0.0,0.003272492347489368,0.03381575425739013,0.044724062082354694,-0.1,-1.26,9.16,0.0,0.893522322177887,0.0,0.0008906945586204529,1.0,1.0,7.6,0.23800000000000004,True,True,False
9.108281373977661,stop_after_005,1.1082813739776611,0.0,0.0,0.0,0.003272492347489368,0.031634092692397225,0.02181661564992912,-0.21,-1.35,9.28,0.0,0.8953802585601807,0.0,0.0012604445219039917,1.0,1.0,7.6,0.23800000000000004,True,True,False
9.128656387329102,stop_after_005,1.1286563873291016,0.0,0.0,0.0,0.011999138607461015,0.030543261909900768,0.015271630954950384,-0.15,-1.31,9.22,0.0,0.8968001008033752,0.0,0.000762641429901123,1.0,1.0,7.6,0.23800000000000004,True,True,False
9.149046897888184,stop_after_005,1.1490468978881836,0.0,0.0,0.0,0.011999138607461015,0.02945243112740431,-0.003272492347489368,-0.16,-1.31,9.200000000000001,0.0,0.8986893892288208,0.0,0.0014074444770812988,1.0,1.0,7.6,0.23800000000000004,True,True,False
9.169407844543457,stop_after_005,1.169407844543457,0.0,0.0,0.0,0.017453292519943295,0.016362461737446838,0.00545415391248228,-0.11,-1.19,9.200000000000001,0.0,0.9006679654121399,0.0,0.0006532110273838043,1.0,1.0,7.6,0.23800000000000004,True,True,False
9.18988561630249,stop_after_005,1.1898856163024902,0.0,0.0,0.0,0.011999138607461015,0.013089969389957472,-0.001090830782496456,-0.15,-1.21,9.24,0.0,0.902375340461731,0.0,0.0016167275607585907,1.0,1.0,7.6,0.23800000000000004,True,True,False
9.210496187210083,stop_after_005,1.210496187210083,0.0,0.0,0.0,0.00545415391248228,0.013089969389957472,0.001090830782496456,-0.13,-1.2,9.21,0.0,0.9035258293151855,0.0,0.0009362399578094482,1.0,1.0,7.6,0.23800000000000004,True,True,False
9.230881452560425,stop_after_005,1.2308814525604248,0.0,0.0,0.0,-0.001090830782496456,0.02181661564992912,-0.001090830782496456,-0.09,-1.08,9.25,0.0,0.904792070388794,0.0,0.000744938850402832,1.0,1.0,7.6,0.20900000000000002,True,True,False
9.251865148544312,stop_after_005,1.2518651485443115,0.0,0.0,0.0,0.001090830782496456,0.022907446432425576,-0.002181661564992912,-0.45,-1.45,8.99,0.0,0.9048977494239807,0.0,0.0018997900187969208,1.0,1.0,7.6,0.20900000000000002,True,True,False
9.272241830825806,stop_after_005,1.2722418308258057,0.0,0.0,0.0,-0.002181661564992912,0.031634092692397225,0.019634954084936207,-0.26,-1.3900000000000001,9.040000000000001,0.0,0.9054195284843445,0.0,0.001616843044757843,1.0,1.0,7.6,0.20900000000000002,True,True,False
9.292635440826416,stop_after_005,1.292635440826416,0.0,0.0,0.0,-0.001090830782496456,0.009817477042468103,0.05126904677733343,-0.21,-1.67,9.22,0.0,0.9055747985839844,0.0,0.0016727820038795471,1.0,1.0,7.6,0.20900000000000002,True,True,False
9.313008069992065,stop_after_005,1.3130080699920654,0.0,0.0,0.0,0.004363323129985824,0.015271630954950384,0.08944812416470939,-0.12,-1.3900000000000001,9.24,0.077,0.9044768810272217,0.0,0.002099364995956421,1.0,1.0,7.6,0.20900000000000002,True,True,False
9.333385229110718,stop_after_005,1.3333852291107178,0.0,0.0,0.0,0.020725784867432664,0.014180800172453928,0.07635815477475191,-0.06,-1.1,9.34,0.0,0.9042544364929199,0.0,0.0015502385795116425,1.0,1.0,7.6,0.20900000000000002,True,True,False
9.353856086730957,stop_after_005,1.353856086730957,0.0,0.0,0.0,0.039269908169872414,0.04036073895236887,0.02181661564992912,-0.01,-1.05,9.41,0.0,0.9038484692573547,0.0,0.0011921674013137817,1.0,1.0,7.6,0.20900000000000002,True,True,False
9.37477707862854,stop_after_005,1.37477707862854,0.0,0.0,0.0,0.04254240051736178,0.08835729338221293,-0.017453292519943295,-0.12,-0.98,9.36,0.077,0.9022303223609924,0.0,0.0008476898074150085,1.0,1.0,7.6,0.20900000000000002,True,True,False
9.395152568817139,stop_after_005,1.3951525688171387,0.0,0.0,0.0,0.04581489286485115,0.13853550937704992,-0.06763150851478027,-0.45,-1.47,9.24,0.077,0.8997042775154114,0.0,0.0021729618310928345,1.0,1.0,7.6,0.20900000000000002,True,True,False
9.41552472114563,stop_after_005,1.4155247211456299,0.0,0.0,0.0,0.05781403147231216,0.11999138607461016,0.017453292519943295,-0.34,-1.79,8.89,0.0,0.8953473567962646,0.0,0.0022568441927433014,1.0,1.0,7.6,0.20900000000000002,True,True,False
9.435911178588867,stop_after_005,1.4359111785888672,0.0,0.0,0.0,-0.01090830782496456,0.07090400086226964,0.07635815477475191,-0.36,-1.85,8.71,0.153,0.8912316560745239,0.0,0.001236502081155777,1.0,1.0,7.6,0.271,True,True,False
9.456284284591675,stop_after_005,1.4562842845916748,0.0,0.0,0.0,-0.016362461737446838,-0.02181661564992912,0.1559888018969932,-0.79,-1.4000000000000001,9.19,0.153,0.8907034993171692,0.0,0.002821400761604309,1.0,1.0,7.6,0.271,True,True,False
9.476768970489502,stop_after_005,1.476768970489502,0.0,0.0,0.0,0.028361600344907856,-0.05781403147231216,0.17235126363444003,-0.59,-0.8200000000000001,9.42,0.153,0.8924630284309387,0.0,0.002202078700065613,1.0,1.0,7.6,0.271,True,True,False
9.49715518951416,stop_after_005,1.4971551895141602,0.0,0.0,0.0,0.032724923474893676,-0.001090830782496456,0.06435901616729091,-0.4,-0.91,9.34,0.23,0.8938576579093933,0.0,0.0024401620030403137,1.0,1.0,7.6,0.271,True,True,False
9.517627000808716,stop_after_005,1.5176270008087158,0.0,0.0,0.0,0.04363323129985824,-0.016362461737446838,0.10471975511965978,-0.89,-1.1300000000000001,9.44,0.077,0.8944092988967896,0.0,0.0016271285712718964,1.0,1.0,7.6,0.271,True,True,False
9.538006067276001,stop_after_005,1.538006067276001,0.0,0.0,0.0,0.03381575425739013,-0.10799224746714914,0.20289452554434081,-0.22,-0.68,8.68,0.153,0.8938822746276855,0.0,0.004303574562072754,1.0,1.0,7.6,0.271,True,True,False
9.5583815574646,stop_after_005,1.5583815574645996,0.0,0.0,0.0,-0.04036073895236887,-0.11671889372712078,0.12980886311707826,-1.18,-0.4,9.59,0.307,0.8981911540031433,0.0,0.004359524697065353,1.0,1.0,7.6,0.271,True,True,False
9.578761339187622,stop_after_005,1.578761339187622,0.0,0.0,0.0,-0.038179077387375956,-0.1461713248545251,0.12217304763960307,-1.18,-0.4,9.59,0.46,0.8989469408988953,0.0,0.0012181326746940613,1.0,1.0,7.6,0.271,True,True,False
9.599129915237427,stop_after_005,1.5991299152374268,0.0,0.0,0.0,-0.032724923474893676,-0.14289883250703572,0.23234695667174513,-1.02,-0.85,9.61,0.23,0.8967225551605225,0.0,0.00420447438955307,1.0,1.0,7.6,0.271,True,True,False
9.619581460952759,stop_after_005,1.6195814609527588,0.0,0.0,0.0,-0.038179077387375956,-0.08290313946973066,0.35779249665883756,-0.99,-0.87,9.47,0.307,0.9004491567611694,0.0,0.019026994705200195,0.0,1.0,7.6,0.271,True,True,False
9.640033960342407,stop_after_005,1.6400339603424072,0.0,0.0,0.0,-0.04581489286485115,-0.031634092692397225,0.44724062082354693,-1.3,-1.23,9.18,0.077,0.8973730206489563,0.0,0.0018634498119354248,0.0,1.0,7.6,0.14100000000000001,True,True,False
9.660402059555054,stop_after_005,1.6604020595550537,0.0,0.0,0.0,-0.06763150851478027,0.011999138607461015,0.5770494839406252,-0.99,-0.96,9.040000000000001,0.153,0.895429790019989,0.0,0.005181565880775452,0.0,1.0,7.6,0.14100000000000001,True,True,False
9.680891513824463,stop_after_005,1.680891513824463,0.0,0.0,0.0,-0.14944381720201447,0.19962203319685143,0.557414529855689,-1.95,-0.44,9.38,0.23,0.9010444283485413,0.0,0.007699295878410339,0.0,1.0,7.6,0.14100000000000001,True,True,False
9.70126485824585,stop_after_005,1.7012648582458496,0.0,0.0,0.0,-0.12435470920459599,0.28034351110158917,0.36106498900632694,-1.9100000000000001,-1.22,9.58,0.23,0.9044209718704224,0.0,0.005961708724498749,0.0,1.0,7.6,0.14100000000000001,True,True,False
9.721635103225708,stop_after_005,1.721635103225708,0.0,0.0,0.0,-0.006544984694978736,0.3567016658763411,0.26070855701665296,-1.8800000000000001,-1.16,9.31,0.23,0.9125872850418091,0.0,0.00600443035364151,0.0,1.0,7.6,0.14100000000000001,True,True,False
9.742012023925781,stop_after_005,1.7420120239257812,0.0,0.0,0.0,0.07526732399225546,0.44505895925855404,0.15926129424448257,-2.09,-1.19,9.02,0.307,0.9169722199440002,0.0,0.006623849272727966,0.0,1.0,7.6,0.14100000000000001,True,True,False
9.762485027313232,stop_after_005,1.7624850273132324,0.0,0.0,0.0,0.14508049407202864,0.44505895925855404,0.09381144729469522,-1.73,-1.53,8.96,0.307,0.9304972887039185,0.0,0.022954956511966884,0.0,0.0,7.6,0.14100000000000001,True,True,False
9.782853126525879,stop_after_005,1.782853126525879,0.0,0.0,0.0,0.27379852640661045,0.5410520681182421,0.019634954084936207,-2.13,-1.44,8.790000000000001,0.384,0.9280957579612732,0.0,0.009895115275867283,0.0,0.0,7.6,0.14100000000000001,True,True,False
9.803221225738525,stop_after_005,1.8032212257385254,0.0,0.0,0.0,0.3534291735288517,0.5650503453331642,-0.008726646259971648,-2.17,-0.92,8.78,0.307,0.9275941252708435,0.0,0.002794090658426285,0.0,0.0,7.6,0.14100000000000001,True,True,False
9.823642253875732,stop_after_005,1.8236422538757324,0.0,0.0,0.0,0.3643374813538163,0.5792311455056182,-0.07635815477475191,-2.0300000000000002,-0.9400000000000001,8.42,0.46,0.9264526963233948,0.0,0.00447485689073801,0.0,0.0,7.6,0.14100000000000001,True,True,False
9.844083309173584,stop_after_005,1.844083309173584,0.0,0.0,0.0,0.32179508083645453,0.4723297288209654,-0.12326387842209953,-2.05,-1.27,8.27,0.384,0.9266193509101868,0.0,0.004790879786014557,0.0,0.0,7.6,0.03,True,True,False
9.864464044570923,stop_after_005,1.8644640445709229,0.0,0.0,0.0,0.30870511144649704,0.4014257279586958,-0.1265363707695889,-2.41,-0.46,8.88,0.307,0.9288666844367981,0.0,0.0055434200912714005,0.0,0.0,7.6,0.03,True,True,False
9.88482928276062,stop_after_005,1.8848292827606201,0.0,0.0,0.0,0.16253378659197193,0.1505346479845109,-0.20507618710933373,-1.37,-0.47000000000000003,8.51,0.384,0.9208441972732544,0.0,0.010850392282009125,0.0,0.0,7.6,0.03,True,True,False
9.905213117599487,stop_after_005,1.9052131175994873,0.0,0.0,0.0,-0.001090830782496456,-0.00545415391248228,-0.2814343418840856,-1.09,-0.36,8.83,0.23,0.9185596704483032,0.0,0.005640245974063873,0.0,0.0,7.6,0.03,True,True,False
9.92560887336731,stop_after_005,1.9256088733673096,0.0,0.0,0.0,-0.18762289458939044,-0.14726215563702155,-0.35779249665883756,-1.02,0.01,8.89,0.23,0.9152970314025879,0.0,0.007239535450935364,0.0,0.0,7.6,0.03,True,True,False
9.945982217788696,stop_after_005,1.9459822177886963,0.0,0.0,0.0,-0.24980024919168842,-0.26616271092913524,-0.5508695451607103,-0.9400000000000001,0.03,8.97,0.23,0.9112303256988525,0.0,0.010089442133903503,0.0,0.0,7.6,0.03,True,True,False
9.966365098953247,stop_after_005,1.966365098953247,0.0,0.0,0.0,-0.27598018797160334,-0.31306843457648287,-0.7101308394051928,-0.86,-0.65,8.9,0.384,0.9078117609024048,0.0,0.00815851241350174,0.0,0.0,7.6,0.03,True,True,False
9.986845254898071,stop_after_005,1.9868452548980713,0.0,0.0,0.0,-0.23671027980173096,-0.34143003492139073,-0.7581273938350369,-0.84,-0.9,9.18,0.46,0.9049975872039795,0.0,0.006585165858268738,0.0,0.0,7.6,0.03,True,True,False
10.007216930389404,forward_010,0.007216930389404297,0.1,0.0,0.0,-0.11235557059713497,-0.37960911230876665,-0.7635815477475192,-0.27,-0.8200000000000001,9.08,0.384,0.775783360004425,0.0,0.1927357316017151,0.0,0.0,7.6,0.03,True,True,False
10.027631998062134,forward_010,0.02763199806213379,0.1,0.0,0.0,-0.03381575425739013,-0.33815754257390135,-0.7494007475750653,0.03,-0.9400000000000001,9.64,0.46,0.8070933818817139,0.0,0.06961119640618563,0.0,0.0,7.6,0.03,True,True,False
10.048073530197144,forward_010,0.048073530197143555,0.1,0.0,0.0,0.08508480103472356,-0.2617993877991494,-0.7057675162752071,0.11,-1.24,9.370000000000001,0.6899999999999998,0.8638581037521362,0.0,0.09079989744350314,0.0,0.0,7.4,1.0770000000000002,True,True,False
10.068432807922363,forward_010,0.06843280792236328,0.1,0.0,0.0,0.18544123302439752,-0.15926129424448257,-0.6479534848028948,0.24,-1.31,9.18,1.6110000000000002,0.9376704692840576,0.0,0.10553289949893951,0.0,1.0,7.4,1.0770000000000002,True,True,False
10.088804960250854,forward_010,0.08880496025085449,0.1,0.0,0.0,0.2901609881440573,-0.0545415391248228,-0.619591884457987,1.1,-1.56,8.91,2.148,0.9040156602859497,0.0,0.10277458280324936,0.0,1.0,7.4,1.0770000000000002,True,True,False
10.109190702438354,forward_010,0.10919070243835449,0.1,0.0,0.0,0.5563236990731926,0.12871803233458182,-0.545415391248228,1.6400000000000001,-1.4000000000000001,8.5,2.302,0.8991901874542236,0.0,0.04348157346248627,0.0,1.0,7.4,1.0770000000000002,True,True,False
10.129590034484863,forward_010,0.12959003448486328,0.1,0.0,0.0,0.6795875774952921,0.2999784651865254,-0.4286964975211072,0.84,-1.51,9.05,2.148,0.9473347067832947,0.0,0.0648998785763979,0.0,1.0,7.4,1.0770000000000002,True,True,False
10.149965763092041,forward_010,0.14996576309204102,0.1,0.0,0.0,0.46142142099600086,0.38942658935123475,-0.4166973589136462,0.84,-1.51,9.05,1.765,0.9457101821899414,0.0,0.05263688042759895,0.0,1.0,7.4,1.0770000000000002,True,True,False
10.170340299606323,forward_010,0.17034029960632324,0.1,0.0,0.0,0.39706240482870997,0.36324665057131983,-0.4625122517784973,-0.05,-1.62,8.97,1.227,0.9645277261734009,0.07142857142857142,0.09488079696893692,0.0,1.0,7.4,1.0770000000000002,True,True,False
10.19069766998291,forward_010,0.19069766998291016,0.1,0.0,0.0,0.6512259771503842,0.12108221685710661,-0.385063266221249,-0.05,-1.62,8.97,0.9210000000000002,0.9814876317977905,0.07142857142857142,0.06589158624410629,0.0,0.0,7.4,1.0770000000000002,True,True,False
10.211067914962769,forward_010,0.21106791496276855,0.1,0.0,0.0,0.770126532442498,-0.10144726277217041,-0.42978732830360367,-0.05,-1.62,8.97,0.9970000000000001,0.9728233814239502,0.07142857142857142,0.05796724930405617,0.0,0.0,7.4,1.0770000000000002,True,True,False
10.23151683807373,forward_010,0.23151683807373047,0.1,0.0,0.0,0.29888763440402893,-0.2912518189265537,-0.42542400517361784,0.27,-1.35,7.42,1.304,0.9736329317092896,0.14285714285714285,0.033111080061644316,0.0,0.0,7.4,1.0770000000000002,True,True,False
10.251887559890747,forward_010,0.25188755989074707,0.1,0.0,0.0,-0.07526732399225546,-0.559596191420682,-0.18216874067690814,0.66,0.16,7.49,1.381,0.9744262099266052,0.14285714285714285,0.0356152318418026,0.0,0.0,7.6,0.176,True,True,False
10.272876024246216,forward_010,0.2728760242462158,0.1,0.0,0.0,-0.39269908169872414,-0.5552328682906961,-0.17998707911191522,-1.19,-0.1,9.38,1.151,0.9892684817314148,0.14285714285714285,0.07442050985991955,0.0,0.0,7.6,0.176,True,True,False
10.29324746131897,forward_010,0.2932474613189697,0.1,0.0,0.0,-0.49741883681838395,-0.3534291735288517,-0.022907446432425576,0.25,2.23,8.64,0.9970000000000001,0.9892629384994507,0.14285714285714285,0.042441509664058685,0.0,1.0,7.6,0.176,True,True,False
10.31362009048462,forward_010,0.31362009048461914,0.1,0.0,0.0,-0.4886921905584123,-0.3687008044838021,-0.35561083509384467,1.83,2.6,7.21,0.9210000000000002,0.9799607992172241,0.07142857142857142,0.09602968441322446,1.0,1.0,7.6,0.176,True,True,False
10.334012985229492,forward_010,0.3340129852294922,0.1,0.0,0.0,-0.33052172709642613,-0.4734205596034619,-0.7603090554000298,1.83,2.6,7.21,0.6899999999999998,0.9796909689903259,0.07142857142857142,0.06538449227809906,0.0,1.0,7.6,0.176,True,True,False
10.354477643966675,forward_010,0.3544776439666748,0.1,0.0,0.0,-0.09381144729469522,-0.40578905108868163,-0.36324665057131983,1.83,2.6,7.21,0.6899999999999998,0.9840289354324341,0.14285714285714285,0.03616506978869438,0.0,1.0,7.6,0.176,True,True,False
10.374860286712646,forward_010,0.3748602867126465,0.1,0.0,0.0,0.10035643198967395,-0.09708393964218458,-0.22689280275926285,1.83,2.6,7.21,0.844,0.9737417697906494,0.14285714285714285,0.060190875083208084,1.0,1.0,7.6,0.176,True,True,False
10.395230531692505,forward_010,0.3952305316925049,0.1,0.0,0.0,0.3752457891787809,-0.11780972450961724,-0.06872233929727672,-0.5,-0.66,7.98,0.537,0.9811536073684692,0.14285714285714285,0.09391712211072445,1.0,1.0,7.6,0.176,True,True,False
10.415605545043945,forward_010,0.4156055450439453,0.1,0.0,0.0,0.5006913291658733,-0.2792526803190927,-0.15817046346198613,1.84,-1.31,7.44,0.384,0.9620945453643799,0.14285714285714285,0.13834075443446636,1.0,1.0,7.6,0.176,True,True,False
10.436059474945068,forward_010,0.43605947494506836,0.1,0.0,0.0,0.26725354171163174,-0.2912518189265537,-0.2716168648416175,1.84,-1.31,7.44,0.614,0.9672256708145142,0.14285714285714285,0.04759421944618225,1.0,1.0,7.6,0.176,True,True,False
10.456517696380615,forward_010,0.45651769638061523,0.1,0.0,0.0,0.08508480103472356,-0.16144295580947549,-0.20616701789183017,0.81,-0.7000000000000001,8.52,0.767,0.9725733399391174,0.07142857142857142,0.05374146346002817,1.0,1.0,7.6,0.219,True,True,False
10.476883888244629,forward_010,0.4768838882446289,0.1,0.0,0.0,-0.022907446432425576,-0.2792526803190927,-0.07526732399225546,0.81,-1.56,9.49,0.46,0.9789628982543945,0.07142857142857142,0.08005350455641747,1.0,1.0,7.6,0.219,True,True,False
10.497270822525024,forward_010,0.4972708225250244,0.1,0.0,0.0,-0.02945243112740431,0.055632369907319255,0.22580197197676638,0.81,-1.56,9.49,0.46,0.964852511882782,0.07142857142857142,0.08503584889695048,1.0,1.0,7.6,0.219,True,True,False
10.517748832702637,forward_010,0.5177488327026367,0.1,0.0,0.0,0.08508480103472356,0.028361600344907856,0.45705809786601503,0.81,-1.56,9.49,0.307,0.9636358618736267,0.07142857142857142,0.060527460649609566,1.0,1.0,7.6,0.219,True,True,False
10.538225650787354,forward_010,0.5382256507873535,0.1,0.0,0.0,0.09817477042468103,0.2378011105842274,0.4723297288209654,1.51,-0.58,8.96,0.46,0.9544581174850464,0.07142857142857142,0.0764137115329504,1.0,1.0,7.6,0.219,True,True,False
10.55860424041748,forward_010,0.5586042404174805,0.1,0.0,0.0,-0.050178215994836975,0.46687557490848314,0.5508695451607103,0.79,-0.03,8.34,0.767,0.9570250511169434,0.07142857142857142,0.08829950354993343,1.0,1.0,7.6,0.219,True,True,False
10.578980445861816,forward_010,0.5789804458618164,0.1,0.0,0.0,-0.05781403147231216,0.4385139745635753,0.4341506514335895,0.11,0.0,9.1,0.844,0.938924252986908,0.0,0.047545891255140305,1.0,1.0,7.6,0.219,True,True,False
10.599348068237305,forward_010,0.5993480682373047,0.1,0.0,0.0,0.07090400086226964,0.5061454830783556,0.27379852640661045,0.44,-0.84,8.71,1.074,0.9527437090873718,0.07142857142857142,0.0517437607049942,1.0,1.0,7.6,0.219,True,True,False
10.61971640586853,forward_010,0.6197164058685303,0.1,0.0,0.0,0.36979163526629855,0.5530512067257032,0.18762289458939044,-0.05,-0.17,8.61,1.918,0.9417014122009277,0.0,0.04203236661851406,1.0,1.0,7.6,0.219,True,True,False
10.640230417251587,forward_010,0.6402304172515869,0.1,0.0,0.0,0.6599526234103559,0.755945732270044,-0.19198621771937624,-0.05,-0.17,8.61,1.6110000000000002,0.8752286434173584,0.0,0.059261442394927144,1.0,1.0,7.6,0.219,True,True,False
10.660598278045654,forward_010,0.6605982780456543,0.1,0.0,0.0,0.7308566242726255,0.9686577348568529,-0.928296995904484,-0.05,-0.17,8.61,1.381,0.8442620635032654,0.0,0.14001961424946785,1.0,1.0,7.5,0.7080000000000001,True,True,False
10.681434869766235,forward_010,0.6814348697662354,0.1,0.0,0.0,0.7286749627076325,1.1650072757062149,-1.1824605682261582,-0.05,-0.17,8.61,1.074,0.8061447739601135,0.0,0.10267958883196115,1.0,1.0,7.5,0.7080000000000001,True,True,False
10.701801300048828,forward_010,0.7018013000488281,0.1,0.0,0.0,0.6883142237552637,0.7155849933176751,-1.210822168571066,0.6900000000000001,-0.61,7.88,1.381,0.8059173822402954,0.0,0.0391729474067688,1.0,1.0,7.5,0.7080000000000001,True,True,False
10.722168207168579,forward_010,0.7221682071685791,0.1,0.0,0.0,0.7057675162752071,0.35561083509384467,-0.7843073326149519,-0.72,-2.46,5.41,1.534,0.8496825098991394,0.0,0.04023909196257591,1.0,0.0,7.5,0.7080000000000001,True,True,False
10.742652654647827,forward_010,0.7426526546478271,0.1,0.0,0.0,0.0818123086872342,-0.08726646259971647,-0.12871803233458182,-0.79,-2.89,6.5,1.688,0.952644944190979,0.07142857142857142,0.07971548102796078,1.0,0.0,7.5,0.7080000000000001,True,True,False
10.76301622390747,forward_010,0.7630162239074707,0.1,0.0,0.0,-0.3490658503988659,-0.4166973589136462,0.7068583470577035,-1.42,0.76,8.21,1.918,0.9885355234146118,0.07142857142857142,0.09855643287301064,1.0,0.0,7.5,0.7080000000000001,True,True,False
10.783400058746338,forward_010,0.7834000587463379,0.1,0.0,0.0,-0.5279620987282847,-0.210530341021816,1.3984450631604566,-1.97,-0.18,5.51,1.918,0.9733449816703796,0.14285714285714285,0.0757348540937528,1.0,1.0,7.5,0.7080000000000001,True,True,False
10.80382227897644,forward_010,0.8038222789764404,0.1,0.0,0.0,-1.1235557059713497,-0.7330382858376184,1.3679018012505557,-2.34,3.49,9.66,0.9970000000000001,0.9923139214515686,0.14285714285714285,0.044578358880244195,1.0,1.0,7.5,0.7080000000000001,True,True,False
10.824280977249146,forward_010,0.8242809772491455,0.1,0.0,0.0,-1.571887157577393,-0.5508695451607103,0.5268712679457882,-1.92,6.67,8.86,1.304,0.9918209314346313,0.14285714285714285,0.06151711568236351,1.0,1.0,7.5,0.7080000000000001,True,True,False
10.844652652740479,forward_010,0.8446526527404785,0.1,0.0,0.0,-1.3973542323779602,-0.2476185876266955,-0.4537856055185257,-1.92,6.67,8.86,1.995,0.983258068561554,0.14285714285714285,0.10242354974616319,1.0,1.0,7.5,0.7080000000000001,True,True,False
10.865028619766235,forward_010,0.8650286197662354,0.1,0.0,0.0,-0.7374016089676042,0.4886921905584123,-0.8672104720846825,-1.92,6.67,8.86,1.688,0.9470898509025574,0.0,0.09822343185078353,1.0,1.0,7.3,1.064,True,True,False
10.885398626327515,forward_010,0.8853986263275146,0.1,0.0,0.0,-0.061086523819801536,0.3763366199612773,-1.9962203319685143,-2.46,-3.68,4.4,0.614,0.934669554233551,0.0,0.09188595949672163,1.0,1.0,7.3,1.064,True,True,False
10.905760526657104,forward_010,0.9057605266571045,0.1,0.0,0.0,0.4505131131710363,-0.25089107997418486,-1.6155203888772514,1.6600000000000001,-4.01,9.68,1.381,0.9613729119300842,0.14285714285714285,0.09295931458473206,1.0,1.0,7.3,1.064,True,True,False
10.926145553588867,forward_010,0.9261455535888672,0.1,0.0,0.0,0.28688849579656794,0.44724062082354693,-1.1104657365813921,1.6600000000000001,-4.01,9.68,1.841,0.9446457624435425,0.0,0.05422006919980049,1.0,1.0,7.3,1.064,True,True,False
10.946520566940308,forward_010,0.9465205669403076,0.1,0.0,0.0,-0.2945243112740431,0.631591023065448,-0.533416252640767,1.6600000000000001,-4.01,9.68,1.995,0.9264509081840515,0.0,0.03606861084699631,1.0,1.0,7.3,1.064,True,True,False
10.966943740844727,forward_010,0.9669437408447266,0.1,0.0,0.0,-0.5366887449882564,0.657770961845363,1.2479104151759457,1.6600000000000001,-4.01,9.68,1.074,0.8420433402061462,0.0,0.08146638423204422,1.0,1.0,7.3,1.064,True,True,False
10.98744535446167,forward_010,0.9874453544616699,0.1,0.0,0.0,-0.29343348049154666,0.8944812416470939,2.227476457857763,-1.18,-1.42,7.91,0.9210000000000002,0.7925563454627991,0.0,0.14901771396398544,1.0,1.0,7.3,1.064,True,True,False
11.007820129394531,forward_010,1.0078201293945312,0.1,0.0,0.0,-0.055632369907319255,1.3079061082132506,2.2852904893300754,-1.6600000000000001,0.16,8.97,0.9970000000000001,0.8623486757278442,0.0,0.14754200726747513,1.0,1.0,7.3,1.064,True,True,False
11.028205871582031,forward_010,1.0282058715820312,0.1,0.0,0.0,-0.2792526803190927,0.9773843811168246,1.1453723216212788,-1.6600000000000001,0.16,8.97,1.534,0.9341065883636475,0.0,0.07736496604047716,1.0,1.0,7.3,1.064,True,True,False
11.048667907714844,forward_010,1.0486679077148438,0.1,0.0,0.0,-0.41996985126113556,1.1355548445788106,0.681769239060285,0.13,7.18,4.5600000000000005,1.304,0.7378985285758972,0.0,0.1335638351738453,0.0,1.0,7.3,1.064,True,True,False
11.069049596786499,forward_010,1.069049596786499,0.1,0.0,0.0,-0.22580197197676638,0.4930555136883981,-0.19853120241435498,-5.05,-2.92,7.26,1.534,0.6865853071212769,0.0,0.07371646910905838,0.0,1.0,7.1,1.702,True,True,False
11.089433908462524,forward_010,1.0894339084625244,0.1,0.0,0.0,-0.06763150851478027,-0.037088246604879506,-0.01090830782496456,-3.74,-2.83,8.120000000000001,1.995,0.9453060626983643,0.0,0.05967520922422409,0.0,1.0,7.1,1.702,True,True,False
11.109804630279541,forward_010,1.109804630279541,0.1,0.0,0.0,0.3981532356112064,-0.2279836335417593,-0.039269908169872414,-3.0100000000000002,-3.34,7.57,1.304,0.9725567102432251,0.14285714285714285,0.08861005119979382,0.0,1.0,7.1,1.702,True,True,False
11.130292177200317,forward_010,1.1302921772003174,0.1,0.0,0.0,0.954476934684399,-0.38069994309126315,-0.2945243112740431,-0.87,-4.5,7.17,1.227,0.9037520885467529,0.0,0.11943056806921959,0.0,1.0,7.1,1.702,True,True,False
11.150770664215088,forward_010,1.150770664215088,0.1,0.0,0.0,1.1213740444063567,-0.6021385919380436,0.2596177262341565,-0.87,-2.57,6.44,1.458,0.9264007210731506,0.0,0.1428873986005783,0.0,1.0,7.1,1.702,True,True,False
11.171257734298706,forward_010,1.171257734298706,0.1,0.0,0.0,1.3886275861179884,-0.9348419805994628,1.05265170510908,-2.16,-1.79,7.21,1.688,0.9693517088890076,0.07142857142857142,0.10076985089108348,1.0,1.0,7.1,1.702,True,True,False
11.191622734069824,forward_010,1.1916227340698242,0.1,0.0,0.0,1.509709802975095,-0.7668540400950086,0.8093964406123704,-1.35,0.8300000000000001,6.32,1.534,0.9762819409370422,0.07142857142857142,0.05706602241843939,1.0,1.0,7.1,1.702,True,True,False
11.211997985839844,forward_010,1.2119979858398438,0.1,0.0,0.0,1.792234975641677,-0.6774059159302992,0.940296134511945,-1.78,3.99,6.24,1.151,0.9519529342651367,0.07142857142857142,0.06638527661561966,1.0,1.0,7.1,1.702,True,True,False
11.232372522354126,forward_010,1.232372522354126,0.1,0.0,0.0,1.3504485087306124,-0.2901609881440573,0.05890486225480862,-1.78,3.99,6.24,1.534,0.9283468127250671,0.0,0.12371904216706753,1.0,1.0,7.1,1.702,True,True,False
11.252749919891357,forward_010,1.2527499198913574,0.1,0.0,0.0,0.23343778745424157,0.5934119456780721,-0.7024950239277177,-1.78,3.99,6.24,2.225,0.8719898462295532,0.0,0.1163132730871439,1.0,1.0,7.1,1.702,True,True,False
11.27323031425476,forward_010,1.2732303142547607,0.1,0.0,0.0,0.1407171709420428,0.3817907738737596,-1.1868238913561442,-0.27,1.7,9.35,1.841,0.9004818797111511,0.0,0.11897644400596619,1.0,0.0,7.2,1.6029999999999998,True,True,False
11.29435682296753,forward_010,1.2943568229675293,0.1,0.0,0.0,0.25416357232167425,0.7494007475750653,-1.1660981064887115,-1.47,-2.0,5.03,1.381,0.9557989239692688,0.07142857142857142,0.061921343207359314,1.0,0.0,7.2,1.6029999999999998,True,True,False
11.31471586227417,forward_010,1.31471586227417,0.1,0.0,0.0,-0.1505346479845109,0.19853120241435498,-0.39269908169872414,-1.59,-1.53,8.18,2.455,0.8966841101646423,0.0,0.048581247217953205,1.0,0.0,7.2,1.6029999999999998,True,True,False
11.33517837524414,forward_010,1.3351783752441406,0.1,0.0,0.0,-0.7068583470577035,0.2378011105842274,0.0272707695624114,-1.58,-0.44,5.5,2.532,0.8713650703430176,0.0,0.06165342405438423,1.0,0.0,7.2,1.6029999999999998,True,True,False
11.355645656585693,forward_010,1.3556456565856934,0.1,0.0,0.0,-0.7973973020049093,-0.2694352032766246,0.9152070265145266,-2.25,0.37,9.58,2.532,0.9608989357948303,0.14285714285714285,0.06460777996107936,1.0,0.0,7.2,1.6029999999999998,True,True,False
11.376137971878052,forward_010,1.3761379718780518,0.1,0.0,0.0,-1.1442814908387824,-0.17780541754692233,1.2435470920459597,-4.1,0.26,5.08,3.069,0.9634655714035034,0.07142857142857142,0.0649611558765173,1.0,0.0,7.2,1.6029999999999998,True,True,False
11.396520376205444,forward_010,1.3965203762054443,0.1,0.0,0.0,-1.3188144160382154,-0.5552328682906961,1.2119129993535627,-2.47,4.49,9.05,1.688,0.9684637784957886,0.07142857142857142,0.05004993453621864,1.0,0.0,7.2,1.6029999999999998,True,True,False
11.417004108428955,forward_010,1.417004108428955,0.1,0.0,0.0,-1.3755376167280309,-0.5170537909033202,0.4243331743911214,-1.58,4.89,7.34,1.534,0.9599800109863281,0.07142857142857142,0.04517414513975382,1.0,1.0,7.2,1.6029999999999998,True,True,False
11.437377452850342,forward_010,1.4373774528503418,0.1,0.0,0.0,-1.5609788497524284,-1.0231992739816758,-0.46142142099600086,-1.3800000000000001,2.24,8.67,1.227,0.9620677828788757,0.07142857142857142,0.06484007369726896,1.0,1.0,7.2,1.6029999999999998,True,True,False
11.45786452293396,forward_010,1.45786452293396,0.1,0.0,0.0,-1.928588823453734,-0.7330382858376184,-1.0395617357191225,-2.07,1.33,8.17,0.844,0.9281818866729736,0.0,0.023005562834441662,0.0,1.0,7.2,1.6029999999999998,True,True,False
11.478249549865723,forward_010,1.4782495498657227,0.1,0.0,0.0,-1.0351984125891367,-0.5377795757707527,-1.3057244466482578,-2.07,1.33,8.17,0.614,0.9272177219390869,0.0,0.02116244286298752,0.0,1.0,7.6,0.277,True,True,False
11.498618841171265,forward_010,1.4986188411712646,0.1,0.0,0.0,-0.1734420944169365,-0.16907877128695067,-0.9479319499894202,-2.05,-4.95,8.24,0.767,0.9436382055282593,0.0,0.030762191861867905,0.0,1.0,7.6,0.277,True,True,False
11.518982410430908,forward_010,1.5189824104309082,0.1,0.0,0.0,0.1407171709420428,-0.33815754257390135,-0.16907877128695067,0.29,-4.83,6.96,0.767,0.9511663913726807,0.07142857142857142,0.0832232479006052,0.0,1.0,7.6,0.277,True,True,False
11.539371252059937,forward_010,1.5393712520599365,0.1,0.0,0.0,0.20180369476184434,-0.20507618710933373,-0.25743606466916363,-1.25,-3.39,8.25,0.614,0.944922149181366,0.0,0.06542050279676914,0.0,1.0,7.6,0.277,True,True,False
11.559753179550171,forward_010,1.559753179550171,0.1,0.0,0.0,0.533416252640767,-0.02399827721492203,-0.3141592653589793,-1.25,-3.39,8.25,0.6899999999999998,0.9792790412902832,0.14285714285714285,0.06019322946667671,1.0,1.0,7.6,0.277,True,True,False
11.58027696609497,forward_010,1.5802769660949707,0.1,0.0,0.0,0.6610434541928523,0.18544123302439752,0.12217304763960307,-1.25,-3.39,8.25,0.6899999999999998,0.9789954423904419,0.14285714285714285,0.053211379796266556,1.0,1.0,7.6,0.277,True,True,False
11.600647687911987,forward_010,1.6006476879119873,0.1,0.0,0.0,0.7090400086226963,0.16689710972195776,0.09817477042468103,-0.07,-1.08,7.08,0.6899999999999998,0.981133222579956,0.14285714285714285,0.0461251325905323,1.0,1.0,7.6,0.277,True,True,False
11.62101435661316,forward_010,1.6210143566131592,0.1,0.0,0.0,0.7275841319251362,-0.0272707695624114,-0.1832595714594046,-0.07,-1.08,7.08,0.6899999999999998,0.9877774715423584,0.14285714285714285,0.08829878829419613,1.0,1.0,7.6,0.277,True,True,False
11.641388893127441,forward_010,1.6413888931274414,0.1,0.0,0.0,0.6010477611555473,0.12435470920459599,-0.2901609881440573,-0.07,-1.08,7.08,0.767,0.9818298816680908,0.14285714285714285,0.06481375731527805,1.0,1.0,7.6,0.277,True,True,False
11.661775588989258,forward_010,1.6617755889892578,0.1,0.0,0.0,0.21380283336930536,0.3916082509162277,-0.18435040224190105,-2.0,1.49,8.620000000000001,0.9210000000000002,0.9747987389564514,0.14285714285714285,0.11265278607606888,1.0,1.0,7.6,0.277,True,True,False
11.682149410247803,forward_010,1.6821494102478027,0.1,0.0,0.0,0.13199052468207118,0.5214171140333059,-0.24980024919168842,-3.5500000000000003,1.01,5.97,1.534,0.9631063342094421,0.07142857142857142,0.05385972559452057,1.0,1.0,7.1,1.655,True,True,False
11.702520847320557,forward_010,1.7025208473205566,0.1,0.0,0.0,0.10362892433716332,0.19198621771937624,-0.18871372537188688,-2.2600000000000002,-0.46,7.8,1.841,0.9381954073905945,0.0,0.0631387960165739,1.0,1.0,7.1,1.655,True,True,False
11.722886323928833,forward_010,1.722886323928833,0.1,0.0,0.0,0.3948807432637171,0.27052603405912107,-0.08399397025222712,-0.21,-0.48,8.72,1.918,0.9343024492263794,0.0,0.05443497560918331,1.0,1.0,7.1,1.655,True,True,False
11.743370056152344,forward_010,1.7433700561523438,0.1,0.0,0.0,0.5388704065532492,0.4734205596034619,-0.16907877128695067,-0.21,-0.48,8.72,1.688,0.9063310027122498,0.0,0.07200463488698006,1.0,1.0,7.1,1.655,True,True,False
11.763736486434937,forward_010,1.7637364864349365,0.1,0.0,0.0,0.8432121948697605,0.5323254218582705,-0.35561083509384467,-0.21,-0.48,8.72,1.381,0.9181985259056091,0.0,0.1138714961707592,1.0,1.0,7.1,1.655,True,True,False
11.78411316871643,forward_010,1.7841131687164307,0.1,0.0,0.0,1.174824752748683,0.856302164259718,-1.064650843716541,-4.3500000000000005,1.3900000000000001,9.53,1.151,0.8636952638626099,0.0,0.08646037802100182,1.0,1.0,7.1,1.655,True,True,False
11.804589748382568,forward_010,1.8045897483825684,0.1,0.0,0.0,0.9075712110370514,0.358883327441334,-1.7911441448591807,-4.3500000000000005,1.3900000000000001,9.53,1.6110000000000002,0.9405041337013245,0.0,0.10525509342551231,1.0,1.0,7.1,1.655,True,True,False
11.825079917907715,forward_010,1.8250799179077148,0.1,0.0,0.0,0.7395832705325971,-0.21271200258680892,-1.7747816831217338,1.71,-1.01,7.3,1.458,0.9323104023933411,0.0,0.10068108886480331,1.0,0.0,7.1,1.655,True,True,False
11.845555782318115,forward_010,1.8455557823181152,0.1,0.0,0.0,0.10471975511965978,-0.4406956361285682,-0.5388704065532492,-2.54,-2.5,4.8500000000000005,1.534,0.9863346815109253,0.21428571428571427,0.05891791358590126,1.0,0.0,7.1,1.655,True,True,False
11.8659348487854,forward_010,1.8659348487854004,0.1,0.0,0.0,-0.09926560120717749,-0.830122225479803,-0.07744898555724837,-2.87,-0.35000000000000003,8.18,2.225,0.9929638504981995,0.21428571428571427,0.08016654185485095,1.0,0.0,7.1,1.655,True,True,False
11.886305570602417,forward_010,1.886305570602417,0.1,0.0,0.0,-0.7472190860100724,-0.4265148359561143,1.030835089459151,-2.5300000000000002,1.1,7.04,1.765,0.9784400463104248,0.14285714285714285,0.0723855597898364,1.0,0.0,7.3,1.001,True,True,False
11.906659603118896,forward_010,1.9066596031188965,0.1,0.0,0.0,-1.1540989678812503,-0.7581273938350369,1.050470043544087,-2.6,6.390000000000001,7.32,1.227,0.9931351542472839,0.14285714285714285,0.04226716933771968,1.0,1.0,7.3,1.001,True,True,False
11.92702579498291,forward_010,1.9270257949829102,0.1,0.0,0.0,-1.3439035240356338,-0.8192139176548384,0.055632369907319255,-1.18,6.65,5.18,1.151,0.9909185767173767,0.14285714285714285,0.07528990926221013,1.0,1.0,7.3,1.001,True,True,False
11.947390794754028,forward_010,1.9473907947540283,0.1,0.0,0.0,-1.2708178616083712,-0.47669305195095124,-0.6206827152404835,-1.18,6.65,5.18,0.9970000000000001,0.9870008826255798,0.2857142857142857,0.1200496912933886,1.0,1.0,7.3,1.001,True,True,False
11.967963218688965,forward_010,1.9679632186889648,0.1,0.0,0.0,-0.6861325621902709,0.6566801310628665,-1.141008998491293,-1.18,6.65,5.18,1.534,0.9508511424064636,0.07142857142857142,0.11867888178676367,1.0,1.0,7.3,1.001,True,True,False
11.988339185714722,forward_010,1.9883391857147217,0.1,0.0,0.0,0.013089969389957472,0.4930555136883981,-2.109666733348146,-4.63,-0.22,6.32,1.074,0.9625697731971741,0.07142857142857142,0.08409943524748087,1.0,1.0,7.3,1.001,True,True,False
12.008796215057373,forward_010,2.008796215057373,0.1,0.0,0.0,0.5912302841130791,-0.5912302841130791,-2.200205688295352,5.25,-2.75,7.63,1.151,0.9593915939331055,0.07142857142857142,0.17143206298351288,1.0,1.0,7.3,1.001,True,True,False
12.02928614616394,forward_010,2.0292861461639404,0.1,0.0,0.0,0.6392268385429232,0.0272707695624114,-1.361356816555577,2.06,-6.0,8.42,1.534,0.9655314087867737,0.07142857142857142,0.05606804043054581,1.0,1.0,7.3,1.001,True,True,False
12.04966139793396,forward_010,2.04966139793396,0.1,0.0,0.0,-0.3119776037939864,-0.12435470920459599,-0.5290529295107811,2.06,-6.0,8.42,1.995,0.9701424837112427,0.07142857142857142,0.05465963017195463,1.0,1.0,7.3,1.001,True,True,False
12.070034503936768,forward_010,2.0700345039367676,0.1,0.0,0.0,-0.5988660995905544,0.20725784867432664,0.918479518862016,2.06,-6.0,8.42,0.9970000000000001,0.8973403573036194,0.0,0.0652298741042614,1.0,1.0,7.3,1.001,True,True,False
12.090396404266357,forward_010,2.0903964042663574,0.1,0.0,0.0,-0.46796640569097964,0.5006913291658733,2.0823959637857343,-4.76,-2.8000000000000003,8.49,0.6899999999999998,0.8684159517288208,0.0,0.09589672088623047,1.0,1.0,7.4,0.649,True,True,False
12.110757827758789,forward_010,2.110757827758789,0.1,0.0,0.0,-0.10035643198967395,0.7341291166201148,2.1707532571679473,-4.76,-2.8000000000000003,8.49,0.767,0.7839708924293518,0.0,0.137855663895607,1.0,1.0,7.4,0.649,True,True,False
12.131130695343018,forward_010,2.1311306953430176,0.1,0.0,0.0,-0.04363323129985824,0.5705044992456465,1.4540774330677757,-4.76,-2.8000000000000003,8.49,0.9210000000000002,0.9651855826377869,0.07142857142857142,0.12178066931664944,1.0,1.0,7.4,0.649,True,True,False
12.152200937271118,forward_010,2.152200937271118,0.1,0.0,0.0,-0.136353847812057,0.6795875774952921,0.48105637508093707,-2.57,0.84,6.34,1.381,0.9787593483924866,0.07142857142857142,0.1018466791138053,0.0,1.0,7.4,0.649,True,True,False
12.17257022857666,forward_010,2.17257022857666,0.1,0.0,0.0,-0.07308566242726255,0.4428772976935611,-0.4406956361285682,-3.5700000000000003,-0.21,6.7700000000000005,1.458,0.8717616200447083,0.0,0.11387532390654087,0.0,1.0,7.4,0.649,True,True,False
12.192951917648315,forward_010,2.1929519176483154,0.1,0.0,0.0,-0.028361600344907856,0.13199052468207118,-0.4276056667386107,-3.34,-2.35,8.82,2.148,0.8189011216163635,0.0,0.0446714973077178,0.0,1.0,7.4,0.649,True,True,False
12.213316679000854,forward_010,2.2133166790008545,0.1,0.0,0.0,0.47778388273344774,-0.13199052468207118,-0.32615840396644036,-3.0100000000000002,-5.88,9.36,2.148,0.8350276350975037,0.0,0.04987403191626071,0.0,1.0,7.4,0.649,True,True,False
12.233689546585083,forward_010,2.233689546585083,0.1,0.0,0.0,1.0711958284115197,-0.22471114119426994,-0.23671027980173096,-2.35,-5.73,6.75,2.378,0.9013751745223999,0.0,0.04973197728395462,0.0,1.0,7.4,0.649,True,True,False
12.254073143005371,forward_010,2.254073143005371,0.1,0.0,0.0,1.1104657365813921,-0.753764070705051,-0.17780541754692233,0.24,-2.48,6.48,1.074,0.8666220903396606,0.0,0.08514930307865143,0.0,1.0,7.4,0.649,True,True,False
12.274446249008179,forward_010,2.2744462490081787,0.1,0.0,0.0,1.1202832136238603,-0.8792096106921435,0.28361600344907856,0.12,-4.1,5.28,1.151,0.9518089890480042,0.07142857142857142,0.06494026584550738,1.0,1.0,7.4,0.649,True,True,False
12.294830799102783,forward_010,2.294830799102783,0.1,0.0,0.0,1.523890603147549,-1.3428126932531372,0.8443030256522569,-2.1,-2.5500000000000003,6.42,0.9210000000000002,0.9782062768936157,0.14285714285714285,0.04206275939941406,1.0,1.0,7.2,1.631,True,True,False
12.316033601760864,forward_010,2.3160336017608643,0.1,0.0,0.0,1.7987799603366559,-1.3220869083857045,0.8148505945248526,-0.71,-0.03,6.48,1.227,0.979944109916687,0.21428571428571427,0.0495914202183485,1.0,1.0,7.2,1.631,True,True,False
12.336387634277344,forward_010,2.3363876342773438,0.1,0.0,0.0,0.7363107781851078,-0.631591023065448,0.21707532571679475,-0.71,-0.03,6.48,1.534,0.9814404249191284,0.07142857142857142,0.125765860080719,1.0,1.0,7.2,1.631,True,True,False
12.356779336929321,forward_010,2.3567793369293213,0.1,0.0,0.0,-0.28034351110158917,-0.18435040224190105,-0.5966844380255614,-0.71,-0.03,6.48,1.6110000000000002,0.9672143459320068,0.07142857142857142,0.08534514158964157,1.0,1.0,7.2,1.631,True,True,False
12.377197742462158,forward_010,2.377197742462158,0.1,0.0,0.0,-0.30543261909900765,-0.6163193921104976,-0.842121364087264,1.3800000000000001,-0.59,8.44,1.458,0.9636350274085999,0.07142857142857142,0.04048404097557068,1.0,0.0,7.2,1.631,True,True,False
12.397578477859497,forward_010,2.397578477859497,0.1,0.0,0.0,-0.767944870877505,-0.8432121948697605,0.13199052468207118,0.8200000000000001,-0.28,5.84,1.227,0.9595421552658081,0.07142857142857142,0.04913962632417679,1.0,0.0,7.2,1.631,True,True,False
12.41795563697815,forward_010,2.4179556369781494,0.1,0.0,0.0,-1.1082840750163994,-0.8475755179997463,0.29670597283903605,0.79,1.28,7.19,2.302,0.9650126695632935,0.07142857142857142,0.04992181062698364,1.0,0.0,7.2,1.631,True,True,False
12.43831467628479,forward_010,2.43831467628479,0.1,0.0,0.0,-1.1540989678812503,-0.7210391472301574,0.4930555136883981,-0.33,1.78,5.55,2.225,0.9817344546318054,0.14285714285714285,0.029644940048456192,1.0,0.0,7.2,1.631,True,True,False
12.458681344985962,forward_010,2.458681344985962,0.1,0.0,0.0,-1.1671889372712079,-0.7341291166201148,0.31634092692397225,0.62,2.45,7.46,1.765,0.9724636673927307,0.14285714285714285,0.04355386405950412,1.0,0.0,7.2,1.631,True,True,False
12.47904896736145,forward_010,2.47904896736145,0.1,0.0,0.0,-1.038470904936626,-0.6806784082777885,0.055632369907319255,0.12,2.41,9.040000000000001,1.765,0.981643795967102,0.14285714285714285,0.041924335062503815,1.0,1.0,7.2,1.631,True,True,False
12.499419689178467,forward_010,2.499419689178467,0.1,0.0,0.0,-1.002473489114243,-0.6250460383704692,-0.28907015736156083,0.12,2.41,9.040000000000001,0.9210000000000002,0.9819726347923279,0.14285714285714285,0.00823285209480673,1.0,1.0,7.6,0.21599999999999997,True,True,False
12.519789457321167,forward_010,2.519789457321167,0.1,0.0,0.0,-0.8333947178272924,-0.038179077387375956,-0.7341291166201148,0.12,2.41,9.040000000000001,0.767,0.9786723256111145,0.14285714285714285,0.03369131684303284,1.0,1.0,7.6,0.21599999999999997,True,True,False
12.540258884429932,forward_010,2.5402588844299316,0.1,0.0,0.0,-0.1832595714594046,0.08726646259971647,-0.7712173632249943,0.34,-0.87,8.950000000000001,0.614,0.9770623445510864,0.14285714285714285,0.03399320878088474,0.0,1.0,7.6,0.21599999999999997,True,True,False
12.560630321502686,forward_010,2.5606303215026855,0.1,0.0,0.0,-0.07635815477475191,0.1538071403320003,-0.6414085001079161,3.02,-6.76,7.2700000000000005,0.6899999999999998,0.9633544087409973,0.14285714285714285,0.07078444212675095,1.0,1.0,7.6,0.21599999999999997,True,True,False
12.581000328063965,forward_010,2.581000328063965,0.1,0.0,0.0,0.1734420944169365,0.4265148359561143,-0.2825251726665821,2.2800000000000002,-3.23,8.31,0.46,0.9660031795501709,0.14285714285714285,0.0530594065785408,1.0,1.0,7.6,0.21599999999999997,True,True,False
12.601398468017578,forward_010,2.601398468017578,0.1,0.0,0.0,-0.011999138607461015,0.5345070834232635,0.061086523819801536,2.2800000000000002,-3.23,8.31,0.307,0.952104926109314,0.07142857142857142,0.01569024659693241,1.0,1.0,7.6,0.21599999999999997,True,True,False
12.621772289276123,forward_010,2.621772289276123,0.1,0.0,0.0,0.001090830782496456,0.7090400086226963,0.5235987755982988,2.2800000000000002,-3.23,8.31,0.537,0.9370911121368408,0.0,0.013632245361804962,1.0,1.0,7.6,0.21599999999999997,True,True,False
12.642248153686523,forward_010,2.6422481536865234,0.1,0.0,0.0,0.22252947962927702,0.6774059159302992,0.5748678223756323,1.16,-1.36,9.35,0.46,0.950149416923523,0.07142857142857142,0.05660422518849373,1.0,1.0,7.6,0.21599999999999997,True,True,False
12.66261339187622,forward_010,2.6626133918762207,0.1,0.0,0.0,0.15271630954950383,0.8639379797371931,0.5705044992456465,0.66,-1.7,8.19,0.384,0.9461057782173157,0.0,0.04251845180988312,1.0,1.0,7.6,0.21599999999999997,True,True,False
12.68298602104187,forward_010,2.68298602104187,0.1,0.0,0.0,0.07853981633974483,0.9064803802545549,0.5726861608106394,-0.15,0.39,9.450000000000001,0.384,0.9451613426208496,0.0,0.04502091556787491,1.0,1.0,7.6,0.21599999999999997,True,True,False
12.703371524810791,forward_010,2.703371524810791,0.1,0.0,0.0,0.061086523819801536,0.9937468428542714,0.44724062082354693,-0.04,0.05,9.55,0.46,0.9528904557228088,0.07142857142857142,0.08619185537099838,1.0,1.0,7.5,0.34900000000000003,True,True,False
12.723731756210327,forward_010,2.723731756210327,0.1,0.0,0.0,-0.014180800172453928,1.1464631524037752,0.44833145160604343,-0.04,0.05,9.55,0.767,0.8888815641403198,0.0,0.12383981887251139,1.0,1.0,7.5,0.34900000000000003,True,True,False
12.744153261184692,forward_010,2.7441532611846924,0.1,0.0,0.0,-0.15162547876700738,1.1977321991811087,0.6894050545377601,-1.84,-0.51,8.69,0.9210000000000002,0.8971007466316223,0.0,0.12221353128552437,1.0,1.0,7.5,0.34900000000000003,True,True,False
12.76452922821045,forward_010,2.764529228210449,0.1,0.0,0.0,-0.3272492347489368,1.1039207518864134,0.33815754257390135,-4.58,3.56,9.63,1.381,0.861014723777771,0.0,0.09152549738064408,0.0,1.0,7.5,0.34900000000000003,True,True,False
12.784900426864624,forward_010,2.784900426864624,0.1,0.0,0.0,-0.2923426497090502,1.1693705988362009,0.28034351110158917,-2.39,-0.79,8.47,0.9210000000000002,0.7274077534675598,0.0,0.05872327834367752,0.0,1.0,7.5,0.34900000000000003,True,True,False
12.805280208587646,forward_010,2.8052802085876465,0.1,0.0,0.0,0.09490227807719166,0.7886706557449377,0.23234695667174513,-2.79,-0.46,8.41,1.841,0.8513429760932922,0.0,0.05713346414268017,0.0,1.0,7.5,0.34900000000000003,True,True,False
12.82573390007019,forward_010,2.8257339000701904,0.1,0.0,0.0,0.8126689329598596,0.4068798818711781,-0.06981317007977318,-3.79,-3.17,9.620000000000001,2.8389999999999995,0.9189745783805847,0.0,0.06835634261369705,0.0,1.0,7.5,0.34900000000000003,True,True,False
12.846095561981201,forward_010,2.846095561981201,0.1,0.0,0.0,0.928296995904484,0.21162117180431245,-0.08290313946973066,-1.32,-3.45,7.96,2.148,0.9065593481063843,0.0,0.0536703746765852,0.0,1.0,7.5,0.34900000000000003,True,True,False
12.866576433181763,forward_010,2.8665764331817627,0.1,0.0,0.0,1.1442814908387824,-0.6894050545377601,0.5006913291658733,-0.44,-4.21,5.44,0.9210000000000002,0.9450209736824036,0.0,0.08619471173733473,1.0,1.0,7.5,0.34900000000000003,True,True,False
12.88694143295288,forward_010,2.886941432952881,0.1,0.0,0.0,1.0995574287564276,-0.9141161957320301,0.5988660995905544,-3.18,-2.06,5.79,0.9210000000000002,0.9700984954833984,0.07142857142857142,0.10657701455056667,1.0,1.0,7.5,0.34900000000000003,True,True,False
12.907307386398315,forward_010,2.9073073863983154,0.1,0.0,0.0,1.0035643198967394,-1.0613783513690516,0.7024950239277177,-3.18,-2.06,5.79,0.614,0.969950258731842,0.14285714285714285,0.06544121541082859,1.0,1.0,7.6,0.467,True,True,False
12.927674293518066,forward_010,2.9276742935180664,0.1,0.0,0.0,0.32834006553143325,-0.23671027980173096,0.19198621771937624,-3.18,-2.06,5.79,0.9210000000000002,0.9803723692893982,0.14285714285714285,0.043994635343551636,1.0,0.0,7.6,0.467,True,True,False
12.948095321655273,forward_010,2.9480953216552734,0.1,0.0,0.0,-0.16144295580947549,-0.6392268385429232,0.16907877128695067,-2.74,2.0100000000000002,5.3100000000000005,0.9210000000000002,0.9886991381645203,0.21428571428571427,0.07585823908448219,1.0,0.0,7.6,0.467,True,True,False
12.968540906906128,forward_010,2.968540906906128,0.1,0.0,0.0,-0.3621558197888234,-0.5945027764605685,0.2912518189265537,-0.98,2.32,6.32,1.688,0.9870941638946533,0.14285714285714285,0.03164643049240112,1.0,0.0,7.6,0.467,True,True,False
12.989012479782104,forward_010,2.9890124797821045,0.1,0.0,0.0,-0.6141377305455047,-0.4636030825609938,0.40906154343617096,-1.9000000000000001,0.28,7.2,1.918,0.9927961230278015,0.21428571428571427,0.031643353402614594,1.0,0.0,7.6,0.467,True,True,False
13.00949239730835,forward_010,3.0094923973083496,0.1,0.0,0.0,-0.8388488717397746,-0.4406956361285682,0.6784967467127956,-2.35,1.2,7.86,1.6110000000000002,0.9935211539268494,0.21428571428571427,0.02046230435371399,1.0,0.0,7.6,0.467,True,True,False
13.02986216545105,forward_010,3.02986216545105,0.1,0.0,0.0,-1.1344640137963142,-0.48651052899341934,0.5912302841130791,-0.36,4.0200000000000005,9.58,1.534,0.9939197301864624,0.14285714285714285,0.04257927881553769,1.0,1.0,7.6,0.467,True,True,False
13.050224781036377,forward_010,3.050224781036377,0.1,0.0,0.0,-1.1126473981463851,-0.26616271092913524,-0.04254240051736178,0.29,5.36,7.82,0.9210000000000002,0.9887301325798035,0.14285714285714285,0.05270765721797943,1.0,1.0,7.6,0.467,True,True,False
13.070692539215088,forward_010,3.070692539215088,0.1,0.0,0.0,-1.0493792127615906,-0.055632369907319255,-0.42215151282612845,0.29,5.36,7.82,0.6899999999999998,0.9794191718101501,0.14285714285714285,0.07551049906760454,1.0,1.0,7.6,0.467,True,True,False
13.091058731079102,forward_010,3.0910587310791016,0.1,0.0,0.0,-0.5214171140333059,0.4036073895236887,-0.5159629601208237,0.29,5.36,7.82,0.384,0.9543315172195435,0.14285714285714285,0.05746959522366524,1.0,1.0,7.6,0.467,True,True,False
13.111430406570435,forward_010,3.1114304065704346,0.1,0.0,0.0,-0.19416787928436915,0.039269908169872414,-0.8028514559173916,1.01,-3.37,8.6,1.074,0.9719150066375732,0.14285714285714285,0.05816797632724047,1.0,1.0,7.5,0.5700000000000001,True,True,False
13.13179326057434,forward_010,3.131793260574341,0.1,0.0,0.0,-0.17235126363444003,0.0272707695624114,-0.7755806863549802,1.01,-3.37,8.6,1.304,0.9709199666976929,0.07142857142857142,0.017552483594045043,1.0,1.0,7.5,0.5700000000000001,True,True,False
13.152226686477661,forward_010,3.152226686477661,0.1,0.0,0.0,-0.1712604328519436,0.3643374813538163,0.10253809355466686,1.01,-3.37,8.6,0.9970000000000001,0.9503465294837952,0.07142857142857142,0.043572172755375504,1.0,1.0,7.5,0.5700000000000001,True,True,False
13.172589778900146,forward_010,3.1725897789001465,0.1,0.0,0.0,-0.09053895494720585,0.9326603190344699,0.7210391472301574,-2.39,-3.19,7.07,1.304,0.8861307501792908,0.0,0.09396227449178696,1.0,1.0,7.5,0.5700000000000001,True,True,False
13.192991495132446,forward_010,3.1929914951324463,0.1,0.0,0.0,0.2519819107566813,0.6959500392327389,0.7886706557449377,-2.37,-1.36,7.66,0.9210000000000002,0.8326513171195984,0.0,0.07114486303180456,1.0,1.0,7.5,0.5700000000000001,True,True,False
13.213365077972412,forward_010,3.213365077972412,0.1,0.0,0.0,0.32615840396644036,0.7494007475750653,0.6337726846304409,-2.37,-1.36,7.66,0.6899999999999998,0.8354944586753845,0.0,0.1292083840817213,1.0,1.0,7.5,0.5700000000000001,True,True,False
13.233733654022217,forward_010,3.233733654022217,0.1,0.0,0.0,0.1189005552921137,0.6130468997630083,0.42978732830360367,-3.58,2.2,7.12,1.304,0.9631760716438293,0.07142857142857142,0.0978432148694992,1.0,1.0,7.5,0.5700000000000001,True,True,False
13.254094362258911,forward_010,3.254094362258911,0.1,0.0,0.0,-0.06872233929727672,0.6948592084502424,-0.5159629601208237,-3.0,-1.55,7.58,1.765,0.9422982931137085,0.0,0.14584454149007797,0.0,1.0,7.5,0.5700000000000001,True,True,False
13.274467706680298,forward_010,3.274467706680298,0.1,0.0,0.0,0.03490658503988659,0.16798794050445423,-0.6992225315802283,-1.58,-1.92,9.38,2.148,0.796161949634552,0.0,0.05862817168235779,0.0,1.0,7.5,0.5700000000000001,True,True,False
13.294852018356323,forward_010,3.2948520183563232,0.1,0.0,0.0,1.0657416744990376,0.03381575425739013,-0.543233729683235,-1.58,-1.92,9.38,2.225,0.8235360383987427,0.0,0.16203077882528305,0.0,1.0,7.5,0.5700000000000001,True,True,False
13.315337896347046,forward_010,3.315337896347046,0.1,0.0,0.0,1.2871803233458181,-0.017453292519943295,-0.22143864884678055,-1.58,-1.92,9.38,1.458,0.8908553123474121,0.0,0.09083417803049088,0.0,1.0,7.4,0.8620000000000001,True,True,False
13.336286544799805,forward_010,3.3362865447998047,0.1,0.0,0.0,1.3788101090755203,-0.4854196982109229,0.38288160465625604,1.49,-6.03,3.68,0.6899999999999998,0.8874953985214233,0.0,0.10709147155284882,0.0,1.0,7.4,0.8620000000000001,True,True,False
13.356654405593872,forward_010,3.356654405593872,0.1,0.0,0.0,1.2588187230009102,-0.48323803664593,0.7374016089676042,-1.43,0.6,2.31,1.074,0.9381792545318604,0.0,0.05261557921767235,0.0,1.0,7.4,0.8620000000000001,True,True,False
13.377025604248047,forward_010,3.377025604248047,0.1,0.0,0.0,1.141008998491293,-0.5323254218582705,0.56941366846315,-2.18,-0.84,4.5600000000000005,1.381,0.9732872247695923,0.07142857142857142,0.05914589948952198,1.0,1.0,7.4,0.8620000000000001,True,True,False
13.397506475448608,forward_010,3.3975064754486084,0.1,0.0,0.0,1.0450158896316049,-0.5083271446433485,0.37088246604879505,-2.18,-0.84,4.5600000000000005,0.844,0.9421108961105347,0.0,0.0616842545568943,1.0,1.0,7.4,0.8620000000000001,True,True,False
13.417875528335571,forward_010,3.4178755283355713,0.1,0.0,0.0,0.1908953869368798,0.6708609312353204,-0.2781618495365963,-2.18,-0.84,4.5600000000000005,1.304,0.8606332540512085,0.0,0.06406620144844055,1.0,1.0,7.4,0.8620000000000001,True,True,False
13.438257694244385,forward_010,3.4382576942443848,0.1,0.0,0.0,0.044724062082354694,0.38288160465625604,-0.9326603190344699,-0.62,7.0600000000000005,4.69,1.151,0.9151402115821838,0.0,0.1490011364221573,1.0,1.0,7.4,0.8620000000000001,True,True,False
13.458714962005615,forward_010,3.4587149620056152,0.1,0.0,0.0,0.13744467859455345,0.31306843457648287,-1.2260937995260166,-0.62,7.0600000000000005,4.69,0.9970000000000001,0.8560571670532227,0.0,0.09886747598648071,1.0,1.0,7.4,0.8620000000000001,True,True,False
13.47907280921936,forward_010,3.4790728092193604,0.1,0.0,0.0,-0.06654067773228381,0.5705044992456465,-0.7635815477475192,-2.75,-2.48,2.92,0.9210000000000002,0.9343665242195129,0.0,0.05184208508580923,1.0,1.0,7.4,0.8620000000000001,True,True,False
13.499565601348877,forward_010,3.499565601348877,0.1,0.0,0.0,-0.421060682043632,-0.06435901616729091,-0.022907446432425576,0.93,-1.99,7.43,1.381,0.9041227102279663,0.0,0.10275344736874104,1.0,0.0,7.4,0.8620000000000001,True,True,False
13.520114183425903,forward_010,3.5201141834259033,0.1,0.0,0.0,-0.8072147790473774,-0.21271200258680892,0.7646723785300157,0.08,-1.1,9.78,2.302,0.9190843105316162,0.0,0.1185074932873249,1.0,0.0,7.6,0.42900000000000005,True,True,False
13.54048466682434,forward_010,3.540484666824341,0.1,0.0,0.0,-1.1126473981463851,-0.13853550937704992,1.3177235852557188,-3.4,1.19,4.4,2.685,0.9640762209892273,0.21428571428571427,0.08582903444766998,1.0,0.0,7.6,0.42900000000000005,True,True,False
13.560863971710205,forward_010,3.560863971710205,0.1,0.0,0.0,-1.6809702358270386,-0.7232208087951503,0.868301302867179,-1.59,7.03,7.19,1.688,0.9809102416038513,0.14285714285714285,0.05895474785938859,1.0,1.0,7.6,0.42900000000000005,True,True,False
13.58122730255127,forward_010,3.5812273025512695,0.1,0.0,0.0,-1.8260507298990674,-0.8759371183446542,-0.20943951023931956,-1.59,7.03,7.19,1.381,0.9753499627113342,0.14285714285714285,0.025477807968854904,1.0,1.0,7.6,0.42900000000000005,True,True,False
13.601595640182495,forward_010,3.601595640182495,0.1,0.0,0.0,-1.6035212502697902,-0.4014257279586958,-1.124646536753846,-1.59,7.03,7.19,1.151,0.9658743143081665,0.07142857142857142,0.11930808424949646,0.0,1.0,7.6,0.42900000000000005,True,True,False
13.621971845626831,forward_010,3.621971845626831,0.1,0.0,0.0,-0.4046982203061852,0.6403176693254197,-1.2435470920459597,-0.18,-3.92,5.7700000000000005,1.918,0.9277907609939575,0.0,0.08210531994700432,1.0,1.0,7.6,0.42900000000000005,True,True,False
13.642341613769531,forward_010,3.6423416137695312,0.1,0.0,0.0,0.3370667117914049,0.25743606466916363,-1.9416787928436916,-1.78,-4.22,2.56,1.304,0.9530185461044312,0.07142857142857142,0.06217615958303213,1.0,1.0,7.6,0.42900000000000005,True,True,False
13.662813186645508,forward_010,3.662813186645508,0.1,0.0,0.0,0.8039422866998881,-0.14726215563702155,-1.2926344772583003,-1.78,-4.22,2.56,0.46,0.9692772626876831,0.07142857142857142,0.04460820183157921,1.0,1.0,7.6,0.42900000000000005,True,True,False
13.683188676834106,forward_010,3.6831886768341064,0.1,0.0,0.0,0.11562806294462433,0.9141161957320301,-0.4505131131710363,-0.7000000000000001,-8.41,9.27,1.304,0.8672005534172058,0.0,0.07334104739129543,1.0,1.0,7.6,0.42900000000000005,True,True,False
13.703662872314453,forward_010,3.703662872314453,0.1,0.0,0.0,-0.18653206380689397,0.6261368691529657,0.7406741013150936,-0.29,-4.28,5.92,1.688,0.8704831600189209,0.0,0.054837336763739586,1.0,1.0,7.6,0.42900000000000005,True,True,False
13.724209070205688,forward_010,3.7242090702056885,0.1,0.0,0.0,-0.18653206380689397,0.6261368691529657,0.7406741013150936,-0.29,-4.28,5.92,1.151,0.8034757971763611,0.0,0.05656405258923769,1.0,1.0,7.3,0.9880000000000001,True,True,False
13.74457836151123,forward_010,3.7445783615112305,0.1,0.0,0.0,-0.22252947962927702,0.507236313860852,1.1999138607461015,-0.29,-4.28,5.92,0.9210000000000002,0.7394866943359375,0.0,0.15761568024754524,1.0,1.0,7.3,0.9880000000000001,True,True,False
13.76496148109436,forward_010,3.7649614810943604,0.1,0.0,0.0,-0.2596177262341565,0.8901179185171081,1.1595531217937327,-0.29,-4.28,5.92,1.534,0.9558532238006592,0.07142857142857142,0.14886806905269623,1.0,1.0,7.3,0.9880000000000001,True,True,False
13.785451173782349,forward_010,3.7854511737823486,0.1,0.0,0.0,-0.5737769915931359,0.35779249665883756,0.23343778745424157,-0.29,-4.28,5.92,1.918,0.9584183692932129,0.07142857142857142,0.05869215726852417,1.0,1.0,7.3,0.9880000000000001,True,True,False
13.805830717086792,forward_010,3.805830717086792,0.1,0.0,0.0,-0.34579335805137656,0.32615840396644036,-0.05672320068981571,-0.79,1.25,3.35,1.534,0.6777352094650269,0.0,0.11116117238998413,0.0,1.0,7.3,0.9880000000000001,True,True,False
13.826195240020752,forward_010,3.826195240020752,0.1,0.0,0.0,-0.08508480103472356,-0.533416252640767,-0.42978732830360367,-3.12,-3.08,9.39,2.148,0.7541611194610596,0.0,0.05025971494615078,0.0,1.0,7.3,0.9880000000000001,True,True,False
13.846603870391846,forward_010,3.8466038703918457,0.1,0.0,0.0,0.3981532356112064,-0.6305001922829515,-0.3141592653589793,-3.12,-3.08,9.39,2.378,0.8759174942970276,0.0,0.1620180606842041,0.0,1.0,7.3,0.9880000000000001,True,True,False
13.86698317527771,forward_010,3.86698317527771,0.1,0.0,0.0,0.7766715171374766,-0.7134033317526822,-0.41233403578366035,-2.22,-5.72,9.700000000000001,2.532,0.9085060954093933,0.0,0.09784201206639409,0.0,1.0,7.3,0.9880000000000001,True,True,False
13.887463808059692,forward_010,3.8874638080596924,0.1,0.0,0.0,1.0591966898040588,-0.9795660426818175,-0.10581058590215622,0.41000000000000003,-4.79,7.76,1.227,0.7875699400901794,0.0,0.04923775163479149,0.0,1.0,7.3,0.9880000000000001,True,True,False
13.907832860946655,forward_010,3.9078328609466553,0.1,0.0,0.0,1.203186353093591,-1.31117860056074,0.8006697943523987,-0.9400000000000001,-1.0,6.19,1.688,0.9085591435432434,0.0,0.058781218715012074,0.0,1.0,7.3,0.9880000000000001,True,True,False
13.928208827972412,forward_010,3.928208827972412,0.1,0.0,0.0,1.2860894925633215,-1.100648259538924,0.8628471489546967,-2.54,-1.7,6.42,1.458,0.9683799743652344,0.07142857142857142,0.10257669538259506,1.0,1.0,7.4,1.3,True,True,False
13.948579788208008,forward_010,3.948579788208008,0.1,0.0,0.0,1.4769848795002014,-0.7188574856651645,1.1279190291013355,-2.38,-0.16,5.44,0.9970000000000001,0.9735714793205261,0.07142857142857142,0.05689934268593788,1.0,1.0,7.4,1.3,True,True,False
13.968949794769287,forward_010,3.968949794769287,0.1,0.0,0.0,1.507528141410102,-0.8704829644321719,1.2260937995260166,0.76,-0.05,4.73,1.304,0.9312145113945007,0.0,0.06886222213506699,1.0,1.0,7.4,1.3,True,True,False
13.989327907562256,forward_010,3.989327907562256,0.1,0.0,0.0,0.36979163526629855,-0.6185010536754906,0.8715737952146683,0.76,-0.05,4.73,1.458,0.9556573033332825,0.07142857142857142,0.1355297565460205,1.0,1.0,7.4,1.3,True,True,False
14.009705781936646,forward_010,4.0097057819366455,0.1,0.0,0.0,-0.25089107997418486,-0.15162547876700738,-0.6119560689805118,-0.09,7.11,9.620000000000001,1.765,0.903213381767273,0.0,0.08909129723906517,1.0,1.0,7.4,1.3,True,True,False
14.030194997787476,forward_010,4.030194997787476,0.1,0.0,0.0,-0.3643374813538163,-0.4428772976935611,-0.9479319499894202,-0.45,6.63,8.76,1.534,0.9269120097160339,0.0,0.0977245345711708,1.0,0.0,7.4,1.3,True,True,False
14.050566911697388,forward_010,4.050566911697388,0.1,0.0,0.0,-0.4799655442984406,-0.4919646829059016,-0.557414529855689,-0.23,-3.8000000000000003,5.95,1.458,0.9617711901664734,0.07142857142857142,0.04861145466566086,1.0,0.0,7.4,1.3,True,True,False
14.07094669342041,forward_010,4.07094669342041,0.1,0.0,0.0,-0.9970193352017608,-0.6850417314077744,-0.17562375598192942,0.98,1.06,8.39,1.995,0.9531809687614441,0.07142857142857142,0.05683078616857529,1.0,0.0,7.4,1.3,True,True,False
14.091318368911743,forward_010,4.091318368911743,0.1,0.0,0.0,-1.335176877775662,-0.8104872713948668,-0.07090400086226964,-0.06,-1.57,-0.01,2.378,0.9757212996482849,0.14285714285714285,0.060153961181640625,1.0,1.0,7.4,1.3,True,True,False
14.11168122291565,forward_010,4.111681222915649,0.1,0.0,0.0,-1.4148075248979033,-0.9686577348568529,0.8323038870447959,-0.71,-1.74,7.84,2.071,0.9856047034263611,0.14285714285714285,0.048924077302217484,1.0,1.0,7.4,1.3,True,True,False
14.132126092910767,forward_010,4.132126092910767,0.1,0.0,0.0,-1.5140731261050808,-0.9228428419920017,0.9348419805994628,0.89,3.14,2.38,1.151,0.9735021591186523,0.14285714285714285,0.049090199172496796,1.0,1.0,7.4,0.76,True,True,False
14.15249228477478,forward_010,4.15249228477478,0.1,0.0,0.0,-1.0090184738092218,-0.595593607243065,0.24870941840919197,0.89,3.14,2.38,0.767,0.9800997376441956,0.14285714285714285,0.038023076951503754,1.0,1.0,7.4,0.76,True,True,False
14.172851800918579,forward_010,4.172851800918579,0.1,0.0,0.0,-0.4799655442984406,0.08508480103472356,0.6424993308904126,0.89,3.14,2.38,1.151,0.9811186194419861,0.14285714285714285,0.06839718855917454,1.0,1.0,7.4,0.76,True,True,False
14.193223714828491,forward_010,4.193223714828491,0.1,0.0,0.0,0.1930770485018727,-0.2596177262341565,0.6228643768054763,3.17,-3.47,9.790000000000001,0.9970000000000001,0.9663796424865723,0.14285714285714285,0.12099234759807587,1.0,1.0,7.4,0.76,True,True,False
14.213608026504517,forward_010,4.213608026504517,0.1,0.0,0.0,0.47123889803846897,-0.1189005552921137,-0.026179938779914945,2.15,-1.48,8.41,0.9210000000000002,0.9817023873329163,0.14285714285714285,0.09408961981534958,1.0,1.0,7.4,0.76,True,True,False
14.233973503112793,forward_010,4.233973503112793,0.1,0.0,0.0,0.5912302841130791,-0.21925698728178766,-0.20289452554434081,1.85,-1.75,8.1,0.384,0.977588415145874,0.14285714285714285,0.02341533452272415,1.0,1.0,7.4,0.76,True,True,False
14.254451751708984,forward_010,4.254451751708984,0.1,0.0,0.0,0.21925698728178766,0.022907446432425576,-0.5257804371632918,0.59,-0.28,8.94,0.6899999999999998,0.9823101758956909,0.14285714285714285,0.045893460512161255,1.0,1.0,7.4,0.76,True,True,False
14.274837732315063,forward_010,4.2748377323150635,0.1,0.0,0.0,0.11235557059713497,0.17780541754692233,-0.7723081940074908,0.59,-0.28,8.94,0.46,0.9829308986663818,0.14285714285714285,0.02365291863679886,1.0,1.0,7.4,0.76,True,True,False
14.295207977294922,forward_010,4.295207977294922,0.1,0.0,0.0,0.08944812416470939,0.0545415391248228,-0.8606654873897037,1.11,-0.39,8.38,0.537,0.9840549230575562,0.14285714285714285,0.03275364637374878,1.0,1.0,7.4,0.76,True,True,False
14.315592527389526,forward_010,4.315592527389526,0.1,0.0,0.0,0.06435901616729091,0.24216443371421323,-0.48978302134090873,1.28,-0.07,7.5,0.46,0.9816190004348755,0.14285714285714285,0.04908253578469157,1.0,1.0,7.4,0.76,True,True,False
14.336044073104858,forward_010,4.336044073104858,0.1,0.0,0.0,0.0818123086872342,0.284706834231575,-0.17562375598192942,1.28,-0.07,7.5,0.307,0.9821354150772095,0.07142857142857142,0.03593124123290181,1.0,1.0,7.5,0.376,True,True,False
14.357045650482178,forward_010,4.357045650482178,0.1,0.0,0.0,0.00545415391248228,0.45160394395353276,0.05999569303730508,1.28,-0.07,7.5,0.307,0.9803942441940308,0.07142857142857142,0.03536708652973175,1.0,1.0,7.5,0.376,True,True,False
14.377408027648926,forward_010,4.377408027648926,0.1,0.0,0.0,-0.13962634015954636,0.4385139745635753,0.1308996938995747,-0.02,-0.73,7.66,0.384,0.9792113304138184,0.14285714285714285,0.04886583238840103,1.0,1.0,7.5,0.376,True,True,False
14.397775650024414,forward_010,4.397775650024414,0.1,0.0,0.0,-0.22252947962927702,0.41560652813114973,0.31852258848896514,0.7000000000000001,-0.35000000000000003,9.64,0.614,0.9704742431640625,0.14285714285714285,0.07792714051902294,1.0,1.0,7.5,0.376,True,True,False
14.418154954910278,forward_010,4.418154954910278,0.1,0.0,0.0,-0.25743606466916363,0.6294093615004551,0.5246896063807953,0.7000000000000001,-0.35000000000000003,9.64,0.767,0.9764481782913208,0.07142857142857142,0.09797524474561214,1.0,1.0,7.5,0.376,True,True,False
14.438522815704346,forward_010,4.438522815704346,0.1,0.0,0.0,-0.3196134192714616,0.7264933011426397,0.6163193921104976,0.1,-1.03,8.21,0.9210000000000002,0.9575669765472412,0.07142857142857142,0.08096884191036224,1.0,1.0,7.5,0.376,True,True,False
14.458920001983643,forward_010,4.458920001983643,0.1,0.0,0.0,-0.15817046346198613,0.7188574856651645,0.681769239060285,0.19,-0.56,9.19,0.9970000000000001,0.9497058391571045,0.0,0.04457254707813263,1.0,1.0,7.5,0.376,True,True,False
14.479299783706665,forward_010,4.479299783706665,0.1,0.0,0.0,0.006544984694978736,0.753764070705051,0.7188574856651645,0.11,-0.79,8.370000000000001,1.534,0.9477839469909668,0.0,0.05220772698521614,1.0,1.0,7.5,0.376,True,True,False
14.499670028686523,forward_010,4.499670028686523,0.1,0.0,0.0,0.5486878835957173,0.7341291166201148,0.5115996369908379,0.11,-0.79,8.370000000000001,2.225,0.9304463267326355,0.0,0.030579647049307823,1.0,1.0,7.5,0.376,True,True,False
14.520106792449951,forward_010,4.520106792449951,0.1,0.0,0.0,0.8006697943523987,1.016654289286697,-0.05345070834232634,0.11,-0.79,8.370000000000001,1.995,0.8682780265808105,0.0,0.10504493862390518,1.0,1.0,7.5,0.376,True,True,False
14.540484428405762,forward_010,4.540484428405762,0.1,0.0,0.0,0.8639379797371931,1.0199267816341864,-0.39269908169872414,0.11,-0.79,8.370000000000001,1.381,0.847694456577301,0.0,0.10408823192119598,1.0,1.0,7.4,0.674,True,True,False
14.560871124267578,forward_010,4.560871124267578,0.1,0.0,0.0,0.8726646259971648,1.0133817969392076,-0.6544984694978736,-3.46,-2.19,9.15,0.9210000000000002,0.8697695732116699,0.0,0.09768685512244701,1.0,1.0,7.4,0.674,True,True,False
14.581245183944702,forward_010,4.581245183944702,0.1,0.0,0.0,0.9435686268594344,0.6730425928003133,-0.533416252640767,0.2,-0.6900000000000001,5.87,1.458,0.8831422924995422,0.0,0.04311954416334629,1.0,0.0,7.4,0.674,True,True,False
14.601627349853516,forward_010,4.601627349853516,0.1,0.0,0.0,0.8497571795647392,0.5312345910757741,-0.31525009614147576,-2.35,-0.71,5.44,1.304,0.8828999996185303,0.0,0.04626108705997467,1.0,0.0,7.4,0.674,True,True,False
14.62200403213501,forward_010,4.62200403213501,0.1,0.0,0.0,0.3948807432637171,-0.013089969389957472,-0.00545415391248228,-1.18,-0.22,7.66,1.381,0.9339281916618347,0.0,0.07607387471944094,1.0,0.0,7.4,0.674,True,True,False
14.64237666130066,forward_010,4.642376661300659,0.1,0.0,0.0,-0.19744037163185854,-0.26398104936414235,0.39051742013373125,-2.23,-0.68,8.370000000000001,2.071,0.9764001965522766,0.21428571428571427,0.07378187216818333,1.0,0.0,7.4,0.674,True,True,False
14.662747383117676,forward_010,4.662747383117676,0.1,0.0,0.0,-0.49960049838337683,-0.2825251726665821,1.0297442586766545,-2.1,0.63,6.76,1.381,0.9802106618881226,0.14285714285714285,0.04298385977745056,1.0,0.0,7.4,0.674,True,True,False
14.683227062225342,forward_010,4.683227062225342,0.1,0.0,0.0,-0.7755806863549802,-0.5879577917655898,1.3308135546456763,-1.73,4.34,9.09,1.381,0.9911315441131592,0.14285714285714285,0.038823256734758615,1.0,1.0,7.4,0.674,True,True,False
14.703607559204102,forward_010,4.703607559204102,0.1,0.0,0.0,-1.0973757671914346,-0.5399612373357457,0.6926775468852495,0.47000000000000003,5.05,8.11,1.074,0.9841099977493286,0.07142857142857142,0.0733262412250042,1.0,1.0,7.4,0.674,True,True,False
14.724083423614502,forward_010,4.724083423614502,0.1,0.0,0.0,-1.239183768915974,-0.4341506514335895,-0.08508480103472356,0.47000000000000003,5.05,8.11,1.458,0.9880707263946533,0.14285714285714285,0.044251374900341034,1.0,1.0,7.4,0.674,True,True,False
14.744447469711304,forward_010,4.744447469711304,0.1,0.0,0.0,-1.4278974942878608,-0.06435901616729091,-0.954476934684399,0.47000000000000003,5.05,8.11,1.918,0.9657292366027832,0.14285714285714285,0.09985074400901794,1.0,1.0,7.5,0.29100000000000004,True,True,False
14.76481294631958,forward_010,4.76481294631958,0.1,0.0,0.0,-0.7995789635699022,0.7995789635699022,-1.5609788497524284,0.47000000000000003,5.05,8.11,1.074,0.8971999287605286,0.0,0.09604249615222216,1.0,1.0,7.5,0.29100000000000004,True,True,False
14.785178422927856,forward_010,4.7851784229278564,0.1,0.0,0.0,0.3567016658763411,-0.20289452554434081,-2.494729999569395,4.0200000000000005,-0.11,7.59,1.304,0.9490716457366943,0.0,0.09339544549584389,1.0,1.0,7.5,0.29100000000000004,True,True,False
14.805560827255249,forward_010,4.805560827255249,0.1,0.0,0.0,0.7330382858376184,0.038179077387375956,-1.9340429773662164,1.69,-4.7700000000000005,7.45,1.304,0.9649748206138611,0.07142857142857142,0.030263908207416534,1.0,1.0,7.5,0.29100000000000004,True,True,False
14.825932025909424,forward_010,4.825932025909424,0.1,0.0,0.0,0.25634523388666713,0.11999138607461016,-1.5773413114898753,1.69,-4.7700000000000005,7.45,1.381,0.9583249688148499,0.07142857142857142,0.03330245800316334,1.0,1.0,7.5,0.29100000000000004,True,True,False
14.846309900283813,forward_010,4.8463099002838135,0.1,0.0,0.0,-0.2945243112740431,0.18216874067690814,-0.5290529295107811,-2.71,-2.39,8.99,1.304,0.9571423530578613,0.07142857142857142,0.04609962925314903,1.0,1.0,7.5,0.29100000000000004,True,True,False
14.866681575775146,forward_010,4.8666815757751465,0.1,0.0,0.0,-0.3108867730114899,0.6163193921104976,0.9272061651219876,-4.03,-3.83,7.82,0.767,0.9285236597061157,0.0,0.12596197670791298,1.0,1.0,7.5,0.29100000000000004,True,True,False
14.88704538345337,forward_010,4.887045383453369,0.1,0.0,0.0,0.01090830782496456,0.4821472058634335,1.461713248545251,1.0,-3.11,8.77,0.384,0.7986881732940674,0.0,0.11174738593399525,1.0,1.0,7.5,0.29100000000000004,True,True,False
14.907513856887817,forward_010,4.907513856887817,0.1,0.0,0.0,0.014180800172453928,0.8148505945248526,1.3919000784654778,1.0,-3.11,8.77,0.6899999999999998,0.8402972221374512,0.0,0.11911389604210854,1.0,1.0,7.5,0.29100000000000004,True,True,False
14.928049325942993,forward_010,4.928049325942993,0.1,0.0,0.0,0.07417649320975901,0.6250460383704692,0.8628471489546967,1.0,-3.11,8.77,0.9210000000000002,0.9237344264984131,0.0,0.05523128993809223,0.0,1.0,7.5,0.29100000000000004,True,True,False
14.948500394821167,forward_010,4.948500394821167,0.1,0.0,0.0,-0.07963064712224129,0.9293878266869805,0.4821472058634335,-2.94,4.54,5.39,1.6110000000000002,0.90447998046875,0.0,0.11514402134343982,0.0,1.0,7.0,1.824,True,True,False
14.968858003616333,forward_010,4.968858003616333,0.1,0.0,0.0,-0.038179077387375956,0.4385139745635753,-0.2977968036215325,-1.6600000000000001,-0.48,8.48,1.995,0.6978114247322083,0.0,0.07772821933031082,0.0,1.0,7.0,1.824,True,True,False
14.989289045333862,forward_010,4.989289045333862,0.1,0.0,0.0,0.29670597283903605,0.21598449493429828,-0.6686792696703275,-1.6600000000000001,-0.48,8.48,2.608,0.8505709767341614,0.0,0.12913328409194946,0.0,1.0,7.0,1.824,True,True,False
15.00977349281311,forward_010,5.00977349281311,0.1,0.0,0.0,0.8508480103472357,0.09381144729469522,-0.9021170571245691,-3.14,-4.7,9.370000000000001,1.458,0.9017678499221802,0.0,0.06198735162615776,0.0,1.0,7.0,1.824,True,True,False
15.030147790908813,forward_010,5.0301477909088135,0.1,0.0,0.0,1.1540989678812503,-0.29888763440402893,-0.6370451769779303,-3.14,-4.7,9.370000000000001,0.767,0.9583867788314819,0.07142857142857142,0.10302445106208324,1.0,1.0,7.0,1.824,True,True,False
15.050623655319214,forward_010,5.050623655319214,0.1,0.0,0.0,1.2642728769133924,-0.6239552075879728,0.028361600344907856,-1.24,-1.6,8.18,0.9970000000000001,0.9637444615364075,0.14285714285714285,0.0966480914503336,1.0,1.0,7.0,1.824,True,True,False
15.071083784103394,forward_010,5.0710837841033936,0.1,0.0,0.0,1.2719086923908676,-0.7613998861825263,0.4308781590861001,-1.41,-3.41,4.96,0.9970000000000001,0.9710521697998047,0.14285714285714285,0.027499917894601822,1.0,0.0,7.0,1.824,True,True,False
15.091448068618774,forward_010,5.091448068618774,0.1,0.0,0.0,1.210822168571066,-0.6206827152404835,0.8792096106921435,-0.42,3.33,8.45,1.381,0.9394938349723816,0.0,0.0672052598092705,1.0,1.0,7.0,1.824,True,True,False
15.111927270889282,forward_010,5.111927270889282,0.1,0.0,0.0,0.05890486225480862,-0.17671458676442586,1.2162763224835484,-0.42,3.33,8.45,1.765,0.9743356108665466,0.07142857142857142,0.19381892681121826,1.0,1.0,7.0,1.824,True,True,False
15.132304906845093,forward_010,5.132304906845093,0.1,0.0,0.0,-0.5257804371632918,0.007635815477475192,0.5890486225480862,-0.42,3.33,8.45,1.458,0.9712311029434204,0.14285714285714285,0.07610150426626205,1.0,1.0,7.0,1.824,True,True,False
15.152684211730957,forward_010,5.152684211730957,0.1,0.0,0.0,-0.7046766854927106,-0.04690572364734761,-0.8115781021773633,-5.33,3.06,7.79,0.9210000000000002,0.9738668203353882,0.14285714285714285,0.15245813876390457,1.0,1.0,7.4,0.9550000000000001,True,True,False
15.17305302619934,forward_010,5.173053026199341,0.1,0.0,0.0,-0.2007128639793479,0.4494222823885399,-0.07744898555724837,-1.86,3.67,4.23,1.381,0.9526386260986328,0.07142857142857142,0.07701697200536728,1.0,1.0,7.4,0.9550000000000001,True,True,False
15.193424463272095,forward_010,5.193424463272095,0.1,0.0,0.0,0.11017390903214205,-0.0545415391248228,-0.6359543461954338,2.02,-0.63,4.34,1.534,0.9619247913360596,0.07142857142857142,0.14213234186172485,1.0,0.0,7.4,0.9550000000000001,True,True,False
15.213802576065063,forward_010,5.2138025760650635,0.1,0.0,0.0,-0.044724062082354694,0.21925698728178766,-0.7483099167925688,-0.44,-1.8800000000000001,4.3500000000000005,1.995,0.9736415147781372,0.07142857142857142,0.07955192029476166,1.0,0.0,7.4,0.9550000000000001,True,True,False
15.234236001968384,forward_010,5.234236001968384,0.1,0.0,0.0,-0.5661411761156606,0.34579335805137656,-0.4134248665661568,-0.44,-1.8800000000000001,4.3500000000000005,2.225,0.9204310774803162,0.0,0.05029314593411982,1.0,1.0,7.4,0.9550000000000001,True,True,False
15.254603624343872,forward_010,5.254603624343872,0.1,0.0,0.0,-0.7635815477475192,0.21489366415180183,0.5443245604657315,-0.78,1.47,6.3100000000000005,1.841,0.9359725713729858,0.0,0.05614548176527023,1.0,1.0,7.4,0.9550000000000001,True,True,False
15.274969339370728,forward_010,5.2749693393707275,0.1,0.0,0.0,-1.3188144160382154,-0.025089107997418487,1.1737339219661866,-0.3,3.4,6.53,0.767,0.9357473254203796,0.0,0.01914222538471222,1.0,1.0,7.4,0.9550000000000001,True,True,False
15.295326709747314,forward_010,5.2953267097473145,0.1,0.0,0.0,-1.6111570657472654,-0.41233403578366035,0.667588438887831,-0.3,3.4,6.53,0.614,0.9485909938812256,0.0,0.025402431725524366,1.0,1.0,7.4,0.9550000000000001,True,True,False
15.315794944763184,forward_010,5.315794944763184,0.1,0.0,0.0,-0.9610219193793778,0.3981532356112064,-0.13962634015954636,-7.890000000000001,1.29,8.85,0.844,0.9342264533042908,0.0,0.08883157186210155,1.0,1.0,7.4,0.9550000000000001,True,True,False
15.336262702941895,forward_010,5.3362627029418945,0.1,0.0,0.0,-0.35452000431134817,1.2173671532660448,0.19634954084936207,-2.35,-1.33,5.5,0.614,0.8401694297790527,0.0,0.16187750548124313,1.0,1.0,7.4,0.9550000000000001,True,True,False
15.356638193130493,forward_010,5.356638193130493,0.1,0.0,0.0,-0.11562806294462433,0.3937899124812206,-0.25416357232167425,-2.35,-1.33,5.5,0.46,0.827025830745697,0.0,0.1115017831325531,0.0,1.0,7.0,2.3129999999999997,True,True,False
15.377606868743896,forward_010,5.3776068687438965,0.1,0.0,0.0,-0.17889624832941878,0.779944009484966,-0.9032078879070655,-2.86,-4.4,9.08,0.6899999999999998,0.881259560585022,0.0,0.1040753461420536,0.0,1.0,7.0,2.3129999999999997,True,True,False
15.397981405258179,forward_010,5.397981405258179,0.1,0.0,0.0,-0.11017390903214205,0.9435686268594344,-0.1308996938995747,-3.0100000000000002,-2.34,8.94,0.844,0.8616958856582642,0.0,0.17681978270411491,1.0,1.0,7.0,2.3129999999999997,True,True,False
15.418351650238037,forward_010,5.418351650238037,0.1,0.0,0.0,-0.2585268954516601,0.7744898555724837,0.03490658503988659,-3.72,-2.47,7.67,0.844,0.9480271339416504,0.0,0.11586608365178108,1.0,1.0,7.0,2.3129999999999997,True,True,False
15.438738346099854,forward_010,5.4387383460998535,0.1,0.0,0.0,-0.47451139038595835,0.32615840396644036,0.23561944901923448,-3.72,-2.47,7.67,1.074,0.9035950303077698,0.0,0.08218932524323463,0.0,1.0,7.0,2.3129999999999997,True,True,False
15.459200143814087,forward_010,5.459200143814087,0.1,0.0,0.0,-0.4734205596034619,0.18544123302439752,0.8344855486097889,-2.87,-1.02,7.9,2.071,0.8608860373497009,0.0,0.06855534389615059,0.0,1.0,7.0,2.3129999999999997,True,True,False
15.479679584503174,forward_010,5.479679584503174,0.1,0.0,0.0,-0.3763366199612773,-0.13526301702956053,0.9817477042468103,-2.73,-2.32,7.890000000000001,2.071,0.9223086833953857,0.0,0.039886750280857086,0.0,1.0,7.0,2.3129999999999997,True,True,False
15.500105857849121,forward_010,5.500105857849121,0.1,0.0,0.0,0.09381144729469522,-0.3021601267515183,0.964294411726867,-2.85,-2.16,6.94,2.455,0.9640144109725952,0.07142857142857142,0.07908542267978191,0.0,1.0,7.0,2.3129999999999997,True,True,False
15.52047061920166,forward_010,5.52047061920166,0.1,0.0,0.0,0.6403176693254197,-0.3948807432637171,0.4603305902135044,-2.85,-2.16,6.94,2.148,0.982345461845398,0.07142857142857142,0.10839172080159187,0.0,1.0,7.0,2.3129999999999997,True,True,False
15.540836811065674,forward_010,5.540836811065674,0.1,0.0,0.0,0.7264933011426397,-0.22362031041177347,0.07417649320975901,-2.7800000000000002,-2.49,7.09,1.6110000000000002,0.9477090835571289,0.0,0.05594406835734844,0.0,1.0,7.0,2.3129999999999997,True,True,False
15.561207294464111,forward_010,5.561207294464111,0.1,0.0,0.0,0.8181230868723419,-0.5901394533305827,0.3643374813538163,-1.08,-1.17,4.96,1.381,0.9651661515235901,0.07142857142857142,0.09529104665853083,0.0,1.0,7.3,0.8560000000000001,True,True,False
15.581773519515991,forward_010,5.581773519515991,0.1,0.0,0.0,1.2424562612634633,-0.904298718689562,0.6490443155853913,-2.96,-2.14,5.87,2.378,0.9711381196975708,0.07142857142857142,0.09115691855549812,0.0,1.0,7.3,0.8560000000000001,True,True,False
15.602139949798584,forward_010,5.602139949798584,0.1,0.0,0.0,1.5915221116623293,-1.0777408131064985,0.6217735460229799,-1.3900000000000001,-0.03,7.7,2.762,0.9770618677139282,0.07142857142857142,0.0647563748061657,1.0,1.0,7.3,0.8560000000000001,True,True,False
15.622700214385986,forward_010,5.622700214385986,0.1,0.0,0.0,1.523890603147549,-1.0613783513690516,0.39924406639370286,-1.99,0.21,7.18,1.151,0.9372861981391907,0.0,0.0931174848228693,1.0,1.0,7.3,0.8560000000000001,True,True,False
15.64315915107727,forward_010,5.6431591510772705,0.1,0.0,0.0,1.5893404500973363,-1.054833366674073,0.3272492347489368,-1.37,-1.8900000000000001,9.09,1.381,0.93208909034729,0.0,0.038114369846880436,1.0,0.0,7.3,0.8560000000000001,True,True,False
15.663537740707397,forward_010,5.6635377407073975,0.1,0.0,0.0,1.8129607605091098,-1.0395617357191225,0.5028729907308662,-1.37,-1.8900000000000001,9.09,1.765,0.9549724459648132,0.07142857142857142,0.04147185105830431,1.0,0.0,7.3,0.8560000000000001,True,True,False
15.684096574783325,forward_010,5.684096574783325,0.1,0.0,0.0,1.0428342280666119,-0.6305001922829515,0.6752242543653062,-3.74,4.32,9.200000000000001,1.458,0.9672371745109558,0.14285714285714285,0.06286578625440598,1.0,0.0,7.3,0.8560000000000001,True,True,False
15.704473972320557,forward_010,5.704473972320557,0.1,0.0,0.0,0.12762720155208535,-0.22143864884678055,-0.6446809924554054,-0.38,4.16,5.78,1.458,0.9345178604125977,0.0,0.10120496526360512,1.0,0.0,7.3,0.8560000000000001,True,True,False
15.724963903427124,forward_010,5.724963903427124,0.1,0.0,0.0,-0.23125612588924865,-1.1235557059713497,-0.9490227807719167,3.11,1.07,6.41,2.071,0.9169960021972656,0.0,0.08612478151917458,1.0,0.0,7.3,0.8560000000000001,True,True,False
15.745439291000366,forward_010,5.745439291000366,0.1,0.0,0.0,-0.39051742013373125,-0.6359543461954338,-0.4494222823885399,-1.32,-2.73,4.24,2.071,0.9945196509361267,0.14285714285714285,0.1494327336549759,1.0,0.0,7.3,0.8560000000000001,True,True,False
15.76581072807312,forward_010,5.76581072807312,0.1,0.0,0.0,-0.6206827152404835,-0.7897614865274342,0.7068583470577035,0.0,3.98,6.6000000000000005,1.765,0.9904087781906128,0.21428571428571427,0.16945426166057587,1.0,0.0,7.5,0.331,True,True,False
15.786170959472656,forward_010,5.786170959472656,0.1,0.0,0.0,-0.7570365630525404,-0.842121364087264,0.48105637508093707,-0.28,3.98,9.28,1.688,0.9845059514045715,0.07142857142857142,0.05082101561129093,1.0,0.0,7.5,0.331,True,True,False
15.80654501914978,forward_010,5.80654501914978,0.1,0.0,0.0,-0.7232208087951503,-0.8388488717397746,0.5977752688080579,-0.02,3.56,8.07,0.9970000000000001,0.9918498992919922,0.14285714285714285,0.043312063440680504,1.0,0.0,7.5,0.331,True,True,False
15.827000141143799,forward_010,5.827000141143799,0.1,0.0,0.0,-0.8028514559173916,-1.2184579840485412,0.4265148359561143,2.27,3.19,9.48,0.9210000000000002,0.9666823148727417,0.07142857142857142,0.14126645680516958,1.0,0.0,7.5,0.331,True,True,False
15.8473641872406,forward_010,5.847364187240601,0.1,0.0,0.0,-0.7821256710499589,-0.5617778529856748,-0.04036073895236887,-0.33,3.4,6.49,0.9970000000000001,0.9860513806343079,0.14285714285714285,0.15780141111463308,1.0,0.0,7.5,0.331,True,True,False
15.867794513702393,forward_010,5.867794513702393,0.1,0.0,0.0,-0.9381144729469522,-0.43524148221608594,-0.7254024703601433,0.74,3.42,8.49,1.381,0.9749346971511841,0.14285714285714285,0.04419364035129547,1.0,1.0,7.5,0.331,True,True,False
15.888314723968506,forward_010,5.888314723968506,0.1,0.0,0.0,-1.1290098598838318,-0.26725354171163174,-1.1366456753613072,0.74,3.42,8.49,0.6899999999999998,0.9748382568359375,0.14285714285714285,0.039313118904829025,1.0,1.0,7.5,0.331,True,True,False
15.908692359924316,forward_010,5.908692359924316,0.1,0.0,0.0,-1.4508049407202865,0.23125612588924865,-1.2370021073509812,0.74,3.42,8.49,0.614,0.9485852122306824,0.0,0.0908171720802784,0.0,1.0,7.5,0.331,True,True,False
15.929060697555542,forward_010,5.929060697555542,0.1,0.0,0.0,-0.5268712679457882,-0.2879793265790644,-1.3842642629880026,0.74,3.42,8.49,0.6899999999999998,0.9676297903060913,0.14285714285714285,0.05063657835125923,0.0,1.0,7.5,0.331,True,True,False
15.949434995651245,forward_010,5.949434995651245,0.1,0.0,0.0,-0.16471544815696484,-0.20616701789183017,-1.423534171157875,2.14,-5.58,4.49,0.9970000000000001,0.9732880592346191,0.14285714285714285,0.10009169578552246,1.0,1.0,7.5,0.331,True,True,False
15.96981143951416,forward_010,5.96981143951416,0.1,0.0,0.0,-0.2945243112740431,0.02945243112740431,-0.9490227807719167,0.65,-7.29,8.48,1.074,0.9649059772491455,0.07142857142857142,0.06648190319538116,0.0,1.0,7.5,0.311,True,True,False
15.990171909332275,forward_010,5.990171909332275,0.1,0.0,0.0,-0.5541420375081997,0.2650718801466388,-0.26616271092913524,0.65,-7.29,8.48,0.9970000000000001,0.9709404110908508,0.07142857142857142,0.04578135162591934,0.0,1.0,7.5,0.311,True,True,False
16.010649919509888,forward_010,6.010649919509888,0.1,0.0,0.0,-0.3719732968312915,0.8170322560898455,0.2999784651865254,-2.74,-4.89,8.48,0.6899999999999998,0.9338676929473877,0.0,0.10531439445912838,1.0,1.0,7.5,0.311,True,True,False
16.031092882156372,forward_010,6.031092882156372,0.1,0.0,0.0,-0.05345070834232634,0.5857761302005968,0.8235772407848243,0.8200000000000001,-1.27,8.69,0.384,0.9254757165908813,0.0,0.09102053195238113,1.0,1.0,7.5,0.311,True,True,False
16.051571130752563,forward_010,6.0515711307525635,0.1,0.0,0.0,0.19198621771937624,0.47778388273344774,0.4166973589136462,0.65,-2.42,8.700000000000001,0.614,0.960119366645813,0.07142857142857142,0.09436472039669752,1.0,1.0,7.5,0.311,True,True,False
16.071995496749878,forward_010,6.071995496749878,0.1,0.0,0.0,0.3861540970037454,0.7254024703601433,0.21380283336930536,3.3200000000000003,-1.32,8.06,1.227,0.8918862342834473,0.0,0.06492558214813471,1.0,1.0,7.5,0.311,True,True,False
16.09235954284668,forward_010,6.09235954284668,0.1,0.0,0.0,0.5377795757707527,0.7417649320975901,0.06326818538479445,0.78,-0.89,8.84,1.458,0.9453322887420654,0.0,0.051418863236904144,1.0,1.0,7.5,0.311,True,True,False
16.112722396850586,forward_010,6.112722396850586,0.1,0.0,0.0,0.5977752688080579,0.5345070834232635,-0.2378011105842274,0.78,-0.89,8.84,1.688,0.9478158354759216,0.0,0.0931264627724886,1.0,1.0,7.5,0.311,True,True,False
16.133098125457764,forward_010,6.133098125457764,0.1,0.0,0.0,0.8028514559173916,0.9512044423369096,-0.5639595145506677,-2.22,-1.02,8.51,1.6110000000000002,0.9389855265617371,0.0,0.06209210492670536,1.0,1.0,7.5,0.311,True,True,False
16.153485774993896,forward_010,6.1534857749938965,0.1,0.0,0.0,0.8857545953871222,0.7733990247899872,-0.5268712679457882,-2.22,-1.02,8.51,1.841,0.9333692789077759,0.0,0.06608391244662926,1.0,1.0,7.5,0.311,True,True,False
16.173859119415283,forward_010,6.173859119415283,0.1,0.0,0.0,0.7395832705325971,1.0101093045917182,-0.3916082509162277,-2.22,-1.02,8.51,1.304,0.9195533990859985,0.0,0.11622704565525055,1.0,1.0,7.4,0.656,True,True,False
16.19422149658203,forward_010,6.194221496582031,0.1,0.0,0.0,0.8410305333047675,1.1420998292737894,-0.5443245604657315,-1.92,-1.2,6.99,0.844,0.8682501316070557,0.0,0.0945750568062067,1.0,1.0,7.4,0.656,True,True,False
16.21461296081543,forward_010,6.21461296081543,0.1,0.0,0.0,0.8977537339945832,0.657770961845363,-0.6457718232379019,-1.6400000000000001,0.11,6.1000000000000005,1.074,0.8763989210128784,0.0,0.054407158866524696,1.0,1.0,7.4,0.656,True,True,False
16.2350070476532,forward_010,6.235007047653198,0.1,0.0,0.0,0.755945732270044,0.5628686837681712,-0.767944870877505,-2.18,0.22,7.43,1.227,0.8747112154960632,0.0,0.023983240127563477,1.0,0.0,7.4,0.656,True,True,False
16.25538206100464,forward_010,6.255382061004639,0.1,0.0,0.0,0.543233729683235,0.07963064712224129,-0.7079491778402,-0.88,0.23,7.8100000000000005,1.534,0.9362701773643494,0.0,0.06225128471851349,1.0,0.0,7.4,0.656,True,True,False
16.275861740112305,forward_010,6.275861740112305,0.1,0.0,0.0,0.08726646259971647,-0.06435901616729091,-0.39706240482870997,-1.6500000000000001,0.03,7.57,2.071,0.9684474468231201,0.07142857142857142,0.031207142397761345,1.0,0.0,7.4,0.656,True,True,False
16.2963285446167,forward_010,6.296328544616699,0.1,0.0,0.0,-0.16144295580947549,-0.26616271092913524,0.008726646259971648,-1.6500000000000001,0.03,7.57,1.688,0.9813445806503296,0.14285714285714285,0.0519949272274971,1.0,0.0,7.4,0.656,True,True,False
16.31669521331787,forward_010,6.316695213317871,0.1,0.0,0.0,-0.5094179754258449,-0.27052603405912107,0.8093964406123704,-3.36,1.2,3.59,1.841,0.9765262007713318,0.21428571428571427,0.06917202100157738,1.0,0.0,7.4,0.656,True,True,False
16.337072372436523,forward_010,6.337072372436523,0.1,0.0,0.0,-0.9599310885968813,-0.5737769915931359,0.5650503453331642,-1.6300000000000001,1.45,5.86,0.844,0.9890471696853638,0.14285714285714285,0.0553838349878788,1.0,1.0,7.4,0.656,True,True,False
16.35743761062622,forward_010,6.357437610626221,0.1,0.0,0.0,-0.9708393964218458,-0.5290529295107811,-0.05890486225480862,-1.6300000000000001,1.45,5.86,1.151,0.9924347996711731,0.14285714285714285,0.02928425744175911,1.0,1.0,7.4,0.656,True,True,False
16.37782120704651,forward_010,6.377821207046509,0.1,0.0,0.0,-1.1562806294462433,-0.15162547876700738,-0.6795875774952921,-1.6300000000000001,1.45,5.86,1.074,0.9778013229370117,0.14285714285714285,0.10354524478316307,1.0,1.0,7.6,0.134,True,True,False
16.39926838874817,forward_010,6.399268388748169,0.1,0.0,0.0,-1.3679018012505557,0.6021385919380436,-1.413716694115407,-1.6300000000000001,1.45,5.86,0.9210000000000002,0.9227990508079529,0.0,0.09396648593246937,0.0,1.0,7.6,0.134,True,True,False
16.419713973999023,forward_010,6.419713973999023,0.1,0.0,0.0,-0.34579335805137656,0.5388704065532492,-2.026763593878415,-1.6300000000000001,1.45,5.86,1.151,0.9312222003936768,0.0,0.06391486339271069,1.0,1.0,7.6,0.134,True,True,False
16.440247774124146,forward_010,6.4402477741241455,0.1,0.0,0.0,0.038179077387375956,0.17235126363444003,-2.614721385644005,1.32,-5.38,5.04,0.9970000000000001,0.921684980392456,0.0,0.07914033532142639,1.0,1.0,7.6,0.134,True,True,False
16.460790634155273,forward_010,6.460790634155273,0.1,0.0,0.0,0.47123889803846897,0.16798794050445423,-1.6329736813971947,4.3,-3.09,6.140000000000001,2.148,0.9540848731994629,0.07142857142857142,0.08092154562473297,1.0,1.0,7.6,0.134,True,True,False
16.48127007484436,forward_010,6.48127007484436,0.1,0.0,0.0,0.02945243112740431,0.45160394395353276,-0.878118779909647,4.3,-3.09,6.140000000000001,1.381,0.9597411155700684,0.07142857142857142,0.05151481367647647,1.0,1.0,7.6,0.134,True,True,False
16.50175642967224,forward_010,6.501756429672241,0.1,0.0,0.0,-0.4461497900410505,0.6763150851478027,0.14726215563702155,-3.0300000000000002,-2.31,9.14,0.9210000000000002,0.8455910086631775,0.0,0.11047961749136448,1.0,1.0,7.6,0.134,True,True,False
16.52212643623352,forward_010,6.5221264362335205,0.1,0.0,0.0,-0.4068798818711781,0.7984881327874057,1.3286318930806833,-6.92,-2.22,7.66,0.844,0.8534681797027588,0.0,0.17060834541916847,1.0,1.0,7.6,0.134,True,True,False
16.542497396469116,forward_010,6.542497396469116,0.1,0.0,0.0,-0.3490658503988659,0.6544984694978736,1.1344640137963142,-6.92,-2.22,7.66,0.844,0.940035343170166,0.0,0.09643962047994137,1.0,1.0,7.6,0.134,True,True,False
16.562875509262085,forward_010,6.562875509262085,0.1,0.0,0.0,-0.4603305902135044,0.5181446216858165,1.1693705988362009,-6.92,-2.22,7.66,0.9970000000000001,0.971338152885437,0.07142857142857142,0.07037659373600036,0.0,1.0,7.6,0.134,True,True,False
16.58325505256653,forward_010,6.583255052566528,0.1,0.0,0.0,-0.33161255787892263,0.6894050545377601,0.6283185307179586,-3.0700000000000003,1.78,4.66,1.6110000000000002,0.8003982901573181,0.0,0.07509025186300278,0.0,1.0,6.6,3.171,True,True,False
16.60361957550049,forward_010,6.603619575500488,0.1,0.0,0.0,-0.11562806294462433,-0.2628902185816459,0.03599741582238305,-3.0700000000000003,1.78,4.66,1.995,0.6509578227996826,0.0,0.07861719280481339,0.0,1.0,6.6,3.171,True,True,False
16.62399673461914,forward_010,6.623996734619141,0.1,0.0,0.0,0.3643374813538163,-0.2007128639793479,-0.03599741582238305,-4.01,-0.67,9.700000000000001,2.225,0.8950892090797424,0.0,0.08540276065468788,0.0,1.0,6.6,3.171,True,True,False
16.644370555877686,forward_010,6.6443705558776855,0.1,0.0,0.0,0.8235772407848243,-0.17780541754692233,-0.43196898986859655,-1.76,-6.32,9.28,1.304,0.8571774363517761,0.0,0.08259151875972748,0.0,1.0,6.6,3.171,True,True,False
16.664738416671753,forward_010,6.664738416671753,0.1,0.0,0.0,1.2217304763960306,-0.6490443155853913,-0.41233403578366035,-1.17,-4.7,8.290000000000001,0.844,0.9133507013320923,0.0,0.0948324017226696,0.0,1.0,6.6,3.171,True,True,False
16.685110092163086,forward_010,6.685110092163086,0.1,0.0,0.0,1.2762720155208536,-0.9588402578143848,0.09490227807719166,-0.91,-3.14,7.22,1.304,0.8989789485931396,0.0,0.05231945961713791,0.0,1.0,6.6,3.171,True,True,False
16.70549249649048,forward_010,6.7054924964904785,0.1,0.0,0.0,1.32972272386318,-1.0602875205865552,0.5541420375081997,-1.48,-1.48,4.7700000000000005,1.534,0.9710028767585754,0.07142857142857142,0.11332278605550528,1.0,1.0,6.6,3.171,True,True,False
16.72586441040039,forward_010,6.725864410400391,0.1,0.0,0.0,1.3526301702956054,-0.9173886880795195,0.6239552075879728,-1.8800000000000001,-1.4000000000000001,5.12,1.304,0.9680469036102295,0.07142857142857142,0.044316962361335754,1.0,1.0,6.6,3.171,True,True,False
16.746342420578003,forward_010,6.746342420578003,0.1,0.0,0.0,1.3700834628155487,-0.7428557628800865,0.4505131131710363,-1.8800000000000001,-1.4000000000000001,5.12,1.304,0.9368922114372253,0.0,0.08491180371493101,1.0,1.0,6.6,3.171,True,True,False
16.766712188720703,forward_010,6.766712188720703,0.1,0.0,0.0,1.119192382841364,-0.5126904677733343,0.46687557490848314,-1.8800000000000001,-1.4000000000000001,5.12,1.304,0.9642602801322937,0.07142857142857142,0.13191028404980898,1.0,1.0,6.6,3.171,True,True,False
16.787105321884155,forward_010,6.787105321884155,0.1,0.0,0.0,0.21925698728178766,0.3981532356112064,-0.421060682043632,2.25,6.3,7.74,1.995,0.8430278897285461,0.0,0.08330627530813217,1.0,1.0,7.3,1.1239999999999999,True,True,False
16.807494163513184,forward_010,6.807494163513184,0.1,0.0,0.0,0.2301652951067522,-0.2083486794568231,-0.6992225315802283,0.03,1.93,9.51,1.227,0.9376375079154968,0.0,0.10706353560090065,1.0,0.0,7.3,1.1239999999999999,True,True,False
16.827864408493042,forward_010,6.827864408493042,0.1,0.0,0.0,-0.09272061651219876,0.25416357232167425,-0.4112432050011639,-1.28,-0.22,4.28,1.6110000000000002,0.958350419998169,0.07142857142857142,0.08654787391424179,1.0,0.0,7.3,1.1239999999999999,True,True,False
16.84823989868164,forward_010,6.848239898681641,0.1,0.0,0.0,-0.6708609312353204,-0.22907446432425577,-0.16035212502697901,-1.61,0.26,6.0,2.455,0.9657540321350098,0.07142857142857142,0.08308246731758118,1.0,0.0,7.3,1.1239999999999999,True,True,False
16.868619918823242,forward_010,6.868619918823242,0.1,0.0,0.0,-0.9392053037294485,-0.2617993877991494,0.11671889372712078,-1.56,0.49,8.24,2.378,0.9714401364326477,0.07142857142857142,0.04138377774506807,1.0,0.0,7.3,1.1239999999999999,True,True,False
16.888988733291626,forward_010,6.888988733291626,0.1,0.0,0.0,-1.162825614141222,-0.2454369260617026,0.8137597637423561,-0.33,-1.46,8.040000000000001,2.378,0.952189028263092,0.07142857142857142,0.048425059765577316,1.0,0.0,7.3,1.1239999999999999,True,True,False
16.909363985061646,forward_010,6.9093639850616455,0.1,0.0,0.0,-1.162825614141222,-0.2454369260617026,0.8137597637423561,-0.26,2.88,6.32,2.071,0.974006712436676,0.07142857142857142,0.03301343694329262,1.0,1.0,7.3,1.1239999999999999,True,True,False
16.929728507995605,forward_010,6.9297285079956055,0.1,0.0,0.0,-1.3504485087306124,-0.35452000431134817,0.755945732270044,-0.04,3.1,9.53,0.9970000000000001,0.9778259992599487,0.07142857142857142,0.03698891308158636,1.0,1.0,7.3,1.1239999999999999,True,True,False
16.950091123580933,forward_010,6.950091123580933,0.1,0.0,0.0,-1.576250480707379,-0.4232423436086249,0.3141592653589793,0.86,3.38,9.67,0.6899999999999998,0.9671075940132141,0.14285714285714285,0.04604480788111687,0.0,1.0,7.3,1.1239999999999999,True,True,False
16.97047233581543,forward_010,6.97047233581543,0.1,0.0,0.0,-1.1639164449237185,-0.08072147790473774,-0.6392268385429232,0.86,3.38,9.67,0.844,0.937852680683136,0.0,0.058480472303926945,1.0,1.0,7.3,1.1239999999999999,True,True,False
16.990843772888184,forward_010,6.990843772888184,0.1,0.0,0.0,-0.4559672670835186,0.9119345341670372,-0.7526732399225546,-2.15,-0.96,4.62,1.074,0.8652748465538025,0.0,0.08684906363487244,1.0,1.0,7.5,0.357,True,True,False
17.011247634887695,forward_010,7.011247634887695,0.1,0.0,0.0,0.12980886311707826,0.08617563181722002,-1.0079276430267252,0.01,-2.0,4.26,0.614,0.9559828639030457,0.07142857142857142,0.05861655995249748,1.0,1.0,7.5,0.357,True,True,False
17.03177571296692,forward_010,7.031775712966919,0.1,0.0,0.0,0.6795875774952921,0.1712604328519436,-1.1988230299636051,3.31,-1.8900000000000001,9.34,0.537,0.9491610527038574,0.0,0.055955806747078896,1.0,1.0,7.5,0.357,True,True,False
17.05229091644287,forward_010,7.052290916442871,0.1,0.0,0.0,0.32288591161895097,0.5934119456780721,-1.1988230299636051,3.31,-1.8900000000000001,9.34,1.151,0.9483303427696228,0.0,0.04900644160807133,1.0,1.0,7.5,0.357,True,True,False
17.07265543937683,forward_010,7.072655439376831,0.1,0.0,0.0,0.07308566242726255,0.5748678223756323,-0.7046766854927106,-1.3,-4.63,9.57,0.6899999999999998,0.9315106868743896,0.0,0.06308729574084282,1.0,1.0,7.5,0.357,True,True,False
17.093116998672485,forward_010,7.093116998672485,0.1,0.0,0.0,0.07635815477475191,0.7668540400950086,0.26616271092913524,-2.5300000000000002,-3.0700000000000003,7.28,0.537,0.8648608326911926,0.0,0.11449200473725796,1.0,1.0,7.5,0.357,True,True,False
17.113592863082886,forward_010,7.113592863082886,0.1,0.0,0.0,0.09490227807719166,0.6883142237552637,0.7079491778402,-1.87,-0.6900000000000001,9.49,0.537,0.8307344913482666,0.0,0.11600840836763382,1.0,1.0,7.5,0.357,True,True,False
17.134082078933716,forward_010,7.134082078933716,0.1,0.0,0.0,-0.05890486225480862,0.5945027764605685,0.7014041931452212,-4.19,0.13,9.67,1.151,0.9290656447410583,0.0,0.13089722394943237,1.0,1.0,7.5,0.357,True,True,False
17.15445303916931,forward_010,7.1544530391693115,0.1,0.0,0.0,-0.14835298641951802,0.7504915783575618,0.5039638215133626,-1.75,0.36,8.3,1.227,0.8558315634727478,0.0,0.04011636972427368,0.0,1.0,7.5,0.357,True,True,False
17.1748468875885,forward_010,7.174846887588501,0.1,0.0,0.0,-0.33052172709642613,0.8104872713948668,0.2552544031041707,-1.09,2.0100000000000002,7.34,1.381,0.7329908609390259,0.0,0.053788964927662164,0.0,1.0,7.5,0.357,True,True,False
17.195324897766113,forward_010,7.195324897766113,0.1,0.0,0.0,-0.29561514205653955,0.23125612588924865,-0.16144295580947549,-1.09,2.0100000000000002,7.34,2.302,0.8622547388076782,0.0,0.08149680634960532,0.0,1.0,7.1,1.221,True,True,False
17.215688228607178,forward_010,7.215688228607178,0.1,0.0,0.0,0.19634954084936207,0.08835729338221293,-0.03490658503988659,-2.0300000000000002,-2.22,8.67,2.455,0.9211485385894775,0.0,0.1228642426431179,0.0,1.0,7.1,1.221,True,True,False
17.236059427261353,forward_010,7.2360594272613525,0.1,0.0,0.0,0.9413869652944415,-0.3119776037939864,-0.3196134192714616,-2.44,-5.88,7.51,0.767,0.9297887086868286,0.0,0.15897353738546371,0.0,1.0,7.1,1.221,True,True,False
17.256434679031372,forward_010,7.256434679031372,0.1,0.0,0.0,1.0613783513690516,-0.5628686837681712,-0.09599310885968812,-0.39,-5.8,5.84,0.767,0.9585722088813782,0.07142857142857142,0.0914374552667141,1.0,1.0,7.1,1.221,True,True,False
17.276826858520508,forward_010,7.276826858520508,0.1,0.0,0.0,1.3057244466482578,-0.9021170571245691,0.779944009484966,-0.72,-4.0600000000000005,6.79,1.074,0.9673348665237427,0.14285714285714285,0.0341297360137105,1.0,1.0,7.1,1.221,True,True,False
17.29724407196045,forward_010,7.297244071960449,0.1,0.0,0.0,1.4049900478554354,-0.6261368691529657,1.1584622910112363,-2.65,-1.17,3.09,0.614,0.9493878483772278,0.0,0.06529111787676811,1.0,1.0,7.1,1.221,True,True,False
17.3178927898407,forward_010,7.317892789840698,0.1,0.0,0.0,1.08646745936647,-0.5257804371632918,1.08646745936647,-2.65,-1.17,3.09,1.534,0.9687174558639526,0.07142857142857142,0.1372806318104267,1.0,1.0,7.1,1.221,True,True,False
17.338263750076294,forward_010,7.338263750076294,0.1,0.0,0.0,0.06872233929727672,0.33488505022641196,0.11671889372712078,-2.65,-1.17,3.09,1.381,0.978023111820221,0.21428571428571427,0.06803849525749683,1.0,1.0,7.1,1.221,True,True,False
17.358628034591675,forward_010,7.358628034591675,0.1,0.0,0.0,-0.11671889372712078,0.5552328682906961,-0.8377580409572782,-0.28,1.45,7.96,0.844,0.9738929271697998,0.07142857142857142,0.15555675327777863,1.0,0.0,7.1,1.221,True,True,False
17.37900400161743,forward_010,7.379004001617432,0.1,0.0,0.0,0.1265363707695889,0.26616271092913524,-0.8530296719122286,1.26,-0.76,7.66,1.227,0.927930474281311,0.0,0.04703429341316223,1.0,0.0,7.1,1.221,True,True,False
17.39937138557434,forward_010,7.399371385574341,0.1,0.0,0.0,0.21925698728178766,0.5803219762881145,-0.24107360293171676,-1.48,0.19,3.06,2.148,0.945794403553009,0.0,0.06701124086976051,1.0,0.0,7.4,0.61,True,True,False
17.420361042022705,forward_010,7.420361042022705,0.1,0.0,0.0,-0.13744467859455345,0.16798794050445423,-0.12762720155208535,-1.61,-0.18,7.4,2.071,0.9319769144058228,0.0,0.04018115624785423,1.0,0.0,7.4,0.61,True,True,False
17.44072961807251,forward_010,7.44072961807251,0.1,0.0,0.0,-0.5912302841130791,-0.09599310885968812,0.18544123302439752,-1.61,-0.18,7.4,2.302,0.9579697251319885,0.07142857142857142,0.03323652036488056,1.0,0.0,7.4,0.61,True,True,False
17.46109962463379,forward_010,7.461099624633789,0.1,0.0,0.0,-0.9577494270318884,-0.0272707695624114,1.054833366674073,-0.87,2.57,6.82,1.995,0.9551966190338135,0.07142857142857142,0.036543967202305794,1.0,0.0,7.4,0.61,True,True,False
17.48153305053711,forward_010,7.481533050537109,0.1,0.0,0.0,-1.1082840750163994,-0.12762720155208535,0.7766715171374766,-3.04,4.17,7.94,1.458,0.9548822641372681,0.07142857142857142,0.03470662236213684,1.0,1.0,7.4,0.61,True,True,False
17.50200629234314,forward_010,7.50200629234314,0.1,0.0,0.0,-1.263182046130896,-0.037088246604879506,0.13744467859455345,-1.51,4.82,9.52,0.9210000000000002,0.9325469136238098,0.0,0.03759273141622543,1.0,1.0,7.4,0.61,True,True,False
17.52248215675354,forward_010,7.52248215675354,0.1,0.0,0.0,-1.5195272800175632,-0.20943951023931956,-0.6010477611555473,-1.1500000000000001,3.49,9.58,1.074,0.9247354865074158,0.0,0.04843407869338989,0.0,1.0,7.4,0.61,True,True,False
17.54284644126892,forward_010,7.542846441268921,0.1,0.0,0.0,-1.6427911584396626,-0.06763150851478027,-1.337358539340655,-1.1500000000000001,3.49,9.58,0.767,0.881183922290802,0.0,0.025592509657144547,0.0,1.0,7.4,0.61,True,True,False
17.563234090805054,forward_010,7.563234090805054,0.1,0.0,0.0,-0.6741334235828098,0.5530512067257032,-1.0919216132789524,-1.1500000000000001,3.49,9.58,0.767,0.8623213768005371,0.0,0.04291239008307457,0.0,1.0,7.4,0.61,True,True,False
17.58362054824829,forward_010,7.583620548248291,0.1,0.0,0.0,-0.3239767424014474,0.284706834231575,-0.8803004414746399,0.11,-7.57,7.36,0.46,0.909300684928894,0.0,0.059690382331609726,0.0,1.0,7.4,0.61,True,True,False
17.604074716567993,forward_010,7.604074716567993,0.1,0.0,0.0,-0.2083486794568231,0.23452861823673804,-0.557414529855689,0.11,-7.57,7.36,0.767,0.8894781470298767,0.0,0.027127504348754883,0.0,1.0,7.6,0.48800000000000004,True,True,False
17.62457776069641,forward_010,7.624577760696411,0.1,0.0,0.0,-0.006544984694978736,0.755945732270044,-0.2879793265790644,0.11,-7.57,7.36,0.844,0.7907432913780212,0.0,0.07225996255874634,0.0,1.0,7.6,0.48800000000000004,True,True,False
17.644943475723267,forward_010,7.644943475723267,0.1,0.0,0.0,0.10690141668465268,0.8639379797371931,0.4657847441259867,-4.26,-1.21,6.67,0.537,0.9482752084732056,0.0,0.14475927129387856,0.0,1.0,7.6,0.48800000000000004,True,True,False
17.665369272232056,forward_010,7.665369272232056,0.1,0.0,0.0,0.13744467859455345,0.717766654882668,0.6752242543653062,-0.6,-1.75,7.92,0.767,0.9180871248245239,0.0,0.1141652874648571,1.0,1.0,7.6,0.48800000000000004,True,True,False
17.685869693756104,forward_010,7.6858696937561035,0.1,0.0,0.0,0.08290313946973066,0.5443245604657315,0.18544123302439752,-2.2,-1.59,7.11,1.458,0.9498943090438843,0.0,0.061352845281362534,0.0,1.0,7.6,0.48800000000000004,True,True,False
17.706245183944702,forward_010,7.706245183944702,0.1,0.0,0.0,0.06435901616729091,0.6392268385429232,0.08944812416470939,-4.5,-0.05,9.05,1.765,0.9692540168762207,0.07142857142857142,0.036067205481231206,0.0,1.0,7.6,0.48800000000000004,True,True,False
17.72674298286438,forward_010,7.72674298286438,0.1,0.0,0.0,0.08072147790473774,-0.03490658503988659,-0.07526732399225546,-2.92,-0.54,8.9,2.455,0.824266791343689,0.0,0.07449152134358883,0.0,1.0,7.6,0.48800000000000004,True,True,False
17.747173070907593,forward_010,7.747173070907593,0.1,0.0,0.0,0.1810779098944117,-0.00545415391248228,-0.30325095753401476,-2.31,0.44,6.46,2.225,0.7912936806678772,0.0,0.05123751983046532,0.0,1.0,7.6,0.48800000000000004,True,True,False
17.76764678955078,forward_010,7.767646789550781,0.1,0.0,0.0,0.8312130562622995,-0.29343348049154666,-0.3937899124812206,-2.67,-4.17,9.02,1.688,0.9054176807403564,0.0,0.10903381928801537,0.0,1.0,7.6,0.48800000000000004,True,True,False
17.788013458251953,forward_010,7.788013458251953,0.1,0.0,0.0,1.0417433972841155,-0.35779249665883756,-0.7930339788749234,-2.67,-4.17,9.02,1.688,0.9317136406898499,0.0,0.1113266609609127,0.0,1.0,7.6,0.48800000000000004,True,True,False
17.80849051475525,forward_010,7.808490514755249,0.1,0.0,0.0,1.313360262125733,-0.5181446216858165,-0.3021601267515183,-0.58,-4.04,5.88,1.304,0.9546326398849487,0.07142857142857142,0.06185173662379384,0.0,1.0,7.2,1.546,True,True,False
17.82885479927063,forward_010,7.82885479927063,0.1,0.0,0.0,1.5566155266224426,-0.8901179185171081,0.03490658503988659,-0.9400000000000001,-2.5500000000000003,4.83,1.074,0.9500188827514648,0.07142857142857142,0.04441395588219166,1.0,1.0,7.2,1.546,True,True,False
17.849226474761963,forward_010,7.849226474761963,0.1,0.0,0.0,1.6231562043547265,-1.0788316438889949,0.32288591161895097,-2.52,-1.6500000000000001,4.5200000000000005,1.381,0.9567487239837646,0.07142857142857142,0.10017677140422165,1.0,1.0,7.2,1.546,True,True,False
17.86961340904236,forward_010,7.869613409042358,0.1,0.0,0.0,1.7256942979093934,-1.036289243371633,0.32179508083645453,-2.52,-1.6500000000000001,4.5200000000000005,1.534,0.9761409759521484,0.07142857142857142,0.03806995856575668,1.0,0.0,7.2,1.546,True,True,False
17.890007734298706,forward_010,7.890007734298706,0.1,0.0,0.0,0.5115996369908379,0.06981317007977318,-0.23671027980173096,-2.52,-1.6500000000000001,4.5200000000000005,1.381,0.9681258797645569,0.07142857142857142,0.09822659939527512,1.0,0.0,7.2,1.546,True,True,False
17.910388469696045,forward_010,7.910388469696045,0.1,0.0,0.0,-0.055632369907319255,0.08944812416470939,-0.6948592084502424,-1.16,5.49,0.47000000000000003,1.227,0.9630223512649536,0.07142857142857142,0.1524689793586731,1.0,0.0,7.2,1.546,True,True,False
17.930780172348022,forward_010,7.9307801723480225,0.1,0.0,0.0,-0.05345070834232634,-0.7352199474026113,-0.9457502884244273,2.6,2.42,7.16,1.074,0.9536505341529846,0.07142857142857142,0.11770430952310562,1.0,0.0,7.2,1.546,True,True,False
17.95114541053772,forward_010,7.95114541053772,0.1,0.0,0.0,0.10799224746714914,0.1505346479845109,-0.6632251157578453,-0.99,-5.55,3.44,1.995,0.971121609210968,0.21428571428571427,0.11142425984144211,1.0,0.0,7.2,1.546,True,True,False
17.971526622772217,forward_010,7.971526622772217,0.1,0.0,0.0,-0.3327033886614191,-0.35997415822383044,0.5912302841130791,-0.99,-5.55,3.44,2.225,0.9830394387245178,0.21428571428571427,0.14002972096204758,1.0,0.0,7.2,1.546,True,True,False
17.991896629333496,forward_010,7.991896629333496,0.1,0.0,0.0,-0.433059820651093,-0.3010692959690218,0.980656873464314,-1.6400000000000001,3.31,8.58,1.688,0.9938207864761353,0.14285714285714285,0.034118201583623886,1.0,0.0,7.2,1.546,True,True,False
18.012324810028076,stop_after_010,0.012324810028076172,0.0,0.0,0.0,-0.4854196982109229,-0.4068798818711781,0.8999353955595761,-0.34,2.0,8.3,1.6110000000000002,0.9044420719146729,0.0,0.08371326327323914,1.0,0.0,7.5,0.382,True,True,False
18.032686710357666,stop_after_010,0.032686710357666016,0.0,0.0,0.0,-0.6588617926278594,-0.3719732968312915,0.7494007475750653,0.27,3.83,8.2,1.381,0.9437287449836731,0.0,0.022215161472558975,1.0,0.0,7.5,0.382,True,True,False
18.053070306777954,stop_after_010,0.0530703067779541,0.0,0.0,0.0,-0.7526732399225546,-0.13308135546456762,0.11344640137963143,-1.35,3.0100000000000002,6.5,0.844,0.8930012583732605,0.0,0.03287076950073242,1.0,0.0,7.5,0.382,True,True,False
18.07345151901245,stop_after_010,0.07345151901245117,0.0,0.0,0.0,-0.8672104720846825,0.15489797111449674,-0.9053895494720584,0.1,4.78,8.74,1.151,0.819682776927948,0.0,0.07540420442819595,1.0,1.0,7.5,0.382,True,True,False
18.093881368637085,stop_after_010,0.09388136863708496,0.0,0.0,0.0,-1.3231777391682011,0.6261368691529657,-1.7246034671268968,-2.99,2.24,8.51,0.6899999999999998,0.8341960906982422,0.0,0.032517677173018456,1.0,1.0,7.5,0.382,True,True,False
18.114248037338257,stop_after_010,0.11424803733825684,0.0,0.0,0.0,-1.6493361431346414,0.5323254218582705,-1.538071403320003,-2.99,2.24,8.51,0.844,0.7430722713470459,0.0,0.01778886467218399,0.0,1.0,7.5,0.382,True,True,False
18.134615898132324,stop_after_010,0.13461589813232422,0.0,0.0,0.0,-1.0068368122442288,0.7101308394051928,-1.10501158266891,-4.95,-4.8500000000000005,6.48,1.458,0.7674559950828552,0.0,0.03444330021739006,0.0,1.0,7.5,0.382,True,True,False
18.154996871948242,stop_after_010,0.1549968719482422,0.0,0.0,0.0,-0.2781618495365963,0.9915651812892785,0.12871803233458182,0.99,-6.03,8.0,1.458,0.7982969880104065,0.0,0.05938474088907242,0.0,1.0,7.5,0.382,True,True,False
18.175463676452637,stop_after_010,0.17546367645263672,0.0,0.0,0.0,0.06872233929727672,0.40033489717619936,0.9010262263420726,0.32,-3.7600000000000002,8.06,0.9210000000000002,0.8052501678466797,0.0,0.04624610021710396,0.0,1.0,7.5,0.382,True,True,False
18.19585919380188,stop_after_010,0.19585919380187988,0.0,0.0,0.0,0.07744898555724837,0.65558930028037,0.49632800603588745,-4.46,-4.6000000000000005,9.28,0.6899999999999998,0.6985887289047241,0.0,0.036954525858163834,0.0,1.0,7.5,0.382,True,True,False
18.21623969078064,stop_after_010,0.21623969078063965,0.0,0.0,0.0,-0.07963064712224129,0.22362031041177347,0.35561083509384467,-4.46,-4.6000000000000005,9.28,0.9210000000000002,0.7724555730819702,0.0,0.02578483521938324,0.0,1.0,7.5,0.42200000000000004,True,True,False
18.23660159111023,stop_after_010,0.2366015911102295,0.0,0.0,0.0,-0.17562375598192942,0.2083486794568231,0.2792526803190927,-2.32,-3.19,7.45,0.767,0.7752525806427002,0.0,0.02950480580329895,0.0,1.0,7.5,0.42200000000000004,True,True,False
18.256967544555664,stop_after_010,0.25696754455566406,0.0,0.0,0.0,0.05781403147231216,-0.3108867730114899,0.09926560120717749,-1.42,-1.51,7.1000000000000005,0.614,0.8633508086204529,0.0,0.034068748354911804,0.0,1.0,7.5,0.42200000000000004,True,True,False
18.27734661102295,stop_after_010,0.2773466110229492,0.0,0.0,0.0,0.21707532571679475,-0.3108867730114899,-0.007635815477475192,-1.8,-0.43,7.08,0.6899999999999998,0.8925498127937317,0.0,0.01948263868689537,0.0,1.0,7.5,0.42200000000000004,True,True,False
18.297744512557983,stop_after_010,0.2977445125579834,0.0,0.0,0.0,0.3076142806640006,-0.29343348049154666,0.008726646259971648,-3.16,-0.8200000000000001,8.64,0.6899999999999998,0.9164177179336548,0.0,0.012714002281427383,0.0,1.0,7.5,0.42200000000000004,True,True,False
18.318224668502808,stop_after_010,0.3182246685028076,0.0,0.0,0.0,0.3534291735288517,-0.07417649320975901,-0.284706834231575,-2.99,0.32,9.18,0.6899999999999998,0.9222679138183594,0.0,0.033985017798841,1.0,1.0,7.5,0.42200000000000004,True,True,False
18.33862328529358,stop_after_010,0.3386232852935791,0.0,0.0,0.0,0.5017821599483697,-0.00545415391248228,-0.7155849933176751,-1.8900000000000001,1.1300000000000001,7.3100000000000005,0.6899999999999998,0.9064703583717346,0.0,0.01453444769140333,1.0,1.0,7.5,0.42200000000000004,True,True,False
18.35947871208191,stop_after_010,0.3594787120819092,0.0,0.0,0.0,0.6926775468852495,-0.18435040224190105,-0.6850417314077744,-1.9000000000000001,0.02,8.59,0.537,0.9146974682807922,0.0,0.009459592401981354,1.0,1.0,7.5,0.42200000000000004,True,True,False
18.37995743751526,stop_after_010,0.3799574375152588,0.0,0.0,0.0,0.46469391334349025,-0.2814343418840856,-0.48978302134090873,-1.9000000000000001,0.02,8.59,0.614,0.918682873249054,0.0,0.00506486464291811,1.0,1.0,7.5,0.42200000000000004,True,True,False
18.40042471885681,stop_after_010,0.4004247188568115,0.0,0.0,0.0,-0.002181661564992912,-0.38288160465625604,-0.22143864884678055,-0.3,0.31,9.39,0.537,0.9178787469863892,0.0,0.011718278750777245,1.0,1.0,7.5,0.42200000000000004,True,True,False
18.420796155929565,stop_after_010,0.42079615592956543,0.0,0.0,0.0,-0.2694352032766246,-0.4363323129985824,-0.1712604328519436,-1.33,0.02,7.69,0.46,0.9168908596038818,0.0,0.010287608951330185,1.0,1.0,7.6,0.181,True,True,False
18.441834211349487,stop_after_010,0.4418342113494873,0.0,0.0,0.0,-0.10581058590215622,-0.41560652813114973,0.05672320068981571,-1.33,0.02,7.69,0.307,0.9240151047706604,0.0,0.00683881901204586,1.0,1.0,7.6,0.181,True,True,False
18.46220564842224,stop_after_010,0.4622056484222412,0.0,0.0,0.0,-0.23671027980173096,-0.08835729338221293,0.18653206380689397,-0.51,-1.8,9.120000000000001,0.307,0.8953650593757629,0.0,0.03577610291540623,1.0,1.0,7.6,0.181,True,True,False
18.48267960548401,stop_after_010,0.4826796054840088,0.0,0.0,0.0,-0.3239767424014474,-0.05781403147231216,0.43524148221608594,-0.79,-0.1,8.82,0.307,0.87555992603302,0.0,0.010750703513622284,1.0,1.0,7.6,0.181,True,True,False
18.503156661987305,stop_after_010,0.5031566619873047,0.0,0.0,0.0,-0.2279836335417593,-0.09708393964218458,0.43524148221608594,-1.07,0.07,9.3,0.307,0.8746623992919922,0.0,0.004153013229370117,1.0,1.0,7.6,0.181,True,True,False
18.52364945411682,stop_after_010,0.5236494541168213,0.0,0.0,0.0,-0.18435040224190105,-0.0818123086872342,0.23671027980173096,-1.6500000000000001,0.54,9.47,0.46,0.8870645761489868,0.0,0.0077295571099966764,1.0,1.0,7.6,0.181,True,True,False
18.544126749038696,stop_after_010,0.5441267490386963,0.0,0.0,0.0,-0.19744037163185854,-0.14726215563702155,0.1308996938995747,-1.97,-0.33,8.950000000000001,0.46,0.8915941119194031,0.0,0.0025169849395751953,1.0,1.0,7.6,0.181,True,True,False
18.56449794769287,stop_after_010,0.5644979476928711,0.0,0.0,0.0,-0.28034351110158917,-0.19198621771937624,0.0719948316447661,-2.25,-0.86,8.86,0.46,0.8951461911201477,0.0,0.0034338831901550293,1.0,1.0,7.6,0.181,True,True,False
18.584978103637695,stop_after_010,0.5849781036376953,0.0,0.0,0.0,-0.3010692959690218,-0.2203478180642841,0.028361600344907856,-1.43,-1.26,8.790000000000001,0.46,0.8985750079154968,0.0,0.0026889825239777565,1.0,1.0,7.6,0.181,True,True,False
18.605348348617554,stop_after_010,0.6053483486175537,0.0,0.0,0.0,-0.2399827721492203,-0.284706834231575,-0.0272707695624114,-1.6400000000000001,-2.1,9.4,0.384,0.9078344106674194,0.0,0.003343932330608368,1.0,1.0,7.6,0.181,True,True,False
18.625744104385376,stop_after_010,0.625744104385376,0.0,0.0,0.0,-0.15489797111449674,-0.3937899124812206,0.016362461737446838,-1.49,-1.85,9.44,0.307,0.9156619310379028,0.0,0.003833390772342682,1.0,1.0,7.6,0.297,True,True,False
18.646106481552124,stop_after_010,0.646106481552124,0.0,0.0,0.0,-0.08835729338221293,-0.4526947747360292,0.04908738521234052,-1.4000000000000001,-1.31,8.82,0.23,0.9208138585090637,0.0,0.0026237405836582184,1.0,1.0,7.6,0.297,True,True,False
18.66658878326416,stop_after_010,0.6665887832641602,0.0,0.0,0.0,-0.06654067773228381,-0.4177881896961426,0.015271630954950384,-0.65,-0.97,9.64,0.153,0.9232202768325806,0.0,0.004271370358765125,1.0,1.0,7.6,0.297,True,True,False
18.686956882476807,stop_after_010,0.6869568824768066,0.0,0.0,0.0,-0.06981317007977318,-0.3883357585687383,0.03381575425739013,-0.38,-0.68,8.96,0.077,0.920109748840332,0.0,0.0037925727665424347,1.0,1.0,7.6,0.297,True,True,False
18.70733666419983,stop_after_010,0.7073366641998291,0.0,0.0,0.0,-0.08399397025222712,-0.3752457891787809,0.02181661564992912,-0.25,-0.39,9.31,0.153,0.9195157885551453,0.0,0.0014596199616789818,1.0,1.0,7.6,0.297,True,True,False
18.727724313735962,stop_after_010,0.7277243137359619,0.0,0.0,0.0,-0.08617563181722002,-0.3817907738737596,0.05890486225480862,-0.51,-0.88,9.31,0.153,0.9172998666763306,0.0,0.001336127519607544,1.0,1.0,7.6,0.297,True,True,False
18.74809169769287,stop_after_010,0.7480916976928711,0.0,0.0,0.0,-0.16580627893946132,-0.35779249665883756,0.10035643198967395,-0.39,-0.66,9.49,0.077,0.9126499891281128,0.0,0.0021253228187561035,1.0,1.0,7.6,0.297,True,True,False
18.768460512161255,stop_after_010,0.7684605121612549,0.0,0.0,0.0,-0.15707963267948966,-0.33161255787892263,0.14508049407202864,-0.43,-1.1,9.47,0.077,0.9081680178642273,0.0,0.001906067132949829,1.0,1.0,7.6,0.297,True,True,False
18.78892421722412,stop_after_010,0.7889242172241211,0.0,0.0,0.0,-0.19198621771937624,-0.2683443724941282,0.1636246173744684,-0.77,-1.11,9.26,0.153,0.9023933410644531,0.0,0.002925347536802292,1.0,1.0,7.6,0.297,True,True,False
18.809298276901245,stop_after_010,0.8092982769012451,0.0,0.0,0.0,-0.20289452554434081,-0.20180369476184434,0.10471975511965978,-0.59,-1.46,9.49,0.153,0.8989992737770081,0.0,0.0017446735873818398,1.0,1.0,7.6,0.297,True,True,False
18.829668045043945,stop_after_010,0.8296680450439453,0.0,0.0,0.0,-0.1505346479845109,-0.24216443371421323,0.04690572364734761,0.2,-2.13,9.370000000000001,0.153,0.8986653685569763,0.0,0.0033960528671741486,1.0,1.0,7.6,0.246,True,True,False
18.85006046295166,stop_after_010,0.8500604629516602,0.0,0.0,0.0,-0.1090830782496456,-0.17562375598192942,0.050178215994836975,0.12,-2.0,8.83,0.0,0.8959046006202698,0.0,0.002436220645904541,1.0,1.0,7.6,0.246,True,True,False
18.870427131652832,stop_after_010,0.870427131652832,0.0,0.0,0.0,0.017453292519943295,-0.16471544815696484,0.09381144729469522,-0.38,-1.18,9.25,0.077,0.8992788791656494,0.0,0.0010832808911800385,1.0,1.0,7.6,0.246,True,True,False
18.890849590301514,stop_after_010,0.8908495903015137,0.0,0.0,0.0,0.04036073895236887,-0.06872233929727672,-0.016362461737446838,-0.34,-1.28,9.44,0.153,0.8997040390968323,0.0,0.0017730090767145157,1.0,1.0,7.6,0.246,True,True,False
18.911329746246338,stop_after_010,0.9113297462463379,0.0,0.0,0.0,0.006544984694978736,-0.013089969389957472,-0.020725784867432664,0.04,-1.04,9.25,0.077,0.8963925838470459,0.0,0.0028783828020095825,1.0,1.0,7.6,0.246,True,True,False
18.93176579475403,stop_after_010,0.9317657947540283,0.0,0.0,0.0,-0.006544984694978736,0.022907446432425576,-0.007635815477475192,-0.02,-1.02,9.15,0.077,0.8941113352775574,0.0,0.0019274353981018066,1.0,1.0,7.6,0.246,True,True,False
18.95218515396118,stop_after_010,0.9521851539611816,0.0,0.0,0.0,-0.003272492347489368,0.028361600344907856,-0.009817477042468103,-0.28,-1.1,9.13,0.077,0.8941272497177124,0.0,0.0006837360560894012,1.0,1.0,7.6,0.246,True,True,False
18.97254514694214,stop_after_010,0.9725451469421387,0.0,0.0,0.0,-0.014180800172453928,0.02399827721492203,-0.015271630954950384,-0.45,-1.2,9.4,0.077,0.8945000767707825,0.0,0.000737115740776062,1.0,1.0,7.6,0.246,True,True,False
18.992913007736206,stop_after_010,0.992913007736206,0.0,0.0,0.0,-0.018544123302439753,0.030543261909900768,-0.050178215994836975,-0.61,-1.37,9.41,0.153,0.8951708078384399,0.0,0.001569937914609909,1.0,1.0,7.6,0.246,True,True,False
19.013315439224243,stop_after_010,1.0133154392242432,0.0,0.0,0.0,-0.014180800172453928,0.04145156973486533,-0.05345070834232634,-0.75,-1.57,8.870000000000001,0.153,0.8944489359855652,0.0,0.0009972043335437775,1.0,1.0,7.6,0.246,True,True,False
19.033690690994263,stop_after_010,1.0336906909942627,0.0,0.0,0.0,-0.006544984694978736,0.015271630954950384,-0.05126904677733343,-0.72,-1.83,9.06,0.077,0.8967552781105042,0.0,0.0011591613292694092,1.0,1.0,7.6,0.22000000000000003,True,True,False
19.05408763885498,stop_after_010,1.0540876388549805,0.0,0.0,0.0,0.018544123302439753,-0.031634092692397225,0.00545415391248228,-0.36,-1.53,9.02,0.153,0.8994718194007874,0.0,0.0023085586726665497,1.0,1.0,7.6,0.22000000000000003,True,True,False
19.074509859085083,stop_after_010,1.074509859085083,0.0,0.0,0.0,0.02945243112740431,-0.08835729338221293,0.09708393964218458,-0.55,-1.33,9.05,0.077,0.9019379019737244,0.0,0.0018004048615694046,1.0,1.0,7.6,0.22000000000000003,True,True,False
19.094876527786255,stop_after_010,1.0948765277862549,0.0,0.0,0.0,-0.007635815477475192,-0.17998707911191522,0.16471544815696484,-0.51,-0.71,9.23,0.077,0.904274046421051,0.0,0.002530604600906372,1.0,1.0,7.6,0.22000000000000003,True,True,False
19.115258932113647,stop_after_010,1.1152589321136475,0.0,0.0,0.0,-0.05126904677733343,-0.12762720155208535,0.1734420944169365,-0.28,-0.52,9.43,0.153,0.9026603698730469,0.0,0.002491183578968048,1.0,1.0,7.6,0.22000000000000003,True,True,False
19.13563108444214,stop_after_010,1.1356310844421387,0.0,0.0,0.0,-0.05345070834232634,-0.04254240051736178,0.08072147790473774,-0.03,-1.08,9.26,0.0,0.9017090201377869,0.0,0.003156222403049469,1.0,1.0,7.6,0.22000000000000003,True,True,False
19.15599822998047,stop_after_010,1.1559982299804688,0.0,0.0,0.0,-0.038179077387375956,0.013089969389957472,0.028361600344907856,-0.24,-1.3900000000000001,8.83,0.0,0.9011852741241455,0.0,0.00254020094871521,1.0,1.0,7.6,0.22000000000000003,True,True,False
19.176384210586548,stop_after_010,1.1763842105865479,0.0,0.0,0.0,-0.039269908169872414,-0.031634092692397225,0.007635815477475192,0.0,-1.57,9.32,0.0,0.9049397110939026,0.0,0.002077728509902954,1.0,1.0,7.6,0.22000000000000003,True,True,False
19.196861028671265,stop_after_010,1.1968610286712646,0.0,0.0,0.0,-0.044724062082354694,-0.04363323129985824,0.04908738521234052,-0.67,-1.55,9.41,0.077,0.9055697321891785,0.0,0.0023655369877815247,1.0,1.0,7.6,0.22000000000000003,True,True,False
19.21723747253418,stop_after_010,1.2172374725341797,0.0,0.0,0.0,-0.014180800172453928,-0.05235987755982989,0.032724923474893676,-0.15,-1.47,9.33,0.153,0.9075325131416321,0.0,0.0028296373784542084,1.0,1.0,7.6,0.22000000000000003,True,True,False
19.237605333328247,stop_after_010,1.237605333328247,0.0,0.0,0.0,-0.014180800172453928,-0.061086523819801536,0.007635815477475192,-0.2,-1.31,9.02,0.153,0.9076132774353027,0.0,0.0014543980360031128,1.0,1.0,7.6,0.18800000000000003,True,True,False
19.25801157951355,stop_after_010,1.2580115795135498,0.0,0.0,0.0,-0.008726646259971648,-0.06872233929727672,0.004363323129985824,-0.32,-1.46,9.24,0.077,0.9075765609741211,0.0,0.0008610114455223083,1.0,1.0,7.6,0.18800000000000003,True,True,False
19.27838921546936,stop_after_010,1.2783892154693604,0.0,0.0,0.0,-0.001090830782496456,-0.09926560120717749,0.022907446432425576,-0.38,-1.41,9.1,0.077,0.907044529914856,0.0,0.0014497414231300354,1.0,1.0,7.6,0.18800000000000003,True,True,False
19.298781156539917,stop_after_010,1.298781156539917,0.0,0.0,0.0,0.007635815477475192,-0.12980886311707826,0.007635815477475192,-0.44,-1.21,9.13,0.0,0.9074021577835083,0.0,0.0024205297231674194,1.0,1.0,7.6,0.18800000000000003,True,True,False
19.319250106811523,stop_after_010,1.3192501068115234,0.0,0.0,0.0,0.004363323129985824,-0.10799224746714914,-0.02399827721492203,-0.32,-1.1300000000000001,9.21,0.077,0.9066333770751953,0.0,0.0013801530003547668,1.0,1.0,7.6,0.18800000000000003,True,True,False
19.339619159698486,stop_after_010,1.3396191596984863,0.0,0.0,0.0,-0.016362461737446838,-0.11671889372712078,-0.03381575425739013,-0.31,-1.03,9.01,0.077,0.9049100875854492,0.0,0.001557856798171997,1.0,1.0,7.6,0.18800000000000003,True,True,False
19.360225677490234,stop_after_010,1.3602256774902344,0.0,0.0,0.0,-0.02945243112740431,-0.1461713248545251,-0.04799655442984406,-0.43,-1.08,9.26,0.077,0.9048097729682922,0.0,0.002566821873188019,1.0,1.0,7.6,0.18800000000000003,True,True,False
19.38059425354004,stop_after_010,1.380594253540039,0.0,0.0,0.0,-0.03599741582238305,-0.1439896632895322,-0.038179077387375956,0.0,-1.19,9.450000000000001,0.0,0.9033941030502319,0.0,0.001945003867149353,1.0,1.0,7.6,0.18800000000000003,True,True,False
19.40096664428711,stop_after_010,1.4009666442871094,0.0,0.0,0.0,-0.05999569303730508,-0.08835729338221293,-0.0272707695624114,0.31,-1.2,9.13,0.077,0.9000211358070374,0.0,0.0022629499435424805,1.0,1.0,7.6,0.18800000000000003,True,True,False
19.421337366104126,stop_after_010,1.421337366104126,0.0,0.0,0.0,-0.06654067773228381,-0.08944812416470939,-0.011999138607461015,-0.01,-1.46,9.26,0.077,0.8987395167350769,0.0,0.0009340755641460419,1.0,1.0,7.6,0.18800000000000003,True,True,False
19.441821813583374,stop_after_010,1.441821813583374,0.0,0.0,0.0,-0.05672320068981571,-0.08399397025222712,0.003272492347489368,0.09,-1.47,9.290000000000001,0.077,0.8979479074478149,0.0,0.0010855123400688171,1.0,1.0,7.6,0.17300000000000001,True,True,False
19.462953329086304,stop_after_010,1.4629533290863037,0.0,0.0,0.0,-0.039269908169872414,-0.06435901616729091,-0.00545415391248228,0.09,-1.75,9.25,0.077,0.8972070813179016,0.0,0.0008913949131965637,1.0,1.0,7.6,0.17300000000000001,True,True,False
19.483433961868286,stop_after_010,1.4834339618682861,0.0,0.0,0.0,-0.030543261909900768,-0.06435901616729091,0.011999138607461015,0.38,-1.6,9.31,0.153,0.8966233730316162,0.0,0.0015382766723632812,1.0,1.0,7.6,0.17300000000000001,True,True,False
19.5038058757782,stop_after_010,1.5038058757781982,0.0,0.0,0.0,-0.02181661564992912,-0.026179938779914945,0.02181661564992912,0.1,-1.3,9.23,0.0,0.8960192203521729,0.0,0.0018115341663360596,1.0,1.0,7.6,0.17300000000000001,True,True,False
19.524175882339478,stop_after_010,1.5241758823394775,0.0,0.0,0.0,-0.001090830782496456,-0.01090830782496456,0.008726646259971648,-0.21,-1.16,9.19,0.077,0.8971112966537476,0.0,0.0011445246636867523,1.0,1.0,7.6,0.17300000000000001,True,True,False
19.54454493522644,stop_after_010,1.5445449352264404,0.0,0.0,0.0,0.00545415391248228,0.044724062082354694,0.0,-0.16,-1.2,9.13,0.0,0.8957001566886902,0.0,0.002596333622932434,1.0,1.0,7.6,0.17300000000000001,True,True,False
19.564926385879517,stop_after_010,1.5649263858795166,0.0,0.0,0.0,0.0,0.06872233929727672,-0.020725784867432664,-0.07,-1.3,9.3,0.0,0.895821750164032,0.0,0.0012162253260612488,1.0,1.0,7.6,0.17300000000000001,True,True,False
19.585294008255005,stop_after_010,1.5852940082550049,0.0,0.0,0.0,-0.009817477042468103,0.06217735460229799,-0.009817477042468103,-0.13,-1.58,9.08,0.077,0.8954480886459351,0.0,0.0009602680802345276,1.0,1.0,7.6,0.17300000000000001,True,True,False
19.605663061141968,stop_after_010,1.6056630611419678,0.0,0.0,0.0,0.008726646259971648,0.044724062082354694,0.04254240051736178,-0.32,-1.75,9.22,0.0,0.896885871887207,0.0,0.001377299427986145,1.0,1.0,7.6,0.17300000000000001,True,True,False
19.626044273376465,stop_after_010,1.6260442733764648,0.0,0.0,0.0,0.018544123302439753,0.030543261909900768,0.07635815477475191,-0.36,-1.6,9.25,0.0,0.8984037041664124,0.0,0.0008397549390792847,1.0,1.0,7.6,0.17300000000000001,True,True,False
19.6464364528656,stop_after_010,1.6464364528656006,0.0,0.0,0.0,0.006544984694978736,0.02181661564992912,0.06981317007977318,0.0,-0.99,9.200000000000001,0.0,0.900058388710022,0.0,0.0009650727733969688,1.0,1.0,7.6,0.18700000000000003,True,True,False
19.66680645942688,stop_after_010,1.6668064594268799,0.0,0.0,0.0,0.01090830782496456,0.019634954084936207,0.008726646259971648,-0.03,-1.01,9.290000000000001,0.0,0.9033613801002502,0.0,0.002253655344247818,1.0,1.0,7.6,0.18700000000000003,True,True,False
19.68718981742859,stop_after_010,1.6871898174285889,0.0,0.0,0.0,0.020725784867432664,0.03599741582238305,-0.030543261909900768,-0.22,-1.1400000000000001,9.13,0.0,0.9047749638557434,0.0,0.002879396080970764,1.0,1.0,7.6,0.18700000000000003,True,True,False
19.707592248916626,stop_after_010,1.707592248916626,0.0,0.0,0.0,0.009817477042468103,0.037088246604879506,-0.05999569303730508,-0.31,-1.46,9.14,0.0,0.9061219096183777,0.0,0.002114754170179367,1.0,1.0,7.6,0.18700000000000003,True,True,False
19.728001832962036,stop_after_010,1.7280018329620361,0.0,0.0,0.0,-0.007635815477475192,0.025089107997418487,-0.03599741582238305,-0.3,-1.56,9.19,0.0,0.9069864153862,0.0,0.0005931258201599121,1.0,1.0,7.6,0.18700000000000003,True,True,False
19.74847722053528,stop_after_010,1.7484772205352783,0.0,0.0,0.0,-0.014180800172453928,0.01090830782496456,-0.002181661564992912,-0.15,-1.6500000000000001,9.120000000000001,0.0,0.9072816371917725,0.0,0.00198441743850708,1.0,1.0,7.6,0.18700000000000003,True,True,False
19.768844842910767,stop_after_010,1.7688448429107666,0.0,0.0,0.0,-0.003272492347489368,-0.01090830782496456,0.04254240051736178,-0.12,-1.49,9.1,0.0,0.9075929522514343,0.0,0.0023343265056610107,1.0,1.0,7.6,0.18700000000000003,True,True,False
19.78921866416931,stop_after_010,1.7892186641693115,0.0,0.0,0.0,0.004363323129985824,-0.028361600344907856,0.032724923474893676,-0.27,-1.1,9.31,0.0,0.9086465835571289,0.0,0.001535944640636444,1.0,1.0,7.6,0.18700000000000003,True,True,False
19.809595584869385,stop_after_010,1.8095955848693848,0.0,0.0,0.0,-0.001090830782496456,-0.018544123302439753,-0.00545415391248228,-0.22,-1.01,9.23,0.0,0.9078617095947266,0.0,0.00099220871925354,1.0,1.0,7.6,0.18700000000000003,True,True,False
19.829964876174927,stop_after_010,1.8299648761749268,0.0,0.0,0.0,-0.001090830782496456,-0.009817477042468103,-0.05890486225480862,-0.1,-1.36,9.22,0.077,0.9069780111312866,0.0,0.0013718083500862122,1.0,1.0,7.6,0.18700000000000003,True,True,False
19.850355625152588,stop_after_010,1.850355625152588,0.0,0.0,0.0,-0.009817477042468103,-0.014180800172453928,-0.05890486225480862,-0.15,-1.41,9.15,0.077,0.9051532745361328,0.0,0.000763237476348877,1.0,1.0,7.6,0.194,True,True,False
19.870726823806763,stop_after_010,1.8707268238067627,0.0,0.0,0.0,-0.016362461737446838,-0.022907446432425576,-0.038179077387375956,-0.24,-1.37,9.15,0.0,0.903096079826355,0.0,0.000756487250328064,1.0,1.0,7.6,0.194,True,True,False
19.891093492507935,stop_after_010,1.8910934925079346,0.0,0.0,0.0,-0.01090830782496456,-0.02181661564992912,-0.014180800172453928,-0.05,-1.51,9.26,0.0,0.9005652666091919,0.0,0.0014748722314834595,1.0,1.0,7.6,0.194,True,True,False
19.91173219680786,stop_after_010,1.9117321968078613,0.0,0.0,0.0,-0.016362461737446838,-0.018544123302439753,-0.007635815477475192,-0.1,-1.3800000000000001,9.120000000000001,0.0,0.8984943628311157,0.0,0.0006781816482543945,1.0,1.0,7.6,0.194,True,True,False
19.93216633796692,stop_after_010,1.932166337966919,0.0,0.0,0.0,-0.00545415391248228,-0.02399827721492203,-0.01090830782496456,-0.1,-1.52,9.290000000000001,0.0,0.8973499536514282,0.0,0.0011242181062698364,1.0,1.0,7.6,0.194,True,True,False
19.952539920806885,stop_after_010,1.9525399208068848,0.0,0.0,0.0,-0.001090830782496456,-0.01090830782496456,0.011999138607461015,0.07,-1.55,9.21,0.077,0.8954118490219116,0.0,0.0009086728096008301,1.0,1.0,7.6,0.194,True,True,False
19.972899198532104,stop_after_010,1.9728991985321045,0.0,0.0,0.0,0.0,0.003272492347489368,0.03490658503988659,0.09,-1.36,9.290000000000001,0.0,0.8941895961761475,0.0,0.0006846189498901367,1.0,1.0,7.6,0.194,True,True,False
19.993277549743652,stop_after_010,1.9932775497436523,0.0,0.0,0.0,0.003272492347489368,0.020725784867432664,0.04690572364734761,-0.1,-1.44,9.15,0.077,0.8929377198219299,0.0,0.0005420297384262085,1.0,1.0,7.6,0.194,True,True,False
20.013673305511475,forward_015,0.01367330551147461,0.15,0.0,0.0,0.001090830782496456,0.06544984694978735,0.050178215994836975,-0.28,-1.1400000000000001,9.26,0.0,0.8421075940132141,0.0,0.19311531633138657,1.0,1.0,7.6,0.194,True,True,False
20.03404426574707,forward_015,0.03404426574707031,0.15,0.0,0.0,0.00545415391248228,0.06544984694978735,-0.009817477042468103,-0.18,-1.26,9.05,0.0,0.9035726189613342,0.0,0.07247418165206909,1.0,1.0,7.6,0.194,True,True,False
20.054412841796875,forward_015,0.054412841796875,0.15,0.0,0.0,-0.002181661564992912,0.05345070834232634,-0.030543261909900768,-0.35000000000000003,-1.26,9.15,0.077,0.9519752264022827,0.07142857142857142,0.07447181176394224,1.0,1.0,7.0,2.1,True,True,False
20.07477879524231,forward_015,0.07477879524230957,0.15,0.0,0.0,-0.004363323129985824,0.013089969389957472,-0.037088246604879506,-0.32,-1.55,9.19,0.844,0.9159448742866516,0.0,0.11837233603000641,1.0,1.0,7.0,2.1,True,True,False
20.09526300430298,forward_015,0.09526300430297852,0.15,0.0,0.0,0.07744898555724837,0.050178215994836975,-0.0545415391248228,0.28,-0.8,9.66,1.227,0.949570894241333,0.0,0.06792077329009771,1.0,1.0,7.0,2.1,True,True,False
20.115747213363647,forward_015,0.11574721336364746,0.15,0.0,0.0,0.49414634447089456,0.3937899124812206,-0.41015237421866746,0.28,-0.8,9.66,2.071,0.9631034731864929,0.14285714285714285,0.05988336354494095,1.0,1.0,7.0,2.1,True,True,False
20.136186361312866,forward_015,0.1361863613128662,0.15,0.0,0.0,0.8999353955595761,0.7733990247899872,-0.7592182246175333,0.28,-0.8,9.66,1.534,0.9707983732223511,0.14285714285714285,0.110661999322474,1.0,1.0,7.0,2.1,True,True,False
20.156553030014038,forward_015,0.15655303001403809,0.15,0.0,0.0,0.9064803802545549,0.791943148092427,-0.9272061651219876,0.38,-2.42,8.84,1.534,0.9806019067764282,0.07142857142857142,0.09782932605594397,1.0,1.0,7.0,2.1,True,True,False
20.176918029785156,forward_015,0.17691802978515625,0.15,0.0,0.0,0.8235772407848243,0.7101308394051928,-0.9108437033845407,-2.9,2.73,6.25,1.151,0.9864954948425293,0.07142857142857142,0.11128245946019888,1.0,1.0,7.0,2.1,True,True,False
20.197279691696167,forward_015,0.197279691696167,0.15,0.0,0.0,0.4505131131710363,0.6915867161027531,-1.3220869083857045,-3.7,-0.42,6.65,0.9970000000000001,0.9847798347473145,0.07142857142857142,0.0865845987573266,1.0,1.0,7.0,2.1,True,True,False
20.217652797698975,forward_015,0.2176527976989746,0.15,0.0,0.0,-0.12435470920459599,0.34579335805137656,-0.9359328113819593,-2.08,-1.93,9.31,2.532,0.9737733006477356,0.07142857142857142,0.07114215940237045,0.0,1.0,7.0,2.1,True,True,False
20.23802423477173,forward_015,0.23802423477172852,0.15,0.0,0.0,-0.8410305333047675,-0.2454369260617026,-0.0272707695624114,-2.08,-1.93,9.31,2.378,0.9256319999694824,0.0,0.15112927556037903,0.0,1.0,7.0,2.1,True,True,False
20.258414268493652,forward_015,0.25841426849365234,0.15,0.0,0.0,-1.1791880758786688,-0.5803219762881145,1.1017390903214206,0.01,-3.81,6.88,2.148,0.9150821566581726,0.0,0.11556819640100002,1.0,1.0,7.4,0.578,True,True,False
20.27878189086914,forward_015,0.2787818908691406,0.15,0.0,0.0,-1.1311915214488248,-0.12435470920459599,1.6776977434795493,-1.24,-0.49,8.28,1.304,0.9095209240913391,0.0,0.0923509057611227,1.0,1.0,7.4,0.578,True,True,False
20.299322605133057,forward_015,0.29932260513305664,0.15,0.0,0.0,-1.0068368122442288,0.24325526449670967,0.8432121948697605,-1.24,-0.49,8.28,0.6899999999999998,0.8175072073936462,0.0,0.06686278898268938,0.0,1.0,7.4,0.578,True,True,False
20.3197181224823,forward_015,0.3197181224822998,0.15,0.0,0.0,-1.0875582901489667,-0.19962203319685143,0.9097528726020443,-1.24,-0.49,8.28,1.381,0.8391057848930359,0.0,0.13754235208034515,0.0,1.0,7.4,0.578,True,True,False
20.340158224105835,forward_015,0.34015822410583496,0.15,0.0,0.0,-0.6294093615004551,-0.15707963267948966,0.5759586531581288,1.77,0.58,5.53,1.074,0.658703088760376,0.0,0.15489599108695984,0.0,1.0,7.4,0.578,True,True,False
20.360522985458374,forward_015,0.360522985458374,0.15,0.0,0.0,0.06544984694978735,-0.24216443371421323,0.07853981633974483,-0.43,-3.62,8.69,1.151,0.7629042863845825,0.0,0.14992192387580872,0.0,1.0,7.4,0.578,True,True,False
20.38089346885681,forward_015,0.3808934688568115,0.15,0.0,0.0,0.6446809924554054,-0.4799655442984406,-0.05345070834232634,1.11,-2.0300000000000002,7.25,1.918,0.792846143245697,0.0,0.16721587255597115,0.0,1.0,7.4,0.578,True,True,False
20.401276350021362,forward_015,0.4012763500213623,0.15,0.0,0.0,0.9970193352017608,-0.5497787143782138,-0.7134033317526822,1.77,-2.5500000000000003,7.62,2.455,0.8027836680412292,0.0,0.10967180877923965,0.0,1.0,7.4,0.578,True,True,False
20.421753883361816,forward_015,0.4217538833618164,0.15,0.0,0.0,1.2500920767409385,-0.37306412761378793,-1.0112001353742146,1.77,-2.5500000000000003,7.62,2.455,0.9320120811462402,0.0,0.09358695149421692,0.0,1.0,7.4,0.578,True,True,False
20.442142009735107,forward_015,0.4421420097351074,0.15,0.0,0.0,1.5631605113174214,-0.1439896632895322,-1.0493792127615906,1.77,-2.5500000000000003,7.62,2.148,0.9544607400894165,0.07142857142857142,0.07840901054441929,0.0,1.0,7.4,0.578,True,True,False
20.462520122528076,forward_015,0.46252012252807617,0.15,0.0,0.0,2.0005836550985,0.3534291735288517,-0.4821472058634335,0.76,-3.46,7.11,1.918,0.930447518825531,0.0,0.11234988085925579,1.0,1.0,7.3,0.728,True,True,False
20.483142137527466,forward_015,0.4831421375274658,0.15,0.0,0.0,2.0703968251782734,0.26725354171163174,0.018544123302439753,2.36,-4.38,3.17,1.841,0.9202120304107666,0.0,0.13198832049965858,1.0,1.0,7.3,0.728,True,True,False
20.5036563873291,forward_015,0.5036563873291016,0.15,0.0,0.0,1.7475109135593225,-0.3687008044838021,0.16798794050445423,2.36,-4.38,3.17,1.6110000000000002,0.947385847568512,0.0,0.07569422759115696,1.0,0.0,7.3,0.728,True,True,False
20.524181365966797,forward_015,0.5241813659667969,0.15,0.0,0.0,0.09817477042468103,0.605411084285533,-0.5246896063807953,2.36,-4.38,3.17,1.381,0.8913613557815552,0.0,0.053857105784118176,1.0,1.0,7.3,0.728,True,True,False
20.54455280303955,forward_015,0.5445528030395508,0.15,0.0,0.0,-0.39706240482870997,-0.27598018797160334,-0.23343778745424157,-0.49,5.54,7.49,0.9970000000000001,0.9631421566009521,0.07142857142857142,0.08865568786859512,1.0,1.0,7.3,0.728,True,True,False
20.565035820007324,forward_015,0.5650358200073242,0.15,0.0,0.0,-0.2399827721492203,-0.15489797111449674,-0.29670597283903605,-0.79,2.44,7.75,1.534,0.9770150184631348,0.07142857142857142,0.05861867126077413,1.0,1.0,7.3,0.728,True,True,False
20.585413455963135,forward_015,0.5854134559631348,0.15,0.0,0.0,0.16471544815696484,0.5530512067257032,-0.35015668118136234,-0.79,2.44,7.75,1.227,0.9732610583305359,0.14285714285714285,0.061227817088365555,1.0,1.0,7.3,0.728,True,True,False
20.605777502059937,forward_015,0.6057775020599365,0.15,0.0,0.0,0.3010692959690218,0.8344855486097889,-0.8628471489546967,-0.79,2.44,7.75,0.614,0.935955286026001,0.0,0.14375245571136475,1.0,1.0,7.3,0.728,True,True,False
20.626240015029907,forward_015,0.6262400150299072,0.15,0.0,0.0,0.18435040224190105,0.4821472058634335,-1.3689926320330523,-2.1,-0.58,5.46,0.6899999999999998,0.9638886451721191,0.07142857142857142,0.05809798091650009,1.0,1.0,7.3,0.728,True,True,False
20.646623849868774,forward_015,0.6466238498687744,0.15,0.0,0.0,0.15489797111449674,0.5366887449882564,-1.5173456184525702,0.44,-1.56,5.28,1.381,0.8596460819244385,0.0,0.056938789784908295,1.0,0.0,7.3,0.728,True,True,False
20.666999101638794,forward_015,0.666999101638794,0.15,0.0,0.0,-0.2945243112740431,0.545415391248228,-1.1104657365813921,-1.8800000000000001,-2.95,3.77,1.688,0.9361808896064758,0.0,0.04420045390725136,1.0,0.0,7.6,0.226,True,True,False
20.687716007232666,forward_015,0.687716007232666,0.15,0.0,0.0,-0.6806784082777885,-0.2454369260617026,-0.10035643198967395,-1.8800000000000001,-2.95,3.77,2.532,0.9556007385253906,0.07142857142857142,0.05101536028087139,1.0,1.0,7.6,0.226,True,True,False
20.708190202713013,forward_015,0.7081902027130127,0.15,0.0,0.0,-1.114829059711378,-0.2007128639793479,1.0079276430267252,-0.84,1.8800000000000001,4.99,1.918,0.9379377961158752,0.0,0.03252863325178623,1.0,1.0,7.6,0.226,True,True,False
20.728574752807617,forward_015,0.7285747528076172,0.15,0.0,0.0,-1.3744467859455345,-0.7057675162752071,1.2926344772583003,0.29,1.28,6.12,0.9210000000000002,0.9747179746627808,0.14285714285714285,0.09673762694001198,1.0,1.0,7.6,0.226,True,True,False
20.74895429611206,forward_015,0.7489542961120605,0.15,0.0,0.0,-1.4911656796726553,-0.6512259771503842,0.8192139176548384,0.29,1.28,6.12,0.9970000000000001,0.9737613201141357,0.14285714285714285,0.06556009501218796,0.0,1.0,7.6,0.226,True,True,False
20.769330978393555,forward_015,0.7693309783935547,0.15,0.0,0.0,-1.004655150679236,0.6152285613280012,0.9173886880795195,0.29,1.28,6.12,0.9970000000000001,0.9019348621368408,0.0,0.11083948239684105,0.0,1.0,7.6,0.226,True,True,False
20.789706468582153,forward_015,0.7897064685821533,0.15,0.0,0.0,-0.8377580409572782,0.7984881327874057,1.0450158896316049,0.46,-1.57,9.67,1.151,0.9180289506912231,0.0,0.02456575632095337,0.0,1.0,7.6,0.226,True,True,False
20.810197353363037,forward_015,0.8101973533630371,0.15,0.0,0.0,-0.5366887449882564,0.5421428989007386,0.2301652951067522,2.74,-0.13,7.05,1.074,0.9341332912445068,0.0,0.05768446158617735,1.0,1.0,7.6,0.226,True,True,False
20.83062505722046,forward_015,0.830625057220459,0.15,0.0,0.0,-0.17453292519943295,0.6763150851478027,-0.14835298641951802,1.36,0.36,7.09,0.6899999999999998,0.9418801069259644,0.0,0.03859152738004923,1.0,1.0,7.6,0.226,True,True,False
20.85101318359375,forward_015,0.85101318359375,0.15,0.0,0.0,0.19744037163185854,0.3839724354387525,-0.5792311455056182,1.36,0.36,7.09,0.614,0.9565815329551697,0.07142857142857142,0.03587334230542183,1.0,1.0,7.6,0.226,True,True,False
20.871386766433716,forward_015,0.8713867664337158,0.15,0.0,0.0,0.13526301702956053,0.5890486225480862,-0.9926560120717749,1.36,0.36,7.09,0.614,0.9319835305213928,0.0,0.021879342384636395,1.0,1.0,7.6,0.402,True,True,False
20.89175534248352,forward_015,0.8917553424835205,0.15,0.0,0.0,0.05999569303730508,1.1693705988362009,-0.9752027195518317,-3.91,-3.0300000000000002,7.8500000000000005,0.614,0.925618588924408,0.0,0.11272282525897026,1.0,1.0,7.6,0.402,True,True,False
20.91212511062622,forward_015,0.9121251106262207,0.15,0.0,0.0,0.15707963267948966,0.7494007475750653,0.35561083509384467,-4.73,-1.46,7.7700000000000005,0.844,0.9352589249610901,0.0,0.10482655372470617,1.0,1.0,7.6,0.402,True,True,False
20.932488441467285,forward_015,0.9324884414672852,0.15,0.0,0.0,-0.10253809355466686,0.753764070705051,0.9162978572970231,0.78,-1.59,8.74,0.537,0.6625702381134033,0.0,0.16422702372074127,1.0,1.0,7.6,0.402,True,True,False
20.9528648853302,forward_015,0.9528648853302002,0.15,0.0,0.0,-0.3436116964863836,0.8552113334772214,0.8792096106921435,-0.66,-1.05,6.11,0.9210000000000002,0.9365870356559753,0.0,0.14387207850813866,1.0,1.0,7.6,0.402,True,True,False
20.973232746124268,forward_015,0.9732327461242676,0.15,0.0,0.0,-0.23889194136672387,0.32506757318394386,0.7843073326149519,-0.66,-1.05,6.11,1.765,0.9624691009521484,0.07142857142857142,0.048216499388217926,0.0,1.0,7.6,0.402,True,True,False
20.993602752685547,forward_015,0.9936027526855469,0.15,0.0,0.0,-0.21598449493429828,0.19744037163185854,0.39269908169872414,-3.04,0.64,8.35,1.534,0.9582669138908386,0.07142857142857142,0.06872318498790264,0.0,1.0,7.6,0.402,True,True,False
21.01408314704895,forward_015,1.0140831470489502,0.15,0.0,0.0,-0.030543261909900768,-0.15926129424448257,-0.0545415391248228,-1.93,-0.79,7.8,2.225,0.8747676014900208,0.0,0.05282408744096756,0.0,1.0,7.6,0.402,True,True,False
21.034455060958862,forward_015,1.0344550609588623,0.15,0.0,0.0,0.45160394395353276,-0.40033489717619936,-0.07090400086226964,-2.47,-0.18,8.35,2.225,0.9057119488716125,0.0,0.09350404515862465,0.0,1.0,7.6,0.402,True,True,False
21.05493187904358,forward_015,1.054931879043579,0.15,0.0,0.0,0.9315694882519734,-0.5126904677733343,-0.4537856055185257,-2.47,-0.18,8.35,2.148,0.9282992482185364,0.0,0.10181297361850739,0.0,1.0,7.6,0.402,True,True,False
21.07531499862671,forward_015,1.075314998626709,0.15,0.0,0.0,1.076649982324002,-0.7973973020049093,-0.3523383427463553,-0.41000000000000003,-3.67,8.09,1.381,0.9336056709289551,0.0,0.06334253773093224,0.0,1.0,7.3,1.262,True,True,False
21.095680236816406,forward_015,1.0956802368164062,0.15,0.0,0.0,1.1759155835311796,-1.0373800741541297,0.16253378659197193,0.48,-3.09,5.97,1.304,0.9569997191429138,0.07142857142857142,0.056627591140568256,0.0,1.0,7.3,1.262,True,True,False
21.116053104400635,forward_015,1.1160531044006348,0.15,0.0,0.0,1.2566370614359172,-0.9981101659842572,0.28361600344907856,-3.88,-1.29,6.45,1.841,0.9726959466934204,0.07142857142857142,0.044222697615623474,0.0,1.0,7.3,1.262,True,True,False
21.136420488357544,forward_015,1.136420488357544,0.15,0.0,0.0,1.401717555507946,-0.9326603190344699,0.3763366199612773,-4.03,0.63,7.5600000000000005,1.304,0.9696219563484192,0.07142857142857142,0.04232555627822876,1.0,1.0,7.3,1.262,True,True,False
21.15679669380188,forward_015,1.1567966938018799,0.15,0.0,0.0,1.6471544815696486,-0.8235772407848243,0.21380283336930536,-0.63,-0.92,8.6,1.688,0.9327136278152466,0.0,0.09502602182328701,1.0,1.0,7.3,1.262,True,True,False
21.177229166030884,forward_015,1.1772291660308838,0.15,0.0,0.0,1.750783405906812,-0.657770961845363,0.4286964975211072,1.44,-1.37,7.76,1.381,0.9119636416435242,0.0,0.026102734729647636,1.0,0.0,7.3,1.262,True,True,False
21.197633504867554,forward_015,1.1976335048675537,0.15,0.0,0.0,0.34470252726888007,-0.4559672670835186,0.05781403147231216,1.44,-1.37,7.76,0.9970000000000001,0.9376909136772156,0.0,0.08242695778608322,1.0,0.0,7.3,1.262,True,True,False
21.218106508255005,forward_015,1.2181065082550049,0.15,0.0,0.0,-0.12762720155208535,-0.5977752688080579,-0.545415391248228,-1.77,4.07,3.96,1.227,0.9876765608787537,0.14285714285714285,0.15302171371877193,1.0,0.0,7.3,1.262,True,True,False
21.23858666419983,forward_015,1.238586664199829,0.15,0.0,0.0,-0.272707695624114,-1.0951941056264418,-0.49632800603588745,0.67,0.59,5.14,1.458,0.9677892923355103,0.07142857142857142,0.1468368750065565,1.0,0.0,7.3,1.262,True,True,False
21.259064197540283,forward_015,1.2590641975402832,0.15,0.0,0.0,-0.30870511144649704,-0.8879362569521152,0.0818123086872342,-1.16,0.42,7.63,1.995,0.9955394268035889,0.14285714285714285,0.07049093395471573,1.0,0.0,7.3,1.262,True,True,False
21.279468059539795,forward_015,1.279468059539795,0.15,0.0,0.0,-0.9839293658118032,-0.9217520112095053,0.2530727415391778,-0.98,1.7,8.21,2.071,0.9928280711174011,0.07142857142857142,0.07171507924795151,1.0,0.0,7.6,0.078,True,True,False
21.299861431121826,forward_015,1.2998614311218262,0.15,0.0,0.0,-1.3504485087306124,-0.8704829644321719,0.1734420944169365,0.34,1.24,6.72,1.534,0.9915612936019897,0.14285714285714285,0.03527846187353134,1.0,1.0,7.6,0.078,True,True,False
21.320226907730103,forward_015,1.3202269077301025,0.15,0.0,0.0,-1.189005552921137,-1.0679233360640303,0.19853120241435498,0.89,0.77,7.16,1.918,0.9902347326278687,0.14285714285714285,0.03452016878873109,1.0,1.0,7.6,0.078,True,True,False
21.340686321258545,forward_015,1.340686321258545,0.15,0.0,0.0,-1.2904528156933075,-1.1399181677087964,0.09926560120717749,1.22,3.97,9.33,1.074,0.981743335723877,0.14285714285714285,0.05385788902640343,1.0,1.0,7.6,0.078,True,True,False
21.361069440841675,forward_015,1.3610694408416748,0.15,0.0,0.0,-1.4398966328953218,-1.0973757671914346,-0.37742745074377376,1.22,3.97,9.33,0.9970000000000001,0.9766040444374084,0.21428571428571427,0.022600218653678894,0.0,1.0,7.6,0.078,True,True,False
21.381442070007324,forward_015,1.3814420700073242,0.15,0.0,0.0,-0.6185010536754906,-0.20943951023931956,-0.30543261909900765,1.22,3.97,9.33,0.844,0.9754174947738647,0.14285714285714285,0.07367414608597755,0.0,1.0,7.6,0.078,True,True,False
21.401813745498657,forward_015,1.4018137454986572,0.15,0.0,0.0,0.06217735460229799,-0.5486878835957173,-0.5781403147231217,0.38,-5.5200000000000005,8.11,0.9210000000000002,0.9894284009933472,0.14285714285714285,0.03926520049571991,1.0,1.0,7.6,0.078,True,True,False
21.422184228897095,forward_015,1.4221842288970947,0.15,0.0,0.0,0.6228643768054763,-0.2683443724941282,-0.533416252640767,2.25,-1.72,6.84,0.537,0.9808248281478882,0.14285714285714285,0.04190228134393692,1.0,1.0,7.6,0.078,True,True,False
21.442551851272583,forward_015,1.442551851272583,0.15,0.0,0.0,0.7908523173099306,-0.22471114119426994,-0.5715953300281429,2.25,-1.72,6.84,0.537,0.9789882302284241,0.14285714285714285,0.011199600994586945,1.0,1.0,7.6,0.078,True,True,False
21.46292757987976,forward_015,1.4629275798797607,0.15,0.0,0.0,0.21707532571679475,-0.1559888018969932,-0.4145156973486533,2.25,-1.72,6.84,0.614,0.9798950552940369,0.14285714285714285,0.024365817196667194,1.0,1.0,7.6,0.078,True,True,False
21.483287811279297,forward_015,1.4832878112792969,0.15,0.0,0.0,0.002181661564992912,0.3621558197888234,-0.11344640137963143,-0.43,-0.86,6.93,0.614,0.9844744205474854,0.14285714285714285,0.092596136033535,1.0,1.0,7.6,0.253,True,True,False
21.5042724609375,forward_015,1.5042724609375,0.15,0.0,0.0,0.26070855701665296,0.12544553998709243,0.1407171709420428,-0.43,-0.86,6.93,0.537,0.9813677072525024,0.14285714285714285,0.08059912174940109,1.0,1.0,7.6,0.253,True,True,False
21.52464199066162,forward_015,1.524641990661621,0.15,0.0,0.0,0.3010692959690218,0.43196898986859655,0.5737769915931359,-0.43,-0.86,6.93,0.537,0.9824630618095398,0.14285714285714285,0.06078340485692024,1.0,1.0,7.6,0.253,True,True,False
21.545122623443604,forward_015,1.5451226234436035,0.15,0.0,0.0,0.09272061651219876,0.5050546522958591,0.6032294227205401,1.7,0.43,8.19,0.6899999999999998,0.9725627899169922,0.07142857142857142,0.059969447553157806,1.0,1.0,7.6,0.253,True,True,False
21.56561279296875,forward_015,1.56561279296875,0.15,0.0,0.0,-0.07417649320975901,0.5061454830783556,0.44833145160604343,1.3900000000000001,-0.03,8.92,0.614,0.9819753170013428,0.07142857142857142,0.042286431416869164,1.0,1.0,7.6,0.253,True,True,False
21.58598828315735,forward_015,1.5859882831573486,0.15,0.0,0.0,-0.1538071403320003,0.8584838258247108,0.4657847441259867,0.26,-0.64,8.64,0.614,0.9779613614082336,0.14285714285714285,0.07988370209932327,1.0,1.0,7.6,0.253,True,True,False
21.60635542869568,forward_015,1.6063554286956787,0.15,0.0,0.0,-0.20180369476184434,0.8006697943523987,0.5737769915931359,0.26,-0.64,8.64,0.844,0.9661317467689514,0.07142857142857142,0.06623467057943344,1.0,1.0,7.6,0.253,True,True,False
21.62672734260559,forward_015,1.6267273426055908,0.15,0.0,0.0,-0.08835729338221293,0.9795660426818175,0.5323254218582705,0.26,-0.64,8.64,0.6899999999999998,0.9599016904830933,0.07142857142857142,0.04173734039068222,1.0,1.0,7.6,0.253,True,True,False
21.647207260131836,forward_015,1.647207260131836,0.15,0.0,0.0,0.12544553998709243,1.1061024134514064,0.3665191429188092,-0.37,-0.28,7.45,1.304,0.9637758135795593,0.07142857142857142,0.048748742789030075,1.0,1.0,7.6,0.253,True,True,False
21.66758704185486,forward_015,1.6675870418548584,0.15,0.0,0.0,0.25416357232167425,0.8279405639148101,0.18435040224190105,-0.29,-0.64,8.2,1.918,0.9541584849357605,0.07142857142857142,0.03637950122356415,1.0,1.0,7.6,0.253,True,True,False
21.68812131881714,forward_015,1.6881213188171387,0.15,0.0,0.0,0.5606870222031783,1.1791880758786688,-0.20616701789183017,-0.29,-0.64,8.2,1.765,0.8784412145614624,0.0,0.09254378825426102,1.0,1.0,7.2,0.9289999999999999,True,True,False
21.70848774909973,forward_015,1.7084877490997314,0.15,0.0,0.0,0.7668540400950086,1.1759155835311796,-0.08072147790473774,-0.29,-0.64,8.2,1.458,0.876934826374054,0.0,0.14640411734580994,1.0,1.0,7.2,0.9289999999999999,True,True,False
21.728863954544067,forward_015,1.7288639545440674,0.15,0.0,0.0,0.6981317007977318,0.5486878835957173,-0.507236313860852,-2.46,-0.65,8.26,1.151,0.9510949850082397,0.07142857142857142,0.11485913582146168,1.0,1.0,7.2,0.9289999999999999,True,True,False
21.7493634223938,forward_015,1.7493634223937988,0.15,0.0,0.0,0.5945027764605685,0.21489366415180183,-0.17562375598192942,-1.12,-1.37,6.54,1.381,0.9708619713783264,0.07142857142857142,0.0590477678924799,1.0,0.0,7.2,0.9289999999999999,True,True,False
21.76974058151245,forward_015,1.7697405815124512,0.15,0.0,0.0,0.21489366415180183,-0.18435040224190105,0.3567016658763411,-2.84,-0.49,7.86,0.9210000000000002,0.9883073568344116,0.07142857142857142,0.0766859669238329,1.0,0.0,7.2,0.9289999999999999,True,True,False
21.790115118026733,forward_015,1.7901151180267334,0.15,0.0,0.0,-0.14835298641951802,-0.44178646691106466,0.6108652381980153,-1.42,2.27,8.55,1.765,0.9890229105949402,0.07142857142857142,0.04893403872847557,1.0,0.0,7.2,0.9289999999999999,True,True,False
21.810484170913696,forward_015,1.8104841709136963,0.15,0.0,0.0,-0.45160394395353276,-0.6130468997630083,1.0079276430267252,-0.19,-0.13,7.88,1.6110000000000002,0.9864016175270081,0.14285714285714285,0.07409877236932516,1.0,0.0,7.2,0.9289999999999999,True,True,False
21.830867052078247,forward_015,1.830867052078247,0.15,0.0,0.0,-0.6163193921104976,-0.39924406639370286,1.6024304194872938,-0.19,-0.13,7.88,1.6110000000000002,0.9933820962905884,0.14285714285714285,0.08362261578440666,1.0,0.0,7.2,0.9289999999999999,True,True,False
21.851370096206665,forward_015,1.851370096206665,0.15,0.0,0.0,-0.7264933011426397,-0.19634954084936207,1.4682582332402296,-0.9500000000000001,3.42,6.1000000000000005,1.151,0.9975120425224304,0.14285714285714285,0.06737977266311646,1.0,1.0,7.2,0.9289999999999999,True,True,False
21.8718523979187,forward_015,1.8718523979187012,0.15,0.0,0.0,-0.9130253649495337,-0.28907015736156083,0.7406741013150936,-0.9500000000000001,3.42,6.1000000000000005,1.227,0.9982336163520813,0.21428571428571427,0.021045664325356483,1.0,1.0,7.2,0.9289999999999999,True,True,False
21.892340421676636,forward_015,1.8923404216766357,0.15,0.0,0.0,-1.1082840750163994,0.0719948316447661,0.3752457891787809,-0.9500000000000001,3.42,6.1000000000000005,0.9210000000000002,0.9942259788513184,0.21428571428571427,0.07478807214647532,1.0,1.0,7.6,0.149,True,True,False
21.912709712982178,forward_015,1.9127097129821777,0.15,0.0,0.0,-1.0788316438889949,0.6326818538479445,0.8203047484373349,-0.9500000000000001,3.42,6.1000000000000005,0.614,0.9739455580711365,0.14285714285714285,0.08965563587844372,1.0,1.0,7.6,0.149,True,True,False
21.93307113647461,forward_015,1.9330711364746094,0.15,0.0,0.0,-0.32070425005395803,0.3719732968312915,1.1584622910112363,-0.9500000000000001,3.42,6.1000000000000005,0.844,0.9755939841270447,0.14285714285714285,0.021156540140509605,1.0,1.0,7.6,0.149,True,True,False
21.953446626663208,forward_015,1.953446626663208,0.15,0.0,0.0,-0.09053895494720585,-0.12326387842209953,1.5969762655748114,-0.06,-2.83,6.99,1.458,0.9720759391784668,0.14285714285714285,0.07596923582605086,1.0,1.0,7.6,0.149,True,True,False
21.97382664680481,forward_015,1.9738266468048096,0.15,0.0,0.0,-0.01090830782496456,0.17235126363444003,2.171844087950444,2.06,0.0,9.28,1.841,0.9464808106422424,0.0,0.03828851133584976,0.0,1.0,7.6,0.149,True,True,False
21.994211435317993,forward_015,1.9942114353179932,0.15,0.0,0.0,-0.4603305902135044,0.48651052899341934,2.1478458107355216,2.06,0.0,9.28,1.6110000000000002,0.9140927791595459,0.0,0.03743871673941612,0.0,1.0,7.6,0.149,True,True,False
22.014689207077026,forward_015,2.0146892070770264,0.15,0.0,0.0,-0.7079491778402,0.210530341021816,2.1663899340379618,2.06,0.0,9.28,0.767,0.9310114979743958,0.0,0.07297940086573362,0.0,1.0,7.6,0.149,True,True,False
22.03505516052246,forward_015,2.035055160522461,0.15,0.0,0.0,-0.31306843457648287,0.45160394395353276,2.4238259987071253,-0.53,-0.72,9.0,0.767,0.9315370321273804,0.0,0.0458388952538371,0.0,1.0,7.6,0.149,True,True,False
22.055427312850952,forward_015,2.055427312850952,0.15,0.0,0.0,-0.20507618710933373,0.5028729907308662,2.283108827765082,-2.12,1.3,8.49,0.9970000000000001,0.9378675222396851,0.0,0.019663230516016483,0.0,1.0,7.6,0.149,True,True,False
22.075793266296387,forward_015,2.0757932662963867,0.15,0.0,0.0,-0.32506757318394386,0.4428772976935611,1.8915005768488546,0.01,-1.92,7.890000000000001,0.767,0.9274780750274658,0.0,0.0634682048112154,0.0,1.0,7.6,0.149,True,True,False
22.096267223358154,forward_015,2.0962672233581543,0.15,0.0,0.0,-0.4461497900410505,0.41996985126113556,1.7278759594743862,1.6300000000000001,-1.18,8.48,0.9210000000000002,0.9180922508239746,0.0,0.06671546958386898,0.0,1.0,7.5,0.5389999999999999,True,True,False
22.116625547409058,forward_015,2.1166255474090576,0.15,0.0,0.0,-0.16689710972195776,0.46687557490848314,1.7638733752967692,-0.44,-0.9500000000000001,7.2,0.844,0.93914794921875,0.0,0.07395052164793015,0.0,1.0,7.5,0.5389999999999999,True,True,False
22.136998176574707,forward_015,2.136998176574707,0.15,0.0,0.0,-0.17780541754692233,0.45160394395353276,1.53588974175501,-0.44,-0.9500000000000001,7.2,1.304,0.9099310636520386,0.0,0.09117355942726135,0.0,1.0,7.5,0.5389999999999999,True,True,False
22.15736436843872,forward_015,2.1573643684387207,0.15,0.0,0.0,-0.2814343418840856,0.32506757318394386,1.3384493701231515,-0.44,-0.9500000000000001,7.2,2.071,0.9108197093009949,0.0,0.036270469427108765,0.0,1.0,7.5,0.5389999999999999,True,True,False
22.17792558670044,forward_015,2.1779255867004395,0.15,0.0,0.0,-0.15162547876700738,0.41996985126113556,1.2348204457859882,-1.68,-0.13,8.02,2.532,0.9019226431846619,0.0,0.04127608984708786,0.0,1.0,7.5,0.5389999999999999,True,True,False
22.198314666748047,forward_015,2.198314666748047,0.15,0.0,0.0,0.20943951023931956,0.4014257279586958,0.9697485656393493,-3.9,-3.5,8.99,2.8389999999999995,0.9480184316635132,0.0,0.022704556584358215,0.0,1.0,7.5,0.5389999999999999,True,True,False
22.21870183944702,forward_015,2.2187018394470215,0.15,0.0,0.0,0.5825036378531074,0.19525871006686563,0.8464846872172498,-2.83,-2.82,9.68,2.148,0.9743220210075378,0.07142857142857142,0.06813393253833055,1.0,1.0,7.5,0.5389999999999999,True,True,False
22.239062786102295,forward_015,2.239062786102295,0.15,0.0,0.0,0.7221299780126539,0.1341721862470641,0.7024950239277177,-2.83,-2.82,9.68,1.381,0.96267169713974,0.07142857142857142,0.042468294501304626,1.0,1.0,7.5,0.5389999999999999,True,True,False
22.259440660476685,forward_015,2.2594406604766846,0.15,0.0,0.0,1.088649120931463,-0.2683443724941282,0.8410305333047675,-2.83,-2.82,9.68,1.458,0.9550465941429138,0.07142857142857142,0.09808441885979846,1.0,1.0,7.5,0.5389999999999999,True,True,False
22.27990221977234,forward_015,2.279902219772339,0.15,0.0,0.0,1.0581058590215622,-0.47778388273344774,0.5617778529856748,-2.83,-2.82,9.68,1.458,0.9561018347740173,0.14285714285714285,0.10962276271311566,1.0,1.0,7.5,0.5389999999999999,True,True,False
22.30026340484619,forward_015,2.3002634048461914,0.15,0.0,0.0,0.9075712110370514,-0.26398104936414235,0.1407171709420428,-4.0600000000000005,1.46,8.53,1.074,0.988298237323761,0.14285714285714285,0.06987355649471283,1.0,1.0,7.4,0.8370000000000001,True,True,False
22.320626735687256,forward_015,2.320626735687256,0.15,0.0,0.0,0.6424993308904126,0.15271630954950383,-0.9141161957320301,-2.72,2.2,6.53,0.9210000000000002,0.9691015481948853,0.14285714285714285,0.1459653601050377,1.0,0.0,7.4,0.8370000000000001,True,True,False
22.340988397598267,forward_015,2.3409883975982666,0.15,0.0,0.0,0.6621342849753488,-0.28907015736156083,-1.0155634585042006,-0.36,1.84,7.99,1.381,0.9834024310112,0.07142857142857142,0.07280617114156485,1.0,0.0,7.4,0.8370000000000001,True,True,False
22.36148738861084,forward_015,2.36148738861084,0.15,0.0,0.0,0.23343778745424157,0.022907446432425576,-1.004655150679236,-1.74,-0.62,4.67,1.918,0.9553195238113403,0.07142857142857142,0.0803646370768547,1.0,0.0,7.4,0.8370000000000001,True,True,False
22.381870985031128,forward_015,2.381870985031128,0.15,0.0,0.0,-0.12980886311707826,-0.2596177262341565,-0.5792311455056182,-2.44,0.5,9.58,2.071,0.9794764518737793,0.07142857142857142,0.04750052094459534,1.0,0.0,7.4,0.8370000000000001,True,True,False
22.40237021446228,forward_015,2.4023702144622803,0.15,0.0,0.0,-0.5355979142057599,-0.06763150851478027,-0.15707963267948966,-2.5,1.9000000000000001,7.23,2.8389999999999995,0.9543461799621582,0.07142857142857142,0.03217392321676016,1.0,0.0,7.4,0.8370000000000001,True,True,False
22.4227557182312,forward_015,2.422755718231201,0.15,0.0,0.0,-0.9708393964218458,-0.2628902185816459,0.1538071403320003,-1.04,4.03,7.37,2.992,0.9377451539039612,0.0,0.0399945005774498,1.0,1.0,7.4,0.8370000000000001,True,True,False
22.443140745162964,forward_015,2.443140745162964,0.15,0.0,0.0,-1.3624476473380736,-0.05672320068981571,-0.21707532571679475,-0.96,1.6400000000000001,7.37,1.918,0.9282085299491882,0.0,0.03986284416168928,1.0,1.0,7.4,0.8370000000000001,True,True,False
22.463521480560303,forward_015,2.4635214805603027,0.15,0.0,0.0,-1.6907877128695068,-0.1930770485018727,-0.09053895494720585,-0.01,3.3000000000000003,9.4,1.227,0.9310527443885803,0.0,0.029599741101264954,1.0,1.0,7.4,0.8370000000000001,True,True,False
22.484004020690918,forward_015,2.484004020690918,0.15,0.0,0.0,-1.9536779314511525,-0.40251655874119224,-0.6566801310628665,-0.01,3.3000000000000003,9.4,0.9210000000000002,0.9278709292411804,0.0,0.01426464319229126,1.0,1.0,7.4,0.8370000000000001,True,True,False
22.50441884994507,forward_015,2.5044188499450684,0.15,0.0,0.0,-1.0679233360640303,0.928296995904484,0.22471114119426994,-4.5,-1.69,8.18,0.767,0.8806799054145813,0.0,0.08710941299796104,0.0,1.0,7.5,0.6110000000000001,True,True,False
22.525736570358276,forward_015,2.5257365703582764,0.15,0.0,0.0,-0.5475970528132209,0.56941366846315,0.9304786574694769,-2.9,-1.46,8.28,0.767,0.85188227891922,0.0,0.04098005662672222,0.0,1.0,7.5,0.6110000000000001,True,True,False
22.546213626861572,forward_015,2.5462136268615723,0.15,0.0,0.0,-0.385063266221249,0.543233729683235,0.031634092692397225,0.31,-1.18,9.18,0.767,0.8516188859939575,0.0,0.04974997084354982,0.0,1.0,7.5,0.6110000000000001,True,True,False
22.56657600402832,forward_015,2.5665760040283203,0.15,0.0,0.0,-0.4461497900410505,0.9217520112095053,-0.3741549583962844,-1.98,-3.18,9.200000000000001,1.151,0.8964152932167053,0.0,0.15817582607269287,0.0,1.0,7.5,0.6110000000000001,True,True,False
22.587056159973145,forward_015,2.5870561599731445,0.15,0.0,0.0,-0.1505346479845109,1.0777408131064985,0.30652344988150415,-4.2700000000000005,-2.04,6.7700000000000005,1.151,0.9170901775360107,0.0,0.12302978709340096,0.0,1.0,7.5,0.6110000000000001,True,True,False
22.60751509666443,forward_015,2.6075150966644287,0.15,0.0,0.0,-0.08399397025222712,0.4919646829059016,0.02399827721492203,-2.38,-2.83,7.9,1.227,0.9500557780265808,0.07142857142857142,0.10595512017607689,0.0,1.0,7.5,0.6110000000000001,True,True,False
22.628044366836548,forward_015,2.628044366836548,0.15,0.0,0.0,-0.10690141668465268,0.18544123302439752,-0.2912518189265537,-2.38,-3.29,6.97,1.381,0.9398291707038879,0.0,0.04059850238263607,0.0,1.0,7.5,0.6110000000000001,True,True,False
22.648504972457886,forward_015,2.6485049724578857,0.15,0.0,0.0,0.04690572364734761,-0.0545415391248228,0.08399397025222712,-3.02,-2.39,7.47,1.918,0.9121418595314026,0.0,0.031099833548069,0.0,1.0,7.5,0.6110000000000001,True,True,False
22.668972492218018,forward_015,2.6689724922180176,0.15,0.0,0.0,0.46796640569097964,-0.28579766501407144,0.1908953869368798,-2.71,-3.48,7.9,2.378,0.96851646900177,0.07142857142857142,0.11366379261016846,0.0,1.0,7.5,0.6110000000000001,True,True,False
22.68943738937378,forward_015,2.6894373893737793,0.15,0.0,0.0,0.9173886880795195,-0.32288591161895097,0.07744898555724837,-2.35,-0.14,9.18,2.378,0.9573748111724854,0.07142857142857142,0.07571364939212799,0.0,1.0,7.5,0.6110000000000001,True,True,False
22.70983123779297,forward_015,2.7098312377929688,0.15,0.0,0.0,1.3319043854281727,-0.43196898986859655,-0.5563236990731926,-1.12,-4.64,7.8,1.688,0.9531422853469849,0.07142857142857142,0.0790932672098279,0.0,1.0,7.2,1.5650000000000002,True,True,False
22.730199575424194,forward_015,2.7301995754241943,0.15,0.0,0.0,1.6417003276571662,-0.5355979142057599,-0.15162547876700738,-1.58,-5.6000000000000005,5.17,1.6110000000000002,0.9751953482627869,0.07142857142857142,0.08389592356979847,0.0,1.0,7.2,1.5650000000000002,True,True,False
22.750678300857544,forward_015,2.750678300857544,0.15,0.0,0.0,1.9416787928436916,-1.030835089459151,0.05890486225480862,-2.84,-1.37,6.19,2.685,0.9766989946365356,0.07142857142857142,0.0621683020144701,1.0,1.0,7.2,1.5650000000000002,True,True,False
22.77115774154663,forward_015,2.771157741546631,0.15,0.0,0.0,1.9504054391036634,-1.0493792127615906,-0.17453292519943295,-3.35,1.33,7.99,1.765,0.9671421647071838,0.07142857142857142,0.05121441185474396,1.0,1.0,7.2,1.5650000000000002,True,True,False
22.791584968566895,forward_015,2.7915849685668945,0.15,0.0,0.0,2.031126917008401,-0.7897614865274342,-0.543233729683235,0.19,-0.09,7.3500000000000005,1.458,0.9072042107582092,0.0,0.07530353218317032,1.0,1.0,7.2,1.5650000000000002,True,True,False
22.812013626098633,forward_015,2.812013626098633,0.15,0.0,0.0,1.5108006337575914,-0.34797501961636945,-0.42542400517361784,0.19,-0.09,7.3500000000000005,1.688,0.8988538980484009,0.0,0.06866161525249481,1.0,0.0,7.2,1.5650000000000002,True,True,False
22.832388162612915,forward_015,2.832388162612915,0.15,0.0,0.0,0.5257804371632918,0.8377580409572782,-1.8195057452040886,-1.23,6.03,5.44,1.227,0.947212815284729,0.0,0.14123635599389672,1.0,0.0,7.2,1.5650000000000002,True,True,False
22.852758407592773,forward_015,2.8527584075927734,0.15,0.0,0.0,0.17453292519943295,-0.48978302134090873,-1.8871372537188689,-1.23,6.03,5.44,1.074,0.8848758935928345,0.0,0.11194119113497436,1.0,0.0,7.2,1.5650000000000002,True,True,False
22.8732488155365,forward_015,2.873248815536499,0.15,0.0,0.0,-0.03381575425739013,0.4406956361285682,-1.1540989678812503,-2.5100000000000002,-5.01,2.12,1.304,0.9388741850852966,0.0,0.09592891740612686,1.0,0.0,7.2,1.5650000000000002,True,True,False
22.893624782562256,forward_015,2.893624782562256,0.15,0.0,0.0,-0.7221299780126539,-0.3719732968312915,0.24434609527920614,-1.26,1.33,6.61,2.455,0.9475610852241516,0.0,0.12328682467341423,1.0,0.0,7.2,1.5650000000000002,True,True,False
22.914008617401123,forward_015,2.914008617401123,0.15,0.0,0.0,-1.0242901047641721,-0.6381360077604268,0.34579335805137656,-2.44,1.76,5.83,2.762,0.9664298892021179,0.07142857142857142,0.08045026473701,1.0,0.0,7.6,0.31500000000000006,True,True,False
22.934377431869507,forward_015,2.934377431869507,0.15,0.0,0.0,-1.0711958284115197,-0.7384924397501007,1.0188359508516898,-1.0,0.0,7.65,3.069,0.9850354194641113,0.07142857142857142,0.07729397714138031,1.0,0.0,7.6,0.31500000000000006,True,True,False
22.954861164093018,forward_015,2.9548611640930176,0.15,0.0,0.0,-1.3864459245529954,-0.6544984694978736,1.1388273369263,-0.64,6.0200000000000005,6.98,1.918,0.9860731363296509,0.07142857142857142,0.0666914451867342,1.0,0.0,7.6,0.31500000000000006,True,True,False
22.975239753723145,forward_015,2.9752397537231445,0.15,0.0,0.0,-1.4028083862904424,-0.8868454261696187,0.6512259771503842,-0.64,6.0200000000000005,6.98,1.074,0.9930068254470825,0.07142857142857142,0.036403216421604156,1.0,1.0,7.6,0.31500000000000006,True,True,False
22.995609521865845,forward_015,2.9956095218658447,0.15,0.0,0.0,-1.451895771502783,-0.9337511498169663,0.10253809355466686,-0.32,3.13,8.44,0.9210000000000002,0.9932331442832947,0.14285714285714285,0.030350282788276672,1.0,1.0,7.6,0.31500000000000006,True,True,False
23.016033411026,forward_015,3.016033411026001,0.15,0.0,0.0,-1.5587971881874356,-1.0461067204141012,-0.5497787143782138,-0.32,3.13,8.44,1.304,0.9874001145362854,0.14285714285714285,0.045901983976364136,0.0,1.0,7.6,0.31500000000000006,True,True,False
23.03639554977417,forward_015,3.03639554977417,0.15,0.0,0.0,-1.5784321422723717,0.030543261909900768,-1.5162547876700738,-0.32,3.13,8.44,1.534,0.9660913944244385,0.14285714285714285,0.12846144661307335,0.0,1.0,7.6,0.31500000000000006,True,True,False
23.056766033172607,forward_015,3.0567660331726074,0.15,0.0,0.0,-0.346884188833873,0.3665191429188092,-1.6809702358270386,-3.83,-0.2,6.38,1.458,0.9716256856918335,0.14285714285714285,0.0767760369926691,1.0,1.0,7.6,0.31500000000000006,True,True,False
23.077249765396118,forward_015,3.077249765396118,0.15,0.0,0.0,0.5988660995905544,-0.7548549014875475,-2.022400270748429,4.36,-2.9,6.93,0.9970000000000001,0.9734008312225342,0.14285714285714285,0.22661077231168747,1.0,1.0,7.6,0.31500000000000006,True,True,False
23.09761881828308,forward_015,3.097618818283081,0.15,0.0,0.0,0.9173886880795195,-0.19853120241435498,-1.8631389765039468,1.84,-4.68,7.19,0.9970000000000001,0.9743227362632751,0.14285714285714285,0.10349659621715546,1.0,1.0,7.6,0.31500000000000006,True,True,False
23.118014812469482,forward_015,3.1180148124694824,0.15,0.0,0.0,0.595593607243065,-0.1810779098944117,-1.6918785436520032,1.84,-4.68,7.19,1.688,0.9839432835578918,0.14285714285714285,0.060962338000535965,1.0,1.0,7.5,0.35500000000000004,True,True,False
23.13840079307556,forward_015,3.1384007930755615,0.15,0.0,0.0,-0.0916297857297023,0.09053895494720585,-0.9435686268594344,-1.41,-3.33,8.32,1.304,0.9812822937965393,0.14285714285714285,0.1665254719555378,1.0,1.0,7.5,0.35500000000000004,True,True,False
23.158771753311157,forward_015,3.1587717533111572,0.15,0.0,0.0,-0.3567016658763411,0.30543261909900765,0.49960049838337683,-0.63,-1.95,7.84,0.46,0.9715593457221985,0.07142857142857142,0.08684586733579636,1.0,1.0,7.5,0.35500000000000004,True,True,False
23.17914581298828,forward_015,3.1791458129882812,0.15,0.0,0.0,-0.25089107997418486,0.7264933011426397,1.0351984125891367,-0.56,-1.26,8.33,0.844,0.9700530767440796,0.07142857142857142,0.0788797065615654,1.0,1.0,7.5,0.35500000000000004,True,True,False
23.199522495269775,forward_015,3.1995224952697754,0.15,0.0,0.0,0.07526732399225546,0.8366672101747817,1.0613783513690516,0.63,1.21,8.370000000000001,0.384,0.9657825231552124,0.07142857142857142,0.09962209314107895,1.0,1.0,7.5,0.35500000000000004,True,True,False
23.21998906135559,forward_015,3.219989061355591,0.15,0.0,0.0,0.17016960206944712,0.44505895925855404,0.619591884457987,0.63,1.21,8.370000000000001,0.9970000000000001,0.9716325998306274,0.14285714285714285,0.0938190408051014,1.0,1.0,7.5,0.35500000000000004,True,True,False
23.24035930633545,forward_015,3.240359306335449,0.15,0.0,0.0,0.20507618710933373,0.7668540400950086,-0.022907446432425576,0.63,1.21,8.370000000000001,1.227,0.9556514620780945,0.07142857142857142,0.04511723294854164,0.0,1.0,7.5,0.35500000000000004,True,True,False
23.26084566116333,forward_015,3.26084566116333,0.15,0.0,0.0,0.1712604328519436,0.842121364087264,-0.32615840396644036,0.63,1.21,8.370000000000001,1.074,0.9472206830978394,0.0,0.058082520961761475,0.0,1.0,7.5,0.35500000000000004,True,True,False
23.281335830688477,forward_015,3.2813358306884766,0.15,0.0,0.0,-0.04145156973486533,0.8988445647770797,-0.7363107781851078,-2.7600000000000002,-2.07,9.19,1.995,0.9568321108818054,0.07142857142857142,0.02502109855413437,0.0,1.0,7.5,0.35500000000000004,True,True,False
23.30170774459839,forward_015,3.3017077445983887,0.15,0.0,0.0,0.06763150851478027,0.6948592084502424,-0.21707532571679475,-2.7600000000000002,-2.07,9.19,2.8389999999999995,0.9693025946617126,0.07142857142857142,0.0636108499020338,1.0,1.0,7.5,0.35500000000000004,True,True,False
23.322092056274414,forward_015,3.322092056274414,0.15,0.0,0.0,0.3643374813538163,0.47778388273344774,-0.039269908169872414,-1.31,-6.22,9.34,2.225,0.9756467342376709,0.07142857142857142,0.04137876443564892,1.0,1.0,6.9,2.138,True,True,False
23.34247851371765,forward_015,3.3424785137176514,0.15,0.0,0.0,0.8104872713948668,0.3741549583962844,0.4406956361285682,-1.45,-2.97,8.58,1.304,0.9614009261131287,0.07142857142857142,0.04911678284406662,1.0,1.0,6.9,2.138,True,True,False
23.362942934036255,forward_015,3.362942934036255,0.15,0.0,0.0,1.0821041362364843,-0.15707963267948966,1.1824605682261582,-1.45,-2.97,8.58,1.458,0.9545745849609375,0.07142857142857142,0.11726011708378792,1.0,1.0,6.9,2.138,True,True,False
23.383328199386597,forward_015,3.3833281993865967,0.15,0.0,0.0,0.8388488717397746,0.24107360293171676,0.32179508083645453,-5.74,0.41000000000000003,7.74,1.074,0.9815112352371216,0.14285714285714285,0.06826723739504814,1.0,1.0,6.9,2.138,True,True,False
23.403781175613403,forward_015,3.4037811756134033,0.15,0.0,0.0,0.5519603759432067,0.09053895494720585,0.09490227807719166,-3.3200000000000003,3.21,7.8500000000000005,1.074,0.9891491532325745,0.14285714285714285,0.1158988680690527,1.0,1.0,6.9,2.138,True,True,False
23.424172163009644,forward_015,3.4241721630096436,0.15,0.0,0.0,0.2694352032766246,-0.33161255787892263,0.11344640137963143,0.81,0.44,9.02,1.074,0.977059006690979,0.07142857142857142,0.09495036117732525,1.0,0.0,6.9,2.138,True,True,False
23.4445698261261,forward_015,3.4445698261260986,0.15,0.0,0.0,0.019634954084936207,-0.19962203319685143,0.6174102228929941,-3.1,0.25,4.44,1.458,0.9953289031982422,0.21428571428571427,0.11098474310711026,1.0,0.0,6.9,2.138,True,True,False
23.46493911743164,forward_015,3.4649391174316406,0.15,0.0,0.0,-0.2945243112740431,-0.4930555136883981,0.8617563181722002,-2.88,1.72,5.74,1.765,0.9963265657424927,0.21428571428571427,0.10112663405016065,1.0,0.0,6.9,2.138,True,True,False
23.48531484603882,forward_015,3.4853148460388184,0.15,0.0,0.0,-0.40906154343617096,-0.35779249665883756,0.9359328113819593,-3.02,2.5,7.34,1.6110000000000002,0.9961426854133606,0.14285714285714285,0.03050236776471138,1.0,0.0,6.9,2.138,True,True,False
23.50568914413452,forward_015,3.5056891441345215,0.15,0.0,0.0,-0.6152285613280012,-0.14835298641951802,0.9588402578143848,-3.02,2.5,7.34,1.765,0.9957554340362549,0.2857142857142857,0.06787886284291744,1.0,0.0,6.9,2.138,True,True,False
23.526078939437866,forward_015,3.526078939437866,0.15,0.0,0.0,-1.0788316438889949,-0.06981317007977318,1.1082840750163994,-1.24,2.96,8.61,0.9210000000000002,0.9971830248832703,0.14285714285714285,0.08912832476198673,1.0,1.0,7.6,0.265,True,True,False
23.54708504676819,forward_015,3.5470850467681885,0.15,0.0,0.0,-1.239183768915974,-0.03599741582238305,1.0417433972841155,-0.85,3.36,7.88,0.767,0.9956955313682556,0.14285714285714285,0.042519086971879005,1.0,1.0,7.6,0.265,True,True,False
23.567451000213623,forward_015,3.567451000213623,0.15,0.0,0.0,-1.3766284475105275,0.10581058590215622,0.7821256710499589,-0.91,1.09,9.290000000000001,0.844,0.9865366220474243,0.14285714285714285,0.05086775682866573,1.0,1.0,7.6,0.265,True,True,False
23.58781862258911,forward_015,3.5878186225891113,0.15,0.0,0.0,-1.4529866022852793,0.3621558197888234,0.729765793490129,-0.91,1.09,9.290000000000001,0.844,0.974288821220398,0.14285714285714285,0.05311611667275429,1.0,1.0,7.6,0.265,True,True,False
23.608288764953613,forward_015,3.6082887649536133,0.15,0.0,0.0,-0.830122225479803,0.5868669609830933,0.9948376736367679,-0.81,-3.45,7.94,1.458,0.9576802253723145,0.07142857142857142,0.04828218184411526,1.0,1.0,7.6,0.265,True,True,False
23.628772497177124,forward_015,3.628772497177124,0.15,0.0,0.0,-0.33161255787892263,-0.009817477042468103,1.0842857978014773,-1.27,-3.29,6.82,1.6110000000000002,0.9717912673950195,0.14285714285714285,0.04127180948853493,1.0,1.0,7.6,0.265,True,True,False
23.649250984191895,forward_015,3.6492509841918945,0.15,0.0,0.0,0.015271630954950384,0.14726215563702155,1.473712387152712,-0.84,-2.0,9.3,1.381,0.9575615525245667,0.14285714285714285,0.022143244743347168,1.0,1.0,7.6,0.265,True,True,False
23.669634580612183,forward_015,3.6696345806121826,0.15,0.0,0.0,-0.3196134192714616,0.358883327441334,1.6351553429621875,-0.84,-2.0,9.3,1.381,0.9447827339172363,0.0,0.0752415843307972,0.0,1.0,7.6,0.265,True,True,False
23.690099477767944,forward_015,3.6900994777679443,0.15,0.0,0.0,-0.4657847441259867,0.6534076387153771,1.6635169433070953,-0.84,-2.0,9.3,0.9210000000000002,0.8817535042762756,0.0,0.15408442169427872,0.0,0.0,7.6,0.265,True,True,False
23.7105929851532,forward_015,3.7105929851531982,0.15,0.0,0.0,-0.7417649320975901,0.6119560689805118,1.1279190291013355,-1.77,-2.2800000000000002,8.620000000000001,0.9970000000000001,0.9042190909385681,0.0,0.12986913556233048,0.0,1.0,7.6,0.265,True,True,False
23.731080770492554,forward_015,3.7310807704925537,0.15,0.0,0.0,-1.150826475533761,0.23671027980173096,1.457349925415265,0.47000000000000003,0.51,6.72,1.151,0.8464759588241577,0.0,0.047996219247579575,0.0,1.0,6.8,3.2560000000000002,True,True,False
23.751466274261475,forward_015,3.7514662742614746,0.15,0.0,0.0,-1.2337296150034918,0.5345070834232635,1.3417218624706408,-2.2600000000000002,-0.9400000000000001,6.68,1.6110000000000002,0.8925573825836182,0.0,0.07198692113161087,0.0,1.0,6.8,3.2560000000000002,True,True,False
23.771843671798706,forward_015,3.771843671798706,0.15,0.0,0.0,-1.0973757671914346,0.44178646691106466,1.1290098598838318,-2.79,-3.1,8.02,1.995,0.8871345520019531,0.0,0.03574975207448006,0.0,1.0,6.8,3.2560000000000002,True,True,False
23.792324781417847,forward_015,3.7923247814178467,0.15,0.0,0.0,-0.892299580082101,0.2999784651865254,1.1933688760511227,-3.38,-2.25,9.51,1.995,0.9057651162147522,0.0,0.03476186841726303,0.0,1.0,6.8,3.2560000000000002,True,True,False
23.812816858291626,forward_015,3.812816858291626,0.15,0.0,0.0,-0.433059820651093,0.22252947962927702,0.385063266221249,-3.59,-6.71,8.05,1.918,0.8445691466331482,0.0,0.05136609496548772,0.0,1.0,6.8,3.2560000000000002,True,True,False
23.833190202713013,forward_015,3.8331902027130127,0.15,0.0,0.0,-0.09053895494720585,-0.3097959422289935,0.40578905108868163,-2.25,-5.4,8.82,1.458,0.9304949641227722,0.0,0.06746058538556099,0.0,1.0,6.8,3.2560000000000002,True,True,False
23.853678464889526,forward_015,3.8536784648895264,0.15,0.0,0.0,-0.05672320068981571,-0.41560652813114973,0.6283185307179586,-2.89,-4.94,5.13,1.227,0.9366843700408936,0.0,0.06502798106521368,0.0,1.0,6.8,3.2560000000000002,True,True,False
23.87404704093933,forward_015,3.874047040939331,0.15,0.0,0.0,0.2923426497090502,-0.6763150851478027,0.8192139176548384,-3.5,-1.85,9.040000000000001,1.304,0.9620322585105896,0.07142857142857142,0.04657956212759018,0.0,1.0,6.8,3.2560000000000002,True,True,False
23.894420862197876,forward_015,3.894420862197876,0.15,0.0,0.0,0.6185010536754906,-0.48105637508093707,0.5017821599483697,-2.98,-4.3100000000000005,8.2,1.304,0.9657781720161438,0.07142857142857142,0.05811007786542177,0.0,1.0,6.8,3.2560000000000002,True,True,False
23.914793729782104,forward_015,3.9147937297821045,0.15,0.0,0.0,0.928296995904484,-0.39051742013373125,0.5050546522958591,-1.76,-1.32,6.26,1.765,0.9689961671829224,0.07142857142857142,0.05977100878953934,0.0,1.0,6.8,3.2560000000000002,True,True,False
23.935166835784912,forward_015,3.935166835784912,0.15,0.0,0.0,1.249001245958442,-0.34797501961636945,0.12217304763960307,-2.1,-0.98,8.34,1.765,0.9540702700614929,0.07142857142857142,0.09182152338325977,0.0,1.0,7.4,0.631,True,True,False
23.955556631088257,forward_015,3.955556631088257,0.15,0.0,0.0,1.5729779883598896,-0.3043417883165112,-0.29561514205653955,-1.46,-1.8900000000000001,7.12,1.534,0.9377480149269104,0.0,0.0747069101780653,0.0,1.0,7.4,0.631,True,True,False
23.975937366485596,forward_015,3.9759373664855957,0.15,0.0,0.0,1.8358682069415353,-0.2716168648416175,-0.37306412761378793,-0.8300000000000001,-2.13,7.41,1.765,0.966552734375,0.07142857142857142,0.055812470614910126,1.0,1.0,7.4,0.631,True,True,False
23.996308088302612,forward_015,3.9963080883026123,0.15,0.0,0.0,2.049671040310841,-0.30870511144649704,-0.29343348049154666,-0.9500000000000001,-0.2,7.78,1.151,0.9778961539268494,0.07142857142857142,0.041985198855400085,1.0,0.0,7.4,0.631,True,True,False
24.016684770584106,forward_015,4.0166847705841064,0.15,0.0,0.0,1.9820395317960604,-0.1407171709420428,-0.2530727415391778,-1.07,-0.28,6.47,1.381,0.984724760055542,0.07142857142857142,0.022035781294107437,1.0,0.0,7.4,0.631,True,True,False
24.03705644607544,forward_015,4.0370564460754395,0.15,0.0,0.0,0.940296134511945,0.24325526449670967,-0.2901609881440573,-1.07,-0.28,6.47,2.225,0.9830670952796936,0.07142857142857142,0.08265190944075584,1.0,0.0,7.4,0.631,True,True,False
24.057435750961304,forward_015,4.057435750961304,0.15,0.0,0.0,0.20507618710933373,0.4014257279586958,-0.8279405639148101,-1.07,-0.28,6.47,1.841,0.9656083583831787,0.07142857142857142,0.09888118505477905,1.0,0.0,7.4,0.631,True,True,False
24.077804803848267,forward_015,4.077804803848267,0.15,0.0,0.0,0.04581489286485115,0.05126904677733343,-0.6228643768054763,0.07,3.65,3.13,1.688,0.9262953400611877,0.0,0.03738057799637318,1.0,0.0,7.4,0.631,True,True,False
24.098284006118774,forward_015,4.098284006118774,0.15,0.0,0.0,-0.2617993877991494,0.19416787928436915,-0.7221299780126539,-1.1300000000000001,1.61,5.44,1.918,0.9380018711090088,0.0,0.04535533860325813,1.0,0.0,7.4,0.631,True,True,False
24.118662357330322,forward_015,4.118662357330322,0.15,0.0,0.0,-0.607592745850526,0.2454369260617026,-0.6305001922829515,-1.26,3.9,9.27,2.302,0.9506080150604248,0.07142857142857142,0.051361873745918274,1.0,1.0,7.4,0.631,True,True,False
24.13903284072876,forward_015,4.13903284072876,0.15,0.0,0.0,-1.0679233360640303,0.18216874067690814,-0.878118779909647,-1.26,3.9,9.27,2.302,0.9354561567306519,0.0,0.029912926256656647,1.0,1.0,7.2,1.2189999999999999,True,True,False
24.159419775009155,forward_015,4.159419775009155,0.15,0.0,0.0,-1.4551682638502723,0.06763150851478027,-0.6784967467127956,-1.77,-0.08,7.69,1.074,0.9291737079620361,0.0,0.03798941150307655,1.0,1.0,7.2,1.2189999999999999,True,True,False
24.17993140220642,forward_015,4.179931402206421,0.15,0.0,0.0,-1.930770485018727,-0.210530341021816,-0.38942658935123475,-1.77,-0.08,7.69,1.227,0.9236912727355957,0.0,0.04984727408736944,0.0,1.0,7.2,1.2189999999999999,True,True,False
24.200310468673706,forward_015,4.200310468673706,0.15,0.0,0.0,-1.4726215563702156,0.7232208087951503,-0.27707101875409984,-5.87,0.84,6.0600000000000005,1.304,0.9040060043334961,0.0,0.0741693265736103,0.0,1.0,7.2,1.2189999999999999,True,True,False
24.22069787979126,forward_015,4.22069787979126,0.15,0.0,0.0,-1.3384493701231515,1.3449943548181302,1.3908092476829814,-5.4,-1.52,2.59,1.151,0.9050253629684448,0.0,0.18917013332247734,0.0,1.0,7.2,1.2189999999999999,True,True,False
24.241084814071655,forward_015,4.241084814071655,0.15,0.0,0.0,-1.3068152774307542,0.2279836335417593,1.2588187230009102,-1.29,-2.62,4.94,1.304,0.8986611366271973,0.0,0.12967302231118083,0.0,1.0,7.2,1.2189999999999999,True,True,False
24.261581420898438,forward_015,4.2615814208984375,0.15,0.0,0.0,-1.3242685699506975,1.0417433972841155,0.5923211148955756,-5.07,-2.69,6.8,1.534,0.9005773663520813,0.0,0.08749939082190394,0.0,1.0,7.2,1.2189999999999999,True,True,False
24.281955242156982,forward_015,4.281955242156982,0.15,0.0,0.0,-0.9926560120717749,0.48323803664593,1.0701049976290233,-2.5,-0.6,6.19,1.6110000000000002,0.7562443017959595,0.0,0.05350477248430252,0.0,1.0,7.2,1.2189999999999999,True,True,False
24.302323579788208,forward_015,4.302323579788208,0.15,0.0,0.0,-0.5705044992456465,0.2378011105842274,0.4603305902135044,-3.56,-3.9,8.07,2.071,0.8523172736167908,0.0,0.05404895730316639,0.0,1.0,7.2,1.2189999999999999,True,True,False
24.322789907455444,forward_015,4.322789907455444,0.15,0.0,0.0,-0.1832595714594046,-0.32288591161895097,-0.07963064712224129,-4.37,-2.07,8.55,2.302,0.9238117337226868,0.0,0.05864458438009024,0.0,1.0,7.2,1.2189999999999999,True,True,False
24.34346103668213,forward_015,4.343461036682129,0.15,0.0,0.0,0.4636030825609938,-0.5094179754258449,-0.26616271092913524,-2.39,-4.72,6.6000000000000005,2.302,0.9619017243385315,0.14285714285714285,0.11667043343186378,0.0,1.0,7.1,1.375,True,True,False
24.363844633102417,forward_015,4.363844633102417,0.15,0.0,0.0,0.9719302272043423,-0.5148721293383273,-0.40906154343617096,-0.74,-4.76,9.0,1.534,0.9445865154266357,0.0,0.056669652462005615,0.0,1.0,7.1,1.375,True,True,False
24.384217023849487,forward_015,4.384217023849487,0.15,0.0,0.0,1.2097313377885697,-0.8028514559173916,0.06763150851478027,-2.12,-2.43,6.8,1.458,0.9281114935874939,0.0,0.08252018317580223,0.0,1.0,7.1,1.375,True,True,False
24.404601097106934,forward_015,4.404601097106934,0.15,0.0,0.0,1.5108006337575914,-0.9981101659842572,0.28579766501407144,-2.1,-1.84,7.3100000000000005,1.6110000000000002,0.9588163495063782,0.07142857142857142,0.08680147677659988,0.0,1.0,7.1,1.375,True,True,False
24.424983501434326,forward_015,4.424983501434326,0.15,0.0,0.0,1.7246034671268968,-0.6708609312353204,0.08617563181722002,-3.31,-0.21,7.2700000000000005,1.841,0.974725067615509,0.07142857142857142,0.037593189626932144,0.0,1.0,7.1,1.375,True,True,False
24.445358991622925,forward_015,4.445358991622925,0.15,0.0,0.0,1.6089754041822726,-0.2945243112740431,-0.04799655442984406,-1.1500000000000001,-0.68,5.04,2.302,0.9592824578285217,0.07142857142857142,0.05608782544732094,1.0,1.0,7.1,1.375,True,True,False
24.465859413146973,forward_015,4.465859413146973,0.15,0.0,0.0,1.4486232791552935,0.031634092692397225,-0.24980024919168842,-1.8,2.99,6.25,2.148,0.8926430940628052,0.0,0.12325383245479316,1.0,1.0,7.1,1.375,True,True,False
24.486237049102783,forward_015,4.486237049102783,0.15,0.0,0.0,1.8042341142491383,0.25634523388666713,-0.5105088062083414,-1.8,2.99,6.25,1.918,0.8793750405311584,0.0,0.11102241009939462,1.0,1.0,7.1,1.375,True,True,False
24.506712913513184,forward_015,4.506712913513184,0.15,0.0,0.0,2.100940087088174,0.29561514205653955,-0.36760997370130566,-1.8,2.99,6.25,1.765,0.8312009572982788,0.0,0.04644441604614258,1.0,0.0,7.1,1.375,True,True,False
24.52721405029297,forward_015,4.527214050292969,0.15,0.0,0.0,0.842121364087264,0.7832165018324554,-1.1726430911836903,-1.8,2.99,6.25,1.227,0.9782008528709412,0.07142857142857142,0.17256969213485718,1.0,0.0,7.1,1.375,True,True,False
24.54758095741272,forward_015,4.54758095741272,0.15,0.0,0.0,0.13199052468207118,0.40033489717619936,-1.6417003276571662,0.47000000000000003,2.47,1.19,1.227,0.9706137180328369,0.07142857142857142,0.06873026303946972,1.0,0.0,6.9,2.6510000000000002,True,True,False
24.56880283355713,forward_015,4.568802833557129,0.15,0.0,0.0,-0.08944812416470939,0.13526301702956053,-1.1442814908387824,-1.8800000000000001,0.16,3.7800000000000002,2.071,0.972436249256134,0.07142857142857142,0.02621668018400669,1.0,0.0,6.9,2.6510000000000002,True,True,False
24.58928370475769,forward_015,4.58928370475769,0.15,0.0,0.0,-0.03381575425739013,-0.04799655442984406,-0.10035643198967395,-3.7800000000000002,3.16,8.03,2.225,0.9397282004356384,0.0,0.09902028553187847,1.0,0.0,6.9,2.6510000000000002,True,True,False
24.60965657234192,forward_015,4.609656572341919,0.15,0.0,0.0,-0.46469391334349025,-0.16253378659197193,0.16471544815696484,-4.0,4.87,6.95,3.145,0.9269763231277466,0.0,0.01756720244884491,1.0,0.0,6.9,2.6510000000000002,True,True,False
24.630028009414673,forward_015,4.630028009414673,0.15,0.0,0.0,-0.8137597637423561,-0.5377795757707527,0.13199052468207118,-2.71,4.33,8.46,3.069,0.9361670613288879,0.0,0.044806286692619324,1.0,0.0,6.9,2.6510000000000002,True,True,False
24.65040111541748,forward_015,4.6504011154174805,0.15,0.0,0.0,-1.0613783513690516,-0.6424993308904126,-0.055632369907319255,-3.4,2.82,8.03,1.995,0.9487450122833252,0.0,0.02043110877275467,1.0,0.0,6.9,2.6510000000000002,True,True,False
24.67078948020935,forward_015,4.670789480209351,0.15,0.0,0.0,-1.3504485087306124,-0.8399397025222711,-0.1636246173744684,-1.41,5.3,6.47,1.688,0.9154630303382874,0.0,0.04505634307861328,1.0,1.0,6.9,2.6510000000000002,True,True,False
24.6912841796875,forward_015,4.6912841796875,0.15,0.0,0.0,-1.6275195274847123,-1.3068152774307542,-0.7843073326149519,-2.68,1.77,6.92,1.304,0.9431309103965759,0.0,0.0514383960980922,1.0,1.0,6.9,2.6510000000000002,True,True,False
24.71176838874817,forward_015,4.711768388748169,0.15,0.0,0.0,-2.027854424660912,-1.5773413114898753,-1.540253064884996,-1.86,2.09,7.42,0.9970000000000001,0.9525858163833618,0.07142857142857142,0.0506758950650692,0.0,1.0,6.9,2.6510000000000002,True,True,False
24.73214316368103,forward_015,4.73214316368103,0.15,0.0,0.0,-2.079123471438245,-1.5271630954950384,-1.7278759594743862,-1.86,2.09,7.42,0.9210000000000002,0.9376329779624939,0.0,0.02944258600473404,0.0,1.0,6.9,2.6510000000000002,True,True,False
24.752514362335205,forward_015,4.752514362335205,0.15,0.0,0.0,-0.5901394533305827,-0.23671027980173096,-0.36760997370130566,-0.66,-7.22,6.86,1.304,0.9228193163871765,0.0,0.052432794123888016,0.0,1.0,7.4,0.48600000000000004,True,True,False
24.772907972335815,forward_015,4.772907972335815,0.15,0.0,0.0,-0.48105637508093707,-0.5312345910757741,-0.01090830782496456,0.6900000000000001,-2.2800000000000002,6.87,1.381,0.920893669128418,0.0,0.06679235212504864,0.0,1.0,7.4,0.48600000000000004,True,True,False
24.793275833129883,forward_015,4.793275833129883,0.15,0.0,0.0,0.28361600344907856,-0.11780972450961724,0.16798794050445423,0.11,-4.2700000000000005,6.72,1.304,0.9226622581481934,0.0,0.07761728204786777,0.0,1.0,7.4,0.48600000000000004,True,True,False
24.813650369644165,forward_015,4.813650369644165,0.15,0.0,0.0,0.6970408700152354,-0.06763150851478027,0.14726215563702155,-0.38,-4.69,9.49,1.227,0.9640950560569763,0.14285714285714285,0.054313791915774345,1.0,1.0,7.4,0.48600000000000004,True,True,False
24.83402442932129,forward_015,4.834024429321289,0.15,0.0,0.0,0.8813912722571364,-0.23561944901923448,0.2792526803190927,1.05,-3.93,6.94,1.6110000000000002,0.9553255438804626,0.07142857142857142,0.05288185365498066,1.0,1.0,7.4,0.48600000000000004,True,True,False
24.854387283325195,forward_015,4.854387283325195,0.15,0.0,0.0,1.0679233360640303,-0.44833145160604343,0.10253809355466686,1.6500000000000001,-2.47,6.98,1.688,0.9457685947418213,0.0,0.07455868972465396,1.0,1.0,7.4,0.48600000000000004,True,True,False
24.87486958503723,forward_015,4.8748695850372314,0.15,0.0,0.0,1.1682797680537043,-0.49632800603588745,-0.10581058590215622,1.6500000000000001,-2.47,6.98,1.381,0.9593180418014526,0.07142857142857142,0.0503997509367764,1.0,1.0,7.4,0.48600000000000004,True,True,False
24.895244359970093,forward_015,4.895244359970093,0.15,0.0,0.0,0.7374016089676042,0.09272061651219876,-0.5039638215133626,-2.41,-0.8,8.93,1.534,0.9778574109077454,0.14285714285714285,0.06390475109219551,1.0,1.0,7.4,0.48600000000000004,True,True,False
24.915720224380493,forward_015,4.915720224380493,0.15,0.0,0.0,0.6457718232379019,0.43196898986859655,-0.980656873464314,-2.41,-0.8,8.93,1.534,0.9703670740127563,0.07142857142857142,0.040030889213085175,1.0,1.0,7.4,0.48600000000000004,True,True,False
24.936147451400757,forward_015,4.936147451400757,0.15,0.0,0.0,0.7144941625351786,0.27379852640661045,-1.162825614141222,-2.41,-0.8,8.93,1.304,0.9713503122329712,0.07142857142857142,0.038890592753887177,1.0,1.0,7.4,0.48600000000000004,True,True,False
24.956525564193726,forward_015,4.956525564193726,0.15,0.0,0.0,0.7363107781851078,0.6392268385429232,-1.3100877697782436,-2.41,-0.8,8.93,1.458,0.9550275802612305,0.07142857142857142,0.03833121061325073,1.0,1.0,7.2,1.2600000000000002,True,True,False
24.976916074752808,forward_015,4.976916074752808,0.15,0.0,0.0,0.8639379797371931,0.8901179185171081,-1.3526301702956054,-2.41,-0.8,8.93,1.074,0.8835901021957397,0.0,0.10091561637818813,1.0,1.0,7.2,1.2600000000000002,True,True,False
24.997281789779663,forward_015,4.997281789779663,0.15,0.0,0.0,0.9315694882519734,0.559596191420682,-1.1442814908387824,-2.41,-0.8,8.93,0.844,0.9329405426979065,0.0,0.08294092305004597,1.0,1.0,7.2,1.2600000000000002,True,True,False
25.017663955688477,forward_015,5.017663955688477,0.15,0.0,0.0,0.9872018581592926,0.6272276999354622,-0.964294411726867,-0.25,-2.07,8.42,0.9210000000000002,0.923731803894043,0.0,0.0891162222251296,1.0,1.0,7.2,1.2600000000000002,True,True,False
25.038042306900024,forward_015,5.038042306900024,0.15,0.0,0.0,0.7832165018324554,0.44178646691106466,-0.8104872713948668,-2.19,-0.9500000000000001,6.95,0.9970000000000001,0.9364888072013855,0.0,0.07620892394334078,1.0,0.0,7.2,1.2600000000000002,True,True,False
25.0584135055542,forward_015,5.058413505554199,0.15,0.0,0.0,0.47123889803846897,0.28579766501407144,-0.5770494839406252,-2.37,0.23,7.42,1.6110000000000002,0.9211992025375366,0.0,0.036358512938022614,1.0,0.0,7.2,1.2600000000000002,True,True,False
25.078782320022583,forward_015,5.078782320022583,0.15,0.0,0.0,0.12217304763960307,0.17780541754692233,-0.2650718801466388,-1.95,1.42,7.69,1.918,0.939089834690094,0.0,0.02761333528906107,1.0,0.0,7.2,1.2600000000000002,True,True,False
25.09926438331604,forward_015,5.09926438331604,0.15,0.0,0.0,-0.2628902185816459,0.06544984694978735,0.04254240051736178,-1.79,-1.41,9.21,2.378,0.9668977856636047,0.14285714285714285,0.050105396658182144,1.0,0.0,7.2,1.2600000000000002,True,True,False
25.119635820388794,forward_015,5.119635820388794,0.15,0.0,0.0,-0.6119560689805118,-0.12435470920459599,0.631591023065448,-1.77,1.54,8.69,1.688,0.9798238277435303,0.14285714285714285,0.05190468579530716,1.0,0.0,7.2,1.2600000000000002,True,True,False
25.14006996154785,forward_015,5.140069961547852,0.15,0.0,0.0,-0.9162978572970231,0.05890486225480862,0.830122225479803,-2.2800000000000002,2.11,5.37,0.9210000000000002,0.9735379815101624,0.14285714285714285,0.07649651169776917,1.0,1.0,7.2,1.2600000000000002,True,True,False
25.160473585128784,forward_015,5.160473585128784,0.15,0.0,0.0,-1.0253809355466685,-0.3294308963139297,0.2454369260617026,-2.2800000000000002,2.11,5.37,0.9210000000000002,0.9834567308425903,0.14285714285714285,0.03171440493315458,1.0,1.0,7.5,0.40800000000000003,True,True,False
25.180933952331543,forward_015,5.180933952331543,0.15,0.0,0.0,-1.261000384565903,-0.3763366199612773,-0.33488505022641196,-2.2800000000000002,2.11,5.37,0.844,0.9831672310829163,0.14285714285714285,0.05171975400298834,1.0,1.0,7.5,0.40800000000000003,True,True,False
25.20130944252014,forward_015,5.201309442520142,0.15,0.0,0.0,-1.6275195274847123,-0.3981532356112064,-0.8192139176548384,-2.2800000000000002,2.11,5.37,0.9970000000000001,0.971087634563446,0.14285714285714285,0.053485676646232605,0.0,1.0,7.5,0.40800000000000003,True,True,False
25.221689224243164,forward_015,5.221689224243164,0.15,0.0,0.0,-1.0810133054539879,0.16253378659197193,-1.0897399517139594,-2.2800000000000002,2.11,5.37,0.767,0.9564545750617981,0.07142857142857142,0.0878709964454174,1.0,1.0,7.5,0.40800000000000003,True,True,False
25.242060899734497,forward_015,5.242060899734497,0.15,0.0,0.0,-0.3097959422289935,0.2454369260617026,-1.0199267816341864,-0.7000000000000001,-5.3500000000000005,6.46,0.9970000000000001,0.9656829833984375,0.07142857142857142,0.0389828085899353,1.0,1.0,7.5,0.40800000000000003,True,True,False
25.26243805885315,forward_015,5.262438058853149,0.15,0.0,0.0,0.24107360293171676,-0.21271200258680892,-0.2945243112740431,0.97,-5.12,6.98,0.9970000000000001,0.9685045480728149,0.07142857142857142,0.06761704199016094,1.0,1.0,7.5,0.40800000000000003,True,True,False
25.282814025878906,forward_015,5.282814025878906,0.15,0.0,0.0,0.25634523388666713,0.05672320068981571,0.0818123086872342,0.97,-5.12,6.98,0.9210000000000002,0.9624531269073486,0.07142857142857142,0.0319259911775589,1.0,1.0,7.5,0.40800000000000003,True,True,False
25.303196907043457,forward_015,5.303196907043457,0.15,0.0,0.0,-0.06654067773228381,0.9119345341670372,0.6261368691529657,0.97,-5.12,6.98,0.9210000000000002,0.8711785674095154,0.0,0.11136959586292505,1.0,1.0,7.5,0.40800000000000003,True,True,False
25.323681831359863,forward_015,5.323681831359863,0.15,0.0,0.0,-0.37306412761378793,0.9992009967667537,0.8552113334772214,-4.53,-2.38,9.23,0.537,0.8460894823074341,0.0,0.16220058128237724,1.0,1.0,7.5,0.40800000000000003,True,True,False
25.344209671020508,forward_015,5.344209671020508,0.15,0.0,0.0,-0.5988660995905544,0.5835944686356039,0.8770279491271507,0.0,1.45,9.32,0.6899999999999998,0.9306795597076416,0.0,0.1394509794190526,1.0,1.0,7.5,0.40800000000000003,True,True,False
25.364713191986084,forward_015,5.364713191986084,0.15,0.0,0.0,-0.5988660995905544,0.5835944686356039,0.8770279491271507,0.02,0.24,7.32,1.304,0.9021522998809814,0.0,0.06720553617924452,0.0,1.0,6.5,3.7439999999999998,True,True,False
25.385090351104736,forward_015,5.385090351104736,0.15,0.0,0.0,-0.40251655874119224,0.830122225479803,0.6065019150680295,-4.58,1.6,9.42,2.071,0.9101253151893616,0.0,0.056222664192318916,0.0,1.0,6.5,3.7439999999999998,True,True,False
25.405574798583984,forward_015,5.405574798583984,0.15,0.0,0.0,-0.15162547876700738,0.07090400086226964,-0.1734420944169365,-4.58,1.6,9.42,2.071,0.8566465973854065,0.0,0.13132819905877113,0.0,1.0,6.5,3.7439999999999998,True,True,False
25.425945281982422,forward_015,5.425945281982422,0.15,0.0,0.0,0.33161255787892263,0.10362892433716332,-0.23452861823673804,-2.6,-3.1,7.44,1.918,0.9377882480621338,0.0,0.07067431509494781,0.0,1.0,6.5,3.7439999999999998,True,True,False
25.44631552696228,forward_015,5.44631552696228,0.15,0.0,0.0,0.9261153343394911,-0.055632369907319255,-0.34470252726888007,-3.5,-2.14,8.120000000000001,2.148,0.9338374733924866,0.0,0.11827924847602844,0.0,1.0,6.5,3.7439999999999998,True,True,False
25.4668972492218,forward_015,5.466897249221802,0.15,0.0,0.0,1.2642728769133924,-0.33597588100890846,-0.6032294227205401,-1.53,-6.2,7.09,1.304,0.968917965888977,0.07142857142857142,0.06544993072748184,0.0,1.0,6.5,3.7439999999999998,True,True,False
25.4873685836792,forward_015,5.487368583679199,0.15,0.0,0.0,1.3264502315156905,-0.5628686837681712,0.33488505022641196,0.3,-1.58,7.98,1.304,0.9430404305458069,0.0,0.07476089522242546,0.0,1.0,6.5,3.7439999999999998,True,True,False
25.507749557495117,forward_015,5.507749557495117,0.15,0.0,0.0,1.3908092476829814,-0.4232423436086249,0.5988660995905544,-1.31,-1.94,4.74,1.381,0.9687178730964661,0.07142857142857142,0.03364577144384384,0.0,1.0,6.5,3.7439999999999998,True,True,False
25.528205156326294,forward_015,5.528205156326294,0.15,0.0,0.0,1.3079061082132506,-0.3719732968312915,0.42542400517361784,-2.68,0.09,5.13,2.225,0.9718764424324036,0.07142857142857142,0.04418830946087837,1.0,1.0,6.5,3.7439999999999998,True,True,False
25.548582792282104,forward_015,5.5485827922821045,0.15,0.0,0.0,1.327541062298187,-0.02399827721492203,0.12435470920459599,-3.44,2.05,6.97,1.995,0.9413066506385803,0.0,0.05955718830227852,1.0,1.0,6.5,3.7439999999999998,True,True,False
25.568955898284912,forward_015,5.568955898284912,0.15,0.0,0.0,1.5195272800175632,0.12871803233458182,-0.06435901616729091,-2.89,0.06,9.790000000000001,1.841,0.9300180077552795,0.0,0.11087092757225037,1.0,1.0,7.4,0.546,True,True,False
25.58955693244934,forward_015,5.589556932449341,0.15,0.0,0.0,1.2064588454410803,0.29343348049154666,-0.08072147790473774,-2.89,0.06,9.790000000000001,1.6110000000000002,0.9478740096092224,0.0,0.09122020751237869,1.0,1.0,7.4,0.546,True,True,False
25.609918117523193,forward_015,5.609918117523193,0.15,0.0,0.0,0.20725784867432664,0.11780972450961724,-1.820596575986585,0.35000000000000003,3.6,2.38,1.074,0.956118106842041,0.07142857142857142,0.19051923230290413,1.0,0.0,7.4,0.546,True,True,False
25.630304098129272,forward_015,5.6303040981292725,0.15,0.0,0.0,0.2977968036215325,-0.136353847812057,-1.6231562043547265,0.97,0.9400000000000001,6.4,0.9210000000000002,0.920332133769989,0.0,0.05335922725498676,1.0,0.0,7.4,0.546,True,True,False
25.650684118270874,forward_015,5.650684118270874,0.15,0.0,0.0,0.43524148221608594,0.13199052468207118,-0.6239552075879728,-2.97,-2.24,4.19,1.534,0.9433162212371826,0.0,0.050710828974843025,1.0,0.0,7.4,0.546,True,True,False
25.67116403579712,forward_015,5.671164035797119,0.15,0.0,0.0,-0.022907446432425576,-0.5235987755982988,-0.25634523388666713,-1.05,1.11,9.06,2.148,0.9874197244644165,0.07142857142857142,0.11557234078645706,1.0,0.0,7.4,0.546,True,True,False
25.69153332710266,forward_015,5.691533327102661,0.15,0.0,0.0,-0.47669305195095124,-0.2912518189265537,0.2694352032766246,-3.16,-1.33,6.8100000000000005,2.302,0.9833934903144836,0.07142857142857142,0.05713495146483183,1.0,0.0,7.4,0.546,True,True,False
25.712004899978638,forward_015,5.712004899978638,0.15,0.0,0.0,-0.8126689329598596,-0.3741549583962844,0.9992009967667537,-2.63,4.23,5.84,3.2220000000000004,0.9807902574539185,0.14285714285714285,0.05697958078235388,1.0,0.0,7.4,0.546,True,True,False
25.732465267181396,forward_015,5.7324652671813965,0.15,0.0,0.0,-1.1660981064887115,-0.28579766501407144,0.4177881896961426,-2.34,3.08,8.26,1.534,0.9608903527259827,0.14285714285714285,0.0547579824924469,1.0,0.0,7.4,0.546,True,True,False
25.75283145904541,forward_015,5.75283145904541,0.15,0.0,0.0,-1.4398966328953218,-0.35124751196385884,0.0545415391248228,-2.91,7.42,6.43,1.534,0.9634248614311218,0.14285714285714285,0.05129769444465637,1.0,1.0,7.4,0.546,True,True,False
25.773202419281006,forward_015,5.773202419281006,0.15,0.0,0.0,-1.79441663720667,-0.5181446216858165,-1.064650843716541,-1.78,4.14,5.43,1.381,0.951097309589386,0.14285714285714285,0.04260972514748573,1.0,1.0,7.4,0.5569999999999999,True,True,False
25.793622255325317,forward_015,5.793622255325317,0.15,0.0,0.0,-2.043126055615862,-0.5170537909033202,-1.7158768208669253,-1.78,4.14,5.43,0.9210000000000002,0.9250295758247375,0.0,0.057770635932683945,0.0,1.0,7.4,0.5569999999999999,True,True,False
25.813988208770752,forward_015,5.813988208770752,0.15,0.0,0.0,-0.6414085001079161,0.4701480672559725,-1.3046336158657614,-1.78,4.14,5.43,0.844,0.9460598826408386,0.0,0.07651828229427338,0.0,1.0,7.4,0.5569999999999999,True,True,False
25.83446478843689,forward_015,5.83446478843689,0.15,0.0,0.0,-0.3425208657038872,0.2454369260617026,-0.6326818538479445,-0.08,-7.23,4.43,0.767,0.9123963117599487,0.0,0.06269027292728424,0.0,1.0,7.4,0.5569999999999999,True,True,False
25.85483479499817,forward_015,5.854834794998169,0.15,0.0,0.0,0.23452861823673804,0.013089969389957472,-0.17998707911191522,-2.39,1.21,8.75,0.844,0.9047386050224304,0.0,0.04781851917505264,0.0,1.0,7.4,0.5569999999999999,True,True,False
25.87521743774414,forward_015,5.875217437744141,0.15,0.0,0.0,-0.39269908169872414,0.7581273938350369,-0.6359543461954338,-2.39,1.21,8.75,1.074,0.9723415374755859,0.07142857142857142,0.13090707082301378,0.0,1.0,7.4,0.5569999999999999,True,True,False
25.895601511001587,forward_015,5.895601511001587,0.15,0.0,0.0,-0.6708609312353204,0.4734205596034619,0.47778388273344774,-2.39,1.21,8.75,0.9970000000000001,0.9104729294776917,0.0,0.20286646485328674,0.0,1.0,7.4,0.5569999999999999,True,True,False
25.91607427597046,forward_015,5.916074275970459,0.15,0.0,0.0,-0.6730425928003133,0.5846852994181004,0.5781403147231217,-1.7,-1.78,7.3100000000000005,0.6899999999999998,0.8558698892593384,0.0,0.10984928347170353,0.0,1.0,7.4,0.5569999999999999,True,True,False
25.93645191192627,forward_015,5.9364519119262695,0.15,0.0,0.0,-0.5323254218582705,0.3948807432637171,0.5934119456780721,-1.41,-1.28,6.29,1.304,0.9127323031425476,0.0,0.06795589625835419,0.0,1.0,7.4,0.5569999999999999,True,True,False
25.956824779510498,forward_015,5.956824779510498,0.15,0.0,0.0,-0.45814892864851153,0.22143864884678055,0.5388704065532492,-1.41,-1.28,6.29,1.534,0.9542995095252991,0.07142857142857142,0.05763387493789196,0.0,1.0,7.4,0.5569999999999999,True,True,False
25.977216958999634,forward_015,5.977216958999634,0.15,0.0,0.0,-0.4036073895236887,0.032724923474893676,-0.07635815477475191,-3.71,-2.14,9.51,2.148,0.9406282305717468,0.0,0.06506087724119425,0.0,1.0,6.9,2.359,True,True,False
25.997607707977295,forward_015,5.997607707977295,0.15,0.0,0.0,0.061086523819801536,-0.29343348049154666,-0.044724062082354694,-3.0700000000000003,-2.83,6.17,2.532,0.9646859765052795,0.07142857142857142,0.09952956438064575,0.0,1.0,6.9,2.359,True,True,False
26.017983198165894,forward_015,6.0179831981658936,0.15,0.0,0.0,0.7897614865274342,-0.5519603759432067,-0.20180369476184434,-2.9,-1.69,9.41,2.608,0.9586306214332581,0.07142857142857142,0.07916341163218021,0.0,1.0,6.9,2.359,True,True,False
26.038455486297607,forward_015,6.038455486297607,0.15,0.0,0.0,1.1137382289288815,-0.7101308394051928,-0.8486663487822428,-2.36,-5.22,8.55,1.841,0.9438698291778564,0.0,0.10335087403655052,0.0,1.0,6.9,2.359,True,True,False
26.058939218521118,forward_015,6.058939218521118,0.15,0.0,0.0,1.2337296150034918,-0.9217520112095053,-0.49632800603588745,-0.56,-4.13,6.17,1.6110000000000002,0.9506261944770813,0.07142857142857142,0.08963952586054802,0.0,1.0,6.9,2.359,True,True,False
26.079315662384033,forward_015,6.079315662384033,0.15,0.0,0.0,1.4671674024577332,-1.0319259202416473,0.24107360293171676,-1.81,-1.9100000000000001,5.8,1.688,0.9670767784118652,0.07142857142857142,0.0423671156167984,0.0,1.0,6.9,2.359,True,True,False
26.099697589874268,forward_015,6.099697589874268,0.15,0.0,0.0,1.4606224177627545,-1.205368014658584,0.032724923474893676,-2.82,-1.57,7.44,2.378,0.9558048248291016,0.07142857142857142,0.043877627700567245,1.0,1.0,6.9,2.359,True,True,False
26.120068550109863,forward_015,6.120068550109863,0.15,0.0,0.0,1.5773413114898753,-0.9610219193793778,-0.04581489286485115,-2.82,-1.57,7.44,1.6110000000000002,0.9456010460853577,0.0,0.10708709247410297,1.0,1.0,6.9,2.359,True,True,False
26.14044690132141,forward_015,6.140446901321411,0.15,0.0,0.0,1.6918785436520032,-0.7603090554000298,0.003272492347489368,-2.82,-1.57,7.44,1.765,0.9573543071746826,0.14285714285714285,0.07925186865031719,1.0,1.0,6.9,2.359,True,True,False
26.16082215309143,forward_015,6.160822153091431,0.15,0.0,0.0,1.9056813770213086,-0.5934119456780721,0.11126473981463851,1.25,-1.1400000000000001,9.31,1.381,0.9241191744804382,0.0,0.05543598532676697,1.0,0.0,6.9,2.359,True,True,False
26.181264400482178,forward_015,6.181264400482178,0.15,0.0,0.0,0.23234695667174513,-0.39269908169872414,-0.8912087492996045,1.25,-1.1400000000000001,9.31,1.227,0.9382039904594421,0.0,0.07421629875898361,1.0,0.0,7.5,0.29200000000000004,True,True,False
26.20164728164673,forward_015,6.2016472816467285,0.15,0.0,0.0,-0.2617993877991494,-1.246819584393449,-1.1693705988362009,0.34,5.74,5.12,1.458,0.9797300100326538,0.07142857142857142,0.04871895909309387,1.0,0.0,7.5,0.29200000000000004,True,True,False
26.222113370895386,forward_015,6.222113370895386,0.15,0.0,0.0,-0.4559672670835186,-1.2337296150034918,-0.7635815477475192,0.6900000000000001,1.05,2.4,1.688,0.9874285459518433,0.07142857142857142,0.046387188136577606,1.0,0.0,7.5,0.29200000000000004,True,True,False
26.24248766899109,forward_015,6.242487668991089,0.15,0.0,0.0,-0.32834006553143325,-1.028653427894158,0.01090830782496456,0.6900000000000001,1.05,2.4,1.841,0.9936579465866089,0.14285714285714285,0.029495619237422943,1.0,0.0,7.5,0.29200000000000004,True,True,False
26.26287007331848,forward_015,6.2628700733184814,0.15,0.0,0.0,-0.667588438887831,-0.7112216701876893,0.33488505022641196,0.6900000000000001,1.05,2.4,1.688,0.9913300275802612,0.14285714285714285,0.053800225257873535,1.0,0.0,7.5,0.29200000000000004,True,True,False
26.283249378204346,forward_015,6.283249378204346,0.15,0.0,0.0,-0.5923211148955756,-1.030835089459151,0.28361600344907856,0.43,3.38,9.14,1.6110000000000002,0.9890084266662598,0.14285714285714285,0.038640156388282776,1.0,0.0,7.5,0.29200000000000004,True,True,False
26.30361318588257,forward_015,6.303613185882568,0.15,0.0,0.0,-0.681769239060285,-0.9490227807719167,0.19525871006686563,2.1,3.18,6.3100000000000005,1.074,0.9775171875953674,0.14285714285714285,0.037900157272815704,1.0,0.0,7.5,0.29200000000000004,True,True,False
26.32408356666565,forward_015,6.324083566665649,0.15,0.0,0.0,-0.8704829644321719,-0.8792096106921435,-0.04690572364734761,0.1,3.14,7.4,0.9210000000000002,0.991413950920105,0.14285714285714285,0.06546307355165482,1.0,1.0,7.5,0.29200000000000004,True,True,False
26.344491243362427,forward_015,6.344491243362427,0.15,0.0,0.0,-0.964294411726867,-0.868301302867179,-0.4232423436086249,0.1,2.87,9.08,0.6899999999999998,0.9843500852584839,0.21428571428571427,0.05806148424744606,1.0,1.0,7.5,0.29200000000000004,True,True,False
26.364876747131348,forward_015,6.364876747131348,0.15,0.0,0.0,-1.1301006906663285,-0.46796640569097964,-0.5628686837681712,0.1,2.87,9.08,0.9210000000000002,0.9802156686782837,0.21428571428571427,0.04455021768808365,0.0,1.0,7.5,0.29200000000000004,True,True,False
26.38536810874939,forward_015,6.38536810874939,0.15,0.0,0.0,-0.9588402578143848,-0.4286964975211072,-0.8824821030396329,0.1,2.87,9.08,0.537,0.9838751554489136,0.14285714285714285,0.019048932939767838,1.0,1.0,7.5,0.186,True,True,False
26.40575337409973,forward_015,6.4057533740997314,0.15,0.0,0.0,-0.04581489286485115,-0.33597588100890846,-1.2839078309983287,0.53,-3.13,6.140000000000001,0.614,0.9884329438209534,0.21428571428571427,0.02202913910150528,1.0,1.0,7.5,0.186,True,True,False
26.426127910614014,forward_015,6.426127910614014,0.15,0.0,0.0,0.09599310885968812,0.15162547876700738,-0.7483099167925688,1.75,-4.44,6.57,0.384,0.9816552400588989,0.14285714285714285,0.015025738335680217,1.0,1.0,7.5,0.186,True,True,False
26.446496725082397,forward_015,6.4464967250823975,0.15,0.0,0.0,0.20725784867432664,0.4145156973486533,-0.31306843457648287,1.75,-4.44,6.57,0.614,0.9790061116218567,0.14285714285714285,0.04358815401792526,1.0,1.0,7.5,0.186,True,True,False
26.466875314712524,forward_015,6.466875314712524,0.15,0.0,0.0,-0.03381575425739013,0.4308781590861001,0.1734420944169365,1.75,-4.44,6.57,0.46,0.9741264581680298,0.07142857142857142,0.02855779230594635,1.0,1.0,7.5,0.186,True,True,False
26.487242460250854,forward_015,6.4872424602508545,0.15,0.0,0.0,-0.001090830782496456,0.543233729683235,0.5203262832508095,-0.91,-1.9000000000000001,7.91,0.46,0.9835854172706604,0.14285714285714285,0.082670658826828,1.0,1.0,7.5,0.186,True,True,False
26.507633447647095,forward_015,6.507633447647095,0.15,0.0,0.0,0.16144295580947549,0.7853981633974483,0.32179508083645453,-1.6400000000000001,-2.61,7.69,0.307,0.980957567691803,0.14285714285714285,0.0272991880774498,1.0,1.0,7.5,0.186,True,True,False
26.528007984161377,forward_015,6.528007984161377,0.15,0.0,0.0,0.31634092692397225,0.42542400517361784,0.5388704065532492,-1.6400000000000001,-2.61,7.69,0.614,0.9846397042274475,0.14285714285714285,0.09458515793085098,1.0,1.0,7.5,0.186,True,True,False
26.548386573791504,forward_015,6.548386573791504,0.15,0.0,0.0,0.31634092692397225,0.8584838258247108,0.755945732270044,1.69,-2.14,8.290000000000001,0.844,0.9590515494346619,0.07142857142857142,0.1412810143083334,1.0,1.0,7.5,0.186,True,True,False
26.568880319595337,forward_015,6.568880319595337,0.15,0.0,0.0,0.06544984694978735,0.6381360077604268,0.9533861039019025,0.79,-1.21,9.49,0.9210000000000002,0.9668620824813843,0.07142857142857142,0.07333140261471272,1.0,1.0,7.5,0.186,True,True,False
26.589256763458252,forward_015,6.589256763458252,0.15,0.0,0.0,-0.02181661564992912,1.0450158896316049,1.1431906600562858,-2.81,0.7000000000000001,9.36,1.6110000000000002,0.95804762840271,0.07142857142857142,0.041941724717617035,1.0,1.0,6.9,1.8769999999999998,True,True,False
26.61046266555786,forward_015,6.610462665557861,0.15,0.0,0.0,0.33052172709642613,1.1595531217937327,0.779944009484966,-0.54,2.36,9.27,2.378,0.9591104388237,0.07142857142857142,0.08977158553898335,1.0,1.0,6.9,1.8769999999999998,True,True,False
26.630934953689575,forward_015,6.630934953689575,0.15,0.0,0.0,0.4036073895236887,1.036289243371633,0.1832595714594046,-1.23,-1.3800000000000001,7.05,2.532,0.9510069489479065,0.07142857142857142,0.025837481021881104,1.0,1.0,6.9,1.8769999999999998,True,True,False
26.651307821273804,forward_015,6.651307821273804,0.15,0.0,0.0,0.6348635154129374,1.066832505281534,0.15162547876700738,-1.23,-1.3800000000000001,7.05,1.918,0.8977022767066956,0.0,0.083291906863451,1.0,1.0,6.9,1.8769999999999998,True,True,False
26.67168951034546,forward_015,6.671689510345459,0.15,0.0,0.0,0.7897614865274342,0.8715737952146683,0.04908738521234052,-3.85,0.13,9.42,1.304,0.9151157140731812,0.0,0.13641073927283287,1.0,1.0,6.9,1.8769999999999998,True,True,False
26.6922345161438,forward_015,6.692234516143799,0.15,0.0,0.0,0.9053895494720584,0.16580627893946132,-0.13744467859455345,-3.85,0.13,9.42,1.074,0.976966142654419,0.14285714285714285,0.0895073264837265,1.0,1.0,6.9,1.8769999999999998,True,True,False
26.7126042842865,forward_015,6.712604284286499,0.15,0.0,0.0,0.7014041931452212,-0.07853981633974483,-0.2628902185816459,-1.51,-0.19,6.18,1.227,0.9875052571296692,0.14285714285714285,0.06665211795916548,1.0,1.0,6.9,1.8769999999999998,True,True,False
26.732980489730835,forward_015,6.732980489730835,0.15,0.0,0.0,0.2923426497090502,-0.3436116964863836,0.025089107997418487,-1.56,0.56,7.0600000000000005,1.381,0.9894179701805115,0.07142857142857142,0.09795502945780754,1.0,0.0,6.9,1.8769999999999998,True,True,False
26.753358125686646,forward_015,6.7533581256866455,0.15,0.0,0.0,-0.24107360293171676,-0.3272492347489368,0.04581489286485115,-1.69,-0.34,6.26,1.458,0.9919778108596802,0.07142857142857142,0.043524909764528275,1.0,0.0,6.9,1.8769999999999998,True,True,False
26.773749828338623,forward_015,6.773749828338623,0.15,0.0,0.0,-0.6610434541928523,-0.6970408700152354,0.49741883681838395,-2.32,-1.41,8.870000000000001,1.918,0.9940792918205261,0.07142857142857142,0.07284046337008476,1.0,0.0,6.9,1.8769999999999998,True,True,False
26.794114112854004,forward_015,6.794114112854004,0.15,0.0,0.0,-1.1017390903214206,-0.27598018797160334,1.2010046915285981,-1.87,3.0700000000000003,3.92,1.688,0.9971544742584229,0.21428571428571427,0.08990121260285378,1.0,1.0,7.4,0.7010000000000002,True,True,False
26.814497470855713,forward_015,6.814497470855713,0.15,0.0,0.0,-1.538071403320003,-0.7395832705325971,0.28579766501407144,-1.87,3.0700000000000003,3.92,1.841,0.9949623942375183,0.14285714285714285,0.05128893372602761,1.0,1.0,7.4,0.7010000000000002,True,True,False
26.83486819267273,forward_015,6.8348681926727295,0.15,0.0,0.0,-0.9632035809443706,0.3337942194439155,-0.46796640569097964,-1.87,3.0700000000000003,3.92,0.9970000000000001,0.9708616733551025,0.21428571428571427,0.14777739346027374,1.0,1.0,7.4,0.7010000000000002,True,True,False
26.855345487594604,forward_015,6.8553454875946045,0.15,0.0,0.0,-0.44178646691106466,0.5966844380255614,-0.7155849933176751,-1.8,-2.68,4.84,0.844,0.9620316624641418,0.07142857142857142,0.10412361472845078,1.0,1.0,7.4,0.7010000000000002,True,True,False
26.87582516670227,forward_015,6.8758251667022705,0.15,0.0,0.0,0.09817477042468103,-0.21489366415180183,-1.0035643198967394,1.41,-4.21,6.17,0.9970000000000001,0.9768145084381104,0.14285714285714285,0.0676872730255127,1.0,1.0,7.4,0.7010000000000002,True,True,False
26.896268844604492,forward_015,6.896268844604492,0.15,0.0,0.0,0.346884188833873,0.23234695667174513,-0.5868669609830933,0.39,-2.7600000000000002,9.59,1.074,0.9702724814414978,0.07142857142857142,0.06201792508363724,1.0,1.0,7.4,0.7010000000000002,True,True,False
26.916743278503418,forward_015,6.916743278503418,0.15,0.0,0.0,-0.11562806294462433,-0.025089107997418487,0.055632369907319255,0.39,-2.7600000000000002,9.59,1.534,0.9680178761482239,0.07142857142857142,0.04781739413738251,1.0,1.0,7.4,0.7010000000000002,True,True,False
26.93711233139038,forward_015,6.937112331390381,0.15,0.0,0.0,-0.41015237421866746,0.32506757318394386,1.0188359508516898,-0.85,-4.5,8.58,1.918,0.9519315361976624,0.07142857142857142,0.044918159022927284,1.0,1.0,7.4,0.7010000000000002,True,True,False
26.957573175430298,forward_015,6.957573175430298,0.15,0.0,0.0,-0.21162117180431245,0.7144941625351786,1.7398750980818474,-1.19,-1.18,6.62,1.381,0.9510539174079895,0.07142857142857142,0.08673695474863052,1.0,1.0,7.4,0.7010000000000002,True,True,False
26.977947473526,forward_015,6.977947473526001,0.15,0.0,0.0,-0.04799655442984406,0.7352199474026113,1.7955074679891665,-1.19,-1.18,6.62,0.9210000000000002,0.8221825361251831,0.0,0.15247756242752075,1.0,1.0,7.4,0.7010000000000002,True,True,False
26.998321771621704,forward_015,6.998321771621704,0.15,0.0,0.0,-0.4232423436086249,0.779944009484966,0.46796640569097964,-1.19,-1.18,6.62,0.6899999999999998,0.9138656258583069,0.0,0.1171671999618411,1.0,1.0,7.1,1.682,True,True,False
27.018723964691162,forward_015,7.018723964691162,0.15,0.0,0.0,-0.5028729907308662,0.7254024703601433,-0.039269908169872414,1.25,2.92,6.96,1.534,0.9178279638290405,0.0,0.07960352767258883,1.0,1.0,7.1,1.682,True,True,False
27.039092779159546,forward_015,7.039092779159546,0.15,0.0,0.0,-0.346884188833873,0.3916082509162277,-0.3097959422289935,-3.13,-0.6,6.42,1.841,0.8187578916549683,0.0,0.12019099667668343,0.0,1.0,7.1,1.682,True,True,False
27.059575080871582,forward_015,7.059575080871582,0.15,0.0,0.0,0.27052603405912107,-0.3436116964863836,-0.5552328682906961,-3.13,-0.6,6.42,1.765,0.7908505201339722,0.0,0.07340436056256294,0.0,1.0,7.1,1.682,True,True,False
27.080005168914795,forward_015,7.080005168914795,0.15,0.0,0.0,1.0035643198967394,0.015271630954950384,-0.1636246173744684,-3.2,-4.25,9.52,2.148,0.9743014574050903,0.07142857142857142,0.0883557628840208,0.0,1.0,7.1,1.682,True,True,False
27.10038685798645,forward_015,7.10038685798645,0.15,0.0,0.0,1.5064373106276057,-0.44724062082354693,0.18435040224190105,-1.22,-5.57,8.26,1.995,0.9314318299293518,0.0,0.10426204279065132,0.0,1.0,7.1,1.682,True,True,False
27.120760679244995,forward_015,7.120760679244995,0.15,0.0,0.0,1.6297011890497053,-0.6457718232379019,0.20180369476184434,-0.27,-5.11,2.85,1.918,0.9407349228858948,0.0,0.08696912974119186,0.0,1.0,7.1,1.682,True,True,False
27.141130685806274,forward_015,7.141130685806274,0.15,0.0,0.0,1.4769848795002014,-0.9130253649495337,0.9915651812892785,-1.9000000000000001,-0.31,5.1000000000000005,1.918,0.968900740146637,0.07142857142857142,0.047971878200769424,0.0,1.0,7.1,1.682,True,True,False
27.161612033843994,forward_015,7.161612033843994,0.15,0.0,0.0,1.3231777391682011,-0.7821256710499589,0.681769239060285,-2.49,-0.52,4.86,1.995,0.9694109559059143,0.07142857142857142,0.1016751378774643,1.0,1.0,7.1,1.682,True,True,False
27.182049036026,forward_015,7.182049036026001,0.15,0.0,0.0,1.5522522034924569,-0.5028729907308662,0.2530727415391778,-2.49,-0.52,4.86,1.458,0.9396425485610962,0.0,0.062457501888275146,1.0,1.0,7.1,1.682,True,True,False
27.202415704727173,forward_015,7.202415704727173,0.15,0.0,0.0,1.0591966898040588,-0.16907877128695067,0.21380283336930536,-2.49,-0.52,4.86,1.227,0.9275254607200623,0.0,0.1120450533926487,1.0,1.0,7.3,0.9020000000000001,True,True,False
27.222800493240356,forward_015,7.2228004932403564,0.15,0.0,0.0,0.11671889372712078,-0.10253809355466686,-1.1344640137963142,1.1,3.7,6.4,1.688,0.8658282160758972,0.0,0.08659790083765984,1.0,1.0,7.3,0.9020000000000001,True,True,False
27.243175268173218,forward_015,7.243175268173218,0.15,0.0,0.0,-0.2825251726665821,-0.21162117180431245,-0.8650288105196896,0.84,1.41,7.23,1.381,0.8699273467063904,0.0,0.06198034901171923,1.0,0.0,7.3,0.9020000000000001,True,True,False
27.263556480407715,forward_015,7.263556480407715,0.15,0.0,0.0,-0.5541420375081997,-0.6654067773228381,-0.18871372537188688,-0.74,0.98,6.99,1.227,0.9602086544036865,0.07142857142857142,0.053081829100847244,1.0,0.0,7.3,0.9020000000000001,True,True,False
27.284113883972168,forward_015,7.284113883972168,0.15,0.0,0.0,-1.004655150679236,-0.7417649320975901,-0.009817477042468103,-0.22,-0.44,7.46,1.688,0.9450915455818176,0.0,0.041250450536608696,1.0,0.0,7.3,0.9020000000000001,True,True,False
27.304479598999023,forward_015,7.304479598999023,0.15,0.0,0.0,-1.3308135546456763,-0.4930555136883981,0.37742745074377376,-0.15,1.02,6.08,2.148,0.9733072519302368,0.07142857142857142,0.022557243704795837,1.0,0.0,7.3,0.9020000000000001,True,True,False
27.324979066848755,forward_015,7.324979066848755,0.15,0.0,0.0,-1.5347989109725135,-0.7014041931452212,0.495237175253391,-0.7000000000000001,2.67,3.22,1.918,0.9875026345252991,0.07142857142857142,0.046651773154735565,1.0,0.0,7.3,0.9020000000000001,True,True,False
27.345454216003418,forward_015,7.345454216003418,0.15,0.0,0.0,-1.5009831567151235,-0.8115781021773633,0.19962203319685143,0.12,1.82,8.21,2.071,0.9842294454574585,0.07142857142857142,0.043352304957807064,1.0,1.0,7.3,0.9020000000000001,True,True,False
27.36594295501709,forward_015,7.36594295501709,0.15,0.0,0.0,-1.4955290028026411,-0.6010477611555473,-0.4276056667386107,0.12,1.82,8.21,1.381,0.9795331358909607,0.14285714285714285,0.03483451157808304,1.0,1.0,7.3,0.9020000000000001,True,True,False
27.38644051551819,forward_015,7.3864405155181885,0.15,0.0,0.0,-0.9392053037294485,0.16471544815696484,-0.5748678223756323,0.12,1.82,8.21,0.9210000000000002,0.976230263710022,0.14285714285714285,0.07828899705782533,1.0,1.0,7.3,0.9020000000000001,True,True,False
27.40681767463684,forward_015,7.406817674636841,0.15,0.0,0.0,-0.4177881896961426,0.2879793265790644,-0.7646723785300157,-1.35,-2.91,7.22,0.9210000000000002,0.9836093783378601,0.14285714285714285,0.049373344983905554,1.0,1.0,7.5,0.45400000000000007,True,True,False
27.427183151245117,forward_015,7.427183151245117,0.15,0.0,0.0,0.12980886311707826,-0.09599310885968812,-0.8344855486097889,2.39,-5.0200000000000005,7.4,0.9210000000000002,0.9777026176452637,0.14285714285714285,0.14898956939578056,1.0,1.0,7.5,0.45400000000000007,True,True,False
27.447554349899292,forward_015,7.447554349899292,0.15,0.0,0.0,0.533416252640767,0.2923426497090502,-0.20398535632683726,1.93,-1.87,8.24,1.227,0.9719637632369995,0.14285714285714285,0.09075776766985655,1.0,1.0,7.5,0.45400000000000007,True,True,False
27.468026399612427,forward_015,7.468026399612427,0.15,0.0,0.0,-0.11453723216212788,0.4046982203061852,0.10362892433716332,1.93,-1.87,8.24,0.614,0.959550142288208,0.14285714285714285,0.05362724047154188,1.0,1.0,7.5,0.45400000000000007,True,True,False
27.48850440979004,forward_015,7.488504409790039,0.15,0.0,0.0,-0.18762289458939044,0.6348635154129374,0.791943148092427,-0.78,-2.41,8.71,0.6899999999999998,0.9569808840751648,0.07142857142857142,0.09406125731766224,1.0,1.0,7.5,0.45400000000000007,True,True,False
27.50888442993164,forward_015,7.508884429931641,0.15,0.0,0.0,-0.04036073895236887,0.4603305902135044,0.8650288105196896,-0.78,-2.41,8.71,0.614,0.9626827239990234,0.07142857142857142,0.027235026587732136,1.0,1.0,7.5,0.45400000000000007,True,True,False
27.529366970062256,forward_015,7.529366970062256,0.15,0.0,0.0,0.13308135546456762,0.6828600698427815,0.9915651812892785,-0.37,-2.7600000000000002,8.32,0.614,0.9486770033836365,0.0,0.04924014210700989,1.0,1.0,7.5,0.45400000000000007,True,True,False
27.549760103225708,forward_015,7.549760103225708,0.15,0.0,0.0,-0.02181661564992912,0.47123889803846897,1.0035643198967394,-0.37,-2.7600000000000002,8.32,0.537,0.9816977381706238,0.07142857142857142,0.06712195836007595,1.0,1.0,7.5,0.45400000000000007,True,True,False
27.570237636566162,forward_015,7.570237636566162,0.15,0.0,0.0,-0.07853981633974483,0.9872018581592926,0.9773843811168246,-1.55,-0.76,8.1,0.614,0.8999341726303101,0.0,0.14538701251149178,1.0,1.0,7.5,0.45400000000000007,True,True,False
27.590712070465088,forward_015,7.590712070465088,0.15,0.0,0.0,-0.09381144729469522,0.9010262263420726,0.9250245035569946,-2.34,1.57,9.5,0.9210000000000002,0.9388981461524963,0.0,0.1699870601296425,1.0,1.0,7.5,0.45400000000000007,True,True,False
27.61119318008423,forward_015,7.6111931800842285,0.15,0.0,0.0,-0.09381144729469522,0.9010262263420726,0.9250245035569946,-4.29,0.51,7.7700000000000005,0.9970000000000001,0.9645755290985107,0.07142857142857142,0.06274808943271637,0.0,1.0,6.9,2.3249999999999997,True,True,False
27.63257908821106,forward_015,7.63257908821106,0.15,0.0,0.0,-0.16035212502697901,0.6283185307179586,-0.07417649320975901,-0.92,0.31,7.01,1.6110000000000002,0.8569076061248779,0.0,0.07759697362780571,0.0,1.0,6.9,2.3249999999999997,True,True,False
27.653045415878296,forward_015,7.653045415878296,0.15,0.0,0.0,0.32179508083645453,0.2716168648416175,-0.433059820651093,-0.8,-1.75,6.5600000000000005,1.995,0.8942050337791443,0.0,0.04681426752358675,0.0,1.0,6.9,2.3249999999999997,True,True,False
27.67341136932373,forward_015,7.6734113693237305,0.15,0.0,0.0,1.100648259538924,-0.11671889372712078,-0.3436116964863836,-0.8,-1.75,6.5600000000000005,2.762,0.9672632217407227,0.07142857142857142,0.07311327499337494,0.0,1.0,6.9,2.3249999999999997,True,True,False
27.693784713745117,forward_015,7.693784713745117,0.15,0.0,0.0,1.4508049407202865,-0.7210391472301574,-0.21162117180431245,-0.8,-1.75,6.5600000000000005,3.299,0.9734961986541748,0.07142857142857142,0.04187694936990738,0.0,1.0,6.9,2.3249999999999997,True,True,False
27.714165925979614,forward_015,7.714165925979614,0.15,0.0,0.0,1.7453292519943295,-0.8453938564347534,0.032724923474893676,-0.53,-3.67,6.2,2.302,0.968170702457428,0.07142857142857142,0.042928561102598906,1.0,1.0,6.9,2.3249999999999997,True,True,False
27.734535455703735,forward_015,7.734535455703735,0.15,0.0,0.0,1.648245312352145,-1.1181015520588673,0.2585268954516601,-3.0500000000000003,0.16,6.87,1.151,0.9581085443496704,0.14285714285714285,0.06447438895702362,1.0,1.0,6.9,2.3249999999999997,True,True,False
27.754908800125122,forward_015,7.754908800125122,0.15,0.0,0.0,0.6883142237552637,-0.6381360077604268,-0.15271630954950383,-3.0500000000000003,0.16,6.87,1.227,0.9670952558517456,0.14285714285714285,0.12712590396404266,1.0,1.0,6.9,2.3249999999999997,True,True,False
27.77528429031372,forward_015,7.775284290313721,0.15,0.0,0.0,0.06326818538479445,-0.37088246604879505,-0.8573929950422144,-2.77,3.86,5.86,1.074,0.9858906269073486,0.14285714285714285,0.10014282912015915,1.0,1.0,6.9,2.3249999999999997,True,True,False
27.795660972595215,forward_015,7.795660972595215,0.15,0.0,0.0,-0.11562806294462433,-1.1824605682261582,-0.6697701004528239,-0.41000000000000003,1.05,4.36,0.844,0.9595233798027039,0.14285714285714285,0.08210430294275284,1.0,0.0,6.9,2.3249999999999997,True,True,False
27.81620168685913,forward_015,7.816201686859131,0.15,0.0,0.0,-0.12326387842209953,-0.6719517620178169,-0.5017821599483697,-0.51,-1.22,3.33,1.304,0.9861213564872742,0.14285714285714285,0.07510409504175186,1.0,0.0,7.5,0.312,True,True,False
27.836577653884888,forward_015,7.836577653884888,0.15,0.0,0.0,-0.5006913291658733,-1.2119129993535627,-0.02399827721492203,-0.8200000000000001,-0.39,7.2700000000000005,2.148,0.9868332743644714,0.07142857142857142,0.0818062350153923,1.0,0.0,7.5,0.312,True,True,False
27.856942415237427,forward_015,7.856942415237427,0.15,0.0,0.0,-0.5006913291658733,-1.2119129993535627,-0.02399827721492203,0.27,4.3,8.11,2.071,0.9835402965545654,0.07142857142857142,0.02690250426530838,1.0,0.0,7.5,0.312,True,True,False
27.877312421798706,forward_015,7.877312421798706,0.15,0.0,0.0,-1.371174293598045,-1.473712387152712,0.22580197197676638,-0.11,1.93,6.98,1.6110000000000002,0.9924635887145996,0.14285714285714285,0.04732781648635864,1.0,1.0,7.5,0.312,True,True,False
27.897681713104248,forward_015,7.897681713104248,0.15,0.0,0.0,-1.4791665410651942,-1.4409874636778184,-0.0916297857297023,0.68,3.87,7.88,1.688,0.9799579381942749,0.14285714285714285,0.06293397024273872,1.0,1.0,7.5,0.312,True,True,False
27.918048620224,forward_015,7.918048620223999,0.15,0.0,0.0,-1.4693490640227262,-1.4911656796726553,-0.8170322560898455,0.68,3.87,7.88,1.074,0.9810817837715149,0.21428571428571427,0.018584156408905983,1.0,1.0,7.5,0.312,True,True,False
27.9384183883667,forward_015,7.938418388366699,0.15,0.0,0.0,-0.507236313860852,-1.0537425358915764,-0.7275841319251362,0.68,3.87,7.88,0.767,0.9850434064865112,0.21428571428571427,0.05173727869987488,1.0,1.0,7.5,0.312,True,True,False
27.958775281906128,forward_015,7.958775281906128,0.15,0.0,0.0,0.11344640137963143,-0.8912087492996045,-0.7995789635699022,1.77,-3.46,9.19,0.844,0.9810103178024292,0.2857142857142857,0.061897724866867065,1.0,1.0,7.5,0.312,True,True,False
27.97924780845642,forward_015,7.979247808456421,0.15,0.0,0.0,0.4232423436086249,-0.8704829644321719,-0.6239552075879728,3.5500000000000003,-5.6000000000000005,9.32,0.9210000000000002,0.9755980968475342,0.2857142857142857,0.040777046408038586,1.0,1.0,7.5,0.312,True,True,False
27.99962830543518,forward_015,7.999628305435181,0.15,0.0,0.0,0.5585053606381855,-0.5879577917655898,-0.5705044992456465,1.84,-1.72,7.43,0.614,0.9803212285041809,0.21428571428571427,0.0782584177213721,1.0,1.0,7.5,0.312,True,True,False
28.02017068862915,forward_015,8.02017068862915,0.15,0.0,0.0,0.20943951023931956,-0.507236313860852,-0.6348635154129374,1.2,-2.2,8.1,0.9210000000000002,0.9897621870040894,0.21428571428571427,0.04339183308184147,1.0,1.0,7.6,0.11599999999999999,True,True,False
28.040565490722656,forward_015,8.040565490722656,0.15,0.0,0.0,0.004363323129985824,-0.45160394395353276,-0.44724062082354693,1.2,-2.2,8.1,0.9210000000000002,0.9892393946647644,0.21428571428571427,0.01943517866311595,1.0,1.0,7.6,0.11599999999999999,True,True,False
28.061038732528687,forward_015,8.061038732528687,0.15,0.0,0.0,-0.05781403147231216,-0.45160394395353276,-0.385063266221249,1.93,-0.52,9.51,0.537,0.9896962642669678,0.21428571428571427,0.031040582805871964,1.0,1.0,7.6,0.11599999999999999,True,True,False
28.081520557403564,forward_015,8.081520557403564,0.15,0.0,0.0,0.015271630954950384,-0.13744467859455345,-0.11562806294462433,2.13,-1.74,8.28,0.384,0.9841465950012207,0.21428571428571427,0.02464277483522892,1.0,1.0,7.6,0.11599999999999999,True,True,False
28.101996660232544,forward_015,8.101996660232544,0.15,0.0,0.0,-0.13853550937704992,-0.09599310885968812,0.3010692959690218,2.25,-1.18,9.66,0.46,0.9822017550468445,0.14285714285714285,0.022465098649263382,1.0,1.0,7.6,0.11599999999999999,True,True,False
28.122483730316162,forward_015,8.122483730316162,0.15,0.0,0.0,-0.24216443371421323,0.02399827721492203,0.4265148359561143,1.71,-0.59,9.01,0.537,0.9790559411048889,0.07142857142857142,0.03014221042394638,1.0,1.0,7.6,0.11599999999999999,True,True,False
28.142858505249023,forward_015,8.142858505249023,0.15,0.0,0.0,-0.23889194136672387,-0.03381575425739013,0.4494222823885399,2.04,-0.35000000000000003,9.49,0.537,0.9817119240760803,0.14285714285714285,0.04745478555560112,1.0,1.0,7.6,0.11599999999999999,True,True,False
28.163230180740356,forward_015,8.163230180740356,0.15,0.0,0.0,-0.02181661564992912,0.13199052468207118,0.5017821599483697,2.37,-0.22,9.32,0.46,0.9760076403617859,0.14285714285714285,0.038094790652394295,1.0,1.0,7.6,0.11599999999999999,True,True,False
28.18359899520874,forward_015,8.18359899520874,0.15,0.0,0.0,0.003272492347489368,0.12326387842209953,0.33161255787892263,2.37,-1.26,9.58,0.23,0.9747459292411804,0.14285714285714285,0.02901735855266452,1.0,1.0,7.6,0.11599999999999999,True,True,False
28.203968048095703,forward_015,8.203968048095703,0.15,0.0,0.0,0.01090830782496456,0.30652344988150415,0.13199052468207118,2.19,-1.02,8.870000000000001,0.307,0.975591242313385,0.14285714285714285,0.03360836079809815,1.0,1.0,7.6,0.11599999999999999,True,True,False
28.224347352981567,forward_015,8.224347352981567,0.15,0.0,0.0,0.08726646259971647,0.2650718801466388,-0.06654067773228381,1.6600000000000001,-0.48,8.89,0.307,0.9786186218261719,0.14285714285714285,0.017937757074832916,1.0,1.0,7.6,0.34500000000000003,True,True,False
28.24471139907837,forward_015,8.24471139907837,0.15,0.0,0.0,0.14508049407202864,0.3272492347489368,-0.22689280275926285,1.94,-1.11,9.59,0.384,0.9799419641494751,0.07142857142857142,0.01779428869485855,1.0,1.0,7.6,0.34500000000000003,True,True,False
28.26509714126587,forward_015,8.26509714126587,0.15,0.0,0.0,0.1832595714594046,0.38942658935123475,-0.22362031041177347,1.69,-0.87,9.1,0.384,0.9820907711982727,0.07142857142857142,0.012337669730186462,1.0,1.0,7.6,0.34500000000000003,True,True,False
28.285516023635864,forward_015,8.285516023635864,0.15,0.0,0.0,0.19525871006686563,0.47123889803846897,-0.2476185876266955,1.1500000000000001,-1.23,9.200000000000001,0.384,0.9843255281448364,0.07142857142857142,0.02313678339123726,1.0,1.0,7.6,0.34500000000000003,True,True,False
28.305877447128296,forward_015,8.305877447128296,0.15,0.0,0.0,0.1407171709420428,0.4690572364734761,-0.20725784867432664,1.17,-1.01,9.47,0.537,0.9822545051574707,0.07142857142857142,0.020520818419754505,1.0,1.0,7.6,0.34500000000000003,True,True,False
28.32623839378357,forward_015,8.32623839378357,0.15,0.0,0.0,0.09599310885968812,0.42542400517361784,-0.06326818538479445,1.24,-0.7000000000000001,8.22,0.614,0.9818037152290344,0.07142857142857142,0.017513909377157688,1.0,1.0,7.6,0.34500000000000003,True,True,False
28.346628189086914,forward_015,8.346628189086914,0.15,0.0,0.0,0.07744898555724837,0.38069994309126315,0.11562806294462433,0.55,-0.32,9.13,0.537,0.9808884859085083,0.14285714285714285,0.02636052668094635,1.0,1.0,7.6,0.34500000000000003,True,True,False
28.366994857788086,forward_015,8.366994857788086,0.15,0.0,0.0,0.05999569303730508,0.40906154343617096,0.20616701789183017,0.76,-0.72,8.92,0.46,0.9769247174263,0.14285714285714285,0.01484193280339241,1.0,1.0,7.6,0.34500000000000003,True,True,False
28.387370109558105,forward_015,8.387370109558105,0.15,0.0,0.0,-0.05345070834232634,0.35561083509384467,0.32179508083645453,0.43,-0.51,8.67,0.537,0.98268723487854,0.14285714285714285,0.03204767033457756,1.0,1.0,7.6,0.34500000000000003,True,True,False
28.407746076583862,forward_015,8.407746076583862,0.15,0.0,0.0,-0.2083486794568231,0.3196134192714616,0.36979163526629855,0.41000000000000003,-0.22,8.540000000000001,0.844,0.9865168929100037,0.14285714285714285,0.025850526057183743,1.0,1.0,7.6,0.34500000000000003,True,True,False
28.428186178207397,forward_015,8.428186178207397,0.15,0.0,0.0,-0.3076142806640006,0.3239767424014474,0.4243331743911214,0.63,-0.66,9.77,0.9210000000000002,0.9875292181968689,0.14285714285714285,0.007708103628829122,1.0,1.0,7.6,0.15500000000000003,True,True,False
28.44856023788452,forward_015,8.448560237884521,0.15,0.0,0.0,-0.3436116964863836,0.36760997370130566,0.5377795757707527,0.63,-0.66,9.77,0.9210000000000002,0.9899758696556091,0.14285714285714285,0.025699632009491324,1.0,1.0,7.6,0.15500000000000003,True,True,False
28.46905517578125,forward_015,8.46905517578125,0.15,0.0,0.0,-0.28907015736156083,0.5148721293383273,0.595593607243065,0.85,-0.74,9.120000000000001,0.844,0.989032506942749,0.14285714285714285,0.012066617608070374,1.0,1.0,7.6,0.15500000000000003,True,True,False
28.489423990249634,forward_015,8.489423990249634,0.15,0.0,0.0,-0.20289452554434081,0.44505895925855404,0.5301437602932776,0.2,-0.52,9.58,0.614,0.99261075258255,0.14285714285714285,0.021240435540676117,1.0,1.0,7.6,0.15500000000000003,True,True,False
28.509913682937622,forward_015,8.509913682937622,0.15,0.0,0.0,-0.06435901616729091,0.543233729683235,0.3916082509162277,0.2,-0.52,9.58,0.6899999999999998,0.9910269379615784,0.14285714285714285,0.020150568336248398,1.0,1.0,7.6,0.15500000000000003,True,True,False
28.53027844429016,forward_015,8.530278444290161,0.15,0.0,0.0,-0.07744898555724837,0.6457718232379019,0.22471114119426994,0.56,-1.04,9.05,0.614,0.9835464954376221,0.14285714285714285,0.033851150423288345,1.0,1.0,7.6,0.15500000000000003,True,True,False
28.550655603408813,forward_015,8.550655603408813,0.15,0.0,0.0,-0.07853981633974483,0.6479534848028948,0.11235557059713497,0.91,-0.73,9.8,0.767,0.9763111472129822,0.14285714285714285,0.02518938109278679,1.0,1.0,7.6,0.15500000000000003,True,True,False
28.57115077972412,forward_015,8.571150779724121,0.15,0.0,0.0,0.002181661564992912,0.7548549014875475,0.11126473981463851,0.43,-1.48,9.36,0.844,0.9719411134719849,0.07142857142857142,0.050875844433903694,1.0,1.0,7.6,0.15500000000000003,True,True,False
28.591535091400146,forward_015,8.591535091400146,0.15,0.0,0.0,-0.008726646259971648,0.8203047484373349,0.26398104936414235,-0.01,-1.3,8.89,0.9970000000000001,0.9603408575057983,0.07142857142857142,0.03668033517897129,1.0,1.0,7.6,0.15500000000000003,True,True,False
28.61202335357666,forward_015,8.61202335357666,0.15,0.0,0.0,-0.019634954084936207,0.5835944686356039,0.6337726846304409,0.53,-2.42,9.07,0.844,0.9568486213684082,0.07142857142857142,0.027898548170924187,1.0,1.0,7.6,0.15500000000000003,True,True,False
28.632487058639526,forward_015,8.632487058639526,0.15,0.0,0.0,-0.02399827721492203,0.4439681284760576,1.160643952576229,0.53,-2.42,9.07,1.151,0.9523172974586487,0.07142857142857142,0.03523600846529007,1.0,1.0,7.5,0.409,True,True,False
28.653723001480103,forward_015,8.653723001480103,0.15,0.0,0.0,-0.06763150851478027,0.6086835766330224,1.928588823453734,-0.22,-2.22,8.74,1.151,0.9576601982116699,0.07142857142857142,0.06331128999590874,1.0,1.0,7.5,0.409,True,True,False
28.674116373062134,forward_015,8.674116373062134,0.15,0.0,0.0,-0.07744898555724837,0.5661411761156606,2.117302548825621,-0.17,0.01,7.9,0.9210000000000002,0.9164643883705139,0.0,0.10047765634953976,1.0,1.0,7.5,0.409,True,True,False
28.694486141204834,forward_015,8.694486141204834,0.15,0.0,0.0,0.007635815477475192,0.5301437602932776,1.9122263617162873,0.12,0.6900000000000001,8.63,0.844,0.9225168824195862,0.0,0.12515169754624367,1.0,1.0,7.5,0.409,True,True,False
28.71484875679016,forward_015,8.714848756790161,0.15,0.0,0.0,-0.08072147790473774,0.7635815477475192,0.5094179754258449,-2.31,1.52,9.41,0.9970000000000001,0.9376698136329651,0.0,0.08517843205481768,0.0,1.0,7.5,0.409,True,True,False
28.735485553741455,forward_015,8.735485553741455,0.15,0.0,0.0,0.1832595714594046,0.19853120241435498,-0.15271630954950383,-1.61,1.17,4.25,1.381,0.9034271836280823,0.0,0.06150193884968757,0.0,1.0,7.5,0.409,True,True,False
28.755950927734375,forward_015,8.755950927734375,0.15,0.0,0.0,0.6228643768054763,0.25416357232167425,-0.8443030256522569,0.85,0.77,6.82,1.995,0.8965829014778137,0.0,0.10526951402425766,0.0,1.0,7.5,0.409,True,True,False
28.776318311691284,forward_015,8.776318311691284,0.15,0.0,0.0,1.3199052468207118,-0.001090830782496456,-0.8268497331323136,0.85,0.77,6.82,2.762,0.9552093148231506,0.07142857142857142,0.050409524847054854,1.0,1.0,7.5,0.409,True,True,False
28.796690702438354,forward_015,8.796690702438354,0.15,0.0,0.0,1.5675238344474072,-0.20943951023931956,-0.136353847812057,0.85,0.77,6.82,2.762,0.9581052660942078,0.07142857142857142,0.03406466916203499,1.0,1.0,7.5,0.409,True,True,False
28.81705331802368,forward_015,8.817053318023682,0.15,0.0,0.0,1.5424347264499887,-0.26070855701665296,-0.19416787928436915,-1.51,-2.43,8.82,1.841,0.9481943845748901,0.0,0.04629667103290558,1.0,1.0,7.5,0.409,True,True,False
28.837423086166382,forward_015,8.837423086166382,0.15,0.0,0.0,0.779944009484966,-0.21489366415180183,-0.28907015736156083,-1.51,-2.43,8.82,1.381,0.955605685710907,0.07142857142857142,0.09668172150850296,1.0,1.0,7.5,0.35500000000000004,True,True,False
28.857786417007446,forward_015,8.857786417007446,0.15,0.0,0.0,-0.15707963267948966,-0.3196134192714616,-0.20943951023931956,-1.51,-2.43,8.82,1.6110000000000002,0.9685117602348328,0.14285714285714285,0.06560233235359192,1.0,1.0,7.5,0.35500000000000004,True,True,False
28.87814736366272,forward_015,8.87814736366272,0.15,0.0,0.0,-0.3861540970037454,-0.7275841319251362,0.09817477042468103,-1.0,1.8800000000000001,5.09,0.9970000000000001,0.9740828275680542,0.14285714285714285,0.04249880090355873,1.0,1.0,7.5,0.35500000000000004,True,True,False
28.89851427078247,forward_015,8.89851427078247,0.15,0.0,0.0,-0.284706834231575,-0.8399397025222711,0.33161255787892263,-0.49,0.5700000000000001,5.0200000000000005,1.151,0.9640658497810364,0.14285714285714285,0.05628497898578644,1.0,0.0,7.5,0.35500000000000004,True,True,False
28.91899824142456,forward_015,8.91899824142456,0.15,0.0,0.0,-0.5094179754258449,-0.8497571795647392,0.4276056667386107,-0.66,1.95,8.71,1.304,0.984713077545166,0.14285714285714285,0.04043136537075043,1.0,0.0,7.5,0.35500000000000004,True,True,False
28.939371347427368,forward_015,8.939371347427368,0.15,0.0,0.0,-0.8868454261696187,-0.6861325621902709,0.47778388273344774,-0.66,1.95,8.71,1.534,0.9883283972740173,0.14285714285714285,0.03169456869363785,1.0,0.0,7.5,0.35500000000000004,True,True,False
28.959750413894653,forward_015,8.959750413894653,0.15,0.0,0.0,-1.3144510929082294,-0.7330382858376184,0.13962634015954636,-0.04,2.37,7.7,1.381,0.987601101398468,0.14285714285714285,0.04830531682819128,1.0,1.0,7.5,0.35500000000000004,True,True,False
28.980169534683228,forward_015,8.980169534683228,0.15,0.0,0.0,-1.5424347264499887,-0.9697485656393493,-0.1908953869368798,0.9,1.49,8.49,1.458,0.981069803237915,0.14285714285714285,0.04193665087223053,1.0,1.0,7.5,0.35500000000000004,True,True,False
29.00053119659424,forward_015,9.000531196594238,0.15,0.0,0.0,-0.9926560120717749,-0.495237175253391,-0.2203478180642841,0.9,1.49,8.49,0.767,0.9863685369491577,0.14285714285714285,0.05241043120622635,1.0,1.0,7.5,0.35500000000000004,True,True,False
29.020896196365356,forward_015,9.020896196365356,0.15,0.0,0.0,-0.37306412761378793,-0.014180800172453928,0.09053895494720585,-0.04,0.36,9.32,0.9970000000000001,0.9934147596359253,0.14285714285714285,0.07123096287250519,1.0,1.0,7.5,0.35500000000000004,True,True,False
29.041256427764893,forward_015,9.041256427764893,0.15,0.0,0.0,0.08617563181722002,-0.2945243112740431,0.3370667117914049,-0.04,0.36,9.32,0.767,0.9944440126419067,0.14285714285714285,0.04847443103790283,1.0,1.0,7.6,0.14100000000000001,True,True,False
29.061622858047485,forward_015,9.061622858047485,0.15,0.0,0.0,0.09053895494720585,-0.19744037163185854,0.16144295580947549,2.14,-3.5500000000000003,9.65,0.537,0.9851999878883362,0.14285714285714285,0.04802999645471573,1.0,1.0,7.6,0.14100000000000001,True,True,False
29.08197832107544,forward_015,9.08197832107544,0.15,0.0,0.0,0.10253809355466686,0.26725354171163174,0.004363323129985824,-0.38,-2.31,6.55,0.46,0.9937331080436707,0.21428571428571427,0.1065961942076683,1.0,1.0,7.6,0.14100000000000001,True,True,False
29.102336168289185,forward_015,9.102336168289185,0.15,0.0,0.0,-0.017453292519943295,0.2617993877991494,0.11999138607461016,-0.38,-2.31,6.55,0.23,0.9903109669685364,0.14285714285714285,0.04364391369745135,1.0,1.0,7.6,0.14100000000000001,True,True,False
29.12270164489746,forward_015,9.122701644897461,0.15,0.0,0.0,0.014180800172453928,0.40578905108868163,0.04690572364734761,-0.38,-2.31,6.55,0.307,0.9845041036605835,0.14285714285714285,0.054197054356336594,1.0,1.0,7.6,0.14100000000000001,True,True,False
29.14306950569153,forward_015,9.143069505691528,0.15,0.0,0.0,0.15817046346198613,0.5017821599483697,-0.05672320068981571,0.64,-1.53,8.23,0.6899999999999998,0.9819892048835754,0.14285714285714285,0.026452060788869858,1.0,1.0,7.6,0.14100000000000001,True,True,False
29.163437128067017,forward_015,9.163437128067017,0.15,0.0,0.0,0.13199052468207118,0.9075712110370514,0.06654067773228381,0.12,-1.57,8.290000000000001,0.844,0.9752221703529358,0.07142857142857142,0.08273442462086678,1.0,1.0,7.6,0.14100000000000001,True,True,False
29.183971405029297,forward_015,9.183971405029297,0.15,0.0,0.0,0.11126473981463851,0.842121364087264,0.36760997370130566,0.12,-1.57,8.290000000000001,0.9970000000000001,0.9684005379676819,0.07142857142857142,0.021686602383852005,1.0,1.0,7.6,0.14100000000000001,True,True,False
29.204482793807983,forward_015,9.204482793807983,0.15,0.0,0.0,0.04799655442984406,0.8028514559173916,0.717766654882668,0.47000000000000003,-1.31,9.72,1.151,0.9624635577201843,0.14285714285714285,0.044274844229221344,1.0,1.0,7.6,0.14100000000000001,True,True,False
29.22484564781189,forward_015,9.22484564781189,0.15,0.0,0.0,-0.009817477042468103,0.8432121948697605,1.1977321991811087,0.47000000000000003,-1.31,9.72,1.227,0.9689416885375977,0.07142857142857142,0.08051862567663193,1.0,1.0,7.6,0.14100000000000001,True,True,False
29.24520754814148,forward_015,9.24520754814148,0.15,0.0,0.0,-0.19962203319685143,0.9261153343394911,1.7071501746069535,0.06,-0.4,8.47,0.9970000000000001,0.9064658880233765,0.0,0.14887810498476028,1.0,1.0,7.5,0.486,True,True,False
29.265596628189087,forward_015,9.265596628189087,0.15,0.0,0.0,-0.16907877128695067,0.9250245035569946,1.7551467290367977,-0.36,1.31,7.34,0.9210000000000002,0.9276286959648132,0.0,0.10494572296738625,1.0,1.0,7.5,0.486,True,True,False
29.286010026931763,forward_015,9.286010026931763,0.15,0.0,0.0,-0.15271630954950383,0.9359328113819593,0.6697701004528239,-0.36,1.31,7.34,1.304,0.8931687474250793,0.0,0.08519081538543105,0.0,1.0,7.5,0.486,True,True,False
29.306496143341064,forward_015,9.306496143341064,0.15,0.0,0.0,0.018544123302439753,0.7199483164476609,-0.1090830782496456,-1.96,1.62,7.5600000000000005,1.381,0.8713188767433167,0.0,0.07661888562142849,0.0,1.0,7.5,0.486,True,True,False
29.32686948776245,forward_015,9.326869487762451,0.15,0.0,0.0,0.48651052899341934,0.5628686837681712,-0.5388704065532492,-1.77,1.23,9.19,2.455,0.9252246022224426,0.0,0.07712382450699806,0.0,1.0,7.5,0.486,True,True,False
29.34723687171936,forward_015,9.34723687171936,0.15,0.0,0.0,1.2097313377885697,0.30652344988150415,-0.3643374813538163,-5.0600000000000005,-7.140000000000001,7.72,3.299,0.9776955842971802,0.07142857142857142,0.04416236560791731,0.0,1.0,7.5,0.486,True,True,False
29.367722511291504,forward_015,9.367722511291504,0.15,0.0,0.0,1.4933473412376481,-0.47123889803846897,0.210530341021816,-5.0600000000000005,-7.140000000000001,7.72,2.685,0.985343337059021,0.07142857142857142,0.0847410038113594,1.0,1.0,7.5,0.486,True,True,False
29.388091325759888,forward_015,9.388091325759888,0.15,0.0,0.0,1.5031648182801163,-0.4690572364734761,0.9632035809443706,-2.58,-1.75,6.46,1.458,0.9625425338745117,0.07142857142857142,0.060682088136672974,1.0,1.0,7.5,0.486,True,True,False
29.408587217330933,forward_015,9.408587217330933,0.15,0.0,0.0,1.1082840750163994,-0.6392268385429232,0.928296995904484,-2.58,-1.75,6.46,1.227,0.9584062099456787,0.07142857142857142,0.09376071346923709,1.0,1.0,7.5,0.486,True,True,False
29.4290611743927,forward_015,9.4290611743927,0.15,0.0,0.0,0.3119776037939864,0.3534291735288517,-0.4985096676008804,-2.58,-1.75,6.46,1.304,0.9445223212242126,0.0,0.14151880191639066,1.0,1.0,7.5,0.486,True,True,False
29.449535608291626,forward_015,9.449535608291626,0.15,0.0,0.0,-0.044724062082354694,-0.5105088062083414,-0.7254024703601433,-2.48,2.87,6.5,1.227,0.9900751709938049,0.14285714285714285,0.1698974445462227,1.0,1.0,7.3,1.2210000000000003,True,True,False
29.4699125289917,forward_015,9.4699125289917,0.15,0.0,0.0,0.11999138607461016,-0.5999569303730508,-0.055632369907319255,1.44,3.1,8.75,0.9210000000000002,0.9510145783424377,0.07142857142857142,0.17044829577207565,1.0,0.0,7.3,1.2210000000000003,True,True,False
29.49028182029724,forward_015,9.490281820297241,0.15,0.0,0.0,-0.2301652951067522,-0.3370667117914049,0.1832595714594046,-2.48,-0.34,5.86,1.765,0.9934493899345398,0.21428571428571427,0.14445936493575573,1.0,0.0,7.3,1.2210000000000003,True,True,False
29.51068425178528,forward_015,9.510684251785278,0.15,0.0,0.0,-0.7875798249624412,-0.8639379797371931,0.5781403147231217,-0.3,-0.39,7.94,1.995,0.9850921630859375,0.07142857142857142,0.16927157156169415,1.0,0.0,7.3,1.2210000000000003,True,True,False
29.531051635742188,forward_015,9.531051635742188,0.15,0.0,0.0,-1.2370021073509812,-0.3785182815262702,0.9512044423369096,-1.58,1.95,3.91,1.765,0.9971531629562378,0.21428571428571427,0.08220745623111725,1.0,0.0,7.3,1.2210000000000003,True,True,False
29.551552295684814,forward_015,9.551552295684814,0.15,0.0,0.0,-1.521708941582556,-0.7788531787024695,0.5705044992456465,0.44,3.41,5.82,1.6110000000000002,0.989762544631958,0.14285714285714285,0.0787675678730011,1.0,1.0,7.3,1.2210000000000003,True,True,False
29.57209801673889,forward_015,9.572098016738892,0.15,0.0,0.0,-1.6111570657472654,-0.7963064712224128,0.27379852640661045,0.1,5.08,9.290000000000001,1.227,0.9904635548591614,0.14285714285714285,0.048468224704265594,1.0,1.0,7.3,1.2210000000000003,True,True,False
29.592573642730713,forward_015,9.592573642730713,0.15,0.0,0.0,-1.4148075248979033,-0.30325095753401476,-0.5519603759432067,0.1,5.08,9.290000000000001,0.767,0.9858567714691162,0.14285714285714285,0.09057751670479774,1.0,1.0,7.3,1.2210000000000003,True,True,False
29.613034963607788,forward_015,9.613034963607788,0.15,0.0,0.0,-0.38942658935123475,0.7134033317526822,-0.4243331743911214,-2.5500000000000003,-3.25,6.8,0.9970000000000001,0.971767246723175,0.21428571428571427,0.11775301769375801,0.0,1.0,7.3,1.2210000000000003,True,True,False
29.63340735435486,forward_015,9.633407354354858,0.15,0.0,0.0,0.05999569303730508,-0.14508049407202864,-0.5312345910757741,0.3,-6.18,4.89,0.767,0.9886852502822876,0.14285714285714285,0.12743553519248962,1.0,1.0,7.3,1.2210000000000003,True,True,False
29.65377974510193,forward_015,9.653779745101929,0.15,0.0,0.0,0.05999569303730508,-0.14508049407202864,-0.5312345910757741,2.91,-3.52,8.0,0.9210000000000002,0.9705892205238342,0.14285714285714285,0.06325208395719528,1.0,1.0,7.6,0.21200000000000002,True,True,False
29.675029754638672,forward_015,9.675029754638672,0.15,0.0,0.0,-0.003272492347489368,0.20507618710933373,0.6065019150680295,2.91,-3.52,8.0,0.844,0.9712236523628235,0.14285714285714285,0.059485359117388725,1.0,1.0,7.6,0.21200000000000002,True,True,False
29.695391178131104,forward_015,9.695391178131104,0.15,0.0,0.0,-0.23561944901923448,0.5410520681182421,1.3046336158657614,2.91,-3.52,8.0,0.844,0.9631862640380859,0.07142857142857142,0.04510112106800079,1.0,1.0,7.6,0.21200000000000002,True,True,False
29.71587896347046,forward_015,9.715878963470459,0.15,0.0,0.0,-0.06217735460229799,0.2454369260617026,1.5566155266224426,-1.6500000000000001,-0.07,8.24,0.9210000000000002,0.9746881127357483,0.14285714285714285,0.08983870223164558,1.0,1.0,7.6,0.21200000000000002,True,True,False
29.736268520355225,forward_015,9.736268520355225,0.15,0.0,0.0,0.11126473981463851,0.7352199474026113,1.3722651243805417,-1.6500000000000001,-0.07,8.24,0.767,0.9651811718940735,0.07142857142857142,0.08108132146298885,1.0,1.0,7.6,0.21200000000000002,True,True,False
29.756744623184204,forward_015,9.756744623184204,0.15,0.0,0.0,0.0272707695624114,0.9479319499894202,1.1377365061438036,-0.87,0.17,8.85,0.9970000000000001,0.9486846327781677,0.0,0.05270472168922424,1.0,1.0,7.6,0.21200000000000002,True,True,False
29.77721881866455,forward_015,9.77721881866455,0.15,0.0,0.0,0.0272707695624114,0.9479319499894202,1.1377365061438036,-0.03,1.17,8.15,0.9210000000000002,0.96764075756073,0.07142857142857142,0.06400317884981632,1.0,1.0,7.6,0.21200000000000002,True,True,False
29.79770803451538,forward_015,9.79770803451538,0.15,0.0,0.0,-0.29670597283903605,1.0995574287564276,1.0602875205865552,-1.74,-0.1,8.3,0.844,0.8772996664047241,0.0,0.16542919725179672,1.0,1.0,7.6,0.21200000000000002,True,True,False
29.81807565689087,forward_015,9.81807565689087,0.15,0.0,0.0,-0.4036073895236887,1.0133817969392076,1.069014166846527,-1.74,-0.1,8.3,1.151,0.9410645365715027,0.0,0.15328916162252426,1.0,1.0,7.6,0.21200000000000002,True,True,False
29.838557720184326,forward_015,9.838557720184326,0.15,0.0,0.0,-0.8617563181722002,0.7755806863549802,0.9522952731194061,-1.74,-0.1,8.3,1.304,0.9023759365081787,0.0,0.04589039320126176,0.0,1.0,7.6,0.21200000000000002,True,True,False
29.859029054641724,forward_015,9.859029054641724,0.15,0.0,0.0,-1.0155634585042006,0.6872233929727672,1.325359400733194,-1.21,-1.26,4.83,1.458,0.7439810037612915,0.0,0.08215253986418247,0.0,1.0,6.8,2.429,True,True,False
29.879437685012817,forward_015,9.879437685012817,0.15,0.0,0.0,-1.0155634585042006,0.6872233929727672,1.325359400733194,-1.21,-1.26,4.83,2.225,0.713188648223877,0.0,0.04898287355899811,0.0,1.0,6.8,2.429,True,True,False
29.899796962738037,forward_015,9.899796962738037,0.15,0.0,0.0,-0.49960049838337683,0.19416787928436915,1.1802789066611654,-3.27,-2.58,8.370000000000001,3.2220000000000004,0.9209050536155701,0.0,0.08746504713781178,0.0,1.0,6.8,2.429,True,True,False
29.92016839981079,forward_015,9.920168399810791,0.15,0.0,0.0,0.006544984694978736,0.13744467859455345,1.1933688760511227,-2.8000000000000003,-4.09,8.57,1.534,0.955466091632843,0.07142857142857142,0.0431930273771286,0.0,1.0,6.8,2.429,True,True,False
29.940534114837646,forward_015,9.940534114837646,0.15,0.0,0.0,0.7363107781851078,-0.8388488717397746,1.4398966328953218,-1.26,-5.78,6.07,0.9210000000000002,0.9503255486488342,0.07142857142857142,0.08457894437015057,0.0,1.0,6.8,2.429,True,True,False
29.960910320281982,forward_015,9.960910320281982,0.15,0.0,0.0,0.892299580082101,-1.3079061082132506,2.0627610097007985,-1.62,-3.38,8.040000000000001,0.9210000000000002,0.9500897526741028,0.07142857142857142,0.05338465794920921,0.0,1.0,6.8,2.429,True,True,False
29.981359720230103,forward_015,9.981359720230103,0.15,0.0,0.0,0.8203047484373349,-1.349357677948116,2.4914575072219054,-1.46,-1.56,5.0600000000000005,0.9210000000000002,0.953255295753479,0.07142857142857142,0.06362957879900932,1.0,1.0,6.8,2.429,True,True,False
30.00173306465149,stand_post,0.0017330646514892578,0.0,0.0,0.0,0.779944009484966,-1.2359112765684845,2.360557813322331,-1.53,1.1,7.07,0.844,0.9019455909729004,0.0,0.1186202634125948,1.0,1.0,6.8,2.429,True,True,False
30.02211308479309,stand_post,0.02211308479309082,0.0,0.0,0.0,0.9217520112095053,-1.2282754610910094,1.93295214658372,-1.53,1.1,7.07,1.074,0.9383479356765747,0.0,0.07127688266336918,1.0,1.0,6.8,2.429,True,True,False
30.04248046875,stand_post,0.04248046875,0.0,0.0,0.0,0.5857761302005968,-0.56941366846315,1.7529650674718047,-1.53,1.1,7.07,1.458,0.9291248321533203,0.0,0.043468035757541656,1.0,1.0,6.8,2.429,True,True,False
30.06285834312439,stand_post,0.06285834312438965,0.0,0.0,0.0,0.009817477042468103,0.24216443371421323,0.4068798818711781,-1.04,6.29,6.19,1.151,0.8821724057197571,0.0,0.09638339886441827,1.0,0.0,7.4,0.707,True,True,False
30.083241939544678,stand_post,0.08324193954467773,0.0,0.0,0.0,-0.23343778745424157,-0.34143003492139073,-0.5399612373357457,-0.22,0.9400000000000001,7.8,1.381,0.8683016896247864,0.0,0.08417371707037091,1.0,0.0,7.4,0.707,True,True,False
30.10362410545349,stand_post,0.10362410545349121,0.0,0.0,0.0,-0.5235987755982988,-0.2083486794568231,-0.26070855701665296,1.05,2.24,5.78,1.688,0.9106793403625488,0.0,0.01967419683933258,1.0,0.0,7.4,0.707,True,True,False
30.12399935722351,stand_post,0.12399935722351074,0.0,0.0,0.0,-1.1704614296186973,-0.23671027980173096,0.003272492347489368,0.46,-0.23,6.21,1.841,0.8139948844909668,0.0,0.04587628319859505,1.0,1.0,7.4,0.707,True,True,False
30.144386529922485,stand_post,0.14438652992248535,0.0,0.0,0.0,-1.820596575986585,-0.7548549014875475,0.5235987755982988,0.1,-0.92,9.76,1.841,0.8213798403739929,0.0,0.026692256331443787,1.0,1.0,7.4,0.707,True,True,False
30.164771556854248,stand_post,0.16477155685424805,0.0,0.0,0.0,-1.8838647613713795,-0.5061454830783556,1.1333731830138178,-0.07,3.35,5.38,1.381,0.8413342833518982,0.0,0.020901760086417198,0.0,1.0,7.4,0.707,True,True,False
30.185134410858154,stand_post,0.1851344108581543,0.0,0.0,0.0,-1.9024088846738192,-0.5355979142057599,0.657770961845363,-0.07,3.35,5.38,0.844,0.7882903218269348,0.0,0.020692399783001747,0.0,1.0,7.4,0.707,True,True,False
30.20550298690796,stand_post,0.20550298690795898,0.0,0.0,0.0,-0.743946593662583,0.1832595714594046,0.9861110273767962,-0.07,3.35,5.38,0.767,0.7705668807029724,0.0,0.05952474381774664,1.0,1.0,7.4,0.707,True,True,False
30.225871324539185,stand_post,0.22587132453918457,0.0,0.0,0.0,-0.18871372537188688,0.1461713248545251,1.3973542323779602,-0.42,-2.46,5.58,0.9210000000000002,0.8342002630233765,0.0,0.01936568273231387,1.0,1.0,7.4,0.707,True,True,False
30.24624538421631,stand_post,0.2462453842163086,0.0,0.0,0.0,0.5094179754258449,-0.16798794050445423,0.8410305333047675,1.52,0.5,7.41,0.844,0.7875277996063232,0.0,0.027031120844185352,1.0,1.0,7.4,0.707,True,True,False
30.266616344451904,stand_post,0.2666163444519043,0.0,0.0,0.0,0.6152285613280012,0.2399827721492203,0.20398535632683726,1.52,0.5,7.41,0.46,0.8161481618881226,0.0,0.05231338366866112,1.0,1.0,7.5,0.5,True,True,False
30.287068128585815,stand_post,0.28706812858581543,0.0,0.0,0.0,0.4537856055185257,0.5388704065532492,0.1189005552921137,-3.33,-3.64,9.77,0.767,0.7984045743942261,0.0,0.039154041558504105,1.0,1.0,7.5,0.5,True,True,False
30.30750346183777,stand_post,0.30750346183776855,0.0,0.0,0.0,0.3294308963139297,0.30543261909900765,-0.05781403147231216,-1.22,-1.27,7.7700000000000005,0.6899999999999998,0.8306430578231812,0.0,0.011492140591144562,1.0,1.0,7.5,0.5,True,True,False
30.327950716018677,stand_post,0.32795071601867676,0.0,0.0,0.0,0.346884188833873,0.10253809355466686,-0.3763366199612773,-1.22,-1.27,7.7700000000000005,0.767,0.8926246762275696,0.0,0.019962258636951447,1.0,1.0,7.5,0.5,True,True,False
30.348641395568848,stand_post,0.34864139556884766,0.0,0.0,0.0,0.4134248665661568,-0.013089969389957472,-0.32288591161895097,-0.63,-1.24,9.72,0.767,0.900559663772583,0.0,0.008467581123113632,1.0,1.0,7.5,0.5,True,True,False
30.36907124519348,stand_post,0.36907124519348145,0.0,0.0,0.0,0.21598449493429828,-0.05672320068981571,-0.07417649320975901,-1.1300000000000001,-0.32,8.16,0.844,0.8989433646202087,0.0,0.01863102149218321,1.0,1.0,7.5,0.5,True,True,False
30.38944363594055,stand_post,0.38944363594055176,0.0,0.0,0.0,0.0719948316447661,-0.23343778745424157,-0.07417649320975901,-1.01,0.04,8.71,0.767,0.9115660190582275,0.0,0.007080584764480591,1.0,1.0,7.5,0.5,True,True,False
30.409811973571777,stand_post,0.40981197357177734,0.0,0.0,0.0,0.039269908169872414,-0.14180800172453928,-0.038179077387375956,-1.11,-0.8,9.13,0.6899999999999998,0.9068200588226318,0.0,0.017698312702123076,1.0,1.0,7.5,0.5,True,True,False
30.430268049240112,stand_post,0.4302680492401123,0.0,0.0,0.0,-0.009817477042468103,-0.006544984694978736,0.12326387842209953,-0.28,-0.07,9.55,0.6899999999999998,0.8867062926292419,0.0,0.025993525458034128,1.0,1.0,7.5,0.5,True,True,False
30.45077419281006,stand_post,0.4507741928100586,0.0,0.0,0.0,-0.1439896632895322,0.14944381720201447,0.08290313946973066,-0.5700000000000001,-0.51,8.51,0.614,0.8654808402061462,0.0,0.011340605095028877,1.0,1.0,7.5,0.5,True,True,False
30.471466302871704,stand_post,0.4714663028717041,0.0,0.0,0.0,-0.16144295580947549,0.0272707695624114,0.2617993877991494,0.12,-0.31,9.53,0.537,0.8529840111732483,0.0,0.011105865240097046,1.0,1.0,7.5,0.388,True,True,False
30.49184513092041,stand_post,0.49184513092041016,0.0,0.0,0.0,-0.20616701789183017,0.1407171709420428,0.3174317577064687,-0.81,0.04,9.06,0.537,0.8403217792510986,0.0,0.00974523276090622,1.0,1.0,7.5,0.388,True,True,False
30.51222276687622,stand_post,0.5122227668762207,0.0,0.0,0.0,-0.25416357232167425,0.11126473981463851,0.21380283336930536,-1.04,-0.74,9.48,0.614,0.8468559384346008,0.0,0.0026799961924552917,1.0,1.0,7.5,0.388,True,True,False
30.53265643119812,stand_post,0.5326564311981201,0.0,0.0,0.0,-0.21598449493429828,0.11235557059713497,0.1461713248545251,-1.12,-1.18,9.200000000000001,0.614,0.8528118133544922,0.0,0.0023787692189216614,1.0,1.0,7.5,0.388,True,True,False
30.553022146224976,stand_post,0.5530221462249756,0.0,0.0,0.0,-0.17780541754692233,0.14726215563702155,0.1265363707695889,-0.91,-0.8200000000000001,8.94,0.614,0.8546945452690125,0.0,0.0033580921590328217,1.0,1.0,7.5,0.388,True,True,False
30.573485612869263,stand_post,0.5734856128692627,0.0,0.0,0.0,-0.15489797111449674,0.09381144729469522,-0.016362461737446838,-0.9400000000000001,-1.33,9.19,0.537,0.871849000453949,0.0,0.004745602607727051,1.0,1.0,7.5,0.388,True,True,False
30.593859434127808,stand_post,0.5938594341278076,0.0,0.0,0.0,-0.0719948316447661,0.07308566242726255,-0.06544984694978735,-1.11,-1.06,9.06,0.537,0.8838281035423279,0.0,0.0030751675367355347,1.0,1.0,7.5,0.388,True,True,False
30.61422896385193,stand_post,0.6142289638519287,0.0,0.0,0.0,0.02181661564992912,-0.013089969389957472,-0.07853981633974483,-0.72,-1.0,9.32,0.46,0.8954217433929443,0.0,0.0022115185856819153,1.0,1.0,7.5,0.388,True,True,False
30.634697675704956,stand_post,0.634697675704956,0.0,0.0,0.0,0.011999138607461015,-0.08072147790473774,-0.19634954084936207,-0.64,-1.08,9.39,0.307,0.9030524492263794,0.0,0.004478119313716888,1.0,1.0,7.5,0.388,True,True,False
30.655088186264038,stand_post,0.6550881862640381,0.0,0.0,0.0,0.002181661564992912,-0.1090830782496456,-0.1908953869368798,-0.74,-1.0,9.27,0.23,0.9056987762451172,0.0,0.001318313181400299,1.0,1.0,7.5,0.388,True,True,False
30.67546510696411,stand_post,0.6754651069641113,0.0,0.0,0.0,-0.017453292519943295,-0.08944812416470939,-0.13962634015954636,-0.79,-0.86,9.06,0.077,0.9059567451477051,0.0,0.0021186694502830505,1.0,1.0,7.6,0.23900000000000005,True,True,False
30.69655179977417,stand_post,0.6965517997741699,0.0,0.0,0.0,-0.03381575425739013,-0.04036073895236887,-0.09926560120717749,-0.25,-0.98,8.89,0.153,0.9039885401725769,0.0,0.0032379627227783203,1.0,1.0,7.6,0.23900000000000005,True,True,False
30.71692132949829,stand_post,0.716921329498291,0.0,0.0,0.0,-0.06981317007977318,-0.05890486225480862,-0.08290313946973066,-0.33,-1.3800000000000001,9.18,0.153,0.9042665362358093,0.0,0.001129891723394394,1.0,1.0,7.6,0.23900000000000005,True,True,False
30.737359285354614,stand_post,0.7373592853546143,0.0,0.0,0.0,0.001090830782496456,-0.07744898555724837,0.08072147790473774,-0.9400000000000001,-1.12,9.19,0.077,0.905302882194519,0.0,0.0050825513899326324,1.0,1.0,7.6,0.23900000000000005,True,True,False
30.757731914520264,stand_post,0.7577319145202637,0.0,0.0,0.0,0.018544123302439753,-0.09053895494720585,0.13744467859455345,-0.87,-1.04,9.27,0.077,0.9066606163978577,0.0,0.001784633845090866,1.0,1.0,7.6,0.23900000000000005,True,True,False
30.778122663497925,stand_post,0.7781226634979248,0.0,0.0,0.0,-0.06872233929727672,-0.05235987755982989,0.039269908169872414,-1.01,-1.16,9.1,0.153,0.9038337469100952,0.0,0.002428188920021057,1.0,1.0,7.6,0.23900000000000005,True,True,False
30.798608779907227,stand_post,0.7986087799072266,0.0,0.0,0.0,-0.05126904677733343,-0.050178215994836975,0.08508480103472356,-0.63,-1.22,8.85,0.077,0.9030294418334961,0.0,0.003382306545972824,1.0,1.0,7.6,0.23900000000000005,True,True,False
30.81907558441162,stand_post,0.8190755844116211,0.0,0.0,0.0,-0.04036073895236887,-0.09053895494720585,0.11126473981463851,-0.64,-0.81,9.51,0.077,0.905087947845459,0.0,0.00184699147939682,1.0,1.0,7.6,0.23900000000000005,True,True,False
30.839446544647217,stand_post,0.8394465446472168,0.0,0.0,0.0,-0.05235987755982989,-0.10035643198967395,0.0818123086872342,-0.77,-0.9,9.13,0.153,0.9039241075515747,0.0,0.0014312714338302612,1.0,1.0,7.6,0.23900000000000005,True,True,False
30.859832763671875,stand_post,0.859832763671875,0.0,0.0,0.0,-0.037088246604879506,-0.11453723216212788,0.03490658503988659,-0.88,-0.56,9.120000000000001,0.077,0.9054227471351624,0.0,0.0022593140602111816,1.0,1.0,7.6,0.23900000000000005,True,True,False
30.880207538604736,stand_post,0.8802075386047363,0.0,0.0,0.0,-0.037088246604879506,-0.12435470920459599,-0.04254240051736178,-0.68,-1.01,9.24,0.077,0.9063674807548523,0.0,0.0029264986515045166,1.0,1.0,7.6,0.22699999999999998,True,True,False
30.900575876235962,stand_post,0.9005758762359619,0.0,0.0,0.0,-0.05672320068981571,-0.13199052468207118,-0.044724062082354694,-0.51,-0.96,9.05,0.077,0.9047399163246155,0.0,0.001496337354183197,1.0,1.0,7.6,0.22699999999999998,True,True,False
30.920945167541504,stand_post,0.9209451675415039,0.0,0.0,0.0,-0.06872233929727672,-0.1734420944169365,-0.037088246604879506,-0.66,-1.6,9.36,0.153,0.9038788676261902,0.0,0.0023815669119358063,1.0,1.0,7.6,0.22699999999999998,True,True,False
30.94132900238037,stand_post,0.9413290023803711,0.0,0.0,0.0,-0.05890486225480862,-0.16798794050445423,0.05781403147231216,-0.7000000000000001,-1.03,9.07,0.077,0.9013293385505676,0.0,0.0016756579279899597,1.0,1.0,7.6,0.22699999999999998,True,True,False
30.96176838874817,stand_post,0.961768388748169,0.0,0.0,0.0,-0.04908738521234052,-0.18762289458939044,0.06981317007977318,-0.27,-1.27,9.290000000000001,0.077,0.9003899097442627,0.0,0.0020428895950317383,1.0,1.0,7.6,0.22699999999999998,True,True,False
30.98213839530945,stand_post,0.9821383953094482,0.0,0.0,0.0,-0.07853981633974483,-0.1734420944169365,0.09708393964218458,-0.3,-1.04,9.18,0.077,0.8977013230323792,0.0,0.0008007809519767761,1.0,1.0,7.6,0.22699999999999998,True,True,False
31.00250267982483,stand_post,1.002502679824829,0.0,0.0,0.0,-0.09490227807719166,-0.1810779098944117,0.09272061651219876,-0.33,-0.76,9.040000000000001,0.077,0.8971034288406372,0.0,0.0007298849523067474,1.0,1.0,7.6,0.22699999999999998,True,True,False
31.022873163223267,stand_post,1.0228731632232666,0.0,0.0,0.0,-0.06981317007977318,-0.1505346479845109,0.0818123086872342,-0.4,-0.9,9.13,0.153,0.896666407585144,0.0,0.000864766538143158,1.0,1.0,7.6,0.22699999999999998,True,True,False
31.043240070343018,stand_post,1.0432400703430176,0.0,0.0,0.0,-0.055632369907319255,-0.1636246173744684,0.009817477042468103,-0.35000000000000003,-1.17,9.49,0.077,0.8987510204315186,0.0,0.0023611895740032196,1.0,1.0,7.6,0.22699999999999998,True,True,False
31.063623905181885,stand_post,1.0636239051818848,0.0,0.0,0.0,-0.06544984694978735,-0.1189005552921137,0.001090830782496456,-0.22,-1.11,9.450000000000001,0.077,0.8972645998001099,0.0,0.0021044090390205383,1.0,1.0,7.6,0.22699999999999998,True,True,False
31.084080457687378,stand_post,1.084080457687378,0.0,0.0,0.0,-0.08835729338221293,-0.11453723216212788,-0.013089969389957472,-0.22,-1.31,9.09,0.077,0.8960872292518616,0.0,0.0008727312088012695,1.0,1.0,7.6,0.19900000000000004,True,True,False
31.104445457458496,stand_post,1.104445457458496,0.0,0.0,0.0,-0.07635815477475191,-0.10690141668465268,-0.02399827721492203,-0.21,-1.46,9.39,0.0,0.8967989087104797,0.0,0.0006285905838012695,1.0,1.0,7.6,0.19900000000000004,True,True,False
31.124810457229614,stand_post,1.1248104572296143,0.0,0.0,0.0,-0.05235987755982989,-0.1265363707695889,0.014180800172453928,0.02,-1.28,9.120000000000001,0.077,0.8970521688461304,0.0,0.0017972029745578766,1.0,1.0,7.6,0.19900000000000004,True,True,False
31.145185470581055,stand_post,1.1451854705810547,0.0,0.0,0.0,-0.05672320068981571,-0.10362892433716332,0.019634954084936207,-0.35000000000000003,-1.23,9.36,0.0,0.8978304862976074,0.0,0.0020597167313098907,1.0,1.0,7.6,0.19900000000000004,True,True,False
31.165558576583862,stand_post,1.1655585765838623,0.0,0.0,0.0,-0.04581489286485115,-0.09053895494720585,0.030543261909900768,-0.13,-1.05,9.4,0.0,0.8978049755096436,0.0,0.0012680143117904663,1.0,1.0,7.6,0.19900000000000004,True,True,False
31.18593692779541,stand_post,1.1859369277954102,0.0,0.0,0.0,-0.05126904677733343,-0.06326818538479445,-0.015271630954950384,-0.1,-1.18,9.11,0.077,0.8979045152664185,0.0,0.0013723187148571014,1.0,1.0,7.6,0.19900000000000004,True,True,False
31.206303596496582,stand_post,1.206303596496582,0.0,0.0,0.0,-0.030543261909900768,-0.06981317007977318,-0.032724923474893676,-0.14,-1.22,9.42,0.0,0.9012216329574585,0.0,0.0014822445809841156,1.0,1.0,7.6,0.19900000000000004,True,True,False
31.226665496826172,stand_post,1.2266654968261719,0.0,0.0,0.0,-0.020725784867432664,-0.06654067773228381,-0.04690572364734761,-0.19,-1.4000000000000001,9.16,0.0,0.9021623730659485,0.0,0.0017174705862998962,1.0,1.0,7.6,0.19900000000000004,True,True,False
31.247037172317505,stand_post,1.2470371723175049,0.0,0.0,0.0,-0.0272707695624114,-0.05999569303730508,-0.055632369907319255,-0.21,-1.6,9.1,0.0,0.902994692325592,0.0,0.0019293539226055145,1.0,1.0,7.6,0.19900000000000004,True,True,False
31.267414569854736,stand_post,1.2674145698547363,0.0,0.0,0.0,-0.04254240051736178,-0.07090400086226964,0.004363323129985824,-0.09,-1.6400000000000001,9.05,0.077,0.9030724763870239,0.0,0.00138140469789505,1.0,1.0,7.6,0.19900000000000004,True,True,False
31.28809905052185,stand_post,1.2880990505218506,0.0,0.0,0.0,-0.04254240051736178,-0.09272061651219876,0.05781403147231216,0.08,-1.36,9.25,0.0,0.9046971201896667,0.0,0.0015200823545455933,1.0,1.0,7.6,0.18100000000000002,True,True,False
31.308475494384766,stand_post,1.3084754943847656,0.0,0.0,0.0,-0.02399827721492203,-0.08726646259971647,0.04363323129985824,0.04,-1.18,9.4,0.0,0.9068036675453186,0.0,0.0009688585996627808,1.0,1.0,7.6,0.18100000000000002,True,True,False
31.328839778900146,stand_post,1.3288397789001465,0.0,0.0,0.0,-0.009817477042468103,-0.06544984694978735,0.015271630954950384,0.24,-1.29,9.31,0.077,0.9068648219108582,0.0,0.0011607296764850616,1.0,1.0,7.6,0.18100000000000002,True,True,False
31.349220037460327,stand_post,1.3492200374603271,0.0,0.0,0.0,-0.016362461737446838,-0.014180800172453928,0.01090830782496456,0.27,-1.3900000000000001,9.23,0.0,0.9051651358604431,0.0,0.0024449750781059265,1.0,1.0,7.6,0.18100000000000002,True,True,False
31.36960196495056,stand_post,1.3696019649505615,0.0,0.0,0.0,-0.00545415391248228,0.02945243112740431,-0.011999138607461015,0.11,-1.08,9.36,0.0,0.9052907228469849,0.0,0.0014228597283363342,1.0,1.0,7.6,0.18100000000000002,True,True,False
31.390043258666992,stand_post,1.3900432586669922,0.0,0.0,0.0,0.030543261909900768,0.06326818538479445,-0.06217735460229799,0.15,-1.44,9.28,0.0,0.9047238826751709,0.0,0.0008740946650505066,1.0,1.0,7.6,0.18100000000000002,True,True,False
31.410402059555054,stand_post,1.4104020595550537,0.0,0.0,0.0,0.03490658503988659,0.0818123086872342,-0.050178215994836975,0.11,-1.46,9.200000000000001,0.077,0.902308464050293,0.0,0.0012008212506771088,1.0,1.0,7.6,0.18100000000000002,True,True,False
31.430768489837646,stand_post,1.4307684898376465,0.0,0.0,0.0,0.02181661564992912,0.10471975511965978,-0.026179938779914945,-0.02,-1.51,9.24,0.0,0.8989273905754089,0.0,0.0010340511798858643,1.0,1.0,7.6,0.18100000000000002,True,True,False
31.451147317886353,stand_post,1.4511473178863525,0.0,0.0,0.0,0.032724923474893676,0.11453723216212788,0.025089107997418487,-0.02,-1.48,9.11,0.0,0.8947724103927612,0.0,0.0014783591032028198,1.0,1.0,7.6,0.18100000000000002,True,True,False
31.47158670425415,stand_post,1.4715867042541504,0.0,0.0,0.0,0.038179077387375956,0.12108221685710661,0.04363323129985824,-0.31,-1.2,9.23,0.0,0.8922424912452698,0.0,0.000933229923248291,1.0,1.0,7.6,0.18100000000000002,True,True,False
31.491958379745483,stand_post,1.4919583797454834,0.0,0.0,0.0,0.03599741582238305,0.1265363707695889,0.04036073895236887,-0.36,-1.01,9.450000000000001,0.0,0.8903971910476685,0.0,0.0008850917220115662,1.0,1.0,7.5,0.252,True,True,False
31.512327194213867,stand_post,1.5123271942138672,0.0,0.0,0.0,0.04036073895236887,0.136353847812057,-0.007635815477475192,-0.28,-1.1300000000000001,8.870000000000001,0.0,0.8895910382270813,0.0,0.0017391219735145569,1.0,1.0,7.5,0.252,True,True,False
31.532694578170776,stand_post,1.5326945781707764,0.0,0.0,0.0,0.03381575425739013,0.10144726277217041,-0.025089107997418487,-0.33,-1.12,9.21,0.077,0.8904076218605042,0.0,0.0023302212357521057,1.0,1.0,7.5,0.252,True,True,False
31.553072929382324,stand_post,1.5530729293823242,0.0,0.0,0.0,0.016362461737446838,0.10144726277217041,-0.030543261909900768,-0.53,-1.26,9.21,0.077,0.8901184797286987,0.0,0.0010662674903869629,1.0,1.0,7.5,0.252,True,True,False
31.57343864440918,stand_post,1.5734386444091797,0.0,0.0,0.0,0.019634954084936207,0.07635815477475191,-0.032724923474893676,-0.37,-1.25,9.08,0.077,0.8908618688583374,0.0,0.0011046752333641052,1.0,1.0,7.5,0.252,True,True,False
31.593883752822876,stand_post,1.593883752822876,0.0,0.0,0.0,0.020725784867432664,0.06872233929727672,-0.04581489286485115,-0.37,-1.22,9.290000000000001,0.153,0.8918217420578003,0.0,0.0005616173148155212,1.0,1.0,7.5,0.252,True,True,False
31.614275217056274,stand_post,1.6142752170562744,0.0,0.0,0.0,0.025089107997418487,0.07744898555724837,-0.05999569303730508,-0.56,-1.12,9.17,0.077,0.8921822905540466,0.0,0.0010082647204399109,1.0,1.0,7.5,0.252,True,True,False
31.63481903076172,stand_post,1.6348190307617188,0.0,0.0,0.0,0.031634092692397225,0.0719948316447661,-0.08072147790473774,-0.43,-0.92,9.25,0.153,0.8932536840438843,0.0,0.0007727816700935364,1.0,1.0,7.5,0.252,True,True,False
31.655193567276,stand_post,1.655193567276001,0.0,0.0,0.0,0.014180800172453928,0.08508480103472356,-0.1090830782496456,-0.41000000000000003,-1.26,9.36,0.077,0.8932157158851624,0.0,0.0009149312973022461,1.0,1.0,7.5,0.252,True,True,False
31.675737857818604,stand_post,1.6757378578186035,0.0,0.0,0.0,0.002181661564992912,0.04908738521234052,-0.10471975511965978,-0.43,-1.28,9.4,0.0,0.8948197364807129,0.0,0.0009336620569229126,1.0,1.0,7.5,0.252,True,True,False
31.696115493774414,stand_post,1.696115493774414,0.0,0.0,0.0,-0.003272492347489368,0.05235987755982989,-0.10690141668465268,-0.55,-1.24,8.97,0.077,0.8951032757759094,0.0,0.0009692162275314331,1.0,1.0,7.6,0.18700000000000003,True,True,False
31.717135429382324,stand_post,1.7171354293823242,0.0,0.0,0.0,0.00545415391248228,0.022907446432425576,-0.10253809355466686,-0.56,-1.19,9.18,0.0,0.8978869915008545,0.0,0.0010994821786880493,1.0,1.0,7.6,0.18700000000000003,True,True,False
31.73749804496765,stand_post,1.7374980449676514,0.0,0.0,0.0,-0.00545415391248228,0.003272492347489368,-0.08726646259971647,-0.27,-1.3800000000000001,9.200000000000001,0.0,0.8984007239341736,0.0,0.001250527799129486,1.0,1.0,7.6,0.18700000000000003,True,True,False
31.75805950164795,stand_post,1.7580595016479492,0.0,0.0,0.0,-0.02181661564992912,0.001090830782496456,-0.05781403147231216,-0.4,-1.24,9.17,0.077,0.8990931510925293,0.0,0.0013098344206809998,1.0,1.0,7.6,0.18700000000000003,True,True,False
31.77842354774475,stand_post,1.778423547744751,0.0,0.0,0.0,-0.014180800172453928,-0.05235987755982989,-0.04363323129985824,-0.27,-1.2,9.24,0.077,0.9019195437431335,0.0,0.0014396458864212036,1.0,1.0,7.6,0.18700000000000003,True,True,False
31.798784971237183,stand_post,1.7987849712371826,0.0,0.0,0.0,-0.019634954084936207,-0.03381575425739013,-0.05999569303730508,-0.44,-1.5,9.14,0.0,0.902014434337616,0.0,0.0026969723403453827,1.0,1.0,7.6,0.18700000000000003,True,True,False
31.819162130355835,stand_post,1.819162130355835,0.0,0.0,0.0,-0.016362461737446838,-0.022907446432425576,-0.026179938779914945,-0.24,-1.6400000000000001,9.35,0.0,0.9026113748550415,0.0,0.0013936981558799744,1.0,1.0,7.6,0.18700000000000003,True,True,False
31.83952307701111,stand_post,1.8395230770111084,0.0,0.0,0.0,-0.00545415391248228,0.002181661564992912,0.02399827721492203,-0.3,-1.11,8.99,0.0,0.9023670554161072,0.0,0.0029345229268074036,1.0,1.0,7.6,0.18700000000000003,True,True,False
31.860087156295776,stand_post,1.8600871562957764,0.0,0.0,0.0,0.003272492347489368,-0.014180800172453928,-0.016362461737446838,-0.29,-1.11,9.3,0.0,0.9054812788963318,0.0,0.001481078565120697,1.0,1.0,7.6,0.18700000000000003,True,True,False
31.88052201271057,stand_post,1.8805220127105713,0.0,0.0,0.0,0.001090830782496456,-0.002181661564992912,-0.032724923474893676,-0.37,-1.11,9.25,0.0,0.9056906700134277,0.0,0.0011877603828907013,1.0,1.0,7.6,0.18700000000000003,True,True,False
31.900894165039062,stand_post,1.9008941650390625,0.0,0.0,0.0,-0.011999138607461015,0.013089969389957472,-0.037088246604879506,-0.23,-1.2,9.19,0.0,0.9052906036376953,0.0,0.0011777281761169434,1.0,1.0,7.6,0.23800000000000002,True,True,False
31.921266317367554,stand_post,1.9212663173675537,0.0,0.0,0.0,-0.001090830782496456,0.026179938779914945,-0.06217735460229799,-0.26,-1.36,9.22,0.077,0.9056087732315063,0.0,0.0008788034319877625,1.0,1.0,7.6,0.23800000000000002,True,True,False
31.94163680076599,stand_post,1.9416368007659912,0.0,0.0,0.0,0.017453292519943295,0.037088246604879506,-0.044724062082354694,-0.26,-1.29,9.23,0.0,0.9045693874359131,0.0,0.0015388578176498413,1.0,1.0,7.6,0.23800000000000002,True,True,False
31.96217703819275,stand_post,1.962177038192749,0.0,0.0,0.0,0.02399827721492203,0.039269908169872414,-0.03599741582238305,-0.38,-1.1,9.26,0.0,0.9035024642944336,0.0,0.0008461363613605499,1.0,1.0,7.6,0.23800000000000002,True,True,False
31.98275876045227,stand_post,1.9827587604522705,0.0,0.0,0.0,0.030543261909900768,0.04908738521234052,-0.06654067773228381,-0.41000000000000003,-1.06,9.21,0.0,0.902516782283783,0.0,0.0015053749084472656,1.0,1.0,7.6,0.23800000000000002,True,True,False
32.003140687942505,stand_post,2.003140687942505,0.0,0.0,0.0,0.02399827721492203,0.06654067773228381,-0.08072147790473774,-0.23,-1.08,9.33,0.077,0.9004074335098267,0.0,0.0011059865355491638,1.0,1.0,7.6,0.23800000000000002,True,True,False
32.02350091934204,stand_post,2.023500919342041,0.0,0.0,0.0,0.009817477042468103,0.08399397025222712,-0.10035643198967395,-0.49,-0.98,9.15,0.0,0.8984281420707703,0.0,0.0014090314507484436,1.0,1.0,7.6,0.23800000000000002,True,True,False
32.04410696029663,stand_post,2.044106960296631,0.0,0.0,0.0,0.018544123302439753,0.09053895494720585,-0.13526301702956053,-0.44,-0.93,9.19,0.077,0.8981057405471802,0.0,0.002118706703186035,1.0,1.0,7.6,0.23800000000000002,True,True,False
32.06446886062622,stand_post,2.0644688606262207,0.0,0.0,0.0,0.020725784867432664,0.09708393964218458,-0.16689710972195776,-0.44,-0.93,9.19,0.0,0.8975218534469604,0.0,0.0018340349197387695,1.0,1.0,7.6,0.23800000000000002,True,True,False
32.08493185043335,stand_post,2.0849318504333496,0.0,0.0,0.0,0.02181661564992912,0.0719948316447661,-0.27052603405912107,-0.78,-1.29,9.08,0.0,0.8988170027732849,0.0,0.005149956792593002,1.0,1.0,7.6,0.23800000000000002,True,True,False
32.10533666610718,stand_post,2.1053366661071777,0.0,0.0,0.0,0.019634954084936207,0.04036073895236887,-0.13526301702956053,-0.65,-1.3900000000000001,9.46,0.0,0.8971656560897827,0.0,0.004217404872179031,1.0,1.0,7.6,0.18500000000000003,True,True,False
32.12575149536133,stand_post,2.125751495361328,0.0,0.0,0.0,-0.003272492347489368,0.04036073895236887,-0.136353847812057,-0.68,-0.97,9.13,0.077,0.8973259925842285,0.0,0.0005449578166007996,1.0,1.0,7.6,0.18500000000000003,True,True,False
32.146119117736816,stand_post,2.1461191177368164,0.0,0.0,0.0,0.01090830782496456,0.04908738521234052,-0.19525871006686563,-0.74,-0.9400000000000001,9.09,0.0,0.8984165787696838,0.0,0.0022477172315120697,1.0,1.0,7.6,0.18500000000000003,True,True,False
32.166486501693726,stand_post,2.1664865016937256,0.0,0.0,0.0,0.022907446432425576,0.030543261909900768,-0.23234695667174513,-0.7000000000000001,-1.19,9.19,0.153,0.8989251255989075,0.0,0.001206856220960617,1.0,1.0,7.6,0.18500000000000003,True,True,False
32.186854124069214,stand_post,2.186854124069214,0.0,0.0,0.0,0.004363323129985824,-0.05235987755982989,-0.2378011105842274,-0.8200000000000001,-1.17,8.92,0.077,0.9009444713592529,0.0,0.0027636587619781494,1.0,1.0,7.6,0.18500000000000003,True,True,False
32.207342863082886,stand_post,2.2073428630828857,0.0,0.0,0.0,-0.009817477042468103,-0.08072147790473774,-0.22362031041177347,-0.8,-1.53,9.13,0.0,0.9022234678268433,0.0,0.001080784946680069,1.0,1.0,7.6,0.18500000000000003,True,True,False
32.227858781814575,stand_post,2.227858781814575,0.0,0.0,0.0,-0.055632369907319255,-0.1505346479845109,-0.11017390903214205,-0.67,-1.3900000000000001,9.13,0.077,0.9031885862350464,0.0,0.0033894814550876617,1.0,1.0,7.6,0.18500000000000003,True,True,False
32.24832582473755,stand_post,2.248325824737549,0.0,0.0,0.0,-0.07090400086226964,-0.17562375598192942,-0.07744898555724837,-0.5700000000000001,-1.1500000000000001,9.11,0.077,0.9040088057518005,0.0,0.0011542439460754395,1.0,1.0,7.6,0.18500000000000003,True,True,False
32.26870036125183,stand_post,2.268700361251831,0.0,0.0,0.0,-0.07090400086226964,-0.17562375598192942,-0.07744898555724837,-0.5700000000000001,-1.1500000000000001,9.11,0.077,0.9041427373886108,0.0,0.0007046908140182495,1.0,1.0,7.6,0.18500000000000003,True,True,False
32.28925824165344,stand_post,2.2892582416534424,0.0,0.0,0.0,-0.06326818538479445,-0.16907877128695067,-0.09708393964218458,-0.28,-1.25,9.49,0.077,0.9051714539527893,0.0,0.0007754117250442505,1.0,1.0,7.6,0.18500000000000003,True,True,False
32.30962800979614,stand_post,2.3096280097961426,0.0,0.0,0.0,-0.06435901616729091,-0.13744467859455345,-0.08399397025222712,-0.07,-1.35,8.85,0.0,0.9029388427734375,0.0,0.0021679475903511047,1.0,1.0,7.6,0.18500000000000003,True,True,False
32.33002543449402,stand_post,2.3300254344940186,0.0,0.0,0.0,-0.07744898555724837,-0.1461713248545251,-0.038179077387375956,-0.06,-1.72,9.27,0.153,0.9032379984855652,0.0,0.001739397644996643,1.0,1.0,7.6,0.18500000000000003,True,True,False
32.35046625137329,stand_post,2.350466251373291,0.0,0.0,0.0,-0.08399397025222712,-0.1341721862470641,0.007635815477475192,0.0,-1.22,9.66,0.077,0.9043620228767395,0.0,0.0009245052933692932,1.0,1.0,7.6,0.18500000000000003,True,True,False
32.37095808982849,stand_post,2.370958089828491,0.0,0.0,0.0,-0.04036073895236887,-0.09381144729469522,-0.013089969389957472,0.16,-0.9,9.33,0.0,0.905440092086792,0.0,0.0019003748893737793,1.0,1.0,7.6,0.18500000000000003,True,True,False
32.39132833480835,stand_post,2.3913283348083496,0.0,0.0,0.0,-0.017453292519943295,-0.06654067773228381,-0.07853981633974483,0.27,-1.3,9.27,0.0,0.9065168499946594,0.0,0.0017697177827358246,1.0,1.0,7.6,0.18500000000000003,True,True,False
32.41211485862732,stand_post,2.4121148586273193,0.0,0.0,0.0,-0.03490658503988659,-0.007635815477475192,-0.06654067773228381,0.14,-1.6400000000000001,9.39,0.077,0.9049164056777954,0.0,0.0029908418655395508,1.0,1.0,7.6,0.18500000000000003,True,True,False
32.43258500099182,stand_post,2.4325850009918213,0.0,0.0,0.0,-0.007635815477475192,0.04145156973486533,-0.032724923474893676,-0.03,-1.74,9.17,0.077,0.9042102694511414,0.0,0.0034676268696784973,1.0,1.0,7.6,0.18500000000000003,True,True,False
32.452961683273315,stand_post,2.4529616832733154,0.0,0.0,0.0,0.028361600344907856,0.04581489286485115,-0.018544123302439753,-0.05,-1.32,9.23,0.0,0.9056281447410583,0.0,0.0019475296139717102,1.0,1.0,7.6,0.18500000000000003,True,True,False
32.473331451416016,stand_post,2.4733314514160156,0.0,0.0,0.0,0.026179938779914945,0.038179077387375956,-0.025089107997418487,0.37,-1.12,9.48,0.0,0.9054930210113525,0.0,0.0032822154462337494,1.0,1.0,7.6,0.18500000000000003,True,True,False
32.49370551109314,stand_post,2.4937055110931396,0.0,0.0,0.0,0.015271630954950384,0.04908738521234052,-0.017453292519943295,-0.25,-1.6400000000000001,9.11,0.077,0.9024544954299927,0.0,0.0021389275789260864,1.0,1.0,7.6,0.18500000000000003,True,True,False
32.514087200164795,stand_post,2.514087200164795,0.0,0.0,0.0,0.03381575425739013,0.031634092692397225,0.08072147790473774,0.3,-2.79,9.36,0.077,0.8953568935394287,0.0,0.0033112429082393646,1.0,1.0,7.6,0.20600000000000002,True,True,False
32.53445863723755,stand_post,2.534458637237549,0.0,0.0,0.0,0.026179938779914945,0.0916297857297023,0.2879793265790644,-0.09,-2.2800000000000002,8.790000000000001,0.153,0.8828983306884766,0.0,0.007969729602336884,1.0,1.0,7.6,0.20600000000000002,True,True,False
32.55483913421631,stand_post,2.5548391342163086,0.0,0.0,0.0,0.03381575425739013,0.05235987755982989,0.37088246604879505,-0.41000000000000003,0.18,9.56,0.0,0.8795221447944641,0.0,0.002894636243581772,1.0,1.0,7.6,0.20600000000000002,True,True,False
32.57528305053711,stand_post,2.5752830505371094,0.0,0.0,0.0,0.05345070834232634,0.061086523819801536,0.17235126363444003,-0.47000000000000003,0.34,9.77,0.077,0.8873693943023682,0.0,0.004985623061656952,1.0,1.0,7.6,0.20600000000000002,True,True,False
32.59566307067871,stand_post,2.595663070678711,0.0,0.0,0.0,0.04036073895236887,0.0818123086872342,0.009817477042468103,-0.58,-0.33,8.81,0.153,0.8906946778297424,0.0,0.0038105323910713196,1.0,1.0,7.6,0.20600000000000002,True,True,False
32.61603593826294,stand_post,2.6160359382629395,0.0,0.0,0.0,-0.019634954084936207,0.06763150851478027,-0.06544984694978735,-0.62,-1.53,8.98,0.077,0.8898572325706482,0.0,0.0026355162262916565,1.0,1.0,7.6,0.20600000000000002,True,True,False
32.63650989532471,stand_post,2.636509895324707,0.0,0.0,0.0,-0.05890486225480862,0.06654067773228381,-0.1341721862470641,-0.73,-2.22,9.03,0.077,0.8908236026763916,0.0,0.00297468900680542,1.0,1.0,7.6,0.20600000000000002,True,True,False
32.65689420700073,stand_post,2.6568942070007324,0.0,0.0,0.0,-0.05345070834232634,0.02181661564992912,-0.031634092692397225,-0.5700000000000001,-2.04,9.36,0.153,0.8901262879371643,0.0,0.0021807290613651276,1.0,1.0,7.6,0.20600000000000002,True,True,False
32.67726731300354,stand_post,2.67726731300354,0.0,0.0,0.0,0.016362461737446838,0.05345070834232634,0.06326818538479445,-0.72,-1.94,8.96,0.0,0.8893617987632751,0.0,0.0036094598472118378,1.0,1.0,7.6,0.20600000000000002,True,True,False
32.69763803482056,stand_post,2.6976380348205566,0.0,0.0,0.0,0.037088246604879506,-0.03599741582238305,0.0719948316447661,-0.46,-0.97,9.11,0.0,0.8926304578781128,0.0,0.0036932751536369324,1.0,1.0,7.6,0.20600000000000002,True,True,False
32.71803379058838,stand_post,2.718033790588379,0.0,0.0,0.0,0.01090830782496456,-0.04145156973486533,-0.004363323129985824,-0.59,-0.5700000000000001,9.21,0.077,0.8951539397239685,0.0,0.0018676593899726868,1.0,1.0,7.6,0.18600000000000003,True,True,False
32.73910474777222,stand_post,2.739104747772217,0.0,0.0,0.0,-0.018544123302439753,-0.09490227807719166,0.028361600344907856,-0.32,-0.61,9.24,0.077,0.8949286937713623,0.0,0.0015864297747612,1.0,1.0,7.6,0.18600000000000003,True,True,False
32.7595956325531,stand_post,2.7595956325531006,0.0,0.0,0.0,-0.006544984694978736,-0.08508480103472356,-0.11235557059713497,-0.25,-1.34,9.35,0.077,0.8980468511581421,0.0,0.0026850998401641846,1.0,1.0,7.6,0.18600000000000003,True,True,False
32.7800509929657,stand_post,2.7800509929656982,0.0,0.0,0.0,-0.025089107997418487,-0.061086523819801536,-0.11453723216212788,-0.12,-1.18,9.120000000000001,0.0,0.8976854681968689,0.0,0.0014548897743225098,1.0,1.0,7.6,0.18600000000000003,True,True,False
32.80047369003296,stand_post,2.800473690032959,0.0,0.0,0.0,-0.04690572364734761,-0.05345070834232634,-0.1265363707695889,-0.16,-1.29,9.38,0.077,0.8985852599143982,0.0,0.0013954825699329376,1.0,1.0,7.6,0.18600000000000003,True,True,False
32.82086968421936,stand_post,2.8208696842193604,0.0,0.0,0.0,-0.04036073895236887,-0.03490658503988659,-0.11344640137963143,-0.26,-1.04,9.35,0.0,0.9000982046127319,0.0,0.0009108930826187134,1.0,1.0,7.6,0.18600000000000003,True,True,False
32.84124422073364,stand_post,2.8412442207336426,0.0,0.0,0.0,-0.038179077387375956,-0.038179077387375956,-0.1308996938995747,-0.25,-1.44,9.15,0.0,0.9006662964820862,0.0,0.0013582557439804077,1.0,1.0,7.6,0.18600000000000003,True,True,False
32.861618757247925,stand_post,2.861618757247925,0.0,0.0,0.0,-0.028361600344907856,-0.044724062082354694,-0.10035643198967395,-0.28,-1.6600000000000001,9.11,0.077,0.9014750719070435,0.0,0.0009745880961418152,1.0,1.0,7.6,0.18600000000000003,True,True,False
32.88200926780701,stand_post,2.882009267807007,0.0,0.0,0.0,-0.037088246604879506,-0.04690572364734761,-0.05890486225480862,-0.41000000000000003,-2.16,9.05,0.0,0.9007071256637573,0.0,0.001776246353983879,1.0,1.0,7.6,0.18600000000000003,True,True,False
32.9023814201355,stand_post,2.902381420135498,0.0,0.0,0.0,-0.03490658503988659,-0.06544984694978735,0.050178215994836975,-0.39,-1.49,9.09,0.0,0.9014071822166443,0.0,0.001962285488843918,1.0,1.0,7.6,0.18600000000000003,True,True,False
32.92276477813721,stand_post,2.922764778137207,0.0,0.0,0.0,-0.037088246604879506,-0.07090400086226964,0.030543261909900768,-0.16,-1.25,9.26,0.077,0.9033244252204895,0.0,0.0008366135880351067,1.0,1.0,7.6,0.232,True,True,False
32.94313430786133,stand_post,2.943134307861328,0.0,0.0,0.0,-0.003272492347489368,-0.07417649320975901,-0.019634954084936207,-0.22,-1.03,9.15,0.077,0.9062902331352234,0.0,0.0019386783242225647,1.0,1.0,7.6,0.232,True,True,False
32.96350860595703,stand_post,2.9635086059570312,0.0,0.0,0.0,-0.001090830782496456,-0.06763150851478027,-0.08944812416470939,-0.02,-1.35,9.38,0.0,0.9080855250358582,0.0,0.0012995824217796326,1.0,1.0,7.6,0.232,True,True,False
32.983949422836304,stand_post,2.9839494228363037,0.0,0.0,0.0,-0.03381575425739013,-0.03381575425739013,-0.09381144729469522,0.12,-1.3900000000000001,9.21,0.077,0.9071153998374939,0.0,0.001513652503490448,1.0,1.0,7.6,0.232,True,True,False
