time_s,phase,phase_elapsed_s,cmd_x,cmd_y,cmd_yaw,gyro_x,gyro_y,gyro_z,accel_x,accel_y,accel_z,joint_vel_abs_max,action_abs_max,action_saturation_frac,target_delta_abs_max,left_contact,right_contact,min_voltage,sum_abs_current,obs_finite,action_finite,missed_deadline
0.00011491775512695312,stand_pre,0.00011491775512695312,0.0,0.0,0.0,-0.07963064712224129,-0.18980455615438332,0.06654067773228381,-0.62,-1.43,9.74,0.0,0.7018170952796936,0.0,0.08421804755926132,1.0,1.0,7.4,0.641,True,True,True
0.021736621856689453,stand_pre,0.021736621856689453,0.0,0.0,0.0,0.10035643198967395,-0.32288591161895097,-0.032724923474893676,-1.34,-1.62,9.47,0.0,0.6752041578292847,0.0,0.030823272187262774,1.0,1.0,7.4,0.641,True,True,False
0.0421137809753418,stand_pre,0.0421137809753418,0.0,0.0,0.0,-0.001090830782496456,0.002181661564992912,0.001090830782496456,-0.2,-0.37,9.25,0.23,0.656550943851471,0.0,0.019275221973657608,1.0,1.0,7.4,0.641,True,True,False
0.06250357627868652,stand_pre,0.06250357627868652,0.0,0.0,0.0,0.0,0.001090830782496456,-0.001090830782496456,-0.19,-0.34,9.39,0.614,0.6086602807044983,0.0,0.013661758974194527,1.0,1.0,7.4,0.641,True,True,False
0.08288717269897461,stand_pre,0.08288717269897461,0.0,0.0,0.0,-0.002181661564992912,-0.002181661564992912,-0.007635815477475192,-0.05,-0.21,9.74,0.844,0.5880966186523438,0.0,0.015345696359872818,1.0,1.0,7.4,0.641,True,True,False
0.10327434539794922,stand_pre,0.10327434539794922,0.0,0.0,0.0,-0.05126904677733343,-0.001090830782496456,-0.08072147790473774,-0.05,-0.21,9.74,0.767,0.600583553314209,0.0,0.03426174679771066,1.0,1.0,7.4,0.641,True,True,False
0.12364602088928223,stand_pre,0.12364602088928223,0.0,0.0,0.0,-0.11453723216212788,-0.09708393964218458,-0.1461713248545251,1.56,-0.13,8.2,0.6899999999999998,0.7164289951324463,0.0,0.06030726199969649,1.0,1.0,7.4,0.641,True,True,False
0.14421987533569336,stand_pre,0.14421987533569336,0.0,0.0,0.0,-0.031634092692397225,-0.21489366415180183,-0.1308996938995747,0.35000000000000003,0.13,9.0,0.46,0.8628524541854858,0.0,0.035052310675382614,1.0,1.0,7.4,0.641,True,True,False
0.16465377807617188,stand_pre,0.16465377807617188,0.0,0.0,0.0,0.015271630954950384,-0.14835298641951802,-0.1341721862470641,-0.16,-1.06,9.73,0.537,0.8683461546897888,0.0,0.02007899573072791,1.0,1.0,7.4,0.641,True,True,False
0.18505096435546875,stand_pre,0.18505096435546875,0.0,0.0,0.0,0.0272707695624114,0.16253378659197193,-0.0818123086872342,-1.48,-1.83,8.73,1.151,0.7950934767723083,0.0,0.031084954738616943,1.0,1.0,7.4,0.641,True,True,False
0.2054152488708496,stand_pre,0.2054152488708496,0.0,0.0,0.0,0.1265363707695889,0.17235126363444003,0.15489797111449674,-2.36,-2.42,7.58,1.458,0.8093320727348328,0.0,0.033108312636613846,1.0,1.0,7.4,0.35800000000000004,True,True,False
0.22582077980041504,stand_pre,0.22582077980041504,0.0,0.0,0.0,0.28688849579656794,0.02945243112740431,0.35124751196385884,-1.3,-2.9,9.23,1.304,0.7787866592407227,0.0,0.05120416168938391,1.0,1.0,7.4,0.35800000000000004,True,True,False
0.24621009826660156,stand_pre,0.24621009826660156,0.0,0.0,0.0,0.4799655442984406,0.2203478180642841,0.35452000431134817,0.45,-1.6600000000000001,7.99,0.767,0.7325131893157959,0.0,0.02831365171005018,1.0,1.0,7.4,0.35800000000000004,True,True,False
0.26657962799072266,stand_pre,0.26657962799072266,0.0,0.0,0.0,0.3916082509162277,-0.04145156973486533,0.18762289458939044,0.45,-1.6600000000000001,7.99,0.307,0.7420477867126465,0.0,0.016176320146769285,1.0,1.0,7.4,0.35800000000000004,True,True,False
0.28696179389953613,stand_pre,0.28696179389953613,0.0,0.0,0.0,0.2454369260617026,0.2552544031041707,-0.16253378659197193,0.45,-1.6600000000000001,7.99,0.6899999999999998,0.7055727243423462,0.0,0.012233622372150421,1.0,1.0,7.4,0.35800000000000004,True,True,False
0.30733823776245117,stand_pre,0.30733823776245117,0.0,0.0,0.0,0.2301652951067522,0.13526301702956053,-0.4461497900410505,0.45,-1.6600000000000001,7.99,0.9210000000000002,0.7688888907432556,0.0,0.011276330798864365,1.0,1.0,7.4,0.35800000000000004,True,True,False
0.3277463912963867,stand_pre,0.3277463912963867,0.0,0.0,0.0,0.14944381720201447,0.20398535632683726,-0.6566801310628665,0.45,-1.6600000000000001,7.99,0.844,0.7934762239456177,0.0,0.013249095994979143,1.0,1.0,7.4,0.35800000000000004,True,True,False
0.34812402725219727,stand_pre,0.34812402725219727,0.0,0.0,0.0,0.013089969389957472,0.23561944901923448,-0.6305001922829515,-0.25,1.3900000000000001,8.45,0.9210000000000002,0.7633923292160034,0.0,0.014665629714727402,1.0,1.0,7.4,0.35800000000000004,True,True,False
0.3685007095336914,stand_pre,0.3685007095336914,0.0,0.0,0.0,-0.1189005552921137,0.2999784651865254,-0.5934119456780721,-0.36,1.29,7.41,0.46,0.7322184443473816,0.0,0.013439204543828964,1.0,1.0,7.4,0.35800000000000004,True,True,False
0.3888683319091797,stand_pre,0.3888683319091797,0.0,0.0,0.0,-0.0818123086872342,0.21925698728178766,-0.2923426497090502,-0.89,0.8,9.22,0.46,0.6879435181617737,0.0,0.02674887143075466,1.0,1.0,7.4,0.35800000000000004,True,True,False
0.4092371463775635,stand_pre,0.4092371463775635,0.0,0.0,0.0,-0.14508049407202864,0.34033920413889424,-0.003272492347489368,-0.72,0.28,8.370000000000001,0.23,0.686162531375885,0.0,0.04500689823180437,1.0,1.0,7.4,0.402,True,True,False
0.429624080657959,stand_pre,0.429624080657959,0.0,0.0,0.0,-0.26616271092913524,0.4723297288209654,0.08726646259971647,-1.1400000000000001,-0.07,7.63,0.384,0.8111586570739746,0.0,0.02963833138346672,1.0,1.0,7.4,0.402,True,True,False
0.4499979019165039,stand_pre,0.4499979019165039,0.0,0.0,0.0,-0.2181661564992912,0.27598018797160334,0.2628902185816459,-1.1400000000000001,-0.07,7.63,0.6899999999999998,0.803508996963501,0.0,0.019852722296491265,1.0,1.0,7.4,0.402,True,True,False
0.470503568649292,stand_pre,0.470503568649292,0.0,0.0,0.0,-0.2596177262341565,0.27379852640661045,0.29670597283903605,-1.0,-0.91,8.86,0.9210000000000002,0.8140095472335815,0.0,0.02218119241297245,1.0,1.0,7.4,0.402,True,True,False
0.49089622497558594,stand_pre,0.49089622497558594,0.0,0.0,0.0,-0.38724492778624187,0.14726215563702155,0.16798794050445423,-1.59,-0.92,7.54,0.9210000000000002,0.8252332210540771,0.0,0.03251416049897671,1.0,1.0,7.4,0.402,True,True,False
0.5112991333007812,stand_pre,0.5112991333007812,0.0,0.0,0.0,-0.4461497900410505,0.1090830782496456,0.10690141668465268,-1.79,-1.03,7.640000000000001,0.614,0.8157727718353271,0.0,0.04184094816446304,1.0,1.0,7.4,0.402,True,True,False
0.5316786766052246,stand_pre,0.5316786766052246,0.0,0.0,0.0,-0.4243331743911214,0.03381575425739013,0.10799224746714914,-1.62,-1.09,9.65,0.46,0.8065258264541626,0.0,0.027849206468090415,1.0,1.0,7.4,0.402,True,True,False
0.5520603656768799,stand_pre,0.5520603656768799,0.0,0.0,0.0,-0.34033920413889424,-0.05672320068981571,0.15162547876700738,-1.62,-1.09,9.65,0.537,0.7618481516838074,0.0,0.02259324723854661,1.0,1.0,7.4,0.402,True,True,False
0.5725188255310059,stand_pre,0.5725188255310059,0.0,0.0,0.0,-0.3097959422289935,-0.25089107997418486,0.28034351110158917,-1.62,-1.09,9.65,0.537,0.7417029738426208,0.0,0.017485952470451593,1.0,1.0,7.4,0.402,True,True,False
0.5928850173950195,stand_pre,0.5928850173950195,0.0,0.0,0.0,-0.23125612588924865,-0.4243331743911214,0.2083486794568231,-1.62,-1.09,9.65,0.6899999999999998,0.7591010332107544,0.0,0.013756186701357365,1.0,1.0,7.4,0.402,True,True,False
0.6132655143737793,stand_pre,0.6132655143737793,0.0,0.0,0.0,-0.08072147790473774,-0.5115996369908379,0.15707963267948966,-1.62,-1.09,9.65,0.6899999999999998,0.7640271782875061,0.0,0.01001453772187233,1.0,1.0,7.4,0.169,True,True,False
0.6336269378662109,stand_pre,0.6336269378662109,0.0,0.0,0.0,0.055632369907319255,-0.5355979142057599,0.3196134192714616,0.55,1.05,9.21,0.537,0.762887179851532,0.0,0.015500005334615707,1.0,1.0,7.4,0.169,True,True,False
0.6540155410766602,stand_pre,0.6540155410766602,0.0,0.0,0.0,0.20289452554434081,-0.3937899124812206,-0.27598018797160334,-0.16,0.46,9.0,0.46,0.7190516591072083,0.0,0.040165193378925323,1.0,1.0,7.4,0.169,True,True,False
0.6744093894958496,stand_pre,0.6744093894958496,0.0,0.0,0.0,0.16689710972195776,-0.20289452554434081,-0.40578905108868163,-0.62,0.15,8.81,0.307,0.7634696960449219,0.0,0.04481646791100502,1.0,1.0,7.4,0.169,True,True,False
0.6947760581970215,stand_pre,0.6947760581970215,0.0,0.0,0.0,0.017453292519943295,-0.16471544815696484,-0.4341506514335895,-0.9,-0.9,8.63,0.307,0.8365867137908936,0.0,0.03574630618095398,1.0,1.0,7.4,0.169,True,True,False
0.7151365280151367,stand_pre,0.7151365280151367,0.0,0.0,0.0,-0.02399827721492203,-0.08508480103472356,-0.3741549583962844,-0.9,-0.9,8.63,0.614,0.873009443283081,0.0,0.02173505211248994,1.0,1.0,7.4,0.169,True,True,False
0.73553466796875,stand_pre,0.73553466796875,0.0,0.0,0.0,0.06326818538479445,-0.07853981633974483,-0.1439896632895322,1.22,-2.65,8.85,1.151,0.8729377388954163,0.0,0.007870323956012726,1.0,1.0,7.4,0.169,True,True,False
0.7559163570404053,stand_pre,0.7559163570404053,0.0,0.0,0.0,0.19962203319685143,-0.16689710972195776,0.17235126363444003,0.23,-2.57,7.7,1.381,0.7974207401275635,0.0,0.038616858422756195,1.0,1.0,7.4,0.169,True,True,False
0.7763652801513672,stand_pre,0.7763652801513672,0.0,0.0,0.0,0.272707695624114,-0.2716168648416175,0.2923426497090502,0.22,-2.75,9.01,1.151,0.7958123683929443,0.0,0.052238544914871454,1.0,1.0,7.4,0.169,True,True,False
0.7967503070831299,stand_pre,0.7967503070831299,0.0,0.0,0.0,0.5323254218582705,-0.24216443371421323,0.6392268385429232,-0.33,-2.83,8.72,0.6899999999999998,0.7855238914489746,0.0,0.029875037726014853,1.0,1.0,7.4,0.169,True,True,False
0.8171207904815674,stand_pre,0.8171207904815674,0.0,0.0,0.0,0.49632800603588745,-0.23889194136672387,0.5508695451607103,-0.33,-2.83,8.72,0.384,0.7878391146659851,0.0,0.014061315217986703,1.0,1.0,7.3,0.72,True,True,False
0.837501049041748,stand_pre,0.837501049041748,0.0,0.0,0.0,0.25743606466916363,0.038179077387375956,0.11671889372712078,-0.33,-2.83,8.72,0.6899999999999998,0.7250173687934875,0.0,0.01159437745809555,1.0,1.0,7.3,0.72,True,True,False
0.8578805923461914,stand_pre,0.8578805923461914,0.0,0.0,0.0,0.13526301702956053,0.09272061651219876,-0.21162117180431245,-0.33,-2.83,8.72,0.9970000000000001,0.7434670925140381,0.0,0.012700634077191353,1.0,1.0,7.3,0.72,True,True,False
0.8782556056976318,stand_pre,0.8782556056976318,0.0,0.0,0.0,0.08617563181722002,0.07853981633974483,-0.4145156973486533,-0.33,-2.83,8.72,1.074,0.7826802730560303,0.0,0.010689802933484316,1.0,1.0,7.3,0.72,True,True,False
0.8986790180206299,stand_pre,0.8986790180206299,0.0,0.0,0.0,0.03599741582238305,0.19525871006686563,-0.6904958853202566,0.18,2.63,8.88,0.9970000000000001,0.7776010036468506,0.0,0.02095797285437584,1.0,1.0,7.3,0.72,True,True,False
0.9191491603851318,stand_pre,0.9191491603851318,0.0,0.0,0.0,-0.11671889372712078,0.18544123302439752,-0.7515824091400581,-0.2,0.1,7.47,0.6899999999999998,0.7733853459358215,0.0,0.012982912361621857,1.0,1.0,7.3,0.72,True,True,False
0.9396321773529053,stand_pre,0.9396321773529053,0.0,0.0,0.0,-0.1308996938995747,0.12980886311707826,-0.46687557490848314,-0.29,0.96,9.3,0.537,0.6478979587554932,0.0,0.040172467939555645,1.0,1.0,7.3,0.72,True,True,False
0.960120439529419,stand_pre,0.960120439529419,0.0,0.0,0.0,-0.2476185876266955,0.35452000431134817,-0.1559888018969932,-0.48,-0.65,8.3,0.307,0.7358783483505249,0.0,0.03718173224478959,1.0,1.0,7.3,0.72,True,True,False
0.9805846214294434,stand_pre,0.9805846214294434,0.0,0.0,0.0,-0.3327033886614191,0.4439681284760576,0.10362892433716332,-0.85,-1.56,8.08,0.46,0.8298555016517639,0.0,0.03289868775755167,1.0,1.0,7.3,0.72,True,True,False
1.0009617805480957,stand_pre,1.0009617805480957,0.0,0.0,0.0,-0.26725354171163174,0.28034351110158917,0.4657847441259867,-0.17,-1.54,9.08,0.767,0.844572901725769,0.0,0.028101634234189987,1.0,1.0,7.3,0.72,True,True,False
1.0214502811431885,stand_pre,1.0214502811431885,0.0,0.0,0.0,-0.29561514205653955,0.07744898555724837,0.6305001922829515,-0.56,-1.82,8.56,0.9970000000000001,0.8872449994087219,0.0,0.030756644904613495,1.0,1.0,7.4,0.29700000000000004,True,True,False
1.0424003601074219,stand_pre,1.0424003601074219,0.0,0.0,0.0,-0.3948807432637171,-0.037088246604879506,0.6468626540203984,-1.41,-1.41,7.74,0.9210000000000002,0.85236656665802,0.0,0.03374627325683832,1.0,1.0,7.4,0.29700000000000004,True,True,False
1.0627782344818115,stand_pre,1.0627782344818115,0.0,0.0,0.0,-0.5181446216858165,-0.018544123302439753,0.43196898986859655,-1.7,-0.59,9.06,0.767,0.823825478553772,0.0,0.041443693451583385,1.0,1.0,7.4,0.29700000000000004,True,True,False
1.0831928253173828,stand_pre,1.0831928253173828,0.0,0.0,0.0,-0.49632800603588745,0.11562806294462433,0.16798794050445423,-1.7,-0.59,9.06,0.537,0.8100062012672424,0.0,0.025226179510354996,1.0,1.0,7.4,0.29700000000000004,True,True,False
1.1036291122436523,stand_pre,1.1036291122436523,0.0,0.0,0.0,-0.3043417883165112,0.008726646259971648,0.1908953869368798,-1.7,-0.59,9.06,0.6899999999999998,0.7499685883522034,0.0,0.024472105083987117,1.0,1.0,7.4,0.29700000000000004,True,True,False
1.1240861415863037,stand_pre,1.1240861415863037,0.0,0.0,0.0,-0.001090830782496456,-0.28361600344907856,0.020725784867432664,-1.7,-0.59,9.06,0.767,0.7519069910049438,0.0,0.02218893845565617,1.0,1.0,7.4,0.29700000000000004,True,True,False
1.1444644927978516,stand_pre,1.1444644927978516,0.0,0.0,0.0,0.1832595714594046,-0.41996985126113556,-0.11780972450961724,-1.7,-0.59,9.06,0.6899999999999998,0.7772292494773865,0.0,0.00829305499792099,1.0,1.0,7.4,0.29700000000000004,True,True,False
1.1648423671722412,stand_pre,1.1648423671722412,0.0,0.0,0.0,0.19634954084936207,-0.16798794050445423,-0.3021601267515183,-1.1300000000000001,0.22,8.620000000000001,0.537,0.7274917364120483,0.0,0.014937139581888914,1.0,1.0,7.4,0.29700000000000004,True,True,False
1.1852374076843262,stand_pre,1.1852374076843262,0.0,0.0,0.0,0.25089107997418486,-0.07090400086226964,-0.4919646829059016,0.18,0.7000000000000001,8.540000000000001,0.46,0.6440680027008057,0.0,0.02005748450756073,1.0,1.0,7.4,0.29700000000000004,True,True,False
1.20560884475708,stand_pre,1.20560884475708,0.0,0.0,0.0,0.3687008044838021,-0.19962203319685143,-0.43196898986859655,1.01,-0.04,9.17,0.384,0.6709485650062561,0.0,0.03978124726563692,1.0,1.0,7.4,0.29700000000000004,True,True,False
1.2259762287139893,stand_pre,1.2259762287139893,0.0,0.0,0.0,0.210530341021816,0.04036073895236887,-0.3763366199612773,0.33,-0.04,8.51,0.307,0.7986032962799072,0.0,0.046596202068030834,1.0,1.0,7.4,0.31600000000000006,True,True,False
1.246354103088379,stand_pre,1.246354103088379,0.0,0.0,0.0,0.10253809355466686,0.05890486225480862,-0.2007128639793479,-0.19,-0.52,9.63,0.537,0.8778185844421387,0.0,0.03245445713400841,1.0,1.0,7.4,0.31600000000000006,True,True,False
1.2667229175567627,stand_pre,1.2667229175567627,0.0,0.0,0.0,0.08290313946973066,-0.002181661564992912,0.284706834231575,-0.17,-1.04,8.72,1.074,0.8603132963180542,0.0,0.02841312810778618,1.0,1.0,7.4,0.31600000000000006,True,True,False
1.2871999740600586,stand_pre,1.2871999740600586,0.0,0.0,0.0,0.026179938779914945,-0.10035643198967395,0.48978302134090873,-0.03,-1.6500000000000001,8.67,1.227,0.8417036533355713,0.0,0.01931753195822239,1.0,1.0,7.4,0.31600000000000006,True,True,False
1.3075757026672363,stand_pre,1.3075757026672363,0.0,0.0,0.0,0.09490227807719166,-0.1712604328519436,0.6697701004528239,-0.05,-1.75,8.55,1.227,0.7950106859207153,0.0,0.03563481196761131,1.0,1.0,7.4,0.31600000000000006,True,True,False
1.3280518054962158,stand_pre,1.3280518054962158,0.0,0.0,0.0,0.2716168648416175,-0.34579335805137656,0.6217735460229799,0.59,-1.8,8.81,0.9970000000000001,0.7715064287185669,0.0,0.05193145095836371,1.0,1.0,7.4,0.31600000000000006,True,True,False
1.348489761352539,stand_pre,1.348489761352539,0.0,0.0,0.0,0.3567016658763411,-0.13962634015954636,0.3752457891787809,-0.28,-1.56,9.41,0.537,0.7553291916847229,0.0,0.027166265179403126,1.0,1.0,7.4,0.31600000000000006,True,True,False
1.3688769340515137,stand_pre,1.3688769340515137,0.0,0.0,0.0,0.3883357585687383,-0.030543261909900768,0.05781403147231216,-0.28,-1.56,9.41,0.614,0.7433691620826721,0.0,0.017867907183244824,1.0,1.0,7.4,0.31600000000000006,True,True,False
1.3892567157745361,stand_pre,1.3892567157745361,0.0,0.0,0.0,0.3327033886614191,0.20289452554434081,-0.48105637508093707,-0.28,-1.56,9.41,0.9210000000000002,0.737540602684021,0.0,0.018253982067108154,1.0,1.0,7.4,0.31600000000000006,True,True,False
1.4096317291259766,stand_pre,1.4096317291259766,0.0,0.0,0.0,0.1407171709420428,0.20943951023931956,-0.7864889941799448,-0.28,-1.56,9.41,0.9970000000000001,0.7738611698150635,0.0,0.014720547944307327,1.0,1.0,7.4,0.31600000000000006,True,True,False
1.4301187992095947,stand_pre,1.4301187992095947,0.0,0.0,0.0,0.11126473981463851,0.02945243112740431,-0.581412807070611,-0.28,-1.56,9.41,0.9210000000000002,0.721871554851532,0.0,0.009465547744184732,1.0,1.0,7.4,0.198,True,True,False
1.450486660003662,stand_pre,1.450486660003662,0.0,0.0,0.0,0.038179077387375956,0.2519819107566813,-0.5017821599483697,0.74,2.12,8.13,0.9210000000000002,0.6952919363975525,0.0,0.02556988038122654,1.0,1.0,7.4,0.198,True,True,False
1.4708614349365234,stand_pre,1.4708614349365234,0.0,0.0,0.0,-0.038179077387375956,0.11671889372712078,-0.42542400517361784,-1.08,-0.01,7.67,0.767,0.6839106678962708,0.0,0.026071451604366302,1.0,1.0,7.4,0.198,True,True,False
1.4912304878234863,stand_pre,1.4912304878234863,0.0,0.0,0.0,-0.08508480103472356,0.1559888018969932,-0.05890486225480862,-0.77,0.88,9.32,0.307,0.5390437841415405,0.0,0.051047473680227995,1.0,1.0,7.4,0.198,True,True,False
1.5116310119628906,stand_pre,1.5116310119628906,0.0,0.0,0.0,-0.20180369476184434,0.3370667117914049,0.20616701789183017,-0.51,-0.18,7.69,0.384,0.7335102558135986,0.0,0.033751812763512135,1.0,1.0,7.4,0.198,True,True,False
1.532085657119751,stand_pre,1.532085657119751,0.0,0.0,0.0,-0.3021601267515183,0.30543261909900765,0.32179508083645453,-1.24,0.06,8.18,0.46,0.8265995383262634,0.0,0.02545229345560074,1.0,1.0,7.4,0.198,True,True,False
1.55253005027771,stand_pre,1.55253005027771,0.0,0.0,0.0,-0.3425208657038872,0.385063266221249,0.40578905108868163,-1.24,0.06,8.18,0.844,0.8182412385940552,0.0,0.023416422307491302,1.0,1.0,7.4,0.198,True,True,False
1.5729401111602783,stand_pre,1.5729401111602783,0.0,0.0,0.0,-0.41233403578366035,0.34579335805137656,0.48651052899341934,0.15,-1.0,7.61,1.151,0.8964481949806213,0.0,0.017004001885652542,1.0,1.0,7.4,0.198,True,True,False
1.593320608139038,stand_pre,1.593320608139038,0.0,0.0,0.0,-0.5530512067257032,0.022907446432425576,0.2945243112740431,-0.67,-1.0,7.33,0.9210000000000002,0.8207350373268127,0.0,0.03809436038136482,1.0,1.0,7.4,0.198,True,True,False
1.6136887073516846,stand_pre,1.6136887073516846,0.0,0.0,0.0,-0.5628686837681712,0.05672320068981571,0.20616701789183017,-1.6400000000000001,-0.68,8.120000000000001,0.614,0.8258070945739746,0.0,0.032611509785056114,1.0,1.0,7.4,0.198,True,True,False
1.6340675354003906,stand_pre,1.6340675354003906,0.0,0.0,0.0,-0.507236313860852,0.09272061651219876,0.06872233929727672,-1.6400000000000001,-0.68,8.120000000000001,0.46,0.8112015128135681,0.0,0.0204010927118361,1.0,1.0,7.2,0.8850000000000001,True,True,False
1.6544389724731445,stand_pre,1.6544389724731445,0.0,0.0,0.0,-0.2999784651865254,-0.06654067773228381,0.0818123086872342,-1.6400000000000001,-0.68,8.120000000000001,0.46,0.7731515169143677,0.0,0.02801579376682639,1.0,1.0,7.2,0.8850000000000001,True,True,False
1.6748170852661133,stand_pre,1.6748170852661133,0.0,0.0,0.0,-0.06763150851478027,-0.27598018797160334,0.04363323129985824,-1.22,-1.1,8.14,0.537,0.7673293352127075,0.0,0.015275478828698397,1.0,1.0,7.2,0.8850000000000001,True,True,False
1.6951837539672852,stand_pre,1.6951837539672852,0.0,0.0,0.0,0.16689710972195776,-0.3981532356112064,0.016362461737446838,-1.22,-1.1,8.14,0.6899999999999998,0.7774949669837952,0.0,0.010080991312861443,1.0,1.0,7.2,0.8850000000000001,True,True,False
1.7155790328979492,stand_pre,1.7155790328979492,0.0,0.0,0.0,0.19416787928436915,-0.22362031041177347,-0.15489797111449674,-1.22,-1.1,8.14,0.537,0.7408034801483154,0.0,0.014189054258167744,1.0,1.0,7.2,0.8850000000000001,True,True,False
1.7360203266143799,stand_pre,1.7360203266143799,0.0,0.0,0.0,0.2912518189265537,-0.16144295580947549,-0.34143003492139073,-0.19,0.79,7.51,0.537,0.682295560836792,0.0,0.016434114426374435,1.0,1.0,7.2,0.8850000000000001,True,True,False
1.7565727233886719,stand_pre,1.7565727233886719,0.0,0.0,0.0,0.32615840396644036,-0.07744898555724837,-0.38942658935123475,0.53,0.46,9.48,0.384,0.6834257245063782,0.0,0.031124518951401114,1.0,1.0,7.2,0.8850000000000001,True,True,False
1.7769439220428467,stand_pre,1.7769439220428467,0.0,0.0,0.0,0.23561944901923448,0.014180800172453928,-0.37306412761378793,0.22,0.09,8.4,0.23,0.7750535607337952,0.0,0.04957588040269911,1.0,1.0,7.2,0.8850000000000001,True,True,False
1.7973222732543945,stand_pre,1.7973222732543945,0.0,0.0,0.0,0.08290313946973066,-0.028361600344907856,-0.16580627893946132,0.0,-0.37,9.07,0.307,0.8758268356323242,0.0,0.038515783846378326,1.0,1.0,7.2,0.8850000000000001,True,True,False
1.8176963329315186,stand_pre,1.8176963329315186,0.0,0.0,0.0,0.08726646259971647,0.016362461737446838,0.09599310885968812,-0.72,-0.97,9.53,0.6899999999999998,0.8645995855331421,0.0,0.02257468248717487,1.0,1.0,7.2,0.8850000000000001,True,True,False
1.8380646705627441,stand_pre,1.8380646705627441,0.0,0.0,0.0,0.028361600344907856,-0.06435901616729091,0.33161255787892263,-0.18,-1.6300000000000001,8.58,1.151,0.8511495590209961,0.0,0.021285634487867355,1.0,1.0,7.4,0.226,True,True,False
1.8584353923797607,stand_pre,1.8584353923797607,0.0,0.0,0.0,0.12871803233458182,-0.136353847812057,0.47778388273344774,0.1,-1.85,7.71,1.304,0.8089163303375244,0.0,0.04143977165222168,1.0,1.0,7.4,0.226,True,True,False
1.878830909729004,stand_pre,1.878830909729004,0.0,0.0,0.0,0.26616271092913524,-0.24107360293171676,0.5214171140333059,0.36,-2.48,8.91,0.9970000000000001,0.7696318626403809,0.0,0.053405897691845894,1.0,1.0,7.4,0.226,True,True,False
1.8992531299591064,stand_pre,1.8992531299591064,0.0,0.0,0.0,0.4243331743911214,-0.21925698728178766,0.46142142099600086,0.36,-2.48,8.91,0.46,0.7754812240600586,0.0,0.024181244894862175,1.0,1.0,7.4,0.226,True,True,False
1.919632911682129,stand_pre,1.919632911682129,0.0,0.0,0.0,0.4559672670835186,-0.11126473981463851,0.25416357232167425,0.36,-2.48,8.91,0.384,0.7664348483085632,0.0,0.015957259514834732,1.0,1.0,7.4,0.226,True,True,False
1.9399960041046143,stand_pre,1.9399960041046143,0.0,0.0,0.0,0.3239767424014474,0.14835298641951802,-0.3490658503988659,0.36,-2.48,8.91,0.844,0.7445288896560669,0.0,0.015779532492160797,1.0,1.0,7.4,0.226,True,True,False
1.960470199584961,stand_pre,1.960470199584961,0.0,0.0,0.0,0.09272061651219876,0.16580627893946132,-0.6664976081053346,0.36,-2.48,8.91,0.9970000000000001,0.7998298406600952,0.0,0.013631392270326614,1.0,1.0,7.4,0.226,True,True,False
1.980844497680664,stand_pre,1.980844497680664,0.0,0.0,0.0,0.09053895494720585,-0.001090830782496456,-0.49960049838337683,0.36,-2.48,8.91,0.9970000000000001,0.7629960775375366,0.0,0.008670646697282791,1.0,1.0,7.4,0.226,True,True,False
2.0012826919555664,forward_005,0.0012826919555664062,0.05,0.0,0.0,0.030543261909900768,0.2694352032766246,-0.5366887449882564,0.29,2.58,8.65,0.844,0.7110565304756165,0.0,0.012662410736083984,1.0,1.0,7.4,0.226,True,True,False
2.021665334701538,forward_005,0.021665334701538086,0.05,0.0,0.0,-0.08726646259971647,0.17889624832941878,-0.49960049838337683,-0.84,0.0,7.42,0.614,0.7111477255821228,0.0,0.018676992505788803,1.0,1.0,7.4,0.226,True,True,False
2.0421392917633057,forward_005,0.042139291763305664,0.05,0.0,0.0,-0.07417649320975901,0.11999138607461016,-0.13962634015954636,0.85,1.32,9.68,0.46,0.6857475638389587,0.0,0.024429330602288246,1.0,1.0,7.4,0.21200000000000002,True,True,False
2.0630691051483154,forward_005,0.06306910514831543,0.05,0.0,0.0,-0.19744037163185854,0.3741549583962844,0.08399397025222712,-0.35000000000000003,-0.27,7.99,0.384,0.8492888808250427,0.0,0.029861103743314743,1.0,1.0,7.4,0.21200000000000002,True,True,False
2.083448648452759,forward_005,0.08344864845275879,0.05,0.0,0.0,-0.30870511144649704,0.42215151282612845,0.31852258848896514,-0.84,-0.39,9.26,0.46,0.8794575929641724,0.0,0.03899725619703531,1.0,1.0,7.4,0.21200000000000002,True,True,False
2.1038365364074707,forward_005,0.1038365364074707,0.05,0.0,0.0,-0.33488505022641196,0.4232423436086249,0.3959715740462135,-0.72,-0.41000000000000003,8.77,0.6899999999999998,0.8522933721542358,0.0,0.029964613495394588,1.0,1.0,7.4,0.21200000000000002,True,True,False
2.1242992877960205,forward_005,0.12429928779602051,0.05,0.0,0.0,-0.3763366199612773,0.2683443724941282,0.34797501961636945,-0.28,-0.73,9.19,0.767,0.775052547454834,0.0,0.030439957976341248,1.0,1.0,7.4,0.21200000000000002,True,True,False
2.1446690559387207,forward_005,0.1446690559387207,0.05,0.0,0.0,-0.45160394395353276,0.11017390903214205,0.13744467859455345,-1.23,-1.07,7.46,0.844,0.769690990447998,0.0,0.032592058181762695,1.0,1.0,7.4,0.21200000000000002,True,True,False
2.1651358604431152,forward_005,0.16513586044311523,0.05,0.0,0.0,-0.4756022211684548,-0.039269908169872414,0.06654067773228381,-2.09,-1.32,9.1,0.6899999999999998,0.8061955571174622,0.0,0.04452969413250685,1.0,1.0,7.4,0.21200000000000002,True,True,False
2.1855082511901855,forward_005,0.18550825119018555,0.05,0.0,0.0,-0.3436116964863836,-0.04799655442984406,-0.02181661564992912,-1.25,-1.5,8.63,0.384,0.7991998195648193,0.0,0.020945530384778976,1.0,1.0,7.4,0.21200000000000002,True,True,False
2.2058932781219482,forward_005,0.20589327812194824,0.05,0.0,0.0,-0.17016960206944712,-0.26398104936414235,0.10581058590215622,-0.47000000000000003,-1.12,9.78,0.384,0.7654887437820435,0.0,0.017542263492941856,1.0,1.0,7.4,0.21200000000000002,True,True,False
2.2264785766601562,forward_005,0.22647857666015625,0.05,0.0,0.0,-0.15707963267948966,-0.2825251726665821,0.1090830782496456,-0.47000000000000003,-1.12,9.78,0.6899999999999998,0.751354992389679,0.0,0.010644068126566708,1.0,1.0,7.4,0.21200000000000002,True,True,False
2.24686336517334,forward_005,0.24686336517333984,0.05,0.0,0.0,-0.018544123302439753,-0.4177881896961426,0.1090830782496456,-0.47000000000000003,-1.12,9.78,0.614,0.774832010269165,0.0,0.009920261800289154,1.0,1.0,7.4,0.20500000000000002,True,True,False
2.267256498336792,forward_005,0.267256498336792,0.05,0.0,0.0,0.10362892433716332,-0.4079707126536745,0.15926129424448257,-0.47000000000000003,-1.12,9.78,0.614,0.7778267860412598,0.0,0.010314419865608215,1.0,1.0,7.4,0.20500000000000002,True,True,False
2.2876436710357666,forward_005,0.2876436710357666,0.05,0.0,0.0,0.18871372537188688,-0.28361600344907856,-0.04254240051736178,-0.47000000000000003,-1.12,9.78,0.46,0.7384741306304932,0.0,0.030000027269124985,1.0,1.0,7.4,0.20500000000000002,True,True,False
2.308161497116089,forward_005,0.30816149711608887,0.05,0.0,0.0,0.19416787928436915,0.00545415391248228,-0.18980455615438332,-0.81,-0.5,7.16,0.384,0.6908187866210938,0.0,0.02456752210855484,1.0,1.0,7.4,0.20500000000000002,True,True,False
2.328599691390991,forward_005,0.3285996913909912,0.05,0.0,0.0,0.2007128639793479,-0.10581058590215622,-0.1734420944169365,0.16,-0.54,9.32,0.23,0.7997707724571228,0.0,0.05691480729728937,1.0,1.0,7.4,0.20500000000000002,True,True,False
2.3490283489227295,forward_005,0.3490283489227295,0.05,0.0,0.0,0.12980886311707826,-0.07635815477475191,-0.22143864884678055,0.11,-1.1,9.13,0.384,0.840326726436615,0.0,0.05954703502357006,1.0,1.0,7.4,0.20500000000000002,True,True,False
2.3695991039276123,forward_005,0.3695991039276123,0.05,0.0,0.0,0.06872233929727672,-0.05345070834232634,-0.031634092692397225,0.76,-1.93,9.5,0.6899999999999998,0.7773286700248718,0.0,0.021510270424187183,1.0,1.0,7.4,0.20500000000000002,True,True,False
2.390092611312866,forward_005,0.3900926113128662,0.05,0.0,0.0,0.07308566242726255,0.06217735460229799,0.28361600344907856,-0.2,-2.0,8.31,0.9970000000000001,0.7810637950897217,0.0,0.03345913300290704,1.0,1.0,7.4,0.20500000000000002,True,True,False
2.41048002243042,forward_005,0.4104800224304199,0.05,0.0,0.0,0.210530341021816,-0.1559888018969932,0.6926775468852495,-0.1,-2.79,9.21,1.151,0.7730370163917542,0.0,0.026552704628556967,1.0,1.0,7.4,0.20500000000000002,True,True,False
2.4310336112976074,forward_005,0.4310336112976074,0.05,0.0,0.0,0.37960911230876665,0.013089969389957472,1.0210176124166828,-0.11,-1.55,9.24,1.074,0.6872196793556213,0.0,0.05654744524508715,1.0,1.0,7.4,0.20500000000000002,True,True,False
2.4514036178588867,forward_005,0.4514036178588867,0.05,0.0,0.0,0.3817907738737596,-0.11126473981463851,0.6534076387153771,0.05,-0.78,9.06,0.614,0.662991464138031,0.0,0.0307351341471076,1.0,1.0,7.3,0.7080000000000001,True,True,False
2.4717724323272705,forward_005,0.4717724323272705,0.05,0.0,0.0,0.5094179754258449,-0.003272492347489368,0.29670597283903605,0.05,-0.78,9.06,0.614,0.7040574550628662,0.0,0.021731367334723473,1.0,1.0,7.3,0.7080000000000001,True,True,False
2.4923229217529297,forward_005,0.4923229217529297,0.05,0.0,0.0,0.4134248665661568,0.2519819107566813,-0.4788747135159442,0.05,-0.78,9.06,0.844,0.7595074772834778,0.0,0.029687516391277313,1.0,1.0,7.3,0.7080000000000001,True,True,False
2.5127010345458984,forward_005,0.5127010345458984,0.05,0.0,0.0,0.2977968036215325,0.2301652951067522,-1.1453723216212788,0.05,-0.78,9.06,0.9970000000000001,0.7866960763931274,0.0,0.015445316210389137,1.0,1.0,7.3,0.7080000000000001,True,True,False
2.5330758094787598,forward_005,0.5330758094787598,0.05,0.0,0.0,0.14726215563702155,0.19853120241435498,-1.2784536770858463,-0.15,1.1,9.76,1.074,0.7410488724708557,0.0,0.012749165296554565,1.0,1.0,7.3,0.7080000000000001,True,True,False
2.5534486770629883,forward_005,0.5534486770629883,0.05,0.0,0.0,0.07090400086226964,0.2378011105842274,-1.0853766285839737,0.68,0.88,9.08,0.844,0.6533868908882141,0.0,0.01887052319943905,1.0,1.0,7.3,0.7080000000000001,True,True,False
2.5738139152526855,forward_005,0.5738139152526855,0.05,0.0,0.0,0.032724923474893676,0.35015668118136234,-0.7788531787024695,-0.2,-0.14,7.49,0.614,0.6428933143615723,0.0,0.029663655906915665,1.0,1.0,7.3,0.7080000000000001,True,True,False
2.5942063331604004,forward_005,0.5942063331604004,0.05,0.0,0.0,0.001090830782496456,0.18980455615438332,-0.20725784867432664,-0.2,-0.14,7.49,0.384,0.6286720633506775,0.0,0.020222864113748074,1.0,1.0,7.3,0.7080000000000001,True,True,False
2.614584445953369,forward_005,0.6145844459533691,0.05,0.0,0.0,-0.06217735460229799,0.4428772976935611,0.30870511144649704,-0.03,-0.79,8.290000000000001,0.307,0.5294731855392456,0.0,0.07505793869495392,1.0,1.0,7.3,0.7080000000000001,True,True,False
2.6351404190063477,forward_005,0.6351404190063477,0.05,0.0,0.0,-0.19634954084936207,0.2203478180642841,0.5301437602932776,-1.11,-0.13,7.67,0.6899999999999998,0.7293038368225098,0.0,0.06147947907447815,1.0,1.0,7.3,0.7080000000000001,True,True,False
2.655607223510742,forward_005,0.6556072235107422,0.05,0.0,0.0,-0.26616271092913524,0.3981532356112064,0.5301437602932776,-1.9100000000000001,0.58,9.15,0.9210000000000002,0.7345934510231018,0.0,0.02598660159856081,1.0,1.0,7.3,0.363,True,True,False
2.6759653091430664,forward_005,0.6759653091430664,0.05,0.0,0.0,-0.3436116964863836,0.34143003492139073,0.4385139745635753,-1.78,0.02,9.09,1.151,0.7052487134933472,0.0,0.03941313549876213,1.0,1.0,7.3,0.363,True,True,False
2.69642972946167,forward_005,0.6964297294616699,0.05,0.0,0.0,-0.5094179754258449,0.36979163526629855,0.025089107997418487,-1.77,0.75,6.09,1.151,0.6783608794212341,0.0,0.038751471089199185,1.0,1.0,7.3,0.363,True,True,False
2.7168033123016357,forward_005,0.7168033123016357,0.05,0.0,0.0,-0.6119560689805118,0.15707963267948966,-0.12435470920459599,-1.1,-0.09,8.02,0.767,0.7338365316390991,0.0,0.0535221453756094,1.0,1.0,7.3,0.363,True,True,False
2.7371816635131836,forward_005,0.7371816635131836,0.05,0.0,0.0,-0.5290529295107811,0.0916297857297023,0.003272492347489368,-1.1,-0.09,8.02,0.537,0.7376793026924133,0.0,0.01787543797399848,1.0,1.0,7.3,0.363,True,True,False
2.7576725482940674,forward_005,0.7576725482940674,0.05,0.0,0.0,-0.6032294227205401,-0.16907877128695067,0.0916297857297023,-1.1,-0.09,8.02,0.537,0.7316006422042847,0.0,0.022997315740212798,1.0,1.0,7.3,0.363,True,True,False
2.7780585289001465,forward_005,0.7780585289001465,0.05,0.0,0.0,-0.5497787143782138,-0.28579766501407144,0.13744467859455345,-1.6300000000000001,-1.97,8.67,0.614,0.737067699432373,0.0,0.01285307970829308,1.0,1.0,7.3,0.363,True,True,False
2.7984395027160645,forward_005,0.7984395027160645,0.05,0.0,0.0,-0.2923426497090502,-0.4276056667386107,0.4232423436086249,-1.6300000000000001,-1.97,8.67,0.6899999999999998,0.7270001173019409,0.0,0.010049551725387573,1.0,1.0,7.3,0.363,True,True,False
2.81882381439209,forward_005,0.8188238143920898,0.05,0.0,0.0,0.11671889372712078,-0.3959715740462135,0.33161255787892263,-1.6300000000000001,-1.97,8.67,0.614,0.7287876605987549,0.0,0.014633465558290482,1.0,1.0,7.3,0.363,True,True,False
2.839191436767578,forward_005,0.8391914367675781,0.05,0.0,0.0,0.1439896632895322,-0.4068798818711781,0.08835729338221293,0.77,-1.5,6.95,0.46,0.7449569702148438,0.0,0.016493625938892365,1.0,1.0,7.3,0.363,True,True,False
2.859555959701538,forward_005,0.8595559597015381,0.05,0.0,0.0,0.2901609881440573,-0.33161255787892263,-0.26070855701665296,-0.44,-0.88,7.49,0.307,0.7182404398918152,0.0,0.028445221483707428,1.0,1.0,7.4,0.394,True,True,False
2.8799238204956055,forward_005,0.8799238204956055,0.05,0.0,0.0,0.2825251726665821,-0.2716168648416175,-0.03381575425739013,-0.44,-0.88,7.49,0.153,0.7122489213943481,0.0,0.0347633924393449,1.0,1.0,7.4,0.394,True,True,False
2.9004769325256348,forward_005,0.9004769325256348,0.05,0.0,0.0,0.15162547876700738,-0.003272492347489368,-0.2519819107566813,-0.25,-0.74,7.72,0.537,0.7244397401809692,0.0,0.03441224992275238,1.0,1.0,7.4,0.394,True,True,False
2.9208426475524902,forward_005,0.9208426475524902,0.05,0.0,0.0,0.06435901616729091,-0.1538071403320003,-0.06763150851478027,-0.48,-1.57,9.18,0.9210000000000002,0.7795563340187073,0.0,0.027253570966422558,1.0,1.0,7.4,0.394,True,True,False
2.9413254261016846,forward_005,0.9413254261016846,0.05,0.0,0.0,0.12435470920459599,-0.09599310885968812,0.2716168648416175,0.66,-0.86,8.540000000000001,1.151,0.8105642199516296,0.0,0.015519916079938412,1.0,1.0,7.4,0.394,True,True,False
2.9616904258728027,forward_005,0.9616904258728027,0.05,0.0,0.0,0.22362031041177347,-0.1189005552921137,0.3981532356112064,0.9500000000000001,-0.78,8.370000000000001,1.304,0.7746157050132751,0.0,0.030412346124649048,1.0,1.0,7.4,0.394,True,True,False
2.9820799827575684,forward_005,0.9820799827575684,0.05,0.0,0.0,0.31525009614147576,-0.16689710972195776,0.4985096676008804,0.9500000000000001,-0.78,8.370000000000001,0.9970000000000001,0.7191017270088196,0.0,0.05639070924371481,1.0,1.0,7.4,0.394,True,True,False
3.0025620460510254,forward_005,1.0025620460510254,0.05,0.0,0.0,0.31525009614147576,0.04690572364734761,0.41015237421866746,-1.56,-0.1,9.68,0.537,0.6641876697540283,0.0,0.022789396345615387,1.0,1.0,7.4,0.394,True,True,False
3.022948980331421,forward_005,1.022948980331421,0.05,0.0,0.0,0.41996985126113556,0.011999138607461015,-0.14726215563702155,-0.7000000000000001,-0.07,8.81,0.537,0.7477642297744751,0.0,0.022290395572781563,1.0,1.0,7.4,0.394,True,True,False
3.043463706970215,forward_005,1.0434637069702148,0.05,0.0,0.0,0.47123889803846897,0.19525871006686563,-0.5301437602932776,-0.7000000000000001,-0.07,8.81,0.844,0.7626283168792725,0.0,0.014910861849784851,1.0,1.0,7.4,0.394,True,True,False
3.0638320446014404,forward_005,1.0638320446014404,0.05,0.0,0.0,0.2748893571891069,0.19962203319685143,-0.7264933011426397,-0.7000000000000001,-0.07,8.81,0.9210000000000002,0.7903366684913635,0.0,0.014413848519325256,1.0,1.0,7.3,0.466,True,True,False
3.084432601928711,forward_005,1.084432601928711,0.05,0.0,0.0,0.136353847812057,0.1308996938995747,-0.667588438887831,0.59,1.16,9.59,0.844,0.7448299527168274,0.0,0.026259753853082657,1.0,1.0,7.3,0.466,True,True,False
3.1048011779785156,forward_005,1.1048011779785156,0.05,0.0,0.0,0.17998707911191522,0.04254240051736178,-0.45487643630102215,-0.35000000000000003,0.75,8.36,0.767,0.6478106379508972,0.0,0.023725914768874645,1.0,1.0,7.3,0.466,True,True,False
3.125182867050171,forward_005,1.125182867050171,0.05,0.0,0.0,0.1538071403320003,0.04581489286485115,-0.2399827721492203,0.15,0.81,9.42,0.614,0.6321536898612976,0.0,0.024850763380527496,1.0,1.0,7.3,0.466,True,True,False
3.1455795764923096,forward_005,1.1455795764923096,0.05,0.0,0.0,-0.05345070834232634,0.22252947962927702,0.19525871006686563,-0.9,-0.35000000000000003,8.55,0.384,0.6840941309928894,0.0,0.026483431458473206,1.0,1.0,7.3,0.466,True,True,False
3.165961980819702,forward_005,1.1659619808197021,0.05,0.0,0.0,-0.17453292519943295,0.3937899124812206,0.3108867730114899,-1.28,0.89,8.82,0.23,0.6095135807991028,0.0,0.06796051375567913,1.0,1.0,7.3,0.466,True,True,False
3.1863319873809814,forward_005,1.1863319873809814,0.05,0.0,0.0,-0.29343348049154666,0.5312345910757741,0.20616701789183017,-1.84,0.62,7.73,0.46,0.6046984791755676,0.0,0.033803907223045826,1.0,1.0,7.3,0.466,True,True,False
3.2067058086395264,forward_005,1.2067058086395264,0.05,0.0,0.0,-0.28907015736156083,0.2825251726665821,0.11344640137963143,-0.5,0.05,8.68,0.6899999999999998,0.6512718200683594,0.0,0.026910124346613884,1.0,1.0,7.3,0.466,True,True,False
3.2271084785461426,forward_005,1.2271084785461426,0.05,0.0,0.0,-0.30325095753401476,0.23452861823673804,0.19962203319685143,-0.63,-0.42,9.01,1.074,0.6840546131134033,0.0,0.04810496745631099,1.0,1.0,7.3,0.466,True,True,False
3.2474820613861084,forward_005,1.2474820613861084,0.05,0.0,0.0,-0.3981532356112064,0.014180800172453928,0.1461713248545251,-1.94,-0.22,7.1000000000000005,0.9970000000000001,0.761502206325531,0.0,0.03331821970641613,1.0,1.0,7.3,0.466,True,True,False
3.2680108547210693,forward_005,1.2680108547210693,0.05,0.0,0.0,-0.557414529855689,-0.04254240051736178,-0.22143864884678055,-1.87,-0.86,8.19,0.6899999999999998,0.800280749797821,0.0,0.04233578220009804,1.0,1.0,7.3,0.5,True,True,False
3.288379669189453,forward_005,1.2883796691894531,0.05,0.0,0.0,-0.5246896063807953,0.019634954084936207,-0.10471975511965978,-1.79,-0.63,9.05,0.46,0.7593272924423218,0.0,0.015927743166685104,1.0,1.0,7.3,0.5,True,True,False
3.3087661266326904,forward_005,1.3087661266326904,0.05,0.0,0.0,-0.4854196982109229,-0.17671458676442586,0.2683443724941282,-1.79,-0.63,9.05,0.537,0.7134228944778442,0.0,0.022545717656612396,1.0,1.0,7.3,0.5,True,True,False
3.329241991043091,forward_005,1.3292419910430908,0.05,0.0,0.0,-0.4079707126536745,-0.36106498900632694,0.3861540970037454,-1.79,-0.63,9.05,0.614,0.7317114472389221,0.0,0.01131147239357233,1.0,1.0,7.3,0.5,True,True,False
3.3496410846710205,forward_005,1.3496410846710205,0.05,0.0,0.0,-0.09381144729469522,-0.5006913291658733,0.4799655442984406,-0.99,-0.93,8.85,0.614,0.7411578893661499,0.0,0.007097141817212105,1.0,1.0,7.3,0.5,True,True,False
3.3700153827667236,forward_005,1.3700153827667236,0.05,0.0,0.0,0.17016960206944712,-0.5541420375081997,0.2781618495365963,-0.99,-0.93,8.85,0.46,0.75455641746521,0.0,0.013805519789457321,1.0,1.0,7.3,0.5,True,True,False
3.3904967308044434,forward_005,1.3904967308044434,0.05,0.0,0.0,0.13526301702956053,-0.2748893571891069,-0.008726646259971648,0.6900000000000001,-0.99,8.59,0.384,0.7293720841407776,0.0,0.02448633685708046,1.0,1.0,7.3,0.5,True,True,False
3.41097354888916,forward_005,1.4109735488891602,0.05,0.0,0.0,0.19198621771937624,-0.0719948316447661,-0.36760997370130566,0.0,-0.84,9.16,0.23,0.6888846158981323,0.0,0.02195330709218979,1.0,1.0,7.3,0.5,True,True,False
3.431356906890869,forward_005,1.4313569068908691,0.05,0.0,0.0,0.1538071403320003,-0.04254240051736178,-0.4265148359561143,0.0,-0.84,9.16,0.153,0.7509998083114624,0.0,0.03465796075761318,1.0,1.0,7.3,0.5,True,True,False
3.451737642288208,forward_005,1.451737642288208,0.05,0.0,0.0,0.05999569303730508,-0.007635815477475192,-0.19634954084936207,-0.78,-2.34,8.02,0.23,0.7694588303565979,0.0,0.04791279882192612,1.0,1.0,7.3,0.5,True,True,False
3.4721736907958984,forward_005,1.4721736907958984,0.05,0.0,0.0,0.032724923474893676,-0.02945243112740431,0.1090830782496456,-0.05,-1.6300000000000001,8.72,0.6899999999999998,0.7767063975334167,0.0,0.045844171196222305,1.0,1.0,7.3,0.5900000000000001,True,True,False
3.4925575256347656,forward_005,1.4925575256347656,0.05,0.0,0.0,0.1189005552921137,-0.11344640137963143,0.3741549583962844,0.61,-1.5,8.75,0.844,0.8356930017471313,0.0,0.025580796063877642,1.0,1.0,7.3,0.5900000000000001,True,True,False
3.512941598892212,forward_005,1.512941598892212,0.05,0.0,0.0,0.2181661564992912,-0.17998707911191522,0.6850417314077744,0.61,-1.5,8.75,1.151,0.7451019287109375,0.0,0.03162557631731033,1.0,1.0,7.3,0.5900000000000001,True,True,False
3.5335910320281982,forward_005,1.5335910320281982,0.05,0.0,0.0,0.3043417883165112,-0.009817477042468103,0.7155849933176751,-1.16,-1.43,9.69,1.381,0.7187281847000122,0.0,0.05831532087177038,1.0,1.0,7.3,0.5900000000000001,True,True,False
3.554069995880127,forward_005,1.554069995880127,0.05,0.0,0.0,0.38288160465625604,-0.008726646259971648,0.3959715740462135,-0.65,0.32,7.54,0.537,0.6526978015899658,0.0,0.031120664440095425,1.0,1.0,7.3,0.5900000000000001,True,True,False
3.574547290802002,forward_005,1.574547290802002,0.05,0.0,0.0,0.5890486225480862,-0.1265363707695889,-0.11671889372712078,0.1,-0.16,8.63,0.46,0.7251898646354675,0.0,0.019201057963073254,1.0,1.0,7.3,0.5900000000000001,True,True,False
3.5949199199676514,forward_005,1.5949199199676514,0.05,0.0,0.0,0.5235987755982988,0.07090400086226964,-0.5181446216858165,0.1,-0.16,8.63,0.767,0.7879259586334229,0.0,0.022094566375017166,1.0,1.0,7.3,0.5900000000000001,True,True,False
3.6152970790863037,forward_005,1.6152970790863037,0.05,0.0,0.0,0.32615840396644036,0.1439896632895322,-0.9675669040743564,0.1,-0.16,8.63,0.9970000000000001,0.8040977716445923,0.0,0.013729337602853775,1.0,1.0,7.3,0.5900000000000001,True,True,False
3.6356892585754395,forward_005,1.6356892585754395,0.05,0.0,0.0,0.1636246173744684,0.1908953869368798,-1.1311915214488248,0.1,0.81,9.74,0.844,0.7551660537719727,0.0,0.013950280845165253,1.0,1.0,7.3,0.5900000000000001,True,True,False
3.656087636947632,forward_005,1.6560876369476318,0.05,0.0,0.0,0.18216874067690814,0.08290313946973066,-0.9675669040743564,0.05,0.76,8.64,0.767,0.6323466897010803,0.0,0.02062320988625288,1.0,1.0,7.3,0.5900000000000001,True,True,False
3.676450729370117,forward_005,1.6764507293701172,0.05,0.0,0.0,0.09599310885968812,0.09381144729469522,-0.4985096676008804,0.48,-0.16,-0.01,0.614,0.6715919375419617,0.0,0.01906818151473999,1.0,1.0,7.4,0.31300000000000006,True,True,False
3.6968154907226562,forward_005,1.6968154907226562,0.05,0.0,0.0,0.003272492347489368,0.18762289458939044,-0.03381575425739013,-0.32,0.28,9.53,0.307,0.5058881044387817,0.0,0.07484709657728672,1.0,1.0,7.4,0.31300000000000006,True,True,False
3.717183828353882,forward_005,1.7171838283538818,0.05,0.0,0.0,-0.13962634015954636,0.1930770485018727,0.3523383427463553,-0.68,0.23,7.8500000000000005,0.384,0.6942905187606812,0.0,0.059694475028663874,1.0,1.0,7.4,0.31300000000000006,True,True,False
3.737560749053955,forward_005,1.737560749053955,0.05,0.0,0.0,-0.28907015736156083,0.24216443371421323,0.3861540970037454,-0.8300000000000001,-0.32,8.1,0.767,0.7705879211425781,0.0,0.04726173635572195,1.0,1.0,7.4,0.31300000000000006,True,True,False
3.757941722869873,forward_005,1.757941722869873,0.05,0.0,0.0,-0.3119776037939864,0.28034351110158917,0.4788747135159442,-1.54,-0.01,8.94,1.074,0.7158663868904114,0.0,0.0367680424824357,1.0,1.0,7.4,0.31300000000000006,True,True,False
3.778310537338257,forward_005,1.7783105373382568,0.05,0.0,0.0,-0.41560652813114973,0.1832595714594046,0.31525009614147576,-1.85,0.9400000000000001,9.39,1.227,0.6649128794670105,0.0,0.019803466275334358,1.0,1.0,7.4,0.31300000000000006,True,True,False
3.7987663745880127,forward_005,1.7987663745880127,0.05,0.0,0.0,-0.4068798818711781,0.18980455615438332,-0.006544984694978736,-0.99,0.19,6.11,1.074,0.7614126205444336,0.0,0.04316890798509121,1.0,1.0,7.4,0.31300000000000006,True,True,False
3.81915020942688,forward_005,1.8191502094268799,0.05,0.0,0.0,-0.4636030825609938,0.014180800172453928,-0.028361600344907856,-0.77,-0.03,7.26,0.537,0.7625308036804199,0.0,0.033135232515633106,1.0,1.0,7.4,0.31300000000000006,True,True,False
3.8395180702209473,forward_005,1.8395180702209473,0.05,0.0,0.0,-0.5345070834232635,-0.015271630954950384,-0.04036073895236887,-0.77,-0.03,7.26,0.46,0.7826509475708008,0.0,0.026622739620506757,1.0,1.0,7.4,0.31300000000000006,True,True,False
3.859891414642334,forward_005,1.859891414642334,0.05,0.0,0.0,-0.5268712679457882,-0.19853120241435498,0.1461713248545251,-0.77,-0.03,7.26,0.384,0.7660788893699646,0.0,0.01757001830264926,1.0,1.0,7.4,0.31300000000000006,True,True,False
3.8802590370178223,forward_005,1.8802590370178223,0.05,0.0,0.0,-0.30325095753401476,-0.32615840396644036,0.21925698728178766,-0.92,-1.6600000000000001,9.36,0.537,0.7625691294670105,0.0,0.009507420007139444,1.0,1.0,7.3,0.47200000000000003,True,True,False
3.900632619857788,forward_005,1.900632619857788,0.05,0.0,0.0,-0.17780541754692233,-0.3817907738737596,0.284706834231575,-0.92,-1.6600000000000001,9.36,0.6899999999999998,0.7527191042900085,0.0,0.005972870625555515,1.0,1.0,7.3,0.47200000000000003,True,True,False
3.9210474491119385,forward_005,1.9210474491119385,0.05,0.0,0.0,-0.018544123302439753,-0.33597588100890846,0.2181661564992912,-0.92,-1.6600000000000001,9.36,0.537,0.7416592836380005,0.0,0.01245812140405178,1.0,1.0,7.3,0.47200000000000003,True,True,False
3.9414172172546387,forward_005,1.9414172172546387,0.05,0.0,0.0,0.04908738521234052,-0.3763366199612773,0.030543261909900768,0.55,-0.77,8.44,0.384,0.7501539587974548,0.0,0.020509928464889526,1.0,1.0,7.3,0.47200000000000003,True,True,False
3.9617974758148193,forward_005,1.9617974758148193,0.05,0.0,0.0,0.13962634015954636,-0.11780972450961724,-0.12762720155208535,-0.28,-0.49,8.51,0.307,0.6483032703399658,0.0,0.019963279366493225,1.0,1.0,7.3,0.47200000000000003,True,True,False
3.982187509536743,forward_005,1.9821875095367432,0.05,0.0,0.0,0.12762720155208535,-0.05235987755982989,-0.24652775684419906,-0.47000000000000003,-1.0,8.94,0.153,0.711376965045929,0.0,0.028373122215270996,1.0,1.0,7.3,0.47200000000000003,True,True,False
4.0026726722717285,forward_005,2.0026726722717285,0.05,0.0,0.0,0.1559888018969932,-0.11235557059713497,-0.17998707911191522,0.44,-1.07,9.27,0.307,0.813832700252533,0.0,0.05325421132147312,1.0,1.0,7.3,0.47200000000000003,True,True,False
4.023046255111694,forward_005,2.0230462551116943,0.05,0.0,0.0,0.14835298641951802,-0.12544553998709243,-0.03490658503988659,0.44,-1.07,9.27,0.767,0.7952268123626709,0.0,0.03869906812906265,1.0,1.0,7.3,0.47200000000000003,True,True,False
4.043488025665283,forward_005,2.043488025665283,0.05,0.0,0.0,0.08508480103472356,0.022907446432425576,0.15817046346198613,-0.56,-1.67,7.71,0.767,0.81415855884552,0.0,0.01724778115749359,1.0,1.0,7.3,0.47200000000000003,True,True,False
4.063915729522705,forward_005,2.063915729522705,0.05,0.0,0.0,0.15271630954950383,-0.23125612588924865,0.39051742013373125,-0.56,-1.67,7.71,1.227,0.7742232084274292,0.0,0.030503734946250916,1.0,1.0,7.3,0.47200000000000003,True,True,False
4.084404945373535,forward_005,2.084404945373535,0.05,0.0,0.0,0.25089107997418486,-0.02181661564992912,0.5486878835957173,-1.1,-2.02,9.1,1.381,0.7195118069648743,0.0,0.05875949375331402,1.0,1.0,7.3,0.512,True,True,False
4.105621814727783,forward_005,2.105621814727783,0.05,0.0,0.0,0.34579335805137656,0.019634954084936207,0.5235987755982988,-0.21,-0.43,8.0,0.9970000000000001,0.6451005935668945,0.0,0.029062168672680855,1.0,1.0,7.3,0.512,True,True,False
4.126019716262817,forward_005,2.1260197162628174,0.05,0.0,0.0,0.5214171140333059,-0.03599741582238305,0.20616701789183017,-0.21,-0.43,8.0,0.537,0.7203025817871094,0.0,0.018645016476511955,1.0,1.0,7.3,0.512,True,True,False
4.146405935287476,forward_005,2.1464059352874756,0.05,0.0,0.0,0.5672320068981571,-0.001090830782496456,-0.18980455615438332,-0.21,-0.43,8.0,0.9210000000000002,0.7903768420219421,0.0,0.020646918565034866,1.0,1.0,7.3,0.512,True,True,False
4.166795253753662,forward_005,2.166795253753662,0.05,0.0,0.0,0.36324665057131983,0.20289452554434081,-0.7483099167925688,-0.21,-0.43,8.0,0.9970000000000001,0.7853491306304932,0.0,0.015335656702518463,1.0,1.0,7.3,0.512,True,True,False
4.187274932861328,forward_005,2.187274932861328,0.05,0.0,0.0,0.19962203319685143,0.19744037163185854,-1.0231992739816758,0.62,1.87,9.72,0.844,0.720065712928772,0.0,0.02104467898607254,1.0,1.0,7.3,0.512,True,True,False
4.20765233039856,forward_005,2.2076523303985596,0.05,0.0,0.0,0.14944381720201447,0.13853550937704992,-0.9424777960769379,-0.08,0.52,8.15,0.767,0.6102238297462463,0.0,0.029497590847313404,1.0,1.0,7.3,0.512,True,True,False
4.228039979934692,forward_005,2.2280399799346924,0.05,0.0,0.0,0.17998707911191522,0.04690572364734761,-0.7221299780126539,0.0,-0.17,9.07,0.537,0.58414226770401,0.0,0.01824244949966669,1.0,1.0,7.3,0.512,True,True,False
4.248593330383301,forward_005,2.248593330383301,0.05,0.0,0.0,0.08944812416470939,0.10471975511965978,-0.2683443724941282,-0.68,-0.4,8.950000000000001,0.384,0.5836232900619507,0.0,0.023896224796772003,1.0,1.0,7.3,0.512,True,True,False
4.268973350524902,forward_005,2.2689733505249023,0.05,0.0,0.0,0.007635815477475192,0.17453292519943295,0.14835298641951802,-0.63,0.35000000000000003,8.27,0.46,0.6403757333755493,0.0,0.045184221118688576,1.0,1.0,7.3,0.512,True,True,False
4.289340257644653,forward_005,2.2893402576446533,0.05,0.0,0.0,-0.07417649320975901,0.27052603405912107,0.4112432050011639,-1.31,1.23,8.22,0.6899999999999998,0.7714437246322632,0.0,0.02762680873274803,1.0,1.0,7.4,0.417,True,True,False
4.309706449508667,forward_005,2.309706449508667,0.05,0.0,0.0,-0.24870941840919197,0.36106498900632694,0.27379852640661045,-1.68,0.37,8.950000000000001,0.9210000000000002,0.6930193305015564,0.0,0.0254281023517251,1.0,1.0,7.4,0.417,True,True,False
4.330076456069946,forward_005,2.3300764560699463,0.05,0.0,0.0,-0.3392483733563978,0.35779249665883756,0.19198621771937624,-0.92,0.2,9.4,0.9970000000000001,0.704069197177887,0.0,0.03109269216656685,1.0,1.0,7.4,0.417,True,True,False
4.350556135177612,forward_005,2.3505561351776123,0.05,0.0,0.0,-0.4908738521234052,0.2814343418840856,0.17453292519943295,-0.9,0.73,7.73,0.9970000000000001,0.7125815749168396,0.0,0.05000876635313034,1.0,1.0,7.4,0.417,True,True,False
4.370939254760742,forward_005,2.370939254760742,0.05,0.0,0.0,-0.5737769915931359,0.06435901616729091,-0.016362461737446838,-1.27,-0.56,7.79,0.844,0.7712351083755493,0.0,0.04167887754738331,1.0,1.0,7.4,0.417,True,True,False
4.391313791275024,forward_005,2.3913137912750244,0.05,0.0,0.0,-0.5214171140333059,-0.08399397025222712,0.07090400086226964,-1.8800000000000001,-0.45,9.24,0.537,0.7384335994720459,0.0,0.01735333725810051,1.0,1.0,7.4,0.417,True,True,False
4.411913633346558,forward_005,2.4119136333465576,0.05,0.0,0.0,-0.5214171140333059,-0.08399397025222712,0.07090400086226964,-1.8800000000000001,-0.45,9.24,0.537,0.7182328701019287,0.0,0.019906421191990376,1.0,1.0,7.4,0.417,True,True,False
4.432297468185425,forward_005,2.432297468185425,0.05,0.0,0.0,-0.6021385919380436,-0.24107360293171676,0.37306412761378793,-1.8800000000000001,-0.45,9.24,0.614,0.7140437960624695,0.0,0.009470071410760283,1.0,1.0,7.4,0.417,True,True,False
4.452677488327026,forward_005,2.4526774883270264,0.05,0.0,0.0,-0.30870511144649704,-0.3916082509162277,0.5606870222031783,-1.8800000000000001,-0.45,9.24,0.614,0.712554395198822,0.0,0.008734308183193207,1.0,1.0,7.4,0.417,True,True,False
4.473058700561523,forward_005,2.4730587005615234,0.05,0.0,0.0,0.11780972450961724,-0.5083271446433485,0.37088246604879505,-0.05,-2.07,9.69,0.614,0.7409898042678833,0.0,0.013504885137081146,1.0,1.0,7.4,0.417,True,True,False
4.493438243865967,forward_005,2.493438243865967,0.05,0.0,0.0,0.210530341021816,-0.49414634447089456,0.06981317007977318,0.28,-0.8,8.790000000000001,0.46,0.7430317997932434,0.0,0.02579405903816223,1.0,1.0,7.4,0.266,True,True,False
4.513801097869873,forward_005,2.513801097869873,0.05,0.0,0.0,0.29561514205653955,-0.25416357232167425,-0.20725784867432664,-0.36,-0.79,9.26,0.23,0.6903108358383179,0.0,0.025923550128936768,1.0,1.0,7.4,0.266,True,True,False
4.534181356430054,forward_005,2.5341813564300537,0.05,0.0,0.0,0.21380283336930536,-0.09817477042468103,-0.45487643630102215,-0.4,-1.6500000000000001,9.0,0.23,0.743598997592926,0.0,0.029317327891476452,1.0,1.0,7.4,0.266,True,True,False
4.554571866989136,forward_005,2.5545718669891357,0.05,0.0,0.0,0.11344640137963143,-0.0272707695624114,-0.1341721862470641,0.09,-1.46,9.19,0.537,0.7788034677505493,0.0,0.03483501635491848,1.0,1.0,7.4,0.266,True,True,False
4.574936628341675,forward_005,2.574936628341675,0.05,0.0,0.0,0.07744898555724837,0.02399827721492203,0.07090400086226964,0.67,-0.72,8.64,0.844,0.7817898988723755,0.0,0.027791112661361694,1.0,1.0,7.4,0.266,True,True,False
4.5953168869018555,forward_005,2.5953168869018555,0.05,0.0,0.0,0.18216874067690814,-0.06544984694978735,0.3916082509162277,0.91,-1.4000000000000001,8.76,1.227,0.7971506118774414,0.0,0.018045533448457718,1.0,1.0,7.4,0.266,True,True,False
4.615688323974609,forward_005,2.6156883239746094,0.05,0.0,0.0,0.27598018797160334,-0.09490227807719166,0.5683228376806536,-0.61,-2.12,8.59,1.227,0.7956509590148926,0.0,0.030414819717407227,1.0,1.0,7.4,0.266,True,True,False
4.63606071472168,forward_005,2.6360607147216797,0.05,0.0,0.0,0.33161255787892263,-0.16907877128695067,0.6741334235828098,-0.61,-2.12,8.59,1.227,0.7085738182067871,0.0,0.059593737591058016,1.0,1.0,7.4,0.266,True,True,False
4.656495571136475,forward_005,2.6564955711364746,0.05,0.0,0.0,0.34143003492139073,0.026179938779914945,0.23561944901923448,-0.97,0.9,9.200000000000001,0.9210000000000002,0.6450009942054749,0.0,0.021665058564394712,1.0,1.0,7.4,0.266,True,True,False
4.676867485046387,forward_005,2.6768674850463867,0.05,0.0,0.0,0.45160394395353276,0.028361600344907856,-0.3141592653589793,-0.97,0.9,9.200000000000001,0.6899999999999998,0.7374269366264343,0.0,0.02440996840596199,1.0,1.0,7.4,0.266,True,True,False
4.697250127792358,forward_005,2.6972501277923584,0.05,0.0,0.0,0.3272492347489368,0.3021601267515183,-0.7286749627076325,-0.97,0.9,9.200000000000001,0.9210000000000002,0.7562080025672913,0.0,0.01372162252664566,1.0,1.0,7.3,0.6880000000000001,True,True,False
4.717625141143799,forward_005,2.717625141143799,0.05,0.0,0.0,0.1341721862470641,0.24216443371421323,-0.8857545953871222,-0.97,0.9,9.200000000000001,0.844,0.7996686697006226,0.0,0.02029239386320114,1.0,1.0,7.3,0.6880000000000001,True,True,False
4.73799204826355,forward_005,2.73799204826355,0.05,0.0,0.0,0.09926560120717749,0.18216874067690814,-0.7690357016600015,-0.18,0.64,8.21,0.844,0.7573683857917786,0.0,0.018714584410190582,1.0,1.0,7.3,0.6880000000000001,True,True,False
4.75854229927063,forward_005,2.75854229927063,0.05,0.0,0.0,0.136353847812057,0.10690141668465268,-0.5061454830783556,-0.78,-0.44,8.59,0.844,0.634804904460907,0.0,0.015287416987121105,1.0,1.0,7.3,0.6880000000000001,True,True,False
4.778959512710571,forward_005,2.7789595127105713,0.05,0.0,0.0,0.08072147790473774,0.1636246173744684,-0.038179077387375956,-0.85,-0.28,9.01,0.767,0.6622494459152222,0.0,0.02572600543498993,1.0,1.0,7.3,0.6880000000000001,True,True,False
4.799414873123169,forward_005,2.799414873123169,0.05,0.0,0.0,-0.07744898555724837,0.3392483733563978,0.3239767424014474,-1.05,-0.28,7.82,0.384,0.7439913749694824,0.0,0.023199083283543587,1.0,1.0,7.3,0.6880000000000001,True,True,False
4.819788932800293,forward_005,2.819788932800293,0.05,0.0,0.0,-0.20725784867432664,0.39706240482870997,0.433059820651093,-1.55,1.04,8.22,0.307,0.7502086162567139,0.0,0.05572020728141069,1.0,1.0,7.3,0.6880000000000001,True,True,False
4.840306043624878,forward_005,2.840306043624878,0.05,0.0,0.0,-0.29670597283903605,0.5214171140333059,0.17889624832941878,-1.76,0.88,8.3,0.384,0.7160901427268982,0.0,0.05739078181795776,1.0,1.0,7.3,0.6880000000000001,True,True,False
4.8607518672943115,forward_005,2.8607518672943115,0.05,0.0,0.0,-0.2476185876266955,0.34143003492139073,0.019634954084936207,-0.49,-0.64,9.55,0.614,0.6113645434379578,0.0,0.05510370805859566,1.0,1.0,7.3,0.6880000000000001,True,True,False
4.8812079429626465,forward_005,2.8812079429626465,0.05,0.0,0.0,-0.23343778745424157,0.21598449493429828,0.06981317007977318,-1.57,-1.26,7.62,1.074,0.6803135871887207,0.0,0.040685392916202545,1.0,1.0,7.3,0.6880000000000001,True,True,False
4.9016852378845215,forward_005,2.9016852378845215,0.05,0.0,0.0,-0.32288591161895097,-0.008726646259971648,0.019634954084936207,-2.5,-0.78,7.99,0.9210000000000002,0.7514787316322327,0.0,0.031847158446908,1.0,1.0,7.3,0.33699999999999997,True,True,False
4.922094345092773,forward_005,2.9220943450927734,0.05,0.0,0.0,-0.48105637508093707,-0.019634954084936207,-0.26070855701665296,-2.38,-0.84,8.51,0.6899999999999998,0.7849323749542236,0.0,0.05306387506425381,1.0,1.0,7.3,0.33699999999999997,True,True,False
4.94247031211853,forward_005,2.9424703121185303,0.05,0.0,0.0,-0.41560652813114973,-0.02945243112740431,-0.18216874067690814,-2.1,-0.66,9.700000000000001,0.537,0.7560557126998901,0.0,0.013565044850111008,1.0,1.0,7.3,0.33699999999999997,True,True,False
4.962848663330078,forward_005,2.962848663330078,0.05,0.0,0.0,-0.37960911230876665,-0.1439896632895322,0.13308135546456762,-2.1,-0.66,9.700000000000001,0.614,0.7073510885238647,0.0,0.024608775973320007,1.0,1.0,7.3,0.33699999999999997,True,True,False
4.983225584030151,forward_005,2.9832255840301514,0.05,0.0,0.0,-0.32179508083645453,-0.3021601267515183,0.5061454830783556,-0.61,0.16,7.82,0.614,0.7185328602790833,0.0,0.010613763181027025,1.0,1.0,7.3,0.33699999999999997,True,True,False
5.003606557846069,forward_005,3.0036065578460693,0.05,0.0,0.0,-0.08944812416470939,-0.5094179754258449,0.5835944686356039,-0.61,0.16,7.82,0.46,0.7481693625450134,0.0,0.009291407652199268,1.0,1.0,7.3,0.33699999999999997,True,True,False
5.023966073989868,forward_005,3.023966073989868,0.05,0.0,0.0,0.09490227807719166,-0.6119560689805118,0.5345070834232635,-0.28,-0.32,8.76,0.46,0.7557840347290039,0.0,0.009578678756952286,1.0,1.0,7.3,0.33699999999999997,True,True,False
5.044430255889893,forward_005,3.0444302558898926,0.05,0.0,0.0,0.013089969389957472,-0.20180369476184434,-0.15271630954950383,-0.22,-0.42,7.5600000000000005,0.307,0.7119700908660889,0.0,0.03936227038502693,1.0,1.0,7.3,0.33699999999999997,True,True,False
5.064800024032593,forward_005,3.0648000240325928,0.05,0.0,0.0,0.055632369907319255,-0.11344640137963143,-0.39051742013373125,-0.22,-0.42,7.5600000000000005,0.23,0.69003826379776,0.0,0.021735872607678175,1.0,1.0,7.3,0.33699999999999997,True,True,False
5.085264205932617,forward_005,3.085264205932617,0.05,0.0,0.0,0.039269908169872414,0.04036073895236887,-0.2923426497090502,-0.56,-2.09,8.33,0.153,0.71751868724823,0.0,0.029384303838014603,1.0,1.0,7.3,0.33699999999999997,True,True,False
5.105652332305908,forward_005,3.105652332305908,0.05,0.0,0.0,0.0,-0.04908738521234052,-0.09490227807719166,0.28,-1.58,9.46,0.307,0.7961061596870422,0.0,0.04119156487286091,1.0,1.0,7.3,0.66,True,True,False
5.126762390136719,forward_005,3.1267623901367188,0.05,0.0,0.0,0.07090400086226964,-0.05781403147231216,0.17453292519943295,-0.06,-1.8,8.36,0.6899999999999998,0.7827887535095215,0.0,0.03518698178231716,1.0,1.0,7.3,0.66,True,True,False
5.147134304046631,forward_005,3.147134304046631,0.05,0.0,0.0,0.20943951023931956,-0.2585268954516601,0.5465062220307244,0.26,-1.36,9.02,0.9210000000000002,0.8087807297706604,0.0,0.023021677508950233,1.0,1.0,7.3,0.66,True,True,False
5.167507886886597,forward_005,3.1675078868865967,0.05,0.0,0.0,0.2628902185816459,-0.11017390903214205,0.6174102228929941,-0.9500000000000001,-0.81,9.11,1.227,0.8035481572151184,0.0,0.02747935801744461,1.0,1.0,7.3,0.66,True,True,False
5.187886953353882,forward_005,3.187886953353882,0.05,0.0,0.0,0.3534291735288517,-0.2181661564992912,0.42215151282612845,-0.34,-1.37,8.61,1.304,0.7038649320602417,0.0,0.06220908556133509,1.0,1.0,7.3,0.66,True,True,False
5.208355188369751,forward_005,3.208355188369751,0.05,0.0,0.0,0.5028729907308662,-0.06326818538479445,0.09817477042468103,-0.4,-0.24,8.48,0.9970000000000001,0.6638349294662476,0.0,0.026623045094311237,1.0,1.0,7.3,0.66,True,True,False
5.228723526000977,forward_005,3.2287235260009766,0.05,0.0,0.0,0.5901394533305827,0.0,-0.3370667117914049,-0.4,-0.24,8.48,0.767,0.7279618978500366,0.0,0.022173471748828888,1.0,1.0,7.3,0.66,True,True,False
5.249101161956787,forward_005,3.249101161956787,0.05,0.0,0.0,0.4854196982109229,0.13308135546456762,-0.8552113334772214,-0.4,-0.24,8.48,0.9210000000000002,0.790640652179718,0.0,0.016964394599199295,1.0,1.0,7.3,0.66,True,True,False
5.269561529159546,forward_005,3.269561529159546,0.05,0.0,0.0,0.20180369476184434,0.23561944901923448,-1.0537425358915764,0.51,1.05,9.69,0.844,0.8026750087738037,0.0,0.018459740094840527,1.0,1.0,7.3,0.66,True,True,False
5.289935827255249,forward_005,3.289935827255249,0.05,0.0,0.0,0.16580627893946132,0.11017390903214205,-0.9010262263420726,0.46,1.25,9.17,0.9210000000000002,0.7696494460105896,0.0,0.01586345210671425,1.0,1.0,7.3,0.66,True,True,False
5.310317277908325,forward_005,3.310317277908325,0.05,0.0,0.0,0.13308135546456762,0.09381144729469522,-0.6272276999354622,-0.21,-0.31,8.84,0.844,0.6341937184333801,0.0,0.01940461667254567,1.0,1.0,7.4,0.23399999999999999,True,True,False
5.330704212188721,forward_005,3.3307042121887207,0.05,0.0,0.0,0.02945243112740431,0.2454369260617026,0.1712604328519436,-0.73,-0.33,8.88,0.767,0.6836181282997131,0.0,0.03096214309334755,1.0,1.0,7.4,0.23399999999999999,True,True,False
5.351194381713867,forward_005,3.351194381713867,0.05,0.0,0.0,-0.12762720155208535,0.2585268954516601,0.4625122517784973,-0.9,0.84,7.890000000000001,0.384,0.7282979488372803,0.0,0.02361609973013401,1.0,1.0,7.4,0.23399999999999999,True,True,False
5.371572732925415,forward_005,3.371572732925415,0.05,0.0,0.0,-0.31525009614147576,0.2748893571891069,0.45160394395353276,-0.8300000000000001,0.54,8.81,0.384,0.5449997186660767,0.0,0.07334043271839619,1.0,1.0,7.4,0.23399999999999999,True,True,False
5.391939878463745,forward_005,3.391939878463745,0.05,0.0,0.0,-0.32834006553143325,0.3392483733563978,0.46796640569097964,-1.25,1.09,9.09,0.537,0.6575478315353394,0.0,0.05912335170432925,1.0,1.0,7.4,0.23399999999999999,True,True,False
5.412383794784546,forward_005,3.412383794784546,0.05,0.0,0.0,-0.3108867730114899,0.2519819107566813,0.18544123302439752,-1.26,0.17,9.13,0.844,0.7249190211296082,0.0,0.07234863750636578,1.0,1.0,7.4,0.23399999999999999,True,True,False
5.43275785446167,forward_005,3.43275785446167,0.05,0.0,0.0,-0.2694352032766246,0.09381144729469522,0.05672320068981571,-1.01,-0.36,7.9,1.151,0.7167491316795349,0.0,0.029004815965890884,1.0,1.0,7.4,0.23399999999999999,True,True,False
5.45324182510376,forward_005,3.4532418251037598,0.05,0.0,0.0,-0.5585053606381855,0.12980886311707826,-0.3272492347489368,-1.79,-0.64,6.65,1.151,0.781224250793457,0.0,0.04669982101768255,1.0,1.0,7.4,0.23399999999999999,True,True,False
5.473724365234375,forward_005,3.473724365234375,0.05,0.0,0.0,-0.48651052899341934,0.12326387842209953,-0.3392483733563978,-1.73,-0.3,8.68,0.46,0.7427495121955872,0.0,0.024927779100835323,1.0,1.0,7.4,0.23399999999999999,True,True,False
5.494271516799927,forward_005,3.4942715167999268,0.05,0.0,0.0,-0.46469391334349025,-0.1407171709420428,0.06981317007977318,-1.73,-0.3,8.68,0.384,0.740813136100769,0.0,0.030234474223107093,1.0,1.0,7.4,0.23399999999999999,True,True,False
5.514642953872681,forward_005,3.5146429538726807,0.05,0.0,0.0,-0.4439681284760576,-0.21707532571679475,0.39051742013373125,-1.06,-0.72,8.69,0.614,0.7373610138893127,0.0,0.006932269548997283,1.0,1.0,7.3,0.5100000000000001,True,True,False
5.535010099411011,forward_005,3.5350100994110107,0.05,0.0,0.0,-0.18653206380689397,-0.49741883681838395,0.43196898986859655,-1.06,-0.72,8.69,0.614,0.7766215205192566,0.0,0.011652919463813305,1.0,1.0,7.3,0.5100000000000001,True,True,False
5.555398225784302,forward_005,3.5553982257843018,0.05,0.0,0.0,0.014180800172453928,-0.4265148359561143,0.4690572364734761,-1.06,-0.72,8.69,0.537,0.7687662839889526,0.0,0.009405940771102905,1.0,1.0,7.3,0.5100000000000001,True,True,False
5.575885534286499,forward_005,3.575885534286499,0.05,0.0,0.0,0.014180800172453928,-0.4265148359561143,0.4690572364734761,-1.06,-0.72,8.69,0.46,0.7507163286209106,0.0,0.009172586724162102,1.0,1.0,7.3,0.5100000000000001,True,True,False
5.596351146697998,forward_005,3.596351146697998,0.05,0.0,0.0,0.08290313946973066,-0.02399827721492203,-0.2683443724941282,-0.59,-1.32,8.81,0.46,0.6844387650489807,0.0,0.03694050759077072,1.0,1.0,7.3,0.5100000000000001,True,True,False
5.616725206375122,forward_005,3.616725206375122,0.05,0.0,0.0,0.026179938779914945,0.1189005552921137,-0.4036073895236887,-0.5,-2.57,8.84,0.23,0.6109896302223206,0.0,0.017030853778123856,1.0,1.0,7.3,0.5100000000000001,True,True,False
5.637099266052246,forward_005,3.637099266052246,0.05,0.0,0.0,0.061086523819801536,-0.025089107997418487,-0.14180800172453928,-0.21,-1.43,8.71,0.23,0.7333614230155945,0.0,0.03294605761766434,1.0,1.0,7.3,0.5100000000000001,True,True,False
5.657489776611328,forward_005,3.657489776611328,0.05,0.0,0.0,0.14180800172453928,0.002181661564992912,0.050178215994836975,0.12,-0.6900000000000001,8.91,0.384,0.7161123156547546,0.0,0.045324405655264854,1.0,1.0,7.3,0.5100000000000001,True,True,False
5.677878141403198,forward_005,3.6778781414031982,0.05,0.0,0.0,0.10581058590215622,-0.044724062082354694,0.13962634015954636,-0.27,-1.74,9.51,0.6899999999999998,0.7921472191810608,0.0,0.04550946410745382,1.0,1.0,7.3,0.5100000000000001,True,True,False
5.698260545730591,forward_005,3.698260545730591,0.05,0.0,0.0,0.11235557059713497,-0.08835729338221293,0.3883357585687383,-0.17,-1.07,8.83,0.9970000000000001,0.8171290159225464,0.0,0.02117084851488471,1.0,1.0,7.3,0.5100000000000001,True,True,False
5.718673229217529,forward_005,3.7186732292175293,0.05,0.0,0.0,0.19744037163185854,-0.06217735460229799,0.47778388273344774,-1.01,-1.56,9.02,1.227,0.8098292946815491,0.0,0.030223120003938675,1.0,1.0,7.4,0.40700000000000003,True,True,False
5.739035606384277,forward_005,3.7390356063842773,0.05,0.0,0.0,0.32179508083645453,-0.01090830782496456,0.4014257279586958,-0.62,-1.8900000000000001,7.890000000000001,1.304,0.6910921931266785,0.0,0.0669375779107213,1.0,1.0,7.4,0.40700000000000003,True,True,False
5.759413719177246,forward_005,3.759413719177246,0.05,0.0,0.0,0.5465062220307244,0.11126473981463851,0.11126473981463851,0.08,-0.29,9.13,0.9210000000000002,0.6180207133293152,0.0,0.028175958432257175,1.0,1.0,7.4,0.40700000000000003,True,True,False
5.779785633087158,forward_005,3.779785633087158,0.05,0.0,0.0,0.6359543461954338,-0.07963064712224129,-0.32179508083645453,0.08,-0.29,9.13,0.384,0.7322561740875244,0.0,0.02724641002714634,1.0,1.0,7.4,0.40700000000000003,True,True,False
5.800171375274658,forward_005,3.800171375274658,0.05,0.0,0.0,0.33488505022641196,0.21271200258680892,-0.8443030256522569,0.08,-0.29,9.13,0.9210000000000002,0.7695755958557129,0.0,0.01569584384560585,1.0,1.0,7.4,0.40700000000000003,True,True,False
5.820564270019531,forward_005,3.8205642700195312,0.05,0.0,0.0,0.2203478180642841,0.2694352032766246,-0.9653852425093635,-0.54,0.48,9.02,0.844,0.7942214608192444,0.0,0.00885181874036789,1.0,1.0,7.4,0.40700000000000003,True,True,False
5.841032981872559,forward_005,3.8410329818725586,0.05,0.0,0.0,0.16253378659197193,0.030543261909900768,-0.7112216701876893,0.24,0.45,9.02,0.9210000000000002,0.7725483775138855,0.0,0.02081049419939518,1.0,1.0,7.4,0.40700000000000003,True,True,False
5.861421585083008,forward_005,3.861421585083008,0.05,0.0,0.0,0.19744037163185854,0.11344640137963143,-0.5803219762881145,-0.61,-0.07,7.61,0.9210000000000002,0.6222658157348633,0.0,0.019919132813811302,1.0,1.0,7.4,0.40700000000000003,True,True,False
5.881790637969971,forward_005,3.8817906379699707,0.05,0.0,0.0,0.08508480103472356,0.06544984694978735,0.16471544815696484,-0.54,0.5,9.25,0.6899999999999998,0.6689444780349731,0.0,0.030294500291347504,1.0,1.0,7.4,0.40700000000000003,True,True,False
5.9021570682525635,forward_005,3.9021570682525635,0.05,0.0,0.0,-0.09381144729469522,0.23452861823673804,0.33488505022641196,-0.88,0.59,8.16,0.307,0.6673378348350525,0.0,0.027690567076206207,1.0,1.0,7.4,0.40700000000000003,True,True,False
5.922524690628052,forward_005,3.9225246906280518,0.05,0.0,0.0,-0.22580197197676638,0.32070425005395803,0.2301652951067522,-1.45,0.72,7.99,0.23,0.495626837015152,0.0,0.06790823210030794,1.0,1.0,7.4,0.468,True,True,False
5.942890405654907,forward_005,3.9428904056549072,0.05,0.0,0.0,-0.2694352032766246,0.3490658503988659,0.10362892433716332,-1.09,0.39,9.44,0.537,0.7391359210014343,0.0,0.052138207480311394,1.0,1.0,7.4,0.468,True,True,False
5.9632627964019775,forward_005,3.9632627964019775,0.05,0.0,0.0,-0.2748893571891069,0.28688849579656794,0.0545415391248228,-0.67,0.0,9.0,0.767,0.6937747597694397,0.0,0.08355391770601273,1.0,1.0,7.4,0.468,True,True,False
5.983757019042969,forward_005,3.9837570190429688,0.05,0.0,0.0,-0.3523383427463553,0.11453723216212788,0.061086523819801536,-1.81,0.37,6.46,1.074,0.6746223568916321,0.0,0.03543676808476448,1.0,1.0,7.4,0.468,True,True,False
6.004128694534302,forward_005,4.004128694534302,0.05,0.0,0.0,-0.5497787143782138,-0.011999138607461015,-0.22907446432425577,-2.19,-0.55,7.18,1.074,0.7812857627868652,0.0,0.05626046983525157,1.0,1.0,7.4,0.468,True,True,False
6.024499893188477,forward_005,4.024499893188477,0.05,0.0,0.0,-0.5355979142057599,0.08508480103472356,-0.23234695667174513,-1.98,-0.26,9.14,0.614,0.7481526732444763,0.0,0.018781393766403198,1.0,1.0,7.4,0.468,True,True,False
6.044871807098389,forward_005,4.044871807098389,0.05,0.0,0.0,-0.4799655442984406,-0.14508049407202864,0.15271630954950383,-1.98,-0.26,9.14,0.614,0.7340545654296875,0.0,0.026129671372473233,1.0,1.0,7.4,0.468,True,True,False
6.0652337074279785,forward_005,4.0652337074279785,0.05,0.0,0.0,-0.5672320068981571,-0.2792526803190927,0.5148721293383273,-1.03,-1.62,9.4,0.614,0.7217644453048706,0.0,0.014095146209001541,1.0,1.0,7.4,0.468,True,True,False
6.085612773895264,forward_005,4.085612773895264,0.05,0.0,0.0,-0.2879793265790644,-0.5017821599483697,0.6534076387153771,-1.48,-1.42,8.58,0.46,0.7844759225845337,0.0,0.013659401098266244,1.0,1.0,7.4,0.468,True,True,False
6.106112241744995,forward_005,4.106112241744995,0.05,0.0,0.0,0.02181661564992912,-0.5988660995905544,0.5541420375081997,-1.48,-1.42,8.58,0.537,0.7899700999259949,0.0,0.008062377572059631,1.0,1.0,7.4,0.468,True,True,False
6.126585006713867,forward_005,4.126585006713867,0.05,0.0,0.0,0.09599310885968812,-0.27598018797160334,0.1559888018969932,0.38,-0.52,8.4,0.46,0.7409688830375671,0.0,0.020596688613295555,1.0,1.0,7.4,0.4160000000000001,True,True,False
6.147183656692505,forward_005,4.147183656692505,0.05,0.0,0.0,0.05126904677733343,-0.04690572364734761,-0.3883357585687383,0.8,-2.09,9.23,0.46,0.642169713973999,0.0,0.030015602707862854,1.0,1.0,7.4,0.4160000000000001,True,True,False
6.167654991149902,forward_005,4.167654991149902,0.05,0.0,0.0,-0.002181661564992912,0.1407171709420428,-0.41996985126113556,-0.75,-0.8200000000000001,8.1,0.23,0.5890105962753296,0.0,0.020344292279332876,1.0,1.0,7.4,0.4160000000000001,True,True,False
6.188023090362549,forward_005,4.188023090362549,0.05,0.0,0.0,0.06654067773228381,-0.01090830782496456,-0.20180369476184434,-0.81,-1.7,9.22,0.153,0.6825059652328491,0.0,0.04792490182444453,1.0,1.0,7.4,0.4160000000000001,True,True,False
6.208492279052734,forward_005,4.208492279052734,0.05,0.0,0.0,0.13308135546456762,-0.02399827721492203,0.17562375598192942,-0.06,-2.13,9.39,0.537,0.729388415813446,0.0,0.054530235938727856,1.0,1.0,7.4,0.4160000000000001,True,True,False
6.228882789611816,forward_005,4.228882789611816,0.05,0.0,0.0,0.09817477042468103,-0.10690141668465268,0.4363323129985824,0.16,-1.61,8.4,0.767,0.7784319519996643,0.0,0.04601644352078438,1.0,1.0,7.4,0.4160000000000001,True,True,False
6.249281406402588,forward_005,4.249281406402588,0.05,0.0,0.0,0.1538071403320003,-0.12435470920459599,0.6610434541928523,-1.1,-1.99,9.700000000000001,1.074,0.8099203705787659,0.0,0.025481509044766426,1.0,1.0,7.4,0.4160000000000001,True,True,False
6.269651174545288,forward_005,4.269651174545288,0.05,0.0,0.0,0.2203478180642841,-0.039269908169872414,0.619591884457987,-1.41,-0.53,8.47,1.304,0.8085920810699463,0.0,0.03301459737122059,1.0,1.0,7.4,0.4160000000000001,True,True,False
6.290020942687988,forward_005,4.290020942687988,0.05,0.0,0.0,0.4177881896961426,0.07417649320975901,0.20616701789183017,-0.4,-0.53,7.5,1.381,0.6935490965843201,0.0,0.06146130431443453,1.0,1.0,7.4,0.4160000000000001,True,True,False
6.310622215270996,forward_005,4.310622215270996,0.05,0.0,0.0,0.6130468997630083,-0.06654067773228381,-0.2399827721492203,0.45,-0.49,9.17,0.767,0.6344034671783447,0.0,0.031516910530626774,1.0,1.0,7.4,0.4160000000000001,True,True,False
6.330995321273804,forward_005,4.330995321273804,0.05,0.0,0.0,0.6228643768054763,-0.05890486225480862,-0.5999569303730508,0.45,-0.49,9.17,0.537,0.7307323813438416,0.0,0.025173475965857506,1.0,1.0,7.2,0.9660000000000001,True,True,False
6.351430177688599,forward_005,4.351430177688599,0.05,0.0,0.0,0.6228643768054763,-0.05890486225480862,-0.5999569303730508,0.45,-0.49,9.17,0.767,0.8170918822288513,0.0,0.011481884866952896,1.0,1.0,7.2,0.9660000000000001,True,True,False
6.371915578842163,forward_005,4.371915578842163,0.05,0.0,0.0,0.2203478180642841,0.038179077387375956,-0.964294411726867,0.45,-0.49,9.17,0.9970000000000001,0.8423214554786682,0.0,0.01965450355783105,1.0,1.0,7.2,0.9660000000000001,True,True,False
6.392287492752075,forward_005,4.392287492752075,0.05,0.0,0.0,0.22907446432425577,0.15271630954950383,-0.7286749627076325,0.68,0.98,8.85,0.9210000000000002,0.767906665802002,0.0,0.01567508140578866,1.0,1.0,7.2,0.9660000000000001,True,True,False
6.412654638290405,forward_005,4.412654638290405,0.05,0.0,0.0,0.12871803233458182,0.14835298641951802,-0.284706834231575,-0.13,0.4,8.13,0.9210000000000002,0.614676296710968,0.0,0.02748175710439682,1.0,1.0,7.2,0.9660000000000001,True,True,False
6.433124303817749,forward_005,4.433124303817749,0.05,0.0,0.0,0.12871803233458182,0.14835298641951802,-0.284706834231575,-0.13,0.4,8.13,0.614,0.6090770363807678,0.0,0.025444687344133854,1.0,1.0,7.2,0.9660000000000001,True,True,False
6.453527212142944,forward_005,4.453527212142944,0.05,0.0,0.0,0.025089107997418487,0.06763150851478027,0.22143864884678055,-0.48,0.22,9.700000000000001,0.153,0.4657151401042938,0.0,0.0447737043723464,1.0,1.0,7.2,0.9660000000000001,True,True,False
6.4739086627960205,forward_005,4.4739086627960205,0.05,0.0,0.0,-0.06326818538479445,0.2825251726665821,0.45160394395353276,-1.59,0.9400000000000001,7.17,0.46,0.6729885339736938,0.0,0.04358333256095648,1.0,1.0,7.2,0.9660000000000001,True,True,False
6.494312047958374,forward_005,4.494312047958374,0.05,0.0,0.0,-0.15271630954950383,0.18435040224190105,0.2007128639793479,-1.42,1.25,8.59,0.9210000000000002,0.6890527606010437,0.0,0.03360699862241745,1.0,1.0,7.2,0.9660000000000001,True,True,False
6.514781713485718,forward_005,4.514781713485718,0.05,0.0,0.0,-0.23561944901923448,0.34143003492139073,0.0719948316447661,-1.25,-0.06,8.0,1.074,0.6549882888793945,0.0,0.02888816548511386,1.0,1.0,7.2,0.9660000000000001,True,True,False
6.535268306732178,forward_005,4.535268306732178,0.05,0.0,0.0,-0.33052172709642613,0.32506757318394386,0.10471975511965978,-0.88,0.4,8.44,1.074,0.6606805920600891,0.0,0.02135875163367018,1.0,1.0,7.4,0.31,True,True,False
6.55564022064209,forward_005,4.55564022064209,0.05,0.0,0.0,-0.47123889803846897,0.22143864884678055,-0.06872233929727672,-1.18,0.5,7.74,0.9210000000000002,0.705957293510437,0.0,0.03954917937517166,1.0,1.0,7.4,0.31,True,True,False
6.576026916503906,forward_005,4.576026916503906,0.05,0.0,0.0,-0.44178646691106466,0.017453292519943295,-0.07090400086226964,-1.24,-0.03,8.790000000000001,0.46,0.7368597984313965,0.0,0.038404203951358795,1.0,1.0,7.4,0.31,True,True,False
6.596400260925293,forward_005,4.596400260925293,0.05,0.0,0.0,-0.5737769915931359,-0.0272707695624114,0.02399827721492203,-1.54,-0.17,8.96,0.384,0.7484940886497498,0.0,0.019226185977458954,1.0,1.0,7.4,0.31,True,True,False
6.6167662143707275,forward_005,4.6167662143707275,0.05,0.0,0.0,-0.6664976081053346,-0.1505346479845109,0.1538071403320003,-1.54,-0.17,8.96,0.537,0.737581729888916,0.0,0.02071569673717022,1.0,1.0,7.4,0.31,True,True,False
6.637139797210693,forward_005,4.637139797210693,0.05,0.0,0.0,-0.5323254218582705,-0.1712604328519436,0.4428772976935611,-1.54,-0.17,8.96,0.537,0.7189008593559265,0.0,0.010292791295796633,1.0,1.0,7.4,0.31,True,True,False
6.657510757446289,forward_005,4.657510757446289,0.05,0.0,0.0,-0.27052603405912107,-0.33161255787892263,0.5617778529856748,-0.8200000000000001,-1.7,9.61,0.614,0.7109323143959045,0.0,0.009373770095407963,1.0,1.0,7.4,0.31,True,True,False
6.677896022796631,forward_005,4.677896022796631,0.05,0.0,0.0,0.030543261909900768,-0.44724062082354693,0.4799655442984406,-0.8200000000000001,-1.7,9.61,0.614,0.7197505235671997,0.0,0.017510034143924713,1.0,1.0,7.4,0.31,True,True,False
6.698291778564453,forward_005,4.698291778564453,0.05,0.0,0.0,0.12762720155208535,-0.545415391248228,0.15489797111449674,0.38,-1.29,9.11,0.537,0.7580553889274597,0.0,0.02289356291294098,1.0,1.0,7.4,0.31,True,True,False
6.718691110610962,forward_005,4.718691110610962,0.05,0.0,0.0,0.20507618710933373,-0.38942658935123475,-0.1341721862470641,-0.2,-0.31,8.69,0.384,0.7395139336585999,0.0,0.029530249536037445,1.0,1.0,7.4,0.31,True,True,False
6.739118814468384,forward_005,4.739118814468384,0.05,0.0,0.0,0.2454369260617026,-0.10253809355466686,-0.4756022211684548,-0.71,-1.3900000000000001,9.120000000000001,0.23,0.7032642364501953,0.0,0.02212810143828392,1.0,1.0,7.3,0.5100000000000001,True,True,False
6.759543418884277,forward_005,4.759543418884277,0.05,0.0,0.0,0.16035212502697901,-0.11453723216212788,-0.40906154343617096,-0.81,-1.71,7.930000000000001,0.614,0.7502633929252625,0.0,0.039532288908958435,1.0,1.0,7.3,0.5100000000000001,True,True,False
6.78001070022583,forward_005,4.78001070022583,0.05,0.0,0.0,0.11126473981463851,-0.037088246604879506,-0.15162547876700738,1.03,-1.6500000000000001,9.700000000000001,0.767,0.792296826839447,0.0,0.027540750801563263,1.0,1.0,7.3,0.5100000000000001,True,True,False
6.800464153289795,forward_005,4.800464153289795,0.05,0.0,0.0,0.07308566242726255,-0.07963064712224129,0.1090830782496456,1.22,-1.35,8.98,1.151,0.7887674570083618,0.0,0.011270567774772644,1.0,1.0,7.3,0.5100000000000001,True,True,False
6.8208372592926025,forward_005,4.8208372592926025,0.05,0.0,0.0,0.15817046346198613,-0.09599310885968812,0.3392483733563978,0.02,-1.97,8.22,1.304,0.7907062768936157,0.0,0.03166535496711731,1.0,1.0,7.3,0.5100000000000001,True,True,False
6.8413262367248535,forward_005,4.8413262367248535,0.05,0.0,0.0,0.25416357232167425,-0.17671458676442586,0.5399612373357457,-0.72,-1.83,9.74,1.074,0.749127984046936,0.0,0.05291600711643696,1.0,1.0,7.3,0.5100000000000001,True,True,False
6.861708164215088,forward_005,4.861708164215088,0.05,0.0,0.0,0.36760997370130566,-0.10799224746714914,0.7363107781851078,-1.34,-0.16,8.14,0.537,0.6765040755271912,0.0,0.03061051294207573,1.0,1.0,7.3,0.5100000000000001,True,True,False
6.882186651229858,forward_005,4.882186651229858,0.05,0.0,0.0,0.3981532356112064,0.04145156973486533,0.33052172709642613,-0.37,0.18,9.61,0.6899999999999998,0.7144808769226074,0.0,0.017939292825758457,1.0,1.0,7.3,0.5100000000000001,True,True,False
6.90256667137146,forward_005,4.90256667137146,0.05,0.0,0.0,0.39269908169872414,0.2007128639793479,-0.43524148221608594,-0.37,0.18,9.61,0.9210000000000002,0.7755514979362488,0.0,0.02799481898546219,1.0,1.0,7.3,0.5100000000000001,True,True,False
6.922954082489014,forward_005,4.922954082489014,0.05,0.0,0.0,0.21598449493429828,0.25634523388666713,-0.7810348402674625,-0.37,0.18,9.61,0.844,0.7720932960510254,0.0,0.010069044306874275,1.0,1.0,7.3,0.5100000000000001,True,True,False
6.943336009979248,forward_005,4.943336009979248,0.05,0.0,0.0,0.11344640137963143,0.13526301702956053,-0.8868454261696187,-0.37,0.18,9.61,0.844,0.736171543598175,0.0,0.022779145278036594,1.0,1.0,7.4,0.382,True,True,False
6.963697671890259,forward_005,4.963697671890259,0.05,0.0,0.0,0.08617563181722002,0.17235126363444003,-0.7635815477475192,-0.47000000000000003,-0.32,8.28,0.767,0.6379687786102295,0.0,0.018070479854941368,1.0,1.0,7.4,0.382,True,True,False
6.984065771102905,forward_005,4.984065771102905,0.05,0.0,0.0,0.16035212502697901,0.14726215563702155,-0.33597588100890846,0.04,0.88,9.19,0.614,0.6288400888442993,0.0,0.024004675447940826,1.0,1.0,7.4,0.382,True,True,False
7.004519701004028,forward_005,5.004519701004028,0.05,0.0,0.0,0.04254240051736178,0.2596177262341565,-0.022907446432425576,-0.56,-0.58,8.81,0.384,0.6434034109115601,0.0,0.02876335009932518,1.0,1.0,7.4,0.382,True,True,False
7.024895191192627,forward_005,5.024895191192627,0.05,0.0,0.0,-0.13962634015954636,0.284706834231575,0.3294308963139297,-0.7000000000000001,0.06,8.39,0.23,0.6323397159576416,0.0,0.05896969884634017,1.0,1.0,7.4,0.382,True,True,False
7.045274257659912,forward_005,5.045274257659912,0.05,0.0,0.0,-0.2181661564992912,0.44724062082354693,0.4341506514335895,-1.86,0.9,7.98,0.614,0.6130943894386292,0.0,0.03950725682079792,1.0,1.0,7.4,0.382,True,True,False
7.065676689147949,forward_005,5.065676689147949,0.05,0.0,0.0,-0.20943951023931956,0.3785182815262702,0.20289452554434081,-1.86,0.9,7.98,0.844,0.6101985573768616,0.0,0.0275308022974059,1.0,1.0,7.4,0.382,True,True,False
7.086052894592285,forward_005,5.086052894592285,0.05,0.0,0.0,-0.23561944901923448,0.3076142806640006,0.031634092692397225,-0.62,-0.52,8.96,0.9970000000000001,0.6498054265975952,0.0,0.02772926166653633,1.0,1.0,7.4,0.382,True,True,False
7.106433629989624,forward_005,5.106433629989624,0.05,0.0,0.0,-0.346884188833873,0.11126473981463851,0.11126473981463851,-1.23,-0.27,7.21,0.9970000000000001,0.7339882254600525,0.0,0.04209240712225437,1.0,1.0,7.4,0.382,True,True,False
7.126809358596802,forward_005,5.126809358596802,0.05,0.0,0.0,-0.5290529295107811,0.014180800172453928,-0.11453723216212788,-2.56,-0.21,7.3,0.767,0.7609388828277588,0.0,0.03313352447003126,1.0,1.0,7.4,0.382,True,True,False
7.147191524505615,forward_005,5.147191524505615,0.05,0.0,0.0,-0.5737769915931359,-0.07853981633974483,-0.14726215563702155,-1.93,-0.55,9.16,0.537,0.7540650963783264,0.0,0.01773451268672943,1.0,1.0,7.2,0.9480000000000001,True,True,False
7.16851806640625,forward_005,5.16851806640625,0.05,0.0,0.0,-0.5770494839406252,-0.1341721862470641,0.09490227807719166,-1.93,-0.55,9.16,0.537,0.7215148210525513,0.0,0.016548465937376022,1.0,1.0,7.2,0.9480000000000001,True,True,False
7.188898801803589,forward_005,5.188898801803589,0.05,0.0,0.0,-0.4166973589136462,-0.37960911230876665,0.5552328682906961,-1.93,-0.55,9.16,0.537,0.7199336290359497,0.0,0.014321547001600266,1.0,1.0,7.2,0.9480000000000001,True,True,False
7.209619522094727,forward_005,5.209619522094727,0.05,0.0,0.0,-0.030543261909900768,-0.5083271446433485,0.5683228376806536,-1.93,-0.55,9.16,0.614,0.7291894555091858,0.0,0.00906943529844284,1.0,1.0,7.2,0.9480000000000001,True,True,False
7.230050563812256,forward_005,5.230050563812256,0.05,0.0,0.0,0.18544123302439752,-0.607592745850526,0.2203478180642841,0.07,-2.1,8.67,0.46,0.7706292867660522,0.0,0.009949592873454094,1.0,1.0,7.2,0.9480000000000001,True,True,False
7.250413179397583,forward_005,5.250413179397583,0.05,0.0,0.0,0.22143864884678055,-0.4276056667386107,0.031634092692397225,0.06,-0.49,9.1,0.384,0.7383492588996887,0.0,0.027097351849079132,1.0,1.0,7.2,0.9480000000000001,True,True,False
7.270783185958862,forward_005,5.270783185958862,0.05,0.0,0.0,0.2007128639793479,-0.1341721862470641,-0.38724492778624187,0.06,-0.88,9.53,0.23,0.6924458742141724,0.0,0.0233476422727108,1.0,1.0,7.2,0.9480000000000001,True,True,False
7.291159152984619,forward_005,5.291159152984619,0.05,0.0,0.0,0.16580627893946132,-0.06872233929727672,-0.5246896063807953,-0.35000000000000003,-1.81,8.99,0.23,0.7509480118751526,0.0,0.025180287193506956,1.0,1.0,7.2,0.9480000000000001,True,True,False
7.311558246612549,forward_005,5.311558246612549,0.05,0.0,0.0,0.0818123086872342,-0.001090830782496456,-0.23452861823673804,-0.16,-2.07,9.540000000000001,0.384,0.7660194635391235,0.0,0.03424754738807678,1.0,1.0,7.2,0.9480000000000001,True,True,False
7.331953048706055,forward_005,5.331953048706055,0.05,0.0,0.0,0.044724062082354694,0.002181661564992912,0.11235557059713497,0.1,-1.22,8.03,0.844,0.7480352520942688,0.0,0.03481929004192352,1.0,1.0,7.2,0.9480000000000001,True,True,False
7.352331161499023,forward_005,5.352331161499023,0.05,0.0,0.0,0.14180800172453928,-0.12217304763960307,0.36106498900632694,0.76,-1.99,8.92,1.074,0.8084938526153564,0.0,0.02685819659382105,1.0,1.0,7.3,0.391,True,True,False
7.372700214385986,forward_005,5.372700214385986,0.05,0.0,0.0,0.24216443371421323,-0.08944812416470939,0.7188574856651645,0.25,-1.68,9.28,1.074,0.7700177431106567,0.0,0.024984098970890045,1.0,1.0,7.3,0.391,True,True,False
7.393085241317749,forward_005,5.393085241317749,0.05,0.0,0.0,0.3097959422289935,-0.16035212502697901,0.7515824091400581,-0.61,-1.07,9.540000000000001,1.074,0.7040756344795227,0.0,0.06261140014976263,1.0,1.0,7.3,0.391,True,True,False
7.413456439971924,forward_005,5.413456439971924,0.05,0.0,0.0,0.3392483733563978,0.017453292519943295,0.4723297288209654,-1.42,0.35000000000000003,8.68,0.614,0.650638222694397,0.0,0.02935724426060915,1.0,1.0,7.3,0.391,True,True,False
7.433917045593262,forward_005,5.433917045593262,0.05,0.0,0.0,0.44833145160604343,0.044724062082354694,-0.15817046346198613,-0.75,0.34,9.3,0.46,0.719176173210144,0.0,0.019334973767399788,1.0,1.0,7.3,0.391,True,True,False
7.454285144805908,forward_005,5.454285144805908,0.05,0.0,0.0,0.48432886742842646,0.1559888018969932,-0.5519603759432067,-0.75,0.34,9.3,0.767,0.7759197354316711,0.0,0.019328247755765915,1.0,1.0,7.3,0.391,True,True,False
7.474655628204346,forward_005,5.474655628204346,0.05,0.0,0.0,0.346884188833873,0.28907015736156083,-0.9686577348568529,-0.75,0.34,9.3,0.9970000000000001,0.7894861102104187,0.0,0.01372765377163887,1.0,1.0,7.3,0.391,True,True,False
7.49502968788147,forward_005,5.49502968788147,0.05,0.0,0.0,0.14180800172453928,0.17780541754692233,-1.0188359508516898,0.41000000000000003,1.19,9.52,0.844,0.7465326189994812,0.0,0.023229103535413742,1.0,1.0,7.3,0.391,True,True,False
7.515409469604492,forward_005,5.515409469604492,0.05,0.0,0.0,0.12762720155208535,0.14944381720201447,-0.8290313946973066,-0.4,0.41000000000000003,7.74,0.844,0.6348549723625183,0.0,0.018259413540363312,1.0,1.0,7.3,0.391,True,True,False
7.535799980163574,forward_005,5.535799980163574,0.05,0.0,0.0,0.14180800172453928,0.07308566242726255,-0.29561514205653955,-0.04,0.88,9.74,0.614,0.6225005388259888,0.0,0.026104342192411423,1.0,1.0,7.3,0.391,True,True,False
7.5562708377838135,forward_005,5.5562708377838135,0.05,0.0,0.0,0.03381575425739013,0.26616271092913524,0.12217304763960307,-0.56,-0.75,8.870000000000001,0.307,0.6036732792854309,0.0,0.02696368284523487,1.0,1.0,7.4,0.41000000000000003,True,True,False
7.5766379833221436,forward_005,5.5766379833221436,0.05,0.0,0.0,-0.10144726277217041,0.19853120241435498,0.42542400517361784,-0.4,1.01,8.26,0.307,0.6478435397148132,0.0,0.05339971370995044,1.0,1.0,7.4,0.41000000000000003,True,True,False
7.5970118045806885,forward_005,5.5970118045806885,0.05,0.0,0.0,-0.2181661564992912,0.3948807432637171,0.3534291735288517,-1.75,1.18,8.0,0.614,0.6772174835205078,0.0,0.029460817575454712,1.0,1.0,7.4,0.41000000000000003,True,True,False
7.617377519607544,forward_005,5.617377519607544,0.05,0.0,0.0,-0.2399827721492203,0.3948807432637171,0.16144295580947549,-1.77,1.07,9.39,0.9210000000000002,0.6327397227287292,0.0,0.026019912213087082,1.0,1.0,7.4,0.41000000000000003,True,True,False
7.637753486633301,forward_005,5.637753486633301,0.05,0.0,0.0,-0.33815754257390135,0.40906154343617096,-0.007635815477475192,-0.8,0.22,8.47,0.9970000000000001,0.6842156052589417,0.0,0.03473738580942154,1.0,1.0,7.4,0.41000000000000003,True,True,False
7.658221483230591,forward_005,5.658221483230591,0.05,0.0,0.0,-0.36760997370130566,0.20507618710933373,-0.001090830782496456,-0.63,-0.5,7.25,0.9970000000000001,0.7268307209014893,0.0,0.04127507470548153,1.0,1.0,7.4,0.41000000000000003,True,True,False
7.678616523742676,forward_005,5.678616523742676,0.05,0.0,0.0,-0.49741883681838395,0.031634092692397225,-0.1439896632895322,-2.2,-1.04,7.61,0.6899999999999998,0.7611861228942871,0.0,0.03056122176349163,1.0,1.0,7.4,0.41000000000000003,True,True,False
7.699079990386963,forward_005,5.699079990386963,0.05,0.0,0.0,-0.605411084285533,-0.1734420944169365,-0.0818123086872342,-2.2,-1.04,7.61,0.384,0.7716554403305054,0.0,0.022861173376441002,1.0,1.0,7.4,0.41000000000000003,True,True,False
7.719467401504517,forward_005,5.719467401504517,0.05,0.0,0.0,-0.6501351463678877,-0.05890486225480862,0.20616701789183017,-1.9000000000000001,-1.94,9.24,0.537,0.7368956804275513,0.0,0.01597450766712427,1.0,1.0,7.4,0.41000000000000003,True,True,False
7.739847898483276,forward_005,5.739847898483276,0.05,0.0,0.0,-0.5159629601208237,-0.3108867730114899,0.5737769915931359,-1.9000000000000001,-1.94,9.24,0.614,0.7301928400993347,0.0,0.016284910961985588,1.0,1.0,7.4,0.41000000000000003,True,True,False
7.760316371917725,forward_005,5.760316371917725,0.05,0.0,0.0,-0.31525009614147576,-0.4134248665661568,0.6239552075879728,-1.9000000000000001,-1.94,9.24,0.614,0.7281351089477539,0.0,0.007818691432476044,1.0,1.0,7.4,0.32500000000000007,True,True,False
7.780687093734741,forward_005,5.780687093734741,0.05,0.0,0.0,0.07635815477475191,-0.5443245604657315,0.48651052899341934,-1.9000000000000001,-1.94,9.24,0.614,0.7350262999534607,0.0,0.020020250231027603,1.0,1.0,7.4,0.32500000000000007,True,True,False
7.801068544387817,forward_005,5.801068544387817,0.05,0.0,0.0,0.24980024919168842,-0.45814892864851153,-0.014180800172453928,-0.09,0.14,8.950000000000001,0.46,0.7352604269981384,0.0,0.02366073988378048,1.0,1.0,7.4,0.32500000000000007,True,True,False
7.821442365646362,forward_005,5.821442365646362,0.05,0.0,0.0,0.2476185876266955,-0.1538071403320003,-0.48651052899341934,0.18,-1.32,9.290000000000001,0.307,0.6586291193962097,0.0,0.02412833645939827,1.0,1.0,7.4,0.32500000000000007,True,True,False
7.841870307922363,forward_005,5.841870307922363,0.05,0.0,0.0,0.23125612588924865,-0.07853981633974483,-0.5268712679457882,-0.6,-1.1500000000000001,7.84,0.23,0.6860314011573792,0.0,0.028303842060267925,1.0,1.0,7.4,0.32500000000000007,True,True,False
7.862239599227905,forward_005,5.862239599227905,0.05,0.0,0.0,0.13853550937704992,-0.05890486225480862,-0.2279836335417593,-0.59,-1.85,9.63,0.614,0.7539028525352478,0.0,0.03825346939265728,1.0,1.0,7.4,0.32500000000000007,True,True,False
7.882613658905029,forward_005,5.882613658905029,0.05,0.0,0.0,0.0916297857297023,-0.013089969389957472,-0.04908738521234052,-0.06,-1.79,8.2,0.844,0.7772325873374939,0.0,0.03562307730317116,1.0,1.0,7.4,0.32500000000000007,True,True,False
7.902997255325317,forward_005,5.902997255325317,0.05,0.0,0.0,0.1505346479845109,-0.11344640137963143,0.36979163526629855,1.32,-1.69,8.72,1.074,0.8108518123626709,0.0,0.018838531337678432,1.0,1.0,7.4,0.32500000000000007,True,True,False
7.923407316207886,forward_005,5.923407316207886,0.05,0.0,0.0,0.27707101875409984,-0.09272061651219876,0.6523168079328807,0.09,-1.61,9.17,1.227,0.7838359475135803,0.0,0.027036182582378387,1.0,1.0,7.4,0.32500000000000007,True,True,False
7.943795680999756,forward_005,5.943795680999756,0.05,0.0,0.0,0.3010692959690218,-0.07417649320975901,0.6752242543653062,-0.78,-1.31,8.58,1.304,0.7121144533157349,0.0,0.06106555927544832,1.0,1.0,7.4,0.32500000000000007,True,True,False
7.964275598526001,forward_005,5.964275598526001,0.05,0.0,0.0,0.3490658503988659,-0.006544984694978736,0.495237175253391,-1.42,0.72,9.290000000000001,1.074,0.6520262956619263,0.0,0.028372052125632763,1.0,1.0,7.2,0.865,True,True,False
7.984647274017334,forward_005,5.984647274017334,0.05,0.0,0.0,0.4526947747360292,0.0545415391248228,-0.10035643198967395,-0.87,-0.09,8.58,0.614,0.7210893034934998,0.0,0.015197435393929482,1.0,1.0,7.2,0.865,True,True,False
8.005025386810303,stop_after_005,0.005025386810302734,0.0,0.0,0.0,0.43960480534607177,0.10362892433716332,-0.5508695451607103,-0.87,-0.09,8.58,0.844,0.6907080411911011,0.0,0.022091634571552277,1.0,1.0,7.2,0.865,True,True,False
8.025404691696167,stop_after_005,0.025404691696166992,0.0,0.0,0.0,0.2617993877991494,0.2650718801466388,-0.9173886880795195,-0.87,-0.09,8.58,0.9210000000000002,0.6714932322502136,0.0,0.009267061948776245,1.0,1.0,7.2,0.865,True,True,False
8.045772552490234,stop_after_005,0.045772552490234375,0.0,0.0,0.0,0.10690141668465268,0.1090830782496456,-0.9348419805994628,-0.87,-0.09,8.58,0.844,0.6267005801200867,0.0,0.033634158316999674,1.0,1.0,7.2,0.865,True,True,False
8.066146850585938,stop_after_005,0.0661468505859375,0.0,0.0,0.0,0.08508480103472356,0.18871372537188688,-0.7821256710499589,-0.31,-0.63,7.71,0.6899999999999998,0.5898338556289673,0.0,0.021759264171123505,1.0,1.0,7.2,0.865,True,True,False
8.086532354354858,stop_after_005,0.0865323543548584,0.0,0.0,0.0,0.16798794050445423,0.0719948316447661,-0.2879793265790644,-0.08,0.47000000000000003,9.25,0.46,0.542402446269989,0.0,0.020884213969111443,1.0,1.0,7.2,0.865,True,True,False
8.10701584815979,stop_after_005,0.10701584815979004,0.0,0.0,0.0,0.07090400086226964,0.2203478180642841,0.1439896632895322,-0.93,-1.17,8.540000000000001,0.23,0.4772135019302368,0.0,0.03360410408640746,1.0,1.0,7.2,0.865,True,True,False
8.127513885498047,stop_after_005,0.12751388549804688,0.0,0.0,0.0,-0.10144726277217041,0.20616701789183017,0.42978732830360367,-0.42,1.02,7.640000000000001,0.614,0.6520663499832153,0.0,0.03446983266621828,1.0,1.0,7.2,0.865,True,True,False
8.147908687591553,stop_after_005,0.14790868759155273,0.0,0.0,0.0,-0.24107360293171676,0.2977968036215325,0.2617993877991494,-1.51,0.58,8.23,0.844,0.8083259463310242,0.0,0.02654469572007656,1.0,1.0,7.2,0.865,True,True,False
8.168396472930908,stop_after_005,0.1683964729309082,0.0,0.0,0.0,-0.24980024919168842,0.3370667117914049,0.1810779098944117,-1.9100000000000001,0.81,9.36,0.9210000000000002,0.708259105682373,0.0,0.0218389630317688,1.0,1.0,7.4,0.365,True,True,False
8.189675092697144,stop_after_005,0.18967509269714355,0.0,0.0,0.0,-0.3621558197888234,0.38288160465625604,0.10253809355466686,-0.86,0.19,8.28,0.844,0.7429006695747375,0.0,0.019088244065642357,1.0,1.0,7.4,0.365,True,True,False
8.21004343032837,stop_after_005,0.21004343032836914,0.0,0.0,0.0,-0.49960049838337683,0.1461713248545251,0.10362892433716332,-1.33,-0.22,8.39,0.614,0.7506780624389648,0.0,0.03139775060117245,1.0,1.0,7.4,0.365,True,True,False
8.230424880981445,stop_after_005,0.2304248809814453,0.0,0.0,0.0,-0.4494222823885399,0.09708393964218458,0.16471544815696484,-2.16,-0.59,8.91,0.537,0.8031946420669556,0.0,0.02659299224615097,1.0,1.0,7.4,0.365,True,True,False
8.250806331634521,stop_after_005,0.2508063316345215,0.0,0.0,0.0,-0.4821472058634335,-0.15162547876700738,0.1461713248545251,-2.16,-0.59,8.91,0.384,0.8113064169883728,0.0,0.02581706829369068,1.0,1.0,7.4,0.365,True,True,False
8.27117657661438,stop_after_005,0.2711765766143799,0.0,0.0,0.0,-0.3981532356112064,-0.2748893571891069,0.2716168648416175,-2.16,-0.59,8.91,0.46,0.778910756111145,0.0,0.014996465295553207,1.0,1.0,7.4,0.365,True,True,False
8.291641473770142,stop_after_005,0.2916414737701416,0.0,0.0,0.0,-0.23671027980173096,-0.4286964975211072,0.31634092692397225,-1.4000000000000001,-1.37,9.14,0.384,0.7523964047431946,0.0,0.012327555101364851,1.0,1.0,7.4,0.365,True,True,False
8.312021017074585,stop_after_005,0.31202101707458496,0.0,0.0,0.0,-0.031634092692397225,-0.4788747135159442,0.15271630954950383,-1.36,-0.77,8.9,0.537,0.742385745048523,0.0,0.014040319249033928,1.0,1.0,7.4,0.365,True,True,False
8.33247447013855,stop_after_005,0.3324744701385498,0.0,0.0,0.0,0.12326387842209953,-0.5443245604657315,-0.026179938779914945,-1.36,-0.77,8.9,0.6899999999999998,0.7392999529838562,0.0,0.008933880366384983,1.0,1.0,7.4,0.365,True,True,False
8.352858781814575,stop_after_005,0.3528587818145752,0.0,0.0,0.0,0.11017390903214205,-0.43960480534607177,-0.3490658503988659,0.43,-0.68,9.120000000000001,0.614,0.6823742985725403,0.0,0.02738315984606743,1.0,1.0,7.4,0.365,True,True,False
8.373233318328857,stop_after_005,0.3732333183288574,0.0,0.0,0.0,0.06435901616729091,-0.15926129424448257,-0.40906154343617096,-0.09,-0.38,8.14,0.23,0.612406313419342,0.0,0.027986779808998108,1.0,1.0,7.3,0.5130000000000001,True,True,False
8.393601655960083,stop_after_005,0.393601655960083,0.0,0.0,0.0,0.04145156973486533,-0.14289883250703572,-0.35452000431134817,-0.2,-0.41000000000000003,9.31,0.23,0.7890108227729797,0.0,0.04195092245936394,1.0,1.0,7.3,0.5130000000000001,True,True,False
8.413971662521362,stop_after_005,0.4139716625213623,0.0,0.0,0.0,0.015271630954950384,-0.09926560120717749,-0.18871372537188688,-0.08,-0.6,8.66,0.614,0.862076461315155,0.0,0.0342339463531971,1.0,1.0,7.3,0.5130000000000001,True,True,False
8.43447732925415,stop_after_005,0.4344773292541504,0.0,0.0,0.0,0.017453292519943295,-0.12217304763960307,0.030543261909900768,0.03,-1.26,9.74,1.151,0.8790961503982544,0.0,0.019767661578953266,1.0,1.0,7.3,0.5130000000000001,True,True,False
8.454916954040527,stop_after_005,0.45491695404052734,0.0,0.0,0.0,0.13853550937704992,-0.16798794050445423,0.3817907738737596,0.22,-1.46,8.3,1.151,0.8371464014053345,0.0,0.02729066275060177,1.0,1.0,7.3,0.5130000000000001,True,True,False
8.475282192230225,stop_after_005,0.4752821922302246,0.0,0.0,0.0,0.3119776037939864,-0.19198621771937624,0.5999569303730508,0.67,-2.24,7.99,1.304,0.7795922160148621,0.0,0.035485051572322845,1.0,1.0,7.3,0.5130000000000001,True,True,False
8.495715379714966,stop_after_005,0.4957153797149658,0.0,0.0,0.0,0.5083271446433485,-0.1407171709420428,0.7123125009701857,0.67,-2.24,7.99,1.227,0.744094729423523,0.0,0.05663501378148794,1.0,1.0,7.3,0.5130000000000001,True,True,False
8.516098737716675,stop_after_005,0.5160987377166748,0.0,0.0,0.0,0.3937899124812206,-0.06217735460229799,0.28688849579656794,-0.64,-1.59,8.76,0.6899999999999998,0.7341311573982239,0.0,0.023853455670177937,1.0,1.0,7.3,0.5130000000000001,True,True,False
8.53646993637085,stop_after_005,0.5364699363708496,0.0,0.0,0.0,0.34470252726888007,-0.006544984694978736,0.10035643198967395,-0.64,-1.59,8.76,0.46,0.7301543951034546,0.0,0.0183513096999377,1.0,1.0,7.3,0.5130000000000001,True,True,False
8.556849718093872,stop_after_005,0.5568497180938721,0.0,0.0,0.0,0.24652775684419906,0.16035212502697901,-0.35124751196385884,-0.64,-1.59,8.76,0.844,0.6805164813995361,0.0,0.018115900456905365,1.0,1.0,7.3,0.5130000000000001,True,True,False
8.577218532562256,stop_after_005,0.5772185325622559,0.0,0.0,0.0,0.19634954084936207,0.12544553998709243,-0.5290529295107811,-0.64,-1.59,8.76,0.9970000000000001,0.7236127853393555,0.0,0.014771740883588791,1.0,1.0,7.4,0.364,True,True,False
8.597586393356323,stop_after_005,0.5975863933563232,0.0,0.0,0.0,0.031634092692397225,0.18762289458939044,-0.4657847441259867,0.27,1.3900000000000001,9.36,0.9210000000000002,0.6930896043777466,0.0,0.014015518128871918,1.0,1.0,7.4,0.364,True,True,False
8.617974996566772,stop_after_005,0.6179749965667725,0.0,0.0,0.0,-0.05345070834232634,0.20289452554434081,-0.3916082509162277,-0.5700000000000001,0.99,8.23,0.9210000000000002,0.6901497840881348,0.0,0.01569376513361931,1.0,1.0,7.4,0.364,True,True,False
8.638344526290894,stop_after_005,0.6383445262908936,0.0,0.0,0.0,-0.03381575425739013,0.2203478180642841,-0.2814343418840856,-0.62,1.48,8.28,0.6899999999999998,0.6251702308654785,0.0,0.01372918114066124,1.0,1.0,7.4,0.364,True,True,False
8.658733606338501,stop_after_005,0.658733606338501,0.0,0.0,0.0,-0.04581489286485115,0.17016960206944712,-0.16689710972195776,-0.37,0.12,8.52,0.384,0.5963486433029175,0.0,0.03548454586416483,1.0,1.0,7.4,0.364,True,True,False
8.679215908050537,stop_after_005,0.6792159080505371,0.0,0.0,0.0,-0.20616701789183017,0.2814343418840856,-0.006544984694978736,-0.34,0.23,7.7,0.23,0.6307749152183533,0.0,0.04490303620696068,1.0,1.0,7.4,0.364,True,True,False
8.699599742889404,stop_after_005,0.6995997428894043,0.0,0.0,0.0,-0.27379852640661045,0.30870511144649704,0.16253378659197193,-1.35,-0.6,9.040000000000001,0.307,0.716361939907074,0.0,0.03641248308122158,1.0,1.0,7.4,0.364,True,True,False
8.719977855682373,stop_after_005,0.719977855682373,0.0,0.0,0.0,-0.23452861823673804,0.3643374813538163,0.24870941840919197,-0.99,-0.91,9.200000000000001,0.537,0.7437130212783813,0.0,0.021251583006232977,1.0,1.0,7.4,0.364,True,True,False
8.740448474884033,stop_after_005,0.7404484748840332,0.0,0.0,0.0,-0.2792526803190927,0.11671889372712078,0.20398535632683726,-0.93,-1.36,9.05,0.844,0.7814546227455139,0.0,0.024947166442871094,1.0,1.0,7.4,0.364,True,True,False
8.76080870628357,stop_after_005,0.7608087062835693,0.0,0.0,0.0,-0.4014257279586958,0.031634092692397225,0.23234695667174513,-1.53,-1.25,7.26,0.844,0.823738694190979,0.0,0.03461216017603874,1.0,1.0,7.4,0.364,True,True,False
8.781299591064453,stop_after_005,0.7812995910644531,0.0,0.0,0.0,-0.5181446216858165,-0.03381575425739013,0.22471114119426994,-1.48,-1.1500000000000001,8.43,0.614,0.8259369134902954,0.0,0.029244916513562202,1.0,1.0,7.3,0.7280000000000001,True,True,False
8.80166482925415,stop_after_005,0.8016648292541504,0.0,0.0,0.0,-0.42978732830360367,0.022907446432425576,0.16144295580947549,-1.48,-1.1500000000000001,8.43,0.384,0.8066030144691467,0.0,0.022303929552435875,1.0,1.0,7.3,0.7280000000000001,True,True,False
8.822044849395752,stop_after_005,0.822044849395752,0.0,0.0,0.0,-0.05890486225480862,-0.2977968036215325,0.16035212502697901,-1.48,-1.1500000000000001,8.43,0.537,0.7607966065406799,0.0,0.027774807065725327,1.0,1.0,7.3,0.7280000000000001,True,True,False
8.842418670654297,stop_after_005,0.8424186706542969,0.0,0.0,0.0,0.022907446432425576,-0.4188790204786391,0.0545415391248228,-1.48,-1.1500000000000001,8.43,0.6899999999999998,0.7652624845504761,0.0,0.014098865911364555,1.0,1.0,7.3,0.7280000000000001,True,True,False
8.862803936004639,stop_after_005,0.8628039360046387,0.0,0.0,0.0,0.08399397025222712,-0.38942658935123475,-0.06435901616729091,-1.48,-1.1500000000000001,8.43,0.537,0.7691000699996948,0.0,0.004755161702632904,1.0,1.0,7.3,0.7280000000000001,True,True,False
8.883296728134155,stop_after_005,0.8832967281341553,0.0,0.0,0.0,0.23889194136672387,-0.37306412761378793,-0.25089107997418486,-1.48,-1.1500000000000001,8.43,0.46,0.7447534203529358,0.0,0.00957370176911354,1.0,1.0,7.3,0.7280000000000001,True,True,False
8.90366792678833,stop_after_005,0.9036679267883301,0.0,0.0,0.0,0.2596177262341565,-0.10144726277217041,-0.42215151282612845,-0.01,-0.18,7.95,0.46,0.6412761807441711,0.0,0.019378449767827988,1.0,1.0,7.3,0.7280000000000001,True,True,False
8.924197912216187,stop_after_005,0.9241979122161865,0.0,0.0,0.0,0.1810779098944117,-0.06981317007977318,-0.3916082509162277,-0.17,-0.6900000000000001,8.92,0.23,0.6457083821296692,0.0,0.030511785065755248,1.0,1.0,7.3,0.7280000000000001,True,True,False
8.944590091705322,stop_after_005,0.9445900917053223,0.0,0.0,0.0,0.10690141668465268,-0.04254240051736178,-0.0719948316447661,-0.17,-0.6900000000000001,8.92,0.23,0.7967602014541626,0.0,0.04809892573393881,1.0,1.0,7.3,0.7280000000000001,True,True,False
8.964963674545288,stop_after_005,0.9649636745452881,0.0,0.0,0.0,0.04690572364734761,0.03490658503988659,-0.03599741582238305,-0.02,-0.24,7.86,0.384,0.8645586967468262,0.0,0.037487298250198364,1.0,1.0,7.3,0.7280000000000001,True,True,False
8.985326290130615,stop_after_005,0.9853262901306152,0.0,0.0,0.0,0.031634092692397225,-0.16035212502697901,0.136353847812057,-0.28,-0.58,9.4,0.614,0.8743190765380859,0.0,0.029273242689669132,1.0,1.0,7.3,0.525,True,True,False
9.005698204040527,stop_after_005,1.0056982040405273,0.0,0.0,0.0,0.0719948316447661,-0.1189005552921137,0.48651052899341934,0.42,-0.51,9.1,0.9970000000000001,0.8296298384666443,0.0,0.017185554839670658,1.0,1.0,7.3,0.525,True,True,False
9.026086807250977,stop_after_005,1.0260868072509766,0.0,0.0,0.0,0.11562806294462433,-0.15271630954950383,0.5148721293383273,-0.09,-2.29,7.78,1.304,0.7787060737609863,0.0,0.038487501442432404,1.0,1.0,7.3,0.525,True,True,False
9.04648470878601,stop_after_005,1.0464847087860107,0.0,0.0,0.0,0.23561944901923448,-0.24107360293171676,0.5388704065532492,-0.09,-2.29,7.78,1.151,0.7408760786056519,0.0,0.05510152818169445,1.0,1.0,7.3,0.525,True,True,False
9.06687593460083,stop_after_005,1.06687593460083,0.0,0.0,0.0,0.4286964975211072,-0.08508480103472356,0.33597588100890846,0.18,-1.09,9.3,0.767,0.7266227006912231,0.0,0.02563449798617512,1.0,1.0,7.3,0.525,True,True,False
9.08724594116211,stop_after_005,1.0872459411621094,0.0,0.0,0.0,0.4505131131710363,0.07308566242726255,0.09708393964218458,-0.46,-1.0,9.42,0.46,0.7239919900894165,0.0,0.015981997246854007,1.0,1.0,7.3,0.525,True,True,False
9.107675552368164,stop_after_005,1.107675552368164,0.0,0.0,0.0,0.3534291735288517,0.1538071403320003,-0.37306412761378793,-0.46,-1.0,9.42,0.6899999999999998,0.6833531856536865,0.0,0.01862194389104843,1.0,1.0,7.3,0.525,True,True,False
9.128063201904297,stop_after_005,1.1280632019042969,0.0,0.0,0.0,0.16689710972195776,0.21162117180431245,-0.6883142237552637,-0.46,-1.0,9.42,0.9970000000000001,0.7334312200546265,0.0,0.014932088553905487,1.0,1.0,7.3,0.525,True,True,False
9.148437023162842,stop_after_005,1.1484370231628418,0.0,0.0,0.0,0.136353847812057,0.0719948316447661,-0.519235452468313,0.9,1.42,9.63,0.9210000000000002,0.6761850118637085,0.0,0.014094054698944092,1.0,1.0,7.3,0.525,True,True,False
9.168805360794067,stop_after_005,1.1688053607940674,0.0,0.0,0.0,0.03381575425739013,0.25089107997418486,-0.4505131131710363,0.0,0.9,8.25,0.9210000000000002,0.6741431355476379,0.0,0.015966128557920456,1.0,1.0,7.3,0.525,True,True,False
9.189289569854736,stop_after_005,1.1892895698547363,0.0,0.0,0.0,0.038179077387375956,0.13744467859455345,-0.2628902185816459,-0.56,1.34,8.42,0.6899999999999998,0.6148433685302734,0.0,0.014684793190099299,1.0,1.0,7.4,0.319,True,True,False
9.21035361289978,stop_after_005,1.2103536128997803,0.0,0.0,0.0,-0.05345070834232634,0.21925698728178766,-0.11671889372712078,-0.52,-0.02,8.76,0.307,0.5427929759025574,0.0,0.04096627701073885,1.0,1.0,7.4,0.319,True,True,False
9.230831861495972,stop_after_005,1.2308318614959717,0.0,0.0,0.0,-0.1930770485018727,0.3567016658763411,0.1308996938995747,-1.05,-0.05,8.48,0.23,0.612575113773346,0.0,0.044536312809213996,1.0,1.0,7.4,0.319,True,True,False
9.251222372055054,stop_after_005,1.2512223720550537,0.0,0.0,0.0,-0.24434609527920614,0.44833145160604343,0.30543261909900765,-1.53,-0.17,8.63,0.384,0.7156257033348083,0.0,0.030676499009132385,1.0,1.0,7.4,0.319,True,True,False
9.271618604660034,stop_after_005,1.2716186046600342,0.0,0.0,0.0,-0.26070855701665296,0.24652775684419906,0.0545415391248228,-0.63,-0.8200000000000001,9.71,0.844,0.7528935670852661,0.0,0.027112659998238087,1.0,1.0,7.4,0.319,True,True,False
9.29208755493164,stop_after_005,1.2920875549316406,0.0,0.0,0.0,-0.3741549583962844,0.14289883250703572,0.1265363707695889,-1.08,-1.3900000000000001,7.6000000000000005,0.9210000000000002,0.8344456553459167,0.0,0.02767202816903591,1.0,1.0,7.4,0.319,True,True,False
9.312460660934448,stop_after_005,1.3124606609344482,0.0,0.0,0.0,-0.5628686837681712,-0.05890486225480862,0.17453292519943295,-1.79,-0.8200000000000001,7.54,0.844,0.8243405222892761,0.0,0.03523215278983116,1.0,1.0,7.4,0.319,True,True,False
9.333067893981934,stop_after_005,1.3330678939819336,0.0,0.0,0.0,-0.5563236990731926,0.05126904677733343,0.1265363707695889,-2.2,-0.85,9.03,0.537,0.8226090669631958,0.0,0.03159457817673683,1.0,1.0,7.4,0.319,True,True,False
9.353451490402222,stop_after_005,1.3534514904022217,0.0,0.0,0.0,-0.4014257279586958,-0.07308566242726255,0.17235126363444003,-2.2,-0.85,9.03,0.46,0.8018710613250732,0.0,0.01705026999115944,1.0,1.0,7.4,0.319,True,True,False
9.373828172683716,stop_after_005,1.3738281726837158,0.0,0.0,0.0,-0.16907877128695067,-0.3436116964863836,0.2279836335417593,-2.2,-0.85,9.03,0.46,0.7664662599563599,0.0,0.023048282600939274,1.0,1.0,7.4,0.319,True,True,False
9.394205093383789,stop_after_005,1.394205093383789,0.0,0.0,0.0,-0.08290313946973066,-0.49741883681838395,0.05345070834232634,-1.09,-1.1500000000000001,8.97,0.46,0.7829335331916809,0.0,0.011814134195446968,1.0,1.0,7.4,0.383,True,True,False
9.414571046829224,stop_after_005,1.4145710468292236,0.0,0.0,0.0,0.04799655442984406,-0.5366887449882564,0.05781403147231216,-1.09,-1.1500000000000001,8.97,0.537,0.7807514071464539,0.0,0.006378190591931343,1.0,1.0,7.4,0.383,True,True,False
9.434956789016724,stop_after_005,1.4349567890167236,0.0,0.0,0.0,0.16580627893946132,-0.27052603405912107,-0.20507618710933373,-1.09,-1.1500000000000001,8.97,0.537,0.7267612814903259,0.0,0.013905222527682781,1.0,1.0,7.4,0.383,True,True,False
9.45533275604248,stop_after_005,1.4553327560424805,0.0,0.0,0.0,0.16580627893946132,-0.27052603405912107,-0.20507618710933373,-0.38,-0.77,7.25,0.46,0.7042551040649414,0.0,0.01636977680027485,1.0,1.0,7.4,0.383,True,True,False
9.47570252418518,stop_after_005,1.4757025241851807,0.0,0.0,0.0,0.1832595714594046,-0.1189005552921137,-0.4308781590861001,-0.07,-0.92,9.4,0.307,0.6284842491149902,0.0,0.029020192101597786,1.0,1.0,7.4,0.383,True,True,False
9.496221542358398,stop_after_005,1.4962215423583984,0.0,0.0,0.0,0.08944812416470939,0.017453292519943295,-0.17016960206944712,0.22,0.16,9.27,0.23,0.7603451013565063,0.0,0.0469859316945076,1.0,1.0,7.4,0.383,True,True,False
9.516610622406006,stop_after_005,1.5166106224060059,0.0,0.0,0.0,0.05345070834232634,-0.039269908169872414,-0.13308135546456762,0.0,0.16,7.92,0.384,0.8646702766418457,0.0,0.03813209384679794,1.0,1.0,7.4,0.383,True,True,False
9.536983251571655,stop_after_005,1.5369832515716553,0.0,0.0,0.0,0.06872233929727672,-0.044724062082354694,0.09490227807719166,0.0,0.16,7.92,0.844,0.876107394695282,0.0,0.01843010657466948,1.0,1.0,7.4,0.383,True,True,False
9.557351350784302,stop_after_005,1.5573513507843018,0.0,0.0,0.0,0.04363323129985824,-0.08508480103472356,0.3937899124812206,0.34,-1.04,8.57,1.074,0.8408106565475464,0.0,0.018031908199191093,1.0,1.0,7.4,0.383,True,True,False
9.577730417251587,stop_after_005,1.577730417251587,0.0,0.0,0.0,0.20616701789183017,-0.17453292519943295,0.5377795757707527,0.0,-1.92,8.0,1.381,0.805099606513977,0.0,0.0378926582634449,1.0,1.0,7.4,0.383,True,True,False
9.598103046417236,stop_after_005,1.5981030464172363,0.0,0.0,0.0,0.30652344988150415,-0.1189005552921137,0.5803219762881145,-0.5,-1.51,9.28,1.151,0.7527190446853638,0.0,0.05396031681448221,1.0,1.0,7.4,0.414,True,True,False
9.618480920791626,stop_after_005,1.618480920791626,0.0,0.0,0.0,0.4461497900410505,-0.09272061651219876,0.39269908169872414,-0.47000000000000003,-1.68,8.96,0.537,0.7459750771522522,0.0,0.024674548767507076,1.0,1.0,7.4,0.414,True,True,False
9.638956308364868,stop_after_005,1.6389563083648682,0.0,0.0,0.0,0.4526947747360292,0.028361600344907856,0.22143864884678055,-0.41000000000000003,-0.98,9.52,0.46,0.743055522441864,0.0,0.01793347275815904,1.0,1.0,7.4,0.414,True,True,False
9.659438371658325,stop_after_005,1.6594383716583252,0.0,0.0,0.0,0.3294308963139297,0.11671889372712078,-0.21925698728178766,-0.41000000000000003,-0.98,9.52,0.767,0.6875792145729065,0.0,0.015229873359203339,1.0,1.0,7.4,0.414,True,True,False
9.67981743812561,stop_after_005,1.6798174381256104,0.0,0.0,0.0,0.15926129424448257,0.14289883250703572,-0.5759586531581288,-0.41000000000000003,-0.98,9.52,0.9970000000000001,0.7487676739692688,0.0,0.015604440122842789,1.0,1.0,7.4,0.414,True,True,False
9.700403451919556,stop_after_005,1.7004034519195557,0.0,0.0,0.0,0.1265363707695889,0.12435470920459599,-0.5465062220307244,0.01,1.4000000000000001,9.71,0.9210000000000002,0.7126251459121704,0.0,0.009331963956356049,1.0,1.0,7.4,0.414,True,True,False
9.72082805633545,stop_after_005,1.7208280563354492,0.0,0.0,0.0,0.0818123086872342,0.19853120241435498,-0.44178646691106466,-0.17,1.25,8.21,0.844,0.6892421245574951,0.0,0.014671174809336662,1.0,1.0,7.4,0.414,True,True,False
9.741202354431152,stop_after_005,1.7412023544311523,0.0,0.0,0.0,-0.014180800172453928,0.19962203319685143,-0.4145156973486533,-0.52,1.17,8.03,0.614,0.6501674056053162,0.0,0.013625741004943848,1.0,1.0,7.4,0.414,True,True,False
9.761575698852539,stop_after_005,1.761575698852539,0.0,0.0,0.0,-0.04581489286485115,0.1930770485018727,-0.2279836335417593,-0.43,0.32,8.9,0.384,0.5635151267051697,0.0,0.03579712565988302,1.0,1.0,7.4,0.414,True,True,False
9.781966209411621,stop_after_005,1.781966209411621,0.0,0.0,0.0,-0.16798794050445423,0.385063266221249,0.038179077387375956,-0.8300000000000001,0.04,7.97,0.23,0.6744028925895691,0.0,0.03645271575078368,1.0,1.0,7.4,0.414,True,True,False
9.802354574203491,stop_after_005,1.8023545742034912,0.0,0.0,0.0,-0.2781618495365963,0.41560652813114973,0.19962203319685143,-1.16,-0.46,8.58,0.537,0.7555930018424988,0.0,0.028707098215818405,1.0,1.0,7.4,0.44899999999999995,True,True,False
9.822726488113403,stop_after_005,1.8227264881134033,0.0,0.0,0.0,-0.2901609881440573,0.3327033886614191,0.3108867730114899,-0.88,-0.43,9.48,0.844,0.7491055727005005,0.0,0.024281177204102278,1.0,1.0,7.4,0.44899999999999995,True,True,False
9.843101501464844,stop_after_005,1.8431015014648438,0.0,0.0,0.0,-0.37742745074377376,0.1308996938995747,0.22471114119426994,-1.55,-1.17,7.17,0.9970000000000001,0.8520783185958862,0.0,0.03614204004406929,1.0,1.0,7.4,0.44899999999999995,True,True,False
9.863501787185669,stop_after_005,1.863501787185669,0.0,0.0,0.0,-0.5246896063807953,-0.028361600344907856,0.19744037163185854,-1.44,-1.18,7.09,0.9210000000000002,0.8267837762832642,0.0,0.041075343266129494,1.0,1.0,7.4,0.44899999999999995,True,True,False
9.883884191513062,stop_after_005,1.8838841915130615,0.0,0.0,0.0,-0.5159629601208237,0.08726646259971647,0.16144295580947549,-2.3000000000000003,-0.9400000000000001,9.08,0.614,0.8203357458114624,0.0,0.033893948420882225,1.0,1.0,7.4,0.44899999999999995,True,True,False
9.90435528755188,stop_after_005,1.9043552875518799,0.0,0.0,0.0,-0.3959715740462135,-0.04254240051736178,0.17889624832941878,-2.3000000000000003,-0.9400000000000001,9.08,0.46,0.800849437713623,0.0,0.020737934857606888,1.0,1.0,7.4,0.44899999999999995,True,True,False
9.924853801727295,stop_after_005,1.924853801727295,0.0,0.0,0.0,-0.20507618710933373,-0.2814343418840856,0.15707963267948966,-2.3000000000000003,-0.9400000000000001,9.08,0.537,0.7646251916885376,0.0,0.02268354780972004,1.0,1.0,7.4,0.44899999999999995,True,True,False
9.94524335861206,stop_after_005,1.9452433586120605,0.0,0.0,0.0,-0.030543261909900768,-0.4930555136883981,0.05781403147231216,-1.23,-0.92,9.22,0.537,0.7744386792182922,0.0,0.011068020015954971,1.0,1.0,7.4,0.44899999999999995,True,True,False
9.9656240940094,stop_after_005,1.9656240940093994,0.0,0.0,0.0,0.05999569303730508,-0.5290529295107811,0.09926560120717749,-1.23,-0.92,9.22,0.537,0.778319776058197,0.0,0.006535300984978676,1.0,1.0,7.4,0.44899999999999995,True,True,False
9.986008644104004,stop_after_005,1.986008644104004,0.0,0.0,0.0,0.1341721862470641,-0.30652344988150415,-0.09708393964218458,-1.23,-0.92,9.22,0.537,0.7350680232048035,0.0,0.011579499579966068,1.0,1.0,7.4,0.44899999999999995,True,True,False
10.006373405456543,forward_010,0.006373405456542969,0.1,0.0,0.0,0.2203478180642841,-0.1461713248545251,-0.5530512067257032,-0.21,0.04,7.83,0.384,0.73256915807724,0.0,0.05024108104407787,1.0,1.0,7.4,0.265,True,True,False
10.026744604110718,forward_010,0.026744604110717773,0.1,0.0,0.0,0.22471114119426994,-0.0719948316447661,-0.44833145160604343,-0.15,-0.37,9.22,0.23,0.6797142624855042,0.0,0.02148335729725659,1.0,1.0,7.4,0.265,True,True,False
10.047131299972534,forward_010,0.04713129997253418,0.1,0.0,0.0,0.08399397025222712,-0.01090830782496456,-0.23452861823673804,-0.15,-0.37,9.22,0.307,0.6911948323249817,0.0,0.04225057363510132,1.0,1.0,7.4,0.265,True,True,False
10.067504405975342,forward_010,0.0675044059753418,0.1,0.0,0.0,0.044724062082354694,0.003272492347489368,-0.16253378659197193,0.0,-0.01,8.13,0.614,0.7243718504905701,0.0,0.0434460649266839,1.0,1.0,7.4,0.265,True,True,False
10.087887525558472,forward_010,0.08788752555847168,0.1,0.0,0.0,0.08072147790473774,-0.07308566242726255,-0.01090830782496456,0.26,-1.4000000000000001,9.6,0.844,0.7210235595703125,0.0,0.045215288177132607,1.0,1.0,7.4,0.265,True,True,False
10.108361959457397,forward_010,0.10836195945739746,0.1,0.0,0.0,0.039269908169872414,-0.031634092692397225,0.346884188833873,0.27,-1.82,8.72,0.6899999999999998,0.7877044081687927,0.0,0.02267126925289631,1.0,1.0,7.4,0.265,True,True,False
10.128747940063477,forward_010,0.12874794006347656,0.1,0.0,0.0,0.10035643198967395,-0.21925698728178766,0.6032294227205401,0.0,-2.08,8.9,1.074,0.7971548438072205,0.0,0.030684384051710367,1.0,1.0,7.4,0.265,True,True,False
10.149122714996338,forward_010,0.1491227149963379,0.1,0.0,0.0,0.2279836335417593,-0.09926560120717749,0.7875798249624412,0.0,-2.08,8.9,1.151,0.723320722579956,0.0,0.059761750511825085,1.0,1.0,7.4,0.265,True,True,False
10.169492244720459,forward_010,0.16949224472045898,0.1,0.0,0.0,0.3076142806640006,0.0719948316447661,0.7428557628800865,-0.9,-1.04,7.28,0.767,0.7429190278053284,0.0,0.030558369122445583,1.0,1.0,7.4,0.265,True,True,False
10.189869165420532,forward_010,0.18986916542053223,0.1,0.0,0.0,0.46687557490848314,-0.08508480103472356,0.3337942194439155,0.54,0.36,8.790000000000001,0.6899999999999998,0.8190142512321472,0.0,0.009233564138412476,1.0,1.0,7.4,0.265,True,True,False
10.210359811782837,forward_010,0.21035981178283691,0.1,0.0,0.0,0.5650503453331642,0.11453723216212788,-0.32615840396644036,0.54,0.36,8.790000000000001,1.074,0.8606963157653809,0.0,0.02643042430281639,1.0,1.0,7.3,0.63,True,True,False
10.231486558914185,forward_010,0.23148655891418457,0.1,0.0,0.0,0.358883327441334,0.1908953869368798,-0.8530296719122286,0.54,0.36,8.790000000000001,0.9210000000000002,0.8813232779502869,0.0,0.012938469648361206,1.0,1.0,7.3,0.63,True,True,False
10.251867055892944,forward_010,0.25186705589294434,0.1,0.0,0.0,0.10471975511965978,0.30870511144649704,-1.301361123518272,-0.73,1.22,9.09,0.9210000000000002,0.8540970087051392,0.0,0.013884183019399643,1.0,1.0,7.3,0.63,True,True,False
10.272428035736084,forward_010,0.272428035736084,0.1,0.0,0.0,0.16144295580947549,0.136353847812057,-1.050470043544087,1.07,0.72,9.07,0.844,0.8023976683616638,0.0,0.029645288363099098,1.0,1.0,7.3,0.63,True,True,False
10.292805433273315,forward_010,0.29280543327331543,0.1,0.0,0.0,0.23452861823673804,0.4286964975211072,-0.5225079448158024,-0.16,-0.44,8.05,0.6899999999999998,0.6835598349571228,0.0,0.039370231330394745,1.0,1.0,7.3,0.63,True,True,False
10.31328272819519,forward_010,0.31328272819519043,0.1,0.0,0.0,0.10144726277217041,0.2552544031041707,0.007635815477475192,-0.07,-0.99,9.68,0.46,0.7100041508674622,0.0,0.03594498336315155,1.0,1.0,7.3,0.63,True,True,False
10.333714723587036,forward_010,0.33371472358703613,0.1,0.0,0.0,-0.02399827721492203,0.2912518189265537,0.46469391334349025,0.04,-0.37,8.05,0.614,0.6328955292701721,0.0,0.03615944553166627,1.0,1.0,7.3,0.63,True,True,False
10.354106187820435,forward_010,0.35410618782043457,0.1,0.0,0.0,-0.11017390903214205,0.16580627893946132,0.6185010536754906,-1.3800000000000001,-0.01,7.88,0.614,0.5992258191108704,0.0,0.04261519853025675,1.0,1.0,7.3,0.63,True,True,False
10.374483823776245,forward_010,0.3744838237762451,0.1,0.0,0.0,-0.17780541754692233,0.32615840396644036,0.6828600698427815,-1.3800000000000001,-0.01,7.88,0.9210000000000002,0.7453839182853699,0.0,0.044273033272475004,1.0,1.0,7.3,0.63,True,True,False
10.394870281219482,forward_010,0.3948702812194824,0.1,0.0,0.0,-0.17780541754692233,0.32615840396644036,0.6828600698427815,-2.06,0.49,9.53,0.9210000000000002,0.6857069730758667,0.0,0.03613416105508804,1.0,1.0,7.3,0.63,True,True,False
10.415292501449585,forward_010,0.41529250144958496,0.1,0.0,0.0,-0.3916082509162277,0.358883327441334,-0.06217735460229799,-1.6,0.48,7.1000000000000005,1.074,0.6476172804832458,0.0,0.05213523656129837,1.0,1.0,7.4,0.273,True,True,False
10.435673952102661,forward_010,0.43567395210266113,0.1,0.0,0.0,-0.40251655874119224,0.08399397025222712,-0.28688849579656794,-0.33,0.27,7.3,1.151,0.6793906688690186,0.0,0.046609487384557724,1.0,1.0,7.4,0.273,True,True,False
10.456037998199463,forward_010,0.4560379981994629,0.1,0.0,0.0,-0.5115996369908379,0.05126904677733343,-0.3839724354387525,-1.47,0.27,7.82,0.844,0.7975336909294128,0.0,0.019297946244478226,1.0,1.0,7.4,0.273,True,True,False
10.476492166519165,forward_010,0.47649216651916504,0.1,0.0,0.0,-0.6501351463678877,-0.1734420944169365,-0.18980455615438332,-1.47,0.27,7.82,0.9210000000000002,0.8223253488540649,0.0,0.0211154967546463,1.0,1.0,7.4,0.273,True,True,False
10.496870994567871,forward_010,0.4968709945678711,0.1,0.0,0.0,-0.5486878835957173,-0.015271630954950384,0.3119776037939864,-1.47,0.27,7.82,0.767,0.7575027346611023,0.0,0.01338939368724823,1.0,1.0,7.4,0.273,True,True,False
10.517240524291992,forward_010,0.5172405242919922,0.1,0.0,0.0,-0.3294308963139297,0.009817477042468103,1.0482883819790942,-2.47,-1.96,9.74,0.6899999999999998,0.7183199524879456,0.0,0.016631340608000755,1.0,1.0,7.4,0.273,True,True,False
10.537636518478394,forward_010,0.5376365184783936,0.1,0.0,0.0,-0.26616271092913524,-0.061086523819801536,1.296997800388286,-0.1,-1.67,9.38,0.767,0.6868824362754822,0.0,0.022017329931259155,1.0,1.0,7.4,0.273,True,True,False
10.558012008666992,forward_010,0.5580120086669922,0.1,0.0,0.0,-0.04145156973486533,-0.26398104936414235,0.8999353955595761,1.82,0.96,9.39,0.46,0.7139379382133484,0.0,0.024087052792310715,1.0,1.0,7.4,0.273,True,True,False
10.578502655029297,forward_010,0.5785026550292969,0.1,0.0,0.0,0.02945243112740431,-0.4374231437810788,0.39051742013373125,0.14,-1.08,6.45,0.384,0.7746861577033997,0.0,0.030514106154441833,1.0,1.0,7.4,0.273,True,True,False
10.598875522613525,forward_010,0.5988755226135254,0.1,0.0,0.0,0.11999138607461016,-0.38069994309126315,-0.008726646259971648,0.14,-1.08,6.45,0.46,0.7904929518699646,0.0,0.05062638921663165,1.0,1.0,7.4,0.273,True,True,False
10.619243383407593,forward_010,0.6192433834075928,0.1,0.0,0.0,0.24107360293171676,-0.04799655442984406,-0.4930555136883981,-2.84,-0.61,9.65,0.6899999999999998,0.6116213202476501,0.0,0.021556280553340912,1.0,1.0,7.3,0.36400000000000005,True,True,False
10.639890670776367,forward_010,0.6398906707763672,0.1,0.0,0.0,0.2301652951067522,-0.02181661564992912,-0.48978302134090873,-1.99,-2.82,7.25,1.074,0.7191071510314941,0.0,0.029651451855897903,1.0,1.0,7.3,0.36400000000000005,True,True,False
10.66033673286438,forward_010,0.6603367328643799,0.1,0.0,0.0,0.18435040224190105,-0.2781618495365963,-0.24652775684419906,0.09,-2.96,8.45,1.381,0.73284912109375,0.0,0.016299406997859478,1.0,1.0,7.3,0.36400000000000005,True,True,False
10.680808782577515,forward_010,0.6808087825775146,0.1,0.0,0.0,0.22471114119426994,-0.15271630954950383,0.11235557059713497,0.96,-1.79,8.040000000000001,1.381,0.7289756536483765,0.0,0.026831306517124176,1.0,1.0,7.3,0.36400000000000005,True,True,False
10.701199769973755,forward_010,0.7011997699737549,0.1,0.0,0.0,0.37960911230876665,-0.36979163526629855,0.30325095753401476,0.96,-1.79,8.040000000000001,1.151,0.7150686979293823,0.0,0.044847194105386734,1.0,1.0,7.3,0.36400000000000005,True,True,False
10.721588611602783,forward_010,0.7215886116027832,0.1,0.0,0.0,0.4701480672559725,-0.07853981633974483,0.37742745074377376,-1.33,0.09,9.68,0.614,0.7835546731948853,0.0,0.02441501710563898,1.0,1.0,7.3,0.36400000000000005,True,True,False
10.741976499557495,forward_010,0.7419764995574951,0.1,0.0,0.0,0.421060682043632,0.07526732399225546,-0.13199052468207118,-0.7000000000000001,0.91,8.59,0.767,0.8282172679901123,0.0,0.01950123719871044,1.0,1.0,7.3,0.36400000000000005,True,True,False
10.76236081123352,forward_010,0.7623608112335205,0.1,0.0,0.0,0.37960911230876665,-0.07308566242726255,-0.6370451769779303,-0.7000000000000001,0.91,8.59,0.767,0.9034464359283447,0.0,0.024822521954774857,1.0,1.0,7.3,0.36400000000000005,True,True,False
10.782835960388184,forward_010,0.7828359603881836,0.1,0.0,0.0,0.272707695624114,0.07526732399225546,-0.8628471489546967,-0.7000000000000001,0.91,8.59,0.844,0.905743420124054,0.0,0.011535225436091423,1.0,1.0,7.3,0.36400000000000005,True,True,False
10.803225994110107,forward_010,0.8032259941101074,0.1,0.0,0.0,0.19525871006686563,0.14289883250703572,-0.8573929950422144,-0.26,0.99,8.71,0.844,0.8778778314590454,0.0,0.011645358055830002,1.0,1.0,7.3,0.36400000000000005,True,True,False
10.823750257492065,forward_010,0.8237502574920654,0.1,0.0,0.0,0.06763150851478027,0.08399397025222712,-0.8432121948697605,0.36,-0.24,8.88,0.844,0.8417381644248962,0.0,0.02259577438235283,1.0,1.0,7.4,0.34400000000000003,True,True,False
10.844120502471924,forward_010,0.8441205024719238,0.1,0.0,0.0,0.12217304763960307,0.09926560120717749,-0.32070425005395803,-0.53,0.31,9.08,0.767,0.6900922656059265,0.0,0.031303949654102325,1.0,1.0,7.4,0.34400000000000003,True,True,False
10.864501476287842,forward_010,0.8645014762878418,0.1,0.0,0.0,-0.02945243112740431,0.21489366415180183,0.38942658935123475,-0.75,-0.42,8.39,0.46,0.7783313989639282,0.0,0.03919801115989685,1.0,1.0,7.4,0.34400000000000003,True,True,False
10.884885787963867,forward_010,0.8848857879638672,0.1,0.0,0.0,-0.17998707911191522,0.14835298641951802,0.5083271446433485,-0.53,-0.18,8.290000000000001,0.23,0.7777359485626221,0.0,0.041132811456918716,1.0,1.0,7.4,0.34400000000000003,True,True,False
10.90526270866394,forward_010,0.9052627086639404,0.1,0.0,0.0,-0.2181661564992912,0.22689280275926285,0.6359543461954338,-1.0,0.45,7.95,0.384,0.6107335686683655,0.0,0.06178326718509197,1.0,1.0,7.4,0.34400000000000003,True,True,False
10.9256272315979,forward_010,0.9256272315979004,0.1,0.0,0.0,-0.2694352032766246,0.31852258848896514,0.4363323129985824,-2.32,0.67,9.24,0.537,0.7111152410507202,0.0,0.03684942307882011,1.0,1.0,7.4,0.34400000000000003,True,True,False
10.946008920669556,forward_010,0.9460089206695557,0.1,0.0,0.0,-0.2301652951067522,0.2552544031041707,0.14835298641951802,-1.19,0.21,9.370000000000001,0.9970000000000001,0.6755161881446838,0.0,0.04174970556050539,1.0,1.0,7.4,0.34400000000000003,True,True,False
10.966377973556519,forward_010,0.9663779735565186,0.1,0.0,0.0,-0.26616271092913524,0.17889624832941878,-0.10144726277217041,-0.67,-0.43,8.42,1.151,0.6856182813644409,0.0,0.04462827183306217,1.0,1.0,7.4,0.34400000000000003,True,True,False
10.986809015274048,forward_010,0.9868090152740479,0.1,0.0,0.0,-0.3141592653589793,-0.02945243112740431,-0.33597588100890846,-1.1400000000000001,-0.31,6.93,1.074,0.7217707633972168,0.0,0.03591160848736763,1.0,1.0,7.4,0.34400000000000003,True,True,False
11.007184982299805,forward_010,1.0071849822998047,0.1,0.0,0.0,-0.44833145160604343,-0.0916297857297023,-0.4537856055185257,-1.46,-0.13,7.68,0.46,0.8521390557289124,0.0,0.02556588128209114,1.0,1.0,7.4,0.34400000000000003,True,True,False
11.027547597885132,forward_010,1.0275475978851318,0.1,0.0,0.0,-0.4985096676008804,-0.0916297857297023,-0.10799224746714914,-1.46,-0.13,7.68,0.6899999999999998,0.8336666226387024,0.0,0.022668778896331787,1.0,1.0,7.3,0.584,True,True,False
11.048009634017944,forward_010,1.0480096340179443,0.1,0.0,0.0,-0.4166973589136462,-0.02399827721492203,0.4886921905584123,-1.46,-0.13,7.68,0.767,0.7608084082603455,0.0,0.015744542703032494,1.0,1.0,7.3,0.584,True,True,False
11.068559169769287,forward_010,1.068559169769287,0.1,0.0,0.0,-0.23889194136672387,-0.037088246604879506,0.980656873464314,-0.97,-1.34,8.84,0.614,0.7284412384033203,0.0,0.010060593485832214,1.0,1.0,7.3,0.584,True,True,False
11.088929653167725,forward_010,1.0889296531677246,0.1,0.0,0.0,-0.11671889372712078,-0.24870941840919197,1.05265170510908,-0.97,-1.34,8.84,0.844,0.714653730392456,0.0,0.013804871588945389,1.0,1.0,7.3,0.584,True,True,False
11.10930848121643,forward_010,1.1093084812164307,0.1,0.0,0.0,0.0,-0.42215151282612845,0.4428772976935611,1.27,-0.1,8.65,0.614,0.794507622718811,0.0,0.019986316561698914,1.0,1.0,7.3,0.584,True,True,False
11.12968397140503,forward_010,1.1296839714050293,0.1,0.0,0.0,-0.002181661564992912,-0.2476185876266955,0.15162547876700738,-0.49,-0.28,8.22,0.46,0.7549373507499695,0.0,0.030240275664255023,1.0,1.0,7.3,0.584,True,True,False
11.150071382522583,forward_010,1.150071382522583,0.1,0.0,0.0,0.10471975511965978,-0.02399827721492203,-0.23452861823673804,-2.0,-0.92,9.13,0.384,0.6378753185272217,0.0,0.03440316766500473,1.0,1.0,7.3,0.584,True,True,False
11.17045521736145,forward_010,1.1704552173614502,0.1,0.0,0.0,0.11671889372712078,0.019634954084936207,-0.4537856055185257,-1.3,-2.42,9.72,0.23,0.6218686103820801,0.0,0.036755096167325974,1.0,1.0,7.3,0.584,True,True,False
11.190937757492065,forward_010,1.1909377574920654,0.1,0.0,0.0,0.07308566242726255,-0.039269908169872414,-0.3021601267515183,-2.1,-2.47,7.7700000000000005,0.6899999999999998,0.7247734665870667,0.0,0.023399483412504196,1.0,1.0,7.3,0.584,True,True,False
11.211317300796509,forward_010,1.2113173007965088,0.1,0.0,0.0,0.10690141668465268,-0.006544984694978736,-0.05890486225480862,0.21,-2.61,8.38,1.381,0.7677690386772156,0.0,0.018521741032600403,1.0,1.0,7.3,0.584,True,True,False
11.23179817199707,forward_010,1.2317981719970703,0.1,0.0,0.0,0.27707101875409984,-0.1439896632895322,0.28579766501407144,1.43,-2.0100000000000002,8.9,1.304,0.7495072484016418,0.0,0.026452936232089996,1.0,1.0,7.4,0.35500000000000004,True,True,False
11.252829551696777,forward_010,1.2528295516967773,0.1,0.0,0.0,0.38724492778624187,-0.20616701789183017,0.4177881896961426,-0.9400000000000001,-1.47,9.17,1.227,0.7245084047317505,0.0,0.0504383547231555,1.0,1.0,7.4,0.35500000000000004,True,True,False
11.273309469223022,forward_010,1.2733094692230225,0.1,0.0,0.0,0.459239759431008,0.16798794050445423,-0.04581489286485115,-1.2,0.16,8.82,0.614,0.7098298072814941,0.0,0.024248139932751656,1.0,1.0,7.4,0.35500000000000004,True,True,False
11.293682098388672,forward_010,1.2936820983886719,0.1,0.0,0.0,0.5552328682906961,-0.12326387842209953,-0.49960049838337683,-1.51,0.36,8.07,0.537,0.8690512776374817,0.0,0.0314466692507267,1.0,1.0,7.4,0.35500000000000004,True,True,False
11.314051628112793,forward_010,1.314051628112793,0.1,0.0,0.0,0.45705809786601503,0.16798794050445423,-0.8464846872172498,-1.51,0.36,8.07,0.767,0.8754921555519104,0.0,0.014919880777597427,1.0,1.0,7.4,0.35500000000000004,True,True,False
11.33441948890686,forward_010,1.3344194889068604,0.1,0.0,0.0,0.1930770485018727,0.12108221685710661,-1.036289243371633,-1.51,0.36,8.07,0.844,0.9103491902351379,0.0,0.015078534372150898,1.0,1.0,7.4,0.35500000000000004,True,True,False
11.35481595993042,forward_010,1.35481595993042,0.1,0.0,0.0,0.17780541754692233,0.032724923474893676,-0.8813912722571364,-1.51,0.36,8.07,0.9210000000000002,0.8968424201011658,0.0,0.008300671121105552,1.0,1.0,7.4,0.35500000000000004,True,True,False
11.375304698944092,forward_010,1.3753046989440918,0.1,0.0,0.0,0.07853981633974483,0.09272061651219876,-0.6370451769779303,-0.01,-0.8300000000000001,8.65,0.844,0.8130677938461304,0.0,0.026761671528220177,1.0,1.0,7.4,0.35500000000000004,True,True,False
11.395732402801514,forward_010,1.3957324028015137,0.1,0.0,0.0,0.10799224746714914,0.13744467859455345,-0.30652344988150415,-0.25,0.81,9.36,0.6899999999999998,0.6918127536773682,0.0,0.027812547981739044,1.0,1.0,7.4,0.35500000000000004,True,True,False
11.416316986083984,forward_010,1.4163169860839844,0.1,0.0,0.0,0.002181661564992912,0.14180800172453928,0.36324665057131983,-0.26,-0.92,8.540000000000001,0.307,0.7310084104537964,0.0,0.031188204884529114,1.0,1.0,7.4,0.35500000000000004,True,True,False
11.436689615249634,forward_010,1.4366896152496338,0.1,0.0,0.0,-0.13526301702956053,0.1189005552921137,0.56941366846315,-0.53,0.62,7.68,0.384,0.805446445941925,0.0,0.04235385428182781,1.0,1.0,7.3,0.6240000000000001,True,True,False
11.457058191299438,forward_010,1.4570581912994385,0.1,0.0,0.0,-0.2279836335417593,0.2203478180642841,0.6326818538479445,-1.58,0.85,8.27,0.46,0.6870867609977722,0.0,0.06210274586919695,1.0,1.0,7.3,0.6240000000000001,True,True,False
11.477443218231201,forward_010,1.4774432182312012,0.1,0.0,0.0,-0.23452861823673804,0.30543261909900765,0.5148721293383273,-2.25,1.03,8.71,0.6899999999999998,0.7160176038742065,0.0,0.06057755835354328,1.0,1.0,7.3,0.6240000000000001,True,True,False
11.49782395362854,forward_010,1.49782395362854,0.1,0.0,0.0,-0.2530727415391778,0.3436116964863836,0.2181661564992912,-2.25,1.03,8.71,0.9970000000000001,0.6034136414527893,0.0,0.06555654760450125,1.0,1.0,7.3,0.6240000000000001,True,True,False
11.518197059631348,forward_010,1.5181970596313477,0.1,0.0,0.0,-0.31306843457648287,0.385063266221249,-0.05890486225480862,-0.8200000000000001,-0.37,7.32,1.074,0.6433243751525879,0.0,0.04324092157185078,1.0,1.0,7.3,0.6240000000000001,True,True,False
11.538558721542358,forward_010,1.5385587215423584,0.1,0.0,0.0,-0.2781618495365963,-0.10690141668465268,-0.15707963267948966,-0.68,-0.38,7.68,1.074,0.7177205681800842,0.0,0.03762613609433174,1.0,1.0,7.3,0.6240000000000001,True,True,False
11.559019327163696,forward_010,1.5590193271636963,0.1,0.0,0.0,-0.36979163526629855,-0.0916297857297023,-0.2792526803190927,-2.09,-0.8,7.21,0.384,0.8518385291099548,0.0,0.024786513298749924,1.0,1.0,7.3,0.6240000000000001,True,True,False
11.57940125465393,forward_010,1.5794012546539307,0.1,0.0,0.0,-0.5748678223756323,-0.11562806294462433,-0.36106498900632694,-2.58,0.09,8.94,0.6899999999999998,0.8557919859886169,0.0,0.019617517245933414,1.0,1.0,7.3,0.6240000000000001,True,True,False
11.599830865859985,forward_010,1.5998308658599854,0.1,0.0,0.0,-0.46796640569097964,-0.07635815477475191,0.06326818538479445,-2.58,0.09,8.94,0.614,0.7888654470443726,0.0,0.023001888766884804,1.0,1.0,7.3,0.6240000000000001,True,True,False
11.620287895202637,forward_010,1.6202878952026367,0.1,0.0,0.0,-0.33052172709642613,-0.04799655442984406,0.8530296719122286,-2.58,0.09,8.94,0.6899999999999998,0.7285279035568237,0.0,0.010617867112159729,1.0,1.0,7.3,0.6240000000000001,True,True,False
11.640783309936523,forward_010,1.6407833099365234,0.1,0.0,0.0,-0.24216443371421323,-0.11453723216212788,1.1257373675363425,0.22,-1.28,9.68,0.844,0.6963789463043213,0.0,0.02443048730492592,1.0,1.0,7.3,0.37000000000000005,True,True,False
11.66116714477539,forward_010,1.6611671447753906,0.1,0.0,0.0,-0.05672320068981571,-0.49414634447089456,0.7494007475750653,1.26,-0.64,9.69,0.6899999999999998,0.7844077944755554,0.0,0.022862572222948074,1.0,1.0,7.3,0.37000000000000005,True,True,False
11.681536436080933,forward_010,1.6815364360809326,0.1,0.0,0.0,0.031634092692397225,-0.5235987755982988,0.36760997370130566,0.04,-0.04,7.8,0.46,0.7927502989768982,0.0,0.027610333170741796,1.0,1.0,7.3,0.37000000000000005,True,True,False
11.701905250549316,forward_010,1.7019052505493164,0.1,0.0,0.0,0.05672320068981571,-0.2716168648416175,-0.02399827721492203,-2.37,-1.44,9.66,0.307,0.7389723658561707,0.0,0.046541258692741394,1.0,1.0,7.3,0.37000000000000005,True,True,False
11.722400665283203,forward_010,1.7224006652832031,0.1,0.0,0.0,0.08399397025222712,-0.1734420944169365,-0.5279620987282847,-2.2,-2.86,8.540000000000001,0.384,0.7486717700958252,0.0,0.03772354684770107,1.0,1.0,7.3,0.37000000000000005,True,True,False
11.742766857147217,forward_010,1.7427668571472168,0.1,0.0,0.0,0.09381144729469522,0.022907446432425576,-0.346884188833873,-1.73,-2.2800000000000002,6.71,0.6899999999999998,0.7067983150482178,0.0,0.02401057258248329,1.0,1.0,7.3,0.37000000000000005,True,True,False
11.763139724731445,forward_010,1.7631397247314453,0.1,0.0,0.0,0.07526732399225546,-0.1538071403320003,-0.11780972450961724,0.33,-1.77,9.040000000000001,1.074,0.7363792657852173,0.0,0.01834305073134601,1.0,1.0,7.3,0.37000000000000005,True,True,False
11.783512353897095,forward_010,1.7835123538970947,0.1,0.0,0.0,0.1265363707695889,-0.0272707695624114,0.037088246604879506,0.59,-1.9100000000000001,8.71,1.304,0.7237077355384827,0.0,0.02571456879377365,1.0,1.0,7.3,0.37000000000000005,True,True,False
11.803903579711914,forward_010,1.803903579711914,0.1,0.0,0.0,0.32070425005395803,-0.19853120241435498,0.22907446432425577,0.59,-1.9100000000000001,8.71,1.381,0.6880481243133545,0.0,0.047299813479185104,1.0,1.0,7.3,0.37000000000000005,True,True,False
11.824357271194458,forward_010,1.824357271194458,0.1,0.0,0.0,0.3937899124812206,-0.30325095753401476,0.3817907738737596,-1.6400000000000001,0.3,8.370000000000001,0.46,0.8304232954978943,0.0,0.024733563419431448,1.0,1.0,7.3,0.37000000000000005,True,True,False
11.844739437103271,forward_010,1.8447394371032715,0.1,0.0,0.0,0.4363323129985824,0.23234695667174513,-0.028361600344907856,-1.6400000000000001,0.3,8.370000000000001,0.6899999999999998,0.7920824885368347,0.0,0.01881992816925049,1.0,1.0,7.2,0.8370000000000001,True,True,False
11.865111112594604,forward_010,1.8651111125946045,0.1,0.0,0.0,0.44833145160604343,0.0272707695624114,-0.5388704065532492,-1.6400000000000001,0.3,8.370000000000001,0.844,0.8888264298439026,0.0,0.030524354428052902,1.0,1.0,7.2,0.8370000000000001,True,True,False
11.885493993759155,forward_010,1.8854939937591553,0.1,0.0,0.0,0.2923426497090502,0.20289452554434081,-0.7963064712224128,-1.6400000000000001,0.3,8.370000000000001,0.767,0.8842338919639587,0.0,0.011719610542058945,1.0,1.0,7.2,0.8370000000000001,True,True,False
11.905863046646118,forward_010,1.9058630466461182,0.1,0.0,0.0,0.20180369476184434,0.18544123302439752,-0.8323038870447959,0.39,1.33,9.11,0.844,0.8596047759056091,0.0,0.016992568969726562,1.0,1.0,7.2,0.8370000000000001,True,True,False
11.92623782157898,forward_010,1.9262378215789795,0.1,0.0,0.0,0.11999138607461016,0.18544123302439752,-0.7788531787024695,0.12,0.23,8.69,0.844,0.7847630381584167,0.0,0.02529163658618927,1.0,1.0,7.2,0.8370000000000001,True,True,False
11.946607828140259,forward_010,1.9466078281402588,0.1,0.0,0.0,0.16253378659197193,0.05126904677733343,-0.3665191429188092,0.4,-0.27,9.700000000000001,0.767,0.6713137030601501,0.0,0.01792483776807785,1.0,1.0,7.2,0.8370000000000001,True,True,False
11.966997861862183,forward_010,1.9669978618621826,0.1,0.0,0.0,0.09053895494720585,0.20289452554434081,0.08617563181722002,-0.79,-0.44,8.41,0.307,0.695048987865448,0.0,0.04032342508435249,1.0,1.0,7.2,0.8370000000000001,True,True,False
11.987495422363281,forward_010,1.9874954223632812,0.1,0.0,0.0,-0.08508480103472356,0.08290313946973066,0.3643374813538163,-0.71,-0.26,8.67,0.307,0.6938193440437317,0.0,0.051125163212418556,1.0,1.0,7.2,0.8370000000000001,True,True,False
12.007872104644775,forward_010,2.0078721046447754,0.1,0.0,0.0,-0.1734420944169365,0.18544123302439752,0.5563236990731926,-1.26,0.4,7.96,0.307,0.7294315099716187,0.0,0.05793292075395584,1.0,1.0,7.2,0.8370000000000001,True,True,False
12.028433322906494,forward_010,2.028433322906494,0.1,0.0,0.0,-0.2279836335417593,0.32179508083645453,0.4036073895236887,-1.93,0.29,8.89,0.9210000000000002,0.7398104667663574,0.0,0.04607334919273853,1.0,1.0,7.2,0.8370000000000001,True,True,False
12.048804521560669,forward_010,2.048804521560669,0.1,0.0,0.0,-0.2912518189265537,0.35452000431134817,0.1505346479845109,-1.59,0.42,9.58,0.9970000000000001,0.6044749617576599,0.0,0.042111558839678764,1.0,1.0,7.4,0.186,True,True,False
12.069169759750366,forward_010,2.069169759750366,0.1,0.0,0.0,-0.29670597283903605,0.3021601267515183,-0.006544984694978736,-1.05,-0.28,8.49,0.9970000000000001,0.6459134817123413,0.0,0.04887381009757519,1.0,1.0,7.4,0.186,True,True,False
12.089538812637329,forward_010,2.089538812637329,0.1,0.0,0.0,-0.18871372537188688,0.02945243112740431,-0.038179077387375956,-0.8200000000000001,-0.34,7.3500000000000005,1.074,0.7043675780296326,0.0,0.0378502681851387,1.0,1.0,7.4,0.186,True,True,False
12.110310554504395,forward_010,2.1103105545043945,0.1,0.0,0.0,-0.35452000431134817,-0.12544553998709243,-0.23234695667174513,-2.0300000000000002,-0.6,7.07,0.6899999999999998,0.8521368503570557,0.0,0.022709934040904045,1.0,1.0,7.4,0.186,True,True,False
12.130797147750854,forward_010,2.1307971477508545,0.1,0.0,0.0,-0.6065019150680295,-0.27707101875409984,-0.3370667117914049,-2.0300000000000002,-0.6,7.07,0.844,0.8654235005378723,0.0,0.014536023838445544,1.0,1.0,7.4,0.186,True,True,False
12.151162147521973,forward_010,2.1511621475219727,0.1,0.0,0.0,-0.5497787143782138,-0.038179077387375956,0.20616701789183017,-2.0300000000000002,-0.6,7.07,0.6899999999999998,0.7690027356147766,0.0,0.026112031191587448,1.0,1.0,7.4,0.186,True,True,False
12.171535968780518,forward_010,2.1715359687805176,0.1,0.0,0.0,-0.4232423436086249,0.001090830782496456,0.8453938564347534,0.09,-2.43,8.13,0.6899999999999998,0.7789469361305237,0.0,0.020348001271486282,1.0,1.0,7.4,0.186,True,True,False
12.191919088363647,forward_010,2.1919190883636475,0.1,0.0,0.0,-0.2650718801466388,-0.0818123086872342,1.2304571226560024,0.37,-1.69,9.39,0.6899999999999998,0.7188218832015991,0.0,0.016157906502485275,1.0,1.0,7.4,0.186,True,True,False
12.21237587928772,forward_010,2.2123758792877197,0.1,0.0,0.0,0.02945243112740431,-0.45705809786601503,0.9097528726020443,1.1400000000000001,-1.9100000000000001,8.540000000000001,0.6899999999999998,0.7489864230155945,0.0,0.024128876626491547,1.0,1.0,7.4,0.186,True,True,False
12.232751607894897,forward_010,2.2327516078948975,0.1,0.0,0.0,0.02945243112740431,-0.5290529295107811,0.4537856055185257,0.01,0.5700000000000001,8.03,0.537,0.7974632382392883,0.0,0.029887063894420862,1.0,1.0,7.4,0.186,True,True,False
12.253246545791626,forward_010,2.253246545791626,0.1,0.0,0.0,0.05672320068981571,-0.34033920413889424,0.044724062082354694,0.01,0.5700000000000001,8.03,0.307,0.7904475331306458,0.0,0.04769679671153426,1.0,1.0,7.4,0.38100000000000006,True,True,False
12.274285078048706,forward_010,2.274285078048706,0.1,0.0,0.0,0.16144295580947549,-0.0719948316447661,-0.49741883681838395,-1.42,-3.74,9.040000000000001,0.384,0.6918013691902161,0.0,0.03085096925497055,1.0,1.0,7.4,0.38100000000000006,True,True,False
12.294658184051514,forward_010,2.2946581840515137,0.1,0.0,0.0,0.09817477042468103,0.06544984694978735,-0.23125612588924865,-1.9100000000000001,-2.93,6.5200000000000005,0.844,0.7176541090011597,0.0,0.0261833518743515,1.0,1.0,7.4,0.38100000000000006,True,True,False
12.315207242965698,forward_010,2.3152072429656982,0.1,0.0,0.0,0.11453723216212788,-0.26070855701665296,-0.022907446432425576,-1.9100000000000001,-2.93,6.5200000000000005,1.227,0.783465564250946,0.0,0.021281488239765167,1.0,1.0,7.4,0.38100000000000006,True,True,False
12.335570096969604,forward_010,2.3355700969696045,0.1,0.0,0.0,0.24434609527920614,-0.020725784867432664,0.11344640137963143,0.68,-2.29,8.06,1.304,0.7399582862854004,0.0,0.025901563465595245,1.0,1.0,7.4,0.38100000000000006,True,True,False
12.356102228164673,forward_010,2.356102228164673,0.1,0.0,0.0,0.39706240482870997,-0.3392483733563978,0.33597588100890846,-0.9500000000000001,-1.8,9.57,1.381,0.744213342666626,0.0,0.045427098870277405,1.0,1.0,7.4,0.38100000000000006,True,True,False
12.376477479934692,forward_010,2.3764774799346924,0.1,0.0,0.0,0.4461497900410505,-0.025089107997418487,0.31852258848896514,-1.46,0.15,8.09,1.074,0.7818022966384888,0.0,0.027550900005735457,1.0,1.0,7.4,0.38100000000000006,True,True,False
12.396862268447876,forward_010,2.396862268447876,0.1,0.0,0.0,0.49960049838337683,0.050178215994836975,-0.28361600344907856,-0.39,1.04,9.700000000000001,0.767,0.8250141739845276,0.0,0.025104312226176262,1.0,1.0,7.4,0.38100000000000006,True,True,False
12.417241096496582,forward_010,2.417241096496582,0.1,0.0,0.0,0.4112432050011639,0.04363323129985824,-0.8399397025222711,-0.39,1.04,9.700000000000001,0.9210000000000002,0.8892306089401245,0.0,0.02289009280502796,1.0,1.0,7.4,0.38100000000000006,True,True,False
12.437652349472046,forward_010,2.437652349472046,0.1,0.0,0.0,0.26725354171163174,0.14289883250703572,-0.904298718689562,-0.39,1.04,9.700000000000001,0.844,0.8981520533561707,0.0,0.013621638529002666,1.0,1.0,7.4,0.38100000000000006,True,True,False
12.458020448684692,forward_010,2.4580204486846924,0.1,0.0,0.0,0.22362031041177347,0.23561944901923448,-0.8846637646046258,1.49,1.69,9.71,0.844,0.8727420568466187,0.0,0.021218735724687576,1.0,1.0,7.3,0.395,True,True,False
12.4783935546875,forward_010,2.4783935546875,0.1,0.0,0.0,0.1407171709420428,0.23561944901923448,-0.868301302867179,-0.35000000000000003,-0.05,8.14,0.844,0.7776062488555908,0.0,0.023146353662014008,1.0,1.0,7.3,0.395,True,True,False
12.498803853988647,forward_010,2.4988038539886475,0.1,0.0,0.0,0.11453723216212788,0.10144726277217041,-0.34033920413889424,-0.07,-0.3,9.56,0.614,0.6827396750450134,0.0,0.02958299219608307,1.0,1.0,7.3,0.395,True,True,False
12.519191980361938,forward_010,2.5191919803619385,0.1,0.0,0.0,0.09490227807719166,0.24216443371421323,0.272707695624114,-0.74,-0.45,8.23,0.384,0.7487590312957764,0.0,0.02949456498026848,1.0,1.0,7.3,0.395,True,True,False
12.539571762084961,forward_010,2.539571762084961,0.1,0.0,0.0,-0.061086523819801536,0.12108221685710661,0.5203262832508095,-0.88,0.09,8.39,0.307,0.7185462713241577,0.0,0.04882170166820288,1.0,1.0,7.3,0.395,True,True,False
12.560017824172974,forward_010,2.5600178241729736,0.1,0.0,0.0,-0.19962203319685143,0.18216874067690814,0.6272276999354622,-1.3800000000000001,0.8300000000000001,7.8,0.537,0.6766374111175537,0.0,0.04340370651334524,1.0,1.0,7.3,0.395,True,True,False
12.580386400222778,forward_010,2.5803864002227783,0.1,0.0,0.0,-0.23234695667174513,0.272707695624114,0.5759586531581288,-1.75,0.51,9.26,0.614,0.7614983916282654,0.0,0.04080888628959656,1.0,1.0,7.3,0.395,True,True,False
12.600756406784058,forward_010,2.6007564067840576,0.1,0.0,0.0,-0.3239767424014474,0.40251655874119224,0.272707695624114,-2.04,0.61,9.41,0.9970000000000001,0.6030190587043762,0.0,0.056699538603425026,1.0,1.0,7.3,0.395,True,True,False
12.621122360229492,forward_010,2.621122360229492,0.1,0.0,0.0,-0.29343348049154666,0.32288591161895097,0.018544123302439753,-0.51,-0.13,8.5,1.074,0.6471611857414246,0.0,0.05458345916122198,1.0,1.0,7.3,0.395,True,True,False
12.641510486602783,forward_010,2.641510486602783,0.1,0.0,0.0,-0.2519819107566813,0.07526732399225546,-0.1505346479845109,-0.79,-0.21,7.86,1.074,0.6977908611297607,0.0,0.03427672106772661,1.0,1.0,7.3,0.395,True,True,False
12.662001371383667,forward_010,2.662001371383667,0.1,0.0,0.0,-0.2519819107566813,0.07526732399225546,-0.1505346479845109,-2.0100000000000002,-0.49,6.8100000000000005,0.46,0.8195203542709351,0.0,0.019258784130215645,1.0,1.0,7.2,0.857,True,True,False
12.682371616363525,forward_010,2.6823716163635254,0.1,0.0,0.0,-0.56941366846315,-0.17998707911191522,-0.39706240482870997,-2.09,0.19,8.93,0.767,0.8576892614364624,0.0,0.018560979748144746,1.0,1.0,7.2,0.857,True,True,False
12.702744483947754,forward_010,2.702744483947754,0.1,0.0,0.0,-0.49741883681838395,-0.0916297857297023,0.07308566242726255,-2.09,0.19,8.93,0.614,0.7823923826217651,0.0,0.024018995463848114,1.0,1.0,7.2,0.857,True,True,False
12.723120927810669,forward_010,2.723120927810669,0.1,0.0,0.0,-0.3567016658763411,-0.008726646259971648,0.7875798249624412,-0.26,-0.76,8.3,0.6899999999999998,0.7636528015136719,0.0,0.017734266817569733,1.0,1.0,7.2,0.857,True,True,False
12.743508338928223,forward_010,2.7435083389282227,0.1,0.0,0.0,-0.23889194136672387,-0.10799224746714914,1.160643952576229,-0.26,-0.76,8.3,0.6899999999999998,0.6936412453651428,0.0,0.012196697294712067,1.0,1.0,7.2,0.857,True,True,False
12.763883590698242,forward_010,2.763883590698242,0.1,0.0,0.0,-0.015271630954950384,-0.3839724354387525,0.8388488717397746,0.85,-1.84,7.7700000000000005,0.614,0.7385696172714233,0.0,0.021740466356277466,1.0,1.0,7.2,0.857,True,True,False
12.784327030181885,forward_010,2.7843270301818848,0.1,0.0,0.0,0.019634954084936207,-0.49960049838337683,0.34797501961636945,-0.15,-0.12,8.34,0.46,0.7947505712509155,0.0,0.028694322798401117,1.0,1.0,7.2,0.857,True,True,False
12.804706811904907,forward_010,2.8047068119049072,0.1,0.0,0.0,0.06654067773228381,-0.4046982203061852,0.1189005552921137,-2.85,-0.91,9.6,0.46,0.7875710725784302,0.0,0.0398128516972065,1.0,1.0,7.2,0.857,True,True,False
12.825081586837769,forward_010,2.8250815868377686,0.1,0.0,0.0,0.1090830782496456,-0.0916297857297023,-0.4286964975211072,-2.85,-0.91,9.6,0.46,0.6838362216949463,0.0,0.03811671957373619,1.0,1.0,7.2,0.857,True,True,False
12.845462799072266,forward_010,2.8454627990722656,0.1,0.0,0.0,0.10799224746714914,-0.013089969389957472,-0.3948807432637171,-2.09,-1.95,6.21,0.844,0.7174347043037415,0.0,0.02820606529712677,1.0,1.0,7.2,0.857,True,True,False
12.86585283279419,forward_010,2.8658528327941895,0.1,0.0,0.0,0.11671889372712078,-0.24216443371421323,-0.04363323129985824,0.91,-1.85,9.35,1.074,0.7208669781684875,0.0,0.013570439536124468,1.0,1.0,7.4,0.29800000000000004,True,True,False
12.886224508285522,forward_010,2.8862245082855225,0.1,0.0,0.0,0.14835298641951802,-0.07308566242726255,0.04799655442984406,1.9000000000000001,-1.72,8.84,1.304,0.6740007400512695,0.0,0.022999465465545654,1.0,1.0,7.4,0.29800000000000004,True,True,False
12.906619548797607,forward_010,2.9066195487976074,0.1,0.0,0.0,0.3785182815262702,-0.2792526803190927,0.272707695624114,1.9000000000000001,-1.72,8.84,1.381,0.6802695393562317,0.0,0.04617311246693134,1.0,1.0,7.4,0.29800000000000004,True,True,False
12.927109003067017,forward_010,2.9271090030670166,0.1,0.0,0.0,0.41233403578366035,0.07635815477475191,0.25743606466916363,-2.7,0.11,9.1,0.9210000000000002,0.7735434174537659,0.0,0.020802634768188,1.0,1.0,7.4,0.29800000000000004,True,True,False
12.94748854637146,forward_010,2.94748854637146,0.1,0.0,0.0,0.4537856055185257,0.08835729338221293,-0.3392483733563978,-1.51,-0.05,9.43,0.46,0.8302055597305298,0.0,0.02624819241464138,1.0,1.0,7.4,0.29800000000000004,True,True,False
12.967937231063843,forward_010,2.9679372310638428,0.1,0.0,0.0,0.45814892864851153,0.044724062082354694,-0.6588617926278594,-1.51,-0.05,9.43,0.767,0.8847642540931702,0.0,0.01843874901533127,1.0,1.0,7.4,0.29800000000000004,True,True,False
12.98849892616272,forward_010,2.9884989261627197,0.1,0.0,0.0,0.2999784651865254,0.2945243112740431,-0.7363107781851078,-1.51,-0.05,9.43,0.767,0.8797439932823181,0.0,0.010676931589841843,1.0,1.0,7.4,0.29800000000000004,True,True,False
13.008880615234375,forward_010,3.008880615234375,0.1,0.0,0.0,0.17998707911191522,0.24107360293171676,-0.6664976081053346,0.08,1.6600000000000001,8.92,0.767,0.8550601601600647,0.0,0.012392260134220123,1.0,1.0,7.4,0.29800000000000004,True,True,False
13.02925443649292,forward_010,3.02925443649292,0.1,0.0,0.0,0.1189005552921137,0.16907877128695067,-0.6250460383704692,0.12,0.2,8.64,0.767,0.7864952683448792,0.0,0.02090766653418541,1.0,1.0,7.4,0.29800000000000004,True,True,False
13.049734830856323,forward_010,3.0497348308563232,0.1,0.0,0.0,0.11671889372712078,0.08072147790473774,-0.20289452554434081,0.15,0.32,9.61,0.844,0.6729770302772522,0.0,0.024120114743709564,1.0,1.0,7.4,0.29800000000000004,True,True,False
13.070115089416504,forward_010,3.070115089416504,0.1,0.0,0.0,0.0272707695624114,0.20725784867432664,0.05126904677733343,-0.7000000000000001,0.02,8.46,0.614,0.6579675078392029,0.0,0.039026159793138504,1.0,1.0,7.4,0.42800000000000005,True,True,False
13.090483665466309,forward_010,3.0904836654663086,0.1,0.0,0.0,-0.08944812416470939,0.09381144729469522,0.20725784867432664,-0.9,0.02,9.07,0.23,0.5393883585929871,0.0,0.053537627682089806,1.0,1.0,7.4,0.42800000000000005,True,True,False
13.110868215560913,forward_010,3.110868215560913,0.1,0.0,0.0,-0.15707963267948966,0.2923426497090502,0.3043417883165112,-1.71,0.45,7.28,0.384,0.6341063976287842,0.0,0.048148347181268036,1.0,1.0,7.4,0.42800000000000005,True,True,False
13.131248474121094,forward_010,3.1312484741210938,0.1,0.0,0.0,-0.22580197197676638,0.32506757318394386,0.136353847812057,-1.79,-0.11,9.55,0.844,0.7296838760375977,0.0,0.05280829966068268,1.0,1.0,7.4,0.42800000000000005,True,True,False
13.151625871658325,forward_010,3.151625871658325,0.1,0.0,0.0,-0.23452861823673804,0.42542400517361784,0.008726646259971648,-1.84,0.07,9.42,0.9970000000000001,0.6508843898773193,0.0,0.04952807887457311,1.0,1.0,7.4,0.42800000000000005,True,True,False
13.171998500823975,forward_010,3.1719985008239746,0.1,0.0,0.0,-0.22362031041177347,0.18871372537188688,-0.02399827721492203,-1.11,-0.93,8.6,0.9970000000000001,0.6201095581054688,0.0,0.04372718371450901,1.0,1.0,7.4,0.42800000000000005,True,True,False
13.19245171546936,forward_010,3.1924517154693604,0.1,0.0,0.0,-0.20289452554434081,-0.055632369907319255,-0.05999569303730508,-1.34,-0.73,6.84,0.9970000000000001,0.7350732684135437,0.0,0.030323446728289127,1.0,1.0,7.4,0.42800000000000005,True,True,False
13.212815761566162,forward_010,3.212815761566162,0.1,0.0,0.0,-0.5966844380255614,-0.22471114119426994,-0.13744467859455345,-1.34,-0.73,6.84,0.46,0.8348875641822815,0.0,0.021227531135082245,1.0,1.0,7.4,0.42800000000000005,True,True,False
13.233234405517578,forward_010,3.233234405517578,0.1,0.0,0.0,-0.5585053606381855,-0.03599741582238305,0.3839724354387525,-1.34,-0.73,6.84,0.9210000000000002,0.8056973814964294,0.0,0.016629312187433243,1.0,1.0,7.4,0.42800000000000005,True,True,False
13.253615856170654,forward_010,3.2536158561706543,0.1,0.0,0.0,-0.4145156973486533,0.006544984694978736,1.0068368122442288,-0.26,-1.35,8.75,0.767,0.7872986197471619,0.0,0.012826506048440933,1.0,1.0,7.4,0.42800000000000005,True,True,False
13.274070739746094,forward_010,3.2740707397460938,0.1,0.0,0.0,-0.2650718801466388,-0.19634954084936207,1.2926344772583003,0.65,-0.88,9.33,0.6899999999999998,0.816857099533081,0.0,0.016515009105205536,1.0,1.0,7.3,0.378,True,True,False
13.294684648513794,forward_010,3.294684648513794,0.1,0.0,0.0,0.028361600344907856,-0.595593607243065,0.4286964975211072,0.02,-0.73,9.6,0.767,0.8551636338233948,0.0,0.02889428660273552,1.0,1.0,7.3,0.378,True,True,False
13.315142393112183,forward_010,3.3151423931121826,0.1,0.0,0.0,0.019634954084936207,-0.4188790204786391,0.272707695624114,-0.05,0.01,7.48,0.614,0.7600962519645691,0.0,0.01759306713938713,1.0,1.0,7.3,0.378,True,True,False
13.335516214370728,forward_010,3.3355162143707275,0.1,0.0,0.0,0.08726646259971647,-0.29888763440402893,-0.18216874067690814,-0.9,-0.45,9.43,0.307,0.7690733075141907,0.0,0.031498849391937256,1.0,1.0,7.3,0.378,True,True,False
13.355895519256592,forward_010,3.355895519256592,0.1,0.0,0.0,0.11126473981463851,-0.032724923474893676,-0.595593607243065,-1.3800000000000001,-3.5500000000000003,8.85,0.23,0.7176019549369812,0.0,0.02558663859963417,1.0,1.0,7.3,0.378,True,True,False
13.376349210739136,forward_010,3.3763492107391357,0.1,0.0,0.0,0.03490658503988659,-0.04254240051736178,-0.4145156973486533,-1.69,-1.98,7.1000000000000005,0.614,0.630711019039154,0.0,0.0422922782599926,1.0,1.0,7.3,0.378,True,True,False
13.396725416183472,forward_010,3.3967254161834717,0.1,0.0,0.0,0.0719948316447661,-0.2530727415391778,-0.11235557059713497,0.75,-2.24,8.82,0.844,0.7570598721504211,0.0,0.022235723212361336,1.0,1.0,7.3,0.378,True,True,False
13.417194366455078,forward_010,3.417194366455078,0.1,0.0,0.0,0.18653206380689397,-0.1308996938995747,0.3174317577064687,1.7,-2.2800000000000002,9.18,1.074,0.7383512258529663,0.0,0.02051103301346302,1.0,1.0,7.3,0.378,True,True,False
13.437603950500488,forward_010,3.4376039505004883,0.1,0.0,0.0,0.3141592653589793,-0.19962203319685143,0.4363323129985824,-1.76,-0.89,9.49,1.381,0.7843170762062073,0.0,0.036226898431777954,1.0,1.0,7.3,0.378,True,True,False
13.45809006690979,forward_010,3.45809006690979,0.1,0.0,0.0,0.3839724354387525,-0.020725784867432664,0.41560652813114973,-0.68,1.11,9.13,1.304,0.7218490839004517,0.0,0.04569236561655998,1.0,1.0,7.3,0.378,True,True,False
13.478542804718018,forward_010,3.4785428047180176,0.1,0.0,0.0,0.4723297288209654,0.020725784867432664,-0.11780972450961724,-1.27,0.15,9.15,0.9210000000000002,0.751954972743988,0.0,0.024984055198729038,1.0,1.0,7.2,0.759,True,True,False
13.498907804489136,forward_010,3.4989078044891357,0.1,0.0,0.0,0.47778388273344774,0.07090400086226964,-0.8453938564347534,-1.27,0.15,9.15,0.767,0.8509036898612976,0.0,0.028862643986940384,1.0,1.0,7.2,0.759,True,True,False
13.519281148910522,forward_010,3.5192811489105225,0.1,0.0,0.0,0.2683443724941282,0.2617993877991494,-1.0570150282390658,-1.27,0.15,9.15,0.767,0.8732103109359741,0.0,0.014176394790410995,1.0,1.0,7.2,0.759,True,True,False
13.539759159088135,forward_010,3.5397591590881348,0.1,0.0,0.0,0.23561944901923448,0.22907446432425577,-0.8999353955595761,0.44,1.52,9.63,0.767,0.8937813639640808,0.0,0.01353794289752841,1.0,1.0,7.2,0.759,True,True,False
13.56013298034668,forward_010,3.5601329803466797,0.1,0.0,0.0,0.13308135546456762,0.1505346479845109,-0.7232208087951503,0.06,-0.13,8.94,0.844,0.8925018906593323,0.0,0.010894332081079483,1.0,1.0,7.2,0.759,True,True,False
13.580513000488281,forward_010,3.5805130004882812,0.1,0.0,0.0,0.12544553998709243,0.23125612588924865,-0.2476185876266955,-0.86,-0.23,9.120000000000001,0.844,0.7419794797897339,0.0,0.023985709995031357,1.0,1.0,7.2,0.759,True,True,False
13.600888013839722,forward_010,3.6008880138397217,0.1,0.0,0.0,0.09381144729469522,0.2617993877991494,0.2585268954516601,-0.73,-0.33,8.370000000000001,0.767,0.7113004326820374,0.0,0.032968614250421524,1.0,1.0,7.2,0.759,True,True,False
13.621263265609741,forward_010,3.621263265609741,0.1,0.0,0.0,-0.05999569303730508,0.21489366415180183,0.5137812985558308,-0.61,0.19,7.5600000000000005,0.46,0.7903514504432678,0.0,0.03164448216557503,1.0,1.0,7.2,0.759,True,True,False
13.641638278961182,forward_010,3.6416382789611816,0.1,0.0,0.0,-0.20289452554434081,0.2378011105842274,0.545415391248228,-1.23,0.9500000000000001,8.26,0.46,0.7027077078819275,0.0,0.042008000891655684,1.0,1.0,7.2,0.759,True,True,False
13.662006616592407,forward_010,3.6620066165924072,0.1,0.0,0.0,-0.17671458676442586,0.35124751196385884,0.43524148221608594,-2.02,0.48,8.6,0.307,0.5674759745597839,0.0,0.055291732773184776,1.0,1.0,7.2,0.759,True,True,False
13.682379961013794,forward_010,3.682379961013794,0.1,0.0,0.0,-0.13308135546456762,0.210530341021816,0.19853120241435498,-2.02,0.48,8.6,0.537,0.6050251722335815,0.0,0.06429278291761875,1.0,1.0,7.3,0.47300000000000003,True,True,False
13.702747106552124,forward_010,3.702747106552124,0.1,0.0,0.0,-0.17016960206944712,0.23671027980173096,-0.12435470920459599,-1.9000000000000001,-0.68,7.07,0.9210000000000002,0.6034882664680481,0.0,0.06417538784444332,1.0,1.0,7.3,0.47300000000000003,True,True,False
13.723121643066406,forward_010,3.7231216430664062,0.1,0.0,0.0,-0.22471114119426994,0.02181661564992912,-0.44724062082354693,-1.8,-0.5,7.48,0.844,0.6868711709976196,0.0,0.02723081037402153,1.0,1.0,7.3,0.47300000000000003,True,True,False
13.743971586227417,forward_010,3.743971586227417,0.1,0.0,0.0,-0.2519819107566813,-0.009817477042468103,-0.5465062220307244,-1.79,0.07,7.17,1.074,0.7141947150230408,0.0,0.03458682191558182,1.0,1.0,7.3,0.47300000000000003,True,True,False
13.76434874534607,forward_010,3.7643487453460693,0.1,0.0,0.0,-0.2203478180642841,0.0545415391248228,-0.3785182815262702,-1.25,0.02,7.98,0.767,0.7661505341529846,0.0,0.02126334118656814,1.0,1.0,7.3,0.47300000000000003,True,True,False
13.784726858139038,forward_010,3.784726858139038,0.1,0.0,0.0,-0.3719732968312915,-0.17235126363444003,0.09272061651219876,-1.25,0.02,7.98,0.767,0.8317483067512512,0.0,0.024648815393447876,1.0,1.0,7.3,0.47300000000000003,True,True,False
13.805100679397583,forward_010,3.805100679397583,0.1,0.0,0.0,-0.33815754257390135,-0.15162547876700738,0.830122225479803,-1.3900000000000001,0.64,6.99,0.6899999999999998,0.7622542381286621,0.0,0.01149918814189732,1.0,1.0,7.3,0.47300000000000003,True,True,False
13.825488805770874,forward_010,3.825488805770874,0.1,0.0,0.0,-0.34797501961636945,-0.29343348049154666,1.1759155835311796,-1.23,0.24,8.76,0.6899999999999998,0.7711387276649475,0.0,0.011065203696489334,1.0,1.0,7.3,0.47300000000000003,True,True,False
13.845870971679688,forward_010,3.8458709716796875,0.1,0.0,0.0,-0.34143003492139073,-0.2203478180642841,0.9992009967667537,-1.23,0.24,8.76,0.537,0.7238698601722717,0.0,0.015603620558977127,1.0,1.0,7.3,0.47300000000000003,True,True,False
13.866252660751343,forward_010,3.8662526607513428,0.1,0.0,0.0,-0.1712604328519436,-0.20943951023931956,0.755945732270044,0.5,2.21,9.6,0.614,0.72868812084198,0.0,0.019751932471990585,1.0,1.0,7.3,0.47300000000000003,True,True,False
13.88662338256836,forward_010,3.8866233825683594,0.1,0.0,0.0,-0.12326387842209953,-0.3337942194439155,-0.00545415391248228,-1.43,-1.08,8.43,0.384,0.780950665473938,0.0,0.029305852949619293,1.0,1.0,7.4,0.357,True,True,False
13.906986474990845,forward_010,3.9069864749908447,0.1,0.0,0.0,0.06872233929727672,-0.2617993877991494,-0.25416357232167425,-1.43,-1.08,8.43,0.384,0.7475535273551941,0.0,0.03890025382861495,1.0,1.0,7.4,0.357,True,True,False
13.927353620529175,forward_010,3.927353620529175,0.1,0.0,0.0,0.09708393964218458,-0.12762720155208535,-0.4134248665661568,-0.55,-3.02,8.620000000000001,0.384,0.7003849744796753,0.0,0.03195241466164589,1.0,1.0,7.4,0.357,True,True,False
13.94773006439209,forward_010,3.94773006439209,0.1,0.0,0.0,0.07853981633974483,-0.05672320068981571,-0.33052172709642613,0.14,-2.87,7.55,0.844,0.7270806431770325,0.0,0.021778494119644165,1.0,1.0,7.4,0.357,True,True,False
13.968103408813477,forward_010,3.9681034088134766,0.1,0.0,0.0,0.2530727415391778,-0.23671027980173096,0.0272707695624114,0.14,-2.87,7.55,1.304,0.7791849970817566,0.0,0.020694680511951447,1.0,1.0,7.4,0.357,True,True,False
13.988488674163818,forward_010,3.9884886741638184,0.1,0.0,0.0,0.3839724354387525,-0.14508049407202864,0.23343778745424157,-0.74,-1.61,8.21,1.381,0.781078577041626,0.0,0.0271676667034626,1.0,1.0,7.4,0.357,True,True,False
14.00886845588684,forward_010,4.008868455886841,0.1,0.0,0.0,0.4657847441259867,-0.20289452554434081,0.1538071403320003,-0.74,-1.61,8.21,1.227,0.7128298878669739,0.0,0.0481113325804472,1.0,1.0,7.4,0.357,True,True,False
14.029237031936646,forward_010,4.0292370319366455,0.1,0.0,0.0,0.44833145160604343,0.12980886311707826,-0.27379852640661045,-1.06,0.59,8.9,0.767,0.73664391040802,0.0,0.023975074291229248,1.0,1.0,7.4,0.357,True,True,False
14.049614906311035,forward_010,4.049614906311035,0.1,0.0,0.0,0.46687557490848314,0.030543261909900768,-0.7592182246175333,-1.06,0.59,8.9,0.6899999999999998,0.8564475178718567,0.0,0.022816568613052368,1.0,1.0,7.4,0.357,True,True,False
14.070093393325806,forward_010,4.070093393325806,0.1,0.0,0.0,0.30870511144649704,0.15926129424448257,-0.9752027195518317,-1.06,0.59,8.9,0.614,0.8893532156944275,0.0,0.01508663222193718,1.0,1.0,7.4,0.357,True,True,False
14.090465784072876,forward_010,4.090465784072876,0.1,0.0,0.0,0.23125612588924865,0.032724923474893676,-0.8366672101747817,-1.06,0.59,8.9,0.844,0.916476309299469,0.0,0.011495697777718306,1.0,1.0,7.3,0.539,True,True,False
14.110843420028687,forward_010,4.1108434200286865,0.1,0.0,0.0,0.14944381720201447,0.09381144729469522,-0.6959500392327389,0.23,-0.07,8.66,0.844,0.9092994332313538,0.0,0.019769850187003613,1.0,1.0,7.3,0.539,True,True,False
14.131208181381226,forward_010,4.131208181381226,0.1,0.0,0.0,0.07308566242726255,0.1341721862470641,-0.3490658503988659,-0.63,0.13,9.65,0.844,0.7731754183769226,0.0,0.01894534006714821,1.0,1.0,7.3,0.539,True,True,False
14.151695728302002,forward_010,4.151695728302002,0.1,0.0,0.0,0.10471975511965978,0.1559888018969932,0.22362031041177347,-0.17,-0.25,9.41,0.767,0.72447669506073,0.0,0.029441311955451965,1.0,1.0,7.3,0.539,True,True,False
14.172068119049072,forward_010,4.172068119049072,0.1,0.0,0.0,-0.07090400086226964,0.23125612588924865,0.5235987755982988,-0.54,0.46,7.09,0.384,0.7918850779533386,0.0,0.03330349177122116,1.0,1.0,7.3,0.539,True,True,False
14.192524909973145,forward_010,4.1925249099731445,0.1,0.0,0.0,-0.23343778745424157,0.15817046346198613,0.5421428989007386,-0.64,-0.11,8.38,0.46,0.6563055515289307,0.0,0.05295870825648308,1.0,1.0,7.3,0.539,True,True,False
14.21290898323059,forward_010,4.212908983230591,0.1,0.0,0.0,-0.1930770485018727,0.24216443371421323,0.6468626540203984,-1.83,0.85,9.28,0.46,0.5132339000701904,0.0,0.05171903222799301,1.0,1.0,7.3,0.539,True,True,False
14.23328971862793,forward_010,4.23328971862793,0.1,0.0,0.0,-0.2530727415391778,0.16907877128695067,0.27379852640661045,-1.83,0.85,9.28,0.9210000000000002,0.6983184218406677,0.0,0.04125482216477394,1.0,1.0,7.3,0.539,True,True,False
14.253662824630737,forward_010,4.253662824630737,0.1,0.0,0.0,-0.24980024919168842,0.1265363707695889,0.008726646259971648,-1.32,0.03,9.03,0.9970000000000001,0.6819966435432434,0.0,0.05386590585112572,1.0,1.0,7.3,0.539,True,True,False
14.274030447006226,forward_010,4.274030447006226,0.1,0.0,0.0,-0.3643374813538163,0.11017390903214205,-0.32834006553143325,-2.35,-0.35000000000000003,7.640000000000001,1.074,0.6374375820159912,0.0,0.03081629052758217,1.0,1.0,7.3,0.539,True,True,False
14.294411182403564,forward_010,4.2944111824035645,0.1,0.0,0.0,-0.3763366199612773,-0.026179938779914945,-0.4701480672559725,-0.86,-0.39,7.47,1.074,0.7436276078224182,0.0,0.04830670077353716,1.0,1.0,7.3,0.5960000000000002,True,True,False
14.315545558929443,forward_010,4.315545558929443,0.1,0.0,0.0,-0.47123889803846897,0.028361600344907856,-0.10690141668465268,-0.86,-0.39,7.47,0.384,0.7904243469238281,0.0,0.019739050418138504,1.0,1.0,7.3,0.5960000000000002,True,True,False
14.335917472839355,forward_010,4.3359174728393555,0.1,0.0,0.0,-0.42978732830360367,-0.23452861823673804,0.46796640569097964,-0.86,-0.39,7.47,0.6899999999999998,0.8409685492515564,0.0,0.029458370059728622,1.0,1.0,7.3,0.5960000000000002,True,True,False
14.356383085250854,forward_010,4.3563830852508545,0.1,0.0,0.0,-0.27707101875409984,-0.12762720155208535,0.8857545953871222,-0.96,-0.13,8.950000000000001,0.6899999999999998,0.7687016129493713,0.0,0.013199061155319214,1.0,1.0,7.3,0.5960000000000002,True,True,False
14.376754760742188,forward_010,4.3767547607421875,0.1,0.0,0.0,-0.2378011105842274,-0.28907015736156083,0.7712173632249943,-0.96,-0.13,8.950000000000001,0.844,0.7882547974586487,0.0,0.009382683783769608,1.0,1.0,7.3,0.5960000000000002,True,True,False
14.397133827209473,forward_010,4.397133827209473,0.1,0.0,0.0,-0.07308566242726255,-0.3119776037939864,0.4756022211684548,0.48,-0.33,8.99,0.6899999999999998,0.8004984855651855,0.0,0.015265535563230515,1.0,1.0,7.3,0.5960000000000002,True,True,False
14.417508840560913,forward_010,4.417508840560913,0.1,0.0,0.0,-0.05781403147231216,-0.2181661564992912,0.08726646259971647,-0.49,-1.07,7.51,0.384,0.7625145316123962,0.0,0.02184896543622017,1.0,1.0,7.3,0.5960000000000002,True,True,False
14.43796968460083,forward_010,4.43796968460083,0.1,0.0,0.0,0.1189005552921137,-0.11671889372712078,-0.13962634015954636,-1.3800000000000001,-1.58,9.46,0.307,0.7451791167259216,0.0,0.02521538268774748,1.0,1.0,7.3,0.5960000000000002,True,True,False
14.458434581756592,forward_010,4.458434581756592,0.1,0.0,0.0,0.1538071403320003,-0.07853981633974483,-0.37742745074377376,-1.3800000000000001,-1.58,9.46,0.23,0.6916378140449524,0.0,0.03679685201495886,1.0,1.0,7.3,0.5960000000000002,True,True,False
14.478809356689453,forward_010,4.478809356689453,0.1,0.0,0.0,0.039269908169872414,-0.001090830782496456,-0.23671027980173096,-0.55,-2.68,8.39,0.537,0.6424323320388794,0.0,0.04214664362370968,1.0,1.0,7.3,0.5960000000000002,True,True,False
14.49917721748352,forward_010,4.4991772174835205,0.1,0.0,0.0,0.12871803233458182,-0.07635815477475191,0.09053895494720585,-0.11,-2.14,8.63,0.9210000000000002,0.7559824585914612,0.0,0.024140499532222748,1.0,1.0,7.4,0.453,True,True,False
14.51958441734314,forward_010,4.51958441734314,0.1,0.0,0.0,0.2912518189265537,-0.17998707911191522,0.42978732830360367,-1.49,-0.09,8.81,1.381,0.7981814742088318,0.0,0.021484311670064926,1.0,1.0,7.4,0.453,True,True,False
14.54006576538086,forward_010,4.540065765380859,0.1,0.0,0.0,0.3643374813538163,-0.017453292519943295,0.27379852640661045,-1.51,-0.56,7.76,1.458,0.8200335502624512,0.0,0.0293003300903365,1.0,1.0,7.4,0.453,True,True,False
14.560533046722412,forward_010,4.560533046722412,0.1,0.0,0.0,0.4625122517784973,-0.14726215563702155,-0.038179077387375956,-1.51,-0.56,7.76,1.304,0.719534158706665,0.0,0.05020941235125065,1.0,1.0,7.4,0.453,True,True,False
14.58102011680603,forward_010,4.58102011680603,0.1,0.0,0.0,0.5377795757707527,0.12762720155208535,-0.5923211148955756,-0.49,-0.08,8.76,0.767,0.7113786935806274,0.0,0.028792976401746273,1.0,1.0,7.4,0.453,True,True,False
14.601496458053589,forward_010,4.601496458053589,0.1,0.0,0.0,0.6108652381980153,0.04363323129985824,-0.868301302867179,-0.49,-0.08,8.76,0.614,0.8478921055793762,0.0,0.021253356710076332,1.0,1.0,7.4,0.453,True,True,False
14.621876001358032,forward_010,4.621876001358032,0.1,0.0,0.0,0.32615840396644036,0.21271200258680892,-1.0613783513690516,-0.49,-0.08,8.76,0.767,0.8922180533409119,0.0,0.01952820923179388,1.0,1.0,7.4,0.453,True,True,False
14.642253637313843,forward_010,4.642253637313843,0.1,0.0,0.0,0.19525871006686563,0.09053895494720585,-0.8726646259971648,0.5700000000000001,1.3800000000000001,9.32,0.844,0.9203147292137146,0.0,0.014479387551546097,1.0,1.0,7.4,0.453,True,True,False
14.662627220153809,forward_010,4.662627220153809,0.1,0.0,0.0,0.09381144729469522,0.12871803233458182,-0.6883142237552637,0.56,1.17,9.13,0.9210000000000002,0.9037931561470032,0.0,0.01473680417984724,1.0,1.0,7.4,0.453,True,True,False
14.682996988296509,forward_010,4.682996988296509,0.1,0.0,0.0,0.11999138607461016,0.06544984694978735,-0.18653206380689397,0.18,-0.22,9.790000000000001,0.9970000000000001,0.790412187576294,0.0,0.017778486013412476,1.0,1.0,7.4,0.453,True,True,False
14.703477621078491,forward_010,4.703477621078491,0.1,0.0,0.0,0.06435901616729091,0.136353847812057,0.3436116964863836,-0.33,-0.62,8.16,0.767,0.7283540368080139,0.0,0.030690215528011322,1.0,1.0,7.4,0.265,True,True,False
14.72384262084961,forward_010,4.723842620849609,0.1,0.0,0.0,-0.09381144729469522,0.13962634015954636,0.5890486225480862,-1.1500000000000001,0.35000000000000003,7.36,0.307,0.8177247047424316,0.0,0.03675339184701443,1.0,1.0,7.4,0.265,True,True,False
14.744210243225098,forward_010,4.744210243225098,0.1,0.0,0.0,-0.2596177262341565,0.1712604328519436,0.607592745850526,-1.24,0.53,8.040000000000001,0.307,0.8285049796104431,0.0,0.04075820744037628,1.0,1.0,7.4,0.265,True,True,False
14.764752626419067,forward_010,4.764752626419067,0.1,0.0,0.0,-0.26616271092913524,0.27052603405912107,0.5465062220307244,-1.77,1.06,8.44,0.614,0.54221510887146,0.0,0.053966180654242635,1.0,1.0,7.4,0.265,True,True,False
14.785125970840454,forward_010,4.785125970840454,0.1,0.0,0.0,-0.210530341021816,0.1930770485018727,0.20943951023931956,-1.41,0.45,9.49,0.844,0.6609410047531128,0.0,0.08084182068705559,1.0,1.0,7.4,0.265,True,True,False
14.805500984191895,forward_010,4.8055009841918945,0.1,0.0,0.0,-0.14289883250703572,0.14289883250703572,-0.019634954084936207,-1.3800000000000001,-0.36,8.67,0.9970000000000001,0.672696590423584,0.0,0.09645557403564453,1.0,1.0,7.4,0.265,True,True,False
14.825883865356445,forward_010,4.825883865356445,0.1,0.0,0.0,-0.2203478180642841,-0.003272492347489368,-0.3567016658763411,-1.92,-0.5,7.79,0.9970000000000001,0.7063583731651306,0.0,0.022680150344967842,1.0,1.0,7.4,0.265,True,True,False
14.846261024475098,forward_010,4.846261024475098,0.1,0.0,0.0,-0.33597588100890846,-0.14289883250703572,-0.5617778529856748,-2.06,-0.1,8.63,0.767,0.804632842540741,0.0,0.03609408065676689,1.0,1.0,7.4,0.265,True,True,False
14.86673879623413,forward_010,4.866738796234131,0.1,0.0,0.0,-0.2901609881440573,0.05345070834232634,-0.35452000431134817,-1.22,1.1400000000000001,8.61,0.537,0.7542962431907654,0.0,0.02262095920741558,1.0,1.0,7.4,0.265,True,True,False
14.887115955352783,forward_010,4.887115955352783,0.1,0.0,0.0,-0.33488505022641196,-0.06326818538479445,0.04581489286485115,-1.22,1.1400000000000001,8.61,0.9210000000000002,0.8235371112823486,0.0,0.023935573175549507,1.0,1.0,7.4,0.265,True,True,False
14.90758991241455,forward_010,4.907589912414551,0.1,0.0,0.0,-0.3665191429188092,-0.15817046346198613,0.856302164259718,-0.66,-0.39,7.8,0.767,0.7818236351013184,0.0,0.01710113137960434,1.0,1.0,7.3,0.486,True,True,False
14.927956342697144,forward_010,4.9279563426971436,0.1,0.0,0.0,-0.3119776037939864,-0.41996985126113556,1.1715522604011936,-0.66,-0.39,7.8,0.537,0.8162283301353455,0.0,0.007200569496490061,1.0,1.0,7.3,0.486,True,True,False
14.948324918746948,forward_010,4.948324918746948,0.1,0.0,0.0,-0.1407171709420428,-0.24870941840919197,0.9097528726020443,0.65,1.47,9.52,0.6899999999999998,0.7925050258636475,0.0,0.017659997567534447,1.0,1.0,7.3,0.486,True,True,False
14.96869707107544,forward_010,4.9686970710754395,0.1,0.0,0.0,-0.16035212502697901,-0.27052603405912107,0.10362892433716332,-0.43,-0.79,7.3,0.614,0.7680099010467529,0.0,0.035065021365880966,1.0,1.0,7.3,0.486,True,True,False
14.989065885543823,forward_010,4.989065885543823,0.1,0.0,0.0,-0.030543261909900768,-0.20398535632683726,-0.04799655442984406,0.02,-0.61,9.790000000000001,0.537,0.7484973669052124,0.0,0.03645931277424097,1.0,1.0,7.3,0.486,True,True,False
15.00945234298706,forward_010,5.0094523429870605,0.1,0.0,0.0,-0.030543261909900768,-0.20398535632683726,-0.04799655442984406,0.02,-0.61,9.790000000000001,0.153,0.7432034015655518,0.0,0.03129482548683882,1.0,1.0,7.3,0.486,True,True,False
15.029824018478394,forward_010,5.0298240184783936,0.1,0.0,0.0,0.06763150851478027,0.016362461737446838,-0.39269908169872414,-0.64,-1.8900000000000001,9.56,0.767,0.6012678742408752,0.0,0.029041502624750137,1.0,1.0,7.3,0.486,True,True,False
15.050203561782837,forward_010,5.050203561782837,0.1,0.0,0.0,0.04690572364734761,0.03490658503988659,-0.45705809786601503,-0.59,-3.18,8.540000000000001,1.074,0.7280619740486145,0.0,0.02402770146727562,1.0,1.0,7.3,0.486,True,True,False
15.070590734481812,forward_010,5.0705907344818115,0.1,0.0,0.0,0.13199052468207118,-0.019634954084936207,-0.17671458676442586,-0.49,-3.44,7.5200000000000005,1.304,0.7593804597854614,0.0,0.019161261327099055,1.0,1.0,7.3,0.486,True,True,False
15.090962171554565,forward_010,5.090962171554565,0.1,0.0,0.0,0.3196134192714616,-0.1734420944169365,0.2814343418840856,-0.19,-2.32,9.59,1.381,0.7905024886131287,0.0,0.025314822793006897,1.0,1.0,7.3,0.486,True,True,False
15.111329317092896,forward_010,5.1113293170928955,0.1,0.0,0.0,0.40251655874119224,-0.13744467859455345,0.3567016658763411,-1.37,-1.21,8.57,1.151,0.7382676601409912,0.0,0.05413762852549553,1.0,1.0,7.4,0.493,True,True,False
15.13169527053833,forward_010,5.13169527053833,0.1,0.0,0.0,0.4908738521234052,-0.14508049407202864,0.2552544031041707,-1.37,-1.21,8.57,0.6899999999999998,0.7967323064804077,0.0,0.027533408254384995,1.0,1.0,7.4,0.493,True,True,False
15.15212368965149,forward_010,5.152123689651489,0.1,0.0,0.0,0.5181446216858165,0.16253378659197193,-0.1341721862470641,-0.81,1.22,8.38,0.6899999999999998,0.8027089834213257,0.0,0.020526153966784477,1.0,1.0,7.4,0.493,True,True,False
15.17249321937561,forward_010,5.17249321937561,0.1,0.0,0.0,0.6206827152404835,-0.05999569303730508,-0.6686792696703275,-0.81,1.22,8.38,0.844,0.8953666090965271,0.0,0.029598191380500793,1.0,1.0,7.4,0.493,True,True,False
15.192876815795898,forward_010,5.192876815795898,0.1,0.0,0.0,0.3883357585687383,0.12871803233458182,-1.0995574287564276,-0.81,1.22,8.38,0.9210000000000002,0.8998898863792419,0.0,0.015825056470930576,1.0,1.0,7.4,0.493,True,True,False
15.213261842727661,forward_010,5.213261842727661,0.1,0.0,0.0,0.17998707911191522,0.03490658503988659,-1.263182046130896,0.1,1.45,9.03,0.9210000000000002,0.8993277549743652,0.0,0.01491960883140564,1.0,1.0,7.4,0.493,True,True,False
15.233637809753418,forward_010,5.233637809753418,0.1,0.0,0.0,0.044724062082354694,0.05999569303730508,-1.0919216132789524,0.18,0.92,8.64,0.844,0.8589643836021423,0.0,0.02397201582789421,1.0,1.0,7.4,0.493,True,True,False
15.254023790359497,forward_010,5.254023790359497,0.1,0.0,0.0,0.05672320068981571,0.13744467859455345,-0.743946593662583,0.18,0.92,8.64,0.767,0.679924488067627,0.0,0.027286462485790253,1.0,1.0,7.4,0.493,True,True,False
15.27442479133606,forward_010,5.27442479133606,0.1,0.0,0.0,0.1090830782496456,0.1341721862470641,-0.05235987755982989,0.56,-1.3900000000000001,8.6,0.537,0.7211751341819763,0.0,0.02764233574271202,1.0,1.0,7.4,0.493,True,True,False
15.294795274734497,forward_010,5.294795274734497,0.1,0.0,0.0,-0.061086523819801536,0.1189005552921137,0.5377795757707527,-0.39,-0.4,7.21,0.537,0.8087018132209778,0.0,0.043258223216980696,1.0,1.0,7.4,0.493,True,True,False
15.315176725387573,forward_010,5.315176725387573,0.1,0.0,0.0,-0.22580197197676638,0.05890486225480862,0.7395832705325971,-0.92,-0.4,8.36,0.614,0.8457887768745422,0.0,0.0584668992087245,1.0,1.0,7.2,0.6880000000000001,True,True,False
15.336599349975586,forward_010,5.336599349975586,0.1,0.0,0.0,-0.2007128639793479,0.17671458676442586,0.8999353955595761,-1.42,0.67,9.65,0.844,0.7139176726341248,0.0,0.03666437417268753,1.0,1.0,7.2,0.6880000000000001,True,True,False
15.356985092163086,forward_010,5.356985092163086,0.1,0.0,0.0,-0.4526947747360292,0.32615840396644036,0.346884188833873,-1.6600000000000001,0.89,9.25,0.9210000000000002,0.7360808253288269,0.0,0.04790156148374081,1.0,1.0,7.2,0.6880000000000001,True,True,False
15.377354145050049,forward_010,5.377354145050049,0.1,0.0,0.0,-0.42542400517361784,0.2683443724941282,0.03381575425739013,-1.06,0.44,8.03,1.151,0.6712892055511475,0.0,0.05777028203010559,1.0,1.0,7.2,0.6880000000000001,True,True,False
15.397731304168701,forward_010,5.397731304168701,0.1,0.0,0.0,-0.28907015736156083,-0.032724923474893676,-0.037088246604879506,-0.36,0.11,7.25,1.227,0.7224391102790833,0.0,0.04361164569854736,1.0,1.0,7.2,0.6880000000000001,True,True,False
15.418118238449097,forward_010,5.418118238449097,0.1,0.0,0.0,-0.40906154343617096,-0.20289452554434081,-0.3174317577064687,-1.42,-0.25,7.44,0.767,0.8703479170799255,0.0,0.01815221831202507,1.0,1.0,7.2,0.6880000000000001,True,True,False
15.438541173934937,forward_010,5.4385411739349365,0.1,0.0,0.0,-0.6479534848028948,-0.2912518189265537,-0.3534291735288517,-1.42,-0.25,7.44,0.9210000000000002,0.8725648522377014,0.0,0.01934090768918395,1.0,1.0,7.2,0.6880000000000001,True,True,False
15.458914995193481,forward_010,5.4589149951934814,0.1,0.0,0.0,-0.48105637508093707,-0.1439896632895322,0.3010692959690218,-1.42,-0.25,7.44,0.6899999999999998,0.8040032982826233,0.0,0.02128995582461357,1.0,1.0,7.2,0.6880000000000001,True,True,False
15.479410171508789,forward_010,5.479410171508789,0.1,0.0,0.0,-0.2923426497090502,0.06217735460229799,0.7134033317526822,-1.42,-0.25,7.44,0.9210000000000002,0.7284818291664124,0.0,0.013141807168722153,1.0,1.0,7.2,0.6880000000000001,True,True,False
15.499902963638306,forward_010,5.499902963638306,0.1,0.0,0.0,-0.08835729338221293,-0.07744898555724837,0.8792096106921435,-1.42,-0.25,7.44,0.9210000000000002,0.7222322821617126,0.0,0.010748225264251232,1.0,1.0,7.2,0.6880000000000001,True,True,False
15.52026915550232,forward_010,5.520269155502319,0.1,0.0,0.0,0.055632369907319255,-0.21925698728178766,0.5781403147231217,1.82,-1.03,7.03,0.6899999999999998,0.7420545816421509,0.0,0.023697275668382645,1.0,1.0,7.4,0.22400000000000003,True,True,False
15.540982246398926,forward_010,5.540982246398926,0.1,0.0,0.0,0.10253809355466686,-0.35561083509384467,0.44833145160604343,0.05,1.06,8.72,0.46,0.7637931108474731,0.0,0.025609323754906654,1.0,1.0,7.4,0.22400000000000003,True,True,False
15.561361074447632,forward_010,5.561361074447632,0.1,0.0,0.0,0.18762289458939044,-0.1090830782496456,-0.017453292519943295,0.05,1.06,8.72,0.307,0.6338667273521423,0.0,0.04843267612159252,1.0,1.0,7.4,0.22400000000000003,True,True,False
15.581741333007812,forward_010,5.5817413330078125,0.1,0.0,0.0,0.19744037163185854,-0.031634092692397225,-0.5268712679457882,-0.68,-2.46,9.22,0.307,0.6544061303138733,0.0,0.04360483027994633,1.0,1.0,7.4,0.22400000000000003,True,True,False
15.602131128311157,forward_010,5.602131128311157,0.1,0.0,0.0,0.1407171709420428,0.11344640137963143,-0.23561944901923448,-2.13,-1.79,8.08,0.767,0.7260779142379761,0.0,0.02763255685567856,1.0,1.0,7.4,0.22400000000000003,True,True,False
15.62250280380249,forward_010,5.62250280380249,0.1,0.0,0.0,0.08944812416470939,-0.04036073895236887,-0.11453723216212788,1.75,-1.47,8.73,1.151,0.7297772169113159,0.0,0.030651384964585304,1.0,1.0,7.4,0.22400000000000003,True,True,False
15.642930507659912,forward_010,5.642930507659912,0.1,0.0,0.0,0.2617993877991494,-0.014180800172453928,0.08290313946973066,0.56,-1.98,7.930000000000001,1.381,0.7398108243942261,0.0,0.038327448070049286,1.0,1.0,7.4,0.22400000000000003,True,True,False
15.663318634033203,forward_010,5.663318634033203,0.1,0.0,0.0,0.36324665057131983,-0.18544123302439752,0.3425208657038872,-1.49,-2.5300000000000002,9.06,1.151,0.7467054724693298,0.0,0.04643503949046135,1.0,1.0,7.4,0.22400000000000003,True,True,False
15.683688163757324,forward_010,5.683688163757324,0.1,0.0,0.0,0.40906154343617096,-0.06326818538479445,0.4428772976935611,-1.82,0.55,9.58,0.537,0.7894841432571411,0.0,0.0316687161102891,1.0,1.0,7.4,0.22400000000000003,True,True,False
15.704071998596191,forward_010,5.704071998596191,0.1,0.0,0.0,0.49960049838337683,0.018544123302439753,-0.16580627893946132,-0.62,0.05,8.99,0.767,0.828402042388916,0.0,0.0188197772949934,1.0,1.0,7.4,0.22400000000000003,True,True,False
15.724443912506104,forward_010,5.7244439125061035,0.1,0.0,0.0,0.4494222823885399,0.038179077387375956,-0.5759586531581288,-0.62,0.05,8.99,0.844,0.8829661011695862,0.0,0.021478448063135147,1.0,1.0,7.3,0.5840000000000001,True,True,False
15.744812726974487,forward_010,5.744812726974487,0.1,0.0,0.0,0.2683443724941282,0.10362892433716332,-0.8704829644321719,-0.62,0.05,8.99,0.844,0.8983086347579956,0.0,0.012734910473227501,1.0,1.0,7.3,0.5840000000000001,True,True,False
15.765193939208984,forward_010,5.765193939208984,0.1,0.0,0.0,0.1734420944169365,0.10362892433716332,-0.9937468428542714,-0.05,2.05,9.11,0.844,0.8821284174919128,0.0,0.009406710043549538,1.0,1.0,7.3,0.5840000000000001,True,True,False
15.785661458969116,forward_010,5.785661458969116,0.1,0.0,0.0,0.17671458676442586,0.05235987755982989,-0.9708393964218458,0.1,-0.2,8.47,0.767,0.8459071516990662,0.0,0.022055430337786674,1.0,1.0,7.3,0.5840000000000001,True,True,False
15.806034088134766,forward_010,5.806034088134766,0.1,0.0,0.0,0.11126473981463851,0.10471975511965978,-0.5879577917655898,-0.1,-0.01,9.19,0.6899999999999998,0.672498345375061,0.0,0.02602439373731613,1.0,1.0,7.3,0.5840000000000001,True,True,False
15.826401710510254,forward_010,5.826401710510254,0.1,0.0,0.0,0.0719948316447661,0.1712604328519436,-0.1189005552921137,-0.4,-0.58,8.8,0.384,0.6812443137168884,0.0,0.04077856242656708,1.0,1.0,7.3,0.5840000000000001,True,True,False
15.846883535385132,forward_010,5.846883535385132,0.1,0.0,0.0,-0.00545415391248228,0.12762720155208535,0.35124751196385884,-0.34,-0.41000000000000003,8.040000000000001,0.384,0.6466893553733826,0.0,0.04297875426709652,1.0,1.0,7.3,0.5840000000000001,True,True,False
15.867250680923462,forward_010,5.867250680923462,0.1,0.0,0.0,-0.1505346479845109,0.15926129424448257,0.5290529295107811,-1.0,-0.44,7.9,0.46,0.6143879890441895,0.0,0.06076829181984067,1.0,1.0,7.3,0.5840000000000001,True,True,False
15.887732028961182,forward_010,5.887732028961182,0.1,0.0,0.0,-0.19744037163185854,0.21162117180431245,0.6370451769779303,-1.86,0.92,9.67,0.844,0.7240960001945496,0.0,0.03615075256675482,1.0,1.0,7.3,0.5840000000000001,True,True,False
15.908111572265625,forward_010,5.908111572265625,0.1,0.0,0.0,-0.3108867730114899,0.3337942194439155,0.38942658935123475,-2.36,0.66,9.120000000000001,1.074,0.6671329140663147,0.0,0.037947576493024826,1.0,1.0,7.3,0.5840000000000001,True,True,False
15.928479671478271,forward_010,5.9284796714782715,0.1,0.0,0.0,-0.33815754257390135,0.26398104936414235,0.15162547876700738,-1.19,0.11,8.540000000000001,1.151,0.6625238060951233,0.0,0.057610100135207176,1.0,1.0,7.4,0.199,True,True,False
15.948848247528076,forward_010,5.948848247528076,0.1,0.0,0.0,-0.272707695624114,0.037088246604879506,-0.015271630954950384,-0.9,0.05,7.07,1.074,0.7216137051582336,0.0,0.03981347195804119,1.0,1.0,7.4,0.199,True,True,False
15.969328880310059,forward_010,5.969328880310059,0.1,0.0,0.0,-0.48651052899341934,-0.20943951023931956,-0.2879793265790644,-1.59,-0.32,7.5200000000000005,0.6899999999999998,0.8594774603843689,0.0,0.016839679330587387,1.0,1.0,7.4,0.199,True,True,False
15.989713191986084,forward_010,5.989713191986084,0.1,0.0,0.0,-0.667588438887831,-0.19198621771937624,-0.16471544815696484,-2.18,-0.11,9.44,0.614,0.8431394100189209,0.0,0.020065143704414368,1.0,1.0,7.4,0.199,True,True,False
16.010087728500366,forward_010,6.010087728500366,0.1,0.0,0.0,-0.5825036378531074,-0.16035212502697901,0.36979163526629855,-2.18,-0.11,9.44,0.537,0.7875157594680786,0.0,0.01751074567437172,1.0,1.0,7.4,0.199,True,True,False
16.030461311340332,forward_010,6.030461311340332,0.1,0.0,0.0,-0.3337942194439155,-0.007635815477475192,0.9992009967667537,-1.48,-1.3,9.47,0.767,0.7300544381141663,0.0,0.011677131056785583,1.0,1.0,7.4,0.199,True,True,False
16.050825595855713,forward_010,6.050825595855713,0.1,0.0,0.0,-0.05781403147231216,-0.35015668118136234,0.9588402578143848,-1.48,-1.3,9.47,0.844,0.7184180021286011,0.0,0.021261218935251236,1.0,1.0,7.4,0.199,True,True,False
16.07119846343994,forward_010,6.071198463439941,0.1,0.0,0.0,0.061086523819801536,-0.4243331743911214,0.4014257279586958,1.11,-2.09,7.08,0.614,0.776999831199646,0.0,0.017683222889900208,1.0,1.0,7.4,0.199,True,True,False
16.091594219207764,forward_010,6.091594219207764,0.1,0.0,0.0,0.10581058590215622,-0.3937899124812206,0.31306843457648287,0.04,0.61,8.51,0.46,0.7708064317703247,0.0,0.0273130489513278,1.0,1.0,7.4,0.199,True,True,False
16.111977100372314,forward_010,6.1119771003723145,0.1,0.0,0.0,0.17998707911191522,-0.10471975511965978,-0.26725354171163174,-2.29,-0.76,9.17,0.307,0.6630460619926453,0.0,0.037661757320165634,1.0,1.0,7.4,0.199,True,True,False
16.13235592842102,forward_010,6.1323559284210205,0.1,0.0,0.0,0.16580627893946132,-0.06981317007977318,-0.5868669609830933,-2.29,-0.76,9.17,0.384,0.6428080797195435,0.0,0.041717588901519775,1.0,1.0,7.4,0.4320000000000001,True,True,False
16.152719736099243,forward_010,6.152719736099243,0.1,0.0,0.0,0.0719948316447661,0.09490227807719166,-0.16471544815696484,-1.3900000000000001,-1.37,7.83,0.844,0.7220265865325928,0.0,0.026788659393787384,1.0,1.0,7.4,0.4320000000000001,True,True,False
16.173097848892212,forward_010,6.173097848892212,0.1,0.0,0.0,0.09053895494720585,-0.12544553998709243,-0.030543261909900768,0.18,-2.2800000000000002,8.21,1.151,0.7502442002296448,0.0,0.026318472810089588,1.0,1.0,7.4,0.4320000000000001,True,True,False
16.193466186523438,forward_010,6.1934661865234375,0.1,0.0,0.0,0.2945243112740431,0.008726646259971648,0.22580197197676638,1.21,-1.57,8.13,1.381,0.7592394948005676,0.0,0.027306292206048965,1.0,1.0,7.4,0.4320000000000001,True,True,False
16.213852405548096,forward_010,6.213852405548096,0.1,0.0,0.0,0.38069994309126315,-0.12980886311707826,0.43196898986859655,1.21,-1.57,8.13,1.458,0.666304886341095,0.0,0.053433545865118504,1.0,1.0,7.4,0.4320000000000001,True,True,False
16.23423457145691,forward_010,6.234234571456909,0.1,0.0,0.0,0.4177881896961426,0.07744898555724837,0.3174317577064687,1.21,-1.57,8.13,1.074,0.6671658754348755,0.0,0.026332372799515724,1.0,1.0,7.4,0.4320000000000001,True,True,False
16.254605531692505,forward_010,6.254605531692505,0.1,0.0,0.0,0.5105088062083414,0.2181661564992912,-0.22580197197676638,-1.44,0.02,9.41,0.537,0.7974469661712646,0.0,0.022382577881217003,1.0,1.0,7.4,0.4320000000000001,True,True,False
16.2750723361969,forward_010,6.275072336196899,0.1,0.0,0.0,0.4701480672559725,0.04581489286485115,-0.6730425928003133,-1.44,0.02,9.41,0.767,0.8880325555801392,0.0,0.02437780797481537,1.0,1.0,7.4,0.4320000000000001,True,True,False
16.295448303222656,forward_010,6.295448303222656,0.1,0.0,0.0,0.30543261909900765,0.31852258848896514,-0.9261153343394911,-1.44,0.02,9.41,0.767,0.882411003112793,0.0,0.009783926419913769,1.0,1.0,7.4,0.4320000000000001,True,True,False
16.31582808494568,forward_010,6.315828084945679,0.1,0.0,0.0,0.25634523388666713,0.16798794050445423,-0.8606654873897037,0.75,1.32,9.700000000000001,0.844,0.8697401285171509,0.0,0.01812225952744484,1.0,1.0,7.4,0.4320000000000001,True,True,False
16.336201190948486,forward_010,6.336201190948486,0.1,0.0,0.0,0.2181661564992912,0.06981317007977318,-0.7712173632249943,-0.03,0.43,8.49,0.844,0.8324458003044128,0.0,0.019758503884077072,1.0,1.0,7.4,0.303,True,True,False
16.35783576965332,forward_010,6.35783576965332,0.1,0.0,0.0,0.07853981633974483,0.013089969389957472,-0.43196898986859655,-0.03,0.43,8.49,0.6899999999999998,0.700869083404541,0.0,0.021276995539665222,1.0,1.0,7.4,0.303,True,True,False
16.378220558166504,forward_010,6.378220558166504,0.1,0.0,0.0,0.016362461737446838,0.23125612588924865,0.3021601267515183,-1.03,0.27,8.64,0.307,0.766788125038147,0.0,0.0479340385645628,1.0,1.0,7.4,0.303,True,True,False
16.39861536026001,forward_010,6.39861536026001,0.1,0.0,0.0,-0.09926560120717749,0.15926129424448257,0.31525009614147576,-1.03,0.27,8.64,0.307,0.7638691067695618,0.0,0.04887991212308407,1.0,1.0,7.4,0.303,True,True,False
16.419010400772095,forward_010,6.419010400772095,0.1,0.0,0.0,-0.19525871006686563,0.38288160465625604,0.22362031041177347,-1.56,0.38,7.3,0.384,0.5089693069458008,0.0,0.05350957391783595,1.0,1.0,7.4,0.303,True,True,False
16.440404891967773,forward_010,6.440404891967773,0.1,0.0,0.0,-0.18435040224190105,0.3861540970037454,0.16907877128695067,-1.5,0.54,9.71,0.537,0.6519577503204346,0.0,0.06815022975206375,1.0,1.0,7.4,0.303,True,True,False
16.460786819458008,forward_010,6.460786819458008,0.1,0.0,0.0,-0.2530727415391778,0.39269908169872414,0.006544984694978736,-1.32,-0.26,8.86,0.9210000000000002,0.602286696434021,0.0,0.07839079387485981,1.0,1.0,7.4,0.303,True,True,False
16.481153964996338,forward_010,6.481153964996338,0.1,0.0,0.0,-0.19525871006686563,0.04363323129985824,0.04581489286485115,-1.32,-0.26,8.86,0.9210000000000002,0.6179792284965515,0.0,0.02917832974344492,1.0,1.0,7.4,0.303,True,True,False
16.50153112411499,forward_010,6.50153112411499,0.1,0.0,0.0,-0.29561514205653955,-0.07090400086226964,-0.2007128639793479,-1.94,-0.8,6.63,0.844,0.7871134281158447,0.0,0.034547748044133186,1.0,1.0,7.4,0.303,True,True,False
16.521912574768066,forward_010,6.521912574768066,0.1,0.0,0.0,-0.4243331743911214,-0.2596177262341565,-0.28907015736156083,-1.83,-0.87,7.55,0.614,0.8430745601654053,0.0,0.020911365747451782,1.0,1.0,7.4,0.303,True,True,False
16.542272806167603,forward_010,6.5422728061676025,0.1,0.0,0.0,-0.4559672670835186,0.06872233929727672,-0.10362892433716332,-3.15,-1.12,8.69,0.6899999999999998,0.8073525428771973,0.0,0.023945622146129608,1.0,1.0,7.3,0.511,True,True,False
16.562644720077515,forward_010,6.562644720077515,0.1,0.0,0.0,-0.36324665057131983,0.10581058590215622,0.581412807070611,-3.15,-1.12,8.69,0.767,0.7250877022743225,0.0,0.013741833157837391,1.0,1.0,7.3,0.511,True,True,False
16.583030223846436,forward_010,6.5830302238464355,0.1,0.0,0.0,-0.3883357585687383,0.04799655442984406,1.08646745936647,0.46,-0.44,8.02,0.767,0.7781367897987366,0.0,0.02081345021724701,1.0,1.0,7.3,0.511,True,True,False
16.603413820266724,forward_010,6.603413820266724,0.1,0.0,0.0,-0.26398104936414235,-0.4854196982109229,1.1802789066611654,0.35000000000000003,0.9400000000000001,7.07,0.767,0.774823784828186,0.0,0.028213199228048325,1.0,1.0,7.3,0.511,True,True,False
16.62380027770996,forward_010,6.623800277709961,0.1,0.0,0.0,-0.032724923474893676,-0.5988660995905544,0.8464846872172498,0.35000000000000003,0.9400000000000001,7.07,0.767,0.7703954577445984,0.0,0.016366291791200638,1.0,1.0,7.3,0.511,True,True,False
16.64423942565918,forward_010,6.64423942565918,0.1,0.0,0.0,-0.044724062082354694,-0.272707695624114,0.14835298641951802,-0.29,0.36,6.82,0.384,0.762737512588501,0.0,0.03352149110287428,1.0,1.0,7.3,0.511,True,True,False
16.664690256118774,forward_010,6.664690256118774,0.1,0.0,0.0,0.038179077387375956,-0.22143864884678055,-0.3010692959690218,-1.34,-0.28,7.97,0.46,0.7411186099052429,0.0,0.03712975326925516,1.0,1.0,7.3,0.511,True,True,False
16.685168981552124,forward_010,6.685168981552124,0.1,0.0,0.0,0.038179077387375956,-0.18216874067690814,-0.5225079448158024,-1.34,-0.28,7.97,0.307,0.7112154960632324,0.0,0.02963520959019661,1.0,1.0,7.3,0.511,True,True,False
16.70555067062378,forward_010,6.705550670623779,0.1,0.0,0.0,0.020725784867432664,0.05999569303730508,-0.2716168648416175,-0.85,-2.0300000000000002,7.55,0.767,0.6993561387062073,0.0,0.027088385075330734,1.0,1.0,7.3,0.511,True,True,False
16.7260320186615,forward_010,6.726032018661499,0.1,0.0,0.0,0.08508480103472356,-0.15926129424448257,-0.15926129424448257,0.04,-3.1,7.8,1.151,0.7327933311462402,0.0,0.021846192190423608,1.0,1.0,7.3,0.511,True,True,False
16.746403217315674,forward_010,6.746403217315674,0.1,0.0,0.0,0.21162117180431245,-0.3294308963139297,0.21162117180431245,0.04,-3.1,7.8,1.304,0.7427699565887451,0.0,0.024576418101787567,1.0,1.0,7.4,0.29900000000000004,True,True,False
16.766772747039795,forward_010,6.766772747039795,0.1,0.0,0.0,0.3621558197888234,-0.33815754257390135,0.45705809786601503,-0.26,-1.75,8.58,1.381,0.7145116329193115,0.0,0.0461686123162508,1.0,1.0,7.4,0.29900000000000004,True,True,False
16.787233591079712,forward_010,6.787233591079712,0.1,0.0,0.0,0.4537856055185257,-0.04145156973486533,0.22143864884678055,-1.9000000000000001,-0.84,8.98,0.9210000000000002,0.7849980592727661,0.0,0.024951340164989233,1.0,1.0,7.4,0.29900000000000004,True,True,False
16.807711362838745,forward_010,6.807711362838745,0.1,0.0,0.0,0.47669305195095124,0.07308566242726255,-0.19853120241435498,-0.41000000000000003,0.5,9.58,0.537,0.8189465999603271,0.0,0.01915750838816166,1.0,1.0,7.4,0.29900000000000004,True,True,False
16.82816219329834,forward_010,6.82816219329834,0.1,0.0,0.0,0.4341506514335895,-0.05345070834232634,-0.5879577917655898,-0.41000000000000003,0.5,9.58,0.844,0.8995172381401062,0.0,0.02477860078215599,1.0,1.0,7.4,0.29900000000000004,True,True,False
16.84852957725525,forward_010,6.848529577255249,0.1,0.0,0.0,0.2879793265790644,0.19634954084936207,-0.9697485656393493,-0.41000000000000003,0.5,9.58,0.767,0.8938339948654175,0.0,0.013176945969462395,1.0,1.0,7.4,0.29900000000000004,True,True,False
16.868913650512695,forward_010,6.868913650512695,0.1,0.0,0.0,0.20725784867432664,0.17671458676442586,-1.0493792127615906,-0.39,1.49,9.53,0.844,0.8726863265037537,0.0,0.008943712338805199,1.0,1.0,7.4,0.29900000000000004,True,True,False
16.889291524887085,forward_010,6.889291524887085,0.1,0.0,0.0,0.15926129424448257,0.11780972450961724,-0.8846637646046258,-0.48,0.27,8.47,0.844,0.7888308763504028,0.0,0.025322644039988518,1.0,1.0,7.4,0.29900000000000004,True,True,False
16.90966510772705,forward_010,6.909665107727051,0.1,0.0,0.0,0.17780541754692233,0.12980886311707826,-0.5737769915931359,-0.15,-0.45,9.61,0.614,0.6500089168548584,0.0,0.0286385640501976,1.0,1.0,7.4,0.29900000000000004,True,True,False
16.93004560470581,forward_010,6.9300456047058105,0.1,0.0,0.0,0.09053895494720585,0.23125612588924865,-0.04581489286485115,-0.46,-0.53,8.25,0.307,0.6593205332756042,0.0,0.03562620468437672,1.0,1.0,7.4,0.29900000000000004,True,True,False
16.950422525405884,forward_010,6.950422525405884,0.1,0.0,0.0,-0.05781403147231216,0.20725784867432664,0.3817907738737596,-0.1,-0.61,8.11,0.46,0.5569818615913391,0.0,0.049242693930864334,1.0,1.0,7.3,0.552,True,True,False
16.970792770385742,forward_010,6.970792770385742,0.1,0.0,0.0,-0.13526301702956053,0.15489797111449674,0.5857761302005968,-1.28,-0.27,7.86,0.46,0.6166731119155884,0.0,0.04429413564503193,1.0,1.0,7.3,0.552,True,True,False
16.991162538528442,forward_010,6.991162538528442,0.1,0.0,0.0,-0.2617993877991494,0.2399827721492203,0.5399612373357457,-1.92,0.6900000000000001,9.700000000000001,0.844,0.7508625388145447,0.0,0.04038518946617842,1.0,1.0,7.3,0.552,True,True,False
17.01154398918152,forward_010,7.0115439891815186,0.1,0.0,0.0,-0.3687008044838021,0.40906154343617096,0.2879793265790644,-2.49,1.09,9.38,0.9970000000000001,0.693131685256958,0.0,0.04064326360821724,1.0,1.0,7.3,0.552,True,True,False
17.03200340270996,forward_010,7.032003402709961,0.1,0.0,0.0,-0.36324665057131983,0.19416787928436915,0.022907446432425576,-0.76,0.38,8.31,1.151,0.6514104604721069,0.0,0.06695100665092468,1.0,1.0,7.3,0.552,True,True,False
17.05250120162964,forward_010,7.052501201629639,0.1,0.0,0.0,-0.3425208657038872,0.06544984694978735,-0.10035643198967395,-0.44,-0.07,7.23,1.074,0.7077425122261047,0.0,0.030959976837038994,1.0,1.0,7.3,0.552,True,True,False
17.07288956642151,forward_010,7.072889566421509,0.1,0.0,0.0,-0.46796640569097964,-0.07744898555724837,-0.22907446432425577,-2.15,-0.03,7.68,0.614,0.8303688168525696,0.0,0.017503073439002037,1.0,1.0,7.3,0.552,True,True,False
17.09325861930847,forward_010,7.093258619308472,0.1,0.0,0.0,-0.6490443155853913,-0.18216874067690814,-0.1189005552921137,-2.15,-0.03,7.68,0.6899999999999998,0.8340960741043091,0.0,0.016462971456348896,1.0,1.0,7.3,0.552,True,True,False
17.113638162612915,forward_010,7.113638162612915,0.1,0.0,0.0,-0.5901394533305827,-0.14180800172453928,0.3141592653589793,-2.15,-0.03,7.68,0.614,0.7711581587791443,0.0,0.012155089527368546,1.0,1.0,7.3,0.552,True,True,False
17.134021282196045,forward_010,7.134021282196045,0.1,0.0,0.0,-0.2825251726665821,-0.05235987755982989,1.0962849364089382,-2.15,-0.03,7.68,0.767,0.7222950458526611,0.0,0.012227486819028854,1.0,1.0,7.3,0.552,True,True,False
17.154386520385742,forward_010,7.154386520385742,0.1,0.0,0.0,-0.04254240051736178,-0.421060682043632,0.8224864100023278,-2.15,-0.03,7.68,0.6899999999999998,0.7308575510978699,0.0,0.020391467958688736,1.0,1.0,7.3,0.278,True,True,False
17.17474889755249,forward_010,7.17474889755249,0.1,0.0,0.0,0.05672320068981571,-0.3763366199612773,0.3097959422289935,0.73,-2.4,6.98,0.614,0.7390016913414001,0.0,0.014959391206502914,1.0,1.0,7.3,0.278,True,True,False
17.19512104988098,forward_010,7.1951210498809814,0.1,0.0,0.0,0.11235557059713497,-0.4854196982109229,0.22907446432425577,0.23,0.14,9.13,0.307,0.7719389796257019,0.0,0.02818429283797741,1.0,1.0,7.3,0.278,True,True,False
17.215515613555908,forward_010,7.215515613555908,0.1,0.0,0.0,0.19962203319685143,-0.1461713248545251,-0.30543261909900765,-1.86,-1.3900000000000001,8.42,0.153,0.6844466924667358,0.0,0.033722806721925735,1.0,1.0,7.3,0.278,True,True,False
17.2361159324646,forward_010,7.2361159324646,0.1,0.0,0.0,0.18435040224190105,-0.12217304763960307,-0.6283185307179586,-0.84,-3.15,8.68,0.537,0.6826204061508179,0.0,0.04481586813926697,1.0,1.0,7.3,0.278,True,True,False
17.256498098373413,forward_010,7.256498098373413,0.1,0.0,0.0,0.07526732399225546,0.004363323129985824,-0.2279836335417593,-0.18,-2.2,9.71,0.767,0.7146207690238953,0.0,0.021091118454933167,1.0,1.0,7.3,0.278,True,True,False
17.276885986328125,forward_010,7.276885986328125,0.1,0.0,0.0,0.0719948316447661,-0.11453723216212788,0.07526732399225546,0.31,-1.46,8.19,1.151,0.7662760615348816,0.0,0.024916015565395355,1.0,1.0,7.3,0.278,True,True,False
17.29725217819214,forward_010,7.297252178192139,0.1,0.0,0.0,0.2650718801466388,-0.001090830782496456,0.2923426497090502,1.24,-1.3,7.94,1.381,0.7651180028915405,0.0,0.02281126379966736,1.0,1.0,7.3,0.278,True,True,False
17.3176212310791,forward_010,7.317621231079102,0.1,0.0,0.0,0.3119776037939864,-0.16798794050445423,0.41015237421866746,1.24,-1.3,7.94,1.304,0.6654320955276489,0.0,0.05160818714648485,1.0,1.0,7.3,0.278,True,True,False
17.338005542755127,forward_010,7.338005542755127,0.1,0.0,0.0,0.3785182815262702,0.08835729338221293,0.3643374813538163,1.24,-1.3,7.94,0.9970000000000001,0.6614052057266235,0.0,0.0274655194953084,1.0,1.0,7.3,0.278,True,True,False
17.358380556106567,forward_010,7.358380556106567,0.1,0.0,0.0,0.47123889803846897,0.03599741582238305,-0.7057675162752071,1.24,-1.3,7.94,0.6899999999999998,0.8221059441566467,0.0,0.03707635961472988,1.0,1.0,7.3,0.888,True,True,False
17.379712104797363,forward_010,7.379712104797363,0.1,0.0,0.0,0.3021601267515183,0.32070425005395803,-0.8497571795647392,1.24,-1.3,7.94,0.844,0.8378641605377197,0.0,0.015132419764995575,1.0,1.0,7.3,0.888,True,True,False
17.400076866149902,forward_010,7.400076866149902,0.1,0.0,0.0,0.21380283336930536,0.1810779098944117,-0.7821256710499589,1.24,-1.3,7.94,0.767,0.8917661309242249,0.0,0.014837688766419888,1.0,1.0,7.3,0.888,True,True,False
17.420534372329712,forward_010,7.420534372329712,0.1,0.0,0.0,0.23125612588924865,0.16689710972195776,-0.770126532442498,-0.34,0.38,8.86,0.9210000000000002,0.8779575824737549,0.0,0.015931696631014347,1.0,1.0,7.3,0.888,True,True,False
17.440990924835205,forward_010,7.440990924835205,0.1,0.0,0.0,0.136353847812057,0.1189005552921137,-0.3174317577064687,-0.26,0.25,8.78,0.844,0.7440714836120605,0.0,0.021599434316158295,1.0,1.0,7.3,0.888,True,True,False
17.461384057998657,forward_010,7.461384057998657,0.1,0.0,0.0,0.07090400086226964,0.2530727415391778,0.14944381720201447,-1.23,-0.14,8.63,0.6899999999999998,0.7062943577766418,0.0,0.03334486484527588,1.0,1.0,7.3,0.888,True,True,False
17.481863498687744,forward_010,7.481863498687744,0.1,0.0,0.0,-0.02399827721492203,0.1930770485018727,0.36106498900632694,-1.09,0.3,8.81,0.46,0.7731620669364929,0.0,0.03807276487350464,1.0,1.0,7.3,0.888,True,True,False
17.502354860305786,forward_010,7.502354860305786,0.1,0.0,0.0,-0.1559888018969932,0.2279836335417593,0.2748893571891069,-1.24,1.01,8.08,0.307,0.6507274508476257,0.0,0.039128737058490515,1.0,1.0,7.3,0.888,True,True,False
17.522724628448486,forward_010,7.522724628448486,0.1,0.0,0.0,-0.13526301702956053,0.3327033886614191,0.17562375598192942,-1.24,1.01,8.08,0.307,0.6391996741294861,0.0,0.08551895525306463,1.0,1.0,7.3,0.888,True,True,False
17.54310417175293,forward_010,7.54310417175293,0.1,0.0,0.0,-0.11780972450961724,0.27707101875409984,0.09272061651219876,-1.24,1.01,8.08,0.9210000000000002,0.6017723679542542,0.0,0.10958825424313545,1.0,1.0,7.3,0.888,True,True,False
17.563470125198364,forward_010,7.563470125198364,0.1,0.0,0.0,-0.15489797111449674,0.0272707695624114,-0.20398535632683726,-1.19,-1.25,7.8100000000000005,0.767,0.6120494604110718,0.0,0.025020038709044456,1.0,1.0,7.4,0.358,True,True,False
17.58436632156372,forward_010,7.584366321563721,0.1,0.0,0.0,-0.21598449493429828,-0.12871803233458182,-0.3174317577064687,-2.08,-0.35000000000000003,7.65,0.9970000000000001,0.7492804527282715,0.0,0.0301284771412611,1.0,1.0,7.4,0.358,True,True,False
17.604756116867065,forward_010,7.604756116867065,0.1,0.0,0.0,-0.2901609881440573,0.014180800172453928,-0.3621558197888234,-2.35,-0.26,6.8100000000000005,0.9210000000000002,0.6667998433113098,0.0,0.0200778990983963,1.0,1.0,7.4,0.358,True,True,False
17.62513041496277,forward_010,7.6251304149627686,0.1,0.0,0.0,-0.26398104936414235,-0.06763150851478027,-0.04799655442984406,-2.35,-0.26,6.8100000000000005,0.46,0.786293089389801,0.0,0.026265231892466538,1.0,1.0,7.4,0.358,True,True,False
17.645506143569946,forward_010,7.645506143569946,0.1,0.0,0.0,-0.37742745074377376,0.001090830782496456,0.545415391248228,-2.35,-0.26,6.8100000000000005,0.767,0.7904834747314453,0.0,0.016418064013123512,1.0,1.0,7.4,0.358,True,True,False
17.66588306427002,forward_010,7.6658830642700195,0.1,0.0,0.0,-0.42542400517361784,-0.28907015736156083,0.8988445647770797,-0.42,0.19,7.94,0.767,0.8385350704193115,0.0,0.015135807916522026,1.0,1.0,7.4,0.358,True,True,False
17.686258554458618,forward_010,7.686258554458618,0.1,0.0,0.0,-0.4134248665661568,-0.29343348049154666,0.9326603190344699,-0.66,0.92,8.01,0.6899999999999998,0.8205543756484985,0.0,0.008744369726628065,1.0,1.0,7.4,0.358,True,True,False
17.706637144088745,forward_010,7.706637144088745,0.1,0.0,0.0,-0.24216443371421323,-0.28907015736156083,0.990474350506782,-0.66,0.92,8.01,0.767,0.739375650882721,0.0,0.014055714011192322,1.0,1.0,7.4,0.358,True,True,False
17.72712993621826,forward_010,7.727129936218262,0.1,0.0,0.0,-0.1439896632895322,-0.17780541754692233,0.30652344988150415,-0.66,0.92,8.01,0.767,0.7595238089561462,0.0,0.026548035442829132,1.0,1.0,7.4,0.358,True,True,False
17.747581481933594,forward_010,7.747581481933594,0.1,0.0,0.0,-0.0916297857297023,-0.2650718801466388,-0.24434609527920614,-0.24,-1.44,6.67,0.46,0.7696431875228882,0.0,0.029090933967381716,1.0,1.0,7.4,0.358,True,True,False
17.767951250076294,forward_010,7.767951250076294,0.1,0.0,0.0,0.03381575425739013,-0.19634954084936207,-0.17998707911191522,-1.23,-1.93,9.64,0.307,0.736266016960144,0.0,0.0337393875233829,1.0,1.0,7.3,0.32500000000000007,True,True,False
17.788320064544678,forward_010,7.788320064544678,0.1,0.0,0.0,0.015271630954950384,-0.07417649320975901,-0.4177881896961426,-0.9,-3.42,8.3,0.23,0.6814596056938171,0.0,0.038796935230493546,1.0,1.0,7.3,0.32500000000000007,True,True,False
17.808695316314697,forward_010,7.808695316314697,0.1,0.0,0.0,0.17889624832941878,-0.16253378659197193,0.04363323129985824,-0.42,-3.22,8.06,0.9210000000000002,0.7474740147590637,0.0,0.025931029580533504,1.0,1.0,7.3,0.32500000000000007,True,True,False
17.829063415527344,forward_010,7.829063415527344,0.1,0.0,0.0,0.26398104936414235,-0.15271630954950383,0.32834006553143325,-0.98,-1.33,9.52,1.151,0.8166601657867432,0.0,0.020673178136348724,1.0,1.0,7.3,0.32500000000000007,True,True,False
17.849443197250366,forward_010,7.849443197250366,0.1,0.0,0.0,0.37088246604879505,-0.17562375598192942,0.09708393964218458,-0.99,-1.82,7.86,1.458,0.7931214570999146,0.0,0.029235417488962412,1.0,1.0,7.3,0.32500000000000007,True,True,False
17.869925498962402,forward_010,7.869925498962402,0.1,0.0,0.0,0.4930555136883981,-0.16471544815696484,-0.06544984694978735,-0.5700000000000001,0.06,9.64,1.304,0.6925364136695862,0.0,0.04719688929617405,1.0,1.0,7.3,0.32500000000000007,True,True,False
17.890305042266846,forward_010,7.890305042266846,0.1,0.0,0.0,0.5781403147231217,-0.04799655442984406,-0.5825036378531074,-0.84,0.4,9.620000000000001,0.9210000000000002,0.7823507189750671,0.0,0.02871507965028286,1.0,1.0,7.3,0.32500000000000007,True,True,False
17.91068196296692,forward_010,7.910681962966919,0.1,0.0,0.0,0.5214171140333059,-0.006544984694978736,-0.9959285044192643,-0.84,0.4,9.620000000000001,0.6899999999999998,0.8737995624542236,0.0,0.025093475356698036,1.0,1.0,7.3,0.32500000000000007,True,True,False
17.931047201156616,forward_010,7.931047201156616,0.1,0.0,0.0,0.2530727415391778,0.19525871006686563,-0.9850201965942997,-0.84,0.4,9.620000000000001,0.767,0.9003046751022339,0.0,0.016565851867198944,1.0,1.0,7.3,0.32500000000000007,True,True,False
17.951420307159424,forward_010,7.951420307159424,0.1,0.0,0.0,0.21598449493429828,0.032724923474893676,-0.7374016089676042,0.42,2.02,9.36,0.6899999999999998,0.9261681437492371,0.0,0.015387460589408875,1.0,1.0,7.3,0.32500000000000007,True,True,False
17.97178316116333,forward_010,7.97178316116333,0.1,0.0,0.0,0.05235987755982989,0.09926560120717749,-0.5825036378531074,-0.19,-0.35000000000000003,8.32,0.9210000000000002,0.9067919254302979,0.0,0.01155814342200756,1.0,1.0,7.4,0.28500000000000003,True,True,False
17.99215292930603,forward_010,7.99215292930603,0.1,0.0,0.0,0.08835729338221293,0.00545415391248228,-0.04690572364734761,0.08,0.52,9.39,1.074,0.8042051196098328,0.0,0.019860646221786737,1.0,1.0,7.4,0.28500000000000003,True,True,False
18.012593746185303,stop_after_010,0.012593746185302734,0.0,0.0,0.0,0.06872233929727672,0.17780541754692233,0.40906154343617096,-0.47000000000000003,-0.02,7.95,0.767,0.6260797381401062,0.0,0.06405121460556984,1.0,1.0,7.4,0.28500000000000003,True,True,False
18.032971382141113,stop_after_010,0.03297138214111328,0.0,0.0,0.0,-0.14835298641951802,0.08726646259971647,0.5312345910757741,-0.71,0.0,7.22,0.384,0.6161655783653259,0.0,0.028828531503677368,1.0,1.0,7.4,0.28500000000000003,True,True,False
18.053354740142822,stop_after_010,0.053354740142822266,0.0,0.0,0.0,-0.29888763440402893,0.16907877128695067,0.5879577917655898,-0.7000000000000001,0.04,8.51,0.384,0.626602292060852,0.0,0.04777393117547035,1.0,1.0,7.4,0.28500000000000003,True,True,False
18.073731184005737,stop_after_010,0.0737311840057373,0.0,0.0,0.0,-0.23671027980173096,0.20943951023931956,0.5366887449882564,-1.71,0.64,8.790000000000001,0.6899999999999998,0.6150738596916199,0.0,0.037541172467172146,1.0,1.0,7.4,0.28500000000000003,True,True,False
18.0941059589386,stop_after_010,0.09410595893859863,0.0,0.0,0.0,-0.22252947962927702,0.27052603405912107,0.11235557059713497,-1.69,0.21,9.11,0.844,0.7454994320869446,0.0,0.05456921458244324,1.0,1.0,7.4,0.28500000000000003,True,True,False
18.114508152008057,stop_after_010,0.11450815200805664,0.0,0.0,0.0,-0.29343348049154666,0.23671027980173096,-0.025089107997418487,-0.49,-0.3,7.0600000000000005,1.227,0.743767261505127,0.0,0.028041591867804527,1.0,1.0,7.4,0.28500000000000003,True,True,False
18.134877681732178,stop_after_010,0.13487768173217773,0.0,0.0,0.0,-0.5541420375081997,0.3392483733563978,-0.21271200258680892,-1.33,0.37,7.15,0.9970000000000001,0.779626727104187,0.0,0.03745583817362785,1.0,1.0,7.4,0.28500000000000003,True,True,False
18.155253410339355,stop_after_010,0.15525341033935547,0.0,0.0,0.0,-0.5672320068981571,0.05235987755982989,-0.12980886311707826,-1.33,0.37,7.15,0.46,0.8024886846542358,0.0,0.02676359936594963,1.0,1.0,7.4,0.28500000000000003,True,True,False
18.175621032714844,stop_after_010,0.17562103271484375,0.0,0.0,0.0,-0.4406956361285682,-0.1090830782496456,0.12217304763960307,-1.33,0.37,7.15,0.46,0.787102222442627,0.0,0.015079658478498459,1.0,1.0,7.2,0.7580000000000001,True,True,False
18.19599151611328,stop_after_010,0.19599151611328125,0.0,0.0,0.0,-0.3621558197888234,-0.3392483733563978,0.20180369476184434,-1.33,0.37,7.15,0.46,0.7733049988746643,0.0,0.016439234372228384,1.0,1.0,7.2,0.7580000000000001,True,True,False
18.216367483139038,stop_after_010,0.21636748313903809,0.0,0.0,0.0,-0.18980455615438332,-0.04581489286485115,-0.001090830782496456,-1.33,0.37,7.15,0.537,0.7520064115524292,0.0,0.014659836888313293,1.0,1.0,7.2,0.7580000000000001,True,True,False
18.23675537109375,stop_after_010,0.23675537109375,0.0,0.0,0.0,-0.025089107997418487,-0.3097959422289935,0.3043417883165112,-0.31,-1.2,8.78,0.614,0.7412583231925964,0.0,0.014202766120433807,1.0,1.0,7.2,0.7580000000000001,True,True,False
18.257131338119507,stop_after_010,0.25713133811950684,0.0,0.0,0.0,0.001090830782496456,-0.31306843457648287,0.04908738521234052,-0.15,-0.78,9.790000000000001,0.6899999999999998,0.7159484028816223,0.0,0.009470985271036625,1.0,1.0,7.2,0.7580000000000001,True,True,False
18.277519464492798,stop_after_010,0.27751946449279785,0.0,0.0,0.0,-0.02181661564992912,-0.23125612588924865,-0.19634954084936207,-0.3,-0.8300000000000001,9.53,0.537,0.663751482963562,0.0,0.021761050447821617,1.0,1.0,7.2,0.7580000000000001,True,True,False
18.297898292541504,stop_after_010,0.2978982925415039,0.0,0.0,0.0,0.026179938779914945,-0.19416787928436915,-0.16798794050445423,0.04,-0.58,8.76,0.384,0.644580066204071,0.0,0.03163816686719656,1.0,1.0,7.2,0.7580000000000001,True,True,False
18.318384647369385,stop_after_010,0.31838464736938477,0.0,0.0,0.0,0.044724062082354694,-0.04908738521234052,-0.21489366415180183,0.09,-0.5700000000000001,8.72,0.153,0.725254476070404,0.0,0.04430538136512041,1.0,1.0,7.2,0.7580000000000001,True,True,False
18.338757038116455,stop_after_010,0.3387570381164551,0.0,0.0,0.0,0.04363323129985824,-0.13853550937704992,-0.16253378659197193,0.02,-1.93,9.11,0.23,0.847605288028717,0.0,0.03422511741518974,1.0,1.0,7.2,0.7580000000000001,True,True,False
18.359126329421997,stop_after_010,0.35912632942199707,0.0,0.0,0.0,0.09381144729469522,-0.12435470920459599,0.08835729338221293,-0.1,-1.81,8.85,0.844,0.8533749580383301,0.0,0.017348580062389374,1.0,1.0,7.2,0.7580000000000001,True,True,False
18.3795006275177,stop_after_010,0.3795006275177002,0.0,0.0,0.0,0.20398535632683726,-0.1308996938995747,0.2454369260617026,-0.27,-2.2800000000000002,8.49,1.304,0.8212539553642273,0.0,0.020702088251709938,1.0,1.0,7.3,0.267,True,True,False
18.400566339492798,stop_after_010,0.40056633949279785,0.0,0.0,0.0,0.20398535632683726,-0.1308996938995747,0.2454369260617026,-0.27,-2.2800000000000002,8.49,1.304,0.8087615370750427,0.0,0.03896098956465721,1.0,1.0,7.3,0.267,True,True,False
18.4209942817688,stop_after_010,0.42099428176879883,0.0,0.0,0.0,0.46796640569097964,-0.06326818538479445,0.39269908169872414,0.11,-0.63,8.35,1.074,0.7401673793792725,0.0,0.05300838500261307,1.0,1.0,7.3,0.267,True,True,False
18.44146466255188,stop_after_010,0.4414646625518799,0.0,0.0,0.0,0.4505131131710363,-0.1712604328519436,0.1712604328519436,-0.16,-1.82,9.07,0.46,0.758144199848175,0.0,0.018949633464217186,1.0,1.0,7.3,0.267,True,True,False
18.46196484565735,stop_after_010,0.46196484565734863,0.0,0.0,0.0,0.38942658935123475,-0.02945243112740431,0.07635815477475191,-0.16,-1.82,9.07,0.307,0.7448415756225586,0.0,0.01613471657037735,1.0,1.0,7.3,0.267,True,True,False
18.48244619369507,stop_after_010,0.48244619369506836,0.0,0.0,0.0,0.2585268954516601,0.03599741582238305,-0.28034351110158917,-0.16,-1.82,9.07,0.6899999999999998,0.6826515197753906,0.0,0.012272126972675323,1.0,1.0,7.3,0.267,True,True,False
18.502857208251953,stop_after_010,0.5028572082519531,0.0,0.0,0.0,0.15707963267948966,0.15271630954950383,-0.44724062082354693,-0.16,-1.82,9.07,0.9970000000000001,0.72877037525177,0.0,0.011249423027038574,1.0,1.0,7.3,0.267,True,True,False
18.523236989974976,stop_after_010,0.5232369899749756,0.0,0.0,0.0,0.0719948316447661,0.13308135546456762,-0.4701480672559725,0.02,2.09,9.540000000000001,0.9210000000000002,0.7260376214981079,0.0,0.011029183864593506,1.0,1.0,7.3,0.267,True,True,False
18.54361581802368,stop_after_010,0.5436158180236816,0.0,0.0,0.0,0.001090830782496456,0.21380283336930536,-0.4363323129985824,-0.16,1.24,8.58,0.844,0.6993739604949951,0.0,0.013208549469709396,1.0,1.0,7.3,0.267,True,True,False
18.563998699188232,stop_after_010,0.5639986991882324,0.0,0.0,0.0,0.0,0.1810779098944117,-0.37088246604879505,-0.41000000000000003,1.33,8.75,0.614,0.6312816739082336,0.0,0.014964762143790722,1.0,1.0,7.3,0.267,True,True,False
18.584372520446777,stop_after_010,0.5843725204467773,0.0,0.0,0.0,-0.07635815477475191,0.23671027980173096,-0.2585268954516601,-0.68,-0.02,9.4,0.537,0.5477502942085266,0.0,0.031334411818534136,1.0,1.0,7.4,0.39000000000000007,True,True,False
18.604745626449585,stop_after_010,0.604745626449585,0.0,0.0,0.0,-0.21162117180431245,0.3534291735288517,-0.001090830782496456,-1.03,-0.3,7.91,0.23,0.7087854146957397,0.0,0.030718700028955936,1.0,1.0,7.4,0.39000000000000007,True,True,False
18.625110864639282,stop_after_010,0.6251108646392822,0.0,0.0,0.0,-0.2279836335417593,0.38942658935123475,0.1734420944169365,-1.26,-0.78,7.65,0.46,0.7769404649734497,0.0,0.02697099931538105,1.0,1.0,7.4,0.39000000000000007,True,True,False
18.64549160003662,stop_after_010,0.6454916000366211,0.0,0.0,0.0,-0.1930770485018727,0.1341721862470641,0.3785182815262702,-1.26,-0.78,7.65,0.614,0.8106191158294678,0.0,0.02528260089457035,1.0,1.0,7.4,0.39000000000000007,True,True,False
18.66586995124817,stop_after_010,0.665869951248169,0.0,0.0,0.0,-0.32834006553143325,0.09381144729469522,0.36324665057131983,-0.98,-1.01,8.74,0.767,0.8807774186134338,0.0,0.01985824084840715,1.0,1.0,7.4,0.39000000000000007,True,True,False
18.68636155128479,stop_after_010,0.68636155128479,0.0,0.0,0.0,-0.47778388273344774,-0.0818123086872342,0.08617563181722002,-1.79,-1.04,7.4,0.6899999999999998,0.8125870227813721,0.0,0.030084341764450073,1.0,1.0,7.4,0.39000000000000007,True,True,False
18.706743001937866,stop_after_010,0.7067430019378662,0.0,0.0,0.0,-0.45814892864851153,0.002181661564992912,0.25089107997418486,-1.17,-0.89,9.290000000000001,0.6899999999999998,0.820498526096344,0.0,0.03528664447367191,1.0,1.0,7.4,0.39000000000000007,True,True,False
18.72712278366089,stop_after_010,0.7271227836608887,0.0,0.0,0.0,-0.433059820651093,-0.04581489286485115,0.21598449493429828,-1.11,-0.9500000000000001,8.66,0.46,0.8045022487640381,0.0,0.02465201867744326,1.0,1.0,7.4,0.39000000000000007,True,True,False
18.747504949569702,stop_after_010,0.7475049495697021,0.0,0.0,0.0,-0.20725784867432664,-0.32506757318394386,0.16253378659197193,-1.11,-0.9500000000000001,8.66,0.384,0.775284469127655,0.0,0.02485715039074421,1.0,1.0,7.4,0.39000000000000007,True,True,False
18.767878532409668,stop_after_010,0.767878532409668,0.0,0.0,0.0,0.026179938779914945,-0.38942658935123475,0.11017390903214205,-1.11,-0.9500000000000001,8.66,0.46,0.772237241268158,0.0,0.01193060353398323,1.0,1.0,7.4,0.39000000000000007,True,True,False
18.788350343704224,stop_after_010,0.7883503437042236,0.0,0.0,0.0,0.05999569303730508,-0.5475970528132209,-0.018544123302439753,-0.2,-1.1,9.24,0.537,0.7817579507827759,0.0,0.008215256035327911,1.0,1.0,7.4,0.265,True,True,False
18.808709859848022,stop_after_010,0.8087098598480225,0.0,0.0,0.0,0.025089107997418487,-0.3883357585687383,-0.10035643198967395,-0.2,-1.1,9.24,0.46,0.7468966841697693,0.0,0.013387300074100494,1.0,1.0,7.4,0.265,True,True,False
18.829090356826782,stop_after_010,0.8290903568267822,0.0,0.0,0.0,0.19198621771937624,-0.17889624832941878,-0.4265148359561143,-0.25,0.11,7.96,0.46,0.671657919883728,0.0,0.023120736703276634,1.0,1.0,7.4,0.265,True,True,False
18.849466800689697,stop_after_010,0.8494668006896973,0.0,0.0,0.0,0.15817046346198613,-0.11453723216212788,-0.4079707126536745,-0.23,-0.35000000000000003,9.02,0.23,0.6384018063545227,0.0,0.0334043987095356,1.0,1.0,7.4,0.265,True,True,False
18.869840145111084,stop_after_010,0.869840145111084,0.0,0.0,0.0,0.05672320068981571,-0.04799655442984406,-0.20725784867432664,-0.23,-0.35000000000000003,9.02,0.307,0.7631872892379761,0.0,0.04688783176243305,1.0,1.0,7.4,0.265,True,True,False
18.890207529067993,stop_after_010,0.8902075290679932,0.0,0.0,0.0,0.06763150851478027,-0.01090830782496456,-0.08399397025222712,0.2,-0.49,8.23,0.46,0.8623363971710205,0.0,0.035811647772789,1.0,1.0,7.4,0.265,True,True,False
18.910579442977905,stop_after_010,0.9105794429779053,0.0,0.0,0.0,0.07963064712224129,-0.12871803233458182,0.1439896632895322,0.43,-1.16,9.24,0.9210000000000002,0.8790870308876038,0.0,0.018918534740805626,1.0,1.0,7.4,0.265,True,True,False
18.930941581726074,stop_after_010,0.9309415817260742,0.0,0.0,0.0,0.07635815477475191,-0.17780541754692233,0.43524148221608594,0.29,-1.72,8.870000000000001,1.227,0.8307700157165527,0.0,0.020141826942563057,1.0,1.0,7.4,0.265,True,True,False
18.951313972473145,stop_after_010,0.9513139724731445,0.0,0.0,0.0,0.19853120241435498,-0.2530727415391778,0.5705044992456465,0.19,-2.16,8.120000000000001,1.381,0.8011571764945984,0.0,0.036551617085933685,1.0,1.0,7.4,0.265,True,True,False
18.971696138381958,stop_after_010,0.971696138381958,0.0,0.0,0.0,0.4134248665661568,-0.15489797111449674,0.5705044992456465,-0.22,-1.18,9.06,0.9970000000000001,0.7506904602050781,0.0,0.055937709752470255,1.0,1.0,7.4,0.265,True,True,False
18.99223303794861,stop_after_010,0.9922330379486084,0.0,0.0,0.0,0.5115996369908379,-0.04145156973486533,0.3196134192714616,0.3,-1.49,9.68,0.46,0.7448418736457825,0.0,0.024729944299906492,1.0,1.0,7.2,0.779,True,True,False
19.012629747390747,stop_after_010,1.012629747390747,0.0,0.0,0.0,0.4286964975211072,0.04581489286485115,0.006544984694978736,-0.42,-0.77,9.58,0.46,0.733444094657898,0.0,0.014534571091644466,1.0,1.0,7.2,0.779,True,True,False
19.033007621765137,stop_after_010,1.0330076217651367,0.0,0.0,0.0,0.2552544031041707,0.1090830782496456,-0.4406956361285682,-0.42,-0.77,9.58,0.9210000000000002,0.7268924117088318,0.0,0.0169011652469635,1.0,1.0,7.2,0.779,True,True,False
19.053386926651,stop_after_010,1.053386926651001,0.0,0.0,0.0,0.15707963267948966,0.18980455615438332,-0.5912302841130791,-0.42,-0.77,9.58,0.9210000000000002,0.73763108253479,0.0,0.01445813849568367,1.0,1.0,7.2,0.779,True,True,False
19.073764085769653,stop_after_010,1.0737640857696533,0.0,0.0,0.0,0.1090830782496456,0.11671889372712078,-0.5006913291658733,0.62,1.55,9.8,0.9970000000000001,0.6987966299057007,0.0,0.012433275580406189,1.0,1.0,7.2,0.779,True,True,False
19.09413766860962,stop_after_010,1.0941376686096191,0.0,0.0,0.0,0.0272707695624114,0.19853120241435498,-0.4308781590861001,0.31,1.98,9.05,0.767,0.6760261058807373,0.0,0.015460262075066566,1.0,1.0,7.2,0.779,True,True,False
19.11452078819275,stop_after_010,1.114520788192749,0.0,0.0,0.0,-0.07963064712224129,0.18871372537188688,-0.3327033886614191,-0.44,0.86,8.05,0.614,0.6130757927894592,0.0,0.019308891613036394,1.0,1.0,7.2,0.779,True,True,False
19.134894371032715,stop_after_010,1.1348943710327148,0.0,0.0,0.0,-0.12544553998709243,0.28034351110158917,-0.08508480103472356,-0.62,0.06,9.15,0.384,0.5357904434204102,0.0,0.03843906428664923,1.0,1.0,7.2,0.779,True,True,False
19.15528678894043,stop_after_010,1.1552867889404297,0.0,0.0,0.0,-0.17889624832941878,0.39051742013373125,0.06981317007977318,-0.48,-0.02,8.27,0.307,0.6876492500305176,0.0,0.03054836206138134,1.0,1.0,7.2,0.779,True,True,False
19.175673484802246,stop_after_010,1.175673484802246,0.0,0.0,0.0,-0.24980024919168842,0.40906154343617096,0.31634092692397225,-0.89,-0.2,8.05,0.537,0.7830323576927185,0.0,0.029326973482966423,1.0,1.0,7.2,0.779,True,True,False
19.196208953857422,stop_after_010,1.1962089538574219,0.0,0.0,0.0,-0.23125612588924865,0.284706834231575,0.33052172709642613,-0.89,-0.2,8.05,0.9210000000000002,0.8111165761947632,0.0,0.023218296002596617,1.0,1.0,7.4,0.2980000000000001,True,True,False
19.216581106185913,stop_after_010,1.216581106185913,0.0,0.0,0.0,-0.284706834231575,0.2552544031041707,0.2792526803190927,-1.41,-0.77,8.23,0.9970000000000001,0.8545248508453369,0.0,0.013413991779088974,1.0,1.0,7.4,0.2980000000000001,True,True,False
19.236999034881592,stop_after_010,1.2369990348815918,0.0,0.0,0.0,-0.4886921905584123,0.07853981633974483,0.12326387842209953,-1.24,-1.26,6.65,0.767,0.8277060985565186,0.0,0.03195884171873331,1.0,1.0,7.4,0.2980000000000001,True,True,False
19.25739073753357,stop_after_010,1.2573907375335693,0.0,0.0,0.0,-0.5465062220307244,0.04690572364734761,0.17016960206944712,-2.06,-1.01,9.15,0.537,0.8112388253211975,0.0,0.03191059362143278,1.0,1.0,7.4,0.2980000000000001,True,True,False
19.277756929397583,stop_after_010,1.277756929397583,0.0,0.0,0.0,-0.519235452468313,0.1341721862470641,0.1461713248545251,-2.06,-1.01,9.15,0.46,0.8051788210868835,0.0,0.024779096711426973,1.0,1.0,7.4,0.2980000000000001,True,True,False
19.298129558563232,stop_after_010,1.2981295585632324,0.0,0.0,0.0,-0.19744037163185854,-0.22689280275926285,0.1505346479845109,-2.06,-1.01,9.15,0.46,0.7683735489845276,0.0,0.03442325443029404,1.0,1.0,7.4,0.2980000000000001,True,True,False
19.318511247634888,stop_after_010,1.3185112476348877,0.0,0.0,0.0,-0.0818123086872342,-0.2945243112740431,0.13744467859455345,-1.17,-1.1500000000000001,8.66,0.537,0.7596163153648376,0.0,0.01137102022767067,1.0,1.0,7.4,0.2980000000000001,True,True,False
19.338889360427856,stop_after_010,1.3388893604278564,0.0,0.0,0.0,0.04254240051736178,-0.4603305902135044,0.04908738521234052,-0.9,-1.55,9.09,0.614,0.7698983550071716,0.0,0.010783178731799126,1.0,1.0,7.4,0.2980000000000001,True,True,False
19.359267234802246,stop_after_010,1.359267234802246,0.0,0.0,0.0,0.0818123086872342,-0.421060682043632,0.015271630954950384,-0.9,-1.55,9.09,0.537,0.7541552186012268,0.0,0.011846024543046951,1.0,1.0,7.4,0.2980000000000001,True,True,False
19.379698038101196,stop_after_010,1.3796980381011963,0.0,0.0,0.0,0.16035212502697901,-0.29343348049154666,-0.19416787928436915,-0.12,0.17,7.42,0.537,0.7066035866737366,0.0,0.017945611849427223,1.0,1.0,7.4,0.2980000000000001,True,True,False
19.400073289871216,stop_after_010,1.4000732898712158,0.0,0.0,0.0,0.22907446432425577,-0.19525871006686563,-0.4428772976935611,-0.02,-0.13,7.8500000000000005,0.307,0.6340717077255249,0.0,0.030240818858146667,1.0,1.0,7.4,0.38800000000000007,True,True,False
19.42148232460022,stop_after_010,1.4214823246002197,0.0,0.0,0.0,0.20616701789183017,-0.1265363707695889,-0.3959715740462135,0.41000000000000003,0.34,9.34,0.23,0.7807235717773438,0.0,0.04796322342008352,1.0,1.0,7.4,0.38800000000000007,True,True,False
19.441842079162598,stop_after_010,1.4418420791625977,0.0,0.0,0.0,0.08399397025222712,0.025089107997418487,-0.14180800172453928,-0.07,0.37,8.1,0.23,0.8631711602210999,0.0,0.03766622394323349,1.0,1.0,7.4,0.38800000000000007,True,True,False
19.462332248687744,stop_after_010,1.4623322486877441,0.0,0.0,0.0,0.03599741582238305,-0.02399827721492203,-0.14180800172453928,-0.44,-1.19,9.65,0.844,0.8915137648582458,0.0,0.02184178400784731,1.0,1.0,7.4,0.38800000000000007,True,True,False
19.482722997665405,stop_after_010,1.4827229976654053,0.0,0.0,0.0,0.02945243112740431,-0.07417649320975901,0.15926129424448257,-0.17,-2.0300000000000002,9.58,1.304,0.8499007821083069,0.0,0.021407803520560265,1.0,1.0,7.4,0.38800000000000007,True,True,False
19.503089904785156,stop_after_010,1.5030899047851562,0.0,0.0,0.0,0.10362892433716332,-0.1439896632895322,0.421060682043632,0.25,-2.11,7.94,1.381,0.8158363103866577,0.0,0.039087746292352676,1.0,1.0,7.4,0.38800000000000007,True,True,False
19.523566484451294,stop_after_010,1.523566484451294,0.0,0.0,0.0,0.22580197197676638,-0.18435040224190105,0.49741883681838395,0.21,-2.15,8.370000000000001,0.9210000000000002,0.7675231695175171,0.0,0.05561096407473087,1.0,1.0,7.4,0.38800000000000007,True,True,False
19.543951511383057,stop_after_010,1.5439515113830566,0.0,0.0,0.0,0.4374231437810788,-0.21162117180431245,0.5672320068981571,0.21,-2.15,8.370000000000001,0.384,0.7751294374465942,0.0,0.0248411875218153,1.0,1.0,7.4,0.38800000000000007,True,True,False
19.56440305709839,stop_after_010,1.5644030570983887,0.0,0.0,0.0,0.48651052899341934,-0.0545415391248228,0.4428772976935611,0.21,-2.15,8.370000000000001,0.537,0.7742468118667603,0.0,0.015885838074609637,1.0,1.0,7.4,0.38800000000000007,True,True,False
19.58477759361267,stop_after_010,1.584777593612671,0.0,0.0,0.0,0.35124751196385884,0.026179938779914945,-0.1538071403320003,0.21,-2.15,8.370000000000001,0.9210000000000002,0.7034489512443542,0.0,0.012791156768798828,1.0,1.0,7.4,0.38800000000000007,True,True,False
19.605141401290894,stop_after_010,1.6051414012908936,0.0,0.0,0.0,0.1636246173744684,0.17453292519943295,-0.5115996369908379,0.21,-2.15,8.370000000000001,0.9210000000000002,0.7733442783355713,0.0,0.01594407018274069,1.0,1.0,7.4,0.271,True,True,False
19.62552309036255,stop_after_010,1.6255230903625488,0.0,0.0,0.0,0.10471975511965978,0.13308135546456762,-0.4908738521234052,0.21,-2.15,8.370000000000001,0.9210000000000002,0.7588430047035217,0.0,0.007320791482925415,1.0,1.0,7.4,0.271,True,True,False
19.64591121673584,stop_after_010,1.6459112167358398,0.0,0.0,0.0,0.08617563181722002,0.19525871006686563,-0.4886921905584123,-0.1,1.36,9.61,0.844,0.725683331489563,0.0,0.013494778424501419,1.0,1.0,7.4,0.271,True,True,False
19.666303157806396,stop_after_010,1.6663031578063965,0.0,0.0,0.0,0.032724923474893676,0.25089107997418486,-0.519235452468313,-0.78,0.9400000000000001,7.28,0.537,0.7129630446434021,0.0,0.013415243476629257,1.0,1.0,7.4,0.271,True,True,False
19.68678331375122,stop_after_010,1.6867833137512207,0.0,0.0,0.0,-0.04036073895236887,0.15489797111449674,-0.4177881896961426,-0.78,0.9400000000000001,7.28,0.384,0.7031904458999634,0.0,0.017801870591938496,1.0,1.0,7.4,0.271,True,True,False
19.70716619491577,stop_after_010,1.7071661949157715,0.0,0.0,0.0,-0.16035212502697901,0.2825251726665821,-0.18216874067690814,-1.24,0.08,8.03,0.153,0.6021868586540222,0.0,0.0472041517496109,1.0,1.0,7.4,0.271,True,True,False
19.72754216194153,stop_after_010,1.7275421619415283,0.0,0.0,0.0,-0.2476185876266955,0.2945243112740431,0.05345070834232634,-0.63,-0.41000000000000003,8.57,0.307,0.7324422001838684,0.0,0.034258621744811535,1.0,1.0,7.4,0.271,True,True,False
19.747915029525757,stop_after_010,1.7479150295257568,0.0,0.0,0.0,-0.23343778745424157,0.35561083509384467,0.22362031041177347,0.04,-1.28,8.65,0.46,0.8093417882919312,0.0,0.033897923305630684,1.0,1.0,7.4,0.271,True,True,False
19.768388271331787,stop_after_010,1.768388271331787,0.0,0.0,0.0,-0.21489366415180183,0.11017390903214205,0.4930555136883981,-0.44,-0.9500000000000001,9.65,0.9210000000000002,0.8103896975517273,0.0,0.039989249780774117,1.0,1.0,7.4,0.271,True,True,False
19.78876566886902,stop_after_010,1.7887656688690186,0.0,0.0,0.0,-0.3119776037939864,-0.008726646259971648,0.46469391334349025,-2.38,-0.52,8.0,0.9970000000000001,0.8150219917297363,0.0,0.04155620560050011,1.0,1.0,7.4,0.271,True,True,False
19.809258699417114,stop_after_010,1.8092586994171143,0.0,0.0,0.0,-0.47123889803846897,-0.061086523819801536,0.21380283336930536,-2.0100000000000002,-0.9500000000000001,7.24,0.9970000000000001,0.8321133852005005,0.0,0.03563442174345255,1.0,1.0,7.2,0.734,True,True,False
19.829634428024292,stop_after_010,1.829634428024292,0.0,0.0,0.0,-0.5061454830783556,0.04036073895236887,0.07308566242726255,-1.1400000000000001,-0.5700000000000001,7.5200000000000005,0.614,0.8096519708633423,0.0,0.02203169034328311,1.0,1.0,7.2,0.734,True,True,False
19.850112915039062,stop_after_010,1.8501129150390625,0.0,0.0,0.0,-0.3861540970037454,-0.06763150851478027,0.09817477042468103,-1.1400000000000001,-0.5700000000000001,7.5200000000000005,0.537,0.7574149966239929,0.0,0.02120968431700021,1.0,1.0,7.2,0.734,True,True,False
19.870702981948853,stop_after_010,1.8707029819488525,0.0,0.0,0.0,-0.23561944901923448,-0.22907446432425577,0.1734420944169365,-1.1400000000000001,-0.5700000000000001,7.5200000000000005,0.614,0.7531150579452515,0.0,0.01680349453818053,1.0,1.0,7.2,0.734,True,True,False
19.891093015670776,stop_after_010,1.8910930156707764,0.0,0.0,0.0,-0.07963064712224129,-0.36760997370130566,0.04690572364734761,-0.11,-0.85,9.48,0.767,0.7590976357460022,0.0,0.007993292063474655,1.0,1.0,7.2,0.734,True,True,False
19.911460399627686,stop_after_010,1.9114603996276855,0.0,0.0,0.0,0.1505346479845109,-0.4363323129985824,-0.07963064712224129,-0.11,-0.85,9.48,0.6899999999999998,0.7557107210159302,0.0,0.010242074728012085,1.0,1.0,7.2,0.734,True,True,False
19.931944847106934,stop_after_010,1.9319448471069336,0.0,0.0,0.0,0.18544123302439752,-0.06654067773228381,-0.3621558197888234,-0.76,-0.16,6.390000000000001,0.537,0.6824315786361694,0.0,0.019942883402109146,1.0,1.0,7.2,0.734,True,True,False
19.952314138412476,stop_after_010,1.9523141384124756,0.0,0.0,0.0,0.26616271092913524,-0.15817046346198613,-0.3337942194439155,-0.76,-0.16,6.390000000000001,0.307,0.6699210405349731,0.0,0.03009928681422025,1.0,1.0,7.2,0.734,True,True,False
19.972697973251343,stop_after_010,1.9726979732513428,0.0,0.0,0.0,0.19853120241435498,-0.07417649320975901,-0.19198621771937624,0.31,0.22,9.73,0.307,0.7626585364341736,0.0,0.05431446887087077,1.0,1.0,7.2,0.734,True,True,False
19.993071794509888,stop_after_010,1.9930717945098877,0.0,0.0,0.0,0.12544553998709243,0.06326818538479445,-0.1636246173744684,0.24,-0.3,7.98,0.307,0.8489488959312439,0.0,0.03727913647890091,1.0,1.0,7.2,0.734,True,True,False
20.013433933258057,forward_015,0.01343393325805664,0.15,0.0,0.0,0.04145156973486533,-0.022907446432425576,-0.02945243112740431,-0.3,-1.1300000000000001,9.73,0.614,0.7789062857627869,0.0,0.040541816502809525,1.0,1.0,7.4,0.37000000000000005,True,True,False
20.033804178237915,forward_015,0.03380417823791504,0.15,0.0,0.0,0.01090830782496456,-0.09272061651219876,0.25089107997418486,0.11,-1.58,8.6,0.9210000000000002,0.8471258878707886,0.0,0.023952819406986237,1.0,1.0,7.4,0.37000000000000005,True,True,False
20.054179430007935,forward_015,0.05417943000793457,0.15,0.0,0.0,0.10253809355466686,-0.17453292519943295,0.38069994309126315,0.39,-1.33,7.96,1.304,0.8109583854675293,0.0,0.03155972808599472,1.0,1.0,7.4,0.37000000000000005,True,True,False
20.074551105499268,forward_015,0.07455110549926758,0.15,0.0,0.0,0.28361600344907856,-0.16580627893946132,0.4166973589136462,-0.35000000000000003,-2.48,8.98,0.9970000000000001,0.805586040019989,0.0,0.04516376368701458,1.0,1.0,7.4,0.37000000000000005,True,True,False
20.095094919204712,forward_015,0.09509491920471191,0.15,0.0,0.0,0.4341506514335895,-0.09490227807719166,0.4603305902135044,0.5,-0.81,9.06,0.46,0.8594187498092651,0.0,0.023721451871097088,1.0,1.0,7.4,0.37000000000000005,True,True,False
20.115458965301514,forward_015,0.11545896530151367,0.15,0.0,0.0,0.4919646829059016,0.002181661564992912,0.10362892433716332,0.02,-0.07,9.13,0.614,0.8969613313674927,0.0,0.018527690321207047,1.0,1.0,7.4,0.37000000000000005,True,True,False
20.135880947113037,forward_015,0.1358809471130371,0.15,0.0,0.0,0.3839724354387525,0.1712604328519436,-0.5486878835957173,0.02,-0.07,9.13,1.074,0.9051622152328491,0.0,0.022981341928243637,1.0,1.0,7.4,0.37000000000000005,True,True,False
20.156341552734375,forward_015,0.156341552734375,0.15,0.0,0.0,0.27707101875409984,0.4036073895236887,-0.9097528726020443,0.02,-0.07,9.13,0.9970000000000001,0.8976925611495972,0.0,0.0175015926361084,1.0,1.0,7.4,0.37000000000000005,True,True,False
20.17672085762024,forward_015,0.17672085762023926,0.15,0.0,0.0,0.15162547876700738,0.28907015736156083,-1.1377365061438036,0.01,1.45,9.06,0.9970000000000001,0.901842474937439,0.0,0.011908429674804209,1.0,1.0,7.4,0.37000000000000005,True,True,False
20.197098970413208,forward_015,0.197098970413208,0.15,0.0,0.0,0.1341721862470641,0.09708393964218458,-1.0395617357191225,0.6900000000000001,1.45,9.72,0.844,0.8857164978981018,0.0,0.018659183755517006,1.0,1.0,7.4,0.37000000000000005,True,True,False
20.217466831207275,forward_015,0.2174668312072754,0.15,0.0,0.0,0.12217304763960307,0.2923426497090502,-0.8072147790473774,-0.15,-0.21,8.700000000000001,0.767,0.702010452747345,0.0,0.025453850626945496,1.0,1.0,7.4,0.251,True,True,False
20.237834930419922,forward_015,0.23783493041992188,0.15,0.0,0.0,0.21707532571679475,0.2825251726665821,-0.3272492347489368,-0.29,-0.76,9.09,0.537,0.7526068687438965,0.0,0.035965584218502045,1.0,1.0,7.4,0.251,True,True,False
20.25821828842163,forward_015,0.25821828842163086,0.15,0.0,0.0,0.1461713248545251,0.18653206380689397,0.19416787928436915,-0.09,-0.8200000000000001,7.55,0.6899999999999998,0.8104193806648254,0.0,0.034296910278499126,1.0,1.0,7.4,0.251,True,True,False
20.27858591079712,forward_015,0.27858591079711914,0.15,0.0,0.0,-0.06763150851478027,0.1265363707695889,0.5934119456780721,-0.88,-0.37,8.46,0.46,0.8326238989830017,0.0,0.039191298186779015,1.0,1.0,7.4,0.251,True,True,False
20.30144500732422,forward_015,0.30144500732421875,0.15,0.0,0.0,-0.11235557059713497,0.12871803233458182,0.8552113334772214,-1.01,-0.07,8.78,0.537,0.7310032248497009,0.0,0.06000028271228075,1.0,1.0,7.4,0.251,True,True,False
20.321818828582764,forward_015,0.32181882858276367,0.15,0.0,0.0,-0.14835298641951802,0.2203478180642841,0.815941425307349,-1.73,0.99,9.13,0.9210000000000002,0.7529082298278809,0.0,0.05390143161639571,1.0,1.0,7.4,0.251,True,True,False
20.342250108718872,forward_015,0.34225010871887207,0.15,0.0,0.0,-0.20398535632683726,0.25743606466916363,0.5268712679457882,-1.73,0.99,9.13,0.9970000000000001,0.6832844614982605,0.0,0.04447626695036888,1.0,1.0,7.4,0.251,True,True,False
20.362732410430908,forward_015,0.3627324104309082,0.15,0.0,0.0,-0.17780541754692233,0.1407171709420428,0.13853550937704992,-1.11,0.73,8.05,1.304,0.8321163654327393,0.0,0.06053209491074085,1.0,1.0,7.4,0.251,True,True,False
20.383124113082886,forward_015,0.38312411308288574,0.15,0.0,0.0,-0.2476185876266955,0.16035212502697901,-0.16471544815696484,-0.11,0.2,8.06,0.9210000000000002,0.9172967076301575,0.0,0.020291369408369064,1.0,1.0,7.4,0.251,True,True,False
20.403493404388428,forward_015,0.40349340438842773,0.15,0.0,0.0,-0.4036073895236887,-0.12435470920459599,-0.4308781590861001,-0.26,0.7000000000000001,9.14,0.767,0.9411489963531494,0.0,0.016893484629690647,1.0,1.0,7.4,0.251,True,True,False
20.423989057540894,forward_015,0.42398905754089355,0.15,0.0,0.0,-0.5563236990731926,-0.15926129424448257,-0.30652344988150415,-0.26,0.7000000000000001,9.14,1.074,0.9056177735328674,0.0,0.012133115902543068,1.0,1.0,7.3,0.406,True,True,False
20.444597005844116,forward_015,0.4445970058441162,0.15,0.0,0.0,-0.4930555136883981,0.06872233929727672,0.0916297857297023,-0.26,0.7000000000000001,9.14,0.9970000000000001,0.852167010307312,0.0,0.027805674821138382,1.0,1.0,7.3,0.406,True,True,False
20.465067148208618,forward_015,0.46506714820861816,0.15,0.0,0.0,-0.32070425005395803,0.3272492347489368,0.9424777960769379,-2.93,-1.5,7.97,0.844,0.7102847695350647,0.0,0.02483154833316803,1.0,1.0,7.3,0.406,True,True,False
20.4854576587677,forward_015,0.4854576587677002,0.15,0.0,0.0,-0.28579766501407144,0.3021601267515183,1.413716694115407,2.18,0.5,8.59,0.844,0.6572260856628418,0.0,0.04663893021643162,1.0,1.0,7.3,0.406,True,True,False
20.50582766532898,forward_015,0.5058276653289795,0.15,0.0,0.0,-0.23452861823673804,0.11344640137963143,0.9337511498169663,2.5300000000000002,-0.64,7.43,0.614,0.6705967783927917,0.0,0.02974686585366726,1.0,1.0,7.3,0.406,True,True,False
20.52618908882141,forward_015,0.5261890888214111,0.15,0.0,0.0,-0.014180800172453928,-0.21271200258680892,0.5759586531581288,-2.04,-0.78,9.07,0.384,0.6744682192802429,0.0,0.04790135845541954,0.0,1.0,7.3,0.406,True,True,False
20.546573638916016,forward_015,0.5465736389160156,0.15,0.0,0.0,-0.0272707695624114,-0.4276056667386107,0.3043417883165112,-2.04,-0.78,9.07,0.537,0.7549876570701599,0.0,0.0340923797339201,0.0,1.0,7.3,0.406,True,True,False
20.566944122314453,forward_015,0.5669441223144531,0.15,0.0,0.0,-0.06217735460229799,-0.18980455615438332,-0.30652344988150415,-2.71,-2.16,6.58,0.614,0.7471071481704712,0.0,0.0344878863543272,0.0,1.0,7.3,0.406,True,True,False
20.587316513061523,forward_015,0.5873165130615234,0.15,0.0,0.0,0.07744898555724837,-0.2923426497090502,-0.4526947747360292,-1.62,-2.7600000000000002,8.56,0.9210000000000002,0.7523639798164368,0.0,0.0250691881228704,1.0,1.0,7.3,0.406,True,True,False
20.607689380645752,forward_015,0.607689380645752,0.15,0.0,0.0,0.25089107997418486,-0.044724062082354694,-0.2454369260617026,-0.39,-3.13,7.15,1.304,0.6976531147956848,0.0,0.028458835557103157,1.0,1.0,7.3,0.406,True,True,False
20.6280837059021,forward_015,0.6280837059020996,0.15,0.0,0.0,0.3119776037939864,-0.18762289458939044,-0.09490227807719166,0.0,-2.08,9.200000000000001,1.151,0.8219761848449707,0.0,0.02345842868089676,1.0,1.0,7.4,0.35100000000000003,True,True,False
20.64843988418579,forward_015,0.648439884185791,0.15,0.0,0.0,0.5585053606381855,-0.3436116964863836,-0.13308135546456762,0.0,-2.08,9.200000000000001,0.767,0.8976540565490723,0.0,0.025230870116502047,1.0,1.0,7.4,0.35100000000000003,True,True,False
20.668819665908813,forward_015,0.6688196659088135,0.15,0.0,0.0,0.6021385919380436,-0.2552544031041707,-0.5519603759432067,-2.13,0.08,8.8,0.767,0.9349890351295471,0.0,0.027140386402606964,1.0,1.0,7.4,0.35100000000000003,True,True,False
20.689200162887573,forward_015,0.6892001628875732,0.15,0.0,0.0,0.4985096676008804,0.17780541754692233,-0.7035858547102141,-2.13,0.08,8.8,0.844,0.9169576168060303,0.0,0.017212461796589196,1.0,1.0,7.4,0.35100000000000003,True,True,False
20.709567308425903,forward_015,0.7095673084259033,0.15,0.0,0.0,0.3327033886614191,0.12435470920459599,-0.9522952731194061,-2.13,0.08,8.8,0.844,0.9383025169372559,0.0,0.015612667426466942,1.0,1.0,7.4,0.35100000000000003,True,True,False
20.729952335357666,forward_015,0.729952335357666,0.15,0.0,0.0,0.3425208657038872,-0.004363323129985824,-0.9206611804270088,1.26,1.0,8.76,0.767,0.9584702849388123,0.07142857142857142,0.01987015875056386,1.0,1.0,7.4,0.35100000000000003,True,True,False
20.750344038009644,forward_015,0.7503440380096436,0.15,0.0,0.0,0.21380283336930536,0.15489797111449674,-1.054833366674073,0.46,0.08,8.13,0.6899999999999998,0.9232576489448547,0.0,0.02583910897374153,1.0,1.0,7.4,0.35100000000000003,True,True,False
20.77082061767578,forward_015,0.7708206176757812,0.15,0.0,0.0,-0.07417649320975901,0.21162117180431245,-0.8333947178272924,0.46,0.08,8.13,0.844,0.7840412259101868,0.0,0.02372141368687153,1.0,1.0,7.4,0.35100000000000003,True,True,False
20.79119086265564,forward_015,0.7911908626556396,0.15,0.0,0.0,0.09272061651219876,-0.05345070834232634,0.007635815477475192,0.46,0.08,8.13,0.46,0.8078054785728455,0.0,0.021647386252880096,1.0,1.0,7.4,0.35100000000000003,True,True,False
20.811676502227783,forward_015,0.8116765022277832,0.15,0.0,0.0,0.037088246604879506,0.07635815477475191,0.25089107997418486,-1.24,-0.9,8.1,0.537,0.8454131484031677,0.0,0.06540002347901464,1.0,1.0,7.4,0.35100000000000003,True,True,False
20.83205556869507,forward_015,0.8320555686950684,0.15,0.0,0.0,-0.04254240051736178,-0.18435040224190105,0.543233729683235,-0.13,-1.21,8.99,0.614,0.868278443813324,0.0,0.057364322245121,1.0,1.0,7.3,0.844,True,True,False
20.852428913116455,forward_015,0.8524289131164551,0.15,0.0,0.0,-0.17453292519943295,0.031634092692397225,0.8988445647770797,-0.93,0.58,8.01,0.46,0.7858547568321228,0.0,0.05153576657176018,1.0,1.0,7.3,0.844,True,True,False
20.872804403305054,forward_015,0.8728044033050537,0.15,0.0,0.0,-0.21707532571679475,0.11671889372712078,0.7450374244450795,-1.78,1.08,9.790000000000001,0.9210000000000002,0.762268602848053,0.0,0.059666045010089874,1.0,1.0,7.3,0.844,True,True,False
20.8931782245636,forward_015,0.8931782245635986,0.15,0.0,0.0,-0.22143864884678055,0.14835298641951802,0.35124751196385884,-1.42,0.75,9.790000000000001,1.381,0.7118159532546997,0.0,0.044358037412166595,1.0,1.0,7.3,0.844,True,True,False
20.913551568984985,forward_015,0.9135515689849854,0.15,0.0,0.0,-0.19962203319685143,0.038179077387375956,0.04908738521234052,0.06,0.47000000000000003,7.140000000000001,1.458,0.8286659121513367,0.0,0.05947273503988981,1.0,1.0,7.3,0.844,True,True,False
20.93412137031555,forward_015,0.9341213703155518,0.15,0.0,0.0,-0.33815754257390135,-0.025089107997418487,-0.23452861823673804,-0.77,0.8200000000000001,7.3100000000000005,0.844,0.916686475276947,0.0,0.023099146783351898,1.0,1.0,7.3,0.844,True,True,False
20.954501628875732,forward_015,0.9545016288757324,0.15,0.0,0.0,-0.5672320068981571,-0.09053895494720585,-0.5017821599483697,-0.77,0.8200000000000001,7.3100000000000005,0.9210000000000002,0.9347801208496094,0.0,0.01539468951523304,1.0,1.0,7.3,0.844,True,True,False
20.974891185760498,forward_015,0.974891185760498,0.15,0.0,0.0,-0.5835944686356039,-0.1189005552921137,-0.06981317007977318,-0.77,0.8200000000000001,7.3100000000000005,1.151,0.9060476422309875,0.0,0.022515526972711086,1.0,1.0,7.3,0.844,True,True,False
20.99528193473816,forward_015,0.9952819347381592,0.15,0.0,0.0,-0.4374231437810788,0.31634092692397225,0.4526947747360292,-1.54,-0.8,8.77,0.844,0.796658456325531,0.0,0.03234816435724497,1.0,1.0,7.3,0.844,True,True,False
21.01571536064148,forward_015,1.0157153606414795,0.15,0.0,0.0,-0.24434609527920614,0.2476185876266955,0.9141161957320301,-1.54,-0.8,8.77,1.074,0.7088547348976135,0.0,0.01931946352124214,1.0,1.0,7.3,0.844,True,True,False
21.036160945892334,forward_015,1.036160945892334,0.15,0.0,0.0,-0.16253378659197193,0.25634523388666713,1.2119129993535627,-1.54,-0.8,8.77,0.9210000000000002,0.7132872343063354,0.0,0.01843791827559471,1.0,1.0,7.4,0.304,True,True,False
21.056531190872192,forward_015,1.0565311908721924,0.15,0.0,0.0,-0.13199052468207118,0.11126473981463851,0.5290529295107811,2.61,-1.3800000000000001,6.2,0.614,0.6850650906562805,0.0,0.04279632866382599,0.0,1.0,7.4,0.304,True,True,False
21.076899766921997,forward_015,1.076899766921997,0.15,0.0,0.0,-0.05126904677733343,0.002181661564992912,0.3043417883165112,-1.8900000000000001,-1.17,8.47,0.46,0.6921518445014954,0.0,0.046165831387043,0.0,1.0,7.4,0.304,True,True,False
21.097273588180542,forward_015,1.097273588180542,0.15,0.0,0.0,-0.007635815477475192,-0.17016960206944712,-0.08944812416470939,-3.74,-2.37,9.72,0.384,0.8240385055541992,0.0,0.0509748263284564,0.0,1.0,7.4,0.304,True,True,False
21.11764430999756,forward_015,1.1176443099975586,0.15,0.0,0.0,-0.002181661564992912,-0.001090830782496456,-0.3883357585687383,-1.42,-1.92,7.78,0.6899999999999998,0.6100754141807556,0.0,0.025675572454929352,0.0,1.0,7.4,0.304,True,True,False
21.138118028640747,forward_015,1.138118028640747,0.15,0.0,0.0,0.09490227807719166,0.011999138607461015,-0.35015668118136234,-0.9,-2.56,7.73,0.9970000000000001,0.5387061834335327,0.0,0.026729844510555267,0.0,1.0,7.4,0.304,True,True,False
21.158501386642456,forward_015,1.158501386642456,0.15,0.0,0.0,0.1930770485018727,-0.04799655442984406,-0.13962634015954636,-1.61,-2.84,8.67,1.304,0.7274414300918579,0.0,0.03298940509557724,1.0,1.0,7.4,0.304,True,True,False
21.178943872451782,forward_015,1.1789438724517822,0.15,0.0,0.0,0.2912518189265537,-0.1439896632895322,0.0272707695624114,-0.92,-1.27,8.71,1.304,0.8001561164855957,0.0,0.029452309012413025,1.0,1.0,7.4,0.304,True,True,False
21.19932198524475,forward_015,1.199321985244751,0.15,0.0,0.0,0.4734205596034619,-0.24107360293171676,-0.14835298641951802,-0.18,-1.34,9.370000000000001,0.9970000000000001,0.8763434886932373,0.0,0.021250281482934952,1.0,1.0,7.4,0.304,True,True,False
21.219757795333862,forward_015,1.2197577953338623,0.15,0.0,0.0,0.6981317007977318,-0.15489797111449674,-0.3272492347489368,-1.07,-0.81,9.6,0.844,0.92011958360672,0.0,0.021588623523712158,1.0,1.0,7.4,0.304,True,True,False
21.240151166915894,forward_015,1.2401511669158936,0.15,0.0,0.0,0.6479534848028948,0.05999569303730508,-0.6152285613280012,-1.07,-0.81,9.6,0.767,0.9232738614082336,0.0,0.01882971008308232,1.0,1.0,7.3,0.5389999999999999,True,True,False
21.26051354408264,forward_015,1.2605135440826416,0.15,0.0,0.0,0.2901609881440573,0.07744898555724837,-0.9893835197242855,-1.07,-0.81,9.6,0.6899999999999998,0.9443575143814087,0.0,0.01810529548674822,1.0,1.0,7.3,0.5389999999999999,True,True,False
21.280887126922607,forward_015,1.2808871269226074,0.15,0.0,0.0,0.2792526803190927,0.02399827721492203,-0.9948376736367679,0.6,1.6,8.83,0.767,0.9496499300003052,0.0,0.010493265464901922,1.0,1.0,7.3,0.5389999999999999,True,True,False
21.30127787590027,forward_015,1.3012778759002686,0.15,0.0,0.0,0.28907015736156083,0.07744898555724837,-0.8803004414746399,-0.24,-0.36,9.22,0.9210000000000002,0.9009203314781189,0.0,0.01897970214486122,1.0,1.0,7.3,0.5389999999999999,True,True,False
21.321661233901978,forward_015,1.3216612339019775,0.15,0.0,0.0,0.15271630954950383,-0.06654067773228381,-0.6654067773228381,-0.24,-0.36,9.22,0.767,0.7967235445976257,0.0,0.02474758354946971,1.0,1.0,7.3,0.5389999999999999,True,True,False
21.34203338623047,forward_015,1.3420333862304688,0.15,0.0,0.0,0.09926560120717749,0.019634954084936207,-0.21380283336930536,-0.19,-0.42,8.63,0.46,0.7833918333053589,0.0,0.03162117302417755,1.0,1.0,7.3,0.5389999999999999,True,True,False
21.362401008605957,forward_015,1.362401008605957,0.15,0.0,0.0,0.10799224746714914,-0.050178215994836975,0.2923426497090502,-0.1,-0.13,8.41,0.614,0.8077937960624695,0.0,0.04275970533490181,1.0,1.0,7.3,0.5389999999999999,True,True,False
21.382784843444824,forward_015,1.3827848434448242,0.15,0.0,0.0,-0.050178215994836975,-0.06872233929727672,0.5246896063807953,-0.46,-0.58,7.83,0.46,0.8743224740028381,0.0,0.04686570540070534,1.0,1.0,7.3,0.5389999999999999,True,True,False
21.40315055847168,forward_015,1.4031505584716797,0.15,0.0,0.0,-0.14289883250703572,-0.03599741582238305,0.7723081940074908,-1.53,0.76,9.01,0.614,0.7445332407951355,0.0,0.05471484735608101,1.0,1.0,7.3,0.5389999999999999,True,True,False
21.42354726791382,forward_015,1.4235472679138184,0.15,0.0,0.0,-0.16035212502697901,0.21271200258680892,0.770126532442498,-2.18,0.99,9.03,0.9970000000000001,0.7787115573883057,0.0,0.05019393190741539,1.0,1.0,7.3,0.5389999999999999,True,True,False
21.443920373916626,forward_015,1.443920373916626,0.15,0.0,0.0,-0.15817046346198613,0.15489797111449674,0.4286964975211072,-0.52,0.24,9.450000000000001,1.534,0.6673594117164612,0.0,0.04950598627328873,1.0,1.0,7.4,0.18699999999999997,True,True,False
21.46499466896057,forward_015,1.4649946689605713,0.15,0.0,0.0,-0.16035212502697901,0.10581058590215622,0.04690572364734761,-0.6900000000000001,-0.13,7.17,1.534,0.8384913206100464,0.0,0.05535998847335577,1.0,1.0,7.4,0.18699999999999997,True,True,False
21.48543620109558,forward_015,1.485436201095581,0.15,0.0,0.0,-0.385063266221249,-0.13744467859455345,-0.25743606466916363,-0.96,0.32,7.8,1.304,0.9293033480644226,0.0,0.021686227992177003,1.0,1.0,7.4,0.18699999999999997,True,True,False
21.505810260772705,forward_015,1.505810260772705,0.15,0.0,0.0,-0.5715953300281429,-0.20289452554434081,-0.3141592653589793,-0.96,0.32,7.8,0.9210000000000002,0.94693523645401,0.0,0.01567915314808488,1.0,1.0,7.4,0.18699999999999997,True,True,False
21.526193618774414,forward_015,1.526193618774414,0.15,0.0,0.0,-0.6381360077604268,-0.09272061651219876,-0.061086523819801536,-0.96,0.32,7.8,1.074,0.9020969271659851,0.0,0.019740981981158257,1.0,1.0,7.4,0.18699999999999997,True,True,False
21.546656847000122,forward_015,1.546656847000122,0.15,0.0,0.0,-0.4690572364734761,0.24980024919168842,0.5203262832508095,-0.96,0.32,7.8,0.844,0.8100338578224182,0.0,0.03330618888139725,1.0,1.0,7.4,0.18699999999999997,True,True,False
21.56704020500183,forward_015,1.567040205001831,0.15,0.0,0.0,-0.3392483733563978,0.39924406639370286,1.1540989678812503,-2.4,-1.45,9.47,1.074,0.6838250756263733,0.0,0.016781620681285858,1.0,1.0,7.4,0.18699999999999997,True,True,False
21.587426900863647,forward_015,1.5874269008636475,0.15,0.0,0.0,-0.3239767424014474,0.10253809355466686,1.3046336158657614,-2.4,-1.45,9.47,0.844,0.72555011510849,0.0,0.017971221357584,1.0,1.0,7.4,0.18699999999999997,True,True,False
21.60786008834839,forward_015,1.6078600883483887,0.15,0.0,0.0,-0.10253809355466686,0.12871803233458182,0.5748678223756323,2.46,-1.12,6.26,0.537,0.6867424249649048,0.0,0.038704611361026764,1.0,1.0,7.4,0.18699999999999997,True,True,False
21.62831163406372,forward_015,1.6283116340637207,0.15,0.0,0.0,-0.08072147790473774,-0.17780541754692233,0.2945243112740431,-2.27,-0.2,9.48,0.307,0.7165648341178894,0.0,0.046387456357479095,0.0,1.0,7.4,0.18699999999999997,True,True,False
21.64867854118347,forward_015,1.6486785411834717,0.15,0.0,0.0,-0.06981317007977318,-0.20725784867432664,-0.020725784867432664,-2.27,-0.2,9.48,0.46,0.729738712310791,0.0,0.04944724403321743,0.0,1.0,7.3,0.5110000000000001,True,True,False
21.669042348861694,forward_015,1.6690423488616943,0.15,0.0,0.0,-0.07963064712224129,-0.07853981633974483,-0.5050546522958591,-1.43,-2.34,7.61,0.614,0.6200867891311646,0.0,0.023996046744287014,0.0,1.0,7.3,0.5110000000000001,True,True,False
21.689537525177002,forward_015,1.689537525177002,0.15,0.0,0.0,0.08508480103472356,-0.13744467859455345,-0.37960911230876665,-1.1300000000000001,-3.21,8.05,1.151,0.559550404548645,0.0,0.026079421397298574,0.0,1.0,7.3,0.5110000000000001,True,True,False
21.709914207458496,forward_015,1.709914207458496,0.15,0.0,0.0,0.16144295580947549,-0.16253378659197193,0.050178215994836975,-0.72,-2.47,8.71,1.304,0.7265156507492065,0.0,0.03152855113148689,0.0,1.0,7.3,0.5110000000000001,True,True,False
21.730411529541016,forward_015,1.7304115295410156,0.15,0.0,0.0,0.34143003492139073,-0.17780541754692233,0.04254240051736178,-0.16,-1.25,8.49,1.304,0.794779896736145,0.0,0.025364717468619347,1.0,1.0,7.3,0.5110000000000001,True,True,False
21.750803470611572,forward_015,1.7508034706115723,0.15,0.0,0.0,0.5759586531581288,-0.25743606466916363,-0.22907446432425577,-0.88,-2.09,9.0,0.9970000000000001,0.8846762180328369,0.0,0.023622648790478706,1.0,1.0,7.3,0.5110000000000001,True,True,False
21.77120089530945,forward_015,1.7712008953094482,0.15,0.0,0.0,0.7232208087951503,-0.015271630954950384,-0.36979163526629855,-0.88,-2.09,9.0,0.844,0.8965346217155457,0.0,0.016790753230452538,1.0,1.0,7.3,0.5110000000000001,True,True,False
21.79158091545105,forward_015,1.7915809154510498,0.15,0.0,0.0,0.7232208087951503,-0.015271630954950384,-0.36979163526629855,-0.88,-2.09,9.0,0.6899999999999998,0.9252426028251648,0.0,0.015226788818836212,1.0,1.0,7.3,0.5110000000000001,True,True,False
21.812010765075684,forward_015,1.8120107650756836,0.15,0.0,0.0,0.2879793265790644,0.013089969389957472,-0.9435686268594344,-0.88,-2.09,9.0,0.767,0.9488593935966492,0.0,0.02302917193446774,1.0,1.0,7.3,0.5110000000000001,True,True,False
21.832387924194336,forward_015,1.832387924194336,0.15,0.0,0.0,0.3097959422289935,0.019634954084936207,-0.8497571795647392,0.91,2.5500000000000003,9.56,0.844,0.9458591938018799,0.0,0.012447984889149659,1.0,1.0,7.3,0.5110000000000001,True,True,False
21.85275936126709,forward_015,1.8527593612670898,0.15,0.0,0.0,0.18435040224190105,0.09708393964218458,-0.7777623479199731,0.09,0.6900000000000001,8.57,0.844,0.8970662951469421,0.0,0.019479766488075256,1.0,1.0,7.4,0.338,True,True,False
21.873148918151855,forward_015,1.8731489181518555,0.15,0.0,0.0,0.10471975511965978,-0.01090830782496456,-0.5290529295107811,0.09,0.6900000000000001,8.57,0.6899999999999998,0.7683192491531372,0.0,0.024416168686002493,1.0,1.0,7.4,0.338,True,True,False
21.893526792526245,forward_015,1.8935267925262451,0.15,0.0,0.0,0.17453292519943295,0.0545415391248228,-0.07308566242726255,-0.52,-0.55,8.99,0.6899999999999998,0.7702991366386414,0.0,0.040984392166137695,1.0,1.0,7.4,0.338,True,True,False
21.913906574249268,forward_015,1.9139065742492676,0.15,0.0,0.0,0.05235987755982989,-0.007635815477475192,0.37088246604879505,0.02,-0.41000000000000003,8.57,0.767,0.8228280544281006,0.0,0.03782092686742544,1.0,1.0,7.4,0.338,True,True,False
21.934267282485962,forward_015,1.934267282485962,0.15,0.0,0.0,-0.14944381720201447,0.08617563181722002,0.5617778529856748,-0.84,-0.25,7.21,0.46,0.8807353973388672,0.0,0.044703979045152664,1.0,1.0,7.4,0.338,True,True,False
21.95463752746582,forward_015,1.9546375274658203,0.15,0.0,0.0,-0.11344640137963143,0.019634954084936207,0.7766715171374766,-0.93,0.19,9.28,0.46,0.6782844066619873,0.0,0.05653361789882183,1.0,1.0,7.4,0.338,True,True,False
21.975027084350586,forward_015,1.975027084350586,0.15,0.0,0.0,-0.12544553998709243,0.17016960206944712,0.6926775468852495,-0.93,0.19,9.28,0.9210000000000002,0.7498727440834045,0.0,0.04510599956847727,1.0,1.0,7.4,0.338,True,True,False
21.995407581329346,forward_015,1.9954075813293457,0.15,0.0,0.0,-0.1832595714594046,0.09708393964218458,0.19634954084936207,-0.93,0.19,9.28,1.151,0.6988337635993958,0.0,0.03783807530999184,1.0,1.0,7.4,0.338,True,True,False
22.01578974723816,forward_015,2.015789747238159,0.15,0.0,0.0,-0.17453292519943295,0.003272492347489368,-0.032724923474893676,-0.66,-0.13,7.11,1.534,0.8489968180656433,0.0,0.060261000879108906,1.0,1.0,7.4,0.338,True,True,False
22.036314725875854,forward_015,2.0363147258758545,0.15,0.0,0.0,-0.32288591161895097,-0.04363323129985824,-0.27598018797160334,-1.09,0.08,6.51,0.9970000000000001,0.9173550605773926,0.0,0.028164885938167572,1.0,1.0,7.4,0.338,True,True,False
22.056780099868774,forward_015,2.0567800998687744,0.15,0.0,0.0,-0.5225079448158024,-0.1832595714594046,-0.3043417883165112,-1.09,0.08,6.51,0.614,0.9476562142372131,0.0,0.011999194510281086,1.0,1.0,7.3,0.7000000000000001,True,True,False
22.07715892791748,forward_015,2.0771589279174805,0.15,0.0,0.0,-0.6206827152404835,-0.014180800172453928,-0.1189005552921137,-1.09,0.08,6.51,1.151,0.8980655670166016,0.0,0.019916268065571785,1.0,1.0,7.3,0.7000000000000001,True,True,False
22.097535848617554,forward_015,2.0975358486175537,0.15,0.0,0.0,-0.40906154343617096,0.2596177262341565,0.6130468997630083,-1.09,0.08,6.51,0.844,0.7919392585754395,0.0,0.03218345530331135,1.0,1.0,7.3,0.7000000000000001,True,True,False
22.117919921875,forward_015,2.117919921875,0.15,0.0,0.0,-0.3370667117914049,0.2999784651865254,1.2566370614359172,-1.99,-1.17,9.61,0.9970000000000001,0.7003830671310425,0.0,0.014893241226673126,1.0,1.0,7.3,0.7000000000000001,True,True,False
22.138313055038452,forward_015,2.138313055038452,0.15,0.0,0.0,-0.36979163526629855,0.07853981633974483,1.4508049407202865,-1.99,-1.17,9.61,0.844,0.7294870018959045,0.0,0.02028428018093109,1.0,1.0,7.3,0.7000000000000001,True,True,False
22.158678770065308,forward_015,2.1586787700653076,0.15,0.0,0.0,-0.18980455615438332,0.06872233929727672,0.6774059159302992,1.6400000000000001,0.36,8.71,0.537,0.6930283308029175,0.0,0.036637790501117706,0.0,1.0,7.3,0.7000000000000001,True,True,False
22.179067611694336,forward_015,2.179067611694336,0.15,0.0,0.0,-0.08508480103472356,-0.17235126363444003,0.26070855701665296,-1.92,-1.53,7.62,0.384,0.7169941663742065,0.0,0.040023598819971085,0.0,1.0,7.3,0.7000000000000001,True,True,False
22.19946026802063,forward_015,2.19946026802063,0.15,0.0,0.0,-0.08944812416470939,-0.1734420944169365,0.011999138607461015,-3.61,-1.54,8.65,0.384,0.8159303665161133,0.0,0.04911154508590698,0.0,1.0,7.3,0.7000000000000001,True,True,False
22.219850540161133,forward_015,2.219850540161133,0.15,0.0,0.0,-0.07635815477475191,-0.16471544815696484,-0.5083271446433485,-1.75,-2.6,7.87,0.767,0.7099754810333252,0.0,0.02659438643604517,0.0,1.0,7.3,0.7000000000000001,True,True,False
22.240389585494995,forward_015,2.240389585494995,0.15,0.0,0.0,0.10144726277217041,-0.15271630954950383,-0.4374231437810788,-0.93,-2.58,8.120000000000001,1.074,0.5407403111457825,0.0,0.025088598486036062,0.0,1.0,7.3,0.7000000000000001,True,True,False
22.260765075683594,forward_015,2.2607650756835938,0.15,0.0,0.0,0.23452861823673804,-0.08617563181722002,-0.15271630954950383,-0.41000000000000003,-2.23,9.32,1.381,0.6739313006401062,0.0,0.03132052719593048,0.0,1.0,7.3,0.3960000000000001,True,True,False
22.28113341331482,forward_015,2.2811334133148193,0.15,0.0,0.0,0.25634523388666713,-0.18544123302439752,-0.01090830782496456,-0.01,-1.74,9.040000000000001,1.304,0.8021018505096436,0.0,0.026960764080286026,1.0,1.0,7.3,0.3960000000000001,True,True,False
22.301514148712158,forward_015,2.301514148712158,0.15,0.0,0.0,0.5083271446433485,-0.2617993877991494,-0.17562375598192942,-0.7000000000000001,-1.3900000000000001,8.93,0.9210000000000002,0.8843702673912048,0.0,0.020475875586271286,1.0,1.0,7.3,0.3960000000000001,True,True,False
22.32189416885376,forward_015,2.3218941688537598,0.15,0.0,0.0,0.7090400086226963,-0.16471544815696484,-0.284706834231575,-1.01,-0.53,9.75,0.844,0.9132627844810486,0.0,0.018981877714395523,1.0,1.0,7.3,0.3960000000000001,True,True,False
22.342278957366943,forward_015,2.3422789573669434,0.15,0.0,0.0,0.6566801310628665,0.15707963267948966,-0.5617778529856748,-1.01,-0.53,9.75,0.844,0.9134019017219543,0.0,0.021314594196155667,1.0,1.0,7.3,0.3960000000000001,True,True,False
22.362655639648438,forward_015,2.3626556396484375,0.15,0.0,0.0,0.2923426497090502,0.055632369907319255,-0.8486663487822428,-1.01,-0.53,9.75,0.614,0.9438855051994324,0.0,0.021646946959663182,1.0,1.0,7.3,0.3960000000000001,True,True,False
22.383044719696045,forward_015,2.383044719696045,0.15,0.0,0.0,0.32834006553143325,0.05999569303730508,-0.7886706557449377,0.37,2.65,8.96,0.767,0.9384239315986633,0.0,0.010437808930873869,1.0,1.0,7.3,0.3960000000000001,True,True,False
22.403419017791748,forward_015,2.403419017791748,0.15,0.0,0.0,0.26616271092913524,0.12544553998709243,-0.8497571795647392,0.18,0.01,8.68,0.844,0.8962709307670593,0.0,0.017201311886310577,1.0,1.0,7.3,0.3960000000000001,True,True,False
22.4238440990448,forward_015,2.4238440990448,0.15,0.0,0.0,0.09599310885968812,-0.014180800172453928,-0.46796640569097964,0.42,1.29,9.78,0.767,0.7728704214096069,0.0,0.0245321998372674,1.0,1.0,7.3,0.3960000000000001,True,True,False
22.444335460662842,forward_015,2.444335460662842,0.15,0.0,0.0,0.11126473981463851,-0.02399827721492203,-0.27052603405912107,0.39,-0.5700000000000001,8.97,0.614,0.7822383642196655,0.0,0.019133277237415314,1.0,1.0,7.3,0.3960000000000001,True,True,False
22.464709281921387,forward_015,2.4647092819213867,0.15,0.0,0.0,0.04036073895236887,-0.026179938779914945,0.385063266221249,-0.56,0.03,8.0,0.537,0.8294188976287842,0.0,0.05550553649663925,1.0,1.0,7.4,0.4,True,True,False
22.486012935638428,forward_015,2.4860129356384277,0.15,0.0,0.0,-0.13308135546456762,-0.08290313946973066,0.5715953300281429,-0.52,-0.28,8.08,0.537,0.8912739157676697,0.0,0.05149086192250252,1.0,1.0,7.4,0.4,True,True,False
22.50654911994934,forward_015,2.506549119949341,0.15,0.0,0.0,-0.11562806294462433,0.09272061651219876,0.7853981633974483,-1.34,0.8200000000000001,8.540000000000001,0.537,0.7329495549201965,0.0,0.050877951085567474,1.0,1.0,7.4,0.4,True,True,False
22.52691411972046,forward_015,2.526914119720459,0.15,0.0,0.0,-0.17671458676442586,0.22252947962927702,0.5508695451607103,-1.97,0.75,9.46,0.9970000000000001,0.7626591920852661,0.0,0.05915873125195503,1.0,1.0,7.4,0.4,True,True,False
22.547420263290405,forward_015,2.5474202632904053,0.15,0.0,0.0,-0.17453292519943295,0.20616701789183017,0.2716168648416175,-1.97,0.75,9.46,1.381,0.7149239778518677,0.0,0.0460656713694334,1.0,1.0,7.4,0.4,True,True,False
22.56782865524292,forward_015,2.56782865524292,0.15,0.0,0.0,-0.21380283336930536,0.17016960206944712,0.04363323129985824,-0.56,0.03,7.26,1.458,0.8230010271072388,0.0,0.05828192550688982,1.0,1.0,7.4,0.4,True,True,False
22.58826518058777,forward_015,2.5882651805877686,0.15,0.0,0.0,-0.38942658935123475,-0.12326387842209953,-0.2279836335417593,-0.33,0.34,8.01,0.844,0.9151697158813477,0.0,0.01870741043239832,1.0,1.0,7.4,0.4,True,True,False
22.608649969100952,forward_015,2.608649969100952,0.15,0.0,0.0,-0.5934119456780721,-0.21162117180431245,-0.32179508083645453,-1.55,0.19,9.22,0.767,0.9491989612579346,0.0,0.016765926033258438,1.0,1.0,7.4,0.4,True,True,False
22.629016399383545,forward_015,2.629016399383545,0.15,0.0,0.0,-0.6043202535030366,-0.09490227807719166,-0.05672320068981571,-1.55,0.19,9.22,1.227,0.898264467716217,0.0,0.021212317515164614,1.0,1.0,7.4,0.4,True,True,False
22.649390935897827,forward_015,2.649390935897827,0.15,0.0,0.0,-0.41996985126113556,0.31634092692397225,0.5661411761156606,-1.55,0.19,9.22,0.9210000000000002,0.7996346354484558,0.0,0.0326620819978416,1.0,1.0,7.4,0.4,True,True,False
22.66975736618042,forward_015,2.66975736618042,0.15,0.0,0.0,-0.35561083509384467,0.3196134192714616,1.2359112765684845,-2.41,-1.3800000000000001,8.69,0.9970000000000001,0.6926036477088928,0.0,0.015884369611740112,1.0,1.0,7.3,0.3690000000000001,True,True,False
22.69012451171875,forward_015,2.69012451171875,0.15,0.0,0.0,-0.3021601267515183,0.04036073895236887,1.3668109704680593,-2.41,-1.3800000000000001,8.69,0.767,0.7327752709388733,0.0,0.018721267580986023,1.0,1.0,7.3,0.3690000000000001,True,True,False
22.71050000190735,forward_015,2.7105000019073486,0.15,0.0,0.0,-0.1090830782496456,0.13308135546456762,0.7003133623627247,1.81,-0.36,6.48,0.46,0.695367157459259,0.0,0.03620537184178829,1.0,1.0,7.3,0.3690000000000001,True,True,False
22.730889320373535,forward_015,2.730889320373535,0.15,0.0,0.0,-0.06763150851478027,-0.24980024919168842,0.40906154343617096,1.81,-0.36,6.48,0.46,0.7108317017555237,0.0,0.044155584648251534,1.0,1.0,7.3,0.3690000000000001,True,True,False
22.751264572143555,forward_015,2.7512645721435547,0.15,0.0,0.0,-0.11126473981463851,-0.12980886311707826,-0.02399827721492203,1.81,-0.36,6.48,0.537,0.6910487413406372,0.0,0.04563391953706741,0.0,1.0,7.3,0.3690000000000001,True,True,False
22.771751642227173,forward_015,2.771751642227173,0.15,0.0,0.0,-0.04908738521234052,-0.11344640137963143,-0.5683228376806536,-1.61,-2.54,8.620000000000001,0.9210000000000002,0.7085937857627869,0.0,0.07468454446643591,0.0,1.0,7.3,0.3690000000000001,True,True,False
22.7921884059906,forward_015,2.7921884059906006,0.15,0.0,0.0,0.09708393964218458,-0.20616701789183017,-0.44833145160604343,-1.8800000000000001,-3.04,9.3,1.227,0.644983172416687,0.0,0.036116164177656174,0.0,1.0,7.3,0.3690000000000001,True,True,False
22.81257677078247,forward_015,2.8125767707824707,0.15,0.0,0.0,0.17453292519943295,0.001090830782496456,-0.11017390903214205,-0.96,-2.74,8.25,1.458,0.7329085469245911,0.0,0.0373235372826457,1.0,1.0,7.3,0.3690000000000001,True,True,False
22.832957983016968,forward_015,2.8329579830169678,0.15,0.0,0.0,0.21707532571679475,-0.27379852640661045,0.015271630954950384,-0.12,-2.18,8.46,1.381,0.8254465460777283,0.0,0.027953948825597763,1.0,1.0,7.3,0.3690000000000001,True,True,False
22.853326320648193,forward_015,2.8533263206481934,0.15,0.0,0.0,0.4821472058634335,-0.3108867730114899,0.003272492347489368,-1.08,-1.05,9.14,0.9210000000000002,0.8958014249801636,0.0,0.02168119978159666,1.0,1.0,7.3,0.3690000000000001,True,True,False
22.87369155883789,forward_015,2.8736915588378906,0.15,0.0,0.0,0.6915867161027531,-0.2476185876266955,-0.2716168648416175,-0.78,-0.28,9.46,0.844,0.9210848212242126,0.0,0.022090166807174683,1.0,1.0,7.3,0.595,True,True,False
22.894063472747803,forward_015,2.8940634727478027,0.15,0.0,0.0,0.7395832705325971,-0.12435470920459599,-0.5028729907308662,-0.78,-0.28,9.46,0.9210000000000002,0.9330533146858215,0.0,0.015182889066636562,1.0,1.0,7.3,0.595,True,True,False
22.914445877075195,forward_015,2.9144458770751953,0.15,0.0,0.0,0.2977968036215325,0.06544984694978735,-1.0624691821515482,-0.78,-0.28,9.46,0.767,0.9460773468017578,0.0,0.018130037933588028,1.0,1.0,7.3,0.595,True,True,False
22.93484115600586,forward_015,2.9348411560058594,0.15,0.0,0.0,0.3021601267515183,-0.055632369907319255,-0.9959285044192643,0.22,2.5,9.700000000000001,0.9210000000000002,0.9479036927223206,0.0,0.008666187524795525,1.0,1.0,7.3,0.595,True,True,False
22.955215454101562,forward_015,2.9552154541015625,0.15,0.0,0.0,0.10581058590215622,0.05999569303730508,-1.0515608743265836,0.22,0.2,8.76,0.9210000000000002,0.9218654632568359,0.0,0.019703008234500885,1.0,1.0,7.3,0.595,True,True,False
22.97558069229126,forward_015,2.9755806922912598,0.15,0.0,0.0,0.03599741582238305,0.08726646259971647,-0.7592182246175333,0.2,-0.07,9.38,0.767,0.7865283489227295,0.0,0.021765945479273796,1.0,1.0,7.3,0.595,True,True,False
22.99596929550171,forward_015,2.995969295501709,0.15,0.0,0.0,0.18762289458939044,-0.02945243112740431,-0.11453723216212788,0.39,-0.44,9.75,0.6899999999999998,0.7914217710494995,0.0,0.026029378175735474,1.0,1.0,7.3,0.595,True,True,False
23.016414880752563,forward_015,3.0164148807525635,0.15,0.0,0.0,0.07526732399225546,-0.032724923474893676,0.3948807432637171,-0.53,-0.85,8.05,0.614,0.8619260191917419,0.0,0.04745568707585335,1.0,1.0,7.3,0.595,True,True,False
23.03679132461548,forward_015,3.0367913246154785,0.15,0.0,0.0,-0.11562806294462433,-0.06763150851478027,0.6643159465403417,-0.55,-0.55,7.5600000000000005,0.6899999999999998,0.9110623598098755,0.0,0.05009595677256584,1.0,1.0,7.3,0.595,True,True,False
23.057207584381104,forward_015,3.0572075843811035,0.15,0.0,0.0,-0.12871803233458182,0.05345070834232634,0.9086620418195478,-0.77,-0.53,8.34,0.537,0.7903966903686523,0.0,0.04886176250874996,1.0,1.0,7.3,0.595,True,True,False
23.07757544517517,forward_015,3.077575445175171,0.15,0.0,0.0,-0.1908953869368798,0.08944812416470939,0.9468411192069238,-0.77,-0.53,8.34,0.9210000000000002,0.7591953873634338,0.0,0.040298234671354294,1.0,1.0,7.4,0.23200000000000004,True,True,False
23.097946166992188,forward_015,3.0979461669921875,0.15,0.0,0.0,-0.29343348049154666,0.14835298641951802,0.5835944686356039,-1.58,1.05,8.790000000000001,1.227,0.7170752882957458,0.0,0.04461759515106678,1.0,1.0,7.4,0.23200000000000004,True,True,False
23.118334770202637,forward_015,3.1183347702026367,0.15,0.0,0.0,-0.29343348049154666,0.025089107997418487,0.16471544815696484,-0.87,0.85,8.040000000000001,1.534,0.8311218619346619,0.0,0.06611640378832817,1.0,1.0,7.4,0.23200000000000004,True,True,False
23.13875675201416,forward_015,3.13875675201416,0.15,0.0,0.0,-0.39924406639370286,-0.030543261909900768,-0.13199052468207118,-0.09,0.99,8.63,1.227,0.9241538047790527,0.0,0.02368399128317833,1.0,1.0,7.4,0.23200000000000004,True,True,False
23.15914487838745,forward_015,3.159144878387451,0.15,0.0,0.0,-0.6403176693254197,0.05345070834232634,-0.43960480534607177,-0.7000000000000001,1.05,9.39,0.9210000000000002,0.9317036867141724,0.0,0.02047724975273013,1.0,1.0,7.4,0.23200000000000004,True,True,False
23.179628610610962,forward_015,3.179628610610962,0.15,0.0,0.0,-0.6926775468852495,-0.008726646259971648,-0.19962203319685143,-0.7000000000000001,1.05,9.39,1.381,0.8912470936775208,0.0,0.019485246390104294,1.0,1.0,7.4,0.23200000000000004,True,True,False
23.19999933242798,forward_015,3.1999993324279785,0.15,0.0,0.0,-0.4559672670835186,0.23561944901923448,0.39706240482870997,-0.7000000000000001,1.05,9.39,1.151,0.8155556917190552,0.0,0.03549995832145214,1.0,1.0,7.4,0.23200000000000004,True,True,False
23.220375061035156,forward_015,3.2203750610351562,0.15,0.0,0.0,-0.20616701789183017,0.4854196982109229,1.0231992739816758,-0.7000000000000001,1.05,9.39,0.9970000000000001,0.7243653535842896,0.0,0.02125868108123541,0.0,1.0,7.4,0.23200000000000004,True,True,False
23.240760326385498,forward_015,3.240760326385498,0.15,0.0,0.0,-0.2814343418840856,0.17235126363444003,1.325359400733194,-0.7000000000000001,1.05,9.39,0.767,0.7223053574562073,0.0,0.033556483685970306,1.0,1.0,7.4,0.23200000000000004,True,True,False
23.261227130889893,forward_015,3.2612271308898926,0.15,0.0,0.0,-0.08835729338221293,0.22362031041177347,0.7766715171374766,2.5,-0.84,7.36,0.537,0.6773978471755981,0.0,0.03195367008447647,1.0,1.0,7.4,0.23200000000000004,True,True,False
23.28160858154297,forward_015,3.2816085815429688,0.15,0.0,0.0,-0.02181661564992912,-0.14289883250703572,0.4723297288209654,-0.89,-0.44,7.6000000000000005,0.46,0.7607555985450745,0.0,0.04509415477514267,1.0,1.0,7.4,0.4660000000000001,True,True,False
23.301979303359985,forward_015,3.3019793033599854,0.15,0.0,0.0,-0.018544123302439753,-0.20398535632683726,0.08944812416470939,-3.23,-1.32,9.16,0.46,0.7881689071655273,0.0,0.054341331124305725,1.0,1.0,7.4,0.4660000000000001,True,True,False
23.322412729263306,forward_015,3.3224127292633057,0.15,0.0,0.0,0.044724062082354694,-0.08072147790473774,-0.2007128639793479,-1.56,-1.21,8.4,1.074,0.6955050230026245,0.0,0.021036885678768158,0.0,1.0,7.4,0.4660000000000001,True,True,False
23.34279465675354,forward_015,3.34279465675354,0.15,0.0,0.0,0.0818123086872342,-0.07853981633974483,-0.3817907738737596,-1.05,-2.59,8.040000000000001,1.381,0.7248750329017639,0.0,0.022705215960741043,0.0,1.0,7.4,0.4660000000000001,True,True,False
23.36316442489624,forward_015,3.3631644248962402,0.15,0.0,0.0,0.16689710972195776,-0.10035643198967395,-0.23561944901923448,-1.48,-2.15,8.26,1.6110000000000002,0.7591742277145386,0.0,0.028208919800817966,0.0,1.0,7.4,0.4660000000000001,True,True,False
23.383543968200684,forward_015,3.3835439682006836,0.15,0.0,0.0,0.2585268954516601,-0.23889194136672387,-0.16253378659197193,-0.54,-2.12,7.98,1.227,0.8220663666725159,0.0,0.04159029573202133,1.0,1.0,7.4,0.4660000000000001,True,True,False
23.40392565727234,forward_015,3.403925657272339,0.15,0.0,0.0,0.42542400517361784,-0.35015668118136234,-0.31852258848896514,-0.54,-2.12,7.98,0.9970000000000001,0.8995262980461121,0.0,0.018191398587077856,1.0,1.0,7.4,0.4660000000000001,True,True,False
23.424381494522095,forward_015,3.4243814945220947,0.15,0.0,0.0,0.755945732270044,-0.3370667117914049,-0.4166973589136462,-1.2,-0.38,9.6,0.9970000000000001,0.9291477799415588,0.0,0.020485419780015945,1.0,1.0,7.4,0.4660000000000001,True,True,False
23.444839477539062,forward_015,3.4448394775390625,0.15,0.0,0.0,0.7821256710499589,-0.12762720155208535,-0.667588438887831,-1.2,-0.38,9.6,0.844,0.935459315776825,0.0,0.018723614048212767,1.0,1.0,7.4,0.4660000000000001,True,True,False
23.465213775634766,forward_015,3.4652137756347656,0.15,0.0,0.0,0.3959715740462135,0.1407171709420428,-1.1213740444063567,-1.2,-0.38,9.6,0.844,0.9402727484703064,0.0,0.0179668590426445,1.0,1.0,7.4,0.4660000000000001,True,True,False
23.485708713531494,forward_015,3.485708713531494,0.15,0.0,0.0,0.2530727415391778,-0.1461713248545251,-1.090830782496456,1.56,3.0300000000000002,9.63,0.9970000000000001,0.9622125029563904,0.07142857142857142,0.020677323860581957,1.0,1.0,7.3,0.41300000000000003,True,True,False
23.50701117515564,forward_015,3.5070111751556396,0.15,0.0,0.0,0.1810779098944117,0.07308566242726255,-1.0242901047641721,0.33,0.34,8.17,0.9970000000000001,0.9256576895713806,0.0,0.028801653534173965,1.0,1.0,7.3,0.41300000000000003,True,True,False
23.527408599853516,forward_015,3.5274085998535156,0.15,0.0,0.0,0.07744898555724837,-0.19744037163185854,-0.5792311455056182,0.33,0.34,8.17,0.844,0.8541753888130188,0.0,0.025208034552633762,1.0,1.0,7.3,0.41300000000000003,True,True,False
23.5478994846344,forward_015,3.5478994846343994,0.15,0.0,0.0,0.20289452554434081,-0.05999569303730508,0.07963064712224129,-0.08,-0.4,8.21,0.537,0.8058940172195435,0.0,0.03486187756061554,1.0,1.0,7.3,0.41300000000000003,True,True,False
23.5684494972229,forward_015,3.5684494972229004,0.15,0.0,0.0,0.09272061651219876,-0.09926560120717749,0.5661411761156606,-0.9,-0.44,7.18,0.6899999999999998,0.8938477635383606,0.0,0.04143480956554413,1.0,1.0,7.3,0.41300000000000003,True,True,False
23.58882236480713,forward_015,3.588822364807129,0.15,0.0,0.0,-0.13199052468207118,-0.07635815477475191,0.7417649320975901,-0.37,-0.13,8.0,0.6899999999999998,0.9012359380722046,0.0,0.043609992833808064,1.0,1.0,7.3,0.41300000000000003,True,True,False
23.60918927192688,forward_015,3.60918927192688,0.15,0.0,0.0,-0.12980886311707826,0.06217735460229799,1.0090184738092218,-0.19,0.1,7.94,0.767,0.796972930431366,0.0,0.047038398683071136,1.0,1.0,7.3,0.41300000000000003,True,True,False
23.629560232162476,forward_015,3.6295602321624756,0.15,0.0,0.0,-0.19416787928436915,0.05126904677733343,0.9773843811168246,-0.19,0.1,7.94,1.151,0.7409879565238953,0.0,0.038270898163318634,1.0,1.0,7.3,0.41300000000000003,True,True,False
23.64993667602539,forward_015,3.6499366760253906,0.15,0.0,0.0,-0.29670597283903605,0.10690141668465268,0.6141377305455047,-1.25,1.37,8.41,1.534,0.7266206741333008,0.0,0.047131541185081005,1.0,1.0,7.3,0.41300000000000003,True,True,False
23.670334815979004,forward_015,3.670334815979004,0.15,0.0,0.0,-0.346884188833873,0.018544123302439753,0.24434609527920614,-0.71,1.11,8.75,1.458,0.81612628698349,0.0,0.07175974361598492,1.0,1.0,7.3,0.41300000000000003,True,True,False
23.69072461128235,forward_015,3.6907246112823486,0.15,0.0,0.0,-0.5323254218582705,0.0272707695624114,-0.1341721862470641,-0.21,1.48,8.540000000000001,1.151,0.9152011275291443,0.0,0.0257692476734519,1.0,1.0,7.1,1.018,True,True,False
23.711097717285156,forward_015,3.7110977172851562,0.15,0.0,0.0,-0.7090400086226963,0.0719948316447661,-0.40251655874119224,-0.6900000000000001,1.19,9.290000000000001,0.6899999999999998,0.9140523076057434,0.0,0.021436915267258883,1.0,1.0,7.1,1.018,True,True,False
23.731486320495605,forward_015,3.7314863204956055,0.15,0.0,0.0,-0.7363107781851078,0.11453723216212788,-0.1908953869368798,-0.6900000000000001,1.19,9.290000000000001,1.458,0.8681086897850037,0.0,0.021830768324434757,1.0,1.0,7.1,1.018,True,True,False
23.751868963241577,forward_015,3.751868963241577,0.15,0.0,0.0,-0.5225079448158024,0.22907446432425577,0.3523383427463553,-0.6900000000000001,1.19,9.290000000000001,0.9970000000000001,0.8300727605819702,0.0,0.03554633166640997,1.0,1.0,7.1,1.018,True,True,False
23.772249460220337,forward_015,3.772249460220337,0.15,0.0,0.0,-0.21598449493429828,0.4308781590861001,1.0079276430267252,-0.6900000000000001,1.19,9.290000000000001,1.227,0.7257576584815979,0.0,0.023952838266268373,0.0,1.0,7.1,1.018,True,True,False
23.792623281478882,forward_015,3.792623281478882,0.15,0.0,0.0,-0.12435470920459599,0.15817046346198613,1.2522737383059315,-0.6900000000000001,1.19,9.290000000000001,1.074,0.7228443622589111,0.0,0.031095228157937527,1.0,1.0,7.1,1.018,True,True,False
23.81299901008606,forward_015,3.8129990100860596,0.15,0.0,0.0,-0.04145156973486533,0.16580627893946132,0.7101308394051928,1.24,-0.75,5.59,0.767,0.7124779224395752,0.0,0.03246249817311764,1.0,1.0,7.1,1.018,True,True,False
23.833377838134766,forward_015,3.8333778381347656,0.15,0.0,0.0,0.030543261909900768,-0.20398535632683726,0.5061454830783556,1.24,-0.75,5.59,0.307,0.7281486392021179,0.0,0.04638131521642208,1.0,1.0,7.1,1.018,True,True,False
23.853760719299316,forward_015,3.8537607192993164,0.15,0.0,0.0,0.04036073895236887,-0.03490658503988659,-0.0272707695624114,-2.48,-1.06,9.76,0.6899999999999998,0.745185911655426,0.0,0.05166299268603325,1.0,1.0,7.1,1.018,True,True,False
23.874144792556763,forward_015,3.8741447925567627,0.15,0.0,0.0,0.09272061651219876,0.025089107997418487,-0.2476185876266955,-1.19,-1.35,8.620000000000001,1.151,0.7251681089401245,0.0,0.032015225850045674,0.0,1.0,7.1,1.018,True,True,False
23.894604206085205,forward_015,3.894604206085205,0.15,0.0,0.0,0.10799224746714914,-0.0272707695624114,-0.29888763440402893,-1.3900000000000001,-2.09,8.700000000000001,1.458,0.7298038601875305,0.0,0.029097527265548706,0.0,1.0,7.3,0.3700000000000001,True,True,False
23.914968967437744,forward_015,3.914968967437744,0.15,0.0,0.0,0.13526301702956053,0.05672320068981571,-0.28579766501407144,-1.53,-2.75,8.11,1.6110000000000002,0.7564092874526978,0.0,0.027831020765006542,0.0,1.0,7.3,0.3700000000000001,True,True,False
23.935771226882935,forward_015,3.9357712268829346,0.15,0.0,0.0,0.3719732968312915,-0.19416787928436915,-0.13308135546456762,-1.01,-1.96,7.47,1.304,0.8102735877037048,0.0,0.04283921420574188,1.0,1.0,7.3,0.3700000000000001,True,True,False
23.956136465072632,forward_015,3.956136465072632,0.15,0.0,0.0,0.6326818538479445,-0.2923426497090502,-0.21925698728178766,-1.01,-1.96,7.47,0.844,0.8957134485244751,0.0,0.01962500112131238,1.0,1.0,7.3,0.3700000000000001,True,True,False
23.976516008377075,forward_015,3.976516008377075,0.15,0.0,0.0,0.8792096106921435,-0.21162117180431245,-0.4919646829059016,-1.01,-1.96,7.47,0.9210000000000002,0.9116756916046143,0.0,0.01914084330201149,1.0,1.0,7.3,0.3700000000000001,True,True,False
23.996886491775513,forward_015,3.9968864917755127,0.15,0.0,0.0,0.6959500392327389,-0.10253809355466686,-0.878118779909647,-1.01,-1.96,7.47,0.9970000000000001,0.9418538212776184,0.0,0.018482036888599396,1.0,1.0,7.3,0.3700000000000001,True,True,False
24.01726269721985,forward_015,4.017262697219849,0.15,0.0,0.0,0.38724492778624187,0.12326387842209953,-1.1900963837036334,0.81,2.72,9.59,0.9210000000000002,0.9401068687438965,0.0,0.017276309430599213,1.0,1.0,7.3,0.3700000000000001,True,True,False
24.037636756896973,forward_015,4.037636756896973,0.15,0.0,0.0,0.20180369476184434,-0.07744898555724837,-1.2555462306534209,0.81,2.72,9.59,0.9210000000000002,0.9572134613990784,0.07142857142857142,0.016338161192834377,1.0,1.0,7.3,0.3700000000000001,True,True,False
24.058011293411255,forward_015,4.058011293411255,0.15,0.0,0.0,0.05345070834232634,0.10799224746714914,-1.1104657365813921,-0.65,0.08,7.22,0.9970000000000001,0.900683581829071,0.0,0.028729792684316635,1.0,1.0,7.3,0.3700000000000001,True,True,False
24.0783851146698,forward_015,4.0783851146698,0.15,0.0,0.0,0.07963064712224129,-0.2596177262341565,-0.6741334235828098,0.6900000000000001,0.28,9.33,1.074,0.8660963773727417,0.0,0.025377223268151283,1.0,1.0,7.3,0.3700000000000001,True,True,False
24.098753452301025,forward_015,4.098753452301025,0.15,0.0,0.0,0.20616701789183017,-0.09599310885968812,0.02399827721492203,-0.1,-0.73,9.28,0.537,0.8072524666786194,0.0,0.029560521245002747,1.0,1.0,7.4,0.18100000000000002,True,True,False
24.119114637374878,forward_015,4.119114637374878,0.15,0.0,0.0,0.09817477042468103,-0.09599310885968812,0.6392268385429232,-0.87,-0.49,7.66,0.537,0.9003244638442993,0.0,0.047613928094506264,1.0,1.0,7.4,0.18100000000000002,True,True,False
24.139500617980957,forward_015,4.139500617980957,0.15,0.0,0.0,-0.12217304763960307,-0.05345070834232634,0.8279405639148101,-0.2,0.21,7.51,0.6899999999999998,0.9171406030654907,0.0,0.04830701253376901,1.0,1.0,7.4,0.18100000000000002,True,True,False
24.159924507141113,forward_015,4.159924507141113,0.15,0.0,0.0,-0.1341721862470641,0.018544123302439753,0.9970193352017608,-0.06,0.81,9.17,0.9210000000000002,0.7321172952651978,0.0,0.048004730604588985,1.0,1.0,7.4,0.18100000000000002,True,True,False
24.180377960205078,forward_015,4.180377960205078,0.15,0.0,0.0,-0.22471114119426994,0.19962203319685143,0.9653852425093635,-1.26,0.92,9.65,1.381,0.7637617588043213,0.0,0.04527845233678818,1.0,1.0,7.4,0.18100000000000002,True,True,False
24.20075249671936,forward_015,4.20075249671936,0.15,0.0,0.0,-0.32288591161895097,0.1407171709420428,0.657770961845363,-1.02,1.37,8.5,1.6110000000000002,0.7000048756599426,0.0,0.04361596703529358,1.0,1.0,7.4,0.18100000000000002,True,True,False
24.221134901046753,forward_015,4.221134901046753,0.15,0.0,0.0,-0.4265148359561143,0.1265363707695889,0.18216874067690814,-0.71,1.23,7.87,1.458,0.8304833173751831,0.0,0.06193620525300503,1.0,1.0,7.4,0.18100000000000002,True,True,False
24.241512060165405,forward_015,4.241512060165405,0.15,0.0,0.0,-0.5770494839406252,0.03490658503988659,-0.18653206380689397,-0.21,1.18,9.200000000000001,0.614,0.908105731010437,0.0,0.02224557474255562,1.0,1.0,7.4,0.18100000000000002,True,True,False
24.261893033981323,forward_015,4.261893033981323,0.15,0.0,0.0,-0.7112216701876893,0.17562375598192942,-0.4014257279586958,-0.21,1.18,9.200000000000001,0.9970000000000001,0.8967873454093933,0.0,0.019980568438768387,1.0,1.0,7.4,0.18100000000000002,True,True,False
24.282278299331665,forward_015,4.282278299331665,0.15,0.0,0.0,-0.7461282552275759,0.09708393964218458,-0.16035212502697901,-0.21,1.18,9.200000000000001,1.381,0.8664035201072693,0.0,0.02489951578900218,1.0,1.0,7.4,0.18100000000000002,True,True,False
24.30265784263611,forward_015,4.302657842636108,0.15,0.0,0.0,-0.46796640569097964,0.29670597283903605,0.44178646691106466,-0.21,1.18,9.200000000000001,1.074,0.8085030913352966,0.0,0.03349622571840882,1.0,1.0,7.3,0.48300000000000004,True,True,False
24.323018550872803,forward_015,4.323018550872803,0.15,0.0,0.0,-0.25089107997418486,0.5825036378531074,1.174824752748683,-2.7,-2.77,9.61,1.074,0.7178876996040344,0.0,0.02613154426217079,0.0,1.0,7.3,0.48300000000000004,True,True,False
24.343517065048218,forward_015,4.343517065048218,0.15,0.0,0.0,-0.16035212502697901,0.19634954084936207,1.351539339513109,2.13,-0.16,7.9,0.9970000000000001,0.6456587314605713,0.0,0.058356087654829025,1.0,1.0,7.3,0.48300000000000004,True,True,False
24.363903045654297,forward_015,4.363903045654297,0.15,0.0,0.0,-0.02945243112740431,0.15489797111449674,0.7003133623627247,-0.47000000000000003,-0.53,6.86,0.614,0.745466947555542,0.0,0.031146440654993057,1.0,1.0,7.3,0.48300000000000004,True,True,False
24.38434624671936,forward_015,4.38434624671936,0.15,0.0,0.0,-0.05126904677733343,-0.22143864884678055,0.5345070834232635,-0.47000000000000003,-0.53,6.86,0.307,0.759528636932373,0.0,0.062255242839455605,1.0,1.0,7.3,0.48300000000000004,True,True,False
24.404727935791016,forward_015,4.404727935791016,0.15,0.0,0.0,-0.08290313946973066,0.004363323129985824,-0.001090830782496456,-2.15,-1.09,7.74,0.46,0.7486346960067749,0.0,0.03990359231829643,1.0,1.0,7.3,0.48300000000000004,True,True,False
24.42517590522766,forward_015,4.425175905227661,0.15,0.0,0.0,0.044724062082354694,-0.0719948316447661,-0.3523383427463553,-1.78,-2.21,8.1,0.6899999999999998,0.7436143755912781,0.0,0.018564116209745407,1.0,1.0,7.3,0.48300000000000004,True,True,False
24.445542097091675,forward_015,4.445542097091675,0.15,0.0,0.0,0.12435470920459599,-0.039269908169872414,-0.2999784651865254,-2.31,-2.16,8.620000000000001,1.151,0.7612048387527466,0.0,0.02912949025630951,0.0,1.0,7.3,0.48300000000000004,True,True,False
24.465924978256226,forward_015,4.465924978256226,0.15,0.0,0.0,0.17889624832941878,-0.08399397025222712,-0.29670597283903605,-1.1,-2.9,8.88,1.6110000000000002,0.7945057153701782,0.0,0.02546804421581328,0.0,1.0,7.3,0.48300000000000004,True,True,False
24.486313581466675,forward_015,4.486313581466675,0.15,0.0,0.0,0.35561083509384467,-0.22252947962927702,-0.13744467859455345,-0.87,-1.61,6.97,1.304,0.8190772533416748,0.0,0.04490993544459343,1.0,1.0,7.3,0.48300000000000004,True,True,False
24.506725072860718,forward_015,4.506725072860718,0.15,0.0,0.0,0.5497787143782138,-0.3010692959690218,-0.20289452554434081,-1.46,-1.37,9.22,0.844,0.9063636660575867,0.0,0.025319337844848633,1.0,1.0,7.2,0.8630000000000001,True,True,False
24.528072595596313,forward_015,4.5280725955963135,0.15,0.0,0.0,0.8552113334772214,-0.2650718801466388,-0.6752242543653062,-1.46,-1.37,9.22,0.9210000000000002,0.9246379733085632,0.0,0.027802497148513794,1.0,1.0,7.2,0.8630000000000001,True,True,False
24.548449277877808,forward_015,4.548449277877808,0.15,0.0,0.0,0.6883142237552637,-0.06981317007977318,-1.0722866591940161,-1.46,-1.37,9.22,0.844,0.9419621825218201,0.0,0.01948432344943285,1.0,1.0,7.2,0.8630000000000001,True,True,False
24.56888222694397,forward_015,4.56888222694397,0.15,0.0,0.0,0.38942658935123475,-0.04799655442984406,-1.2588187230009102,-1.46,-1.37,9.22,0.844,0.9563884139060974,0.07142857142857142,0.014287238707765937,1.0,1.0,7.2,0.8630000000000001,True,True,False
24.589371919631958,forward_015,4.589371919631958,0.15,0.0,0.0,0.2476185876266955,-0.17016960206944712,-1.1933688760511227,-1.46,-1.37,9.22,1.151,0.9592818021774292,0.07142857142857142,0.010045062750577927,1.0,1.0,7.2,0.8630000000000001,True,True,False
24.60974955558777,forward_015,4.6097495555877686,0.15,0.0,0.0,0.12762720155208535,-0.014180800172453928,-1.1224648751888533,-0.41000000000000003,0.14,8.790000000000001,1.151,0.922872006893158,0.0,0.024146909825503826,1.0,1.0,7.2,0.8630000000000001,True,True,False
24.630178451538086,forward_015,4.630178451538086,0.15,0.0,0.0,0.05890486225480862,-0.4036073895236887,-0.6774059159302992,-0.41000000000000003,0.14,8.790000000000001,0.9210000000000002,0.8946793079376221,0.0,0.027803965844213963,1.0,1.0,7.2,0.8630000000000001,True,True,False
24.650553226470947,forward_015,4.650553226470947,0.15,0.0,0.0,0.1930770485018727,-0.13853550937704992,0.00545415391248228,-0.41000000000000003,0.14,8.790000000000001,0.537,0.8099859356880188,0.0,0.03343905508518219,1.0,1.0,7.2,0.8630000000000001,True,True,False
24.670986890792847,forward_015,4.670986890792847,0.15,0.0,0.0,0.1265363707695889,-0.09708393964218458,0.5148721293383273,-0.92,-0.61,6.88,0.6899999999999998,0.8884967565536499,0.0,0.047002749517560005,1.0,1.0,7.2,0.8630000000000001,True,True,False
24.691367149353027,forward_015,4.691367149353027,0.15,0.0,0.0,-0.10581058590215622,-0.19634954084936207,0.7068583470577035,0.18,0.22,7.930000000000001,0.767,0.8863407969474792,0.0,0.04937237058766186,1.0,1.0,7.2,0.8630000000000001,True,True,False
24.71191716194153,forward_015,4.711917161941528,0.15,0.0,0.0,-0.11780972450961724,-0.039269908169872414,0.9381144729469522,-0.01,0.48,8.27,0.614,0.7835001945495605,0.0,0.0427241213619709,1.0,1.0,7.4,0.30300000000000005,True,True,False
24.73229146003723,forward_015,4.7322914600372314,0.15,0.0,0.0,-0.1636246173744684,0.04363323129985824,1.069014166846527,-0.01,0.48,8.27,1.151,0.7532117366790771,0.0,0.03399108722805977,1.0,1.0,7.4,0.30300000000000005,True,True,False
24.752673149108887,forward_015,4.752673149108887,0.15,0.0,0.0,-0.346884188833873,0.10581058590215622,0.7646723785300157,-1.03,1.01,8.94,1.458,0.7352434992790222,0.0,0.05011746101081371,1.0,1.0,7.4,0.30300000000000005,True,True,False
24.77316665649414,forward_015,4.773166656494141,0.15,0.0,0.0,-0.4308781590861001,0.055632369907319255,0.2977968036215325,-0.42,1.59,8.32,1.688,0.8059090971946716,0.0,0.07411950081586838,1.0,1.0,7.4,0.30300000000000005,True,True,False
24.793538093566895,forward_015,4.7935380935668945,0.15,0.0,0.0,-0.6086835766330224,0.050178215994836975,-0.12871803233458182,-0.17,1.19,9.07,1.304,0.9152982234954834,0.0,0.025660332292318344,1.0,1.0,7.4,0.30300000000000005,True,True,False
24.813910007476807,forward_015,4.813910007476807,0.15,0.0,0.0,-0.7188574856651645,0.12762720155208535,-0.1712604328519436,-0.52,1.56,9.34,1.151,0.9108039140701294,0.0,0.019603703171014786,1.0,1.0,7.4,0.30300000000000005,True,True,False
24.83430290222168,forward_015,4.83430290222168,0.15,0.0,0.0,-0.8192139176548384,0.30543261909900765,-0.14289883250703572,-0.52,1.56,9.34,1.227,0.8494714498519897,0.0,0.017435327172279358,1.0,1.0,7.4,0.30300000000000005,True,True,False
24.854668617248535,forward_015,4.854668617248535,0.15,0.0,0.0,-0.6272276999354622,0.21707532571679475,0.27379852640661045,-0.52,1.56,9.34,1.227,0.8166922330856323,0.0,0.030358730349689722,1.0,1.0,7.4,0.30300000000000005,True,True,False
24.87505269050598,forward_015,4.8750526905059814,0.15,0.0,0.0,-0.25634523388666713,0.385063266221249,0.8486663487822428,-0.52,1.56,9.34,1.304,0.7231907248497009,0.0,0.021041743690147996,0.0,1.0,7.4,0.30300000000000005,True,True,False
24.895434141159058,forward_015,4.895434141159058,0.15,0.0,0.0,-0.017453292519943295,0.34033920413889424,1.1868238913561442,-0.52,1.56,9.34,0.9970000000000001,0.7062156200408936,0.0,0.01920045167207718,0.0,1.0,7.4,0.30300000000000005,True,True,False
24.915900707244873,forward_015,4.915900707244873,0.15,0.0,0.0,0.05235987755982989,0.17998707911191522,0.8377580409572782,-0.11,-1.21,6.66,0.614,0.7178785800933838,0.0,0.02911454439163208,0.0,1.0,7.3,0.34900000000000003,True,True,False
24.936269998550415,forward_015,4.936269998550415,0.15,0.0,0.0,0.028361600344907856,-0.13199052468207118,0.5257804371632918,-2.59,-0.51,9.74,0.384,0.7274388074874878,0.0,0.03978918120265007,0.0,1.0,7.3,0.34900000000000003,True,True,False
24.95664954185486,forward_015,4.956649541854858,0.15,0.0,0.0,0.10471975511965978,0.08726646259971647,-0.2912518189265537,-2.37,-1.94,7.82,0.384,0.6962720155715942,0.0,0.045540641993284225,0.0,1.0,7.3,0.34900000000000003,True,True,False
24.977121114730835,forward_015,4.977121114730835,0.15,0.0,0.0,0.24107360293171676,0.008726646259971648,-0.11999138607461016,-1.23,-1.71,8.34,0.6899999999999998,0.5587596893310547,0.0,0.03532475512474775,0.0,1.0,7.3,0.34900000000000003,True,True,False
24.997506141662598,forward_015,4.997506141662598,0.15,0.0,0.0,0.19525871006686563,0.013089969389957472,-0.22471114119426994,-1.57,-1.1300000000000001,9.25,1.074,0.5836141705513,0.0,0.02277689054608345,0.0,1.0,7.3,0.34900000000000003,True,True,False
25.017877101898193,forward_015,5.017877101898193,0.15,0.0,0.0,0.21707532571679475,-0.13853550937704992,-0.29343348049154666,-1.1,-2.06,7.99,1.458,0.6778181195259094,0.0,0.028787996619939804,1.0,1.0,7.3,0.34900000000000003,True,True,False
25.03825092315674,forward_015,5.038250923156738,0.15,0.0,0.0,0.4112432050011639,-0.1407171709420428,-0.27598018797160334,-1.16,-1.29,8.82,1.381,0.7745718359947205,0.0,0.0202887374907732,1.0,1.0,7.3,0.34900000000000003,True,True,False
25.05862593650818,forward_015,5.058625936508179,0.15,0.0,0.0,0.6294093615004551,-0.25089107997418486,-0.40578905108868163,-1.16,-1.29,8.82,1.074,0.8828411102294922,0.0,0.024771030992269516,1.0,1.0,7.3,0.34900000000000003,True,True,False
25.079108238220215,forward_015,5.079108238220215,0.15,0.0,0.0,0.5934119456780721,-0.10144726277217041,-0.5977752688080579,-1.16,-1.29,8.82,0.844,0.92085862159729,0.0,0.019839830696582794,1.0,1.0,7.3,0.34900000000000003,True,True,False
25.09948754310608,forward_015,5.099487543106079,0.15,0.0,0.0,0.39706240482870997,0.05126904677733343,-0.8126689329598596,-1.16,-1.29,8.82,0.614,0.939508318901062,0.0,0.020734388381242752,1.0,1.0,7.3,0.34900000000000003,True,True,False
25.119853734970093,forward_015,5.119853734970093,0.15,0.0,0.0,0.29343348049154666,0.08508480103472356,-0.815941425307349,-1.16,-1.29,8.82,0.844,0.9471384882926941,0.0,0.012788675725460052,1.0,1.0,7.3,0.5700000000000001,True,True,False
25.14021921157837,forward_015,5.140219211578369,0.15,0.0,0.0,0.3043417883165112,-0.04799655442984406,-0.8039422866998881,0.24,2.45,9.32,0.9970000000000001,0.9492114186286926,0.0,0.01334421569481492,1.0,1.0,7.3,0.5700000000000001,True,True,False
25.160592794418335,forward_015,5.160592794418335,0.15,0.0,0.0,0.12871803233458182,-0.08835729338221293,-0.7428557628800865,-0.19,0.1,8.56,0.844,0.9294607639312744,0.0,0.021097642369568348,1.0,1.0,7.3,0.5700000000000001,True,True,False
25.181065320968628,forward_015,5.181065320968628,0.15,0.0,0.0,0.05126904677733343,-0.025089107997418487,-0.3817907738737596,-0.01,0.52,9.51,0.6899999999999998,0.7853081226348877,0.0,0.019289927557110786,1.0,1.0,7.3,0.5700000000000001,True,True,False
25.201430797576904,forward_015,5.201430797576904,0.15,0.0,0.0,0.09708393964218458,0.022907446432425576,0.04581489286485115,-0.48,-0.04,8.88,0.46,0.7876465320587158,0.0,0.040063582360744476,1.0,1.0,7.3,0.5700000000000001,True,True,False
25.221798181533813,forward_015,5.2217981815338135,0.15,0.0,0.0,0.008726646259971648,-0.1090830782496456,0.28907015736156083,0.24,-0.16,8.56,0.767,0.798866868019104,0.0,0.02582898922264576,1.0,1.0,7.3,0.5700000000000001,True,True,False
25.24218726158142,forward_015,5.242187261581421,0.15,0.0,0.0,-0.1189005552921137,-0.007635815477475192,0.5399612373357457,-0.7000000000000001,-0.38,7.4,0.46,0.8764359951019287,0.0,0.042444584891200066,1.0,1.0,7.3,0.5700000000000001,True,True,False
25.26255989074707,forward_015,5.26255989074707,0.15,0.0,0.0,-0.09053895494720585,-0.04145156973486533,0.8399397025222711,-0.8300000000000001,0.58,9.36,0.6899999999999998,0.7016163468360901,0.0,0.05487704277038574,1.0,1.0,7.3,0.5700000000000001,True,True,False
25.28293228149414,forward_015,5.282932281494141,0.15,0.0,0.0,-0.20398535632683726,0.16689710972195776,0.6228643768054763,-2.04,0.73,9.42,0.9970000000000001,0.7884644865989685,0.0,0.04582054540514946,1.0,1.0,7.3,0.5700000000000001,True,True,False
25.303322792053223,forward_015,5.303322792053223,0.15,0.0,0.0,-0.19416787928436915,0.02181661564992912,0.2694352032766246,-0.88,0.86,9.4,1.304,0.7145916223526001,0.0,0.04661136120557785,1.0,1.0,7.3,0.5700000000000001,True,True,False
25.32386827468872,forward_015,5.323868274688721,0.15,0.0,0.0,-0.22471114119426994,0.04581489286485115,-0.008726646259971648,-0.6,-0.35000000000000003,8.14,1.381,0.8481385111808777,0.0,0.059020787477493286,1.0,1.0,7.4,0.35600000000000004,True,True,False
25.34424066543579,forward_015,5.344240665435791,0.15,0.0,0.0,-0.4166973589136462,-0.07308566242726255,-0.20180369476184434,-0.81,0.8200000000000001,8.120000000000001,0.9210000000000002,0.9226890206336975,0.0,0.023774266242980957,1.0,1.0,7.4,0.35600000000000004,True,True,False
25.364617824554443,forward_015,5.364617824554443,0.15,0.0,0.0,-0.605411084285533,-0.0916297857297023,-0.35015668118136234,-0.39,1.16,9.36,0.614,0.951535701751709,0.07142857142857142,0.014911569654941559,1.0,1.0,7.4,0.35600000000000004,True,True,False
25.38498830795288,forward_015,5.384988307952881,0.15,0.0,0.0,-0.6141377305455047,-0.13853550937704992,-0.09272061651219876,-0.39,1.16,9.36,1.074,0.9201182723045349,0.0,0.019138171337544918,1.0,1.0,7.4,0.35600000000000004,True,True,False
25.40538239479065,forward_015,5.405382394790649,0.15,0.0,0.0,-0.4232423436086249,0.3196134192714616,0.5541420375081997,-0.39,1.16,9.36,0.9210000000000002,0.8038904070854187,0.0,0.03836094494909048,1.0,1.0,7.4,0.35600000000000004,True,True,False
25.426117420196533,forward_015,5.426117420196533,0.15,0.0,0.0,-0.32288591161895097,0.35452000431134817,1.2042771838760873,-0.39,1.16,9.36,1.074,0.6964835524559021,0.0,0.017364919185638428,1.0,1.0,7.4,0.35600000000000004,True,True,False
25.446484804153442,forward_015,5.446484804153442,0.15,0.0,0.0,-0.21489366415180183,0.07417649320975901,1.325359400733194,-0.39,1.16,9.36,0.844,0.7045814990997314,0.0,0.02218065783381462,1.0,1.0,7.4,0.35600000000000004,True,True,False
25.466850519180298,forward_015,5.466850519180298,0.15,0.0,0.0,-0.06217735460229799,0.16144295580947549,0.5748678223756323,2.27,-0.81,5.46,0.46,0.6816183924674988,0.0,0.03150507993996143,0.0,1.0,7.4,0.35600000000000004,True,True,False
25.487239122390747,forward_015,5.487239122390747,0.15,0.0,0.0,-0.06326818538479445,-0.061086523819801536,0.36760997370130566,2.27,-0.81,5.46,0.384,0.7071978449821472,0.0,0.040664877742528915,0.0,1.0,7.4,0.35600000000000004,True,True,False
25.50773000717163,forward_015,5.507730007171631,0.15,0.0,0.0,-0.061086523819801536,-0.13962634015954636,-0.07635815477475191,-3.74,-1.3,8.34,0.384,0.8259565234184265,0.0,0.0644044280052185,0.0,1.0,7.4,0.35600000000000004,True,True,False
25.528181076049805,forward_015,5.528181076049805,0.15,0.0,0.0,0.11671889372712078,-0.08508480103472356,-0.5115996369908379,-1.7,-2.19,7.34,0.767,0.6982355117797852,0.0,0.04853995889425278,0.0,1.0,7.3,0.5640000000000001,True,True,False
25.548784971237183,forward_015,5.548784971237183,0.15,0.0,0.0,0.210530341021816,-0.10690141668465268,-0.40033489717619936,-0.54,-2.09,8.07,1.151,0.4992098808288574,0.0,0.03358868137001991,0.0,1.0,7.3,0.5640000000000001,True,True,False
25.569164037704468,forward_015,5.569164037704468,0.15,0.0,0.0,0.2279836335417593,-0.1407171709420428,-0.15489797111449674,-1.05,-3.41,8.28,1.458,0.7385104894638062,0.0,0.04025127971544862,1.0,1.0,7.3,0.5640000000000001,True,True,False
25.589561700820923,forward_015,5.589561700820923,0.15,0.0,0.0,0.2977968036215325,-0.23234695667174513,0.006544984694978736,-1.1,-1.6500000000000001,8.47,1.227,0.8223006129264832,0.0,0.02462739683687687,1.0,1.0,7.3,0.5640000000000001,True,True,False
25.610019207000732,forward_015,5.610019207000732,0.15,0.0,0.0,0.7112216701876893,-0.09381144729469522,-0.284706834231575,-1.1,-1.6500000000000001,8.47,0.9970000000000001,0.8494614958763123,0.0,0.033945053815841675,1.0,1.0,7.3,0.5640000000000001,True,True,False
25.63039493560791,forward_015,5.63039493560791,0.15,0.0,0.0,0.7930339788749234,0.044724062082354694,-0.33597588100890846,-1.1,-1.6500000000000001,8.47,0.9210000000000002,0.8874043226242065,0.0,0.01899879239499569,1.0,1.0,7.3,0.5640000000000001,True,True,False
25.650883674621582,forward_015,5.650883674621582,0.15,0.0,0.0,0.5901394533305827,0.21707532571679475,-0.5148721293383273,-1.1,-1.6500000000000001,8.47,0.9210000000000002,0.9099915623664856,0.0,0.02047165483236313,1.0,1.0,7.3,0.5640000000000001,True,True,False
25.671257495880127,forward_015,5.671257495880127,0.15,0.0,0.0,0.20180369476184434,0.0272707695624114,-0.964294411726867,-1.1,-1.6500000000000001,8.47,0.767,0.9514583945274353,0.07142857142857142,0.023474096786230803,1.0,1.0,7.3,0.5640000000000001,True,True,False
25.69165563583374,forward_015,5.69165563583374,0.15,0.0,0.0,0.23343778745424157,0.14180800172453928,-1.1104657365813921,0.25,1.97,9.49,0.6899999999999998,0.9381507039070129,0.0,0.0124934334307909,1.0,1.0,7.3,0.5640000000000001,True,True,False
25.712039947509766,forward_015,5.712039947509766,0.15,0.0,0.0,0.14289883250703572,0.10035643198967395,-0.9839293658118032,0.5,0.89,9.58,0.9210000000000002,0.9021822810173035,0.0,0.021333196200430393,1.0,1.0,7.3,0.5640000000000001,True,True,False
25.732420444488525,forward_015,5.732420444488525,0.15,0.0,0.0,0.11671889372712078,-0.007635815477475192,-0.619591884457987,-0.15,-0.46,9.39,0.767,0.789405107498169,0.0,0.021637124242261052,1.0,1.0,7.4,0.30600000000000005,True,True,False
25.75279426574707,forward_015,5.75279426574707,0.15,0.0,0.0,0.12217304763960307,0.03599741582238305,-0.15162547876700738,0.14,-0.91,9.47,0.537,0.7810224294662476,0.0,0.03088034689426422,1.0,1.0,7.4,0.30600000000000005,True,True,False
25.7731773853302,forward_015,5.7731773853302,0.15,0.0,0.0,0.019634954084936207,-0.020725784867432664,0.3174317577064687,-0.73,-1.02,8.27,0.614,0.86002117395401,0.0,0.04817255027592182,1.0,1.0,7.4,0.30600000000000005,True,True,False
25.793662786483765,forward_015,5.793662786483765,0.15,0.0,0.0,-0.10471975511965978,-0.04036073895236887,0.6490443155853913,-0.92,-0.25,7.73,0.384,0.9087700247764587,0.0,0.049537861719727516,1.0,1.0,7.4,0.30600000000000005,True,True,False
25.814093112945557,forward_015,5.814093112945557,0.15,0.0,0.0,-0.13744467859455345,0.08508480103472356,0.7690357016600015,-1.3,0.9500000000000001,8.69,0.614,0.6832820773124695,0.0,0.049431946128606796,1.0,1.0,7.4,0.30600000000000005,True,True,False
25.83446431159973,forward_015,5.8344643115997314,0.15,0.0,0.0,-0.16580627893946132,0.2454369260617026,0.6392268385429232,-2.08,0.96,9.41,1.074,0.747283935546875,0.0,0.0526388194411993,1.0,1.0,7.4,0.30600000000000005,True,True,False
25.85484266281128,forward_015,5.854842662811279,0.15,0.0,0.0,-0.16580627893946132,0.2454369260617026,0.6392268385429232,-1.01,0.36,9.57,1.304,0.6866276860237122,0.0,0.05628158897161484,1.0,1.0,7.4,0.30600000000000005,True,True,False
25.875218391418457,forward_015,5.875218391418457,0.15,0.0,0.0,-0.14726215563702155,0.08835729338221293,-0.004363323129985824,-0.71,0.07,6.96,1.227,0.8474221229553223,0.0,0.04254088271409273,1.0,1.0,7.4,0.30600000000000005,True,True,False
25.89568519592285,forward_015,5.895685195922852,0.15,0.0,0.0,-0.33161255787892263,-0.08726646259971647,-0.3534291735288517,-1.09,0.08,8.72,0.46,0.9253652691841125,0.0,0.023503195494413376,1.0,1.0,7.4,0.30600000000000005,True,True,False
25.916054010391235,forward_015,5.916054010391235,0.15,0.0,0.0,-0.5028729907308662,-0.13526301702956053,-0.4112432050011639,-1.05,1.18,9.17,0.844,0.9416905641555786,0.0,0.012605919502675533,1.0,1.0,7.4,0.30600000000000005,True,True,False
25.93652606010437,forward_015,5.93652606010437,0.15,0.0,0.0,-0.5443245604657315,-0.06217735460229799,-0.16471544815696484,-1.05,1.18,9.17,1.151,0.9062474370002747,0.0,0.021355723962187767,1.0,1.0,7.3,0.504,True,True,False
25.956897497177124,forward_015,5.956897497177124,0.15,0.0,0.0,-0.43196898986859655,0.23889194136672387,0.40906154343617096,-1.05,1.18,9.17,0.767,0.8244348764419556,0.0,0.033508848398923874,1.0,1.0,7.3,0.504,True,True,False
25.97727131843567,forward_015,5.977271318435669,0.15,0.0,0.0,-0.28688849579656794,0.3294308963139297,1.4475324483727972,-2.5300000000000002,-1.31,9.22,0.9970000000000001,0.6837673783302307,0.0,0.018978632986545563,1.0,1.0,7.3,0.504,True,True,False
25.997752904891968,forward_015,5.997752904891968,0.15,0.0,0.0,-0.33597588100890846,0.21598449493429828,1.215185491701052,1.19,-1.12,8.56,0.767,0.6826239824295044,0.0,0.03207184374332428,1.0,1.0,7.3,0.504,True,True,False
26.018122673034668,forward_015,6.018122673034668,0.15,0.0,0.0,-0.09708393964218458,-0.17671458676442586,0.5366887449882564,1.8800000000000001,-0.52,8.15,0.614,0.7565036416053772,0.0,0.03104589134454727,0.0,1.0,7.3,0.504,True,True,False
26.038498878479004,forward_015,6.038498878479004,0.15,0.0,0.0,-0.13308135546456762,-0.3043417883165112,0.2454369260617026,1.8800000000000001,-0.52,8.15,0.384,0.7725319862365723,0.0,0.043700383976101875,0.0,1.0,7.3,0.504,True,True,False
26.0588800907135,forward_015,6.058880090713501,0.15,0.0,0.0,-0.18980455615438332,-0.12980886311707826,-0.22362031041177347,-3.43,-0.51,8.25,0.384,0.8412014245986938,0.0,0.06121384724974632,0.0,1.0,7.3,0.504,True,True,False
26.079408407211304,forward_015,6.079408407211304,0.15,0.0,0.0,-0.04036073895236887,-0.2279836335417593,-0.6806784082777885,-2.0,-3.0300000000000002,7.9,0.767,0.7635565996170044,0.0,0.049625955522060394,1.0,1.0,7.3,0.504,True,True,False
26.099791526794434,forward_015,6.099791526794434,0.15,0.0,0.0,0.272707695624114,-0.06654067773228381,-0.3687008044838021,-1.07,-2.11,8.78,1.074,0.6076881885528564,0.0,0.03384355455636978,1.0,1.0,7.3,0.504,True,True,False
26.120322704315186,forward_015,6.1203227043151855,0.15,0.0,0.0,0.27707101875409984,-0.2007128639793479,-0.2650718801466388,-0.27,-4.03,8.25,1.458,0.7402633428573608,0.0,0.03910434771387372,1.0,1.0,7.3,0.504,True,True,False
26.140708208084106,forward_015,6.1407082080841064,0.15,0.0,0.0,0.3817907738737596,-0.25416357232167425,-0.031634092692397225,-0.96,-2.4,8.72,1.304,0.8469140529632568,0.0,0.024139447137713432,1.0,1.0,7.3,0.5770000000000001,True,True,False
26.161077737808228,forward_015,6.1610777378082275,0.15,0.0,0.0,0.6588617926278594,-0.29561514205653955,-0.08726646259971647,-0.61,-0.14,9.75,0.9210000000000002,0.8960050344467163,0.0,0.02282884530723095,1.0,1.0,7.3,0.5770000000000001,True,True,False
26.18145489692688,forward_015,6.18145489692688,0.15,0.0,0.0,0.6763150851478027,-0.09490227807719166,-0.4166973589136462,-0.76,0.46,9.58,0.9210000000000002,0.9097925424575806,0.0,0.01892193965613842,1.0,1.0,7.3,0.5770000000000001,True,True,False
26.201822519302368,forward_015,6.201822519302368,0.15,0.0,0.0,0.48651052899341934,0.16907877128695067,-0.6643159465403417,-0.76,0.46,9.58,0.844,0.917810320854187,0.0,0.019072205293923616,1.0,1.0,7.3,0.5770000000000001,True,True,False
26.22221088409424,forward_015,6.222210884094238,0.15,0.0,0.0,0.21162117180431245,-0.05126904677733343,-1.0591966898040588,-0.76,0.46,9.58,0.844,0.9535220265388489,0.07142857142857142,0.022062618052586913,1.0,1.0,7.3,0.5770000000000001,True,True,False
26.242695331573486,forward_015,6.242695331573486,0.15,0.0,0.0,0.16689710972195776,0.031634092692397225,-1.2904528156933075,-0.76,0.46,9.58,0.844,0.9537161588668823,0.07142857142857142,0.013683594763278961,1.0,1.0,7.3,0.5770000000000001,True,True,False
26.26306915283203,forward_015,6.263069152832031,0.15,0.0,0.0,0.05781403147231216,0.10144726277217041,-1.0591966898040588,-0.9500000000000001,0.29,7.87,0.844,0.8991683721542358,0.0,0.02420312538743019,1.0,1.0,7.3,0.5770000000000001,True,True,False
26.283452033996582,forward_015,6.283452033996582,0.15,0.0,0.0,0.13308135546456762,-0.11999138607461016,-0.6174102228929941,-0.9500000000000001,0.29,7.87,0.767,0.7762272953987122,0.0,0.02050316147506237,1.0,1.0,7.3,0.5770000000000001,True,True,False
26.303842067718506,forward_015,6.303842067718506,0.15,0.0,0.0,0.1810779098944117,0.009817477042468103,-0.011999138607461015,0.08,-0.93,9.48,0.614,0.7975828647613525,0.0,0.028092898428440094,1.0,1.0,7.3,0.5770000000000001,True,True,False
26.324369192123413,forward_015,6.324369192123413,0.15,0.0,0.0,0.011999138607461015,-0.08290313946973066,0.5126904677733343,-0.43,-0.45,7.8100000000000005,0.6899999999999998,0.8674998879432678,0.0,0.04183746315538883,1.0,1.0,7.3,0.5770000000000001,True,True,False
26.344743013381958,forward_015,6.344743013381958,0.15,0.0,0.0,-0.12980886311707826,-0.06435901616729091,0.7690357016600015,-0.62,0.23,7.890000000000001,0.537,0.9078354239463806,0.0,0.051317183300852776,1.0,1.0,7.3,0.641,True,True,False
26.365113973617554,forward_015,6.365113973617554,0.15,0.0,0.0,-0.11999138607461016,0.017453292519943295,0.9413869652944415,-1.42,1.0,9.44,0.46,0.7032817006111145,0.0,0.04518898203969002,1.0,1.0,7.3,0.641,True,True,False
26.385498762130737,forward_015,6.385498762130737,0.15,0.0,0.0,-0.24107360293171676,0.12435470920459599,0.5388704065532492,-1.74,1.09,9.02,0.9970000000000001,0.7505248785018921,0.0,0.049092456698417664,1.0,1.0,7.3,0.641,True,True,False
26.40587830543518,forward_015,6.405878305435181,0.15,0.0,0.0,-0.23452861823673804,0.10690141668465268,0.16689710972195776,-0.87,1.45,9.05,1.304,0.7218852639198303,0.0,0.04402247443795204,1.0,1.0,7.3,0.641,True,True,False
26.42627477645874,forward_015,6.42627477645874,0.15,0.0,0.0,-0.2716168648416175,-0.04799655442984406,-0.13744467859455345,-0.39,0.99,8.02,1.458,0.845349907875061,0.0,0.05438342038542032,1.0,1.0,7.3,0.641,True,True,False
26.44663953781128,forward_015,6.446639537811279,0.15,0.0,0.0,-0.4908738521234052,-0.028361600344907856,-0.4363323129985824,-0.78,0.8200000000000001,8.88,1.074,0.9049696922302246,0.0,0.03025553748011589,1.0,1.0,7.3,0.641,True,True,False
26.46701693534851,forward_015,6.467016935348511,0.15,0.0,0.0,-0.6566801310628665,0.055632369907319255,-0.358883327441334,-0.74,0.61,8.870000000000001,0.844,0.9283236265182495,0.0,0.014485814608633518,1.0,1.0,7.3,0.641,True,True,False
26.48740792274475,forward_015,6.487407922744751,0.15,0.0,0.0,-0.5050546522958591,0.061086523819801536,0.20180369476184434,-0.74,0.61,8.870000000000001,1.151,0.8946488499641418,0.0,0.032150150975212455,1.0,1.0,7.3,0.641,True,True,False
26.507890224456787,forward_015,6.507890224456787,0.15,0.0,0.0,-0.3294308963139297,0.30870511144649704,0.9173886880795195,-0.74,0.61,8.870000000000001,1.074,0.7790443897247314,0.0,0.022842889884486794,1.0,1.0,7.3,0.641,True,True,False
26.528356313705444,forward_015,6.528356313705444,0.15,0.0,0.0,-0.2977968036215325,0.3567016658763411,1.413716694115407,-2.56,-2.46,9.44,1.074,0.7464778423309326,0.0,0.02937787026166916,0.0,1.0,7.3,0.641,True,True,False
26.548752784729004,forward_015,6.548752784729004,0.15,0.0,0.0,-0.16798794050445423,0.13744467859455345,1.0428342280666119,-2.56,-2.46,9.44,0.767,0.7162795066833496,0.0,0.03708301670849323,1.0,1.0,7.3,0.52,True,True,False
26.569897174835205,forward_015,6.569897174835205,0.15,0.0,0.0,-0.032724923474893676,0.0,0.39924406639370286,2.79,-0.9,6.59,0.46,0.6717079877853394,0.0,0.03825977258384228,1.0,1.0,7.3,0.52,True,True,False
26.590284824371338,forward_015,6.590284824371338,0.15,0.0,0.0,-0.055632369907319255,-0.2683443724941282,0.14180800172453928,2.79,-0.9,6.59,0.384,0.7060620784759521,0.0,0.0447631161659956,1.0,1.0,7.3,0.52,True,True,False
26.610864400863647,forward_015,6.6108644008636475,0.15,0.0,0.0,-0.011999138607461015,0.10471975511965978,-0.35452000431134817,-3.69,-0.08,7.43,0.46,0.6921753287315369,0.0,0.05033903196454048,1.0,1.0,7.3,0.52,True,True,False
26.631248950958252,forward_015,6.631248950958252,0.15,0.0,0.0,0.14944381720201447,-0.1189005552921137,-0.5421428989007386,-1.1500000000000001,-2.16,7.53,0.844,0.708679735660553,0.0,0.032394798705354326,0.0,1.0,7.3,0.52,True,True,False
26.65174126625061,forward_015,6.65174126625061,0.15,0.0,0.0,0.19744037163185854,0.04145156973486533,-0.4188790204786391,-0.84,-2.0,8.76,1.227,0.6152724623680115,0.0,0.028584834188222885,0.0,1.0,7.3,0.52,True,True,False
26.672128915786743,forward_015,6.672128915786743,0.15,0.0,0.0,0.19962203319685143,-0.12217304763960307,-0.18544123302439752,-1.52,-3.24,8.540000000000001,1.6110000000000002,0.7054469585418701,0.0,0.04240419465349987,0.0,1.0,7.3,0.52,True,True,False
26.692612171173096,forward_015,6.692612171173096,0.15,0.0,0.0,0.2912518189265537,-0.136353847812057,0.04690572364734761,-1.25,-1.6,7.76,1.304,0.7956601977348328,0.0,0.03604293614625931,1.0,1.0,7.3,0.52,True,True,False
26.713000059127808,forward_015,6.713000059127808,0.15,0.0,0.0,0.607592745850526,-0.3043417883165112,-0.1461713248545251,-0.53,-1.5,8.43,0.9970000000000001,0.8865110278129578,0.0,0.023952243849635124,1.0,1.0,7.3,0.52,True,True,False
26.733378410339355,forward_015,6.7333784103393555,0.15,0.0,0.0,0.7810348402674625,-0.044724062082354694,-0.32179508083645453,-0.53,-1.5,8.43,1.074,0.8940544128417969,0.0,0.020856887102127075,1.0,1.0,7.3,0.52,True,True,False
26.753859996795654,forward_015,6.753859996795654,0.15,0.0,0.0,0.6305001922829515,-0.07744898555724837,-0.7690357016600015,-0.53,-1.5,8.43,0.9210000000000002,0.9381961822509766,0.0,0.020308297127485275,1.0,1.0,7.3,0.7000000000000001,True,True,False
26.77423596382141,forward_015,6.774235963821411,0.15,0.0,0.0,0.35124751196385884,0.08617563181722002,-1.1791880758786688,-0.53,-1.5,8.43,0.9210000000000002,0.9481266140937805,0.0,0.01582815684378147,1.0,1.0,7.3,0.7000000000000001,True,True,False
26.79463815689087,forward_015,6.794638156890869,0.15,0.0,0.0,0.284706834231575,0.014180800172453928,-1.2260937995260166,-0.53,-1.5,8.43,0.9970000000000001,0.9510006904602051,0.07142857142857142,0.010847540572285652,1.0,1.0,7.3,0.7000000000000001,True,True,False
26.815020084381104,forward_015,6.8150200843811035,0.15,0.0,0.0,0.19853120241435498,-0.009817477042468103,-1.069014166846527,-0.42,0.34,8.23,1.074,0.9128122329711914,0.0,0.02355185430496931,1.0,1.0,7.3,0.7000000000000001,True,True,False
26.83539891242981,forward_015,6.83539891242981,0.15,0.0,0.0,0.16035212502697901,-0.13853550937704992,-0.6664976081053346,-0.42,0.34,8.23,0.767,0.8020258545875549,0.0,0.021656217984855175,1.0,1.0,7.3,0.7000000000000001,True,True,False
26.855773210525513,forward_015,6.855773210525513,0.15,0.0,0.0,0.2181661564992912,-0.05235987755982989,-0.032724923474893676,-0.13,-0.89,8.44,0.6899999999999998,0.796244204044342,0.0,0.03013237565755844,1.0,1.0,7.3,0.7000000000000001,True,True,False
26.876155614852905,forward_015,6.876155614852905,0.15,0.0,0.0,0.06981317007977318,-0.1341721862470641,0.507236313860852,-0.35000000000000003,-0.03,8.1,0.537,0.8706727027893066,0.0,0.03902683965861797,1.0,1.0,7.3,0.7000000000000001,True,True,False
26.89662528038025,forward_015,6.896625280380249,0.15,0.0,0.0,-0.0719948316447661,-0.136353847812057,0.6610434541928523,-0.26,0.54,8.0,0.46,0.8793380260467529,0.0,0.04707889724522829,1.0,1.0,7.3,0.7000000000000001,True,True,False
26.91699242591858,forward_015,6.916992425918579,0.15,0.0,0.0,-0.09926560120717749,0.05890486225480862,0.9032078879070655,-1.28,0.67,8.950000000000001,0.767,0.7413661479949951,0.0,0.04728117771446705,1.0,1.0,7.3,0.7000000000000001,True,True,False
26.93737292289734,forward_015,6.937372922897339,0.15,0.0,0.0,-0.19853120241435498,0.2596177262341565,0.7341291166201148,-1.11,1.07,9.3,1.151,0.7563561201095581,0.0,0.07161600701510906,1.0,1.0,7.3,0.7000000000000001,True,True,False
26.95774507522583,forward_015,6.95774507522583,0.15,0.0,0.0,-0.2596177262341565,0.20616701789183017,0.40578905108868163,-0.78,1.37,8.92,1.458,0.7166689038276672,0.0,0.0611839946359396,1.0,1.0,7.3,0.22799999999999998,True,True,False
26.978112936019897,forward_015,6.9781129360198975,0.15,0.0,0.0,-0.3196134192714616,0.1308996938995747,0.08944812416470939,-0.9,1.01,7.73,1.381,0.8336414098739624,0.0,0.04451717995107174,1.0,1.0,7.3,0.22799999999999998,True,True,False
26.99848461151123,forward_015,6.9984846115112305,0.15,0.0,0.0,-0.5683228376806536,0.017453292519943295,-0.32288591161895097,-1.41,0.92,8.49,0.844,0.9055086970329285,0.0,0.022980857640504837,1.0,1.0,7.3,0.22799999999999998,True,True,False
27.01886248588562,forward_015,7.01886248588562,0.15,0.0,0.0,-0.743946593662583,-0.001090830782496456,-0.32615840396644036,-1.24,0.52,8.290000000000001,1.227,0.9096963405609131,0.0,0.018042921205051243,1.0,1.0,7.3,0.22799999999999998,True,True,False
27.039233207702637,forward_015,7.039233207702637,0.15,0.0,0.0,-0.5792311455056182,0.04690572364734761,0.13962634015954636,-1.24,0.52,8.290000000000001,0.9210000000000002,0.8596668243408203,0.0,0.03059236891567707,1.0,1.0,7.3,0.22799999999999998,True,True,False
27.059603929519653,forward_015,7.059603929519653,0.15,0.0,0.0,-0.46142142099600086,0.30652344988150415,0.5268712679457882,-1.24,0.52,8.290000000000001,1.074,0.7795935273170471,0.0,0.022383294999599457,1.0,1.0,7.3,0.22799999999999998,True,True,False
27.07997727394104,forward_015,7.07997727394104,0.15,0.0,0.0,-0.32506757318394386,0.32506757318394386,1.437714971330329,-2.0300000000000002,-1.6500000000000001,9.59,0.9970000000000001,0.6813076138496399,0.0,0.011794306337833405,1.0,1.0,7.3,0.22799999999999998,True,True,False
27.100431442260742,forward_015,7.100431442260742,0.15,0.0,0.0,-0.19962203319685143,0.15271630954950383,1.0701049976290233,1.6400000000000001,0.09,9.35,0.6899999999999998,0.6563217639923096,0.0,0.03488887473940849,1.0,1.0,7.3,0.22799999999999998,True,True,False
27.12088966369629,forward_015,7.120889663696289,0.15,0.0,0.0,-0.11453723216212788,0.02945243112740431,0.6664976081053346,1.4000000000000001,-0.46,6.3500000000000005,0.307,0.6909651160240173,0.0,0.026563676074147224,1.0,1.0,7.3,0.22799999999999998,True,True,False
27.141271114349365,forward_015,7.141271114349365,0.15,0.0,0.0,-0.12435470920459599,-0.26616271092913524,0.3010692959690218,-1.51,-0.5700000000000001,9.52,0.384,0.7816206216812134,0.0,0.05182866379618645,1.0,1.0,7.3,0.22799999999999998,True,True,False
27.161749601364136,forward_015,7.161749601364136,0.15,0.0,0.0,-0.13962634015954636,-0.06217735460229799,-0.10690141668465268,-3.86,-0.7000000000000001,7.21,0.537,0.7500390410423279,0.0,0.0407096017152071,1.0,1.0,7.3,0.511,True,True,False
27.18215823173523,forward_015,7.1821582317352295,0.15,0.0,0.0,-0.037088246604879506,-0.17562375598192942,-0.5465062220307244,-1.44,-2.89,8.93,0.9970000000000001,0.7073520421981812,0.0,0.020770677365362644,1.0,1.0,7.3,0.511,True,True,False
27.202534437179565,forward_015,7.202534437179565,0.15,0.0,0.0,0.24216443371421323,0.028361600344907856,-0.25089107997418486,-0.88,-2.23,8.32,1.381,0.7371431589126587,0.0,0.031729403883218765,0.0,1.0,7.3,0.511,True,True,False
27.22299814224243,forward_015,7.222998142242432,0.15,0.0,0.0,0.2399827721492203,-0.044724062082354694,-0.22580197197676638,-0.29,-2.14,9.16,1.458,0.7718477249145508,0.0,0.022480640560388565,0.0,1.0,7.3,0.511,True,True,False
27.243427276611328,forward_015,7.243427276611328,0.15,0.0,0.0,0.29561514205653955,-0.25089107997418486,-0.20289452554434081,-0.5,-2.21,9.02,1.304,0.8207770586013794,0.0,0.04972720146179199,1.0,1.0,7.3,0.511,True,True,False
27.263877630233765,forward_015,7.263877630233765,0.15,0.0,0.0,0.5519603759432067,-0.29888763440402893,-0.22907446432425577,-1.61,-1.11,9.44,1.074,0.9114426374435425,0.0,0.024807853158563375,1.0,1.0,7.3,0.511,True,True,False
27.28435492515564,forward_015,7.28435492515564,0.15,0.0,0.0,0.8072147790473774,-0.2007128639793479,-0.37088246604879505,-1.49,0.08,9.790000000000001,0.767,0.917617678642273,0.0,0.019256744533777237,1.0,1.0,7.3,0.511,True,True,False
27.30473518371582,forward_015,7.30473518371582,0.15,0.0,0.0,0.8017606251348951,-0.061086523819801536,-0.8770279491271507,-1.49,0.08,9.790000000000001,0.9970000000000001,0.9329317212104797,0.0,0.02025558752939105,1.0,1.0,7.3,0.511,True,True,False
27.325122833251953,forward_015,7.325122833251953,0.15,0.0,0.0,0.43524148221608594,0.039269908169872414,-1.213003830136059,-1.49,0.08,9.790000000000001,0.844,0.948218822479248,0.0,0.016209620982408524,1.0,1.0,7.3,0.511,True,True,False
27.3455011844635,forward_015,7.345501184463501,0.15,0.0,0.0,0.24107360293171676,0.007635815477475192,-1.0275625971116615,0.9500000000000001,3.34,9.03,0.9210000000000002,0.9470043182373047,0.0,0.019041445688344538,1.0,1.0,7.3,0.511,True,True,False
27.36586594581604,forward_015,7.36586594581604,0.15,0.0,0.0,0.22580197197676638,-0.032724923474893676,-1.0373800741541297,-0.87,-0.6,8.540000000000001,1.074,0.915744960308075,0.0,0.02034585177898407,1.0,1.0,7.3,0.259,True,True,False
27.386279582977295,forward_015,7.386279582977295,0.15,0.0,0.0,0.09708393964218458,-0.05890486225480862,-0.6741334235828098,-0.87,-0.6,8.540000000000001,0.9210000000000002,0.7692939639091492,0.0,0.020415082573890686,1.0,1.0,7.3,0.259,True,True,False
27.40664529800415,forward_015,7.40664529800415,0.15,0.0,0.0,0.18544123302439752,-0.03599741582238305,0.24107360293171676,0.03,-0.5,7.83,0.614,0.8002227544784546,0.0,0.03214884549379349,1.0,1.0,7.3,0.259,True,True,False
27.427225351333618,forward_015,7.427225351333618,0.15,0.0,0.0,0.05345070834232634,-0.11017390903214205,0.6850417314077744,-0.27,0.03,8.53,0.46,0.8849446773529053,0.0,0.03276951424777508,1.0,1.0,7.3,0.259,True,True,False
27.447715044021606,forward_015,7.4477150440216064,0.15,0.0,0.0,-0.06654067773228381,-0.1636246173744684,0.7090400086226963,-0.41000000000000003,0.31,7.95,0.384,0.8854334950447083,0.0,0.04935813369229436,1.0,1.0,7.3,0.259,True,True,False
27.468178510665894,forward_015,7.4681785106658936,0.15,0.0,0.0,-0.15489797111449674,0.08944812416470939,1.0068368122442288,-1.6300000000000001,1.7,8.52,0.614,0.7424309253692627,0.0,0.0428154394030571,1.0,1.0,7.3,0.259,True,True,False
27.4885470867157,forward_015,7.488547086715698,0.15,0.0,0.0,-0.2399827721492203,0.18544123302439752,0.607592745850526,-1.56,1.31,8.83,0.9210000000000002,0.758643627166748,0.0,0.07709474116563797,1.0,1.0,7.3,0.259,True,True,False
27.509010314941406,forward_015,7.509010314941406,0.15,0.0,0.0,-0.22471114119426994,0.15489797111449674,0.20507618710933373,-0.61,1.02,9.21,1.304,0.7452760338783264,0.0,0.06558527611196041,1.0,1.0,7.3,0.259,True,True,False
27.52939248085022,forward_015,7.52939248085022,0.15,0.0,0.0,-0.27598018797160334,0.10690141668465268,-0.050178215994836975,-0.15,0.7000000000000001,8.0,1.304,0.8185269236564636,0.0,0.043497902341187,1.0,1.0,7.3,0.259,True,True,False
27.549817323684692,forward_015,7.549817323684692,0.15,0.0,0.0,-0.48323803664593,-0.011999138607461015,-0.3119776037939864,-0.9500000000000001,0.7000000000000001,8.35,0.384,0.9132545590400696,0.0,0.02205771580338478,1.0,1.0,7.3,0.259,True,True,False
27.57030200958252,forward_015,7.5703020095825195,0.15,0.0,0.0,-0.6915867161027531,-0.002181661564992912,-0.38942658935123475,-0.9500000000000001,0.78,9.02,0.844,0.9235013723373413,0.0,0.016168494010344148,1.0,1.0,7.2,0.654,True,True,False
27.59089946746826,forward_015,7.590899467468262,0.15,0.0,0.0,-0.6654067773228381,-0.026179938779914945,-0.06435901616729091,-0.9500000000000001,0.78,9.02,1.381,0.879577100276947,0.0,0.027107366360723972,1.0,1.0,7.2,0.654,True,True,False
27.611281633377075,forward_015,7.611281633377075,0.15,0.0,0.0,-0.5181446216858165,0.4537856055185257,0.6206827152404835,-2.75,-2.4,9.36,0.9210000000000002,0.7624949812889099,0.0,0.029057837091386318,1.0,1.0,7.2,0.654,True,True,False
27.631711959838867,forward_015,7.631711959838867,0.15,0.0,0.0,-0.3839724354387525,0.41996985126113556,1.4169891864628963,2.49,0.52,9.63,0.844,0.7524374127388,0.0,0.03946354053914547,0.0,1.0,7.2,0.654,True,True,False
27.652148485183716,forward_015,7.652148485183716,0.15,0.0,0.0,-0.22143864884678055,0.22252947962927702,1.3897184169004848,1.92,0.21,8.540000000000001,0.6899999999999998,0.6577208638191223,0.0,0.023216314613819122,1.0,1.0,7.2,0.654,True,True,False
27.672513961791992,forward_015,7.672513961791992,0.15,0.0,0.0,-0.03599741582238305,0.02945243112740431,0.6861325621902709,-1.17,-0.18,9.13,0.384,0.6867746114730835,0.0,0.042840901762247086,0.0,1.0,7.2,0.654,True,True,False
27.692888736724854,forward_015,7.6928887367248535,0.15,0.0,0.0,-0.09708393964218458,-0.284706834231575,0.3436116964863836,-1.17,-0.18,9.13,0.23,0.7170692682266235,0.0,0.04964020475745201,0.0,1.0,7.2,0.654,True,True,False
27.71327781677246,forward_015,7.713277816772461,0.15,0.0,0.0,-0.09272061651219876,0.030543261909900768,-0.25089107997418486,-3.27,-2.75,6.140000000000001,0.537,0.725016176700592,0.0,0.044494472444057465,1.0,1.0,7.2,0.654,True,True,False
27.733647108078003,forward_015,7.733647108078003,0.15,0.0,0.0,0.11999138607461016,0.15162547876700738,-0.5421428989007386,-0.9400000000000001,-1.75,8.42,0.9210000000000002,0.7104648351669312,0.0,0.024428650736808777,1.0,1.0,7.2,0.654,True,True,False
27.754021883010864,forward_015,7.754021883010864,0.15,0.0,0.0,0.33488505022641196,-0.15271630954950383,-0.48978302134090873,-0.75,-2.58,9.17,1.304,0.649429202079773,0.0,0.024427618831396103,1.0,1.0,7.2,0.654,True,True,False
27.774384260177612,forward_015,7.774384260177612,0.15,0.0,0.0,0.30870511144649704,0.07308566242726255,-0.4177881896961426,-1.2,-3.0,8.65,1.534,0.717652440071106,0.0,0.03234264432103373,1.0,1.0,7.4,0.298,True,True,False
27.794755697250366,forward_015,7.794755697250366,0.15,0.0,0.0,0.26725354171163174,-0.24870941840919197,-0.08835729338221293,-1.2,-3.0,8.65,1.304,0.8427935242652893,0.0,0.03852021507918835,1.0,1.0,7.4,0.298,True,True,False
27.815239191055298,forward_015,7.815239191055298,0.15,0.0,0.0,0.4166973589136462,-0.2596177262341565,-0.16471544815696484,-1.9000000000000001,0.13,9.540000000000001,0.767,0.9124816656112671,0.0,0.023334763944149017,1.0,1.0,7.4,0.298,True,True,False
27.835726261138916,forward_015,7.835726261138916,0.15,0.0,0.0,0.6490443155853913,-0.22689280275926285,-0.1908953869368798,-1.9000000000000001,0.13,9.540000000000001,0.844,0.9243363738059998,0.0,0.015385247766971588,1.0,1.0,7.4,0.298,True,True,False
27.856110334396362,forward_015,7.856110334396362,0.15,0.0,0.0,0.5890486225480862,-0.02399827721492203,-0.5770494839406252,-1.9000000000000001,0.13,9.540000000000001,0.767,0.9277552962303162,0.0,0.015978510782588273,1.0,1.0,7.4,0.298,True,True,False
27.87648868560791,forward_015,7.87648868560791,0.15,0.0,0.0,0.36106498900632694,0.04145156973486533,-0.8824821030396329,-1.9000000000000001,0.13,9.540000000000001,0.844,0.9388682842254639,0.0,0.020651526749134064,1.0,1.0,7.4,0.298,True,True,False
27.89695954322815,forward_015,7.896959543228149,0.15,0.0,0.0,0.2585268954516601,0.001090830782496456,-1.0275625971116615,0.39,1.8,9.27,0.844,0.9453837275505066,0.0,0.009931506589055061,1.0,1.0,7.4,0.298,True,True,False
27.91732668876648,forward_015,7.9173266887664795,0.15,0.0,0.0,0.1538071403320003,-0.05345070834232634,-0.980656873464314,-0.35000000000000003,0.08,8.3,0.9210000000000002,0.9257848858833313,0.0,0.021727812476456165,1.0,1.0,7.4,0.298,True,True,False
27.93775701522827,forward_015,7.9377570152282715,0.15,0.0,0.0,0.11017390903214205,-0.09381144729469522,-0.6610434541928523,-0.25,-0.18,9.51,0.844,0.8207824230194092,0.0,0.02113473368808627,1.0,1.0,7.4,0.298,True,True,False
27.958245515823364,forward_015,7.958245515823364,0.15,0.0,0.0,0.15926129424448257,0.003272492347489368,-0.19744037163185854,0.07,-0.48,9.49,0.537,0.7943535447120667,0.0,0.03056541085243225,1.0,1.0,7.4,0.298,True,True,False
27.97872805595398,forward_015,7.9787280559539795,0.15,0.0,0.0,0.08726646259971647,-0.11453723216212788,0.3010692959690218,-0.4,-0.27,8.21,0.537,0.8200365900993347,0.0,0.038918910548090935,1.0,1.0,7.3,0.538,True,True,False
27.99909019470215,forward_015,7.999090194702148,0.15,0.0,0.0,-0.0916297857297023,-0.0272707695624114,0.5465062220307244,-0.76,-0.43,7.3,0.537,0.8949365615844727,0.0,0.04385250620543957,1.0,1.0,7.3,0.538,True,True,False
28.01949429512024,forward_015,8.01949429512024,0.15,0.0,0.0,-0.10581058590215622,0.014180800172453928,0.8944812416470939,-1.49,0.38,8.8,0.537,0.7742370963096619,0.0,0.051980508491396904,1.0,1.0,7.3,0.538,True,True,False
28.03987717628479,forward_015,8.03987717628479,0.15,0.0,0.0,-0.18762289458939044,0.18435040224190105,0.6337726846304409,-1.73,0.49,9.35,1.074,0.7810710668563843,0.0,0.06451494805514812,1.0,1.0,7.3,0.538,True,True,False
28.06032919883728,forward_015,8.06032919883728,0.15,0.0,0.0,-0.19634954084936207,0.06435901616729091,0.35779249665883756,-0.65,0.67,9.790000000000001,1.151,0.7077780365943909,0.0,0.053847238421440125,1.0,1.0,7.3,0.538,True,True,False
28.080708265304565,forward_015,8.080708265304565,0.15,0.0,0.0,-0.22471114119426994,0.037088246604879506,0.1189005552921137,-0.76,0.45,7.45,1.458,0.8449520468711853,0.0,0.048890369944274426,1.0,1.0,7.3,0.538,True,True,False
28.10108971595764,forward_015,8.101089715957642,0.15,0.0,0.0,-0.3763366199612773,-0.17562375598192942,-0.21598449493429828,-0.9500000000000001,0.99,8.6,1.074,0.9283271431922913,0.0,0.021863092668354504,1.0,1.0,7.3,0.538,True,True,False
28.12146520614624,forward_015,8.12146520614624,0.15,0.0,0.0,-0.595593607243065,-0.11344640137963143,-0.4701480672559725,-1.16,0.09,8.81,0.767,0.9414497017860413,0.0,0.01791120646521449,1.0,1.0,7.3,0.538,True,True,False
28.141835689544678,forward_015,8.141835689544678,0.15,0.0,0.0,-0.6348635154129374,-0.20180369476184434,-0.1439896632895322,-1.16,0.09,8.81,1.227,0.9105252623558044,0.0,0.02098975796252489,1.0,1.0,7.3,0.538,True,True,False
28.162214756011963,forward_015,8.162214756011963,0.15,0.0,0.0,-0.45160394395353276,0.24216443371421323,0.433059820651093,-1.16,0.09,8.81,0.844,0.8160913586616516,0.0,0.03646790888160467,1.0,1.0,7.3,0.538,True,True,False
28.182588577270508,forward_015,8.182588577270508,0.15,0.0,0.0,-0.2792526803190927,0.30543261909900765,1.1322823522313212,-1.24,-1.6600000000000001,9.64,1.074,0.6944701671600342,0.0,0.01889710407704115,1.0,1.0,7.3,0.3950000000000001,True,True,False
28.20296049118042,forward_015,8.20296049118042,0.15,0.0,0.0,-0.20180369476184434,0.05235987755982989,1.3809917706405133,-1.24,-1.6600000000000001,9.64,0.9970000000000001,0.7123409509658813,0.0,0.01948722079396248,1.0,1.0,7.3,0.3950000000000001,True,True,False
28.22368597984314,forward_015,8.22368597984314,0.15,0.0,0.0,-0.08617563181722002,0.08944812416470939,0.657770961845363,1.68,-1.7,6.18,0.614,0.693734884262085,0.0,0.036557942628860474,1.0,1.0,7.3,0.3950000000000001,True,True,False
28.244076251983643,forward_015,8.244076251983643,0.15,0.0,0.0,-0.07526732399225546,-0.12217304763960307,0.3425208657038872,1.68,-1.7,6.18,0.384,0.7139857411384583,0.0,0.04475003853440285,1.0,1.0,7.3,0.3950000000000001,True,True,False
28.264458894729614,forward_015,8.264458894729614,0.15,0.0,0.0,-0.05345070834232634,-0.15707963267948966,-0.17453292519943295,1.68,-1.7,6.18,0.46,0.7401750683784485,0.0,0.04596056044101715,1.0,1.0,7.3,0.3950000000000001,True,True,False
28.284938097000122,forward_015,8.284938097000122,0.15,0.0,0.0,-0.018544123302439753,0.21380283336930536,-0.657770961845363,-3.02,-2.6,5.83,1.074,0.6911789178848267,0.0,0.03762296587228775,0.0,1.0,7.3,0.3950000000000001,True,True,False
28.305323123931885,forward_015,8.305323123931885,0.15,0.0,0.0,0.17998707911191522,-0.2301652951067522,-0.4166973589136462,-0.28,-2.27,9.620000000000001,1.458,0.6715757250785828,0.0,0.01971661893185228,0.0,1.0,7.3,0.3950000000000001,True,True,False
28.325698375701904,forward_015,8.325698375701904,0.15,0.0,0.0,0.22689280275926285,0.0818123086872342,-0.22907446432425577,-0.78,-3.06,7.74,1.458,0.7402727007865906,0.0,0.04165460076183081,0.0,1.0,7.3,0.3950000000000001,True,True,False
28.34608817100525,forward_015,8.346088171005249,0.15,0.0,0.0,0.21925698728178766,-0.20725784867432664,-0.007635815477475192,-1.06,-2.16,9.32,1.304,0.8087908029556274,0.0,0.036186520010232925,1.0,1.0,7.3,0.3950000000000001,True,True,False
28.366461992263794,forward_015,8.366461992263794,0.15,0.0,0.0,0.421060682043632,-0.24652775684419906,-0.004363323129985824,-1.68,-1.5,9.01,0.9210000000000002,0.8904272317886353,0.0,0.01973902666941285,1.0,1.0,7.3,0.3950000000000001,True,True,False
28.386861324310303,forward_015,8.386861324310303,0.15,0.0,0.0,0.6348635154129374,-0.14508049407202864,-0.22580197197676638,-1.79,-0.96,8.73,0.9970000000000001,0.9139090180397034,0.0,0.021740831434726715,1.0,1.0,7.3,0.7130000000000001,True,True,False
28.40722370147705,forward_015,8.40722370147705,0.15,0.0,0.0,0.7744898555724837,-0.1189005552921137,-0.48978302134090873,-1.79,-0.96,8.73,0.9970000000000001,0.9314121007919312,0.0,0.014772668480873108,1.0,1.0,7.3,0.7130000000000001,True,True,False
28.427571058273315,forward_015,8.427571058273315,0.15,0.0,0.0,0.46687557490848314,-0.04036073895236887,-0.9348419805994628,-1.79,-0.96,8.73,0.844,0.9449930191040039,0.0,0.020496786572039127,1.0,1.0,7.3,0.7130000000000001,True,True,False
28.44806146621704,forward_015,8.448061466217041,0.15,0.0,0.0,0.27379852640661045,0.032724923474893676,-1.0057459814617324,0.49,2.92,9.31,0.844,0.936578094959259,0.0,0.008330494165420532,1.0,1.0,7.3,0.7130000000000001,True,True,False
28.46850275993347,forward_015,8.468502759933472,0.15,0.0,0.0,0.22252947962927702,-0.04908738521234052,-1.0657416744990376,-0.03,0.29,8.72,0.9210000000000002,0.9214480519294739,0.0,0.019998697564005852,1.0,1.0,7.3,0.7130000000000001,True,True,False
28.488875150680542,forward_015,8.488875150680542,0.15,0.0,0.0,0.06872233929727672,-0.013089969389957472,-0.7101308394051928,-0.2,0.91,9.790000000000001,0.844,0.764244019985199,0.0,0.02289591683074832,1.0,1.0,7.3,0.7130000000000001,True,True,False
28.509244441986084,forward_015,8.509244441986084,0.15,0.0,0.0,0.09053895494720585,0.04908738521234052,-0.5312345910757741,-0.04,-0.7000000000000001,8.77,0.537,0.7655706405639648,0.0,0.02606266736984253,1.0,1.0,7.3,0.7130000000000001,True,True,False
28.52972412109375,forward_015,8.52972412109375,0.15,0.0,0.0,0.09926560120717749,-0.11235557059713497,0.32615840396644036,-0.08,-0.4,8.32,0.844,0.8236145377159119,0.0,0.035040371119976044,1.0,1.0,7.3,0.7130000000000001,True,True,False
28.550092458724976,forward_015,8.550092458724976,0.15,0.0,0.0,-0.025089107997418487,-0.015271630954950384,0.4908738521234052,-1.0,-0.15,6.98,0.537,0.8740010261535645,0.0,0.040646085515618324,1.0,1.0,7.3,0.7130000000000001,True,True,False
28.570478677749634,forward_015,8.570478677749634,0.15,0.0,0.0,-0.12544553998709243,-0.055632369907319255,0.8813912722571364,-0.35000000000000003,0.72,9.6,0.6899999999999998,0.7107391357421875,0.0,0.056573254987597466,1.0,1.0,7.3,0.7130000000000001,True,True,False
28.59085774421692,forward_015,8.590857744216919,0.15,0.0,0.0,-0.17562375598192942,0.17562375598192942,0.9392053037294485,-1.71,0.14,8.89,1.074,0.7850611805915833,0.0,0.037783327512443066,1.0,1.0,7.4,0.252,True,True,False
28.611474752426147,forward_015,8.611474752426147,0.15,0.0,0.0,-0.26616271092913524,0.0719948316447661,0.6261368691529657,-1.1400000000000001,0.67,9.120000000000001,1.381,0.7031376361846924,0.0,0.046971919015049934,1.0,1.0,7.4,0.252,True,True,False
28.631953716278076,forward_015,8.631953716278076,0.15,0.0,0.0,-0.3327033886614191,0.09926560120717749,0.2596177262341565,-1.17,0.65,8.35,1.381,0.8398519158363342,0.0,0.06691618822515011,1.0,1.0,7.4,0.252,True,True,False
28.652411937713623,forward_015,8.652411937713623,0.15,0.0,0.0,-0.4363323129985824,-0.04036073895236887,-0.019634954084936207,-0.88,0.89,8.21,0.9210000000000002,0.9262934327125549,0.0,0.023859690874814987,1.0,1.0,7.4,0.252,True,True,False
28.672788381576538,forward_015,8.672788381576538,0.15,0.0,0.0,-0.6206827152404835,0.014180800172453928,-0.2825251726665821,-0.87,0.8,7.640000000000001,1.227,0.9270301461219788,0.0,0.019378972705453634,1.0,1.0,7.4,0.252,True,True,False
28.693467378616333,forward_015,8.693467378616333,0.15,0.0,0.0,-0.6741334235828098,-0.16580627893946132,-0.136353847812057,-0.87,0.8,7.640000000000001,0.9970000000000001,0.9010032415390015,0.0,0.01602937001734972,1.0,1.0,7.4,0.252,True,True,False
28.713851928710938,forward_015,8.713851928710938,0.15,0.0,0.0,-0.5639595145506677,0.10362892433716332,0.41560652813114973,-0.87,0.8,7.640000000000001,0.9970000000000001,0.8185504674911499,0.0,0.029923872090876102,1.0,1.0,7.4,0.252,True,True,False
28.734228134155273,forward_015,8.734228134155273,0.15,0.0,0.0,-0.32070425005395803,0.37960911230876665,0.9588402578143848,-0.87,0.8,7.640000000000001,1.151,0.709264874458313,0.0,0.021161235868930817,1.0,1.0,7.4,0.252,True,True,False
28.75460696220398,forward_015,8.75460696220398,0.15,0.0,0.0,-0.1341721862470641,0.13526301702956053,1.0810133054539879,-0.87,0.8,7.640000000000001,0.9970000000000001,0.7198944091796875,0.0,0.0166376493871212,1.0,1.0,7.4,0.252,True,True,False
28.77509117126465,forward_015,8.775091171264648,0.15,0.0,0.0,-0.06763150851478027,-0.008726646259971648,0.43960480534607177,1.67,-2.99,6.87,0.614,0.6931021213531494,0.0,0.037361569702625275,1.0,1.0,7.4,0.252,True,True,False
28.795467615127563,forward_015,8.795467615127563,0.15,0.0,0.0,0.001090830782496456,-0.025089107997418487,0.2999784651865254,-0.56,-0.81,9.06,0.384,0.6919756531715393,0.0,0.033304547891020775,0.0,1.0,7.4,0.3680000000000001,True,True,False
28.815829753875732,forward_015,8.815829753875732,0.15,0.0,0.0,0.05126904677733343,-0.15707963267948966,-0.11671889372712078,-0.56,-0.81,9.06,0.384,0.5573073029518127,0.0,0.048293327912688255,0.0,1.0,7.4,0.3680000000000001,True,True,False
28.836311101913452,forward_015,8.836311101913452,0.15,0.0,0.0,0.07744898555724837,0.07417649320975901,-0.4625122517784973,-1.34,-1.36,7.48,0.767,0.6125487685203552,0.0,0.0346493823453784,0.0,1.0,7.4,0.3680000000000001,True,True,False
28.85670304298401,forward_015,8.856703042984009,0.15,0.0,0.0,0.13853550937704992,0.019634954084936207,-0.36106498900632694,-0.64,-3.16,8.69,1.074,0.5171043276786804,0.0,0.02613728679716587,0.0,1.0,7.4,0.3680000000000001,True,True,False
28.87708616256714,forward_015,8.877086162567139,0.15,0.0,0.0,0.17998707911191522,0.04036073895236887,-0.23452861823673804,-1.48,-3.09,8.45,1.381,0.6638513803482056,0.0,0.04139044973999262,1.0,1.0,7.4,0.3680000000000001,True,True,False
28.897456884384155,forward_015,8.897456884384155,0.15,0.0,0.0,0.32615840396644036,-0.0719948316447661,0.11017390903214205,-0.84,-1.74,8.85,1.381,0.7422494888305664,0.0,0.02595551311969757,1.0,1.0,7.4,0.3680000000000001,True,True,False
28.917829036712646,forward_015,8.917829036712646,0.15,0.0,0.0,0.4657847441259867,-0.16471544815696484,0.07635815477475191,-1.55,-0.52,8.85,0.9970000000000001,0.8654302954673767,0.0,0.018163984641432762,1.0,1.0,7.4,0.3680000000000001,True,True,False
28.938220262527466,forward_015,8.938220262527466,0.15,0.0,0.0,0.5617778529856748,-0.06981317007977318,-0.20289452554434081,-1.55,-0.52,8.85,0.9210000000000002,0.9100781679153442,0.0,0.023414887487888336,1.0,1.0,7.4,0.3680000000000001,True,True,False
28.958616018295288,forward_015,8.958616018295288,0.15,0.0,0.0,0.5912302841130791,-0.002181661564992912,-0.5225079448158024,-1.55,-0.52,8.85,0.767,0.9260291457176208,0.0,0.014687761664390564,1.0,1.0,7.4,0.3680000000000001,True,True,False
28.979005575180054,forward_015,8.979005575180054,0.15,0.0,0.0,0.45487643630102215,0.11235557059713497,-0.806123948264881,-1.55,-0.52,8.85,0.614,0.9372004270553589,0.0,0.019814394414424896,1.0,1.0,7.4,0.3680000000000001,True,True,False
28.999488353729248,forward_015,8.999488353729248,0.15,0.0,0.0,0.2792526803190927,0.003272492347489368,-1.064650843716541,-0.1,2.2,9.0,0.844,0.9394375085830688,0.0,0.011841818690299986,1.0,1.0,7.3,0.6020000000000001,True,True,False
29.01985263824463,forward_015,9.019852638244629,0.15,0.0,0.0,0.19198621771937624,-0.003272492347489368,-1.0471975511965976,-0.3,0.05,8.76,0.844,0.9116941094398499,0.0,0.020063918083906174,1.0,1.0,7.3,0.6020000000000001,True,True,False
29.0402934551239,forward_015,9.040293455123901,0.15,0.0,0.0,0.11562806294462433,0.028361600344907856,-0.6490443155853913,-0.02,0.9500000000000001,9.790000000000001,0.767,0.7504541873931885,0.0,0.024051038548350334,1.0,1.0,7.3,0.6020000000000001,True,True,False
29.06067156791687,forward_015,9.06067156791687,0.15,0.0,0.0,0.12217304763960307,0.07308566242726255,-0.2923426497090502,-0.3,-0.6900000000000001,8.69,0.537,0.7622711062431335,0.0,0.031004268676042557,1.0,1.0,7.3,0.6020000000000001,True,True,False
29.081053256988525,forward_015,9.081053256988525,0.15,0.0,0.0,0.05345070834232634,-0.07308566242726255,0.1712604328519436,0.06,-0.76,9.09,0.767,0.7711418271064758,0.0,0.03554007038474083,1.0,1.0,7.3,0.6020000000000001,True,True,False
29.101431846618652,forward_015,9.101431846618652,0.15,0.0,0.0,-0.1265363707695889,-0.05235987755982989,0.5628686837681712,-0.8,0.07,7.37,0.537,0.8825446367263794,0.0,0.04686148278415203,1.0,1.0,7.3,0.6020000000000001,True,True,False
29.1218523979187,forward_015,9.121852397918701,0.15,0.0,0.0,-0.11671889372712078,-0.05126904677733343,0.8235772407848243,-0.55,-0.65,8.5,0.614,0.7881131768226624,0.0,0.060736849904060364,1.0,1.0,7.3,0.6020000000000001,True,True,False
29.142231464385986,forward_015,9.142231464385986,0.15,0.0,0.0,-0.17562375598192942,0.18216874067690814,0.7995789635699022,-2.11,-0.1,9.14,0.9970000000000001,0.7944133877754211,0.0,0.04888284578919411,1.0,1.0,7.3,0.6020000000000001,True,True,False
29.162601709365845,forward_015,9.162601709365845,0.15,0.0,0.0,-0.2181661564992912,0.13199052468207118,0.49960049838337683,-2.11,-0.1,9.14,0.9970000000000001,0.6991739869117737,0.0,0.04193372279405594,1.0,1.0,7.3,0.6020000000000001,True,True,False
29.18298363685608,forward_015,9.182983636856079,0.15,0.0,0.0,-0.24434609527920614,0.08835729338221293,0.17998707911191522,-0.78,0.09,7.87,1.458,0.8444024920463562,0.0,0.07018799893558025,1.0,1.0,7.3,0.6020000000000001,True,True,False
29.20335578918457,forward_015,9.20335578918457,0.15,0.0,0.0,-0.33488505022641196,-0.02945243112740431,-0.061086523819801536,-0.87,0.53,6.44,1.304,0.9200043082237244,0.0,0.022483074804767966,1.0,1.0,7.2,1.1239999999999999,True,True,False
29.22371768951416,forward_015,9.22371768951416,0.15,0.0,0.0,-0.5988660995905544,-0.10144726277217041,-0.358883327441334,-1.18,0.37,9.22,0.6899999999999998,0.9465432167053223,0.0,0.02029067906551063,1.0,1.0,7.2,1.1239999999999999,True,True,False
29.244091272354126,forward_015,9.244091272354126,0.15,0.0,0.0,-0.7068583470577035,-0.16580627893946132,-0.07417649320975901,-1.18,0.37,9.22,1.227,0.9049341082572937,0.0,0.020893603563308716,1.0,1.0,7.2,1.1239999999999999,True,True,False
29.264479398727417,forward_015,9.264479398727417,0.15,0.0,0.0,-0.5214171140333059,0.2552544031041707,0.557414529855689,-2.9,-1.17,9.61,0.9210000000000002,0.769816517829895,0.0,0.03665528818964958,1.0,1.0,7.2,1.1239999999999999,True,True,False
29.284857273101807,forward_015,9.284857273101807,0.15,0.0,0.0,-0.3436116964863836,0.3337942194439155,1.1159198904938745,-2.35,-2.16,9.8,1.074,0.6788127422332764,0.0,0.01349425665102899,1.0,1.0,7.2,1.1239999999999999,True,True,False
29.305224418640137,forward_015,9.305224418640137,0.15,0.0,0.0,-0.27052603405912107,0.08726646259971647,1.2315479534384988,-2.35,-2.16,9.8,0.9210000000000002,0.7184146642684937,0.0,0.019187036901712418,1.0,1.0,7.2,1.1239999999999999,True,True,False
29.325599670410156,forward_015,9.325599670410156,0.15,0.0,0.0,-0.06872233929727672,0.04363323129985824,0.5606870222031783,1.6600000000000001,-1.35,4.55,0.537,0.7022401690483093,0.0,0.03982255421578884,1.0,1.0,7.2,1.1239999999999999,True,True,False
29.34596824645996,forward_015,9.345968246459961,0.15,0.0,0.0,-0.055632369907319255,-0.09926560120717749,0.2999784651865254,-0.47000000000000003,-0.68,7.09,0.46,0.7510682940483093,0.0,0.041307270526885986,1.0,1.0,7.2,1.1239999999999999,True,True,False
29.366350412368774,forward_015,9.366350412368774,0.15,0.0,0.0,-0.001090830782496456,-0.22252947962927702,-0.05235987755982989,-3.5300000000000002,-1.76,8.51,0.537,0.774285614490509,0.0,0.04198586754500866,0.0,1.0,7.2,1.1239999999999999,True,True,False
29.386724710464478,forward_015,9.386724710464478,0.15,0.0,0.0,-0.0272707695624114,-0.00545415391248228,-0.56941366846315,-0.9,-2.41,7.87,0.844,0.6275604367256165,0.0,0.028643622994422913,0.0,1.0,7.2,1.1239999999999999,True,True,False
29.407206296920776,forward_015,9.407206296920776,0.15,0.0,0.0,0.11344640137963143,-0.14508049407202864,-0.37088246604879505,-1.05,-2.36,8.040000000000001,1.151,0.6326323747634888,0.0,0.027128204703330994,0.0,1.0,7.3,0.30500000000000005,True,True,False
29.427645444869995,forward_015,9.427645444869995,0.15,0.0,0.0,0.15707963267948966,-0.04036073895236887,-0.14289883250703572,-1.6400000000000001,-2.13,8.63,1.458,0.7429965138435364,0.0,0.0382480388507247,0.0,1.0,7.3,0.30500000000000005,True,True,False
29.448023796081543,forward_015,9.448023796081543,0.15,0.0,0.0,0.24107360293171676,-0.26070855701665296,0.00545415391248228,-0.48,-1.55,8.94,1.381,0.8182918429374695,0.0,0.03888285532593727,1.0,1.0,7.3,0.30500000000000005,True,True,False
29.468467712402344,forward_015,9.468467712402344,0.15,0.0,0.0,0.49632800603588745,-0.272707695624114,-0.24107360293171676,-1.2,-1.48,9.03,1.151,0.8985552191734314,0.0,0.019856430124491453,1.0,1.0,7.3,0.30500000000000005,True,True,False
29.48884654045105,forward_015,9.48884654045105,0.15,0.0,0.0,0.7232208087951503,-0.17671458676442586,-0.37088246604879505,-1.2,-1.48,9.03,0.9210000000000002,0.9162569642066956,0.0,0.01712392084300518,1.0,1.0,7.3,0.30500000000000005,True,True,False
29.509317636489868,forward_015,9.509317636489868,0.15,0.0,0.0,0.6894050545377601,0.039269908169872414,-0.7363107781851078,-1.2,-1.48,9.03,0.9210000000000002,0.926303505897522,0.0,0.02068495750427246,1.0,1.0,7.3,0.30500000000000005,True,True,False
29.529698133468628,forward_015,9.529698133468628,0.15,0.0,0.0,0.3741549583962844,0.06326818538479445,-1.205368014658584,-1.2,-1.48,9.03,0.844,0.9484028816223145,0.0,0.017463596537709236,1.0,1.0,7.3,0.30500000000000005,True,True,False
29.55008101463318,forward_015,9.550081014633179,0.15,0.0,0.0,0.3436116964863836,0.04799655442984406,-1.1093749057988957,1.1300000000000001,2.5500000000000003,8.97,0.9970000000000001,0.9419487714767456,0.0,0.013754720333963633,1.0,1.0,7.3,0.30500000000000005,True,True,False
29.570457935333252,forward_015,9.570457935333252,0.15,0.0,0.0,0.2454369260617026,0.03381575425739013,-1.0471975511965976,-0.38,-0.11,8.26,0.9210000000000002,0.9079682230949402,0.0,0.022122662514448166,1.0,1.0,7.3,0.30500000000000005,True,True,False
29.590847492218018,forward_015,9.590847492218018,0.15,0.0,0.0,0.09708393964218458,0.022907446432425576,-0.8115781021773633,0.03,0.17,9.59,0.767,0.7762861251831055,0.0,0.02192094223573804,1.0,1.0,7.3,0.30500000000000005,True,True,False
29.611223220825195,forward_015,9.611223220825195,0.15,0.0,0.0,0.17016960206944712,-0.15271630954950383,-0.23889194136672387,0.0,-0.65,8.77,0.46,0.7979997992515564,0.0,0.018217027187347412,1.0,1.0,7.4,0.317,True,True,False
29.63224220275879,forward_015,9.632242202758789,0.15,0.0,0.0,0.05781403147231216,-0.13744467859455345,0.5628686837681712,-0.5,-0.28,7.67,0.537,0.8790002465248108,0.0,0.042220309376716614,1.0,1.0,7.4,0.317,True,True,False
29.65262007713318,forward_015,9.652620077133179,0.15,0.0,0.0,-0.14180800172453928,-0.17998707911191522,0.7210391472301574,-0.13,-0.65,8.22,0.537,0.909967303276062,0.0,0.05237561371177435,1.0,1.0,7.4,0.317,True,True,False
29.673054218292236,forward_015,9.673054218292236,0.15,0.0,0.0,-0.10581058590215622,0.04908738521234052,1.0112001353742146,-1.29,1.0,8.74,0.614,0.8012428879737854,0.0,0.04197884723544121,1.0,1.0,7.4,0.317,True,True,False
29.69351625442505,forward_015,9.693516254425049,0.15,0.0,0.0,-0.21162117180431245,0.18216874067690814,0.770126532442498,-1.47,1.34,9.3,1.074,0.7748425006866455,0.0,0.0682258140295744,1.0,1.0,7.4,0.317,True,True,False
29.713881731033325,forward_015,9.713881731033325,0.15,0.0,0.0,-0.2683443724941282,0.1930770485018727,0.4363323129985824,-0.43,1.1500000000000001,8.950000000000001,1.381,0.6967441439628601,0.0,0.059425048530101776,1.0,1.0,7.4,0.317,True,True,False
29.73427391052246,forward_015,9.734273910522461,0.15,0.0,0.0,-0.33488505022641196,0.15926129424448257,0.136353847812057,-0.73,0.81,8.06,1.458,0.8330888748168945,0.0,0.04565694462507963,1.0,1.0,7.4,0.317,True,True,False
29.754655599594116,forward_015,9.754655599594116,0.15,0.0,0.0,-0.4756022211684548,-0.04799655442984406,-0.10690141668465268,-0.9,1.07,9.14,1.074,0.9193586111068726,0.0,0.022427141666412354,1.0,1.0,7.4,0.317,True,True,False
29.77504253387451,forward_015,9.775042533874512,0.15,0.0,0.0,-0.7275841319251362,0.04581489286485115,-0.34797501961636945,-1.08,0.55,8.94,0.9970000000000001,0.9026049375534058,0.0,0.02063252218067646,1.0,1.0,7.4,0.317,True,True,False
29.79542565345764,forward_015,9.795425653457642,0.15,0.0,0.0,-0.7472190860100724,0.05890486225480862,-0.10144726277217041,-1.08,0.55,8.94,1.381,0.8592504858970642,0.0,0.024186630500480533,1.0,1.0,7.4,0.317,True,True,False
29.815880298614502,forward_015,9.815880298614502,0.15,0.0,0.0,-0.46796640569097964,0.28907015736156083,0.507236313860852,-1.08,0.55,8.94,1.074,0.7937992215156555,0.0,0.03048933786340058,1.0,1.0,7.3,0.4650000000000001,True,True,False
29.83625555038452,forward_015,9.836255550384521,0.15,0.0,0.0,-0.2628902185816459,0.5126904677733343,1.177006414313676,-1.08,0.55,8.94,1.074,0.6676663160324097,0.0,0.016392581164836884,1.0,1.0,7.3,0.4650000000000001,True,True,False
29.856733560562134,forward_015,9.856733560562134,0.15,0.0,0.0,-0.10799224746714914,0.1461713248545251,1.296997800388286,2.58,0.43,9.18,0.767,0.6370586156845093,0.0,0.03504915535449982,1.0,1.0,7.3,0.4650000000000001,True,True,False
29.877104997634888,forward_015,9.877104997634888,0.15,0.0,0.0,0.004363323129985824,0.11017390903214205,0.6392268385429232,1.02,-0.27,6.07,0.46,0.6883165240287781,0.0,0.02190612442791462,0.0,1.0,7.3,0.4650000000000001,True,True,False
29.89747190475464,forward_015,9.897471904754639,0.15,0.0,0.0,0.02181661564992912,-0.29670597283903605,0.37306412761378793,1.02,-0.27,6.07,0.307,0.7251734733581543,0.0,0.046278223395347595,0.0,1.0,7.3,0.4650000000000001,True,True,False
29.917864084243774,forward_015,9.917864084243774,0.15,0.0,0.0,-0.06872233929727672,0.06872233929727672,-0.21380283336930536,-2.7600000000000002,-2.22,6.86,0.46,0.684067964553833,0.0,0.05724767968058586,1.0,1.0,7.3,0.4650000000000001,True,True,False
29.93824005126953,forward_015,9.938240051269531,0.15,0.0,0.0,0.037088246604879506,-0.0719948316447661,-0.4734205596034619,-1.45,-2.44,8.96,0.767,0.7051505446434021,0.0,0.02085713017731905,1.0,1.0,7.3,0.4650000000000001,True,True,False
29.958617687225342,forward_015,9.958617687225342,0.15,0.0,0.0,0.20180369476184434,-0.002181661564992912,-0.34797501961636945,-1.36,-2.4,8.47,1.227,0.6954128742218018,0.0,0.028829487040638924,1.0,1.0,7.3,0.4650000000000001,True,True,False
29.978984594345093,forward_015,9.978984594345093,0.15,0.0,0.0,0.30325095753401476,-0.002181661564992912,-0.19416787928436915,-0.21,-3.16,9.31,1.458,0.7557215094566345,0.0,0.030122281634248793,1.0,1.0,7.3,0.4650000000000001,True,True,False
29.999366760253906,forward_015,9.999366760253906,0.15,0.0,0.0,0.27598018797160334,-0.21162117180431245,-0.032724923474893676,-1.34,-1.95,8.44,1.381,0.8481354713439941,0.0,0.03257315792143345,1.0,1.0,7.3,0.4650000000000001,True,True,False
30.019806385040283,stand_post,0.019806385040283203,0.0,0.0,0.0,0.4526947747360292,-0.29670597283903605,-0.04145156973486533,-1.8,-0.6,9.38,1.074,0.6612350344657898,0.0,0.05096404254436493,1.0,1.0,7.3,0.5900000000000001,True,True,False
30.04017400741577,stand_post,0.040174007415771484,0.0,0.0,0.0,0.7003133623627247,-0.2454369260617026,-0.28034351110158917,-1.8,-0.6,9.38,0.9210000000000002,0.7320091724395752,0.0,0.025512452237308025,1.0,1.0,7.3,0.5900000000000001,True,True,False
30.060554265975952,stand_post,0.06055426597595215,0.0,0.0,0.0,0.4821472058634335,0.07963064712224129,-0.8759371183446542,-1.8,-0.6,9.38,0.9210000000000002,0.7263999581336975,0.0,0.01926344260573387,1.0,1.0,7.3,0.5900000000000001,True,True,False
30.080934286117554,stand_post,0.08093428611755371,0.0,0.0,0.0,0.24870941840919197,-0.05672320068981571,-1.2948161388232933,-1.8,-0.6,9.38,0.537,0.7650687098503113,0.0,0.013768080621957779,1.0,1.0,7.3,0.5900000000000001,True,True,False
30.101303339004517,stand_post,0.1013033390045166,0.0,0.0,0.0,0.17235126363444003,0.07090400086226964,-1.3002702927357754,-0.35000000000000003,1.37,8.8,0.767,0.6520420908927917,0.0,0.020663954317569733,1.0,1.0,7.3,0.5900000000000001,True,True,False
30.121793746948242,stand_post,0.12179374694824219,0.0,0.0,0.0,0.07308566242726255,-0.12217304763960307,-0.9893835197242855,0.21,-0.92,7.9,0.767,0.6043323278427124,0.0,0.03996645286679268,1.0,1.0,7.3,0.5900000000000001,True,True,False
30.142176151275635,stand_post,0.14217615127563477,0.0,0.0,0.0,0.19962203319685143,-0.28907015736156083,-0.32070425005395803,0.21,-0.92,7.9,0.6899999999999998,0.6248170137405396,0.0,0.025767795741558075,1.0,1.0,7.3,0.5900000000000001,True,True,False
30.162549018859863,stand_post,0.16254901885986328,0.0,0.0,0.0,0.136353847812057,-0.11017390903214205,0.40906154343617096,-0.86,-1.59,9.15,0.537,0.7037174105644226,0.0,0.03673582896590233,1.0,1.0,7.3,0.5900000000000001,True,True,False
30.18293333053589,stand_post,0.18293333053588867,0.0,0.0,0.0,-0.038179077387375956,-0.12435470920459599,0.8672104720846825,-1.03,-0.3,7.63,0.614,0.8418785333633423,0.0,0.029413439333438873,1.0,1.0,7.3,0.5900000000000001,True,True,False
30.203304529190063,stand_post,0.20330452919006348,0.0,0.0,0.0,-0.19416787928436915,-0.050178215994836975,0.9446594576419308,-1.35,0.49,7.55,0.844,0.8927257061004639,0.0,0.020448901690542698,1.0,1.0,7.3,0.5900000000000001,True,True,False
30.2237811088562,stand_post,0.22378110885620117,0.0,0.0,0.0,-0.3370667117914049,0.136353847812057,0.856302164259718,-1.35,0.49,7.55,1.074,0.89174485206604,0.0,0.01732872612774372,1.0,1.0,7.4,0.31900000000000006,True,True,False
30.2441565990448,stand_post,0.2441565990447998,0.0,0.0,0.0,-0.5650503453331642,0.48105637508093707,0.5148721293383273,-0.9,1.4000000000000001,7.65,1.074,0.8161242008209229,0.0,0.02728753536939621,1.0,1.0,7.4,0.31900000000000006,True,True,False
30.26453423500061,stand_post,0.26453423500061035,0.0,0.0,0.0,-0.4821472058634335,0.1308996938995747,0.346884188833873,0.26,1.56,8.59,0.767,0.7541983127593994,0.0,0.026989035308361053,1.0,1.0,7.4,0.31900000000000006,True,True,False
30.284998416900635,stand_post,0.28499841690063477,0.0,0.0,0.0,-0.48432886742842646,0.037088246604879506,0.037088246604879506,-1.04,0.64,7.71,0.384,0.7867598533630371,0.0,0.025194693356752396,1.0,1.0,7.4,0.31900000000000006,True,True,False
30.305365562438965,stand_post,0.30536556243896484,0.0,0.0,0.0,-0.45814892864851153,-0.2399827721492203,-0.22907446432425577,-1.04,0.64,7.71,0.384,0.8209709525108337,0.0,0.02099662198452279,1.0,1.0,7.4,0.31900000000000006,True,True,False
30.32573390007019,stand_post,0.32573390007019043,0.0,0.0,0.0,-0.4341506514335895,-0.13962634015954636,-0.26070855701665296,-1.04,0.64,7.71,0.384,0.7941426038742065,0.0,0.01660262793302536,1.0,1.0,7.4,0.31900000000000006,True,True,False
30.346123933792114,stand_post,0.34612393379211426,0.0,0.0,0.0,-0.15817046346198613,-0.23889194136672387,-0.16035212502697901,-0.97,-1.78,9.06,0.537,0.7784751653671265,0.0,0.010364213841967285,1.0,1.0,7.4,0.31900000000000006,True,True,False
30.366491317749023,stand_post,0.36649131774902344,0.0,0.0,0.0,0.031634092692397225,-0.2814343418840856,-0.09599310885968812,-1.05,-1.93,8.81,0.614,0.764381468296051,0.0,0.010290352627635002,1.0,1.0,7.4,0.31900000000000006,True,True,False
30.386878728866577,stand_post,0.38687872886657715,0.0,0.0,0.0,0.015271630954950384,-0.32179508083645453,-0.06763150851478027,-1.05,-1.93,8.81,0.767,0.7388390302658081,0.0,0.012014606967568398,1.0,1.0,7.4,0.31900000000000006,True,True,False
30.407257080078125,stand_post,0.407257080078125,0.0,0.0,0.0,-0.025089107997418487,-0.25743606466916363,0.17889624832941878,-1.05,-1.93,8.81,0.614,0.7118543386459351,0.0,0.01685799239203334,1.0,1.0,7.4,0.31900000000000006,True,True,False
30.427817344665527,stand_post,0.42781734466552734,0.0,0.0,0.0,-0.00545415391248228,-0.17016960206944712,0.21707532571679475,0.08,0.72,8.57,0.384,0.7030895352363586,0.0,0.03367912024259567,1.0,1.0,7.3,0.343,True,True,False
30.44818115234375,stand_post,0.44818115234375,0.0,0.0,0.0,-0.04908738521234052,-0.13962634015954636,0.028361600344907856,0.14,0.76,9.31,0.23,0.7232280969619751,0.0,0.04859408736228943,1.0,1.0,7.3,0.343,True,True,False
30.468560457229614,stand_post,0.46856045722961426,0.0,0.0,0.0,-0.02399827721492203,-0.016362461737446838,-0.11999138607461016,0.11,0.02,8.65,0.307,0.8268036842346191,0.0,0.03168238326907158,1.0,1.0,7.3,0.343,True,True,False
30.488933324813843,stand_post,0.4889333248138428,0.0,0.0,0.0,-0.011999138607461015,-0.07526732399225546,-0.18653206380689397,0.11,0.02,8.65,0.6899999999999998,0.8649161458015442,0.0,0.013982005883008242,1.0,1.0,7.3,0.343,True,True,False
30.509304523468018,stand_post,0.5093045234680176,0.0,0.0,0.0,0.030543261909900768,0.04145156973486533,-0.25634523388666713,-0.23,-2.35,8.97,1.227,0.8458061218261719,0.0,0.01648763380944729,1.0,1.0,7.3,0.343,True,True,False
30.529670238494873,stand_post,0.529670238494873,0.0,0.0,0.0,0.21598449493429828,0.028361600344907856,-0.05126904677733343,0.5,-3.15,8.8,1.381,0.7988346219062805,0.0,0.037880901247262955,1.0,1.0,7.3,0.343,True,True,False
30.550063133239746,stand_post,0.5500631332397461,0.0,0.0,0.0,0.33161255787892263,-0.007635815477475192,0.21271200258680892,-0.11,-2.6,8.26,1.074,0.7855758666992188,0.0,0.05087520647794008,1.0,1.0,7.3,0.343,True,True,False
30.570468187332153,stand_post,0.5704681873321533,0.0,0.0,0.0,0.5901394533305827,-0.030543261909900768,0.41233403578366035,-0.65,-2.58,9.57,0.537,0.7768903374671936,0.0,0.023733331821858883,1.0,1.0,7.3,0.343,True,True,False
30.590853214263916,stand_post,0.590853214263916,0.0,0.0,0.0,0.459239759431008,0.013089969389957472,0.38069994309126315,-0.68,-1.23,9.52,0.384,0.7701089382171631,0.0,0.01524673867970705,1.0,1.0,7.3,0.343,True,True,False
30.611337423324585,stand_post,0.611337423324585,0.0,0.0,0.0,0.3687008044838021,0.008726646259971648,0.24434609527920614,-0.68,-1.23,9.52,0.767,0.7429139614105225,0.0,0.00988578237593174,1.0,1.0,7.3,0.343,True,True,False
30.63180637359619,stand_post,0.6318063735961914,0.0,0.0,0.0,0.13526301702956053,0.05781403147231216,-0.09817477042468103,-0.68,-1.23,9.52,0.9970000000000001,0.7117922902107239,0.0,0.011004585772752758,1.0,1.0,7.3,0.278,True,True,False
30.652783393859863,stand_post,0.6527833938598633,0.0,0.0,0.0,0.1189005552921137,0.0719948316447661,-0.20943951023931956,-0.12,2.87,9.73,0.844,0.7548806071281433,0.0,0.010484619066119194,1.0,1.0,7.3,0.278,True,True,False
30.67316222190857,stand_post,0.6731622219085693,0.0,0.0,0.0,0.004363323129985824,0.2203478180642841,-0.5486878835957173,-0.8200000000000001,1.12,8.32,0.9210000000000002,0.773337185382843,0.0,0.016479499638080597,1.0,1.0,7.3,0.278,True,True,False
30.693527698516846,stand_post,0.6935276985168457,0.0,0.0,0.0,-0.05235987755982989,0.18216874067690814,-0.47778388273344774,-0.81,1.57,7.32,0.614,0.7196022272109985,0.0,0.009413514286279678,1.0,1.0,7.3,0.278,True,True,False
30.71389412879944,stand_post,0.7138941287994385,0.0,0.0,0.0,-0.03599741582238305,0.15707963267948966,-0.4177881896961426,-0.41000000000000003,0.34,9.05,0.307,0.6812947392463684,0.0,0.03077097423374653,1.0,1.0,7.3,0.278,True,True,False
30.734266996383667,stand_post,0.734266996383667,0.0,0.0,0.0,-0.14508049407202864,0.3239767424014474,-0.2923426497090502,-0.6,0.44,7.22,0.23,0.7586091756820679,0.0,0.02248837612569332,1.0,1.0,7.3,0.278,True,True,False
30.754648685455322,stand_post,0.7546486854553223,0.0,0.0,0.0,-0.17998707911191522,0.1810779098944117,-0.13199052468207118,-0.73,-1.1400000000000001,9.64,0.46,0.6869166493415833,0.0,0.04794859699904919,1.0,1.0,7.3,0.278,True,True,False
30.775020360946655,stand_post,0.7750203609466553,0.0,0.0,0.0,-0.18216874067690814,0.29888763440402893,0.14944381720201447,-1.1,-1.1400000000000001,8.44,0.614,0.7881847620010376,0.0,0.055081626400351524,1.0,1.0,7.3,0.278,True,True,False
30.795422077178955,stand_post,0.7954220771789551,0.0,0.0,0.0,-0.20943951023931956,0.04145156973486533,0.3981532356112064,-1.06,-1.23,9.03,0.6899999999999998,0.8129774332046509,0.0,0.03399946540594101,1.0,1.0,7.3,0.278,True,True,False
30.815817832946777,stand_post,0.8158178329467773,0.0,0.0,0.0,-0.358883327441334,-0.007635815477475192,0.34579335805137656,-1.77,-1.61,7.67,0.844,0.8179827332496643,0.0,0.04175112769007683,1.0,1.0,7.3,0.278,True,True,False
30.83626699447632,stand_post,0.8362669944763184,0.0,0.0,0.0,-0.47669305195095124,-0.1090830782496456,0.36760997370130566,-1.73,-1.09,8.66,0.767,0.8377971649169922,0.0,0.03681741748005152,1.0,1.0,7.3,0.558,True,True,False
30.85663604736328,stand_post,0.8566360473632812,0.0,0.0,0.0,-0.5050546522958591,0.02399827721492203,0.26725354171163174,-1.43,-0.49,8.46,0.614,0.8050780296325684,0.0,0.021371549926698208,1.0,1.0,7.3,0.558,True,True,False
30.877015352249146,stand_post,0.8770153522491455,0.0,0.0,0.0,-0.40033489717619936,-0.16035212502697901,0.2923426497090502,-1.43,-0.49,8.46,0.537,0.7592685222625732,0.0,0.022661695256829262,1.0,1.0,7.3,0.558,True,True,False
30.89738392829895,stand_post,0.8973839282989502,0.0,0.0,0.0,-0.17780541754692233,-0.2454369260617026,0.3174317577064687,-1.43,-0.49,8.46,0.614,0.7424468398094177,0.0,0.017535747960209846,1.0,1.0,7.3,0.558,True,True,False
30.91775608062744,stand_post,0.9177560806274414,0.0,0.0,0.0,-0.025089107997418487,-0.5606870222031783,0.03599741582238305,-1.43,-0.49,8.46,0.767,0.7782684564590454,0.0,0.01502135954797268,1.0,1.0,7.3,0.558,True,True,False
30.93824601173401,stand_post,0.9382460117340088,0.0,0.0,0.0,0.08726646259971647,-0.47669305195095124,-0.13526301702956053,0.31,0.31,9.69,0.537,0.7434026002883911,0.0,0.012349624186754227,1.0,1.0,7.3,0.558,True,True,False
30.958612203598022,stand_post,0.9586122035980225,0.0,0.0,0.0,0.13853550937704992,-0.21598449493429828,-0.45160394395353276,-0.98,0.05,8.13,0.537,0.6870257258415222,0.0,0.02639865316450596,1.0,1.0,7.3,0.558,True,True,False
30.978996515274048,stand_post,0.9789965152740479,0.0,0.0,0.0,0.22252947962927702,-0.16144295580947549,-0.5214171140333059,-0.36,0.12,9.03,0.384,0.6389142274856567,0.0,0.03287061117589474,1.0,1.0,7.3,0.558,True,True,False
30.9993679523468,stand_post,0.9993679523468018,0.0,0.0,0.0,0.20507618710933373,-0.13308135546456762,-0.4385139745635753,0.25,-0.49,9.25,0.307,0.8073500990867615,0.0,0.052869949489831924,1.0,1.0,7.3,0.558,True,True,False
31.01975107192993,stand_post,1.0197510719299316,0.0,0.0,0.0,0.09926560120717749,0.04690572364734761,-0.284706834231575,-0.01,-0.96,9.1,0.307,0.869442343711853,0.0,0.030542995780706406,1.0,1.0,7.3,0.558,True,True,False
31.040140628814697,stand_post,1.0401406288146973,0.0,0.0,0.0,0.015271630954950384,-0.03381575425739013,-0.05126904677733343,0.11,-1.48,9.78,0.767,0.8963276743888855,0.0,0.013523182831704617,1.0,1.0,7.4,0.24000000000000002,True,True,False
31.060521841049194,stand_post,1.0605218410491943,0.0,0.0,0.0,0.04581489286485115,-0.09599310885968812,0.2585268954516601,0.46,-1.6400000000000001,9.26,1.227,0.858782172203064,0.0,0.023678084835410118,1.0,1.0,7.4,0.24000000000000002,True,True,False
31.08090329170227,stand_post,1.0809032917022705,0.0,0.0,0.0,0.23234695667174513,-0.2083486794568231,0.5268712679457882,0.17,-2.38,7.930000000000001,1.381,0.8120266795158386,0.0,0.04073121026158333,1.0,1.0,7.4,0.24000000000000002,True,True,False
31.101277112960815,stand_post,1.1012771129608154,0.0,0.0,0.0,0.3490658503988659,-0.21162117180431245,0.6861325621902709,-0.12,-2.25,8.82,1.074,0.76617032289505,0.0,0.05301219131797552,1.0,1.0,7.4,0.24000000000000002,True,True,False
31.121750831604004,stand_post,1.121750831604004,0.0,0.0,0.0,0.4985096676008804,-0.16144295580947549,0.6392268385429232,0.13,-1.31,9.790000000000001,0.46,0.7695087194442749,0.0,0.023457498289644718,1.0,1.0,7.4,0.24000000000000002,True,True,False
31.14212656021118,stand_post,1.1421265602111816,0.0,0.0,0.0,0.3959715740462135,0.0272707695624114,0.21489366415180183,0.13,-1.31,9.790000000000001,0.46,0.7455811500549316,0.0,0.014310720609501004,1.0,1.0,7.4,0.24000000000000002,True,True,False
31.162627696990967,stand_post,1.1626276969909668,0.0,0.0,0.0,0.27379852640661045,0.18762289458939044,-0.34033920413889424,0.13,-1.31,9.790000000000001,0.767,0.7299973368644714,0.0,0.014992311596870422,1.0,1.0,7.4,0.24000000000000002,True,True,False
31.182992935180664,stand_post,1.182992935180664,0.0,0.0,0.0,0.13199052468207118,0.22580197197676638,-0.545415391248228,0.13,-1.31,9.790000000000001,0.9970000000000001,0.7561034560203552,0.0,0.012135148048400879,1.0,1.0,7.4,0.24000000000000002,True,True,False
31.203370809555054,stand_post,1.2033708095550537,0.0,0.0,0.0,0.1189005552921137,0.19853120241435498,-0.6414085001079161,0.63,2.7800000000000002,9.790000000000001,0.9210000000000002,0.7262910008430481,0.0,0.014896474778652191,1.0,1.0,7.4,0.24000000000000002,True,True,False
31.223751306533813,stand_post,1.2237513065338135,0.0,0.0,0.0,0.04690572364734761,0.26725354171163174,-0.7330382858376184,0.06,1.2,8.700000000000001,0.9210000000000002,0.7296342849731445,0.0,0.01307731494307518,1.0,1.0,7.4,0.24000000000000002,True,True,False
31.244189262390137,stand_post,1.2441892623901367,0.0,0.0,0.0,-0.08399397025222712,0.24216443371421323,-0.545415391248228,-0.34,1.02,7.79,0.614,0.6515892744064331,0.0,0.016075197607278824,1.0,1.0,7.4,0.227,True,True,False
31.264559745788574,stand_post,1.2645597457885742,0.0,0.0,0.0,-0.10581058590215622,0.17453292519943295,-0.23671027980173096,-0.9,-0.03,9.22,0.384,0.5155841708183289,0.0,0.04014401696622372,1.0,1.0,7.4,0.227,True,True,False
31.285032510757446,stand_post,1.2850325107574463,0.0,0.0,0.0,-0.17562375598192942,0.30325095753401476,0.14508049407202864,-0.9400000000000001,-0.12,8.24,0.307,0.729202151298523,0.0,0.03898582328110933,1.0,1.0,7.4,0.227,True,True,False
31.305402755737305,stand_post,1.3054027557373047,0.0,0.0,0.0,-0.20725784867432664,0.39706240482870997,0.3174317577064687,-0.42,-0.45,8.05,0.537,0.8348066806793213,0.0,0.019744733348488808,1.0,1.0,7.4,0.227,True,True,False
31.325778007507324,stand_post,1.3257780075073242,0.0,0.0,0.0,-0.272707695624114,0.32615840396644036,0.39269908169872414,-0.37,-0.87,9.040000000000001,0.844,0.8437073230743408,0.0,0.028574906289577484,1.0,1.0,7.4,0.227,True,True,False
31.346149444580078,stand_post,1.3461494445800781,0.0,0.0,0.0,-0.31852258848896514,0.15817046346198613,0.47778388273344774,-1.3900000000000001,-0.15,8.89,1.074,0.8760716319084167,0.0,0.018566267564892765,1.0,1.0,7.4,0.227,True,True,False
31.36652183532715,stand_post,1.3665218353271484,0.0,0.0,0.0,-0.5137812985558308,0.16253378659197193,0.18980455615438332,-1.5,-0.46,6.74,0.767,0.8466344475746155,0.0,0.03364131203852594,1.0,1.0,7.4,0.227,True,True,False
31.38689661026001,stand_post,1.3868966102600098,0.0,0.0,0.0,-0.5279620987282847,0.15162547876700738,0.0818123086872342,-1.17,-0.68,8.61,0.614,0.797201931476593,0.0,0.029727418208494782,1.0,1.0,7.4,0.227,True,True,False
31.407262086868286,stand_post,1.4072620868682861,0.0,0.0,0.0,-0.5115996369908379,0.07635815477475191,0.07744898555724837,-1.17,-0.68,8.61,0.537,0.7924598455429077,0.0,0.024370175087824457,1.0,1.0,7.4,0.227,True,True,False
31.427650451660156,stand_post,1.4276504516601562,0.0,0.0,0.0,-0.26725354171163174,-0.19962203319685143,0.1461713248545251,-1.17,-0.68,8.61,0.384,0.771647036075592,0.0,0.02778079849667847,1.0,1.0,7.4,0.227,True,True,False
31.44802165031433,stand_post,1.448021650314331,0.0,0.0,0.0,-0.013089969389957472,-0.27052603405912107,0.09490227807719166,-0.96,-1.34,8.97,0.537,0.7674912810325623,0.0,0.011110270163044333,1.0,1.0,7.3,0.37100000000000005,True,True,False
31.468396186828613,stand_post,1.4683961868286133,0.0,0.0,0.0,0.12326387842209953,-0.4625122517784973,-0.006544984694978736,-0.88,-1.67,9.25,0.46,0.7759524583816528,0.0,0.01268469076603651,1.0,1.0,7.3,0.37100000000000005,True,True,False
31.4889178276062,stand_post,1.4889178276062012,0.0,0.0,0.0,0.13744467859455345,-0.37742745074377376,0.003272492347489368,-0.64,0.04,9.77,0.614,0.7421733140945435,0.0,0.012828403152525425,1.0,1.0,7.3,0.37100000000000005,True,True,False
31.509303331375122,stand_post,1.509303331375122,0.0,0.0,0.0,0.16035212502697901,-0.2596177262341565,-0.16144295580947549,-0.23,0.55,8.040000000000001,0.384,0.7052279114723206,0.0,0.017549924552440643,1.0,1.0,7.3,0.37100000000000005,True,True,False
31.529680490493774,stand_post,1.5296804904937744,0.0,0.0,0.0,0.2378011105842274,-0.21925698728178766,-0.3010692959690218,0.28,0.54,9.26,0.307,0.6556827425956726,0.0,0.03074733167886734,1.0,1.0,7.3,0.37100000000000005,True,True,False
31.550164699554443,stand_post,1.5501646995544434,0.0,0.0,0.0,0.15707963267948966,-0.12762720155208535,-0.3785182815262702,0.37,0.42,9.53,0.307,0.7890221476554871,0.0,0.04782970575615764,1.0,1.0,7.3,0.37100000000000005,True,True,False
31.570545434951782,stand_post,1.5705454349517822,0.0,0.0,0.0,0.05235987755982989,-0.018544123302439753,-0.24870941840919197,-0.09,0.54,8.34,0.307,0.8647695779800415,0.0,0.03418548405170441,1.0,1.0,7.3,0.37100000000000005,True,True,False
31.59103512763977,stand_post,1.5910351276397705,0.0,0.0,0.0,0.04908738521234052,-0.04036073895236887,-0.12217304763960307,-0.09,0.54,8.34,0.767,0.8913573622703552,0.0,0.02153105870820582,1.0,1.0,7.3,0.37100000000000005,True,True,False
31.611417770385742,stand_post,1.6114177703857422,0.0,0.0,0.0,0.03381575425739013,-0.039269908169872414,0.07963064712224129,-0.13,-1.87,9.01,1.151,0.8604629039764404,0.0,0.019048120826482773,1.0,1.0,7.3,0.37100000000000005,True,True,False
31.631794691085815,stand_post,1.6317946910858154,0.0,0.0,0.0,0.06654067773228381,-0.12980886311707826,0.32506757318394386,0.53,-2.19,8.57,1.304,0.8109601140022278,0.0,0.037306565791368484,1.0,1.0,7.3,0.37100000000000005,True,True,False
31.652168035507202,stand_post,1.6521680355072021,0.0,0.0,0.0,0.2203478180642841,-0.2279836335417593,0.5377795757707527,0.53,-2.85,8.64,0.9210000000000002,0.7737758159637451,0.0,0.054811239708215,1.0,1.0,7.4,0.395,True,True,False
31.673227787017822,stand_post,1.6732277870178223,0.0,0.0,0.0,0.36324665057131983,-0.21162117180431245,0.56941366846315,-0.2,-1.28,9.41,0.384,0.7720491886138916,0.0,0.025570064317435026,1.0,1.0,7.4,0.395,True,True,False
31.693603992462158,stand_post,1.6936039924621582,0.0,0.0,0.0,0.4526947747360292,-0.11344640137963143,0.3108867730114899,-0.2,-1.28,9.41,0.537,0.7693333029747009,0.0,0.016902295086765662,1.0,1.0,7.4,0.395,True,True,False
31.7140896320343,stand_post,1.7140896320343018,0.0,0.0,0.0,0.2628902185816459,0.11780972450961724,-0.2596177262341565,-0.2,-1.28,9.41,0.844,0.7265426516532898,0.0,0.01512984186410904,1.0,1.0,7.4,0.395,True,True,False
31.734580278396606,stand_post,1.7345802783966064,0.0,0.0,0.0,0.10144726277217041,0.17998707911191522,-0.5988660995905544,-0.2,-1.28,9.41,0.9970000000000001,0.7825785875320435,0.0,0.01445891335606575,1.0,1.0,7.4,0.395,True,True,False
31.754955053329468,stand_post,1.7549550533294678,0.0,0.0,0.0,0.10471975511965978,0.044724062082354694,-0.5661411761156606,-0.2,-1.28,9.41,0.9210000000000002,0.7551003694534302,0.0,0.007815014570951462,1.0,1.0,7.4,0.395,True,True,False
31.775458574295044,stand_post,1.775458574295044,0.0,0.0,0.0,0.05126904677733343,0.24870941840919197,-0.5628686837681712,0.4,1.9100000000000001,8.51,0.9210000000000002,0.7258016467094421,0.0,0.019973216578364372,1.0,1.0,7.4,0.395,True,True,False
31.795827865600586,stand_post,1.795827865600586,0.0,0.0,0.0,-0.07526732399225546,0.21271200258680892,-0.5792311455056182,-0.92,0.29,7.4,0.614,0.7174310684204102,0.0,0.01767136063426733,1.0,1.0,7.4,0.395,True,True,False
31.816282510757446,stand_post,1.8162825107574463,0.0,0.0,0.0,-0.11562806294462433,0.14289883250703572,-0.32070425005395803,-0.81,0.2,9.19,0.46,0.5430955290794373,0.0,0.052436189842410386,1.0,1.0,7.4,0.395,True,True,False
31.836652040481567,stand_post,1.8366520404815674,0.0,0.0,0.0,-0.16471544815696484,0.2825251726665821,0.017453292519943295,-0.67,-0.58,8.57,0.153,0.6619138717651367,0.0,0.04217027779668569,1.0,1.0,7.4,0.395,True,True,False
31.85702633857727,stand_post,1.8570263385772705,0.0,0.0,0.0,-0.24980024919168842,0.3294308963139297,0.2716168648416175,-1.22,-0.49,8.14,0.307,0.8333767056465149,0.0,0.03355272859334946,1.0,1.0,7.4,0.30600000000000005,True,True,False
31.877397775650024,stand_post,1.8773977756500244,0.0,0.0,0.0,-0.3119776037939864,0.38288160465625604,0.358883327441334,-0.13,-0.76,9.620000000000001,0.9210000000000002,0.8023936152458191,0.0,0.029350667027756572,1.0,1.0,7.4,0.30600000000000005,True,True,False
31.89778232574463,stand_post,1.897782325744629,0.0,0.0,0.0,-0.34470252726888007,0.19853120241435498,0.5028729907308662,-0.34,-1.16,8.48,0.9970000000000001,0.8840991258621216,0.0,0.020618821494281292,1.0,1.0,7.4,0.30600000000000005,True,True,False
31.918155193328857,stand_post,1.9181551933288574,0.0,0.0,0.0,-0.49960049838337683,-0.04145156973486533,0.3785182815262702,-1.55,-0.45,7.140000000000001,0.844,0.8284896612167358,0.0,0.03234187141060829,1.0,1.0,7.4,0.30600000000000005,True,True,False
31.9385244846344,stand_post,1.9385244846343994,0.0,0.0,0.0,-0.5443245604657315,0.06326818538479445,0.19634954084936207,-1.8,-0.71,8.34,0.6899999999999998,0.8242607712745667,0.0,0.033968061208724976,1.0,1.0,7.4,0.30600000000000005,True,True,False
31.958904027938843,stand_post,1.9589040279388428,0.0,0.0,0.0,-0.4756022211684548,0.11453723216212788,0.08944812416470939,-1.8,-0.71,8.34,0.537,0.8068793416023254,0.0,0.021580179687589407,1.0,1.0,7.4,0.30600000000000005,True,True,False
31.97929883003235,stand_post,1.9792988300323486,0.0,0.0,0.0,-0.2617993877991494,-0.0916297857297023,0.2007128639793479,-1.8,-0.71,8.34,0.537,0.7569462656974792,0.0,0.02794680604711175,1.0,1.0,7.4,0.30600000000000005,True,True,False
31.99978470802307,stand_post,1.9997847080230713,0.0,0.0,0.0,-0.04254240051736178,-0.27379852640661045,0.09926560120717749,-0.64,-1.04,8.85,0.537,0.7592192888259888,0.0,0.01018879422917962,1.0,1.0,7.4,0.30600000000000005,True,True,False
32.020248889923096,stand_post,2.0202488899230957,0.0,0.0,0.0,0.09817477042468103,-0.45160394395353276,-0.016362461737446838,-0.64,-1.04,8.85,0.614,0.7816431522369385,0.0,0.011509356088936329,1.0,1.0,7.4,0.30600000000000005,True,True,False
32.040629863739014,stand_post,2.0406298637390137,0.0,0.0,0.0,0.16907877128695067,-0.2923426497090502,-0.025089107997418487,-0.64,-1.04,8.85,0.537,0.7459056377410889,0.0,0.013331075198948383,1.0,1.0,7.4,0.30600000000000005,True,True,False
32.06111121177673,stand_post,2.0611112117767334,0.0,0.0,0.0,0.24434609527920614,-0.10253809355466686,-0.37088246604879505,-0.47000000000000003,0.46,8.16,0.537,0.6697110533714294,0.0,0.021544810384511948,1.0,1.0,7.4,0.23800000000000002,True,True,False
32.08148145675659,stand_post,2.081481456756592,0.0,0.0,0.0,0.33488505022641196,-0.21925698728178766,-0.47123889803846897,-0.47000000000000003,0.46,8.16,0.384,0.644952118396759,0.0,0.02968849567696452,1.0,1.0,7.4,0.23800000000000002,True,True,False
32.10195875167847,stand_post,2.101958751678467,0.0,0.0,0.0,0.136353847812057,0.07090400086226964,-0.2814343418840856,0.14,0.06,7.94,0.307,0.7638530135154724,0.0,0.05352943064644933,1.0,1.0,7.4,0.23800000000000002,True,True,False
32.12234020233154,stand_post,2.122340202331543,0.0,0.0,0.0,0.06654067773228381,-0.009817477042468103,-0.1559888018969932,0.02,-0.07,8.950000000000001,0.23,0.8789858222007751,0.0,0.036868371069431305,1.0,1.0,7.4,0.23800000000000002,True,True,False
32.14272618293762,stand_post,2.142726182937622,0.0,0.0,0.0,0.07635815477475191,-0.015271630954950384,0.13744467859455345,-0.85,-1.01,9.120000000000001,0.844,0.865010678768158,0.0,0.024569004774093628,1.0,1.0,7.4,0.23800000000000002,True,True,False
32.16311001777649,stand_post,2.1631100177764893,0.0,0.0,0.0,-0.001090830782496456,-0.11126473981463851,0.4014257279586958,0.08,-1.48,8.89,1.304,0.8374982476234436,0.0,0.020527206361293793,1.0,1.0,7.4,0.23800000000000002,True,True,False
32.18349051475525,stand_post,2.183490514755249,0.0,0.0,0.0,0.09817477042468103,-0.13962634015954636,0.533416252640767,-0.02,-1.46,8.03,1.227,0.8049840927124023,0.0,0.039873428642749786,1.0,1.0,7.4,0.23800000000000002,True,True,False
32.20386600494385,stand_post,2.2038660049438477,0.0,0.0,0.0,0.2945243112740431,-0.25634523388666713,0.49632800603588745,0.5,-2.14,8.81,0.9210000000000002,0.7631931304931641,0.0,0.051477518398314714,1.0,1.0,7.4,0.23800000000000002,True,True,False
32.224332094192505,stand_post,2.224332094192505,0.0,0.0,0.0,0.4046982203061852,-0.19525871006686563,0.5246896063807953,0.0,-1.9100000000000001,9.64,0.384,0.762309193611145,0.0,0.024401455651968718,1.0,1.0,7.4,0.23800000000000002,True,True,False
32.24470233917236,stand_post,2.2447023391723633,0.0,0.0,0.0,0.42978732830360367,-0.09490227807719166,0.1265363707695889,0.0,-1.9100000000000001,9.64,0.614,0.7499262690544128,0.0,0.016241961275227368,1.0,1.0,7.4,0.23800000000000002,True,True,False
32.26517176628113,stand_post,2.265171766281128,0.0,0.0,0.0,0.3392483733563978,0.18435040224190105,-0.3959715740462135,0.0,-1.9100000000000001,9.64,0.9210000000000002,0.7229415774345398,0.0,0.015697382390499115,1.0,1.0,7.3,0.40800000000000003,True,True,False
32.2855327129364,stand_post,2.2855327129364014,0.0,0.0,0.0,0.09599310885968812,0.19744037163185854,-0.6566801310628665,0.0,-1.9100000000000001,9.64,0.9210000000000002,0.7653683423995972,0.0,0.015370402485132217,1.0,1.0,7.3,0.40800000000000003,True,True,False
32.30590605735779,stand_post,2.305906057357788,0.0,0.0,0.0,0.10362892433716332,0.10362892433716332,-0.46142142099600086,0.1,1.94,9.61,0.9210000000000002,0.7129294276237488,0.0,0.013779398053884506,1.0,1.0,7.3,0.40800000000000003,True,True,False
32.32640361785889,stand_post,2.3264036178588867,0.0,0.0,0.0,0.06872233929727672,0.22689280275926285,-0.3959715740462135,0.54,2.77,8.67,0.767,0.6860624551773071,0.0,0.015257524326443672,1.0,1.0,7.3,0.40800000000000003,True,True,False
32.34678864479065,stand_post,2.3467886447906494,0.0,0.0,0.0,-0.032724923474893676,0.17562375598192942,-0.459239759431008,-0.34,0.5700000000000001,8.35,0.537,0.6582318544387817,0.0,0.029358158819377422,1.0,1.0,7.3,0.40800000000000003,True,True,False
32.36751055717468,stand_post,2.3675105571746826,0.0,0.0,0.0,-0.11235557059713497,0.1559888018969932,-0.20180369476184434,-0.72,0.89,8.75,0.23,0.5204384922981262,0.0,0.03945327328983694,1.0,1.0,7.3,0.40800000000000003,True,True,False
32.387882232666016,stand_post,2.3878822326660156,0.0,0.0,0.0,-0.18762289458939044,0.2781618495365963,0.08944812416470939,-1.1,-0.32,8.11,0.23,0.7313761115074158,0.0,0.0362723337020725,1.0,1.0,7.3,0.40800000000000003,True,True,False
32.408252000808716,stand_post,2.408252000808716,0.0,0.0,0.0,-0.2378011105842274,0.36542831213631277,0.2683443724941282,-0.55,-0.19,8.34,0.46,0.818073570728302,0.0,0.021095072850584984,1.0,1.0,7.3,0.40800000000000003,True,True,False
32.42864751815796,stand_post,2.428647518157959,0.0,0.0,0.0,-0.2814343418840856,0.2977968036215325,0.3839724354387525,-0.23,-0.79,9.02,0.844,0.8355682492256165,0.0,0.023433126509189606,1.0,1.0,7.3,0.40800000000000003,True,True,False
32.449031352996826,stand_post,2.449031352996826,0.0,0.0,0.0,-0.346884188833873,0.12435470920459599,0.4919646829059016,-0.52,-0.81,9.27,0.9970000000000001,0.8818125128746033,0.0,0.01748787797987461,1.0,1.0,7.3,0.40800000000000003,True,True,False
32.469403982162476,stand_post,2.4694039821624756,0.0,0.0,0.0,-0.5039638215133626,0.07417649320975901,0.30325095753401476,-1.54,-0.64,7.25,0.9210000000000002,0.8308960795402527,0.0,0.033082693349570036,1.0,1.0,7.3,0.40100000000000013,True,True,False
32.48977279663086,stand_post,2.4897727966308594,0.0,0.0,0.0,-0.5617778529856748,0.1538071403320003,0.15926129424448257,-1.74,-0.84,8.38,0.614,0.8157463073730469,0.0,0.03451806167140603,1.0,1.0,7.3,0.40100000000000013,True,True,False
32.51015305519104,stand_post,2.51015305519104,0.0,0.0,0.0,-0.5225079448158024,0.09599310885968812,0.1538071403320003,-1.74,-0.84,8.38,0.537,0.7992632985115051,0.0,0.021215476095676422,1.0,1.0,7.3,0.40100000000000013,True,True,False
32.530540466308594,stand_post,2.5305404663085938,0.0,0.0,0.0,-0.3097959422289935,-0.17889624832941878,0.136353847812057,-1.74,-0.84,8.38,0.46,0.7691619396209717,0.0,0.0299714975990355,1.0,1.0,7.3,0.40100000000000013,True,True,False
32.5509250164032,stand_post,2.5509250164031982,0.0,0.0,0.0,-0.06326818538479445,-0.3010692959690218,0.019634954084936207,-0.84,-1.46,9.200000000000001,0.537,0.7641947865486145,0.0,0.009157375898212194,1.0,1.0,7.3,0.40100000000000013,True,True,False
32.571314334869385,stand_post,2.5713143348693848,0.0,0.0,0.0,0.10253809355466686,-0.4505131131710363,-0.061086523819801536,-0.84,-1.46,9.200000000000001,0.6899999999999998,0.7771429419517517,0.0,0.011596521362662315,1.0,1.0,7.3,0.40100000000000013,True,True,False
32.59179902076721,stand_post,2.591799020767212,0.0,0.0,0.0,0.15926129424448257,-0.3621558197888234,-0.07635815477475191,-0.38,0.0,9.71,0.614,0.7413399815559387,0.0,0.012652337551116943,1.0,1.0,7.3,0.40100000000000013,True,True,False
32.61234188079834,stand_post,2.61234188079834,0.0,0.0,0.0,0.19416787928436915,-0.23343778745424157,-0.35561083509384467,-0.12,0.23,7.61,0.537,0.691114068031311,0.0,0.01943681575357914,1.0,1.0,7.3,0.40100000000000013,True,True,False
32.63271617889404,stand_post,2.632716178894043,0.0,0.0,0.0,0.28579766501407144,-0.17235126363444003,-0.41560652813114973,0.17,-0.01,9.68,0.384,0.6473421454429626,0.0,0.030386844649910927,1.0,1.0,7.3,0.40100000000000013,True,True,False
32.653095960617065,stand_post,2.6530959606170654,0.0,0.0,0.0,0.18980455615438332,-0.10144726277217041,-0.32834006553143325,0.21,0.0,9.36,0.23,0.7851279973983765,0.0,0.04907659441232681,1.0,1.0,7.3,0.40100000000000013,True,True,False
32.673479080200195,stand_post,2.6734790802001953,0.0,0.0,0.0,0.09817477042468103,0.04036073895236887,-0.20289452554434081,-0.13,-0.2,7.98,0.537,0.8588093519210815,0.0,0.03566248342394829,1.0,1.0,7.3,0.421,True,True,False
32.69460415840149,stand_post,2.6946041584014893,0.0,0.0,0.0,0.08072147790473774,-0.044724062082354694,-0.05672320068981571,-0.13,-0.2,7.98,0.537,0.8829488754272461,0.0,0.01755385985597968,1.0,1.0,7.3,0.421,True,True,False
32.71497845649719,stand_post,2.7149784564971924,0.0,0.0,0.0,0.019634954084936207,-0.06217735460229799,0.34797501961636945,-0.16,-1.61,8.2,0.9970000000000001,0.8550257682800293,0.0,0.024735508486628532,1.0,1.0,7.3,0.421,True,True,False
32.73535704612732,stand_post,2.7353570461273193,0.0,0.0,0.0,0.136353847812057,-0.20507618710933373,0.4625122517784973,0.45,-2.14,8.69,1.227,0.8121272921562195,0.0,0.03567248210310936,1.0,1.0,7.3,0.421,True,True,False
32.75579071044922,stand_post,2.7557907104492188,0.0,0.0,0.0,0.25416357232167425,-0.14726215563702155,0.5563236990731926,0.09,-2.62,8.35,0.9210000000000002,0.76372230052948,0.0,0.059075637720525265,1.0,1.0,7.3,0.421,True,True,False
32.77616596221924,stand_post,2.7761659622192383,0.0,0.0,0.0,0.4505131131710363,-0.2378011105842274,0.5705044992456465,0.15,-1.41,9.51,0.46,0.7678624391555786,0.0,0.022892785258591175,1.0,1.0,7.3,0.421,True,True,False
32.79660725593567,stand_post,2.796607255935669,0.0,0.0,0.0,0.4734205596034619,-0.08835729338221293,0.3327033886614191,-0.41000000000000003,-0.72,9.69,0.384,0.7606676816940308,0.0,0.017259763088077307,1.0,1.0,7.3,0.421,True,True,False
32.81697750091553,stand_post,2.8169775009155273,0.0,0.0,0.0,0.3272492347489368,0.13199052468207118,-0.31852258848896514,-0.41000000000000003,-0.72,9.69,0.9970000000000001,0.7248517274856567,0.0,0.016657449305057526,1.0,1.0,7.3,0.421,True,True,False
32.83734488487244,stand_post,2.8373448848724365,0.0,0.0,0.0,0.10799224746714914,0.272707695624114,-0.6806784082777885,-0.41000000000000003,-0.72,9.69,0.9210000000000002,0.7796720266342163,0.0,0.012460969388484955,1.0,1.0,7.3,0.421,True,True,False
32.85771942138672,stand_post,2.8577194213867188,0.0,0.0,0.0,0.10471975511965978,0.02945243112740431,-0.5825036378531074,-0.41000000000000003,-0.72,9.69,0.9210000000000002,0.7387417554855347,0.0,0.008443878497928381,1.0,1.0,7.3,0.421,True,True,False
32.87808847427368,stand_post,2.8780884742736816,0.0,0.0,0.0,0.06326818538479445,0.27052603405912107,-0.5912302841130791,0.49,2.2600000000000002,8.38,0.767,0.7085981369018555,0.0,0.02141212299466133,1.0,1.0,7.4,0.20099999999999998,True,True,False
32.8984591960907,stand_post,2.8984591960906982,0.0,0.0,0.0,-0.05999569303730508,0.2301652951067522,-0.6119560689805118,-1.06,-0.27,7.1000000000000005,0.614,0.7149518728256226,0.0,0.020939539186656475,1.0,1.0,7.4,0.20099999999999998,True,True,False
32.91884398460388,stand_post,2.918843984603882,0.0,0.0,0.0,-0.0916297857297023,0.13199052468207118,-0.2378011105842274,-1.03,0.12,8.93,0.23,0.5469467043876648,0.0,0.05047477316111326,1.0,1.0,7.4,0.20099999999999998,True,True,False
32.93921899795532,stand_post,2.9392189979553223,0.0,0.0,0.0,-0.136353847812057,0.31634092692397225,0.07308566242726255,-1.46,-0.2,7.44,0.307,0.7267955541610718,0.0,0.03367611323483288,1.0,1.0,7.4,0.20099999999999998,True,True,False
32.95959115028381,stand_post,2.9595911502838135,0.0,0.0,0.0,-0.2181661564992912,0.346884188833873,0.28034351110158917,0.09,0.03,8.84,0.46,0.8115572929382324,0.0,0.03639207500964403,1.0,1.0,7.4,0.20099999999999998,True,True,False
32.98002648353577,stand_post,2.9800264835357666,0.0,0.0,0.0,-0.284706834231575,0.3621558197888234,0.36979163526629855,0.31,-0.77,9.24,0.767,0.8158100247383118,0.0,0.029090847820043564,1.0,1.0,7.4,0.20099999999999998,True,True,False
