time_s,phase,phase_elapsed_s,cmd_x,cmd_y,cmd_yaw,gyro_x,gyro_y,gyro_z,accel_x,accel_y,accel_z,joint_vel_abs_max,action_abs_max,action_saturation_frac,target_delta_abs_max,left_contact,right_contact,min_voltage,sum_abs_current,obs_finite,action_finite,missed_deadline
0.0002562999725341797,stand_pre,0.0002562999725341797,0.0,0.0,0.0,0.17671458676442586,-0.29343348049154666,1.0613783513690516,0.17,0.85,8.53,0.0,0.6426347494125366,0.0,0.07711616903543472,1.0,1.0,7.5,0.09699999999999999,True,True,True
0.026333332061767578,stand_pre,0.026333332061767578,0.0,0.0,0.0,0.5301437602932776,-0.5552328682906961,1.3002702927357754,0.5700000000000001,0.99,8.48,0.0,0.49161648750305176,0.0,0.029869961552321904,1.0,1.0,7.5,0.09699999999999999,True,True,False
0.05191326141357422,stand_pre,0.05191326141357422,0.0,0.0,0.0,0.001090830782496456,0.0,0.001090830782496456,0.29,-0.34,9.25,0.384,0.5039660334587097,0.0,0.03548561176285148,1.0,1.0,7.5,0.09699999999999999,True,True,False
0.07273745536804199,stand_pre,0.07273745536804199,0.0,0.0,0.0,0.001090830782496456,-0.001090830782496456,0.001090830782496456,0.29,-0.28,9.24,0.614,0.5170176029205322,0.0,0.02006630366668105,1.0,1.0,7.5,0.09699999999999999,True,True,False
0.09320497512817383,stand_pre,0.09320497512817383,0.0,0.0,0.0,-0.009817477042468103,-0.020725784867432664,-0.04363323129985824,1.6300000000000001,-0.1,8.84,0.6899999999999998,0.5852521657943726,0.0,0.021849818527698517,1.0,1.0,7.5,0.09699999999999999,True,True,False
0.11373758316040039,stand_pre,0.11373758316040039,0.0,0.0,0.0,0.030543261909900768,-0.061086523819801536,-0.20616701789183017,1.6300000000000001,-0.1,8.84,0.614,0.644575297832489,0.0,0.012406617403030396,1.0,1.0,7.5,0.09699999999999999,True,True,False
0.13414716720581055,stand_pre,0.13414716720581055,0.0,0.0,0.0,0.08617563181722002,-0.09599310885968812,-0.2301652951067522,0.8300000000000001,-0.9,9.28,0.614,0.5968647599220276,0.0,0.02410913724452257,1.0,1.0,7.5,0.09699999999999999,True,True,False
0.15451622009277344,stand_pre,0.15451622009277344,0.0,0.0,0.0,0.050178215994836975,-0.14726215563702155,-0.11453723216212788,0.8,-0.61,8.61,0.6899999999999998,0.6334419250488281,0.0,0.02143803332000971,1.0,1.0,7.5,0.09699999999999999,True,True,False
0.17490768432617188,stand_pre,0.17490768432617188,0.0,0.0,0.0,-0.09053895494720585,0.06544984694978735,-0.02399827721492203,0.8,-0.61,8.61,0.307,0.6433502435684204,0.0,0.028418848203727975,1.0,1.0,7.5,0.09699999999999999,True,True,False
0.19528603553771973,stand_pre,0.19528603553771973,0.0,0.0,0.0,-0.07090400086226964,0.22689280275926285,0.07635815477475191,-0.61,-0.3,9.52,0.307,0.8187413811683655,0.0,0.03152413386851549,1.0,1.0,7.5,0.09699999999999999,True,True,False
0.2156970500946045,stand_pre,0.2156970500946045,0.0,0.0,0.0,-0.04690572364734761,0.3108867730114899,0.17998707911191522,-0.17,-0.46,7.8100000000000005,0.307,0.832267165184021,0.0,0.023035405203700066,1.0,1.0,7.4,0.251,True,True,False
0.23606371879577637,stand_pre,0.23606371879577637,0.0,0.0,0.0,-0.06763150851478027,0.36324665057131983,0.19416787928436915,-0.17,-0.46,7.8100000000000005,0.844,0.8431459665298462,0.0,0.016004104167222977,1.0,1.0,7.4,0.251,True,True,False
0.25655579566955566,stand_pre,0.25655579566955566,0.0,0.0,0.0,-0.09053895494720585,0.4461497900410505,0.0,0.68,-0.62,8.14,1.151,0.8245306611061096,0.0,0.027881264686584473,1.0,1.0,7.4,0.251,True,True,False
0.27693843841552734,stand_pre,0.27693843841552734,0.0,0.0,0.0,-0.19853120241435498,0.37306412761378793,0.014180800172453928,0.26,-0.32,7.2,1.074,0.7909665703773499,0.0,0.03423618758097291,1.0,1.0,7.4,0.251,True,True,False
0.29732418060302734,stand_pre,0.29732418060302734,0.0,0.0,0.0,-0.3567016658763411,0.13962634015954636,0.06326818538479445,0.26,-0.32,7.2,0.537,0.7874075770378113,0.0,0.03176068654283881,1.0,1.0,7.4,0.251,True,True,False
0.31778883934020996,stand_pre,0.31778883934020996,0.0,0.0,0.0,-0.3272492347489368,0.2530727415391778,0.22580197197676638,-0.58,0.61,9.58,0.46,0.7926116585731506,0.0,0.020241848193109035,1.0,1.0,7.4,0.251,True,True,False
0.33825111389160156,stand_pre,0.33825111389160156,0.0,0.0,0.0,-0.2519819107566813,0.10362892433716332,0.18653206380689397,-0.58,0.61,9.58,0.614,0.760979413986206,0.0,0.027188347652554512,1.0,1.0,7.4,0.251,True,True,False
0.3587226867675781,stand_pre,0.3587226867675781,0.0,0.0,0.0,-0.17889624832941878,0.13853550937704992,0.1810779098944117,-0.58,0.61,9.58,0.6899999999999998,0.7218590974807739,0.0,0.011598720215260983,1.0,1.0,7.4,0.251,True,True,False
0.37915682792663574,stand_pre,0.37915682792663574,0.0,0.0,0.0,-0.1189005552921137,0.16253378659197193,0.2596177262341565,-0.68,-1.0,9.49,0.614,0.7154461741447449,0.0,0.013231908902525902,1.0,1.0,7.4,0.251,True,True,False
0.3996129035949707,stand_pre,0.3996129035949707,0.0,0.0,0.0,-0.039269908169872414,0.24652775684419906,0.09272061651219876,-0.68,-1.0,9.49,0.6899999999999998,0.6980538368225098,0.0,0.01674316404387355,1.0,1.0,7.4,0.251,True,True,False
0.419985294342041,stand_pre,0.419985294342041,0.0,0.0,0.0,0.09708393964218458,0.20289452554434081,-0.2628902185816459,-0.19,-1.37,8.84,0.614,0.6906638741493225,0.0,0.016528692096471786,1.0,1.0,7.4,0.28600000000000003,True,True,False
0.4403417110443115,stand_pre,0.4403417110443115,0.0,0.0,0.0,0.17562375598192942,0.3196134192714616,-0.17780541754692233,-0.02,-1.05,8.040000000000001,0.537,0.7165817618370056,0.0,0.035080494126304984,1.0,1.0,7.4,0.28600000000000003,True,True,False
0.46076369285583496,stand_pre,0.46076369285583496,0.0,0.0,0.0,0.16144295580947549,0.21271200258680892,-0.09053895494720585,-0.33,-0.31,8.790000000000001,0.384,0.7472503781318665,0.0,0.047459503868594766,1.0,1.0,7.4,0.28600000000000003,True,True,False
0.4812195301055908,stand_pre,0.4812195301055908,0.0,0.0,0.0,0.2301652951067522,0.1505346479845109,-0.10799224746714914,-0.63,-0.1,8.51,0.307,0.7980896830558777,0.0,0.03481914475560188,1.0,1.0,7.4,0.28600000000000003,True,True,False
0.5015785694122314,stand_pre,0.5015785694122314,0.0,0.0,0.0,0.22362031041177347,0.07417649320975901,-0.06763150851478027,-0.5,-1.0,8.790000000000001,0.6899999999999998,0.835520327091217,0.0,0.01639682799577713,1.0,1.0,7.4,0.28600000000000003,True,True,False
0.5220844745635986,stand_pre,0.5220844745635986,0.0,0.0,0.0,0.13199052468207118,0.10144726277217041,0.11562806294462433,-0.89,-1.5,8.870000000000001,1.227,0.8279776573181152,0.0,0.019458478316664696,1.0,1.0,7.4,0.28600000000000003,True,True,False
0.5424530506134033,stand_pre,0.5424530506134033,0.0,0.0,0.0,0.1559888018969932,0.013089969389957472,0.2781618495365963,-0.43,-1.26,8.28,1.381,0.8203288912773132,0.0,0.03345279023051262,1.0,1.0,7.4,0.28600000000000003,True,True,False
0.5628163814544678,stand_pre,0.5628163814544678,0.0,0.0,0.0,0.2999784651865254,0.044724062082354694,0.2825251726665821,-0.28,-2.09,8.01,1.304,0.7887805700302124,0.0,0.05497371684759855,1.0,1.0,7.4,0.28600000000000003,True,True,False
0.5831942558288574,stand_pre,0.5831942558288574,0.0,0.0,0.0,0.4112432050011639,-0.0272707695624114,0.28688849579656794,-0.44,-1.95,9.33,0.767,0.7586174011230469,0.0,0.024250618182122707,1.0,1.0,7.4,0.28600000000000003,True,True,False
0.6035621166229248,stand_pre,0.6035621166229248,0.0,0.0,0.0,0.38069994309126315,-0.022907446432425576,0.20616701789183017,-0.44,-1.95,9.33,0.307,0.7619795799255371,0.0,0.015409421641379595,1.0,1.0,7.4,0.28600000000000003,True,True,False
0.6239335536956787,stand_pre,0.6239335536956787,0.0,0.0,0.0,0.28688849579656794,-0.037088246604879506,0.030543261909900768,-0.44,-1.95,9.33,0.614,0.7212297916412354,0.0,0.008845331147313118,1.0,1.0,7.4,0.4680000000000001,True,True,False
0.644296407699585,stand_pre,0.644296407699585,0.0,0.0,0.0,0.2203478180642841,0.020725784867432664,-0.18762289458939044,-0.44,-1.95,9.33,0.9970000000000001,0.7250742316246033,0.0,0.009023495018482208,1.0,1.0,7.4,0.4680000000000001,True,True,False
0.664663553237915,stand_pre,0.664663553237915,0.0,0.0,0.0,0.11017390903214205,-0.007635815477475192,-0.3817907738737596,-0.44,-1.95,9.33,0.9970000000000001,0.7585038542747498,0.0,0.016278426628559828,1.0,1.0,7.4,0.4680000000000001,True,True,False
0.6851317882537842,stand_pre,0.6851317882537842,0.0,0.0,0.0,0.008726646259971648,0.13744467859455345,-0.4494222823885399,-0.16,1.2,8.040000000000001,0.9210000000000002,0.7620436549186707,0.0,0.017536219209432602,1.0,1.0,7.4,0.4680000000000001,True,True,False
0.7055139541625977,stand_pre,0.7055139541625977,0.0,0.0,0.0,-0.06326818538479445,0.19525871006686563,-0.41233403578366035,-0.31,1.54,8.25,0.6899999999999998,0.7345833778381348,0.0,0.010760687291622162,1.0,1.0,7.4,0.4680000000000001,True,True,False
0.7258758544921875,stand_pre,0.7258758544921875,0.0,0.0,0.0,-0.08617563181722002,0.15707963267948966,-0.3294308963139297,-0.88,0.14,8.44,0.46,0.6952126622200012,0.0,0.019481241703033447,1.0,1.0,7.4,0.4680000000000001,True,True,False
0.7462470531463623,stand_pre,0.7462470531463623,0.0,0.0,0.0,-0.1908953869368798,0.17562375598192942,-0.20289452554434081,-0.92,0.27,8.370000000000001,0.23,0.6965274810791016,0.0,0.0340771023184061,1.0,1.0,7.4,0.4680000000000001,True,True,False
0.7667133808135986,stand_pre,0.7667133808135986,0.0,0.0,0.0,-0.27598018797160334,0.21380283336930536,-0.030543261909900768,-1.2,-0.56,8.25,0.307,0.791256844997406,0.0,0.0285473819822073,1.0,1.0,7.4,0.4680000000000001,True,True,False
0.7870821952819824,stand_pre,0.7870821952819824,0.0,0.0,0.0,-0.23889194136672387,0.3687008044838021,0.24434609527920614,-1.11,-1.04,8.620000000000001,0.614,0.7730752229690552,0.0,0.018053937703371048,1.0,1.0,7.4,0.4680000000000001,True,True,False
0.8074672222137451,stand_pre,0.8074672222137451,0.0,0.0,0.0,-0.2519819107566813,0.04363323129985824,0.3861540970037454,-0.76,-0.98,9.08,0.767,0.8198878765106201,0.0,0.03155081160366535,1.0,1.0,7.4,0.4680000000000001,True,True,False
0.827829122543335,stand_pre,0.827829122543335,0.0,0.0,0.0,-0.4526947747360292,-0.06763150851478027,0.3425208657038872,-1.36,-1.21,7.09,0.767,0.8314955830574036,0.0,0.034220047295093536,1.0,1.0,7.4,0.278,True,True,False
0.848212718963623,stand_pre,0.848212718963623,0.0,0.0,0.0,-0.533416252640767,-0.16035212502697901,0.32070425005395803,-1.81,-0.81,8.49,0.844,0.8381884098052979,0.0,0.03937436826527119,1.0,1.0,7.4,0.278,True,True,False
0.8685829639434814,stand_pre,0.8685829639434814,0.0,0.0,0.0,-0.4603305902135044,-0.10799224746714914,0.34470252726888007,-2.0100000000000002,-1.01,8.78,0.537,0.8140078783035278,0.0,0.027693960815668106,1.0,1.0,7.4,0.278,True,True,False
0.8889529705047607,stand_pre,0.8889529705047607,0.0,0.0,0.0,-0.32179508083645453,-0.2279836335417593,0.34143003492139073,-2.0100000000000002,-1.01,8.78,0.46,0.7678498029708862,0.0,0.020945910131558776,1.0,1.0,7.4,0.278,True,True,False
0.9094080924987793,stand_pre,0.9094080924987793,0.0,0.0,0.0,-0.14508049407202864,-0.44724062082354693,0.14180800172453928,-2.0100000000000002,-1.01,8.78,0.614,0.7684526443481445,0.0,0.018880618968978524,1.0,1.0,7.4,0.278,True,True,False
0.9297811985015869,stand_pre,0.9297811985015869,0.0,0.0,0.0,0.07090400086226964,-0.6381360077604268,-0.0272707695624114,-2.0100000000000002,-1.01,8.78,0.767,0.7895296812057495,0.0,0.010014824569225311,1.0,1.0,7.4,0.278,True,True,False
0.9501659870147705,stand_pre,0.9501659870147705,0.0,0.0,0.0,0.11344640137963143,-0.4145156973486533,-0.34033920413889424,-2.0100000000000002,-1.01,8.78,0.537,0.7552552223205566,0.0,0.014599695801734924,1.0,1.0,7.4,0.278,True,True,False
0.9705276489257812,stand_pre,0.9705276489257812,0.0,0.0,0.0,0.17780541754692233,-0.1461713248545251,-0.5530512067257032,-1.16,0.03,8.21,0.537,0.6661785244941711,0.0,0.02183656394481659,1.0,1.0,7.4,0.278,True,True,False
0.9908976554870605,stand_pre,0.9908976554870605,0.0,0.0,0.0,0.26616271092913524,-0.14835298641951802,-0.519235452468313,-0.63,0.06,8.46,0.307,0.6194979548454285,0.0,0.032605335116386414,1.0,1.0,7.4,0.278,True,True,False
1.0112764835357666,stand_pre,1.0112764835357666,0.0,0.0,0.0,0.17016960206944712,-0.0272707695624114,-0.41233403578366035,0.56,-0.4,9.11,0.307,0.8023393750190735,0.0,0.052390532568097115,1.0,1.0,7.4,0.278,True,True,False
1.0316498279571533,stand_pre,1.0316498279571533,0.0,0.0,0.0,0.05781403147231216,0.055632369907319255,-0.2977968036215325,-0.02,-0.6900000000000001,8.58,0.537,0.8781967163085938,0.0,0.03460850566625595,1.0,1.0,7.4,0.401,True,True,False
1.056830883026123,stand_pre,1.056830883026123,0.0,0.0,0.0,0.03490658503988659,-0.08508480103472356,0.08726646259971647,-0.11,-0.88,9.25,0.844,0.8859916925430298,0.0,0.017877520993351936,1.0,1.0,7.4,0.401,True,True,False
1.0772006511688232,stand_pre,1.0772006511688232,0.0,0.0,0.0,0.08726646259971647,-0.2279836335417593,0.32288591161895097,0.9500000000000001,-1.81,8.72,1.304,0.8484448790550232,0.0,0.022290362045168877,1.0,1.0,7.4,0.401,True,True,False
1.0976321697235107,stand_pre,1.0976321697235107,0.0,0.0,0.0,0.21598449493429828,-0.19962203319685143,0.5017821599483697,0.37,-2.34,7.91,1.304,0.7941861152648926,0.0,0.03901507332921028,1.0,1.0,7.4,0.401,True,True,False
1.1180140972137451,stand_pre,1.1180140972137451,0.0,0.0,0.0,0.34143003492139073,-0.2181661564992912,0.729765793490129,-0.35000000000000003,-3.12,8.71,1.151,0.7557846307754517,0.0,0.051844618283212185,1.0,1.0,7.4,0.401,True,True,False
1.1383788585662842,stand_pre,1.1383788585662842,0.0,0.0,0.0,0.47123889803846897,-0.2279836335417593,0.743946593662583,0.33,-1.3900000000000001,9.61,0.767,0.7663017511367798,0.0,0.024264303036034107,1.0,1.0,7.4,0.401,True,True,False
1.1587681770324707,stand_pre,1.1587681770324707,0.0,0.0,0.0,0.4886921905584123,-0.03381575425739013,0.4363323129985824,0.45,-0.85,9.24,0.46,0.752479612827301,0.0,0.018333808984607458,1.0,1.0,7.4,0.401,True,True,False
1.1791377067565918,stand_pre,1.1791377067565918,0.0,0.0,0.0,0.346884188833873,0.16471544815696484,-0.1712604328519436,0.45,-0.85,9.24,0.767,0.6982966661453247,0.0,0.014485791325569153,1.0,1.0,7.4,0.401,True,True,False
1.199594259262085,stand_pre,1.199594259262085,0.0,0.0,0.0,0.19853120241435498,0.2977968036215325,-0.6294093615004551,0.45,-0.85,9.24,1.074,0.761568546295166,0.0,0.013387031853199005,1.0,1.0,7.4,0.401,True,True,False
1.2199711799621582,stand_pre,1.2199711799621582,0.0,0.0,0.0,0.11344640137963143,0.10471975511965978,-0.6643159465403417,0.45,-0.85,9.24,0.9970000000000001,0.7328171133995056,0.0,0.009229120798408985,1.0,1.0,7.4,0.401,True,True,False
1.2403390407562256,stand_pre,1.2403390407562256,0.0,0.0,0.0,-0.022907446432425576,0.3119776037939864,-0.7123125009701857,0.0,1.1500000000000001,8.26,0.9210000000000002,0.7123666405677795,0.0,0.017920222133398056,1.0,1.0,7.5,0.192,True,True,False
1.260793685913086,stand_pre,1.260793685913086,0.0,0.0,0.0,-0.09272061651219876,0.2977968036215325,-0.6894050545377601,-0.49,0.37,7.2700000000000005,0.537,0.6902369260787964,0.0,0.012672136537730694,1.0,1.0,7.5,0.192,True,True,False
1.281247854232788,stand_pre,1.281247854232788,0.0,0.0,0.0,-0.10253809355466686,0.20943951023931956,-0.15817046346198613,-0.71,-0.36,8.65,0.307,0.5721607804298401,0.0,0.04159392463043332,1.0,1.0,7.5,0.192,True,True,False
1.3016188144683838,stand_pre,1.3016188144683838,0.0,0.0,0.0,-0.1908953869368798,0.3425208657038872,0.19853120241435498,-0.97,-0.35000000000000003,7.72,0.307,0.685850203037262,0.0,0.03514221403747796,1.0,1.0,7.5,0.192,True,True,False
1.3220999240875244,stand_pre,1.3220999240875244,0.0,0.0,0.0,-0.2181661564992912,0.32615840396644036,0.41560652813114973,-0.88,-0.26,9.200000000000001,0.6899999999999998,0.8193531036376953,0.0,0.027724353596568108,1.0,1.0,7.5,0.192,True,True,False
1.3424994945526123,stand_pre,1.3424994945526123,0.0,0.0,0.0,-0.2814343418840856,0.35561083509384467,0.47778388273344774,-0.58,-0.53,9.17,0.9210000000000002,0.8425644040107727,0.0,0.02679949253797531,1.0,1.0,7.5,0.192,True,True,False
1.3628723621368408,stand_pre,1.3628723621368408,0.0,0.0,0.0,-0.3425208657038872,0.11999138607461016,0.4439681284760576,-0.54,-0.54,9.17,1.074,0.8736429810523987,0.0,0.021796979010105133,1.0,1.0,7.5,0.192,True,True,False
1.3832745552062988,stand_pre,1.3832745552062988,0.0,0.0,0.0,-0.519235452468313,0.09817477042468103,0.24107360293171676,-0.9400000000000001,-0.26,7.0200000000000005,0.9970000000000001,0.8112391829490662,0.0,0.04175557452253997,1.0,1.0,7.5,0.192,True,True,False
1.403637409210205,stand_pre,1.403637409210205,0.0,0.0,0.0,-0.5617778529856748,0.17671458676442586,0.07853981633974483,-1.46,-0.49,7.41,0.614,0.8119845986366272,0.0,0.02905445289798081,1.0,1.0,7.5,0.192,True,True,False
1.424088478088379,stand_pre,1.424088478088379,0.0,0.0,0.0,-0.48105637508093707,0.10471975511965978,-0.003272492347489368,-1.46,-0.49,7.41,0.537,0.8004570007324219,0.0,0.021861354121938348,1.0,1.0,7.5,0.192,True,True,False
1.4444758892059326,stand_pre,1.4444758892059326,0.0,0.0,0.0,-0.22252947962927702,-0.19744037163185854,0.09381144729469522,-0.21,-1.2,9.77,0.614,0.7563371062278748,0.0,0.020034915301948786,1.0,1.0,7.3,0.551,True,True,False
1.4648466110229492,stand_pre,1.4648466110229492,0.0,0.0,0.0,-0.032724923474893676,-0.3370667117914049,0.018544123302439753,-0.58,-0.9400000000000001,8.8,0.614,0.7675326466560364,0.0,0.017714084591716528,1.0,1.0,7.3,0.551,True,True,False
1.4853200912475586,stand_pre,1.4853200912475586,0.0,0.0,0.0,0.10144726277217041,-0.47123889803846897,-0.025089107997418487,-0.58,-0.9400000000000001,8.8,0.6899999999999998,0.7814828753471375,0.0,0.009068015962839127,1.0,1.0,7.3,0.551,True,True,False
1.5056869983673096,stand_pre,1.5056869983673096,0.0,0.0,0.0,0.16907877128695067,-0.33161255787892263,-0.003272492347489368,-0.58,-0.9400000000000001,8.8,0.614,0.7435777187347412,0.0,0.009636192582547665,1.0,1.0,7.3,0.551,True,True,False
1.526076316833496,stand_pre,1.526076316833496,0.0,0.0,0.0,0.16907877128695067,-0.33161255787892263,-0.003272492347489368,-0.05,0.29,8.26,0.46,0.7285173535346985,0.0,0.016247371211647987,1.0,1.0,7.3,0.551,True,True,False
1.5464341640472412,stand_pre,1.5464341640472412,0.0,0.0,0.0,0.2585268954516601,-0.14726215563702155,-0.2694352032766246,0.17,0.53,8.82,0.307,0.6684397459030151,0.0,0.03209197148680687,1.0,1.0,7.3,0.551,True,True,False
1.5668141841888428,stand_pre,1.5668141841888428,0.0,0.0,0.0,0.1505346479845109,-0.03490658503988659,-0.25416357232167425,-0.03,0.2,8.71,0.23,0.7769428491592407,0.0,0.04916704446077347,1.0,1.0,7.3,0.551,True,True,False
1.5872328281402588,stand_pre,1.5872328281402588,0.0,0.0,0.0,0.03490658503988659,-0.022907446432425576,-0.18544123302439752,-0.14,0.2,8.78,0.384,0.8707137703895569,0.0,0.036240946501493454,1.0,1.0,7.3,0.551,True,True,False
1.6075916290283203,stand_pre,1.6075916290283203,0.0,0.0,0.0,0.026179938779914945,0.026179938779914945,-0.05781403147231216,-0.01,-0.37,9.38,0.767,0.8853653073310852,0.0,0.02579690422862768,1.0,1.0,7.3,0.551,True,True,False
1.627958059310913,stand_pre,1.627958059310913,0.0,0.0,0.0,0.00545415391248228,-0.030543261909900768,0.04036073895236887,0.04,-1.94,9.06,1.074,0.8544617891311646,0.0,0.01870468631386757,1.0,1.0,7.3,0.551,True,True,False
1.6483385562896729,stand_pre,1.6483385562896729,0.0,0.0,0.0,0.10581058590215622,-0.14726215563702155,0.27707101875409984,0.2,-2.37,8.21,1.304,0.7989039421081543,0.0,0.03998035192489624,1.0,1.0,7.5,0.215,True,True,False
1.6687064170837402,stand_pre,1.6687064170837402,0.0,0.0,0.0,0.23125612588924865,-0.2203478180642841,0.49632800603588745,0.08,-3.02,8.67,1.151,0.777254045009613,0.0,0.05140818143263459,1.0,1.0,7.5,0.215,True,True,False
1.68912935256958,stand_pre,1.68912935256958,0.0,0.0,0.0,0.49741883681838395,-0.24434609527920614,0.4657847441259867,0.07,-1.52,9.43,0.6899999999999998,0.7753833532333374,0.0,0.025985953863710165,1.0,1.0,7.5,0.215,True,True,False
1.709505319595337,stand_pre,1.709505319595337,0.0,0.0,0.0,0.48978302134090873,-0.05345070834232634,0.210530341021816,0.07,-1.52,9.43,0.46,0.7641221284866333,0.0,0.017932195085450076,1.0,1.0,7.5,0.215,True,True,False
1.7298643589019775,stand_pre,1.7298643589019775,0.0,0.0,0.0,0.24870941840919197,0.11017390903214205,-0.32288591161895097,0.07,-1.52,9.43,0.767,0.7445845603942871,0.0,0.01671450585126877,1.0,1.0,7.5,0.215,True,True,False
1.7502362728118896,stand_pre,1.7502362728118896,0.0,0.0,0.0,0.08835729338221293,0.09490227807719166,-0.5835944686356039,0.07,-1.52,9.43,0.9970000000000001,0.7802962064743042,0.0,0.016402941197156906,1.0,1.0,7.5,0.215,True,True,False
1.770613670349121,stand_pre,1.770613670349121,0.0,0.0,0.0,0.1090830782496456,-0.05890486225480862,-0.5115996369908379,0.07,-1.52,9.43,0.9970000000000001,0.7506325840950012,0.0,0.009288407862186432,1.0,1.0,7.5,0.215,True,True,False
1.7910056114196777,stand_pre,1.7910056114196777,0.0,0.0,0.0,0.05999569303730508,0.17780541754692233,-0.5061454830783556,0.5,2.56,8.91,0.9210000000000002,0.7209339737892151,0.0,0.020928850397467613,1.0,1.0,7.5,0.215,True,True,False
1.8113815784454346,stand_pre,1.8113815784454346,0.0,0.0,0.0,0.05999569303730508,0.17780541754692233,-0.5061454830783556,-0.31,0.31,7.49,0.614,0.7045634388923645,0.0,0.017685063183307648,1.0,1.0,7.5,0.215,True,True,False
1.8317439556121826,stand_pre,1.8317439556121826,0.0,0.0,0.0,-0.16253378659197193,0.09926560120717749,-0.26616271092913524,-0.31,0.31,7.49,0.384,0.6096768975257874,0.0,0.032388465479016304,1.0,1.0,7.5,0.215,True,True,False
1.852123498916626,stand_pre,1.852123498916626,0.0,0.0,0.0,-0.2203478180642841,0.3763366199612773,0.07308566242726255,-0.45,-0.35000000000000003,8.25,0.153,0.6457302570343018,0.0,0.06081805564463138,1.0,1.0,7.4,0.396,True,True,False
1.8724861145019531,stand_pre,1.8724861145019531,0.0,0.0,0.0,-0.29670597283903605,0.4177881896961426,0.36106498900632694,-0.96,-0.1,8.47,0.384,0.8037843704223633,0.0,0.04293350409716368,1.0,1.0,7.4,0.396,True,True,False
1.8928532600402832,stand_pre,1.8928532600402832,0.0,0.0,0.0,-0.3196134192714616,0.3076142806640006,0.45814892864851153,-0.26,-0.86,9.17,0.6899999999999998,0.832485556602478,0.0,0.01777590948040597,1.0,1.0,7.4,0.396,True,True,False
1.9132657051086426,stand_pre,1.9132657051086426,0.0,0.0,0.0,-0.26070855701665296,0.09926560120717749,0.5345070834232635,-0.23,-1.01,8.59,1.074,0.8634763956069946,0.0,0.03069225512444973,1.0,1.0,7.4,0.396,True,True,False
1.9336259365081787,stand_pre,1.9336259365081787,0.0,0.0,0.0,-0.4112432050011639,-0.02945243112740431,0.4036073895236887,-1.44,-0.67,7.69,1.074,0.8237645030021667,0.0,0.03805429395288229,1.0,1.0,7.4,0.396,True,True,False
1.9540009498596191,stand_pre,1.9540009498596191,0.0,0.0,0.0,-0.5475970528132209,-0.017453292519943295,0.16580627893946132,-1.54,-0.26,8.88,0.537,0.8234131336212158,0.0,0.03499805275350809,1.0,1.0,7.4,0.396,True,True,False
1.974376916885376,stand_pre,1.974376916885376,0.0,0.0,0.0,-0.5083271446433485,0.20398535632683726,-0.05890486225480862,-1.54,-0.26,8.88,0.537,0.8089351654052734,0.0,0.02407181542366743,1.0,1.0,7.4,0.396,True,True,False
1.994753122329712,stand_pre,1.994753122329712,0.0,0.0,0.0,-0.32179508083645453,-0.12435470920459599,-0.014180800172453928,-1.54,-0.26,8.88,0.614,0.7596352696418762,0.0,0.03435721341520548,1.0,1.0,7.4,0.396,True,True,False
2.015122890472412,forward_005,0.01512289047241211,0.05,0.0,0.0,-0.022907446432425576,-0.27707101875409984,0.03381575425739013,-0.44,-1.04,9.02,0.6899999999999998,0.7731053233146667,0.0,0.01445845514535904,1.0,1.0,7.4,0.396,True,True,False
2.0354807376861572,forward_005,0.03548073768615723,0.05,0.0,0.0,0.2181661564992912,-0.4788747135159442,0.004363323129985824,-0.44,-1.04,9.02,0.6899999999999998,0.7995692491531372,0.0,0.009946012869477272,1.0,1.0,7.4,0.396,True,True,False
2.05584716796875,forward_005,0.05584716796875,0.05,0.0,0.0,0.26616271092913524,-0.3010692959690218,-0.12871803233458182,-0.44,-1.04,9.02,0.537,0.7534533739089966,0.0,0.01639518514275551,1.0,1.0,7.4,0.167,True,True,False
2.077754259109497,forward_005,0.07775425910949707,0.05,0.0,0.0,0.22252947962927702,-0.037088246604879506,-0.3665191429188092,-0.16,0.27,7.13,0.46,0.6245143413543701,0.0,0.019681427627801895,1.0,1.0,7.4,0.167,True,True,False
2.0981693267822266,forward_005,0.09816932678222656,0.05,0.0,0.0,0.3119776037939864,-0.15817046346198613,-0.24870941840919197,-0.16,0.27,7.13,0.307,0.7222259044647217,0.0,0.03918517008423805,1.0,1.0,7.4,0.167,True,True,False
2.118642568588257,forward_005,0.11864256858825684,0.05,0.0,0.0,0.14944381720201447,0.13308135546456762,-0.14835298641951802,0.02,0.42,7.640000000000001,0.384,0.7612605094909668,0.0,0.06681933254003525,1.0,1.0,7.4,0.167,True,True,False
2.139005422592163,forward_005,0.13900542259216309,0.05,0.0,0.0,0.07853981633974483,-0.06654067773228381,-0.07526732399225546,-0.02,-0.24,8.8,0.307,0.8236984610557556,0.0,0.09915895946323872,1.0,1.0,7.4,0.167,True,True,False
2.15948224067688,forward_005,0.15948224067687988,0.05,0.0,0.0,0.07744898555724837,-0.014180800172453928,0.2617993877991494,-0.1,-1.04,9.26,0.767,0.6929116249084473,0.0,0.024532249197363853,1.0,1.0,7.4,0.167,True,True,False
2.179863214492798,forward_005,0.17986321449279785,0.05,0.0,0.0,0.06435901616729091,-0.08290313946973066,0.5497787143782138,-0.06,-1.6,8.41,0.9210000000000002,0.7539505362510681,0.0,0.020743391010910273,1.0,1.0,7.4,0.167,True,True,False
2.2002310752868652,forward_005,0.20023107528686523,0.05,0.0,0.0,0.15162547876700738,-0.10690141668465268,0.8028514559173916,-0.52,-2.32,8.68,0.9970000000000001,0.7627517580986023,0.0,0.02301136776804924,1.0,1.0,7.4,0.167,True,True,False
2.2207281589508057,forward_005,0.22072815895080566,0.05,0.0,0.0,0.19853120241435498,-0.04799655442984406,0.8737554567796613,-0.42,-2.3000000000000003,9.61,0.844,0.680793046951294,0.0,0.04916385933756828,1.0,1.0,7.4,0.167,True,True,False
2.241401433944702,forward_005,0.24140143394470215,0.05,0.0,0.0,0.28361600344907856,-0.0818123086872342,0.6566801310628665,1.33,-1.31,9.58,0.537,0.6374524235725403,0.0,0.030923266895115376,1.0,1.0,7.4,0.167,True,True,False
2.261800765991211,forward_005,0.26180076599121094,0.05,0.0,0.0,0.34033920413889424,0.03490658503988659,-0.10035643198967395,1.33,-1.31,9.58,0.6899999999999998,0.7180917859077454,0.0,0.02393933106213808,1.0,1.0,7.3,0.686,True,True,False
2.2821645736694336,forward_005,0.2821645736694336,0.05,0.0,0.0,0.3436116964863836,0.13199052468207118,-0.44178646691106466,1.33,-1.31,9.58,0.9210000000000002,0.7882989048957825,0.0,0.020615767687559128,1.0,1.0,7.3,0.686,True,True,False
2.302642822265625,forward_005,0.302642822265625,0.05,0.0,0.0,0.22252947962927702,0.26070855701665296,-1.1824605682261582,1.33,-1.31,9.58,0.9210000000000002,0.7877092361450195,0.0,0.013217136263847351,1.0,1.0,7.3,0.686,True,True,False
2.323009967803955,forward_005,0.3230099678039551,0.05,0.0,0.0,0.136353847812057,0.32070425005395803,-1.2915436464758039,-0.29,1.61,9.18,1.074,0.7198788523674011,0.0,0.013278480619192123,1.0,1.0,7.3,0.686,True,True,False
2.3433666229248047,forward_005,0.3433666229248047,0.05,0.0,0.0,0.12544553998709243,0.16144295580947549,-1.0951941056264418,1.6300000000000001,0.35000000000000003,8.58,0.844,0.6669954657554626,0.0,0.02467995695769787,1.0,1.0,7.3,0.686,True,True,False
2.3638429641723633,forward_005,0.3638429641723633,0.05,0.0,0.0,0.04690572364734761,0.4079707126536745,-0.8530296719122286,0.05,-0.18,7.640000000000001,0.614,0.653390645980835,0.0,0.03424734249711037,1.0,1.0,7.3,0.686,True,True,False
2.384237051010132,forward_005,0.38423705101013184,0.05,0.0,0.0,-0.015271630954950384,0.3687008044838021,-0.26725354171163174,0.05,-0.18,7.640000000000001,0.384,0.6952759027481079,0.0,0.02285628207027912,1.0,1.0,7.3,0.686,True,True,False
2.404726266860962,forward_005,0.4047262668609619,0.05,0.0,0.0,-0.020725784867432664,0.3839724354387525,0.3490658503988659,-0.48,-0.79,7.12,0.46,0.6655349135398865,0.0,0.04490312933921813,1.0,1.0,7.3,0.686,True,True,False
2.425170421600342,forward_005,0.4251704216003418,0.05,0.0,0.0,-0.12217304763960307,0.18653206380689397,0.5585053606381855,-1.51,0.15,8.91,0.844,0.7947336435317993,0.0,0.02668996062129736,1.0,1.0,7.3,0.686,True,True,False
2.4455318450927734,forward_005,0.44553184509277344,0.05,0.0,0.0,-0.2552544031041707,0.3523383427463553,0.5345070834232635,-2.07,0.03,8.83,1.074,0.7959447503089905,0.0,0.027983390726149082,1.0,1.0,7.3,0.686,True,True,False
2.4659011363983154,forward_005,0.46590113639831543,0.05,0.0,0.0,-0.33052172709642613,0.34797501961636945,0.4734205596034619,-1.73,-0.17,8.4,1.074,0.7106930613517761,0.0,0.033896489068865776,1.0,1.0,7.4,0.238,True,True,False
2.48626971244812,forward_005,0.4862697124481201,0.05,0.0,0.0,-0.45814892864851153,0.31525009614147576,0.16580627893946132,-1.01,0.42,6.96,0.9970000000000001,0.7243601083755493,0.0,0.04760549031198025,1.0,1.0,7.4,0.238,True,True,False
2.506657361984253,forward_005,0.5066573619842529,0.05,0.0,0.0,-0.5203262832508095,0.15707963267948966,-0.014180800172453928,-1.55,0.03,8.870000000000001,0.6899999999999998,0.7329127192497253,0.0,0.04720390774309635,1.0,1.0,7.4,0.238,True,True,False
2.5270345211029053,forward_005,0.5270345211029053,0.05,0.0,0.0,-0.48978302134090873,-0.050178215994836975,-0.006544984694978736,-1.55,0.03,8.870000000000001,0.46,0.7344745397567749,0.0,0.023282091133296483,1.0,1.0,7.4,0.238,True,True,False
2.547410726547241,forward_005,0.5474107265472412,0.05,0.0,0.0,-0.5715953300281429,-0.24870941840919197,-0.04036073895236887,-1.55,0.03,8.870000000000001,0.537,0.7613502144813538,0.0,0.023455791175365448,1.0,1.0,7.4,0.238,True,True,False
2.5678763389587402,forward_005,0.5678763389587402,0.05,0.0,0.0,-0.3839724354387525,-0.2825251726665821,0.17453292519943295,-1.55,0.03,8.870000000000001,0.6899999999999998,0.740905225276947,0.0,0.008615243248641491,1.0,1.0,7.4,0.238,True,True,False
2.5882363319396973,forward_005,0.5882363319396973,0.05,0.0,0.0,-0.16144295580947549,-0.34470252726888007,0.41996985126113556,-1.55,0.03,8.870000000000001,0.6899999999999998,0.7309436202049255,0.0,0.009233556687831879,1.0,1.0,7.4,0.238,True,True,False
2.608618974685669,forward_005,0.608618974685669,0.05,0.0,0.0,0.05345070834232634,-0.29561514205653955,0.29343348049154666,-1.55,0.03,8.870000000000001,0.614,0.7277361750602722,0.0,0.015011288225650787,1.0,1.0,7.4,0.238,True,True,False
2.6290512084960938,forward_005,0.6290512084960938,0.05,0.0,0.0,0.12435470920459599,-0.30325095753401476,0.08835729338221293,0.9500000000000001,-1.21,7.03,0.384,0.7397748827934265,0.0,0.014986563473939896,1.0,1.0,7.4,0.238,True,True,False
2.6494696140289307,forward_005,0.6494696140289307,0.05,0.0,0.0,0.19962203319685143,-0.2694352032766246,-0.08726646259971647,0.11,-0.85,9.03,0.307,0.694744348526001,0.0,0.029695328325033188,1.0,1.0,7.4,0.238,True,True,False
2.6699485778808594,forward_005,0.6699485778808594,0.05,0.0,0.0,0.2279836335417593,0.037088246604879506,-0.2007128639793479,0.11,-0.85,9.03,0.307,0.7129592299461365,0.0,0.045101793482899666,1.0,1.0,7.4,0.43200000000000005,True,True,False
2.6903059482574463,forward_005,0.6903059482574463,0.05,0.0,0.0,0.12762720155208535,-0.022907446432425576,-0.12435470920459599,-0.18,-1.35,8.1,0.46,0.7872788310050964,0.0,0.052754877135157585,1.0,1.0,7.4,0.43200000000000005,True,True,False
2.7106704711914062,forward_005,0.7106704711914062,0.05,0.0,0.0,0.04908738521234052,-0.18980455615438332,0.013089969389957472,-0.67,-1.07,9.38,0.6899999999999998,0.7738644480705261,0.0,0.06369389593601227,1.0,1.0,7.4,0.43200000000000005,True,True,False
2.7310383319854736,forward_005,0.7310383319854736,0.05,0.0,0.0,0.10253809355466686,-0.009817477042468103,0.1930770485018727,-0.41000000000000003,-0.92,8.18,0.9210000000000002,0.8061489462852478,0.0,0.02395465737208724,1.0,1.0,7.4,0.43200000000000005,True,True,False
2.751398801803589,forward_005,0.7513988018035889,0.05,0.0,0.0,0.2378011105842274,-0.11344640137963143,0.4036073895236887,0.44,-1.98,8.42,1.227,0.7443174719810486,0.0,0.032133232802152634,1.0,1.0,7.4,0.43200000000000005,True,True,False
2.7718756198883057,forward_005,0.7718756198883057,0.05,0.0,0.0,0.3621558197888234,-0.04799655442984406,0.6752242543653062,0.44,-1.98,8.42,1.227,0.6900889873504639,0.0,0.06108199059963226,1.0,1.0,7.4,0.43200000000000005,True,True,False
2.792238235473633,forward_005,0.7922382354736328,0.05,0.0,0.0,0.41233403578366035,0.04036073895236887,0.557414529855689,-0.8300000000000001,-1.18,7.55,0.844,0.6334666609764099,0.0,0.03176680579781532,1.0,1.0,7.4,0.43200000000000005,True,True,False
2.8126039505004883,forward_005,0.8126039505004883,0.05,0.0,0.0,0.5715953300281429,-0.18871372537188688,-0.007635815477475192,-0.08,0.02,9.06,0.537,0.7482149004936218,0.0,0.016373276710510254,1.0,1.0,7.4,0.43200000000000005,True,True,False
2.833127975463867,forward_005,0.8331279754638672,0.05,0.0,0.0,0.5388704065532492,0.15817046346198613,-0.45814892864851153,-0.08,0.02,9.06,0.767,0.7586817145347595,0.0,0.020679887384176254,1.0,1.0,7.4,0.43200000000000005,True,True,False
2.8534882068634033,forward_005,0.8534882068634033,0.05,0.0,0.0,0.23889194136672387,0.210530341021816,-0.9075712110370514,-0.08,0.02,9.06,0.9970000000000001,0.7926900386810303,0.0,0.01311955600976944,1.0,1.0,7.4,0.43200000000000005,True,True,False
2.873905658721924,forward_005,0.8739056587219238,0.05,0.0,0.0,0.13308135546456762,0.19525871006686563,-1.1039207518864134,-0.08,0.02,9.06,0.9210000000000002,0.7514354586601257,0.0,0.019281422719359398,1.0,1.0,7.4,0.296,True,True,False
2.894275665283203,forward_005,0.8942756652832031,0.05,0.0,0.0,0.0719948316447661,0.19853120241435498,-1.0602875205865552,0.24,1.68,8.91,0.844,0.6428143978118896,0.0,0.019559452310204506,1.0,1.0,7.4,0.296,True,True,False
2.914712429046631,forward_005,0.9147124290466309,0.05,0.0,0.0,0.07853981633974483,0.09490227807719166,-0.5541420375081997,0.21,0.01,8.52,0.6899999999999998,0.5969868302345276,0.0,0.03194140922278166,1.0,1.0,7.4,0.296,True,True,False
2.9350802898406982,forward_005,0.9350802898406982,0.05,0.0,0.0,0.02945243112740431,0.21271200258680892,-0.0818123086872342,-0.88,-0.17,8.46,0.307,0.577521562576294,0.0,0.034070249646902084,1.0,1.0,7.4,0.296,True,True,False
2.9554624557495117,forward_005,0.9554624557495117,0.05,0.0,0.0,-0.013089969389957472,0.13853550937704992,0.3490658503988659,-0.84,-0.1,8.43,0.23,0.6985948085784912,0.0,0.04022850468754768,1.0,1.0,7.4,0.296,True,True,False
2.9758310317993164,forward_005,0.9758310317993164,0.05,0.0,0.0,-0.19198621771937624,0.2792526803190927,0.40251655874119224,-1.6300000000000001,1.16,8.46,0.614,0.7640084028244019,0.0,0.03282683528959751,1.0,1.0,7.4,0.296,True,True,False
2.996199369430542,forward_005,0.996199369430542,0.05,0.0,0.0,-0.30325095753401476,0.33815754257390135,0.2683443724941282,-1.68,0.13,8.870000000000001,0.9210000000000002,0.669122576713562,0.0,0.027612557634711266,1.0,1.0,7.4,0.296,True,True,False
3.0165860652923584,forward_005,1.0165860652923584,0.05,0.0,0.0,-0.3425208657038872,0.31525009614147576,0.29343348049154666,-0.8,0.77,8.83,1.074,0.6737473011016846,0.0,0.019614029675722122,1.0,1.0,7.4,0.296,True,True,False
3.0370209217071533,forward_005,1.0370209217071533,0.05,0.0,0.0,-0.41233403578366035,0.27707101875409984,0.17235126363444003,-1.2,0.6,6.9,0.9210000000000002,0.7226336598396301,0.0,0.038180746138095856,1.0,1.0,7.4,0.296,True,True,False
3.05757212638855,forward_005,1.0575721263885498,0.05,0.0,0.0,-0.5268712679457882,0.044724062082354694,-0.04145156973486533,-1.35,0.17,7.48,0.767,0.7695294618606567,0.0,0.04830941557884216,1.0,1.0,7.4,0.296,True,True,False
3.077944040298462,forward_005,1.077944040298462,0.05,0.0,0.0,-0.5508695451607103,-0.007635815477475192,-0.02945243112740431,-1.35,0.17,7.48,0.46,0.7661159634590149,0.0,0.016498640179634094,1.0,1.0,7.2,0.8170000000000001,True,True,False
3.099717140197754,forward_005,1.099717140197754,0.05,0.0,0.0,-0.619591884457987,-0.16689710972195776,-0.001090830782496456,-1.35,0.17,7.48,0.537,0.753648042678833,0.0,0.018762559921015054,1.0,1.0,7.2,0.8170000000000001,True,True,False
3.1200854778289795,forward_005,1.1200854778289795,0.05,0.0,0.0,-0.4177881896961426,-0.3043417883165112,0.385063266221249,-1.5,-1.51,9.58,0.46,0.7241215705871582,0.0,0.01729469746351242,1.0,1.0,7.2,0.8170000000000001,True,True,False
3.1404547691345215,forward_005,1.1404547691345215,0.05,0.0,0.0,-0.19962203319685143,-0.44833145160604343,0.4265148359561143,-1.5,-1.51,9.58,0.6899999999999998,0.7317354679107666,0.0,0.008339344523847103,1.0,1.0,7.2,0.8170000000000001,True,True,False
3.160881280899048,forward_005,1.1608812808990479,0.05,0.0,0.0,0.10035643198967395,-0.48323803664593,0.2007128639793479,-0.09,-0.58,9.71,0.537,0.7499202489852905,0.0,0.013989277184009552,1.0,1.0,7.2,0.8170000000000001,True,True,False
3.1812567710876465,forward_005,1.1812567710876465,0.05,0.0,0.0,0.1734420944169365,-0.47123889803846897,0.0545415391248228,0.8,-1.54,7.38,0.537,0.7713176012039185,0.0,0.020813867449760437,1.0,1.0,7.2,0.8170000000000001,True,True,False
3.2017345428466797,forward_005,1.2017345428466797,0.05,0.0,0.0,0.24870941840919197,-0.17235126363444003,-0.2596177262341565,0.8,-1.54,7.38,0.307,0.6920298933982849,0.0,0.023798043839633465,1.0,1.0,7.2,0.8170000000000001,True,True,False
3.2221124172210693,forward_005,1.2221124172210693,0.05,0.0,0.0,0.2399827721492203,0.05672320068981571,-0.39269908169872414,-1.12,-1.76,8.5,0.23,0.6665616035461426,0.0,0.032039664685726166,1.0,1.0,7.2,0.8170000000000001,True,True,False
3.2424895763397217,forward_005,1.2424895763397217,0.05,0.0,0.0,0.19634954084936207,-0.07853981633974483,-0.32506757318394386,-0.6900000000000001,-1.55,8.73,0.614,0.7666494250297546,0.0,0.051023127511143684,1.0,1.0,7.2,0.8170000000000001,True,True,False
3.2628536224365234,forward_005,1.2628536224365234,0.05,0.0,0.0,0.06872233929727672,0.02399827721492203,0.07526732399225546,0.96,-1.17,9.19,0.9210000000000002,0.7971451878547668,0.0,0.06337382271885872,1.0,1.0,7.2,0.8170000000000001,True,True,False
3.2832131385803223,forward_005,1.2832131385803223,0.05,0.0,0.0,0.08835729338221293,0.039269908169872414,0.16035212502697901,1.44,-1.25,8.57,0.9970000000000001,0.8509148359298706,0.0,0.017751123290508986,1.0,1.0,7.4,0.273,True,True,False
3.303579330444336,forward_005,1.303579330444336,0.05,0.0,0.0,0.23452861823673804,-0.18980455615438332,0.4079707126536745,0.38,-2.0100000000000002,9.41,1.227,0.7598580718040466,0.0,0.03414148837327957,1.0,1.0,7.4,0.273,True,True,False
3.3239526748657227,forward_005,1.3239526748657227,0.05,0.0,0.0,0.28688849579656794,-0.1930770485018727,0.657770961845363,-1.22,-1.96,9.47,1.227,0.7313894033432007,0.0,0.05963111016899347,1.0,1.0,7.4,0.273,True,True,False
3.3444371223449707,forward_005,1.3444371223449707,0.05,0.0,0.0,0.3272492347489368,-0.003272492347489368,0.7635815477475192,-1.77,-0.58,7.67,0.844,0.6518869400024414,0.0,0.0319293150678277,1.0,1.0,7.4,0.273,True,True,False
3.3648087978363037,forward_005,1.3648087978363037,0.05,0.0,0.0,0.5705044992456465,-0.02181661564992912,-0.11562806294462433,-0.52,-0.01,8.63,0.537,0.7287480235099792,0.0,0.01589365489780903,1.0,1.0,7.4,0.273,True,True,False
3.3852052688598633,forward_005,1.3852052688598633,0.05,0.0,0.0,0.6163193921104976,-0.02181661564992912,-0.31852258848896514,-0.52,-0.01,8.63,0.844,0.7938259840011597,0.0,0.017969615757465363,1.0,1.0,7.4,0.273,True,True,False
3.4055867195129395,forward_005,1.4055867195129395,0.05,0.0,0.0,0.38942658935123475,0.16144295580947549,-0.6239552075879728,-0.52,-0.01,8.63,0.9210000000000002,0.792240560054779,0.0,0.009070662781596184,1.0,1.0,7.4,0.273,True,True,False
3.42600154876709,forward_005,1.4260015487670898,0.05,0.0,0.0,0.09053895494720585,0.1538071403320003,-1.0515608743265836,0.28,1.81,9.67,0.9210000000000002,0.7532775402069092,0.0,0.021448682993650436,1.0,1.0,7.4,0.273,True,True,False
3.446382761001587,forward_005,1.446382761001587,0.05,0.0,0.0,0.11780972450961724,0.08290313946973066,-1.1966413683986121,-0.31,-0.3,8.41,0.844,0.6861287355422974,0.0,0.018258947879076004,1.0,1.0,7.4,0.273,True,True,False
3.466754198074341,forward_005,1.4667541980743408,0.05,0.0,0.0,0.0719948316447661,0.04254240051736178,-0.8748462875621577,0.07,-0.48,8.16,0.614,0.602982223033905,0.0,0.02177298441529274,1.0,1.0,7.4,0.273,True,True,False
3.487241268157959,forward_005,1.487241268157959,0.05,0.0,0.0,0.003272492347489368,0.136353847812057,-0.3643374813538163,-0.55,-0.38,8.9,0.307,0.627278745174408,0.0,0.03094308450818062,1.0,1.0,7.4,0.35000000000000003,True,True,False
3.507619857788086,forward_005,1.507619857788086,0.05,0.0,0.0,-0.016362461737446838,0.21162117180431245,0.11780972450961724,-0.98,-0.13,8.53,0.307,0.6385894417762756,0.0,0.04814996570348739,1.0,1.0,7.4,0.35000000000000003,True,True,False
3.528061866760254,forward_005,1.528061866760254,0.05,0.0,0.0,-0.18216874067690814,0.2716168648416175,0.4734205596034619,-1.01,-0.09,8.03,0.614,0.767474889755249,0.0,0.03334333002567291,1.0,1.0,7.4,0.35000000000000003,True,True,False
3.548548936843872,forward_005,1.548548936843872,0.05,0.0,0.0,-0.35779249665883756,0.36106498900632694,0.5039638215133626,-1.69,0.7000000000000001,9.18,0.9210000000000002,0.7233899831771851,0.0,0.03210917336400598,1.0,1.0,7.4,0.35000000000000003,True,True,False
3.5689234733581543,forward_005,1.5689234733581543,0.05,0.0,0.0,-0.4276056667386107,0.36324665057131983,0.36760997370130566,-1.28,0.49,9.08,1.074,0.7096766233444214,0.0,0.03475978970527649,1.0,1.0,7.4,0.35000000000000003,True,True,False
3.5893142223358154,forward_005,1.5893142223358154,0.05,0.0,0.0,-0.433059820651093,0.23125612588924865,0.25743606466916363,-1.06,0.07,7.72,1.074,0.744766116142273,0.0,0.05166669189929962,1.0,1.0,7.4,0.35000000000000003,True,True,False
3.609713554382324,forward_005,1.6097135543823242,0.05,0.0,0.0,-0.4439681284760576,0.19744037163185854,0.16798794050445423,-1.4000000000000001,-0.48,7.29,0.844,0.761888861656189,0.0,0.040451064705848694,1.0,1.0,7.4,0.35000000000000003,True,True,False
3.630079984664917,forward_005,1.630079984664917,0.05,0.0,0.0,-0.5148721293383273,-0.06217735460229799,-0.0272707695624114,-1.79,-0.74,9.38,0.537,0.7502289414405823,0.0,0.016722965985536575,1.0,1.0,7.4,0.35000000000000003,True,True,False
3.6504502296447754,forward_005,1.6504502296447754,0.05,0.0,0.0,-0.5977752688080579,-0.16689710972195776,-0.039269908169872414,-1.79,-0.74,9.38,0.46,0.7453025579452515,0.0,0.01702918391674757,1.0,1.0,7.4,0.35000000000000003,True,True,False
3.670825481414795,forward_005,1.670825481414795,0.05,0.0,0.0,-0.4821472058634335,-0.32506757318394386,0.16689710972195776,-1.79,-0.74,9.38,0.537,0.7373818755149841,0.0,0.010345113463699818,1.0,1.0,7.4,0.35000000000000003,True,True,False
3.691199779510498,forward_005,1.691199779510498,0.05,0.0,0.0,-0.17671458676442586,-0.40251655874119224,0.26616271092913524,-1.79,-0.74,9.38,0.767,0.7381319403648376,0.0,0.007890254259109497,1.0,1.0,7.5,0.22400000000000003,True,True,False
3.7115702629089355,forward_005,1.7115702629089355,0.05,0.0,0.0,0.17998707911191522,-0.4701480672559725,-0.008726646259971648,-0.28,-1.7,9.65,0.614,0.7570430636405945,0.0,0.0144426878541708,1.0,1.0,7.5,0.22400000000000003,True,True,False
3.7319486141204834,forward_005,1.7319486141204834,0.05,0.0,0.0,0.22580197197676638,-0.3861540970037454,-0.0545415391248228,-0.28,-1.3,8.11,0.384,0.7508492469787598,0.0,0.020082008093595505,1.0,1.0,7.5,0.22400000000000003,True,True,False
3.752436399459839,forward_005,1.7524363994598389,0.05,0.0,0.0,0.2181661564992912,-0.11999138607461016,-0.12435470920459599,-0.36,-0.6,8.92,0.23,0.6542123556137085,0.0,0.02111705392599106,1.0,1.0,7.5,0.22400000000000003,True,True,False
3.7729105949401855,forward_005,1.7729105949401855,0.05,0.0,0.0,0.24434609527920614,0.001090830782496456,-0.3174317577064687,-0.3,-0.91,9.03,0.384,0.7185730934143066,0.0,0.04505830630660057,1.0,1.0,7.5,0.22400000000000003,True,True,False
3.793388843536377,forward_005,1.793388843536377,0.05,0.0,0.0,0.17889624832941878,-0.09053895494720585,-0.20616701789183017,-0.29,-1.36,8.89,0.537,0.8253999352455139,0.0,0.056692495942115784,1.0,1.0,7.5,0.22400000000000003,True,True,False
3.8137729167938232,forward_005,1.8137729167938232,0.05,0.0,0.0,0.009817477042468103,-0.11017390903214205,0.09708393964218458,-0.29,-1.36,8.89,0.767,0.7571518421173096,0.0,0.04758458770811558,1.0,1.0,7.5,0.22400000000000003,True,True,False
3.834150791168213,forward_005,1.834150791168213,0.05,0.0,0.0,0.04908738521234052,-0.011999138607461015,0.3097959422289935,0.39,-0.8300000000000001,8.23,1.151,0.8189631104469299,0.0,0.02468342601787299,1.0,1.0,7.5,0.22400000000000003,True,True,False
3.8545122146606445,forward_005,1.8545122146606445,0.05,0.0,0.0,0.16035212502697901,-0.17780541754692233,0.4734205596034619,-0.44,-2.41,9.23,1.304,0.7508722543716431,0.0,0.026640503201633692,1.0,1.0,7.5,0.22400000000000003,True,True,False
3.874934434890747,forward_005,1.874934434890747,0.05,0.0,0.0,0.2530727415391778,-0.028361600344907856,0.7875798249624412,-1.11,-1.8800000000000001,8.790000000000001,1.151,0.7077991366386414,0.0,0.05695022642612457,1.0,1.0,7.5,0.22400000000000003,True,True,False
3.895318031311035,forward_005,1.8953180313110352,0.05,0.0,0.0,0.3119776037939864,0.04145156973486533,0.6992225315802283,0.46,-0.17,8.38,0.6899999999999998,0.6304940581321716,0.0,0.035539284348487854,1.0,1.0,7.3,0.8250000000000001,True,True,False
3.915684461593628,forward_005,1.915684461593628,0.05,0.0,0.0,0.47123889803846897,-0.050178215994836975,0.22689280275926285,-0.1,0.3,9.43,0.6899999999999998,0.7150865793228149,0.0,0.020382573828101158,1.0,1.0,7.3,0.8250000000000001,True,True,False
3.936068058013916,forward_005,1.936068058013916,0.05,0.0,0.0,0.5105088062083414,0.050178215994836975,-0.2301652951067522,-0.1,0.3,9.43,0.9970000000000001,0.7904278635978699,0.0,0.022350266575813293,1.0,1.0,7.3,0.8250000000000001,True,True,False
3.9564411640167236,forward_005,1.9564411640167236,0.05,0.0,0.0,0.36979163526629855,0.1734420944169365,-0.8595746566072073,-0.1,0.3,9.43,1.074,0.7926446199417114,0.0,0.013115890324115753,1.0,1.0,7.3,0.8250000000000001,True,True,False
3.9769227504730225,forward_005,1.9769227504730225,0.05,0.0,0.0,0.24434609527920614,0.26725354171163174,-1.279544507868343,-0.1,0.3,9.43,0.767,0.7315578460693359,0.0,0.013613369315862656,1.0,1.0,7.3,0.8250000000000001,True,True,False
3.99729585647583,forward_005,1.99729585647583,0.05,0.0,0.0,0.2007128639793479,0.16580627893946132,-1.0897399517139594,-0.28,-0.14,7.61,0.844,0.6203063130378723,0.0,0.030121963704004884,1.0,1.0,7.3,0.8250000000000001,True,True,False
4.017667055130005,forward_005,2.017667055130005,0.05,0.0,0.0,0.14508049407202864,0.13308135546456762,-0.8912087492996045,0.26,-0.75,7.75,0.614,0.5963494181632996,0.0,0.01818844280205667,1.0,1.0,7.3,0.8250000000000001,True,True,False
4.038037061691284,forward_005,2.038037061691284,0.05,0.0,0.0,0.0272707695624114,0.1090830782496456,-0.4046982203061852,-0.77,-0.35000000000000003,9.22,0.307,0.524233341217041,0.0,0.03238888271152973,1.0,1.0,7.3,0.8250000000000001,True,True,False
4.05840802192688,forward_005,2.05840802192688,0.05,0.0,0.0,0.004363323129985824,0.2301652951067522,0.1189005552921137,-0.86,-0.56,8.16,0.537,0.6222853660583496,0.0,0.04166502691805362,1.0,1.0,7.3,0.8250000000000001,True,True,False
4.078782796859741,forward_005,2.078782796859741,0.05,0.0,0.0,-0.09272061651219876,0.15707963267948966,0.4308781590861001,-1.43,0.5,8.41,0.844,0.7704593539237976,0.0,0.031448544934391975,1.0,1.0,7.3,0.8250000000000001,True,True,False
4.099153995513916,forward_005,2.099153995513916,0.05,0.0,0.0,-0.29670597283903605,0.27598018797160334,0.35997415822383044,-1.98,0.0,8.45,0.9970000000000001,0.7699453830718994,0.0,0.025682933628559113,1.0,1.0,7.4,0.29600000000000004,True,True,False
4.120547294616699,forward_005,2.120547294616699,0.05,0.0,0.0,-0.3534291735288517,0.3752457891787809,0.3665191429188092,-1.46,1.03,9.64,1.074,0.7206206321716309,0.0,0.02870327979326248,1.0,1.0,7.4,0.29600000000000004,True,True,False
4.141007661819458,forward_005,2.141007661819458,0.05,0.0,0.0,-0.46142142099600086,0.3196134192714616,0.17562375598192942,-0.9,0.61,7.5,0.9210000000000002,0.7133627533912659,0.0,0.056143940426409245,1.0,1.0,7.4,0.29600000000000004,True,True,False
4.1614861488342285,forward_005,2.1614861488342285,0.05,0.0,0.0,-0.49741883681838395,0.1265363707695889,0.022907446432425576,-0.85,-0.44,7.49,0.6899999999999998,0.7685924768447876,0.0,0.03758089151233435,1.0,1.0,7.4,0.29600000000000004,True,True,False
4.181851863861084,forward_005,2.181851863861084,0.05,0.0,0.0,-0.5377795757707527,0.01090830782496456,0.0916297857297023,-0.85,-0.44,7.49,0.537,0.7532095313072205,0.0,0.014970231801271439,1.0,1.0,7.4,0.29600000000000004,True,True,False
4.20223331451416,forward_005,2.20223331451416,0.05,0.0,0.0,-0.5835944686356039,-0.23889194136672387,0.06872233929727672,-0.85,-0.44,7.49,0.614,0.7461727857589722,0.0,0.02555679070064798,1.0,1.0,7.4,0.29600000000000004,True,True,False
4.222624063491821,forward_005,2.2226240634918213,0.05,0.0,0.0,-0.559596191420682,-0.23452861823673804,0.21925698728178766,-0.97,-1.97,9.31,0.614,0.7220649123191833,0.0,0.01312422938644886,1.0,1.0,7.4,0.29600000000000004,True,True,False
4.243034839630127,forward_005,2.243034839630127,0.05,0.0,0.0,-0.26725354171163174,-0.4188790204786391,0.44833145160604343,-0.97,-1.97,9.31,0.767,0.7168425917625427,0.0,0.011909108608961105,1.0,1.0,7.4,0.29600000000000004,True,True,False
4.263474225997925,forward_005,2.263474225997925,0.05,0.0,0.0,0.08508480103472356,-0.48651052899341934,0.20289452554434081,-0.06,-1.98,9.4,0.6899999999999998,0.7458058595657349,0.0,0.014048341661691666,1.0,1.0,7.4,0.29600000000000004,True,True,False
4.283869743347168,forward_005,2.283869743347168,0.05,0.0,0.0,0.23889194136672387,-0.26725354171163174,-0.1407171709420428,-0.06,-1.98,9.4,0.46,0.712809681892395,0.0,0.02836564928293228,1.0,1.0,7.4,0.29600000000000004,True,True,False
4.304231405258179,forward_005,2.3042314052581787,0.05,0.0,0.0,0.23452861823673804,0.017453292519943295,-0.4046982203061852,-0.67,-0.93,8.34,0.384,0.621361494064331,0.0,0.017585877823876217,1.0,1.0,7.4,0.4030000000000001,True,True,False
4.324980974197388,forward_005,2.3249809741973877,0.05,0.0,0.0,0.15817046346198613,-0.08072147790473774,-0.3239767424014474,-0.63,-1.51,8.24,0.23,0.7352113723754883,0.0,0.03314667474478483,1.0,1.0,7.4,0.4030000000000001,True,True,False
4.345418214797974,forward_005,2.3454182147979736,0.05,0.0,0.0,0.08399397025222712,-0.09708393964218458,0.009817477042468103,0.71,-1.16,9.24,0.384,0.8206655383110046,0.0,0.04710170440375805,1.0,1.0,7.4,0.4030000000000001,True,True,False
4.3657848834991455,forward_005,2.3657848834991455,0.05,0.0,0.0,0.07526732399225546,-0.08617563181722002,0.28034351110158917,1.02,-0.61,8.78,0.6899999999999998,0.8180519938468933,0.0,0.0272033202345483,1.0,1.0,7.4,0.4030000000000001,True,True,False
4.386251211166382,forward_005,2.386251211166382,0.05,0.0,0.0,0.19853120241435498,-0.11126473981463851,0.43524148221608594,0.04,-1.6500000000000001,9.01,0.9210000000000002,0.8050459623336792,0.0,0.019297737628221512,1.0,1.0,7.4,0.4030000000000001,True,True,False
4.406620979309082,forward_005,2.406620979309082,0.05,0.0,0.0,0.23343778745424157,-0.12435470920459599,0.5748678223756323,-0.64,-2.05,9.200000000000001,1.304,0.8006942868232727,0.0,0.032324209809303284,1.0,1.0,7.4,0.4030000000000001,True,True,False
4.427141427993774,forward_005,2.4271414279937744,0.05,0.0,0.0,0.3294308963139297,-0.1308996938995747,0.5770494839406252,-0.21,-0.9,9.33,1.151,0.6965072154998779,0.0,0.06020152079872787,1.0,1.0,7.4,0.4030000000000001,True,True,False
4.447626113891602,forward_005,2.4476261138916016,0.05,0.0,0.0,0.4461497900410505,-0.08072147790473774,0.2203478180642841,-0.9500000000000001,0.54,8.98,0.46,0.6634029150009155,0.0,0.021083205239847302,1.0,1.0,7.4,0.4030000000000001,True,True,False
4.468023061752319,forward_005,2.4680230617523193,0.05,0.0,0.0,0.4461497900410505,-0.08072147790473774,0.2203478180642841,-0.9500000000000001,0.54,8.98,0.384,0.7384023070335388,0.0,0.01971335429698229,1.0,1.0,7.4,0.4030000000000001,True,True,False
4.488418102264404,forward_005,2.4884181022644043,0.05,0.0,0.0,0.33161255787892263,0.25634523388666713,-0.7286749627076325,-0.9500000000000001,0.54,8.98,0.9970000000000001,0.7733179330825806,0.0,0.028999794274568558,1.0,1.0,7.4,0.4030000000000001,True,True,False
4.508850812911987,forward_005,2.5088508129119873,0.05,0.0,0.0,0.1341721862470641,0.24216443371421323,-0.9424777960769379,-0.9500000000000001,0.54,8.98,0.9210000000000002,0.7937110662460327,0.0,0.013979662209749222,1.0,1.0,7.4,0.518,True,True,False
4.52921199798584,forward_005,2.52921199798584,0.05,0.0,0.0,0.10581058590215622,0.14289883250703572,-0.9086620418195478,-0.46,-0.48,7.91,0.844,0.753146767616272,0.0,0.026716355234384537,1.0,1.0,7.4,0.518,True,True,False
4.5495851039886475,forward_005,2.5495851039886475,0.05,0.0,0.0,0.13199052468207118,0.09926560120717749,-0.6643159465403417,-0.9,-0.31,7.7700000000000005,0.767,0.6317244172096252,0.0,0.017272042110562325,1.0,1.0,7.4,0.518,True,True,False
4.569998025894165,forward_005,2.569998025894165,0.05,0.0,0.0,0.06763150851478027,0.12108221685710661,-0.1832595714594046,-0.63,-0.16,9.63,0.537,0.6168582439422607,0.0,0.028119448572397232,1.0,1.0,7.4,0.518,True,True,False
4.5903825759887695,forward_005,2.5903825759887695,0.05,0.0,0.0,-0.01090830782496456,0.32288591161895097,0.25416357232167425,-0.81,-0.28,7.7700000000000005,0.23,0.7085450887680054,0.0,0.020003624260425568,1.0,1.0,7.4,0.518,True,True,False
4.610795974731445,forward_005,2.6107959747314453,0.05,0.0,0.0,-0.24980024919168842,0.36542831213631277,0.4821472058634335,-0.91,0.12,8.35,0.307,0.6560807824134827,0.0,0.06624722667038441,1.0,1.0,7.4,0.518,True,True,False
4.631162643432617,forward_005,2.631162643432617,0.05,0.0,0.0,-0.33597588100890846,0.4286964975211072,0.48978302134090873,-1.57,1.22,9.58,0.537,0.7052363753318787,0.0,0.05481519037857652,1.0,1.0,7.4,0.518,True,True,False
4.651543378829956,forward_005,2.651543378829956,0.05,0.0,0.0,-0.4036073895236887,0.34033920413889424,0.30870511144649704,-1.57,1.22,9.58,0.767,0.6022868156433105,0.0,0.05342861730605364,1.0,1.0,7.4,0.518,True,True,False
4.671995162963867,forward_005,2.671995162963867,0.05,0.0,0.0,-0.35124751196385884,0.2628902185816459,0.19198621771937624,-0.89,0.19,7.3,0.9210000000000002,0.6815610527992249,0.0,0.034688062965869904,1.0,1.0,7.4,0.518,True,True,False
4.692449331283569,forward_005,2.6924493312835693,0.05,0.0,0.0,-0.44505895925855404,0.11453723216212788,0.06217735460229799,-1.96,-0.79,7.8500000000000005,1.074,0.7623846530914307,0.0,0.036661792546510696,1.0,1.0,7.4,0.518,True,True,False
4.712921619415283,forward_005,2.712921619415283,0.05,0.0,0.0,-0.5835944686356039,-0.008726646259971648,-0.272707695624114,-2.27,-0.98,9.14,0.614,0.7726908922195435,0.0,0.043522629886865616,1.0,1.0,7.3,0.663,True,True,False
4.733283996582031,forward_005,2.7332839965820312,0.05,0.0,0.0,-0.4854196982109229,-0.06435901616729091,0.037088246604879506,-2.27,-0.98,9.14,0.46,0.7549413442611694,0.0,0.01897343248128891,1.0,1.0,7.3,0.663,True,True,False
4.753753423690796,forward_005,2.753753423690796,0.05,0.0,0.0,-0.4134248665661568,-0.30870511144649704,0.39051742013373125,-2.27,-0.98,9.14,0.46,0.7258316278457642,0.0,0.02025384083390236,1.0,1.0,7.3,0.663,True,True,False
4.774276494979858,forward_005,2.7742764949798584,0.05,0.0,0.0,-0.22580197197676638,-0.44505895925855404,0.46142142099600086,-0.84,-1.37,9.64,0.614,0.7595552206039429,0.0,0.010645277798175812,1.0,1.0,7.3,0.663,True,True,False
4.794723272323608,forward_005,2.7947232723236084,0.05,0.0,0.0,0.13199052468207118,-0.5377795757707527,0.44724062082354693,-0.1,-0.21,9.4,0.614,0.7816569209098816,0.0,0.012713251635432243,1.0,1.0,7.3,0.663,True,True,False
4.815104007720947,forward_005,2.8151040077209473,0.05,0.0,0.0,0.19198621771937624,-0.44833145160604343,0.20289452554434081,0.28,-0.45,8.15,0.46,0.7865090370178223,0.0,0.017332391813397408,1.0,1.0,7.3,0.663,True,True,False
4.8355724811553955,forward_005,2.8355724811553955,0.05,0.0,0.0,0.22143864884678055,-0.11235557059713497,-0.2083486794568231,0.29,0.09,8.74,0.384,0.6561281085014343,0.0,0.037413012236356735,1.0,1.0,7.3,0.663,True,True,False
4.856028318405151,forward_005,2.8560283184051514,0.05,0.0,0.0,0.16253378659197193,0.00545415391248228,-0.5497787143782138,-0.14,-1.7,9.52,0.23,0.731577455997467,0.0,0.02177767176181078,1.0,1.0,7.3,0.663,True,True,False
4.876494884490967,forward_005,2.876494884490967,0.05,0.0,0.0,0.09817477042468103,0.0818123086872342,-0.3021601267515183,-0.51,-1.51,8.34,0.307,0.7039817571640015,0.0,0.032930313202086836,1.0,1.0,7.3,0.663,True,True,False
4.89702582359314,forward_005,2.8970258235931396,0.05,0.0,0.0,0.06326818538479445,0.00545415391248228,0.061086523819801536,-0.19,-1.78,9.22,0.537,0.7380626201629639,0.0,0.045675771310925484,1.0,1.0,7.3,0.663,True,True,False
4.917402744293213,forward_005,2.917402744293213,0.05,0.0,0.0,0.1090830782496456,-0.12217304763960307,0.35779249665883756,1.0,-1.77,8.61,0.9210000000000002,0.7602414488792419,0.0,0.039790148846805096,1.0,1.0,7.3,0.42800000000000005,True,True,False
4.937802076339722,forward_005,2.9378020763397217,0.05,0.0,0.0,0.1908953869368798,-0.20289452554434081,0.7014041931452212,1.0,-1.77,8.61,0.9210000000000002,0.7944979667663574,0.0,0.02790536731481552,1.0,1.0,7.3,0.42800000000000005,True,True,False
4.958259105682373,forward_005,2.958259105682373,0.05,0.0,0.0,0.25634523388666713,-0.16144295580947549,0.8672104720846825,-1.29,-1.28,7.97,1.074,0.7828508615493774,0.0,0.03802213445305824,1.0,1.0,7.3,0.42800000000000005,True,True,False
4.978631496429443,forward_005,2.9786314964294434,0.05,0.0,0.0,0.3490658503988659,-0.06326818538479445,0.36106498900632694,-0.45,0.01,8.33,1.227,0.7054542303085327,0.0,0.05357733182609081,1.0,1.0,7.3,0.42800000000000005,True,True,False
4.999014139175415,forward_005,2.999014139175415,0.05,0.0,0.0,0.41015237421866746,0.009817477042468103,-0.009817477042468103,-0.09,0.84,9.63,1.074,0.6330529451370239,0.0,0.033810874447226524,1.0,1.0,7.3,0.42800000000000005,True,True,False
5.019378423690796,forward_005,3.019378423690796,0.05,0.0,0.0,0.5137812985558308,0.06544984694978735,-0.7254024703601433,-0.09,0.84,9.63,0.614,0.7208641171455383,0.0,0.029927406460046768,1.0,1.0,7.3,0.42800000000000005,True,True,False
5.039761066436768,forward_005,3.0397610664367676,0.05,0.0,0.0,0.47669305195095124,0.1265363707695889,-0.9555677654668955,-0.09,0.84,9.63,0.844,0.7915968894958496,0.0,0.012882702052593231,1.0,1.0,7.3,0.42800000000000005,True,True,False
5.060230255126953,forward_005,3.060230255126953,0.05,0.0,0.0,0.18544123302439752,0.2279836335417593,-1.0591966898040588,0.11,1.94,8.94,0.9970000000000001,0.8157538771629333,0.0,0.0143114123493433,1.0,1.0,7.3,0.42800000000000005,True,True,False
5.080601453781128,forward_005,3.080601453781128,0.05,0.0,0.0,0.12326387842209953,0.14944381720201447,-0.9250245035569946,-0.25,-0.37,8.09,0.9210000000000002,0.7743961811065674,0.0,0.021485595032572746,1.0,1.0,7.3,0.42800000000000005,True,True,False
5.101057529449463,forward_005,3.101057529449463,0.05,0.0,0.0,0.020725784867432664,0.016362461737446838,-0.34143003492139073,0.84,-0.03,9.49,0.844,0.6937279105186462,0.0,0.020234663039445877,1.0,1.0,7.3,0.42800000000000005,True,True,False
5.12152886390686,forward_005,3.1215288639068604,0.05,0.0,0.0,-0.026179938779914945,0.23234695667174513,0.19416787928436915,-0.54,0.37,8.23,0.46,0.6875582337379456,0.0,0.034120287746191025,1.0,1.0,7.4,0.24000000000000002,True,True,False
5.1434361934661865,forward_005,3.1434361934661865,0.05,0.0,0.0,-0.04799655442984406,0.16907877128695067,0.5094179754258449,-1.05,0.35000000000000003,7.48,0.307,0.7599758505821228,0.0,0.021800031885504723,1.0,1.0,7.4,0.24000000000000002,True,True,False
5.1638023853302,forward_005,3.1638023853302,0.05,0.0,0.0,-0.24107360293171676,0.19198621771937624,0.421060682043632,-2.3000000000000003,1.33,9.25,0.23,0.7444889545440674,0.0,0.039826841093599796,1.0,1.0,7.4,0.24000000000000002,True,True,False
5.184290409088135,forward_005,3.1842904090881348,0.05,0.0,0.0,-0.3425208657038872,0.4363323129985824,0.17235126363444003,-1.84,0.08,8.6,0.537,0.7613406777381897,0.0,0.07827923446893692,1.0,1.0,7.4,0.24000000000000002,True,True,False
5.204761028289795,forward_005,3.204761028289795,0.05,0.0,0.0,-0.23671027980173096,0.24652775684419906,0.07090400086226964,0.15,0.08,8.82,0.767,0.6753767728805542,0.0,0.08414072170853615,1.0,1.0,7.4,0.24000000000000002,True,True,False
5.22517991065979,forward_005,3.22517991065979,0.05,0.0,0.0,-0.1930770485018727,0.15271630954950383,-0.12435470920459599,-0.66,-1.3800000000000001,7.92,0.9970000000000001,0.7136438488960266,0.0,0.03640909679234028,1.0,1.0,7.4,0.24000000000000002,True,True,False
5.24556827545166,forward_005,3.24556827545166,0.05,0.0,0.0,-0.3392483733563978,-0.05999569303730508,-0.11671889372712078,-2.46,-0.8200000000000001,8.34,0.9210000000000002,0.7701010704040527,0.0,0.034650979563593864,1.0,1.0,7.4,0.24000000000000002,True,True,False
5.265971422195435,forward_005,3.2659714221954346,0.05,0.0,0.0,-0.3981532356112064,-0.007635815477475192,-0.272707695624114,-1.98,-0.29,7.53,0.6899999999999998,0.7843981981277466,0.0,0.04288715869188309,1.0,1.0,7.4,0.24000000000000002,True,True,False
5.286351203918457,forward_005,3.286351203918457,0.05,0.0,0.0,-0.31852258848896514,-0.10471975511965978,-0.22362031041177347,-1.98,-0.29,7.53,0.46,0.7800139784812927,0.0,0.013180196285247803,1.0,1.0,7.4,0.24000000000000002,True,True,False
5.3067567348480225,forward_005,3.3067567348480225,0.05,0.0,0.0,-0.3643374813538163,-0.2879793265790644,0.32179508083645453,-1.98,-0.29,7.53,0.844,0.7430232167243958,0.0,0.022834032773971558,1.0,1.0,7.4,0.24000000000000002,True,True,False
5.327235460281372,forward_005,3.327235460281372,0.05,0.0,0.0,-0.3327033886614191,-0.3141592653589793,0.5039638215133626,-0.66,0.0,7.92,0.614,0.7552071213722229,0.0,0.011310677975416183,1.0,1.0,7.4,0.466,True,True,False
5.347593784332275,forward_005,3.3475937843322754,0.05,0.0,0.0,-0.10144726277217041,-0.5061454830783556,0.5617778529856748,-0.66,0.0,7.92,0.537,0.7849794626235962,0.0,0.012095527723431587,1.0,1.0,7.4,0.466,True,True,False
5.367963075637817,forward_005,3.3679630756378174,0.05,0.0,0.0,0.06872233929727672,-0.18216874067690814,0.49632800603588745,0.12,0.02,7.23,0.537,0.7353918552398682,0.0,0.011240668594837189,1.0,1.0,7.4,0.466,True,True,False
5.388457536697388,forward_005,3.3884575366973877,0.05,0.0,0.0,-0.02181661564992912,-0.031634092692397225,-0.061086523819801536,0.12,0.02,7.23,0.384,0.6769176125526428,0.0,0.03344142623245716,1.0,1.0,7.4,0.466,True,True,False
5.408890724182129,forward_005,3.408890724182129,0.05,0.0,0.0,-0.013089969389957472,0.03599741582238305,-0.4112432050011639,-0.73,-2.98,8.34,0.23,0.6375057697296143,0.0,0.020330189960077405,1.0,1.0,7.4,0.466,True,True,False
5.429348945617676,forward_005,3.429348945617676,0.05,0.0,0.0,0.003272492347489368,0.1439896632895322,-0.4036073895236887,-0.2,-2.14,8.69,0.153,0.7322360277175903,0.0,0.03284514881670475,1.0,1.0,7.4,0.466,True,True,False
5.449712038040161,forward_005,3.449712038040161,0.05,0.0,0.0,0.05890486225480862,0.02181661564992912,-0.11780972450961724,-0.11,-1.95,9.06,0.46,0.7600597143173218,0.0,0.04030904546380043,1.0,1.0,7.4,0.466,True,True,False
5.470175266265869,forward_005,3.470175266265869,0.05,0.0,0.0,0.06981317007977318,-0.06435901616729091,0.09053895494720585,-0.44,-1.99,8.98,0.6899999999999998,0.7848742604255676,0.0,0.041962540708482265,1.0,1.0,7.4,0.466,True,True,False
5.490541696548462,forward_005,3.490541696548462,0.05,0.0,0.0,0.17671458676442586,-0.1090830782496456,0.3337942194439155,-0.5700000000000001,-1.71,8.81,0.9210000000000002,0.7968357801437378,0.0,0.017642219550907612,1.0,1.0,7.4,0.466,True,True,False
5.5110979080200195,forward_005,3.5110979080200195,0.05,0.0,0.0,0.24107360293171676,-0.16798794050445423,0.5105088062083414,-0.78,-1.23,9.120000000000001,1.151,0.7952888607978821,0.0,0.02845327346585691,1.0,1.0,7.4,0.466,True,True,False
5.5314788818359375,forward_005,3.5314788818359375,0.05,0.0,0.0,0.37306412761378793,-0.1189005552921137,0.5585053606381855,-0.44,0.9400000000000001,7.82,1.304,0.6856157779693604,0.0,0.06742446590214968,1.0,1.0,7.4,0.499,True,True,False
5.551838636398315,forward_005,3.5518386363983154,0.05,0.0,0.0,0.631591023065448,-0.06326818538479445,-0.12871803233458182,-0.44,0.9400000000000001,7.82,1.074,0.6651396751403809,0.0,0.023091946728527546,1.0,1.0,7.4,0.499,True,True,False
5.572206020355225,forward_005,3.5722060203552246,0.05,0.0,0.0,0.6392268385429232,0.030543261909900768,-0.4854196982109229,-0.44,0.9400000000000001,7.82,0.614,0.7077511548995972,0.0,0.022362034767866135,1.0,1.0,7.4,0.499,True,True,False
5.592577934265137,forward_005,3.5925779342651367,0.05,0.0,0.0,0.31634092692397225,0.13744467859455345,-0.9272061651219876,-0.44,0.9400000000000001,7.82,0.844,0.8001680970191956,0.0,0.01470254361629486,1.0,1.0,7.4,0.499,True,True,False
5.6131203174591064,forward_005,3.6131203174591064,0.05,0.0,0.0,0.18980455615438332,0.06217735460229799,-1.0079276430267252,0.5,1.71,9.370000000000001,0.9970000000000001,0.8392521142959595,0.0,0.018141857348382473,1.0,1.0,7.4,0.499,True,True,False
5.633490562438965,forward_005,3.633490562438965,0.05,0.0,0.0,0.10581058590215622,0.07308566242726255,-0.8715737952146683,-0.02,-0.29,8.36,0.9210000000000002,0.7990848422050476,0.0,0.017345672473311424,1.0,1.0,7.4,0.499,True,True,False
5.653854846954346,forward_005,3.6538548469543457,0.05,0.0,0.0,0.039269908169872414,0.055632369907319255,-0.40578905108868163,0.11,-0.08,8.8,0.844,0.6502201557159424,0.0,0.019063277170062065,1.0,1.0,7.4,0.499,True,True,False
5.674215078353882,forward_005,3.674215078353882,0.05,0.0,0.0,-0.04254240051736178,0.08508480103472356,0.10035643198967395,-0.14,-0.09,9.67,0.46,0.6614406704902649,0.0,0.025071337819099426,1.0,1.0,7.4,0.499,True,True,False
5.694589138031006,forward_005,3.694589138031006,0.05,0.0,0.0,-0.07853981633974483,0.2596177262341565,0.5246896063807953,-1.3800000000000001,0.41000000000000003,7.11,0.23,0.7842321991920471,0.0,0.029289834201335907,1.0,1.0,7.4,0.499,True,True,False
5.714953184127808,forward_005,3.7149531841278076,0.05,0.0,0.0,-0.26725354171163174,0.19634954084936207,0.5366887449882564,-0.59,0.17,8.25,0.46,0.7316562533378601,0.0,0.05095399892888963,1.0,1.0,7.4,0.499,True,True,False
5.735368728637695,forward_005,3.7353687286376953,0.05,0.0,0.0,-0.3534291735288517,0.33161255787892263,0.43196898986859655,-1.57,1.21,8.94,0.46,0.6879301071166992,0.0,0.06115714879706502,1.0,1.0,7.3,0.604,True,True,False
5.755737066268921,forward_005,3.755737066268921,0.05,0.0,0.0,-0.2814343418840856,0.21598449493429828,0.1636246173744684,-1.12,0.01,9.31,0.844,0.7140026092529297,0.0,0.04417992942035198,1.0,1.0,7.3,0.604,True,True,False
5.776136159896851,forward_005,3.7761361598968506,0.05,0.0,0.0,-0.20289452554434081,0.08399397025222712,0.04581489286485115,-0.34,-0.47000000000000003,8.06,1.074,0.7536898851394653,0.0,0.031049922108650208,1.0,1.0,7.3,0.604,True,True,False
5.796501874923706,forward_005,3.796501874923706,0.05,0.0,0.0,-0.5083271446433485,0.030543261909900768,-0.26725354171163174,-1.58,-0.35000000000000003,6.93,1.151,0.7907716035842896,0.0,0.042641112580895424,1.0,1.0,7.3,0.604,True,True,False
5.817006349563599,forward_005,3.8170063495635986,0.05,0.0,0.0,-0.5726861608106394,0.04799655442984406,-0.4657847441259867,-2.0300000000000002,-0.34,8.790000000000001,0.9210000000000002,0.7773842215538025,0.0,0.031214064918458462,1.0,1.0,7.3,0.604,True,True,False
5.837381362915039,forward_005,3.837381362915039,0.05,0.0,0.0,-0.4385139745635753,-0.06763150851478027,-0.17235126363444003,-2.0300000000000002,-0.34,8.790000000000001,0.307,0.7541297674179077,0.0,0.01866542547941208,1.0,1.0,7.3,0.604,True,True,False
5.8577587604522705,forward_005,3.8577587604522705,0.05,0.0,0.0,-0.35779249665883756,-0.2399827721492203,0.18653206380689397,-2.0300000000000002,-0.34,8.790000000000001,0.767,0.7412881851196289,0.0,0.022935692220926285,1.0,1.0,7.3,0.604,True,True,False
5.87812614440918,forward_005,3.8781261444091797,0.05,0.0,0.0,-0.28361600344907856,-0.3490658503988659,0.34797501961636945,-2.0300000000000002,-0.34,8.790000000000001,0.6899999999999998,0.7605705261230469,0.0,0.00785340741276741,1.0,1.0,7.3,0.604,True,True,False
5.898504972457886,forward_005,3.8985049724578857,0.05,0.0,0.0,-0.0818123086872342,-0.4079707126536745,0.5530512067257032,-2.0300000000000002,-0.34,8.790000000000001,0.537,0.7513972520828247,0.0,0.0052442001178860664,1.0,1.0,7.3,0.604,True,True,False
5.918947219848633,forward_005,3.918947219848633,0.05,0.0,0.0,0.10581058590215622,-0.3337942194439155,0.5028729907308662,0.44,-1.01,8.31,0.384,0.7549911141395569,0.0,0.016881678253412247,1.0,1.0,7.3,0.604,True,True,False
5.939322471618652,forward_005,3.9393224716186523,0.05,0.0,0.0,0.09381144729469522,-0.16035212502697901,0.10471975511965978,0.26,-0.27,8.83,0.307,0.7028861045837402,0.0,0.03597918897867203,1.0,1.0,7.4,0.34900000000000003,True,True,False
5.959689378738403,forward_005,3.9596893787384033,0.05,0.0,0.0,0.10253809355466686,0.07526732399225546,-0.37088246604879505,-0.16,-1.8900000000000001,9.66,0.384,0.6742385625839233,0.0,0.026815224438905716,1.0,1.0,7.4,0.34900000000000003,True,True,False
5.980071306228638,forward_005,3.9800713062286377,0.05,0.0,0.0,0.10035643198967395,0.08508480103472356,-0.25416357232167425,-0.31,-1.53,8.52,0.23,0.7494620084762573,0.0,0.05094785429537296,1.0,1.0,7.4,0.34900000000000003,True,True,False
6.0005693435668945,forward_005,4.0005693435668945,0.05,0.0,0.0,0.04254240051736178,0.06763150851478027,-0.13526301702956053,0.39,-1.37,9.36,0.307,0.7724707722663879,0.0,0.049169210717082024,1.0,1.0,7.4,0.34900000000000003,True,True,False
6.021010398864746,forward_005,4.021010398864746,0.05,0.0,0.0,0.0916297857297023,0.10253809355466686,0.15162547876700738,0.0,-1.95,8.05,0.844,0.7589505910873413,0.0,0.02860065083950758,1.0,1.0,7.4,0.34900000000000003,True,True,False
6.041421413421631,forward_005,4.041421413421631,0.05,0.0,0.0,0.15162547876700738,-0.022907446432425576,0.3687008044838021,0.0,-1.95,8.05,0.767,0.8118375539779663,0.0,0.03871218208223581,1.0,1.0,7.4,0.34900000000000003,True,True,False
6.061780691146851,forward_005,4.061780691146851,0.05,0.0,0.0,0.2585268954516601,-0.028361600344907856,0.7035858547102141,-0.93,-1.59,8.16,1.151,0.8110690116882324,0.0,0.028057940304279327,1.0,1.0,7.4,0.34900000000000003,True,True,False
6.082181930541992,forward_005,4.082181930541992,0.05,0.0,0.0,0.31306843457648287,-0.12871803233458182,0.46469391334349025,-0.9,-0.17,8.01,1.227,0.7094683647155762,0.0,0.061777928844094276,1.0,1.0,7.4,0.34900000000000003,True,True,False
6.102545499801636,forward_005,4.102545499801636,0.05,0.0,0.0,0.5465062220307244,-0.026179938779914945,0.05235987755982989,-0.09,0.49,9.55,0.9970000000000001,0.6436081528663635,0.0,0.026958739385008812,1.0,1.0,7.4,0.34900000000000003,True,True,False
6.1229588985443115,forward_005,4.1229588985443115,0.05,0.0,0.0,0.5857761302005968,0.08508480103472356,-0.4537856055185257,-0.09,0.49,9.55,0.767,0.6975366473197937,0.0,0.02318648248910904,1.0,1.0,7.4,0.34900000000000003,True,True,False
6.143330097198486,forward_005,4.143330097198486,0.05,0.0,0.0,0.4145156973486533,0.13526301702956053,-1.0264717663291651,-0.09,0.49,9.55,0.844,0.7824640274047852,0.0,0.015101373195648193,1.0,1.0,7.3,0.616,True,True,False
6.164586782455444,forward_005,4.164586782455444,0.05,0.0,0.0,0.4145156973486533,0.13526301702956053,-1.0264717663291651,-0.09,0.49,9.55,0.9210000000000002,0.8100814819335938,0.0,0.016344184055924416,1.0,1.0,7.3,0.616,True,True,False
6.185012340545654,forward_005,4.185012340545654,0.05,0.0,0.0,0.17889624832941878,0.19416787928436915,-1.155189798663747,0.34,1.67,9.13,0.844,0.7537424564361572,0.0,0.014221718534827232,1.0,1.0,7.3,0.616,True,True,False
6.205415725708008,forward_005,4.205415725708008,0.05,0.0,0.0,0.14835298641951802,0.09381144729469522,-0.8846637646046258,0.14,1.37,8.72,0.9210000000000002,0.6442955732345581,0.0,0.01978015899658203,1.0,1.0,7.3,0.616,True,True,False
6.225785970687866,forward_005,4.225785970687866,0.05,0.0,0.0,0.13744467859455345,0.06654067773228381,-0.5137812985558308,0.06,-0.46,9.35,0.767,0.5931609869003296,0.0,0.030995428562164307,1.0,1.0,7.3,0.616,True,True,False
6.24616003036499,forward_005,4.24616003036499,0.05,0.0,0.0,0.014180800172453928,0.07963064712224129,0.04036073895236887,-1.17,0.13,8.32,0.23,0.6220232844352722,0.0,0.02935553714632988,1.0,1.0,7.3,0.616,True,True,False
6.266536712646484,forward_005,4.266536712646484,0.05,0.0,0.0,-0.0272707695624114,0.2181661564992912,0.4723297288209654,-1.37,0.53,7.7,0.23,0.7561038136482239,0.0,0.03914018534123897,1.0,1.0,7.3,0.616,True,True,False
6.2869648933410645,forward_005,4.2869648933410645,0.05,0.0,0.0,-0.1636246173744684,0.2519819107566813,0.3948807432637171,-1.3900000000000001,0.13,8.02,0.844,0.7027259469032288,0.0,0.038265349343419075,1.0,1.0,7.3,0.616,True,True,False
6.307359457015991,forward_005,4.307359457015991,0.05,0.0,0.0,-0.32615840396644036,0.3534291735288517,0.1189005552921137,-0.92,-0.04,8.72,0.9970000000000001,0.6575998663902283,0.0,0.030384203419089317,1.0,1.0,7.3,0.616,True,True,False
6.327908515930176,forward_005,4.327908515930176,0.05,0.0,0.0,-0.33597588100890846,0.27598018797160334,0.29670597283903605,-1.51,0.22,8.040000000000001,1.074,0.68192058801651,0.0,0.022468194365501404,1.0,1.0,7.3,0.616,True,True,False
6.348309278488159,forward_005,4.348309278488159,0.05,0.0,0.0,-0.41015237421866746,0.2596177262341565,0.13853550937704992,-1.27,0.75,7.62,0.9210000000000002,0.7348099946975708,0.0,0.04648219048976898,1.0,1.0,7.5,0.247,True,True,False
6.368676662445068,forward_005,4.368676662445068,0.05,0.0,0.0,-0.421060682043632,0.02945243112740431,-0.09817477042468103,-1.26,-0.22,8.26,0.767,0.7590017318725586,0.0,0.047989124432206154,1.0,1.0,7.5,0.247,True,True,False
6.3891425132751465,forward_005,4.3891425132751465,0.05,0.0,0.0,-0.4985096676008804,0.039269908169872414,-0.16798794050445423,-1.26,-0.22,8.26,0.46,0.7637327909469604,0.0,0.018253449350595474,1.0,1.0,7.5,0.247,True,True,False
6.409562826156616,forward_005,4.409562826156616,0.05,0.0,0.0,-0.5617778529856748,-0.2454369260617026,-0.0545415391248228,-1.26,-0.22,8.26,0.537,0.7525004148483276,0.0,0.025227817706763744,1.0,1.0,7.5,0.247,True,True,False
6.429927587509155,forward_005,4.429927587509155,0.05,0.0,0.0,-0.5519603759432067,-0.2814343418840856,0.1930770485018727,-1.26,-0.22,8.26,0.767,0.7335553765296936,0.0,0.010685056447982788,1.0,1.0,7.5,0.247,True,True,False
6.451279878616333,forward_005,4.451279878616333,0.05,0.0,0.0,-0.34797501961636945,-0.41015237421866746,0.3719732968312915,-1.26,-0.22,8.26,0.767,0.7394070625305176,0.0,0.006935225799679756,1.0,1.0,7.5,0.247,True,True,False
6.471726179122925,forward_005,4.471726179122925,0.05,0.0,0.0,-0.04363323129985824,-0.39706240482870997,0.3916082509162277,0.29,-0.58,9.39,0.537,0.7333534359931946,0.0,0.011992145329713821,1.0,1.0,7.5,0.247,True,True,False
6.492323875427246,forward_005,4.492323875427246,0.05,0.0,0.0,0.16253378659197193,-0.4734205596034619,0.14835298641951802,0.59,-0.71,7.2,0.46,0.7661297917366028,0.0,0.024505285546183586,1.0,1.0,7.5,0.247,True,True,False
6.512852191925049,forward_005,4.512852191925049,0.05,0.0,0.0,0.1734420944169365,-0.38069994309126315,0.10253809355466686,0.59,-0.71,7.2,0.307,0.7634146213531494,0.0,0.02682043705135584,1.0,1.0,7.5,0.247,True,True,False
6.533231258392334,forward_005,4.533231258392334,0.05,0.0,0.0,0.20616701789183017,0.044724062082354694,-0.37742745074377376,-1.08,-1.8,8.93,0.153,0.6816465854644775,0.0,0.03554938733577728,1.0,1.0,7.5,0.247,True,True,False
6.5536017417907715,forward_005,4.5536017417907715,0.05,0.0,0.0,0.14508049407202864,-0.05235987755982989,-0.25089107997418486,-0.61,-1.07,8.25,0.46,0.7872928380966187,0.0,0.0491368155926466,1.0,1.0,7.3,0.5,True,True,False
6.574054718017578,forward_005,4.574054718017578,0.05,0.0,0.0,0.061086523819801536,-0.08399397025222712,-0.0272707695624114,-0.61,-1.07,8.25,0.6899999999999998,0.7861738801002502,0.0,0.04769061505794525,1.0,1.0,7.3,0.5,True,True,False
6.594565153121948,forward_005,4.594565153121948,0.05,0.0,0.0,0.0916297857297023,0.026179938779914945,0.13962634015954636,0.8,-0.68,8.11,1.074,0.8327363133430481,0.0,0.02428793557919562,1.0,1.0,7.3,0.5,True,True,False
6.615077257156372,forward_005,4.615077257156372,0.05,0.0,0.0,0.21489366415180183,-0.2585268954516601,0.3141592653589793,-0.36,-2.4,8.950000000000001,1.227,0.7639156579971313,0.0,0.032799132168293,1.0,1.0,7.3,0.5,True,True,False
6.635443449020386,forward_005,4.635443449020386,0.05,0.0,0.0,0.2792526803190927,-0.22689280275926285,0.6294093615004551,-0.36,-2.4,8.950000000000001,1.227,0.7239052057266235,0.0,0.06003305409103632,1.0,1.0,7.3,0.5,True,True,False
6.655810117721558,forward_005,4.655810117721558,0.05,0.0,0.0,0.3523383427463553,0.12108221685710661,0.5792311455056182,-1.06,0.61,7.51,0.9970000000000001,0.6468468904495239,0.0,0.032148870639503,1.0,1.0,7.3,0.5,True,True,False
6.676235914230347,forward_005,4.676235914230347,0.05,0.0,0.0,0.5050546522958591,-0.12326387842209953,-0.06872233929727672,-1.06,0.61,7.51,0.307,0.7621752023696899,0.0,0.019950509071350098,1.0,1.0,7.3,0.5,True,True,False
6.696700572967529,forward_005,4.696700572967529,0.05,0.0,0.0,0.5628686837681712,0.11235557059713497,-0.3959715740462135,-1.06,0.61,7.51,0.767,0.7680716514587402,0.0,0.015187565237283707,1.0,1.0,7.3,0.5,True,True,False
6.717208623886108,forward_005,4.717208623886108,0.05,0.0,0.0,0.31634092692397225,0.22580197197676638,-0.7254024703601433,-1.06,0.61,7.51,0.9210000000000002,0.7845644354820251,0.0,0.008976295590400696,1.0,1.0,7.3,0.5,True,True,False
6.737708330154419,forward_005,4.737708330154419,0.05,0.0,0.0,0.14508049407202864,0.14180800172453928,-0.9261153343394911,-0.21,1.6400000000000001,9.24,0.9210000000000002,0.7338658571243286,0.0,0.024416284635663033,1.0,1.0,7.3,0.5,True,True,False
6.758107900619507,forward_005,4.758107900619507,0.05,0.0,0.0,0.136353847812057,0.08726646259971647,-0.928296995904484,-0.03,0.86,8.74,0.767,0.6442679166793823,0.0,0.017980347387492657,1.0,1.0,7.4,0.252,True,True,False
6.7785046100616455,forward_005,4.7785046100616455,0.05,0.0,0.0,0.15271630954950383,0.05345070834232634,-0.5257804371632918,-0.13,0.01,9.06,0.767,0.597841203212738,0.0,0.02176796644926071,1.0,1.0,7.4,0.252,True,True,False
6.798931837081909,forward_005,4.798931837081909,0.05,0.0,0.0,0.025089107997418487,0.2007128639793479,-0.06217735460229799,-0.63,-0.46,8.77,0.46,0.5984815359115601,0.0,0.02980923466384411,1.0,1.0,7.4,0.252,True,True,False
6.819296360015869,forward_005,4.819296360015869,0.05,0.0,0.0,-0.061086523819801536,0.2552544031041707,0.34579335805137656,-0.61,0.01,8.21,0.384,0.6866471171379089,0.0,0.049963595345616334,1.0,1.0,7.4,0.252,True,True,False
6.839804410934448,forward_005,4.839804410934448,0.05,0.0,0.0,-0.22252947962927702,0.24107360293171676,0.45705809786601503,-1.22,0.45,8.63,0.614,0.750874936580658,0.0,0.0371568538248539,1.0,1.0,7.4,0.252,True,True,False
6.860177993774414,forward_005,4.860177993774414,0.05,0.0,0.0,-0.35015668118136234,0.4134248665661568,0.421060682043632,-1.68,0.43,8.92,0.9970000000000001,0.7311843633651733,0.0,0.029669002164155245,1.0,1.0,7.4,0.252,True,True,False
6.880545139312744,forward_005,4.880545139312744,0.05,0.0,0.0,-0.4068798818711781,0.38942658935123475,0.13308135546456762,-0.84,0.47000000000000003,8.32,0.9970000000000001,0.6916970014572144,0.0,0.027816355228424072,1.0,1.0,7.4,0.252,True,True,False
6.901004791259766,forward_005,4.901004791259766,0.05,0.0,0.0,-0.43524148221608594,0.24870941840919197,0.02399827721492203,-0.5700000000000001,0.05,7.0600000000000005,1.074,0.7542788982391357,0.0,0.045214733108878136,1.0,1.0,7.4,0.252,True,True,False
6.92136812210083,forward_005,4.92136812210083,0.05,0.0,0.0,-0.495237175253391,0.022907446432425576,-0.136353847812057,-1.73,-0.6900000000000001,8.13,0.767,0.7660175561904907,0.0,0.03496089484542608,1.0,1.0,7.4,0.252,True,True,False
6.9417641162872314,forward_005,4.9417641162872314,0.05,0.0,0.0,-0.5508695451607103,-0.11017390903214205,-0.1341721862470641,-1.73,-0.6900000000000001,8.13,0.46,0.772979736328125,0.0,0.01858238328713923,1.0,1.0,7.4,0.252,True,True,False
6.962154388427734,forward_005,4.962154388427734,0.05,0.0,0.0,-0.5486878835957173,-0.17453292519943295,-0.039269908169872414,-1.73,-0.6900000000000001,8.13,0.537,0.7622247934341431,0.0,0.016042663250118494,1.0,1.0,7.3,0.797,True,True,False
6.982524394989014,forward_005,4.982524394989014,0.05,0.0,0.0,-0.3785182815262702,-0.32615840396644036,0.36324665057131983,-1.35,-1.74,9.06,0.6899999999999998,0.7387856245040894,0.0,0.012621602043509483,1.0,1.0,7.3,0.797,True,True,False
7.00289249420166,forward_005,5.00289249420166,0.05,0.0,0.0,-0.13308135546456762,-0.433059820651093,0.44178646691106466,-1.35,-1.74,9.06,0.6899999999999998,0.7363455891609192,0.0,0.0069781336933374405,1.0,1.0,7.3,0.797,True,True,False
7.023330450057983,forward_005,5.023330450057983,0.05,0.0,0.0,0.1505346479845109,-0.42542400517361784,0.25743606466916363,-1.35,-1.74,9.06,0.614,0.7468074560165405,0.0,0.015171647071838379,1.0,1.0,7.3,0.797,True,True,False
7.043848276138306,forward_005,5.043848276138306,0.05,0.0,0.0,0.18871372537188688,-0.41996985126113556,0.009817477042468103,0.9,-0.9400000000000001,7.83,0.46,0.7590441703796387,0.0,0.022080987691879272,1.0,1.0,7.3,0.797,True,True,False
7.064212799072266,forward_005,5.064212799072266,0.05,0.0,0.0,0.2181661564992912,-0.14508049407202864,-0.2825251726665821,0.15,-1.02,9.790000000000001,0.153,0.6936414837837219,0.0,0.025509420782327652,1.0,1.0,7.3,0.797,True,True,False
7.08462929725647,forward_005,5.08462929725647,0.05,0.0,0.0,0.1930770485018727,0.02181661564992912,-0.35015668118136234,-1.16,-0.72,8.66,0.23,0.6784247756004333,0.0,0.03630846552550793,1.0,1.0,7.3,0.797,True,True,False
7.1050591468811035,forward_005,5.1050591468811035,0.05,0.0,0.0,0.13744467859455345,-0.05781403147231216,-0.17671458676442586,-0.8300000000000001,-1.21,7.98,0.384,0.7606570720672607,0.0,0.059354434721171856,1.0,1.0,7.3,0.797,True,True,False
7.125524044036865,forward_005,5.125524044036865,0.05,0.0,0.0,0.07090400086226964,-0.04690572364734761,0.02945243112740431,-0.8300000000000001,-1.21,7.98,0.844,0.7607513666152954,0.0,0.06716631073504686,1.0,1.0,7.3,0.797,True,True,False
7.146050691604614,forward_005,5.146050691604614,0.05,0.0,0.0,0.09490227807719166,0.044724062082354694,0.30543261909900765,0.24,-1.6300000000000001,7.12,0.844,0.8317548632621765,0.0,0.02735934178053867,1.0,1.0,7.3,0.797,True,True,False
7.166436672210693,forward_005,5.166436672210693,0.05,0.0,0.0,0.18762289458939044,-0.2879793265790644,0.5879577917655898,0.04,-2.0100000000000002,9.59,1.227,0.7347186207771301,0.0,0.03242516936734319,1.0,1.0,7.4,0.3690000000000001,True,True,False
7.187855005264282,forward_005,5.187855005264282,0.05,0.0,0.0,0.26725354171163174,-0.03599741582238305,0.7504915783575618,-1.22,-1.96,9.36,1.304,0.7091209888458252,0.0,0.05595122557133436,1.0,1.0,7.4,0.3690000000000001,True,True,False
7.208228826522827,forward_005,5.208228826522827,0.05,0.0,0.0,0.3337942194439155,0.02181661564992912,0.7166758241001716,0.34,1.86,8.120000000000001,0.9970000000000001,0.6262795925140381,0.0,0.03272785525768995,1.0,1.0,7.4,0.3690000000000001,True,True,False
7.228837013244629,forward_005,5.228837013244629,0.05,0.0,0.0,0.507236313860852,-0.018544123302439753,0.08072147790473774,0.54,0.06,9.55,0.537,0.6981169581413269,0.0,0.01938432827591896,1.0,1.0,7.4,0.3690000000000001,True,True,False
7.249207019805908,forward_005,5.249207019805908,0.05,0.0,0.0,0.6174102228929941,0.02399827721492203,-0.38288160465625604,0.54,0.06,9.55,0.844,0.7882704734802246,0.0,0.026881635189056396,1.0,1.0,7.4,0.3690000000000001,True,True,False
7.269579887390137,forward_005,5.269579887390137,0.05,0.0,0.0,0.3392483733563978,0.11235557059713497,-0.964294411726867,0.54,0.06,9.55,0.9970000000000001,0.8064329624176025,0.0,0.011960972100496292,1.0,1.0,7.4,0.3690000000000001,True,True,False
7.289950609207153,forward_005,5.289950609207153,0.05,0.0,0.0,0.23889194136672387,0.22471114119426994,-1.1617347833587257,-0.44,1.8,9.07,0.9210000000000002,0.7315229177474976,0.0,0.012553263455629349,1.0,1.0,7.4,0.3690000000000001,True,True,False
7.310319662094116,forward_005,5.310319662094116,0.05,0.0,0.0,0.19962203319685143,0.0916297857297023,-1.0733774899765127,-0.32,-0.77,7.79,0.844,0.6265089511871338,0.0,0.03358533518621698,1.0,1.0,7.4,0.3690000000000001,True,True,False
7.330691576004028,forward_005,5.330691576004028,0.05,0.0,0.0,0.08508480103472356,0.07963064712224129,-0.8039422866998881,0.41000000000000003,-0.33,8.39,0.6899999999999998,0.5927070379257202,0.0,0.019588904455304146,1.0,1.0,7.4,0.3690000000000001,True,True,False
7.351055860519409,forward_005,5.351055860519409,0.05,0.0,0.0,-0.038179077387375956,0.13526301702956053,-0.2628902185816459,-0.41000000000000003,0.26,9.08,0.384,0.5487508773803711,0.0,0.034234968945384026,1.0,1.0,7.4,0.3690000000000001,True,True,False
7.3714189529418945,forward_005,5.3714189529418945,0.05,0.0,0.0,-0.011999138607461015,0.24325526449670967,0.27707101875409984,-0.84,0.31,7.58,0.537,0.757842481136322,0.0,0.03443560749292374,1.0,1.0,7.4,0.37100000000000005,True,True,False
7.391794204711914,forward_005,5.391794204711914,0.05,0.0,0.0,-0.11671889372712078,0.11453723216212788,0.3567016658763411,-1.32,0.88,8.68,0.767,0.7944769263267517,0.0,0.035339003428816795,1.0,1.0,7.4,0.37100000000000005,True,True,False
7.41217565536499,forward_005,5.41217565536499,0.05,0.0,0.0,-0.3534291735288517,0.3916082509162277,0.2694352032766246,-2.0300000000000002,0.09,8.63,0.9970000000000001,0.7389727234840393,0.0,0.028473193058744073,1.0,1.0,7.4,0.37100000000000005,True,True,False
7.432654142379761,forward_005,5.432654142379761,0.05,0.0,0.0,-0.3916082509162277,0.3327033886614191,0.3327033886614191,-1.28,1.3800000000000001,9.48,0.9970000000000001,0.6770778298377991,0.0,0.032515473663806915,1.0,1.0,7.4,0.37100000000000005,True,True,False
7.453018665313721,forward_005,5.453018665313721,0.05,0.0,0.0,-0.46469391334349025,0.2912518189265537,0.09053895494720585,-0.9,0.12,7.1000000000000005,0.9970000000000001,0.732871413230896,0.0,0.05490272957831621,1.0,1.0,7.4,0.37100000000000005,True,True,False
7.473382949829102,forward_005,5.473382949829102,0.05,0.0,0.0,-0.44724062082354693,-0.008726646259971648,0.07744898555724837,-0.98,-0.09,8.09,0.767,0.7631195187568665,0.0,0.04290998913347721,1.0,1.0,7.4,0.37100000000000005,True,True,False
7.493751764297485,forward_005,5.493751764297485,0.05,0.0,0.0,-0.5312345910757741,-0.08072147790473774,0.055632369907319255,-2.07,-0.61,9.700000000000001,0.46,0.7454919219017029,0.0,0.02273457590490579,1.0,1.0,7.4,0.37100000000000005,True,True,False
7.514142274856567,forward_005,5.514142274856567,0.05,0.0,0.0,-0.6719517620178169,-0.2399827721492203,0.0272707695624114,-2.07,-0.61,9.700000000000001,0.537,0.7503147721290588,0.0,0.019025759771466255,1.0,1.0,7.4,0.37100000000000005,True,True,False
7.534516334533691,forward_005,5.534516334533691,0.05,0.0,0.0,-0.5475970528132209,-0.2301652951067522,0.3021601267515183,-1.36,-1.6,9.28,0.767,0.7306115031242371,0.0,0.008999822661280632,1.0,1.0,7.4,0.37100000000000005,True,True,False
7.554873466491699,forward_005,5.554873466491699,0.05,0.0,0.0,-0.24980024919168842,-0.44178646691106466,0.4046982203061852,-1.36,-1.6,9.28,0.767,0.7380928993225098,0.0,0.011650130152702332,1.0,1.0,7.4,0.37100000000000005,True,True,False
7.575240612030029,forward_005,5.575240612030029,0.05,0.0,0.0,0.12435470920459599,-0.35997415822383044,0.17889624832941878,-0.39,-1.84,9.78,0.614,0.7154264450073242,0.0,0.014061734080314636,1.0,1.0,7.4,0.225,True,True,False
7.595622777938843,forward_005,5.595622777938843,0.05,0.0,0.0,0.18980455615438332,-0.35997415822383044,0.09381144729469522,0.31,-0.66,7.6000000000000005,0.384,0.7282273173332214,0.0,0.017810393124818802,1.0,1.0,7.4,0.225,True,True,False
7.6160054206848145,forward_005,5.6160054206848145,0.05,0.0,0.0,0.26070855701665296,-0.23125612588924865,-0.11017390903214205,0.59,-0.27,9.34,0.23,0.6783698797225952,0.0,0.026210471987724304,1.0,1.0,7.4,0.225,True,True,False
7.636377573013306,forward_005,5.636377573013306,0.05,0.0,0.0,0.2596177262341565,-0.044724062082354694,-0.346884188833873,-0.61,-0.87,8.65,0.23,0.702201783657074,0.0,0.024690300226211548,1.0,1.0,7.4,0.225,True,True,False
7.65675163269043,forward_005,5.65675163269043,0.05,0.0,0.0,0.16144295580947549,-0.028361600344907856,-0.23125612588924865,-0.62,-1.6500000000000001,7.96,0.537,0.7541041970252991,0.0,0.040821222588419914,1.0,1.0,7.4,0.225,True,True,False
7.677142143249512,forward_005,5.677142143249512,0.05,0.0,0.0,0.0719948316447661,-0.05999569303730508,0.05672320068981571,0.01,-0.85,9.71,0.844,0.7920295000076294,0.0,0.05416708253324032,1.0,1.0,7.4,0.225,True,True,False
7.697574615478516,forward_005,5.697574615478516,0.05,0.0,0.0,0.11453723216212788,-0.009817477042468103,0.24216443371421323,0.43,-0.6,8.14,1.074,0.818178653717041,0.0,0.019438125658780336,1.0,1.0,7.4,0.225,True,True,False
7.717943906784058,forward_005,5.717943906784058,0.05,0.0,0.0,0.19525871006686563,-0.05345070834232634,0.36760997370130566,0.4,-1.71,8.9,1.227,0.7572662234306335,0.0,0.02624814212322235,1.0,1.0,7.4,0.225,True,True,False
7.738388299942017,forward_005,5.738388299942017,0.05,0.0,0.0,0.23125612588924865,-0.07090400086226964,0.5639595145506677,0.4,-1.71,8.9,1.304,0.7014092803001404,0.0,0.06335991341620684,1.0,1.0,7.4,0.225,True,True,False
7.758935451507568,forward_005,5.758935451507568,0.05,0.0,0.0,0.35124751196385884,0.06326818538479445,0.6915867161027531,-0.47000000000000003,-1.05,8.17,0.844,0.634193480014801,0.0,0.032128662802278996,1.0,1.0,7.4,0.225,True,True,False
7.779309511184692,forward_005,5.779309511184692,0.05,0.0,0.0,0.459239759431008,-0.04254240051736178,0.1189005552921137,-1.05,-0.19,9.03,0.6899999999999998,0.7334674000740051,0.0,0.01686033606529236,1.0,1.0,7.2,0.8320000000000001,True,True,False
7.799668312072754,forward_005,5.799668312072754,0.05,0.0,0.0,0.559596191420682,-0.001090830782496456,-0.37742745074377376,-1.05,-0.19,9.03,0.9210000000000002,0.7990131378173828,0.0,0.025934066623449326,1.0,1.0,7.2,0.8320000000000001,True,True,False
7.820054531097412,forward_005,5.820054531097412,0.05,0.0,0.0,0.2923426497090502,0.24980024919168842,-0.767944870877505,-1.05,-0.19,9.03,0.9210000000000002,0.7911370992660522,0.0,0.009563766419887543,1.0,1.0,7.2,0.8320000000000001,True,True,False
7.840484142303467,forward_005,5.840484142303467,0.05,0.0,0.0,0.1636246173744684,0.16580627893946132,-0.9621127501618741,0.51,1.78,9.4,0.844,0.7358598709106445,0.0,0.021714281290769577,1.0,1.0,7.2,0.8320000000000001,True,True,False
7.860848665237427,forward_005,5.860848665237427,0.05,0.0,0.0,0.17671458676442586,0.13308135546456762,-0.9413869652944415,-0.33,-0.49,8.09,0.844,0.6177284121513367,0.0,0.02460040058940649,1.0,1.0,7.2,0.8320000000000001,True,True,False
7.881349086761475,forward_005,5.881349086761475,0.05,0.0,0.0,0.11562806294462433,0.04908738521234052,-0.6403176693254197,0.0,0.15,9.05,0.6899999999999998,0.5751304626464844,0.0,0.019696682691574097,1.0,1.0,7.2,0.8320000000000001,True,True,False
7.901854991912842,forward_005,5.901854991912842,0.05,0.0,0.0,0.03490658503988659,0.11562806294462433,-0.18216874067690814,-0.88,-0.19,9.22,0.307,0.5830255150794983,0.0,0.029074590653181076,1.0,1.0,7.2,0.8320000000000001,True,True,False
7.922232151031494,forward_005,5.922232151031494,0.05,0.0,0.0,-0.011999138607461015,0.20507618710933373,0.25089107997418486,-0.44,0.23,8.120000000000001,0.307,0.6833928227424622,0.0,0.044508717954158776,1.0,1.0,7.2,0.8320000000000001,True,True,False
7.942605018615723,forward_005,5.942605018615723,0.05,0.0,0.0,-0.1505346479845109,0.19416787928436915,0.385063266221249,-1.09,0.8300000000000001,8.26,0.844,0.7661146521568298,0.0,0.032152608036994934,1.0,1.0,7.2,0.8320000000000001,True,True,False
7.96296763420105,forward_005,5.96296763420105,0.05,0.0,0.0,-0.3643374813538163,0.3937899124812206,0.24870941840919197,-2.05,0.59,9.35,0.9970000000000001,0.7079105377197266,0.0,0.029780429787933826,1.0,1.0,7.2,0.8320000000000001,True,True,False
7.983436107635498,forward_005,5.983436107635498,0.05,0.0,0.0,-0.3981532356112064,0.4363323129985824,0.1712604328519436,-1.33,0.85,9.24,0.9970000000000001,0.7188447117805481,0.0,0.04283767566084862,1.0,1.0,7.4,0.29900000000000004,True,True,False
8.003784656524658,stop_after_005,0.003784656524658203,0.0,0.0,0.0,-0.43196898986859655,0.38288160465625604,0.08290313946973066,-0.08,0.06,7.42,0.9210000000000002,0.7370887398719788,0.0,0.07054807036183774,1.0,1.0,7.4,0.29900000000000004,True,True,False
8.024181365966797,stop_after_005,0.024181365966796875,0.0,0.0,0.0,-0.5094179754258449,0.05126904677733343,-0.001090830782496456,-1.81,-0.85,7.58,0.844,0.7873313426971436,0.0,0.025416459888219833,1.0,1.0,7.4,0.29900000000000004,True,True,False
8.044549465179443,stop_after_005,0.04454946517944336,0.0,0.0,0.0,-0.5683228376806536,-0.14944381720201447,0.07090400086226964,-2.5,-0.68,9.78,0.46,0.7603622078895569,0.0,0.022687217220664024,1.0,1.0,7.4,0.29900000000000004,True,True,False
8.064920902252197,stop_after_005,0.06492090225219727,0.0,0.0,0.0,-0.6610434541928523,-0.17235126363444003,0.1407171709420428,-2.5,-0.68,9.78,0.537,0.7433318495750427,0.0,0.017971474677324295,1.0,1.0,7.4,0.29900000000000004,True,True,False
8.085288286209106,stop_after_005,0.08528828620910645,0.0,0.0,0.0,-0.5181446216858165,-0.2781618495365963,0.4363323129985824,-1.35,-1.94,9.43,0.614,0.7244075536727905,0.0,0.01955491304397583,1.0,1.0,7.4,0.29900000000000004,True,True,False
8.105649948120117,stop_after_005,0.10564994812011719,0.0,0.0,0.0,-0.1341721862470641,-0.47669305195095124,0.5410520681182421,-1.35,-1.94,9.43,0.6899999999999998,0.7201701402664185,0.0,0.018246060237288475,1.0,1.0,7.4,0.29900000000000004,True,True,False
8.126021146774292,stop_after_005,0.126021146774292,0.0,0.0,0.0,0.2530727415391778,-0.5366887449882564,0.1439896632895322,-0.08,-1.44,8.65,0.614,0.7354446649551392,0.0,0.014309372752904892,1.0,1.0,7.4,0.29900000000000004,True,True,False
8.146452903747559,stop_after_005,0.1464529037475586,0.0,0.0,0.0,0.30325095753401476,-0.46796640569097964,-0.003272492347489368,0.11,-0.42,9.36,0.614,0.6918614506721497,0.0,0.02463701367378235,1.0,1.0,7.4,0.29900000000000004,True,True,False
8.166810274124146,stop_after_005,0.1668102741241455,0.0,0.0,0.0,0.28361600344907856,-0.11780972450961724,-0.2945243112740431,-0.37,0.19,9.11,0.46,0.5773581862449646,0.0,0.03393939509987831,1.0,1.0,7.4,0.29900000000000004,True,True,False
8.187201738357544,stop_after_005,0.18720173835754395,0.0,0.0,0.0,0.1930770485018727,-0.06435901616729091,-0.545415391248228,-0.86,-0.66,7.99,0.307,0.761182963848114,0.0,0.043066286481916904,1.0,1.0,7.4,0.667,True,True,True
8.209894180297852,stop_after_005,0.20989418029785156,0.0,0.0,0.0,0.13308135546456762,-0.09599310885968812,-0.30870511144649704,-0.35000000000000003,-1.02,8.77,0.614,0.8629178404808044,0.0,0.031790949404239655,1.0,1.0,7.4,0.667,True,True,False
8.230256795883179,stop_after_005,0.2302567958831787,0.0,0.0,0.0,0.05235987755982989,-0.03490658503988659,0.18653206380689397,1.0,-0.52,8.42,1.227,0.8817974925041199,0.0,0.019774481654167175,1.0,1.0,7.4,0.667,True,True,False
8.250617027282715,stop_after_005,0.25061702728271484,0.0,0.0,0.0,0.09708393964218458,-0.030543261909900768,0.3174317577064687,0.77,-1.03,8.07,1.304,0.8674191236495972,0.0,0.019342835992574692,1.0,1.0,7.4,0.667,True,True,False
8.270985841751099,stop_after_005,0.27098584175109863,0.0,0.0,0.0,0.23561944901923448,-0.23234695667174513,0.40251655874119224,0.66,-1.72,8.43,1.304,0.7798395156860352,0.0,0.03800366446375847,1.0,1.0,7.4,0.667,True,True,False
8.291364908218384,stop_after_005,0.2913649082183838,0.0,0.0,0.0,0.4046982203061852,-0.19853120241435498,0.6534076387153771,-0.86,-0.46,9.25,1.151,0.73924720287323,0.0,0.054458063561469316,1.0,1.0,7.4,0.667,True,True,False
8.311733722686768,stop_after_005,0.3117337226867676,0.0,0.0,0.0,0.4854196982109229,-0.13853550937704992,0.5825036378531074,-0.7000000000000001,-0.46,8.96,0.46,0.7350946068763733,0.0,0.027415697928518057,1.0,1.0,7.4,0.667,True,True,False
8.332100629806519,stop_after_005,0.33210062980651855,0.0,0.0,0.0,0.3937899124812206,-0.14835298641951802,0.1559888018969932,-0.7000000000000001,-0.46,8.96,0.537,0.7386506199836731,0.0,0.015895993798039854,1.0,1.0,7.4,0.667,True,True,False
8.35246729850769,stop_after_005,0.35246729850769043,0.0,0.0,0.0,0.27379852640661045,0.00545415391248228,-0.17016960206944712,-0.7000000000000001,-0.46,8.96,0.844,0.6980829834938049,0.0,0.015165984630584717,1.0,1.0,7.4,0.667,True,True,False
8.372836351394653,stop_after_005,0.3728363513946533,0.0,0.0,0.0,0.22143864884678055,0.05672320068981571,-0.36979163526629855,-0.7000000000000001,-0.46,8.96,1.074,0.720029354095459,0.0,0.012968166265636683,1.0,1.0,7.4,0.667,True,True,False
8.393238067626953,stop_after_005,0.3932380676269531,0.0,0.0,0.0,0.09381144729469522,0.09599310885968812,-0.5934119456780721,-0.7000000000000001,-0.46,8.96,0.9210000000000002,0.7439314723014832,0.0,0.01593603426590562,1.0,1.0,7.4,0.259,True,True,False
8.413610458374023,stop_after_005,0.41361045837402344,0.0,0.0,0.0,-0.022907446432425576,0.15707963267948966,-0.6381360077604268,-0.14,0.3,8.41,0.844,0.7336386442184448,0.0,0.013980086892843246,1.0,1.0,7.4,0.259,True,True,False
8.434080600738525,stop_after_005,0.4340806007385254,0.0,0.0,0.0,-0.04254240051736178,0.17889624832941878,-0.37960911230876665,0.16,1.11,8.23,0.614,0.6647229194641113,0.0,0.01370922103524208,1.0,1.0,7.4,0.259,True,True,False
8.454605102539062,stop_after_005,0.4546051025390625,0.0,0.0,0.0,-0.07090400086226964,0.23234695667174513,-0.15926129424448257,-0.4,-0.13,8.81,0.384,0.6402155160903931,0.0,0.030225052498281002,1.0,1.0,7.4,0.259,True,True,False
8.475104570388794,stop_after_005,0.47510457038879395,0.0,0.0,0.0,-0.21489366415180183,0.2716168648416175,0.10690141668465268,-0.74,0.01,8.31,0.153,0.6732059121131897,0.0,0.039090118370950215,1.0,1.0,7.4,0.259,True,True,False
8.495476722717285,stop_after_005,0.49547672271728516,0.0,0.0,0.0,-0.25743606466916363,0.3076142806640006,0.2585268954516601,-1.11,-0.07,8.43,0.307,0.7930201888084412,0.0,0.034249402582645416,1.0,1.0,7.4,0.259,True,True,False
8.51584506034851,stop_after_005,0.5158450603485107,0.0,0.0,0.0,-0.23343778745424157,0.2519819107566813,0.26616271092913524,-1.4000000000000001,-0.56,9.28,0.614,0.7988215684890747,0.0,0.024631662294268608,1.0,1.0,7.4,0.259,True,True,False
8.536206722259521,stop_after_005,0.5362067222595215,0.0,0.0,0.0,-0.29670597283903605,0.16580627893946132,0.18980455615438332,-1.01,-1.06,8.48,0.9210000000000002,0.8300958275794983,0.0,0.021789878606796265,1.0,1.0,7.4,0.259,True,True,False
8.556569576263428,stop_after_005,0.5565695762634277,0.0,0.0,0.0,-0.40906154343617096,0.06435901616729091,0.12871803233458182,-1.17,-0.56,7.03,0.844,0.8105103373527527,0.0,0.03572083683684468,1.0,1.0,7.4,0.259,True,True,False
8.576940298080444,stop_after_005,0.5769402980804443,0.0,0.0,0.0,-0.4723297288209654,0.007635815477475192,0.04254240051736178,-1.44,-1.51,7.640000000000001,0.6899999999999998,0.8247967958450317,0.0,0.02555355941876769,1.0,1.0,7.4,0.259,True,True,False
8.59731388092041,stop_after_005,0.5973138809204102,0.0,0.0,0.0,-0.3883357585687383,-0.1439896632895322,0.17016960206944712,-1.44,-1.51,7.640000000000001,0.537,0.8116845488548279,0.0,0.01977302972227335,1.0,1.0,7.2,0.7000000000000001,True,True,False
8.617676258087158,stop_after_005,0.6176762580871582,0.0,0.0,0.0,-0.24434609527920614,-0.2814343418840856,0.1439896632895322,-1.44,-1.51,7.640000000000001,0.537,0.7848378419876099,0.0,0.01925310119986534,1.0,1.0,7.2,0.7000000000000001,True,True,False
8.638051748275757,stop_after_005,0.6380517482757568,0.0,0.0,0.0,-0.06217735460229799,-0.45487643630102215,0.08290313946973066,-1.01,-1.32,9.540000000000001,0.46,0.7749061584472656,0.0,0.012333002872765064,1.0,1.0,7.2,0.7000000000000001,True,True,False
8.658426284790039,stop_after_005,0.6584262847900391,0.0,0.0,0.0,0.06763150851478027,-0.4886921905584123,0.05781403147231216,-0.65,-1.51,9.6,0.6899999999999998,0.7738142013549805,0.0,0.006957607343792915,1.0,1.0,7.2,0.7000000000000001,True,True,False
8.678876399993896,stop_after_005,0.6788763999938965,0.0,0.0,0.0,0.10144726277217041,-0.39706240482870997,0.05890486225480862,-0.65,-1.51,9.6,0.614,0.7536191940307617,0.0,0.01079489290714264,1.0,1.0,7.2,0.7000000000000001,True,True,False
8.699247598648071,stop_after_005,0.6992475986480713,0.0,0.0,0.0,0.11999138607461016,-0.11235557059713497,-0.4385139745635753,-0.27,-0.16,7.63,0.537,0.6556185483932495,0.0,0.026208005845546722,1.0,1.0,7.2,0.7000000000000001,True,True,False
8.71962285041809,stop_after_005,0.7196228504180908,0.0,0.0,0.0,0.18980455615438332,-0.07417649320975901,-0.4363323129985824,0.1,-0.19,8.45,0.384,0.6364530324935913,0.0,0.036908743903040886,1.0,1.0,7.2,0.7000000000000001,True,True,False
8.740055799484253,stop_after_005,0.7400557994842529,0.0,0.0,0.0,0.13526301702956053,-0.04036073895236887,-0.27379852640661045,0.01,0.28,9.16,0.23,0.7882673144340515,0.0,0.047047706320881844,1.0,1.0,7.2,0.7000000000000001,True,True,False
8.76054573059082,stop_after_005,0.7605457305908203,0.0,0.0,0.0,0.04799655442984406,0.055632369907319255,-0.20398535632683726,-0.12,0.27,8.38,0.307,0.8743155002593994,0.0,0.0329877994954586,1.0,1.0,7.2,0.7000000000000001,True,True,False
8.78091287612915,stop_after_005,0.7809128761291504,0.0,0.0,0.0,0.050178215994836975,-0.0545415391248228,-0.10690141668465268,-0.24,-1.9100000000000001,9.63,0.844,0.8884307146072388,0.0,0.021946276305243373,1.0,1.0,7.2,0.7000000000000001,True,True,False
8.80129098892212,stop_after_005,0.8012909889221191,0.0,0.0,0.0,0.06654067773228381,-0.20943951023931956,0.29561514205653955,0.88,-1.68,8.32,1.304,0.8421146869659424,0.0,0.03000268153846264,1.0,1.0,7.5,0.20100000000000004,True,True,False
8.821654796600342,stop_after_005,0.8216547966003418,0.0,0.0,0.0,0.1461713248545251,-0.1505346479845109,0.47778388273344774,0.49,-2.1,7.86,1.304,0.8071826696395874,0.0,0.03581172600388527,1.0,1.0,7.5,0.20100000000000004,True,True,False
8.842091083526611,stop_after_005,0.8420910835266113,0.0,0.0,0.0,0.4341506514335895,-0.25089107997418486,0.6130468997630083,0.49,-2.1,7.86,0.9970000000000001,0.7697179913520813,0.0,0.05614412482827902,1.0,1.0,7.5,0.20100000000000004,True,True,False
8.862550020217896,stop_after_005,0.8625500202178955,0.0,0.0,0.0,0.4505131131710363,-0.044724062082354694,0.4537856055185257,0.49,-2.1,7.86,0.384,0.7590094208717346,0.0,0.026220750994980335,1.0,1.0,7.5,0.20100000000000004,True,True,False
8.88291049003601,stop_after_005,0.8829104900360107,0.0,0.0,0.0,0.35124751196385884,0.05672320068981571,0.06654067773228381,-0.7000000000000001,-0.14,9.76,0.384,0.7358047366142273,0.0,0.01463711546966806,1.0,1.0,7.5,0.20100000000000004,True,True,False
8.903379917144775,stop_after_005,0.9033799171447754,0.0,0.0,0.0,0.2628902185816459,0.10581058590215622,-0.3948807432637171,-0.7000000000000001,-0.14,9.76,0.9210000000000002,0.7398262023925781,0.0,0.017232641577720642,1.0,1.0,7.5,0.20100000000000004,True,True,False
8.923767328262329,stop_after_005,0.9237673282623291,0.0,0.0,0.0,0.15271630954950383,0.24216443371421323,-0.5105088062083414,-0.7000000000000001,-0.14,9.76,0.9970000000000001,0.7481334805488586,0.0,0.012178841978311539,1.0,1.0,7.5,0.20100000000000004,True,True,False
8.944134950637817,stop_after_005,0.9441349506378174,0.0,0.0,0.0,0.07090400086226964,0.13308135546456762,-0.5061454830783556,-0.7000000000000001,-0.14,9.76,0.9970000000000001,0.7218866348266602,0.0,0.01109081320464611,1.0,1.0,7.5,0.20100000000000004,True,True,False
8.964504480361938,stop_after_005,0.9645044803619385,0.0,0.0,0.0,-0.022907446432425576,0.24107360293171676,-0.5028729907308662,0.02,1.45,8.45,0.844,0.7165878415107727,0.0,0.019871138036251068,1.0,1.0,7.5,0.20100000000000004,True,True,False
8.984880685806274,stop_after_005,0.9848806858062744,0.0,0.0,0.0,-0.09708393964218458,0.2279836335417593,-0.3883357585687383,-0.48,0.89,8.120000000000001,0.614,0.6860345005989075,0.0,0.012135793163906783,1.0,1.0,7.5,0.20100000000000004,True,True,False
9.005253314971924,stop_after_005,1.0052533149719238,0.0,0.0,0.0,-0.09708393964218458,0.18544123302439752,-0.14289883250703572,-0.96,0.15,9.290000000000001,0.46,0.5654968619346619,0.0,0.03369303327053785,1.0,1.0,7.4,0.35700000000000004,True,True,False
9.025625228881836,stop_after_005,1.025625228881836,0.0,0.0,0.0,-0.2083486794568231,0.3523383427463553,0.16798794050445423,-0.88,-0.1,8.11,0.307,0.6981186866760254,0.0,0.03656853549182415,1.0,1.0,7.4,0.35700000000000004,True,True,False
9.046045780181885,stop_after_005,1.0460457801818848,0.0,0.0,0.0,-0.30870511144649704,0.4145156973486533,0.2945243112740431,-0.67,-0.35000000000000003,8.06,0.384,0.8089188933372498,0.0,0.026528922840952873,1.0,1.0,7.4,0.35700000000000004,True,True,False
9.066417455673218,stop_after_005,1.0664174556732178,0.0,0.0,0.0,-0.2694352032766246,0.34579335805137656,0.3621558197888234,-0.76,-0.23,9.290000000000001,0.767,0.7876743674278259,0.0,0.025567500852048397,1.0,1.0,7.4,0.35700000000000004,True,True,False
9.086776971817017,stop_after_005,1.0867769718170166,0.0,0.0,0.0,-0.29888763440402893,0.12762720155208535,0.2585268954516601,-0.99,-0.77,9.68,0.9970000000000001,0.8427442312240601,0.0,0.01979936473071575,1.0,1.0,7.4,0.35700000000000004,True,True,False
9.107147932052612,stop_after_005,1.1071479320526123,0.0,0.0,0.0,-0.45705809786601503,0.039269908169872414,0.20398535632683726,-0.8200000000000001,-1.19,7.05,0.844,0.823718786239624,0.0,0.036647701635956764,1.0,1.0,7.4,0.35700000000000004,True,True,False
9.127512693405151,stop_after_005,1.1275126934051514,0.0,0.0,0.0,-0.5225079448158024,0.08072147790473774,0.08726646259971647,-1.98,-1.03,7.97,0.6899999999999998,0.8208053708076477,0.0,0.031230410560965538,1.0,1.0,7.4,0.35700000000000004,True,True,False
9.147894859313965,stop_after_005,1.1478948593139648,0.0,0.0,0.0,-0.3948807432637171,-0.011999138607461015,0.07526732399225546,-1.98,-1.03,7.97,0.46,0.8074721097946167,0.0,0.021918096113950014,1.0,1.0,7.4,0.35700000000000004,True,True,False
9.168276071548462,stop_after_005,1.168276071548462,0.0,0.0,0.0,-0.17671458676442586,-0.20725784867432664,0.11780972450961724,-1.98,-1.03,7.97,0.384,0.7741813659667969,0.0,0.023215207271277905,1.0,1.0,7.4,0.35700000000000004,True,True,False
9.188707113265991,stop_after_005,1.1887071132659912,0.0,0.0,0.0,-0.011999138607461015,-0.3948807432637171,0.1407171709420428,-0.59,-0.74,9.32,0.537,0.7674328088760376,0.0,0.008926503360271454,1.0,1.0,7.4,0.35700000000000004,True,True,False
9.209093570709229,stop_after_005,1.2090935707092285,0.0,0.0,0.0,0.06981317007977318,-0.5148721293383273,0.009817477042468103,-0.59,-0.74,9.32,0.614,0.7856695055961609,0.0,0.010509410873055458,1.0,1.0,7.4,0.231,True,True,False
9.230985164642334,stop_after_005,1.230985164642334,0.0,0.0,0.0,0.1407171709420428,-0.3665191429188092,0.07090400086226964,-0.59,-0.74,9.32,0.614,0.7558525800704956,0.0,0.011342592537403107,1.0,1.0,7.4,0.231,True,True,False
9.251342535018921,stop_after_005,1.251342535018921,0.0,0.0,0.0,0.2552544031041707,-0.16798794050445423,-0.4537856055185257,-0.07,0.27,7.54,0.46,0.6663022637367249,0.0,0.024679167196154594,1.0,1.0,7.4,0.231,True,True,False
9.27171516418457,stop_after_005,1.2717151641845703,0.0,0.0,0.0,0.24107360293171676,-0.1505346479845109,-0.4919646829059016,-0.18,-0.22,9.76,0.307,0.6600427031517029,0.0,0.033427410293370485,1.0,1.0,7.4,0.231,True,True,False
9.292191505432129,stop_after_005,1.292191505432129,0.0,0.0,0.0,0.10690141668465268,0.014180800172453928,-0.23125612588924865,0.08,-0.12,9.02,0.23,0.793304443359375,0.0,0.04897268256172538,1.0,1.0,7.4,0.231,True,True,False
9.312575578689575,stop_after_005,1.3125755786895752,0.0,0.0,0.0,0.05672320068981571,0.022907446432425576,-0.17671458676442586,0.04,-0.25,8.64,0.384,0.876998782157898,0.0,0.03444183990359306,1.0,1.0,7.4,0.231,True,True,False
9.332966089248657,stop_after_005,1.3329660892486572,0.0,0.0,0.0,0.04145156973486533,-0.05890486225480862,0.003272492347489368,-0.56,-1.07,9.1,0.767,0.8774425387382507,0.0,0.02663106331601739,1.0,1.0,7.4,0.231,True,True,False
9.35355806350708,stop_after_005,1.35355806350708,0.0,0.0,0.0,0.09381144729469522,-0.13308135546456762,0.34797501961636945,0.31,-1.71,9.33,1.304,0.8299712538719177,0.0,0.022960340604186058,1.0,1.0,7.4,0.231,True,True,False
9.373945236206055,stop_after_005,1.3739452362060547,0.0,0.0,0.0,0.17562375598192942,-0.18871372537188688,0.47451139038595835,0.09,-2.29,8.0,1.227,0.7991097569465637,0.0,0.039649222046136856,1.0,1.0,7.4,0.231,True,True,False
9.394314527511597,stop_after_005,1.3943145275115967,0.0,0.0,0.0,0.33597588100890846,-0.3108867730114899,0.6043202535030366,0.45,-2.42,9.200000000000001,0.9210000000000002,0.7723091840744019,0.0,0.0507223061285913,1.0,1.0,7.4,0.231,True,True,False
9.414745092391968,stop_after_005,1.4147450923919678,0.0,0.0,0.0,0.42215151282612845,-0.23125612588924865,0.6250460383704692,-0.23,-1.4000000000000001,9.370000000000001,0.384,0.7612506151199341,0.0,0.02556929597631097,1.0,1.0,7.3,0.7589999999999999,True,True,False
9.43510913848877,stop_after_005,1.4351091384887695,0.0,0.0,0.0,0.4734205596034619,-0.03381575425739013,0.17780541754692233,-0.23,-1.4000000000000001,9.370000000000001,0.46,0.7517002820968628,0.0,0.016695330967195332,1.0,1.0,7.3,0.7589999999999999,True,True,False
9.455472946166992,stop_after_005,1.4554729461669922,0.0,0.0,0.0,0.2519819107566813,0.17998707911191522,-0.4341506514335895,-0.23,-1.4000000000000001,9.370000000000001,0.844,0.7360820770263672,0.0,0.018940985202789307,1.0,1.0,7.3,0.7589999999999999,True,True,False
9.475952625274658,stop_after_005,1.4759526252746582,0.0,0.0,0.0,0.12544553998709243,0.18544123302439752,-0.595593607243065,-0.23,-1.4000000000000001,9.370000000000001,0.9970000000000001,0.7582658529281616,0.0,0.012488942593336105,1.0,1.0,7.3,0.7589999999999999,True,True,False
9.496330976486206,stop_after_005,1.496330976486206,0.0,0.0,0.0,0.10035643198967395,0.1308996938995747,-0.5465062220307244,-0.23,-1.4000000000000001,9.370000000000001,0.9970000000000001,0.7240639328956604,0.0,0.009629798121750355,1.0,1.0,7.3,0.7589999999999999,True,True,False
9.516716241836548,stop_after_005,1.5167162418365479,0.0,0.0,0.0,0.031634092692397225,0.22362031041177347,-0.5661411761156606,-0.16,1.23,8.56,0.844,0.7109678387641907,0.0,0.019693104550242424,1.0,1.0,7.3,0.7589999999999999,True,True,False
9.537111282348633,stop_after_005,1.5371112823486328,0.0,0.0,0.0,-0.07635815477475191,0.21271200258680892,-0.46142142099600086,-0.89,0.92,7.640000000000001,0.614,0.6869566440582275,0.0,0.012222187593579292,1.0,1.0,7.3,0.7589999999999999,True,True,False
9.557489156723022,stop_after_005,1.5574891567230225,0.0,0.0,0.0,-0.08835729338221293,0.14180800172453928,-0.17235126363444003,-0.78,0.09,9.46,0.384,0.5574276447296143,0.0,0.04593140399083495,1.0,1.0,7.3,0.7589999999999999,True,True,False
9.57802963256836,stop_after_005,1.5780296325683594,0.0,0.0,0.0,-0.22689280275926285,0.358883327441334,0.11453723216212788,-0.96,-0.2,8.23,0.307,0.6619234681129456,0.0,0.03816523449495435,1.0,1.0,7.3,0.7589999999999999,True,True,False
9.59840178489685,stop_after_005,1.5984017848968506,0.0,0.0,0.0,-0.2694352032766246,0.3043417883165112,0.3436116964863836,-0.06,-0.32,8.58,0.537,0.8074157238006592,0.0,0.031735189724713564,1.0,1.0,7.3,0.7589999999999999,True,True,False
9.618772506713867,stop_after_005,1.6187725067138672,0.0,0.0,0.0,-0.25743606466916363,0.3916082509162277,0.433059820651093,-0.17,-0.55,8.9,0.844,0.8318535089492798,0.0,0.029535003006458282,1.0,1.0,7.4,0.31700000000000006,True,True,False
9.639139413833618,stop_after_005,1.6391394138336182,0.0,0.0,0.0,-0.36979163526629855,0.1265363707695889,0.35124751196385884,-1.31,-0.61,9.28,1.074,0.856037437915802,0.0,0.021927811205387115,1.0,1.0,7.4,0.31700000000000006,True,True,False
9.65952467918396,stop_after_005,1.65952467918396,0.0,0.0,0.0,-0.5246896063807953,0.006544984694978736,0.18871372537188688,-1.6,-1.17,7.7700000000000005,0.9210000000000002,0.8187495470046997,0.0,0.03899400529189734,1.0,1.0,7.4,0.31700000000000006,True,True,False
9.679902791976929,stop_after_005,1.6799027919769287,0.0,0.0,0.0,-0.5585053606381855,0.08835729338221293,0.08726646259971647,-1.48,-0.87,7.5600000000000005,0.6899999999999998,0.8169411420822144,0.0,0.023657237768929917,1.0,1.0,7.4,0.31700000000000006,True,True,False
9.700371742248535,stop_after_005,1.7003717422485352,0.0,0.0,0.0,-0.4526947747360292,0.05235987755982989,0.017453292519943295,-1.48,-0.87,7.5600000000000005,0.46,0.8033921718597412,0.0,0.022228538524359465,1.0,1.0,7.4,0.31700000000000006,True,True,False
9.720798015594482,stop_after_005,1.7207980155944824,0.0,0.0,0.0,-0.21162117180431245,-0.23234695667174513,0.11235557059713497,-1.48,-0.87,7.5600000000000005,0.46,0.771040141582489,0.0,0.0271915215998888,1.0,1.0,7.4,0.31700000000000006,True,True,False
9.741284847259521,stop_after_005,1.7412848472595215,0.0,0.0,0.0,-0.020725784867432664,-0.32070425005395803,0.09926560120717749,-1.1500000000000001,-0.99,7.890000000000001,0.537,0.7730221152305603,0.0,0.009883319959044456,1.0,1.0,7.4,0.31700000000000006,True,True,False
9.761667966842651,stop_after_005,1.7616679668426514,0.0,0.0,0.0,0.11780972450961724,-0.5345070834232635,0.015271630954950384,-0.7000000000000001,-1.82,8.99,0.614,0.7902300953865051,0.0,0.008711069822311401,1.0,1.0,7.4,0.31700000000000006,True,True,False
9.782116889953613,stop_after_005,1.7821168899536133,0.0,0.0,0.0,0.15162547876700738,-0.3141592653589793,0.022907446432425576,-0.7000000000000001,-1.82,8.99,0.537,0.7504834532737732,0.0,0.013806518167257309,1.0,1.0,7.4,0.31700000000000006,True,True,False
9.80251693725586,stop_after_005,1.8025169372558594,0.0,0.0,0.0,0.19744037163185854,-0.11562806294462433,-0.3370667117914049,0.63,0.15,8.1,0.46,0.6684380769729614,0.0,0.022149361670017242,1.0,1.0,7.4,0.31700000000000006,True,True,False
9.822910070419312,stop_after_005,1.8229100704193115,0.0,0.0,0.0,0.2748893571891069,-0.18216874067690814,-0.4265148359561143,0.68,0.29,8.88,0.307,0.649592936038971,0.0,0.03641456179320812,1.0,1.0,7.4,0.31600000000000006,True,True,False
9.843290328979492,stop_after_005,1.8432903289794922,0.0,0.0,0.0,0.16144295580947549,-0.002181661564992912,-0.27707101875409984,-0.16,0.41000000000000003,8.57,0.307,0.7665602564811707,0.0,0.0441497378051281,1.0,1.0,7.4,0.31600000000000006,True,True,False
9.863682508468628,stop_after_005,1.863682508468628,0.0,0.0,0.0,0.037088246604879506,-0.019634954084936207,-0.18871372537188688,-0.12,0.14,8.55,0.46,0.8740203976631165,0.0,0.034936632961034775,1.0,1.0,7.4,0.31600000000000006,True,True,False
9.884084463119507,stop_after_005,1.8840844631195068,0.0,0.0,0.0,0.09708393964218458,-0.06217735460229799,0.050178215994836975,-0.64,-1.16,9.120000000000001,0.844,0.8687705993652344,0.0,0.024693124229088426,1.0,1.0,7.4,0.31600000000000006,True,True,False
9.90444302558899,stop_after_005,1.9044430255889893,0.0,0.0,0.0,0.09490227807719166,-0.10799224746714914,0.33161255787892263,0.22,-1.95,8.56,1.304,0.8319228887557983,0.0,0.01718789152801037,1.0,1.0,7.4,0.31600000000000006,True,True,False
9.924917697906494,stop_after_005,1.9249176979064941,0.0,0.0,0.0,0.16144295580947549,-0.1712604328519436,0.4603305902135044,0.32,-1.86,8.23,1.227,0.8011755347251892,0.0,0.03838357701897621,1.0,1.0,7.4,0.31600000000000006,True,True,False
9.94538164138794,stop_after_005,1.9453816413879395,0.0,0.0,0.0,0.3337942194439155,-0.3043417883165112,0.5257804371632918,0.81,-1.76,9.46,0.844,0.7761766910552979,0.0,0.05250112013891339,1.0,1.0,7.4,0.31600000000000006,True,True,False
9.965781927108765,stop_after_005,1.9657819271087646,0.0,0.0,0.0,0.4919646829059016,-0.12871803233458182,0.43960480534607177,-0.2,-1.55,9.47,0.384,0.7572546005249023,0.0,0.024812548886984587,1.0,1.0,7.4,0.31600000000000006,True,True,False
9.98614764213562,stop_after_005,1.9861476421356201,0.0,0.0,0.0,0.4439681284760576,-0.08726646259971647,0.15707963267948966,-0.2,-1.55,9.47,0.614,0.7550783753395081,0.0,0.017302409280091524,1.0,1.0,7.4,0.31600000000000006,True,True,False
10.00653862953186,forward_010,0.0065386295318603516,0.1,0.0,0.0,0.2650718801466388,0.1559888018969932,-0.38069994309126315,-0.2,-1.55,9.47,0.9210000000000002,0.8362023234367371,0.0,0.041278607212007046,1.0,1.0,7.4,0.31600000000000006,True,True,False
10.026907444000244,forward_010,0.02690744400024414,0.1,0.0,0.0,0.1439896632895322,0.19198621771937624,-0.5977752688080579,-0.2,-1.55,9.47,0.9970000000000001,0.8593243956565857,0.0,0.016471419483423233,1.0,1.0,7.4,0.40700000000000003,True,True,False
10.04727292060852,forward_010,0.04727292060852051,0.1,0.0,0.0,0.11126473981463851,-0.004363323129985824,-0.5585053606381855,-0.2,-1.55,9.47,0.9210000000000002,0.8975570797920227,0.0,0.016037505585700274,1.0,1.0,7.4,0.40700000000000003,True,True,False
10.067763805389404,forward_010,0.0677638053894043,0.1,0.0,0.0,-0.002181661564992912,0.23671027980173096,-0.581412807070611,0.21,2.07,8.02,0.9970000000000001,0.8304814696311951,0.0,0.026681985706090927,1.0,1.0,7.4,0.40700000000000003,True,True,False
10.088162183761597,forward_010,0.08816218376159668,0.1,0.0,0.0,-0.10799224746714914,0.21925698728178766,-0.48105637508093707,-0.39,0.4,8.5,0.767,0.6790700554847717,0.0,0.025173254311084747,1.0,1.0,7.4,0.40700000000000003,True,True,False
10.108593702316284,forward_010,0.10859370231628418,0.1,0.0,0.0,-0.11453723216212788,0.421060682043632,-0.17235126363444003,-0.55,0.24,9.59,0.537,0.7254184484481812,0.0,0.05190032534301281,1.0,1.0,7.4,0.40700000000000003,True,True,False
10.129081726074219,forward_010,0.12908172607421875,0.1,0.0,0.0,-0.17453292519943295,0.47778388273344774,0.2083486794568231,-0.67,-0.38,7.29,0.384,0.7570841312408447,0.0,0.036742737516760826,1.0,1.0,7.4,0.40700000000000003,True,True,False
10.149449586868286,forward_010,0.14944958686828613,0.1,0.0,0.0,-0.31525009614147576,0.29561514205653955,0.35015668118136234,-0.28,-0.44,7.91,0.384,0.5472018122673035,0.0,0.08992054499685764,1.0,1.0,7.4,0.40700000000000003,True,True,False
10.169853687286377,forward_010,0.16985368728637695,0.1,0.0,0.0,-0.2901609881440573,0.46687557490848314,0.42978732830360367,-0.28,-0.44,7.91,0.844,0.6067050695419312,0.0,0.10107365995645523,1.0,1.0,7.4,0.40700000000000003,True,True,False
10.190343618392944,forward_010,0.19034361839294434,0.1,0.0,0.0,-0.12217304763960307,0.21271200258680892,0.5159629601208237,-0.8200000000000001,-1.41,8.81,1.074,0.6669418811798096,0.0,0.03306339122354984,1.0,1.0,7.4,0.40700000000000003,True,True,False
10.21073865890503,forward_010,0.2107386589050293,0.1,0.0,0.0,-0.1636246173744684,-0.04690572364734761,0.46469391334349025,-0.62,-1.04,9.44,1.074,0.7657358646392822,0.0,0.049703702330589294,1.0,1.0,7.4,0.40700000000000003,True,True,False
10.231101989746094,forward_010,0.23110198974609375,0.1,0.0,0.0,-0.38069994309126315,-0.037088246604879506,0.0272707695624114,-2.74,-0.36,7.5200000000000005,0.9970000000000001,0.7297543883323669,0.0,0.031219359487295144,1.0,1.0,7.4,0.434,True,True,False
10.252508878707886,forward_010,0.25250887870788574,0.1,0.0,0.0,-0.4079707126536745,-0.032724923474893676,-0.30543261909900765,-1.46,-0.1,7.47,0.614,0.8487774133682251,0.0,0.02650119736790657,1.0,1.0,7.4,0.434,True,True,False
10.273019552230835,forward_010,0.27301955223083496,0.1,0.0,0.0,-0.41233403578366035,-0.025089107997418487,0.016362461737446838,-1.46,-0.1,7.47,0.844,0.8140610456466675,0.0,0.02415899559855461,1.0,1.0,7.4,0.434,True,True,False
10.293392419815063,forward_010,0.2933924198150635,0.1,0.0,0.0,-0.46796640569097964,-0.12544553998709243,0.16253378659197193,-1.46,-0.1,7.47,0.844,0.7823155522346497,0.0,0.007473811507225037,1.0,1.0,7.4,0.434,True,True,False
10.31375503540039,forward_010,0.3137550354003906,0.1,0.0,0.0,-0.16144295580947549,-0.28579766501407144,0.3817907738737596,-0.98,-0.12,8.88,0.6899999999999998,0.8116598129272461,0.0,0.014747219160199165,1.0,1.0,7.4,0.434,True,True,False
10.334120273590088,forward_010,0.3341202735900879,0.1,0.0,0.0,0.17671458676442586,-0.4134248665661568,0.47778388273344774,0.21,0.21,9.56,0.767,0.8431998491287231,0.0,0.015284213237464428,1.0,1.0,7.4,0.434,True,True,False
10.354522943496704,forward_010,0.3545229434967041,0.1,0.0,0.0,0.2650718801466388,-0.20507618710933373,0.20616701789183017,0.29,-1.4000000000000001,8.97,0.46,0.7875096797943115,0.0,0.01922917366027832,1.0,1.0,7.4,0.434,True,True,False
10.374921321868896,forward_010,0.3749213218688965,0.1,0.0,0.0,0.12762720155208535,-0.03599741582238305,-0.16689710972195776,-0.54,-1.37,8.370000000000001,0.307,0.6923474669456482,0.0,0.026179590728133917,1.0,1.0,7.4,0.434,True,True,False
10.395391464233398,forward_010,0.39539146423339844,0.1,0.0,0.0,0.11999138607461016,0.011999138607461015,-0.31852258848896514,-0.68,-1.54,8.700000000000001,0.153,0.694522500038147,0.0,0.043318064883351326,1.0,1.0,7.4,0.434,True,True,False
10.415873289108276,forward_010,0.41587328910827637,0.1,0.0,0.0,0.0818123086872342,-0.019634954084936207,-0.17889624832941878,-0.9,-2.21,9.74,0.307,0.7252421379089355,0.0,0.04789025988429785,1.0,1.0,7.4,0.434,True,True,False
10.436254262924194,forward_010,0.43625426292419434,0.1,0.0,0.0,0.04363323129985824,0.17453292519943295,-0.004363323129985824,0.2,-2.68,9.3,0.614,0.6772847175598145,0.0,0.025656648736912757,1.0,1.0,7.3,0.43300000000000005,True,True,False
10.456623554229736,forward_010,0.45662355422973633,0.1,0.0,0.0,0.06872233929727672,0.14726215563702155,0.22252947962927702,-0.01,-1.98,8.05,0.9970000000000001,0.7835795283317566,0.0,0.038882392342202365,1.0,1.0,7.3,0.43300000000000005,True,True,False
10.47706151008606,forward_010,0.47706151008605957,0.1,0.0,0.0,0.26725354171163174,-0.013089969389957472,0.49414634447089456,-0.03,-1.61,9.13,1.227,0.8087437748908997,0.0,0.021278282161802053,1.0,1.0,7.3,0.43300000000000005,True,True,False
10.497436046600342,forward_010,0.4974360466003418,0.1,0.0,0.0,0.3621558197888234,0.07744898555724837,0.6086835766330224,-1.02,-1.52,8.28,1.304,0.7541308403015137,0.0,0.05557932145893574,1.0,1.0,7.3,0.43300000000000005,True,True,False
10.517796039581299,forward_010,0.5177960395812988,0.1,0.0,0.0,0.43196898986859655,-0.050178215994836975,0.3196134192714616,-0.65,0.32,9.1,0.9970000000000001,0.7574321031570435,0.0,0.033349440433084965,1.0,1.0,7.3,0.43300000000000005,True,True,False
10.53845763206482,forward_010,0.5384576320648193,0.1,0.0,0.0,0.5508695451607103,0.05235987755982989,-0.1712604328519436,-1.1,1.3,9.6,0.614,0.8284932374954224,0.0,0.02177840657532215,1.0,1.0,7.3,0.43300000000000005,True,True,False
10.558847904205322,forward_010,0.5588479042053223,0.1,0.0,0.0,0.4657847441259867,0.06217735460229799,-0.6926775468852495,-1.1,1.3,9.6,0.9210000000000002,0.8862564563751221,0.0,0.023035869002342224,1.0,1.0,7.3,0.43300000000000005,True,True,False
10.579226016998291,forward_010,0.579226016998291,0.1,0.0,0.0,0.45160394395353276,0.1810779098944117,-1.1824605682261582,-1.1,1.3,9.6,1.151,0.8927345871925354,0.0,0.013439823873341084,1.0,1.0,7.3,0.43300000000000005,True,True,False
10.599608182907104,forward_010,0.5996081829071045,0.1,0.0,0.0,0.28907015736156083,0.136353847812057,-1.4889840181076623,-1.1,1.3,9.6,0.9210000000000002,0.8730266690254211,0.0,0.009562496095895767,1.0,1.0,7.3,0.43300000000000005,True,True,False
10.619972229003906,forward_010,0.6199722290039062,0.1,0.0,0.0,0.09817477042468103,0.1636246173744684,-1.2642728769133924,0.72,0.8200000000000001,9.71,0.844,0.8025471568107605,0.0,0.03009928949177265,1.0,1.0,7.3,0.43300000000000005,True,True,False
10.640352487564087,forward_010,0.6403524875640869,0.1,0.0,0.0,0.00545415391248228,0.1930770485018727,-0.904298718689562,-0.31,-0.58,7.2700000000000005,0.6899999999999998,0.6391056180000305,0.0,0.027899369597434998,1.0,1.0,7.4,0.263,True,True,False
10.660964965820312,forward_010,0.6609649658203125,0.1,0.0,0.0,0.10035643198967395,0.006544984694978736,-0.06217735460229799,-0.31,-0.58,7.2700000000000005,0.537,0.7445371747016907,0.0,0.02174617350101471,1.0,1.0,7.4,0.263,True,True,False
10.681340217590332,forward_010,0.681340217590332,0.1,0.0,0.0,-0.002181661564992912,0.1505346479845109,0.6305001922829515,-0.8,-1.23,7.25,0.46,0.8667837977409363,0.0,0.04435602389276028,1.0,1.0,7.4,0.263,True,True,False
10.701706886291504,forward_010,0.7017068862915039,0.1,0.0,0.0,-0.16580627893946132,-0.02181661564992912,0.8846637646046258,-0.79,0.39,8.120000000000001,0.6899999999999998,0.8887450695037842,0.0,0.049259619787335396,1.0,1.0,7.4,0.263,True,True,False
10.722070693969727,forward_010,0.7220706939697266,0.1,0.0,0.0,-0.21598449493429828,0.24652775684419906,0.8617563181722002,-1.24,0.61,8.99,0.767,0.7194903492927551,0.0,0.042900390923023224,1.0,1.0,7.4,0.263,True,True,False
10.742444276809692,forward_010,0.7424442768096924,0.1,0.0,0.0,-0.3763366199612773,0.39924406639370286,0.4166973589136462,-1.24,0.61,8.99,0.9210000000000002,0.7530666589736938,0.0,0.06057372875511646,1.0,1.0,7.4,0.263,True,True,False
10.762815475463867,forward_010,0.7628154754638672,0.1,0.0,0.0,-0.3916082509162277,0.4930555136883981,0.11235557059713497,-1.17,1.01,9.31,1.151,0.6958169341087341,0.0,0.06662393547594547,1.0,1.0,7.4,0.263,True,True,False
10.783197164535522,forward_010,0.7831971645355225,0.1,0.0,0.0,-0.32288591161895097,0.0545415391248228,-0.12980886311707826,-0.02,0.07,7.57,1.227,0.6954317092895508,0.0,0.03602238651365041,1.0,1.0,7.4,0.263,True,True,False
10.803572654724121,forward_010,0.8035726547241211,0.1,0.0,0.0,-0.4177881896961426,-0.1559888018969932,-0.39269908169872414,-2.14,0.1,8.74,0.9210000000000002,0.8524094820022583,0.0,0.022194774821400642,1.0,1.0,7.4,0.263,True,True,False
10.823940992355347,forward_010,0.8239409923553467,0.1,0.0,0.0,-0.6043202535030366,-0.27707101875409984,-0.43524148221608594,-2.14,0.1,8.74,0.9210000000000002,0.8430717587471008,0.0,0.014899945817887783,1.0,1.0,7.4,0.263,True,True,False
10.844308137893677,forward_010,0.8443081378936768,0.1,0.0,0.0,-0.5312345910757741,-0.18435040224190105,-0.04581489286485115,-2.14,0.1,8.74,0.9210000000000002,0.8208204507827759,0.0,0.01972503587603569,1.0,1.0,7.4,0.453,True,True,False
10.864681243896484,forward_010,0.8646812438964844,0.1,0.0,0.0,-0.39924406639370286,-0.13308135546456762,0.38942658935123475,-2.14,0.1,8.74,0.844,0.7638908624649048,0.0,0.017814528197050095,1.0,1.0,7.4,0.453,True,True,False
10.885200262069702,forward_010,0.8852002620697021,0.1,0.0,0.0,0.001090830782496456,0.04363323129985824,0.8912087492996045,-2.14,0.1,8.74,0.844,0.7160322070121765,0.0,0.0210784450173378,1.0,1.0,7.4,0.453,True,True,False
10.905556201934814,forward_010,0.9055562019348145,0.1,0.0,0.0,0.04363323129985824,-0.2596177262341565,0.37742745074377376,1.52,-2.41,6.59,0.767,0.7232252359390259,0.0,0.028472404927015305,1.0,1.0,7.4,0.453,True,True,False
10.925922870635986,forward_010,0.9259228706359863,0.1,0.0,0.0,0.06763150851478027,-0.31634092692397225,0.2879793265790644,0.59,-0.81,7.86,0.46,0.7454078793525696,0.0,0.024833051022142172,1.0,1.0,7.4,0.453,True,True,False
10.946287631988525,forward_010,0.9462876319885254,0.1,0.0,0.0,0.08399397025222712,-0.15707963267948966,-0.06544984694978735,0.59,-0.81,7.86,0.307,0.7189172506332397,0.0,0.044211550150066614,1.0,1.0,7.4,0.453,True,True,False
10.96666669845581,forward_010,0.9666666984558105,0.1,0.0,0.0,0.13526301702956053,0.04690572364734761,-0.4385139745635753,-2.48,-1.1300000000000001,8.25,0.384,0.582587480545044,0.0,0.03939018398523331,1.0,1.0,7.4,0.453,True,True,False
10.987041711807251,forward_010,0.987041711807251,0.1,0.0,0.0,0.11453723216212788,0.06872233929727672,-0.3916082509162277,-1.98,-2.69,7.43,0.767,0.7333815693855286,0.0,0.03699789568781853,1.0,1.0,7.4,0.453,True,True,False
11.007418870925903,forward_010,1.0074188709259033,0.1,0.0,0.0,0.13526301702956053,-0.12762720155208535,-0.09053895494720585,-1.98,-2.69,7.43,1.227,0.7679283618927002,0.0,0.019014948047697544,1.0,1.0,7.4,0.453,True,True,False
11.027889728546143,forward_010,1.0278897285461426,0.1,0.0,0.0,0.30325095753401476,0.025089107997418487,0.18216874067690814,0.07,-1.06,7.03,1.381,0.7922785878181458,0.0,0.026802387088537216,1.0,1.0,7.4,0.453,True,True,False
11.048253536224365,forward_010,1.0482535362243652,0.1,0.0,0.0,0.3959715740462135,-0.3076142806640006,0.24434609527920614,0.07,-1.06,7.03,1.304,0.7158364653587341,0.0,0.05400416441261768,1.0,1.0,7.4,0.5390000000000001,True,True,False
11.068629741668701,forward_010,1.0686297416687012,0.1,0.0,0.0,0.4908738521234052,0.050178215994836975,0.07526732399225546,0.07,-1.06,7.03,0.9970000000000001,0.7086219191551208,0.0,0.024994940496981144,1.0,1.0,7.4,0.5390000000000001,True,True,False
11.08909273147583,forward_010,1.08909273147583,0.1,0.0,0.0,0.6032294227205401,0.006544984694978736,-0.4112432050011639,-0.48,0.9,9.38,0.614,0.8398094177246094,0.0,0.033588094636797905,1.0,1.0,7.4,0.5390000000000001,True,True,False
11.109476804733276,forward_010,1.1094768047332764,0.1,0.0,0.0,0.5563236990731926,0.05235987755982989,-0.8464846872172498,-0.48,0.9,9.38,0.767,0.8859232664108276,0.0,0.018468467518687248,1.0,1.0,7.4,0.5390000000000001,True,True,False
11.129847526550293,forward_010,1.129847526550293,0.1,0.0,0.0,0.23889194136672387,0.10035643198967395,-1.1137382289288815,-0.48,0.9,9.38,0.6899999999999998,0.9112745523452759,0.0,0.01746382936835289,1.0,1.0,7.4,0.5390000000000001,True,True,False
11.150210618972778,forward_010,1.1502106189727783,0.1,0.0,0.0,0.136353847812057,0.006544984694978736,-0.8846637646046258,-0.48,0.9,9.38,0.844,0.907405436038971,0.0,0.011975822853855789,1.0,1.0,7.4,0.5390000000000001,True,True,False
11.170584678649902,forward_010,1.1705846786499023,0.1,0.0,0.0,0.05672320068981571,-0.025089107997418487,-0.7090400086226963,-0.03,0.35000000000000003,8.78,0.9210000000000002,0.8740917444229126,0.0,0.02318421856034547,1.0,1.0,7.4,0.5390000000000001,True,True,False
11.190959453582764,forward_010,1.1909594535827637,0.1,0.0,0.0,0.02945243112740431,-0.03599741582238305,-0.28907015736156083,-0.11,-0.26,9.75,0.844,0.7232609987258911,0.0,0.020396575331687927,1.0,1.0,7.4,0.5390000000000001,True,True,False
11.21135139465332,forward_010,1.2113513946533203,0.1,0.0,0.0,0.01090830782496456,0.08835729338221293,0.29343348049154666,-0.42,0.08,9.33,0.307,0.7633370757102966,0.0,0.04251649230718613,1.0,1.0,7.4,0.5390000000000001,True,True,False
11.231720685958862,forward_010,1.2317206859588623,0.1,0.0,0.0,-0.10253809355466686,0.1189005552921137,0.5617778529856748,-0.56,0.0,7.2,0.307,0.8660029768943787,0.0,0.03723063878715038,1.0,1.0,7.4,0.5390000000000001,True,True,False
11.252087831497192,forward_010,1.2520878314971924,0.1,0.0,0.0,-0.2181661564992912,0.13526301702956053,0.619591884457987,-0.55,0.28,7.95,0.537,0.7155656814575195,0.0,0.0645300098694861,1.0,1.0,7.3,0.5640000000000002,True,True,False
11.272717952728271,forward_010,1.2727179527282715,0.1,0.0,0.0,-0.24652775684419906,0.284706834231575,0.6457718232379019,-1.83,1.1400000000000001,9.21,0.6899999999999998,0.7039955258369446,0.0,0.043797357473522425,1.0,1.0,7.3,0.5640000000000002,True,True,False
11.293240785598755,forward_010,1.2932407855987549,0.1,0.0,0.0,-0.32834006553143325,0.24652775684419906,0.10253809355466686,-1.08,0.54,9.19,1.074,0.6857468485832214,0.0,0.044592391699552536,1.0,1.0,7.3,0.5640000000000002,True,True,False
11.313612937927246,forward_010,1.313612937927246,0.1,0.0,0.0,-0.3010692959690218,0.18762289458939044,-0.006544984694978736,-0.72,0.45,8.66,1.227,0.6944860219955444,0.0,0.04567177966237068,1.0,1.0,7.3,0.5640000000000002,True,True,False
11.333975315093994,forward_010,1.3339753150939941,0.1,0.0,0.0,-0.23125612588924865,-0.05999569303730508,-0.1189005552921137,-0.8200000000000001,-0.75,7.66,0.9210000000000002,0.7149161100387573,0.0,0.04383950121700764,1.0,1.0,7.3,0.5640000000000002,True,True,False
11.354342699050903,forward_010,1.3543426990509033,0.1,0.0,0.0,-0.4265148359561143,-0.15707963267948966,-0.35452000431134817,-1.33,-0.21,7.48,0.384,0.869366466999054,0.0,0.024506613612174988,1.0,1.0,7.3,0.5640000000000002,True,True,False
11.374714374542236,forward_010,1.3747143745422363,0.1,0.0,0.0,-0.5977752688080579,-0.19525871006686563,-0.3490658503988659,-1.58,0.5,9.13,0.6899999999999998,0.8715757131576538,0.0,0.018009508028626442,1.0,1.0,7.3,0.5640000000000002,True,True,False
11.395085334777832,forward_010,1.395085334777832,0.1,0.0,0.0,-0.595593607243065,-0.22471114119426994,0.04799655442984406,-1.58,0.5,9.13,0.6899999999999998,0.8239377737045288,0.0,0.017849557101726532,1.0,1.0,7.3,0.5640000000000002,True,True,False
11.415576696395874,forward_010,1.415576696395874,0.1,0.0,0.0,-0.39706240482870997,-0.1407171709420428,0.4690572364734761,-1.58,0.5,9.13,0.9210000000000002,0.7768716812133789,0.0,0.012293905951082706,1.0,1.0,7.3,0.5640000000000002,True,True,False
11.435951948165894,forward_010,1.4359519481658936,0.1,0.0,0.0,-0.006544984694978736,-0.06763150851478027,0.8704829644321719,1.33,-0.05,8.3,0.767,0.7865030169487,0.0,0.027354054152965546,1.0,1.0,7.3,0.5640000000000002,True,True,False
11.45631718635559,forward_010,1.4563171863555908,0.1,0.0,0.0,-0.001090830782496456,-0.2792526803190927,0.39051742013373125,1.31,-2.08,7.55,0.614,0.7936816215515137,0.0,0.02025512233376503,1.0,1.0,7.4,0.25899999999999995,True,True,False
11.476694583892822,forward_010,1.4766945838928223,0.1,0.0,0.0,0.05781403147231216,-0.22689280275926285,0.2901609881440573,0.87,-0.85,7.3500000000000005,0.384,0.7545227408409119,0.0,0.03356165252625942,1.0,1.0,7.4,0.25899999999999995,True,True,False
11.49712347984314,forward_010,1.4971234798431396,0.1,0.0,0.0,0.12435470920459599,0.02945243112740431,-0.30543261909900765,-0.61,-1.24,9.58,0.307,0.6585850119590759,0.0,0.03777709975838661,1.0,1.0,7.4,0.25899999999999995,True,True,False
11.5174880027771,forward_010,1.5174880027770996,0.1,0.0,0.0,0.15707963267948966,0.08399397025222712,-0.3883357585687383,-1.47,-3.24,9.15,0.46,0.6242837309837341,0.0,0.04043117817491293,1.0,1.0,7.4,0.25899999999999995,True,True,False
11.537855386734009,forward_010,1.5378553867340088,0.1,0.0,0.0,0.08290313946973066,0.06217735460229799,-0.07090400086226964,-2.34,-2.81,8.47,0.9970000000000001,0.7135940194129944,0.0,0.02517391147557646,1.0,1.0,7.4,0.25899999999999995,True,True,False
11.558221101760864,forward_010,1.5582211017608643,0.1,0.0,0.0,0.13199052468207118,0.13853550937704992,0.004363323129985824,-0.1,-1.58,8.0,1.304,0.7680832147598267,0.0,0.029454353847540915,1.0,1.0,7.4,0.25899999999999995,True,True,False
11.578713178634644,forward_010,1.5787131786346436,0.1,0.0,0.0,0.35124751196385884,-0.001090830782496456,0.11017390903214205,0.54,-2.05,7.8500000000000005,1.304,0.7727336287498474,0.0,0.02775692567229271,1.0,1.0,7.4,0.25899999999999995,True,True,False
11.599087953567505,forward_010,1.5990879535675049,0.1,0.0,0.0,0.4505131131710363,-0.17453292519943295,0.36324665057131983,0.54,-2.05,7.8500000000000005,1.227,0.6895259022712708,0.0,0.057346911169588566,1.0,1.0,7.4,0.25899999999999995,True,True,False
11.619451761245728,forward_010,1.6194517612457275,0.1,0.0,0.0,0.4374231437810788,0.08726646259971647,0.18435040224190105,-1.48,1.24,8.6,0.9970000000000001,0.7418664693832397,0.0,0.025176127441227436,1.0,1.0,7.4,0.25899999999999995,True,True,False
11.639806747436523,forward_010,1.6398067474365234,0.1,0.0,0.0,0.6174102228929941,0.002181661564992912,-0.4526947747360292,-1.94,0.51,8.39,0.767,0.8480662107467651,0.0,0.03142690099775791,1.0,1.0,7.4,0.25899999999999995,True,True,False
11.660188436508179,forward_010,1.6601884365081787,0.1,0.0,0.0,0.6065019150680295,0.19744037163185854,-0.6457718232379019,-1.94,0.51,8.39,0.6899999999999998,0.857538104057312,0.0,0.0121660977602005,1.0,1.0,7.3,0.6869999999999999,True,True,False
11.680557250976562,forward_010,1.6805572509765625,0.1,0.0,0.0,0.2552544031041707,0.13853550937704992,-1.0679233360640303,-1.94,0.51,8.39,0.844,0.9027965068817139,0.0,0.017593376338481903,1.0,1.0,7.3,0.6869999999999999,True,True,False
11.701095581054688,forward_010,1.7010955810546875,0.1,0.0,0.0,0.0916297857297023,-0.017453292519943295,-1.174824752748683,-1.94,0.51,8.39,0.844,0.9065050482749939,0.0,0.010194025933742523,1.0,1.0,7.3,0.6869999999999999,True,True,False
11.721563816070557,forward_010,1.7215638160705566,0.1,0.0,0.0,-0.017453292519943295,0.06872233929727672,-0.9435686268594344,-0.24,1.05,8.88,0.844,0.8208408355712891,0.0,0.02515876106917858,1.0,1.0,7.3,0.6869999999999999,True,True,False
11.741918087005615,forward_010,1.7419180870056152,0.1,0.0,0.0,0.038179077387375956,0.04908738521234052,-0.43196898986859655,-0.27,-0.55,8.27,0.767,0.6878873705863953,0.0,0.022729757241904736,1.0,1.0,7.3,0.6869999999999999,True,True,False
11.762293338775635,forward_010,1.7622933387756348,0.1,0.0,0.0,0.014180800172453928,0.07308566242726255,0.1930770485018727,0.19,-0.59,9.65,0.537,0.7380499839782715,0.0,0.02746760845184326,1.0,1.0,7.3,0.6869999999999999,True,True,False
11.782681941986084,forward_010,1.782681941986084,0.1,0.0,0.0,-0.07308566242726255,0.11671889372712078,0.6294093615004551,-0.68,-0.81,7.3,0.307,0.8817372918128967,0.0,0.04130083601921797,1.0,1.0,7.3,0.6869999999999999,True,True,False
11.803050518035889,forward_010,1.8030505180358887,0.1,0.0,0.0,-0.20180369476184434,0.05890486225480862,0.6643159465403417,-1.53,1.16,9.36,0.46,0.8302966952323914,0.0,0.051399679854512215,1.0,1.0,7.3,0.6869999999999999,True,True,False
11.823539972305298,forward_010,1.8235399723052979,0.1,0.0,0.0,-0.24434609527920614,0.41015237421866746,0.4854196982109229,-2.42,1.49,8.67,0.6899999999999998,0.6932476162910461,0.0,0.05359737016260624,1.0,1.0,7.3,0.6869999999999999,True,True,False
11.843904972076416,forward_010,1.843904972076416,0.1,0.0,0.0,-0.3043417883165112,0.3097959422289935,0.19962203319685143,-2.42,1.49,8.67,1.074,0.6656028032302856,0.0,0.05319659737870097,1.0,1.0,7.3,0.6869999999999999,True,True,False
11.864309072494507,forward_010,1.8643090724945068,0.1,0.0,0.0,-0.3196134192714616,0.3839724354387525,-0.08835729338221293,-1.05,-0.25,8.82,1.074,0.634233832359314,0.0,0.06205658055841923,1.0,1.0,7.4,0.232,True,True,False
11.884673833847046,forward_010,1.884673833847046,0.1,0.0,0.0,-0.2007128639793479,-0.10690141668465268,-0.06435901616729091,-0.65,-0.35000000000000003,8.94,1.074,0.7232260704040527,0.0,0.037819938734173775,1.0,1.0,7.4,0.232,True,True,False
11.90509843826294,forward_010,1.9050984382629395,0.1,0.0,0.0,-0.5137812985558308,-0.2628902185816459,-0.38069994309126315,-2.14,-0.72,7.930000000000001,0.6899999999999998,0.8848128914833069,0.0,0.03077355958521366,1.0,1.0,7.4,0.232,True,True,False
11.925468444824219,forward_010,1.9254684448242188,0.1,0.0,0.0,-0.5770494839406252,-0.19853120241435498,-0.16144295580947549,-1.58,-0.07,9.58,0.844,0.872096061706543,0.0,0.012177757918834686,1.0,1.0,7.4,0.232,True,True,False
11.945829153060913,forward_010,1.945829153060913,0.1,0.0,0.0,-0.533416252640767,-0.22143864884678055,0.3108867730114899,-1.58,-0.07,9.58,0.6899999999999998,0.8338549137115479,0.0,0.021018213592469692,1.0,1.0,7.4,0.232,True,True,False
11.966202974319458,forward_010,1.966202974319458,0.1,0.0,0.0,-0.23125612588924865,-0.136353847812057,0.6588617926278594,-1.58,-0.07,9.58,0.844,0.7610974311828613,0.0,0.010877102613449097,1.0,1.0,7.4,0.232,True,True,False
11.986572504043579,forward_010,1.986572504043579,0.1,0.0,0.0,0.08399397025222712,-0.18544123302439752,0.5912302841130791,0.63,0.93,9.13,0.844,0.7961884140968323,0.0,0.015033479779958725,1.0,1.0,7.4,0.232,True,True,False
12.006956100463867,forward_010,2.006956100463867,0.1,0.0,0.0,0.06217735460229799,-0.3436116964863836,0.2945243112740431,1.58,-1.75,6.7,0.537,0.7954689860343933,0.0,0.01745809055864811,1.0,1.0,7.4,0.232,True,True,False
12.027612447738647,forward_010,2.0276124477386475,0.1,0.0,0.0,0.044724062082354694,-0.26070855701665296,0.04254240051736178,-0.21,-0.99,9.03,0.46,0.739326536655426,0.0,0.03184410487301648,1.0,1.0,7.4,0.232,True,True,False
12.04802131652832,forward_010,2.0480213165283203,0.1,0.0,0.0,0.06654067773228381,-0.004363323129985824,-0.35997415822383044,-2.59,-2.0300000000000002,8.68,0.307,0.6088212132453918,0.0,0.032362524420022964,1.0,1.0,7.4,0.232,True,True,False
12.068392992019653,forward_010,2.0683929920196533,0.1,0.0,0.0,0.09817477042468103,0.026179938779914945,-0.30325095753401476,-1.22,-2.83,9.08,0.537,0.615486204624176,0.0,0.03469911403954029,1.0,1.0,7.4,0.416,True,True,False
12.088760137557983,forward_010,2.0887601375579834,0.1,0.0,0.0,0.03381575425739013,-0.11999138607461016,-0.07417649320975901,-1.97,-2.24,8.93,0.9210000000000002,0.7012551426887512,0.0,0.02344413474202156,1.0,1.0,7.4,0.416,True,True,False
12.10914397239685,forward_010,2.1091439723968506,0.1,0.0,0.0,0.14289883250703572,-0.039269908169872414,0.12435470920459599,1.1300000000000001,-2.4,8.27,1.227,0.7458407878875732,0.0,0.02115159621462226,1.0,1.0,7.4,0.416,True,True,False
12.129693031311035,forward_010,2.129693031311035,0.1,0.0,0.0,0.24870941840919197,-0.06326818538479445,0.23889194136672387,-0.13,-1.6600000000000001,8.35,1.304,0.7749764919281006,0.0,0.032004062086343765,1.0,1.0,7.4,0.416,True,True,False
12.150056838989258,forward_010,2.150056838989258,0.1,0.0,0.0,0.3817907738737596,-0.21271200258680892,0.4265148359561143,-0.13,-1.6600000000000001,8.35,1.227,0.7032955288887024,0.0,0.053272501565515995,1.0,1.0,7.4,0.416,True,True,False
12.17042875289917,forward_010,2.17042875289917,0.1,0.0,0.0,0.4014257279586958,0.13853550937704992,-0.18544123302439752,-1.58,0.62,7.7700000000000005,0.844,0.7295722961425781,0.0,0.025408098474144936,1.0,1.0,7.4,0.416,True,True,False
12.190813541412354,forward_010,2.1908135414123535,0.1,0.0,0.0,0.5094179754258449,-0.11235557059713497,-0.6381360077604268,-1.58,0.62,7.7700000000000005,0.844,0.8717478513717651,0.0,0.026595070958137512,1.0,1.0,7.4,0.416,True,True,False
12.211178064346313,forward_010,2.2111780643463135,0.1,0.0,0.0,0.5563236990731926,-0.008726646259971648,-0.7603090554000298,-1.58,0.62,7.7700000000000005,0.767,0.8968781232833862,0.0,0.013271368108689785,1.0,1.0,7.4,0.416,True,True,False
12.231548070907593,forward_010,2.2315480709075928,0.1,0.0,0.0,0.37960911230876665,0.1505346479845109,-1.066832505281534,-1.58,0.62,7.7700000000000005,0.844,0.9102445840835571,0.0,0.013757914304733276,1.0,1.0,7.4,0.416,True,True,False
12.251928329467773,forward_010,2.2519283294677734,0.1,0.0,0.0,0.21925698728178766,0.08617563181722002,-1.0155634585042006,-1.58,0.62,7.7700000000000005,0.844,0.8925476670265198,0.0,0.01200314168818295,1.0,1.0,7.4,0.416,True,True,False
12.272289991378784,forward_010,2.272289991378784,0.1,0.0,0.0,0.06435901616729091,0.08617563181722002,-0.7821256710499589,0.35000000000000003,-0.41000000000000003,9.06,0.844,0.8312511444091797,0.0,0.029130902141332626,1.0,1.0,7.4,0.33,True,True,False
12.293488502502441,forward_010,2.2934885025024414,0.1,0.0,0.0,0.04254240051736178,0.14289883250703572,-0.5126904677733343,-0.19,0.17,8.68,0.6899999999999998,0.6809297204017639,0.0,0.0215003564953804,1.0,1.0,7.4,0.33,True,True,False
12.313963890075684,forward_010,2.3139638900756836,0.1,0.0,0.0,0.032724923474893676,0.13308135546456762,0.5181446216858165,-0.34,-0.1,8.94,0.46,0.7709336876869202,0.0,0.03855268657207489,1.0,1.0,7.4,0.33,True,True,False
12.334357976913452,forward_010,2.334357976913452,0.1,0.0,0.0,-0.038179077387375956,0.06544984694978735,0.5759586531581288,-0.17,-0.13,7.2700000000000005,0.307,0.8542565703392029,0.0,0.0326921297237277,1.0,1.0,7.4,0.33,True,True,False
12.354723453521729,forward_010,2.3547234535217285,0.1,0.0,0.0,-0.19853120241435498,0.022907446432425576,0.6305001922829515,-1.01,0.75,9.39,0.384,0.615566074848175,0.0,0.0682796131586656,1.0,1.0,7.4,0.33,True,True,False
12.375093460083008,forward_010,2.375093460083008,0.1,0.0,0.0,-0.2792526803190927,0.3937899124812206,0.5170537909033202,-3.42,0.9500000000000001,7.97,0.6899999999999998,0.690069854259491,0.0,0.05884178960695863,1.0,1.0,7.4,0.33,True,True,False
12.395465850830078,forward_010,2.395465850830078,0.1,0.0,0.0,-0.2901609881440573,0.26070855701665296,0.13962634015954636,-3.42,0.9500000000000001,7.97,0.9970000000000001,0.6670853495597839,0.0,0.04275575838983059,1.0,1.0,7.4,0.33,True,True,False
12.415841102600098,forward_010,2.4158411026000977,0.1,0.0,0.0,-0.24652775684419906,0.3141592653589793,-0.09272061651219876,-0.28,-0.5700000000000001,7.28,1.151,0.6628245711326599,0.0,0.06152408570051193,1.0,1.0,7.4,0.33,True,True,False
12.43622612953186,forward_010,2.4362261295318604,0.1,0.0,0.0,-0.18544123302439752,-0.04581489286485115,-0.1407171709420428,-0.71,-0.16,8.65,1.074,0.6886030435562134,0.0,0.03273835778236389,1.0,1.0,7.4,0.33,True,True,False
12.456640243530273,forward_010,2.4566402435302734,0.1,0.0,0.0,-0.41015237421866746,-0.09381144729469522,-0.38288160465625604,-2.0300000000000002,-0.56,7.36,0.384,0.8579028248786926,0.0,0.02462613210082054,1.0,1.0,7.4,0.33,True,True,False
12.47701120376587,forward_010,2.477011203765869,0.1,0.0,0.0,-0.5061454830783556,-0.23234695667174513,-0.2781618495365963,-2.0300000000000002,-0.56,7.36,0.767,0.8639909625053406,0.0,0.013135917484760284,1.0,1.0,7.3,0.634,True,True,False
12.497389793395996,forward_010,2.497389793395996,0.1,0.0,0.0,-0.5530512067257032,-0.21925698728178766,0.11235557059713497,-2.0300000000000002,-0.56,7.36,0.767,0.8172544240951538,0.0,0.017730461433529854,1.0,1.0,7.3,0.634,True,True,False
12.51776123046875,forward_010,2.51776123046875,0.1,0.0,0.0,-0.4166973589136462,-0.17562375598192942,0.5792311455056182,-2.0300000000000002,-0.56,7.36,0.844,0.7443399429321289,0.0,0.01050105132162571,1.0,1.0,7.3,0.634,True,True,False
12.53813648223877,forward_010,2.5381364822387695,0.1,0.0,0.0,-0.044724062082354694,-0.1189005552921137,0.842121364087264,1.12,1.05,9.370000000000001,0.767,0.7962275147438049,0.0,0.03194086253643036,1.0,1.0,7.3,0.634,True,True,False
12.558500289916992,forward_010,2.558500289916992,0.1,0.0,0.0,0.04145156973486533,-0.34797501961636945,0.38942658935123475,1.69,-2.33,7.51,0.537,0.8028088808059692,0.0,0.02178003266453743,1.0,1.0,7.3,0.634,True,True,False
12.578877687454224,forward_010,2.5788776874542236,0.1,0.0,0.0,0.007635815477475192,-0.3108867730114899,0.21598449493429828,-0.1,-0.25,9.61,0.384,0.7463452219963074,0.0,0.031146753404755145,1.0,1.0,7.3,0.634,True,True,False
12.59928035736084,forward_010,2.59928035736084,0.1,0.0,0.0,0.037088246604879506,-0.09272061651219876,-0.18435040224190105,-1.78,-0.9,9.09,0.23,0.6769628524780273,0.0,0.03611520677804947,1.0,1.0,7.3,0.634,True,True,False
12.619701623916626,forward_010,2.619701623916626,0.1,0.0,0.0,0.16689710972195776,-0.04036073895236887,-0.459239759431008,-1.18,-3.5500000000000003,9.31,0.614,0.6953314542770386,0.0,0.0466632004827261,1.0,1.0,7.3,0.634,True,True,False
12.64011549949646,forward_010,2.64011549949646,0.1,0.0,0.0,0.11344640137963143,0.11453723216212788,-0.24870941840919197,-2.29,-2.25,8.040000000000001,0.9970000000000001,0.7028611898422241,0.0,0.0297996886074543,1.0,1.0,7.3,0.634,True,True,False
12.660557985305786,forward_010,2.660557985305786,0.1,0.0,0.0,0.06435901616729091,0.039269908169872414,-0.04690572364734761,-0.18,-2.61,7.55,1.304,0.7591620087623596,0.0,0.030854251235723495,1.0,1.0,7.3,0.634,True,True,False
12.681023359298706,forward_010,2.681023359298706,0.1,0.0,0.0,0.21925698728178766,-0.017453292519943295,0.1407171709420428,1.19,-1.8,8.67,1.304,0.7476426362991333,0.0,0.019786693155765533,1.0,1.0,7.4,0.35800000000000004,True,True,False
12.701401472091675,forward_010,2.701401472091675,0.1,0.0,0.0,0.38069994309126315,-0.16144295580947549,0.41560652813114973,1.19,-1.8,8.67,1.227,0.6658402681350708,0.0,0.055634504184126854,1.0,1.0,7.4,0.35800000000000004,True,True,False
12.721816062927246,forward_010,2.721816062927246,0.1,0.0,0.0,0.3861540970037454,-0.04799655442984406,0.4385139745635753,-1.19,0.46,9.41,0.767,0.7700039744377136,0.0,0.0260207150131464,1.0,1.0,7.4,0.35800000000000004,True,True,False
12.742182731628418,forward_010,2.742182731628418,0.1,0.0,0.0,0.44833145160604343,0.20725784867432664,-0.20616701789183017,-1.99,0.56,7.7700000000000005,0.537,0.8019849061965942,0.0,0.017869971692562103,1.0,1.0,7.4,0.35800000000000004,True,True,False
12.762542486190796,forward_010,2.762542486190796,0.1,0.0,0.0,0.545415391248228,0.020725784867432664,-0.6217735460229799,-1.99,0.56,7.7700000000000005,0.844,0.8828069567680359,0.0,0.022770877927541733,1.0,1.0,7.4,0.35800000000000004,True,True,False
12.782921314239502,forward_010,2.782921314239502,0.1,0.0,0.0,0.4286964975211072,0.1636246173744684,-0.9326603190344699,-1.99,0.56,7.7700000000000005,0.767,0.8912065625190735,0.0,0.012422088533639908,1.0,1.0,7.4,0.35800000000000004,True,True,False
12.803298473358154,forward_010,2.8032984733581543,0.1,0.0,0.0,0.18871372537188688,0.08072147790473774,-1.0188359508516898,-1.99,0.56,7.7700000000000005,0.844,0.877035915851593,0.0,0.008423279970884323,1.0,1.0,7.4,0.35800000000000004,True,True,False
12.823686122894287,forward_010,2.823686122894287,0.1,0.0,0.0,0.1439896632895322,0.02945243112740431,-0.9130253649495337,-0.32,0.5700000000000001,8.45,0.767,0.8126983046531677,0.0,0.02610807493329048,1.0,1.0,7.4,0.35800000000000004,True,True,False
12.844071626663208,forward_010,2.844071626663208,0.1,0.0,0.0,0.06654067773228381,0.04690572364734761,-0.5988660995905544,-0.36,-0.11,8.97,0.6899999999999998,0.6692995429039001,0.0,0.021354072261601686,1.0,1.0,7.4,0.35800000000000004,True,True,False
12.864532232284546,forward_010,2.864532232284546,0.1,0.0,0.0,0.037088246604879506,0.1265363707695889,-0.06872233929727672,-0.26,-0.43,9.05,0.46,0.687812089920044,0.0,0.033573660999536514,1.0,1.0,7.4,0.35800000000000004,True,True,False
12.88489818572998,forward_010,2.8848981857299805,0.1,0.0,0.0,0.016362461737446838,0.07526732399225546,0.3916082509162277,-0.3,0.18,7.58,0.23,0.7138715386390686,0.0,0.035347615368664265,1.0,1.0,7.4,0.5700000000000001,True,True,False
12.905260801315308,forward_010,2.9052608013153076,0.1,0.0,0.0,-0.11671889372712078,-0.037088246604879506,0.5159629601208237,-1.9100000000000001,0.92,9.43,0.46,0.7128276228904724,0.0,0.05026957113295793,1.0,1.0,7.4,0.5700000000000001,True,True,False
12.925644159317017,forward_010,2.9256441593170166,0.1,0.0,0.0,-0.26725354171163174,0.4494222823885399,0.3883357585687383,-2.67,0.5700000000000001,8.09,0.767,0.7014163732528687,0.0,0.04280407726764679,1.0,1.0,7.4,0.5700000000000001,True,True,False
12.946025848388672,forward_010,2.946025848388672,0.1,0.0,0.0,-0.2923426497090502,0.26070855701665296,0.17016960206944712,-2.67,0.5700000000000001,8.09,0.9970000000000001,0.7237470746040344,0.0,0.08095823042094707,1.0,1.0,7.4,0.5700000000000001,True,True,False
12.966389417648315,forward_010,2.9663894176483154,0.1,0.0,0.0,-0.32506757318394386,0.3294308963139297,0.04799655442984406,0.09,-0.86,7.05,0.9970000000000001,0.654356837272644,0.0,0.08161801751703024,1.0,1.0,7.4,0.5700000000000001,True,True,False
12.986776351928711,forward_010,2.986776351928711,0.1,0.0,0.0,-0.20507618710933373,-0.08290313946973066,0.04254240051736178,-0.52,-0.06,8.540000000000001,1.151,0.7373740077018738,0.0,0.029627978801727295,1.0,1.0,7.4,0.5700000000000001,True,True,False
13.007144212722778,forward_010,3.0071442127227783,0.1,0.0,0.0,-0.3916082509162277,-0.18762289458939044,-0.13853550937704992,-2.6,-0.9500000000000001,6.88,0.767,0.8854800462722778,0.0,0.03304494917392731,1.0,1.0,7.4,0.5700000000000001,True,True,False
13.027522087097168,forward_010,3.027522087097168,0.1,0.0,0.0,-0.6435901616729091,-0.3959715740462135,-0.16035212502697901,-1.68,-0.56,9.790000000000001,0.844,0.901328980922699,0.0,0.013374092057347298,1.0,1.0,7.4,0.5700000000000001,True,True,False
13.048073768615723,forward_010,3.0480737686157227,0.1,0.0,0.0,-0.7101308394051928,-0.017453292519943295,0.14508049407202864,-1.68,-0.56,9.790000000000001,0.614,0.805537760257721,0.0,0.019292611628770828,1.0,1.0,7.4,0.5700000000000001,True,True,False
13.06852388381958,forward_010,3.06852388381958,0.1,0.0,0.0,-0.4406956361285682,-0.24107360293171676,0.619591884457987,-1.68,-0.56,9.790000000000001,0.844,0.7594742774963379,0.0,0.011503067333251238,1.0,1.0,7.4,0.5700000000000001,True,True,False
13.088961362838745,forward_010,3.088961362838745,0.1,0.0,0.0,0.07526732399225546,-0.1636246173744684,0.5825036378531074,1.3,-0.63,7.43,0.844,0.8237828016281128,0.0,0.021753333508968353,1.0,1.0,7.4,0.271,True,True,False
13.10933232307434,forward_010,3.109332323074341,0.1,0.0,0.0,0.12544553998709243,-0.40251655874119224,0.35452000431134817,0.88,-0.91,7.99,0.844,0.780624508857727,0.0,0.018399111926555634,1.0,1.0,7.4,0.271,True,True,False
13.129692316055298,forward_010,3.129692316055298,0.1,0.0,0.0,0.07963064712224129,-0.34470252726888007,0.2923426497090502,0.88,-0.91,7.99,0.307,0.76615971326828,0.0,0.03351664904039353,1.0,1.0,7.4,0.271,True,True,False
13.150062322616577,forward_010,3.150062322616577,0.1,0.0,0.0,0.10471975511965978,-0.05781403147231216,-0.20616701789183017,-1.45,-1.16,7.51,0.307,0.6436980366706848,0.0,0.03915175062138587,1.0,1.0,7.4,0.271,True,True,False
13.170536041259766,forward_010,3.1705360412597656,0.1,0.0,0.0,0.16471544815696484,-0.04036073895236887,-0.4439681284760576,-1.22,-2.85,8.88,0.767,0.6489958167076111,0.0,0.03724014200270176,1.0,1.0,7.4,0.271,True,True,False
13.191041231155396,forward_010,3.1910412311553955,0.1,0.0,0.0,0.032724923474893676,0.039269908169872414,-0.1810779098944117,-2.07,-2.14,8.97,1.151,0.7079299092292786,0.0,0.02006315439939499,1.0,1.0,7.4,0.271,True,True,False
13.211412191390991,forward_010,3.211412191390991,0.1,0.0,0.0,0.1090830782496456,-0.13526301702956053,0.11017390903214205,1.61,-1.3800000000000001,8.44,1.381,0.7191001772880554,0.0,0.027887340635061264,1.0,1.0,7.4,0.271,True,True,False
13.231902837753296,forward_010,3.231902837753296,0.1,0.0,0.0,0.27598018797160334,-0.020725784867432664,0.19744037163185854,0.41000000000000003,-2.15,7.88,1.381,0.7595041990280151,0.0,0.03843059949576855,1.0,1.0,7.4,0.271,True,True,False
13.252270698547363,forward_010,3.2522706985473633,0.1,0.0,0.0,0.38069994309126315,-0.21925698728178766,0.38069994309126315,0.41000000000000003,-2.15,7.88,1.151,0.6830659508705139,0.0,0.050105259753763676,1.0,1.0,7.4,0.271,True,True,False
13.27279257774353,forward_010,3.2727925777435303,0.1,0.0,0.0,0.39269908169872414,0.16471544815696484,0.1810779098944117,-1.24,0.58,7.97,0.6899999999999998,0.7132066488265991,0.0,0.026778310537338257,1.0,1.0,7.4,0.271,True,True,False
13.29323935508728,forward_010,3.2932393550872803,0.1,0.0,0.0,0.5443245604657315,0.06435901616729091,-0.35452000431134817,-1.1,-0.01,9.11,0.767,0.8296786546707153,0.0,0.027263501659035683,1.0,1.0,7.3,0.8160000000000001,True,True,False
13.314745903015137,forward_010,3.3147459030151367,0.1,0.0,0.0,0.5159629601208237,-0.05126904677733343,-0.753764070705051,-1.1,-0.01,9.11,0.767,0.9004999995231628,0.0,0.022559053264558315,1.0,1.0,7.3,0.8160000000000001,True,True,False
13.335140466690063,forward_010,3.3351404666900635,0.1,0.0,0.0,0.23452861823673804,0.210530341021816,-0.9413869652944415,-1.1,-0.01,9.11,0.767,0.9000402688980103,0.0,0.012553337961435318,1.0,1.0,7.3,0.8160000000000001,True,True,False
13.355615377426147,forward_010,3.3556153774261475,0.1,0.0,0.0,0.20180369476184434,0.07526732399225546,-0.9108437033845407,-0.28,0.2,8.63,0.844,0.897529661655426,0.0,0.012993465061299503,1.0,1.0,7.3,0.8160000000000001,True,True,False
13.376088380813599,forward_010,3.3760883808135986,0.1,0.0,0.0,0.10253809355466686,0.09708393964218458,-0.6784967467127956,-0.23,0.14,8.31,0.767,0.8252090215682983,0.0,0.019617143087089062,1.0,1.0,7.3,0.8160000000000001,True,True,False
13.396445035934448,forward_010,3.3964450359344482,0.1,0.0,0.0,0.04581489286485115,0.08290313946973066,-0.22689280275926285,-0.23,0.14,8.31,0.767,0.7008327841758728,0.0,0.027881383895874023,1.0,1.0,7.3,0.8160000000000001,True,True,False
13.416897058486938,forward_010,3.4168970584869385,0.1,0.0,0.0,0.04581489286485115,0.21380283336930536,0.030543261909900768,-0.68,0.04,8.25,0.307,0.6907606720924377,0.0,0.041306499391794205,1.0,1.0,7.3,0.8160000000000001,True,True,False
13.437465906143188,forward_010,3.4374659061431885,0.1,0.0,0.0,-0.08726646259971647,0.06654067773228381,0.495237175253391,-0.12,0.29,8.2,0.307,0.7012044787406921,0.0,0.04330088943243027,1.0,1.0,7.3,0.8160000000000001,True,True,False
13.457825422286987,forward_010,3.4578254222869873,0.1,0.0,0.0,-0.22689280275926285,0.22689280275926285,0.5235987755982988,-1.61,0.43,8.18,0.46,0.5779117345809937,0.0,0.06650686683133245,1.0,1.0,7.3,0.8160000000000001,True,True,False
13.478226900100708,forward_010,3.478226900100708,0.1,0.0,0.0,-0.2279836335417593,0.32506757318394386,0.3948807432637171,-1.86,0.56,9.53,0.614,0.7196383476257324,0.0,0.04653337970376015,1.0,1.0,7.3,0.8160000000000001,True,True,False
13.498598575592041,forward_010,3.498598575592041,0.1,0.0,0.0,-0.27598018797160334,0.3763366199612773,0.1341721862470641,-1.21,-0.12,8.870000000000001,0.9970000000000001,0.624293327331543,0.0,0.060906341299414635,1.0,1.0,7.4,0.20099999999999998,True,True,False
13.518970489501953,forward_010,3.518970489501953,0.1,0.0,0.0,-0.3425208657038872,0.42978732830360367,-0.008726646259971648,-0.81,-0.49,8.0,1.074,0.6307023763656616,0.0,0.03976638242602348,1.0,1.0,7.4,0.20099999999999998,True,True,False
13.539350509643555,forward_010,3.5393505096435547,0.1,0.0,0.0,-0.33597588100890846,-0.01090830782496456,-0.07963064712224129,-1.82,-0.25,7.17,1.074,0.7353131175041199,0.0,0.031180392019450665,1.0,1.0,7.4,0.20099999999999998,True,True,False
13.559728622436523,forward_010,3.5597286224365234,0.1,0.0,0.0,-0.46796640569097964,-0.10799224746714914,-0.22471114119426994,-2.0300000000000002,-0.43,7.3,0.537,0.8401089310646057,0.0,0.01971895806491375,1.0,1.0,7.4,0.20099999999999998,True,True,False
13.580095052719116,forward_010,3.580095052719116,0.1,0.0,0.0,-0.5901394533305827,-0.07853981633974483,-0.19853120241435498,-2.5100000000000002,-0.97,8.68,0.46,0.8255005478858948,0.0,0.018659645225852728,1.0,1.0,7.4,0.20099999999999998,True,True,False
13.600571155548096,forward_010,3.6005711555480957,0.1,0.0,0.0,-0.5650503453331642,-0.04581489286485115,0.2683443724941282,-2.5100000000000002,-0.97,8.68,0.614,0.7765308618545532,0.0,0.020175852812826633,1.0,1.0,7.4,0.20099999999999998,True,True,False
13.620948791503906,forward_010,3.6209487915039062,0.1,0.0,0.0,-0.3490658503988659,-0.21598449493429828,0.7624907169650227,-0.1,-0.17,9.58,0.614,0.8126278519630432,0.0,0.021697409451007843,1.0,1.0,7.4,0.20099999999999998,True,True,False
13.641322374343872,forward_010,3.641322374343872,0.1,0.0,0.0,-0.028361600344907856,-0.4014257279586958,0.7210391472301574,0.53,1.26,8.26,0.844,0.8145561218261719,0.0,0.019099224358797073,1.0,1.0,7.4,0.20099999999999998,True,True,False
13.66169023513794,forward_010,3.6616902351379395,0.1,0.0,0.0,0.028361600344907856,-0.779944009484966,0.24652775684419906,0.53,1.26,8.26,0.6899999999999998,0.868370771408081,0.0,0.025549724232405424,1.0,1.0,7.4,0.20099999999999998,True,True,False
13.682052612304688,forward_010,3.6820526123046875,0.1,0.0,0.0,0.07744898555724837,-0.27707101875409984,-0.06763150851478027,-0.47000000000000003,-1.09,8.620000000000001,0.46,0.7592706084251404,0.0,0.03459272929467261,1.0,1.0,7.4,0.20099999999999998,True,True,False
13.702420949935913,forward_010,3.702420949935913,0.1,0.0,0.0,0.14508049407202864,0.001090830782496456,-0.49960049838337683,-1.3,-3.12,9.28,0.307,0.678443968296051,0.0,0.029977202182635665,1.0,1.0,7.4,0.40900000000000014,True,True,False
13.722787380218506,forward_010,3.722787380218506,0.1,0.0,0.0,0.04690572364734761,0.12544553998709243,-0.13308135546456762,-1.3900000000000001,-2.7800000000000002,7.0,0.384,0.6312180757522583,0.0,0.03281840309500694,1.0,1.0,7.4,0.40900000000000014,True,True,False
13.743184089660645,forward_010,3.7431840896606445,0.1,0.0,0.0,0.06981317007977318,-0.20725784867432664,0.13526301702956053,0.33,-1.8900000000000001,8.49,1.074,0.7436690926551819,0.0,0.023510991595685482,1.0,1.0,7.4,0.40900000000000014,True,True,False
13.763765335083008,forward_010,3.763765335083008,0.1,0.0,0.0,0.2628902185816459,-0.06763150851478027,0.3196134192714616,0.13,-1.76,8.47,1.304,0.7643565535545349,0.0,0.023433562368154526,1.0,1.0,7.4,0.40900000000000014,True,True,False
13.784132242202759,forward_010,3.784132242202759,0.1,0.0,0.0,0.3621558197888234,-0.21271200258680892,0.4788747135159442,0.13,-1.76,8.47,1.381,0.7682165503501892,0.0,0.025290582329034805,1.0,1.0,7.4,0.40900000000000014,True,True,False
13.804593563079834,forward_010,3.804593563079834,0.1,0.0,0.0,0.3839724354387525,0.15489797111449674,0.22689280275926285,-1.69,0.53,7.84,1.074,0.7589060068130493,0.0,0.04164036177098751,1.0,1.0,7.4,0.40900000000000014,True,True,False
13.825147867202759,forward_010,3.825147867202759,0.1,0.0,0.0,0.47123889803846897,0.025089107997418487,-0.44724062082354693,-0.67,-0.07,9.51,0.767,0.738410234451294,0.0,0.03270854614675045,1.0,1.0,7.4,0.40900000000000014,True,True,False
13.845606803894043,forward_010,3.845606803894043,0.1,0.0,0.0,0.5235987755982988,0.04581489286485115,-0.8093964406123704,-0.67,-0.07,9.51,0.767,0.8460816144943237,0.0,0.02313716895878315,1.0,1.0,7.4,0.40900000000000014,True,True,False
13.865981578826904,forward_010,3.8659815788269043,0.1,0.0,0.0,0.33815754257390135,0.31525009614147576,-0.978475211899321,-0.67,-0.07,9.51,0.767,0.8741209506988525,0.0,0.015021838247776031,1.0,1.0,7.4,0.40900000000000014,True,True,False
13.886348009109497,forward_010,3.886348009109497,0.1,0.0,0.0,0.24870941840919197,0.21271200258680892,-0.9326603190344699,0.01,1.33,9.46,0.844,0.9050703048706055,0.0,0.015467840596102178,1.0,1.0,7.4,0.40900000000000014,True,True,False
13.906709909439087,forward_010,3.906709909439087,0.1,0.0,0.0,0.2007128639793479,0.1090830782496456,-0.753764070705051,-0.25,-0.23,9.120000000000001,0.844,0.9014188647270203,0.0,0.01122995326295495,1.0,1.0,7.4,0.383,True,True,False
13.927444458007812,forward_010,3.9274444580078125,0.1,0.0,0.0,0.050178215994836975,0.19634954084936207,-0.03490658503988659,-0.41000000000000003,0.06,9.370000000000001,0.9210000000000002,0.748225212097168,0.0,0.020950432866811752,1.0,1.0,7.4,0.383,True,True,False
13.947817325592041,forward_010,3.947817325592041,0.1,0.0,0.0,0.05672320068981571,0.21707532571679475,0.1832595714594046,-0.88,0.41000000000000003,8.09,0.614,0.7136132121086121,0.0,0.029766760766506195,1.0,1.0,7.4,0.383,True,True,False
13.968184471130371,forward_010,3.968184471130371,0.1,0.0,0.0,-0.08072147790473774,0.1712604328519436,0.4821472058634335,-0.64,0.55,8.07,0.384,0.7726919054985046,0.0,0.036858271807432175,1.0,1.0,7.4,0.383,True,True,False
13.988547801971436,forward_010,3.9885478019714355,0.1,0.0,0.0,-0.2901609881440573,0.3861540970037454,0.25634523388666713,-2.08,0.51,7.5200000000000005,0.307,0.7067829370498657,0.0,0.04004760645329952,1.0,1.0,7.4,0.383,True,True,False
14.0089111328125,forward_010,4.0089111328125,0.1,0.0,0.0,-0.1832595714594046,0.2814343418840856,0.15162547876700738,-2.08,0.51,7.5200000000000005,0.384,0.5838480591773987,0.0,0.06883218325674534,1.0,1.0,7.4,0.383,True,True,False
14.0292809009552,forward_010,4.0292809009552,0.1,0.0,0.0,-0.1832595714594046,0.2814343418840856,0.15162547876700738,-2.08,0.51,7.5200000000000005,0.767,0.6013325452804565,0.0,0.0759927686303854,1.0,1.0,7.4,0.383,True,True,False
14.049753189086914,forward_010,4.049753189086914,0.1,0.0,0.0,-0.15489797111449674,0.35997415822383044,-0.05781403147231216,-1.7,-0.32,8.78,0.9210000000000002,0.5969057083129883,0.0,0.04863866977393627,1.0,1.0,7.4,0.383,True,True,False
14.07012939453125,forward_010,4.07012939453125,0.1,0.0,0.0,-0.14944381720201447,0.29670597283903605,-0.17453292519943295,-1.6300000000000001,-1.3800000000000001,9.370000000000001,0.9210000000000002,0.5905143618583679,0.0,0.02863544225692749,1.0,1.0,7.4,0.383,True,True,False
14.090489149093628,forward_010,4.090489149093628,0.1,0.0,0.0,-0.2378011105842274,-0.15707963267948966,-0.2716168648416175,-2.07,-0.51,8.42,0.9970000000000001,0.7188766598701477,0.0,0.040398577228188515,1.0,1.0,7.4,0.383,True,True,False
14.110849380493164,forward_010,4.110849380493164,0.1,0.0,0.0,-0.25089107997418486,-0.1461713248545251,-0.32834006553143325,-1.32,-0.23,6.17,0.46,0.811133086681366,0.0,0.0210824403911829,1.0,1.0,7.4,0.6370000000000001,True,True,False
14.131241798400879,forward_010,4.131241798400879,0.1,0.0,0.0,-0.2901609881440573,-0.14289883250703572,-0.23343778745424157,-1.44,-0.35000000000000003,6.67,0.614,0.8391082882881165,0.0,0.018363330513238907,1.0,1.0,7.4,0.6370000000000001,True,True,False
14.151711225509644,forward_010,4.1517112255096436,0.1,0.0,0.0,-0.46142142099600086,-0.21707532571679475,0.06654067773228381,-1.44,-0.35000000000000003,6.67,0.767,0.8486342430114746,0.0,0.015238281339406967,1.0,1.0,7.4,0.6370000000000001,True,True,False
14.172212362289429,forward_010,4.172212362289429,0.1,0.0,0.0,-0.4308781590861001,-0.20398535632683726,0.6621342849753488,-0.14,0.54,9.370000000000001,0.6899999999999998,0.8200384974479675,0.0,0.0188697911798954,1.0,1.0,7.4,0.6370000000000001,True,True,False
14.192689657211304,forward_010,4.192689657211304,0.1,0.0,0.0,-0.28907015736156083,-0.48978302134090873,0.8868454261696187,-0.5700000000000001,1.1500000000000001,8.120000000000001,0.767,0.7891009449958801,0.0,0.0164041668176651,1.0,1.0,7.4,0.6370000000000001,True,True,False
14.213139533996582,forward_010,4.213139533996582,0.1,0.0,0.0,-0.18435040224190105,-0.5170537909033202,0.779944009484966,-0.5700000000000001,1.1500000000000001,8.120000000000001,0.6899999999999998,0.7663224935531616,0.0,0.013658825308084488,1.0,1.0,7.4,0.6370000000000001,True,True,False
14.233498573303223,forward_010,4.233498573303223,0.1,0.0,0.0,-0.1439896632895322,-0.2628902185816459,0.14944381720201447,0.45,-0.78,7.66,0.46,0.7729616761207581,0.0,0.03538858564570546,1.0,1.0,7.4,0.6370000000000001,True,True,False
14.253872871398926,forward_010,4.253872871398926,0.1,0.0,0.0,-0.10799224746714914,-0.22689280275926285,-0.2519819107566813,-0.25,-1.19,8.52,0.153,0.76753169298172,0.0,0.03910470334812999,1.0,1.0,7.4,0.6370000000000001,True,True,False
14.274245500564575,forward_010,4.274245500564575,0.1,0.0,0.0,0.08508480103472356,-0.08399397025222712,-0.3621558197888234,-0.25,-1.19,8.52,0.23,0.6614385843276978,0.0,0.028348397463560104,1.0,1.0,7.4,0.6370000000000001,True,True,False
14.294606685638428,forward_010,4.294606685638428,0.1,0.0,0.0,0.09926560120717749,-0.02399827721492203,-0.2007128639793479,-0.02,-2.75,8.88,0.767,0.7060222625732422,0.0,0.029981788247823715,1.0,1.0,7.4,0.6370000000000001,True,True,False
14.315027236938477,forward_010,4.315027236938477,0.1,0.0,0.0,0.0545415391248228,0.037088246604879506,-0.10362892433716332,-0.13,-2.4,7.5,1.381,0.7702674269676208,0.0,0.02332778088748455,1.0,1.0,7.4,0.32400000000000007,True,True,False
14.336540937423706,forward_010,4.336540937423706,0.1,0.0,0.0,0.20725784867432664,-0.11562806294462433,0.05126904677733343,-0.22,-2.56,9.16,1.381,0.7526605725288391,0.0,0.028930827975273132,1.0,1.0,7.4,0.32400000000000007,True,True,False
14.357005596160889,forward_010,4.357005596160889,0.1,0.0,0.0,0.5137812985558308,-0.19525871006686563,0.46687557490848314,-0.44,-1.2,9.64,1.074,0.7241784930229187,0.0,0.053479233756661415,1.0,1.0,7.4,0.32400000000000007,True,True,False
14.38021206855774,forward_010,4.380212068557739,0.1,0.0,0.0,0.5126904677733343,0.08072147790473774,0.21380283336930536,-0.93,0.84,8.97,0.614,0.7353363037109375,0.0,0.028901263140141964,1.0,1.0,7.4,0.32400000000000007,True,True,False
14.400582313537598,forward_010,4.400582313537598,0.1,0.0,0.0,0.5137812985558308,0.050178215994836975,-0.433059820651093,-1.06,0.66,9.77,0.844,0.8470953106880188,0.0,0.03247657231986523,1.0,1.0,7.4,0.32400000000000007,True,True,False
14.421099424362183,forward_010,4.421099424362183,0.1,0.0,0.0,0.559596191420682,-0.018544123302439753,-0.6457718232379019,-1.06,0.66,9.77,0.844,0.8954977989196777,0.0,0.019763951189815998,1.0,1.0,7.4,0.32400000000000007,True,True,False
14.441547393798828,forward_010,4.441547393798828,0.1,0.0,0.0,0.2999784651865254,0.22252947962927702,-0.9719302272043423,-1.06,0.66,9.77,0.844,0.894514262676239,0.0,0.012855171225965023,1.0,1.0,7.4,0.32400000000000007,True,True,False
14.462043523788452,forward_010,4.462043523788452,0.1,0.0,0.0,0.17780541754692233,0.15489797111449674,-1.1540989678812503,-0.33,0.8200000000000001,9.27,0.844,0.8860293626785278,0.0,0.015396693022921681,1.0,1.0,7.4,0.32400000000000007,True,True,False
14.48240327835083,forward_010,4.48240327835083,0.1,0.0,0.0,0.07853981633974483,0.10690141668465268,-0.9239336727744982,-0.23,0.06,8.18,0.844,0.8265359997749329,0.0,0.02006639912724495,1.0,1.0,7.4,0.32400000000000007,True,True,False
14.502962350845337,forward_010,4.502962350845337,0.1,0.0,0.0,0.02399827721492203,0.09053895494720585,-0.47778388273344774,-0.23,0.06,8.18,0.767,0.6842454671859741,0.0,0.024527691304683685,1.0,1.0,7.4,0.32400000000000007,True,True,False
14.523339986801147,forward_010,4.5233399868011475,0.1,0.0,0.0,0.017453292519943295,0.20507618710933373,0.10690141668465268,-0.38,-0.46,8.72,0.384,0.6775954961776733,0.0,0.04342109523713589,1.0,1.0,7.4,0.402,True,True,False
14.543712377548218,forward_010,4.543712377548218,0.1,0.0,0.0,-0.09708393964218458,0.08290313946973066,0.5399612373357457,-0.41000000000000003,-0.22,7.66,0.23,0.7825980186462402,0.0,0.028746925294399255,1.0,1.0,7.4,0.402,True,True,False
14.56410026550293,forward_010,4.56410026550293,0.1,0.0,0.0,-0.26070855701665296,0.1265363707695889,0.6446809924554054,-0.97,-0.22,7.9,0.614,0.7353790998458862,0.0,0.06678850017488003,1.0,1.0,7.4,0.402,True,True,False
14.584507942199707,forward_010,4.584507942199707,0.1,0.0,0.0,-0.2585268954516601,0.2716168648416175,0.7450374244450795,-1.97,0.77,9.23,0.767,0.7232174277305603,0.0,0.03837086260318756,1.0,1.0,7.4,0.402,True,True,False
14.60487675666809,forward_010,4.604876756668091,0.1,0.0,0.0,-0.3337942194439155,0.37960911230876665,0.4145156973486533,-1.46,0.84,9.46,1.074,0.6629456877708435,0.0,0.046717653051018715,1.0,1.0,7.4,0.402,True,True,False
14.625282287597656,forward_010,4.625282287597656,0.1,0.0,0.0,-0.3687008044838021,0.31525009614147576,0.08726646259971647,-0.9,0.33,8.51,1.227,0.6646230816841125,0.0,0.06289765983819962,1.0,1.0,7.4,0.402,True,True,False
14.645663022994995,forward_010,4.645663022994995,0.1,0.0,0.0,-0.28034351110158917,0.028361600344907856,-0.1189005552921137,-0.93,-0.1,7.08,0.9210000000000002,0.7249560952186584,0.0,0.031104006804525852,1.0,1.0,7.4,0.402,True,True,False
14.666024446487427,forward_010,4.666024446487427,0.1,0.0,0.0,-0.35997415822383044,-0.136353847812057,-0.19198621771937624,-1.52,0.04,6.86,0.384,0.851439356803894,0.0,0.017838388681411743,1.0,1.0,7.4,0.402,True,True,False
14.686473846435547,forward_010,4.686473846435547,0.1,0.0,0.0,-0.5770494839406252,-0.2945243112740431,-0.3883357585687383,-1.52,0.04,6.86,0.767,0.8722944259643555,0.0,0.017093162052333355,1.0,1.0,7.4,0.402,True,True,False
14.706839084625244,forward_010,4.706839084625244,0.1,0.0,0.0,-0.6468626540203984,-0.27379852640661045,-0.0818123086872342,-1.52,0.04,6.86,0.767,0.8319029808044434,0.0,0.016995100304484367,1.0,1.0,7.4,0.402,True,True,False
14.727330923080444,forward_010,4.727330923080444,0.1,0.0,0.0,-0.46687557490848314,-0.2399827721492203,0.3719732968312915,-1.52,0.04,6.86,0.844,0.7828806638717651,0.0,0.017383914440870285,1.0,1.0,7.4,0.29200000000000004,True,True,False
14.747711181640625,forward_010,4.747711181640625,0.1,0.0,0.0,-0.006544984694978736,-0.17780541754692233,0.7472190860100724,1.04,-1.51,7.8100000000000005,0.844,0.8071274757385254,0.0,0.028716236352920532,1.0,1.0,7.4,0.29200000000000004,True,True,False
14.768077850341797,forward_010,4.768077850341797,0.1,0.0,0.0,0.09490227807719166,-0.3883357585687383,0.3021601267515183,1.6300000000000001,-1.82,6.74,0.6899999999999998,0.8321472406387329,0.0,0.021179914474487305,1.0,1.0,7.4,0.29200000000000004,True,True,False
14.788450717926025,forward_010,4.788450717926025,0.1,0.0,0.0,0.12326387842209953,-0.31634092692397225,0.19525871006686563,1.6300000000000001,-1.82,6.74,0.384,0.7731531262397766,0.0,0.03538237838074565,1.0,1.0,7.4,0.29200000000000004,True,True,False
14.808827638626099,forward_010,4.808827638626099,0.1,0.0,0.0,0.1407171709420428,-0.04799655442984406,-0.19962203319685143,-2.0100000000000002,-1.75,8.84,0.307,0.6568728685379028,0.0,0.041264332830905914,1.0,1.0,7.4,0.29200000000000004,True,True,False
14.829251527786255,forward_010,4.829251527786255,0.1,0.0,0.0,0.1559888018969932,-0.007635815477475192,-0.35561083509384467,-1.04,-2.5,8.71,0.384,0.6718907952308655,0.0,0.038938735611736774,1.0,1.0,7.4,0.29200000000000004,True,True,False
14.849624395370483,forward_010,4.849624395370483,0.1,0.0,0.0,0.08617563181722002,0.061086523819801536,-0.16580627893946132,-1.46,-2.2,8.81,0.844,0.6809130907058716,0.0,0.017474308609962463,1.0,1.0,7.4,0.29200000000000004,True,True,False
14.87000036239624,forward_010,4.87000036239624,0.1,0.0,0.0,0.11671889372712078,-0.017453292519943295,0.02181661564992912,1.44,-1.16,8.74,1.151,0.732047438621521,0.0,0.031442281790077686,1.0,1.0,7.4,0.29200000000000004,True,True,False
14.890504837036133,forward_010,4.890504837036133,0.1,0.0,0.0,0.29670597283903605,0.07963064712224129,0.07417649320975901,0.07,-2.1,8.26,1.304,0.7410528659820557,0.0,0.03653927147388458,1.0,1.0,7.4,0.29200000000000004,True,True,False
14.910869121551514,forward_010,4.910869121551514,0.1,0.0,0.0,0.41996985126113556,-0.055632369907319255,0.28907015736156083,0.07,-2.1,8.26,1.151,0.7306727766990662,0.0,0.053452031686902046,1.0,1.0,7.4,0.29200000000000004,True,True,False
14.93123745918274,forward_010,4.931237459182739,0.1,0.0,0.0,0.41233403578366035,0.15489797111449674,0.3272492347489368,-1.45,0.46,9.08,0.614,0.7268460988998413,0.0,0.03532535955309868,1.0,1.0,7.3,0.87,True,True,False
14.95159912109375,forward_010,4.95159912109375,0.1,0.0,0.0,0.4756022211684548,0.16253378659197193,-0.17016960206944712,-0.8,0.13,8.78,0.537,0.7965105175971985,0.0,0.01885073632001877,1.0,1.0,7.3,0.87,True,True,False
14.971968173980713,forward_010,4.971968173980713,0.1,0.0,0.0,0.5323254218582705,0.12326387842209953,-0.4886921905584123,-0.8,0.13,8.78,0.844,0.8695060610771179,0.0,0.02143649011850357,1.0,1.0,7.3,0.87,True,True,False
14.99235224723816,forward_010,4.992352247238159,0.1,0.0,0.0,0.385063266221249,0.18216874067690814,-0.8355763793922852,-0.8,0.13,8.78,0.9210000000000002,0.8892036080360413,0.0,0.012429764494299889,1.0,1.0,7.3,0.87,True,True,False
15.012723684310913,forward_010,5.012723684310913,0.1,0.0,0.0,0.18544123302439752,0.14289883250703572,-1.1322823522313212,-0.8,0.13,8.78,0.844,0.8788143396377563,0.0,0.01320517112617381,1.0,1.0,7.3,0.87,True,True,False
15.033156394958496,forward_010,5.033156394958496,0.1,0.0,0.0,0.07417649320975901,0.09490227807719166,-1.0559241974565694,0.1,0.28,8.57,0.844,0.8327695727348328,0.0,0.022834859555587173,1.0,1.0,7.3,0.87,True,True,False
15.053526401519775,forward_010,5.053526401519775,0.1,0.0,0.0,0.05999569303730508,0.14289883250703572,-0.6708609312353204,-0.17,-0.46,8.120000000000001,0.6899999999999998,0.6668756604194641,0.0,0.021999642252922058,1.0,1.0,7.3,0.87,True,True,False
15.073976039886475,forward_010,5.073976039886475,0.1,0.0,0.0,0.06326818538479445,0.0818123086872342,-0.11017390903214205,-0.23,-0.33,9.69,0.384,0.7206593751907349,0.0,0.03171052038669586,1.0,1.0,7.3,0.87,True,True,False
15.094501495361328,forward_010,5.094501495361328,0.1,0.0,0.0,-0.011999138607461015,0.11562806294462433,0.3839724354387525,-0.63,-0.81,7.87,0.307,0.7888215184211731,0.0,0.04352959478273988,1.0,1.0,7.3,0.87,True,True,False
15.114859342575073,forward_010,5.114859342575073,0.1,0.0,0.0,-0.19744037163185854,0.0719948316447661,0.49960049838337683,-1.36,-0.15,8.44,0.46,0.7649924755096436,0.0,0.05682880710810423,1.0,1.0,7.3,0.87,True,True,False
15.135243654251099,forward_010,5.135243654251099,0.1,0.0,0.0,-0.272707695624114,0.34797501961636945,0.4112432050011639,-2.45,0.79,9.23,0.614,0.7057262659072876,0.0,0.04332667961716652,1.0,1.0,7.3,0.5900000000000001,True,True,False
15.15561318397522,forward_010,5.15561318397522,0.1,0.0,0.0,-0.25743606466916363,0.41560652813114973,0.25743606466916363,-1.53,1.35,9.120000000000001,0.767,0.6337231397628784,0.0,0.05874703673180193,1.0,1.0,7.3,0.5900000000000001,True,True,False
15.176016807556152,forward_010,5.176016807556152,0.1,0.0,0.0,-0.2977968036215325,0.2945243112740431,0.006544984694978736,-0.44,-0.53,8.69,1.074,0.6449716091156006,0.0,0.0632637208327651,1.0,1.0,7.3,0.5900000000000001,True,True,False
15.196537971496582,forward_010,5.196537971496582,0.1,0.0,0.0,-0.21162117180431245,0.020725784867432664,0.09053895494720585,-1.57,-0.17,7.7700000000000005,1.074,0.7496939301490784,0.0,0.028050792403519154,1.0,1.0,7.3,0.5900000000000001,True,True,False
15.216902494430542,forward_010,5.216902494430542,0.1,0.0,0.0,-0.3327033886614191,-0.1341721862470641,-0.09817477042468103,-1.9100000000000001,-0.32,6.44,0.614,0.8620693683624268,0.0,0.02457374334335327,1.0,1.0,7.3,0.5900000000000001,True,True,False
15.237278938293457,forward_010,5.237278938293457,0.1,0.0,0.0,-0.5639595145506677,-0.33161255787892263,-0.24870941840919197,-1.9100000000000001,-0.32,6.44,0.844,0.8801454305648804,0.0,0.013413353357464075,1.0,1.0,7.3,0.5900000000000001,True,True,False
15.257651805877686,forward_010,5.2576518058776855,0.1,0.0,0.0,-0.7014041931452212,-0.11017390903214205,-0.013089969389957472,-1.9100000000000001,-0.32,6.44,0.6899999999999998,0.7903496623039246,0.0,0.0170400682836771,1.0,1.0,7.3,0.5900000000000001,True,True,False
15.278030395507812,forward_010,5.2780303955078125,0.1,0.0,0.0,-0.507236313860852,-0.14508049407202864,0.5988660995905544,-1.9100000000000001,-0.32,6.44,0.767,0.7396295070648193,0.0,0.015158661641180515,1.0,1.0,7.3,0.5900000000000001,True,True,False
15.298397302627563,forward_010,5.2983973026275635,0.1,0.0,0.0,-0.07308566242726255,-0.12871803233458182,0.8017606251348951,0.36,0.8200000000000001,8.77,0.844,0.759318470954895,0.0,0.02715200185775757,1.0,1.0,7.3,0.5900000000000001,True,True,False
15.318753957748413,forward_010,5.318753957748413,0.1,0.0,0.0,0.11453723216212788,-0.46687557490848314,0.3097959422289935,0.97,-1.94,8.13,0.767,0.7754896879196167,0.0,0.022174689918756485,1.0,1.0,7.3,0.5900000000000001,True,True,False
15.339162111282349,forward_010,5.339162111282349,0.1,0.0,0.0,0.039269908169872414,-0.4308781590861001,0.33815754257390135,0.97,-1.94,8.13,0.537,0.7723361253738403,0.0,0.03286749986000359,1.0,1.0,7.4,0.278,True,True,False
15.36061143875122,forward_010,5.360611438751221,0.1,0.0,0.0,0.08072147790473774,-0.21598449493429828,-0.07090400086226964,-1.0,-1.05,8.620000000000001,0.23,0.7115353941917419,0.0,0.03803949314169586,1.0,1.0,7.4,0.278,True,True,False
15.381075143814087,forward_010,5.381075143814087,0.1,0.0,0.0,0.1407171709420428,0.04145156973486533,-0.5203262832508095,-1.48,-3.27,8.55,0.384,0.5978068113327026,0.0,0.03153612185269594,1.0,1.0,7.4,0.278,True,True,False
15.401532649993896,forward_010,5.4015326499938965,0.1,0.0,0.0,0.05672320068981571,0.06217735460229799,-0.06217735460229799,-1.8,-2.25,8.58,0.844,0.7166187763214111,0.0,0.024565389845520258,1.0,1.0,7.4,0.278,True,True,False
15.42189359664917,forward_010,5.42189359664917,0.1,0.0,0.0,0.09708393964218458,-0.061086523819801536,0.16689710972195776,-0.42,-1.6600000000000001,7.74,1.227,0.7932305335998535,0.0,0.028719580732285976,1.0,1.0,7.4,0.278,True,True,False
15.442258834838867,forward_010,5.442258834838867,0.1,0.0,0.0,0.26070855701665296,-0.07744898555724837,0.2454369260617026,-0.33,-2.06,7.76,1.381,0.7786800861358643,0.0,0.027213551104068756,1.0,1.0,7.4,0.278,True,True,False
15.4627103805542,forward_010,5.462710380554199,0.1,0.0,0.0,0.3937899124812206,-0.2596177262341565,0.41560652813114973,-0.33,-2.06,7.76,1.304,0.6973822712898254,0.0,0.054927910678088665,1.0,1.0,7.4,0.278,True,True,False
15.483110189437866,forward_010,5.483110189437866,0.1,0.0,0.0,0.41996985126113556,0.10362892433716332,0.1461713248545251,-1.18,0.5,8.03,1.074,0.7407958507537842,0.0,0.02563315420411527,1.0,1.0,7.4,0.278,True,True,False
15.5034921169281,forward_010,5.503492116928101,0.1,0.0,0.0,0.5465062220307244,-0.07635815477475191,-0.4112432050011639,0.17,0.5,9.67,0.6899999999999998,0.8504195213317871,0.0,0.03142019547522068,1.0,1.0,7.4,0.278,True,True,False
15.524011850357056,forward_010,5.524011850357056,0.1,0.0,0.0,0.5465062220307244,0.08944812416470939,-0.8912087492996045,0.17,0.5,9.67,0.767,0.8780741691589355,0.0,0.01711752824485302,1.0,1.0,7.4,0.278,True,True,False
15.544397115707397,forward_010,5.5443971157073975,0.1,0.0,0.0,0.30652344988150415,0.14508049407202864,-1.0133817969392076,0.17,0.5,9.67,0.9210000000000002,0.9022296071052551,0.0,0.016577331814914942,1.0,1.0,7.3,0.5900000000000001,True,True,False
15.565070390701294,forward_010,5.565070390701294,0.1,0.0,0.0,0.23125612588924865,0.10253809355466686,-0.8759371183446542,-0.01,2.0,8.99,0.9210000000000002,0.8853023648262024,0.0,0.011112688574939966,1.0,1.0,7.3,0.5900000000000001,True,True,False
15.585546493530273,forward_010,5.585546493530273,0.1,0.0,0.0,0.09926560120717749,0.039269908169872414,-0.8726646259971648,-0.5,-0.18,8.290000000000001,0.844,0.8292762637138367,0.0,0.022497094236314297,1.0,1.0,7.3,0.5900000000000001,True,True,False
15.605924606323242,forward_010,5.605924606323242,0.1,0.0,0.0,0.018544123302439753,0.06981317007977318,-0.4068798818711781,-0.13,-0.17,9.71,0.614,0.6828927993774414,0.0,0.02665414661169052,1.0,1.0,7.3,0.5900000000000001,True,True,False
15.626282691955566,forward_010,5.626282691955566,0.1,0.0,0.0,0.07526732399225546,0.15707963267948966,0.18216874067690814,-0.29,-0.13,9.16,0.307,0.7068049907684326,0.0,0.03593792766332626,1.0,1.0,7.3,0.5900000000000001,True,True,False
15.646657705307007,forward_010,5.646657705307007,0.1,0.0,0.0,-0.026179938779914945,0.09053895494720585,0.5290529295107811,-0.6900000000000001,0.16,7.76,0.46,0.7992681860923767,0.0,0.03551804122980684,1.0,1.0,7.3,0.5900000000000001,True,True,False
15.667047262191772,forward_010,5.6670472621917725,0.1,0.0,0.0,-0.22362031041177347,0.08617563181722002,0.5726861608106394,-0.98,0.31,8.120000000000001,0.537,0.7110296487808228,0.0,0.057216390618123114,1.0,1.0,7.3,0.5900000000000001,True,True,False
15.687418937683105,forward_010,5.6874189376831055,0.1,0.0,0.0,-0.2399827721492203,0.2748893571891069,0.5726861608106394,-1.93,0.79,9.36,0.767,0.7340875864028931,0.0,0.03975179325789213,1.0,1.0,7.3,0.5900000000000001,True,True,False
15.707801580429077,forward_010,5.707801580429077,0.1,0.0,0.0,-0.3327033886614191,0.3937899124812206,0.26616271092913524,-1.19,-0.06,8.59,0.9970000000000001,0.6490123271942139,0.0,0.04056401830166578,1.0,1.0,7.3,0.5900000000000001,True,True,False
15.728167533874512,forward_010,5.728167533874512,0.1,0.0,0.0,-0.3621558197888234,0.33815754257390135,0.06435901616729091,-0.5700000000000001,-0.3,8.01,1.227,0.6698984503746033,0.0,0.059863438829779625,1.0,1.0,7.3,0.5900000000000001,True,True,False
15.748613357543945,forward_010,5.748613357543945,0.1,0.0,0.0,-0.23561944901923448,0.028361600344907856,0.09817477042468103,-1.6,-0.01,6.98,1.074,0.735308825969696,0.0,0.03287437744438648,1.0,1.0,7.3,0.7670000000000001,True,True,False
15.768977403640747,forward_010,5.768977403640747,0.1,0.0,0.0,-0.3981532356112064,-0.09272061651219876,-0.15926129424448257,-1.9000000000000001,0.09,6.69,0.537,0.864312469959259,0.0,0.019000928848981857,1.0,1.0,7.3,0.7670000000000001,True,True,False
15.789343118667603,forward_010,5.7893431186676025,0.1,0.0,0.0,-0.6784967467127956,-0.18544123302439752,-0.2083486794568231,-2.41,-0.41000000000000003,9.25,0.537,0.8568443655967712,0.0,0.019963515835115686,1.0,1.0,7.3,0.7670000000000001,True,True,False
15.809707880020142,forward_010,5.809707880020142,0.1,0.0,0.0,-0.6523168079328807,-0.20616701789183017,0.272707695624114,-2.41,-0.41000000000000003,9.25,0.614,0.8000785112380981,0.0,0.019580098800361156,1.0,1.0,7.3,0.7670000000000001,True,True,False
15.830062627792358,forward_010,5.830062627792358,0.1,0.0,0.0,-0.22907446432425577,-0.11780972450961724,0.6915867161027531,-2.41,-0.41000000000000003,9.25,0.844,0.726626455783844,0.0,0.012183587066829205,1.0,1.0,7.3,0.7670000000000001,True,True,False
15.850429058074951,forward_010,5.850429058074951,0.1,0.0,0.0,0.1461713248545251,-0.41996985126113556,0.4243331743911214,1.05,-2.07,8.32,0.844,0.8412916660308838,0.0,0.021787110716104507,1.0,1.0,7.3,0.7670000000000001,True,True,False
15.87087631225586,forward_010,5.870876312255859,0.1,0.0,0.0,0.09708393964218458,-0.4134248665661568,0.3370667117914049,0.81,-1.4000000000000001,8.27,0.6899999999999998,0.7954243421554565,0.0,0.015140201896429062,1.0,1.0,7.3,0.7670000000000001,True,True,False
15.891247749328613,forward_010,5.891247749328613,0.1,0.0,0.0,0.11235557059713497,-0.31306843457648287,0.16907877128695067,0.81,-1.4000000000000001,8.27,0.46,0.7663382887840271,0.0,0.03210814809426665,1.0,1.0,7.3,0.7670000000000001,True,True,False
15.911619663238525,forward_010,5.911619663238525,0.1,0.0,0.0,0.16689710972195776,-0.0545415391248228,-0.30543261909900765,-1.43,-0.97,7.7,0.23,0.6589206457138062,0.0,0.039955484215170145,1.0,1.0,7.3,0.7670000000000001,True,True,False
15.932167768478394,forward_010,5.9321677684783936,0.1,0.0,0.0,0.14180800172453928,-0.022907446432425576,-0.41015237421866746,-1.01,-3.12,9.38,0.46,0.664381206035614,0.0,0.04070639796555042,1.0,1.0,7.3,0.7670000000000001,True,True,False
15.95253849029541,forward_010,5.95253849029541,0.1,0.0,0.0,0.044724062082354694,0.002181661564992912,-0.04145156973486533,-1.01,-3.12,9.38,0.9210000000000002,0.6881043910980225,0.0,0.026276856660842896,1.0,1.0,7.3,0.44700000000000006,True,True,False
15.972913026809692,forward_010,5.972913026809692,0.1,0.0,0.0,0.10581058590215622,-0.001090830782496456,0.1308996938995747,-0.5,-1.5,7.86,1.227,0.7521380186080933,0.0,0.027326428331434727,1.0,1.0,7.3,0.44700000000000006,True,True,False
15.993340969085693,forward_010,5.993340969085693,0.1,0.0,0.0,0.2879793265790644,-0.07744898555724837,0.25089107997418486,-1.58,-2.64,8.49,1.304,0.7783932089805603,0.0,0.03121882677078247,1.0,1.0,7.3,0.44700000000000006,True,True,False
16.01370882987976,forward_010,6.013708829879761,0.1,0.0,0.0,0.38942658935123475,-0.19634954084936207,0.5443245604657315,-1.58,-2.64,8.49,1.304,0.7332485914230347,0.0,0.055626677349209785,1.0,1.0,7.3,0.44700000000000006,True,True,False
16.034111261367798,forward_010,6.034111261367798,0.1,0.0,0.0,0.3763366199612773,0.2301652951067522,0.12762720155208535,-0.98,0.17,8.32,0.9210000000000002,0.686279833316803,0.0,0.026514429599046707,1.0,1.0,7.3,0.44700000000000006,True,True,False
16.054551601409912,forward_010,6.054551601409912,0.1,0.0,0.0,0.495237175253391,0.05672320068981571,-0.4636030825609938,-1.27,0.23,8.4,0.844,0.8348971605300903,0.0,0.03172558918595314,1.0,1.0,7.3,0.44700000000000006,True,True,False
16.074991703033447,forward_010,6.074991703033447,0.1,0.0,0.0,0.5170537909033202,0.04254240051736178,-0.7984881327874057,-1.27,0.23,8.4,0.844,0.886147141456604,0.0,0.0210270993411541,1.0,1.0,7.3,0.44700000000000006,True,True,False
16.09536623954773,forward_010,6.0953662395477295,0.1,0.0,0.0,0.3119776037939864,0.2792526803190927,-1.1322823522313212,-1.27,0.23,8.4,0.844,0.8930169343948364,0.0,0.013898036442697048,1.0,1.0,7.3,0.44700000000000006,True,True,False
16.115813970565796,forward_010,6.115813970565796,0.1,0.0,0.0,0.23671027980173096,0.16144295580947549,-1.076649982324002,-1.27,0.23,8.4,0.844,0.8738229274749756,0.0,0.015394117683172226,1.0,1.0,7.3,0.44700000000000006,True,True,False
16.13617706298828,forward_010,6.136177062988281,0.1,0.0,0.0,0.14944381720201447,0.12544553998709243,-0.9141161957320301,0.08,-0.84,8.0,0.844,0.8242513537406921,0.0,0.024227531626820564,1.0,1.0,7.3,0.44700000000000006,True,True,False
16.156556367874146,forward_010,6.1565563678741455,0.1,0.0,0.0,0.06654067773228381,0.0818123086872342,-0.4526947747360292,-0.46,-0.11,8.45,0.614,0.6887421011924744,0.0,0.02417762577533722,1.0,1.0,7.4,0.351,True,True,False
16.176932334899902,forward_010,6.176932334899902,0.1,0.0,0.0,0.05999569303730508,0.11671889372712078,0.16580627893946132,-0.52,-0.43,9.47,0.307,0.7111475467681885,0.0,0.039835721254348755,1.0,1.0,7.4,0.351,True,True,False
16.197351455688477,forward_010,6.197351455688477,0.1,0.0,0.0,0.006544984694978736,0.12435470920459599,0.5966844380255614,-0.55,0.09,7.6000000000000005,0.23,0.8434480428695679,0.0,0.02830914582591503,1.0,1.0,7.4,0.351,True,True,False
16.217729806900024,forward_010,6.217729806900024,0.1,0.0,0.0,-0.17235126363444003,-0.00545415391248228,0.5835944686356039,-0.93,0.9400000000000001,9.200000000000001,0.46,0.6788087487220764,0.0,0.061220914125442505,1.0,1.0,7.4,0.351,True,True,False
16.238094806671143,forward_010,6.238094806671143,0.1,0.0,0.0,-0.26725354171163174,0.42978732830360367,0.4276056667386107,-2.39,1.12,8.9,0.767,0.7073375582695007,0.0,0.043461697176098824,1.0,1.0,7.4,0.351,True,True,False
16.25847840309143,forward_010,6.258478403091431,0.1,0.0,0.0,-0.28907015736156083,0.36324665057131983,0.25634523388666713,-2.39,1.12,8.9,0.9970000000000001,0.6377467513084412,0.0,0.050739225931465626,1.0,1.0,7.4,0.351,True,True,False
16.27884340286255,forward_010,6.278843402862549,0.1,0.0,0.0,-0.30543261909900765,0.3567016658763411,-0.07417649320975901,-0.8200000000000001,-0.29,7.29,0.9970000000000001,0.6446549892425537,0.0,0.06183601822704077,1.0,1.0,7.4,0.351,True,True,False
16.29921817779541,forward_010,6.29921817779541,0.1,0.0,0.0,-0.16144295580947549,-0.037088246604879506,-0.022907446432425576,-1.1400000000000001,-0.59,8.31,0.844,0.7111175656318665,0.0,0.03270886931568384,1.0,1.0,7.4,0.351,True,True,False
16.319692373275757,forward_010,6.319692373275757,0.1,0.0,0.0,-0.35015668118136234,-0.09817477042468103,-0.22580197197676638,-2.37,-0.81,7.29,0.9970000000000001,0.8512727618217468,0.0,0.02107924222946167,1.0,1.0,7.4,0.351,True,True,False
16.340054512023926,forward_010,6.340054512023926,0.1,0.0,0.0,-0.5486878835957173,-0.33597588100890846,-0.33052172709642613,-2.37,-0.81,7.29,0.46,0.8766376972198486,0.0,0.012996719218790531,1.0,1.0,7.4,0.351,True,True,False
16.36042547225952,forward_010,6.3604254722595215,0.1,0.0,0.0,-0.6599526234103559,-0.10362892433716332,0.0272707695624114,-2.37,-0.81,7.29,0.6899999999999998,0.796451210975647,0.0,0.01899528317153454,1.0,1.0,7.4,0.44100000000000006,True,True,False
16.385583877563477,forward_010,6.385583877563477,0.1,0.0,0.0,-0.5770494839406252,-0.2279836335417593,0.4723297288209654,-2.37,-0.81,7.29,0.767,0.7479572296142578,0.0,0.013734930194914341,1.0,1.0,7.4,0.44100000000000006,True,True,False
16.405961513519287,forward_010,6.405961513519287,0.1,0.0,0.0,0.05999569303730508,-0.21489366415180183,0.5988660995905544,0.72,-1.4000000000000001,7.3,0.767,0.8098435997962952,0.0,0.029816534370183945,1.0,1.0,7.4,0.44100000000000006,True,True,False
16.426335334777832,forward_010,6.426335334777832,0.1,0.0,0.0,0.08508480103472356,-0.46796640569097964,0.31634092692397225,1.26,-1.4000000000000001,7.83,0.6899999999999998,0.8088153600692749,0.0,0.019623126834630966,1.0,1.0,7.4,0.44100000000000006,True,True,False
16.446699380874634,forward_010,6.446699380874634,0.1,0.0,0.0,0.032724923474893676,-0.30652344988150415,0.15817046346198613,1.26,-1.4000000000000001,7.83,0.384,0.7592692971229553,0.0,0.03291944263037294,1.0,1.0,7.4,0.44100000000000006,True,True,False
16.467072248458862,forward_010,6.467072248458862,0.1,0.0,0.0,0.08508480103472356,-0.05345070834232634,-0.3076142806640006,-2.0100000000000002,-1.68,8.01,0.307,0.6523540019989014,0.0,0.035310447216033936,1.0,1.0,7.4,0.44100000000000006,True,True,False
16.48746085166931,forward_010,6.4874608516693115,0.1,0.0,0.0,0.14726215563702155,-0.061086523819801536,-0.47123889803846897,-0.66,-2.43,9.55,0.384,0.6774001121520996,0.0,0.040880050510168076,1.0,1.0,7.4,0.44100000000000006,True,True,False
16.507828950881958,forward_010,6.507828950881958,0.1,0.0,0.0,0.05235987755982989,0.12871803233458182,-0.12326387842209953,-1.92,-2.5300000000000002,7.3500000000000005,0.844,0.700140118598938,0.0,0.030122090131044388,1.0,1.0,7.4,0.44100000000000006,True,True,False
16.528196811676025,forward_010,6.528196811676025,0.1,0.0,0.0,0.09708393964218458,-0.0719948316447661,0.14508049407202864,0.13,-1.9000000000000001,8.08,1.227,0.7696337103843689,0.0,0.026309091597795486,1.0,1.0,7.4,0.44100000000000006,True,True,False
16.54866123199463,forward_010,6.548661231994629,0.1,0.0,0.0,0.24870941840919197,-0.026179938779914945,0.26616271092913524,0.62,-2.0,8.11,1.381,0.7626025080680847,0.0,0.02692878246307373,1.0,1.0,7.4,0.44100000000000006,True,True,False
16.569048643112183,forward_010,6.569048643112183,0.1,0.0,0.0,0.3741549583962844,-0.22580197197676638,0.5148721293383273,0.62,-2.0,8.11,1.381,0.6732015013694763,0.0,0.0571387130767107,1.0,1.0,7.4,0.52,True,True,False
16.589415550231934,forward_010,6.589415550231934,0.1,0.0,0.0,0.38942658935123475,0.1461713248545251,0.22580197197676638,-1.6,0.84,8.92,0.9970000000000001,0.7331445217132568,0.0,0.024026788072660565,1.0,1.0,7.4,0.52,True,True,False
16.609795570373535,forward_010,6.609795570373535,0.1,0.0,0.0,0.5759586531581288,-0.02945243112740431,-0.545415391248228,-1.6,0.84,8.92,0.767,0.8603232502937317,0.0,0.037162382155656815,1.0,1.0,7.4,0.52,True,True,False
16.63020396232605,forward_010,6.63020396232605,0.1,0.0,0.0,0.46469391334349025,0.11780972450961724,-0.8639379797371931,-1.6,0.84,8.92,0.767,0.8817055821418762,0.0,0.01679010596126318,1.0,1.0,7.4,0.52,True,True,False
16.650574684143066,forward_010,6.650574684143066,0.1,0.0,0.0,0.22362031041177347,0.12326387842209953,-0.9697485656393493,-1.6,0.84,8.92,0.767,0.9066539406776428,0.0,0.01442971732467413,1.0,1.0,7.4,0.52,True,True,False
16.670936346054077,forward_010,6.670936346054077,0.1,0.0,0.0,0.23671027980173096,0.08726646259971647,-0.8584838258247108,-0.38,1.96,8.69,0.767,0.8908576965332031,0.0,0.016001058276742697,1.0,1.0,7.4,0.52,True,True,False
16.69131064414978,forward_010,6.69131064414978,0.1,0.0,0.0,0.08399397025222712,0.001090830782496456,-0.8333947178272924,0.01,-0.91,8.83,0.844,0.8658415079116821,0.0,0.0226669916883111,1.0,1.0,7.4,0.52,True,True,False
16.711697578430176,forward_010,6.711697578430176,0.1,0.0,0.0,-0.003272492347489368,0.08726646259971647,-0.3119776037939864,0.08,0.03,9.200000000000001,0.614,0.7023990154266357,0.0,0.02256546914577484,1.0,1.0,7.4,0.52,True,True,False
16.732176542282104,forward_010,6.7321765422821045,0.1,0.0,0.0,0.06217735460229799,0.14508049407202864,0.31306843457648287,-0.23,0.0,9.28,0.307,0.749833345413208,0.0,0.041713323444128036,1.0,1.0,7.4,0.52,True,True,False
16.75253987312317,forward_010,6.752539873123169,0.1,0.0,0.0,-0.06872233929727672,0.07635815477475191,0.48105637508093707,-0.52,-0.22,7.3100000000000005,0.307,0.8419150710105896,0.0,0.03487668791785836,1.0,1.0,7.4,0.52,True,True,False
16.772993087768555,forward_010,6.772993087768555,0.1,0.0,0.0,-0.23234695667174513,0.08944812416470939,0.5803219762881145,-1.25,0.9,9.19,0.307,0.6883266568183899,0.0,0.06855139788240194,1.0,1.0,7.3,0.636,True,True,False
16.79335355758667,forward_010,6.79335355758667,0.1,0.0,0.0,-0.28361600344907856,0.4286964975211072,0.459239759431008,-3.09,0.84,8.51,0.537,0.6804662942886353,0.0,0.04502553399652243,1.0,1.0,7.3,0.636,True,True,False
16.81380605697632,forward_010,6.813806056976318,0.1,0.0,0.0,-0.31852258848896514,0.28034351110158917,0.16035212502697901,-3.09,0.84,8.51,0.9210000000000002,0.6502214074134827,0.0,0.042545161210000515,1.0,1.0,7.3,0.636,True,True,False
16.83419156074524,forward_010,6.834191560745239,0.1,0.0,0.0,-0.2945243112740431,0.2814343418840856,-0.06435901616729091,-0.08,-0.5700000000000001,7.5,1.074,0.6730913519859314,0.0,0.06209803186357021,1.0,1.0,7.3,0.636,True,True,False
16.85456895828247,forward_010,6.854568958282471,0.1,0.0,0.0,-0.22362031041177347,-0.14944381720201447,0.011999138607461015,-1.0,-0.12,8.08,1.151,0.7409247159957886,0.0,0.030975855886936188,1.0,1.0,7.3,0.636,True,True,False
16.87493658065796,forward_010,6.874936580657959,0.1,0.0,0.0,-0.47669305195095124,-0.24870941840919197,-0.29888763440402893,-2.44,-0.48,7.28,0.844,0.8893183469772339,0.0,0.02749432623386383,1.0,1.0,7.3,0.636,True,True,False
16.895411014556885,forward_010,6.895411014556885,0.1,0.0,0.0,-0.5825036378531074,-0.3196134192714616,-0.21707532571679475,-1.59,0.3,9.67,0.767,0.8918181657791138,0.0,0.01641176827251911,1.0,1.0,7.3,0.636,True,True,False
16.915786504745483,forward_010,6.915786504745483,0.1,0.0,0.0,-0.6566801310628665,-0.1090830782496456,0.12762720155208535,-1.59,0.3,9.67,0.6899999999999998,0.8290269374847412,0.0,0.01822562888264656,1.0,1.0,7.3,0.636,True,True,False
16.936156511306763,forward_010,6.936156511306763,0.1,0.0,0.0,-0.4374231437810788,-0.19962203319685143,0.6250460383704692,-1.59,0.3,9.67,0.844,0.7791293859481812,0.0,0.010397210717201233,1.0,1.0,7.3,0.636,True,True,False
16.95651912689209,forward_010,6.95651912689209,0.1,0.0,0.0,0.03490658503988659,-0.24434609527920614,0.6174102228929941,0.86,0.0,8.120000000000001,0.767,0.8272345662117004,0.0,0.019225124269723892,1.0,1.0,7.3,0.636,True,True,False
16.9770724773407,forward_010,6.977072477340698,0.1,0.0,0.0,0.04908738521234052,-0.3861540970037454,0.3272492347489368,1.46,-2.95,7.32,0.6899999999999998,0.78315269947052,0.0,0.019257985055446625,1.0,1.0,7.5,0.257,True,True,False
16.99745225906372,forward_010,6.997452259063721,0.1,0.0,0.0,0.10144726277217041,-0.2628902185816459,0.20507618710933373,1.46,-2.95,7.32,0.307,0.7657771706581116,0.0,0.03387896216008812,1.0,1.0,7.5,0.257,True,True,False
17.017889261245728,forward_010,7.0178892612457275,0.1,0.0,0.0,0.09599310885968812,-0.0719948316447661,-0.2519819107566813,-1.35,-1.8800000000000001,7.95,0.23,0.6581230759620667,0.0,0.036626481800340116,1.0,1.0,7.5,0.257,True,True,False
17.03837251663208,forward_010,7.03837251663208,0.1,0.0,0.0,0.16253378659197193,0.007635815477475192,-0.43524148221608594,-1.48,-3.08,9.370000000000001,0.537,0.6217908263206482,0.0,0.03507700189948082,1.0,1.0,7.5,0.257,True,True,False
17.05874800682068,forward_010,7.058748006820679,0.1,0.0,0.0,0.07090400086226964,0.13526301702956053,-0.15489797111449674,-1.48,-3.08,9.370000000000001,0.9970000000000001,0.7163099646568298,0.0,0.02890174463391304,1.0,1.0,7.5,0.257,True,True,False
17.07911968231201,forward_010,7.079119682312012,0.1,0.0,0.0,0.11235557059713497,-0.06217735460229799,0.0719948316447661,0.0,-1.46,7.82,1.227,0.7607949376106262,0.0,0.026284081861376762,1.0,1.0,7.5,0.257,True,True,False
17.099501371383667,forward_010,7.099501371383667,0.1,0.0,0.0,0.28579766501407144,0.00545415391248228,0.15489797111449674,-1.61,-2.4,8.0,1.381,0.7908084392547607,0.0,0.03816600516438484,1.0,1.0,7.5,0.257,True,True,False
17.120009899139404,forward_010,7.120009899139404,0.1,0.0,0.0,0.3687008044838021,-0.11235557059713497,0.33488505022641196,-1.61,-2.4,8.0,1.304,0.748523473739624,0.0,0.058105734176933765,1.0,1.0,7.5,0.257,True,True,False
17.14038920402527,forward_010,7.1403892040252686,0.1,0.0,0.0,0.3916082509162277,0.02181661564992912,0.29888763440402893,-1.61,-2.4,8.0,0.9970000000000001,0.7630892395973206,0.0,0.03164586331695318,1.0,1.0,7.5,0.257,True,True,False
17.160759210586548,forward_010,7.160759210586548,0.1,0.0,0.0,0.5105088062083414,0.14289883250703572,-0.3534291735288517,-1.61,-2.4,8.0,0.6899999999999998,0.8205410838127136,0.0,0.017164050601422787,1.0,1.0,7.5,0.257,True,True,False
17.181131601333618,forward_010,7.181131601333618,0.1,0.0,0.0,0.5934119456780721,0.02399827721492203,-0.7723081940074908,-1.61,-2.4,8.0,0.9210000000000002,0.891516387462616,0.0,0.025851599872112274,1.0,1.0,7.3,0.7909999999999999,True,True,False
17.201509952545166,forward_010,7.201509952545166,0.1,0.0,0.0,0.40033489717619936,0.1636246173744684,-0.9359328113819593,-1.61,-2.4,8.0,0.844,0.8941405415534973,0.0,0.010801751166582108,1.0,1.0,7.3,0.7909999999999999,True,True,False
17.221895456314087,forward_010,7.221895456314087,0.1,0.0,0.0,0.20180369476184434,0.07963064712224129,-1.0101093045917182,0.63,1.11,9.67,0.844,0.8842558860778809,0.0,0.020179390907287598,1.0,1.0,7.3,0.7909999999999999,True,True,False
17.242268562316895,forward_010,7.2422685623168945,0.1,0.0,0.0,0.05999569303730508,0.04799655442984406,-0.9359328113819593,-0.14,-0.63,7.99,0.767,0.8661946654319763,0.0,0.02264225482940674,1.0,1.0,7.3,0.7909999999999999,True,True,False
17.262639045715332,forward_010,7.262639045715332,0.1,0.0,0.0,0.050178215994836975,0.04363323129985824,-0.3763366199612773,-0.19,-0.19,8.98,0.767,0.7026952505111694,0.0,0.02587241679430008,1.0,1.0,7.3,0.7909999999999999,True,True,False
17.283121347427368,forward_010,7.283121347427368,0.1,0.0,0.0,0.06326818538479445,0.07963064712224129,0.19744037163185854,-0.06,-0.54,8.8,0.307,0.7531461119651794,0.0,0.027226917445659637,1.0,1.0,7.3,0.7909999999999999,True,True,False
17.30353283882141,forward_010,7.303532838821411,0.1,0.0,0.0,-0.061086523819801536,-0.006544984694978736,0.5388704065532492,-0.73,0.34,7.97,0.23,0.835453450679779,0.0,0.045066801365464926,1.0,1.0,7.3,0.7909999999999999,True,True,False
17.323922634124756,forward_010,7.323922634124756,0.1,0.0,0.0,-0.21380283336930536,0.11344640137963143,0.6457718232379019,-1.62,-0.04,8.36,0.46,0.8687098622322083,0.0,0.0566385667771101,1.0,1.0,7.3,0.7909999999999999,True,True,False
17.344332933425903,forward_010,7.344332933425903,0.1,0.0,0.0,-0.2748893571891069,0.4145156973486533,0.5159629601208237,-2.24,0.35000000000000003,8.72,0.6899999999999998,0.7935083508491516,0.0,0.07425429113209248,1.0,1.0,7.3,0.7909999999999999,True,True,False
17.364705085754395,forward_010,7.3647050857543945,0.1,0.0,0.0,-0.28907015736156083,0.3752457891787809,0.27379852640661045,-1.19,0.92,9.56,0.9970000000000001,0.5671661496162415,0.0,0.042741961777210236,1.0,1.0,7.3,0.7909999999999999,True,True,False
17.385181665420532,forward_010,7.385181665420532,0.1,0.0,0.0,-0.3010692959690218,0.24980024919168842,0.05781403147231216,-0.25,-0.41000000000000003,8.32,1.151,0.6720674633979797,0.0,0.04644033499062061,1.0,1.0,7.4,0.258,True,True,False
17.40636944770813,forward_010,7.40636944770813,0.1,0.0,0.0,-0.2519819107566813,-0.04363323129985824,0.1189005552921137,-1.05,-0.16,8.26,1.151,0.7674424648284912,0.0,0.04146773740649223,1.0,1.0,7.4,0.258,True,True,False
17.426773071289062,forward_010,7.4267730712890625,0.1,0.0,0.0,-0.46142142099600086,-0.22143864884678055,-0.2748893571891069,-2.07,-1.1,8.23,0.767,0.889957845211029,0.0,0.025331027805805206,1.0,1.0,7.4,0.258,True,True,False
17.4472599029541,forward_010,7.447259902954102,0.1,0.0,0.0,-0.619591884457987,-0.2476185876266955,-0.37088246604879505,-2.07,-1.1,8.23,0.9210000000000002,0.8846392631530762,0.0,0.013276266166940331,1.0,1.0,7.4,0.258,True,True,False
17.467658519744873,forward_010,7.467658519744873,0.1,0.0,0.0,-0.5923211148955756,0.0272707695624114,0.17998707911191522,-2.07,-1.1,8.23,0.6899999999999998,0.7706958651542664,0.0,0.03093930333852768,1.0,1.0,7.4,0.258,True,True,False
17.488070487976074,forward_010,7.488070487976074,0.1,0.0,0.0,-0.44833145160604343,-0.18653206380689397,0.5737769915931359,-2.07,-1.1,8.23,0.844,0.7504165768623352,0.0,0.007848930545151234,1.0,1.0,7.4,0.258,True,True,False
17.50847840309143,forward_010,7.508478403091431,0.1,0.0,0.0,0.011999138607461015,-0.19525871006686563,0.6305001922829515,1.02,-0.45,7.65,0.9210000000000002,0.7969828844070435,0.0,0.02475326880812645,1.0,1.0,7.4,0.258,True,True,False
17.528911352157593,forward_010,7.528911352157593,0.1,0.0,0.0,0.009817477042468103,-0.45705809786601503,0.40906154343617096,0.28,0.0,8.44,0.767,0.7654300332069397,0.0,0.01606077328324318,1.0,1.0,7.4,0.258,True,True,False
17.549413204193115,forward_010,7.549413204193115,0.1,0.0,0.0,0.07963064712224129,-0.4134248665661568,0.3436116964863836,0.28,0.0,8.44,0.307,0.7709709405899048,0.0,0.03190706134773791,1.0,1.0,7.4,0.258,True,True,False
17.569777965545654,forward_010,7.569777965545654,0.1,0.0,0.0,0.07526732399225546,-0.05345070834232634,-0.24870941840919197,-1.42,-1.5,7.91,0.23,0.6549364328384399,0.0,0.03900417103432119,1.0,1.0,7.4,0.258,True,True,False
17.590190410614014,forward_010,7.590190410614014,0.1,0.0,0.0,0.10253809355466686,0.055632369907319255,-0.3839724354387525,-1.49,-3.41,8.92,0.46,0.6335558295249939,0.0,0.030950356274843216,1.0,1.0,7.4,0.3480000000000001,True,True,False
17.610788822174072,forward_010,7.610788822174072,0.1,0.0,0.0,0.04036073895236887,-0.05345070834232634,0.039269908169872414,-1.77,-2.59,8.96,0.9970000000000001,0.7317501902580261,0.0,0.023806538432836533,1.0,1.0,7.4,0.3480000000000001,True,True,False
17.631169080734253,forward_010,7.631169080734253,0.1,0.0,0.0,0.15162547876700738,0.04363323129985824,0.1461713248545251,-0.26,-1.71,7.83,1.304,0.8034290671348572,0.0,0.021717173047363758,1.0,1.0,7.4,0.3480000000000001,True,True,False
17.651541471481323,forward_010,7.651541471481323,0.1,0.0,0.0,0.3043417883165112,-0.07853981633974483,0.27598018797160334,0.02,-2.43,7.88,1.381,0.784120500087738,0.0,0.02780213952064514,1.0,1.0,7.4,0.3480000000000001,True,True,False
17.672021865844727,forward_010,7.672021865844727,0.1,0.0,0.0,0.4112432050011639,-0.11780972450961724,0.4243331743911214,0.02,-2.43,7.88,1.304,0.6928436160087585,0.0,0.054383303970098495,1.0,1.0,7.4,0.3480000000000001,True,True,False
17.692399978637695,forward_010,7.692399978637695,0.1,0.0,0.0,0.4799655442984406,0.16907877128695067,-0.13962634015954636,-1.26,0.53,7.17,0.9970000000000001,0.7195294499397278,0.0,0.019944069907069206,1.0,1.0,7.4,0.3480000000000001,True,True,False
17.71282982826233,forward_010,7.712829828262329,0.1,0.0,0.0,0.559596191420682,-0.017453292519943295,-0.6752242543653062,-1.26,0.53,7.17,0.6899999999999998,0.8541653156280518,0.0,0.028573520481586456,1.0,1.0,7.4,0.3480000000000001,True,True,False
17.733206748962402,forward_010,7.733206748962402,0.1,0.0,0.0,0.49632800603588745,0.15926129424448257,-0.8508480103472357,-1.26,0.53,7.17,0.6899999999999998,0.8803141713142395,0.0,0.01462659239768982,1.0,1.0,7.4,0.3480000000000001,True,True,False
17.75357699394226,forward_010,7.753576993942261,0.1,0.0,0.0,0.2585268954516601,0.13744467859455345,-0.9337511498169663,-1.26,0.53,7.17,0.844,0.911689817905426,0.0,0.01372214499861002,1.0,1.0,7.4,0.3480000000000001,True,True,False
17.773948431015015,forward_010,7.773948431015015,0.1,0.0,0.0,0.1908953869368798,0.09381144729469522,-0.892299580082101,0.05,1.61,8.52,0.767,0.9009982943534851,0.0,0.01633105892688036,1.0,1.0,7.4,0.3480000000000001,True,True,False
17.794325351715088,forward_010,7.794325351715088,0.1,0.0,0.0,0.11235557059713497,0.06872233929727672,-0.6719517620178169,-0.35000000000000003,-0.44,8.61,0.844,0.819343090057373,0.0,0.023302750661969185,1.0,1.0,7.4,0.318,True,True,False
17.81470274925232,forward_010,7.814702749252319,0.1,0.0,0.0,0.04908738521234052,0.11126473981463851,-0.16689710972195776,0.0,0.09,9.73,0.6899999999999998,0.6966339945793152,0.0,0.03030916303396225,1.0,1.0,7.4,0.318,True,True,False
17.835126399993896,forward_010,7.8351263999938965,0.1,0.0,0.0,0.06544984694978735,0.1505346479845109,0.38724492778624187,-0.4,0.15,8.81,0.46,0.7465528249740601,0.0,0.030408866703510284,1.0,1.0,7.4,0.318,True,True,False
17.855505228042603,forward_010,7.8555052280426025,0.1,0.0,0.0,-0.08399397025222712,0.055632369907319255,0.4985096676008804,-0.44,0.06,7.88,0.46,0.7746289968490601,0.0,0.042913323268294334,1.0,1.0,7.4,0.318,True,True,False
17.875874757766724,forward_010,7.875874757766724,0.1,0.0,0.0,-0.27707101875409984,0.20725784867432664,0.5497787143782138,-2.0,0.81,8.790000000000001,0.537,0.6212790608406067,0.0,0.06481883698143065,1.0,1.0,7.4,0.318,True,True,False
17.89626407623291,forward_010,7.89626407623291,0.1,0.0,0.0,-0.28907015736156083,0.3643374813538163,0.3883357585687383,-2.13,0.8200000000000001,8.44,0.9210000000000002,0.7361247539520264,0.0,0.0714743142016232,1.0,1.0,7.4,0.318,True,True,False
17.916786670684814,forward_010,7.9167866706848145,0.1,0.0,0.0,-0.28579766501407144,0.34143003492139073,0.15162547876700738,-2.13,0.8200000000000001,8.44,0.9970000000000001,0.5968480706214905,0.0,0.06585580203682184,1.0,1.0,7.4,0.318,True,True,False
17.937164783477783,forward_010,7.937164783477783,0.1,0.0,0.0,-0.31634092692397225,0.29561514205653955,-0.06326818538479445,-1.01,-0.21,7.83,1.151,0.6399315595626831,0.0,0.037370590493083,1.0,1.0,7.4,0.318,True,True,False
17.957531213760376,forward_010,7.957531213760376,0.1,0.0,0.0,-0.30543261909900765,-0.11235557059713497,-0.10362892433716332,-0.93,-0.4,8.34,0.767,0.7336009740829468,0.0,0.03658671397715807,1.0,1.0,7.4,0.318,True,True,False
17.977890014648438,forward_010,7.9778900146484375,0.1,0.0,0.0,-0.47778388273344774,-0.15162547876700738,-0.26070855701665296,-2.08,-0.32,6.42,0.6899999999999998,0.8570371866226196,0.0,0.023583602160215378,1.0,1.0,7.4,0.318,True,True,False
17.998263359069824,forward_010,7.998263359069824,0.1,0.0,0.0,-0.6010477611555473,-0.17235126363444003,-0.22471114119426994,-2.4,-0.15,9.040000000000001,0.46,0.8548677563667297,0.0,0.01994697004556656,1.0,1.0,7.3,0.656,True,True,False
18.018641471862793,stop_after_010,0.01864147186279297,0.0,0.0,0.0,-0.5028729907308662,-0.04690572364734761,0.23889194136672387,-2.4,-0.15,9.040000000000001,0.6899999999999998,0.7016025185585022,0.0,0.029734216630458832,1.0,1.0,7.3,0.656,True,True,False
18.039035081863403,stop_after_010,0.03903508186340332,0.0,0.0,0.0,-0.40033489717619936,-0.17889624832941878,0.8104872713948668,0.28,-0.6,9.76,0.767,0.6922084093093872,0.0,0.019337065517902374,1.0,1.0,7.3,0.656,True,True,False
18.059401273727417,stop_after_010,0.05940127372741699,0.0,0.0,0.0,-0.061086523819801536,-0.3719732968312915,0.8203047484373349,1.01,-0.6900000000000001,8.48,0.767,0.7035943269729614,0.0,0.022072218358516693,1.0,1.0,7.3,0.656,True,True,False
18.079763174057007,stop_after_010,0.07976317405700684,0.0,0.0,0.0,0.032724923474893676,-0.6806784082777885,0.30870511144649704,1.01,-0.6900000000000001,8.48,0.537,0.7255140542984009,0.0,0.024699809029698372,1.0,1.0,7.3,0.656,True,True,False
18.100160360336304,stop_after_010,0.10016036033630371,0.0,0.0,0.0,-0.002181661564992912,-0.3534291735288517,0.18544123302439752,-0.8300000000000001,-0.92,8.36,0.46,0.6832337379455566,0.0,0.03725198283791542,1.0,1.0,7.3,0.656,True,True,False
18.12065029144287,stop_after_010,0.1206502914428711,0.0,0.0,0.0,0.04363323129985824,-0.16035212502697901,-0.2530727415391778,-1.96,-0.93,8.63,0.46,0.6717624664306641,0.0,0.03798759449273348,1.0,1.0,7.3,0.656,True,True,False
18.14102792739868,stop_after_010,0.14102792739868164,0.0,0.0,0.0,0.039269908169872414,-0.017453292519943295,-0.5475970528132209,-1.79,-2.7,8.96,0.767,0.8040376305580139,0.0,0.03264031931757927,1.0,1.0,7.3,0.656,True,True,False
18.161399841308594,stop_after_010,0.16139984130859375,0.0,0.0,0.0,0.07635815477475191,0.16907877128695067,-0.17562375598192942,0.47000000000000003,-1.8900000000000001,8.42,1.151,0.8622888922691345,0.0,0.02449174039065838,1.0,1.0,7.3,0.656,True,True,False
18.18176245689392,stop_after_010,0.1817624568939209,0.0,0.0,0.0,0.12762720155208535,0.011999138607461015,-0.037088246604879506,0.9400000000000001,-1.6600000000000001,8.5,1.458,0.8640721440315247,0.0,0.012301720678806305,1.0,1.0,7.3,0.656,True,True,False
18.20213270187378,stop_after_010,0.2021327018737793,0.0,0.0,0.0,0.2814343418840856,0.01090830782496456,-0.015271630954950384,-1.11,-3.0300000000000002,8.69,1.458,0.7818845510482788,0.0,0.03718153014779091,1.0,1.0,7.4,0.30400000000000005,True,True,False
18.222498178482056,stop_after_010,0.22249817848205566,0.0,0.0,0.0,0.5061454830783556,-0.21489366415180183,0.35124751196385884,-0.8200000000000001,-2.18,9.8,1.304,0.7605758905410767,0.0,0.05005278647877276,1.0,1.0,7.4,0.30400000000000005,True,True,False
18.24287176132202,stop_after_010,0.24287176132202148,0.0,0.0,0.0,0.5966844380255614,-0.013089969389957472,0.3097959422289935,-0.47000000000000003,0.07,8.19,0.614,0.7337952852249146,0.0,0.030512830009683967,1.0,1.0,7.4,0.30400000000000005,True,True,False
18.26337957382202,stop_after_010,0.2633795738220215,0.0,0.0,0.0,0.49414634447089456,-0.12762720155208535,-0.05999569303730508,-0.47000000000000003,0.07,8.19,0.384,0.7421371936798096,0.0,0.019944736501201987,1.0,1.0,7.4,0.30400000000000005,True,True,False
18.28374457359314,stop_after_010,0.28374457359313965,0.0,0.0,0.0,0.33597588100890846,-0.061086523819801536,-0.18435040224190105,-0.47000000000000003,0.07,8.19,0.844,0.7065059542655945,0.0,0.009593889117240906,1.0,1.0,7.4,0.30400000000000005,True,True,False
18.304108381271362,stop_after_010,0.3041083812713623,0.0,0.0,0.0,0.13526301702956053,-0.136353847812057,-0.4265148359561143,-0.47000000000000003,0.07,8.19,0.9970000000000001,0.7415888905525208,0.0,0.015638627111911774,1.0,1.0,7.4,0.30400000000000005,True,True,False
18.324480295181274,stop_after_010,0.3244802951812744,0.0,0.0,0.0,0.009817477042468103,0.08726646259971647,-0.5039638215133626,-0.47000000000000003,0.07,8.19,0.9970000000000001,0.7480725646018982,0.0,0.014693722128868103,1.0,1.0,7.4,0.30400000000000005,True,True,False
18.34488606452942,stop_after_010,0.34488606452941895,0.0,0.0,0.0,-0.11344640137963143,0.12980886311707826,-0.5475970528132209,-0.42,1.02,7.890000000000001,0.844,0.7370526790618896,0.0,0.013097496703267097,1.0,1.0,7.4,0.30400000000000005,True,True,False
18.365251302719116,stop_after_010,0.3652513027191162,0.0,0.0,0.0,-0.12326387842209953,0.002181661564992912,-0.30543261909900765,-0.71,1.08,9.41,0.614,0.6455838680267334,0.0,0.015753367450088263,1.0,1.0,7.4,0.30400000000000005,True,True,False
18.38562846183777,stop_after_010,0.38562846183776855,0.0,0.0,0.0,-0.14944381720201447,0.24216443371421323,-0.2279836335417593,-0.74,1.04,7.62,0.307,0.6648483872413635,0.0,0.015178162604570389,1.0,1.0,7.4,0.30400000000000005,True,True,False
18.405988216400146,stop_after_010,0.4059882164001465,0.0,0.0,0.0,-0.28361600344907856,0.1189005552921137,0.02945243112740431,-0.6900000000000001,0.07,7.73,0.23,0.6990305185317993,0.0,0.0334681374952197,1.0,1.0,7.4,0.47400000000000003,True,True,False
18.42749333381653,stop_after_010,0.4274933338165283,0.0,0.0,0.0,-0.2781618495365963,0.23343778745424157,0.15926129424448257,-1.0,-0.42,8.84,0.307,0.7427250146865845,0.0,0.03378485422581434,1.0,1.0,7.4,0.47400000000000003,True,True,False
18.45013165473938,stop_after_010,0.4501316547393799,0.0,0.0,0.0,-0.24107360293171676,0.18435040224190105,0.26725354171163174,-1.09,-1.06,9.290000000000001,0.537,0.805543839931488,0.0,0.021012516925111413,1.0,1.0,7.4,0.47400000000000003,True,True,False
18.47049880027771,stop_after_010,0.47049880027770996,0.0,0.0,0.0,-0.26070855701665296,0.026179938779914945,0.21162117180431245,-0.92,-1.07,9.3,0.9210000000000002,0.8076815605163574,0.0,0.03121545910835266,1.0,1.0,7.4,0.47400000000000003,True,True,False
18.490960359573364,stop_after_010,0.49096035957336426,0.0,0.0,0.0,-0.33052172709642613,0.002181661564992912,0.1505346479845109,-1.58,-1.04,7.66,0.9210000000000002,0.8184360265731812,0.0,0.038535745115950704,1.0,1.0,7.4,0.47400000000000003,True,True,False
18.511341333389282,stop_after_010,0.5113413333892822,0.0,0.0,0.0,-0.4625122517784973,-0.0545415391248228,0.014180800172453928,-1.1300000000000001,-1.36,8.45,0.614,0.8247560858726501,0.0,0.029133139876648784,1.0,1.0,7.4,0.47400000000000003,True,True,False
18.531712293624878,stop_after_010,0.5317122936248779,0.0,0.0,0.0,-0.5006913291658733,-0.08399397025222712,0.04908738521234052,-0.89,-1.1400000000000001,9.700000000000001,0.537,0.7983222007751465,0.0,0.021649801172316067,1.0,1.0,7.4,0.47400000000000003,True,True,False
18.55209493637085,stop_after_010,0.5520949363708496,0.0,0.0,0.0,-0.30325095753401476,-0.3196134192714616,0.10253809355466686,-0.89,-1.1400000000000001,9.700000000000001,0.384,0.7657662034034729,0.0,0.023159208241850138,1.0,1.0,7.4,0.47400000000000003,True,True,False
18.572465419769287,stop_after_010,0.5724654197692871,0.0,0.0,0.0,-0.06872233929727672,-0.48323803664593,0.05999569303730508,-0.89,-1.1400000000000001,9.700000000000001,0.767,0.7696435451507568,0.0,0.014313252177089453,1.0,1.0,7.4,0.47400000000000003,True,True,False
18.59283208847046,stop_after_010,0.592832088470459,0.0,0.0,0.0,0.050178215994836975,-0.5203262832508095,0.003272492347489368,-0.89,-1.1400000000000001,9.700000000000001,0.767,0.7761467695236206,0.0,0.006602628156542778,1.0,1.0,7.4,0.47400000000000003,True,True,False
18.613282680511475,stop_after_010,0.6132826805114746,0.0,0.0,0.0,0.1505346479845109,-0.5235987755982988,-0.11017390903214205,-0.89,-1.1400000000000001,9.700000000000001,0.537,0.7653231620788574,0.0,0.00950121134519577,1.0,1.0,7.4,0.166,True,True,False
18.633652210235596,stop_after_010,0.6336522102355957,0.0,0.0,0.0,0.22252947962927702,-0.1930770485018727,-0.3239767424014474,-1.1500000000000001,-0.13,7.21,0.537,0.6929619312286377,0.0,0.021670754998922348,1.0,1.0,7.4,0.166,True,True,False
18.654130935668945,stop_after_010,0.6541309356689453,0.0,0.0,0.0,0.23125612588924865,-0.16689710972195776,-0.34797501961636945,-0.35000000000000003,0.3,8.97,0.46,0.628411591053009,0.0,0.033044594805687666,1.0,1.0,7.4,0.166,True,True,False
18.674512147903442,stop_after_010,0.6745121479034424,0.0,0.0,0.0,0.12435470920459599,-0.06435901616729091,-0.2454369260617026,0.38,0.26,9.540000000000001,0.23,0.7938889861106873,0.0,0.05208987044170499,1.0,1.0,7.4,0.166,True,True,False
18.6948823928833,stop_after_010,0.6948823928833008,0.0,0.0,0.0,0.03490658503988659,0.07090400086226964,-0.23125612588924865,0.01,-0.36,8.4,0.23,0.8711705207824707,0.0,0.03290725126862526,1.0,1.0,7.4,0.166,True,True,False
18.715259790420532,stop_after_010,0.7152597904205322,0.0,0.0,0.0,0.007635815477475192,-0.12217304763960307,-0.025089107997418487,0.44,-0.8,9.790000000000001,0.6899999999999998,0.900475025177002,0.0,0.015465880744159222,1.0,1.0,7.4,0.166,True,True,False
18.735621452331543,stop_after_010,0.735621452331543,0.0,0.0,0.0,0.05999569303730508,0.0,0.27379852640661045,0.87,-1.32,8.56,1.151,0.853815495967865,0.0,0.020022008568048477,1.0,1.0,7.4,0.166,True,True,False
18.75598454475403,stop_after_010,0.7559845447540283,0.0,0.0,0.0,0.16580627893946132,-0.0818123086872342,0.4145156973486533,0.14,-2.21,7.53,1.381,0.8046441674232483,0.0,0.04134202376008034,1.0,1.0,7.4,0.166,True,True,False
18.776472568511963,stop_after_010,0.7764725685119629,0.0,0.0,0.0,0.3567016658763411,-0.16907877128695067,0.6752242543653062,0.09,-2.67,9.450000000000001,1.074,0.7627766132354736,0.0,0.052931814920157194,1.0,1.0,7.4,0.166,True,True,False
18.79684066772461,stop_after_010,0.7968406677246094,0.0,0.0,0.0,0.5366887449882564,-0.08508480103472356,0.7210391472301574,-0.29,-0.9,8.93,0.46,0.7533128261566162,0.0,0.02411212446168065,1.0,1.0,7.4,0.166,True,True,False
18.817203760147095,stop_after_010,0.8172037601470947,0.0,0.0,0.0,0.533416252640767,-0.08399397025222712,0.4265148359561143,-0.29,-0.9,8.93,0.46,0.7566130757331848,0.0,0.014268407132476568,1.0,1.0,7.3,0.766,True,True,False
18.837573528289795,stop_after_010,0.8375735282897949,0.0,0.0,0.0,0.29561514205653955,0.23452861823673804,-0.16035212502697901,-0.29,-0.9,8.93,0.9210000000000002,0.6905821561813354,0.0,0.014111287891864777,1.0,1.0,7.3,0.766,True,True,False
18.85798668861389,stop_after_010,0.8579866886138916,0.0,0.0,0.0,0.15162547876700738,0.20289452554434081,-0.5345070834232635,-0.29,-0.9,8.93,0.9970000000000001,0.7559068202972412,0.0,0.01351986639201641,1.0,1.0,7.3,0.766,True,True,False
18.878451824188232,stop_after_010,0.8784518241882324,0.0,0.0,0.0,0.08290313946973066,0.10690141668465268,-0.6763150851478027,-0.29,-0.9,8.93,0.9210000000000002,0.7532464265823364,0.0,0.009975958266295493,1.0,1.0,7.3,0.766,True,True,False
18.89881467819214,stop_after_010,0.8988146781921387,0.0,0.0,0.0,0.03490658503988659,0.29561514205653955,-0.6381360077604268,0.25,1.98,8.83,0.844,0.7116336822509766,0.0,0.019017411395907402,1.0,1.0,7.3,0.766,True,True,False
18.91917657852173,stop_after_010,0.9191765785217285,0.0,0.0,0.0,-0.08944812416470939,0.19962203319685143,-0.533416252640767,-0.43,0.85,8.11,0.614,0.6936960220336914,0.0,0.01544588664546609,1.0,1.0,7.3,0.766,True,True,False
18.939555168151855,stop_after_010,0.9395551681518555,0.0,0.0,0.0,-0.14289883250703572,0.210530341021816,-0.3021601267515183,-0.04,-0.04,8.56,0.307,0.6074209213256836,0.0,0.038243274204432964,1.0,1.0,7.3,0.766,True,True,False
18.95992422103882,stop_after_010,0.9599242210388184,0.0,0.0,0.0,-0.21925698728178766,0.41015237421866746,0.020725784867432664,-0.9400000000000001,-0.25,8.27,0.23,0.6788921356201172,0.0,0.0448855236172676,1.0,1.0,7.3,0.766,True,True,False
18.980294466018677,stop_after_010,0.9802944660186768,0.0,0.0,0.0,-0.25634523388666713,0.45814892864851153,0.28361600344907856,-1.1400000000000001,-0.31,8.2,0.384,0.8060246109962463,0.0,0.03609009552747011,1.0,1.0,7.3,0.766,True,True,False
19.000741004943848,stop_after_010,1.0007410049438477,0.0,0.0,0.0,-0.2879793265790644,0.2901609881440573,0.3785182815262702,-0.93,-0.87,9.6,0.767,0.7888805270195007,0.0,0.023982469690963626,1.0,1.0,7.3,0.766,True,True,False
19.02121591567993,stop_after_010,1.0212159156799316,0.0,0.0,0.0,-0.33052172709642613,0.15817046346198613,0.3817907738737596,-1.17,-0.74,8.81,0.9210000000000002,0.8579667806625366,0.0,0.023821021430194378,1.0,1.0,7.4,0.36300000000000004,True,True,False
19.041613578796387,stop_after_010,1.0416135787963867,0.0,0.0,0.0,-0.47669305195095124,0.0,0.16689710972195776,-1.61,-0.98,7.140000000000001,0.767,0.832388699054718,0.0,0.0362023301422596,1.0,1.0,7.4,0.36300000000000004,True,True,False
19.06207847595215,stop_after_010,1.0620784759521484,0.0,0.0,0.0,-0.519235452468313,0.07635815477475191,0.11017390903214205,-1.56,-0.9,8.38,0.767,0.8212913870811462,0.0,0.039706043899059296,1.0,1.0,7.4,0.36300000000000004,True,True,False
19.082459688186646,stop_after_010,1.0824596881866455,0.0,0.0,0.0,-0.3534291735288517,-0.08508480103472356,0.16907877128695067,-1.56,-0.9,8.38,0.46,0.804317831993103,0.0,0.024090655613690615,1.0,1.0,7.4,0.36300000000000004,True,True,False
19.102930307388306,stop_after_010,1.1029303073883057,0.0,0.0,0.0,-0.13962634015954636,-0.30652344988150415,0.17016960206944712,-1.56,-0.9,8.38,0.537,0.7686206102371216,0.0,0.023735392838716507,1.0,1.0,7.4,0.36300000000000004,True,True,False
19.12328863143921,stop_after_010,1.123288631439209,0.0,0.0,0.0,0.020725784867432664,-0.49632800603588745,0.06654067773228381,-1.08,-1.01,9.14,0.614,0.7778106927871704,0.0,0.012307364493608475,1.0,1.0,7.4,0.36300000000000004,True,True,False
19.1436550617218,stop_after_010,1.1436550617218018,0.0,0.0,0.0,0.13853550937704992,-0.557414529855689,0.04036073895236887,-1.08,-1.01,9.14,0.614,0.7878307104110718,0.0,0.008785411715507507,1.0,1.0,7.4,0.36300000000000004,True,True,False
19.164020776748657,stop_after_010,1.1640207767486572,0.0,0.0,0.0,0.14726215563702155,-0.3567016658763411,-0.18216874067690814,-1.08,-1.01,9.14,0.537,0.7503424286842346,0.0,0.01261961180716753,1.0,1.0,7.4,0.36300000000000004,True,True,False
19.1844744682312,stop_after_010,1.1844744682312012,0.0,0.0,0.0,0.21271200258680892,-0.07417649320975901,-0.4363323129985824,-0.71,0.14,7.41,0.537,0.659877359867096,0.0,0.020893458276987076,1.0,1.0,7.4,0.36300000000000004,True,True,False
19.204845666885376,stop_after_010,1.204845666885376,0.0,0.0,0.0,0.2007128639793479,-0.1505346479845109,-0.41560652813114973,-0.21,0.0,9.700000000000001,0.307,0.6563551425933838,0.0,0.03606363758444786,1.0,1.0,7.4,0.36300000000000004,True,True,False
19.22522497177124,stop_after_010,1.2252249717712402,0.0,0.0,0.0,0.10690141668465268,0.011999138607461015,-0.2530727415391778,0.35000000000000003,0.75,8.94,0.23,0.8094311356544495,0.0,0.049619754776358604,1.0,1.0,7.4,0.4670000000000001,True,True,False
19.245590686798096,stop_after_010,1.2455906867980957,0.0,0.0,0.0,0.03490658503988659,0.050178215994836975,-0.23234695667174513,-0.23,-0.21,7.75,0.46,0.8719142079353333,0.0,0.03244061395525932,1.0,1.0,7.4,0.4670000000000001,True,True,False
19.265981674194336,stop_after_010,1.265981674194336,0.0,0.0,0.0,0.04799655442984406,-0.1832595714594046,0.03490658503988659,-0.23,-0.21,7.75,0.6899999999999998,0.8803040981292725,0.0,0.025745739694684744,1.0,1.0,7.4,0.4670000000000001,True,True,False
19.286471843719482,stop_after_010,1.2864718437194824,0.0,0.0,0.0,0.06654067773228381,-0.08726646259971647,0.3097959422289935,1.16,-1.9100000000000001,9.450000000000001,1.304,0.8525293469429016,0.0,0.012870380654931068,1.0,1.0,7.4,0.4670000000000001,True,True,False
19.306844472885132,stop_after_010,1.3068444728851318,0.0,0.0,0.0,0.16471544815696484,-0.1712604328519436,0.45487643630102215,0.11,-2.13,7.76,1.227,0.7992868423461914,0.0,0.039989273995161057,1.0,1.0,7.4,0.4670000000000001,True,True,False
19.327226161956787,stop_after_010,1.327226161956787,0.0,0.0,0.0,0.33052172709642613,-0.2585268954516601,0.6348635154129374,0.12,-2.92,9.040000000000001,0.9970000000000001,0.7710021734237671,0.0,0.05254917545244098,1.0,1.0,7.4,0.4670000000000001,True,True,False
19.347599983215332,stop_after_010,1.347599983215332,0.0,0.0,0.0,0.49741883681838395,-0.05235987755982989,0.5901394533305827,0.01,-1.08,9.4,0.46,0.7479731440544128,0.0,0.026238274294883013,1.0,1.0,7.4,0.4670000000000001,True,True,False
19.36800193786621,stop_after_010,1.368001937866211,0.0,0.0,0.0,0.49414634447089456,-0.00545415391248228,0.29343348049154666,-0.41000000000000003,-1.01,9.28,0.46,0.7513702511787415,0.0,0.013821361120790243,1.0,1.0,7.4,0.4670000000000001,True,True,False
19.38837695121765,stop_after_010,1.3883769512176514,0.0,0.0,0.0,0.2694352032766246,0.17453292519943295,-0.3076142806640006,-0.41000000000000003,-1.01,9.28,0.9210000000000002,0.7121599316596985,0.0,0.017641998827457428,1.0,1.0,7.4,0.4670000000000001,True,True,False
19.408804416656494,stop_after_010,1.4088044166564941,0.0,0.0,0.0,0.1189005552921137,0.2519819107566813,-0.6414085001079161,-0.41000000000000003,-1.01,9.28,0.9970000000000001,0.7640854716300964,0.0,0.012489809654653072,1.0,1.0,7.4,0.4670000000000001,True,True,False
19.429266452789307,stop_after_010,1.4292664527893066,0.0,0.0,0.0,0.1407171709420428,0.03381575425739013,-0.5835944686356039,-0.41000000000000003,-1.01,9.28,0.9970000000000001,0.7291848659515381,0.0,0.01086730882525444,1.0,1.0,7.4,0.226,True,True,False
19.450689792633057,stop_after_010,1.4506897926330566,0.0,0.0,0.0,0.0272707695624114,0.2650718801466388,-0.5563236990731926,0.56,2.31,8.03,0.767,0.7032210230827332,0.0,0.02391975186765194,1.0,1.0,7.4,0.226,True,True,False
19.471076250076294,stop_after_010,1.471076250076294,0.0,0.0,0.0,-0.05999569303730508,0.19744037163185854,-0.5094179754258449,-0.11,0.9,8.88,0.614,0.6937592625617981,0.0,0.01737381424754858,1.0,1.0,7.4,0.226,True,True,False
19.491443395614624,stop_after_010,1.491443395614624,0.0,0.0,0.0,-0.12980886311707826,0.2901609881440573,-0.09599310885968812,-0.47000000000000003,0.26,8.93,0.537,0.561137855052948,0.0,0.03744928818196058,1.0,1.0,7.4,0.226,True,True,False
19.511812448501587,stop_after_010,1.511812448501587,0.0,0.0,0.0,-0.2585268954516601,0.4799655442984406,0.13526301702956053,-1.12,-0.18,8.02,0.23,0.7068026661872864,0.0,0.031959078449290246,1.0,1.0,7.4,0.226,True,True,False
19.53223180770874,stop_after_010,1.5322318077087402,0.0,0.0,0.0,-0.2814343418840856,0.3861540970037454,0.33488505022641196,-0.59,-0.67,8.2,0.537,0.8062360286712646,0.0,0.03005107119679451,1.0,1.0,7.4,0.226,True,True,False
19.55284070968628,stop_after_010,1.5528407096862793,0.0,0.0,0.0,-0.24434609527920614,0.19744037163185854,0.5105088062083414,-0.6,-0.91,9.58,0.844,0.8287000060081482,0.0,0.020888835191726685,1.0,1.0,7.4,0.226,True,True,False
19.573223114013672,stop_after_010,1.5732231140136719,0.0,0.0,0.0,-0.39706240482870997,0.08072147790473774,0.35124751196385884,-1.36,-0.34,9.05,1.074,0.877895176410675,0.0,0.02625366300344467,1.0,1.0,7.4,0.226,True,True,False
19.593591690063477,stop_after_010,1.5935916900634766,0.0,0.0,0.0,-0.5563236990731926,-0.04908738521234052,0.11126473981463851,-1.48,-1.27,6.9,0.844,0.8273502588272095,0.0,0.04043322801589966,1.0,1.0,7.4,0.226,True,True,False
19.614060401916504,stop_after_010,1.614060401916504,0.0,0.0,0.0,-0.5443245604657315,0.11999138607461016,0.1407171709420428,-1.42,-0.44,8.51,0.844,0.8153316974639893,0.0,0.03421369567513466,1.0,1.0,7.4,0.226,True,True,False
19.634456872940063,stop_after_010,1.6344568729400635,0.0,0.0,0.0,-0.4286964975211072,-0.019634954084936207,0.0916297857297023,-1.42,-0.44,8.51,0.537,0.7951669692993164,0.0,0.020937596913427114,1.0,1.0,7.2,0.8049999999999999,True,True,False
19.654829740524292,stop_after_010,1.654829740524292,0.0,0.0,0.0,-0.16253378659197193,-0.2825251726665821,0.10471975511965978,-1.42,-0.44,8.51,0.614,0.7581644058227539,0.0,0.025231880135834217,1.0,1.0,7.2,0.8049999999999999,True,True,False
19.675308227539062,stop_after_010,1.6753082275390625,0.0,0.0,0.0,0.05126904677733343,-0.4494222823885399,-0.017453292519943295,-0.87,-0.7000000000000001,8.56,0.537,0.7833849191665649,0.0,0.010729859583079815,1.0,1.0,7.2,0.8049999999999999,True,True,False
19.695743322372437,stop_after_010,1.6957433223724365,0.0,0.0,0.0,0.13962634015954636,-0.5759586531581288,-0.022907446432425576,-0.87,-0.7000000000000001,8.56,0.614,0.7976213097572327,0.0,0.00885145366191864,1.0,1.0,7.2,0.8049999999999999,True,True,False
19.716113805770874,stop_after_010,1.716113805770874,0.0,0.0,0.0,0.1810779098944117,-0.284706834231575,-0.16798794050445423,-0.87,-0.7000000000000001,8.56,0.537,0.7428697347640991,0.0,0.010790188796818256,1.0,1.0,7.2,0.8049999999999999,True,True,False
19.73647975921631,stop_after_010,1.7364797592163086,0.0,0.0,0.0,0.2814343418840856,-0.1090830782496456,-0.4341506514335895,-0.63,0.22,6.9,0.46,0.6715506911277771,0.0,0.020339827984571457,1.0,1.0,7.2,0.8049999999999999,True,True,False
19.75684666633606,stop_after_010,1.7568466663360596,0.0,0.0,0.0,0.23343778745424157,-0.15926129424448257,-0.41996985126113556,-0.02,-0.24,9.450000000000001,0.307,0.6352201700210571,0.0,0.03600694006308913,1.0,1.0,7.2,0.8049999999999999,True,True,False
19.777258157730103,stop_after_010,1.7772581577301025,0.0,0.0,0.0,0.08072147790473774,0.08835729338221293,-0.18216874067690814,0.13,0.52,9.11,0.307,0.785667359828949,0.0,0.048735753167420626,1.0,1.0,7.2,0.8049999999999999,True,True,False
19.79762053489685,stop_after_010,1.7976205348968506,0.0,0.0,0.0,0.019634954084936207,-0.037088246604879506,-0.15271630954950383,-0.07,-0.42,8.19,0.46,0.8765069842338562,0.0,0.03569462150335312,1.0,1.0,7.2,0.8049999999999999,True,True,False
19.818023681640625,stop_after_010,1.818023681640625,0.0,0.0,0.0,0.05235987755982989,-0.14180800172453928,0.09490227807719166,-0.07,-0.52,9.700000000000001,0.9210000000000002,0.8761666417121887,0.0,0.025138032622635365,1.0,1.0,7.2,0.8049999999999999,True,True,False
19.83840298652649,stop_after_010,1.8384029865264893,0.0,0.0,0.0,0.050178215994836975,-0.07853981633974483,0.28907015736156083,0.6,-1.35,9.05,1.227,0.8456641435623169,0.0,0.015327578410506248,1.0,1.0,7.4,0.193,True,True,False
19.858805656433105,stop_after_010,1.8588056564331055,0.0,0.0,0.0,0.16144295580947549,-0.2301652951067522,0.4188790204786391,0.55,-2.0300000000000002,7.9,1.304,0.7933639287948608,0.0,0.03829607367515564,1.0,1.0,7.4,0.193,True,True,False
19.879180431365967,stop_after_010,1.8791804313659668,0.0,0.0,0.0,0.28907015736156083,-0.2519819107566813,0.5094179754258449,0.16,-3.0500000000000003,9.24,0.9210000000000002,0.7727935910224915,0.0,0.05313206138089299,1.0,1.0,7.4,0.193,True,True,False
19.899956464767456,stop_after_010,1.899956464767456,0.0,0.0,0.0,0.46796640569097964,-0.07417649320975901,0.47123889803846897,0.0,-1.37,9.08,0.46,0.7551566362380981,0.0,0.02752126893028617,1.0,1.0,7.4,0.193,True,True,False
19.920319318771362,stop_after_010,1.9203193187713623,0.0,0.0,0.0,0.49741883681838395,-0.0272707695624114,0.2596177262341565,-0.34,-1.23,9.43,0.537,0.755959689617157,0.0,0.016883363015949726,1.0,1.0,7.4,0.193,True,True,False
19.940751791000366,stop_after_010,1.9407517910003662,0.0,0.0,0.0,0.28579766501407144,0.10581058590215622,-0.2628902185816459,-0.34,-1.23,9.43,0.844,0.7091925740242004,0.0,0.01642300933599472,1.0,1.0,7.4,0.193,True,True,False
19.961131811141968,stop_after_010,1.9611318111419678,0.0,0.0,0.0,0.13199052468207118,0.21162117180431245,-0.545415391248228,-0.34,-1.23,9.43,0.9970000000000001,0.7531694173812866,0.0,0.014266513288021088,1.0,1.0,7.4,0.193,True,True,False
19.981505632400513,stop_after_010,1.9815056324005127,0.0,0.0,0.0,0.1265363707695889,0.12980886311707826,-0.45705809786601503,-0.34,-1.23,9.43,0.9970000000000001,0.718063235282898,0.0,0.009858965873718262,1.0,1.0,7.4,0.193,True,True,False
20.0019633769989,forward_015,0.001963376998901367,0.15,0.0,0.0,0.037088246604879506,0.22580197197676638,-0.4406956361285682,-0.48,0.99,8.0,0.844,0.7745973467826843,0.0,0.04314577393233776,1.0,1.0,7.4,0.193,True,True,False
20.022450923919678,forward_015,0.022450923919677734,0.15,0.0,0.0,-0.06435901616729091,0.2279836335417593,-0.4690572364734761,-0.7000000000000001,0.71,7.74,0.537,0.8455405235290527,0.0,0.01856224425137043,1.0,1.0,7.4,0.193,True,True,False
20.04282546043396,forward_015,0.04282546043395996,0.15,0.0,0.0,-0.11017390903214205,0.14835298641951802,-0.272707695624114,-0.9400000000000001,0.01,8.89,0.614,0.7723423838615417,0.0,0.057127486914396286,1.0,1.0,7.4,0.20099999999999998,True,True,False
20.063188552856445,forward_015,0.06318855285644531,0.15,0.0,0.0,-0.18653206380689397,0.30652344988150415,-0.003272492347489368,-1.02,0.16,7.92,0.767,0.8557586669921875,0.0,0.05789033696055412,1.0,1.0,7.4,0.20099999999999998,True,True,False
20.083569526672363,forward_015,0.08356952667236328,0.15,0.0,0.0,-0.36324665057131983,0.44178646691106466,0.29670597283903605,0.03,-0.65,9.17,0.537,0.9203751087188721,0.0,0.03729871171526611,1.0,1.0,7.4,0.20099999999999998,True,True,False
20.103981971740723,forward_015,0.10398197174072266,0.15,0.0,0.0,-0.4636030825609938,0.681769239060285,0.4701480672559725,-0.77,-0.36,8.63,0.46,0.8143852353096008,0.0,0.08577528968453407,1.0,1.0,7.4,0.20099999999999998,True,True,False
20.124346494674683,forward_015,0.12434649467468262,0.15,0.0,0.0,-0.32615840396644036,0.4494222823885399,0.421060682043632,-0.77,-0.36,8.63,0.9210000000000002,0.5294939279556274,0.0,0.07297413237392902,1.0,1.0,7.4,0.20099999999999998,True,True,False
20.144736289978027,forward_015,0.14473628997802734,0.15,0.0,0.0,-0.09381144729469522,0.09926560120717749,0.25089107997418486,0.43,-1.44,9.0,1.151,0.7822204828262329,0.0,0.044826239347457886,1.0,1.0,7.4,0.20099999999999998,True,True,False
20.165117502212524,forward_015,0.16511750221252441,0.15,0.0,0.0,-0.17998707911191522,-0.24870941840919197,0.19744037163185854,-0.55,-2.61,6.42,1.074,0.8902004361152649,0.0,0.03830928821116686,1.0,1.0,7.4,0.20099999999999998,True,True,False
20.185599088668823,forward_015,0.18559908866882324,0.15,0.0,0.0,-0.31852258848896514,-0.3948807432637171,0.05345070834232634,-2.45,0.2,9.46,0.9210000000000002,0.9545338153839111,0.07142857142857142,0.021451782435178757,1.0,1.0,7.4,0.20099999999999998,True,True,False
20.20596671104431,forward_015,0.20596671104431152,0.15,0.0,0.0,-0.5006913291658733,0.05890486225480862,-0.4079707126536745,-2.45,0.2,9.46,0.614,0.9167753458023071,0.0,0.026581527665257454,1.0,1.0,7.4,0.20099999999999998,True,True,False
20.22633194923401,forward_015,0.2263319492340088,0.15,0.0,0.0,-0.2945243112740431,-0.15489797111449674,-0.04690572364734761,-2.45,0.2,9.46,0.9970000000000001,0.9001736640930176,0.0,0.027249960228800774,1.0,1.0,7.4,0.20099999999999998,True,True,False
20.246732711791992,forward_015,0.2467327117919922,0.15,0.0,0.0,0.0719948316447661,0.10253809355466686,0.3010692959690218,-2.45,0.2,9.46,0.844,0.811577558517456,0.0,0.02397407963871956,1.0,1.0,7.4,0.29100000000000004,True,True,False
20.267114877700806,forward_015,0.26711487770080566,0.15,0.0,0.0,0.21925698728178766,0.1930770485018727,0.3621558197888234,0.11,0.88,6.3,0.767,0.6918705105781555,0.0,0.017052404582500458,1.0,1.0,7.4,0.29100000000000004,True,True,False
20.287490844726562,forward_015,0.2874908447265625,0.15,0.0,0.0,0.27598018797160334,-0.16907877128695067,0.18216874067690814,1.32,-1.32,9.73,0.767,0.7720887660980225,0.0,0.024564879247918725,1.0,1.0,7.4,0.29100000000000004,True,True,False
20.30796790122986,forward_015,0.3079679012298584,0.15,0.0,0.0,0.24434609527920614,0.002181661564992912,0.08835729338221293,0.26,-0.6900000000000001,8.48,0.384,0.7213804721832275,0.0,0.01682862639427185,1.0,1.0,7.4,0.29100000000000004,True,True,False
20.328335762023926,forward_015,0.3283357620239258,0.15,0.0,0.0,0.20398535632683726,-0.06217735460229799,0.003272492347489368,-1.52,-1.42,7.8500000000000005,0.307,0.7518381476402283,0.0,0.04529278166592121,1.0,1.0,7.4,0.29100000000000004,True,True,False
20.348758935928345,forward_015,0.3487589359283447,0.15,0.0,0.0,0.07526732399225546,0.0818123086872342,0.020725784867432664,-1.52,-1.42,7.8500000000000005,0.384,0.6914266347885132,0.0,0.05237587355077267,1.0,1.0,7.4,0.29100000000000004,True,True,False
20.369295358657837,forward_015,0.3692953586578369,0.15,0.0,0.0,-0.04145156973486533,0.1559888018969932,-0.06217735460229799,-1.75,-1.8800000000000001,8.86,0.537,0.766971230506897,0.0,0.01980644464492798,1.0,1.0,7.4,0.29100000000000004,True,True,False
20.392110347747803,forward_015,0.39211034774780273,0.15,0.0,0.0,0.14944381720201447,-0.01090830782496456,0.13526301702956053,-0.9,-1.31,8.19,1.458,0.8226760029792786,0.0,0.02688998356461525,1.0,1.0,7.4,0.29100000000000004,True,True,False
20.412621021270752,forward_015,0.41262102127075195,0.15,0.0,0.0,0.22907446432425577,-0.11999138607461016,-0.09490227807719166,-1.37,-1.37,8.0,1.458,0.7790679335594177,0.0,0.03345171920955181,1.0,1.0,7.4,0.29100000000000004,True,True,False
20.4329936504364,forward_015,0.43299365043640137,0.15,0.0,0.0,0.5170537909033202,-0.2301652951067522,-0.19634954084936207,-1.07,-1.37,9.44,1.227,0.8327167630195618,0.0,0.042427776381373405,1.0,1.0,7.4,0.29100000000000004,True,True,False
20.453359127044678,forward_015,0.45335912704467773,0.15,0.0,0.0,0.7984881327874057,-0.2399827721492203,-0.4112432050011639,-1.21,-0.97,9.24,0.767,0.8918725252151489,0.0,0.019799329340457916,1.0,1.0,7.3,0.7730000000000001,True,True,False
20.475014448165894,forward_015,0.47501444816589355,0.15,0.0,0.0,0.4734205596034619,0.06872233929727672,-1.0231992739816758,-1.21,-0.97,9.24,0.9970000000000001,0.9140959978103638,0.0,0.026273055002093315,1.0,1.0,7.3,0.7730000000000001,True,True,False
20.49543833732605,forward_015,0.4954383373260498,0.15,0.0,0.0,0.29561514205653955,0.11344640137963143,-1.1486448139687682,-1.21,-0.97,9.24,0.9210000000000002,0.9399609565734863,0.0,0.01730977464467287,1.0,1.0,7.3,0.7730000000000001,True,True,False
20.515811443328857,forward_015,0.5158114433288574,0.15,0.0,0.0,0.07308566242726255,-0.018544123302439753,-1.1617347833587257,-1.21,-0.97,9.24,0.6899999999999998,0.960290253162384,0.07142857142857142,0.013722855597734451,1.0,1.0,7.3,0.7730000000000001,True,True,False
20.5363450050354,forward_015,0.5363450050354004,0.15,0.0,0.0,-0.02181661564992912,0.08508480103472356,-1.0635600129340446,-0.8,-0.71,7.54,0.9210000000000002,0.9529985785484314,0.07142857142857142,0.015043341554701328,1.0,1.0,7.3,0.7730000000000001,True,True,False
20.556710720062256,forward_015,0.5567107200622559,0.15,0.0,0.0,0.007635815477475192,-0.17780541754692233,-0.533416252640767,-0.8,-0.71,7.54,0.9210000000000002,0.9348778128623962,0.0,0.02273107715882361,1.0,1.0,7.3,0.7730000000000001,True,True,False
20.577130556106567,forward_015,0.5771305561065674,0.15,0.0,0.0,0.10253809355466686,-0.11344640137963143,0.11344640137963143,-0.22,-0.56,8.69,0.767,0.820002019405365,0.0,0.02646956965327263,1.0,1.0,7.3,0.7730000000000001,True,True,False
20.59751558303833,forward_015,0.5975155830383301,0.15,0.0,0.0,0.03490658503988659,-0.050178215994836975,0.6239552075879728,-0.9,-0.03,6.91,0.537,0.828754186630249,0.0,0.04533294960856438,1.0,1.0,7.3,0.7730000000000001,True,True,False
20.61796545982361,forward_015,0.6179654598236084,0.15,0.0,0.0,-0.18216874067690814,-0.18653206380689397,0.8017606251348951,0.24,-0.19,8.790000000000001,0.384,0.9017046093940735,0.0,0.03970974124968052,1.0,1.0,7.3,0.7730000000000001,True,True,False
20.63846492767334,forward_015,0.6384649276733398,0.15,0.0,0.0,-0.19962203319685143,0.1636246173744684,0.9522952731194061,-0.44,1.0,8.17,0.46,0.9040202498435974,0.0,0.039601510390639305,1.0,1.0,7.3,0.7730000000000001,True,True,False
20.658833026885986,forward_015,0.6588330268859863,0.15,0.0,0.0,-0.2617993877991494,0.04145156973486533,0.5748678223756323,-1.35,1.8,9.47,0.767,0.6822670102119446,0.0,0.08391622826457024,1.0,1.0,7.4,0.37700000000000006,True,True,False
20.679202556610107,forward_015,0.6792025566101074,0.15,0.0,0.0,-0.25089107997418486,0.07853981633974483,0.18980455615438332,0.0,1.2,7.82,1.227,0.6565567851066589,0.0,0.05592729710042477,1.0,1.0,7.4,0.37700000000000006,True,True,False
20.699586153030396,forward_015,0.6995861530303955,0.15,0.0,0.0,-0.4166973589136462,-0.04363323129985824,-0.17780541754692233,-0.37,0.74,7.28,1.458,0.7405017018318176,0.0,0.021180536597967148,1.0,1.0,7.4,0.37700000000000006,True,True,False
20.719956636428833,forward_015,0.719956636428833,0.15,0.0,0.0,-0.6512259771503842,-0.1559888018969932,-0.40906154343617096,-0.37,0.74,7.28,1.381,0.8662393689155579,0.0,0.05722429044544697,1.0,1.0,7.4,0.37700000000000006,True,True,False
20.740432500839233,forward_015,0.7404325008392334,0.15,0.0,0.0,-0.6381360077604268,0.21598449493429828,-0.2912518189265537,-2.0300000000000002,-0.38,7.94,0.767,0.891430139541626,0.0,0.03866434097290039,1.0,1.0,7.4,0.37700000000000006,True,True,False
20.76126527786255,forward_015,0.7612652778625488,0.15,0.0,0.0,-0.5159629601208237,-0.10362892433716332,0.17562375598192942,-0.84,-0.18,9.3,0.9970000000000001,0.9522029161453247,0.07142857142857142,0.026622803881764412,1.0,1.0,7.4,0.37700000000000006,True,True,False
20.78163766860962,forward_015,0.7816376686096191,0.15,0.0,0.0,-0.4112432050011639,0.0,0.7788531787024695,-0.84,-0.18,9.3,0.6899999999999998,0.9076210856437683,0.0,0.01811194117181003,1.0,1.0,7.4,0.37700000000000006,True,True,False
20.802000045776367,forward_015,0.8020000457763672,0.15,0.0,0.0,-0.10799224746714914,0.38288160465625604,0.9075712110370514,-0.84,-0.18,9.3,1.151,0.7613449692726135,0.0,0.021010541473515332,1.0,1.0,7.4,0.37700000000000006,True,True,False
20.822475910186768,forward_015,0.8224759101867676,0.15,0.0,0.0,0.01090830782496456,0.006544984694978736,0.47451139038595835,1.58,-3.21,7.4,1.151,0.8193210363388062,0.0,0.025638625025749207,1.0,1.0,7.4,0.37700000000000006,True,True,False
20.842854261398315,forward_015,0.8428542613983154,0.15,0.0,0.0,0.04581489286485115,0.17998707911191522,0.4232423436086249,-0.63,-1.0,8.24,0.9210000000000002,0.7393636107444763,0.0,0.023987263441085815,1.0,1.0,7.4,0.37700000000000006,True,True,False
20.86326503753662,forward_015,0.8632650375366211,0.15,0.0,0.0,0.038179077387375956,0.12544553998709243,-0.03381575425739013,-1.59,-0.8,8.92,0.537,0.7661559581756592,0.0,0.026802904903888702,1.0,1.0,7.4,0.31,True,True,False
20.88363218307495,forward_015,0.8836321830749512,0.15,0.0,0.0,0.1439896632895322,0.28034351110158917,-0.3010692959690218,-2.63,-2.4,7.71,0.384,0.7296604514122009,0.0,0.041006457060575485,1.0,1.0,7.4,0.31,True,True,False
20.90401029586792,forward_015,0.9040102958679199,0.15,0.0,0.0,0.12871803233458182,0.13853550937704992,-0.08617563181722002,-0.64,-2.16,8.74,0.46,0.7041759490966797,0.0,0.05797005072236061,1.0,1.0,7.4,0.31,True,True,False
20.924393892288208,forward_015,0.924393892288208,0.15,0.0,0.0,0.11453723216212788,0.0719948316447661,-0.06872233929727672,-1.01,-2.05,8.36,0.9970000000000001,0.7209503650665283,0.0,0.02854812890291214,0.0,1.0,7.4,0.31,True,True,False
20.944844484329224,forward_015,0.9448444843292236,0.15,0.0,0.0,0.2454369260617026,-0.20289452554434081,0.061086523819801536,-1.97,-1.12,8.45,1.458,0.7506321668624878,0.0,0.025081083178520203,0.0,1.0,7.4,0.31,True,True,False
20.965404748916626,forward_015,0.965404748916626,0.15,0.0,0.0,0.4276056667386107,-0.17671458676442586,0.017453292519943295,-1.42,-0.55,6.640000000000001,1.6110000000000002,0.7847300171852112,0.0,0.039986732648685575,1.0,1.0,7.4,0.31,True,True,False
20.985782146453857,forward_015,0.9857821464538574,0.15,0.0,0.0,0.6468626540203984,-0.2748893571891069,-0.18435040224190105,-1.42,-0.55,6.640000000000001,1.227,0.8252588510513306,0.0,0.029612509533762932,1.0,1.0,7.4,0.31,True,True,False
21.006162881851196,forward_015,1.0061628818511963,0.15,0.0,0.0,0.7308566242726255,-0.22143864884678055,-0.6883142237552637,-1.42,-0.55,6.640000000000001,1.074,0.8705980777740479,0.0,0.028256144374608994,1.0,1.0,7.4,0.31,True,True,False
21.02662968635559,forward_015,1.0266296863555908,0.15,0.0,0.0,0.5105088062083414,-0.0545415391248228,-0.9566585962493919,-1.42,-0.55,6.640000000000001,0.767,0.9161924719810486,0.0,0.02664477750658989,1.0,1.0,7.4,0.31,True,True,False
21.04703140258789,forward_015,1.0470314025878906,0.15,0.0,0.0,0.19416787928436915,0.006544984694978736,-1.0701049976290233,-1.42,-0.55,6.640000000000001,0.767,0.9498026967048645,0.0,0.019933711737394333,1.0,1.0,7.4,0.31,True,True,False
21.06739592552185,forward_015,1.0673959255218506,0.15,0.0,0.0,0.1505346479845109,-0.001090830782496456,-0.878118779909647,-1.42,-0.55,6.640000000000001,0.844,0.9589715600013733,0.07142857142857142,0.008728602901101112,1.0,1.0,7.3,0.5870000000000001,True,True,False
21.08781123161316,forward_015,1.0878112316131592,0.15,0.0,0.0,0.1505346479845109,-0.001090830782496456,-0.878118779909647,-1.42,-0.55,6.640000000000001,1.074,0.9490134716033936,0.0,0.010977556928992271,1.0,1.0,7.3,0.5870000000000001,True,True,False
21.108221292495728,forward_015,1.1082212924957275,0.15,0.0,0.0,0.03381575425739013,-0.09381144729469522,-0.495237175253391,0.75,0.17,9.77,0.9210000000000002,0.940431535243988,0.0,0.023943394888192415,1.0,1.0,7.3,0.5870000000000001,True,True,False
21.128637552261353,forward_015,1.1286375522613525,0.15,0.0,0.0,0.09817477042468103,-0.04799655442984406,0.07090400086226964,-0.78,-0.47000000000000003,8.16,0.767,0.7773467302322388,0.0,0.036071762442588806,1.0,1.0,7.3,0.5870000000000001,True,True,False
21.149024963378906,forward_015,1.1490249633789062,0.15,0.0,0.0,0.05999569303730508,-0.10362892433716332,0.49741883681838395,-0.46,-0.23,8.09,0.537,0.8190179467201233,0.0,0.03396321460604668,1.0,1.0,7.3,0.5870000000000001,True,True,False
21.16943383216858,forward_015,1.169433832168579,0.15,0.0,0.0,-0.17453292519943295,-0.0818123086872342,0.7308566242726255,-0.04,-0.39,7.8500000000000005,0.46,0.9076636433601379,0.0,0.03199525538366288,1.0,1.0,7.3,0.5870000000000001,True,True,False
21.19001007080078,forward_015,1.1900100708007812,0.15,0.0,0.0,-0.16580627893946132,0.06326818538479445,0.918479518862016,-1.12,0.22,8.41,0.46,0.9210485219955444,0.0,0.04234334465581924,1.0,1.0,7.3,0.5870000000000001,True,True,False
21.210400819778442,forward_015,1.2104008197784424,0.15,0.0,0.0,-0.16580627893946132,0.06326818538479445,0.918479518862016,-1.12,0.22,8.41,0.844,0.7308211922645569,0.0,0.06036381237208843,1.0,1.0,7.3,0.5870000000000001,True,True,False
21.230785846710205,forward_015,1.230785846710205,0.15,0.0,0.0,-0.22471114119426994,0.050178215994836975,0.05672320068981571,-0.32,1.31,8.68,1.227,0.6565622091293335,0.0,0.04799442179501057,1.0,1.0,7.3,0.5870000000000001,True,True,False
21.251195669174194,forward_015,1.2511956691741943,0.15,0.0,0.0,-0.36324665057131983,-0.08944812416470939,-0.17453292519943295,-0.5,0.37,8.25,1.458,0.750948965549469,0.0,0.033451853320002556,1.0,1.0,7.3,0.5870000000000001,True,True,False
21.27155637741089,forward_015,1.2715563774108887,0.15,0.0,0.0,-0.5923211148955756,-0.16144295580947549,-0.33052172709642613,0.0,0.88,9.44,1.304,0.8647669553756714,0.0,0.0582662858068943,1.0,1.0,7.4,0.497,True,True,False
21.291927576065063,forward_015,1.2919275760650635,0.15,0.0,0.0,-0.6915867161027531,0.1341721862470641,-0.3981532356112064,-1.36,0.5,7.75,0.537,0.9028160572052002,0.0,0.032399870455265045,1.0,1.0,7.4,0.497,True,True,False
21.312296390533447,forward_015,1.3122963905334473,0.15,0.0,0.0,-0.5792311455056182,-0.001090830782496456,0.050178215994836975,-1.36,0.5,7.75,0.844,0.9360629320144653,0.0,0.02525341883301735,1.0,1.0,7.4,0.497,True,True,False
21.33280348777771,forward_015,1.33280348777771,0.15,0.0,0.0,-0.34797501961636945,0.002181661564992912,0.6894050545377601,-1.36,0.5,7.75,1.074,0.8946173787117004,0.0,0.02377063874155283,1.0,1.0,7.4,0.497,True,True,False
21.353190660476685,forward_015,1.3531906604766846,0.15,0.0,0.0,-0.032724923474893676,0.37306412761378793,0.9337511498169663,-1.36,0.5,7.75,1.074,0.7508901357650757,0.0,0.017432416789233685,1.0,1.0,7.4,0.497,True,True,False
21.37357187271118,forward_015,1.3735718727111816,0.15,0.0,0.0,0.001090830782496456,0.025089107997418487,0.4985096676008804,0.4,-1.28,7.890000000000001,1.151,0.7692235708236694,0.0,0.02309536188840866,1.0,1.0,7.4,0.497,True,True,False
21.39393973350525,forward_015,1.393939733505249,0.15,0.0,0.0,0.014180800172453928,0.18216874067690814,0.3425208657038872,0.45,-0.67,7.1000000000000005,0.9210000000000002,0.7072598338127136,0.0,0.01664528250694275,1.0,1.0,7.4,0.497,True,True,False
21.414321184158325,forward_015,1.4143211841583252,0.15,0.0,0.0,0.039269908169872414,0.09926560120717749,-0.10799224746714914,-0.31,-1.35,8.790000000000001,0.46,0.7490615248680115,0.0,0.021858718246221542,1.0,1.0,7.4,0.497,True,True,False
21.4346981048584,forward_015,1.4346981048583984,0.15,0.0,0.0,0.12435470920459599,0.0818123086872342,-0.3392483733563978,-2.09,-3.0100000000000002,9.36,0.23,0.7570851445198059,0.0,0.04301786050200462,1.0,1.0,7.4,0.497,True,True,False
21.455068111419678,forward_015,1.4550681114196777,0.15,0.0,0.0,0.11453723216212788,0.20289452554434081,-0.11562806294462433,-1.27,-1.81,8.01,0.46,0.6844007968902588,0.0,0.053940609097480774,1.0,1.0,7.4,0.497,True,True,False
21.475439310073853,forward_015,1.4754393100738525,0.15,0.0,0.0,0.10471975511965978,0.11017390903214205,-0.10035643198967395,-1.23,-2.46,7.82,0.767,0.6978006362915039,0.0,0.03605659306049347,0.0,1.0,7.4,0.47700000000000004,True,True,False
21.497028827667236,forward_015,1.4970288276672363,0.15,0.0,0.0,0.2596177262341565,-0.09053895494720585,0.09490227807719166,-1.69,-1.36,8.39,1.074,0.7577016353607178,0.0,0.027069447562098503,0.0,1.0,7.4,0.47700000000000004,True,True,False
21.517523050308228,forward_015,1.5175230503082275,0.15,0.0,0.0,0.33052172709642613,-0.14508049407202864,0.05345070834232634,-0.97,-1.17,7.4,1.534,0.7887671589851379,0.0,0.03169388259993866,1.0,1.0,7.4,0.47700000000000004,True,True,False
21.53790545463562,forward_015,1.5379054546356201,0.15,0.0,0.0,0.5312345910757741,-0.2781618495365963,-0.06872233929727672,-1.1500000000000001,-0.3,9.66,1.074,0.8300130367279053,0.0,0.030934110283851624,1.0,1.0,7.4,0.47700000000000004,True,True,False
21.558346271514893,forward_015,1.5583462715148926,0.15,0.0,0.0,0.7254024703601433,-0.18871372537188688,-0.4188790204786391,-1.1500000000000001,-0.3,9.66,0.9970000000000001,0.8780120015144348,0.0,0.027798732742667198,1.0,1.0,7.4,0.47700000000000004,True,True,False
21.578710079193115,forward_015,1.5787100791931152,0.15,0.0,0.0,0.6730425928003133,-0.2628902185816459,-0.8813912722571364,-1.1500000000000001,-0.3,9.66,0.9210000000000002,0.934052586555481,0.0,0.02079034224152565,1.0,1.0,7.4,0.47700000000000004,True,True,False
21.5991632938385,forward_015,1.599163293838501,0.15,0.0,0.0,0.24434609527920614,0.008726646259971648,-1.1977321991811087,0.01,1.49,9.55,0.767,0.9460270404815674,0.0,0.022371556609869003,1.0,1.0,7.4,0.47700000000000004,True,True,False
21.619551181793213,forward_015,1.619551181793213,0.15,0.0,0.0,0.18435040224190105,-0.10690141668465268,-0.9719302272043423,0.01,1.49,9.55,0.6899999999999998,0.9652765393257141,0.07142857142857142,0.011912621557712555,1.0,1.0,7.4,0.47700000000000004,True,True,False
21.639936685562134,forward_015,1.6399366855621338,0.15,0.0,0.0,0.030543261909900768,0.022907446432425576,-0.7864889941799448,-0.22,0.01,8.55,0.9210000000000002,0.9595906734466553,0.07142857142857142,0.010681390296667814,1.0,1.0,7.4,0.47700000000000004,True,True,False
21.660390615463257,forward_015,1.6603906154632568,0.15,0.0,0.0,-0.006544984694978736,-0.13199052468207118,-0.33052172709642613,-0.22,0.01,8.55,0.9970000000000001,0.9288089275360107,0.0,0.02070070616900921,1.0,1.0,7.4,0.47700000000000004,True,True,False
21.680766105651855,forward_015,1.6807661056518555,0.15,0.0,0.0,0.15271630954950383,-0.04690572364734761,0.38288160465625604,0.2,-0.16,9.16,0.844,0.7862709164619446,0.0,0.0340493880212307,1.0,1.0,7.4,0.20100000000000004,True,True,False
21.701128005981445,forward_015,1.7011280059814453,0.15,0.0,0.0,-0.03381575425739013,-0.09599310885968812,0.7363107781851078,-0.66,-0.49,7.28,0.384,0.8321118950843811,0.0,0.035249777138233185,1.0,1.0,7.4,0.20100000000000004,True,True,False
21.721502780914307,forward_015,1.7215027809143066,0.15,0.0,0.0,-0.23343778745424157,-0.14835298641951802,0.8639379797371931,-0.46,0.24,8.36,0.614,0.9131982326507568,0.0,0.03274961304850876,1.0,1.0,7.4,0.20100000000000004,True,True,False
21.741869926452637,forward_015,1.7418699264526367,0.15,0.0,0.0,-0.19198621771937624,0.05235987755982989,0.9970193352017608,-1.49,1.82,9.42,0.46,0.8910658955574036,0.0,0.03994797612540424,1.0,1.0,7.4,0.20100000000000004,True,True,False
21.76228642463684,forward_015,1.7622864246368408,0.15,0.0,0.0,-0.2628902185816459,0.03490658503988659,0.5399612373357457,-1.24,0.97,9.200000000000001,0.6899999999999998,0.693128228187561,0.0,0.09489504713565111,1.0,1.0,7.4,0.20100000000000004,True,True,False
21.78264832496643,forward_015,1.7826483249664307,0.15,0.0,0.0,-0.29561514205653955,0.02945243112740431,0.016362461737446838,-0.28,1.27,8.02,0.9970000000000001,0.6716751456260681,0.0,0.07750659622251987,1.0,1.0,7.4,0.20100000000000004,True,True,False
21.803019762039185,forward_015,1.8030197620391846,0.15,0.0,0.0,-0.4014257279586958,-0.061086523819801536,-0.3021601267515183,-0.33,0.44,8.18,1.381,0.7217633724212646,0.0,0.019144102931022644,1.0,1.0,7.4,0.20100000000000004,True,True,False
21.823397159576416,forward_015,1.823397159576416,0.15,0.0,0.0,-0.4723297288209654,-0.15707963267948966,-0.3534291735288517,-0.33,0.44,8.18,1.381,0.8674612045288086,0.0,0.05375664867460728,1.0,1.0,7.4,0.20100000000000004,True,True,False
21.84379744529724,forward_015,1.8437974452972412,0.15,0.0,0.0,-0.5835944686356039,0.12762720155208535,-0.33052172709642613,-1.58,-0.63,8.0,0.9210000000000002,0.9022879600524902,0.0,0.033184878528118134,1.0,1.0,7.4,0.20100000000000004,True,True,False
21.864177703857422,forward_015,1.8641777038574219,0.15,0.0,0.0,-0.4439681284760576,-0.09817477042468103,0.2378011105842274,-1.51,-0.26,9.450000000000001,0.9970000000000001,0.9496968984603882,0.0,0.026525432243943214,1.0,1.0,7.4,0.20100000000000004,True,True,False
21.884644985198975,forward_015,1.8846449851989746,0.15,0.0,0.0,-0.4363323129985824,-0.050178215994836975,0.8028514559173916,-1.51,-0.26,9.450000000000001,0.6899999999999998,0.9110077023506165,0.0,0.016900166403502226,1.0,1.0,7.3,0.479,True,True,False
21.90501070022583,forward_015,1.90501070022583,0.15,0.0,0.0,-0.10471975511965978,0.358883327441334,0.8846637646046258,0.51,-0.72,8.290000000000001,1.074,0.8243431448936462,0.0,0.016069114208221436,1.0,1.0,7.3,0.479,True,True,False
21.925484895706177,forward_015,1.9254848957061768,0.15,0.0,0.0,-0.026179938779914945,0.015271630954950384,0.41015237421866746,1.53,-3.7,7.71,0.9970000000000001,0.838085412979126,0.0,0.020009923726320267,1.0,1.0,7.3,0.479,True,True,False
21.945945739746094,forward_015,1.9459457397460938,0.15,0.0,0.0,0.014180800172453928,0.16798794050445423,0.38724492778624187,-0.07,-1.32,8.5,0.9210000000000002,0.7346612215042114,0.0,0.020463556051254272,1.0,1.0,7.3,0.479,True,True,False
21.9663245677948,forward_015,1.9663245677947998,0.15,0.0,0.0,0.017453292519943295,0.16144295580947549,-0.09490227807719166,-1.55,-0.19,8.85,0.384,0.7658231854438782,0.0,0.026800520718097687,1.0,1.0,7.3,0.479,True,True,False
21.986685276031494,forward_015,1.9866852760314941,0.15,0.0,0.0,0.11126473981463851,0.28907015736156083,-0.4177881896961426,-3.33,-2.5,7.5,0.307,0.7261797189712524,0.0,0.04146752879023552,1.0,1.0,7.3,0.479,True,True,False
22.007059812545776,forward_015,2.0070598125457764,0.15,0.0,0.0,0.14508049407202864,0.15926129424448257,-0.16253378659197193,-0.33,-2.36,9.69,0.46,0.6787437200546265,0.0,0.053893666714429855,1.0,1.0,7.3,0.479,True,True,False
22.027493953704834,forward_015,2.027493953704834,0.15,0.0,0.0,0.13962634015954636,0.14180800172453928,-0.11344640137963143,0.36,-2.13,8.33,0.844,0.6988660097122192,0.0,0.028755705803632736,0.0,1.0,7.3,0.479,True,True,False
22.04799723625183,forward_015,2.047997236251831,0.15,0.0,0.0,0.1832595714594046,-0.05890486225480862,0.04690572364734761,-1.81,-0.9400000000000001,8.72,1.151,0.6556776762008667,0.0,0.03655075840651989,0.0,1.0,7.3,0.479,True,True,False
22.068370580673218,forward_015,2.0683705806732178,0.15,0.0,0.0,0.31525009614147576,-0.20180369476184434,0.06981317007977318,-1.99,-1.01,7.6000000000000005,1.534,0.788365364074707,0.0,0.0523491557687521,1.0,1.0,7.3,0.479,True,True,False
22.088740348815918,forward_015,2.088740348815918,0.15,0.0,0.0,0.5301437602932776,-0.21271200258680892,-0.002181661564992912,-1.48,-0.24,8.9,1.458,0.813847541809082,0.0,0.03288334794342518,1.0,1.0,7.3,0.603,True,True,False
22.10911273956299,forward_015,2.1091127395629883,0.15,0.0,0.0,0.7123125009701857,-0.12435470920459599,-0.4068798818711781,-1.31,-0.6900000000000001,9.8,1.074,0.861973762512207,0.0,0.030401507392525673,1.0,1.0,7.3,0.603,True,True,False
22.12947964668274,forward_015,2.1294796466827393,0.15,0.0,0.0,0.6719517620178169,-0.18762289458939044,-0.7570365630525404,-1.31,-0.6900000000000001,9.8,0.9210000000000002,0.9284266829490662,0.0,0.018659118562936783,1.0,1.0,7.3,0.603,True,True,False
22.149839639663696,forward_015,2.1498396396636963,0.15,0.0,0.0,0.34033920413889424,0.1189005552921137,-1.0188359508516898,-1.31,-0.6900000000000001,9.8,0.767,0.9367009401321411,0.0,0.021185636520385742,1.0,1.0,7.3,0.603,True,True,False
22.17021107673645,forward_015,2.17021107673645,0.15,0.0,0.0,0.18762289458939044,-0.038179077387375956,-1.028653427894158,-1.31,-0.6900000000000001,9.8,0.767,0.9587754607200623,0.07142857142857142,0.01253405213356018,1.0,1.0,7.3,0.603,True,True,False
22.190573692321777,forward_015,2.1905736923217773,0.15,0.0,0.0,0.07635815477475191,-0.037088246604879506,-0.8737554567796613,0.03,0.5,9.25,0.9210000000000002,0.9608570337295532,0.07142857142857142,0.016188738401979208,1.0,1.0,7.3,0.603,True,True,False
22.210976362228394,forward_015,2.2109763622283936,0.15,0.0,0.0,0.011999138607461015,-0.044724062082354694,-0.5879577917655898,-0.02,-0.25,8.99,0.9210000000000002,0.9328259229660034,0.0,0.01894904486835003,1.0,1.0,7.3,0.603,True,True,False
22.231346130371094,forward_015,2.2313461303710938,0.15,0.0,0.0,0.039269908169872414,-0.12871803233458182,-0.07635815477475191,0.16,-0.2,8.88,0.6899999999999998,0.8486785292625427,0.0,0.01909361593425274,1.0,1.0,7.3,0.603,True,True,False
22.251750946044922,forward_015,2.251750946044922,0.15,0.0,0.0,0.038179077387375956,-0.08399397025222712,0.42542400517361784,-0.51,-0.9,8.05,0.537,0.8247050642967224,0.0,0.03628645837306976,1.0,1.0,7.3,0.603,True,True,False
22.272246599197388,forward_015,2.2722465991973877,0.15,0.0,0.0,-0.13199052468207118,-0.1265363707695889,0.7221299780126539,-0.61,-0.41000000000000003,7.78,0.46,0.9081127643585205,0.0,0.0382103156298399,1.0,1.0,7.3,0.603,True,True,False
22.29265284538269,forward_015,2.2926528453826904,0.15,0.0,0.0,-0.17780541754692233,-0.018544123302439753,0.9435686268594344,-0.87,0.52,8.46,0.537,0.9201322793960571,0.0,0.04531079396838322,1.0,1.0,7.3,0.6720000000000002,True,True,False
22.313027381896973,forward_015,2.3130273818969727,0.15,0.0,0.0,-0.2301652951067522,0.11235557059713497,0.8497571795647392,-1.01,1.26,9.26,0.6899999999999998,0.7229564785957336,0.0,0.06983914598822594,1.0,1.0,7.3,0.6720000000000002,True,True,False
22.333437204360962,forward_015,2.333437204360962,0.15,0.0,0.0,-0.21925698728178766,0.06544984694978735,0.38942658935123475,-0.3,0.9400000000000001,7.94,1.227,0.6430716514587402,0.0,0.041153687285259366,1.0,1.0,7.3,0.6720000000000002,True,True,False
22.353818893432617,forward_015,2.353818893432617,0.15,0.0,0.0,-0.2596177262341565,0.04254240051736178,0.04581489286485115,-0.46,0.56,7.3100000000000005,1.381,0.747586727142334,0.0,0.02758493274450302,1.0,1.0,7.3,0.6720000000000002,True,True,False
22.374216318130493,forward_015,2.374216318130493,0.15,0.0,0.0,-0.47123889803846897,-0.17780541754692233,-0.27598018797160334,-0.61,1.03,9.8,1.381,0.859908401966095,0.0,0.06176205910742283,1.0,1.0,7.3,0.6720000000000002,True,True,False
22.39458656311035,forward_015,2.3945865631103516,0.15,0.0,0.0,-0.6610434541928523,-0.10581058590215622,-0.43960480534607177,-0.9,0.78,8.67,0.844,0.9122509956359863,0.0,0.034789830446243286,1.0,1.0,7.3,0.6720000000000002,True,True,False
22.414995431900024,forward_015,2.4149954319000244,0.15,0.0,0.0,-0.6588617926278594,0.21598449493429828,-0.2519819107566813,-0.9,0.78,8.67,1.074,0.9226117730140686,0.0,0.017125504091382027,1.0,1.0,7.3,0.6720000000000002,True,True,False
22.435374975204468,forward_015,2.4353749752044678,0.15,0.0,0.0,-0.4625122517784973,-0.12871803233458182,0.38288160465625604,-0.9,0.78,8.67,0.6899999999999998,0.9238302111625671,0.0,0.03285966860130429,1.0,1.0,7.3,0.6720000000000002,True,True,False
22.455778121948242,forward_015,2.455778121948242,0.15,0.0,0.0,-0.1930770485018727,0.16798794050445423,0.8650288105196896,-0.99,-0.89,8.96,1.227,0.8042632937431335,0.0,0.014348030090332031,1.0,1.0,7.3,0.6720000000000002,True,True,False
22.476246118545532,forward_015,2.4762461185455322,0.15,0.0,0.0,-0.017453292519943295,0.31525009614147576,0.8104872713948668,2.54,-1.96,7.140000000000001,1.074,0.7625194191932678,0.0,0.023476649075746536,1.0,1.0,7.3,0.6720000000000002,True,True,False
22.49663519859314,forward_015,2.4966351985931396,0.15,0.0,0.0,-0.007635815477475192,-0.11780972450961724,0.533416252640767,0.77,-0.9500000000000001,7.61,0.9210000000000002,0.7635166049003601,0.0,0.01461254432797432,1.0,1.0,7.4,0.259,True,True,False
22.517600536346436,forward_015,2.5176005363464355,0.15,0.0,0.0,-0.007635815477475192,-0.11780972450961724,0.533416252640767,0.77,-0.9500000000000001,7.61,0.537,0.7411627173423767,0.0,0.029806585982441902,1.0,1.0,7.4,0.259,True,True,False
22.538047552108765,forward_015,2.5380475521087646,0.15,0.0,0.0,0.04254240051736178,0.16144295580947549,0.006544984694978736,-2.37,-2.0,8.870000000000001,0.23,0.7140939235687256,0.0,0.04172256588935852,1.0,1.0,7.4,0.259,True,True,False
22.55842137336731,forward_015,2.5584213733673096,0.15,0.0,0.0,0.08290313946973066,0.13744467859455345,-0.3981532356112064,-2.7600000000000002,-2.93,8.48,0.537,0.6794672012329102,0.0,0.045738546177744865,1.0,1.0,7.4,0.259,True,True,False
22.578824758529663,forward_015,2.578824758529663,0.15,0.0,0.0,0.14180800172453928,0.12435470920459599,-0.1908953869368798,-0.63,-2.02,8.950000000000001,0.9210000000000002,0.72355717420578,0.0,0.018339892849326134,1.0,1.0,7.4,0.259,True,True,False
22.59930992126465,forward_015,2.5993099212646484,0.15,0.0,0.0,0.12544553998709243,0.22252947962927702,-0.17671458676442586,-0.31,-2.25,7.84,1.304,0.8014124035835266,0.0,0.021830305457115173,1.0,1.0,7.4,0.259,True,True,False
22.619691848754883,forward_015,2.619691848754883,0.15,0.0,0.0,0.23343778745424157,0.04254240051736178,-0.05890486225480862,-1.6400000000000001,-1.98,8.11,1.534,0.8132445812225342,0.0,0.03765400708653033,1.0,1.0,7.4,0.259,True,True,False
22.64008140563965,forward_015,2.6400814056396484,0.15,0.0,0.0,0.4603305902135044,-0.22252947962927702,0.00545415391248228,-1.5,-1.32,8.86,1.458,0.8411269783973694,0.0,0.04406505823135376,1.0,1.0,7.4,0.259,True,True,False
22.66055727005005,forward_015,2.660557270050049,0.15,0.0,0.0,0.6348635154129374,-0.16907877128695067,-0.04581489286485115,-1.6,-0.24,8.77,1.074,0.885511577129364,0.0,0.021754350513219833,1.0,1.0,7.4,0.259,True,True,False
22.680923461914062,forward_015,2.6809234619140625,0.15,0.0,0.0,0.7330382858376184,-0.1439896632895322,-0.40578905108868163,-1.6,-0.24,8.77,0.844,0.9163501262664795,0.0,0.020717639476060867,1.0,1.0,7.4,0.259,True,True,False
22.7012996673584,forward_015,2.7012996673583984,0.15,0.0,0.0,0.5792311455056182,-0.044724062082354694,-0.9250245035569946,-1.6,-0.24,8.77,0.844,0.9366255402565002,0.0,0.021471776999533176,1.0,1.0,7.3,0.591,True,True,False
22.721668481826782,forward_015,2.7216684818267822,0.15,0.0,0.0,0.32179508083645453,0.001090830782496456,-1.1879147221386406,-1.6,-0.24,8.77,0.614,0.9505996704101562,0.07142857142857142,0.015953803434967995,1.0,1.0,7.3,0.591,True,True,False
22.74204730987549,forward_015,2.7420473098754883,0.15,0.0,0.0,0.15817046346198613,-0.030543261909900768,-1.1257373675363425,-0.23,0.73,8.74,0.9210000000000002,0.9537689685821533,0.07142857142857142,0.013533710967749357,1.0,1.0,7.3,0.591,True,True,False
22.762412071228027,forward_015,2.7624120712280273,0.15,0.0,0.0,0.016362461737446838,-0.009817477042468103,-0.9970193352017608,-0.34,-0.24,8.22,0.767,0.9341738820075989,0.0,0.023891684599220753,1.0,1.0,7.3,0.591,True,True,False
22.782799243927002,forward_015,2.782799243927002,0.15,0.0,0.0,0.01090830782496456,-0.10362892433716332,-0.6217735460229799,-0.08,-0.47000000000000003,9.07,0.767,0.8628575205802917,0.0,0.021974501200020313,1.0,1.0,7.3,0.591,True,True,False
22.803186893463135,forward_015,2.8031868934631348,0.15,0.0,0.0,0.12326387842209953,-0.12326387842209953,0.06654067773228381,-0.42,-0.78,8.56,0.6899999999999998,0.8208996057510376,0.0,0.029152244329452515,1.0,1.0,7.3,0.591,True,True,False
22.823557376861572,forward_015,2.8235573768615723,0.15,0.0,0.0,0.028361600344907856,-0.04908738521234052,0.6217735460229799,-0.44,-0.32,7.57,0.537,0.8931277394294739,0.0,0.048428794369101524,1.0,1.0,7.3,0.591,True,True,False
22.84393048286438,forward_015,2.84393048286438,0.15,0.0,0.0,-0.14726215563702155,-0.13853550937704992,0.8312130562622995,-0.19,-0.65,7.63,0.46,0.9263303875923157,0.0,0.057050017174333334,1.0,1.0,7.3,0.591,True,True,False
22.86448621749878,forward_015,2.8644862174987793,0.15,0.0,0.0,-0.17453292519943295,-0.022907446432425576,1.0133817969392076,-1.59,0.87,9.33,0.844,0.7585157752037048,0.0,0.04175862204283476,1.0,1.0,7.3,0.591,True,True,False
22.884901762008667,forward_015,2.884901762008667,0.15,0.0,0.0,-0.210530341021816,0.1341721862470641,0.9392053037294485,-1.86,1.21,9.38,1.227,0.7629636526107788,0.0,0.05012134090065956,1.0,1.0,7.3,0.591,True,True,False
22.905290603637695,forward_015,2.9052906036376953,0.15,0.0,0.0,-0.2617993877991494,0.09926560120717749,0.4734205596034619,-0.28,0.86,8.91,1.6110000000000002,0.699027419090271,0.0,0.048042356967926025,1.0,1.0,7.5,0.247,True,True,False
22.925652742385864,forward_015,2.9256527423858643,0.15,0.0,0.0,-0.27052603405912107,0.11126473981463851,0.11235557059713497,-0.26,0.77,7.68,1.381,0.8192594051361084,0.0,0.0557285500690341,1.0,1.0,7.5,0.247,True,True,False
22.94602131843567,forward_015,2.946021318435669,0.15,0.0,0.0,-0.4886921905584123,-0.21271200258680892,-0.38724492778624187,-0.47000000000000003,1.08,9.48,0.537,0.9322558641433716,0.0,0.02177940309047699,1.0,1.0,7.5,0.247,True,True,False
22.9664146900177,forward_015,2.9664146900177,0.15,0.0,0.0,-0.7155849933176751,-0.020725784867432664,-0.5170537909033202,-0.84,0.5,9.25,0.767,0.9223852157592773,0.0,0.01921810326166451,1.0,1.0,7.5,0.247,True,True,False
22.986783027648926,forward_015,2.986783027648926,0.15,0.0,0.0,-0.6861325621902709,0.038179077387375956,-0.11126473981463851,-0.84,0.5,9.25,1.304,0.8864277005195618,0.0,0.0282974848523736,1.0,1.0,7.5,0.247,True,True,False
23.007151126861572,forward_015,3.0071511268615723,0.15,0.0,0.0,-0.4046982203061852,0.006544984694978736,0.4734205596034619,-0.84,0.5,9.25,1.227,0.8690164685249329,0.0,0.026064307428896427,1.0,1.0,7.5,0.247,True,True,False
23.027519464492798,forward_015,3.027519464492798,0.15,0.0,0.0,-0.06872233929727672,0.35997415822383044,0.980656873464314,-0.6,-1.29,8.01,1.151,0.7009366750717163,0.0,0.026930958032608032,1.0,1.0,7.5,0.247,True,True,False
23.047908067703247,forward_015,3.047908067703247,0.15,0.0,0.0,-0.006544984694978736,-0.02399827721492203,0.7832165018324554,2.94,-2.67,7.16,0.767,0.7418659329414368,0.0,0.032615020871162415,1.0,1.0,7.5,0.247,True,True,False
23.06827664375305,forward_015,3.0682766437530518,0.15,0.0,0.0,0.03599741582238305,0.09053895494720585,0.619591884457987,1.58,-0.66,7.58,0.384,0.7064601182937622,0.0,0.020759664475917816,1.0,1.0,7.5,0.247,True,True,False
23.08866238594055,forward_015,3.0886623859405518,0.15,0.0,0.0,0.07417649320975901,-0.10144726277217041,0.06435901616729091,1.58,-0.66,7.58,0.307,0.7353895902633667,0.0,0.05281411111354828,1.0,1.0,7.5,0.247,True,True,False
23.109105825424194,forward_015,3.1091058254241943,0.15,0.0,0.0,0.07963064712224129,-0.02181661564992912,-0.3665191429188092,-3.0500000000000003,-2.84,7.8500000000000005,0.614,0.6678785085678101,0.0,0.040208011865615845,1.0,1.0,7.4,0.34800000000000003,True,True,False
23.129554510116577,forward_015,3.129554510116577,0.15,0.0,0.0,0.10035643198967395,0.10799224746714914,-0.1407171709420428,-1.58,-1.69,7.97,0.9970000000000001,0.6279405951499939,0.0,0.0415041446685791,0.0,1.0,7.4,0.34800000000000003,True,True,False
23.149999380111694,forward_015,3.1499993801116943,0.15,0.0,0.0,0.10471975511965978,0.12326387842209953,-0.14835298641951802,-0.66,-2.71,8.4,1.381,0.7078989148139954,0.0,0.037265654653310776,0.0,1.0,7.4,0.34800000000000003,True,True,False
23.170381546020508,forward_015,3.170381546020508,0.15,0.0,0.0,0.2279836335417593,0.011999138607461015,0.006544984694978736,-1.24,-2.04,8.44,1.458,0.7456603050231934,0.0,0.039299728348851204,1.0,1.0,7.4,0.34800000000000003,True,True,False
23.190755367279053,forward_015,3.1907553672790527,0.15,0.0,0.0,0.3490658503988659,-0.13853550937704992,0.028361600344907856,-0.91,-1.53,7.84,1.304,0.7892969250679016,0.0,0.032801978290081024,1.0,1.0,7.4,0.34800000000000003,True,True,False
23.21112060546875,forward_015,3.21112060546875,0.15,0.0,0.0,0.5377795757707527,-0.20943951023931956,0.04908738521234052,-0.91,-1.53,7.84,0.9970000000000001,0.8786901831626892,0.0,0.02105911960825324,1.0,1.0,7.4,0.34800000000000003,True,True,False
23.2314932346344,forward_015,3.2314932346343994,0.15,0.0,0.0,0.7101308394051928,-0.14944381720201447,-0.41560652813114973,-0.91,-1.53,7.84,0.9210000000000002,0.9157649874687195,0.0,0.02523890510201454,1.0,1.0,7.4,0.34800000000000003,True,True,False
23.251964569091797,forward_015,3.251964569091797,0.15,0.0,0.0,0.5835944686356039,-0.16798794050445423,-0.806123948264881,-0.91,-1.53,7.84,0.844,0.9439916014671326,0.0,0.02201034687459469,1.0,1.0,7.4,0.34800000000000003,True,True,False
23.272335529327393,forward_015,3.2723355293273926,0.15,0.0,0.0,0.3337942194439155,0.09490227807719166,-1.0853766285839737,-0.91,-1.53,7.84,0.6899999999999998,0.9473193287849426,0.0,0.015972847118973732,1.0,1.0,7.4,0.34800000000000003,True,True,False
23.292699098587036,forward_015,3.292699098587036,0.15,0.0,0.0,0.2912518189265537,-0.11126473981463851,-1.1464631524037752,-0.91,-1.53,7.84,0.844,0.9581645727157593,0.07142857142857142,0.010738387703895569,1.0,1.0,7.4,0.34800000000000003,True,True,False
23.313146829605103,forward_015,3.3131468296051025,0.15,0.0,0.0,0.1189005552921137,-0.030543261909900768,-1.0799224746714915,-0.28,0.28,8.15,0.844,0.9313017129898071,0.0,0.024511978961527348,1.0,1.0,7.4,0.305,True,True,False
23.333515167236328,forward_015,3.333515167236328,0.15,0.0,0.0,-0.017453292519943295,-0.050178215994836975,-0.791943148092427,-0.3,0.19,9.4,0.767,0.823447048664093,0.0,0.021981903351843357,1.0,1.0,7.4,0.305,True,True,False
23.35388469696045,forward_015,3.353884696960449,0.15,0.0,0.0,0.06544984694978735,0.0,-0.2716168648416175,0.36,-0.78,8.81,0.614,0.8052566647529602,0.0,0.020094983279705048,1.0,1.0,7.4,0.305,True,True,False
23.374253511428833,forward_015,3.374253511428833,0.15,0.0,0.0,0.0818123086872342,-0.05781403147231216,0.36979163526629855,-0.1,-0.42,7.9,0.614,0.8455700874328613,0.0,0.04784325510263443,1.0,1.0,7.4,0.305,True,True,False
23.39464282989502,forward_015,3.3946428298950195,0.15,0.0,0.0,-0.13308135546456762,-0.07308566242726255,0.6883142237552637,-0.62,-0.5700000000000001,7.94,0.614,0.9147239923477173,0.0,0.04912418220192194,1.0,1.0,7.4,0.305,True,True,False
23.415026903152466,forward_015,3.415026903152466,0.15,0.0,0.0,-0.17889624832941878,-0.09599310885968812,0.8890270877346116,-1.18,0.37,9.34,0.537,0.7616466879844666,0.0,0.04885239899158478,1.0,1.0,7.4,0.305,True,True,False
23.43541407585144,forward_015,3.4354140758514404,0.15,0.0,0.0,-0.17998707911191522,0.12326387842209953,1.0155634585042006,-1.48,0.51,9.25,0.9970000000000001,0.7694497108459473,0.0,0.03814367577433586,1.0,1.0,7.4,0.305,True,True,False
23.455791234970093,forward_015,3.4557912349700928,0.15,0.0,0.0,-0.3043417883165112,0.10690141668465268,0.6697701004528239,-0.48,0.77,8.52,1.304,0.6874281167984009,0.0,0.04340832680463791,1.0,1.0,7.4,0.305,True,True,False
23.47615671157837,forward_015,3.476156711578369,0.15,0.0,0.0,-0.28907015736156083,0.08835729338221293,0.3294308963139297,-0.32,0.25,7.73,1.534,0.8266990780830383,0.0,0.06533738225698471,1.0,1.0,7.4,0.305,True,True,False
23.496593713760376,forward_015,3.496593713760376,0.15,0.0,0.0,-0.358883327441334,-0.09817477042468103,0.08290313946973066,-0.76,0.9500000000000001,8.75,1.304,0.9363902807235718,0.0,0.021052327007055283,1.0,1.0,7.4,0.305,True,True,False
23.51696801185608,forward_015,3.516968011856079,0.15,0.0,0.0,-0.7035858547102141,-0.03599741582238305,-0.32834006553143325,-0.78,1.01,9.77,0.844,0.9413049817085266,0.0,0.021803626557812095,1.0,1.0,7.3,0.8390000000000001,True,True,False
23.538424491882324,forward_015,3.538424491882324,0.15,0.0,0.0,-0.7188574856651645,0.08726646259971647,-0.24652775684419906,-0.78,1.01,9.77,1.151,0.8832658529281616,0.0,0.020286571234464645,1.0,1.0,7.3,0.8390000000000001,True,True,False
23.558916091918945,forward_015,3.5589160919189453,0.15,0.0,0.0,-0.4188790204786391,0.018544123302439753,0.38942658935123475,-0.78,1.01,9.77,1.227,0.8583278656005859,0.0,0.03127929475158453,1.0,1.0,7.3,0.8390000000000001,True,True,False
23.579342126846313,forward_015,3.5793421268463135,0.15,0.0,0.0,-0.08508480103472356,0.2977968036215325,0.8715737952146683,-0.78,1.01,9.77,1.151,0.7016327977180481,0.0,0.024083584547042847,1.0,1.0,7.3,0.8390000000000001,True,True,False
23.599769115447998,forward_015,3.599769115447998,0.15,0.0,0.0,-0.04799655442984406,0.0272707695624114,0.6032294227205401,1.92,-3.25,7.12,0.767,0.6628189086914062,0.0,0.029182597994804382,1.0,1.0,7.3,0.8390000000000001,True,True,False
23.620537042617798,forward_015,3.620537042617798,0.15,0.0,0.0,0.0272707695624114,0.1439896632895322,0.5475970528132209,1.6300000000000001,0.1,6.890000000000001,0.384,0.688814103603363,0.0,0.02178301475942135,1.0,1.0,7.3,0.8390000000000001,True,True,False
23.64096999168396,forward_015,3.64096999168396,0.15,0.0,0.0,0.08617563181722002,-0.08835729338221293,0.22907446432425577,1.6300000000000001,0.1,6.890000000000001,0.307,0.7153686881065369,0.0,0.04583458974957466,1.0,1.0,7.3,0.8390000000000001,True,True,False
23.66137409210205,forward_015,3.661374092102051,0.15,0.0,0.0,0.08290313946973066,-0.025089107997418487,-0.2617993877991494,-2.5500000000000003,-2.45,8.89,0.6899999999999998,0.6811360120773315,0.0,0.05165482871234417,1.0,1.0,7.3,0.8390000000000001,True,True,False
23.6817364692688,forward_015,3.681736469268799,0.15,0.0,0.0,0.0916297857297023,0.028361600344907856,-0.19744037163185854,-1.35,-1.84,8.41,0.9970000000000001,0.6801489591598511,0.0,0.035391603596508496,0.0,1.0,7.3,0.8390000000000001,True,True,False
23.702130794525146,forward_015,3.7021307945251465,0.15,0.0,0.0,0.07963064712224129,0.08944812416470939,-0.13744467859455345,-0.89,-2.22,8.4,1.304,0.7308674454689026,0.0,0.030676115304231644,0.0,1.0,7.3,0.8390000000000001,True,True,False
23.722495555877686,forward_015,3.7224955558776855,0.15,0.0,0.0,0.18435040224190105,0.025089107997418487,-0.011999138607461015,-1.3,-1.95,8.700000000000001,1.6110000000000002,0.7814587354660034,0.0,0.03429877758026123,1.0,1.0,7.4,0.36300000000000004,True,True,False
23.742861032485962,forward_015,3.742861032485962,0.15,0.0,0.0,0.32506757318394386,-0.17562375598192942,-0.00545415391248228,-0.77,-2.0100000000000002,7.74,1.304,0.8077680468559265,0.0,0.036474116146564484,1.0,1.0,7.4,0.36300000000000004,True,True,False
23.763228178024292,forward_015,3.763228178024292,0.15,0.0,0.0,0.48432886742842646,-0.22362031041177347,-0.04145156973486533,-1.31,0.13,9.78,0.844,0.8920256495475769,0.0,0.021261824294924736,1.0,1.0,7.4,0.36300000000000004,True,True,False
23.783650398254395,forward_015,3.7836503982543945,0.15,0.0,0.0,0.7810348402674625,-0.12435470920459599,-0.40033489717619936,-1.31,0.13,9.78,0.9210000000000002,0.9131384491920471,0.0,0.022372040897607803,1.0,1.0,7.4,0.36300000000000004,True,True,False
23.8040292263031,forward_015,3.8040292263031006,0.15,0.0,0.0,0.6850417314077744,-0.14180800172453928,-0.791943148092427,-1.31,0.13,9.78,0.844,0.9405677914619446,0.0,0.02091367170214653,1.0,1.0,7.4,0.36300000000000004,True,True,False
23.82441282272339,forward_015,3.8244128227233887,0.15,0.0,0.0,0.35997415822383044,0.12108221685710661,-1.153008137098754,-1.31,0.13,9.78,0.767,0.9453113079071045,0.0,0.01752375066280365,1.0,1.0,7.4,0.36300000000000004,True,True,True
23.876237630844116,forward_015,3.876237630844116,0.15,0.0,0.0,0.2585268954516601,-0.05345070834232634,-1.210822168571066,0.34,0.7000000000000001,8.94,0.767,0.9611915946006775,0.07142857142857142,0.014994776342064142,1.0,1.0,7.4,0.36300000000000004,True,True,False
23.896657943725586,forward_015,3.896657943725586,0.15,0.0,0.0,0.05999569303730508,-0.030543261909900768,-0.18871372537188688,0.08,-0.55,8.42,0.537,0.9179934859275818,0.0,0.019200452603399754,1.0,1.0,7.4,0.36300000000000004,True,True,False
23.917035341262817,forward_015,3.9170353412628174,0.15,0.0,0.0,0.10035643198967395,-0.04581489286485115,0.4461497900410505,-0.39,-0.4,7.91,0.614,0.7905547022819519,0.0,0.03149549290537834,1.0,1.0,7.4,0.36300000000000004,True,True,False
23.937597513198853,forward_015,3.9375975131988525,0.15,0.0,0.0,-0.12762720155208535,-0.10471975511965978,0.7188574856651645,-0.75,-0.35000000000000003,9.43,0.384,0.8258892893791199,0.0,0.033865854144096375,1.0,1.0,7.4,0.36300000000000004,True,True,False
23.957970142364502,forward_015,3.957970142364502,0.15,0.0,0.0,-0.2476185876266955,0.006544984694978736,0.9555677654668955,-0.92,1.29,8.81,0.307,0.9253875017166138,0.0,0.04143003560602665,1.0,1.0,7.3,0.5120000000000001,True,True,False
23.97833776473999,forward_015,3.9783377647399902,0.15,0.0,0.0,-0.24216443371421323,0.25416357232167425,1.0613783513690516,-0.8300000000000001,0.97,7.7700000000000005,0.307,0.9182207584381104,0.0,0.04533154610544443,1.0,1.0,7.3,0.5120000000000001,True,True,False
23.998764514923096,forward_015,3.9987645149230957,0.15,0.0,0.0,-0.2781618495365963,0.17671458676442586,0.6272276999354622,-0.8300000000000001,0.97,7.7700000000000005,0.9210000000000002,0.717441201210022,0.0,0.11700606252998114,1.0,1.0,7.3,0.5120000000000001,True,True,False
24.019131422042847,forward_015,4.019131422042847,0.15,0.0,0.0,-0.24652775684419906,0.17671458676442586,0.20943951023931956,-0.8300000000000001,0.97,7.7700000000000005,1.304,0.6998438239097595,0.0,0.08646318130195141,1.0,1.0,7.3,0.5120000000000001,True,True,False
24.039491176605225,forward_015,4.039491176605225,0.15,0.0,0.0,-0.17998707911191522,0.1090830782496456,0.018544123302439753,-0.87,0.06,7.33,1.304,0.7383490800857544,0.0,0.026408091187477112,1.0,1.0,7.3,0.5120000000000001,True,True,False
24.059853315353394,forward_015,4.0598533153533936,0.15,0.0,0.0,-0.2781618495365963,-0.11126473981463851,-0.3021601267515183,-0.9400000000000001,-0.68,8.91,0.844,0.8663133382797241,0.0,0.05322097800672054,1.0,1.0,7.3,0.5120000000000001,True,True,False
24.080276250839233,forward_015,4.080276250839233,0.15,0.0,0.0,-0.581412807070611,-0.21162117180431245,-0.47778388273344774,-0.9,0.0,9.39,0.307,0.9231420159339905,0.0,0.02179032936692238,1.0,1.0,7.3,0.5120000000000001,True,True,False
24.100661754608154,forward_015,4.100661754608154,0.15,0.0,0.0,-0.607592745850526,-0.13853550937704992,-0.26725354171163174,-0.9,0.0,9.39,0.9210000000000002,0.9411550164222717,0.0,0.02238088846206665,1.0,1.0,7.3,0.5120000000000001,True,True,False
24.121148824691772,forward_015,4.1211488246917725,0.15,0.0,0.0,-0.4406956361285682,-0.10581058590215622,0.3337942194439155,-1.41,0.41000000000000003,9.44,0.767,0.9209781885147095,0.0,0.028323157806880772,1.0,1.0,7.3,0.5120000000000001,True,True,False
24.141509771347046,forward_015,4.141509771347046,0.15,0.0,0.0,-0.3839724354387525,-0.014180800172453928,0.7166758241001716,-1.41,0.41000000000000003,9.44,0.844,0.8680164217948914,0.0,0.012365684378892183,1.0,1.0,7.3,0.5120000000000001,True,True,False
24.16187620162964,forward_015,4.161876201629639,0.15,0.0,0.0,-0.02181661564992912,0.3108867730114899,0.8726646259971648,0.0,0.24,9.13,0.9210000000000002,0.698208749294281,0.0,0.02068033069372177,1.0,1.0,7.4,0.303,True,True,False
24.182246208190918,forward_015,4.182246208190918,0.15,0.0,0.0,0.06326818538479445,-0.08290313946973066,0.5006913291658733,1.7,-2.52,7.38,0.767,0.7721570730209351,0.0,0.02534690871834755,1.0,1.0,7.4,0.303,True,True,False
24.202628135681152,forward_015,4.202628135681152,0.15,0.0,0.0,0.05781403147231216,-0.037088246604879506,0.3097959422289935,1.7,-2.52,7.38,0.537,0.7278735041618347,0.0,0.02710426226258278,1.0,1.0,7.4,0.303,True,True,False
24.223004579544067,forward_015,4.223004579544067,0.15,0.0,0.0,0.02945243112740431,0.004363323129985824,-0.20616701789183017,-1.3800000000000001,-1.01,9.61,0.307,0.724403440952301,0.0,0.047428758814930916,1.0,1.0,7.4,0.303,True,True,False
24.243374824523926,forward_015,4.243374824523926,0.15,0.0,0.0,0.08726646259971647,0.284706834231575,-0.43960480534607177,-2.57,-2.79,7.21,0.384,0.6358503103256226,0.0,0.039688846096396446,1.0,1.0,7.4,0.303,True,True,False
24.263758420944214,forward_015,4.263758420944214,0.15,0.0,0.0,0.12326387842209953,0.18544123302439752,-0.2203478180642841,-2.57,-2.79,7.21,0.844,0.7430339455604553,0.0,0.019349411129951477,1.0,1.0,7.4,0.303,True,True,False
24.284148454666138,forward_015,4.284148454666138,0.15,0.0,0.0,0.12435470920459599,0.07090400086226964,-0.0916297857297023,0.77,-1.99,8.66,1.227,0.7808838486671448,0.0,0.02471490204334259,1.0,1.0,7.4,0.303,True,True,False
24.30452275276184,forward_015,4.304522752761841,0.15,0.0,0.0,0.1908953869368798,0.17453292519943295,-0.00545415391248228,-1.27,-1.17,9.11,1.458,0.8037936687469482,0.0,0.04017884097993374,1.0,1.0,7.4,0.303,True,True,False
24.325048446655273,forward_015,4.325048446655273,0.15,0.0,0.0,0.36324665057131983,-0.32070425005395803,0.22143864884678055,-1.27,-1.17,9.11,1.458,0.8563387989997864,0.0,0.044101545587182045,1.0,1.0,7.4,0.303,True,True,False
24.34541392326355,forward_015,4.34541392326355,0.15,0.0,0.0,0.5770494839406252,-0.050178215994836975,0.08944812416470939,-1.09,-0.36,9.28,1.074,0.8641397356987,0.0,0.022380725480616093,1.0,1.0,7.4,0.303,True,True,False
24.365798950195312,forward_015,4.3657989501953125,0.15,0.0,0.0,0.6403176693254197,-0.20180369476184434,-0.4079707126536745,-1.09,-0.36,9.28,0.844,0.9221805334091187,0.0,0.025066085159778595,1.0,1.0,7.3,0.597,True,True,False
24.386196851730347,forward_015,4.386196851730347,0.15,0.0,0.0,0.5486878835957173,0.05126904677733343,-0.815941425307349,-1.09,-0.36,9.28,0.9210000000000002,0.927625834941864,0.0,0.018706355709582567,1.0,1.0,7.3,0.597,True,True,False
24.406611919403076,forward_015,4.406611919403076,0.15,0.0,0.0,0.21489366415180183,-0.05126904677733343,-1.174824752748683,-1.09,-0.36,9.28,0.767,0.9529178142547607,0.07142857142857142,0.01670092239510268,1.0,1.0,7.3,0.597,True,True,False
24.42698574066162,forward_015,4.426985740661621,0.15,0.0,0.0,0.13744467859455345,-0.008726646259971648,-1.1497356447512646,-0.18,1.48,8.790000000000001,0.9210000000000002,0.9528924822807312,0.07142857142857142,0.012018516659736633,1.0,1.0,7.3,0.597,True,True,False
24.447383880615234,forward_015,4.447383880615234,0.15,0.0,0.0,0.06654067773228381,-0.09272061651219876,-0.9359328113819593,0.02,-0.07,8.84,0.844,0.9438672065734863,0.0,0.024816386867314577,1.0,1.0,7.3,0.597,True,True,False
24.467772483825684,forward_015,4.467772483825684,0.15,0.0,0.0,0.028361600344907856,-0.0719948316447661,-0.4788747135159442,-0.01,-0.62,9.370000000000001,0.6899999999999998,0.8623719811439514,0.0,0.01882106438279152,1.0,1.0,7.3,0.597,True,True,False
24.48814082145691,forward_015,4.488140821456909,0.15,0.0,0.0,0.12544553998709243,-0.061086523819801536,0.23125612588924865,-0.15,-0.61,9.23,0.46,0.8228296041488647,0.0,0.03239084780216217,1.0,1.0,7.3,0.597,True,True,False
24.50852131843567,forward_015,4.508521318435669,0.15,0.0,0.0,-0.026179938779914945,-0.003272492347489368,0.607592745850526,-0.68,-0.64,7.38,0.614,0.9049121141433716,0.0,0.05021197721362114,1.0,1.0,7.3,0.597,True,True,False
24.5289089679718,forward_015,4.528908967971802,0.15,0.0,0.0,-0.19853120241435498,-0.06544984694978735,0.7832165018324554,-0.45,-0.99,7.98,0.537,0.9267709851264954,0.0,0.05304089840501547,1.0,1.0,7.3,0.597,True,True,False
24.549278497695923,forward_015,4.549278497695923,0.15,0.0,0.0,-0.1810779098944117,0.09490227807719166,1.0799224746714915,-1.09,0.53,8.57,0.537,0.7651616334915161,0.0,0.03939613699913025,1.0,1.0,7.3,0.597,True,True,False
24.56964349746704,forward_015,4.569643497467041,0.15,0.0,0.0,-0.2628902185816459,0.12108221685710661,0.8366672101747817,-1.32,1.33,9.790000000000001,1.074,0.7656466960906982,0.0,0.06663214415311813,1.0,1.0,7.4,0.21400000000000002,True,True,False
24.5911808013916,forward_015,4.591180801391602,0.15,0.0,0.0,-0.272707695624114,0.09817477042468103,0.35561083509384467,-0.91,0.6,8.290000000000001,1.458,0.7475779056549072,0.0,0.05036145821213722,1.0,1.0,7.4,0.21400000000000002,True,True,False
24.61156702041626,forward_015,4.61156702041626,0.15,0.0,0.0,-0.28688849579656794,-0.037088246604879506,0.0719948316447661,-0.44,0.98,7.99,1.534,0.84337317943573,0.0,0.049610077403485775,1.0,1.0,7.4,0.21400000000000002,True,True,False
24.632110357284546,forward_015,4.632110357284546,0.15,0.0,0.0,-0.495237175253391,-0.1308996938995747,-0.284706834231575,-0.76,1.44,9.200000000000001,1.074,0.9214734435081482,0.0,0.01938469707965851,1.0,1.0,7.4,0.21400000000000002,True,True,False
24.652578353881836,forward_015,4.652578353881836,0.15,0.0,0.0,-0.7046766854927106,-0.1407171709420428,-0.5530512067257032,-0.76,1.44,9.200000000000001,0.9210000000000002,0.9354487657546997,0.0,0.01773910690099001,1.0,1.0,7.4,0.21400000000000002,True,True,False
24.673034191131592,forward_015,4.673034191131592,0.15,0.0,0.0,-0.6784967467127956,0.00545415391248228,-0.19198621771937624,-0.76,1.44,9.200000000000001,1.151,0.8981714248657227,0.0,0.025072455406188965,1.0,1.0,7.4,0.21400000000000002,True,True,False
24.69343137741089,forward_015,4.693431377410889,0.15,0.0,0.0,-0.41560652813114973,0.06326818538479445,0.4036073895236887,-0.76,1.44,9.200000000000001,1.227,0.8632714748382568,0.0,0.029632054269313812,1.0,1.0,7.4,0.21400000000000002,True,True,False
24.71381711959839,forward_015,4.713817119598389,0.15,0.0,0.0,-0.09053895494720585,0.28034351110158917,0.96647607329186,-0.68,-0.22,7.640000000000001,1.074,0.7061070799827576,0.0,0.023252300918102264,1.0,1.0,7.4,0.21400000000000002,True,True,False
24.734185457229614,forward_015,4.734185457229614,0.15,0.0,0.0,0.008726646259971648,0.022907446432425576,0.7134033317526822,1.26,-2.0,8.08,0.844,0.6736854910850525,0.0,0.026886064559221268,1.0,1.0,7.4,0.21400000000000002,True,True,False
24.754668712615967,forward_015,4.754668712615967,0.15,0.0,0.0,0.06544984694978735,0.037088246604879506,0.6392268385429232,1.49,-1.45,8.35,0.46,0.6980066895484924,0.0,0.02338358946144581,1.0,1.0,7.4,0.21400000000000002,True,True,False
24.775200128555298,forward_015,4.775200128555298,0.15,0.0,0.0,0.04799655442984406,-0.07417649320975901,0.24652775684419906,-0.21,-1.7,9.69,0.307,0.7531145215034485,0.0,0.05229790322482586,1.0,1.0,7.4,0.322,True,True,False
24.795566082000732,forward_015,4.795566082000732,0.15,0.0,0.0,0.022907446432425576,-0.03490658503988659,-0.3392483733563978,-3.0,-2.93,7.49,0.46,0.7172982096672058,0.0,0.04365156963467598,1.0,1.0,7.4,0.322,True,True,False
24.816062688827515,forward_015,4.816062688827515,0.15,0.0,0.0,0.09490227807719166,0.055632369907319255,-0.10471975511965978,-1.46,-1.6600000000000001,8.44,0.767,0.6472303867340088,0.0,0.036075420677661896,0.0,1.0,7.4,0.322,True,True,False
24.836441040039062,forward_015,4.8364410400390625,0.15,0.0,0.0,0.09817477042468103,0.08508480103472356,-0.0916297857297023,-0.45,-2.64,8.49,1.304,0.7545160055160522,0.0,0.029033642262220383,0.0,1.0,7.4,0.322,True,True,False
24.856810092926025,forward_015,4.856810092926025,0.15,0.0,0.0,0.2585268954516601,-0.08835729338221293,0.032724923474893676,-1.19,-1.83,8.21,1.534,0.768813967704773,0.0,0.03455697535537183,1.0,1.0,7.4,0.322,True,True,False
24.877187728881836,forward_015,4.877187728881836,0.15,0.0,0.0,0.40578905108868163,-0.2628902185816459,-0.00545415391248228,-1.16,-0.88,8.870000000000001,1.381,0.832599401473999,0.0,0.030826257541775703,1.0,1.0,7.4,0.322,True,True,False
24.897562742233276,forward_015,4.897562742233276,0.15,0.0,0.0,0.6795875774952921,-0.20398535632683726,-0.19853120241435498,-1.3900000000000001,-0.28,9.47,1.074,0.8854992389678955,0.0,0.024663791060447693,1.0,1.0,7.4,0.322,True,True,False
24.917938709259033,forward_015,4.917938709259033,0.15,0.0,0.0,0.7461282552275759,-0.2454369260617026,-0.5879577917655898,-1.3900000000000001,-0.28,9.47,0.9210000000000002,0.9278278350830078,0.0,0.02157650515437126,1.0,1.0,7.4,0.322,True,True,False
24.938304901123047,forward_015,4.938304901123047,0.15,0.0,0.0,0.45487643630102215,0.11017390903214205,-1.0450158896316049,-1.3900000000000001,-0.28,9.47,0.767,0.9317997694015503,0.0,0.021997371688485146,1.0,1.0,7.4,0.322,True,True,False
24.95866632461548,forward_015,4.9586663246154785,0.15,0.0,0.0,0.3119776037939864,0.008726646259971648,-1.1093749057988957,-1.3900000000000001,-0.28,9.47,0.767,0.9537966251373291,0.07142857142857142,0.014026599936187267,1.0,1.0,7.4,0.322,True,True,False
24.979044198989868,forward_015,4.979044198989868,0.15,0.0,0.0,0.24980024919168842,0.006544984694978736,-0.9893835197242855,0.8300000000000001,2.15,9.74,0.9210000000000002,0.9557347893714905,0.07142857142857142,0.01871143758762628,1.0,1.0,7.3,0.4720000000000001,True,True,False
24.999417066574097,forward_015,4.999417066574097,0.15,0.0,0.0,0.04254240051736178,0.03381575425739013,-0.8628471489546967,-0.27,0.21,8.4,0.767,0.9251216650009155,0.0,0.02268456108868122,1.0,1.0,7.3,0.4720000000000001,True,True,False
25.01980233192444,forward_015,5.0198023319244385,0.15,0.0,0.0,-0.05235987755982989,-0.07744898555724837,-0.4919646829059016,-0.27,0.21,8.4,0.6899999999999998,0.8354465365409851,0.0,0.020391639322042465,1.0,1.0,7.3,0.4720000000000001,True,True,False
25.040172815322876,forward_015,5.040172815322876,0.15,0.0,0.0,0.1407171709420428,-0.05345070834232634,0.2683443724941282,-0.1,-0.17,9.03,0.46,0.8198202252388,0.0,0.03432740271091461,1.0,1.0,7.3,0.4720000000000001,True,True,False
25.060646533966064,forward_015,5.0606465339660645,0.15,0.0,0.0,-0.037088246604879506,-0.09381144729469522,0.6370451769779303,-0.01,-0.67,7.61,0.614,0.8851370215415955,0.0,0.03149370150640607,1.0,1.0,7.3,0.4720000000000001,True,True,False
25.08109140396118,forward_015,5.081091403961182,0.15,0.0,0.0,-0.17016960206944712,-0.07963064712224129,0.8584838258247108,-0.67,0.18,7.62,0.46,0.9197224974632263,0.0,0.051225348841398954,1.0,1.0,7.3,0.4720000000000001,True,True,False
25.101552963256836,forward_015,5.101552963256836,0.15,0.0,0.0,-0.19634954084936207,0.014180800172453928,1.0461067204141012,-1.5,1.24,9.53,0.767,0.7285860776901245,0.0,0.03820876218378544,1.0,1.0,7.3,0.4720000000000001,True,True,False
25.12192153930664,forward_015,5.121921539306641,0.15,0.0,0.0,-0.23452861823673804,0.18653206380689397,0.7984881327874057,-1.48,1.18,9.22,1.227,0.7641696333885193,0.0,0.05796000547707081,1.0,1.0,7.3,0.4720000000000001,True,True,False
25.142301082611084,forward_015,5.142301082611084,0.15,0.0,0.0,-0.2748893571891069,0.14508049407202864,0.32834006553143325,-0.56,0.66,8.35,1.458,0.7237188816070557,0.0,0.0532536581158638,1.0,1.0,7.3,0.4720000000000001,True,True,False
25.162679195404053,forward_015,5.162679195404053,0.15,0.0,0.0,-0.32615840396644036,0.001090830782496456,0.028361600344907856,-0.4,0.66,7.37,1.458,0.8423551321029663,0.0,0.047181165777146816,1.0,1.0,7.3,0.4720000000000001,True,True,False
25.1830632686615,forward_015,5.183063268661499,0.15,0.0,0.0,-0.4734205596034619,-0.13962634015954636,-0.23452861823673804,-0.24,0.96,8.5,0.767,0.9165984988212585,0.0,0.018610823899507523,1.0,1.0,7.2,0.8290000000000001,True,True,False
25.203428506851196,forward_015,5.203428506851196,0.15,0.0,0.0,-0.6959500392327389,-0.0545415391248228,-0.46142142099600086,-0.89,0.16,9.72,1.074,0.9313242435455322,0.0,0.019884096225723624,1.0,1.0,7.2,0.8290000000000001,True,True,False
25.223814010620117,forward_015,5.223814010620117,0.15,0.0,0.0,-0.6992225315802283,0.03599741582238305,-0.15271630954950383,-0.89,0.16,9.72,0.844,0.8966370820999146,0.0,0.025303421542048454,1.0,1.0,7.2,0.8290000000000001,True,True,False
25.24419116973877,forward_015,5.2441911697387695,0.15,0.0,0.0,-0.459239759431008,-0.031634092692397225,0.38724492778624187,-0.89,0.16,9.72,1.227,0.8695945739746094,0.0,0.0262848362326622,1.0,1.0,7.2,0.8290000000000001,True,True,False
25.264660358428955,forward_015,5.264660358428955,0.15,0.0,0.0,-0.08508480103472356,0.36106498900632694,0.8464846872172498,0.09,-1.6,6.63,1.151,0.6964882016181946,0.0,0.02434338629245758,1.0,1.0,7.2,0.8290000000000001,True,True,False
25.285130500793457,forward_015,5.285130500793457,0.15,0.0,0.0,-0.022907446432425576,0.05345070834232634,0.6883142237552637,2.08,-2.7,8.790000000000001,0.844,0.6935172080993652,0.0,0.025646887719631195,1.0,1.0,7.2,0.8290000000000001,True,True,False
25.305516242980957,forward_015,5.305516242980957,0.15,0.0,0.0,0.03599741582238305,0.07853981633974483,0.5945027764605685,1.16,-1.57,8.65,0.537,0.708212673664093,0.0,0.021875353530049324,1.0,1.0,7.2,0.8290000000000001,True,True,False
25.325878620147705,forward_015,5.325878620147705,0.15,0.0,0.0,0.1189005552921137,-0.020725784867432664,0.18871372537188688,-1.4000000000000001,-0.96,9.08,0.307,0.7534968852996826,0.0,0.05159204080700874,1.0,1.0,7.2,0.8290000000000001,True,True,False
25.346284866333008,forward_015,5.346284866333008,0.15,0.0,0.0,0.08944812416470939,-0.07526732399225546,-0.3076142806640006,-3.27,-2.18,7.42,0.537,0.7319912314414978,0.0,0.043806763365864754,1.0,1.0,7.2,0.8290000000000001,True,True,False
25.366645574569702,forward_015,5.366645574569702,0.15,0.0,0.0,0.12544553998709243,0.16798794050445423,-0.1908953869368798,-1.06,-1.55,8.370000000000001,0.9970000000000001,0.6606150269508362,0.0,0.034591518342494965,0.0,1.0,7.2,0.8290000000000001,True,True,False
25.387023210525513,forward_015,5.387023210525513,0.15,0.0,0.0,0.09272061651219876,0.1461713248545251,-0.12980886311707826,-1.1500000000000001,-2.49,8.16,1.381,0.7445411086082458,0.0,0.027094319462776184,0.0,1.0,7.4,0.4790000000000001,True,True,False
25.407389640808105,forward_015,5.4073896408081055,0.15,0.0,0.0,0.2596177262341565,-0.04581489286485115,0.017453292519943295,-1.49,-1.87,7.95,1.534,0.7885569930076599,0.0,0.028871951217297465,1.0,1.0,7.4,0.4790000000000001,True,True,False
25.427760124206543,forward_015,5.427760124206543,0.15,0.0,0.0,0.40578905108868163,-0.2596177262341565,-0.018544123302439753,-0.71,-1.26,8.89,1.381,0.8246989846229553,0.0,0.03811863623559475,1.0,1.0,7.4,0.4790000000000001,True,True,False
25.448129415512085,forward_015,5.448129415512085,0.15,0.0,0.0,0.657770961845363,-0.16907877128695067,-0.17453292519943295,-1.59,-0.89,9.16,0.9210000000000002,0.8837751150131226,0.0,0.021122686564922333,1.0,1.0,7.4,0.4790000000000001,True,True,False
25.468580961227417,forward_015,5.468580961227417,0.15,0.0,0.0,0.7068583470577035,-0.16798794050445423,-0.5770494839406252,-1.59,-0.89,9.16,0.9210000000000002,0.9249847531318665,0.0,0.02247348055243492,1.0,1.0,7.4,0.4790000000000001,True,True,False
25.489471435546875,forward_015,5.489471435546875,0.15,0.0,0.0,0.44505895925855404,0.11671889372712078,-1.0570150282390658,-1.59,-0.89,9.16,0.6899999999999998,0.9291180968284607,0.0,0.02066182135604322,1.0,1.0,7.4,0.4790000000000001,True,True,False
25.509848594665527,forward_015,5.509848594665527,0.15,0.0,0.0,0.2977968036215325,0.06544984694978735,-1.117010721276371,-1.59,-0.89,9.16,0.6899999999999998,0.9485425353050232,0.0,0.013624347746372223,1.0,1.0,7.4,0.4790000000000001,True,True,False
25.53026580810547,forward_015,5.530265808105469,0.15,0.0,0.0,0.20507618710933373,-0.03599741582238305,-1.0090184738092218,0.39,1.33,8.950000000000001,0.844,0.95731121301651,0.07142857142857142,0.01646168576553464,1.0,1.0,7.4,0.4790000000000001,True,True,False
25.550636053085327,forward_015,5.550636053085327,0.15,0.0,0.0,0.038179077387375956,-0.022907446432425576,-0.8312130562622995,-0.44,0.11,8.120000000000001,0.9210000000000002,0.927480161190033,0.0,0.022532363422214985,1.0,1.0,7.4,0.4790000000000001,True,True,False
25.571115493774414,forward_015,5.571115493774414,0.15,0.0,0.0,0.008726646259971648,-0.1090830782496456,-0.42542400517361784,-0.44,0.11,8.120000000000001,0.767,0.8220716714859009,0.0,0.01974826492369175,1.0,1.0,7.4,0.4790000000000001,True,True,False
25.59149718284607,forward_015,5.591497182846069,0.15,0.0,0.0,0.16253378659197193,-0.015271630954950384,0.23889194136672387,-0.01,-0.32,8.41,0.614,0.8137965798377991,0.0,0.0336938351392746,1.0,1.0,7.4,0.43400000000000005,True,True,False
25.612878799438477,forward_015,5.612878799438477,0.15,0.0,0.0,-0.02399827721492203,-0.06763150851478027,0.5966844380255614,0.06,-0.5,7.99,0.46,0.8816332817077637,0.0,0.035677505657076836,1.0,1.0,7.4,0.43400000000000005,True,True,False
25.633251905441284,forward_015,5.633251905441284,0.15,0.0,0.0,-0.1538071403320003,-0.04254240051736178,0.8050331174823845,-0.51,0.61,8.52,0.537,0.8983026742935181,0.0,0.0461542340926826,1.0,1.0,7.4,0.43400000000000005,True,True,False
25.653616189956665,forward_015,5.653616189956665,0.15,0.0,0.0,-0.16907877128695067,0.026179938779914945,0.9893835197242855,-1.6500000000000001,1.17,9.48,0.614,0.7277094721794128,0.0,0.0443541593849659,1.0,1.0,7.4,0.43400000000000005,True,True,False
25.674086093902588,forward_015,5.674086093902588,0.15,0.0,0.0,-0.23561944901923448,0.19634954084936207,0.7723081940074908,-1.54,1.12,9.27,0.9970000000000001,0.7577651143074036,0.0,0.06189226172864437,1.0,1.0,7.4,0.43400000000000005,True,True,False
25.69445824623108,forward_015,5.694458246231079,0.15,0.0,0.0,-0.2825251726665821,0.10035643198967395,0.35561083509384467,-0.67,0.44,7.58,1.534,0.7340039014816284,0.0,0.05860142037272453,1.0,1.0,7.4,0.43400000000000005,True,True,False
25.714940309524536,forward_015,5.714940309524536,0.15,0.0,0.0,-0.32070425005395803,-0.001090830782496456,0.06544984694978735,-0.99,0.34,8.11,1.304,0.8469855785369873,0.0,0.04824259504675865,1.0,1.0,7.4,0.43400000000000005,True,True,False
25.73532199859619,forward_015,5.735321998596191,0.15,0.0,0.0,-0.459239759431008,-0.14835298641951802,-0.17780541754692233,-0.87,0.96,9.07,0.614,0.9255880117416382,0.0,0.019672825932502747,1.0,1.0,7.4,0.43400000000000005,True,True,False
25.75568962097168,forward_015,5.75568962097168,0.15,0.0,0.0,-0.6588617926278594,-0.020725784867432664,-0.34470252726888007,-0.79,0.75,8.68,1.227,0.9340248107910156,0.0,0.01854031579568982,1.0,1.0,7.4,0.43400000000000005,True,True,False
25.776059865951538,forward_015,5.776059865951538,0.15,0.0,0.0,-0.7068583470577035,-0.015271630954950384,-0.1810779098944117,-0.79,0.75,8.68,0.844,0.8932709693908691,0.0,0.021327991504222155,1.0,1.0,7.4,0.43400000000000005,True,True,False
25.79644274711609,forward_015,5.796442747116089,0.15,0.0,0.0,-0.5257804371632918,-0.028361600344907856,0.3741549583962844,-0.79,0.75,8.68,1.151,0.8508169054985046,0.0,0.025808350648730993,1.0,1.0,7.4,0.33000000000000007,True,True,False
25.8168306350708,forward_015,5.816830635070801,0.15,0.0,0.0,-0.14944381720201447,0.2825251726665821,0.8868454261696187,-0.81,-0.44,9.03,1.151,0.7060557007789612,0.0,0.02266797423362732,1.0,1.0,7.4,0.33000000000000007,True,True,False
25.837210178375244,forward_015,5.837210178375244,0.15,0.0,0.0,-0.017453292519943295,0.05890486225480862,0.6839509006252779,1.57,-2.72,5.96,0.767,0.6728684902191162,0.0,0.02877034619450569,1.0,1.0,7.4,0.33000000000000007,True,True,False
25.857584476470947,forward_015,5.857584476470947,0.15,0.0,0.0,0.032724923474893676,0.050178215994836975,0.5279620987282847,1.6400000000000001,-0.85,6.88,0.537,0.6995893716812134,0.0,0.02253676950931549,1.0,1.0,7.4,0.33000000000000007,True,True,False
25.87794852256775,forward_015,5.877948522567749,0.15,0.0,0.0,0.09381144729469522,-0.061086523819801536,0.2476185876266955,1.6400000000000001,-0.85,6.88,0.307,0.7277991771697998,0.0,0.04640477895736694,1.0,1.0,7.4,0.33000000000000007,True,True,False
25.89832305908203,forward_015,5.898323059082031,0.15,0.0,0.0,0.06435901616729091,-0.13199052468207118,-0.3010692959690218,-2.73,-3.19,8.51,0.537,0.7270559072494507,0.0,0.04916391149163246,1.0,1.0,7.4,0.33000000000000007,True,True,False
25.918707370758057,forward_015,5.918707370758057,0.15,0.0,0.0,0.11562806294462433,0.12326387842209953,-0.2628902185816459,-0.79,-1.46,8.0,0.9970000000000001,0.6791965961456299,0.0,0.040270939469337456,0.0,1.0,7.4,0.33000000000000007,True,True,False
25.939138889312744,forward_015,5.939138889312744,0.15,0.0,0.0,0.09272061651219876,0.05890486225480862,-0.16907877128695067,-0.9500000000000001,-2.91,8.73,1.381,0.7300202250480652,0.0,0.038599442690610886,0.0,1.0,7.4,0.33000000000000007,True,True,False
25.959529876708984,forward_015,5.959529876708984,0.15,0.0,0.0,0.1505346479845109,0.08508480103472356,-0.05345070834232634,-1.29,-2.07,8.45,1.534,0.7695075869560242,0.0,0.03393118875101209,1.0,1.0,7.4,0.33000000000000007,True,True,False
25.979899644851685,forward_015,5.979899644851685,0.15,0.0,0.0,0.3141592653589793,-0.11562806294462433,0.008726646259971648,-1.02,-1.3900000000000001,8.26,1.381,0.7841148376464844,0.0,0.03927768021821976,1.0,1.0,7.4,0.33000000000000007,True,True,False
26.000279903411865,forward_015,6.000279903411865,0.15,0.0,0.0,0.6294093615004551,-0.1559888018969932,-0.11562806294462433,-1.27,-0.22,9.58,0.9210000000000002,0.8776857256889343,0.0,0.0235031396150589,1.0,1.0,7.3,0.8380000000000001,True,True,False
26.020657300949097,forward_015,6.020657300949097,0.15,0.0,0.0,0.7777623479199731,-0.13962634015954636,-0.43960480534607177,-1.27,-0.22,9.58,0.844,0.9151229858398438,0.0,0.020762961357831955,1.0,1.0,7.3,0.8380000000000001,True,True,False
26.041123390197754,forward_015,6.041123390197754,0.15,0.0,0.0,0.5170537909033202,-0.011999138607461015,-0.8966629032120869,-1.27,-0.22,9.58,0.9210000000000002,0.9386160373687744,0.0,0.020079582929611206,1.0,1.0,7.3,0.8380000000000001,True,True,False
26.061599493026733,forward_015,6.061599493026733,0.15,0.0,0.0,0.3436116964863836,0.06217735460229799,-1.1333731830138178,-1.27,-0.22,9.58,0.844,0.9502482414245605,0.07142857142857142,0.014778452226892114,1.0,1.0,7.3,0.8380000000000001,True,True,False
26.081963300704956,forward_015,6.081963300704956,0.15,0.0,0.0,0.27598018797160334,0.022907446432425576,-1.0930124440614488,-1.27,-0.22,9.58,0.9210000000000002,0.94463050365448,0.0,0.007899068295955658,1.0,1.0,7.3,0.8380000000000001,True,True,False
26.102338075637817,forward_015,6.102338075637817,0.15,0.0,0.0,0.11562806294462433,0.037088246604879506,-0.9064803802545549,-0.31,0.43,8.34,0.9970000000000001,0.9066162705421448,0.0,0.0247306814417243,1.0,1.0,7.3,0.8380000000000001,True,True,False
26.12270998954773,forward_015,6.1227099895477295,0.15,0.0,0.0,-0.011999138607461015,-0.05999569303730508,-0.6021385919380436,-0.23,0.05,8.51,0.767,0.8124365210533142,0.0,0.020305839367210865,1.0,1.0,7.3,0.8380000000000001,True,True,False
26.143082857131958,forward_015,6.143082857131958,0.15,0.0,0.0,-0.011999138607461015,-0.05999569303730508,-0.6021385919380436,-0.04,-0.37,9.72,0.6899999999999998,0.8054925799369812,0.0,0.017668891698122025,1.0,1.0,7.3,0.8380000000000001,True,True,False
26.163471460342407,forward_015,6.163471460342407,0.15,0.0,0.0,0.04036073895236887,-0.044724062082354694,0.5748678223756323,-0.42,-0.58,7.53,0.614,0.877979040145874,0.0,0.05555224046111107,1.0,1.0,7.3,0.8380000000000001,True,True,False
26.18383526802063,forward_015,6.18383526802063,0.15,0.0,0.0,-0.15707963267948966,-0.136353847812057,0.7374016089676042,-0.08,0.37,7.640000000000001,0.537,0.9011591076850891,0.0,0.05596387293189764,1.0,1.0,7.3,0.8380000000000001,True,True,False
26.204240322113037,forward_015,6.204240322113037,0.15,0.0,0.0,-0.1538071403320003,0.055632369907319255,0.9588402578143848,-1.37,0.77,9.24,0.537,0.7597437500953674,0.0,0.04091499373316765,1.0,1.0,7.3,0.49100000000000005,True,True,False
26.224637508392334,forward_015,6.224637508392334,0.15,0.0,0.0,-0.2203478180642841,0.20507618710933373,0.8639379797371931,-1.8800000000000001,0.37,9.41,1.074,0.7847912907600403,0.0,0.05283621698617935,1.0,1.0,7.3,0.49100000000000005,True,True,False
26.245023488998413,forward_015,6.245023488998413,0.15,0.0,0.0,-0.28907015736156083,0.18435040224190105,0.5094179754258449,-0.54,0.8,7.95,1.458,0.6766793131828308,0.0,0.053448304533958435,1.0,1.0,7.3,0.49100000000000005,True,True,False
26.265394926071167,forward_015,6.265394926071167,0.15,0.0,0.0,-0.3425208657038872,0.09926560120717749,0.17562375598192942,-0.91,0.81,8.5,1.6110000000000002,0.84087735414505,0.0,0.05296529270708561,1.0,1.0,7.3,0.49100000000000005,True,True,False
26.28575873374939,forward_015,6.28575873374939,0.15,0.0,0.0,-0.47669305195095124,-0.11671889372712078,-0.1461713248545251,-0.88,1.06,9.15,1.074,0.9272177815437317,0.0,0.023127008229494095,1.0,1.0,7.3,0.49100000000000005,True,True,False
26.306219577789307,forward_015,6.306219577789307,0.15,0.0,0.0,-0.6774059159302992,0.013089969389957472,-0.35997415822383044,-0.89,0.61,9.02,0.844,0.9151702523231506,0.0,0.01939699612557888,1.0,1.0,7.3,0.49100000000000005,True,True,False
26.326599836349487,forward_015,6.326599836349487,0.15,0.0,0.0,-0.6926775468852495,0.020725784867432664,-0.1559888018969932,-1.26,0.88,9.18,1.381,0.8724234700202942,0.0,0.024075501365587115,1.0,1.0,7.3,0.49100000000000005,True,True,False
26.346972465515137,forward_015,6.346972465515137,0.15,0.0,0.0,-0.5443245604657315,0.008726646259971648,0.2977968036215325,-1.26,0.88,9.18,1.227,0.8767580389976501,0.0,0.019531704485416412,0.0,1.0,7.3,0.49100000000000005,True,True,False
26.367353916168213,forward_015,6.367353916168213,0.15,0.0,0.0,-0.2279836335417593,0.3763366199612773,0.8443030256522569,-0.37,-0.87,9.4,1.074,0.6915045380592346,0.0,0.039237759076058865,1.0,1.0,7.3,0.49100000000000005,True,True,False
26.38772416114807,forward_015,6.387724161148071,0.15,0.0,0.0,-0.05890486225480862,0.12762720155208535,0.8595746566072073,2.4,-0.46,7.75,0.6899999999999998,0.672038197517395,0.0,0.03283902257680893,1.0,1.0,7.3,0.49100000000000005,True,True,False
26.40823459625244,forward_015,6.408234596252441,0.15,0.0,0.0,0.0916297857297023,-0.004363323129985824,0.4919646829059016,0.76,-1.23,7.95,0.384,0.7270278334617615,0.0,0.01959565468132496,1.0,1.0,7.4,0.305,True,True,False
26.428604125976562,forward_015,6.4286041259765625,0.15,0.0,0.0,0.08072147790473774,-0.0818123086872342,0.29888763440402893,0.76,-1.23,7.95,0.307,0.7387629151344299,0.0,0.05280042439699173,1.0,1.0,7.4,0.305,True,True,False
26.44908833503723,forward_015,6.4490883350372314,0.15,0.0,0.0,0.0818123086872342,0.04254240051736178,-0.2476185876266955,-2.63,-2.32,7.13,0.614,0.7002480030059814,0.0,0.04365496151149273,1.0,1.0,7.4,0.305,True,True,False
26.470346212387085,forward_015,6.470346212387085,0.15,0.0,0.0,0.09599310885968812,0.022907446432425576,-0.20943951023931956,-1.33,-1.8,7.17,1.074,0.6930522918701172,0.0,0.03140605380758643,0.0,1.0,7.4,0.305,True,True,False
26.49071478843689,forward_015,6.49071478843689,0.15,0.0,0.0,0.1341721862470641,0.020725784867432664,-0.22907446432425577,-1.28,-2.73,8.96,1.381,0.7397274971008301,0.0,0.02514331042766571,0.0,1.0,7.4,0.305,True,True,False
26.511088371276855,forward_015,6.5110883712768555,0.15,0.0,0.0,0.25089107997418486,-0.1505346479845109,-0.055632369907319255,-1.09,-2.34,9.16,1.534,0.7708545923233032,0.0,0.031229093903675675,1.0,1.0,7.4,0.305,True,True,False
26.531471490859985,forward_015,6.531471490859985,0.15,0.0,0.0,0.3741549583962844,-0.3239767424014474,-0.039269908169872414,-0.5,-1.54,7.47,1.381,0.8341987133026123,0.0,0.030696792528033257,1.0,1.0,7.4,0.305,True,True,False
26.551835536956787,forward_015,6.551835536956787,0.15,0.0,0.0,0.6795875774952921,-0.3490658503988659,-0.16035212502697901,-1.81,0.02,8.98,0.9210000000000002,0.9059926271438599,0.0,0.023662665858864784,1.0,1.0,7.4,0.305,True,True,False
26.5722074508667,forward_015,6.572207450866699,0.15,0.0,0.0,0.7886706557449377,-0.37742745074377376,-0.605411084285533,-1.81,0.02,8.98,0.9210000000000002,0.9340882301330566,0.0,0.023483816534280777,1.0,1.0,7.4,0.305,True,True,False
26.59256935119629,forward_015,6.592569351196289,0.15,0.0,0.0,0.4919646829059016,-0.06981317007977318,-1.0013826583317467,-1.81,0.02,8.98,0.844,0.9410472512245178,0.0,0.020488827140070498,1.0,1.0,7.4,0.305,True,True,False
26.61293077468872,forward_015,6.612930774688721,0.15,0.0,0.0,0.2945243112740431,-0.05781403147231216,-1.1660981064887115,-1.81,0.02,8.98,0.9210000000000002,0.9573363065719604,0.07142857142857142,0.014097828418016434,1.0,1.0,7.3,0.5269999999999999,True,True,False
26.63394570350647,forward_015,6.63394570350647,0.15,0.0,0.0,0.2007128639793479,-0.06435901616729091,-1.1213740444063567,0.89,2.13,9.55,0.9970000000000001,0.9644144773483276,0.07142857142857142,0.02306733257137239,1.0,1.0,7.3,0.5269999999999999,True,True,False
26.65441393852234,forward_015,6.654413938522339,0.15,0.0,0.0,-0.015271630954950384,0.04908738521234052,-1.0133817969392076,-0.55,-0.35000000000000003,8.81,0.844,0.929814338684082,0.0,0.02143178880214691,1.0,1.0,7.3,0.5269999999999999,True,True,False
26.674774408340454,forward_015,6.674774408340454,0.15,0.0,0.0,-0.06544984694978735,-0.18980455615438332,-0.6250460383704692,-0.55,-0.35000000000000003,8.81,0.6899999999999998,0.8720123171806335,0.0,0.02217467362061143,1.0,1.0,7.3,0.5269999999999999,True,True,False
26.695158004760742,forward_015,6.695158004760742,0.15,0.0,0.0,0.11344640137963143,-0.10362892433716332,0.08072147790473774,-0.11,-1.03,7.95,0.614,0.8244085907936096,0.0,0.028236422687768936,1.0,1.0,7.3,0.5269999999999999,True,True,False
26.71552801132202,forward_015,6.7155280113220215,0.15,0.0,0.0,0.003272492347489368,-0.12762720155208535,0.607592745850526,-0.07,-0.39,7.9,0.6899999999999998,0.8690529465675354,0.0,0.038639429956674576,1.0,1.0,7.3,0.5269999999999999,True,True,False
26.735912799835205,forward_015,6.735912799835205,0.15,0.0,0.0,-0.19962203319685143,-0.11562806294462433,0.8497571795647392,-0.65,0.05,7.6000000000000005,0.614,0.9213768839836121,0.0,0.05111293960362673,1.0,1.0,7.3,0.5269999999999999,True,True,False
26.756348609924316,forward_015,6.756348609924316,0.15,0.0,0.0,-0.18871372537188688,-0.11344640137963143,1.0570150282390658,-0.35000000000000003,0.89,9.5,0.767,0.7690190076828003,0.0,0.043505375273525715,1.0,1.0,7.3,0.5269999999999999,True,True,False
26.776747465133667,forward_015,6.776747465133667,0.15,0.0,0.0,-0.2399827721492203,0.017453292519943295,1.0253809355466685,-0.8300000000000001,0.55,9.72,1.227,0.7668955326080322,0.0,0.03458533436059952,1.0,1.0,7.3,0.5269999999999999,True,True,False
26.797114849090576,forward_015,6.797114849090576,0.15,0.0,0.0,-0.2781618495365963,-0.006544984694978736,0.6403176693254197,0.06,1.22,8.32,1.688,0.6974388957023621,0.0,0.041574932634830475,1.0,1.0,7.3,0.5269999999999999,True,True,False
26.817498445510864,forward_015,6.817498445510864,0.15,0.0,0.0,-0.346884188833873,-0.06654067773228381,0.07090400086226964,-0.76,0.01,7.15,1.534,0.8511512279510498,0.0,0.054320252034813166,1.0,1.0,7.4,0.5270000000000001,True,True,False
26.837867498397827,forward_015,6.837867498397827,0.15,0.0,0.0,-0.5148721293383273,-0.09381144729469522,-0.1810779098944117,-0.55,0.77,7.62,0.844,0.9142277836799622,0.0,0.025366347283124924,1.0,1.0,7.4,0.5270000000000001,True,True,False
26.85823702812195,forward_015,6.858237028121948,0.15,0.0,0.0,-0.6414085001079161,0.018544123302439753,-0.4112432050011639,-0.55,0.77,7.62,0.844,0.9348500967025757,0.0,0.017690504901111126,1.0,1.0,7.4,0.5270000000000001,True,True,False
26.87860941886902,forward_015,6.8786094188690186,0.15,0.0,0.0,-0.6544984694978736,0.20180369476184434,-0.32288591161895097,-0.55,0.77,7.62,1.151,0.8961601257324219,0.0,0.020132090896368027,1.0,1.0,7.4,0.5270000000000001,True,True,False
26.8989896774292,forward_015,6.898989677429199,0.15,0.0,0.0,-0.32179508083645453,0.12435470920459599,0.3817907738737596,-0.55,0.77,7.62,1.074,0.854748547077179,0.0,0.036312175914645195,1.0,1.0,7.4,0.5270000000000001,True,True,False
26.91935133934021,forward_015,6.91935133934021,0.15,0.0,0.0,-0.028361600344907856,0.3010692959690218,0.6632251157578453,-0.55,0.77,7.62,1.151,0.7133957743644714,0.0,0.02049528807401657,1.0,1.0,7.4,0.5270000000000001,True,True,False
26.939730882644653,forward_015,6.939730882644653,0.15,0.0,0.0,0.05345070834232634,0.11453723216212788,0.8137597637423561,2.0,-2.73,6.890000000000001,0.767,0.6708986759185791,0.0,0.027029715478420258,1.0,1.0,7.4,0.5270000000000001,True,True,False
26.960111379623413,forward_015,6.960111379623413,0.15,0.0,0.0,0.13744467859455345,0.1712604328519436,0.7384924397501007,0.9400000000000001,-1.08,7.4,0.384,0.7110272645950317,0.0,0.020852791145443916,1.0,1.0,7.4,0.5270000000000001,True,True,False
26.980493307113647,forward_015,6.9804933071136475,0.15,0.0,0.0,0.16907877128695067,-0.04908738521234052,0.28907015736156083,-0.91,-0.6900000000000001,9.3,0.307,0.7568190693855286,0.0,0.05164010636508465,1.0,1.0,7.4,0.5270000000000001,True,True,False
27.000869274139404,forward_015,7.000869274139404,0.15,0.0,0.0,0.1341721862470641,0.15162547876700738,-0.015271630954950384,-2.02,-0.6,8.46,0.6899999999999998,0.6550975441932678,0.0,0.050934188067913055,1.0,1.0,7.4,0.5270000000000001,True,True,False
27.02125096321106,forward_015,7.02125096321106,0.15,0.0,0.0,0.08290313946973066,0.13199052468207118,-0.24980024919168842,-1.56,-1.6300000000000001,9.64,1.151,0.7591997981071472,0.0,0.01873314194381237,1.0,1.0,7.4,0.44100000000000006,True,True,False
27.041629314422607,forward_015,7.041629314422607,0.15,0.0,0.0,0.13308135546456762,0.23234695667174513,-0.17780541754692233,-1.57,-2.37,8.700000000000001,1.6110000000000002,0.8026098012924194,0.0,0.02778082713484764,1.0,1.0,7.4,0.44100000000000006,True,True,False
27.062047004699707,forward_015,7.062047004699707,0.15,0.0,0.0,0.2617993877991494,0.12108221685710661,-0.04036073895236887,-1.21,-1.27,7.29,1.534,0.8284313082695007,0.0,0.03332317527383566,1.0,1.0,7.4,0.44100000000000006,True,True,False
27.08253574371338,forward_015,7.082535743713379,0.15,0.0,0.0,0.4286964975211072,-0.16798794050445423,-0.17016960206944712,-1.22,-1.71,8.91,1.458,0.8291187286376953,0.0,0.0470174103975296,1.0,1.0,7.4,0.44100000000000006,True,True,False
27.102922201156616,forward_015,7.102922201156616,0.15,0.0,0.0,0.6839509006252779,-0.15926129424448257,-0.12435470920459599,-1.61,-0.31,9.700000000000001,0.844,0.8857772946357727,0.0,0.02177158184349537,1.0,1.0,7.4,0.44100000000000006,True,True,False
27.123303651809692,forward_015,7.123303651809692,0.15,0.0,0.0,0.779944009484966,-0.11671889372712078,-0.4374231437810788,-1.61,-0.31,9.700000000000001,0.9210000000000002,0.9196544289588928,0.0,0.019755162298679352,1.0,1.0,7.4,0.44100000000000006,True,True,False
27.14368438720703,forward_015,7.143684387207031,0.15,0.0,0.0,0.5475970528132209,-0.04581489286485115,-0.9959285044192643,-1.61,-0.31,9.700000000000001,0.9210000000000002,0.9431917667388916,0.0,0.02236755471676588,1.0,1.0,7.4,0.44100000000000006,True,True,False
27.16405463218689,forward_015,7.16405463218689,0.15,0.0,0.0,0.26616271092913524,0.006544984694978736,-1.3220869083857045,-1.61,-0.31,9.700000000000001,0.6899999999999998,0.954889714717865,0.07142857142857142,0.014882637187838554,1.0,1.0,7.4,0.44100000000000006,True,True,False
27.18443489074707,forward_015,7.18443489074707,0.15,0.0,0.0,0.10144726277217041,-0.04145156973486533,-1.1355548445788106,-1.61,-0.31,9.700000000000001,0.9210000000000002,0.9510633945465088,0.07142857142857142,0.010643195360898972,1.0,1.0,7.4,0.44100000000000006,True,True,False
27.20484232902527,forward_015,7.2048423290252686,0.15,0.0,0.0,0.014180800172453928,-0.02399827721492203,-1.0275625971116615,-0.24,-0.06,7.73,0.9210000000000002,0.9362455010414124,0.0,0.029404311440885067,1.0,1.0,7.4,0.44100000000000006,True,True,False
27.225219011306763,forward_015,7.225219011306763,0.15,0.0,0.0,-0.04690572364734761,-0.20289452554434081,-0.5650503453331642,0.2,-1.03,9.15,0.844,0.9127562046051025,0.0,0.02407907834276557,1.0,1.0,7.4,0.199,True,True,False
27.245623111724854,forward_015,7.2456231117248535,0.15,0.0,0.0,0.10471975511965978,-0.0818123086872342,0.2007128639793479,-0.27,-0.34,9.48,0.537,0.8295257687568665,0.0,0.037797629833221436,1.0,1.0,7.4,0.199,True,True,False
27.265998601913452,forward_015,7.265998601913452,0.15,0.0,0.0,0.007635815477475192,-0.04581489286485115,0.6872233929727672,-0.08,0.25,7.51,0.614,0.8877923488616943,0.0,0.04795990325510502,1.0,1.0,7.4,0.199,True,True,False
27.286375284194946,forward_015,7.286375284194946,0.15,0.0,0.0,-0.2181661564992912,-0.14289883250703572,0.7570365630525404,0.1,-0.59,7.68,0.537,0.9194155335426331,0.0,0.05566421593539417,1.0,1.0,7.4,0.199,True,True,False
27.306748390197754,forward_015,7.306748390197754,0.15,0.0,0.0,-0.15926129424448257,0.018544123302439753,1.0581058590215622,-1.43,0.79,9.14,0.537,0.7881932258605957,0.0,0.036266384882765124,1.0,1.0,7.4,0.199,True,True,False
27.327152252197266,forward_015,7.327152252197266,0.15,0.0,0.0,-0.20180369476184434,0.08290313946973066,0.964294411726867,-1.43,0.79,9.14,0.9210000000000002,0.7630531191825867,0.0,0.04667578265070915,1.0,1.0,7.4,0.199,True,True,False
27.347646713256836,forward_015,7.347646713256836,0.15,0.0,0.0,-0.25743606466916363,0.022907446432425576,0.495237175253391,-0.38,0.99,8.34,1.458,0.7149372696876526,0.0,0.04320573806762695,1.0,1.0,7.4,0.199,True,True,False
27.36805033683777,forward_015,7.3680503368377686,0.15,0.0,0.0,-0.3425208657038872,-0.004363323129985824,0.04581489286485115,-0.25,0.44,7.49,1.765,0.8231954574584961,0.0,0.054637725464999676,1.0,1.0,7.4,0.199,True,True,False
27.388423442840576,forward_015,7.388423442840576,0.15,0.0,0.0,-0.5585053606381855,-0.12217304763960307,-0.28034351110158917,-0.36,0.6,8.46,1.227,0.9119376540184021,0.0,0.02270250767469406,1.0,1.0,7.4,0.199,True,True,False
27.408794403076172,forward_015,7.408794403076172,0.15,0.0,0.0,-0.7112216701876893,-0.03381575425739013,-0.39924406639370286,-1.45,0.8200000000000001,9.52,1.151,0.9321853518486023,0.0,0.01791332010179758,1.0,1.0,7.4,0.199,True,True,False
27.429158210754395,forward_015,7.4291582107543945,0.15,0.0,0.0,-0.7472190860100724,0.1439896632895322,-0.24107360293171676,-1.55,-0.38,9.44,0.9210000000000002,0.8807557225227356,0.0,0.02018767688423395,1.0,1.0,7.3,0.531,True,True,False
27.44953227043152,forward_015,7.4495322704315186,0.15,0.0,0.0,-0.43960480534607177,0.04036073895236887,0.3436116964863836,-1.55,-0.38,9.44,1.151,0.8424818515777588,0.0,0.03011865820735693,1.0,1.0,7.3,0.531,True,True,False
27.46990704536438,forward_015,7.46990704536438,0.15,0.0,0.0,-0.08508480103472356,0.40251655874119224,0.9468411192069238,-1.55,-0.38,9.44,1.227,0.6990420818328857,0.0,0.023884214460849762,1.0,1.0,7.3,0.531,True,True,False
27.49028205871582,forward_015,7.49028205871582,0.15,0.0,0.0,0.037088246604879506,0.025089107997418487,0.8170322560898455,3.14,-2.3000000000000003,7.24,1.074,0.7454642057418823,0.0,0.03616251237690449,1.0,1.0,7.3,0.531,True,True,False
27.510643005371094,forward_015,7.510643005371094,0.15,0.0,0.0,0.10799224746714914,0.1189005552921137,0.7155849933176751,1.09,0.25,7.5,0.6899999999999998,0.7090936303138733,0.0,0.01999744027853012,1.0,1.0,7.3,0.531,True,True,False
27.531017065048218,forward_015,7.531017065048218,0.15,0.0,0.0,0.15271630954950383,-0.1810779098944117,0.11235557059713497,1.09,0.25,7.5,0.307,0.749097466468811,0.0,0.0528903566300869,1.0,1.0,7.3,0.531,True,True,False
27.5513916015625,forward_015,7.5513916015625,0.15,0.0,0.0,0.11999138607461016,0.19525871006686563,-0.34033920413889424,-2.79,-2.46,7.32,0.46,0.6028759479522705,0.0,0.043647538870573044,1.0,1.0,7.3,0.531,True,True,False
27.571759939193726,forward_015,7.571759939193726,0.15,0.0,0.0,0.08290313946973066,0.18980455615438332,-0.22907446432425577,-3.0,-2.34,6.7700000000000005,1.151,0.6370331645011902,0.0,0.04102874547243118,0.0,1.0,7.3,0.531,True,True,False
27.592137098312378,forward_015,7.592137098312378,0.15,0.0,0.0,0.11453723216212788,0.15926129424448257,-0.12544553998709243,-1.0,-2.57,9.36,1.534,0.680110514163971,0.0,0.02756856009364128,0.0,1.0,7.3,0.531,True,True,False
27.612603664398193,forward_015,7.612603664398193,0.15,0.0,0.0,0.3119776037939864,0.210530341021816,0.04145156973486533,0.17,-2.15,7.29,1.458,0.7795653343200684,0.0,0.029678637627512217,1.0,1.0,7.3,0.531,True,True,False
27.63306999206543,forward_015,7.63306999206543,0.15,0.0,0.0,0.42978732830360367,-0.17780541754692233,0.04363323129985824,-0.43,-1.75,9.51,1.151,0.8014847040176392,0.0,0.03181997314095497,1.0,1.0,7.4,0.524,True,True,False
27.654909133911133,forward_015,7.654909133911133,0.15,0.0,0.0,0.6283185307179586,-0.038179077387375956,0.007635815477475192,-2.48,0.12,8.55,0.614,0.870383620262146,0.0,0.019730621948838234,1.0,1.0,7.4,0.524,True,True,False
27.67528223991394,forward_015,7.67528223991394,0.15,0.0,0.0,0.6621342849753488,-0.1930770485018727,-0.5388704065532492,-2.48,0.12,8.55,0.844,0.9275656938552856,0.0,0.0279257670044899,1.0,1.0,7.4,0.524,True,True,False
27.695770263671875,forward_015,7.695770263671875,0.15,0.0,0.0,0.4788747135159442,0.015271630954950384,-0.9752027195518317,-2.48,0.12,8.55,0.844,0.9314548373222351,0.0,0.019974365830421448,1.0,1.0,7.4,0.524,True,True,False
27.71624231338501,forward_015,7.71624231338501,0.15,0.0,0.0,0.30870511144649704,-0.03490658503988659,-1.1061024134514064,0.55,2.71,9.6,0.6899999999999998,0.9533940553665161,0.07142857142857142,0.023072775453329086,1.0,1.0,7.4,0.524,True,True,False
27.736624240875244,forward_015,7.736624240875244,0.15,0.0,0.0,0.2530727415391778,-0.0545415391248228,-1.119192382841364,0.16,1.72,9.02,0.9210000000000002,0.9607662558555603,0.07142857142857142,0.011608259752392769,1.0,1.0,7.4,0.524,True,True,False
27.75708842277527,forward_015,7.7570884227752686,0.15,0.0,0.0,0.07853981633974483,-0.08508480103472356,-0.9741118887693352,-0.33,0.32,9.26,0.844,0.9395437240600586,0.0,0.02457490237429738,1.0,1.0,7.4,0.524,True,True,False
27.777453422546387,forward_015,7.777453422546387,0.15,0.0,0.0,-0.020725784867432664,-0.09490227807719166,-0.5890486225480862,0.1,0.12,9.59,0.6899999999999998,0.8523674607276917,0.0,0.02005002088844776,1.0,1.0,7.4,0.524,True,True,False
27.797898530960083,forward_015,7.797898530960083,0.15,0.0,0.0,0.09599310885968812,-0.011999138607461015,0.011999138607461015,0.22,-0.38,9.17,0.6899999999999998,0.8148273229598999,0.0,0.028270475566387177,1.0,1.0,7.4,0.524,True,True,False
27.81827163696289,forward_015,7.818271636962891,0.15,0.0,0.0,0.019634954084936207,-0.006544984694978736,0.5388704065532492,-0.27,-0.77,7.83,0.6899999999999998,0.8865221738815308,0.0,0.050002213567495346,1.0,1.0,7.4,0.524,True,True,False
27.83877992630005,forward_015,7.838779926300049,0.15,0.0,0.0,-0.17235126363444003,-0.020725784867432664,0.8290313946973066,-0.66,0.58,7.21,0.46,0.919682502746582,0.0,0.05028115026652813,1.0,1.0,7.3,0.714,True,True,False
27.859140872955322,forward_015,7.859140872955322,0.15,0.0,0.0,-0.17671458676442586,-0.055632369907319255,0.9861110273767962,-1.01,0.8200000000000001,9.69,0.614,0.7125500440597534,0.0,0.053035441786050797,1.0,1.0,7.3,0.714,True,True,False
27.879583597183228,forward_015,7.8795835971832275,0.15,0.0,0.0,-0.20507618710933373,0.16144295580947549,0.9119345341670372,-1.71,0.6900000000000001,9.13,1.074,0.7494404911994934,0.0,0.04497294290922582,1.0,1.0,7.3,0.714,True,True,False
27.899965286254883,forward_015,7.899965286254883,0.15,0.0,0.0,-0.2999784651865254,0.05126904677733343,0.5246896063807953,-0.5700000000000001,0.75,8.13,1.458,0.7128267884254456,0.0,0.041650839149951935,1.0,1.0,7.3,0.714,True,True,False
27.920400142669678,forward_015,7.920400142669678,0.15,0.0,0.0,-0.33052172709642613,0.061086523819801536,0.19962203319685143,-0.44,0.51,7.1000000000000005,1.6110000000000002,0.8333893418312073,0.0,0.0616173492744565,1.0,1.0,7.3,0.714,True,True,False
27.94084596633911,forward_015,7.940845966339111,0.15,0.0,0.0,-0.4406956361285682,-0.16253378659197193,-0.09053895494720585,-0.39,1.27,9.68,1.074,0.9300145506858826,0.0,0.021906431764364243,1.0,1.0,7.3,0.714,True,True,False
27.961219310760498,forward_015,7.961219310760498,0.15,0.0,0.0,-0.7374016089676042,0.0916297857297023,-0.3785182815262702,-0.97,0.75,9.68,0.614,0.9334353804588318,0.0,0.02301102428464219,1.0,1.0,7.3,0.714,True,True,False
27.98158597946167,forward_015,7.98158597946167,0.15,0.0,0.0,-0.7308566242726255,0.09272061651219876,-0.210530341021816,-0.97,0.75,9.68,1.227,0.8834980130195618,0.0,0.0245447950437665,1.0,1.0,7.3,0.714,True,True,False
28.001962661743164,forward_015,8.001962661743164,0.15,0.0,0.0,-0.3425208657038872,0.10144726277217041,0.5770494839406252,-0.97,0.75,9.68,1.074,0.8323171734809875,0.0,0.03136983048170805,1.0,1.0,7.3,0.714,True,True,False
28.0223548412323,forward_015,8.0223548412323,0.15,0.0,0.0,-0.0818123086872342,0.35561083509384467,0.8650288105196896,-0.97,0.75,9.68,1.304,0.6936963200569153,0.0,0.023124724626541138,1.0,1.0,7.3,0.714,True,True,False
28.042885780334473,forward_015,8.042885780334473,0.15,0.0,0.0,-0.030543261909900768,-0.07853981633974483,0.6065019150680295,2.7600000000000002,-2.88,7.15,1.151,0.7151455283164978,0.0,0.033708881586790085,1.0,1.0,7.4,0.23099999999999998,True,True,False
28.063276052474976,forward_015,8.063276052474976,0.15,0.0,0.0,0.07526732399225546,0.09817477042468103,0.5508695451607103,1.33,-0.44,5.88,0.537,0.7007892727851868,0.0,0.01881490834057331,1.0,1.0,7.4,0.23099999999999998,True,True,False
28.08364772796631,forward_015,8.083647727966309,0.15,0.0,0.0,0.08399397025222712,-0.1832595714594046,0.09053895494720585,1.33,-0.44,5.88,0.384,0.7319010496139526,0.0,0.04690339416265488,1.0,1.0,7.4,0.23099999999999998,True,True,False
28.104121446609497,forward_015,8.104121446609497,0.15,0.0,0.0,0.08072147790473774,0.030543261909900768,-0.35997415822383044,-2.54,-3.0,9.24,0.537,0.6626156568527222,0.0,0.04706783778965473,1.0,1.0,7.4,0.23099999999999998,True,True,False
28.124653577804565,forward_015,8.124653577804565,0.15,0.0,0.0,0.06981317007977318,0.020725784867432664,-0.136353847812057,-1.04,-1.52,7.9,0.767,0.6527005434036255,0.0,0.03264263179153203,0.0,1.0,7.4,0.23099999999999998,True,True,False
28.145034074783325,forward_015,8.145034074783325,0.15,0.0,0.0,0.0818123086872342,0.08290313946973066,-0.10253809355466686,-1.35,-2.6,8.36,1.151,0.7227792739868164,0.0,0.033712662756443024,0.0,1.0,7.4,0.23099999999999998,True,True,False
28.16541075706482,forward_015,8.16541075706482,0.15,0.0,0.0,0.2454369260617026,-0.037088246604879506,0.001090830782496456,-1.22,-2.15,8.45,1.458,0.7674310207366943,0.0,0.029062066227197647,1.0,1.0,7.4,0.23099999999999998,True,True,False
28.185781002044678,forward_015,8.185781002044678,0.15,0.0,0.0,0.3981532356112064,-0.22252947962927702,0.04363323129985824,-0.51,-2.06,8.5,1.151,0.8068439960479736,0.0,0.0339629128575325,1.0,1.0,7.4,0.23099999999999998,True,True,False
28.206186294555664,forward_015,8.206186294555664,0.15,0.0,0.0,0.5901394533305827,-0.1407171709420428,-0.025089107997418487,-1.48,-0.53,9.42,1.151,0.8784384727478027,0.0,0.019819997251033783,1.0,1.0,7.4,0.23099999999999998,True,True,False
28.226540565490723,forward_015,8.226540565490723,0.15,0.0,0.0,0.753764070705051,-0.16689710972195776,-0.5039638215133626,-1.48,-0.53,9.42,0.844,0.9214146137237549,0.0,0.027478650212287903,1.0,1.0,7.4,0.23099999999999998,True,True,False
28.24690341949463,forward_015,8.246903419494629,0.15,0.0,0.0,0.5617778529856748,-0.026179938779914945,-0.9708393964218458,-1.48,-0.53,9.42,0.844,0.9368324875831604,0.0,0.02136524673551321,1.0,1.0,7.3,0.617,True,True,False
28.26727819442749,forward_015,8.26727819442749,0.15,0.0,0.0,0.3119776037939864,-0.003272492347489368,-1.2239121379610236,-1.48,-0.53,9.42,0.844,0.9545804858207703,0.07142857142857142,0.016376039944589138,1.0,1.0,7.3,0.617,True,True,False
28.287657260894775,forward_015,8.287657260894775,0.15,0.0,0.0,0.2683443724941282,-0.06435901616729091,-1.2228213071785272,-1.48,-0.53,9.42,0.844,0.9542322754859924,0.07142857142857142,0.009836278855800629,1.0,1.0,7.3,0.617,True,True,False
28.308046102523804,forward_015,8.308046102523804,0.15,0.0,0.0,0.08399397025222712,-0.025089107997418487,-1.1475539831862718,-0.71,0.15,8.2,0.9210000000000002,0.9227155447006226,0.0,0.025325420312583447,1.0,1.0,7.3,0.617,True,True,False
28.328551292419434,forward_015,8.328551292419434,0.15,0.0,0.0,0.011999138607461015,-0.10799224746714914,-0.7188574856651645,-0.37,-0.11,9.040000000000001,0.6899999999999998,0.8368034362792969,0.0,0.020340656861662865,1.0,1.0,7.3,0.617,True,True,False
28.348989486694336,forward_015,8.348989486694336,0.15,0.0,0.0,0.12871803233458182,0.004363323129985824,0.016362461737446838,0.0,-0.77,8.34,0.537,0.8016840815544128,0.0,0.03114999085664749,1.0,1.0,7.3,0.617,True,True,False
28.369401454925537,forward_015,8.369401454925537,0.15,0.0,0.0,0.03490658503988659,-0.10690141668465268,0.5923211148955756,-0.1,-0.54,7.930000000000001,0.6899999999999998,0.8828803896903992,0.0,0.03781512379646301,1.0,1.0,7.3,0.617,True,True,False
28.393238067626953,forward_015,8.393238067626953,0.15,0.0,0.0,-0.17998707911191522,-0.12326387842209953,0.7712173632249943,-0.08,-0.34,7.63,0.537,0.9103257060050964,0.0,0.05065542133525014,1.0,1.0,7.3,0.617,True,True,False
28.41361379623413,forward_015,8.41361379623413,0.15,0.0,0.0,-0.14835298641951802,-0.013089969389957472,1.054833366674073,-1.1500000000000001,0.93,9.16,0.844,0.771422803401947,0.0,0.041802238672971725,1.0,1.0,7.3,0.617,True,True,False
28.43407416343689,forward_015,8.43407416343689,0.15,0.0,0.0,-0.21271200258680892,0.210530341021816,1.0417433972841155,-1.32,0.91,9.16,1.151,0.7950259447097778,0.0,0.056384261697530746,1.0,1.0,7.3,0.617,True,True,False
28.454447507858276,forward_015,8.454447507858276,0.15,0.0,0.0,-0.31634092692397225,0.09272061651219876,0.5672320068981571,-0.5,0.9500000000000001,9.4,1.534,0.7023528814315796,0.0,0.05210046097636223,1.0,1.0,7.4,0.194,True,True,False
28.47481870651245,forward_015,8.474818706512451,0.15,0.0,0.0,-0.3523383427463553,0.08290313946973066,0.20289452554434081,-0.61,0.89,7.53,1.458,0.8330166339874268,0.0,0.05417599901556969,1.0,1.0,7.4,0.194,True,True,False
28.495238304138184,forward_015,8.495238304138184,0.15,0.0,0.0,-0.5606870222031783,-0.13308135546456762,-0.2792526803190927,-0.62,0.8,8.09,0.767,0.9220287203788757,0.0,0.020986193791031837,1.0,1.0,7.4,0.194,True,True,False
28.515612363815308,forward_015,8.515612363815308,0.15,0.0,0.0,-0.7603090554000298,0.1341721862470641,-0.2945243112740431,-0.62,0.8,8.09,0.9210000000000002,0.9027975797653198,0.0,0.021068149333586916,1.0,1.0,7.4,0.194,True,True,False
28.536083936691284,forward_015,8.536083936691284,0.15,0.0,0.0,-0.32070425005395803,0.14726215563702155,0.6305001922829515,-0.62,0.8,8.09,1.304,0.8726453185081482,0.0,0.037690441124141216,1.0,1.0,7.4,0.194,True,True,False
28.556475162506104,forward_015,8.556475162506104,0.15,0.0,0.0,-0.09490227807719166,0.3785182815262702,0.9882926889417891,-0.62,0.8,8.09,1.151,0.7917380332946777,0.0,0.015536905266344547,1.0,1.0,7.4,0.194,True,True,False
28.57691764831543,forward_015,8.57691764831543,0.15,0.0,0.0,-0.03490658503988659,-0.03599741582238305,0.7548549014875475,2.58,-1.67,8.05,1.227,0.8360488414764404,0.0,0.028569910675287247,1.0,1.0,7.4,0.194,True,True,False
28.597285985946655,forward_015,8.597285985946655,0.15,0.0,0.0,0.0545415391248228,0.10144726277217041,0.5923211148955756,1.6400000000000001,0.15,6.82,0.9210000000000002,0.7421597242355347,0.0,0.013897877186536789,1.0,1.0,7.4,0.194,True,True,False
28.617658376693726,forward_015,8.617658376693726,0.15,0.0,0.0,0.07853981633974483,-0.11671889372712078,0.09708393964218458,-1.29,-0.59,9.64,0.537,0.7548296451568604,0.0,0.03712455555796623,1.0,1.0,7.4,0.194,True,True,False
28.638155221939087,forward_015,8.638155221939087,0.15,0.0,0.0,0.10253809355466686,0.10690141668465268,-0.3272492347489368,-2.64,-2.98,7.92,0.23,0.7472956776618958,0.0,0.04042251594364643,1.0,1.0,7.4,0.194,True,True,False
28.658597230911255,forward_015,8.658597230911255,0.15,0.0,0.0,0.12544553998709243,0.07526732399225546,-0.21707532571679475,-1.47,-2.18,7.75,0.767,0.6831179261207581,0.0,0.04699722304940224,1.0,1.0,7.4,0.342,True,True,False
28.680493354797363,forward_015,8.680493354797363,0.15,0.0,0.0,0.16035212502697901,0.05235987755982989,-0.08290313946973066,-0.61,-2.25,8.65,1.074,0.7307583093643188,0.0,0.022253036499023438,1.0,1.0,7.4,0.342,True,True,False
28.700937747955322,forward_015,8.700937747955322,0.15,0.0,0.0,0.2683443724941282,-0.11780972450961724,0.015271630954950384,-1.21,-1.71,9.23,1.381,0.7693031430244446,0.0,0.02584840916097164,1.0,1.0,7.4,0.342,True,True,False
28.72138285636902,forward_015,8.721382856369019,0.15,0.0,0.0,0.3948807432637171,-0.1832595714594046,-0.04145156973486533,-1.11,-1.26,8.2,1.458,0.7718809247016907,0.0,0.03343728743493557,1.0,1.0,7.4,0.342,True,True,False
28.74175500869751,forward_015,8.74175500869751,0.15,0.0,0.0,0.5552328682906961,-0.19634954084936207,-0.09926560120717749,-0.9,0.14,8.72,1.304,0.8276931643486023,0.0,0.034571707248687744,1.0,1.0,7.4,0.342,True,True,False
28.762516021728516,forward_015,8.762516021728516,0.15,0.0,0.0,0.6915867161027531,-0.1341721862470641,-0.5781403147231217,-0.9,0.14,8.72,0.9210000000000002,0.8772661089897156,0.0,0.027158066630363464,1.0,1.0,7.4,0.342,True,True,False
28.782888412475586,forward_015,8.782888412475586,0.15,0.0,0.0,0.595593607243065,-0.014180800172453928,-1.0373800741541297,-0.9,0.14,8.72,0.767,0.915033221244812,0.0,0.022037658840417862,1.0,1.0,7.4,0.342,True,True,False
28.803253889083862,forward_015,8.803253889083862,0.15,0.0,0.0,0.3076142806640006,0.08617563181722002,-1.2010046915285981,-0.9,0.14,8.72,0.9210000000000002,0.9449032545089722,0.0,0.018440332263708115,1.0,1.0,7.4,0.342,True,True,False
28.82362151145935,forward_015,8.82362151145935,0.15,0.0,0.0,0.17453292519943295,0.03381575425739013,-1.0319259202416473,-0.9,0.14,8.72,0.6899999999999998,0.9583907723426819,0.07142857142857142,0.008694810792803764,1.0,1.0,7.4,0.342,True,True,False
28.844070434570312,forward_015,8.844070434570312,0.15,0.0,0.0,0.04363323129985824,0.07744898555724837,-0.904298718689562,0.0,-0.39,8.72,0.9210000000000002,0.9566925168037415,0.07142857142857142,0.01602079696021974,1.0,1.0,7.4,0.342,True,True,False
28.864450454711914,forward_015,8.864450454711914,0.15,0.0,0.0,0.10144726277217041,-0.1439896632895322,-0.37088246604879505,0.0,-0.39,8.72,0.9970000000000001,0.9383193254470825,0.0,0.020421430002897978,1.0,1.0,7.4,0.206,True,True,False
28.884821891784668,forward_015,8.884821891784668,0.15,0.0,0.0,0.05345070834232634,-0.016362461737446838,0.46796640569097964,-0.86,-0.75,7.88,0.844,0.7877693772315979,0.0,0.04371779039502144,1.0,1.0,7.4,0.206,True,True,False
28.905288696289062,forward_015,8.905288696289062,0.15,0.0,0.0,-0.11235557059713497,-0.14289883250703572,0.7384924397501007,-0.35000000000000003,-0.22,8.33,0.384,0.8232497572898865,0.0,0.030181534588336945,1.0,1.0,7.4,0.206,True,True,False
28.925663471221924,forward_015,8.925663471221924,0.15,0.0,0.0,-0.21380283336930536,0.013089969389957472,0.8770279491271507,-0.6,-0.41000000000000003,7.91,0.384,0.9285711050033569,0.0,0.037722498178482056,1.0,1.0,7.4,0.206,True,True,False
28.9460346698761,forward_015,8.946034669876099,0.15,0.0,0.0,-0.19962203319685143,0.09817477042468103,0.856302164259718,-1.16,1.33,8.38,0.537,0.8835023045539856,0.0,0.04493018297944218,1.0,1.0,7.4,0.206,True,True,False
28.966418266296387,forward_015,8.966418266296387,0.15,0.0,0.0,-0.2301652951067522,0.061086523819801536,0.3534291735288517,-1.1,1.31,9.540000000000001,0.9210000000000002,0.6647648811340332,0.0,0.11464164312928915,1.0,1.0,7.4,0.206,True,True,False
28.986783027648926,forward_015,8.986783027648926,0.15,0.0,0.0,-0.23561944901923448,0.01090830782496456,-0.026179938779914945,-0.32,0.88,8.370000000000001,1.227,0.6764217019081116,0.0,0.09018626622855663,1.0,1.0,7.4,0.206,True,True,False
29.007147312164307,forward_015,9.007147312164307,0.15,0.0,0.0,-0.3370667117914049,-0.09926560120717749,-0.3196134192714616,-0.61,0.06,8.2,1.381,0.7553619742393494,0.0,0.021816138178110123,1.0,1.0,7.4,0.206,True,True,False
29.02751922607422,forward_015,9.027519226074219,0.15,0.0,0.0,-0.5410520681182421,-0.2181661564992912,-0.4559672670835186,-1.2,-0.19,9.44,0.9210000000000002,0.8838264346122742,0.0,0.05051584169268608,1.0,1.0,7.4,0.206,True,True,False
29.047887086868286,forward_015,9.047887086868286,0.15,0.0,0.0,-0.5552328682906961,0.08399397025222712,-0.2879793265790644,-0.46,0.53,8.870000000000001,0.614,0.8968648910522461,0.0,0.027044381946325302,1.0,1.0,7.4,0.206,True,True,False
29.068251132965088,forward_015,9.068251132965088,0.15,0.0,0.0,-0.385063266221249,-0.12544553998709243,0.36979163526629855,-1.3,-0.33,8.97,0.9210000000000002,0.950176477432251,0.07142857142857142,0.027939919382333755,1.0,1.0,7.3,0.764,True,True,False
29.08862018585205,forward_015,9.08862018585205,0.15,0.0,0.0,-0.4657847441259867,-0.1461713248545251,0.8312130562622995,-1.3,-0.33,8.97,0.767,0.9092344045639038,0.0,0.014781297417357564,1.0,1.0,7.3,0.764,True,True,False
29.108991384506226,forward_015,9.108991384506226,0.15,0.0,0.0,-0.10799224746714914,0.2945243112740431,0.9173886880795195,-1.3,-0.33,8.97,0.9970000000000001,0.8011674284934998,0.0,0.023890468291938305,1.0,1.0,7.3,0.764,True,True,False
29.12940287590027,forward_015,9.129402875900269,0.15,0.0,0.0,-0.10799224746714914,0.2945243112740431,0.9173886880795195,-1.3,-0.33,8.97,1.074,0.7178602814674377,0.0,0.01648186892271042,1.0,1.0,7.3,0.764,True,True,False
29.149778604507446,forward_015,9.149778604507446,0.15,0.0,0.0,-0.06763150851478027,-0.20180369476184434,0.38288160465625604,1.82,-1.35,7.95,0.9210000000000002,0.793578028678894,0.0,0.031246434897184372,1.0,1.0,7.3,0.764,True,True,False
29.170141458511353,forward_015,9.170141458511353,0.15,0.0,0.0,-0.02399827721492203,0.08944812416470939,0.22143864884678055,0.02,-1.24,8.14,0.6899999999999998,0.7450904846191406,0.0,0.029374517500400543,1.0,1.0,7.3,0.764,True,True,False
29.190534830093384,forward_015,9.190534830093384,0.15,0.0,0.0,-0.002181661564992912,0.08726646259971647,-0.1734420944169365,-1.34,-0.9500000000000001,9.18,0.307,0.7543531060218811,0.0,0.0547016728669405,1.0,1.0,7.3,0.764,True,True,False
29.21090269088745,forward_015,9.210902690887451,0.15,0.0,0.0,0.1505346479845109,0.1734420944169365,-0.3567016658763411,-2.5500000000000003,-2.27,8.52,0.46,0.6698223948478699,0.0,0.04206522926688194,1.0,1.0,7.3,0.764,True,True,False
29.231399059295654,forward_015,9.231399059295654,0.15,0.0,0.0,0.12762720155208535,0.12326387842209953,-0.31525009614147576,-2.38,-3.3200000000000003,8.74,0.767,0.7423121929168701,0.0,0.020023874938488007,1.0,1.0,7.3,0.764,True,True,False
29.251760721206665,forward_015,9.251760721206665,0.15,0.0,0.0,0.12871803233458182,0.1407171709420428,-0.11017390903214205,0.38,-2.27,7.890000000000001,1.227,0.7474614381790161,0.0,0.02460573799908161,0.0,1.0,7.3,0.764,True,True,False
29.272249221801758,forward_015,9.272249221801758,0.15,0.0,0.0,0.17235126363444003,0.02181661564992912,0.05235987755982989,-2.48,-1.82,8.3,1.534,0.829647958278656,0.0,0.04725642781704664,1.0,1.0,7.3,0.468,True,True,False
29.29262089729309,forward_015,9.29262089729309,0.15,0.0,0.0,0.433059820651093,-0.21380283336930536,0.1810779098944117,-1.62,-1.8,8.48,1.304,0.8468021154403687,0.0,0.045713262632489204,1.0,1.0,7.3,0.468,True,True,False
29.3129985332489,forward_015,9.312998533248901,0.15,0.0,0.0,0.6763150851478027,-0.09490227807719166,-0.12326387842209953,-1.01,-0.35000000000000003,8.84,0.6899999999999998,0.8544491529464722,0.0,0.02267039753496647,1.0,1.0,7.3,0.468,True,True,False
29.333377599716187,forward_015,9.333377599716187,0.15,0.0,0.0,0.6708609312353204,-0.08835729338221293,-0.6763150851478027,-1.01,-0.35000000000000003,8.84,0.9970000000000001,0.9151492714881897,0.0,0.0246611088514328,1.0,1.0,7.3,0.468,True,True,False
29.353758335113525,forward_015,9.353758335113525,0.15,0.0,0.0,0.43196898986859655,0.09817477042468103,-1.0711958284115197,-1.01,-0.35000000000000003,8.84,0.767,0.9314025640487671,0.0,0.01959562534466386,1.0,1.0,7.3,0.468,True,True,False
29.3741295337677,forward_015,9.3741295337677,0.15,0.0,0.0,0.17780541754692233,-0.037088246604879506,-1.239183768915974,-1.01,-0.35000000000000003,8.84,0.767,0.9592471718788147,0.07142857142857142,0.01748762372881174,1.0,1.0,7.3,0.468,True,True,False
29.395719528198242,forward_015,9.395719528198242,0.15,0.0,0.0,0.18216874067690814,-0.007635815477475192,-1.0701049976290233,-0.09,1.94,9.09,0.9970000000000001,0.9559816122055054,0.07142857142857142,0.016802977537736297,1.0,1.0,7.3,0.468,True,True,False
29.416099071502686,forward_015,9.416099071502686,0.15,0.0,0.0,0.04581489286485115,-0.011999138607461015,-0.8955720724295904,-0.14,-0.01,8.49,0.9210000000000002,0.9336662292480469,0.0,0.02346103172749281,1.0,1.0,7.3,0.468,True,True,False
29.436640977859497,forward_015,9.436640977859497,0.15,0.0,0.0,0.07744898555724837,-0.1559888018969932,-0.35124751196385884,-0.14,-0.01,8.49,0.6899999999999998,0.8508198857307434,0.0,0.01930159702897072,1.0,1.0,7.3,0.468,True,True,False
29.457006692886353,forward_015,9.457006692886353,0.15,0.0,0.0,0.136353847812057,-0.03381575425739013,0.31525009614147576,-0.04,-0.4,9.58,0.46,0.8210318088531494,0.0,0.036449335515499115,1.0,1.0,7.3,0.468,True,True,False
29.477479696273804,forward_015,9.477479696273804,0.15,0.0,0.0,-0.03599741582238305,-0.06981317007977318,0.7472190860100724,-0.68,-0.68,7.390000000000001,0.537,0.9111069440841675,0.0,0.040611814707517624,1.0,1.0,7.4,0.48000000000000004,True,True,False
29.497846126556396,forward_015,9.497846126556396,0.15,0.0,0.0,-0.17889624832941878,-0.05235987755982989,0.8486663487822428,-0.2,0.18,7.99,0.537,0.9130393266677856,0.0,0.04944904614239931,1.0,1.0,7.4,0.48000000000000004,True,True,False
29.51822280883789,forward_015,9.51822280883789,0.15,0.0,0.0,-0.17453292519943295,0.136353847812057,0.9915651812892785,-1.36,0.52,9.11,0.537,0.7246550917625427,0.0,0.040085408836603165,1.0,1.0,7.4,0.48000000000000004,True,True,False
29.538602352142334,forward_015,9.538602352142334,0.15,0.0,0.0,-0.2203478180642841,0.11780972450961724,0.7461282552275759,-1.57,1.29,9.68,1.074,0.7194488048553467,0.0,0.06167975999414921,1.0,1.0,7.4,0.48000000000000004,True,True,False
29.558984756469727,forward_015,9.558984756469727,0.15,0.0,0.0,-0.27052603405912107,0.09381144729469522,0.36106498900632694,-0.38,0.84,7.5600000000000005,1.458,0.7382287979125977,0.0,0.05098637938499451,1.0,1.0,7.4,0.48000000000000004,True,True,False
29.57936143875122,forward_015,9.57936143875122,0.15,0.0,0.0,-0.39051742013373125,-0.013089969389957472,-0.055632369907319255,-0.46,0.81,7.19,1.534,0.8315624594688416,0.0,0.046947646886110306,1.0,1.0,7.4,0.48000000000000004,True,True,False
29.599732637405396,forward_015,9.599732637405396,0.15,0.0,0.0,-0.5606870222031783,-0.14944381720201447,-0.35561083509384467,-0.61,0.98,9.58,1.151,0.9209801554679871,0.0,0.024103660136461258,1.0,1.0,7.4,0.48000000000000004,True,True,False
29.62011981010437,forward_015,9.62011981010437,0.15,0.0,0.0,-0.7417649320975901,-0.0272707695624114,-0.4406956361285682,-0.61,0.5,8.72,1.074,0.9281212687492371,0.0,0.01649745972827077,1.0,1.0,7.4,0.48000000000000004,True,True,False
29.64049243927002,forward_015,9.64049243927002,0.15,0.0,0.0,-0.7079491778402,0.06763150851478027,-0.04145156973486533,-1.62,0.23,8.620000000000001,0.767,0.873842179775238,0.0,0.030723775271326303,1.0,1.0,7.4,0.48000000000000004,True,True,False
29.660964727401733,forward_015,9.660964727401733,0.15,0.0,0.0,-0.43196898986859655,0.014180800172453928,0.48323803664593,-1.62,0.23,8.620000000000001,1.151,0.8223161101341248,0.0,0.022356468718498945,1.0,1.0,7.4,0.48000000000000004,True,True,False
29.681345224380493,forward_015,9.681345224380493,0.15,0.0,0.0,-0.06435901616729091,0.3861540970037454,0.9970193352017608,-1.62,0.23,8.620000000000001,1.151,0.7000601887702942,0.0,0.02219325304031372,1.0,1.0,7.4,0.3420000000000001,True,True,False
29.702698230743408,forward_015,9.702698230743408,0.15,0.0,0.0,-0.008726646259971648,-0.050178215994836975,0.6512259771503842,3.0500000000000003,-3.27,6.99,0.9210000000000002,0.7537389993667603,0.0,0.035386763513088226,1.0,1.0,7.4,0.3420000000000001,True,True,False
29.7230703830719,forward_015,9.7230703830719,0.15,0.0,0.0,0.04799655442984406,0.02945243112740431,0.3523383427463553,1.26,-0.9500000000000001,7.9,0.614,0.7117573618888855,0.0,0.018867673352360725,1.0,1.0,7.4,0.3420000000000001,True,True,False
29.743557929992676,forward_015,9.743557929992676,0.15,0.0,0.0,0.05126904677733343,-0.18435040224190105,-0.17235126363444003,1.26,-0.9500000000000001,7.9,0.23,0.7517263293266296,0.0,0.05444677174091339,1.0,1.0,7.4,0.3420000000000001,True,True,False
29.764083862304688,forward_015,9.764083862304688,0.15,0.0,0.0,0.11126473981463851,0.2181661564992912,-0.38288160465625604,-3.0300000000000002,-2.6,7.44,0.384,0.606702983379364,0.0,0.040627242997288704,1.0,1.0,7.4,0.3420000000000001,True,True,False
29.784650802612305,forward_015,9.784650802612305,0.15,0.0,0.0,0.10144726277217041,0.037088246604879506,-0.15817046346198613,-0.63,-1.47,9.14,0.844,0.7217585444450378,0.0,0.023795287124812603,1.0,1.0,7.4,0.3420000000000001,True,True,False
29.805043697357178,forward_015,9.805043697357178,0.15,0.0,0.0,0.12980886311707826,0.17889624832941878,-0.06872233929727672,-0.76,-2.81,8.870000000000001,1.227,0.6787052750587463,0.0,0.0501581858843565,0.0,1.0,7.4,0.3420000000000001,True,True,False
29.825421810150146,forward_015,9.825421810150146,0.15,0.0,0.0,0.2716168648416175,0.032724923474893676,0.08944812416470939,-1.44,-2.2800000000000002,7.74,1.6110000000000002,0.8315945863723755,0.0,0.04874896816909313,1.0,1.0,7.4,0.3420000000000001,True,True,False
29.845805406570435,forward_015,9.845805406570435,0.15,0.0,0.0,0.44505895925855404,-0.20398535632683726,0.13308135546456762,-0.39,-1.5,9.21,1.458,0.8175808787345886,0.0,0.04343005083501339,1.0,1.0,7.4,0.3420000000000001,True,True,False
29.866172313690186,forward_015,9.866172313690186,0.15,0.0,0.0,0.6468626540203984,-0.09490227807719166,-0.037088246604879506,-1.47,-0.16,8.63,1.227,0.8538095355033875,0.0,0.018755828961730003,1.0,1.0,7.4,0.3420000000000001,True,True,False
29.886648416519165,forward_015,9.886648416519165,0.15,0.0,0.0,0.7646723785300157,-0.21162117180431245,-0.507236313860852,-1.46,-0.13,9.67,0.9210000000000002,0.9265502095222473,0.0,0.028781399130821228,1.0,1.0,7.3,0.774,True,True,False
29.907023668289185,forward_015,9.907023668289185,0.15,0.0,0.0,0.5617778529856748,-0.001090830782496456,-1.00029182754925,-1.46,-0.13,9.67,0.767,0.9349529147148132,0.0,0.02247326774522662,1.0,1.0,7.3,0.774,True,True,False
29.927388906478882,forward_015,9.927388906478882,0.15,0.0,0.0,0.27598018797160334,-0.032724923474893676,-1.2380929381334775,-1.46,-0.13,9.67,0.767,0.9572065472602844,0.07142857142857142,0.015041679609566927,1.0,1.0,7.3,0.774,True,True,False
29.94776153564453,forward_015,9.947761535644531,0.15,0.0,0.0,0.19853120241435498,-0.05345070834232634,-1.1966413683986121,0.27,1.68,8.8,0.9210000000000002,0.9611002802848816,0.07142857142857142,0.019328731577843428,1.0,1.0,7.3,0.774,True,True,False
29.968125343322754,forward_015,9.968125343322754,0.15,0.0,0.0,0.04254240051736178,-0.06872233929727672,-1.0330167510241437,-0.27,-0.33,8.48,0.9210000000000002,0.9443100094795227,0.0,0.02560272067785263,1.0,1.0,7.3,0.774,True,True,False
29.98849892616272,forward_015,9.98849892616272,0.15,0.0,0.0,0.02399827721492203,-0.15489797111449674,-0.557414529855689,0.31,-0.11,9.35,0.767,0.890954852104187,0.0,0.02329127863049507,1.0,1.0,7.3,0.774,True,True,False
30.008951663970947,stand_post,0.008951663970947266,0.0,0.0,0.0,0.11126473981463851,-0.07526732399225546,0.14726215563702155,-0.55,-0.61,8.4,0.614,0.695935070514679,0.0,0.0653342679142952,1.0,1.0,7.3,0.774,True,True,False
30.029327154159546,stand_post,0.0293271541595459,0.0,0.0,0.0,0.011999138607461015,-0.0916297857297023,0.6523168079328807,-0.58,-0.75,7.83,0.614,0.7452004551887512,0.0,0.02771345031214878,1.0,1.0,7.3,0.774,True,True,False
30.049701929092407,stand_post,0.04970192909240723,0.0,0.0,0.0,-0.1636246173744684,-0.06326818538479445,0.830122225479803,-0.3,-0.71,7.4,0.614,0.8988309502601624,0.0,0.04193458519876003,1.0,1.0,7.3,0.774,True,True,False
30.070200204849243,stand_post,0.07020020484924316,0.0,0.0,0.0,-0.1505346479845109,0.008726646259971648,1.08646745936647,-1.21,1.02,9.56,1.151,0.8633811473846436,0.0,0.021629363298416138,1.0,1.0,7.3,0.774,True,True,False
30.09057331085205,stand_post,0.09057331085205078,0.0,0.0,0.0,-0.28907015736156083,0.10581058590215622,0.8803004414746399,-1.35,1.0,9.11,1.6110000000000002,0.8611817955970764,0.0,0.0214903075248003,1.0,1.0,7.4,0.25999999999999995,True,True,False
30.11095380783081,stand_post,0.11095380783081055,0.0,0.0,0.0,-0.4243331743911214,0.11235557059713497,0.4286964975211072,-1.19,0.52,7.61,1.6110000000000002,0.8122307658195496,0.0,0.030193200334906578,1.0,1.0,7.4,0.25999999999999995,True,True,False
30.131332397460938,stand_post,0.1313323974609375,0.0,0.0,0.0,-0.5628686837681712,0.06326818538479445,0.10253809355466686,-0.63,0.38,7.29,0.9210000000000002,0.8021080493927002,0.0,0.031118007376790047,1.0,1.0,7.4,0.25999999999999995,True,True,False
30.15180206298828,stand_post,0.15180206298828125,0.0,0.0,0.0,-0.6294093615004551,0.044724062082354694,-0.06544984694978735,-0.63,0.38,7.29,0.384,0.8108315467834473,0.0,0.024086113611701876,1.0,1.0,7.4,0.25999999999999995,True,True,False
30.172168016433716,stand_post,0.17216801643371582,0.0,0.0,0.0,-0.5017821599483697,-0.08508480103472356,-0.21271200258680892,-0.63,0.38,7.29,0.384,0.7860632538795471,0.0,0.019438982475548983,1.0,1.0,7.4,0.25999999999999995,True,True,False
30.1926326751709,stand_post,0.19263267517089844,0.0,0.0,0.0,-0.20180369476184434,-0.210530341021816,-0.08508480103472356,-0.63,0.38,7.29,0.614,0.7649508714675903,0.0,0.017115498427301645,1.0,1.0,7.4,0.25999999999999995,True,True,False
30.21309471130371,stand_post,0.21309471130371094,0.0,0.0,0.0,-0.10144726277217041,-0.28034351110158917,-0.09272061651219876,-1.09,-2.33,8.6,0.9210000000000002,0.766063392162323,0.0,0.010650423355400562,1.0,1.0,7.4,0.25999999999999995,True,True,False
30.23345112800598,stand_post,0.23345112800598145,0.0,0.0,0.0,-0.13962634015954636,-0.28579766501407144,0.03599741582238305,-1.09,-2.33,8.6,0.844,0.7419637441635132,0.0,0.0159532162360847,1.0,1.0,7.4,0.25999999999999995,True,True,False
30.253861665725708,stand_post,0.253861665725708,0.0,0.0,0.0,-0.11999138607461016,-0.10035643198967395,0.055632369907319255,-0.58,-0.66,8.07,0.767,0.7396840453147888,0.0,0.018270833417773247,1.0,1.0,7.4,0.25999999999999995,True,True,False
30.274388551712036,stand_post,0.27438855171203613,0.0,0.0,0.0,-0.015271630954950384,-0.15162547876700738,0.015271630954950384,0.7000000000000001,-0.5700000000000001,8.52,0.537,0.7287777066230774,0.0,0.03497355617582798,1.0,1.0,7.4,0.25999999999999995,True,True,False
30.294811248779297,stand_post,0.2948112487792969,0.0,0.0,0.0,0.01090830782496456,-0.1407171709420428,-0.028361600344907856,0.02,-1.05,8.89,0.23,0.7597183585166931,0.0,0.04507160931825638,1.0,1.0,7.3,0.519,True,True,False
30.315184116363525,stand_post,0.3151841163635254,0.0,0.0,0.0,0.039269908169872414,-0.1810779098944117,-0.003272492347489368,0.02,-1.05,8.89,0.307,0.7954946160316467,0.0,0.0293724462389946,1.0,1.0,7.3,0.519,True,True,False
30.335546731948853,stand_post,0.33554673194885254,0.0,0.0,0.0,0.039269908169872414,-0.1810779098944117,-0.003272492347489368,-0.18,-0.54,8.34,0.6899999999999998,0.8374415040016174,0.0,0.011704515665769577,1.0,1.0,7.3,0.519,True,True,False
30.355928897857666,stand_post,0.355928897857666,0.0,0.0,0.0,0.18435040224190105,-0.07963064712224129,-0.07090400086226964,0.27,-2.27,9.46,1.151,0.818001389503479,0.0,0.013580063357949257,1.0,1.0,7.3,0.519,True,True,False
30.376327514648438,stand_post,0.3763275146484375,0.0,0.0,0.0,0.28579766501407144,-0.015271630954950384,0.10253809355466686,0.53,-2.57,8.41,1.381,0.806499183177948,0.0,0.036264002323150635,1.0,1.0,7.3,0.519,True,True,False
30.3966863155365,stand_post,0.396686315536499,0.0,0.0,0.0,0.4461497900410505,-0.0818123086872342,0.21271200258680892,0.36,-1.97,8.81,1.304,0.7637531161308289,0.0,0.05156573373824358,1.0,1.0,7.3,0.519,True,True,False
30.41707491874695,stand_post,0.41707491874694824,0.0,0.0,0.0,0.4799655442984406,-0.06872233929727672,0.2825251726665821,0.36,-1.97,8.81,0.767,0.7669223546981812,0.0,0.024981672875583172,1.0,1.0,7.3,0.519,True,True,False
30.437445878982544,stand_post,0.43744587898254395,0.0,0.0,0.0,0.40033489717619936,0.032724923474893676,0.09708393964218458,0.36,-1.97,8.81,0.23,0.7500209808349609,0.0,0.015234428690746427,1.0,1.0,7.3,0.519,True,True,False
30.45785665512085,stand_post,0.4578566551208496,0.0,0.0,0.0,0.14180800172453928,0.11562806294462433,-0.2181661564992912,0.36,-1.97,8.81,0.614,0.7144340872764587,0.0,0.013706423342227936,1.0,1.0,7.3,0.519,True,True,False
30.478314876556396,stand_post,0.4783148765563965,0.0,0.0,0.0,0.04363323129985824,0.07417649320975901,-0.3839724354387525,0.37,2.95,9.48,0.9970000000000001,0.7706027030944824,0.0,0.017876408994197845,1.0,1.0,7.3,0.519,True,True,False
30.49867844581604,stand_post,0.49867844581604004,0.0,0.0,0.0,-0.03490658503988659,0.2301652951067522,-0.44505895925855404,-0.47000000000000003,1.4000000000000001,9.4,0.9970000000000001,0.7615962624549866,0.0,0.016000188887119293,1.0,1.0,7.4,0.246,True,True,False
30.51908850669861,stand_post,0.5190885066986084,0.0,0.0,0.0,-0.05890486225480862,0.14944381720201447,-0.35779249665883756,-0.99,1.85,7.43,0.9210000000000002,0.70658940076828,0.0,0.013584000989794731,1.0,1.0,7.4,0.246,True,True,False
30.539546012878418,stand_post,0.539546012878418,0.0,0.0,0.0,-0.07417649320975901,0.15926129424448257,-0.2617993877991494,0.05,-0.06,9.74,0.614,0.6001166105270386,0.0,0.027819273993372917,1.0,1.0,7.4,0.246,True,True,False
30.559962272644043,stand_post,0.559962272644043,0.0,0.0,0.0,-0.18653206380689397,0.4014257279586958,0.07526732399225546,-0.87,-0.23,7.61,0.384,0.6557243466377258,0.0,0.022334454581141472,1.0,1.0,7.4,0.246,True,True,False
30.580339431762695,stand_post,0.5803394317626953,0.0,0.0,0.0,-0.25743606466916363,0.2617993877991494,0.25634523388666713,-0.75,-0.4,8.38,0.23,0.7285733819007874,0.0,0.03739232942461967,1.0,1.0,7.4,0.246,True,True,False
30.600815773010254,stand_post,0.6008157730102539,0.0,0.0,0.0,-0.22580197197676638,0.19198621771937624,0.2879793265790644,-0.92,-0.86,8.790000000000001,0.307,0.7782272100448608,0.0,0.0309806689620018,1.0,1.0,7.4,0.246,True,True,False
30.621253967285156,stand_post,0.6212539672851562,0.0,0.0,0.0,-0.2814343418840856,0.05235987755982989,0.2825251726665821,-1.54,-0.89,8.94,0.844,0.8735970258712769,0.0,0.017616601660847664,1.0,1.0,7.4,0.246,True,True,False
30.641629934310913,stand_post,0.6416299343109131,0.0,0.0,0.0,-0.41560652813114973,-0.007635815477475192,0.21489366415180183,-1.06,-1.21,8.14,0.844,0.8580957055091858,0.0,0.027849147096276283,1.0,1.0,7.4,0.246,True,True,False
30.6620774269104,stand_post,0.6620774269104004,0.0,0.0,0.0,-0.5639595145506677,0.05781403147231216,0.09272061651219876,-1.3900000000000001,-1.19,7.33,0.767,0.8190410137176514,0.0,0.03972676768898964,1.0,1.0,7.4,0.246,True,True,False
30.682531595230103,stand_post,0.6825315952301025,0.0,0.0,0.0,-0.47669305195095124,-0.0719948316447661,0.1308996938995747,-1.3900000000000001,-1.06,9.52,0.537,0.809690535068512,0.0,0.019204571843147278,1.0,1.0,7.4,0.246,True,True,False
30.702971696853638,stand_post,0.7029716968536377,0.0,0.0,0.0,-0.26616271092913524,-0.23234695667174513,0.21271200258680892,-1.3900000000000001,-1.06,9.52,0.46,0.7939020991325378,0.0,0.018016726477071643,1.0,1.0,7.2,0.7390000000000001,True,True,False
30.72480583190918,stand_post,0.7248058319091797,0.0,0.0,0.0,-0.08617563181722002,-0.4276056667386107,-0.03490658503988659,-0.55,-1.6400000000000001,9.35,0.537,0.7875055074691772,0.0,0.012565654935315251,1.0,1.0,7.2,0.7390000000000001,True,True,False
30.7453293800354,stand_post,0.7453293800354004,0.0,0.0,0.0,0.06654067773228381,-0.5279620987282847,-0.019634954084936207,-0.55,-1.6400000000000001,9.35,0.537,0.79105544090271,0.0,0.011787079274654388,1.0,1.0,7.2,0.7390000000000001,True,True,False
30.76572322845459,stand_post,0.7657232284545898,0.0,0.0,0.0,0.13744467859455345,-0.3719732968312915,-0.14289883250703572,-0.55,-1.6400000000000001,9.35,0.537,0.7695033550262451,0.0,0.006921287626028061,1.0,1.0,7.2,0.7390000000000001,True,True,False
30.78623127937317,stand_post,0.786231279373169,0.0,0.0,0.0,0.1930770485018727,-0.0545415391248228,-0.5083271446433485,-0.8,-0.44,7.58,0.537,0.7071869969367981,0.0,0.01796521246433258,1.0,1.0,7.2,0.7390000000000001,True,True,False
30.806628465652466,stand_post,0.8066284656524658,0.0,0.0,0.0,0.20943951023931956,-0.1505346479845109,-0.40251655874119224,-0.8,-0.44,7.58,0.46,0.6788766980171204,0.0,0.02043667435646057,1.0,1.0,7.2,0.7390000000000001,True,True,False
30.827080726623535,stand_post,0.8270807266235352,0.0,0.0,0.0,0.11671889372712078,0.03381575425739013,-0.14180800172453928,0.18,-0.09,8.56,0.307,0.6930899024009705,0.0,0.03577272593975067,1.0,1.0,7.2,0.7390000000000001,True,True,False
30.847453594207764,stand_post,0.8474535942077637,0.0,0.0,0.0,0.07744898555724837,-0.13853550937704992,-0.017453292519943295,0.86,-0.6,9.1,0.307,0.7653359174728394,0.0,0.05677875503897667,1.0,1.0,7.2,0.7390000000000001,True,True,False
30.867834329605103,stand_post,0.8678343296051025,0.0,0.0,0.0,0.08508480103472356,-0.08835729338221293,0.2748893571891069,0.86,-0.6,9.1,0.537,0.8430289626121521,0.0,0.031004726886749268,1.0,1.0,7.2,0.7390000000000001,True,True,False
30.888245820999146,stand_post,0.8882458209991455,0.0,0.0,0.0,0.06654067773228381,-0.18435040224190105,0.3948807432637171,-0.15,-1.35,8.92,0.767,0.8371174335479736,0.0,0.017965345177799463,1.0,1.0,7.2,0.7390000000000001,True,True,False
30.908707857131958,stand_post,0.908707857131958,0.0,0.0,0.0,0.2181661564992912,-0.1439896632895322,0.4930555136883981,-0.05,-1.74,8.94,1.074,0.821061372756958,0.0,0.016265373677015305,1.0,1.0,7.4,0.21400000000000002,True,True,False
30.929091453552246,stand_post,0.9290914535522461,0.0,0.0,0.0,0.27598018797160334,-0.05672320068981571,0.45705809786601503,0.24,-1.37,8.35,1.381,0.7947224378585815,0.0,0.039109114557504654,1.0,1.0,7.4,0.21400000000000002,True,True,False
30.94946575164795,stand_post,0.9494657516479492,0.0,0.0,0.0,0.4505131131710363,-0.12217304763960307,0.23889194136672387,0.24,-1.37,8.35,1.227,0.7484467625617981,0.0,0.052649793215096,1.0,1.0,7.4,0.21400000000000002,True,True,False
30.969865798950195,stand_post,0.9698657989501953,0.0,0.0,0.0,0.4461497900410505,-0.02181661564992912,-0.03599741582238305,0.24,-1.37,8.35,0.6899999999999998,0.7369000315666199,0.0,0.02175487857311964,1.0,1.0,7.4,0.21400000000000002,True,True,False
30.990244388580322,stand_post,0.9902443885803223,0.0,0.0,0.0,0.38069994309126315,0.04036073895236887,-0.21489366415180183,0.24,-1.37,8.35,0.384,0.714984655380249,0.0,0.018845243379473686,1.0,1.0,7.4,0.21400000000000002,True,True,False
31.010770082473755,stand_post,1.0107700824737549,0.0,0.0,0.0,0.20289452554434081,0.16144295580947549,-0.4308781590861001,0.24,-1.37,8.35,0.6899999999999998,0.7327778339385986,0.0,0.012137293815612793,1.0,1.0,7.4,0.21400000000000002,True,True,False
31.03115963935852,stand_post,1.0311596393585205,0.0,0.0,0.0,0.10799224746714914,0.11344640137963143,-0.346884188833873,0.68,2.31,9.790000000000001,0.9970000000000001,0.7240024209022522,0.0,0.01624109596014023,1.0,1.0,7.4,0.21400000000000002,True,True,False
31.051530838012695,stand_post,1.0515308380126953,0.0,0.0,0.0,0.02945243112740431,0.1341721862470641,-0.24870941840919197,-0.16,0.87,8.33,0.9210000000000002,0.6953428387641907,0.0,0.012563742697238922,1.0,1.0,7.4,0.21400000000000002,True,True,False
31.071902751922607,stand_post,1.0719027519226074,0.0,0.0,0.0,-0.1341721862470641,0.17453292519943295,-0.24434609527920614,-0.36,2.39,7.88,0.844,0.6632964611053467,0.0,0.015789669007062912,1.0,1.0,7.4,0.21400000000000002,True,True,False
31.092307329177856,stand_post,1.0923073291778564,0.0,0.0,0.0,-0.19416787928436915,0.14835298641951802,-0.16580627893946132,-1.1,0.55,9.0,0.6899999999999998,0.5966848731040955,0.0,0.029213371220976114,1.0,1.0,7.4,0.21400000000000002,True,True,False
31.1126766204834,stand_post,1.1126766204833984,0.0,0.0,0.0,-0.18980455615438332,0.16144295580947549,0.11017390903214205,-0.91,0.08,9.01,0.307,0.4934791922569275,0.0,0.03456036280840635,1.0,1.0,7.4,0.31700000000000006,True,True,False
31.13304591178894,stand_post,1.1330459117889404,0.0,0.0,0.0,-0.2617993877991494,0.32179508083645453,0.19853120241435498,-0.22,-0.19,8.2,0.23,0.7142807245254517,0.0,0.030604560859501362,1.0,1.0,7.4,0.31700000000000006,True,True,False
31.153411865234375,stand_post,1.153411865234375,0.0,0.0,0.0,-0.26725354171163174,0.2181661564992912,0.22471114119426994,-0.72,-0.84,8.700000000000001,0.614,0.8051108717918396,0.0,0.02436908520758152,1.0,1.0,7.4,0.31700000000000006,True,True,False
31.173774242401123,stand_post,1.173774242401123,0.0,0.0,0.0,-0.32070425005395803,0.10471975511965978,0.2454369260617026,-0.9,-0.87,8.23,0.9210000000000002,0.8504785299301147,0.0,0.025390948867425323,1.0,1.0,7.4,0.31700000000000006,True,True,False
31.194248914718628,stand_post,1.194248914718628,0.0,0.0,0.0,-0.5094179754258449,0.07963064712224129,0.14180800172453928,-0.62,-0.5700000000000001,8.3,1.074,0.8539790511131287,0.0,0.029173579066991806,1.0,1.0,7.4,0.31700000000000006,True,True,False
31.21461820602417,stand_post,1.21461820602417,0.0,0.0,0.0,-0.5803219762881145,0.19962203319685143,0.002181661564992912,-1.34,-0.88,8.74,0.9210000000000002,0.8032358884811401,0.0,0.03883230034261942,1.0,1.0,7.4,0.31700000000000006,True,True,False
31.234980583190918,stand_post,1.234980583190918,0.0,0.0,0.0,-0.5323254218582705,0.06654067773228381,-0.026179938779914945,-1.34,-0.88,8.74,0.537,0.7960097193717957,0.0,0.018719160929322243,1.0,1.0,7.4,0.31700000000000006,True,True,False
31.255343437194824,stand_post,1.2553434371948242,0.0,0.0,0.0,-0.25634523388666713,-0.10799224746714914,0.03381575425739013,-1.34,-0.88,8.74,0.46,0.7844507694244385,0.0,0.01574024371802806,1.0,1.0,7.4,0.31700000000000006,True,True,False
31.27570939064026,stand_post,1.2757093906402588,0.0,0.0,0.0,-0.022907446432425576,-0.2683443724941282,0.10471975511965978,-0.64,-2.0100000000000002,9.4,0.537,0.7759856581687927,0.0,0.014342254027724266,1.0,1.0,7.4,0.31700000000000006,True,True,False
31.296074867248535,stand_post,1.2960748672485352,0.0,0.0,0.0,0.13962634015954636,-0.38724492778624187,0.1538071403320003,-0.64,-2.0100000000000002,9.4,0.537,0.7810840010643005,0.0,0.011875910218805075,1.0,1.0,7.4,0.31700000000000006,True,True,False
31.31644368171692,stand_post,1.316443681716919,0.0,0.0,0.0,0.23671027980173096,-0.358883327441334,-0.08726646259971647,-0.64,-2.0100000000000002,9.4,0.537,0.7680007219314575,0.0,0.00667480006814003,1.0,1.0,7.4,0.258,True,True,False
31.336832761764526,stand_post,1.3368327617645264,0.0,0.0,0.0,0.26616271092913524,0.011999138607461015,-0.26725354171163174,-0.88,-0.25,8.3,0.614,0.7013141512870789,0.0,0.01445670798420906,1.0,1.0,7.4,0.258,True,True,False
31.357383012771606,stand_post,1.3573830127716064,0.0,0.0,0.0,0.2530727415391778,-0.030543261909900768,-0.26070855701665296,0.05,0.13,9.55,0.537,0.6499069333076477,0.0,0.019527003169059753,1.0,1.0,7.4,0.258,True,True,False
31.380192279815674,stand_post,1.3801922798156738,0.0,0.0,0.0,0.19525871006686563,0.006544984694978736,-0.210530341021816,0.72,0.71,8.77,0.384,0.6919090151786804,0.0,0.035083070397377014,1.0,1.0,7.4,0.258,True,True,False
31.40056562423706,stand_post,1.4005656242370605,0.0,0.0,0.0,0.11562806294462433,0.05345070834232634,-0.24652775684419906,0.58,0.4,8.46,0.307,0.775429904460907,0.0,0.04963836818933487,1.0,1.0,7.4,0.258,True,True,False
31.42103409767151,stand_post,1.4210340976715088,0.0,0.0,0.0,0.15489797111449674,0.020725784867432664,-0.10035643198967395,-0.42,-0.8300000000000001,9.36,0.46,0.8502354621887207,0.0,0.029416382312774658,1.0,1.0,7.4,0.258,True,True,False
31.44140601158142,stand_post,1.441406011581421,0.0,0.0,0.0,0.10799224746714914,-0.061086523819801536,0.20507618710933373,-0.14,-1.71,9.19,0.9210000000000002,0.8513779044151306,0.0,0.022274827118963003,1.0,1.0,7.4,0.258,True,True,False
31.461804151535034,stand_post,1.4618041515350342,0.0,0.0,0.0,0.10253809355466686,-0.02181661564992912,0.41233403578366035,-0.43,-1.37,7.8,1.151,0.8266886472702026,0.0,0.02213398367166519,1.0,1.0,7.4,0.258,True,True,False
31.482272148132324,stand_post,1.4822721481323242,0.0,0.0,0.0,0.22143864884678055,-0.1439896632895322,0.5148721293383273,-0.02,-1.93,8.28,1.304,0.8001923561096191,0.0,0.039053499698638916,1.0,1.0,7.4,0.258,True,True,False
31.502638816833496,stand_post,1.502638816833496,0.0,0.0,0.0,0.2923426497090502,-0.2007128639793479,0.48323803664593,0.24,-2.31,8.92,1.074,0.760161280632019,0.0,0.05126196052879095,1.0,1.0,7.4,0.258,True,True,False
31.523001194000244,stand_post,1.5230011940002441,0.0,0.0,0.0,0.42978732830360367,-0.2083486794568231,0.42978732830360367,0.24,-2.31,8.92,0.614,0.7673017382621765,0.0,0.02235307637602091,1.0,1.0,7.2,0.714,True,True,False
31.543368816375732,stand_post,1.5433688163757324,0.0,0.0,0.0,0.34143003492139073,0.11017390903214205,-0.29888763440402893,0.24,-2.31,8.92,0.614,0.710349440574646,0.0,0.016464583575725555,1.0,1.0,7.2,0.714,True,True,False
31.56374716758728,stand_post,1.5637471675872803,0.0,0.0,0.0,0.0818123086872342,0.17235126363444003,-0.6959500392327389,0.24,-2.31,8.92,0.9210000000000002,0.7946900725364685,0.0,0.016028843820095062,1.0,1.0,7.2,0.714,True,True,False
31.584184885025024,stand_post,1.5841848850250244,0.0,0.0,0.0,0.06981317007977318,0.001090830782496456,-0.5279620987282847,0.24,-2.31,8.92,0.9210000000000002,0.7465362548828125,0.0,0.014513365924358368,1.0,1.0,7.2,0.714,True,True,False
31.604685068130493,stand_post,1.6046850681304932,0.0,0.0,0.0,0.04690572364734761,0.1908953869368798,-0.4603305902135044,0.18,1.74,8.19,0.9210000000000002,0.7217519879341125,0.0,0.0176790039986372,1.0,1.0,7.2,0.714,True,True,False
31.6251323223114,stand_post,1.6251323223114014,0.0,0.0,0.0,-0.03490658503988659,0.11344640137963143,-0.3937899124812206,0.0,0.92,9.03,0.844,0.7027917504310608,0.0,0.013096690410748124,1.0,1.0,7.2,0.714,True,True,False
31.64549970626831,stand_post,1.6454997062683105,0.0,0.0,0.0,-0.10799224746714914,0.16471544815696484,-0.07090400086226964,-0.3,0.58,9.1,0.6899999999999998,0.5872694253921509,0.0,0.019648676505312324,1.0,1.0,7.2,0.714,True,True,False
31.66594362258911,stand_post,1.6659436225891113,0.0,0.0,0.0,-0.2617993877991494,0.35779249665883756,0.15271630954950383,-1.25,0.0,8.08,0.307,0.6690893173217773,0.0,0.020061364397406578,1.0,1.0,7.2,0.714,True,True,False
31.686304330825806,stand_post,1.6863043308258057,0.0,0.0,0.0,-0.2901609881440573,0.2901609881440573,0.29343348049154666,-0.5700000000000001,-0.84,8.52,0.307,0.7016196250915527,0.0,0.04125190665945411,1.0,1.0,7.2,0.714,True,True,False
31.706681489944458,stand_post,1.706681489944458,0.0,0.0,0.0,-0.28579766501407144,0.2923426497090502,0.39051742013373125,-0.56,-0.35000000000000003,8.8,0.46,0.7650669813156128,0.0,0.03166079334914684,1.0,1.0,7.2,0.714,True,True,False
31.727054834365845,stand_post,1.7270548343658447,0.0,0.0,0.0,-0.35452000431134817,0.1308996938995747,0.2781618495365963,-0.6900000000000001,-1.12,8.68,0.844,0.8661566972732544,0.0,0.02174375974573195,1.0,1.0,7.4,0.29900000000000004,True,True,False
31.74765658378601,stand_post,1.7476565837860107,0.0,0.0,0.0,-0.35452000431134817,0.1308996938995747,0.2781618495365963,-0.6900000000000001,-1.12,8.68,1.074,0.8434222340583801,0.0,0.03071286529302597,1.0,1.0,7.4,0.29900000000000004,True,True,False
31.768016815185547,stand_post,1.7680168151855469,0.0,0.0,0.0,-0.4636030825609938,0.06544984694978735,0.20289452554434081,-1.23,-1.2,7.33,0.9210000000000002,0.8170214295387268,0.0,0.03041461668908596,1.0,1.0,7.4,0.29900000000000004,True,True,False
31.788397789001465,stand_post,1.7883977890014648,0.0,0.0,0.0,-0.5715953300281429,0.08072147790473774,0.05781403147231216,-1.62,-1.04,7.68,0.614,0.8109545707702637,0.0,0.022860294207930565,1.0,1.0,7.4,0.29900000000000004,True,True,False
31.80876398086548,stand_post,1.8087639808654785,0.0,0.0,0.0,-0.47778388273344774,0.019634954084936207,0.02181661564992912,-1.62,-1.04,7.68,0.537,0.8000938892364502,0.0,0.0210162109851808,1.0,1.0,7.4,0.29900000000000004,True,True,False
31.829228401184082,stand_post,1.829228401184082,0.0,0.0,0.0,-0.29561514205653955,-0.1930770485018727,0.025089107997418487,-1.62,-1.04,7.68,0.614,0.778154194355011,0.0,0.023776818998157978,1.0,1.0,7.4,0.29900000000000004,True,True,False
31.849592685699463,stand_post,1.849592685699463,0.0,0.0,0.0,-0.11126473981463851,-0.3097959422289935,0.016362461737446838,-0.61,-1.6600000000000001,9.0,0.537,0.7769824266433716,0.0,0.009497277438640594,1.0,1.0,7.4,0.29900000000000004,True,True,False
31.869972705841064,stand_post,1.8699727058410645,0.0,0.0,0.0,0.12871803233458182,-0.5083271446433485,0.055632369907319255,-0.61,-1.6600000000000001,9.0,0.614,0.7894488573074341,0.0,0.01163492351770401,1.0,1.0,7.4,0.29900000000000004,True,True,False
31.890429735183716,stand_post,1.8904297351837158,0.0,0.0,0.0,0.2585268954516601,-0.3643374813538163,0.02945243112740431,-0.61,-1.6600000000000001,9.0,0.537,0.7599084377288818,0.0,0.011631623841822147,1.0,1.0,7.4,0.29900000000000004,True,True,False
31.910807609558105,stand_post,1.9108076095581055,0.0,0.0,0.0,0.23234695667174513,-0.028361600344907856,-0.4406956361285682,-1.26,-0.52,7.28,0.46,0.6779549717903137,0.0,0.022025812417268753,1.0,1.0,7.4,0.29900000000000004,True,True,False
31.931318998336792,stand_post,1.931318998336792,0.0,0.0,0.0,0.2552544031041707,-0.16580627893946132,-0.4286964975211072,-0.6900000000000001,-0.64,9.41,0.46,0.6383837461471558,0.0,0.032709087361581624,1.0,1.0,7.4,0.244,True,True,False
31.951684713363647,stand_post,1.9516847133636475,0.0,0.0,0.0,0.20725784867432664,-0.08508480103472356,-0.1908953869368798,0.5700000000000001,0.66,9.39,0.307,0.753652036190033,0.0,0.054410827229730785,1.0,1.0,7.4,0.244,True,True,False
31.972070932388306,stand_post,1.9720709323883057,0.0,0.0,0.0,0.04908738521234052,-0.009817477042468103,-0.23234695667174513,0.06,-0.62,8.5,0.23,0.8566020131111145,0.0,0.036150988191366196,1.0,1.0,7.4,0.244,True,True,False
31.992542028427124,stand_post,1.992542028427124,0.0,0.0,0.0,0.05235987755982989,0.015271630954950384,-0.10690141668465268,0.06,-0.62,8.5,0.46,0.8951644897460938,0.0,0.014755562646314502,1.0,1.0,7.4,0.244,True,True,False
32.01291346549988,stand_post,2.012913465499878,0.0,0.0,0.0,0.05235987755982989,-0.08072147790473774,0.16144295580947549,0.76,-1.77,8.9,1.151,0.8540083765983582,0.0,0.021441729739308357,1.0,1.0,7.4,0.244,True,True,False
32.03327703475952,stand_post,2.0332770347595215,0.0,0.0,0.0,0.055632369907319255,-0.0719948316447661,0.3043417883165112,-0.1,-1.79,7.46,1.381,0.8183188438415527,0.0,0.0403604581952095,1.0,1.0,7.4,0.244,True,True,False
32.05365324020386,stand_post,2.0536532402038574,0.0,0.0,0.0,0.22689280275926285,-0.23343778745424157,0.4494222823885399,0.02,-2.83,9.07,1.151,0.7757133841514587,0.0,0.050408958457410336,1.0,1.0,7.4,0.244,True,True,False
32.074042320251465,stand_post,2.074042320251465,0.0,0.0,0.0,0.40251655874119224,-0.17235126363444003,0.6206827152404835,-0.56,-1.83,9.23,0.537,0.7656024098396301,0.0,0.024277963675558567,1.0,1.0,7.4,0.244,True,True,False
32.09442448616028,stand_post,2.0944244861602783,0.0,0.0,0.0,0.5781403147231217,-0.1439896632895322,0.5377795757707527,-0.56,-1.83,9.23,0.384,0.7745159268379211,0.0,0.01503559818957001,1.0,1.0,7.4,0.244,True,True,False
32.114792585372925,stand_post,2.114792585372925,0.0,0.0,0.0,0.4363323129985824,-0.04690572364734761,0.14180800172453928,-0.56,-1.83,9.23,0.767,0.7344225645065308,0.0,0.009823692962527275,1.0,1.0,7.4,0.244,True,True,False
32.135167360305786,stand_post,2.135167360305786,0.0,0.0,0.0,0.12980886311707826,0.1505346479845109,-0.3981532356112064,-0.56,-1.83,9.23,0.9210000000000002,0.7483344078063965,0.0,0.021307983435690403,1.0,1.0,7.4,0.239,True,True,False
32.15553402900696,stand_post,2.155534029006958,0.0,0.0,0.0,0.07526732399225546,0.07853981633974483,-0.4985096676008804,-0.56,-1.83,9.23,0.9210000000000002,0.7730352282524109,0.0,0.009963316842913628,1.0,1.0,7.4,0.239,True,True,False
32.17590355873108,stand_post,2.175903558731079,0.0,0.0,0.0,0.004363323129985824,0.22689280275926285,-0.631591023065448,-0.2,1.3800000000000001,8.1,0.9210000000000002,0.7675963044166565,0.0,0.020744597539305687,1.0,1.0,7.4,0.239,True,True,False
32.19627118110657,stand_post,2.1962711811065674,0.0,0.0,0.0,-0.09708393964218458,0.2476185876266955,-0.6152285613280012,-0.3,0.35000000000000003,7.17,0.6899999999999998,0.7485487461090088,0.0,0.01089799776673317,1.0,1.0,7.4,0.239,True,True,False
32.21665024757385,stand_post,2.2166502475738525,0.0,0.0,0.0,-0.13199052468207118,0.10581058590215622,-0.33815754257390135,-0.58,0.24,9.14,0.384,0.6135191917419434,0.0,0.04000589158385992,1.0,1.0,7.4,0.239,True,True,False
32.23711347579956,stand_post,2.2371134757995605,0.0,0.0,0.0,-0.21271200258680892,0.26616271092913524,-0.06435901616729091,-0.43,-0.31,8.700000000000001,0.307,0.6839107871055603,0.0,0.0467352382838726,1.0,1.0,7.4,0.239,True,True,False
32.25747561454773,stand_post,2.2574756145477295,0.0,0.0,0.0,-0.29888763440402893,0.4068798818711781,0.14508049407202864,-0.74,-0.92,8.26,0.384,0.8311757445335388,0.0,0.038432590663433075,1.0,1.0,7.4,0.239,True,True,False
32.277857065200806,stand_post,2.2778570652008057,0.0,0.0,0.0,-0.3174317577064687,0.2628902185816459,0.3937899124812206,-0.24,-1.25,9.15,0.767,0.8217701315879822,0.0,0.024465357419103384,1.0,1.0,7.4,0.239,True,True,False
32.29821705818176,stand_post,2.2982170581817627,0.0,0.0,0.0,-0.2912518189265537,0.04145156973486533,0.6043202535030366,-0.66,-1.02,9.450000000000001,0.9970000000000001,0.8725327849388123,0.0,0.029209325090050697,1.0,1.0,7.4,0.239,True,True,False
32.318623781204224,stand_post,2.3186237812042236,0.0,0.0,0.0,-0.44724062082354693,-0.04908738521234052,0.4286964975211072,-1.3900000000000001,-1.17,7.08,0.844,0.8276870250701904,0.0,0.03501420561224222,1.0,1.0,7.4,0.239,True,True,False
32.33899736404419,stand_post,2.3389973640441895,0.0,0.0,0.0,-0.5105088062083414,-0.11126473981463851,0.25743606466916363,-1.1,-0.9400000000000001,8.05,0.9210000000000002,0.8245936632156372,0.0,0.02847734186798334,1.0,1.0,7.2,0.8190000000000001,True,True,False
32.359365940093994,stand_post,2.359365940093994,0.0,0.0,0.0,-0.5159629601208237,0.13199052468207118,0.16580627893946132,-1.51,-1.27,9.51,0.537,0.8096767067909241,0.0,0.02737617213279008,1.0,1.0,7.2,0.8190000000000001,True,True,False
32.380173444747925,stand_post,2.380173444747925,0.0,0.0,0.0,-0.3665191429188092,-0.04799655442984406,0.20398535632683726,-1.51,-1.27,9.51,0.46,0.754000186920166,0.0,0.029648859810549766,1.0,1.0,7.2,0.8190000000000001,True,True,False
32.400639295578,stand_post,2.400639295578003,0.0,0.0,0.0,-0.04036073895236887,-0.27598018797160334,0.08072147790473774,-0.21,-1.41,9.47,0.767,0.7491069436073303,0.0,0.013479518878739327,1.0,1.0,7.2,0.8190000000000001,True,True,False
32.42101430892944,stand_post,2.4210143089294434,0.0,0.0,0.0,0.1439896632895322,-0.5039638215133626,-0.14180800172453928,-0.21,-1.41,9.47,0.6899999999999998,0.777111828327179,0.0,0.011454898864030838,1.0,1.0,7.2,0.8190000000000001,True,True,False
32.441811323165894,stand_post,2.4418113231658936,0.0,0.0,0.0,0.1636246173744684,-0.27598018797160334,-0.24216443371421323,-0.21,-1.41,9.47,0.537,0.729166567325592,0.0,0.013394483365118504,1.0,1.0,7.2,0.8190000000000001,True,True,False
32.46229386329651,stand_post,2.462293863296509,0.0,0.0,0.0,0.20725784867432664,-0.04581489286485115,-0.5934119456780721,-0.22,0.2,7.5,0.46,0.6464909911155701,0.0,0.02154134213924408,1.0,1.0,7.2,0.8190000000000001,True,True,False
32.482653856277466,stand_post,2.482653856277466,0.0,0.0,0.0,0.3839724354387525,-0.19525871006686563,-0.49414634447089456,-0.85,-0.66,8.48,0.384,0.6410459876060486,0.0,0.030189492972567677,1.0,1.0,7.2,0.8190000000000001,True,True,False
32.50304079055786,stand_post,2.5030407905578613,0.0,0.0,0.0,0.31306843457648287,-0.009817477042468103,-0.3196134192714616,0.3,-0.58,8.22,0.307,0.76975417137146,0.0,0.05052316258661449,1.0,1.0,7.2,0.8190000000000001,True,True,False
32.523417472839355,stand_post,2.5234174728393555,0.0,0.0,0.0,0.12326387842209953,0.06654067773228381,-0.17562375598192942,-0.55,0.33,9.01,0.384,0.8660818934440613,0.0,0.0375000461935997,1.0,1.0,7.2,0.8190000000000001,True,True,False
32.54379630088806,stand_post,2.5437963008880615,0.0,0.0,0.0,0.06872233929727672,-0.05781403147231216,0.12762720155208535,0.35000000000000003,-0.64,9.67,0.6899999999999998,0.8925595283508301,0.0,0.024149910546839237,1.0,1.0,7.3,0.37,True,True,False
32.56420660018921,stand_post,2.564206600189209,0.0,0.0,0.0,0.07526732399225546,-0.11562806294462433,0.39924406639370286,-0.08,-1.27,8.51,1.227,0.8364895582199097,0.0,0.024347897619009018,1.0,1.0,7.3,0.37,True,True,False
32.58457398414612,stand_post,2.584573984146118,0.0,0.0,0.0,0.08726646259971647,-0.19744037163185854,0.3937899124812206,0.3,-2.0300000000000002,8.26,1.381,0.7915014624595642,0.0,0.03463861718773842,1.0,1.0,7.3,0.37,True,True,False
32.60502219200134,stand_post,2.6050221920013428,0.0,0.0,0.0,0.24980024919168842,-0.23343778745424157,0.619591884457987,1.02,-2.37,8.8,1.151,0.7656147480010986,0.0,0.05522097460925579,1.0,1.0,7.3,0.37,True,True,False
32.625407218933105,stand_post,2.6254072189331055,0.0,0.0,0.0,0.3785182815262702,-0.15707963267948966,0.5497787143782138,0.03,-1.57,9.31,0.537,0.7594254016876221,0.0,0.027221135795116425,1.0,1.0,7.3,0.37,True,True,False
32.645790338516235,stand_post,2.6457903385162354,0.0,0.0,0.0,0.49741883681838395,-0.12544553998709243,0.23452861823673804,0.03,-1.57,9.31,0.46,0.7584338188171387,0.0,0.01806250656954944,1.0,1.0,7.3,0.37,True,True,False
32.6661593914032,stand_post,2.6661593914031982,0.0,0.0,0.0,0.3643374813538163,0.136353847812057,-0.27707101875409984,0.03,-1.57,9.31,0.6899999999999998,0.7087306976318359,0.0,0.016276612877845764,1.0,1.0,7.3,0.37,True,True,False
32.68652653694153,stand_post,2.6865265369415283,0.0,0.0,0.0,0.09053895494720585,0.17780541754692233,-0.6904958853202566,0.03,-1.57,9.31,0.9970000000000001,0.7807278633117676,0.0,0.016089633107185364,1.0,1.0,7.3,0.37,True,True,False
32.70689845085144,stand_post,2.7068984508514404,0.0,0.0,0.0,0.10144726277217041,-0.03381575425739013,-0.5443245604657315,0.03,-1.57,9.31,0.9970000000000001,0.7411919236183167,0.0,0.0091446153819561,1.0,1.0,7.3,0.37,True,True,False
32.7272675037384,stand_post,2.7272675037384033,0.0,0.0,0.0,0.039269908169872414,0.24216443371421323,-0.5377795757707527,0.31,2.87,8.33,0.9210000000000002,0.7071264386177063,0.0,0.02435937710106373,1.0,1.0,7.3,0.37,True,True,False
32.7476589679718,stand_post,2.7476589679718018,0.0,0.0,0.0,-0.08726646259971647,0.15707963267948966,-0.605411084285533,-0.76,0.01,7.49,0.6899999999999998,0.7124836444854736,0.0,0.024362968280911446,1.0,1.0,7.4,0.272,True,True,False
32.76858830451965,stand_post,2.7685883045196533,0.0,0.0,0.0,-0.16798794050445423,0.07417649320975901,-0.25416357232167425,0.45,0.92,9.66,0.537,0.5215829014778137,0.0,0.07395826652646065,1.0,1.0,7.4,0.272,True,True,False
32.789039850234985,stand_post,2.7890398502349854,0.0,0.0,0.0,-0.1734420944169365,0.3239767424014474,0.09272061651219876,-0.15,-0.3,8.22,0.23,0.7130127549171448,0.0,0.0396792785031721,1.0,1.0,7.4,0.272,True,True,False
32.8094162940979,stand_post,2.8094162940979004,0.0,0.0,0.0,-0.2792526803190927,0.42215151282612845,0.35124751196385884,-0.52,-0.8200000000000001,8.58,0.46,0.853976845741272,0.0,0.029807154089212418,1.0,1.0,7.4,0.272,True,True,False
32.829776763916016,stand_post,2.8297767639160156,0.0,0.0,0.0,-0.34143003492139073,0.2901609881440573,0.46469391334349025,-0.14,-0.6900000000000001,9.370000000000001,0.6899999999999998,0.7948079705238342,0.0,0.0311245308839716,1.0,1.0,7.4,0.272,True,True,False
32.8501398563385,stand_post,2.850139856338501,0.0,0.0,0.0,-0.34797501961636945,0.16253378659197193,0.5945027764605685,-0.93,-0.2,7.17,1.074,0.9013873934745789,0.0,0.022098597139120102,1.0,1.0,7.4,0.272,True,True,False
32.87051749229431,stand_post,2.8705174922943115,0.0,0.0,0.0,-0.5835944686356039,-0.009817477042468103,0.37742745074377376,-0.96,-1.1400000000000001,7.86,1.074,0.8415331840515137,0.0,0.038112277165055275,1.0,1.0,7.4,0.272,True,True,False
32.890902280807495,stand_post,2.890902280807495,0.0,0.0,0.0,-0.5705044992456465,0.0,0.2399827721492203,-1.67,-0.25,9.64,0.614,0.8202428817749023,0.0,0.029342440888285637,1.0,1.0,7.4,0.272,True,True,False
32.9112823009491,stand_post,2.9112823009490967,0.0,0.0,0.0,-0.5301437602932776,0.15489797111449674,0.08290313946973066,-1.67,-0.25,9.64,0.46,0.8005090951919556,0.0,0.026327416300773614,1.0,1.0,7.4,0.272,True,True,False
32.93176555633545,stand_post,2.931765556335449,0.0,0.0,0.0,-0.28361600344907856,-0.050178215994836975,0.07090400086226964,-1.67,-0.25,9.64,0.537,0.7535006403923035,0.0,0.029619863955304027,1.0,1.0,7.4,0.272,True,True,False
32.95213866233826,stand_post,2.952138662338257,0.0,0.0,0.0,-0.02399827721492203,-0.19853120241435498,0.07090400086226964,-1.67,-0.25,9.64,0.614,0.7481518983840942,0.0,0.013544314773753285,1.0,1.0,7.4,0.23200000000000004,True,True,False
32.972511529922485,stand_post,2.9725115299224854,0.0,0.0,0.0,0.12544553998709243,-0.4461497900410505,-0.04145156973486533,-1.67,-0.25,9.64,0.6899999999999998,0.7738728523254395,0.0,0.009193060919642448,1.0,1.0,7.4,0.23200000000000004,True,True,False
32.99308180809021,stand_post,2.99308180809021,0.0,0.0,0.0,0.20616701789183017,-0.015271630954950384,-0.3785182815262702,-1.41,-0.16,8.120000000000001,0.46,0.7164440751075745,0.0,0.017495683627203107,1.0,1.0,7.4,0.23200000000000004,True,True,False
